timestamp,P-PDG,P-TPT,T-TPT,P-MON-CKP,T-JUS-CKP,P-JUS-CKGL,T-JUS-CKGL,QGL,class
2013-12-11 23:00:15.000000,0.000000e+00,1.664617e+07,1.180759e+02,7.290878e+06,1.730961e+02,3.437540e+06,,0.000000e+00,0.000000e+00
2013-12-11 23:00:16.000000,0.000000e+00,1.664609e+07,1.180756e+02,7.290595e+06,1.730961e+02,3.437516e+06,,0.000000e+00,0.000000e+00
2013-12-11 23:00:17.000000,0.000000e+00,1.664601e+07,1.180752e+02,7.290311e+06,1.730961e+02,3.437493e+06,,0.000000e+00,0.000000e+00
2013-12-11 23:00:18.000000,0.000000e+00,1.664593e+07,1.180749e+02,7.290028e+06,1.730961e+02,3.437469e+06,,0.000000e+00,0.000000e+00
2013-12-11 23:00:19.000000,0.000000e+00,1.664584e+07,1.180746e+02,7.289745e+06,1.730961e+02,3.437445e+06,,0.000000e+00,0.000000e+00
2013-12-11 23:00:20.000000,0.000000e+00,1.664576e+07,1.180743e+02,7.289462e+06,1.730961e+02,3.437421e+06,,0.000000e+00,0.000000e+00
2013-12-11 23:00:21.000000,0.000000e+00,1.664568e+07,1.180739e+02,7.289178e+06,1.730961e+02,3.437397e+06,,0.000000e+00,0.000000e+00
2013-12-11 23:00:22.000000,0.000000e+00,1.664559e+07,1.180736e+02,7.288895e+06,1.730961e+02,3.437374e+06,,0.000000e+00,0.000000e+00
2013-12-11 23:00:23.000000,0.000000e+00,1.664551e+07,1.180733e+02,7.288612e+06,1.730961e+02,3.437350e+06,,0.000000e+00,0.000000e+00
2013-12-11 23:00:24.000000,0.000000e+00,1.664543e+07,1.180730e+02,7.288329e+06,1.730961e+02,3.437326e+06,,0.000000e+00,0.000000e+00
2013-12-11 23:00:25.000000,0.000000e+00,1.664534e+07,1.180726e+02,7.288046e+06,1.730961e+02,3.437302e+06,,0.000000e+00,0.000000e+00
2013-12-11 23:00:26.000000,0.000000e+00,1.664526e+07,1.180723e+02,7.287762e+06,1.730961e+02,3.437278e+06,,0.000000e+00,0.000000e+00
2013-12-11 23:00:27.000000,0.000000e+00,1.664518e+07,1.180720e+02,7.287479e+06,1.730961e+02,3.437255e+06,,0.000000e+00,0.000000e+00
2013-12-11 23:00:28.000000,0.000000e+00,1.664509e+07,1.180717e+02,7.287195e+06,1.730961e+02,3.437231e+06,,0.000000e+00,0.000000e+00
2013-12-11 23:00:29.000000,0.000000e+00,1.664501e+07,1.180713e+02,7.286912e+06,1.730961e+02,3.437207e+06,,0.000000e+00,0.000000e+00
2013-12-11 23:00:30.000000,0.000000e+00,1.664493e+07,1.180710e+02,7.286629e+06,1.730961e+02,3.437183e+06,,0.000000e+00,0.000000e+00
2013-12-11 23:00:31.000000,0.000000e+00,1.664484e+07,1.180707e+02,7.286345e+06,1.730961e+02,3.437159e+06,,0.000000e+00,0.000000e+00
2013-12-11 23:00:32.000000,0.000000e+00,1.664476e+07,1.180704e+02,7.286062e+06,1.730961e+02,3.437136e+06,,0.000000e+00,0.000000e+00
2013-12-11 23:00:33.000000,0.000000e+00,1.664468e+07,1.180700e+02,7.285779e+06,1.730961e+02,3.437112e+06,,0.000000e+00,0.000000e+00
2013-12-11 23:00:34.000000,0.000000e+00,1.664460e+07,1.180697e+02,7.285495e+06,1.730961e+02,3.437088e+06,,0.000000e+00,0.000000e+00
2013-12-11 23:00:35.000000,0.000000e+00,1.664451e+07,1.180694e+02,7.285212e+06,1.730961e+02,3.437064e+06,,0.000000e+00,0.000000e+00
2013-12-11 23:00:36.000000,0.000000e+00,1.664443e+07,1.180691e+02,7.284929e+06,1.730961e+02,3.437041e+06,,0.000000e+00,0.000000e+00
2013-12-11 23:00:37.000000,0.000000e+00,1.664435e+07,1.180687e+02,7.284645e+06,1.730961e+02,3.437017e+06,,0.000000e+00,0.000000e+00
2013-12-11 23:00:38.000000,0.000000e+00,1.664426e+07,1.180684e+02,7.284362e+06,1.730961e+02,3.436993e+06,,0.000000e+00,0.000000e+00
2013-12-11 23:00:39.000000,0.000000e+00,1.664418e+07,1.180681e+02,7.284079e+06,1.730961e+02,3.436969e+06,,0.000000e+00,0.000000e+00
2013-12-11 23:00:40.000000,0.000000e+00,1.664410e+07,1.180677e+02,7.283795e+06,1.730961e+02,3.436945e+06,,0.000000e+00,0.000000e+00
2013-12-11 23:00:41.000000,0.000000e+00,1.664401e+07,1.180674e+02,7.283512e+06,1.730961e+02,3.436922e+06,,0.000000e+00,0.000000e+00
2013-12-11 23:00:42.000000,0.000000e+00,1.664393e+07,1.180671e+02,7.283729e+06,1.730961e+02,3.436898e+06,,0.000000e+00,0.000000e+00
2013-12-11 23:00:43.000000,0.000000e+00,1.664385e+07,1.180668e+02,7.283946e+06,1.730961e+02,3.436874e+06,,0.000000e+00,0.000000e+00
2013-12-11 23:00:44.000000,0.000000e+00,1.664376e+07,1.180665e+02,7.284163e+06,1.730961e+02,3.436850e+06,,0.000000e+00,0.000000e+00
2013-12-11 23:00:45.000000,0.000000e+00,1.664368e+07,1.180661e+02,7.284380e+06,1.730961e+02,3.436826e+06,,0.000000e+00,0.000000e+00
2013-12-11 23:00:46.000000,0.000000e+00,1.664360e+07,1.180658e+02,7.284597e+06,1.730961e+02,3.436803e+06,,0.000000e+00,0.000000e+00
2013-12-11 23:00:47.000000,0.000000e+00,1.664352e+07,1.180655e+02,7.284814e+06,1.730961e+02,3.436779e+06,,0.000000e+00,0.000000e+00
2013-12-11 23:00:48.000000,0.000000e+00,1.664343e+07,1.180651e+02,7.285031e+06,1.730961e+02,3.436755e+06,,0.000000e+00,0.000000e+00
2013-12-11 23:00:49.000000,0.000000e+00,1.664335e+07,1.180648e+02,7.285248e+06,1.730961e+02,3.436731e+06,,0.000000e+00,0.000000e+00
2013-12-11 23:00:50.000000,0.000000e+00,1.664326e+07,1.180645e+02,7.285465e+06,1.730961e+02,3.436707e+06,,0.000000e+00,0.000000e+00
2013-12-11 23:00:51.000000,0.000000e+00,1.664318e+07,1.180642e+02,7.285682e+06,1.730961e+02,3.436684e+06,,0.000000e+00,0.000000e+00
2013-12-11 23:00:52.000000,0.000000e+00,1.664310e+07,1.180638e+02,7.285899e+06,1.730961e+02,3.436660e+06,,0.000000e+00,0.000000e+00
2013-12-11 23:00:53.000000,0.000000e+00,1.664302e+07,1.180635e+02,7.286116e+06,1.730961e+02,3.436636e+06,,0.000000e+00,0.000000e+00
2013-12-11 23:00:54.000000,0.000000e+00,1.664293e+07,1.180632e+02,7.286333e+06,1.730961e+02,3.436612e+06,,0.000000e+00,0.000000e+00
2013-12-11 23:00:55.000000,0.000000e+00,1.664285e+07,1.180629e+02,7.286550e+06,1.730961e+02,3.436588e+06,,0.000000e+00,0.000000e+00
2013-12-11 23:00:56.000000,0.000000e+00,1.664277e+07,1.180625e+02,7.286768e+06,1.730961e+02,3.436565e+06,,0.000000e+00,0.000000e+00
2013-12-11 23:00:57.000000,0.000000e+00,1.664268e+07,1.180622e+02,7.286984e+06,1.730961e+02,3.436541e+06,,0.000000e+00,0.000000e+00
2013-12-11 23:00:58.000000,0.000000e+00,1.664260e+07,1.180619e+02,7.287201e+06,1.730961e+02,3.436517e+06,,0.000000e+00,0.000000e+00
2013-12-11 23:00:59.000000,0.000000e+00,1.664252e+07,1.180616e+02,7.287418e+06,1.730961e+02,3.436493e+06,,0.000000e+00,0.000000e+00
2013-12-11 23:01:00.000000,0.000000e+00,1.664243e+07,1.180612e+02,7.287635e+06,1.730961e+02,3.436469e+06,,0.000000e+00,0.000000e+00
2013-12-11 23:01:01.000000,0.000000e+00,1.664235e+07,1.180609e+02,7.287852e+06,1.730961e+02,3.436446e+06,,0.000000e+00,0.000000e+00
2013-12-11 23:01:02.000000,0.000000e+00,1.664227e+07,1.180606e+02,7.288069e+06,1.730961e+02,3.436422e+06,,0.000000e+00,0.000000e+00
2013-12-11 23:01:03.000000,0.000000e+00,1.664218e+07,1.180603e+02,7.288287e+06,1.730961e+02,3.436398e+06,,0.000000e+00,0.000000e+00
2013-12-11 23:01:04.000000,0.000000e+00,1.664210e+07,1.180599e+02,7.288503e+06,1.730961e+02,3.436374e+06,,0.000000e+00,0.000000e+00
2013-12-11 23:01:05.000000,0.000000e+00,1.664202e+07,1.180596e+02,7.288720e+06,1.730961e+02,3.436351e+06,,0.000000e+00,0.000000e+00
2013-12-11 23:01:06.000000,0.000000e+00,1.664194e+07,1.180593e+02,7.288937e+06,1.730961e+02,3.436327e+06,,0.000000e+00,0.000000e+00
2013-12-11 23:01:07.000000,0.000000e+00,1.664185e+07,1.180590e+02,7.289154e+06,1.730961e+02,3.436303e+06,,0.000000e+00,0.000000e+00
2013-12-11 23:01:08.000000,0.000000e+00,1.664177e+07,1.180586e+02,7.289371e+06,1.730961e+02,3.436279e+06,,0.000000e+00,0.000000e+00
2013-12-11 23:01:09.000000,0.000000e+00,1.664169e+07,1.180583e+02,7.289588e+06,1.730961e+02,3.436255e+06,,0.000000e+00,0.000000e+00
2013-12-11 23:01:10.000000,0.000000e+00,1.664160e+07,1.180580e+02,7.289806e+06,1.730961e+02,3.436232e+06,,0.000000e+00,0.000000e+00
2013-12-11 23:01:11.000000,0.000000e+00,1.664152e+07,1.180577e+02,7.290022e+06,1.730961e+02,3.436208e+06,,0.000000e+00,0.000000e+00
2013-12-11 23:01:12.000000,0.000000e+00,1.664144e+07,1.180573e+02,7.290239e+06,1.730961e+02,3.436184e+06,,0.000000e+00,0.000000e+00
2013-12-11 23:01:13.000000,0.000000e+00,1.664135e+07,1.180570e+02,7.290456e+06,1.730961e+02,3.436160e+06,,0.000000e+00,0.000000e+00
2013-12-11 23:01:14.000000,0.000000e+00,1.664127e+07,1.180567e+02,7.290673e+06,1.730961e+02,3.436136e+06,,0.000000e+00,0.000000e+00
2013-12-11 23:01:15.000000,0.000000e+00,1.664119e+07,1.180564e+02,7.290891e+06,1.730961e+02,3.436113e+06,,0.000000e+00,0.000000e+00
2013-12-11 23:01:16.000000,0.000000e+00,1.664110e+07,1.180560e+02,7.291107e+06,1.730961e+02,3.436089e+06,,0.000000e+00,0.000000e+00
2013-12-11 23:01:17.000000,0.000000e+00,1.664102e+07,1.180557e+02,7.291325e+06,1.730961e+02,3.436065e+06,,0.000000e+00,0.000000e+00
2013-12-11 23:01:18.000000,0.000000e+00,1.664094e+07,1.180554e+02,7.291541e+06,1.730961e+02,3.436041e+06,,0.000000e+00,0.000000e+00
2013-12-11 23:01:19.000000,0.000000e+00,1.664086e+07,1.180551e+02,7.291758e+06,1.730961e+02,3.436017e+06,,0.000000e+00,0.000000e+00
2013-12-11 23:01:20.000000,0.000000e+00,1.664077e+07,1.180547e+02,7.291975e+06,1.730961e+02,3.435994e+06,,0.000000e+00,0.000000e+00
2013-12-11 23:01:21.000000,0.000000e+00,1.664069e+07,1.180544e+02,7.292192e+06,1.730961e+02,3.435970e+06,,0.000000e+00,0.000000e+00
2013-12-11 23:01:22.000000,0.000000e+00,1.664061e+07,1.180541e+02,7.292410e+06,1.730961e+02,3.435946e+06,,0.000000e+00,0.000000e+00
2013-12-11 23:01:23.000000,0.000000e+00,1.664052e+07,1.180538e+02,7.292626e+06,1.730961e+02,3.435922e+06,,0.000000e+00,0.000000e+00
2013-12-11 23:01:24.000000,0.000000e+00,1.664044e+07,1.180534e+02,7.292844e+06,1.730961e+02,3.435898e+06,,0.000000e+00,0.000000e+00
2013-12-11 23:01:25.000000,0.000000e+00,1.664036e+07,1.180531e+02,7.293060e+06,1.730961e+02,3.435875e+06,,0.000000e+00,0.000000e+00
2013-12-11 23:01:26.000000,0.000000e+00,1.664027e+07,1.180528e+02,7.293277e+06,1.730961e+02,3.435851e+06,,0.000000e+00,0.000000e+00
2013-12-11 23:01:27.000000,0.000000e+00,1.664019e+07,1.180525e+02,7.293494e+06,1.730961e+02,3.435827e+06,,0.000000e+00,0.000000e+00
2013-12-11 23:01:28.000000,0.000000e+00,1.664011e+07,1.180521e+02,7.293711e+06,1.730961e+02,3.435803e+06,,0.000000e+00,0.000000e+00
2013-12-11 23:01:29.000000,0.000000e+00,1.664002e+07,1.180518e+02,7.293929e+06,1.730961e+02,3.435780e+06,,0.000000e+00,0.000000e+00
2013-12-11 23:01:30.000000,0.000000e+00,1.663994e+07,1.180515e+02,7.294145e+06,1.730961e+02,3.435756e+06,,0.000000e+00,0.000000e+00
2013-12-11 23:01:31.000000,0.000000e+00,1.663986e+07,1.180511e+02,7.294363e+06,1.730961e+02,3.435732e+06,,0.000000e+00,0.000000e+00
2013-12-11 23:01:32.000000,0.000000e+00,1.663977e+07,1.180508e+02,7.294579e+06,1.730961e+02,3.435708e+06,,0.000000e+00,0.000000e+00
2013-12-11 23:01:33.000000,0.000000e+00,1.663969e+07,1.180505e+02,7.294797e+06,1.730961e+02,3.435684e+06,,0.000000e+00,0.000000e+00
2013-12-11 23:01:34.000000,0.000000e+00,1.663961e+07,1.180502e+02,7.295013e+06,1.730961e+02,3.435661e+06,,0.000000e+00,0.000000e+00
2013-12-11 23:01:35.000000,0.000000e+00,1.663952e+07,1.180499e+02,7.295230e+06,1.730961e+02,3.435637e+06,,0.000000e+00,0.000000e+00
2013-12-11 23:01:36.000000,0.000000e+00,1.663944e+07,1.180495e+02,7.295448e+06,1.730961e+02,3.435613e+06,,0.000000e+00,0.000000e+00
2013-12-11 23:01:37.000000,0.000000e+00,1.663936e+07,1.180492e+02,7.295664e+06,1.730961e+02,3.435589e+06,,0.000000e+00,0.000000e+00
2013-12-11 23:01:38.000000,0.000000e+00,1.663928e+07,1.180489e+02,7.295882e+06,1.730961e+02,3.435565e+06,,0.000000e+00,0.000000e+00
2013-12-11 23:01:39.000000,0.000000e+00,1.663919e+07,1.180485e+02,7.296098e+06,1.730961e+02,3.435542e+06,,0.000000e+00,0.000000e+00
2013-12-11 23:01:40.000000,0.000000e+00,1.663911e+07,1.180482e+02,7.296316e+06,1.730961e+02,3.435518e+06,,0.000000e+00,0.000000e+00
2013-12-11 23:01:41.000000,0.000000e+00,1.663903e+07,1.180479e+02,7.296532e+06,1.730961e+02,3.435494e+06,,0.000000e+00,0.000000e+00
2013-12-11 23:01:42.000000,0.000000e+00,1.663894e+07,1.180476e+02,7.296749e+06,1.730961e+02,3.435470e+06,,0.000000e+00,0.000000e+00
2013-12-11 23:01:43.000000,0.000000e+00,1.663886e+07,1.180472e+02,7.296967e+06,1.730961e+02,3.435446e+06,,0.000000e+00,0.000000e+00
2013-12-11 23:01:44.000000,0.000000e+00,1.663878e+07,1.180469e+02,7.297183e+06,1.730961e+02,3.435423e+06,,0.000000e+00,0.000000e+00
2013-12-11 23:01:45.000000,0.000000e+00,1.663869e+07,1.180466e+02,7.297401e+06,1.730961e+02,3.435399e+06,,0.000000e+00,0.000000e+00
2013-12-11 23:01:46.000000,0.000000e+00,1.663861e+07,1.180463e+02,7.297617e+06,1.730961e+02,3.435375e+06,,0.000000e+00,0.000000e+00
2013-12-11 23:01:47.000000,0.000000e+00,1.663853e+07,1.180459e+02,7.297835e+06,1.730961e+02,3.435351e+06,,0.000000e+00,0.000000e+00
2013-12-11 23:01:48.000000,0.000000e+00,1.663844e+07,1.180456e+02,7.298051e+06,1.730961e+02,3.435327e+06,,0.000000e+00,0.000000e+00
2013-12-11 23:01:49.000000,0.000000e+00,1.663836e+07,1.180453e+02,7.298268e+06,1.730961e+02,3.435303e+06,,0.000000e+00,0.000000e+00
2013-12-11 23:01:50.000000,0.000000e+00,1.663828e+07,1.180450e+02,7.298486e+06,1.730961e+02,3.435280e+06,,0.000000e+00,0.000000e+00
2013-12-11 23:01:51.000000,0.000000e+00,1.663819e+07,1.180446e+02,7.298702e+06,1.730961e+02,3.435256e+06,,0.000000e+00,0.000000e+00
2013-12-11 23:01:52.000000,0.000000e+00,1.663811e+07,1.180443e+02,7.298920e+06,1.730961e+02,3.435232e+06,,0.000000e+00,0.000000e+00
2013-12-11 23:01:53.000000,0.000000e+00,1.663803e+07,1.180440e+02,7.299136e+06,1.730961e+02,3.435209e+06,,0.000000e+00,0.000000e+00
2013-12-11 23:01:54.000000,0.000000e+00,1.663795e+07,1.180437e+02,7.299354e+06,1.730961e+02,3.435184e+06,,0.000000e+00,0.000000e+00
2013-12-11 23:01:55.000000,0.000000e+00,1.663823e+07,1.180435e+02,7.299570e+06,1.730961e+02,3.435161e+06,,0.000000e+00,0.000000e+00
2013-12-11 23:01:56.000000,0.000000e+00,1.663852e+07,1.180434e+02,7.299788e+06,1.730961e+02,3.435137e+06,,0.000000e+00,0.000000e+00
2013-12-11 23:01:57.000000,0.000000e+00,1.663880e+07,1.180432e+02,7.300005e+06,1.730961e+02,3.435113e+06,,0.000000e+00,0.000000e+00
2013-12-11 23:01:58.000000,0.000000e+00,1.663909e+07,1.180430e+02,7.300221e+06,1.730961e+02,3.435089e+06,,0.000000e+00,0.000000e+00
2013-12-11 23:01:59.000000,0.000000e+00,1.663937e+07,1.180429e+02,7.300439e+06,1.730961e+02,3.435065e+06,,0.000000e+00,0.000000e+00
2013-12-11 23:02:00.000000,0.000000e+00,1.663966e+07,1.180427e+02,7.300655e+06,1.730961e+02,3.435042e+06,,0.000000e+00,0.000000e+00
2013-12-11 23:02:01.000000,0.000000e+00,1.663994e+07,1.180426e+02,7.300873e+06,1.730961e+02,3.435018e+06,,0.000000e+00,0.000000e+00
2013-12-11 23:02:02.000000,0.000000e+00,1.664023e+07,1.180424e+02,7.301089e+06,1.730961e+02,3.434994e+06,,0.000000e+00,0.000000e+00
2013-12-11 23:02:03.000000,0.000000e+00,1.664051e+07,1.180423e+02,7.301307e+06,1.730961e+02,3.434970e+06,,0.000000e+00,0.000000e+00
2013-12-11 23:02:04.000000,0.000000e+00,1.664080e+07,1.180421e+02,7.301524e+06,1.730961e+02,3.434946e+06,,0.000000e+00,0.000000e+00
2013-12-11 23:02:05.000000,0.000000e+00,1.664108e+07,1.180419e+02,7.301740e+06,1.730961e+02,3.434923e+06,,0.000000e+00,0.000000e+00
2013-12-11 23:02:06.000000,0.000000e+00,1.664137e+07,1.180418e+02,7.301958e+06,1.730961e+02,3.434899e+06,,0.000000e+00,0.000000e+00
2013-12-11 23:02:07.000000,0.000000e+00,1.664165e+07,1.180416e+02,7.302174e+06,1.730961e+02,3.434875e+06,,0.000000e+00,0.000000e+00
2013-12-11 23:02:08.000000,0.000000e+00,1.664194e+07,1.180415e+02,7.302392e+06,1.730961e+02,3.434851e+06,,0.000000e+00,0.000000e+00
2013-12-11 23:02:09.000000,0.000000e+00,1.664222e+07,1.180413e+02,7.302608e+06,1.730961e+02,3.434827e+06,,0.000000e+00,0.000000e+00
2013-12-11 23:02:10.000000,0.000000e+00,1.664250e+07,1.180412e+02,7.302826e+06,1.730961e+02,3.434804e+06,,0.000000e+00,0.000000e+00
2013-12-11 23:02:11.000000,0.000000e+00,1.664279e+07,1.180410e+02,7.303043e+06,1.730961e+02,3.434780e+06,,0.000000e+00,0.000000e+00
2013-12-11 23:02:12.000000,0.000000e+00,1.664308e+07,1.180408e+02,7.303259e+06,1.730961e+02,3.434756e+06,,0.000000e+00,0.000000e+00
2013-12-11 23:02:13.000000,0.000000e+00,1.664336e+07,1.180407e+02,7.303477e+06,1.730961e+02,3.434732e+06,,0.000000e+00,0.000000e+00
2013-12-11 23:02:14.000000,0.000000e+00,1.664364e+07,1.180405e+02,7.303693e+06,1.730961e+02,3.434709e+06,,0.000000e+00,0.000000e+00
2013-12-11 23:02:15.000000,0.000000e+00,1.664393e+07,1.180404e+02,7.303911e+06,1.730961e+02,3.434685e+06,,0.000000e+00,0.000000e+00
2013-12-11 23:02:16.000000,0.000000e+00,1.664422e+07,1.180402e+02,7.304128e+06,1.730961e+02,3.434661e+06,,0.000000e+00,0.000000e+00
2013-12-11 23:02:17.000000,0.000000e+00,1.664450e+07,1.180401e+02,7.304345e+06,1.730961e+02,3.434637e+06,,0.000000e+00,0.000000e+00
2013-12-11 23:02:18.000000,0.000000e+00,1.664479e+07,1.180399e+02,7.304562e+06,1.730961e+02,3.434613e+06,,0.000000e+00,0.000000e+00
2013-12-11 23:02:19.000000,0.000000e+00,1.664507e+07,1.180398e+02,7.304778e+06,1.730961e+02,3.434590e+06,,0.000000e+00,0.000000e+00
2013-12-11 23:02:20.000000,0.000000e+00,1.664536e+07,1.180396e+02,7.304996e+06,1.730961e+02,3.434566e+06,,0.000000e+00,0.000000e+00
2013-12-11 23:02:21.000000,0.000000e+00,1.664564e+07,1.180394e+02,7.305212e+06,1.730961e+02,3.434542e+06,,0.000000e+00,0.000000e+00
2013-12-11 23:02:22.000000,0.000000e+00,1.664593e+07,1.180393e+02,7.305430e+06,1.730961e+02,3.434518e+06,,0.000000e+00,0.000000e+00
2013-12-11 23:02:23.000000,0.000000e+00,1.664621e+07,1.180391e+02,7.305647e+06,1.730961e+02,3.434494e+06,,0.000000e+00,0.000000e+00
2013-12-11 23:02:24.000000,0.000000e+00,1.664650e+07,1.180390e+02,7.305864e+06,1.730961e+02,3.434471e+06,,0.000000e+00,0.000000e+00
2013-12-11 23:02:25.000000,0.000000e+00,1.664678e+07,1.180388e+02,7.306081e+06,1.730961e+02,3.434447e+06,,0.000000e+00,0.000000e+00
2013-12-11 23:02:26.000000,0.000000e+00,1.664707e+07,1.180387e+02,7.306297e+06,1.730961e+02,3.434423e+06,,0.000000e+00,0.000000e+00
2013-12-11 23:02:27.000000,0.000000e+00,1.664735e+07,1.180385e+02,7.306515e+06,1.730961e+02,3.434399e+06,,0.000000e+00,0.000000e+00
2013-12-11 23:02:28.000000,0.000000e+00,1.664763e+07,1.180384e+02,7.306731e+06,1.730961e+02,3.434375e+06,,0.000000e+00,0.000000e+00
2013-12-11 23:02:29.000000,0.000000e+00,1.664792e+07,1.180382e+02,7.306949e+06,1.730961e+02,3.434352e+06,,0.000000e+00,0.000000e+00
2013-12-11 23:02:30.000000,0.000000e+00,1.664821e+07,1.180380e+02,7.307166e+06,1.730961e+02,3.434328e+06,,0.000000e+00,0.000000e+00
2013-12-11 23:02:31.000000,0.000000e+00,1.664849e+07,1.180379e+02,7.307383e+06,1.730961e+02,3.434304e+06,,0.000000e+00,0.000000e+00
2013-12-11 23:02:32.000000,0.000000e+00,1.664877e+07,1.180377e+02,7.307600e+06,1.730961e+02,3.434280e+06,,0.000000e+00,0.000000e+00
2013-12-11 23:02:33.000000,0.000000e+00,1.664906e+07,1.180376e+02,7.307817e+06,1.730961e+02,3.434256e+06,,0.000000e+00,0.000000e+00
2013-12-11 23:02:34.000000,0.000000e+00,1.664935e+07,1.180374e+02,7.308034e+06,1.730961e+02,3.434233e+06,,0.000000e+00,0.000000e+00
2013-12-11 23:02:35.000000,0.000000e+00,1.664963e+07,1.180373e+02,7.308250e+06,1.730961e+02,3.434209e+06,,0.000000e+00,0.000000e+00
2013-12-11 23:02:36.000000,0.000000e+00,1.664991e+07,1.180371e+02,7.308468e+06,1.730961e+02,3.434185e+06,,0.000000e+00,0.000000e+00
2013-12-11 23:02:37.000000,0.000000e+00,1.665020e+07,1.180369e+02,7.308685e+06,1.730961e+02,3.434161e+06,,0.000000e+00,0.000000e+00
2013-12-11 23:02:38.000000,0.000000e+00,1.665049e+07,1.180368e+02,7.308902e+06,1.730961e+02,3.434138e+06,,0.000000e+00,0.000000e+00
2013-12-11 23:02:39.000000,0.000000e+00,1.665077e+07,1.180366e+02,7.309119e+06,1.730961e+02,3.434114e+06,,0.000000e+00,0.000000e+00
2013-12-11 23:02:40.000000,0.000000e+00,1.665105e+07,1.180365e+02,7.309336e+06,1.730961e+02,3.434090e+06,,0.000000e+00,0.000000e+00
2013-12-11 23:02:41.000000,0.000000e+00,1.665134e+07,1.180363e+02,7.309553e+06,1.730961e+02,3.434066e+06,,0.000000e+00,0.000000e+00
2013-12-11 23:02:42.000000,0.000000e+00,1.665163e+07,1.180362e+02,7.309639e+06,1.730961e+02,3.434042e+06,,0.000000e+00,0.000000e+00
2013-12-11 23:02:43.000000,0.000000e+00,1.665191e+07,1.180360e+02,7.309725e+06,1.730961e+02,3.434019e+06,,0.000000e+00,0.000000e+00
2013-12-11 23:02:44.000000,0.000000e+00,1.665220e+07,1.180359e+02,7.309811e+06,1.730961e+02,3.433995e+06,,0.000000e+00,0.000000e+00
2013-12-11 23:02:45.000000,0.000000e+00,1.665248e+07,1.180357e+02,7.309897e+06,1.730961e+02,3.433971e+06,,0.000000e+00,0.000000e+00
2013-12-11 23:02:46.000000,0.000000e+00,1.665276e+07,1.180355e+02,7.309983e+06,1.730961e+02,3.433947e+06,,0.000000e+00,0.000000e+00
2013-12-11 23:02:47.000000,0.000000e+00,1.665305e+07,1.180354e+02,7.310069e+06,1.730961e+02,3.433923e+06,,0.000000e+00,0.000000e+00
2013-12-11 23:02:48.000000,0.000000e+00,1.665334e+07,1.180352e+02,7.310155e+06,1.730961e+02,3.433900e+06,,0.000000e+00,0.000000e+00
2013-12-11 23:02:49.000000,0.000000e+00,1.665362e+07,1.180351e+02,7.310242e+06,1.730961e+02,3.433876e+06,,0.000000e+00,0.000000e+00
2013-12-11 23:02:50.000000,0.000000e+00,1.665390e+07,1.180349e+02,7.310328e+06,1.730961e+02,3.433852e+06,,0.000000e+00,0.000000e+00
2013-12-11 23:02:51.000000,0.000000e+00,1.665419e+07,1.180348e+02,7.310414e+06,1.730961e+02,3.433828e+06,,0.000000e+00,0.000000e+00
2013-12-11 23:02:52.000000,0.000000e+00,1.665448e+07,1.180346e+02,7.310500e+06,1.730961e+02,3.433804e+06,,0.000000e+00,0.000000e+00
2013-12-11 23:02:53.000000,0.000000e+00,1.665476e+07,1.180344e+02,7.310586e+06,1.730961e+02,3.433781e+06,,0.000000e+00,0.000000e+00
2013-12-11 23:02:54.000000,0.000000e+00,1.665504e+07,1.180343e+02,7.310672e+06,1.730961e+02,3.433757e+06,,0.000000e+00,0.000000e+00
2013-12-11 23:02:55.000000,0.000000e+00,1.665533e+07,1.180341e+02,7.310758e+06,1.730961e+02,3.433733e+06,,0.000000e+00,0.000000e+00
2013-12-11 23:02:56.000000,0.000000e+00,1.665562e+07,1.180340e+02,7.310844e+06,1.730961e+02,3.433709e+06,,0.000000e+00,0.000000e+00
2013-12-11 23:02:57.000000,0.000000e+00,1.665590e+07,1.180338e+02,7.310931e+06,1.730961e+02,3.433685e+06,,0.000000e+00,0.000000e+00
2013-12-11 23:02:58.000000,0.000000e+00,1.665618e+07,1.180337e+02,7.311017e+06,1.730961e+02,3.433662e+06,,0.000000e+00,0.000000e+00
2013-12-11 23:02:59.000000,0.000000e+00,1.665647e+07,1.180335e+02,7.311103e+06,1.730961e+02,3.433638e+06,,0.000000e+00,0.000000e+00
2013-12-11 23:03:00.000000,0.000000e+00,1.665676e+07,1.180334e+02,7.311189e+06,1.730961e+02,3.433614e+06,,0.000000e+00,0.000000e+00
2013-12-11 23:03:01.000000,0.000000e+00,1.665704e+07,1.180332e+02,7.311275e+06,1.730961e+02,3.433590e+06,,0.000000e+00,0.000000e+00
2013-12-11 23:03:02.000000,0.000000e+00,1.665732e+07,1.180330e+02,7.311361e+06,1.730961e+02,3.433567e+06,,0.000000e+00,0.000000e+00
2013-12-11 23:03:03.000000,0.000000e+00,1.665761e+07,1.180329e+02,7.311447e+06,1.730961e+02,3.433543e+06,,0.000000e+00,0.000000e+00
2013-12-11 23:03:04.000000,0.000000e+00,1.665789e+07,1.180327e+02,7.311533e+06,1.730961e+02,3.433519e+06,,0.000000e+00,0.000000e+00
2013-12-11 23:03:05.000000,0.000000e+00,1.665756e+07,1.180326e+02,7.311620e+06,1.730961e+02,3.433495e+06,,0.000000e+00,0.000000e+00
2013-12-11 23:03:06.000000,0.000000e+00,1.665723e+07,1.180324e+02,7.311706e+06,1.730961e+02,3.433471e+06,,0.000000e+00,0.000000e+00
2013-12-11 23:03:07.000000,0.000000e+00,1.665690e+07,1.180323e+02,7.311792e+06,1.730961e+02,3.433448e+06,,0.000000e+00,0.000000e+00
2013-12-11 23:03:08.000000,0.000000e+00,1.665656e+07,1.180321e+02,7.311878e+06,1.730961e+02,3.433424e+06,,0.000000e+00,0.000000e+00
2013-12-11 23:03:09.000000,0.000000e+00,1.665623e+07,1.180319e+02,7.311964e+06,1.730961e+02,3.433400e+06,,0.000000e+00,0.000000e+00
2013-12-11 23:03:10.000000,0.000000e+00,1.665590e+07,1.180318e+02,7.312050e+06,1.730961e+02,3.433376e+06,,0.000000e+00,0.000000e+00
2013-12-11 23:03:11.000000,0.000000e+00,1.665557e+07,1.180316e+02,7.312136e+06,1.730961e+02,3.433352e+06,,0.000000e+00,0.000000e+00
2013-12-11 23:03:12.000000,0.000000e+00,1.665524e+07,1.180315e+02,7.312222e+06,1.730961e+02,3.433329e+06,,0.000000e+00,0.000000e+00
2013-12-11 23:03:13.000000,0.000000e+00,1.665490e+07,1.180313e+02,7.312309e+06,1.730961e+02,3.433305e+06,,0.000000e+00,0.000000e+00
2013-12-11 23:03:14.000000,0.000000e+00,1.665457e+07,1.180312e+02,7.312395e+06,1.730961e+02,3.433281e+06,,0.000000e+00,0.000000e+00
2013-12-11 23:03:15.000000,0.000000e+00,1.665424e+07,1.180310e+02,7.312481e+06,1.730961e+02,3.433257e+06,,0.000000e+00,0.000000e+00
2013-12-11 23:03:16.000000,0.000000e+00,1.665390e+07,1.180309e+02,7.312567e+06,1.730961e+02,3.433233e+06,,0.000000e+00,0.000000e+00
2013-12-11 23:03:17.000000,0.000000e+00,1.665357e+07,1.180307e+02,7.312653e+06,1.730961e+02,3.433210e+06,,0.000000e+00,0.000000e+00
2013-12-11 23:03:18.000000,0.000000e+00,1.665324e+07,1.180305e+02,7.312739e+06,1.730961e+02,3.433186e+06,,0.000000e+00,0.000000e+00
2013-12-11 23:03:19.000000,0.000000e+00,1.665291e+07,1.180304e+02,7.312825e+06,1.730961e+02,3.433162e+06,,0.000000e+00,0.000000e+00
2013-12-11 23:03:20.000000,0.000000e+00,1.665258e+07,1.180302e+02,7.312911e+06,1.730961e+02,3.433138e+06,,0.000000e+00,0.000000e+00
2013-12-11 23:03:21.000000,0.000000e+00,1.665224e+07,1.180301e+02,7.312997e+06,1.730961e+02,3.433114e+06,,0.000000e+00,0.000000e+00
2013-12-11 23:03:22.000000,0.000000e+00,1.665191e+07,1.180299e+02,7.313084e+06,1.730961e+02,3.433091e+06,,0.000000e+00,0.000000e+00
2013-12-11 23:03:23.000000,0.000000e+00,1.665158e+07,1.180298e+02,7.313170e+06,1.730961e+02,3.433067e+06,,0.000000e+00,0.000000e+00
2013-12-11 23:03:24.000000,0.000000e+00,1.665125e+07,1.180296e+02,7.313255e+06,1.730961e+02,3.433043e+06,,0.000000e+00,0.000000e+00
2013-12-11 23:03:25.000000,0.000000e+00,1.665091e+07,1.180294e+02,7.313342e+06,1.730961e+02,3.433019e+06,,0.000000e+00,0.000000e+00
2013-12-11 23:03:26.000000,0.000000e+00,1.665058e+07,1.180293e+02,7.313428e+06,1.730961e+02,3.432996e+06,,0.000000e+00,0.000000e+00
2013-12-11 23:03:27.000000,0.000000e+00,1.665025e+07,1.180291e+02,7.313514e+06,1.730961e+02,3.432972e+06,,0.000000e+00,0.000000e+00
2013-12-11 23:03:28.000000,0.000000e+00,1.664991e+07,1.180290e+02,7.313600e+06,1.730961e+02,3.432948e+06,,0.000000e+00,0.000000e+00
2013-12-11 23:03:29.000000,0.000000e+00,1.664958e+07,1.180288e+02,7.313686e+06,1.730961e+02,3.432924e+06,,0.000000e+00,0.000000e+00
2013-12-11 23:03:30.000000,0.000000e+00,1.664925e+07,1.180287e+02,7.313773e+06,1.730961e+02,3.432900e+06,,0.000000e+00,0.000000e+00
2013-12-11 23:03:31.000000,0.000000e+00,1.664892e+07,1.180285e+02,7.313859e+06,1.730961e+02,3.432877e+06,,0.000000e+00,0.000000e+00
2013-12-11 23:03:32.000000,0.000000e+00,1.664859e+07,1.180284e+02,7.313944e+06,1.730961e+02,3.432853e+06,,0.000000e+00,0.000000e+00
2013-12-11 23:03:33.000000,0.000000e+00,1.664825e+07,1.180282e+02,7.314030e+06,1.730961e+02,3.432829e+06,,0.000000e+00,0.000000e+00
2013-12-11 23:03:34.000000,0.000000e+00,1.664792e+07,1.180280e+02,7.314117e+06,1.730961e+02,3.432805e+06,,0.000000e+00,0.000000e+00
2013-12-11 23:03:35.000000,0.000000e+00,1.664759e+07,1.180279e+02,7.314203e+06,1.730961e+02,3.432781e+06,,0.000000e+00,0.000000e+00
2013-12-11 23:03:36.000000,0.000000e+00,1.664725e+07,1.180277e+02,7.314289e+06,1.730961e+02,3.432758e+06,,0.000000e+00,0.000000e+00
2013-12-11 23:03:37.000000,0.000000e+00,1.664692e+07,1.180276e+02,7.314375e+06,1.730961e+02,3.432734e+06,,0.000000e+00,0.000000e+00
2013-12-11 23:03:38.000000,0.000000e+00,1.664659e+07,1.180274e+02,7.314462e+06,1.730961e+02,3.432710e+06,,0.000000e+00,0.000000e+00
2013-12-11 23:03:39.000000,0.000000e+00,1.664626e+07,1.180273e+02,7.314548e+06,1.730961e+02,3.432686e+06,,0.000000e+00,0.000000e+00
2013-12-11 23:03:40.000000,0.000000e+00,1.664593e+07,1.180271e+02,7.314633e+06,1.730961e+02,3.432662e+06,,0.000000e+00,0.000000e+00
2013-12-11 23:03:41.000000,0.000000e+00,1.664559e+07,1.180269e+02,7.314719e+06,1.730961e+02,3.432639e+06,,0.000000e+00,0.000000e+00
2013-12-11 23:03:42.000000,0.000000e+00,1.664526e+07,1.180268e+02,7.314806e+06,1.730961e+02,3.432615e+06,,0.000000e+00,0.000000e+00
2013-12-11 23:03:43.000000,0.000000e+00,1.664493e+07,1.180266e+02,7.314892e+06,1.730961e+02,3.432591e+06,,0.000000e+00,0.000000e+00
2013-12-11 23:03:44.000000,0.000000e+00,1.664460e+07,1.180265e+02,7.314978e+06,1.730961e+02,3.432567e+06,,0.000000e+00,0.000000e+00
2013-12-11 23:03:45.000000,0.000000e+00,1.664426e+07,1.180263e+02,7.315064e+06,1.730961e+02,3.432543e+06,,0.000000e+00,0.000000e+00
2013-12-11 23:03:46.000000,0.000000e+00,1.664393e+07,1.180262e+02,7.315150e+06,1.730961e+02,3.432520e+06,,0.000000e+00,0.000000e+00
2013-12-11 23:03:47.000000,0.000000e+00,1.664360e+07,1.180260e+02,7.315237e+06,1.730961e+02,3.432496e+06,,0.000000e+00,0.000000e+00
2013-12-11 23:03:48.000000,0.000000e+00,1.664326e+07,1.180259e+02,7.315322e+06,1.730961e+02,3.432472e+06,,0.000000e+00,0.000000e+00
2013-12-11 23:03:49.000000,0.000000e+00,1.664293e+07,1.180257e+02,7.315408e+06,1.730961e+02,3.432448e+06,,0.000000e+00,0.000000e+00
2013-12-11 23:03:50.000000,0.000000e+00,1.664260e+07,1.180255e+02,7.315495e+06,1.730961e+02,3.432424e+06,,0.000000e+00,0.000000e+00
2013-12-11 23:03:51.000000,0.000000e+00,1.664227e+07,1.180254e+02,7.315581e+06,1.730961e+02,3.432401e+06,,0.000000e+00,0.000000e+00
2013-12-11 23:03:52.000000,0.000000e+00,1.664194e+07,1.180252e+02,7.315667e+06,1.730961e+02,3.432377e+06,,0.000000e+00,0.000000e+00
2013-12-11 23:03:53.000000,0.000000e+00,1.664160e+07,1.180251e+02,7.315753e+06,1.730961e+02,3.432353e+06,,0.000000e+00,0.000000e+00
2013-12-11 23:03:54.000000,0.000000e+00,1.664127e+07,1.180249e+02,7.315839e+06,1.730961e+02,3.432329e+06,,0.000000e+00,0.000000e+00
2013-12-11 23:03:55.000000,0.000000e+00,1.664094e+07,1.180248e+02,7.315925e+06,1.730961e+02,3.432306e+06,,0.000000e+00,0.000000e+00
2013-12-11 23:03:56.000000,0.000000e+00,1.664061e+07,1.180246e+02,7.316011e+06,1.730961e+02,3.432281e+06,,0.000000e+00,0.000000e+00
2013-12-11 23:03:57.000000,0.000000e+00,1.664027e+07,1.180244e+02,7.316097e+06,1.730961e+02,3.432258e+06,,0.000000e+00,0.000000e+00
2013-12-11 23:03:58.000000,0.000000e+00,1.663994e+07,1.180243e+02,7.316183e+06,1.730961e+02,3.432234e+06,,0.000000e+00,0.000000e+00
2013-12-11 23:03:59.000000,0.000000e+00,1.663961e+07,1.180241e+02,7.316270e+06,1.730961e+02,3.432210e+06,,0.000000e+00,0.000000e+00
2013-12-11 23:04:00.000000,0.000000e+00,1.663928e+07,1.180240e+02,7.316356e+06,1.730961e+02,3.432187e+06,,0.000000e+00,0.000000e+00
2013-12-11 23:04:01.000000,0.000000e+00,1.663894e+07,1.180238e+02,7.316442e+06,1.730961e+02,3.432162e+06,,0.000000e+00,0.000000e+00
2013-12-11 23:04:02.000000,0.000000e+00,1.663861e+07,1.180237e+02,7.316528e+06,1.730961e+02,3.432139e+06,,0.000000e+00,0.000000e+00
2013-12-11 23:04:03.000000,0.000000e+00,1.663828e+07,1.180235e+02,7.316614e+06,1.730961e+02,3.432115e+06,,0.000000e+00,0.000000e+00
2013-12-11 23:04:04.000000,0.000000e+00,1.663795e+07,1.180234e+02,7.316700e+06,1.730961e+02,3.432091e+06,,0.000000e+00,0.000000e+00
2013-12-11 23:04:05.000000,0.000000e+00,1.663811e+07,1.180232e+02,7.316786e+06,1.730961e+02,3.432067e+06,,0.000000e+00,0.000000e+00
2013-12-11 23:04:06.000000,0.000000e+00,1.663828e+07,1.180230e+02,7.316872e+06,1.730961e+02,3.432043e+06,,0.000000e+00,0.000000e+00
2013-12-11 23:04:07.000000,0.000000e+00,1.663844e+07,1.180229e+02,7.316959e+06,1.730961e+02,3.432020e+06,,0.000000e+00,0.000000e+00
2013-12-11 23:04:08.000000,0.000000e+00,1.663861e+07,1.180227e+02,7.317045e+06,1.730961e+02,3.431996e+06,,0.000000e+00,0.000000e+00
2013-12-11 23:04:09.000000,0.000000e+00,1.663878e+07,1.180226e+02,7.317131e+06,1.730961e+02,3.431972e+06,,0.000000e+00,0.000000e+00
2013-12-11 23:04:10.000000,0.000000e+00,1.663894e+07,1.180224e+02,7.317217e+06,1.730961e+02,3.431948e+06,,0.000000e+00,0.000000e+00
2013-12-11 23:04:11.000000,0.000000e+00,1.663911e+07,1.180223e+02,7.317303e+06,1.730961e+02,3.431925e+06,,0.000000e+00,0.000000e+00
2013-12-11 23:04:12.000000,0.000000e+00,1.663928e+07,1.180221e+02,7.317389e+06,1.730961e+02,3.431901e+06,,0.000000e+00,0.000000e+00
2013-12-11 23:04:13.000000,0.000000e+00,1.663944e+07,1.180219e+02,7.317475e+06,1.730961e+02,3.431877e+06,,0.000000e+00,0.000000e+00
2013-12-11 23:04:14.000000,0.000000e+00,1.663961e+07,1.180218e+02,7.317561e+06,1.730961e+02,3.431853e+06,,0.000000e+00,0.000000e+00
2013-12-11 23:04:15.000000,0.000000e+00,1.663977e+07,1.180216e+02,7.317648e+06,1.730961e+02,3.431829e+06,,0.000000e+00,0.000000e+00
2013-12-11 23:04:16.000000,0.000000e+00,1.663994e+07,1.180215e+02,7.317734e+06,1.730961e+02,3.431806e+06,,0.000000e+00,0.000000e+00
2013-12-11 23:04:17.000000,0.000000e+00,1.664011e+07,1.180213e+02,7.317820e+06,1.730961e+02,3.431782e+06,,0.000000e+00,0.000000e+00
2013-12-11 23:04:18.000000,0.000000e+00,1.664027e+07,1.180212e+02,7.317906e+06,1.730961e+02,3.431758e+06,,0.000000e+00,0.000000e+00
2013-12-11 23:04:19.000000,0.000000e+00,1.664044e+07,1.180210e+02,7.317992e+06,1.730961e+02,3.431734e+06,,0.000000e+00,0.000000e+00
2013-12-11 23:04:20.000000,0.000000e+00,1.664061e+07,1.180209e+02,7.318078e+06,1.730961e+02,3.431710e+06,,0.000000e+00,0.000000e+00
2013-12-11 23:04:21.000000,0.000000e+00,1.664077e+07,1.180207e+02,7.318164e+06,1.730961e+02,3.431687e+06,,0.000000e+00,0.000000e+00
2013-12-11 23:04:22.000000,0.000000e+00,1.664094e+07,1.180205e+02,7.318250e+06,1.730961e+02,3.431663e+06,,0.000000e+00,0.000000e+00
2013-12-11 23:04:23.000000,0.000000e+00,1.664110e+07,1.180204e+02,7.318336e+06,1.730961e+02,3.431639e+06,,0.000000e+00,0.000000e+00
2013-12-11 23:04:24.000000,0.000000e+00,1.664127e+07,1.180202e+02,7.318423e+06,1.730961e+02,3.431615e+06,,0.000000e+00,0.000000e+00
2013-12-11 23:04:25.000000,0.000000e+00,1.664144e+07,1.180201e+02,7.318509e+06,1.730961e+02,3.431591e+06,,0.000000e+00,0.000000e+00
2013-12-11 23:04:26.000000,0.000000e+00,1.664160e+07,1.180199e+02,7.318594e+06,1.730961e+02,3.431568e+06,,0.000000e+00,0.000000e+00
2013-12-11 23:04:27.000000,0.000000e+00,1.664177e+07,1.180198e+02,7.318681e+06,1.730961e+02,3.431544e+06,,0.000000e+00,0.000000e+00
2013-12-11 23:04:28.000000,0.000000e+00,1.664194e+07,1.180196e+02,7.318767e+06,1.730961e+02,3.431520e+06,,0.000000e+00,0.000000e+00
2013-12-11 23:04:29.000000,0.000000e+00,1.664210e+07,1.180194e+02,7.318853e+06,1.730961e+02,3.431496e+06,,0.000000e+00,0.000000e+00
2013-12-11 23:04:30.000000,0.000000e+00,1.664227e+07,1.180193e+02,7.318939e+06,1.730961e+02,3.431472e+06,,0.000000e+00,0.000000e+00
2013-12-11 23:04:31.000000,0.000000e+00,1.664243e+07,1.180191e+02,7.319025e+06,1.730961e+02,3.431449e+06,,0.000000e+00,0.000000e+00
2013-12-11 23:04:32.000000,0.000000e+00,1.664260e+07,1.180190e+02,7.319112e+06,1.730961e+02,3.431425e+06,,0.000000e+00,0.000000e+00
2013-12-11 23:04:33.000000,0.000000e+00,1.664277e+07,1.180188e+02,7.319198e+06,1.730961e+02,3.431401e+06,,0.000000e+00,0.000000e+00
2013-12-11 23:04:34.000000,0.000000e+00,1.664293e+07,1.180187e+02,7.319283e+06,1.730961e+02,3.431377e+06,,0.000000e+00,0.000000e+00
2013-12-11 23:04:35.000000,0.000000e+00,1.664310e+07,1.180185e+02,7.319370e+06,1.730961e+02,3.431354e+06,,0.000000e+00,0.000000e+00
2013-12-11 23:04:36.000000,0.000000e+00,1.664326e+07,1.180184e+02,7.319456e+06,1.730961e+02,3.431330e+06,,0.000000e+00,0.000000e+00
2013-12-11 23:04:37.000000,0.000000e+00,1.664343e+07,1.180182e+02,7.319542e+06,1.730961e+02,3.431306e+06,,0.000000e+00,0.000000e+00
2013-12-11 23:04:38.000000,0.000000e+00,1.664360e+07,1.180180e+02,7.319628e+06,1.730961e+02,3.431282e+06,,0.000000e+00,0.000000e+00
2013-12-11 23:04:39.000000,0.000000e+00,1.664376e+07,1.180179e+02,7.319714e+06,1.730961e+02,3.431258e+06,,0.000000e+00,0.000000e+00
2013-12-11 23:04:40.000000,0.000000e+00,1.664393e+07,1.180177e+02,7.319801e+06,1.730961e+02,3.431235e+06,,0.000000e+00,0.000000e+00
2013-12-11 23:04:41.000000,0.000000e+00,1.664410e+07,1.180176e+02,7.319887e+06,1.730961e+02,3.431211e+06,,0.000000e+00,0.000000e+00
2013-12-11 23:04:42.000000,0.000000e+00,1.664426e+07,1.180174e+02,7.319972e+06,1.730961e+02,3.431187e+06,,0.000000e+00,0.000000e+00
2013-12-11 23:04:43.000000,0.000000e+00,1.664443e+07,1.180173e+02,7.320058e+06,1.730961e+02,3.431163e+06,,0.000000e+00,0.000000e+00
2013-12-11 23:04:44.000000,0.000000e+00,1.664460e+07,1.180171e+02,7.320145e+06,1.730961e+02,3.431139e+06,,0.000000e+00,0.000000e+00
2013-12-11 23:04:45.000000,0.000000e+00,1.664476e+07,1.180170e+02,7.320231e+06,1.730961e+02,3.431116e+06,,0.000000e+00,0.000000e+00
2013-12-11 23:04:46.000000,0.000000e+00,1.664493e+07,1.180168e+02,7.320317e+06,1.730961e+02,3.431092e+06,,0.000000e+00,0.000000e+00
2013-12-11 23:04:47.000000,0.000000e+00,1.664509e+07,1.180166e+02,7.320403e+06,1.730961e+02,3.431068e+06,,0.000000e+00,0.000000e+00
2013-12-11 23:04:48.000000,0.000000e+00,1.664526e+07,1.180165e+02,7.320490e+06,1.730961e+02,3.431044e+06,,0.000000e+00,0.000000e+00
2013-12-11 23:04:49.000000,0.000000e+00,1.664543e+07,1.180163e+02,7.320576e+06,1.730961e+02,3.431020e+06,,0.000000e+00,0.000000e+00
2013-12-11 23:04:50.000000,0.000000e+00,1.664559e+07,1.180162e+02,7.320661e+06,1.730961e+02,3.430997e+06,,0.000000e+00,0.000000e+00
2013-12-11 23:04:51.000000,0.000000e+00,1.664576e+07,1.180160e+02,7.320747e+06,1.730961e+02,3.430973e+06,,0.000000e+00,0.000000e+00
2013-12-11 23:04:52.000000,0.000000e+00,1.664593e+07,1.180159e+02,7.320834e+06,1.730961e+02,3.430949e+06,,0.000000e+00,0.000000e+00
2013-12-11 23:04:53.000000,0.000000e+00,1.664609e+07,1.180157e+02,7.320920e+06,1.730961e+02,3.430925e+06,,0.000000e+00,0.000000e+00
2013-12-11 23:04:54.000000,0.000000e+00,1.664626e+07,1.180155e+02,7.321006e+06,1.730961e+02,3.430901e+06,,0.000000e+00,0.000000e+00
2013-12-11 23:04:55.000000,0.000000e+00,1.664642e+07,1.180154e+02,7.321092e+06,1.730961e+02,3.430878e+06,,0.000000e+00,0.000000e+00
2013-12-11 23:04:56.000000,0.000000e+00,1.664659e+07,1.180152e+02,7.321178e+06,1.730961e+02,3.430854e+06,,0.000000e+00,0.000000e+00
2013-12-11 23:04:57.000000,0.000000e+00,1.664676e+07,1.180151e+02,7.321265e+06,1.730961e+02,3.430830e+06,,0.000000e+00,0.000000e+00
2013-12-11 23:04:58.000000,0.000000e+00,1.664692e+07,1.180149e+02,7.321350e+06,1.730961e+02,3.430806e+06,,0.000000e+00,0.000000e+00
2013-12-11 23:04:59.000000,0.000000e+00,1.664709e+07,1.180148e+02,7.321436e+06,1.730961e+02,3.430782e+06,,0.000000e+00,0.000000e+00
2013-12-11 23:05:00.000000,0.000000e+00,1.664725e+07,1.180146e+02,7.321523e+06,1.730961e+02,3.430759e+06,,0.000000e+00,0.000000e+00
2013-12-11 23:05:01.000000,0.000000e+00,1.664742e+07,1.180145e+02,7.321609e+06,1.730961e+02,3.430735e+06,,0.000000e+00,0.000000e+00
2013-12-11 23:05:02.000000,0.000000e+00,1.664759e+07,1.180143e+02,7.321695e+06,1.730961e+02,3.430711e+06,,0.000000e+00,0.000000e+00
2013-12-11 23:05:03.000000,0.000000e+00,1.664775e+07,1.180141e+02,7.321781e+06,1.730961e+02,3.430687e+06,,0.000000e+00,0.000000e+00
2013-12-11 23:05:04.000000,0.000000e+00,1.664792e+07,1.180140e+02,7.321867e+06,1.730961e+02,3.430664e+06,,0.000000e+00,0.000000e+00
2013-12-11 23:05:05.000000,0.000000e+00,1.664809e+07,1.180138e+02,7.321953e+06,1.730961e+02,3.430640e+06,,0.000000e+00,0.000000e+00
2013-12-11 23:05:06.000000,0.000000e+00,1.664825e+07,1.180137e+02,7.322039e+06,1.730961e+02,3.430616e+06,,0.000000e+00,0.000000e+00
2013-12-11 23:05:07.000000,0.000000e+00,1.664842e+07,1.180135e+02,7.322125e+06,1.730961e+02,3.430592e+06,,0.000000e+00,0.000000e+00
2013-12-11 23:05:08.000000,0.000000e+00,1.664859e+07,1.180134e+02,7.322211e+06,1.730961e+02,3.430568e+06,,0.000000e+00,0.000000e+00
2013-12-11 23:05:09.000000,0.000000e+00,1.664875e+07,1.180132e+02,7.322298e+06,1.730961e+02,3.430545e+06,,0.000000e+00,0.000000e+00
2013-12-11 23:05:10.000000,0.000000e+00,1.664892e+07,1.180130e+02,7.322384e+06,1.730961e+02,3.430521e+06,,0.000000e+00,0.000000e+00
2013-12-11 23:05:11.000000,0.000000e+00,1.664908e+07,1.180129e+02,7.322470e+06,1.730961e+02,3.430497e+06,,0.000000e+00,0.000000e+00
2013-12-11 23:05:12.000000,0.000000e+00,1.664925e+07,1.180127e+02,7.322556e+06,1.730961e+02,3.430473e+06,,0.000000e+00,0.000000e+00
2013-12-11 23:05:13.000000,0.000000e+00,1.664942e+07,1.180126e+02,7.322642e+06,1.730961e+02,3.430449e+06,,0.000000e+00,0.000000e+00
2013-12-11 23:05:14.000000,0.000000e+00,1.664958e+07,1.180124e+02,7.322728e+06,1.730961e+02,3.430426e+06,,0.000000e+00,0.000000e+00
2013-12-11 23:05:15.000000,0.000000e+00,1.664975e+07,1.180123e+02,7.322814e+06,1.730961e+02,3.430402e+06,,0.000000e+00,0.000000e+00
2013-12-11 23:05:16.000000,0.000000e+00,1.664991e+07,1.180121e+02,7.322900e+06,1.730961e+02,3.430378e+06,,0.000000e+00,0.000000e+00
2013-12-11 23:05:17.000000,0.000000e+00,1.665008e+07,1.180119e+02,7.322987e+06,1.730961e+02,3.430354e+06,,0.000000e+00,0.000000e+00
2013-12-11 23:05:18.000000,0.000000e+00,1.665025e+07,1.180118e+02,7.323073e+06,1.730961e+02,3.430330e+06,,0.000000e+00,0.000000e+00
2013-12-11 23:05:19.000000,0.000000e+00,1.665041e+07,1.180116e+02,7.323159e+06,1.730961e+02,3.430307e+06,,0.000000e+00,0.000000e+00
2013-12-11 23:05:20.000000,0.000000e+00,1.665058e+07,1.180115e+02,7.323245e+06,1.730961e+02,3.430283e+06,,0.000000e+00,0.000000e+00
2013-12-11 23:05:21.000000,0.000000e+00,1.665075e+07,1.180113e+02,7.323331e+06,1.730961e+02,3.430259e+06,,0.000000e+00,0.000000e+00
2013-12-11 23:05:22.000000,0.000000e+00,1.665091e+07,1.180112e+02,7.323417e+06,1.730961e+02,3.430235e+06,,0.000000e+00,0.000000e+00
2013-12-11 23:05:23.000000,0.000000e+00,1.665108e+07,1.180110e+02,7.323503e+06,1.730961e+02,3.430211e+06,,0.000000e+00,0.000000e+00
2013-12-11 23:05:24.000000,0.000000e+00,1.665125e+07,1.180109e+02,7.323589e+06,1.730961e+02,3.430188e+06,,0.000000e+00,0.000000e+00
2013-12-11 23:05:25.000000,0.000000e+00,1.665141e+07,1.180107e+02,7.323676e+06,1.730961e+02,3.430164e+06,,0.000000e+00,0.000000e+00
2013-12-11 23:05:26.000000,0.000000e+00,1.665158e+07,1.180105e+02,7.323762e+06,1.730961e+02,3.430140e+06,,0.000000e+00,0.000000e+00
2013-12-11 23:05:27.000000,0.000000e+00,1.665174e+07,1.180104e+02,7.323848e+06,1.730961e+02,3.430116e+06,,0.000000e+00,0.000000e+00
2013-12-11 23:05:28.000000,0.000000e+00,1.665191e+07,1.180102e+02,7.323934e+06,1.730961e+02,3.430093e+06,,0.000000e+00,0.000000e+00
2013-12-11 23:05:29.000000,0.000000e+00,1.665208e+07,1.180101e+02,7.324020e+06,1.730961e+02,3.430069e+06,,0.000000e+00,0.000000e+00
2013-12-11 23:05:30.000000,0.000000e+00,1.665224e+07,1.180099e+02,7.324106e+06,1.730961e+02,3.430045e+06,,0.000000e+00,0.000000e+00
2013-12-11 23:05:31.000000,0.000000e+00,1.665241e+07,1.180098e+02,7.324192e+06,1.730961e+02,3.430021e+06,,0.000000e+00,0.000000e+00
2013-12-11 23:05:32.000000,0.000000e+00,1.665258e+07,1.180096e+02,7.324278e+06,1.730961e+02,3.429997e+06,,0.000000e+00,0.000000e+00
2013-12-11 23:05:33.000000,0.000000e+00,1.665274e+07,1.180095e+02,7.324364e+06,1.730961e+02,3.429974e+06,,0.000000e+00,0.000000e+00
2013-12-11 23:05:34.000000,0.000000e+00,1.665291e+07,1.180093e+02,7.324451e+06,1.730961e+02,3.429950e+06,,0.000000e+00,0.000000e+00
2013-12-11 23:05:35.000000,0.000000e+00,1.665307e+07,1.180091e+02,7.324537e+06,1.730961e+02,3.429926e+06,,0.000000e+00,0.000000e+00
2013-12-11 23:05:36.000000,0.000000e+00,1.665324e+07,1.180090e+02,7.324623e+06,1.730961e+02,3.429902e+06,,0.000000e+00,0.000000e+00
2013-12-11 23:05:37.000000,0.000000e+00,1.665341e+07,1.180088e+02,7.324709e+06,1.730961e+02,3.429878e+06,,0.000000e+00,0.000000e+00
2013-12-11 23:05:38.000000,0.000000e+00,1.665357e+07,1.180087e+02,7.324795e+06,1.730961e+02,3.429855e+06,,0.000000e+00,0.000000e+00
2013-12-11 23:05:39.000000,0.000000e+00,1.665374e+07,1.180085e+02,7.324881e+06,1.730961e+02,3.429831e+06,,0.000000e+00,0.000000e+00
2013-12-11 23:05:40.000000,0.000000e+00,1.665390e+07,1.180084e+02,7.324967e+06,1.730961e+02,3.429807e+06,,0.000000e+00,0.000000e+00
2013-12-11 23:05:41.000000,0.000000e+00,1.665407e+07,1.180082e+02,7.325053e+06,1.730961e+02,3.429783e+06,,0.000000e+00,0.000000e+00
2013-12-11 23:05:42.000000,0.000000e+00,1.665424e+07,1.180080e+02,7.325140e+06,1.730961e+02,3.429759e+06,,0.000000e+00,0.000000e+00
2013-12-11 23:05:43.000000,0.000000e+00,1.665440e+07,1.180079e+02,7.325226e+06,1.730961e+02,3.429736e+06,,0.000000e+00,0.000000e+00
2013-12-11 23:05:44.000000,0.000000e+00,1.665457e+07,1.180077e+02,7.325311e+06,1.730961e+02,3.429712e+06,,0.000000e+00,0.000000e+00
2013-12-11 23:05:45.000000,0.000000e+00,1.665474e+07,1.180076e+02,7.325397e+06,1.730961e+02,3.429688e+06,,0.000000e+00,0.000000e+00
2013-12-11 23:05:46.000000,0.000000e+00,1.665490e+07,1.180074e+02,7.325484e+06,1.730961e+02,3.429664e+06,,0.000000e+00,0.000000e+00
2013-12-11 23:05:47.000000,0.000000e+00,1.665507e+07,1.180073e+02,7.325570e+06,1.730961e+02,3.429640e+06,,0.000000e+00,0.000000e+00
2013-12-11 23:05:48.000000,0.000000e+00,1.665524e+07,1.180071e+02,7.325656e+06,1.730961e+02,3.429617e+06,,0.000000e+00,0.000000e+00
2013-12-11 23:05:49.000000,0.000000e+00,1.665540e+07,1.180070e+02,7.325742e+06,1.730961e+02,3.429593e+06,,0.000000e+00,0.000000e+00
2013-12-11 23:05:50.000000,0.000000e+00,1.665557e+07,1.180068e+02,7.325829e+06,1.730961e+02,3.429569e+06,,0.000000e+00,0.000000e+00
2013-12-11 23:05:51.000000,0.000000e+00,1.665573e+07,1.180066e+02,7.325915e+06,1.730961e+02,3.429545e+06,,0.000000e+00,0.000000e+00
2013-12-11 23:05:52.000000,0.000000e+00,1.665590e+07,1.180065e+02,7.326000e+06,1.730961e+02,3.429522e+06,,0.000000e+00,0.000000e+00
2013-12-11 23:05:53.000000,0.000000e+00,1.665607e+07,1.180063e+02,7.326086e+06,1.730961e+02,3.429498e+06,,0.000000e+00,0.000000e+00
2013-12-11 23:05:54.000000,0.000000e+00,1.665623e+07,1.180062e+02,7.326173e+06,1.730961e+02,3.429474e+06,,0.000000e+00,0.000000e+00
2013-12-11 23:05:55.000000,0.000000e+00,1.665640e+07,1.180060e+02,7.326259e+06,1.730961e+02,3.429450e+06,,0.000000e+00,0.000000e+00
2013-12-11 23:05:56.000000,0.000000e+00,1.665656e+07,1.180059e+02,7.326345e+06,1.730961e+02,3.429426e+06,,0.000000e+00,0.000000e+00
2013-12-11 23:05:57.000000,0.000000e+00,1.665673e+07,1.180057e+02,7.326431e+06,1.730961e+02,3.429403e+06,,0.000000e+00,0.000000e+00
2013-12-11 23:05:58.000000,0.000000e+00,1.665690e+07,1.180055e+02,7.326517e+06,1.730961e+02,3.429379e+06,,0.000000e+00,0.000000e+00
2013-12-11 23:05:59.000000,0.000000e+00,1.665706e+07,1.180054e+02,7.326604e+06,1.730961e+02,3.429355e+06,,0.000000e+00,0.000000e+00
2013-12-11 23:06:00.000000,0.000000e+00,1.665723e+07,1.180052e+02,7.326689e+06,1.730961e+02,3.429331e+06,,0.000000e+00,0.000000e+00
2013-12-11 23:06:01.000000,0.000000e+00,1.665740e+07,1.180051e+02,7.326775e+06,1.730961e+02,3.429307e+06,,0.000000e+00,0.000000e+00
2013-12-11 23:06:02.000000,0.000000e+00,1.665756e+07,1.180049e+02,7.326862e+06,1.730961e+02,3.429284e+06,,0.000000e+00,0.000000e+00
2013-12-11 23:06:03.000000,0.000000e+00,1.665773e+07,1.180048e+02,7.326948e+06,1.730961e+02,3.429259e+06,,0.000000e+00,0.000000e+00
2013-12-11 23:06:04.000000,0.000000e+00,1.665789e+07,1.180046e+02,7.327034e+06,1.730961e+02,3.429236e+06,,0.000000e+00,0.000000e+00
2013-12-11 23:06:05.000000,0.000000e+00,1.665756e+07,1.180053e+02,7.327120e+06,1.730961e+02,3.429212e+06,,0.000000e+00,0.000000e+00
2013-12-11 23:06:06.000000,0.000000e+00,1.665723e+07,1.180059e+02,7.327206e+06,1.730961e+02,3.429188e+06,,0.000000e+00,0.000000e+00
2013-12-11 23:06:07.000000,0.000000e+00,1.665690e+07,1.180066e+02,7.327293e+06,1.730961e+02,3.429165e+06,,0.000000e+00,0.000000e+00
2013-12-11 23:06:08.000000,0.000000e+00,1.665656e+07,1.180072e+02,7.327378e+06,1.730961e+02,3.429141e+06,,0.000000e+00,0.000000e+00
2013-12-11 23:06:09.000000,0.000000e+00,1.665623e+07,1.180079e+02,7.327464e+06,1.730961e+02,3.429117e+06,,0.000000e+00,0.000000e+00
2013-12-11 23:06:10.000000,0.000000e+00,1.665590e+07,1.180085e+02,7.327551e+06,1.730961e+02,3.429093e+06,,0.000000e+00,0.000000e+00
2013-12-11 23:06:11.000000,0.000000e+00,1.665557e+07,1.180092e+02,7.327637e+06,1.730961e+02,3.429069e+06,,0.000000e+00,0.000000e+00
2013-12-11 23:06:12.000000,0.000000e+00,1.665524e+07,1.180098e+02,7.327723e+06,1.730961e+02,3.429045e+06,,0.000000e+00,0.000000e+00
2013-12-11 23:06:13.000000,0.000000e+00,1.665490e+07,1.180105e+02,7.327809e+06,1.730961e+02,3.429022e+06,,0.000000e+00,0.000000e+00
2013-12-11 23:06:14.000000,0.000000e+00,1.665457e+07,1.180111e+02,7.327895e+06,1.730961e+02,3.428998e+06,,0.000000e+00,0.000000e+00
2013-12-11 23:06:15.000000,0.000000e+00,1.665424e+07,1.180118e+02,7.327981e+06,1.730961e+02,3.428974e+06,,0.000000e+00,0.000000e+00
2013-12-11 23:06:16.000000,0.000000e+00,1.665390e+07,1.180124e+02,7.328067e+06,1.730961e+02,3.428951e+06,,0.000000e+00,0.000000e+00
2013-12-11 23:06:17.000000,0.000000e+00,1.665357e+07,1.180131e+02,7.328153e+06,1.730961e+02,3.428926e+06,,0.000000e+00,0.000000e+00
2013-12-11 23:06:18.000000,0.000000e+00,1.665324e+07,1.180137e+02,7.328239e+06,1.730961e+02,3.428903e+06,,0.000000e+00,0.000000e+00
2013-12-11 23:06:19.000000,0.000000e+00,1.665291e+07,1.180144e+02,7.328326e+06,1.730961e+02,3.428879e+06,,0.000000e+00,0.000000e+00
2013-12-11 23:06:20.000000,0.000000e+00,1.665258e+07,1.180150e+02,7.328412e+06,1.730961e+02,3.428855e+06,,0.000000e+00,0.000000e+00
2013-12-11 23:06:21.000000,0.000000e+00,1.665224e+07,1.180157e+02,7.328498e+06,1.730961e+02,3.428831e+06,,0.000000e+00,0.000000e+00
2013-12-11 23:06:22.000000,0.000000e+00,1.665191e+07,1.180163e+02,7.328584e+06,1.730961e+02,3.428807e+06,,0.000000e+00,0.000000e+00
2013-12-11 23:06:23.000000,0.000000e+00,1.665158e+07,1.180170e+02,7.328670e+06,1.730961e+02,3.428784e+06,,0.000000e+00,0.000000e+00
2013-12-11 23:06:24.000000,0.000000e+00,1.665125e+07,1.180176e+02,7.328756e+06,1.730961e+02,3.428760e+06,,0.000000e+00,0.000000e+00
2013-12-11 23:06:25.000000,0.000000e+00,1.665091e+07,1.180183e+02,7.328842e+06,1.730961e+02,3.428736e+06,,0.000000e+00,0.000000e+00
2013-12-11 23:06:26.000000,0.000000e+00,1.665058e+07,1.180189e+02,7.328928e+06,1.730961e+02,3.428712e+06,,0.000000e+00,0.000000e+00
2013-12-11 23:06:27.000000,0.000000e+00,1.665025e+07,1.180196e+02,7.329015e+06,1.730961e+02,3.428688e+06,,0.000000e+00,0.000000e+00
2013-12-11 23:06:28.000000,0.000000e+00,1.664991e+07,1.180202e+02,7.329101e+06,1.730961e+02,3.428665e+06,,0.000000e+00,0.000000e+00
2013-12-11 23:06:29.000000,0.000000e+00,1.664958e+07,1.180209e+02,7.329187e+06,1.730961e+02,3.428641e+06,,0.000000e+00,0.000000e+00
2013-12-11 23:06:30.000000,0.000000e+00,1.664925e+07,1.180215e+02,7.329273e+06,1.730961e+02,3.428617e+06,,0.000000e+00,0.000000e+00
2013-12-11 23:06:31.000000,0.000000e+00,1.664892e+07,1.180222e+02,7.329359e+06,1.730961e+02,3.428593e+06,,0.000000e+00,0.000000e+00
2013-12-11 23:06:32.000000,0.000000e+00,1.664859e+07,1.180228e+02,7.329445e+06,1.730961e+02,3.428569e+06,,0.000000e+00,0.000000e+00
2013-12-11 23:06:33.000000,0.000000e+00,1.664825e+07,1.180235e+02,7.329531e+06,1.730961e+02,3.428546e+06,,0.000000e+00,0.000000e+00
2013-12-11 23:06:34.000000,0.000000e+00,1.664792e+07,1.180241e+02,7.329617e+06,1.730961e+02,3.428522e+06,,0.000000e+00,0.000000e+00
2013-12-11 23:06:35.000000,0.000000e+00,1.664759e+07,1.180248e+02,7.329704e+06,1.730961e+02,3.428498e+06,,0.000000e+00,0.000000e+00
2013-12-11 23:06:36.000000,0.000000e+00,1.664725e+07,1.180254e+02,7.329790e+06,1.730961e+02,3.428474e+06,,0.000000e+00,0.000000e+00
2013-12-11 23:06:37.000000,0.000000e+00,1.664692e+07,1.180261e+02,7.329876e+06,1.730961e+02,3.428451e+06,,0.000000e+00,0.000000e+00
2013-12-11 23:06:38.000000,0.000000e+00,1.664659e+07,1.180267e+02,7.329962e+06,1.730961e+02,3.428427e+06,,0.000000e+00,0.000000e+00
2013-12-11 23:06:39.000000,0.000000e+00,1.664626e+07,1.180274e+02,7.330048e+06,1.730961e+02,3.428403e+06,,0.000000e+00,0.000000e+00
2013-12-11 23:06:40.000000,0.000000e+00,1.664593e+07,1.180280e+02,7.330134e+06,1.730961e+02,3.428379e+06,,0.000000e+00,0.000000e+00
2013-12-11 23:06:41.000000,0.000000e+00,1.664559e+07,1.180287e+02,7.330220e+06,1.730961e+02,3.428355e+06,,0.000000e+00,0.000000e+00
2013-12-11 23:06:42.000000,0.000000e+00,1.664526e+07,1.180293e+02,7.330306e+06,1.730961e+02,3.428332e+06,,0.000000e+00,0.000000e+00
2013-12-11 23:06:43.000000,0.000000e+00,1.664493e+07,1.180300e+02,7.330392e+06,1.730961e+02,3.428308e+06,,0.000000e+00,0.000000e+00
2013-12-11 23:06:44.000000,0.000000e+00,1.664460e+07,1.180306e+02,7.330479e+06,1.730961e+02,3.428284e+06,,0.000000e+00,0.000000e+00
2013-12-11 23:06:45.000000,0.000000e+00,1.664426e+07,1.180313e+02,7.330565e+06,1.730961e+02,3.428260e+06,,0.000000e+00,0.000000e+00
2013-12-11 23:06:46.000000,0.000000e+00,1.664393e+07,1.180319e+02,7.330650e+06,1.730961e+02,3.428236e+06,,0.000000e+00,0.000000e+00
2013-12-11 23:06:47.000000,0.000000e+00,1.664360e+07,1.180326e+02,7.330737e+06,1.730961e+02,3.428213e+06,,0.000000e+00,0.000000e+00
2013-12-11 23:06:48.000000,0.000000e+00,1.664326e+07,1.180332e+02,7.330823e+06,1.730961e+02,3.428189e+06,,0.000000e+00,0.000000e+00
2013-12-11 23:06:49.000000,0.000000e+00,1.664293e+07,1.180339e+02,7.330909e+06,1.730961e+02,3.428165e+06,,0.000000e+00,0.000000e+00
2013-12-11 23:06:50.000000,0.000000e+00,1.664260e+07,1.180346e+02,7.330995e+06,1.730961e+02,3.428141e+06,,0.000000e+00,0.000000e+00
2013-12-11 23:06:51.000000,0.000000e+00,1.664227e+07,1.180352e+02,7.331081e+06,1.730961e+02,3.428117e+06,,0.000000e+00,0.000000e+00
2013-12-11 23:06:52.000000,0.000000e+00,1.664194e+07,1.180359e+02,7.331168e+06,1.730961e+02,3.428094e+06,,0.000000e+00,0.000000e+00
2013-12-11 23:06:53.000000,0.000000e+00,1.664160e+07,1.180365e+02,7.331254e+06,1.730961e+02,3.428070e+06,,0.000000e+00,0.000000e+00
2013-12-11 23:06:54.000000,0.000000e+00,1.664127e+07,1.180372e+02,7.331339e+06,1.730961e+02,3.428046e+06,,0.000000e+00,0.000000e+00
2013-12-11 23:06:55.000000,0.000000e+00,1.664094e+07,1.180378e+02,7.331425e+06,1.730961e+02,3.428022e+06,,0.000000e+00,0.000000e+00
2013-12-11 23:06:56.000000,0.000000e+00,1.664061e+07,1.180385e+02,7.331512e+06,1.730961e+02,3.427998e+06,,0.000000e+00,0.000000e+00
2013-12-11 23:06:57.000000,0.000000e+00,1.664027e+07,1.180391e+02,7.331598e+06,1.730961e+02,3.427975e+06,,0.000000e+00,0.000000e+00
2013-12-11 23:06:58.000000,0.000000e+00,1.663994e+07,1.180398e+02,7.331684e+06,1.730961e+02,3.427951e+06,,0.000000e+00,0.000000e+00
2013-12-11 23:06:59.000000,0.000000e+00,1.663961e+07,1.180404e+02,7.331770e+06,1.730961e+02,3.427927e+06,,0.000000e+00,0.000000e+00
2013-12-11 23:07:00.000000,0.000000e+00,1.663928e+07,1.180411e+02,7.331857e+06,1.730961e+02,3.427903e+06,,0.000000e+00,0.000000e+00
2013-12-11 23:07:01.000000,0.000000e+00,1.663894e+07,1.180417e+02,7.331943e+06,1.730961e+02,3.427880e+06,,0.000000e+00,0.000000e+00
2013-12-11 23:07:02.000000,0.000000e+00,1.663861e+07,1.180424e+02,7.332028e+06,1.730961e+02,3.427856e+06,,0.000000e+00,0.000000e+00
2013-12-11 23:07:03.000000,0.000000e+00,1.663828e+07,1.180430e+02,7.332114e+06,1.730961e+02,3.427832e+06,,0.000000e+00,0.000000e+00
2013-12-11 23:07:04.000000,0.000000e+00,1.663795e+07,1.180437e+02,7.332201e+06,1.730961e+02,3.427808e+06,,0.000000e+00,0.000000e+00
2013-12-11 23:07:05.000000,0.000000e+00,1.663795e+07,1.180434e+02,7.332287e+06,1.730961e+02,3.427784e+06,,0.000000e+00,0.000000e+00
2013-12-11 23:07:06.000000,0.000000e+00,1.663795e+07,1.180432e+02,7.332373e+06,1.730961e+02,3.427761e+06,,0.000000e+00,0.000000e+00
2013-12-11 23:07:07.000000,0.000000e+00,1.663795e+07,1.180430e+02,7.332459e+06,1.730961e+02,3.427737e+06,,0.000000e+00,0.000000e+00
2013-12-11 23:07:08.000000,0.000000e+00,1.663795e+07,1.180428e+02,7.332545e+06,1.730961e+02,3.427713e+06,,0.000000e+00,0.000000e+00
2013-12-11 23:07:09.000000,0.000000e+00,1.663795e+07,1.180426e+02,7.332632e+06,1.730961e+02,3.427689e+06,,0.000000e+00,0.000000e+00
2013-12-11 23:07:10.000000,0.000000e+00,1.663795e+07,1.180424e+02,7.332717e+06,1.730961e+02,3.427665e+06,,0.000000e+00,0.000000e+00
2013-12-11 23:07:11.000000,0.000000e+00,1.663795e+07,1.180421e+02,7.332803e+06,1.730961e+02,3.427642e+06,,0.000000e+00,0.000000e+00
2013-12-11 23:07:12.000000,0.000000e+00,1.663795e+07,1.180419e+02,7.332890e+06,1.730961e+02,3.427618e+06,,0.000000e+00,0.000000e+00
2013-12-11 23:07:13.000000,0.000000e+00,1.663795e+07,1.180417e+02,7.332976e+06,1.730961e+02,3.427594e+06,,0.000000e+00,0.000000e+00
2013-12-11 23:07:14.000000,0.000000e+00,1.663795e+07,1.180415e+02,7.333062e+06,1.730961e+02,3.427570e+06,,0.000000e+00,0.000000e+00
2013-12-11 23:07:15.000000,0.000000e+00,1.663795e+07,1.180413e+02,7.333148e+06,1.730961e+02,3.427546e+06,,0.000000e+00,0.000000e+00
2013-12-11 23:07:16.000000,0.000000e+00,1.663795e+07,1.180411e+02,7.333234e+06,1.730961e+02,3.427523e+06,,0.000000e+00,0.000000e+00
2013-12-11 23:07:17.000000,0.000000e+00,1.663795e+07,1.180408e+02,7.333321e+06,1.730961e+02,3.427499e+06,,0.000000e+00,0.000000e+00
2013-12-11 23:07:18.000000,0.000000e+00,1.663795e+07,1.180406e+02,7.333406e+06,1.730961e+02,3.427475e+06,,0.000000e+00,0.000000e+00
2013-12-11 23:07:19.000000,0.000000e+00,1.663795e+07,1.180404e+02,7.333492e+06,1.730961e+02,3.427451e+06,,0.000000e+00,0.000000e+00
2013-12-11 23:07:20.000000,0.000000e+00,1.663795e+07,1.180402e+02,7.333578e+06,1.730961e+02,3.427427e+06,,0.000000e+00,0.000000e+00
2013-12-11 23:07:21.000000,0.000000e+00,1.663795e+07,1.180400e+02,7.333665e+06,1.730961e+02,3.427404e+06,,0.000000e+00,0.000000e+00
2013-12-11 23:07:22.000000,0.000000e+00,1.663795e+07,1.180398e+02,7.333751e+06,1.730961e+02,3.427380e+06,,0.000000e+00,0.000000e+00
2013-12-11 23:07:23.000000,0.000000e+00,1.663795e+07,1.180395e+02,7.333837e+06,1.730961e+02,3.427356e+06,,0.000000e+00,0.000000e+00
2013-12-11 23:07:24.000000,0.000000e+00,1.663795e+07,1.180393e+02,7.333923e+06,1.730961e+02,3.427332e+06,,0.000000e+00,0.000000e+00
2013-12-11 23:07:25.000000,0.000000e+00,1.663795e+07,1.180391e+02,7.334009e+06,1.730961e+02,3.427309e+06,,0.000000e+00,0.000000e+00
2013-12-11 23:07:26.000000,0.000000e+00,1.663795e+07,1.180389e+02,7.334095e+06,1.730961e+02,3.427285e+06,,0.000000e+00,0.000000e+00
2013-12-11 23:07:27.000000,0.000000e+00,1.663795e+07,1.180387e+02,7.334181e+06,1.730961e+02,3.427261e+06,,0.000000e+00,0.000000e+00
2013-12-11 23:07:28.000000,0.000000e+00,1.663795e+07,1.180385e+02,7.334267e+06,1.730961e+02,3.427237e+06,,0.000000e+00,0.000000e+00
2013-12-11 23:07:29.000000,0.000000e+00,1.663795e+07,1.180382e+02,7.334354e+06,1.730961e+02,3.427213e+06,,0.000000e+00,0.000000e+00
2013-12-11 23:07:30.000000,0.000000e+00,1.663795e+07,1.180380e+02,7.334440e+06,1.730961e+02,3.427190e+06,,0.000000e+00,0.000000e+00
2013-12-11 23:07:31.000000,0.000000e+00,1.663795e+07,1.180378e+02,7.334526e+06,1.730961e+02,3.427166e+06,,0.000000e+00,0.000000e+00
2013-12-11 23:07:32.000000,0.000000e+00,1.663795e+07,1.180376e+02,7.334612e+06,1.730961e+02,3.427142e+06,,0.000000e+00,0.000000e+00
2013-12-11 23:07:33.000000,0.000000e+00,1.663795e+07,1.180374e+02,7.334698e+06,1.730961e+02,3.427118e+06,,0.000000e+00,0.000000e+00
2013-12-11 23:07:34.000000,0.000000e+00,1.663795e+07,1.180372e+02,7.334784e+06,1.730961e+02,3.427094e+06,,0.000000e+00,0.000000e+00
2013-12-11 23:07:35.000000,0.000000e+00,1.663795e+07,1.180369e+02,7.334870e+06,1.730961e+02,3.427071e+06,,0.000000e+00,0.000000e+00
2013-12-11 23:07:36.000000,0.000000e+00,1.663795e+07,1.180367e+02,7.334956e+06,1.730961e+02,3.427047e+06,,0.000000e+00,0.000000e+00
2013-12-11 23:07:37.000000,0.000000e+00,1.663795e+07,1.180365e+02,7.335043e+06,1.730961e+02,3.427023e+06,,0.000000e+00,0.000000e+00
2013-12-11 23:07:38.000000,0.000000e+00,1.663795e+07,1.180363e+02,7.335129e+06,1.730961e+02,3.426999e+06,,0.000000e+00,0.000000e+00
2013-12-11 23:07:39.000000,0.000000e+00,1.663795e+07,1.180361e+02,7.335215e+06,1.730961e+02,3.426975e+06,,0.000000e+00,0.000000e+00
2013-12-11 23:07:40.000000,0.000000e+00,1.663795e+07,1.180359e+02,7.335301e+06,1.730961e+02,3.426952e+06,,0.000000e+00,0.000000e+00
2013-12-11 23:07:41.000000,0.000000e+00,1.663795e+07,1.180356e+02,7.335387e+06,1.730961e+02,3.426928e+06,,0.000000e+00,0.000000e+00
2013-12-11 23:07:42.000000,0.000000e+00,1.663795e+07,1.180354e+02,7.335473e+06,1.730961e+02,3.426904e+06,,0.000000e+00,0.000000e+00
2013-12-11 23:07:43.000000,0.000000e+00,1.663795e+07,1.180352e+02,7.335559e+06,1.730961e+02,3.426880e+06,,0.000000e+00,0.000000e+00
2013-12-11 23:07:44.000000,0.000000e+00,1.663795e+07,1.180350e+02,7.335645e+06,1.730961e+02,3.426856e+06,,0.000000e+00,0.000000e+00
2013-12-11 23:07:45.000000,0.000000e+00,1.663795e+07,1.180348e+02,7.335732e+06,1.730961e+02,3.426833e+06,,0.000000e+00,0.000000e+00
2013-12-11 23:07:46.000000,0.000000e+00,1.663795e+07,1.180346e+02,7.335818e+06,1.730961e+02,3.426809e+06,,0.000000e+00,0.000000e+00
2013-12-11 23:07:47.000000,0.000000e+00,1.663795e+07,1.180343e+02,7.335904e+06,1.730961e+02,3.426785e+06,,0.000000e+00,0.000000e+00
2013-12-11 23:07:48.000000,0.000000e+00,1.663795e+07,1.180341e+02,7.335990e+06,1.730961e+02,3.426761e+06,,0.000000e+00,0.000000e+00
2013-12-11 23:07:49.000000,0.000000e+00,1.663795e+07,1.180339e+02,7.336076e+06,1.730961e+02,3.426737e+06,,0.000000e+00,0.000000e+00
2013-12-11 23:07:50.000000,0.000000e+00,1.663795e+07,1.180337e+02,7.336162e+06,1.730961e+02,3.426714e+06,,0.000000e+00,0.000000e+00
2013-12-11 23:07:51.000000,0.000000e+00,1.663795e+07,1.180335e+02,7.336248e+06,1.730961e+02,3.426690e+06,,0.000000e+00,0.000000e+00
2013-12-11 23:07:52.000000,0.000000e+00,1.663795e+07,1.180332e+02,7.336334e+06,1.730961e+02,3.426666e+06,,0.000000e+00,0.000000e+00
2013-12-11 23:07:53.000000,0.000000e+00,1.663795e+07,1.180330e+02,7.336420e+06,1.730961e+02,3.426642e+06,,0.000000e+00,0.000000e+00
2013-12-11 23:07:54.000000,0.000000e+00,1.663795e+07,1.180328e+02,7.336507e+06,1.730961e+02,3.426619e+06,,0.000000e+00,0.000000e+00
2013-12-11 23:07:55.000000,0.000000e+00,1.663795e+07,1.180326e+02,7.336593e+06,1.730961e+02,3.426595e+06,,0.000000e+00,0.000000e+00
2013-12-11 23:07:56.000000,0.000000e+00,1.663795e+07,1.180324e+02,7.336679e+06,1.730961e+02,3.426571e+06,,0.000000e+00,0.000000e+00
2013-12-11 23:07:57.000000,0.000000e+00,1.663795e+07,1.180322e+02,7.336765e+06,1.730961e+02,3.426547e+06,,0.000000e+00,0.000000e+00
2013-12-11 23:07:58.000000,0.000000e+00,1.663795e+07,1.180319e+02,7.336851e+06,1.730961e+02,3.426523e+06,,0.000000e+00,0.000000e+00
2013-12-11 23:07:59.000000,0.000000e+00,1.663795e+07,1.180317e+02,7.336937e+06,1.730961e+02,3.426500e+06,,0.000000e+00,0.000000e+00
2013-12-11 23:08:00.000000,0.000000e+00,1.663795e+07,1.180315e+02,7.337023e+06,1.730961e+02,3.426476e+06,,0.000000e+00,0.000000e+00
2013-12-11 23:08:01.000000,0.000000e+00,1.663795e+07,1.180313e+02,7.337109e+06,1.730961e+02,3.426452e+06,,0.000000e+00,0.000000e+00
2013-12-11 23:08:02.000000,0.000000e+00,1.663795e+07,1.180311e+02,7.337196e+06,1.730961e+02,3.426428e+06,,0.000000e+00,0.000000e+00
2013-12-11 23:08:03.000000,0.000000e+00,1.663795e+07,1.180309e+02,7.337282e+06,1.730961e+02,3.426404e+06,,0.000000e+00,0.000000e+00
2013-12-11 23:08:04.000000,0.000000e+00,1.663795e+07,1.180306e+02,7.337367e+06,1.730961e+02,3.426381e+06,,0.000000e+00,0.000000e+00
2013-12-11 23:08:05.000000,0.000000e+00,1.663795e+07,1.180304e+02,7.337453e+06,1.730961e+02,3.426357e+06,,0.000000e+00,0.000000e+00
2013-12-11 23:08:06.000000,0.000000e+00,1.663795e+07,1.180302e+02,7.337540e+06,1.730961e+02,3.426333e+06,,0.000000e+00,0.000000e+00
2013-12-11 23:08:07.000000,0.000000e+00,1.663795e+07,1.180300e+02,7.337626e+06,1.730961e+02,3.426309e+06,,0.000000e+00,0.000000e+00
2013-12-11 23:08:08.000000,0.000000e+00,1.663795e+07,1.180298e+02,7.337712e+06,1.730961e+02,3.426285e+06,,0.000000e+00,0.000000e+00
2013-12-11 23:08:09.000000,0.000000e+00,1.663795e+07,1.180296e+02,7.337798e+06,1.730961e+02,3.426262e+06,,0.000000e+00,0.000000e+00
2013-12-11 23:08:10.000000,0.000000e+00,1.663795e+07,1.180293e+02,7.337885e+06,1.730961e+02,3.426238e+06,,0.000000e+00,0.000000e+00
2013-12-11 23:08:11.000000,0.000000e+00,1.663795e+07,1.180291e+02,7.337971e+06,1.730961e+02,3.426214e+06,,0.000000e+00,0.000000e+00
2013-12-11 23:08:12.000000,0.000000e+00,1.663795e+07,1.180289e+02,7.338056e+06,1.730961e+02,3.426190e+06,,0.000000e+00,0.000000e+00
2013-12-11 23:08:13.000000,0.000000e+00,1.663795e+07,1.180287e+02,7.338142e+06,1.730961e+02,3.426166e+06,,0.000000e+00,0.000000e+00
2013-12-11 23:08:14.000000,0.000000e+00,1.663795e+07,1.180285e+02,7.338229e+06,1.730961e+02,3.426143e+06,,0.000000e+00,0.000000e+00
2013-12-11 23:08:15.000000,0.000000e+00,1.663795e+07,1.180283e+02,7.338315e+06,1.730961e+02,3.426119e+06,,0.000000e+00,0.000000e+00
2013-12-11 23:08:16.000000,0.000000e+00,1.663795e+07,1.180280e+02,7.338401e+06,1.730961e+02,3.426095e+06,,0.000000e+00,0.000000e+00
2013-12-11 23:08:17.000000,0.000000e+00,1.663795e+07,1.180278e+02,7.338487e+06,1.730961e+02,3.426071e+06,,0.000000e+00,0.000000e+00
2013-12-11 23:08:18.000000,0.000000e+00,1.663795e+07,1.180276e+02,7.338573e+06,1.730961e+02,3.426048e+06,,0.000000e+00,0.000000e+00
2013-12-11 23:08:19.000000,0.000000e+00,1.663795e+07,1.180274e+02,7.338660e+06,1.730961e+02,3.426023e+06,,0.000000e+00,0.000000e+00
2013-12-11 23:08:20.000000,0.000000e+00,1.663795e+07,1.180272e+02,7.338745e+06,1.730961e+02,3.426000e+06,,0.000000e+00,0.000000e+00
2013-12-11 23:08:21.000000,0.000000e+00,1.663795e+07,1.180270e+02,7.338831e+06,1.730961e+02,3.425976e+06,,0.000000e+00,0.000000e+00
2013-12-11 23:08:22.000000,0.000000e+00,1.663795e+07,1.180267e+02,7.338918e+06,1.730961e+02,3.425952e+06,,0.000000e+00,0.000000e+00
2013-12-11 23:08:23.000000,0.000000e+00,1.663795e+07,1.180265e+02,7.339004e+06,1.730961e+02,3.425928e+06,,0.000000e+00,0.000000e+00
2013-12-11 23:08:24.000000,0.000000e+00,1.663795e+07,1.180263e+02,7.339090e+06,1.730961e+02,3.425904e+06,,0.000000e+00,0.000000e+00
2013-12-11 23:08:25.000000,0.000000e+00,1.663795e+07,1.180261e+02,7.339176e+06,1.730961e+02,3.425881e+06,,0.000000e+00,0.000000e+00
2013-12-11 23:08:26.000000,0.000000e+00,1.663795e+07,1.180259e+02,7.339262e+06,1.730961e+02,3.425857e+06,,0.000000e+00,0.000000e+00
2013-12-11 23:08:27.000000,0.000000e+00,1.663795e+07,1.180257e+02,7.339349e+06,1.730961e+02,3.425833e+06,,0.000000e+00,0.000000e+00
2013-12-11 23:08:28.000000,0.000000e+00,1.663795e+07,1.180254e+02,7.339434e+06,1.730961e+02,3.425809e+06,,0.000000e+00,0.000000e+00
2013-12-11 23:08:29.000000,0.000000e+00,1.663795e+07,1.180252e+02,7.339520e+06,1.730961e+02,3.425785e+06,,0.000000e+00,0.000000e+00
2013-12-11 23:08:30.000000,0.000000e+00,1.663795e+07,1.180250e+02,7.339606e+06,1.730961e+02,3.425762e+06,,0.000000e+00,0.000000e+00
2013-12-11 23:08:31.000000,0.000000e+00,1.663795e+07,1.180248e+02,7.339693e+06,1.730961e+02,3.425738e+06,,0.000000e+00,0.000000e+00
2013-12-11 23:08:32.000000,0.000000e+00,1.663795e+07,1.180246e+02,7.339779e+06,1.730961e+02,3.425714e+06,,0.000000e+00,0.000000e+00
2013-12-11 23:08:33.000000,0.000000e+00,1.663795e+07,1.180244e+02,7.339865e+06,1.730961e+02,3.425690e+06,,0.000000e+00,0.000000e+00
2013-12-11 23:08:34.000000,0.000000e+00,1.663795e+07,1.180241e+02,7.339951e+06,1.730961e+02,3.425667e+06,,0.000000e+00,0.000000e+00
2013-12-11 23:08:35.000000,0.000000e+00,1.663795e+07,1.180239e+02,7.340037e+06,1.730961e+02,3.425643e+06,,0.000000e+00,0.000000e+00
2013-12-11 23:08:36.000000,0.000000e+00,1.663795e+07,1.180237e+02,7.340123e+06,1.730961e+02,3.425619e+06,,0.000000e+00,0.000000e+00
2013-12-11 23:08:37.000000,0.000000e+00,1.663795e+07,1.180235e+02,7.340209e+06,1.730961e+02,3.425595e+06,,0.000000e+00,0.000000e+00
2013-12-11 23:08:38.000000,0.000000e+00,1.663795e+07,1.180233e+02,7.340295e+06,1.730961e+02,3.425571e+06,,0.000000e+00,0.000000e+00
2013-12-11 23:08:39.000000,0.000000e+00,1.663795e+07,1.180230e+02,7.340382e+06,1.730961e+02,3.425548e+06,,0.000000e+00,0.000000e+00
2013-12-11 23:08:40.000000,0.000000e+00,1.663795e+07,1.180228e+02,7.340468e+06,1.730961e+02,3.425524e+06,,0.000000e+00,0.000000e+00
2013-12-11 23:08:41.000000,0.000000e+00,1.663795e+07,1.180226e+02,7.340554e+06,1.730961e+02,3.425500e+06,,0.000000e+00,0.000000e+00
2013-12-11 23:08:42.000000,0.000000e+00,1.663795e+07,1.180224e+02,7.340640e+06,1.730961e+02,3.425476e+06,,0.000000e+00,0.000000e+00
2013-12-11 23:08:43.000000,0.000000e+00,1.663795e+07,1.180222e+02,7.340726e+06,1.730961e+02,3.425452e+06,,0.000000e+00,0.000000e+00
2013-12-11 23:08:44.000000,0.000000e+00,1.663795e+07,1.180220e+02,7.340812e+06,1.730961e+02,3.425429e+06,,0.000000e+00,0.000000e+00
2013-12-11 23:08:45.000000,0.000000e+00,1.663795e+07,1.180218e+02,7.340898e+06,1.730961e+02,3.425405e+06,,0.000000e+00,0.000000e+00
2013-12-11 23:08:46.000000,0.000000e+00,1.663795e+07,1.180215e+02,7.340984e+06,1.730961e+02,3.425381e+06,,0.000000e+00,0.000000e+00
2013-12-11 23:08:47.000000,0.000000e+00,1.663795e+07,1.180213e+02,7.341071e+06,1.730961e+02,3.425357e+06,,0.000000e+00,0.000000e+00
2013-12-11 23:08:48.000000,0.000000e+00,1.663795e+07,1.180211e+02,7.341157e+06,1.730961e+02,3.425333e+06,,0.000000e+00,0.000000e+00
2013-12-11 23:08:49.000000,0.000000e+00,1.663795e+07,1.180209e+02,7.341243e+06,1.730961e+02,3.425310e+06,,0.000000e+00,0.000000e+00
2013-12-11 23:08:50.000000,0.000000e+00,1.663795e+07,1.180207e+02,7.341329e+06,1.730961e+02,3.425286e+06,,0.000000e+00,0.000000e+00
2013-12-11 23:08:51.000000,0.000000e+00,1.663795e+07,1.180204e+02,7.341415e+06,1.730961e+02,3.425262e+06,,0.000000e+00,0.000000e+00
2013-12-11 23:08:52.000000,0.000000e+00,1.663795e+07,1.180202e+02,7.341501e+06,1.730961e+02,3.425238e+06,,0.000000e+00,0.000000e+00
2013-12-11 23:08:53.000000,0.000000e+00,1.663795e+07,1.180200e+02,7.341587e+06,1.730961e+02,3.425214e+06,,0.000000e+00,0.000000e+00
2013-12-11 23:08:54.000000,0.000000e+00,1.663795e+07,1.180198e+02,7.341673e+06,1.730961e+02,3.425191e+06,,0.000000e+00,0.000000e+00
2013-12-11 23:08:55.000000,0.000000e+00,1.663795e+07,1.180196e+02,7.341759e+06,1.730961e+02,3.425167e+06,,0.000000e+00,0.000000e+00
2013-12-11 23:08:56.000000,0.000000e+00,1.663795e+07,1.180194e+02,7.341846e+06,1.730961e+02,3.425143e+06,,0.000000e+00,0.000000e+00
2013-12-11 23:08:57.000000,0.000000e+00,1.663795e+07,1.180191e+02,7.341932e+06,1.730961e+02,3.425119e+06,,0.000000e+00,0.000000e+00
2013-12-11 23:08:58.000000,0.000000e+00,1.663795e+07,1.180189e+02,7.342018e+06,1.730961e+02,3.425096e+06,,0.000000e+00,0.000000e+00
2013-12-11 23:08:59.000000,0.000000e+00,1.663795e+07,1.180187e+02,7.342104e+06,1.730961e+02,3.425072e+06,,0.000000e+00,0.000000e+00
2013-12-11 23:09:00.000000,0.000000e+00,1.663795e+07,1.180185e+02,7.342190e+06,1.730961e+02,3.425048e+06,,0.000000e+00,0.000000e+00
2013-12-11 23:09:01.000000,0.000000e+00,1.663795e+07,1.180183e+02,7.342276e+06,1.730961e+02,3.425024e+06,,0.000000e+00,0.000000e+00
2013-12-11 23:09:02.000000,0.000000e+00,1.663795e+07,1.180181e+02,7.342362e+06,1.730961e+02,3.425000e+06,,0.000000e+00,0.000000e+00
2013-12-11 23:09:03.000000,0.000000e+00,1.663795e+07,1.180178e+02,7.342448e+06,1.730961e+02,3.424977e+06,,0.000000e+00,0.000000e+00
2013-12-11 23:09:04.000000,0.000000e+00,1.663795e+07,1.180176e+02,7.342535e+06,1.730961e+02,3.424953e+06,,0.000000e+00,0.000000e+00
2013-12-11 23:09:05.000000,0.000000e+00,1.663795e+07,1.180174e+02,7.342621e+06,1.730961e+02,3.424929e+06,,0.000000e+00,0.000000e+00
2013-12-11 23:09:06.000000,0.000000e+00,1.663795e+07,1.180172e+02,7.342706e+06,1.730961e+02,3.424905e+06,,0.000000e+00,0.000000e+00
2013-12-11 23:09:07.000000,0.000000e+00,1.663795e+07,1.180170e+02,7.342793e+06,1.730961e+02,3.424881e+06,,0.000000e+00,0.000000e+00
2013-12-11 23:09:08.000000,0.000000e+00,1.663795e+07,1.180168e+02,7.342879e+06,1.730961e+02,3.424858e+06,,0.000000e+00,0.000000e+00
2013-12-11 23:09:09.000000,0.000000e+00,1.663795e+07,1.180165e+02,7.342965e+06,1.730961e+02,3.424834e+06,,0.000000e+00,0.000000e+00
2013-12-11 23:09:10.000000,0.000000e+00,1.663795e+07,1.180163e+02,7.343051e+06,1.730961e+02,3.424810e+06,,0.000000e+00,0.000000e+00
2013-12-11 23:09:11.000000,0.000000e+00,1.663795e+07,1.180161e+02,7.343137e+06,1.730961e+02,3.424786e+06,,0.000000e+00,0.000000e+00
2013-12-11 23:09:12.000000,0.000000e+00,1.663795e+07,1.180159e+02,7.343224e+06,1.730961e+02,3.424762e+06,,0.000000e+00,0.000000e+00
2013-12-11 23:09:13.000000,0.000000e+00,1.663795e+07,1.180157e+02,7.343310e+06,1.730961e+02,3.424739e+06,,0.000000e+00,0.000000e+00
2013-12-11 23:09:14.000000,0.000000e+00,1.663795e+07,1.180155e+02,7.343395e+06,1.730961e+02,3.424715e+06,,0.000000e+00,0.000000e+00
2013-12-11 23:09:15.000000,0.000000e+00,1.663795e+07,1.180152e+02,7.343481e+06,1.730961e+02,3.424691e+06,,0.000000e+00,0.000000e+00
2013-12-11 23:09:16.000000,0.000000e+00,1.663795e+07,1.180150e+02,7.343568e+06,1.730961e+02,3.424667e+06,,0.000000e+00,0.000000e+00
2013-12-11 23:09:17.000000,0.000000e+00,1.663795e+07,1.180148e+02,7.343654e+06,1.730961e+02,3.424643e+06,,0.000000e+00,0.000000e+00
2013-12-11 23:09:18.000000,0.000000e+00,1.663795e+07,1.180146e+02,7.343740e+06,1.730961e+02,3.424620e+06,,0.000000e+00,0.000000e+00
2013-12-11 23:09:19.000000,0.000000e+00,1.663795e+07,1.180144e+02,7.343826e+06,1.730961e+02,3.424596e+06,,0.000000e+00,0.000000e+00
2013-12-11 23:09:20.000000,0.000000e+00,1.663795e+07,1.180142e+02,7.343913e+06,1.730961e+02,3.424572e+06,,0.000000e+00,0.000000e+00
2013-12-11 23:09:21.000000,0.000000e+00,1.663795e+07,1.180139e+02,7.343999e+06,1.730961e+02,3.424548e+06,,0.000000e+00,0.000000e+00
2013-12-11 23:09:22.000000,0.000000e+00,1.663795e+07,1.180137e+02,7.344084e+06,1.730961e+02,3.424524e+06,,0.000000e+00,0.000000e+00
2013-12-11 23:09:23.000000,0.000000e+00,1.663795e+07,1.180135e+02,7.344170e+06,1.730961e+02,3.424501e+06,,0.000000e+00,0.000000e+00
2013-12-11 23:09:24.000000,0.000000e+00,1.663795e+07,1.180133e+02,7.344257e+06,1.730961e+02,3.424477e+06,,0.000000e+00,0.000000e+00
2013-12-11 23:09:25.000000,0.000000e+00,1.663795e+07,1.180131e+02,7.344343e+06,1.730961e+02,3.424453e+06,,0.000000e+00,0.000000e+00
2013-12-11 23:09:26.000000,0.000000e+00,1.663795e+07,1.180129e+02,7.344429e+06,1.730961e+02,3.424429e+06,,0.000000e+00,0.000000e+00
2013-12-11 23:09:27.000000,0.000000e+00,1.663795e+07,1.180126e+02,7.344515e+06,1.730961e+02,3.424406e+06,,0.000000e+00,0.000000e+00
2013-12-11 23:09:28.000000,0.000000e+00,1.663795e+07,1.180124e+02,7.344601e+06,1.730961e+02,3.424382e+06,,0.000000e+00,0.000000e+00
2013-12-11 23:09:29.000000,0.000000e+00,1.663795e+07,1.180122e+02,7.344688e+06,1.730961e+02,3.424358e+06,,0.000000e+00,0.000000e+00
2013-12-11 23:09:30.000000,0.000000e+00,1.663795e+07,1.180120e+02,7.344773e+06,1.730961e+02,3.424334e+06,,0.000000e+00,0.000000e+00
2013-12-11 23:09:31.000000,0.000000e+00,1.663795e+07,1.180118e+02,7.344859e+06,1.730961e+02,3.424310e+06,,0.000000e+00,0.000000e+00
2013-12-11 23:09:32.000000,0.000000e+00,1.663795e+07,1.180116e+02,7.344946e+06,1.730961e+02,3.424287e+06,,0.000000e+00,0.000000e+00
2013-12-11 23:09:33.000000,0.000000e+00,1.663795e+07,1.180113e+02,7.345032e+06,1.730961e+02,3.424263e+06,,0.000000e+00,0.000000e+00
2013-12-11 23:09:34.000000,0.000000e+00,1.663795e+07,1.180111e+02,7.345118e+06,1.730961e+02,3.424239e+06,,0.000000e+00,0.000000e+00
2013-12-11 23:09:35.000000,0.000000e+00,1.663795e+07,1.180109e+02,7.345204e+06,1.730961e+02,3.424215e+06,,0.000000e+00,0.000000e+00
2013-12-11 23:09:36.000000,0.000000e+00,1.663795e+07,1.180107e+02,7.345290e+06,1.730961e+02,3.424191e+06,,0.000000e+00,0.000000e+00
2013-12-11 23:09:37.000000,0.000000e+00,1.663795e+07,1.180105e+02,7.345377e+06,1.730961e+02,3.424168e+06,,0.000000e+00,0.000000e+00
2013-12-11 23:09:38.000000,0.000000e+00,1.663795e+07,1.180102e+02,7.345462e+06,1.730961e+02,3.424144e+06,,0.000000e+00,0.000000e+00
2013-12-11 23:09:39.000000,0.000000e+00,1.663795e+07,1.180100e+02,7.345548e+06,1.730961e+02,3.424120e+06,,0.000000e+00,0.000000e+00
2013-12-11 23:09:40.000000,0.000000e+00,1.663795e+07,1.180098e+02,7.345634e+06,1.730961e+02,3.424096e+06,,0.000000e+00,0.000000e+00
2013-12-11 23:09:41.000000,0.000000e+00,1.663795e+07,1.180096e+02,7.345721e+06,1.730961e+02,3.424072e+06,,0.000000e+00,0.000000e+00
2013-12-11 23:09:42.000000,0.000000e+00,1.663795e+07,1.180094e+02,7.343992e+06,1.730961e+02,3.424049e+06,,0.000000e+00,0.000000e+00
2013-12-11 23:09:43.000000,0.000000e+00,1.663795e+07,1.180092e+02,7.342263e+06,1.730961e+02,3.424025e+06,,0.000000e+00,0.000000e+00
2013-12-11 23:09:44.000000,0.000000e+00,1.663795e+07,1.180089e+02,7.340534e+06,1.730961e+02,3.424001e+06,,0.000000e+00,0.000000e+00
2013-12-11 23:09:45.000000,0.000000e+00,1.663795e+07,1.180087e+02,7.338806e+06,1.730961e+02,3.423977e+06,,0.000000e+00,0.000000e+00
2013-12-11 23:09:46.000000,0.000000e+00,1.663795e+07,1.180085e+02,7.337077e+06,1.730961e+02,3.423953e+06,,0.000000e+00,0.000000e+00
2013-12-11 23:09:47.000000,0.000000e+00,1.663795e+07,1.180083e+02,7.335349e+06,1.730961e+02,3.423930e+06,,0.000000e+00,0.000000e+00
2013-12-11 23:09:48.000000,0.000000e+00,1.663795e+07,1.180081e+02,7.333620e+06,1.730961e+02,3.423906e+06,,0.000000e+00,0.000000e+00
2013-12-11 23:09:49.000000,0.000000e+00,1.663795e+07,1.180079e+02,7.331891e+06,1.730961e+02,3.423882e+06,,0.000000e+00,0.000000e+00
2013-12-11 23:09:50.000000,0.000000e+00,1.663795e+07,1.180076e+02,7.330162e+06,1.730961e+02,3.423858e+06,,0.000000e+00,0.000000e+00
2013-12-11 23:09:51.000000,0.000000e+00,1.663795e+07,1.180074e+02,7.328434e+06,1.730961e+02,3.423835e+06,,0.000000e+00,0.000000e+00
2013-12-11 23:09:52.000000,0.000000e+00,1.663795e+07,1.180072e+02,7.326705e+06,1.730961e+02,3.423811e+06,,0.000000e+00,0.000000e+00
2013-12-11 23:09:53.000000,0.000000e+00,1.663795e+07,1.180070e+02,7.324976e+06,1.730961e+02,3.423787e+06,,0.000000e+00,0.000000e+00
2013-12-11 23:09:54.000000,0.000000e+00,1.663795e+07,1.180068e+02,7.323248e+06,1.730961e+02,3.423763e+06,,0.000000e+00,0.000000e+00
2013-12-11 23:09:55.000000,0.000000e+00,1.663795e+07,1.180066e+02,7.321519e+06,1.730961e+02,3.423739e+06,,0.000000e+00,0.000000e+00
2013-12-11 23:09:56.000000,0.000000e+00,1.663795e+07,1.180063e+02,7.319790e+06,1.730961e+02,3.423716e+06,,0.000000e+00,0.000000e+00
2013-12-11 23:09:57.000000,0.000000e+00,1.663795e+07,1.180061e+02,7.318061e+06,1.730961e+02,3.423692e+06,,0.000000e+00,0.000000e+00
2013-12-11 23:09:58.000000,0.000000e+00,1.663795e+07,1.180059e+02,7.316333e+06,1.730961e+02,3.423668e+06,,0.000000e+00,0.000000e+00
2013-12-11 23:09:59.000000,0.000000e+00,1.663795e+07,1.180057e+02,7.314604e+06,1.730961e+02,3.423644e+06,,0.000000e+00,0.000000e+00
2013-12-11 23:10:00.000000,0.000000e+00,1.663795e+07,1.180055e+02,7.312875e+06,1.730961e+02,3.423620e+06,,0.000000e+00,0.000000e+00
2013-12-11 23:10:01.000000,0.000000e+00,1.663795e+07,1.180053e+02,7.311147e+06,1.730961e+02,3.423597e+06,,0.000000e+00,0.000000e+00
2013-12-11 23:10:02.000000,0.000000e+00,1.663795e+07,1.180050e+02,7.309418e+06,1.730961e+02,3.423573e+06,,0.000000e+00,0.000000e+00
2013-12-11 23:10:03.000000,0.000000e+00,1.663795e+07,1.180048e+02,7.307689e+06,1.730961e+02,3.423549e+06,,0.000000e+00,0.000000e+00
2013-12-11 23:10:04.000000,0.000000e+00,1.663795e+07,1.180046e+02,7.305961e+06,1.730961e+02,3.423525e+06,,0.000000e+00,0.000000e+00
2013-12-11 23:10:05.000000,0.000000e+00,1.663795e+07,1.180053e+02,7.304232e+06,1.730961e+02,3.423501e+06,,0.000000e+00,0.000000e+00
2013-12-11 23:10:06.000000,0.000000e+00,1.663795e+07,1.180059e+02,7.302503e+06,1.730961e+02,3.423478e+06,,0.000000e+00,0.000000e+00
2013-12-11 23:10:07.000000,0.000000e+00,1.663795e+07,1.180066e+02,7.300774e+06,1.730961e+02,3.423454e+06,,0.000000e+00,0.000000e+00
2013-12-11 23:10:08.000000,0.000000e+00,1.663795e+07,1.180073e+02,7.299046e+06,1.730961e+02,3.423430e+06,,0.000000e+00,0.000000e+00
2013-12-11 23:10:09.000000,0.000000e+00,1.663795e+07,1.180079e+02,7.297317e+06,1.730961e+02,3.423406e+06,,0.000000e+00,0.000000e+00
2013-12-11 23:10:10.000000,0.000000e+00,1.663795e+07,1.180086e+02,7.295588e+06,1.730961e+02,3.423382e+06,,0.000000e+00,0.000000e+00
2013-12-11 23:10:11.000000,0.000000e+00,1.663795e+07,1.180092e+02,7.293860e+06,1.730961e+02,3.423359e+06,,0.000000e+00,0.000000e+00
2013-12-11 23:10:12.000000,0.000000e+00,1.663795e+07,1.180099e+02,7.292131e+06,1.730961e+02,3.423335e+06,,0.000000e+00,0.000000e+00
2013-12-11 23:10:13.000000,0.000000e+00,1.663795e+07,1.180106e+02,7.290402e+06,1.730961e+02,3.423311e+06,,0.000000e+00,0.000000e+00
2013-12-11 23:10:14.000000,0.000000e+00,1.663795e+07,1.180112e+02,7.288673e+06,1.730961e+02,3.423287e+06,,0.000000e+00,0.000000e+00
2013-12-11 23:10:15.000000,0.000000e+00,1.663795e+07,1.180119e+02,7.286945e+06,1.730961e+02,3.423264e+06,,0.000000e+00,0.000000e+00
2013-12-11 23:10:16.000000,0.000000e+00,1.663795e+07,1.180126e+02,7.285216e+06,1.730961e+02,3.423240e+06,,0.000000e+00,0.000000e+00
2013-12-11 23:10:17.000000,0.000000e+00,1.663795e+07,1.180132e+02,7.283487e+06,1.730961e+02,3.423216e+06,,0.000000e+00,0.000000e+00
2013-12-11 23:10:18.000000,0.000000e+00,1.663795e+07,1.180139e+02,7.281759e+06,1.730961e+02,3.423192e+06,,0.000000e+00,0.000000e+00
2013-12-11 23:10:19.000000,0.000000e+00,1.663795e+07,1.180145e+02,7.280030e+06,1.730961e+02,3.423168e+06,,0.000000e+00,0.000000e+00
2013-12-11 23:10:20.000000,0.000000e+00,1.663795e+07,1.180152e+02,7.278301e+06,1.730961e+02,3.423145e+06,,0.000000e+00,0.000000e+00
2013-12-11 23:10:21.000000,0.000000e+00,1.663795e+07,1.180159e+02,7.276572e+06,1.730961e+02,3.423120e+06,,0.000000e+00,0.000000e+00
2013-12-11 23:10:22.000000,0.000000e+00,1.663795e+07,1.180165e+02,7.274844e+06,1.730961e+02,3.423097e+06,,0.000000e+00,0.000000e+00
2013-12-11 23:10:23.000000,0.000000e+00,1.663795e+07,1.180172e+02,7.273115e+06,1.730961e+02,3.423073e+06,,0.000000e+00,0.000000e+00
2013-12-11 23:10:24.000000,0.000000e+00,1.663795e+07,1.180178e+02,7.271387e+06,1.730961e+02,3.423049e+06,,0.000000e+00,0.000000e+00
2013-12-11 23:10:25.000000,0.000000e+00,1.663795e+07,1.180185e+02,7.269658e+06,1.730961e+02,3.423026e+06,,0.000000e+00,0.000000e+00
2013-12-11 23:10:26.000000,0.000000e+00,1.663795e+07,1.180192e+02,7.267929e+06,1.730961e+02,3.423001e+06,,0.000000e+00,0.000000e+00
2013-12-11 23:10:27.000000,0.000000e+00,1.663795e+07,1.180198e+02,7.266200e+06,1.730961e+02,3.422978e+06,,0.000000e+00,0.000000e+00
2013-12-11 23:10:28.000000,0.000000e+00,1.663795e+07,1.180205e+02,7.264471e+06,1.730961e+02,3.422954e+06,,0.000000e+00,0.000000e+00
2013-12-11 23:10:29.000000,0.000000e+00,1.663795e+07,1.180212e+02,7.262743e+06,1.730961e+02,3.422930e+06,,0.000000e+00,0.000000e+00
2013-12-11 23:10:30.000000,0.000000e+00,1.663795e+07,1.180218e+02,7.261014e+06,1.730961e+02,3.422906e+06,,0.000000e+00,0.000000e+00
2013-12-11 23:10:31.000000,0.000000e+00,1.663795e+07,1.180225e+02,7.259286e+06,1.730961e+02,3.422882e+06,,0.000000e+00,0.000000e+00
2013-12-11 23:10:32.000000,0.000000e+00,1.663795e+07,1.180231e+02,7.257557e+06,1.730961e+02,3.422859e+06,,0.000000e+00,0.000000e+00
2013-12-11 23:10:33.000000,0.000000e+00,1.663795e+07,1.180238e+02,7.255828e+06,1.730961e+02,3.422835e+06,,0.000000e+00,0.000000e+00
2013-12-11 23:10:34.000000,0.000000e+00,1.663795e+07,1.180245e+02,7.254099e+06,1.730961e+02,3.422811e+06,,0.000000e+00,0.000000e+00
2013-12-11 23:10:35.000000,0.000000e+00,1.663795e+07,1.180251e+02,7.252370e+06,1.730961e+02,3.422787e+06,,0.000000e+00,0.000000e+00
2013-12-11 23:10:36.000000,0.000000e+00,1.663795e+07,1.180258e+02,7.250642e+06,1.730961e+02,3.422764e+06,,0.000000e+00,0.000000e+00
2013-12-11 23:10:37.000000,0.000000e+00,1.663795e+07,1.180265e+02,7.248914e+06,1.730961e+02,3.422740e+06,,0.000000e+00,0.000000e+00
2013-12-11 23:10:38.000000,0.000000e+00,1.663795e+07,1.180271e+02,7.247185e+06,1.730961e+02,3.422716e+06,,0.000000e+00,0.000000e+00
2013-12-11 23:10:39.000000,0.000000e+00,1.663795e+07,1.180278e+02,7.245456e+06,1.730961e+02,3.422692e+06,,0.000000e+00,0.000000e+00
2013-12-11 23:10:40.000000,0.000000e+00,1.663795e+07,1.180284e+02,7.243727e+06,1.730961e+02,3.422668e+06,,0.000000e+00,0.000000e+00
2013-12-11 23:10:41.000000,0.000000e+00,1.663795e+07,1.180291e+02,7.247079e+06,1.730961e+02,3.422645e+06,,0.000000e+00,0.000000e+00
2013-12-11 23:10:42.000000,0.000000e+00,1.663795e+07,1.180298e+02,7.250430e+06,1.730961e+02,3.422621e+06,,0.000000e+00,0.000000e+00
2013-12-11 23:10:43.000000,0.000000e+00,1.663795e+07,1.180304e+02,7.253782e+06,1.730961e+02,3.422597e+06,,0.000000e+00,0.000000e+00
2013-12-11 23:10:44.000000,0.000000e+00,1.663795e+07,1.180311e+02,7.257133e+06,1.730961e+02,3.422573e+06,,0.000000e+00,0.000000e+00
2013-12-11 23:10:45.000000,0.000000e+00,1.663795e+07,1.180317e+02,7.260485e+06,1.730961e+02,3.422549e+06,,0.000000e+00,0.000000e+00
2013-12-11 23:10:46.000000,0.000000e+00,1.663795e+07,1.180324e+02,7.263837e+06,1.730961e+02,3.422526e+06,,0.000000e+00,0.000000e+00
2013-12-11 23:10:47.000000,0.000000e+00,1.663795e+07,1.180331e+02,7.267188e+06,1.730961e+02,3.422502e+06,,0.000000e+00,0.000000e+00
2013-12-11 23:10:48.000000,0.000000e+00,1.663795e+07,1.180337e+02,7.270540e+06,1.730961e+02,3.422478e+06,,0.000000e+00,0.000000e+00
2013-12-11 23:10:49.000000,0.000000e+00,1.663795e+07,1.180344e+02,7.273891e+06,1.730961e+02,3.422454e+06,,0.000000e+00,0.000000e+00
2013-12-11 23:10:50.000000,0.000000e+00,1.663795e+07,1.180351e+02,7.277243e+06,1.730961e+02,3.422430e+06,,0.000000e+00,0.000000e+00
2013-12-11 23:10:51.000000,0.000000e+00,1.663795e+07,1.180357e+02,7.280595e+06,1.730961e+02,3.422407e+06,,0.000000e+00,0.000000e+00
2013-12-11 23:10:52.000000,0.000000e+00,1.663795e+07,1.180364e+02,7.283946e+06,1.730961e+02,3.422383e+06,,0.000000e+00,0.000000e+00
2013-12-11 23:10:53.000000,0.000000e+00,1.663795e+07,1.180370e+02,7.287298e+06,1.730961e+02,3.422359e+06,,0.000000e+00,0.000000e+00
2013-12-11 23:10:54.000000,0.000000e+00,1.663795e+07,1.180377e+02,7.290649e+06,1.730961e+02,3.422335e+06,,0.000000e+00,0.000000e+00
2013-12-11 23:10:55.000000,0.000000e+00,1.663795e+07,1.180384e+02,7.294000e+06,1.730961e+02,3.422311e+06,,0.000000e+00,0.000000e+00
2013-12-11 23:10:56.000000,0.000000e+00,1.663795e+07,1.180390e+02,7.297352e+06,1.730961e+02,3.422288e+06,,0.000000e+00,0.000000e+00
2013-12-11 23:10:57.000000,0.000000e+00,1.663795e+07,1.180397e+02,7.300703e+06,1.730961e+02,3.422264e+06,,0.000000e+00,0.000000e+00
2013-12-11 23:10:58.000000,0.000000e+00,1.663795e+07,1.180404e+02,7.304055e+06,1.730961e+02,3.422240e+06,,0.000000e+00,0.000000e+00
2013-12-11 23:10:59.000000,0.000000e+00,1.663795e+07,1.180410e+02,7.307407e+06,1.730961e+02,3.422216e+06,,0.000000e+00,0.000000e+00
2013-12-11 23:11:00.000000,0.000000e+00,1.663795e+07,1.180417e+02,7.310758e+06,1.730961e+02,3.422193e+06,,0.000000e+00,0.000000e+00
2013-12-11 23:11:01.000000,0.000000e+00,1.663795e+07,1.180423e+02,7.314110e+06,1.730961e+02,3.422169e+06,,0.000000e+00,0.000000e+00
2013-12-11 23:11:02.000000,0.000000e+00,1.663795e+07,1.180430e+02,7.317461e+06,1.730961e+02,3.422145e+06,,0.000000e+00,0.000000e+00
2013-12-11 23:11:03.000000,0.000000e+00,1.663795e+07,1.180437e+02,7.320813e+06,1.730961e+02,3.422121e+06,,0.000000e+00,0.000000e+00
2013-12-11 23:11:04.000000,0.000000e+00,1.663795e+07,1.180433e+02,7.324165e+06,1.730961e+02,3.422097e+06,,0.000000e+00,0.000000e+00
2013-12-11 23:11:05.000000,0.000000e+00,1.663795e+07,1.180430e+02,7.327516e+06,1.730961e+02,3.422074e+06,,0.000000e+00,0.000000e+00
2013-12-11 23:11:06.000000,0.000000e+00,1.663795e+07,1.180427e+02,7.330868e+06,1.730961e+02,3.422050e+06,,0.000000e+00,0.000000e+00
2013-12-11 23:11:07.000000,0.000000e+00,1.663795e+07,1.180424e+02,7.334219e+06,1.730961e+02,3.422026e+06,,0.000000e+00,0.000000e+00
2013-12-11 23:11:08.000000,0.000000e+00,1.663795e+07,1.180420e+02,7.337571e+06,1.730961e+02,3.422002e+06,,0.000000e+00,0.000000e+00
2013-12-11 23:11:09.000000,0.000000e+00,1.663795e+07,1.180417e+02,7.340923e+06,1.730961e+02,3.421978e+06,,0.000000e+00,0.000000e+00
2013-12-11 23:11:10.000000,0.000000e+00,1.663795e+07,1.180414e+02,7.344274e+06,1.730961e+02,3.421955e+06,,0.000000e+00,0.000000e+00
2013-12-11 23:11:11.000000,0.000000e+00,1.663795e+07,1.180411e+02,7.344278e+06,1.730961e+02,3.421931e+06,,0.000000e+00,0.000000e+00
2013-12-11 23:11:12.000000,0.000000e+00,1.663795e+07,1.180407e+02,7.344283e+06,1.730961e+02,3.421907e+06,,0.000000e+00,0.000000e+00
2013-12-11 23:11:13.000000,0.000000e+00,1.663795e+07,1.180404e+02,7.344286e+06,1.730961e+02,3.421883e+06,,0.000000e+00,0.000000e+00
2013-12-11 23:11:14.000000,0.000000e+00,1.663795e+07,1.180401e+02,7.344290e+06,1.730961e+02,3.421859e+06,,0.000000e+00,0.000000e+00
2013-12-11 23:11:15.000000,0.000000e+00,1.663795e+07,1.180398e+02,7.344294e+06,1.730961e+02,3.421836e+06,,0.000000e+00,0.000000e+00
2013-12-11 23:11:16.000000,0.000000e+00,1.663795e+07,1.180394e+02,7.344299e+06,1.730961e+02,3.421812e+06,,0.000000e+00,0.000000e+00
2013-12-11 23:11:17.000000,0.000000e+00,1.663795e+07,1.180391e+02,7.344302e+06,1.730961e+02,3.421788e+06,,0.000000e+00,0.000000e+00
2013-12-11 23:11:18.000000,0.000000e+00,1.663795e+07,1.180388e+02,7.344306e+06,1.730961e+02,3.421764e+06,,0.000000e+00,0.000000e+00
2013-12-11 23:11:19.000000,0.000000e+00,1.663795e+07,1.180385e+02,7.344310e+06,1.730961e+02,3.421740e+06,,0.000000e+00,0.000000e+00
2013-12-11 23:11:20.000000,0.000000e+00,1.663795e+07,1.180381e+02,7.344315e+06,1.730961e+02,3.421717e+06,,0.000000e+00,0.000000e+00
2013-12-11 23:11:21.000000,0.000000e+00,1.663795e+07,1.180378e+02,7.344318e+06,1.730961e+02,3.421693e+06,,0.000000e+00,0.000000e+00
2013-12-11 23:11:22.000000,0.000000e+00,1.663795e+07,1.180375e+02,7.344322e+06,1.730961e+02,3.421669e+06,,0.000000e+00,0.000000e+00
2013-12-11 23:11:23.000000,0.000000e+00,1.663795e+07,1.180372e+02,7.344326e+06,1.730961e+02,3.421645e+06,,0.000000e+00,0.000000e+00
2013-12-11 23:11:24.000000,0.000000e+00,1.663795e+07,1.180368e+02,7.344331e+06,1.730961e+02,3.421622e+06,,0.000000e+00,0.000000e+00
2013-12-11 23:11:25.000000,0.000000e+00,1.663795e+07,1.180365e+02,7.344334e+06,1.730961e+02,3.421598e+06,,0.000000e+00,0.000000e+00
2013-12-11 23:11:26.000000,0.000000e+00,1.663795e+07,1.180362e+02,7.344338e+06,1.730961e+02,3.421574e+06,,0.000000e+00,0.000000e+00
2013-12-11 23:11:27.000000,0.000000e+00,1.663795e+07,1.180359e+02,7.344343e+06,1.730961e+02,3.421550e+06,,0.000000e+00,0.000000e+00
2013-12-11 23:11:28.000000,0.000000e+00,1.663795e+07,1.180355e+02,7.344347e+06,1.730961e+02,3.421526e+06,,0.000000e+00,0.000000e+00
2013-12-11 23:11:29.000000,0.000000e+00,1.663795e+07,1.180352e+02,7.344350e+06,1.730961e+02,3.421503e+06,,0.000000e+00,0.000000e+00
2013-12-11 23:11:30.000000,0.000000e+00,1.663795e+07,1.180349e+02,7.344354e+06,1.730961e+02,3.421479e+06,,0.000000e+00,0.000000e+00
2013-12-11 23:11:31.000000,0.000000e+00,1.663795e+07,1.180346e+02,7.344359e+06,1.730961e+02,3.421455e+06,,0.000000e+00,0.000000e+00
2013-12-11 23:11:32.000000,0.000000e+00,1.663795e+07,1.180342e+02,7.344363e+06,1.730961e+02,3.421431e+06,,0.000000e+00,0.000000e+00
2013-12-11 23:11:33.000000,0.000000e+00,1.663795e+07,1.180339e+02,7.344366e+06,1.730961e+02,3.421407e+06,,0.000000e+00,0.000000e+00
2013-12-11 23:11:34.000000,0.000000e+00,1.663795e+07,1.180336e+02,7.344370e+06,1.730961e+02,3.421384e+06,,0.000000e+00,0.000000e+00
2013-12-11 23:11:35.000000,0.000000e+00,1.663795e+07,1.180332e+02,7.344375e+06,1.730961e+02,3.421360e+06,,0.000000e+00,0.000000e+00
2013-12-11 23:11:36.000000,0.000000e+00,1.663795e+07,1.180329e+02,7.344379e+06,1.730961e+02,3.421336e+06,,0.000000e+00,0.000000e+00
2013-12-11 23:11:37.000000,0.000000e+00,1.663795e+07,1.180326e+02,7.344382e+06,1.730961e+02,3.421312e+06,,0.000000e+00,0.000000e+00
2013-12-11 23:11:38.000000,0.000000e+00,1.663795e+07,1.180323e+02,7.344386e+06,1.730961e+02,3.421288e+06,,0.000000e+00,0.000000e+00
2013-12-11 23:11:39.000000,0.000000e+00,1.663795e+07,1.180319e+02,7.344391e+06,1.730961e+02,3.421265e+06,,0.000000e+00,0.000000e+00
2013-12-11 23:11:40.000000,0.000000e+00,1.663795e+07,1.180316e+02,7.344395e+06,1.730961e+02,3.421241e+06,,0.000000e+00,0.000000e+00
2013-12-11 23:11:41.000000,0.000000e+00,1.663795e+07,1.180313e+02,7.344398e+06,1.730961e+02,3.421217e+06,,0.000000e+00,0.000000e+00
2013-12-11 23:11:42.000000,0.000000e+00,1.663795e+07,1.180310e+02,7.344403e+06,1.730961e+02,3.421193e+06,,0.000000e+00,0.000000e+00
2013-12-11 23:11:43.000000,0.000000e+00,1.663795e+07,1.180306e+02,7.344407e+06,1.730961e+02,3.421169e+06,,0.000000e+00,0.000000e+00
2013-12-11 23:11:44.000000,0.000000e+00,1.663795e+07,1.180303e+02,7.344411e+06,1.730961e+02,3.421146e+06,,0.000000e+00,0.000000e+00
2013-12-11 23:11:45.000000,0.000000e+00,1.663795e+07,1.180300e+02,7.344415e+06,1.730961e+02,3.421122e+06,,0.000000e+00,0.000000e+00
2013-12-11 23:11:46.000000,0.000000e+00,1.663795e+07,1.180297e+02,7.344419e+06,1.730961e+02,3.421098e+06,,0.000000e+00,0.000000e+00
2013-12-11 23:11:47.000000,0.000000e+00,1.663795e+07,1.180293e+02,7.344423e+06,1.730961e+02,3.421074e+06,,0.000000e+00,0.000000e+00
2013-12-11 23:11:48.000000,0.000000e+00,1.663795e+07,1.180290e+02,7.344427e+06,1.730961e+02,3.421051e+06,,0.000000e+00,0.000000e+00
2013-12-11 23:11:49.000000,0.000000e+00,1.663795e+07,1.180287e+02,7.344431e+06,1.730961e+02,3.421027e+06,,0.000000e+00,0.000000e+00
2013-12-11 23:11:50.000000,0.000000e+00,1.663795e+07,1.180284e+02,7.344435e+06,1.730961e+02,3.421003e+06,,0.000000e+00,0.000000e+00
2013-12-11 23:11:51.000000,0.000000e+00,1.663795e+07,1.180280e+02,7.344439e+06,1.730961e+02,3.420979e+06,,0.000000e+00,0.000000e+00
2013-12-11 23:11:52.000000,0.000000e+00,1.663795e+07,1.180277e+02,7.344443e+06,1.730961e+02,3.420955e+06,,0.000000e+00,0.000000e+00
2013-12-11 23:11:53.000000,0.000000e+00,1.663795e+07,1.180274e+02,7.344447e+06,1.730961e+02,3.420932e+06,,0.000000e+00,0.000000e+00
2013-12-11 23:11:54.000000,0.000000e+00,1.663795e+07,1.180271e+02,7.344451e+06,1.730961e+02,3.420908e+06,,0.000000e+00,0.000000e+00
2013-12-11 23:11:55.000000,0.000000e+00,1.663795e+07,1.180267e+02,7.344455e+06,1.730961e+02,3.420884e+06,,0.000000e+00,0.000000e+00
2013-12-11 23:11:56.000000,0.000000e+00,1.663795e+07,1.180264e+02,7.344459e+06,1.730961e+02,3.420860e+06,,0.000000e+00,0.000000e+00
2013-12-11 23:11:57.000000,0.000000e+00,1.663795e+07,1.180261e+02,7.344463e+06,1.730961e+02,3.420836e+06,,0.000000e+00,0.000000e+00
2013-12-11 23:11:58.000000,0.000000e+00,1.663795e+07,1.180258e+02,7.344467e+06,1.730961e+02,3.420813e+06,,0.000000e+00,0.000000e+00
2013-12-11 23:11:59.000000,0.000000e+00,1.663795e+07,1.180254e+02,7.344471e+06,1.730961e+02,3.420789e+06,,0.000000e+00,0.000000e+00
2013-12-11 23:12:00.000000,0.000000e+00,1.663795e+07,1.180251e+02,7.344475e+06,1.730961e+02,3.420765e+06,,0.000000e+00,0.000000e+00
2013-12-11 23:12:01.000000,0.000000e+00,1.663795e+07,1.180248e+02,7.344479e+06,1.730961e+02,3.420741e+06,,0.000000e+00,0.000000e+00
2013-12-11 23:12:02.000000,0.000000e+00,1.663795e+07,1.180245e+02,7.344483e+06,1.730961e+02,3.420717e+06,,0.000000e+00,0.000000e+00
2013-12-11 23:12:03.000000,0.000000e+00,1.663795e+07,1.180241e+02,7.344487e+06,1.730961e+02,3.420694e+06,,0.000000e+00,0.000000e+00
2013-12-11 23:12:04.000000,0.000000e+00,1.663795e+07,1.180238e+02,7.344491e+06,1.730961e+02,3.420670e+06,,0.000000e+00,0.000000e+00
2013-12-11 23:12:05.000000,0.000000e+00,1.663795e+07,1.180235e+02,7.344495e+06,1.730961e+02,3.420646e+06,,0.000000e+00,0.000000e+00
2013-12-11 23:12:06.000000,0.000000e+00,1.663795e+07,1.180232e+02,7.344499e+06,1.730961e+02,3.420622e+06,,0.000000e+00,0.000000e+00
2013-12-11 23:12:07.000000,0.000000e+00,1.663795e+07,1.180228e+02,7.344503e+06,1.730961e+02,3.420598e+06,,0.000000e+00,0.000000e+00
2013-12-11 23:12:08.000000,0.000000e+00,1.663795e+07,1.180225e+02,7.344507e+06,1.730961e+02,3.420575e+06,,0.000000e+00,0.000000e+00
2013-12-11 23:12:09.000000,0.000000e+00,1.663795e+07,1.180222e+02,7.344511e+06,1.730961e+02,3.420551e+06,,0.000000e+00,0.000000e+00
2013-12-11 23:12:10.000000,0.000000e+00,1.663795e+07,1.180219e+02,7.344515e+06,1.730961e+02,3.420527e+06,,0.000000e+00,0.000000e+00
2013-12-11 23:12:11.000000,0.000000e+00,1.663795e+07,1.180215e+02,7.344519e+06,1.730961e+02,3.420503e+06,,0.000000e+00,0.000000e+00
2013-12-11 23:12:12.000000,0.000000e+00,1.663795e+07,1.180212e+02,7.344524e+06,1.730961e+02,3.420479e+06,,0.000000e+00,0.000000e+00
2013-12-11 23:12:13.000000,0.000000e+00,1.663795e+07,1.180209e+02,7.344527e+06,1.730961e+02,3.420456e+06,,0.000000e+00,0.000000e+00
2013-12-11 23:12:14.000000,0.000000e+00,1.663795e+07,1.180206e+02,7.344531e+06,1.730961e+02,3.420432e+06,,0.000000e+00,0.000000e+00
2013-12-11 23:12:15.000000,0.000000e+00,1.663795e+07,1.180202e+02,7.344535e+06,1.730961e+02,3.420408e+06,,0.000000e+00,0.000000e+00
2013-12-11 23:12:16.000000,0.000000e+00,1.663795e+07,1.180199e+02,7.344540e+06,1.730961e+02,3.420384e+06,,0.000000e+00,0.000000e+00
2013-12-11 23:12:17.000000,0.000000e+00,1.663795e+07,1.180196e+02,7.344543e+06,1.730961e+02,3.420361e+06,,0.000000e+00,0.000000e+00
2013-12-11 23:12:18.000000,0.000000e+00,1.663795e+07,1.180193e+02,7.344547e+06,1.730961e+02,3.420337e+06,,0.000000e+00,0.000000e+00
2013-12-11 23:12:19.000000,0.000000e+00,1.663795e+07,1.180189e+02,7.344551e+06,1.730961e+02,3.420313e+06,,0.000000e+00,0.000000e+00
2013-12-11 23:12:20.000000,0.000000e+00,1.663795e+07,1.180186e+02,7.344556e+06,1.730961e+02,3.420289e+06,,0.000000e+00,0.000000e+00
2013-12-11 23:12:21.000000,0.000000e+00,1.663795e+07,1.180183e+02,7.344559e+06,1.730961e+02,3.420265e+06,,0.000000e+00,0.000000e+00
2013-12-11 23:12:22.000000,0.000000e+00,1.663795e+07,1.180180e+02,7.344563e+06,1.730961e+02,3.420242e+06,,0.000000e+00,0.000000e+00
2013-12-11 23:12:23.000000,0.000000e+00,1.663795e+07,1.180176e+02,7.344567e+06,1.730961e+02,3.420218e+06,,0.000000e+00,0.000000e+00
2013-12-11 23:12:24.000000,0.000000e+00,1.663795e+07,1.180173e+02,7.344572e+06,1.730961e+02,3.420194e+06,,0.000000e+00,0.000000e+00
2013-12-11 23:12:25.000000,0.000000e+00,1.663795e+07,1.180170e+02,7.344576e+06,1.730961e+02,3.420170e+06,,0.000000e+00,0.000000e+00
2013-12-11 23:12:26.000000,0.000000e+00,1.663795e+07,1.180166e+02,7.344579e+06,1.730961e+02,3.420146e+06,,0.000000e+00,0.000000e+00
2013-12-11 23:12:27.000000,0.000000e+00,1.663795e+07,1.180163e+02,7.344584e+06,1.730961e+02,3.420123e+06,,0.000000e+00,0.000000e+00
2013-12-11 23:12:28.000000,0.000000e+00,1.663795e+07,1.180160e+02,7.344588e+06,1.730961e+02,3.420098e+06,,0.000000e+00,0.000000e+00
2013-12-11 23:12:29.000000,0.000000e+00,1.663795e+07,1.180157e+02,7.344592e+06,1.730961e+02,3.420075e+06,,0.000000e+00,0.000000e+00
2013-12-11 23:12:30.000000,0.000000e+00,1.663795e+07,1.180154e+02,7.344595e+06,1.730961e+02,3.420051e+06,,0.000000e+00,0.000000e+00
2013-12-11 23:12:31.000000,0.000000e+00,1.663795e+07,1.180150e+02,7.344600e+06,1.730961e+02,3.420027e+06,,0.000000e+00,0.000000e+00
2013-12-11 23:12:32.000000,0.000000e+00,1.663795e+07,1.180147e+02,7.344604e+06,1.730961e+02,3.420004e+06,,0.000000e+00,0.000000e+00
2013-12-11 23:12:33.000000,0.000000e+00,1.663795e+07,1.180144e+02,7.344608e+06,1.730961e+02,3.419980e+06,,0.000000e+00,0.000000e+00
2013-12-11 23:12:34.000000,0.000000e+00,1.663795e+07,1.180140e+02,7.344611e+06,1.730961e+02,3.419956e+06,,0.000000e+00,0.000000e+00
2013-12-11 23:12:35.000000,0.000000e+00,1.663795e+07,1.180137e+02,7.344616e+06,1.730961e+02,3.419932e+06,,0.000000e+00,0.000000e+00
2013-12-11 23:12:36.000000,0.000000e+00,1.663795e+07,1.180134e+02,7.344620e+06,1.730961e+02,3.419908e+06,,0.000000e+00,0.000000e+00
2013-12-11 23:12:37.000000,0.000000e+00,1.663795e+07,1.180131e+02,7.344624e+06,1.730961e+02,3.419884e+06,,0.000000e+00,0.000000e+00
2013-12-11 23:12:38.000000,0.000000e+00,1.663795e+07,1.180127e+02,7.344627e+06,1.730961e+02,3.419861e+06,,0.000000e+00,0.000000e+00
2013-12-11 23:12:39.000000,0.000000e+00,1.663795e+07,1.180124e+02,7.344632e+06,1.730961e+02,3.419837e+06,,0.000000e+00,0.000000e+00
2013-12-11 23:12:40.000000,0.000000e+00,1.663795e+07,1.180121e+02,7.344636e+06,1.730961e+02,3.419813e+06,,0.000000e+00,0.000000e+00
2013-12-11 23:12:41.000000,0.000000e+00,1.663795e+07,1.180118e+02,7.344640e+06,1.730961e+02,3.419790e+06,,0.000000e+00,0.000000e+00
2013-12-11 23:12:42.000000,0.000000e+00,1.663795e+07,1.180114e+02,7.344644e+06,1.730961e+02,3.419765e+06,,0.000000e+00,0.000000e+00
2013-12-11 23:12:43.000000,0.000000e+00,1.663795e+07,1.180111e+02,7.344648e+06,1.730961e+02,3.419742e+06,,0.000000e+00,0.000000e+00
2013-12-11 23:12:44.000000,0.000000e+00,1.663795e+07,1.180108e+02,7.344652e+06,1.730961e+02,3.419718e+06,,0.000000e+00,0.000000e+00
2013-12-11 23:12:45.000000,0.000000e+00,1.663795e+07,1.180105e+02,7.344656e+06,1.730961e+02,3.419694e+06,,0.000000e+00,0.000000e+00
2013-12-11 23:12:46.000000,0.000000e+00,1.663795e+07,1.180101e+02,7.344660e+06,1.730961e+02,3.419670e+06,,0.000000e+00,0.000000e+00
2013-12-11 23:12:47.000000,0.000000e+00,1.663795e+07,1.180098e+02,7.344664e+06,1.730961e+02,3.419646e+06,,0.000000e+00,0.000000e+00
2013-12-11 23:12:48.000000,0.000000e+00,1.663795e+07,1.180095e+02,7.344668e+06,1.730961e+02,3.419623e+06,,0.000000e+00,0.000000e+00
2013-12-11 23:12:49.000000,0.000000e+00,1.663795e+07,1.180092e+02,7.344672e+06,1.730961e+02,3.419599e+06,,0.000000e+00,0.000000e+00
2013-12-11 23:12:50.000000,0.000000e+00,1.663795e+07,1.180088e+02,7.344676e+06,1.730961e+02,3.419575e+06,,0.000000e+00,0.000000e+00
2013-12-11 23:12:51.000000,0.000000e+00,1.663795e+07,1.180085e+02,7.344680e+06,1.730961e+02,3.419551e+06,,0.000000e+00,0.000000e+00
2013-12-11 23:12:52.000000,0.000000e+00,1.663795e+07,1.180082e+02,7.344684e+06,1.730961e+02,3.419527e+06,,0.000000e+00,0.000000e+00
2013-12-11 23:12:53.000000,0.000000e+00,1.663795e+07,1.180079e+02,7.344688e+06,1.730961e+02,3.419504e+06,,0.000000e+00,0.000000e+00
2013-12-11 23:12:54.000000,0.000000e+00,1.663795e+07,1.180075e+02,7.344692e+06,1.730961e+02,3.419480e+06,,0.000000e+00,0.000000e+00
2013-12-11 23:12:55.000000,0.000000e+00,1.663795e+07,1.180072e+02,7.344696e+06,1.730961e+02,3.419456e+06,,0.000000e+00,0.000000e+00
2013-12-11 23:12:56.000000,0.000000e+00,1.663795e+07,1.180069e+02,7.344700e+06,1.730961e+02,3.419432e+06,,0.000000e+00,0.000000e+00
2013-12-11 23:12:57.000000,0.000000e+00,1.663795e+07,1.180066e+02,7.344704e+06,1.730961e+02,3.419409e+06,,0.000000e+00,0.000000e+00
2013-12-11 23:12:58.000000,0.000000e+00,1.663795e+07,1.180062e+02,7.344708e+06,1.730961e+02,3.419385e+06,,0.000000e+00,0.000000e+00
2013-12-11 23:12:59.000000,0.000000e+00,1.663795e+07,1.180059e+02,7.344712e+06,1.730961e+02,3.419361e+06,,0.000000e+00,0.000000e+00
2013-12-11 23:13:00.000000,0.000000e+00,1.663795e+07,1.180056e+02,7.344716e+06,1.730961e+02,3.419337e+06,,0.000000e+00,0.000000e+00
2013-12-11 23:13:01.000000,0.000000e+00,1.663795e+07,1.180053e+02,7.344720e+06,1.730961e+02,3.419313e+06,,0.000000e+00,0.000000e+00
2013-12-11 23:13:02.000000,0.000000e+00,1.663795e+07,1.180049e+02,7.344724e+06,1.730961e+02,3.419290e+06,,0.000000e+00,0.000000e+00
2013-12-11 23:13:03.000000,0.000000e+00,1.663795e+07,1.180046e+02,7.344728e+06,1.730961e+02,3.419266e+06,,0.000000e+00,0.000000e+00
2013-12-11 23:13:04.000000,0.000000e+00,1.663795e+07,1.180049e+02,7.344732e+06,1.730961e+02,3.419242e+06,,0.000000e+00,0.000000e+00
2013-12-11 23:13:05.000000,0.000000e+00,1.663795e+07,1.180053e+02,7.344736e+06,1.730961e+02,3.419218e+06,,0.000000e+00,0.000000e+00
2013-12-11 23:13:06.000000,0.000000e+00,1.663795e+07,1.180056e+02,7.344740e+06,1.730961e+02,3.419194e+06,,0.000000e+00,0.000000e+00
2013-12-11 23:13:07.000000,0.000000e+00,1.663795e+07,1.180059e+02,7.344744e+06,1.730961e+02,3.419171e+06,,0.000000e+00,0.000000e+00
2013-12-11 23:13:08.000000,0.000000e+00,1.663795e+07,1.180062e+02,7.344748e+06,1.730961e+02,3.419147e+06,,0.000000e+00,0.000000e+00
2013-12-11 23:13:09.000000,0.000000e+00,1.663795e+07,1.180066e+02,7.344753e+06,1.730961e+02,3.419123e+06,,0.000000e+00,0.000000e+00
2013-12-11 23:13:10.000000,0.000000e+00,1.663795e+07,1.180069e+02,7.344756e+06,1.730961e+02,3.419099e+06,,0.000000e+00,0.000000e+00
2013-12-11 23:13:11.000000,0.000000e+00,1.663795e+07,1.180072e+02,7.344760e+06,1.730961e+02,3.419075e+06,,0.000000e+00,0.000000e+00
2013-12-11 23:13:12.000000,0.000000e+00,1.663795e+07,1.180075e+02,7.344765e+06,1.730961e+02,3.419052e+06,,0.000000e+00,0.000000e+00
2013-12-11 23:13:13.000000,0.000000e+00,1.663795e+07,1.180079e+02,7.344769e+06,1.730961e+02,3.419028e+06,,0.000000e+00,0.000000e+00
2013-12-11 23:13:14.000000,0.000000e+00,1.663795e+07,1.180082e+02,7.344772e+06,1.730961e+02,3.419004e+06,,0.000000e+00,0.000000e+00
2013-12-11 23:13:15.000000,0.000000e+00,1.663795e+07,1.180085e+02,7.344776e+06,1.730961e+02,3.418980e+06,,0.000000e+00,0.000000e+00
2013-12-11 23:13:16.000000,0.000000e+00,1.663795e+07,1.180088e+02,7.344781e+06,1.730961e+02,3.418956e+06,,0.000000e+00,0.000000e+00
2013-12-11 23:13:17.000000,0.000000e+00,1.663795e+07,1.180092e+02,7.344785e+06,1.730961e+02,3.418933e+06,,0.000000e+00,0.000000e+00
2013-12-11 23:13:18.000000,0.000000e+00,1.663795e+07,1.180095e+02,7.344788e+06,1.730961e+02,3.418909e+06,,0.000000e+00,0.000000e+00
2013-12-11 23:13:19.000000,0.000000e+00,1.663795e+07,1.180098e+02,7.344792e+06,1.730961e+02,3.418885e+06,,0.000000e+00,0.000000e+00
2013-12-11 23:13:20.000000,0.000000e+00,1.663795e+07,1.180101e+02,7.344797e+06,1.730961e+02,3.418861e+06,,0.000000e+00,0.000000e+00
2013-12-11 23:13:21.000000,0.000000e+00,1.663795e+07,1.180105e+02,7.344801e+06,1.730961e+02,3.418837e+06,,0.000000e+00,0.000000e+00
2013-12-11 23:13:22.000000,0.000000e+00,1.663795e+07,1.180108e+02,7.344804e+06,1.730961e+02,3.418814e+06,,0.000000e+00,0.000000e+00
2013-12-11 23:13:23.000000,0.000000e+00,1.663795e+07,1.180111e+02,7.344808e+06,1.730961e+02,3.418790e+06,,0.000000e+00,0.000000e+00
2013-12-11 23:13:24.000000,0.000000e+00,1.663795e+07,1.180114e+02,7.344813e+06,1.730961e+02,3.418766e+06,,0.000000e+00,0.000000e+00
2013-12-11 23:13:25.000000,0.000000e+00,1.663795e+07,1.180118e+02,7.344817e+06,1.730961e+02,3.418742e+06,,0.000000e+00,0.000000e+00
2013-12-11 23:13:26.000000,0.000000e+00,1.663795e+07,1.180121e+02,7.344820e+06,1.730961e+02,3.418719e+06,,0.000000e+00,0.000000e+00
2013-12-11 23:13:27.000000,0.000000e+00,1.663795e+07,1.180124e+02,7.344825e+06,1.730961e+02,3.418695e+06,,0.000000e+00,0.000000e+00
2013-12-11 23:13:28.000000,0.000000e+00,1.663795e+07,1.180127e+02,7.344829e+06,1.730961e+02,3.418671e+06,,0.000000e+00,0.000000e+00
2013-12-11 23:13:29.000000,0.000000e+00,1.663795e+07,1.180131e+02,7.344833e+06,1.730961e+02,3.418647e+06,,0.000000e+00,0.000000e+00
2013-12-11 23:13:30.000000,0.000000e+00,1.663795e+07,1.180134e+02,7.344836e+06,1.730961e+02,3.418623e+06,,0.000000e+00,0.000000e+00
2013-12-11 23:13:31.000000,0.000000e+00,1.663795e+07,1.180137e+02,7.344841e+06,1.730961e+02,3.418600e+06,,0.000000e+00,0.000000e+00
2013-12-11 23:13:32.000000,0.000000e+00,1.663795e+07,1.180140e+02,7.344845e+06,1.730961e+02,3.418576e+06,,0.000000e+00,0.000000e+00
2013-12-11 23:13:33.000000,0.000000e+00,1.663795e+07,1.180144e+02,7.344849e+06,1.730961e+02,3.418552e+06,,0.000000e+00,0.000000e+00
2013-12-11 23:13:34.000000,0.000000e+00,1.663795e+07,1.180147e+02,7.344852e+06,1.730961e+02,3.418528e+06,,0.000000e+00,0.000000e+00
2013-12-11 23:13:35.000000,0.000000e+00,1.663795e+07,1.180150e+02,7.344857e+06,1.730961e+02,3.418504e+06,,0.000000e+00,0.000000e+00
2013-12-11 23:13:36.000000,0.000000e+00,1.663795e+07,1.180154e+02,7.344861e+06,1.730961e+02,3.418481e+06,,0.000000e+00,0.000000e+00
2013-12-11 23:13:37.000000,0.000000e+00,1.663795e+07,1.180157e+02,7.344865e+06,1.730961e+02,3.418457e+06,,0.000000e+00,0.000000e+00
2013-12-11 23:13:38.000000,0.000000e+00,1.663795e+07,1.180160e+02,7.344868e+06,1.730961e+02,3.418433e+06,,0.000000e+00,0.000000e+00
2013-12-11 23:13:39.000000,0.000000e+00,1.663795e+07,1.180163e+02,7.344873e+06,1.730961e+02,3.418409e+06,,0.000000e+00,0.000000e+00
2013-12-11 23:13:40.000000,0.000000e+00,1.663795e+07,1.180166e+02,7.344877e+06,1.730961e+02,3.418385e+06,,0.000000e+00,0.000000e+00
2013-12-11 23:13:41.000000,0.000000e+00,1.663795e+07,1.180170e+02,7.344881e+06,1.730961e+02,3.418362e+06,,0.000000e+00,0.000000e+00
2013-12-11 23:13:42.000000,0.000000e+00,1.663795e+07,1.180173e+02,7.344885e+06,1.730961e+02,3.418338e+06,,0.000000e+00,0.000000e+00
2013-12-11 23:13:43.000000,0.000000e+00,1.663795e+07,1.180176e+02,7.344889e+06,1.730961e+02,3.418314e+06,,0.000000e+00,0.000000e+00
2013-12-11 23:13:44.000000,0.000000e+00,1.663795e+07,1.180180e+02,7.344893e+06,1.730961e+02,3.418290e+06,,0.000000e+00,0.000000e+00
2013-12-11 23:13:45.000000,0.000000e+00,1.663795e+07,1.180183e+02,7.344897e+06,1.730961e+02,3.418266e+06,,0.000000e+00,0.000000e+00
2013-12-11 23:13:46.000000,0.000000e+00,1.663795e+07,1.180186e+02,7.344901e+06,1.730961e+02,3.418243e+06,,0.000000e+00,0.000000e+00
2013-12-11 23:13:47.000000,0.000000e+00,1.663795e+07,1.180189e+02,7.344905e+06,1.730961e+02,3.418219e+06,,0.000000e+00,0.000000e+00
2013-12-11 23:13:48.000000,0.000000e+00,1.663795e+07,1.180193e+02,7.344909e+06,1.730961e+02,3.418195e+06,,0.000000e+00,0.000000e+00
2013-12-11 23:13:49.000000,0.000000e+00,1.663795e+07,1.180196e+02,7.344913e+06,1.730961e+02,3.418171e+06,,0.000000e+00,0.000000e+00
2013-12-11 23:13:50.000000,0.000000e+00,1.663795e+07,1.180199e+02,7.344917e+06,1.730961e+02,3.418148e+06,,0.000000e+00,0.000000e+00
2013-12-11 23:13:51.000000,0.000000e+00,1.663795e+07,1.180202e+02,7.344921e+06,1.730961e+02,3.418124e+06,,0.000000e+00,0.000000e+00
2013-12-11 23:13:52.000000,0.000000e+00,1.663795e+07,1.180206e+02,7.344925e+06,1.730961e+02,3.418100e+06,,0.000000e+00,0.000000e+00
2013-12-11 23:13:53.000000,0.000000e+00,1.663795e+07,1.180209e+02,7.344929e+06,1.730961e+02,3.418076e+06,,0.000000e+00,0.000000e+00
2013-12-11 23:13:54.000000,0.000000e+00,1.663795e+07,1.180212e+02,7.344933e+06,1.730961e+02,3.418052e+06,,0.000000e+00,0.000000e+00
2013-12-11 23:13:55.000000,0.000000e+00,1.663795e+07,1.180215e+02,7.344937e+06,1.730961e+02,3.418029e+06,,0.000000e+00,0.000000e+00
2013-12-11 23:13:56.000000,0.000000e+00,1.663795e+07,1.180219e+02,7.344941e+06,1.730961e+02,3.418005e+06,,0.000000e+00,0.000000e+00
2013-12-11 23:13:57.000000,0.000000e+00,1.663795e+07,1.180222e+02,7.344946e+06,1.730961e+02,3.417981e+06,,0.000000e+00,0.000000e+00
2013-12-11 23:13:58.000000,0.000000e+00,1.663795e+07,1.180225e+02,7.344949e+06,1.730961e+02,3.417957e+06,,0.000000e+00,0.000000e+00
2013-12-11 23:13:59.000000,0.000000e+00,1.663795e+07,1.180228e+02,7.344953e+06,1.730961e+02,3.417933e+06,,0.000000e+00,0.000000e+00
2013-12-11 23:14:00.000000,0.000000e+00,1.663795e+07,1.180232e+02,7.344957e+06,1.730961e+02,3.417910e+06,,0.000000e+00,0.000000e+00
2013-12-11 23:14:01.000000,0.000000e+00,1.663795e+07,1.180235e+02,7.344962e+06,1.730961e+02,3.417886e+06,,0.000000e+00,0.000000e+00
2013-12-11 23:14:02.000000,0.000000e+00,1.663795e+07,1.180238e+02,7.344965e+06,1.730961e+02,3.417862e+06,,0.000000e+00,0.000000e+00
2013-12-11 23:14:03.000000,0.000000e+00,1.663795e+07,1.180241e+02,7.344969e+06,1.730961e+02,3.417838e+06,,0.000000e+00,0.000000e+00
2013-12-11 23:14:04.000000,0.000000e+00,1.663795e+07,1.180245e+02,7.344973e+06,1.730961e+02,3.417814e+06,,0.000000e+00,0.000000e+00
2013-12-11 23:14:05.000000,0.000000e+00,1.663795e+07,1.180248e+02,7.344978e+06,1.730961e+02,3.417791e+06,,0.000000e+00,0.000000e+00
2013-12-11 23:14:06.000000,0.000000e+00,1.663795e+07,1.180251e+02,7.344981e+06,1.730961e+02,3.417767e+06,,0.000000e+00,0.000000e+00
2013-12-11 23:14:07.000000,0.000000e+00,1.663795e+07,1.180254e+02,7.344985e+06,1.730961e+02,3.417743e+06,,0.000000e+00,0.000000e+00
2013-12-11 23:14:08.000000,0.000000e+00,1.663795e+07,1.180258e+02,7.344989e+06,1.730961e+02,3.417719e+06,,0.000000e+00,0.000000e+00
2013-12-11 23:14:09.000000,0.000000e+00,1.663795e+07,1.180261e+02,7.344994e+06,1.730961e+02,3.417695e+06,,0.000000e+00,0.000000e+00
2013-12-11 23:14:10.000000,0.000000e+00,1.663795e+07,1.180264e+02,7.344997e+06,1.730961e+02,3.417672e+06,,0.000000e+00,0.000000e+00
2013-12-11 23:14:11.000000,0.000000e+00,1.663795e+07,1.180267e+02,7.343491e+06,1.730961e+02,3.417648e+06,,0.000000e+00,0.000000e+00
2013-12-11 23:14:12.000000,0.000000e+00,1.663795e+07,1.180271e+02,7.341983e+06,1.730961e+02,3.417624e+06,,0.000000e+00,0.000000e+00
2013-12-11 23:14:13.000000,0.000000e+00,1.663795e+07,1.180274e+02,7.340476e+06,1.730961e+02,3.417600e+06,,0.000000e+00,0.000000e+00
2013-12-11 23:14:14.000000,0.000000e+00,1.663795e+07,1.180277e+02,7.338969e+06,1.730961e+02,3.417577e+06,,0.000000e+00,0.000000e+00
2013-12-11 23:14:15.000000,0.000000e+00,1.663795e+07,1.180280e+02,7.337463e+06,1.730961e+02,3.417553e+06,,0.000000e+00,0.000000e+00
2013-12-11 23:14:16.000000,0.000000e+00,1.663795e+07,1.180284e+02,7.335956e+06,1.730961e+02,3.417529e+06,,0.000000e+00,0.000000e+00
2013-12-11 23:14:17.000000,0.000000e+00,1.663795e+07,1.180287e+02,7.334448e+06,1.730961e+02,3.417505e+06,,0.000000e+00,0.000000e+00
2013-12-11 23:14:18.000000,0.000000e+00,1.663795e+07,1.180290e+02,7.332941e+06,1.730961e+02,3.417481e+06,,0.000000e+00,0.000000e+00
2013-12-11 23:14:19.000000,0.000000e+00,1.663795e+07,1.180293e+02,7.331435e+06,1.730961e+02,3.417458e+06,,0.000000e+00,0.000000e+00
2013-12-11 23:14:20.000000,0.000000e+00,1.663795e+07,1.180297e+02,7.329927e+06,1.730961e+02,3.417434e+06,,0.000000e+00,0.000000e+00
2013-12-11 23:14:21.000000,0.000000e+00,1.663795e+07,1.180300e+02,7.328420e+06,1.730961e+02,3.417410e+06,,0.000000e+00,0.000000e+00
2013-12-11 23:14:22.000000,0.000000e+00,1.663795e+07,1.180303e+02,7.326913e+06,1.730961e+02,3.417386e+06,,0.000000e+00,0.000000e+00
2013-12-11 23:14:23.000000,0.000000e+00,1.663795e+07,1.180306e+02,7.325407e+06,1.730961e+02,3.417362e+06,,0.000000e+00,0.000000e+00
2013-12-11 23:14:24.000000,0.000000e+00,1.663795e+07,1.180310e+02,7.323900e+06,1.730961e+02,3.417339e+06,,0.000000e+00,0.000000e+00
2013-12-11 23:14:25.000000,0.000000e+00,1.663795e+07,1.180313e+02,7.322392e+06,1.730961e+02,3.417315e+06,,0.000000e+00,0.000000e+00
2013-12-11 23:14:26.000000,0.000000e+00,1.663795e+07,1.180316e+02,7.320885e+06,1.730961e+02,3.417291e+06,,0.000000e+00,0.000000e+00
2013-12-11 23:14:27.000000,0.000000e+00,1.663795e+07,1.180319e+02,7.319379e+06,1.730961e+02,3.417267e+06,,0.000000e+00,0.000000e+00
2013-12-11 23:14:28.000000,0.000000e+00,1.663795e+07,1.180323e+02,7.317871e+06,1.730961e+02,3.417243e+06,,0.000000e+00,0.000000e+00
2013-12-11 23:14:29.000000,0.000000e+00,1.663795e+07,1.180326e+02,7.316364e+06,1.730961e+02,3.417220e+06,,0.000000e+00,0.000000e+00
2013-12-11 23:14:30.000000,0.000000e+00,1.663795e+07,1.180329e+02,7.314857e+06,1.730961e+02,3.417196e+06,,0.000000e+00,0.000000e+00
2013-12-11 23:14:31.000000,0.000000e+00,1.663795e+07,1.180332e+02,7.313351e+06,1.730961e+02,3.417172e+06,,0.000000e+00,0.000000e+00
2013-12-11 23:14:32.000000,0.000000e+00,1.663795e+07,1.180336e+02,7.311844e+06,1.730961e+02,3.417148e+06,,0.000000e+00,0.000000e+00
2013-12-11 23:14:33.000000,0.000000e+00,1.663795e+07,1.180339e+02,7.310336e+06,1.730961e+02,3.417124e+06,,0.000000e+00,0.000000e+00
2013-12-11 23:14:34.000000,0.000000e+00,1.663795e+07,1.180342e+02,7.308829e+06,1.730961e+02,3.417101e+06,,0.000000e+00,0.000000e+00
2013-12-11 23:14:35.000000,0.000000e+00,1.663795e+07,1.180346e+02,7.307323e+06,1.730961e+02,3.417077e+06,,0.000000e+00,0.000000e+00
2013-12-11 23:14:36.000000,0.000000e+00,1.663795e+07,1.180349e+02,7.305815e+06,1.730961e+02,3.417053e+06,,0.000000e+00,0.000000e+00
2013-12-11 23:14:37.000000,0.000000e+00,1.663795e+07,1.180352e+02,7.304308e+06,1.730961e+02,3.417029e+06,,0.000000e+00,0.000000e+00
2013-12-11 23:14:38.000000,0.000000e+00,1.663795e+07,1.180355e+02,7.302802e+06,1.730961e+02,3.417006e+06,,0.000000e+00,0.000000e+00
2013-12-11 23:14:39.000000,0.000000e+00,1.663795e+07,1.180359e+02,7.301295e+06,1.730961e+02,3.416982e+06,,0.000000e+00,0.000000e+00
2013-12-11 23:14:40.000000,0.000000e+00,1.663795e+07,1.180362e+02,7.299788e+06,1.730961e+02,3.416958e+06,,0.000000e+00,0.000000e+00
2013-12-11 23:14:41.000000,0.000000e+00,1.663795e+07,1.180365e+02,7.298280e+06,1.730961e+02,3.416934e+06,,0.000000e+00,0.000000e+00
2013-12-11 23:14:42.000000,0.000000e+00,1.663795e+07,1.180368e+02,7.296774e+06,1.730961e+02,3.416910e+06,,0.000000e+00,0.000000e+00
2013-12-11 23:14:43.000000,0.000000e+00,1.663795e+07,1.180372e+02,7.295267e+06,1.730961e+02,3.416887e+06,,0.000000e+00,0.000000e+00
2013-12-11 23:14:44.000000,0.000000e+00,1.663795e+07,1.180375e+02,7.293759e+06,1.730961e+02,3.416862e+06,,0.000000e+00,0.000000e+00
2013-12-11 23:14:45.000000,0.000000e+00,1.663795e+07,1.180378e+02,7.292252e+06,1.730961e+02,3.416839e+06,,0.000000e+00,0.000000e+00
2013-12-11 23:14:46.000000,0.000000e+00,1.663795e+07,1.180381e+02,7.290746e+06,1.730961e+02,3.416815e+06,,0.000000e+00,0.000000e+00
2013-12-11 23:14:47.000000,0.000000e+00,1.663795e+07,1.180385e+02,7.289239e+06,1.730961e+02,3.416791e+06,,0.000000e+00,0.000000e+00
2013-12-11 23:14:48.000000,0.000000e+00,1.663795e+07,1.180388e+02,7.287732e+06,1.730961e+02,3.416768e+06,,0.000000e+00,0.000000e+00
2013-12-11 23:14:49.000000,0.000000e+00,1.663795e+07,1.180391e+02,7.286224e+06,1.730961e+02,3.416743e+06,,0.000000e+00,0.000000e+00
2013-12-11 23:14:50.000000,0.000000e+00,1.663795e+07,1.180394e+02,7.284718e+06,1.730961e+02,3.416720e+06,,0.000000e+00,0.000000e+00
2013-12-11 23:14:51.000000,0.000000e+00,1.663795e+07,1.180398e+02,7.283211e+06,1.730961e+02,3.416696e+06,,0.000000e+00,0.000000e+00
2013-12-11 23:14:52.000000,0.000000e+00,1.663795e+07,1.180401e+02,7.281703e+06,1.730961e+02,3.416672e+06,,0.000000e+00,0.000000e+00
2013-12-11 23:14:53.000000,0.000000e+00,1.663795e+07,1.180404e+02,7.280196e+06,1.730961e+02,3.416648e+06,,0.000000e+00,0.000000e+00
2013-12-11 23:14:54.000000,0.000000e+00,1.663795e+07,1.180407e+02,7.278690e+06,1.730961e+02,3.416624e+06,,0.000000e+00,0.000000e+00
2013-12-11 23:14:55.000000,0.000000e+00,1.663795e+07,1.180411e+02,7.277183e+06,1.730961e+02,3.416601e+06,,0.000000e+00,0.000000e+00
2013-12-11 23:14:56.000000,0.000000e+00,1.663795e+07,1.180414e+02,7.275676e+06,1.730961e+02,3.416577e+06,,0.000000e+00,0.000000e+00
2013-12-11 23:14:57.000000,0.000000e+00,1.663795e+07,1.180417e+02,7.274168e+06,1.730961e+02,3.416553e+06,,0.000000e+00,0.000000e+00
2013-12-11 23:14:58.000000,0.000000e+00,1.663795e+07,1.180420e+02,7.272662e+06,1.730961e+02,3.416529e+06,,0.000000e+00,0.000000e+00
2013-12-11 23:14:59.000000,0.000000e+00,1.663795e+07,1.180424e+02,7.271155e+06,1.730961e+02,3.416506e+06,,0.000000e+00,0.000000e+00
2013-12-11 23:15:00.000000,0.000000e+00,1.663795e+07,1.180427e+02,7.269647e+06,1.730961e+02,3.416482e+06,,0.000000e+00,0.000000e+00
2013-12-11 23:15:01.000000,0.000000e+00,1.663795e+07,1.180430e+02,7.268140e+06,1.730961e+02,3.416458e+06,,0.000000e+00,0.000000e+00
2013-12-11 23:15:02.000000,0.000000e+00,1.663795e+07,1.180433e+02,7.266634e+06,1.730961e+02,3.416434e+06,,0.000000e+00,0.000000e+00
2013-12-11 23:15:03.000000,0.000000e+00,1.663795e+07,1.180437e+02,7.265127e+06,1.730961e+02,3.416410e+06,,0.000000e+00,0.000000e+00
2013-12-11 23:15:04.000000,0.000000e+00,1.663795e+07,1.180431e+02,7.263620e+06,1.730961e+02,3.416387e+06,,0.000000e+00,0.000000e+00
2013-12-11 23:15:05.000000,0.000000e+00,1.663795e+07,1.180425e+02,7.262112e+06,1.730961e+02,3.416363e+06,,0.000000e+00,0.000000e+00
2013-12-11 23:15:06.000000,0.000000e+00,1.663795e+07,1.180420e+02,7.260606e+06,1.730961e+02,3.416339e+06,,0.000000e+00,0.000000e+00
2013-12-11 23:15:07.000000,0.000000e+00,1.663795e+07,1.180414e+02,7.259099e+06,1.730961e+02,3.416315e+06,,0.000000e+00,0.000000e+00
2013-12-11 23:15:08.000000,0.000000e+00,1.663795e+07,1.180409e+02,7.257591e+06,1.730961e+02,3.416291e+06,,0.000000e+00,0.000000e+00
2013-12-11 23:15:09.000000,0.000000e+00,1.663795e+07,1.180403e+02,7.256084e+06,1.730961e+02,3.416268e+06,,0.000000e+00,0.000000e+00
2013-12-11 23:15:10.000000,0.000000e+00,1.663795e+07,1.180398e+02,7.254578e+06,1.730961e+02,3.416244e+06,,0.000000e+00,0.000000e+00
2013-12-11 23:15:11.000000,0.000000e+00,1.663795e+07,1.180392e+02,7.256265e+06,1.730961e+02,3.416220e+06,,0.000000e+00,0.000000e+00
2013-12-11 23:15:12.000000,0.000000e+00,1.663795e+07,1.180386e+02,7.257954e+06,1.730961e+02,3.416196e+06,,0.000000e+00,0.000000e+00
2013-12-11 23:15:13.000000,0.000000e+00,1.663795e+07,1.180381e+02,7.259641e+06,1.730961e+02,3.416172e+06,,0.000000e+00,0.000000e+00
2013-12-11 23:15:14.000000,0.000000e+00,1.663795e+07,1.180375e+02,7.261329e+06,1.730961e+02,3.416149e+06,,0.000000e+00,0.000000e+00
2013-12-11 23:15:15.000000,0.000000e+00,1.663795e+07,1.180370e+02,7.263017e+06,1.730961e+02,3.416125e+06,,0.000000e+00,0.000000e+00
2013-12-11 23:15:16.000000,0.000000e+00,1.663795e+07,1.180364e+02,7.264705e+06,1.730961e+02,3.416101e+06,,0.000000e+00,0.000000e+00
2013-12-11 23:15:17.000000,0.000000e+00,1.663795e+07,1.180359e+02,7.266393e+06,1.730961e+02,3.416077e+06,,0.000000e+00,0.000000e+00
2013-12-11 23:15:18.000000,0.000000e+00,1.663795e+07,1.180353e+02,7.268080e+06,1.730961e+02,3.416053e+06,,0.000000e+00,0.000000e+00
2013-12-11 23:15:19.000000,0.000000e+00,1.663795e+07,1.180347e+02,7.269769e+06,1.730961e+02,3.416030e+06,,0.000000e+00,0.000000e+00
2013-12-11 23:15:20.000000,0.000000e+00,1.663795e+07,1.180342e+02,7.271456e+06,1.730961e+02,3.416006e+06,,0.000000e+00,0.000000e+00
2013-12-11 23:15:21.000000,0.000000e+00,1.663795e+07,1.180336e+02,7.273144e+06,1.730961e+02,3.415982e+06,,0.000000e+00,0.000000e+00
2013-12-11 23:15:22.000000,0.000000e+00,1.663795e+07,1.180331e+02,7.274831e+06,1.730961e+02,3.415958e+06,,0.000000e+00,0.000000e+00
2013-12-11 23:15:23.000000,0.000000e+00,1.663795e+07,1.180325e+02,7.276520e+06,1.730961e+02,3.415935e+06,,0.000000e+00,0.000000e+00
2013-12-11 23:15:24.000000,0.000000e+00,1.663795e+07,1.180319e+02,7.278207e+06,1.730961e+02,3.415911e+06,,0.000000e+00,0.000000e+00
2013-12-11 23:15:25.000000,0.000000e+00,1.663795e+07,1.180314e+02,7.279895e+06,1.730961e+02,3.415887e+06,,0.000000e+00,0.000000e+00
2013-12-11 23:15:26.000000,0.000000e+00,1.663795e+07,1.180308e+02,7.281583e+06,1.730961e+02,3.415863e+06,,0.000000e+00,0.000000e+00
2013-12-11 23:15:27.000000,0.000000e+00,1.663795e+07,1.180303e+02,7.283271e+06,1.730961e+02,3.415839e+06,,0.000000e+00,0.000000e+00
2013-12-11 23:15:28.000000,0.000000e+00,1.663795e+07,1.180297e+02,7.284959e+06,1.730961e+02,3.415816e+06,,0.000000e+00,0.000000e+00
2013-12-11 23:15:29.000000,0.000000e+00,1.663795e+07,1.180292e+02,7.286646e+06,1.730961e+02,3.415792e+06,,0.000000e+00,0.000000e+00
2013-12-11 23:15:30.000000,0.000000e+00,1.663795e+07,1.180286e+02,7.288335e+06,1.730961e+02,3.415768e+06,,0.000000e+00,0.000000e+00
2013-12-11 23:15:31.000000,0.000000e+00,1.663795e+07,1.180280e+02,7.290022e+06,1.730961e+02,3.415744e+06,,0.000000e+00,0.000000e+00
2013-12-11 23:15:32.000000,0.000000e+00,1.663795e+07,1.180275e+02,7.291710e+06,1.730961e+02,3.415720e+06,,0.000000e+00,0.000000e+00
2013-12-11 23:15:33.000000,0.000000e+00,1.663795e+07,1.180269e+02,7.293398e+06,1.730961e+02,3.415697e+06,,0.000000e+00,0.000000e+00
2013-12-11 23:15:34.000000,0.000000e+00,1.663795e+07,1.180264e+02,7.295086e+06,1.730961e+02,3.415673e+06,,0.000000e+00,0.000000e+00
2013-12-11 23:15:35.000000,0.000000e+00,1.663795e+07,1.180258e+02,7.296774e+06,1.730961e+02,3.415649e+06,,0.000000e+00,0.000000e+00
2013-12-11 23:15:36.000000,0.000000e+00,1.663795e+07,1.180253e+02,7.298461e+06,1.730961e+02,3.415625e+06,,0.000000e+00,0.000000e+00
2013-12-11 23:15:37.000000,0.000000e+00,1.663795e+07,1.180247e+02,7.300150e+06,1.730961e+02,3.415601e+06,,0.000000e+00,0.000000e+00
2013-12-11 23:15:38.000000,0.000000e+00,1.663795e+07,1.180241e+02,7.301837e+06,1.730961e+02,3.415578e+06,,0.000000e+00,0.000000e+00
2013-12-11 23:15:39.000000,0.000000e+00,1.663795e+07,1.180236e+02,7.303525e+06,1.730961e+02,3.415554e+06,,0.000000e+00,0.000000e+00
2013-12-11 23:15:40.000000,0.000000e+00,1.663795e+07,1.180230e+02,7.305212e+06,1.730961e+02,3.415530e+06,,0.000000e+00,0.000000e+00
2013-12-11 23:15:41.000000,0.000000e+00,1.663795e+07,1.180225e+02,7.306901e+06,1.730961e+02,3.415506e+06,,0.000000e+00,0.000000e+00
2013-12-11 23:15:42.000000,0.000000e+00,1.663795e+07,1.180219e+02,7.308588e+06,1.730961e+02,3.415482e+06,,0.000000e+00,0.000000e+00
2013-12-11 23:15:43.000000,0.000000e+00,1.663795e+07,1.180213e+02,7.310276e+06,1.730961e+02,3.415459e+06,,0.000000e+00,0.000000e+00
2013-12-11 23:15:44.000000,0.000000e+00,1.663795e+07,1.180208e+02,7.311964e+06,1.730961e+02,3.415435e+06,,0.000000e+00,0.000000e+00
2013-12-11 23:15:45.000000,0.000000e+00,1.663795e+07,1.180202e+02,7.313652e+06,1.730961e+02,3.415411e+06,,0.000000e+00,0.000000e+00
2013-12-11 23:15:46.000000,0.000000e+00,1.663795e+07,1.180197e+02,7.315340e+06,1.730961e+02,3.415387e+06,,0.000000e+00,0.000000e+00
2013-12-11 23:15:47.000000,0.000000e+00,1.663795e+07,1.180191e+02,7.317027e+06,1.730961e+02,3.415364e+06,,0.000000e+00,0.000000e+00
2013-12-11 23:15:48.000000,0.000000e+00,1.663795e+07,1.180186e+02,7.318716e+06,1.730961e+02,3.415340e+06,,0.000000e+00,0.000000e+00
2013-12-11 23:15:49.000000,0.000000e+00,1.663795e+07,1.180180e+02,7.320403e+06,1.730961e+02,3.415316e+06,,0.000000e+00,0.000000e+00
2013-12-11 23:15:50.000000,0.000000e+00,1.663795e+07,1.180174e+02,7.322091e+06,1.730961e+02,3.415292e+06,,0.000000e+00,0.000000e+00
2013-12-11 23:15:51.000000,0.000000e+00,1.663795e+07,1.180169e+02,7.323779e+06,1.730961e+02,3.415268e+06,,0.000000e+00,0.000000e+00
2013-12-11 23:15:52.000000,0.000000e+00,1.663795e+07,1.180163e+02,7.325467e+06,1.730961e+02,3.415245e+06,,0.000000e+00,0.000000e+00
2013-12-11 23:15:53.000000,0.000000e+00,1.663795e+07,1.180158e+02,7.327155e+06,1.730961e+02,3.415221e+06,,0.000000e+00,0.000000e+00
2013-12-11 23:15:54.000000,0.000000e+00,1.663795e+07,1.180152e+02,7.328842e+06,1.730961e+02,3.415197e+06,,0.000000e+00,0.000000e+00
2013-12-11 23:15:55.000000,0.000000e+00,1.663795e+07,1.180146e+02,7.330531e+06,1.730961e+02,3.415173e+06,,0.000000e+00,0.000000e+00
2013-12-11 23:15:56.000000,0.000000e+00,1.663795e+07,1.180141e+02,7.332218e+06,1.730961e+02,3.415149e+06,,0.000000e+00,0.000000e+00
2013-12-11 23:15:57.000000,0.000000e+00,1.663795e+07,1.180135e+02,7.333906e+06,1.730961e+02,3.415126e+06,,0.000000e+00,0.000000e+00
2013-12-11 23:15:58.000000,0.000000e+00,1.663795e+07,1.180130e+02,7.335594e+06,1.730961e+02,3.415102e+06,,0.000000e+00,0.000000e+00
2013-12-11 23:15:59.000000,0.000000e+00,1.663795e+07,1.180124e+02,7.337282e+06,1.730961e+02,3.415078e+06,,0.000000e+00,0.000000e+00
2013-12-11 23:16:00.000000,0.000000e+00,1.663795e+07,1.180119e+02,7.338969e+06,1.730961e+02,3.415054e+06,,0.000000e+00,0.000000e+00
2013-12-11 23:16:01.000000,0.000000e+00,1.663795e+07,1.180113e+02,7.340657e+06,1.730961e+02,3.415030e+06,,0.000000e+00,0.000000e+00
2013-12-11 23:16:02.000000,0.000000e+00,1.663795e+07,1.180107e+02,7.342345e+06,1.730961e+02,3.415007e+06,,0.000000e+00,0.000000e+00
2013-12-11 23:16:03.000000,0.000000e+00,1.663795e+07,1.180102e+02,7.344033e+06,1.730961e+02,3.414983e+06,,0.000000e+00,0.000000e+00
2013-12-11 23:16:04.000000,0.000000e+00,1.663795e+07,1.180096e+02,7.345721e+06,1.730961e+02,3.414959e+06,,0.000000e+00,0.000000e+00
2013-12-11 23:16:05.000000,0.000000e+00,1.663795e+07,1.180091e+02,7.347409e+06,1.730961e+02,3.414935e+06,,0.000000e+00,0.000000e+00
2013-12-11 23:16:06.000000,0.000000e+00,1.663795e+07,1.180085e+02,7.349097e+06,1.730961e+02,3.414911e+06,,0.000000e+00,0.000000e+00
2013-12-11 23:16:07.000000,0.000000e+00,1.663795e+07,1.180080e+02,7.350784e+06,1.730961e+02,3.414888e+06,,0.000000e+00,0.000000e+00
2013-12-11 23:16:08.000000,0.000000e+00,1.663795e+07,1.180074e+02,7.352472e+06,1.730961e+02,3.414864e+06,,0.000000e+00,0.000000e+00
2013-12-11 23:16:09.000000,0.000000e+00,1.663795e+07,1.180068e+02,7.354160e+06,1.730961e+02,3.414840e+06,,0.000000e+00,0.000000e+00
2013-12-11 23:16:10.000000,0.000000e+00,1.663795e+07,1.180063e+02,7.355848e+06,1.730961e+02,3.414816e+06,,0.000000e+00,0.000000e+00
2013-12-11 23:16:11.000000,0.000000e+00,1.663795e+07,1.180057e+02,7.355850e+06,1.730961e+02,3.414792e+06,,0.000000e+00,0.000000e+00
2013-12-11 23:16:12.000000,0.000000e+00,1.663795e+07,1.180052e+02,7.355853e+06,1.730961e+02,3.414769e+06,,0.000000e+00,0.000000e+00
2013-12-11 23:16:13.000000,0.000000e+00,1.663795e+07,1.180046e+02,7.355855e+06,1.730961e+02,3.414745e+06,,0.000000e+00,0.000000e+00
2013-12-11 23:16:14.000000,0.000000e+00,1.663795e+07,1.180048e+02,7.355858e+06,1.730961e+02,3.414721e+06,,0.000000e+00,0.000000e+00
2013-12-11 23:16:15.000000,0.000000e+00,1.663795e+07,1.180050e+02,7.355860e+06,1.730961e+02,3.414697e+06,,0.000000e+00,0.000000e+00
2013-12-11 23:16:16.000000,0.000000e+00,1.663795e+07,1.180053e+02,7.355862e+06,1.730961e+02,3.414674e+06,,0.000000e+00,0.000000e+00
2013-12-11 23:16:17.000000,0.000000e+00,1.663795e+07,1.180055e+02,7.355865e+06,1.730961e+02,3.414650e+06,,0.000000e+00,0.000000e+00
2013-12-11 23:16:18.000000,0.000000e+00,1.663795e+07,1.180057e+02,7.355867e+06,1.730961e+02,3.414626e+06,,0.000000e+00,0.000000e+00
2013-12-11 23:16:19.000000,0.000000e+00,1.663795e+07,1.180059e+02,7.355869e+06,1.730961e+02,3.414602e+06,,0.000000e+00,0.000000e+00
2013-12-11 23:16:20.000000,0.000000e+00,1.663795e+07,1.180061e+02,7.355872e+06,1.730961e+02,3.414578e+06,,0.000000e+00,0.000000e+00
2013-12-11 23:16:21.000000,0.000000e+00,1.663795e+07,1.180063e+02,7.355875e+06,1.730961e+02,3.414555e+06,,0.000000e+00,0.000000e+00
2013-12-11 23:16:22.000000,0.000000e+00,1.663795e+07,1.180066e+02,7.355877e+06,1.730961e+02,3.414531e+06,,0.000000e+00,0.000000e+00
2013-12-11 23:16:23.000000,0.000000e+00,1.663795e+07,1.180068e+02,7.355879e+06,1.730961e+02,3.414507e+06,,0.000000e+00,0.000000e+00
2013-12-11 23:16:24.000000,0.000000e+00,1.663795e+07,1.180070e+02,7.355882e+06,1.730961e+02,3.414483e+06,,0.000000e+00,0.000000e+00
2013-12-11 23:16:25.000000,0.000000e+00,1.663795e+07,1.180072e+02,7.355884e+06,1.730961e+02,3.414459e+06,,0.000000e+00,0.000000e+00
2013-12-11 23:16:26.000000,0.000000e+00,1.663795e+07,1.180074e+02,7.355887e+06,1.730961e+02,3.414436e+06,,0.000000e+00,0.000000e+00
2013-12-11 23:16:27.000000,0.000000e+00,1.663795e+07,1.180076e+02,7.355889e+06,1.730961e+02,3.414412e+06,,0.000000e+00,0.000000e+00
2013-12-11 23:16:28.000000,0.000000e+00,1.663795e+07,1.180079e+02,7.355891e+06,1.730961e+02,3.414388e+06,,0.000000e+00,0.000000e+00
2013-12-11 23:16:29.000000,0.000000e+00,1.663795e+07,1.180081e+02,7.355894e+06,1.730961e+02,3.414364e+06,,0.000000e+00,0.000000e+00
2013-12-11 23:16:30.000000,0.000000e+00,1.663795e+07,1.180083e+02,7.355896e+06,1.730961e+02,3.414340e+06,,0.000000e+00,0.000000e+00
2013-12-11 23:16:31.000000,0.000000e+00,1.663795e+07,1.180085e+02,7.355898e+06,1.730961e+02,3.414317e+06,,0.000000e+00,0.000000e+00
2013-12-11 23:16:32.000000,0.000000e+00,1.663795e+07,1.180087e+02,7.355901e+06,1.730961e+02,3.414293e+06,,0.000000e+00,0.000000e+00
2013-12-11 23:16:33.000000,0.000000e+00,1.663795e+07,1.180089e+02,7.355904e+06,1.730961e+02,3.414269e+06,,0.000000e+00,0.000000e+00
2013-12-11 23:16:34.000000,0.000000e+00,1.663795e+07,1.180092e+02,7.355906e+06,1.730961e+02,3.414245e+06,,0.000000e+00,0.000000e+00
2013-12-11 23:16:35.000000,0.000000e+00,1.663795e+07,1.180094e+02,7.355908e+06,1.730961e+02,3.414221e+06,,0.000000e+00,0.000000e+00
2013-12-11 23:16:36.000000,0.000000e+00,1.663795e+07,1.180096e+02,7.355910e+06,1.730961e+02,3.414198e+06,,0.000000e+00,0.000000e+00
2013-12-11 23:16:37.000000,0.000000e+00,1.663795e+07,1.180098e+02,7.355913e+06,1.730961e+02,3.414174e+06,,0.000000e+00,0.000000e+00
2013-12-11 23:16:38.000000,0.000000e+00,1.663795e+07,1.180100e+02,7.355915e+06,1.730961e+02,3.414150e+06,,0.000000e+00,0.000000e+00
2013-12-11 23:16:39.000000,0.000000e+00,1.663795e+07,1.180102e+02,7.355918e+06,1.730961e+02,3.414126e+06,,0.000000e+00,0.000000e+00
2013-12-11 23:16:40.000000,0.000000e+00,1.663795e+07,1.180105e+02,7.355920e+06,1.730961e+02,3.414103e+06,,0.000000e+00,0.000000e+00
2013-12-11 23:16:41.000000,0.000000e+00,1.663795e+07,1.180107e+02,7.355923e+06,1.730961e+02,3.414079e+06,,0.000000e+00,0.000000e+00
2013-12-11 23:16:42.000000,0.000000e+00,1.663795e+07,1.180109e+02,7.355925e+06,1.730961e+02,3.414055e+06,,0.000000e+00,0.000000e+00
2013-12-11 23:16:43.000000,0.000000e+00,1.663795e+07,1.180111e+02,7.355927e+06,1.730961e+02,3.414031e+06,,0.000000e+00,0.000000e+00
2013-12-11 23:16:44.000000,0.000000e+00,1.663795e+07,1.180113e+02,7.355930e+06,1.730961e+02,3.414007e+06,,0.000000e+00,0.000000e+00
2013-12-11 23:16:45.000000,0.000000e+00,1.663795e+07,1.180116e+02,7.355933e+06,1.730961e+02,3.413984e+06,,0.000000e+00,0.000000e+00
2013-12-11 23:16:46.000000,0.000000e+00,1.663795e+07,1.180118e+02,7.355935e+06,1.730961e+02,3.413960e+06,,0.000000e+00,0.000000e+00
2013-12-11 23:16:47.000000,0.000000e+00,1.663795e+07,1.180120e+02,7.355937e+06,1.730961e+02,3.413936e+06,,0.000000e+00,0.000000e+00
2013-12-11 23:16:48.000000,0.000000e+00,1.663795e+07,1.180122e+02,7.355939e+06,1.730961e+02,3.413912e+06,,0.000000e+00,0.000000e+00
2013-12-11 23:16:49.000000,0.000000e+00,1.663795e+07,1.180124e+02,7.355942e+06,1.730961e+02,3.413888e+06,,0.000000e+00,0.000000e+00
2013-12-11 23:16:50.000000,0.000000e+00,1.663795e+07,1.180126e+02,7.355944e+06,1.730961e+02,3.413865e+06,,0.000000e+00,0.000000e+00
2013-12-11 23:16:51.000000,0.000000e+00,1.663795e+07,1.180129e+02,7.355947e+06,1.730961e+02,3.413840e+06,,0.000000e+00,0.000000e+00
2013-12-11 23:16:52.000000,0.000000e+00,1.663795e+07,1.180131e+02,7.355949e+06,1.730961e+02,3.413817e+06,,0.000000e+00,0.000000e+00
2013-12-11 23:16:53.000000,0.000000e+00,1.663795e+07,1.180133e+02,7.355952e+06,1.730961e+02,3.413793e+06,,0.000000e+00,0.000000e+00
2013-12-11 23:16:54.000000,0.000000e+00,1.663795e+07,1.180135e+02,7.355954e+06,1.730961e+02,3.413769e+06,,0.000000e+00,0.000000e+00
2013-12-11 23:16:55.000000,0.000000e+00,1.663795e+07,1.180137e+02,7.355956e+06,1.730961e+02,3.413745e+06,,0.000000e+00,0.000000e+00
2013-12-11 23:16:56.000000,0.000000e+00,1.663795e+07,1.180139e+02,7.355959e+06,1.730961e+02,3.413722e+06,,0.000000e+00,0.000000e+00
2013-12-11 23:16:57.000000,0.000000e+00,1.663795e+07,1.180142e+02,7.355962e+06,1.730961e+02,3.413698e+06,,0.000000e+00,0.000000e+00
2013-12-11 23:16:58.000000,0.000000e+00,1.663795e+07,1.180144e+02,7.355964e+06,1.730961e+02,3.413674e+06,,0.000000e+00,0.000000e+00
2013-12-11 23:16:59.000000,0.000000e+00,1.663795e+07,1.180146e+02,7.355966e+06,1.730961e+02,3.413650e+06,,0.000000e+00,0.000000e+00
2013-12-11 23:17:00.000000,0.000000e+00,1.663795e+07,1.180148e+02,7.355968e+06,1.730961e+02,3.413626e+06,,0.000000e+00,0.000000e+00
2013-12-11 23:17:01.000000,0.000000e+00,1.663795e+07,1.180150e+02,7.355971e+06,1.730961e+02,3.413603e+06,,0.000000e+00,0.000000e+00
2013-12-11 23:17:02.000000,0.000000e+00,1.663795e+07,1.180152e+02,7.355973e+06,1.730961e+02,3.413579e+06,,0.000000e+00,0.000000e+00
2013-12-11 23:17:03.000000,0.000000e+00,1.663795e+07,1.180155e+02,7.355975e+06,1.730961e+02,3.413555e+06,,0.000000e+00,0.000000e+00
2013-12-11 23:17:04.000000,0.000000e+00,1.663795e+07,1.180157e+02,7.355978e+06,1.730961e+02,3.413531e+06,,0.000000e+00,0.000000e+00
2013-12-11 23:17:05.000000,0.000000e+00,1.663795e+07,1.180159e+02,7.355981e+06,1.730961e+02,3.413507e+06,,0.000000e+00,0.000000e+00
2013-12-11 23:17:06.000000,0.000000e+00,1.663795e+07,1.180161e+02,7.355983e+06,1.730961e+02,3.413484e+06,,0.000000e+00,0.000000e+00
2013-12-11 23:17:07.000000,0.000000e+00,1.663795e+07,1.180163e+02,7.355985e+06,1.730961e+02,3.413460e+06,,0.000000e+00,0.000000e+00
2013-12-11 23:17:08.000000,0.000000e+00,1.663795e+07,1.180165e+02,7.355988e+06,1.730961e+02,3.413436e+06,,0.000000e+00,0.000000e+00
2013-12-11 23:17:09.000000,0.000000e+00,1.663795e+07,1.180168e+02,7.355990e+06,1.730961e+02,3.413412e+06,,0.000000e+00,0.000000e+00
2013-12-11 23:17:10.000000,0.000000e+00,1.663795e+07,1.180170e+02,7.355993e+06,1.730961e+02,3.413388e+06,,0.000000e+00,0.000000e+00
2013-12-11 23:17:11.000000,0.000000e+00,1.663795e+07,1.180172e+02,7.355995e+06,1.730961e+02,3.413365e+06,,0.000000e+00,0.000000e+00
2013-12-11 23:17:12.000000,0.000000e+00,1.663795e+07,1.180174e+02,7.355997e+06,1.730961e+02,3.413341e+06,,0.000000e+00,0.000000e+00
2013-12-11 23:17:13.000000,0.000000e+00,1.663795e+07,1.180176e+02,7.356000e+06,1.730961e+02,3.413317e+06,,0.000000e+00,0.000000e+00
2013-12-11 23:17:14.000000,0.000000e+00,1.663795e+07,1.180178e+02,7.356002e+06,1.730961e+02,3.413293e+06,,0.000000e+00,0.000000e+00
2013-12-11 23:17:15.000000,0.000000e+00,1.663795e+07,1.180181e+02,7.356004e+06,1.730961e+02,3.413269e+06,,0.000000e+00,0.000000e+00
2013-12-11 23:17:16.000000,0.000000e+00,1.663795e+07,1.180183e+02,7.356007e+06,1.730961e+02,3.413246e+06,,0.000000e+00,0.000000e+00
2013-12-11 23:17:17.000000,0.000000e+00,1.663795e+07,1.180185e+02,7.356010e+06,1.730961e+02,3.413222e+06,,0.000000e+00,0.000000e+00
2013-12-11 23:17:18.000000,0.000000e+00,1.663795e+07,1.180187e+02,7.356012e+06,1.730961e+02,3.413198e+06,,0.000000e+00,0.000000e+00
2013-12-11 23:17:19.000000,0.000000e+00,1.663795e+07,1.180189e+02,7.356014e+06,1.730961e+02,3.413174e+06,,0.000000e+00,0.000000e+00
2013-12-11 23:17:20.000000,0.000000e+00,1.663795e+07,1.180191e+02,7.356017e+06,1.730961e+02,3.413151e+06,,0.000000e+00,0.000000e+00
2013-12-11 23:17:21.000000,0.000000e+00,1.663795e+07,1.180194e+02,7.356019e+06,1.730961e+02,3.413127e+06,,0.000000e+00,0.000000e+00
2013-12-11 23:17:22.000000,0.000000e+00,1.663795e+07,1.180196e+02,7.356022e+06,1.730961e+02,3.413103e+06,,0.000000e+00,0.000000e+00
2013-12-11 23:17:23.000000,0.000000e+00,1.663795e+07,1.180198e+02,7.356024e+06,1.730961e+02,3.413079e+06,,0.000000e+00,0.000000e+00
2013-12-11 23:17:24.000000,0.000000e+00,1.663795e+07,1.180200e+02,7.356026e+06,1.730961e+02,3.413055e+06,,0.000000e+00,0.000000e+00
2013-12-11 23:17:25.000000,0.000000e+00,1.663795e+07,1.180202e+02,7.356029e+06,1.730961e+02,3.413032e+06,,0.000000e+00,0.000000e+00
2013-12-11 23:17:26.000000,0.000000e+00,1.663795e+07,1.180204e+02,7.356031e+06,1.730961e+02,3.413008e+06,,0.000000e+00,0.000000e+00
2013-12-11 23:17:27.000000,0.000000e+00,1.663795e+07,1.180207e+02,7.356033e+06,1.730961e+02,3.412984e+06,,0.000000e+00,0.000000e+00
2013-12-11 23:17:28.000000,0.000000e+00,1.663795e+07,1.180209e+02,7.356036e+06,1.730961e+02,3.412960e+06,,0.000000e+00,0.000000e+00
2013-12-11 23:17:29.000000,0.000000e+00,1.663795e+07,1.180211e+02,7.356039e+06,1.730961e+02,3.412936e+06,,0.000000e+00,0.000000e+00
2013-12-11 23:17:30.000000,0.000000e+00,1.663795e+07,1.180213e+02,7.356041e+06,1.730961e+02,3.412913e+06,,0.000000e+00,0.000000e+00
2013-12-11 23:17:31.000000,0.000000e+00,1.663795e+07,1.180215e+02,7.356043e+06,1.730961e+02,3.412889e+06,,0.000000e+00,0.000000e+00
2013-12-11 23:17:32.000000,0.000000e+00,1.663795e+07,1.180218e+02,7.356046e+06,1.730961e+02,3.412865e+06,,0.000000e+00,0.000000e+00
2013-12-11 23:17:33.000000,0.000000e+00,1.663795e+07,1.180220e+02,7.356048e+06,1.730961e+02,3.412841e+06,,0.000000e+00,0.000000e+00
2013-12-11 23:17:34.000000,0.000000e+00,1.663795e+07,1.180222e+02,7.356050e+06,1.730961e+02,3.412817e+06,,0.000000e+00,0.000000e+00
2013-12-11 23:17:35.000000,0.000000e+00,1.663795e+07,1.180224e+02,7.356053e+06,1.730961e+02,3.412794e+06,,0.000000e+00,0.000000e+00
2013-12-11 23:17:36.000000,0.000000e+00,1.663795e+07,1.180226e+02,7.356055e+06,1.730961e+02,3.412770e+06,,0.000000e+00,0.000000e+00
2013-12-11 23:17:37.000000,0.000000e+00,1.663795e+07,1.180228e+02,7.356058e+06,1.730961e+02,3.412746e+06,,0.000000e+00,0.000000e+00
2013-12-11 23:17:38.000000,0.000000e+00,1.663795e+07,1.180230e+02,7.356060e+06,1.730961e+02,3.412722e+06,,0.000000e+00,0.000000e+00
2013-12-11 23:17:39.000000,0.000000e+00,1.663795e+07,1.180233e+02,7.356062e+06,1.730961e+02,3.412698e+06,,0.000000e+00,0.000000e+00
2013-12-11 23:17:40.000000,0.000000e+00,1.663795e+07,1.180235e+02,7.356065e+06,1.730961e+02,3.412675e+06,,0.000000e+00,0.000000e+00
2013-12-11 23:17:41.000000,0.000000e+00,1.663795e+07,1.180237e+02,7.356068e+06,1.730961e+02,3.412651e+06,,0.000000e+00,0.000000e+00
2013-12-11 23:17:42.000000,0.000000e+00,1.663795e+07,1.180239e+02,7.356070e+06,1.730961e+02,3.412627e+06,,0.000000e+00,0.000000e+00
2013-12-11 23:17:43.000000,0.000000e+00,1.663795e+07,1.180241e+02,7.356072e+06,1.730961e+02,3.412603e+06,,0.000000e+00,0.000000e+00
2013-12-11 23:17:44.000000,0.000000e+00,1.663795e+07,1.180244e+02,7.356075e+06,1.730961e+02,3.412579e+06,,0.000000e+00,0.000000e+00
2013-12-11 23:17:45.000000,0.000000e+00,1.663795e+07,1.180246e+02,7.356077e+06,1.730961e+02,3.412556e+06,,0.000000e+00,0.000000e+00
2013-12-11 23:17:46.000000,0.000000e+00,1.663795e+07,1.180248e+02,7.356079e+06,1.730961e+02,3.412532e+06,,0.000000e+00,0.000000e+00
2013-12-11 23:17:47.000000,0.000000e+00,1.663795e+07,1.180250e+02,7.356082e+06,1.730961e+02,3.412508e+06,,0.000000e+00,0.000000e+00
2013-12-11 23:17:48.000000,0.000000e+00,1.663795e+07,1.180252e+02,7.356084e+06,1.730961e+02,3.412484e+06,,0.000000e+00,0.000000e+00
2013-12-11 23:17:49.000000,0.000000e+00,1.663795e+07,1.180254e+02,7.356087e+06,1.730961e+02,3.412461e+06,,0.000000e+00,0.000000e+00
2013-12-11 23:17:50.000000,0.000000e+00,1.663795e+07,1.180257e+02,7.356089e+06,1.730961e+02,3.412437e+06,,0.000000e+00,0.000000e+00
2013-12-11 23:17:51.000000,0.000000e+00,1.663795e+07,1.180259e+02,7.356091e+06,1.730961e+02,3.412413e+06,,0.000000e+00,0.000000e+00
2013-12-11 23:17:52.000000,0.000000e+00,1.663795e+07,1.180261e+02,7.356094e+06,1.730961e+02,3.412389e+06,,0.000000e+00,0.000000e+00
2013-12-11 23:17:53.000000,0.000000e+00,1.663795e+07,1.180263e+02,7.356096e+06,1.730961e+02,3.412365e+06,,0.000000e+00,0.000000e+00
2013-12-11 23:17:54.000000,0.000000e+00,1.663795e+07,1.180265e+02,7.356099e+06,1.730961e+02,3.412342e+06,,0.000000e+00,0.000000e+00
2013-12-11 23:17:55.000000,0.000000e+00,1.663795e+07,1.180267e+02,7.356101e+06,1.730961e+02,3.412318e+06,,0.000000e+00,0.000000e+00
2013-12-11 23:17:56.000000,0.000000e+00,1.663795e+07,1.180270e+02,7.356104e+06,1.730961e+02,3.412294e+06,,0.000000e+00,0.000000e+00
2013-12-11 23:17:57.000000,0.000000e+00,1.663795e+07,1.180272e+02,7.356106e+06,1.730961e+02,3.412270e+06,,0.000000e+00,0.000000e+00
2013-12-11 23:17:58.000000,0.000000e+00,1.663795e+07,1.180274e+02,7.356108e+06,1.730961e+02,3.412246e+06,,0.000000e+00,0.000000e+00
2013-12-11 23:17:59.000000,0.000000e+00,1.663795e+07,1.180276e+02,7.356110e+06,1.730961e+02,3.412223e+06,,0.000000e+00,0.000000e+00
2013-12-11 23:18:00.000000,0.000000e+00,1.663795e+07,1.180278e+02,7.356113e+06,1.730961e+02,3.412199e+06,,0.000000e+00,0.000000e+00
2013-12-11 23:18:01.000000,0.000000e+00,1.663795e+07,1.180280e+02,7.356116e+06,1.730961e+02,3.412175e+06,,0.000000e+00,0.000000e+00
2013-12-11 23:18:02.000000,0.000000e+00,1.663795e+07,1.180283e+02,7.356118e+06,1.730961e+02,3.412151e+06,,0.000000e+00,0.000000e+00
2013-12-11 23:18:03.000000,0.000000e+00,1.663795e+07,1.180285e+02,7.356120e+06,1.730961e+02,3.412127e+06,,0.000000e+00,0.000000e+00
2013-12-11 23:18:04.000000,0.000000e+00,1.663795e+07,1.180287e+02,7.356123e+06,1.730961e+02,3.412104e+06,,0.000000e+00,0.000000e+00
2013-12-11 23:18:05.000000,0.000000e+00,1.663795e+07,1.180289e+02,7.356125e+06,1.730961e+02,3.412080e+06,,0.000000e+00,0.000000e+00
2013-12-11 23:18:06.000000,0.000000e+00,1.663795e+07,1.180291e+02,7.356128e+06,1.730961e+02,3.412056e+06,,0.000000e+00,0.000000e+00
2013-12-11 23:18:07.000000,0.000000e+00,1.663795e+07,1.180293e+02,7.356130e+06,1.730961e+02,3.412032e+06,,0.000000e+00,0.000000e+00
2013-12-11 23:18:08.000000,0.000000e+00,1.663795e+07,1.180296e+02,7.356133e+06,1.730961e+02,3.412008e+06,,0.000000e+00,0.000000e+00
2013-12-11 23:18:09.000000,0.000000e+00,1.663795e+07,1.180298e+02,7.356135e+06,1.730961e+02,3.411985e+06,,0.000000e+00,0.000000e+00
2013-12-11 23:18:10.000000,0.000000e+00,1.663795e+07,1.180300e+02,7.356137e+06,1.730961e+02,3.411961e+06,,0.000000e+00,0.000000e+00
2013-12-11 23:18:11.000000,0.000000e+00,1.663795e+07,1.180302e+02,7.356139e+06,1.730961e+02,3.411937e+06,,0.000000e+00,0.000000e+00
2013-12-11 23:18:12.000000,0.000000e+00,1.663795e+07,1.180304e+02,7.356142e+06,1.730961e+02,3.411913e+06,,0.000000e+00,0.000000e+00
2013-12-11 23:18:13.000000,0.000000e+00,1.663795e+07,1.180306e+02,7.356145e+06,1.730961e+02,3.411890e+06,,0.000000e+00,0.000000e+00
2013-12-11 23:18:14.000000,0.000000e+00,1.663795e+07,1.180309e+02,7.356147e+06,1.730961e+02,3.411866e+06,,0.000000e+00,0.000000e+00
2013-12-11 23:18:15.000000,0.000000e+00,1.663795e+07,1.180311e+02,7.356149e+06,1.730961e+02,3.411842e+06,,0.000000e+00,0.000000e+00
2013-12-11 23:18:16.000000,0.000000e+00,1.663795e+07,1.180313e+02,7.356152e+06,1.730961e+02,3.411818e+06,,0.000000e+00,0.000000e+00
2013-12-11 23:18:17.000000,0.000000e+00,1.663795e+07,1.180315e+02,7.356154e+06,1.730961e+02,3.411794e+06,,0.000000e+00,0.000000e+00
2013-12-11 23:18:18.000000,0.000000e+00,1.663795e+07,1.180317e+02,7.356156e+06,1.730961e+02,3.411771e+06,,0.000000e+00,0.000000e+00
2013-12-11 23:18:19.000000,0.000000e+00,1.663795e+07,1.180319e+02,7.356159e+06,1.730961e+02,3.411747e+06,,0.000000e+00,0.000000e+00
2013-12-11 23:18:20.000000,0.000000e+00,1.663795e+07,1.180322e+02,7.356161e+06,1.730961e+02,3.411723e+06,,0.000000e+00,0.000000e+00
2013-12-11 23:18:21.000000,0.000000e+00,1.663795e+07,1.180324e+02,7.356164e+06,1.730961e+02,3.411699e+06,,0.000000e+00,0.000000e+00
2013-12-11 23:18:22.000000,0.000000e+00,1.663795e+07,1.180326e+02,7.356166e+06,1.730961e+02,3.411675e+06,,0.000000e+00,0.000000e+00
2013-12-11 23:18:23.000000,0.000000e+00,1.663795e+07,1.180328e+02,7.356168e+06,1.730961e+02,3.411652e+06,,0.000000e+00,0.000000e+00
2013-12-11 23:18:24.000000,0.000000e+00,1.663795e+07,1.180330e+02,7.356171e+06,1.730961e+02,3.411628e+06,,0.000000e+00,0.000000e+00
2013-12-11 23:18:25.000000,0.000000e+00,1.663795e+07,1.180332e+02,7.356174e+06,1.730961e+02,3.411604e+06,,0.000000e+00,0.000000e+00
2013-12-11 23:18:26.000000,0.000000e+00,1.663795e+07,1.180335e+02,7.356176e+06,1.730961e+02,3.411580e+06,,0.000000e+00,0.000000e+00
2013-12-11 23:18:27.000000,0.000000e+00,1.663795e+07,1.180337e+02,7.356178e+06,1.730961e+02,3.411556e+06,,0.000000e+00,0.000000e+00
2013-12-11 23:18:28.000000,0.000000e+00,1.663795e+07,1.180339e+02,7.356181e+06,1.730961e+02,3.411533e+06,,0.000000e+00,0.000000e+00
2013-12-11 23:18:29.000000,0.000000e+00,1.663795e+07,1.180341e+02,7.356183e+06,1.730961e+02,3.411509e+06,,0.000000e+00,0.000000e+00
2013-12-11 23:18:30.000000,0.000000e+00,1.663795e+07,1.180343e+02,7.356185e+06,1.730961e+02,3.411485e+06,,0.000000e+00,0.000000e+00
2013-12-11 23:18:31.000000,0.000000e+00,1.663795e+07,1.180346e+02,7.356188e+06,1.730961e+02,3.411461e+06,,0.000000e+00,0.000000e+00
2013-12-11 23:18:32.000000,0.000000e+00,1.663795e+07,1.180348e+02,7.356190e+06,1.730961e+02,3.411437e+06,,0.000000e+00,0.000000e+00
2013-12-11 23:18:33.000000,0.000000e+00,1.663795e+07,1.180350e+02,7.356193e+06,1.730961e+02,3.411414e+06,,0.000000e+00,0.000000e+00
2013-12-11 23:18:34.000000,0.000000e+00,1.663795e+07,1.180352e+02,7.356195e+06,1.730961e+02,3.411390e+06,,0.000000e+00,0.000000e+00
2013-12-11 23:18:35.000000,0.000000e+00,1.663795e+07,1.180354e+02,7.356197e+06,1.730961e+02,3.411366e+06,,0.000000e+00,0.000000e+00
2013-12-11 23:18:36.000000,0.000000e+00,1.663795e+07,1.180356e+02,7.356200e+06,1.730961e+02,3.411342e+06,,0.000000e+00,0.000000e+00
2013-12-11 23:18:37.000000,0.000000e+00,1.663795e+07,1.180359e+02,7.356203e+06,1.730961e+02,3.411319e+06,,0.000000e+00,0.000000e+00
2013-12-11 23:18:38.000000,0.000000e+00,1.663795e+07,1.180361e+02,7.356205e+06,1.730961e+02,3.411295e+06,,0.000000e+00,0.000000e+00
2013-12-11 23:18:39.000000,0.000000e+00,1.663795e+07,1.180363e+02,7.356207e+06,1.730961e+02,3.411271e+06,,0.000000e+00,0.000000e+00
2013-12-11 23:18:40.000000,0.000000e+00,1.663795e+07,1.180365e+02,7.356210e+06,1.730961e+02,3.411247e+06,,0.000000e+00,0.000000e+00
2013-12-11 23:18:41.000000,0.000000e+00,1.663795e+07,1.180367e+02,7.356212e+06,1.730961e+02,3.411223e+06,,0.000000e+00,0.000000e+00
2013-12-11 23:18:42.000000,0.000000e+00,1.663795e+07,1.180369e+02,7.356214e+06,1.730961e+02,3.411200e+06,,0.000000e+00,0.000000e+00
2013-12-11 23:18:43.000000,0.000000e+00,1.663795e+07,1.180372e+02,7.356216e+06,1.730961e+02,3.411176e+06,,0.000000e+00,0.000000e+00
2013-12-11 23:18:44.000000,0.000000e+00,1.663795e+07,1.180374e+02,7.356219e+06,1.730961e+02,3.411152e+06,,0.000000e+00,0.000000e+00
2013-12-11 23:18:45.000000,0.000000e+00,1.663795e+07,1.180376e+02,7.356222e+06,1.730961e+02,3.411128e+06,,0.000000e+00,0.000000e+00
2013-12-11 23:18:46.000000,0.000000e+00,1.663795e+07,1.180378e+02,7.356224e+06,1.730961e+02,3.411104e+06,,0.000000e+00,0.000000e+00
2013-12-11 23:18:47.000000,0.000000e+00,1.663795e+07,1.180380e+02,7.356226e+06,1.730961e+02,3.411081e+06,,0.000000e+00,0.000000e+00
2013-12-11 23:18:48.000000,0.000000e+00,1.663795e+07,1.180382e+02,7.356229e+06,1.730961e+02,3.411057e+06,,0.000000e+00,0.000000e+00
2013-12-11 23:18:49.000000,0.000000e+00,1.663795e+07,1.180385e+02,7.356231e+06,1.730961e+02,3.411033e+06,,0.000000e+00,0.000000e+00
2013-12-11 23:18:50.000000,0.000000e+00,1.663795e+07,1.180387e+02,7.356234e+06,1.730961e+02,3.411009e+06,,0.000000e+00,0.000000e+00
2013-12-11 23:18:51.000000,0.000000e+00,1.663795e+07,1.180389e+02,7.356236e+06,1.730961e+02,3.410985e+06,,0.000000e+00,0.000000e+00
2013-12-11 23:18:52.000000,0.000000e+00,1.663795e+07,1.180391e+02,7.356239e+06,1.730961e+02,3.410962e+06,,0.000000e+00,0.000000e+00
2013-12-11 23:18:53.000000,0.000000e+00,1.663795e+07,1.180393e+02,7.356241e+06,1.730961e+02,3.410938e+06,,0.000000e+00,0.000000e+00
2013-12-11 23:18:54.000000,0.000000e+00,1.663795e+07,1.180395e+02,7.356243e+06,1.730961e+02,3.410914e+06,,0.000000e+00,0.000000e+00
2013-12-11 23:18:55.000000,0.000000e+00,1.663795e+07,1.180398e+02,7.356245e+06,1.730961e+02,3.410890e+06,,0.000000e+00,0.000000e+00
2013-12-11 23:18:56.000000,0.000000e+00,1.663795e+07,1.180400e+02,7.356248e+06,1.730961e+02,3.410866e+06,,0.000000e+00,0.000000e+00
2013-12-11 23:18:57.000000,0.000000e+00,1.663795e+07,1.180402e+02,7.356251e+06,1.730961e+02,3.410843e+06,,0.000000e+00,0.000000e+00
2013-12-11 23:18:58.000000,0.000000e+00,1.663795e+07,1.180404e+02,7.356253e+06,1.730961e+02,3.410819e+06,,0.000000e+00,0.000000e+00
2013-12-11 23:18:59.000000,0.000000e+00,1.663795e+07,1.180406e+02,7.356255e+06,1.730961e+02,3.410795e+06,,0.000000e+00,0.000000e+00
2013-12-11 23:19:00.000000,0.000000e+00,1.663795e+07,1.180408e+02,7.356258e+06,1.730961e+02,3.410771e+06,,0.000000e+00,0.000000e+00
2013-12-11 23:19:01.000000,0.000000e+00,1.663795e+07,1.180411e+02,7.356260e+06,1.730961e+02,3.410747e+06,,0.000000e+00,0.000000e+00
2013-12-11 23:19:02.000000,0.000000e+00,1.663795e+07,1.180413e+02,7.356263e+06,1.730961e+02,3.410723e+06,,0.000000e+00,0.000000e+00
2013-12-11 23:19:03.000000,0.000000e+00,1.663795e+07,1.180415e+02,7.356265e+06,1.730961e+02,3.410700e+06,,0.000000e+00,0.000000e+00
2013-12-11 23:19:04.000000,0.000000e+00,1.663795e+07,1.180417e+02,7.356268e+06,1.730961e+02,3.410676e+06,,0.000000e+00,0.000000e+00
2013-12-11 23:19:05.000000,0.000000e+00,1.663795e+07,1.180419e+02,7.356270e+06,1.730961e+02,3.410652e+06,,0.000000e+00,0.000000e+00
2013-12-11 23:19:06.000000,0.000000e+00,1.663795e+07,1.180421e+02,7.356272e+06,1.730961e+02,3.410629e+06,,0.000000e+00,0.000000e+00
2013-12-11 23:19:07.000000,0.000000e+00,1.663795e+07,1.180424e+02,7.356274e+06,1.730961e+02,3.410604e+06,,0.000000e+00,0.000000e+00
2013-12-11 23:19:08.000000,0.000000e+00,1.663795e+07,1.180426e+02,7.356277e+06,1.730961e+02,3.410581e+06,,0.000000e+00,0.000000e+00
2013-12-11 23:19:09.000000,0.000000e+00,1.663795e+07,1.180428e+02,7.356280e+06,1.730961e+02,3.410557e+06,,0.000000e+00,0.000000e+00
2013-12-11 23:19:10.000000,0.000000e+00,1.663795e+07,1.180430e+02,7.356282e+06,1.730961e+02,3.410533e+06,,0.000000e+00,0.000000e+00
2013-12-11 23:19:11.000000,0.000000e+00,1.663795e+07,1.180432e+02,7.356284e+06,1.730961e+02,3.410509e+06,,0.000000e+00,0.000000e+00
2013-12-11 23:19:12.000000,0.000000e+00,1.663795e+07,1.180434e+02,7.356287e+06,1.730961e+02,3.410485e+06,,0.000000e+00,0.000000e+00
2013-12-11 23:19:13.000000,0.000000e+00,1.663795e+07,1.180437e+02,7.356289e+06,1.730961e+02,3.410462e+06,,0.000000e+00,0.000000e+00
2013-12-11 23:19:14.000000,0.000000e+00,1.663795e+07,1.180433e+02,7.356291e+06,1.730961e+02,3.410438e+06,,0.000000e+00,0.000000e+00
2013-12-11 23:19:15.000000,0.000000e+00,1.663795e+07,1.180430e+02,7.356294e+06,1.730961e+02,3.410414e+06,,0.000000e+00,0.000000e+00
2013-12-11 23:19:16.000000,0.000000e+00,1.663795e+07,1.180427e+02,7.356297e+06,1.730961e+02,3.410390e+06,,0.000000e+00,0.000000e+00
2013-12-11 23:19:17.000000,0.000000e+00,1.663795e+07,1.180424e+02,7.356299e+06,1.730961e+02,3.410366e+06,,0.000000e+00,0.000000e+00
2013-12-11 23:19:18.000000,0.000000e+00,1.663795e+07,1.180420e+02,7.356301e+06,1.730961e+02,3.410343e+06,,0.000000e+00,0.000000e+00
2013-12-11 23:19:19.000000,0.000000e+00,1.663795e+07,1.180417e+02,7.356303e+06,1.730961e+02,3.410319e+06,,0.000000e+00,0.000000e+00
2013-12-11 23:19:20.000000,0.000000e+00,1.663795e+07,1.180414e+02,7.356306e+06,1.730961e+02,3.410295e+06,,0.000000e+00,0.000000e+00
2013-12-11 23:19:21.000000,0.000000e+00,1.663795e+07,1.180411e+02,7.356309e+06,1.730961e+02,3.410271e+06,,0.000000e+00,0.000000e+00
2013-12-11 23:19:22.000000,0.000000e+00,1.663795e+07,1.180407e+02,7.356311e+06,1.730961e+02,3.410248e+06,,0.000000e+00,0.000000e+00
2013-12-11 23:19:23.000000,0.000000e+00,1.663795e+07,1.180404e+02,7.356313e+06,1.730961e+02,3.410224e+06,,0.000000e+00,0.000000e+00
2013-12-11 23:19:24.000000,0.000000e+00,1.663795e+07,1.180401e+02,7.356316e+06,1.730961e+02,3.410200e+06,,0.000000e+00,0.000000e+00
2013-12-11 23:19:25.000000,0.000000e+00,1.663795e+07,1.180398e+02,7.356318e+06,1.730961e+02,3.410176e+06,,0.000000e+00,0.000000e+00
2013-12-11 23:19:26.000000,0.000000e+00,1.663795e+07,1.180394e+02,7.356320e+06,1.730961e+02,3.410152e+06,,0.000000e+00,0.000000e+00
2013-12-11 23:19:27.000000,0.000000e+00,1.663795e+07,1.180391e+02,7.356323e+06,1.730961e+02,3.410129e+06,,0.000000e+00,0.000000e+00
2013-12-11 23:19:28.000000,0.000000e+00,1.663795e+07,1.180388e+02,7.356326e+06,1.730961e+02,3.410105e+06,,0.000000e+00,0.000000e+00
2013-12-11 23:19:29.000000,0.000000e+00,1.663795e+07,1.180385e+02,7.356328e+06,1.730961e+02,3.410081e+06,,0.000000e+00,0.000000e+00
2013-12-11 23:19:30.000000,0.000000e+00,1.663795e+07,1.180381e+02,7.356330e+06,1.730961e+02,3.410057e+06,,0.000000e+00,0.000000e+00
2013-12-11 23:19:31.000000,0.000000e+00,1.663795e+07,1.180378e+02,7.356332e+06,1.730961e+02,3.410033e+06,,0.000000e+00,0.000000e+00
2013-12-11 23:19:32.000000,0.000000e+00,1.663795e+07,1.180375e+02,7.356335e+06,1.730961e+02,3.410010e+06,,0.000000e+00,0.000000e+00
2013-12-11 23:19:33.000000,0.000000e+00,1.663795e+07,1.180372e+02,7.356337e+06,1.730961e+02,3.409986e+06,,0.000000e+00,0.000000e+00
2013-12-11 23:19:34.000000,0.000000e+00,1.663795e+07,1.180368e+02,7.356340e+06,1.730961e+02,3.409962e+06,,0.000000e+00,0.000000e+00
2013-12-11 23:19:35.000000,0.000000e+00,1.663795e+07,1.180365e+02,7.356342e+06,1.730961e+02,3.409938e+06,,0.000000e+00,0.000000e+00
2013-12-11 23:19:36.000000,0.000000e+00,1.663795e+07,1.180362e+02,7.356345e+06,1.730961e+02,3.409914e+06,,0.000000e+00,0.000000e+00
2013-12-11 23:19:37.000000,0.000000e+00,1.663795e+07,1.180359e+02,7.356347e+06,1.730961e+02,3.409891e+06,,0.000000e+00,0.000000e+00
2013-12-11 23:19:38.000000,0.000000e+00,1.663795e+07,1.180355e+02,7.356349e+06,1.730961e+02,3.409867e+06,,0.000000e+00,0.000000e+00
2013-12-11 23:19:39.000000,0.000000e+00,1.663795e+07,1.180352e+02,7.356351e+06,1.730961e+02,3.409843e+06,,0.000000e+00,0.000000e+00
2013-12-11 23:19:40.000000,0.000000e+00,1.663795e+07,1.180349e+02,7.356355e+06,1.730961e+02,3.409819e+06,,0.000000e+00,0.000000e+00
2013-12-11 23:19:41.000000,0.000000e+00,1.663795e+07,1.180346e+02,7.356357e+06,1.730961e+02,3.409795e+06,,0.000000e+00,0.000000e+00
2013-12-11 23:19:42.000000,0.000000e+00,1.663795e+07,1.180342e+02,7.356359e+06,1.730961e+02,3.409772e+06,,0.000000e+00,0.000000e+00
2013-12-11 23:19:43.000000,0.000000e+00,1.663795e+07,1.180339e+02,7.356361e+06,1.730961e+02,3.409748e+06,,0.000000e+00,0.000000e+00
2013-12-11 23:19:44.000000,0.000000e+00,1.663795e+07,1.180336e+02,7.356364e+06,1.730961e+02,3.409724e+06,,0.000000e+00,0.000000e+00
2013-12-11 23:19:45.000000,0.000000e+00,1.663795e+07,1.180332e+02,7.356366e+06,1.730961e+02,3.409700e+06,,0.000000e+00,0.000000e+00
2013-12-11 23:19:46.000000,0.000000e+00,1.663795e+07,1.180329e+02,7.356369e+06,1.730961e+02,3.409677e+06,,0.000000e+00,0.000000e+00
2013-12-11 23:19:47.000000,0.000000e+00,1.663795e+07,1.180326e+02,7.356371e+06,1.730961e+02,3.409653e+06,,0.000000e+00,0.000000e+00
2013-12-11 23:19:48.000000,0.000000e+00,1.663795e+07,1.180323e+02,7.356374e+06,1.730961e+02,3.409629e+06,,0.000000e+00,0.000000e+00
2013-12-11 23:19:49.000000,0.000000e+00,1.663795e+07,1.180319e+02,7.356376e+06,1.730961e+02,3.409605e+06,,0.000000e+00,0.000000e+00
2013-12-11 23:19:50.000000,0.000000e+00,1.663795e+07,1.180316e+02,7.356378e+06,1.730961e+02,3.409581e+06,,0.000000e+00,0.000000e+00
2013-12-11 23:19:51.000000,0.000000e+00,1.663795e+07,1.180313e+02,7.356380e+06,1.730961e+02,3.409558e+06,,0.000000e+00,0.000000e+00
2013-12-11 23:19:52.000000,0.000000e+00,1.663795e+07,1.180310e+02,7.356384e+06,1.730961e+02,3.409534e+06,,0.000000e+00,0.000000e+00
2013-12-11 23:19:53.000000,0.000000e+00,1.663795e+07,1.180306e+02,7.356386e+06,1.730961e+02,3.409510e+06,,0.000000e+00,0.000000e+00
2013-12-11 23:19:54.000000,0.000000e+00,1.663795e+07,1.180303e+02,7.356388e+06,1.730961e+02,3.409486e+06,,0.000000e+00,0.000000e+00
2013-12-11 23:19:55.000000,0.000000e+00,1.663795e+07,1.180300e+02,7.356390e+06,1.730961e+02,3.409462e+06,,0.000000e+00,0.000000e+00
2013-12-11 23:19:56.000000,0.000000e+00,1.663795e+07,1.180297e+02,7.356393e+06,1.730961e+02,3.409439e+06,,0.000000e+00,0.000000e+00
2013-12-11 23:19:57.000000,0.000000e+00,1.663795e+07,1.180293e+02,7.356395e+06,1.730961e+02,3.409415e+06,,0.000000e+00,0.000000e+00
2013-12-11 23:19:58.000000,0.000000e+00,1.663795e+07,1.180290e+02,7.356397e+06,1.730961e+02,3.409391e+06,,0.000000e+00,0.000000e+00
2013-12-11 23:19:59.000000,0.000000e+00,1.663795e+07,1.180287e+02,7.356400e+06,1.730961e+02,3.409367e+06,,0.000000e+00,0.000000e+00
2013-12-11 23:20:00.000000,0.000000e+00,1.663795e+07,1.180284e+02,7.356403e+06,1.730961e+02,3.409343e+06,,0.000000e+00,0.000000e+00
2013-12-11 23:20:01.000000,0.000000e+00,1.663795e+07,1.180280e+02,7.356405e+06,1.730961e+02,3.409320e+06,,0.000000e+00,0.000000e+00
2013-12-11 23:20:02.000000,0.000000e+00,1.663795e+07,1.180277e+02,7.356407e+06,1.730961e+02,3.409296e+06,,0.000000e+00,0.000000e+00
2013-12-11 23:20:03.000000,0.000000e+00,1.663795e+07,1.180274e+02,7.356409e+06,1.730961e+02,3.409272e+06,,0.000000e+00,0.000000e+00
2013-12-11 23:20:04.000000,0.000000e+00,1.663795e+07,1.180271e+02,7.356412e+06,1.730961e+02,3.409248e+06,,0.000000e+00,0.000000e+00
2013-12-11 23:20:05.000000,0.000000e+00,1.663795e+07,1.180267e+02,7.356415e+06,1.730961e+02,3.409224e+06,,0.000000e+00,0.000000e+00
2013-12-11 23:20:06.000000,0.000000e+00,1.663795e+07,1.180264e+02,7.356417e+06,1.730961e+02,3.409201e+06,,0.000000e+00,0.000000e+00
2013-12-11 23:20:07.000000,0.000000e+00,1.663795e+07,1.180261e+02,7.356419e+06,1.730961e+02,3.409177e+06,,0.000000e+00,0.000000e+00
2013-12-11 23:20:08.000000,0.000000e+00,1.663795e+07,1.180258e+02,7.356422e+06,1.730961e+02,3.409153e+06,,0.000000e+00,0.000000e+00
2013-12-11 23:20:09.000000,0.000000e+00,1.663795e+07,1.180254e+02,7.356424e+06,1.730961e+02,3.409129e+06,,0.000000e+00,0.000000e+00
2013-12-11 23:20:10.000000,0.000000e+00,1.663795e+07,1.180251e+02,7.356426e+06,1.730961e+02,3.409106e+06,,0.000000e+00,0.000000e+00
2013-12-11 23:20:11.000000,0.000000e+00,1.663795e+07,1.180248e+02,7.356429e+06,1.730961e+02,3.409082e+06,,0.000000e+00,0.000000e+00
2013-12-11 23:20:12.000000,0.000000e+00,1.663795e+07,1.180245e+02,7.356432e+06,1.730961e+02,3.409058e+06,,0.000000e+00,0.000000e+00
2013-12-11 23:20:13.000000,0.000000e+00,1.663795e+07,1.180241e+02,7.356434e+06,1.730961e+02,3.409034e+06,,0.000000e+00,0.000000e+00
2013-12-11 23:20:14.000000,0.000000e+00,1.663795e+07,1.180238e+02,7.356436e+06,1.730961e+02,3.409010e+06,,0.000000e+00,0.000000e+00
2013-12-11 23:20:15.000000,0.000000e+00,1.663795e+07,1.180235e+02,7.356438e+06,1.730961e+02,3.408987e+06,,0.000000e+00,0.000000e+00
2013-12-11 23:20:16.000000,0.000000e+00,1.663795e+07,1.180232e+02,7.356441e+06,1.730961e+02,3.408963e+06,,0.000000e+00,0.000000e+00
2013-12-11 23:20:17.000000,0.000000e+00,1.663795e+07,1.180228e+02,7.356444e+06,1.730961e+02,3.408939e+06,,0.000000e+00,0.000000e+00
2013-12-11 23:20:18.000000,0.000000e+00,1.663795e+07,1.180225e+02,7.356446e+06,1.730961e+02,3.408915e+06,,0.000000e+00,0.000000e+00
2013-12-11 23:20:19.000000,0.000000e+00,1.663795e+07,1.180222e+02,7.356448e+06,1.730961e+02,3.408891e+06,,0.000000e+00,0.000000e+00
2013-12-11 23:20:20.000000,0.000000e+00,1.663795e+07,1.180219e+02,7.356451e+06,1.730961e+02,3.408868e+06,,0.000000e+00,0.000000e+00
2013-12-11 23:20:21.000000,0.000000e+00,1.663795e+07,1.180215e+02,7.356453e+06,1.730961e+02,3.408844e+06,,0.000000e+00,0.000000e+00
2013-12-11 23:20:22.000000,0.000000e+00,1.663795e+07,1.180212e+02,7.356455e+06,1.730961e+02,3.408820e+06,,0.000000e+00,0.000000e+00
2013-12-11 23:20:23.000000,0.000000e+00,1.663795e+07,1.180209e+02,7.356458e+06,1.730961e+02,3.408796e+06,,0.000000e+00,0.000000e+00
2013-12-11 23:20:24.000000,0.000000e+00,1.663795e+07,1.180206e+02,7.356461e+06,1.730961e+02,3.408772e+06,,0.000000e+00,0.000000e+00
2013-12-11 23:20:25.000000,0.000000e+00,1.663795e+07,1.180202e+02,7.356463e+06,1.730961e+02,3.408749e+06,,0.000000e+00,0.000000e+00
2013-12-11 23:20:26.000000,0.000000e+00,1.663795e+07,1.180199e+02,7.356465e+06,1.730961e+02,3.408725e+06,,0.000000e+00,0.000000e+00
2013-12-11 23:20:27.000000,0.000000e+00,1.663795e+07,1.180196e+02,7.356467e+06,1.730961e+02,3.408701e+06,,0.000000e+00,0.000000e+00
2013-12-11 23:20:28.000000,0.000000e+00,1.663795e+07,1.180193e+02,7.356470e+06,1.730961e+02,3.408677e+06,,0.000000e+00,0.000000e+00
2013-12-11 23:20:29.000000,0.000000e+00,1.663795e+07,1.180189e+02,7.356472e+06,1.730961e+02,3.408653e+06,,0.000000e+00,0.000000e+00
2013-12-11 23:20:30.000000,0.000000e+00,1.663795e+07,1.180186e+02,7.356475e+06,1.730961e+02,3.408630e+06,,0.000000e+00,0.000000e+00
2013-12-11 23:20:31.000000,0.000000e+00,1.663795e+07,1.180183e+02,7.356477e+06,1.730961e+02,3.408606e+06,,0.000000e+00,0.000000e+00
2013-12-11 23:20:32.000000,0.000000e+00,1.663795e+07,1.180180e+02,7.356480e+06,1.730961e+02,3.408582e+06,,0.000000e+00,0.000000e+00
2013-12-11 23:20:33.000000,0.000000e+00,1.663795e+07,1.180176e+02,7.356482e+06,1.730961e+02,3.408558e+06,,0.000000e+00,0.000000e+00
2013-12-11 23:20:34.000000,0.000000e+00,1.663795e+07,1.180173e+02,7.356484e+06,1.730961e+02,3.408534e+06,,0.000000e+00,0.000000e+00
2013-12-11 23:20:35.000000,0.000000e+00,1.663795e+07,1.180170e+02,7.356487e+06,1.730961e+02,3.408511e+06,,0.000000e+00,0.000000e+00
2013-12-11 23:20:36.000000,0.000000e+00,1.663795e+07,1.180166e+02,7.356490e+06,1.730961e+02,3.408487e+06,,0.000000e+00,0.000000e+00
2013-12-11 23:20:37.000000,0.000000e+00,1.663795e+07,1.180163e+02,7.356492e+06,1.730961e+02,3.408463e+06,,0.000000e+00,0.000000e+00
2013-12-11 23:20:38.000000,0.000000e+00,1.663795e+07,1.180160e+02,7.356494e+06,1.730961e+02,3.408439e+06,,0.000000e+00,0.000000e+00
2013-12-11 23:20:39.000000,0.000000e+00,1.663795e+07,1.180157e+02,7.356496e+06,1.730961e+02,3.408416e+06,,0.000000e+00,0.000000e+00
2013-12-11 23:20:40.000000,0.000000e+00,1.663795e+07,1.180154e+02,7.356499e+06,1.730961e+02,3.408392e+06,,0.000000e+00,0.000000e+00
2013-12-11 23:20:41.000000,0.000000e+00,1.663795e+07,1.180150e+02,7.356501e+06,1.730961e+02,3.408368e+06,,0.000000e+00,0.000000e+00
2013-12-11 23:20:42.000000,0.000000e+00,1.663795e+07,1.180147e+02,7.356504e+06,1.730961e+02,3.408344e+06,,0.000000e+00,0.000000e+00
2013-12-11 23:20:43.000000,0.000000e+00,1.663795e+07,1.180144e+02,7.356506e+06,1.730961e+02,3.408320e+06,,0.000000e+00,0.000000e+00
2013-12-11 23:20:44.000000,0.000000e+00,1.663795e+07,1.180140e+02,7.356509e+06,1.730961e+02,3.408297e+06,,0.000000e+00,0.000000e+00
2013-12-11 23:20:45.000000,0.000000e+00,1.663795e+07,1.180137e+02,7.356511e+06,1.730961e+02,3.408273e+06,,0.000000e+00,0.000000e+00
2013-12-11 23:20:46.000000,0.000000e+00,1.663795e+07,1.180134e+02,7.356513e+06,1.730961e+02,3.408249e+06,,0.000000e+00,0.000000e+00
2013-12-11 23:20:47.000000,0.000000e+00,1.663795e+07,1.180131e+02,7.356516e+06,1.730961e+02,3.408225e+06,,0.000000e+00,0.000000e+00
2013-12-11 23:20:48.000000,0.000000e+00,1.663795e+07,1.180127e+02,7.356518e+06,1.730961e+02,3.408201e+06,,0.000000e+00,0.000000e+00
2013-12-11 23:20:49.000000,0.000000e+00,1.663795e+07,1.180124e+02,7.356521e+06,1.730961e+02,3.408178e+06,,0.000000e+00,0.000000e+00
2013-12-11 23:20:50.000000,0.000000e+00,1.663795e+07,1.180121e+02,7.356523e+06,1.730961e+02,3.408154e+06,,0.000000e+00,0.000000e+00
2013-12-11 23:20:51.000000,0.000000e+00,1.663795e+07,1.180118e+02,7.356525e+06,1.730961e+02,3.408130e+06,,0.000000e+00,0.000000e+00
2013-12-11 23:20:52.000000,0.000000e+00,1.663795e+07,1.180114e+02,7.356528e+06,1.730961e+02,3.408106e+06,,0.000000e+00,0.000000e+00
2013-12-11 23:20:53.000000,0.000000e+00,1.663795e+07,1.180111e+02,7.356530e+06,1.730961e+02,3.408082e+06,,0.000000e+00,0.000000e+00
2013-12-11 23:20:54.000000,0.000000e+00,1.663795e+07,1.180108e+02,7.356532e+06,1.730961e+02,3.408059e+06,,0.000000e+00,0.000000e+00
2013-12-11 23:20:55.000000,0.000000e+00,1.663795e+07,1.180105e+02,7.356535e+06,1.730961e+02,3.408035e+06,,0.000000e+00,0.000000e+00
2013-12-11 23:20:56.000000,0.000000e+00,1.663795e+07,1.180101e+02,7.356538e+06,1.730961e+02,3.408011e+06,,0.000000e+00,0.000000e+00
2013-12-11 23:20:57.000000,0.000000e+00,1.663795e+07,1.180098e+02,7.356540e+06,1.730961e+02,3.407987e+06,,0.000000e+00,0.000000e+00
2013-12-11 23:20:58.000000,0.000000e+00,1.663795e+07,1.180095e+02,7.356542e+06,1.730961e+02,3.407963e+06,,0.000000e+00,0.000000e+00
2013-12-11 23:20:59.000000,0.000000e+00,1.663795e+07,1.180092e+02,7.356544e+06,1.730961e+02,3.407940e+06,,0.000000e+00,0.000000e+00
2013-12-11 23:21:00.000000,0.000000e+00,1.663795e+07,1.180088e+02,7.356547e+06,1.730961e+02,3.407916e+06,,0.000000e+00,0.000000e+00
2013-12-11 23:21:01.000000,0.000000e+00,1.663795e+07,1.180085e+02,7.356550e+06,1.730961e+02,3.407892e+06,,0.000000e+00,0.000000e+00
2013-12-11 23:21:02.000000,0.000000e+00,1.663795e+07,1.180082e+02,7.356552e+06,1.730961e+02,3.407868e+06,,0.000000e+00,0.000000e+00
2013-12-11 23:21:03.000000,0.000000e+00,1.663795e+07,1.180079e+02,7.356554e+06,1.730961e+02,3.407845e+06,,0.000000e+00,0.000000e+00
2013-12-11 23:21:04.000000,0.000000e+00,1.663795e+07,1.180075e+02,7.356557e+06,1.730961e+02,3.407821e+06,,0.000000e+00,0.000000e+00
2013-12-11 23:21:05.000000,0.000000e+00,1.663795e+07,1.180072e+02,7.356559e+06,1.730961e+02,3.407797e+06,,0.000000e+00,0.000000e+00
2013-12-11 23:21:06.000000,0.000000e+00,1.663795e+07,1.180069e+02,7.356561e+06,1.730961e+02,3.407773e+06,,0.000000e+00,0.000000e+00
2013-12-11 23:21:07.000000,0.000000e+00,1.663795e+07,1.180066e+02,7.356564e+06,1.730961e+02,3.407749e+06,,0.000000e+00,0.000000e+00
2013-12-11 23:21:08.000000,0.000000e+00,1.663795e+07,1.180062e+02,7.356567e+06,1.730961e+02,3.407726e+06,,0.000000e+00,0.000000e+00
2013-12-11 23:21:09.000000,0.000000e+00,1.663795e+07,1.180059e+02,7.356569e+06,1.730961e+02,3.407701e+06,,0.000000e+00,0.000000e+00
2013-12-11 23:21:10.000000,0.000000e+00,1.663795e+07,1.180056e+02,7.356571e+06,1.730961e+02,3.407678e+06,,0.000000e+00,0.000000e+00
2013-12-11 23:21:11.000000,0.000000e+00,1.663795e+07,1.180053e+02,7.355088e+06,1.730961e+02,3.407654e+06,,0.000000e+00,0.000000e+00
2013-12-11 23:21:12.000000,0.000000e+00,1.663795e+07,1.180049e+02,7.353606e+06,1.730961e+02,3.407630e+06,,0.000000e+00,0.000000e+00
2013-12-11 23:21:13.000000,0.000000e+00,1.663795e+07,1.180046e+02,7.352122e+06,1.730961e+02,3.407607e+06,,0.000000e+00,0.000000e+00
2013-12-11 23:21:14.000000,0.000000e+00,1.663795e+07,1.180059e+02,7.350639e+06,1.730961e+02,3.407582e+06,,0.000000e+00,0.000000e+00
2013-12-11 23:21:15.000000,0.000000e+00,1.663795e+07,1.180072e+02,7.349157e+06,1.730961e+02,3.407559e+06,,0.000000e+00,0.000000e+00
2013-12-11 23:21:16.000000,0.000000e+00,1.663795e+07,1.180085e+02,7.347674e+06,1.730961e+02,3.407535e+06,,0.000000e+00,0.000000e+00
2013-12-11 23:21:17.000000,0.000000e+00,1.663795e+07,1.180098e+02,7.346191e+06,1.730961e+02,3.407511e+06,,0.000000e+00,0.000000e+00
2013-12-11 23:21:18.000000,0.000000e+00,1.663795e+07,1.180111e+02,7.344708e+06,1.730961e+02,3.407487e+06,,0.000000e+00,0.000000e+00
2013-12-11 23:21:19.000000,0.000000e+00,1.663795e+07,1.180124e+02,7.343225e+06,1.730961e+02,3.407464e+06,,0.000000e+00,0.000000e+00
2013-12-11 23:21:20.000000,0.000000e+00,1.663795e+07,1.180137e+02,7.341742e+06,1.730961e+02,3.407440e+06,,0.000000e+00,0.000000e+00
2013-12-11 23:21:21.000000,0.000000e+00,1.663795e+07,1.180150e+02,7.340260e+06,1.730961e+02,3.407416e+06,,0.000000e+00,0.000000e+00
2013-12-11 23:21:22.000000,0.000000e+00,1.663795e+07,1.180163e+02,7.338776e+06,1.730961e+02,3.407392e+06,,0.000000e+00,0.000000e+00
2013-12-11 23:21:23.000000,0.000000e+00,1.663795e+07,1.180176e+02,7.337294e+06,1.730961e+02,3.407368e+06,,0.000000e+00,0.000000e+00
2013-12-11 23:21:24.000000,0.000000e+00,1.663795e+07,1.180189e+02,7.335811e+06,1.730961e+02,3.407345e+06,,0.000000e+00,0.000000e+00
2013-12-11 23:21:25.000000,0.000000e+00,1.663795e+07,1.180202e+02,7.334328e+06,1.730961e+02,3.407321e+06,,0.000000e+00,0.000000e+00
2013-12-11 23:21:26.000000,0.000000e+00,1.663795e+07,1.180215e+02,7.332845e+06,1.730961e+02,3.407297e+06,,0.000000e+00,0.000000e+00
2013-12-11 23:21:27.000000,0.000000e+00,1.663795e+07,1.180228e+02,7.331362e+06,1.730961e+02,3.407273e+06,,0.000000e+00,0.000000e+00
2013-12-11 23:21:28.000000,0.000000e+00,1.663795e+07,1.180241e+02,7.329879e+06,1.730961e+02,3.407249e+06,,0.000000e+00,0.000000e+00
2013-12-11 23:21:29.000000,0.000000e+00,1.663795e+07,1.180254e+02,7.328397e+06,1.730961e+02,3.407226e+06,,0.000000e+00,0.000000e+00
2013-12-11 23:21:30.000000,0.000000e+00,1.663795e+07,1.180267e+02,7.326913e+06,1.730961e+02,3.407202e+06,,0.000000e+00,0.000000e+00
2013-12-11 23:21:31.000000,0.000000e+00,1.663795e+07,1.180280e+02,7.325430e+06,1.730961e+02,3.407178e+06,,0.000000e+00,0.000000e+00
2013-12-11 23:21:32.000000,0.000000e+00,1.663795e+07,1.180293e+02,7.323948e+06,1.730961e+02,3.407154e+06,,0.000000e+00,0.000000e+00
2013-12-11 23:21:33.000000,0.000000e+00,1.663795e+07,1.180306e+02,7.322465e+06,1.730961e+02,3.407130e+06,,0.000000e+00,0.000000e+00
2013-12-11 23:21:34.000000,0.000000e+00,1.663795e+07,1.180320e+02,7.320982e+06,1.730961e+02,3.407107e+06,,0.000000e+00,0.000000e+00
2013-12-11 23:21:35.000000,0.000000e+00,1.663795e+07,1.180332e+02,7.319499e+06,1.730961e+02,3.407083e+06,,0.000000e+00,0.000000e+00
2013-12-11 23:21:36.000000,0.000000e+00,1.663795e+07,1.180346e+02,7.318016e+06,1.730961e+02,3.407059e+06,,0.000000e+00,0.000000e+00
2013-12-11 23:21:37.000000,0.000000e+00,1.663795e+07,1.180359e+02,7.316533e+06,1.730961e+02,3.407035e+06,,0.000000e+00,0.000000e+00
2013-12-11 23:21:38.000000,0.000000e+00,1.663795e+07,1.180372e+02,7.315051e+06,1.730961e+02,3.407011e+06,,0.000000e+00,0.000000e+00
2013-12-11 23:21:39.000000,0.000000e+00,1.663795e+07,1.180385e+02,7.313567e+06,1.730961e+02,3.406988e+06,,0.000000e+00,0.000000e+00
2013-12-11 23:21:40.000000,0.000000e+00,1.663795e+07,1.180398e+02,7.312085e+06,1.730961e+02,3.406964e+06,,0.000000e+00,0.000000e+00
2013-12-11 23:21:41.000000,0.000000e+00,1.663795e+07,1.180411e+02,7.310602e+06,1.730961e+02,3.406940e+06,,0.000000e+00,0.000000e+00
2013-12-11 23:21:42.000000,0.000000e+00,1.663795e+07,1.180424e+02,7.309119e+06,1.730961e+02,3.406916e+06,,0.000000e+00,0.000000e+00
2013-12-11 23:21:43.000000,0.000000e+00,1.663795e+07,1.180437e+02,7.307636e+06,1.730961e+02,3.406892e+06,,0.000000e+00,0.000000e+00
2013-12-11 23:21:44.000000,0.000000e+00,1.663795e+07,1.180450e+02,7.306153e+06,1.730961e+02,3.406869e+06,,0.000000e+00,0.000000e+00
2013-12-11 23:21:45.000000,0.000000e+00,1.663795e+07,1.180463e+02,7.304670e+06,1.730961e+02,3.406845e+06,,0.000000e+00,0.000000e+00
2013-12-11 23:21:46.000000,0.000000e+00,1.663795e+07,1.180476e+02,7.303188e+06,1.730961e+02,3.406821e+06,,0.000000e+00,0.000000e+00
2013-12-11 23:21:47.000000,0.000000e+00,1.663795e+07,1.180489e+02,7.301704e+06,1.730961e+02,3.406797e+06,,0.000000e+00,0.000000e+00
2013-12-11 23:21:48.000000,0.000000e+00,1.663795e+07,1.180502e+02,7.300221e+06,1.730961e+02,3.406774e+06,,0.000000e+00,0.000000e+00
2013-12-11 23:21:49.000000,0.000000e+00,1.663795e+07,1.180515e+02,7.298739e+06,1.730961e+02,3.406750e+06,,0.000000e+00,0.000000e+00
2013-12-11 23:21:50.000000,0.000000e+00,1.663795e+07,1.180528e+02,7.297256e+06,1.730961e+02,3.406726e+06,,0.000000e+00,0.000000e+00
2013-12-11 23:21:51.000000,0.000000e+00,1.663795e+07,1.180541e+02,7.295773e+06,1.730961e+02,3.406702e+06,,0.000000e+00,0.000000e+00
2013-12-11 23:21:52.000000,0.000000e+00,1.663795e+07,1.180554e+02,7.294290e+06,1.730961e+02,3.406678e+06,,0.000000e+00,0.000000e+00
2013-12-11 23:21:53.000000,0.000000e+00,1.663795e+07,1.180567e+02,7.292807e+06,1.730961e+02,3.406655e+06,,0.000000e+00,0.000000e+00
2013-12-11 23:21:54.000000,0.000000e+00,1.663795e+07,1.180580e+02,7.291324e+06,1.730961e+02,3.406631e+06,,0.000000e+00,0.000000e+00
2013-12-11 23:21:55.000000,0.000000e+00,1.663795e+07,1.180593e+02,7.289841e+06,1.730961e+02,3.406607e+06,,0.000000e+00,0.000000e+00
2013-12-11 23:21:56.000000,0.000000e+00,1.663795e+07,1.180606e+02,7.288358e+06,1.730961e+02,3.406583e+06,,0.000000e+00,0.000000e+00
2013-12-11 23:21:57.000000,0.000000e+00,1.663795e+07,1.180619e+02,7.286875e+06,1.730961e+02,3.406559e+06,,0.000000e+00,0.000000e+00
2013-12-11 23:21:58.000000,0.000000e+00,1.663795e+07,1.180632e+02,7.285393e+06,1.730961e+02,3.406536e+06,,0.000000e+00,0.000000e+00
2013-12-11 23:21:59.000000,0.000000e+00,1.663795e+07,1.180645e+02,7.283910e+06,1.730961e+02,3.406512e+06,,0.000000e+00,0.000000e+00
2013-12-11 23:22:00.000000,0.000000e+00,1.663795e+07,1.180658e+02,7.282426e+06,1.730961e+02,3.406488e+06,,0.000000e+00,0.000000e+00
2013-12-11 23:22:01.000000,0.000000e+00,1.663795e+07,1.180671e+02,7.280944e+06,1.730961e+02,3.406464e+06,,0.000000e+00,0.000000e+00
2013-12-11 23:22:02.000000,0.000000e+00,1.663795e+07,1.180684e+02,7.279461e+06,1.730961e+02,3.406440e+06,,0.000000e+00,0.000000e+00
2013-12-11 23:22:03.000000,0.000000e+00,1.663795e+07,1.180697e+02,7.277979e+06,1.730961e+02,3.406417e+06,,0.000000e+00,0.000000e+00
2013-12-11 23:22:04.000000,0.000000e+00,1.663795e+07,1.180710e+02,7.276495e+06,1.730961e+02,3.406393e+06,,0.000000e+00,0.000000e+00
2013-12-11 23:22:05.000000,0.000000e+00,1.663795e+07,1.180723e+02,7.275012e+06,1.730961e+02,3.406369e+06,,0.000000e+00,0.000000e+00
2013-12-11 23:22:06.000000,0.000000e+00,1.663795e+07,1.180736e+02,7.273530e+06,1.730961e+02,3.406345e+06,,0.000000e+00,0.000000e+00
2013-12-11 23:22:07.000000,0.000000e+00,1.663795e+07,1.180749e+02,7.272047e+06,1.730961e+02,3.406321e+06,,0.000000e+00,0.000000e+00
2013-12-11 23:22:08.000000,0.000000e+00,1.663795e+07,1.180762e+02,7.270564e+06,1.730961e+02,3.406298e+06,,0.000000e+00,0.000000e+00
2013-12-11 23:22:09.000000,0.000000e+00,1.663795e+07,1.180775e+02,7.269081e+06,1.730961e+02,3.406274e+06,,0.000000e+00,0.000000e+00
2013-12-11 23:22:10.000000,0.000000e+00,1.663795e+07,1.180788e+02,7.267598e+06,1.730961e+02,3.406250e+06,,0.000000e+00,0.000000e+00
2013-12-11 23:22:11.000000,0.000000e+00,1.663795e+07,1.180801e+02,7.269129e+06,1.730961e+02,3.406226e+06,,0.000000e+00,0.000000e+00
2013-12-11 23:22:12.000000,0.000000e+00,1.663795e+07,1.180814e+02,7.270660e+06,1.730961e+02,3.406203e+06,,0.000000e+00,0.000000e+00
2013-12-11 23:22:13.000000,0.000000e+00,1.663795e+07,1.180827e+02,7.272192e+06,1.730961e+02,3.406179e+06,,0.000000e+00,0.000000e+00
2013-12-11 23:22:14.000000,0.000000e+00,1.663795e+07,1.180826e+02,7.273722e+06,1.730961e+02,3.406155e+06,,0.000000e+00,0.000000e+00
2013-12-11 23:22:15.000000,0.000000e+00,1.663795e+07,1.180824e+02,7.275253e+06,1.730961e+02,3.406131e+06,,0.000000e+00,0.000000e+00
2013-12-11 23:22:16.000000,0.000000e+00,1.663795e+07,1.180822e+02,7.276785e+06,1.730961e+02,3.406107e+06,,0.000000e+00,0.000000e+00
2013-12-11 23:22:17.000000,0.000000e+00,1.663795e+07,1.180821e+02,7.278316e+06,1.730961e+02,3.406084e+06,,0.000000e+00,0.000000e+00
2013-12-11 23:22:18.000000,0.000000e+00,1.663795e+07,1.180819e+02,7.279847e+06,1.730961e+02,3.406060e+06,,0.000000e+00,0.000000e+00
2013-12-11 23:22:19.000000,0.000000e+00,1.663795e+07,1.180817e+02,7.281378e+06,1.730961e+02,3.406036e+06,,0.000000e+00,0.000000e+00
2013-12-11 23:22:20.000000,0.000000e+00,1.663795e+07,1.180816e+02,7.282909e+06,1.730961e+02,3.406012e+06,,0.000000e+00,0.000000e+00
2013-12-11 23:22:21.000000,0.000000e+00,1.663795e+07,1.180814e+02,7.284441e+06,1.730961e+02,3.405988e+06,,0.000000e+00,0.000000e+00
2013-12-11 23:22:22.000000,0.000000e+00,1.663795e+07,1.180813e+02,7.285971e+06,1.730961e+02,3.405965e+06,,0.000000e+00,0.000000e+00
2013-12-11 23:22:23.000000,0.000000e+00,1.663795e+07,1.180811e+02,7.287502e+06,1.730961e+02,3.405941e+06,,0.000000e+00,0.000000e+00
2013-12-11 23:22:24.000000,0.000000e+00,1.663795e+07,1.180809e+02,7.289034e+06,1.730961e+02,3.405917e+06,,0.000000e+00,0.000000e+00
2013-12-11 23:22:25.000000,0.000000e+00,1.663795e+07,1.180808e+02,7.290565e+06,1.730961e+02,3.405893e+06,,0.000000e+00,0.000000e+00
2013-12-11 23:22:26.000000,0.000000e+00,1.663795e+07,1.180806e+02,7.292096e+06,1.730961e+02,3.405869e+06,,0.000000e+00,0.000000e+00
2013-12-11 23:22:27.000000,0.000000e+00,1.663795e+07,1.180804e+02,7.293627e+06,1.730961e+02,3.405846e+06,,0.000000e+00,0.000000e+00
2013-12-11 23:22:28.000000,0.000000e+00,1.663795e+07,1.180803e+02,7.295158e+06,1.730961e+02,3.405822e+06,,0.000000e+00,0.000000e+00
2013-12-11 23:22:29.000000,0.000000e+00,1.663795e+07,1.180801e+02,7.296689e+06,1.730961e+02,3.405798e+06,,0.000000e+00,0.000000e+00
2013-12-11 23:22:30.000000,0.000000e+00,1.663795e+07,1.180800e+02,7.298220e+06,1.730961e+02,3.405774e+06,,0.000000e+00,0.000000e+00
2013-12-11 23:22:31.000000,0.000000e+00,1.663795e+07,1.180798e+02,7.299751e+06,1.730961e+02,3.405750e+06,,0.000000e+00,0.000000e+00
2013-12-11 23:22:32.000000,0.000000e+00,1.663795e+07,1.180796e+02,7.301283e+06,1.730961e+02,3.405727e+06,,0.000000e+00,0.000000e+00
2013-12-11 23:22:33.000000,0.000000e+00,1.663795e+07,1.180795e+02,7.302814e+06,1.730961e+02,3.405703e+06,,0.000000e+00,0.000000e+00
2013-12-11 23:22:34.000000,0.000000e+00,1.663795e+07,1.180793e+02,7.304345e+06,1.730961e+02,3.405679e+06,,0.000000e+00,0.000000e+00
2013-12-11 23:22:35.000000,0.000000e+00,1.663795e+07,1.180791e+02,7.305876e+06,1.730961e+02,3.405655e+06,,0.000000e+00,0.000000e+00
2013-12-11 23:22:36.000000,0.000000e+00,1.663795e+07,1.180790e+02,7.307407e+06,1.730961e+02,3.405632e+06,,0.000000e+00,0.000000e+00
2013-12-11 23:22:37.000000,0.000000e+00,1.663795e+07,1.180788e+02,7.308938e+06,1.730961e+02,3.405608e+06,,0.000000e+00,0.000000e+00
2013-12-11 23:22:38.000000,0.000000e+00,1.663795e+07,1.180787e+02,7.310469e+06,1.730961e+02,3.405584e+06,,0.000000e+00,0.000000e+00
2013-12-11 23:22:39.000000,0.000000e+00,1.663795e+07,1.180785e+02,7.312000e+06,1.730961e+02,3.405560e+06,,0.000000e+00,0.000000e+00
2013-12-11 23:22:40.000000,0.000000e+00,1.663795e+07,1.180783e+02,7.313531e+06,1.730961e+02,3.405536e+06,,0.000000e+00,0.000000e+00
2013-12-11 23:22:41.000000,0.000000e+00,1.663795e+07,1.180782e+02,7.315063e+06,1.730961e+02,3.405513e+06,,0.000000e+00,0.000000e+00
2013-12-11 23:22:42.000000,0.000000e+00,1.663795e+07,1.180780e+02,7.316594e+06,1.730961e+02,3.405489e+06,,0.000000e+00,0.000000e+00
2013-12-11 23:22:43.000000,0.000000e+00,1.663795e+07,1.180778e+02,7.318125e+06,1.730961e+02,3.405465e+06,,0.000000e+00,0.000000e+00
2013-12-11 23:22:44.000000,0.000000e+00,1.663795e+07,1.180777e+02,7.319656e+06,1.730961e+02,3.405441e+06,,0.000000e+00,0.000000e+00
2013-12-11 23:22:45.000000,0.000000e+00,1.663795e+07,1.180775e+02,7.321187e+06,1.730961e+02,3.405417e+06,,0.000000e+00,0.000000e+00
2013-12-11 23:22:46.000000,0.000000e+00,1.663795e+07,1.180774e+02,7.322718e+06,1.730961e+02,3.405394e+06,,0.000000e+00,0.000000e+00
2013-12-11 23:22:47.000000,0.000000e+00,1.663795e+07,1.180772e+02,7.324249e+06,1.730961e+02,3.405370e+06,,0.000000e+00,0.000000e+00
2013-12-11 23:22:48.000000,0.000000e+00,1.663795e+07,1.180770e+02,7.325780e+06,1.730961e+02,3.405346e+06,,0.000000e+00,0.000000e+00
2013-12-11 23:22:49.000000,0.000000e+00,1.663795e+07,1.180769e+02,7.327312e+06,1.730961e+02,3.405322e+06,,0.000000e+00,0.000000e+00
2013-12-11 23:22:50.000000,0.000000e+00,1.663795e+07,1.180767e+02,7.328843e+06,1.730961e+02,3.405298e+06,,0.000000e+00,0.000000e+00
2013-12-11 23:22:51.000000,0.000000e+00,1.663795e+07,1.180765e+02,7.330374e+06,1.730961e+02,3.405275e+06,,0.000000e+00,0.000000e+00
2013-12-11 23:22:52.000000,0.000000e+00,1.663795e+07,1.180764e+02,7.331905e+06,1.730961e+02,3.405251e+06,,0.000000e+00,0.000000e+00
2013-12-11 23:22:53.000000,0.000000e+00,1.663795e+07,1.180762e+02,7.333436e+06,1.730961e+02,3.405227e+06,,0.000000e+00,0.000000e+00
2013-12-11 23:22:54.000000,0.000000e+00,1.663795e+07,1.180760e+02,7.334967e+06,1.730961e+02,3.405203e+06,,0.000000e+00,0.000000e+00
2013-12-11 23:22:55.000000,0.000000e+00,1.663795e+07,1.180759e+02,7.336498e+06,1.730961e+02,3.405179e+06,,0.000000e+00,0.000000e+00
2013-12-11 23:22:56.000000,0.000000e+00,1.663795e+07,1.180757e+02,7.338029e+06,1.730961e+02,3.405156e+06,,0.000000e+00,0.000000e+00
2013-12-11 23:22:57.000000,0.000000e+00,1.663795e+07,1.180756e+02,7.339561e+06,1.730961e+02,3.405132e+06,,0.000000e+00,0.000000e+00
2013-12-11 23:22:58.000000,0.000000e+00,1.663795e+07,1.180754e+02,7.341092e+06,1.730961e+02,3.405108e+06,,0.000000e+00,0.000000e+00
2013-12-11 23:22:59.000000,0.000000e+00,1.663795e+07,1.180752e+02,7.342622e+06,1.730961e+02,3.405084e+06,,0.000000e+00,0.000000e+00
2013-12-11 23:23:00.000000,0.000000e+00,1.663795e+07,1.180751e+02,7.344154e+06,1.730961e+02,3.405061e+06,,0.000000e+00,0.000000e+00
2013-12-11 23:23:01.000000,0.000000e+00,1.663795e+07,1.180749e+02,7.345685e+06,1.730961e+02,3.405037e+06,,0.000000e+00,0.000000e+00
2013-12-11 23:23:02.000000,0.000000e+00,1.663795e+07,1.180748e+02,7.347216e+06,1.730961e+02,3.405013e+06,,0.000000e+00,0.000000e+00
2013-12-11 23:23:03.000000,0.000000e+00,1.663795e+07,1.180746e+02,7.348747e+06,1.730961e+02,3.404989e+06,,0.000000e+00,0.000000e+00
2013-12-11 23:23:04.000000,0.000000e+00,1.663795e+07,1.180744e+02,7.350278e+06,1.730961e+02,3.404965e+06,,0.000000e+00,0.000000e+00
2013-12-11 23:23:05.000000,0.000000e+00,1.663795e+07,1.180743e+02,7.351810e+06,1.730961e+02,3.404942e+06,,0.000000e+00,0.000000e+00
2013-12-11 23:23:06.000000,0.000000e+00,1.663795e+07,1.180741e+02,7.353341e+06,1.730961e+02,3.404918e+06,,0.000000e+00,0.000000e+00
2013-12-11 23:23:07.000000,0.000000e+00,1.663795e+07,1.180739e+02,7.354871e+06,1.730961e+02,3.404894e+06,,0.000000e+00,0.000000e+00
2013-12-11 23:23:08.000000,0.000000e+00,1.663795e+07,1.180738e+02,7.356403e+06,1.730961e+02,3.404870e+06,,0.000000e+00,0.000000e+00
2013-12-11 23:23:09.000000,0.000000e+00,1.663795e+07,1.180736e+02,7.357934e+06,1.730961e+02,3.404846e+06,,0.000000e+00,0.000000e+00
2013-12-11 23:23:10.000000,0.000000e+00,1.663795e+07,1.180734e+02,7.359465e+06,1.730961e+02,3.404823e+06,,0.000000e+00,0.000000e+00
2013-12-11 23:23:11.000000,0.000000e+00,1.663795e+07,1.180733e+02,7.359465e+06,1.730961e+02,3.404799e+06,,0.000000e+00,0.000000e+00
2013-12-11 23:23:12.000000,0.000000e+00,1.663795e+07,1.180731e+02,7.359465e+06,1.730961e+02,3.404775e+06,,0.000000e+00,0.000000e+00
2013-12-11 23:23:13.000000,0.000000e+00,1.663795e+07,1.180730e+02,7.359465e+06,1.730961e+02,3.404751e+06,,0.000000e+00,0.000000e+00
2013-12-11 23:23:14.000000,0.000000e+00,1.663795e+07,1.180728e+02,7.359465e+06,1.730961e+02,3.404727e+06,,0.000000e+00,0.000000e+00
2013-12-11 23:23:15.000000,0.000000e+00,1.663795e+07,1.180726e+02,7.359465e+06,1.730961e+02,3.404704e+06,,0.000000e+00,0.000000e+00
2013-12-11 23:23:16.000000,0.000000e+00,1.663795e+07,1.180725e+02,7.359465e+06,1.730961e+02,3.404679e+06,,0.000000e+00,0.000000e+00
2013-12-11 23:23:17.000000,0.000000e+00,1.663795e+07,1.180723e+02,7.359465e+06,1.730961e+02,3.404656e+06,,0.000000e+00,0.000000e+00
2013-12-11 23:23:18.000000,0.000000e+00,1.663795e+07,1.180721e+02,7.359465e+06,1.730961e+02,3.404632e+06,,0.000000e+00,0.000000e+00
2013-12-11 23:23:19.000000,0.000000e+00,1.663795e+07,1.180720e+02,7.359465e+06,1.730961e+02,3.404608e+06,,0.000000e+00,0.000000e+00
2013-12-11 23:23:20.000000,0.000000e+00,1.663795e+07,1.180718e+02,7.359465e+06,1.730961e+02,3.404585e+06,,0.000000e+00,0.000000e+00
2013-12-11 23:23:21.000000,0.000000e+00,1.663795e+07,1.180717e+02,7.359465e+06,1.730961e+02,3.404561e+06,,0.000000e+00,0.000000e+00
2013-12-11 23:23:22.000000,0.000000e+00,1.663795e+07,1.180715e+02,7.359465e+06,1.730961e+02,3.404537e+06,,0.000000e+00,0.000000e+00
2013-12-11 23:23:23.000000,0.000000e+00,1.663795e+07,1.180713e+02,7.359465e+06,1.730961e+02,3.404513e+06,,0.000000e+00,0.000000e+00
2013-12-11 23:23:24.000000,0.000000e+00,1.663795e+07,1.180712e+02,7.359465e+06,1.730961e+02,3.404489e+06,,0.000000e+00,0.000000e+00
2013-12-11 23:23:25.000000,0.000000e+00,1.663795e+07,1.180710e+02,7.359465e+06,1.730961e+02,3.404465e+06,,0.000000e+00,0.000000e+00
2013-12-11 23:23:26.000000,0.000000e+00,1.663795e+07,1.180708e+02,7.359465e+06,1.730961e+02,3.404442e+06,,0.000000e+00,0.000000e+00
2013-12-11 23:23:27.000000,0.000000e+00,1.663795e+07,1.180707e+02,7.359465e+06,1.730961e+02,3.404418e+06,,0.000000e+00,0.000000e+00
2013-12-11 23:23:28.000000,0.000000e+00,1.663795e+07,1.180705e+02,7.359465e+06,1.730961e+02,3.404394e+06,,0.000000e+00,0.000000e+00
2013-12-11 23:23:29.000000,0.000000e+00,1.663795e+07,1.180704e+02,7.359465e+06,1.730961e+02,3.404370e+06,,0.000000e+00,0.000000e+00
2013-12-11 23:23:30.000000,0.000000e+00,1.663795e+07,1.180702e+02,7.359465e+06,1.730961e+02,3.404346e+06,,0.000000e+00,0.000000e+00
2013-12-11 23:23:31.000000,0.000000e+00,1.663795e+07,1.180700e+02,7.359465e+06,1.730961e+02,3.404323e+06,,0.000000e+00,0.000000e+00
2013-12-11 23:23:32.000000,0.000000e+00,1.663795e+07,1.180699e+02,7.359465e+06,1.730961e+02,3.404299e+06,,0.000000e+00,0.000000e+00
2013-12-11 23:23:33.000000,0.000000e+00,1.663795e+07,1.180697e+02,7.359465e+06,1.730961e+02,3.404275e+06,,0.000000e+00,0.000000e+00
2013-12-11 23:23:34.000000,0.000000e+00,1.663795e+07,1.180695e+02,7.359465e+06,1.730961e+02,3.404251e+06,,0.000000e+00,0.000000e+00
2013-12-11 23:23:35.000000,0.000000e+00,1.663795e+07,1.180694e+02,7.359465e+06,1.730961e+02,3.404227e+06,,0.000000e+00,0.000000e+00
2013-12-11 23:23:36.000000,0.000000e+00,1.663795e+07,1.180692e+02,7.359465e+06,1.730961e+02,3.404204e+06,,0.000000e+00,0.000000e+00
2013-12-11 23:23:37.000000,0.000000e+00,1.663795e+07,1.180691e+02,7.359465e+06,1.730961e+02,3.404180e+06,,0.000000e+00,0.000000e+00
2013-12-11 23:23:38.000000,0.000000e+00,1.663795e+07,1.180689e+02,7.359465e+06,1.730961e+02,3.404156e+06,,0.000000e+00,0.000000e+00
2013-12-11 23:23:39.000000,0.000000e+00,1.663795e+07,1.180687e+02,7.359465e+06,1.730961e+02,3.404132e+06,,0.000000e+00,0.000000e+00
2013-12-11 23:23:40.000000,0.000000e+00,1.663795e+07,1.180686e+02,7.359465e+06,1.730961e+02,3.404108e+06,,0.000000e+00,0.000000e+00
2013-12-11 23:23:41.000000,0.000000e+00,1.663795e+07,1.180684e+02,7.359465e+06,1.730961e+02,3.404085e+06,,0.000000e+00,0.000000e+00
2013-12-11 23:23:42.000000,0.000000e+00,1.663795e+07,1.180682e+02,7.359465e+06,1.730961e+02,3.404061e+06,,0.000000e+00,0.000000e+00
2013-12-11 23:23:43.000000,0.000000e+00,1.663795e+07,1.180681e+02,7.359465e+06,1.730961e+02,3.404037e+06,,0.000000e+00,0.000000e+00
2013-12-11 23:23:44.000000,0.000000e+00,1.663795e+07,1.180679e+02,7.359465e+06,1.730961e+02,3.404013e+06,,0.000000e+00,0.000000e+00
2013-12-11 23:23:45.000000,0.000000e+00,1.663795e+07,1.180677e+02,7.359465e+06,1.730961e+02,3.403990e+06,,0.000000e+00,0.000000e+00
2013-12-11 23:23:46.000000,0.000000e+00,1.663795e+07,1.180676e+02,7.359465e+06,1.730961e+02,3.403966e+06,,0.000000e+00,0.000000e+00
2013-12-11 23:23:47.000000,0.000000e+00,1.663795e+07,1.180674e+02,7.359465e+06,1.730961e+02,3.403942e+06,,0.000000e+00,0.000000e+00
2013-12-11 23:23:48.000000,0.000000e+00,1.663795e+07,1.180673e+02,7.359465e+06,1.730961e+02,3.403918e+06,,0.000000e+00,0.000000e+00
2013-12-11 23:23:49.000000,0.000000e+00,1.663795e+07,1.180671e+02,7.359465e+06,1.730961e+02,3.403894e+06,,0.000000e+00,0.000000e+00
2013-12-11 23:23:50.000000,0.000000e+00,1.663795e+07,1.180669e+02,7.359465e+06,1.730961e+02,3.403871e+06,,0.000000e+00,0.000000e+00
2013-12-11 23:23:51.000000,0.000000e+00,1.663795e+07,1.180668e+02,7.359465e+06,1.730961e+02,3.403847e+06,,0.000000e+00,0.000000e+00
2013-12-11 23:23:52.000000,0.000000e+00,1.663795e+07,1.180666e+02,7.359465e+06,1.730961e+02,3.403823e+06,,0.000000e+00,0.000000e+00
2013-12-11 23:23:53.000000,0.000000e+00,1.663795e+07,1.180665e+02,7.359465e+06,1.730961e+02,3.403799e+06,,0.000000e+00,0.000000e+00
2013-12-11 23:23:54.000000,0.000000e+00,1.663795e+07,1.180663e+02,7.359465e+06,1.730961e+02,3.403775e+06,,0.000000e+00,0.000000e+00
2013-12-11 23:23:55.000000,0.000000e+00,1.663795e+07,1.180661e+02,7.359465e+06,1.730961e+02,3.403752e+06,,0.000000e+00,0.000000e+00
2013-12-11 23:23:56.000000,0.000000e+00,1.663795e+07,1.180660e+02,7.359465e+06,1.730961e+02,3.403728e+06,,0.000000e+00,0.000000e+00
2013-12-11 23:23:57.000000,0.000000e+00,1.663795e+07,1.180658e+02,7.359465e+06,1.730961e+02,3.403704e+06,,0.000000e+00,0.000000e+00
2013-12-11 23:23:58.000000,0.000000e+00,1.663795e+07,1.180656e+02,7.359465e+06,1.730961e+02,3.403680e+06,,0.000000e+00,0.000000e+00
2013-12-11 23:23:59.000000,0.000000e+00,1.663795e+07,1.180655e+02,7.359465e+06,1.730961e+02,3.403656e+06,,0.000000e+00,0.000000e+00
2013-12-11 23:24:00.000000,0.000000e+00,1.663795e+07,1.180653e+02,7.359465e+06,1.730961e+02,3.403633e+06,,0.000000e+00,0.000000e+00
2013-12-11 23:24:01.000000,0.000000e+00,1.663795e+07,1.180651e+02,7.359465e+06,1.730961e+02,3.403609e+06,,0.000000e+00,0.000000e+00
2013-12-11 23:24:02.000000,0.000000e+00,1.663795e+07,1.180650e+02,7.359465e+06,1.730961e+02,3.403585e+06,,0.000000e+00,0.000000e+00
2013-12-11 23:24:03.000000,0.000000e+00,1.663795e+07,1.180648e+02,7.359465e+06,1.730961e+02,3.403561e+06,,0.000000e+00,0.000000e+00
2013-12-11 23:24:04.000000,0.000000e+00,1.663795e+07,1.180647e+02,7.359465e+06,1.730961e+02,3.403537e+06,,0.000000e+00,0.000000e+00
2013-12-11 23:24:05.000000,0.000000e+00,1.663795e+07,1.180645e+02,7.359465e+06,1.730961e+02,3.403514e+06,,0.000000e+00,0.000000e+00
2013-12-11 23:24:06.000000,0.000000e+00,1.663795e+07,1.180643e+02,7.359465e+06,1.730961e+02,3.403490e+06,,0.000000e+00,0.000000e+00
2013-12-11 23:24:07.000000,0.000000e+00,1.663795e+07,1.180642e+02,7.359465e+06,1.730961e+02,3.403466e+06,,0.000000e+00,0.000000e+00
2013-12-11 23:24:08.000000,0.000000e+00,1.663795e+07,1.180640e+02,7.359465e+06,1.730961e+02,3.403442e+06,,0.000000e+00,0.000000e+00
2013-12-11 23:24:09.000000,0.000000e+00,1.663795e+07,1.180638e+02,7.359465e+06,1.730961e+02,3.403419e+06,,0.000000e+00,0.000000e+00
2013-12-11 23:24:10.000000,0.000000e+00,1.663795e+07,1.180637e+02,7.359465e+06,1.730961e+02,3.403395e+06,,0.000000e+00,0.000000e+00
2013-12-11 23:24:11.000000,0.000000e+00,1.663795e+07,1.180635e+02,7.359465e+06,1.730961e+02,3.403371e+06,,0.000000e+00,0.000000e+00
2013-12-11 23:24:12.000000,0.000000e+00,1.663795e+07,1.180634e+02,7.359465e+06,1.730961e+02,3.403347e+06,,0.000000e+00,0.000000e+00
2013-12-11 23:24:13.000000,0.000000e+00,1.663795e+07,1.180632e+02,7.359465e+06,1.730961e+02,3.403323e+06,,0.000000e+00,0.000000e+00
2013-12-11 23:24:14.000000,0.000000e+00,1.663795e+07,1.180630e+02,7.359465e+06,1.730961e+02,3.403300e+06,,0.000000e+00,0.000000e+00
2013-12-11 23:24:15.000000,0.000000e+00,1.663795e+07,1.180629e+02,7.359465e+06,1.730961e+02,3.403276e+06,,0.000000e+00,0.000000e+00
2013-12-11 23:24:16.000000,0.000000e+00,1.663795e+07,1.180627e+02,7.359465e+06,1.730961e+02,3.403252e+06,,0.000000e+00,0.000000e+00
2013-12-11 23:24:17.000000,0.000000e+00,1.663795e+07,1.180625e+02,7.359465e+06,1.730961e+02,3.403228e+06,,0.000000e+00,0.000000e+00
2013-12-11 23:24:18.000000,0.000000e+00,1.663795e+07,1.180624e+02,7.359465e+06,1.730961e+02,3.403204e+06,,0.000000e+00,0.000000e+00
2013-12-11 23:24:19.000000,0.000000e+00,1.663795e+07,1.180622e+02,7.359465e+06,1.730961e+02,3.403181e+06,,0.000000e+00,0.000000e+00
2013-12-11 23:24:20.000000,0.000000e+00,1.663795e+07,1.180621e+02,7.359465e+06,1.730961e+02,3.403157e+06,,0.000000e+00,0.000000e+00
2013-12-11 23:24:21.000000,0.000000e+00,1.663795e+07,1.180619e+02,7.359465e+06,1.730961e+02,3.403133e+06,,0.000000e+00,0.000000e+00
2013-12-11 23:24:22.000000,0.000000e+00,1.663795e+07,1.180617e+02,7.359465e+06,1.730961e+02,3.403109e+06,,0.000000e+00,0.000000e+00
2013-12-11 23:24:23.000000,0.000000e+00,1.663795e+07,1.180616e+02,7.359465e+06,1.730961e+02,3.403085e+06,,0.000000e+00,0.000000e+00
2013-12-11 23:24:24.000000,0.000000e+00,1.663795e+07,1.180614e+02,7.359465e+06,1.730961e+02,3.403062e+06,,0.000000e+00,0.000000e+00
2013-12-11 23:24:25.000000,0.000000e+00,1.663795e+07,1.180612e+02,7.359465e+06,1.730961e+02,3.403038e+06,,0.000000e+00,0.000000e+00
2013-12-11 23:24:26.000000,0.000000e+00,1.663795e+07,1.180611e+02,7.359465e+06,1.730961e+02,3.403014e+06,,0.000000e+00,0.000000e+00
2013-12-11 23:24:27.000000,0.000000e+00,1.663795e+07,1.180609e+02,7.359465e+06,1.730961e+02,3.402990e+06,,0.000000e+00,0.000000e+00
2013-12-11 23:24:28.000000,0.000000e+00,1.663795e+07,1.180608e+02,7.359465e+06,1.730961e+02,3.402966e+06,,0.000000e+00,0.000000e+00
2013-12-11 23:24:29.000000,0.000000e+00,1.663795e+07,1.180606e+02,7.359465e+06,1.730961e+02,3.402943e+06,,0.000000e+00,0.000000e+00
2013-12-11 23:24:30.000000,0.000000e+00,1.663795e+07,1.180604e+02,7.359465e+06,1.730961e+02,3.402919e+06,,0.000000e+00,0.000000e+00
2013-12-11 23:24:31.000000,0.000000e+00,1.663795e+07,1.180603e+02,7.359465e+06,1.730961e+02,3.402895e+06,,0.000000e+00,0.000000e+00
2013-12-11 23:24:32.000000,0.000000e+00,1.663795e+07,1.180601e+02,7.359465e+06,1.730961e+02,3.402871e+06,,0.000000e+00,0.000000e+00
2013-12-11 23:24:33.000000,0.000000e+00,1.663795e+07,1.180599e+02,7.359465e+06,1.730961e+02,3.402847e+06,,0.000000e+00,0.000000e+00
2013-12-11 23:24:34.000000,0.000000e+00,1.663795e+07,1.180598e+02,7.359465e+06,1.730961e+02,3.402824e+06,,0.000000e+00,0.000000e+00
2013-12-11 23:24:35.000000,0.000000e+00,1.663795e+07,1.180596e+02,7.359465e+06,1.730961e+02,3.402800e+06,,0.000000e+00,0.000000e+00
2013-12-11 23:24:36.000000,0.000000e+00,1.663795e+07,1.180594e+02,7.359465e+06,1.730961e+02,3.402776e+06,,0.000000e+00,0.000000e+00
2013-12-11 23:24:37.000000,0.000000e+00,1.663795e+07,1.180593e+02,7.359465e+06,1.730961e+02,3.402752e+06,,0.000000e+00,0.000000e+00
2013-12-11 23:24:38.000000,0.000000e+00,1.663795e+07,1.180591e+02,7.359465e+06,1.730961e+02,3.402729e+06,,0.000000e+00,0.000000e+00
2013-12-11 23:24:39.000000,0.000000e+00,1.663795e+07,1.180590e+02,7.359465e+06,1.730961e+02,3.402705e+06,,0.000000e+00,0.000000e+00
2013-12-11 23:24:40.000000,0.000000e+00,1.663795e+07,1.180588e+02,7.359465e+06,1.730961e+02,3.402681e+06,,0.000000e+00,0.000000e+00
2013-12-11 23:24:41.000000,0.000000e+00,1.663795e+07,1.180586e+02,7.359465e+06,1.730961e+02,3.402657e+06,,0.000000e+00,0.000000e+00
2013-12-11 23:24:42.000000,0.000000e+00,1.663795e+07,1.180585e+02,7.359465e+06,1.730961e+02,3.402633e+06,,0.000000e+00,0.000000e+00
2013-12-11 23:24:43.000000,0.000000e+00,1.663795e+07,1.180583e+02,7.359465e+06,1.730961e+02,3.402610e+06,,0.000000e+00,0.000000e+00
2013-12-11 23:24:44.000000,0.000000e+00,1.663795e+07,1.180582e+02,7.359465e+06,1.730961e+02,3.402586e+06,,0.000000e+00,0.000000e+00
2013-12-11 23:24:45.000000,0.000000e+00,1.663795e+07,1.180580e+02,7.359465e+06,1.730961e+02,3.402562e+06,,0.000000e+00,0.000000e+00
2013-12-11 23:24:46.000000,0.000000e+00,1.663795e+07,1.180578e+02,7.359465e+06,1.730961e+02,3.402538e+06,,0.000000e+00,0.000000e+00
2013-12-11 23:24:47.000000,0.000000e+00,1.663795e+07,1.180577e+02,7.359465e+06,1.730961e+02,3.402514e+06,,0.000000e+00,0.000000e+00
2013-12-11 23:24:48.000000,0.000000e+00,1.663795e+07,1.180575e+02,7.359465e+06,1.730961e+02,3.402491e+06,,0.000000e+00,0.000000e+00
2013-12-11 23:24:49.000000,0.000000e+00,1.663795e+07,1.180573e+02,7.359465e+06,1.730961e+02,3.402467e+06,,0.000000e+00,0.000000e+00
2013-12-11 23:24:50.000000,0.000000e+00,1.663795e+07,1.180572e+02,7.359465e+06,1.730961e+02,3.402443e+06,,0.000000e+00,0.000000e+00
2013-12-11 23:24:51.000000,0.000000e+00,1.663795e+07,1.180570e+02,7.359465e+06,1.730961e+02,3.402419e+06,,0.000000e+00,0.000000e+00
2013-12-11 23:24:52.000000,0.000000e+00,1.663795e+07,1.180568e+02,7.359465e+06,1.730961e+02,3.402395e+06,,0.000000e+00,0.000000e+00
2013-12-11 23:24:53.000000,0.000000e+00,1.663795e+07,1.180567e+02,7.359465e+06,1.730961e+02,3.402372e+06,,0.000000e+00,0.000000e+00
2013-12-11 23:24:54.000000,0.000000e+00,1.663795e+07,1.180565e+02,7.359465e+06,1.730961e+02,3.402348e+06,,0.000000e+00,0.000000e+00
2013-12-11 23:24:55.000000,0.000000e+00,1.663795e+07,1.180564e+02,7.359465e+06,1.730961e+02,3.402324e+06,,0.000000e+00,0.000000e+00
2013-12-11 23:24:56.000000,0.000000e+00,1.663795e+07,1.180562e+02,7.359465e+06,1.730961e+02,3.402300e+06,,0.000000e+00,0.000000e+00
2013-12-11 23:24:57.000000,0.000000e+00,1.663795e+07,1.180560e+02,7.359465e+06,1.730961e+02,3.402276e+06,,0.000000e+00,0.000000e+00
2013-12-11 23:24:58.000000,0.000000e+00,1.663795e+07,1.180559e+02,7.359465e+06,1.730961e+02,3.402253e+06,,0.000000e+00,0.000000e+00
2013-12-11 23:24:59.000000,0.000000e+00,1.663795e+07,1.180557e+02,7.359465e+06,1.730961e+02,3.402229e+06,,0.000000e+00,0.000000e+00
2013-12-11 23:25:00.000000,0.000000e+00,1.663795e+07,1.180555e+02,7.359465e+06,1.730961e+02,3.402205e+06,,0.000000e+00,0.000000e+00
2013-12-11 23:25:01.000000,0.000000e+00,1.663795e+07,1.180554e+02,7.359465e+06,1.730961e+02,3.402181e+06,,0.000000e+00,0.000000e+00
2013-12-11 23:25:02.000000,0.000000e+00,1.663795e+07,1.180552e+02,7.359465e+06,1.730961e+02,3.402158e+06,,0.000000e+00,0.000000e+00
2013-12-11 23:25:03.000000,0.000000e+00,1.663795e+07,1.180551e+02,7.359465e+06,1.730961e+02,3.402134e+06,,0.000000e+00,0.000000e+00
2013-12-11 23:25:04.000000,0.000000e+00,1.663795e+07,1.180549e+02,7.359465e+06,1.730961e+02,3.402110e+06,,0.000000e+00,0.000000e+00
2013-12-11 23:25:05.000000,0.000000e+00,1.663795e+07,1.180547e+02,7.359465e+06,1.730961e+02,3.402086e+06,,0.000000e+00,0.000000e+00
2013-12-11 23:25:06.000000,0.000000e+00,1.663795e+07,1.180546e+02,7.359465e+06,1.730961e+02,3.402062e+06,,0.000000e+00,0.000000e+00
2013-12-11 23:25:07.000000,0.000000e+00,1.663795e+07,1.180544e+02,7.359465e+06,1.730961e+02,3.402039e+06,,0.000000e+00,0.000000e+00
2013-12-11 23:25:08.000000,0.000000e+00,1.663795e+07,1.180542e+02,7.359465e+06,1.730961e+02,3.402015e+06,,0.000000e+00,0.000000e+00
2013-12-11 23:25:09.000000,0.000000e+00,1.663795e+07,1.180541e+02,7.359465e+06,1.730961e+02,3.401991e+06,,0.000000e+00,0.000000e+00
2013-12-11 23:25:10.000000,0.000000e+00,1.663795e+07,1.180539e+02,7.359465e+06,1.730961e+02,3.401967e+06,,0.000000e+00,0.000000e+00
2013-12-11 23:25:11.000000,0.000000e+00,1.663795e+07,1.180538e+02,7.359465e+06,1.730961e+02,3.401943e+06,,0.000000e+00,0.000000e+00
2013-12-11 23:25:12.000000,0.000000e+00,1.663795e+07,1.180536e+02,7.359465e+06,1.730961e+02,3.401920e+06,,0.000000e+00,0.000000e+00
2013-12-11 23:25:13.000000,0.000000e+00,1.663795e+07,1.180534e+02,7.359465e+06,1.730961e+02,3.401896e+06,,0.000000e+00,0.000000e+00
2013-12-11 23:25:14.000000,0.000000e+00,1.663795e+07,1.180533e+02,7.359465e+06,1.730961e+02,3.401872e+06,,0.000000e+00,0.000000e+00
2013-12-11 23:25:15.000000,0.000000e+00,1.663795e+07,1.180531e+02,7.359465e+06,1.730961e+02,3.401848e+06,,0.000000e+00,0.000000e+00
2013-12-11 23:25:16.000000,0.000000e+00,1.663795e+07,1.180529e+02,7.359465e+06,1.730961e+02,3.401824e+06,,0.000000e+00,0.000000e+00
2013-12-11 23:25:17.000000,0.000000e+00,1.663795e+07,1.180528e+02,7.359465e+06,1.730961e+02,3.401801e+06,,0.000000e+00,0.000000e+00
2013-12-11 23:25:18.000000,0.000000e+00,1.663795e+07,1.180526e+02,7.359465e+06,1.730961e+02,3.401777e+06,,0.000000e+00,0.000000e+00
2013-12-11 23:25:19.000000,0.000000e+00,1.663795e+07,1.180525e+02,7.359465e+06,1.730961e+02,3.401753e+06,,0.000000e+00,0.000000e+00
2013-12-11 23:25:20.000000,0.000000e+00,1.663795e+07,1.180523e+02,7.359465e+06,1.730961e+02,3.401729e+06,,0.000000e+00,0.000000e+00
2013-12-11 23:25:21.000000,0.000000e+00,1.663795e+07,1.180521e+02,7.359465e+06,1.730961e+02,3.401705e+06,,0.000000e+00,0.000000e+00
2013-12-11 23:25:22.000000,0.000000e+00,1.663795e+07,1.180520e+02,7.359465e+06,1.730961e+02,3.401682e+06,,0.000000e+00,0.000000e+00
2013-12-11 23:25:23.000000,0.000000e+00,1.663795e+07,1.180518e+02,7.359465e+06,1.730961e+02,3.401658e+06,,0.000000e+00,0.000000e+00
2013-12-11 23:25:24.000000,0.000000e+00,1.663795e+07,1.180516e+02,7.359465e+06,1.730961e+02,3.401634e+06,,0.000000e+00,0.000000e+00
2013-12-11 23:25:25.000000,0.000000e+00,1.663795e+07,1.180515e+02,7.359465e+06,1.730961e+02,3.401610e+06,,0.000000e+00,0.000000e+00
2013-12-11 23:25:26.000000,0.000000e+00,1.663795e+07,1.180513e+02,7.359465e+06,1.730961e+02,3.401587e+06,,0.000000e+00,0.000000e+00
2013-12-11 23:25:27.000000,0.000000e+00,1.663795e+07,1.180511e+02,7.359465e+06,1.730961e+02,3.401563e+06,,0.000000e+00,0.000000e+00
2013-12-11 23:25:28.000000,0.000000e+00,1.663795e+07,1.180510e+02,7.359465e+06,1.730961e+02,3.401539e+06,,0.000000e+00,0.000000e+00
2013-12-11 23:25:29.000000,0.000000e+00,1.663795e+07,1.180508e+02,7.359465e+06,1.730961e+02,3.401515e+06,,0.000000e+00,0.000000e+00
2013-12-11 23:25:30.000000,0.000000e+00,1.663795e+07,1.180507e+02,7.359465e+06,1.730961e+02,3.401491e+06,,0.000000e+00,0.000000e+00
2013-12-11 23:25:31.000000,0.000000e+00,1.663795e+07,1.180505e+02,7.359465e+06,1.730961e+02,3.401468e+06,,0.000000e+00,0.000000e+00
2013-12-11 23:25:32.000000,0.000000e+00,1.663795e+07,1.180503e+02,7.359465e+06,1.730961e+02,3.401443e+06,,0.000000e+00,0.000000e+00
2013-12-11 23:25:33.000000,0.000000e+00,1.663795e+07,1.180502e+02,7.359465e+06,1.730961e+02,3.401420e+06,,0.000000e+00,0.000000e+00
2013-12-11 23:25:34.000000,0.000000e+00,1.663795e+07,1.180500e+02,7.359465e+06,1.730961e+02,3.401396e+06,,0.000000e+00,0.000000e+00
2013-12-11 23:25:35.000000,0.000000e+00,1.663795e+07,1.180499e+02,7.359465e+06,1.730961e+02,3.401372e+06,,0.000000e+00,0.000000e+00
2013-12-11 23:25:36.000000,0.000000e+00,1.663795e+07,1.180497e+02,7.359465e+06,1.730961e+02,3.401348e+06,,0.000000e+00,0.000000e+00
2013-12-11 23:25:37.000000,0.000000e+00,1.663795e+07,1.180495e+02,7.359465e+06,1.730961e+02,3.401324e+06,,0.000000e+00,0.000000e+00
2013-12-11 23:25:38.000000,0.000000e+00,1.663795e+07,1.180494e+02,7.359465e+06,1.730961e+02,3.401301e+06,,0.000000e+00,0.000000e+00
2013-12-11 23:25:39.000000,0.000000e+00,1.663795e+07,1.180492e+02,7.359465e+06,1.730961e+02,3.401277e+06,,0.000000e+00,0.000000e+00
2013-12-11 23:25:40.000000,0.000000e+00,1.663795e+07,1.180490e+02,7.359465e+06,1.730961e+02,3.401253e+06,,0.000000e+00,0.000000e+00
2013-12-11 23:25:41.000000,0.000000e+00,1.663795e+07,1.180489e+02,7.359465e+06,1.730961e+02,3.401229e+06,,0.000000e+00,0.000000e+00
2013-12-11 23:25:42.000000,0.000000e+00,1.663795e+07,1.180487e+02,7.359465e+06,1.730961e+02,3.401206e+06,,0.000000e+00,0.000000e+00
2013-12-11 23:25:43.000000,0.000000e+00,1.663795e+07,1.180485e+02,7.359465e+06,1.730961e+02,3.401182e+06,,0.000000e+00,0.000000e+00
2013-12-11 23:25:44.000000,0.000000e+00,1.663795e+07,1.180484e+02,7.359465e+06,1.730961e+02,3.401158e+06,,0.000000e+00,0.000000e+00
2013-12-11 23:25:45.000000,0.000000e+00,1.663795e+07,1.180482e+02,7.359465e+06,1.730961e+02,3.401134e+06,,0.000000e+00,0.000000e+00
2013-12-11 23:25:46.000000,0.000000e+00,1.663795e+07,1.180481e+02,7.359465e+06,1.730961e+02,3.401110e+06,,0.000000e+00,0.000000e+00
2013-12-11 23:25:47.000000,0.000000e+00,1.663795e+07,1.180479e+02,7.359465e+06,1.730961e+02,3.401087e+06,,0.000000e+00,0.000000e+00
2013-12-11 23:25:48.000000,0.000000e+00,1.663795e+07,1.180477e+02,7.359465e+06,1.730961e+02,3.401063e+06,,0.000000e+00,0.000000e+00
2013-12-11 23:25:49.000000,0.000000e+00,1.663795e+07,1.180476e+02,7.359465e+06,1.730961e+02,3.401039e+06,,0.000000e+00,0.000000e+00
2013-12-11 23:25:50.000000,0.000000e+00,1.663795e+07,1.180474e+02,7.359465e+06,1.730961e+02,3.401015e+06,,0.000000e+00,0.000000e+00
2013-12-11 23:25:51.000000,0.000000e+00,1.663795e+07,1.180472e+02,7.359465e+06,1.730961e+02,3.400991e+06,,0.000000e+00,0.000000e+00
2013-12-11 23:25:52.000000,0.000000e+00,1.663795e+07,1.180471e+02,7.359465e+06,1.730961e+02,3.400968e+06,,0.000000e+00,0.000000e+00
2013-12-11 23:25:53.000000,0.000000e+00,1.663795e+07,1.180469e+02,7.359465e+06,1.730961e+02,3.400944e+06,,0.000000e+00,0.000000e+00
2013-12-11 23:25:54.000000,0.000000e+00,1.663795e+07,1.180468e+02,7.359465e+06,1.730961e+02,3.400920e+06,,0.000000e+00,0.000000e+00
2013-12-11 23:25:55.000000,0.000000e+00,1.663795e+07,1.180466e+02,7.359465e+06,1.730961e+02,3.400896e+06,,0.000000e+00,0.000000e+00
2013-12-11 23:25:56.000000,0.000000e+00,1.663795e+07,1.180464e+02,7.359465e+06,1.730961e+02,3.400872e+06,,0.000000e+00,0.000000e+00
2013-12-11 23:25:57.000000,0.000000e+00,1.663795e+07,1.180463e+02,7.359465e+06,1.730961e+02,3.400849e+06,,0.000000e+00,0.000000e+00
2013-12-11 23:25:58.000000,0.000000e+00,1.663795e+07,1.180461e+02,7.359465e+06,1.730961e+02,3.400825e+06,,0.000000e+00,0.000000e+00
2013-12-11 23:25:59.000000,0.000000e+00,1.663795e+07,1.180459e+02,7.359465e+06,1.730961e+02,3.400801e+06,,0.000000e+00,0.000000e+00
2013-12-11 23:26:00.000000,0.000000e+00,1.663795e+07,1.180458e+02,7.359465e+06,1.730961e+02,3.400777e+06,,0.000000e+00,0.000000e+00
2013-12-11 23:26:01.000000,0.000000e+00,1.663795e+07,1.180456e+02,7.359465e+06,1.730961e+02,3.400753e+06,,0.000000e+00,0.000000e+00
2013-12-11 23:26:02.000000,0.000000e+00,1.663795e+07,1.180455e+02,7.359465e+06,1.730961e+02,3.400730e+06,,0.000000e+00,0.000000e+00
2013-12-11 23:26:03.000000,0.000000e+00,1.663795e+07,1.180453e+02,7.359465e+06,1.730961e+02,3.400706e+06,,0.000000e+00,0.000000e+00
2013-12-11 23:26:04.000000,0.000000e+00,1.663795e+07,1.180451e+02,7.359465e+06,1.730961e+02,3.400682e+06,,0.000000e+00,0.000000e+00
2013-12-11 23:26:05.000000,0.000000e+00,1.663795e+07,1.180450e+02,7.359465e+06,1.730961e+02,3.400658e+06,,0.000000e+00,0.000000e+00
2013-12-11 23:26:06.000000,0.000000e+00,1.663795e+07,1.180448e+02,7.359465e+06,1.730961e+02,3.400634e+06,,0.000000e+00,0.000000e+00
2013-12-11 23:26:07.000000,0.000000e+00,1.663795e+07,1.180446e+02,7.359465e+06,1.730961e+02,3.400611e+06,,0.000000e+00,0.000000e+00
2013-12-11 23:26:08.000000,0.000000e+00,1.663795e+07,1.180445e+02,7.359465e+06,1.730961e+02,3.400587e+06,,0.000000e+00,0.000000e+00
2013-12-11 23:26:09.000000,0.000000e+00,1.663795e+07,1.180443e+02,7.359465e+06,1.730961e+02,3.400563e+06,,0.000000e+00,0.000000e+00
2013-12-11 23:26:10.000000,0.000000e+00,1.663795e+07,1.180442e+02,7.359465e+06,1.730961e+02,3.400539e+06,,0.000000e+00,0.000000e+00
2013-12-11 23:26:11.000000,0.000000e+00,1.663795e+07,1.180440e+02,7.359465e+06,1.730961e+02,3.400516e+06,,0.000000e+00,0.000000e+00
2013-12-11 23:26:12.000000,0.000000e+00,1.663795e+07,1.180438e+02,7.359465e+06,1.730961e+02,3.400492e+06,,0.000000e+00,0.000000e+00
2013-12-11 23:26:13.000000,0.000000e+00,1.663795e+07,1.180437e+02,7.359465e+06,1.730961e+02,3.400468e+06,,0.000000e+00,0.000000e+00
2013-12-11 23:26:14.000000,0.000000e+00,1.663795e+07,1.180443e+02,7.359465e+06,1.730961e+02,3.400444e+06,,0.000000e+00,0.000000e+00
2013-12-11 23:26:15.000000,0.000000e+00,1.663795e+07,1.180450e+02,7.359465e+06,1.730961e+02,3.400420e+06,,0.000000e+00,0.000000e+00
2013-12-11 23:26:16.000000,0.000000e+00,1.663795e+07,1.180456e+02,7.359465e+06,1.730961e+02,3.400397e+06,,0.000000e+00,0.000000e+00
2013-12-11 23:26:17.000000,0.000000e+00,1.663795e+07,1.180463e+02,7.359465e+06,1.730961e+02,3.400373e+06,,0.000000e+00,0.000000e+00
2013-12-11 23:26:18.000000,0.000000e+00,1.663795e+07,1.180469e+02,7.359465e+06,1.730961e+02,3.400349e+06,,0.000000e+00,0.000000e+00
2013-12-11 23:26:19.000000,0.000000e+00,1.663795e+07,1.180476e+02,7.359465e+06,1.730961e+02,3.400325e+06,,0.000000e+00,0.000000e+00
2013-12-11 23:26:20.000000,0.000000e+00,1.663795e+07,1.180482e+02,7.359465e+06,1.730961e+02,3.400301e+06,,0.000000e+00,0.000000e+00
2013-12-11 23:26:21.000000,0.000000e+00,1.663795e+07,1.180489e+02,7.359465e+06,1.730961e+02,3.400278e+06,,0.000000e+00,0.000000e+00
2013-12-11 23:26:22.000000,0.000000e+00,1.663795e+07,1.180495e+02,7.359465e+06,1.730961e+02,3.400254e+06,,0.000000e+00,0.000000e+00
2013-12-11 23:26:23.000000,0.000000e+00,1.663795e+07,1.180502e+02,7.359465e+06,1.730961e+02,3.400230e+06,,0.000000e+00,0.000000e+00
2013-12-11 23:26:24.000000,0.000000e+00,1.663795e+07,1.180508e+02,7.359465e+06,1.730961e+02,3.400206e+06,,0.000000e+00,0.000000e+00
2013-12-11 23:26:25.000000,0.000000e+00,1.663795e+07,1.180515e+02,7.359465e+06,1.730961e+02,3.400182e+06,,0.000000e+00,0.000000e+00
2013-12-11 23:26:26.000000,0.000000e+00,1.663795e+07,1.180521e+02,7.359465e+06,1.730961e+02,3.400159e+06,,0.000000e+00,0.000000e+00
2013-12-11 23:26:27.000000,0.000000e+00,1.663795e+07,1.180528e+02,7.359465e+06,1.730961e+02,3.400135e+06,,0.000000e+00,0.000000e+00
2013-12-11 23:26:28.000000,0.000000e+00,1.663795e+07,1.180534e+02,7.359465e+06,1.730961e+02,3.400111e+06,,0.000000e+00,0.000000e+00
2013-12-11 23:26:29.000000,0.000000e+00,1.663795e+07,1.180541e+02,7.359465e+06,1.730961e+02,3.400087e+06,,0.000000e+00,0.000000e+00
2013-12-11 23:26:30.000000,0.000000e+00,1.663795e+07,1.180547e+02,7.359465e+06,1.730961e+02,3.400063e+06,,0.000000e+00,0.000000e+00
2013-12-11 23:26:31.000000,0.000000e+00,1.663795e+07,1.180554e+02,7.359465e+06,1.730961e+02,3.400040e+06,,0.000000e+00,0.000000e+00
2013-12-11 23:26:32.000000,0.000000e+00,1.663795e+07,1.180560e+02,7.359465e+06,1.730961e+02,3.400016e+06,,0.000000e+00,0.000000e+00
2013-12-11 23:26:33.000000,0.000000e+00,1.663795e+07,1.180567e+02,7.359465e+06,1.730961e+02,3.399992e+06,,0.000000e+00,0.000000e+00
2013-12-11 23:26:34.000000,0.000000e+00,1.663795e+07,1.180573e+02,7.359465e+06,1.730961e+02,3.399968e+06,,0.000000e+00,0.000000e+00
2013-12-11 23:26:35.000000,0.000000e+00,1.663795e+07,1.180580e+02,7.359465e+06,1.730961e+02,3.399945e+06,,0.000000e+00,0.000000e+00
2013-12-11 23:26:36.000000,0.000000e+00,1.663795e+07,1.180586e+02,7.359465e+06,1.730961e+02,3.399921e+06,,0.000000e+00,0.000000e+00
2013-12-11 23:26:37.000000,0.000000e+00,1.663795e+07,1.180593e+02,7.359465e+06,1.730961e+02,3.399897e+06,,0.000000e+00,0.000000e+00
2013-12-11 23:26:38.000000,0.000000e+00,1.663795e+07,1.180599e+02,7.359465e+06,1.730961e+02,3.399873e+06,,0.000000e+00,0.000000e+00
2013-12-11 23:26:39.000000,0.000000e+00,1.663795e+07,1.180606e+02,7.359465e+06,1.730961e+02,3.399849e+06,,0.000000e+00,0.000000e+00
2013-12-11 23:26:40.000000,0.000000e+00,1.663795e+07,1.180612e+02,7.359465e+06,1.730961e+02,3.399826e+06,,0.000000e+00,0.000000e+00
2013-12-11 23:26:41.000000,0.000000e+00,1.663795e+07,1.180619e+02,7.359465e+06,1.730961e+02,3.399802e+06,,0.000000e+00,0.000000e+00
2013-12-11 23:26:42.000000,0.000000e+00,1.663795e+07,1.180625e+02,7.359465e+06,1.730961e+02,3.399778e+06,,0.000000e+00,0.000000e+00
2013-12-11 23:26:43.000000,0.000000e+00,1.663795e+07,1.180632e+02,7.359465e+06,1.730961e+02,3.399754e+06,,0.000000e+00,0.000000e+00
2013-12-11 23:26:44.000000,0.000000e+00,1.663795e+07,1.180638e+02,7.359465e+06,1.730961e+02,3.399730e+06,,0.000000e+00,0.000000e+00
2013-12-11 23:26:45.000000,0.000000e+00,1.663795e+07,1.180645e+02,7.359465e+06,1.730961e+02,3.399707e+06,,0.000000e+00,0.000000e+00
2013-12-11 23:26:46.000000,0.000000e+00,1.663795e+07,1.180651e+02,7.359465e+06,1.730961e+02,3.399683e+06,,0.000000e+00,0.000000e+00
2013-12-11 23:26:47.000000,0.000000e+00,1.663795e+07,1.180658e+02,7.359465e+06,1.730961e+02,3.399659e+06,,0.000000e+00,0.000000e+00
2013-12-11 23:26:48.000000,0.000000e+00,1.663795e+07,1.180665e+02,7.359465e+06,1.730961e+02,3.399635e+06,,0.000000e+00,0.000000e+00
2013-12-11 23:26:49.000000,0.000000e+00,1.663795e+07,1.180671e+02,7.359465e+06,1.730961e+02,3.399611e+06,,0.000000e+00,0.000000e+00
2013-12-11 23:26:50.000000,0.000000e+00,1.663795e+07,1.180677e+02,7.359465e+06,1.730961e+02,3.399588e+06,,0.000000e+00,0.000000e+00
2013-12-11 23:26:51.000000,0.000000e+00,1.663795e+07,1.180684e+02,7.359465e+06,1.730961e+02,3.399564e+06,,0.000000e+00,0.000000e+00
2013-12-11 23:26:52.000000,0.000000e+00,1.663795e+07,1.180691e+02,7.359465e+06,1.730961e+02,3.399540e+06,,0.000000e+00,0.000000e+00
2013-12-11 23:26:53.000000,0.000000e+00,1.663795e+07,1.180697e+02,7.359465e+06,1.730961e+02,3.399516e+06,,0.000000e+00,0.000000e+00
2013-12-11 23:26:54.000000,0.000000e+00,1.663795e+07,1.180704e+02,7.359465e+06,1.730961e+02,3.399492e+06,,0.000000e+00,0.000000e+00
2013-12-11 23:26:55.000000,0.000000e+00,1.663795e+07,1.180710e+02,7.359465e+06,1.730961e+02,3.399469e+06,,0.000000e+00,0.000000e+00
2013-12-11 23:26:56.000000,0.000000e+00,1.663795e+07,1.180717e+02,7.359465e+06,1.730961e+02,3.399445e+06,,0.000000e+00,0.000000e+00
2013-12-11 23:26:57.000000,0.000000e+00,1.663795e+07,1.180723e+02,7.359465e+06,1.730961e+02,3.399421e+06,,0.000000e+00,0.000000e+00
2013-12-11 23:26:58.000000,0.000000e+00,1.663795e+07,1.180730e+02,7.359465e+06,1.730961e+02,3.399397e+06,,0.000000e+00,0.000000e+00
2013-12-11 23:26:59.000000,0.000000e+00,1.663795e+07,1.180736e+02,7.359465e+06,1.730961e+02,3.399374e+06,,0.000000e+00,0.000000e+00
2013-12-11 23:27:00.000000,0.000000e+00,1.663795e+07,1.180743e+02,7.359465e+06,1.730961e+02,3.399350e+06,,0.000000e+00,0.000000e+00
2013-12-11 23:27:01.000000,0.000000e+00,1.663795e+07,1.180749e+02,7.359465e+06,1.730961e+02,3.399326e+06,,0.000000e+00,0.000000e+00
2013-12-11 23:27:02.000000,0.000000e+00,1.663795e+07,1.180756e+02,7.359465e+06,1.730961e+02,3.399302e+06,,0.000000e+00,0.000000e+00
2013-12-11 23:27:03.000000,0.000000e+00,1.663795e+07,1.180762e+02,7.359465e+06,1.730961e+02,3.399278e+06,,0.000000e+00,0.000000e+00
2013-12-11 23:27:04.000000,0.000000e+00,1.663894e+07,1.180769e+02,7.359465e+06,1.730961e+02,3.399255e+06,,0.000000e+00,0.000000e+00
2013-12-11 23:27:05.000000,0.000000e+00,1.663994e+07,1.180775e+02,7.359465e+06,1.730961e+02,3.399231e+06,,0.000000e+00,0.000000e+00
2013-12-11 23:27:06.000000,0.000000e+00,1.664094e+07,1.180782e+02,7.359465e+06,1.730961e+02,3.399207e+06,,0.000000e+00,0.000000e+00
2013-12-11 23:27:07.000000,0.000000e+00,1.664194e+07,1.180788e+02,7.359465e+06,1.730961e+02,3.399183e+06,,0.000000e+00,0.000000e+00
2013-12-11 23:27:08.000000,0.000000e+00,1.664293e+07,1.180795e+02,7.359465e+06,1.730961e+02,3.399159e+06,,0.000000e+00,0.000000e+00
2013-12-11 23:27:09.000000,0.000000e+00,1.664393e+07,1.180801e+02,7.359465e+06,1.730961e+02,3.399136e+06,,0.000000e+00,0.000000e+00
2013-12-11 23:27:10.000000,0.000000e+00,1.664493e+07,1.180808e+02,7.359465e+06,1.730961e+02,3.399112e+06,,0.000000e+00,0.000000e+00
2013-12-11 23:27:11.000000,0.000000e+00,1.664593e+07,1.180814e+02,7.359465e+06,1.730961e+02,3.399088e+06,,0.000000e+00,0.000000e+00
2013-12-11 23:27:12.000000,0.000000e+00,1.664692e+07,1.180821e+02,7.359465e+06,1.730961e+02,3.399064e+06,,0.000000e+00,0.000000e+00
2013-12-11 23:27:13.000000,0.000000e+00,1.664792e+07,1.180827e+02,7.359465e+06,1.730961e+02,3.399040e+06,,0.000000e+00,0.000000e+00
2013-12-11 23:27:14.000000,0.000000e+00,1.664892e+07,1.180822e+02,7.359465e+06,1.730961e+02,3.399017e+06,,0.000000e+00,0.000000e+00
2013-12-11 23:27:15.000000,0.000000e+00,1.664991e+07,1.180816e+02,7.359465e+06,1.730961e+02,3.398993e+06,,0.000000e+00,0.000000e+00
2013-12-11 23:27:16.000000,0.000000e+00,1.665091e+07,1.180811e+02,7.359465e+06,1.730961e+02,3.398969e+06,,0.000000e+00,0.000000e+00
2013-12-11 23:27:17.000000,0.000000e+00,1.665191e+07,1.180805e+02,7.359465e+06,1.730961e+02,3.398945e+06,,0.000000e+00,0.000000e+00
2013-12-11 23:27:18.000000,0.000000e+00,1.665291e+07,1.180799e+02,7.359465e+06,1.730961e+02,3.398921e+06,,0.000000e+00,0.000000e+00
2013-12-11 23:27:19.000000,0.000000e+00,1.665390e+07,1.180794e+02,7.359465e+06,1.730961e+02,3.398898e+06,,0.000000e+00,0.000000e+00
2013-12-11 23:27:20.000000,0.000000e+00,1.665490e+07,1.180788e+02,7.359465e+06,1.730961e+02,3.398874e+06,,0.000000e+00,0.000000e+00
2013-12-11 23:27:21.000000,0.000000e+00,1.665590e+07,1.180783e+02,7.359465e+06,1.730961e+02,3.398850e+06,,0.000000e+00,0.000000e+00
2013-12-11 23:27:22.000000,0.000000e+00,1.665690e+07,1.180777e+02,7.359465e+06,1.730961e+02,3.398826e+06,,0.000000e+00,0.000000e+00
2013-12-11 23:27:23.000000,0.000000e+00,1.665789e+07,1.180771e+02,7.359465e+06,1.730961e+02,3.398802e+06,,0.000000e+00,0.000000e+00
2013-12-11 23:27:24.000000,0.000000e+00,1.665756e+07,1.180766e+02,7.359465e+06,1.730961e+02,3.398779e+06,,0.000000e+00,0.000000e+00
2013-12-11 23:27:25.000000,0.000000e+00,1.665723e+07,1.180760e+02,7.359465e+06,1.730961e+02,3.398755e+06,,0.000000e+00,0.000000e+00
2013-12-11 23:27:26.000000,0.000000e+00,1.665690e+07,1.180755e+02,7.359465e+06,1.730961e+02,3.398731e+06,,0.000000e+00,0.000000e+00
2013-12-11 23:27:27.000000,0.000000e+00,1.665656e+07,1.180749e+02,7.359465e+06,1.730961e+02,3.398707e+06,,0.000000e+00,0.000000e+00
2013-12-11 23:27:28.000000,0.000000e+00,1.665623e+07,1.180744e+02,7.359465e+06,1.730961e+02,3.398684e+06,,0.000000e+00,0.000000e+00
2013-12-11 23:27:29.000000,0.000000e+00,1.665590e+07,1.180738e+02,7.359465e+06,1.730961e+02,3.398660e+06,,0.000000e+00,0.000000e+00
2013-12-11 23:27:30.000000,0.000000e+00,1.665557e+07,1.180732e+02,7.359465e+06,1.730961e+02,3.398636e+06,,0.000000e+00,0.000000e+00
2013-12-11 23:27:31.000000,0.000000e+00,1.665524e+07,1.180727e+02,7.359465e+06,1.730961e+02,3.398612e+06,,0.000000e+00,0.000000e+00
2013-12-11 23:27:32.000000,0.000000e+00,1.665490e+07,1.180721e+02,7.359465e+06,1.730961e+02,3.398588e+06,,0.000000e+00,0.000000e+00
2013-12-11 23:27:33.000000,0.000000e+00,1.665457e+07,1.180716e+02,7.359465e+06,1.730961e+02,3.398565e+06,,0.000000e+00,0.000000e+00
2013-12-11 23:27:34.000000,0.000000e+00,1.665424e+07,1.180710e+02,7.359465e+06,1.730961e+02,3.398540e+06,,0.000000e+00,0.000000e+00
2013-12-11 23:27:35.000000,0.000000e+00,1.665390e+07,1.180704e+02,7.359465e+06,1.730961e+02,3.398517e+06,,0.000000e+00,0.000000e+00
2013-12-11 23:27:36.000000,0.000000e+00,1.665357e+07,1.180699e+02,7.359465e+06,1.730961e+02,3.398493e+06,,0.000000e+00,0.000000e+00
2013-12-11 23:27:37.000000,0.000000e+00,1.665324e+07,1.180693e+02,7.359465e+06,1.730961e+02,3.398469e+06,,0.000000e+00,0.000000e+00
2013-12-11 23:27:38.000000,0.000000e+00,1.665291e+07,1.180688e+02,7.359465e+06,1.730961e+02,3.398446e+06,,0.000000e+00,0.000000e+00
2013-12-11 23:27:39.000000,0.000000e+00,1.665258e+07,1.180682e+02,7.359465e+06,1.730961e+02,3.398421e+06,,0.000000e+00,0.000000e+00
2013-12-11 23:27:40.000000,0.000000e+00,1.665224e+07,1.180677e+02,7.359465e+06,1.730961e+02,3.398398e+06,,0.000000e+00,0.000000e+00
2013-12-11 23:27:41.000000,0.000000e+00,1.665191e+07,1.180671e+02,7.359465e+06,1.730961e+02,3.398374e+06,,0.000000e+00,0.000000e+00
2013-12-11 23:27:42.000000,0.000000e+00,1.665158e+07,1.180665e+02,7.359465e+06,1.730961e+02,3.398350e+06,,0.000000e+00,0.000000e+00
2013-12-11 23:27:43.000000,0.000000e+00,1.665125e+07,1.180660e+02,7.359465e+06,1.730961e+02,3.398326e+06,,0.000000e+00,0.000000e+00
2013-12-11 23:27:44.000000,0.000000e+00,1.665091e+07,1.180654e+02,7.359465e+06,1.730961e+02,3.398303e+06,,0.000000e+00,0.000000e+00
2013-12-11 23:27:45.000000,0.000000e+00,1.665058e+07,1.180649e+02,7.359465e+06,1.730961e+02,3.398279e+06,,0.000000e+00,0.000000e+00
2013-12-11 23:27:46.000000,0.000000e+00,1.665025e+07,1.180643e+02,7.359465e+06,1.730961e+02,3.398255e+06,,0.000000e+00,0.000000e+00
2013-12-11 23:27:47.000000,0.000000e+00,1.664991e+07,1.180638e+02,7.359465e+06,1.730961e+02,3.398231e+06,,0.000000e+00,0.000000e+00
2013-12-11 23:27:48.000000,0.000000e+00,1.664958e+07,1.180632e+02,7.359465e+06,1.730961e+02,3.398207e+06,,0.000000e+00,0.000000e+00
2013-12-11 23:27:49.000000,0.000000e+00,1.664925e+07,1.180626e+02,7.359465e+06,1.730961e+02,3.398184e+06,,0.000000e+00,0.000000e+00
2013-12-11 23:27:50.000000,0.000000e+00,1.664892e+07,1.180621e+02,7.359465e+06,1.730961e+02,3.398160e+06,,0.000000e+00,0.000000e+00
2013-12-11 23:27:51.000000,0.000000e+00,1.664859e+07,1.180615e+02,7.359465e+06,1.730961e+02,3.398136e+06,,0.000000e+00,0.000000e+00
2013-12-11 23:27:52.000000,0.000000e+00,1.664825e+07,1.180610e+02,7.359465e+06,1.730961e+02,3.398112e+06,,0.000000e+00,0.000000e+00
2013-12-11 23:27:53.000000,0.000000e+00,1.664792e+07,1.180604e+02,7.359465e+06,1.730961e+02,3.398088e+06,,0.000000e+00,0.000000e+00
2013-12-11 23:27:54.000000,0.000000e+00,1.664759e+07,1.180598e+02,7.359465e+06,1.730961e+02,3.398065e+06,,0.000000e+00,0.000000e+00
2013-12-11 23:27:55.000000,0.000000e+00,1.664725e+07,1.180593e+02,7.359465e+06,1.730961e+02,3.398041e+06,,0.000000e+00,0.000000e+00
2013-12-11 23:27:56.000000,0.000000e+00,1.664692e+07,1.180587e+02,7.359465e+06,1.730961e+02,3.398017e+06,,0.000000e+00,0.000000e+00
2013-12-11 23:27:57.000000,0.000000e+00,1.664659e+07,1.180582e+02,7.359465e+06,1.730961e+02,3.397993e+06,,0.000000e+00,0.000000e+00
2013-12-11 23:27:58.000000,0.000000e+00,1.664626e+07,1.180576e+02,7.359465e+06,1.730961e+02,3.397969e+06,,0.000000e+00,0.000000e+00
2013-12-11 23:27:59.000000,0.000000e+00,1.664593e+07,1.180571e+02,7.359465e+06,1.730961e+02,3.397946e+06,,0.000000e+00,0.000000e+00
2013-12-11 23:28:00.000000,0.000000e+00,1.664559e+07,1.180565e+02,7.359465e+06,1.730961e+02,3.397922e+06,,0.000000e+00,0.000000e+00
2013-12-11 23:28:01.000000,0.000000e+00,1.664526e+07,1.180559e+02,7.359465e+06,1.730961e+02,3.397898e+06,,0.000000e+00,0.000000e+00
2013-12-11 23:28:02.000000,0.000000e+00,1.664493e+07,1.180554e+02,7.359465e+06,1.730961e+02,3.397874e+06,,0.000000e+00,0.000000e+00
2013-12-11 23:28:03.000000,0.000000e+00,1.664460e+07,1.180548e+02,7.359465e+06,1.730961e+02,3.397850e+06,,0.000000e+00,0.000000e+00
2013-12-11 23:28:04.000000,0.000000e+00,1.664426e+07,1.180543e+02,7.359465e+06,1.730961e+02,3.397827e+06,,0.000000e+00,0.000000e+00
2013-12-11 23:28:05.000000,0.000000e+00,1.664393e+07,1.180537e+02,7.359465e+06,1.730961e+02,3.397803e+06,,0.000000e+00,0.000000e+00
2013-12-11 23:28:06.000000,0.000000e+00,1.664360e+07,1.180531e+02,7.359465e+06,1.730961e+02,3.397779e+06,,0.000000e+00,0.000000e+00
2013-12-11 23:28:07.000000,0.000000e+00,1.664326e+07,1.180526e+02,7.359465e+06,1.730961e+02,3.397755e+06,,0.000000e+00,0.000000e+00
2013-12-11 23:28:08.000000,0.000000e+00,1.664293e+07,1.180520e+02,7.359465e+06,1.730961e+02,3.397732e+06,,0.000000e+00,0.000000e+00
2013-12-11 23:28:09.000000,0.000000e+00,1.664260e+07,1.180515e+02,7.359465e+06,1.730961e+02,3.397708e+06,,0.000000e+00,0.000000e+00
2013-12-11 23:28:10.000000,0.000000e+00,1.664227e+07,1.180509e+02,7.359465e+06,1.730961e+02,3.397684e+06,,0.000000e+00,0.000000e+00
2013-12-11 23:28:11.000000,0.000000e+00,1.664194e+07,1.180504e+02,7.359122e+06,1.730961e+02,3.397660e+06,,0.000000e+00,0.000000e+00
2013-12-11 23:28:12.000000,0.000000e+00,1.664160e+07,1.180498e+02,7.358778e+06,1.730961e+02,3.397636e+06,,0.000000e+00,0.000000e+00
2013-12-11 23:28:13.000000,0.000000e+00,1.664127e+07,1.180492e+02,7.358434e+06,1.730961e+02,3.397613e+06,,0.000000e+00,0.000000e+00
2013-12-11 23:28:14.000000,0.000000e+00,1.664094e+07,1.180487e+02,7.358091e+06,1.730961e+02,3.397589e+06,,0.000000e+00,0.000000e+00
2013-12-11 23:28:15.000000,0.000000e+00,1.664061e+07,1.180481e+02,7.357747e+06,1.730961e+02,3.397565e+06,,0.000000e+00,0.000000e+00
2013-12-11 23:28:16.000000,0.000000e+00,1.664027e+07,1.180476e+02,7.357404e+06,1.730961e+02,3.397541e+06,,0.000000e+00,0.000000e+00
2013-12-11 23:28:17.000000,0.000000e+00,1.663994e+07,1.180470e+02,7.357059e+06,1.730961e+02,3.397517e+06,,0.000000e+00,0.000000e+00
2013-12-11 23:28:18.000000,0.000000e+00,1.663961e+07,1.180465e+02,7.356716e+06,1.730961e+02,3.397494e+06,,0.000000e+00,0.000000e+00
2013-12-11 23:28:19.000000,0.000000e+00,1.663928e+07,1.180459e+02,7.356373e+06,1.730961e+02,3.397470e+06,,0.000000e+00,0.000000e+00
2013-12-11 23:28:20.000000,0.000000e+00,1.663894e+07,1.180453e+02,7.356029e+06,1.730961e+02,3.397446e+06,,0.000000e+00,0.000000e+00
2013-12-11 23:28:21.000000,0.000000e+00,1.663861e+07,1.180448e+02,7.355685e+06,1.730961e+02,3.397422e+06,,0.000000e+00,0.000000e+00
2013-12-11 23:28:22.000000,0.000000e+00,1.663828e+07,1.180442e+02,7.355342e+06,1.730961e+02,3.397398e+06,,0.000000e+00,0.000000e+00
2013-12-11 23:28:23.000000,0.000000e+00,1.663795e+07,1.180437e+02,7.354998e+06,1.730961e+02,3.397375e+06,,0.000000e+00,0.000000e+00
2013-12-11 23:28:24.000000,0.000000e+00,1.663795e+07,1.180430e+02,7.354655e+06,1.730961e+02,3.397351e+06,,0.000000e+00,0.000000e+00
2013-12-11 23:28:25.000000,0.000000e+00,1.663795e+07,1.180424e+02,7.354311e+06,1.730961e+02,3.397327e+06,,0.000000e+00,0.000000e+00
2013-12-11 23:28:26.000000,0.000000e+00,1.663795e+07,1.180417e+02,7.353967e+06,1.730961e+02,3.397303e+06,,0.000000e+00,0.000000e+00
2013-12-11 23:28:27.000000,0.000000e+00,1.663795e+07,1.180411e+02,7.353624e+06,1.730961e+02,3.397279e+06,,0.000000e+00,0.000000e+00
2013-12-11 23:28:28.000000,0.000000e+00,1.663795e+07,1.180404e+02,7.353281e+06,1.730961e+02,3.397256e+06,,0.000000e+00,0.000000e+00
2013-12-11 23:28:29.000000,0.000000e+00,1.663795e+07,1.180398e+02,7.352937e+06,1.730961e+02,3.397232e+06,,0.000000e+00,0.000000e+00
2013-12-11 23:28:30.000000,0.000000e+00,1.663795e+07,1.180391e+02,7.352593e+06,1.730961e+02,3.397208e+06,,0.000000e+00,0.000000e+00
2013-12-11 23:28:31.000000,0.000000e+00,1.663795e+07,1.180385e+02,7.352249e+06,1.730961e+02,3.397184e+06,,0.000000e+00,0.000000e+00
2013-12-11 23:28:32.000000,0.000000e+00,1.663795e+07,1.180378e+02,7.351906e+06,1.730961e+02,3.397161e+06,,0.000000e+00,0.000000e+00
2013-12-11 23:28:33.000000,0.000000e+00,1.663795e+07,1.180372e+02,7.351563e+06,1.730961e+02,3.397137e+06,,0.000000e+00,0.000000e+00
2013-12-11 23:28:34.000000,0.000000e+00,1.663795e+07,1.180365e+02,7.351218e+06,1.730961e+02,3.397113e+06,,0.000000e+00,0.000000e+00
2013-12-11 23:28:35.000000,0.000000e+00,1.663795e+07,1.180359e+02,7.350875e+06,1.730961e+02,3.397089e+06,,0.000000e+00,0.000000e+00
2013-12-11 23:28:36.000000,0.000000e+00,1.663795e+07,1.180352e+02,7.350532e+06,1.730961e+02,3.397065e+06,,0.000000e+00,0.000000e+00
2013-12-11 23:28:37.000000,0.000000e+00,1.663795e+07,1.180346e+02,7.350188e+06,1.730961e+02,3.397042e+06,,0.000000e+00,0.000000e+00
2013-12-11 23:28:38.000000,0.000000e+00,1.663795e+07,1.180339e+02,7.349844e+06,1.730961e+02,3.397018e+06,,0.000000e+00,0.000000e+00
2013-12-11 23:28:39.000000,0.000000e+00,1.663795e+07,1.180332e+02,7.349501e+06,1.730961e+02,3.396994e+06,,0.000000e+00,0.000000e+00
2013-12-11 23:28:40.000000,0.000000e+00,1.663795e+07,1.180326e+02,7.349157e+06,1.730961e+02,3.396970e+06,,0.000000e+00,0.000000e+00
2013-12-11 23:28:41.000000,0.000000e+00,1.663795e+07,1.180319e+02,7.348814e+06,1.730961e+02,3.396946e+06,,0.000000e+00,0.000000e+00
2013-12-11 23:28:42.000000,0.000000e+00,1.663795e+07,1.180313e+02,7.348470e+06,1.730961e+02,3.396923e+06,,0.000000e+00,0.000000e+00
2013-12-11 23:28:43.000000,0.000000e+00,1.663795e+07,1.180306e+02,7.348126e+06,1.730961e+02,3.396899e+06,,0.000000e+00,0.000000e+00
2013-12-11 23:28:44.000000,0.000000e+00,1.663795e+07,1.180300e+02,7.347783e+06,1.730961e+02,3.396875e+06,,0.000000e+00,0.000000e+00
2013-12-11 23:28:45.000000,0.000000e+00,1.663795e+07,1.180293e+02,7.347439e+06,1.730961e+02,3.396851e+06,,0.000000e+00,0.000000e+00
2013-12-11 23:28:46.000000,0.000000e+00,1.663795e+07,1.180287e+02,7.347095e+06,1.730961e+02,3.396827e+06,,0.000000e+00,0.000000e+00
2013-12-11 23:28:47.000000,0.000000e+00,1.663795e+07,1.180280e+02,7.346752e+06,1.730961e+02,3.396804e+06,,0.000000e+00,0.000000e+00
2013-12-11 23:28:48.000000,0.000000e+00,1.663795e+07,1.180274e+02,7.346408e+06,1.730961e+02,3.396780e+06,,0.000000e+00,0.000000e+00
2013-12-11 23:28:49.000000,0.000000e+00,1.663795e+07,1.180267e+02,7.346065e+06,1.730961e+02,3.396756e+06,,0.000000e+00,0.000000e+00
2013-12-11 23:28:50.000000,0.000000e+00,1.663795e+07,1.180261e+02,7.345721e+06,1.730961e+02,3.396732e+06,,0.000000e+00,0.000000e+00
2013-12-11 23:28:51.000000,0.000000e+00,1.663795e+07,1.180254e+02,7.345377e+06,1.730961e+02,3.396708e+06,,0.000000e+00,0.000000e+00
2013-12-11 23:28:52.000000,0.000000e+00,1.663795e+07,1.180248e+02,7.345034e+06,1.730961e+02,3.396685e+06,,0.000000e+00,0.000000e+00
2013-12-11 23:28:53.000000,0.000000e+00,1.663795e+07,1.180241e+02,7.344691e+06,1.730961e+02,3.396661e+06,,0.000000e+00,0.000000e+00
2013-12-11 23:28:54.000000,0.000000e+00,1.663795e+07,1.180235e+02,7.344347e+06,1.730961e+02,3.396637e+06,,0.000000e+00,0.000000e+00
2013-12-11 23:28:55.000000,0.000000e+00,1.663795e+07,1.180228e+02,7.344003e+06,1.730961e+02,3.396613e+06,,0.000000e+00,0.000000e+00
2013-12-11 23:28:56.000000,0.000000e+00,1.663795e+07,1.180222e+02,7.343660e+06,1.730961e+02,3.396589e+06,,0.000000e+00,0.000000e+00
2013-12-11 23:28:57.000000,0.000000e+00,1.663795e+07,1.180215e+02,7.343316e+06,1.730961e+02,3.396566e+06,,0.000000e+00,0.000000e+00
2013-12-11 23:28:58.000000,0.000000e+00,1.663795e+07,1.180209e+02,7.342973e+06,1.730961e+02,3.396542e+06,,0.000000e+00,0.000000e+00
2013-12-11 23:28:59.000000,0.000000e+00,1.663795e+07,1.180202e+02,7.342628e+06,1.730961e+02,3.396518e+06,,0.000000e+00,0.000000e+00
2013-12-11 23:29:00.000000,0.000000e+00,1.663795e+07,1.180196e+02,7.342285e+06,1.730961e+02,3.396494e+06,,0.000000e+00,0.000000e+00
2013-12-11 23:29:01.000000,0.000000e+00,1.663795e+07,1.180189e+02,7.341942e+06,1.730961e+02,3.396471e+06,,0.000000e+00,0.000000e+00
2013-12-11 23:29:02.000000,0.000000e+00,1.663795e+07,1.180183e+02,7.341598e+06,1.730961e+02,3.396447e+06,,0.000000e+00,0.000000e+00
2013-12-11 23:29:03.000000,0.000000e+00,1.663795e+07,1.180176e+02,7.341254e+06,1.730961e+02,3.396423e+06,,0.000000e+00,0.000000e+00
2013-12-11 23:29:04.000000,0.000000e+00,1.663795e+07,1.180170e+02,7.340911e+06,1.730961e+02,3.396399e+06,,0.000000e+00,0.000000e+00
2013-12-11 23:29:05.000000,0.000000e+00,1.663795e+07,1.180163e+02,7.340567e+06,1.730961e+02,3.396375e+06,,0.000000e+00,0.000000e+00
2013-12-11 23:29:06.000000,0.000000e+00,1.663795e+07,1.180157e+02,7.340224e+06,1.730961e+02,3.396352e+06,,0.000000e+00,0.000000e+00
2013-12-11 23:29:07.000000,0.000000e+00,1.663795e+07,1.180150e+02,7.339880e+06,1.730961e+02,3.396328e+06,,0.000000e+00,0.000000e+00
2013-12-11 23:29:08.000000,0.000000e+00,1.663795e+07,1.180144e+02,7.339536e+06,1.730961e+02,3.396304e+06,,0.000000e+00,0.000000e+00
2013-12-11 23:29:09.000000,0.000000e+00,1.663795e+07,1.180137e+02,7.339193e+06,1.730961e+02,3.396280e+06,,0.000000e+00,0.000000e+00
2013-12-11 23:29:10.000000,0.000000e+00,1.663795e+07,1.180131e+02,7.338849e+06,1.730961e+02,3.396256e+06,,0.000000e+00,0.000000e+00
2013-12-11 23:29:11.000000,0.000000e+00,1.663795e+07,1.180124e+02,7.338506e+06,1.730961e+02,3.396233e+06,,0.000000e+00,0.000000e+00
2013-12-11 23:29:12.000000,0.000000e+00,1.663795e+07,1.180118e+02,7.338162e+06,1.730961e+02,3.396209e+06,,0.000000e+00,0.000000e+00
2013-12-11 23:29:13.000000,0.000000e+00,1.663795e+07,1.180111e+02,7.337818e+06,1.730961e+02,3.396185e+06,,0.000000e+00,0.000000e+00
2013-12-11 23:29:14.000000,0.000000e+00,1.663795e+07,1.180105e+02,7.337475e+06,1.730961e+02,3.396161e+06,,0.000000e+00,0.000000e+00
2013-12-11 23:29:15.000000,0.000000e+00,1.663795e+07,1.180098e+02,7.337132e+06,1.730961e+02,3.396137e+06,,0.000000e+00,0.000000e+00
2013-12-11 23:29:16.000000,0.000000e+00,1.663795e+07,1.180092e+02,7.336787e+06,1.730961e+02,3.396114e+06,,0.000000e+00,0.000000e+00
2013-12-11 23:29:17.000000,0.000000e+00,1.663795e+07,1.180085e+02,7.336444e+06,1.730961e+02,3.396090e+06,,0.000000e+00,0.000000e+00
2013-12-11 23:29:18.000000,0.000000e+00,1.663795e+07,1.180079e+02,7.336101e+06,1.730961e+02,3.396066e+06,,0.000000e+00,0.000000e+00
2013-12-11 23:29:19.000000,0.000000e+00,1.663795e+07,1.180072e+02,7.335757e+06,1.730961e+02,3.396042e+06,,0.000000e+00,0.000000e+00
2013-12-11 23:29:20.000000,0.000000e+00,1.663795e+07,1.180066e+02,7.335413e+06,1.730961e+02,3.396018e+06,,0.000000e+00,0.000000e+00
2013-12-11 23:29:21.000000,0.000000e+00,1.663795e+07,1.180059e+02,7.335070e+06,1.730961e+02,3.395995e+06,,0.000000e+00,0.000000e+00
2013-12-11 23:29:22.000000,0.000000e+00,1.663795e+07,1.180053e+02,7.334726e+06,1.730961e+02,3.395971e+06,,0.000000e+00,0.000000e+00
2013-12-11 23:29:23.000000,0.000000e+00,1.663795e+07,1.180046e+02,7.334383e+06,1.730961e+02,3.395947e+06,,0.000000e+00,0.000000e+00
2013-12-11 23:29:24.000000,0.000000e+00,1.663795e+07,1.180059e+02,7.334039e+06,1.730961e+02,3.395923e+06,,0.000000e+00,0.000000e+00
2013-12-11 23:29:25.000000,0.000000e+00,1.663795e+07,1.180072e+02,7.333695e+06,1.730961e+02,3.395900e+06,,0.000000e+00,0.000000e+00
2013-12-11 23:29:26.000000,0.000000e+00,1.663795e+07,1.180085e+02,7.333352e+06,1.730961e+02,3.395876e+06,,0.000000e+00,0.000000e+00
2013-12-11 23:29:27.000000,0.000000e+00,1.663795e+07,1.180098e+02,7.333008e+06,1.730961e+02,3.395852e+06,,0.000000e+00,0.000000e+00
2013-12-11 23:29:28.000000,0.000000e+00,1.663795e+07,1.180111e+02,7.332664e+06,1.730961e+02,3.395828e+06,,0.000000e+00,0.000000e+00
2013-12-11 23:29:29.000000,0.000000e+00,1.663795e+07,1.180124e+02,7.332321e+06,1.730961e+02,3.395804e+06,,0.000000e+00,0.000000e+00
2013-12-11 23:29:30.000000,0.000000e+00,1.663795e+07,1.180137e+02,7.331977e+06,1.730961e+02,3.395781e+06,,0.000000e+00,0.000000e+00
2013-12-11 23:29:31.000000,0.000000e+00,1.663795e+07,1.180150e+02,7.331634e+06,1.730961e+02,3.395757e+06,,0.000000e+00,0.000000e+00
2013-12-11 23:29:32.000000,0.000000e+00,1.663795e+07,1.180163e+02,7.331290e+06,1.730961e+02,3.395733e+06,,0.000000e+00,0.000000e+00
2013-12-11 23:29:33.000000,0.000000e+00,1.663795e+07,1.180176e+02,7.330946e+06,1.730961e+02,3.395709e+06,,0.000000e+00,0.000000e+00
2013-12-11 23:29:34.000000,0.000000e+00,1.663795e+07,1.180189e+02,7.330603e+06,1.730961e+02,3.395685e+06,,0.000000e+00,0.000000e+00
2013-12-11 23:29:35.000000,0.000000e+00,1.663795e+07,1.180202e+02,7.330260e+06,1.730961e+02,3.395662e+06,,0.000000e+00,0.000000e+00
2013-12-11 23:29:36.000000,0.000000e+00,1.663795e+07,1.180215e+02,7.329916e+06,1.730961e+02,3.395638e+06,,0.000000e+00,0.000000e+00
2013-12-11 23:29:37.000000,0.000000e+00,1.663795e+07,1.180228e+02,7.329572e+06,1.730961e+02,3.395614e+06,,0.000000e+00,0.000000e+00
2013-12-11 23:29:38.000000,0.000000e+00,1.663795e+07,1.180241e+02,7.329228e+06,1.730961e+02,3.395590e+06,,0.000000e+00,0.000000e+00
2013-12-11 23:29:39.000000,0.000000e+00,1.663795e+07,1.180254e+02,7.328885e+06,1.730961e+02,3.395566e+06,,0.000000e+00,0.000000e+00
2013-12-11 23:29:40.000000,0.000000e+00,1.663795e+07,1.180267e+02,7.328542e+06,1.730961e+02,3.395543e+06,,0.000000e+00,0.000000e+00
2013-12-11 23:29:41.000000,0.000000e+00,1.663795e+07,1.180280e+02,7.328197e+06,1.730961e+02,3.395519e+06,,0.000000e+00,0.000000e+00
2013-12-11 23:29:42.000000,0.000000e+00,1.663795e+07,1.180293e+02,7.327854e+06,1.730961e+02,3.395495e+06,,0.000000e+00,0.000000e+00
2013-12-11 23:29:43.000000,0.000000e+00,1.663795e+07,1.180306e+02,7.327511e+06,1.730961e+02,3.395471e+06,,0.000000e+00,0.000000e+00
2013-12-11 23:29:44.000000,0.000000e+00,1.663795e+07,1.180320e+02,7.327167e+06,1.730961e+02,3.395447e+06,,0.000000e+00,0.000000e+00
2013-12-11 23:29:45.000000,0.000000e+00,1.663795e+07,1.180332e+02,7.326823e+06,1.730961e+02,3.395424e+06,,0.000000e+00,0.000000e+00
2013-12-11 23:29:46.000000,0.000000e+00,1.663795e+07,1.180346e+02,7.326480e+06,1.730961e+02,3.395400e+06,,0.000000e+00,0.000000e+00
2013-12-11 23:29:47.000000,0.000000e+00,1.663795e+07,1.180359e+02,7.326136e+06,1.730961e+02,3.395376e+06,,0.000000e+00,0.000000e+00
2013-12-11 23:29:48.000000,0.000000e+00,1.663795e+07,1.180372e+02,7.325793e+06,1.730961e+02,3.395352e+06,,0.000000e+00,0.000000e+00
2013-12-11 23:29:49.000000,0.000000e+00,1.663795e+07,1.180385e+02,7.325449e+06,1.730961e+02,3.395329e+06,,0.000000e+00,0.000000e+00
2013-12-11 23:29:50.000000,0.000000e+00,1.663795e+07,1.180398e+02,7.325105e+06,1.730961e+02,3.395304e+06,,0.000000e+00,0.000000e+00
2013-12-11 23:29:51.000000,0.000000e+00,1.663795e+07,1.180411e+02,7.324762e+06,1.730961e+02,3.395281e+06,,0.000000e+00,0.000000e+00
2013-12-11 23:29:52.000000,0.000000e+00,1.663795e+07,1.180424e+02,7.324418e+06,1.730961e+02,3.395257e+06,,0.000000e+00,0.000000e+00
2013-12-11 23:29:53.000000,0.000000e+00,1.663795e+07,1.180437e+02,7.324075e+06,1.730961e+02,3.395233e+06,,0.000000e+00,0.000000e+00
2013-12-11 23:29:54.000000,0.000000e+00,1.663795e+07,1.180450e+02,7.323731e+06,1.730961e+02,3.395210e+06,,0.000000e+00,0.000000e+00
2013-12-11 23:29:55.000000,0.000000e+00,1.663795e+07,1.180463e+02,7.323387e+06,1.730961e+02,3.395185e+06,,0.000000e+00,0.000000e+00
2013-12-11 23:29:56.000000,0.000000e+00,1.663795e+07,1.180476e+02,7.323044e+06,1.730961e+02,3.395162e+06,,0.000000e+00,0.000000e+00
2013-12-11 23:29:57.000000,0.000000e+00,1.663795e+07,1.180489e+02,7.322701e+06,1.730961e+02,3.395138e+06,,0.000000e+00,0.000000e+00
2013-12-11 23:29:58.000000,0.000000e+00,1.663795e+07,1.180502e+02,7.322356e+06,1.730961e+02,3.395114e+06,,0.000000e+00,0.000000e+00
2013-12-11 23:29:59.000000,0.000000e+00,1.663795e+07,1.180515e+02,7.322013e+06,1.730961e+02,3.395090e+06,,0.000000e+00,0.000000e+00
2013-12-11 23:30:00.000000,0.000000e+00,1.663795e+07,1.180528e+02,7.321670e+06,1.730961e+02,3.395066e+06,,0.000000e+00,0.000000e+00
2013-12-11 23:30:01.000000,0.000000e+00,1.663795e+07,1.180541e+02,7.321326e+06,1.730961e+02,3.395043e+06,,0.000000e+00,0.000000e+00
2013-12-11 23:30:02.000000,0.000000e+00,1.663795e+07,1.180554e+02,7.320982e+06,1.730961e+02,3.395019e+06,,0.000000e+00,0.000000e+00
2013-12-11 23:30:03.000000,0.000000e+00,1.663795e+07,1.180567e+02,7.320639e+06,1.730961e+02,3.394995e+06,,0.000000e+00,0.000000e+00
2013-12-11 23:30:04.000000,0.000000e+00,1.663795e+07,1.180580e+02,7.320295e+06,1.730961e+02,3.394971e+06,,0.000000e+00,0.000000e+00
2013-12-11 23:30:05.000000,0.000000e+00,1.663795e+07,1.180593e+02,7.319952e+06,1.730961e+02,3.394947e+06,,0.000000e+00,0.000000e+00
2013-12-11 23:30:06.000000,0.000000e+00,1.663795e+07,1.180606e+02,7.319608e+06,1.730961e+02,3.394924e+06,,0.000000e+00,0.000000e+00
2013-12-11 23:30:07.000000,0.000000e+00,1.663795e+07,1.180619e+02,7.319264e+06,1.730961e+02,3.394900e+06,,0.000000e+00,0.000000e+00
2013-12-11 23:30:08.000000,0.000000e+00,1.663795e+07,1.180632e+02,7.318921e+06,1.730961e+02,3.394876e+06,,0.000000e+00,0.000000e+00
2013-12-11 23:30:09.000000,0.000000e+00,1.663795e+07,1.180645e+02,7.318577e+06,1.730961e+02,3.394852e+06,,0.000000e+00,0.000000e+00
2013-12-11 23:30:10.000000,0.000000e+00,1.663795e+07,1.180658e+02,7.318233e+06,1.730961e+02,3.394829e+06,,0.000000e+00,0.000000e+00
2013-12-11 23:30:11.000000,0.000000e+00,1.663795e+07,1.180671e+02,7.318277e+06,1.730961e+02,3.394805e+06,,0.000000e+00,0.000000e+00
2013-12-11 23:30:12.000000,0.000000e+00,1.663795e+07,1.180684e+02,7.318320e+06,1.730961e+02,3.394781e+06,,0.000000e+00,0.000000e+00
2013-12-11 23:30:13.000000,0.000000e+00,1.663795e+07,1.180697e+02,7.318364e+06,1.730961e+02,3.394757e+06,,0.000000e+00,0.000000e+00
2013-12-11 23:30:14.000000,0.000000e+00,1.663795e+07,1.180710e+02,7.318407e+06,1.730961e+02,3.394733e+06,,0.000000e+00,0.000000e+00
2013-12-11 23:30:15.000000,0.000000e+00,1.663795e+07,1.180723e+02,7.318451e+06,1.730961e+02,3.394710e+06,,0.000000e+00,0.000000e+00
2013-12-11 23:30:16.000000,0.000000e+00,1.663795e+07,1.180736e+02,7.318495e+06,1.730961e+02,3.394686e+06,,0.000000e+00,0.000000e+00
2013-12-11 23:30:17.000000,0.000000e+00,1.663795e+07,1.180749e+02,7.318539e+06,1.730961e+02,3.394662e+06,,0.000000e+00,0.000000e+00
2013-12-11 23:30:18.000000,0.000000e+00,1.663795e+07,1.180762e+02,7.318582e+06,1.730961e+02,3.394638e+06,,0.000000e+00,0.000000e+00
2013-12-11 23:30:19.000000,0.000000e+00,1.663795e+07,1.180775e+02,7.318626e+06,1.730961e+02,3.394614e+06,,0.000000e+00,0.000000e+00
2013-12-11 23:30:20.000000,0.000000e+00,1.663795e+07,1.180788e+02,7.318669e+06,1.730961e+02,3.394591e+06,,0.000000e+00,0.000000e+00
2013-12-11 23:30:21.000000,0.000000e+00,1.663795e+07,1.180801e+02,7.318713e+06,1.730961e+02,3.394567e+06,,0.000000e+00,0.000000e+00
2013-12-11 23:30:22.000000,0.000000e+00,1.663795e+07,1.180814e+02,7.318756e+06,1.730961e+02,3.394543e+06,,0.000000e+00,0.000000e+00
2013-12-11 23:30:23.000000,0.000000e+00,1.663795e+07,1.180827e+02,7.318800e+06,1.730961e+02,3.394519e+06,,0.000000e+00,0.000000e+00
2013-12-11 23:30:24.000000,0.000000e+00,1.663795e+07,1.180821e+02,7.318843e+06,1.730961e+02,3.394495e+06,,0.000000e+00,0.000000e+00
2013-12-11 23:30:25.000000,0.000000e+00,1.663795e+07,1.180814e+02,7.318887e+06,1.730961e+02,3.394472e+06,,0.000000e+00,0.000000e+00
2013-12-11 23:30:26.000000,0.000000e+00,1.663795e+07,1.180808e+02,7.318931e+06,1.730961e+02,3.394448e+06,,0.000000e+00,0.000000e+00
2013-12-11 23:30:27.000000,0.000000e+00,1.663795e+07,1.180802e+02,7.318974e+06,1.730961e+02,3.394424e+06,,0.000000e+00,0.000000e+00
2013-12-11 23:30:28.000000,0.000000e+00,1.663795e+07,1.180795e+02,7.319018e+06,1.730961e+02,3.394400e+06,,0.000000e+00,0.000000e+00
2013-12-11 23:30:29.000000,0.000000e+00,1.663795e+07,1.180789e+02,7.319061e+06,1.730961e+02,3.394376e+06,,0.000000e+00,0.000000e+00
2013-12-11 23:30:30.000000,0.000000e+00,1.663795e+07,1.180782e+02,7.319105e+06,1.730961e+02,3.394353e+06,,0.000000e+00,0.000000e+00
2013-12-11 23:30:31.000000,0.000000e+00,1.663795e+07,1.180776e+02,7.319148e+06,1.730961e+02,3.394329e+06,,0.000000e+00,0.000000e+00
2013-12-11 23:30:32.000000,0.000000e+00,1.663795e+07,1.180770e+02,7.319192e+06,1.730961e+02,3.394305e+06,,0.000000e+00,0.000000e+00
2013-12-11 23:30:33.000000,0.000000e+00,1.663795e+07,1.180763e+02,7.319235e+06,1.730961e+02,3.394281e+06,,0.000000e+00,0.000000e+00
2013-12-11 23:30:34.000000,0.000000e+00,1.663795e+07,1.180757e+02,7.319279e+06,1.730961e+02,3.394258e+06,,0.000000e+00,0.000000e+00
2013-12-11 23:30:35.000000,0.000000e+00,1.663795e+07,1.180750e+02,7.319322e+06,1.730961e+02,3.394234e+06,,0.000000e+00,0.000000e+00
2013-12-11 23:30:36.000000,0.000000e+00,1.663795e+07,1.180744e+02,7.319366e+06,1.730961e+02,3.394210e+06,,0.000000e+00,0.000000e+00
2013-12-11 23:30:37.000000,0.000000e+00,1.663795e+07,1.180738e+02,7.319410e+06,1.730961e+02,3.394186e+06,,0.000000e+00,0.000000e+00
2013-12-11 23:30:38.000000,0.000000e+00,1.663795e+07,1.180731e+02,7.319453e+06,1.730961e+02,3.394162e+06,,0.000000e+00,0.000000e+00
2013-12-11 23:30:39.000000,0.000000e+00,1.663795e+07,1.180725e+02,7.319497e+06,1.730961e+02,3.394139e+06,,0.000000e+00,0.000000e+00
2013-12-11 23:30:40.000000,0.000000e+00,1.663795e+07,1.180718e+02,7.319540e+06,1.730961e+02,3.394115e+06,,0.000000e+00,0.000000e+00
2013-12-11 23:30:41.000000,0.000000e+00,1.663795e+07,1.180712e+02,7.319584e+06,1.730961e+02,3.394091e+06,,0.000000e+00,0.000000e+00
2013-12-11 23:30:42.000000,0.000000e+00,1.663795e+07,1.180706e+02,7.319627e+06,1.730961e+02,3.394067e+06,,0.000000e+00,0.000000e+00
2013-12-11 23:30:43.000000,0.000000e+00,1.663795e+07,1.180699e+02,7.319671e+06,1.730961e+02,3.394043e+06,,0.000000e+00,0.000000e+00
2013-12-11 23:30:44.000000,0.000000e+00,1.663795e+07,1.180693e+02,7.319714e+06,1.730961e+02,3.394020e+06,,0.000000e+00,0.000000e+00
2013-12-11 23:30:45.000000,0.000000e+00,1.663795e+07,1.180686e+02,7.319758e+06,1.730961e+02,3.393996e+06,,0.000000e+00,0.000000e+00
2013-12-11 23:30:46.000000,0.000000e+00,1.663795e+07,1.180680e+02,7.319801e+06,1.730961e+02,3.393972e+06,,0.000000e+00,0.000000e+00
2013-12-11 23:30:47.000000,0.000000e+00,1.663795e+07,1.180674e+02,7.319846e+06,1.730961e+02,3.393948e+06,,0.000000e+00,0.000000e+00
2013-12-11 23:30:48.000000,0.000000e+00,1.663795e+07,1.180667e+02,7.319889e+06,1.730961e+02,3.393924e+06,,0.000000e+00,0.000000e+00
2013-12-11 23:30:49.000000,0.000000e+00,1.663795e+07,1.180661e+02,7.319933e+06,1.730961e+02,3.393901e+06,,0.000000e+00,0.000000e+00
2013-12-11 23:30:50.000000,0.000000e+00,1.663795e+07,1.180654e+02,7.319976e+06,1.730961e+02,3.393877e+06,,0.000000e+00,0.000000e+00
2013-12-11 23:30:51.000000,0.000000e+00,1.663795e+07,1.180648e+02,7.320020e+06,1.730961e+02,3.393853e+06,,0.000000e+00,0.000000e+00
2013-12-11 23:30:52.000000,0.000000e+00,1.663795e+07,1.180642e+02,7.320063e+06,1.730961e+02,3.393829e+06,,0.000000e+00,0.000000e+00
2013-12-11 23:30:53.000000,0.000000e+00,1.663795e+07,1.180635e+02,7.320107e+06,1.730961e+02,3.393805e+06,,0.000000e+00,0.000000e+00
2013-12-11 23:30:54.000000,0.000000e+00,1.663795e+07,1.180629e+02,7.320150e+06,1.730961e+02,3.393782e+06,,0.000000e+00,0.000000e+00
2013-12-11 23:30:55.000000,0.000000e+00,1.663795e+07,1.180622e+02,7.320193e+06,1.730961e+02,3.393758e+06,,0.000000e+00,0.000000e+00
2013-12-11 23:30:56.000000,0.000000e+00,1.663795e+07,1.180616e+02,7.320237e+06,1.730961e+02,3.393734e+06,,0.000000e+00,0.000000e+00
2013-12-11 23:30:57.000000,0.000000e+00,1.663795e+07,1.180610e+02,7.320281e+06,1.730961e+02,3.393710e+06,,0.000000e+00,0.000000e+00
2013-12-11 23:30:58.000000,0.000000e+00,1.663795e+07,1.180603e+02,7.320325e+06,1.730961e+02,3.393687e+06,,0.000000e+00,0.000000e+00
2013-12-11 23:30:59.000000,0.000000e+00,1.663795e+07,1.180597e+02,7.320368e+06,1.730961e+02,3.393663e+06,,0.000000e+00,0.000000e+00
2013-12-11 23:31:00.000000,0.000000e+00,1.663795e+07,1.180590e+02,7.320412e+06,1.730961e+02,3.393639e+06,,0.000000e+00,0.000000e+00
2013-12-11 23:31:01.000000,0.000000e+00,1.663795e+07,1.180584e+02,7.320455e+06,1.730961e+02,3.393615e+06,,0.000000e+00,0.000000e+00
2013-12-11 23:31:02.000000,0.000000e+00,1.663795e+07,1.180578e+02,7.320499e+06,1.730961e+02,3.393591e+06,,0.000000e+00,0.000000e+00
2013-12-11 23:31:03.000000,0.000000e+00,1.663795e+07,1.180571e+02,7.320542e+06,1.730961e+02,3.393568e+06,,0.000000e+00,0.000000e+00
2013-12-11 23:31:04.000000,0.000000e+00,1.663795e+07,1.180565e+02,7.320586e+06,1.730961e+02,3.393544e+06,,0.000000e+00,0.000000e+00
2013-12-11 23:31:05.000000,0.000000e+00,1.663795e+07,1.180558e+02,7.320629e+06,1.730961e+02,3.393520e+06,,0.000000e+00,0.000000e+00
2013-12-11 23:31:06.000000,0.000000e+00,1.663795e+07,1.180552e+02,7.320673e+06,1.730961e+02,3.393496e+06,,0.000000e+00,0.000000e+00
2013-12-11 23:31:07.000000,0.000000e+00,1.663795e+07,1.180546e+02,7.320717e+06,1.730961e+02,3.393472e+06,,0.000000e+00,0.000000e+00
2013-12-11 23:31:08.000000,0.000000e+00,1.663795e+07,1.180539e+02,7.320760e+06,1.730961e+02,3.393449e+06,,0.000000e+00,0.000000e+00
2013-12-11 23:31:09.000000,0.000000e+00,1.663795e+07,1.180533e+02,7.320804e+06,1.730961e+02,3.393425e+06,,0.000000e+00,0.000000e+00
2013-12-11 23:31:10.000000,0.000000e+00,1.663795e+07,1.180526e+02,7.320847e+06,1.730961e+02,3.393401e+06,,0.000000e+00,0.000000e+00
2013-12-11 23:31:11.000000,0.000000e+00,1.663795e+07,1.180520e+02,7.320891e+06,1.730961e+02,3.393377e+06,,0.000000e+00,0.000000e+00
2013-12-11 23:31:12.000000,0.000000e+00,1.663795e+07,1.180513e+02,7.320934e+06,1.730961e+02,3.393353e+06,,0.000000e+00,0.000000e+00
2013-12-11 23:31:13.000000,0.000000e+00,1.663795e+07,1.180507e+02,7.320978e+06,1.730961e+02,3.393330e+06,,0.000000e+00,0.000000e+00
2013-12-11 23:31:14.000000,0.000000e+00,1.663795e+07,1.180501e+02,7.321021e+06,1.730961e+02,3.393306e+06,,0.000000e+00,0.000000e+00
2013-12-11 23:31:15.000000,0.000000e+00,1.663795e+07,1.180494e+02,7.321065e+06,1.730961e+02,3.393282e+06,,0.000000e+00,0.000000e+00
2013-12-11 23:31:16.000000,0.000000e+00,1.663795e+07,1.180488e+02,7.321108e+06,1.730961e+02,3.393258e+06,,0.000000e+00,0.000000e+00
2013-12-11 23:31:17.000000,0.000000e+00,1.663795e+07,1.180481e+02,7.321152e+06,1.730961e+02,3.393234e+06,,0.000000e+00,0.000000e+00
2013-12-11 23:31:18.000000,0.000000e+00,1.663795e+07,1.180475e+02,7.321196e+06,1.730961e+02,3.393211e+06,,0.000000e+00,0.000000e+00
2013-12-11 23:31:19.000000,0.000000e+00,1.663795e+07,1.180469e+02,7.321239e+06,1.730961e+02,3.393187e+06,,0.000000e+00,0.000000e+00
2013-12-11 23:31:20.000000,0.000000e+00,1.663795e+07,1.180462e+02,7.321283e+06,1.730961e+02,3.393163e+06,,0.000000e+00,0.000000e+00
2013-12-11 23:31:21.000000,0.000000e+00,1.663795e+07,1.180456e+02,7.321326e+06,1.730961e+02,3.393139e+06,,0.000000e+00,0.000000e+00
2013-12-11 23:31:22.000000,0.000000e+00,1.663795e+07,1.180449e+02,7.321370e+06,1.730961e+02,3.393116e+06,,0.000000e+00,0.000000e+00
2013-12-11 23:31:23.000000,0.000000e+00,1.663795e+07,1.180443e+02,7.321413e+06,1.730961e+02,3.393092e+06,,0.000000e+00,0.000000e+00
2013-12-11 23:31:24.000000,0.000000e+00,1.663795e+07,1.180437e+02,7.321457e+06,1.730961e+02,3.393068e+06,,0.000000e+00,0.000000e+00
2013-12-11 23:31:25.000000,0.000000e+00,1.663795e+07,1.180443e+02,7.321500e+06,1.730961e+02,3.393044e+06,,0.000000e+00,0.000000e+00
2013-12-11 23:31:26.000000,0.000000e+00,1.663795e+07,1.180450e+02,7.321544e+06,1.730961e+02,3.393020e+06,,0.000000e+00,0.000000e+00
2013-12-11 23:31:27.000000,0.000000e+00,1.663795e+07,1.180456e+02,7.321587e+06,1.730961e+02,3.392997e+06,,0.000000e+00,0.000000e+00
2013-12-11 23:31:28.000000,0.000000e+00,1.663795e+07,1.180463e+02,7.321632e+06,1.730961e+02,3.392973e+06,,0.000000e+00,0.000000e+00
2013-12-11 23:31:29.000000,0.000000e+00,1.663795e+07,1.180469e+02,7.321675e+06,1.730961e+02,3.392949e+06,,0.000000e+00,0.000000e+00
2013-12-11 23:31:30.000000,0.000000e+00,1.663795e+07,1.180476e+02,7.321719e+06,1.730961e+02,3.392925e+06,,0.000000e+00,0.000000e+00
2013-12-11 23:31:31.000000,0.000000e+00,1.663795e+07,1.180482e+02,7.321762e+06,1.730961e+02,3.392901e+06,,0.000000e+00,0.000000e+00
2013-12-11 23:31:32.000000,0.000000e+00,1.663795e+07,1.180489e+02,7.321806e+06,1.730961e+02,3.392878e+06,,0.000000e+00,0.000000e+00
2013-12-11 23:31:33.000000,0.000000e+00,1.663795e+07,1.180495e+02,7.321849e+06,1.730961e+02,3.392854e+06,,0.000000e+00,0.000000e+00
2013-12-11 23:31:34.000000,0.000000e+00,1.663795e+07,1.180502e+02,7.321893e+06,1.730961e+02,3.392830e+06,,0.000000e+00,0.000000e+00
2013-12-11 23:31:35.000000,0.000000e+00,1.663795e+07,1.180508e+02,7.321936e+06,1.730961e+02,3.392806e+06,,0.000000e+00,0.000000e+00
2013-12-11 23:31:36.000000,0.000000e+00,1.663795e+07,1.180515e+02,7.321980e+06,1.730961e+02,3.392782e+06,,0.000000e+00,0.000000e+00
2013-12-11 23:31:37.000000,0.000000e+00,1.663795e+07,1.180521e+02,7.322023e+06,1.730961e+02,3.392759e+06,,0.000000e+00,0.000000e+00
2013-12-11 23:31:38.000000,0.000000e+00,1.663795e+07,1.180528e+02,7.322067e+06,1.730961e+02,3.392735e+06,,0.000000e+00,0.000000e+00
2013-12-11 23:31:39.000000,0.000000e+00,1.663795e+07,1.180534e+02,7.322111e+06,1.730961e+02,3.392711e+06,,0.000000e+00,0.000000e+00
2013-12-11 23:31:40.000000,0.000000e+00,1.663795e+07,1.180541e+02,7.322154e+06,1.730961e+02,3.392687e+06,,0.000000e+00,0.000000e+00
2013-12-11 23:31:41.000000,0.000000e+00,1.663795e+07,1.180547e+02,7.322198e+06,1.730961e+02,3.392663e+06,,0.000000e+00,0.000000e+00
2013-12-11 23:31:42.000000,0.000000e+00,1.663795e+07,1.180554e+02,7.322241e+06,1.730961e+02,3.392640e+06,,0.000000e+00,0.000000e+00
2013-12-11 23:31:43.000000,0.000000e+00,1.663795e+07,1.180560e+02,7.322285e+06,1.730961e+02,3.392616e+06,,0.000000e+00,0.000000e+00
2013-12-11 23:31:44.000000,0.000000e+00,1.663795e+07,1.180567e+02,7.322328e+06,1.730961e+02,3.392592e+06,,0.000000e+00,0.000000e+00
2013-12-11 23:31:45.000000,0.000000e+00,1.663795e+07,1.180573e+02,7.322372e+06,1.730961e+02,3.392568e+06,,0.000000e+00,0.000000e+00
2013-12-11 23:31:46.000000,0.000000e+00,1.663795e+07,1.180580e+02,7.322415e+06,1.730961e+02,3.392544e+06,,0.000000e+00,0.000000e+00
2013-12-11 23:31:47.000000,0.000000e+00,1.663795e+07,1.180586e+02,7.322459e+06,1.730961e+02,3.392521e+06,,0.000000e+00,0.000000e+00
2013-12-11 23:31:48.000000,0.000000e+00,1.663795e+07,1.180593e+02,7.322502e+06,1.730961e+02,3.392497e+06,,0.000000e+00,0.000000e+00
2013-12-11 23:31:49.000000,0.000000e+00,1.663795e+07,1.180599e+02,7.322546e+06,1.730961e+02,3.392473e+06,,0.000000e+00,0.000000e+00
2013-12-11 23:31:50.000000,0.000000e+00,1.663795e+07,1.180606e+02,7.322590e+06,1.730961e+02,3.392449e+06,,0.000000e+00,0.000000e+00
2013-12-11 23:31:51.000000,0.000000e+00,1.663795e+07,1.180612e+02,7.322633e+06,1.730961e+02,3.392426e+06,,0.000000e+00,0.000000e+00
2013-12-11 23:31:52.000000,0.000000e+00,1.663795e+07,1.180619e+02,7.322677e+06,1.730961e+02,3.392402e+06,,0.000000e+00,0.000000e+00
2013-12-11 23:31:53.000000,0.000000e+00,1.663795e+07,1.180625e+02,7.322720e+06,1.730961e+02,3.392378e+06,,0.000000e+00,0.000000e+00
2013-12-11 23:31:54.000000,0.000000e+00,1.663795e+07,1.180632e+02,7.322764e+06,1.730961e+02,3.392354e+06,,0.000000e+00,0.000000e+00
2013-12-11 23:31:55.000000,0.000000e+00,1.663795e+07,1.180638e+02,7.322807e+06,1.730961e+02,3.392330e+06,,0.000000e+00,0.000000e+00
2013-12-11 23:31:56.000000,0.000000e+00,1.663795e+07,1.180645e+02,7.322851e+06,1.730961e+02,3.392307e+06,,0.000000e+00,0.000000e+00
2013-12-11 23:31:57.000000,0.000000e+00,1.663795e+07,1.180651e+02,7.322894e+06,1.730961e+02,3.392282e+06,,0.000000e+00,0.000000e+00
2013-12-11 23:31:58.000000,0.000000e+00,1.663795e+07,1.180658e+02,7.322938e+06,1.730961e+02,3.392259e+06,,0.000000e+00,0.000000e+00
2013-12-11 23:31:59.000000,0.000000e+00,1.663795e+07,1.180665e+02,7.322982e+06,1.730961e+02,3.392235e+06,,0.000000e+00,0.000000e+00
2013-12-11 23:32:00.000000,0.000000e+00,1.663795e+07,1.180671e+02,7.323026e+06,1.730961e+02,3.392211e+06,,0.000000e+00,0.000000e+00
2013-12-11 23:32:01.000000,0.000000e+00,1.663795e+07,1.180677e+02,7.323069e+06,1.730961e+02,3.392188e+06,,0.000000e+00,0.000000e+00
2013-12-11 23:32:02.000000,0.000000e+00,1.663795e+07,1.180684e+02,7.323112e+06,1.730961e+02,3.392163e+06,,0.000000e+00,0.000000e+00
2013-12-11 23:32:03.000000,0.000000e+00,1.663795e+07,1.180691e+02,7.323156e+06,1.730961e+02,3.392140e+06,,0.000000e+00,0.000000e+00
2013-12-11 23:32:04.000000,0.000000e+00,1.663795e+07,1.180697e+02,7.323199e+06,1.730961e+02,3.392116e+06,,0.000000e+00,0.000000e+00
2013-12-11 23:32:05.000000,0.000000e+00,1.663795e+07,1.180704e+02,7.323243e+06,1.730961e+02,3.392092e+06,,0.000000e+00,0.000000e+00
2013-12-11 23:32:06.000000,0.000000e+00,1.663795e+07,1.180710e+02,7.323286e+06,1.730961e+02,3.392068e+06,,0.000000e+00,0.000000e+00
2013-12-11 23:32:07.000000,0.000000e+00,1.663795e+07,1.180717e+02,7.323330e+06,1.730961e+02,3.392045e+06,,0.000000e+00,0.000000e+00
2013-12-11 23:32:08.000000,0.000000e+00,1.663795e+07,1.180723e+02,7.323373e+06,1.730961e+02,3.392021e+06,,0.000000e+00,0.000000e+00
2013-12-11 23:32:09.000000,0.000000e+00,1.663795e+07,1.180730e+02,7.323418e+06,1.730961e+02,3.391997e+06,,0.000000e+00,0.000000e+00
2013-12-11 23:32:10.000000,0.000000e+00,1.663795e+07,1.180736e+02,7.323461e+06,1.730961e+02,3.391973e+06,,0.000000e+00,0.000000e+00
2013-12-11 23:32:11.000000,0.000000e+00,1.663795e+07,1.180743e+02,7.323505e+06,1.730961e+02,3.391949e+06,,0.000000e+00,0.000000e+00
2013-12-11 23:32:12.000000,0.000000e+00,1.663795e+07,1.180749e+02,7.323548e+06,1.730961e+02,3.391926e+06,,0.000000e+00,0.000000e+00
2013-12-11 23:32:13.000000,0.000000e+00,1.663795e+07,1.180756e+02,7.323592e+06,1.730961e+02,3.391902e+06,,0.000000e+00,0.000000e+00
2013-12-11 23:32:14.000000,0.000000e+00,1.663795e+07,1.180762e+02,7.323635e+06,1.730961e+02,3.391878e+06,,0.000000e+00,0.000000e+00
2013-12-11 23:32:15.000000,0.000000e+00,1.663795e+07,1.180769e+02,7.323679e+06,1.730961e+02,3.391854e+06,,0.000000e+00,0.000000e+00
2013-12-11 23:32:16.000000,0.000000e+00,1.663795e+07,1.180775e+02,7.323722e+06,1.730961e+02,3.391830e+06,,0.000000e+00,0.000000e+00
2013-12-11 23:32:17.000000,0.000000e+00,1.663795e+07,1.180782e+02,7.323766e+06,1.730961e+02,3.391807e+06,,0.000000e+00,0.000000e+00
2013-12-11 23:32:18.000000,0.000000e+00,1.663795e+07,1.180788e+02,7.323809e+06,1.730961e+02,3.391783e+06,,0.000000e+00,0.000000e+00
2013-12-11 23:32:19.000000,0.000000e+00,1.663795e+07,1.180795e+02,7.323853e+06,1.730961e+02,3.391759e+06,,0.000000e+00,0.000000e+00
2013-12-11 23:32:20.000000,0.000000e+00,1.663795e+07,1.180801e+02,7.323897e+06,1.730961e+02,3.391735e+06,,0.000000e+00,0.000000e+00
2013-12-11 23:32:21.000000,0.000000e+00,1.663795e+07,1.180808e+02,7.323940e+06,1.730961e+02,3.391711e+06,,0.000000e+00,0.000000e+00
2013-12-11 23:32:22.000000,0.000000e+00,1.663795e+07,1.180814e+02,7.323984e+06,1.730961e+02,3.391688e+06,,0.000000e+00,0.000000e+00
2013-12-11 23:32:23.000000,0.000000e+00,1.663795e+07,1.180821e+02,7.324027e+06,1.730961e+02,3.391664e+06,,0.000000e+00,0.000000e+00
2013-12-11 23:32:24.000000,0.000000e+00,1.663795e+07,1.180827e+02,7.324071e+06,1.730961e+02,3.391640e+06,,0.000000e+00,0.000000e+00
2013-12-11 23:32:25.000000,0.000000e+00,1.663795e+07,1.180824e+02,7.324114e+06,1.730961e+02,3.391616e+06,,0.000000e+00,0.000000e+00
2013-12-11 23:32:26.000000,0.000000e+00,1.663795e+07,1.180821e+02,7.324158e+06,1.730961e+02,3.391592e+06,,0.000000e+00,0.000000e+00
2013-12-11 23:32:27.000000,0.000000e+00,1.663795e+07,1.180817e+02,7.324201e+06,1.730961e+02,3.391569e+06,,0.000000e+00,0.000000e+00
2013-12-11 23:32:28.000000,0.000000e+00,1.663795e+07,1.180814e+02,7.324245e+06,1.730961e+02,3.391545e+06,,0.000000e+00,0.000000e+00
2013-12-11 23:32:29.000000,0.000000e+00,1.663795e+07,1.180811e+02,7.324288e+06,1.730961e+02,3.391521e+06,,0.000000e+00,0.000000e+00
2013-12-11 23:32:30.000000,0.000000e+00,1.663795e+07,1.180808e+02,7.324332e+06,1.730961e+02,3.391497e+06,,0.000000e+00,0.000000e+00
2013-12-11 23:32:31.000000,0.000000e+00,1.663795e+07,1.180804e+02,7.324376e+06,1.730961e+02,3.391474e+06,,0.000000e+00,0.000000e+00
2013-12-11 23:32:32.000000,0.000000e+00,1.663795e+07,1.180801e+02,7.324419e+06,1.730961e+02,3.391450e+06,,0.000000e+00,0.000000e+00
2013-12-11 23:32:33.000000,0.000000e+00,1.663795e+07,1.180798e+02,7.324463e+06,1.730961e+02,3.391426e+06,,0.000000e+00,0.000000e+00
2013-12-11 23:32:34.000000,0.000000e+00,1.663795e+07,1.180795e+02,7.324506e+06,1.730961e+02,3.391402e+06,,0.000000e+00,0.000000e+00
2013-12-11 23:32:35.000000,0.000000e+00,1.663795e+07,1.180791e+02,7.324550e+06,1.730961e+02,3.391378e+06,,0.000000e+00,0.000000e+00
2013-12-11 23:32:36.000000,0.000000e+00,1.663795e+07,1.180788e+02,7.324593e+06,1.730961e+02,3.391355e+06,,0.000000e+00,0.000000e+00
2013-12-11 23:32:37.000000,0.000000e+00,1.663795e+07,1.180785e+02,7.324637e+06,1.730961e+02,3.391331e+06,,0.000000e+00,0.000000e+00
2013-12-11 23:32:38.000000,0.000000e+00,1.663795e+07,1.180782e+02,7.324680e+06,1.730961e+02,3.391307e+06,,0.000000e+00,0.000000e+00
2013-12-11 23:32:39.000000,0.000000e+00,1.663795e+07,1.180778e+02,7.324724e+06,1.730961e+02,3.391283e+06,,0.000000e+00,0.000000e+00
2013-12-11 23:32:40.000000,0.000000e+00,1.663795e+07,1.180775e+02,7.324768e+06,1.730961e+02,3.391259e+06,,0.000000e+00,0.000000e+00
2013-12-11 23:32:41.000000,0.000000e+00,1.663795e+07,1.180772e+02,7.324812e+06,1.730961e+02,3.391236e+06,,0.000000e+00,0.000000e+00
2013-12-11 23:32:42.000000,0.000000e+00,1.663795e+07,1.180769e+02,7.324855e+06,1.730961e+02,3.391212e+06,,0.000000e+00,0.000000e+00
2013-12-11 23:32:43.000000,0.000000e+00,1.663795e+07,1.180765e+02,7.324899e+06,1.730961e+02,3.391188e+06,,0.000000e+00,0.000000e+00
2013-12-11 23:32:44.000000,0.000000e+00,1.663795e+07,1.180762e+02,7.324942e+06,1.730961e+02,3.391164e+06,,0.000000e+00,0.000000e+00
2013-12-11 23:32:45.000000,0.000000e+00,1.663795e+07,1.180759e+02,7.324986e+06,1.730961e+02,3.391140e+06,,0.000000e+00,0.000000e+00
2013-12-11 23:32:46.000000,0.000000e+00,1.663795e+07,1.180756e+02,7.325029e+06,1.730961e+02,3.391117e+06,,0.000000e+00,0.000000e+00
2013-12-11 23:32:47.000000,0.000000e+00,1.663795e+07,1.180752e+02,7.325072e+06,1.730961e+02,3.391093e+06,,0.000000e+00,0.000000e+00
2013-12-11 23:32:48.000000,0.000000e+00,1.663795e+07,1.180749e+02,7.325116e+06,1.730961e+02,3.391069e+06,,0.000000e+00,0.000000e+00
2013-12-11 23:32:49.000000,0.000000e+00,1.663795e+07,1.180746e+02,7.325159e+06,1.730961e+02,3.391045e+06,,0.000000e+00,0.000000e+00
2013-12-11 23:32:50.000000,0.000000e+00,1.663795e+07,1.180743e+02,7.325203e+06,1.730961e+02,3.391021e+06,,0.000000e+00,0.000000e+00
2013-12-11 23:32:51.000000,0.000000e+00,1.663795e+07,1.180739e+02,7.325247e+06,1.730961e+02,3.390998e+06,,0.000000e+00,0.000000e+00
2013-12-11 23:32:52.000000,0.000000e+00,1.663795e+07,1.180736e+02,7.325291e+06,1.730961e+02,3.390974e+06,,0.000000e+00,0.000000e+00
2013-12-11 23:32:53.000000,0.000000e+00,1.663795e+07,1.180733e+02,7.325334e+06,1.730961e+02,3.390950e+06,,0.000000e+00,0.000000e+00
2013-12-11 23:32:54.000000,0.000000e+00,1.663795e+07,1.180730e+02,7.325378e+06,1.730961e+02,3.390926e+06,,0.000000e+00,0.000000e+00
2013-12-11 23:32:55.000000,0.000000e+00,1.663795e+07,1.180726e+02,7.325421e+06,1.730961e+02,3.390902e+06,,0.000000e+00,0.000000e+00
2013-12-11 23:32:56.000000,0.000000e+00,1.663795e+07,1.180723e+02,7.325465e+06,1.730961e+02,3.390879e+06,,0.000000e+00,0.000000e+00
2013-12-11 23:32:57.000000,0.000000e+00,1.663795e+07,1.180720e+02,7.325508e+06,1.730961e+02,3.390855e+06,,0.000000e+00,0.000000e+00
2013-12-11 23:32:58.000000,0.000000e+00,1.663795e+07,1.180717e+02,7.325552e+06,1.730961e+02,3.390831e+06,,0.000000e+00,0.000000e+00
2013-12-11 23:32:59.000000,0.000000e+00,1.663795e+07,1.180713e+02,7.325595e+06,1.730961e+02,3.390807e+06,,0.000000e+00,0.000000e+00
2013-12-11 23:33:00.000000,0.000000e+00,1.663795e+07,1.180710e+02,7.325639e+06,1.730961e+02,3.390784e+06,,0.000000e+00,0.000000e+00
2013-12-11 23:33:01.000000,0.000000e+00,1.663795e+07,1.180707e+02,7.325683e+06,1.730961e+02,3.390760e+06,,0.000000e+00,0.000000e+00
2013-12-11 23:33:02.000000,0.000000e+00,1.663795e+07,1.180704e+02,7.325726e+06,1.730961e+02,3.390736e+06,,0.000000e+00,0.000000e+00
2013-12-11 23:33:03.000000,0.000000e+00,1.663795e+07,1.180700e+02,7.325770e+06,1.730961e+02,3.390712e+06,,0.000000e+00,0.000000e+00
2013-12-11 23:33:04.000000,0.000000e+00,1.663795e+07,1.180697e+02,7.325813e+06,1.730961e+02,3.390688e+06,,0.000000e+00,0.000000e+00
2013-12-11 23:33:05.000000,0.000000e+00,1.663795e+07,1.180694e+02,7.325857e+06,1.730961e+02,3.390665e+06,,0.000000e+00,0.000000e+00
2013-12-11 23:33:06.000000,0.000000e+00,1.663795e+07,1.180691e+02,7.325900e+06,1.730961e+02,3.390641e+06,,0.000000e+00,0.000000e+00
2013-12-11 23:33:07.000000,0.000000e+00,1.663795e+07,1.180687e+02,7.325944e+06,1.730961e+02,3.390617e+06,,0.000000e+00,0.000000e+00
2013-12-11 23:33:08.000000,0.000000e+00,1.663795e+07,1.180684e+02,7.325987e+06,1.730961e+02,3.390593e+06,,0.000000e+00,0.000000e+00
2013-12-11 23:33:09.000000,0.000000e+00,1.663795e+07,1.180681e+02,7.326031e+06,1.730961e+02,3.390569e+06,,0.000000e+00,0.000000e+00
2013-12-11 23:33:10.000000,0.000000e+00,1.663795e+07,1.180677e+02,7.326074e+06,1.730961e+02,3.390546e+06,,0.000000e+00,0.000000e+00
2013-12-11 23:33:11.000000,0.000000e+00,1.663795e+07,1.180674e+02,7.326118e+06,1.730961e+02,3.390522e+06,,0.000000e+00,0.000000e+00
2013-12-11 23:33:12.000000,0.000000e+00,1.663795e+07,1.180671e+02,7.326162e+06,1.730961e+02,3.390498e+06,,0.000000e+00,0.000000e+00
2013-12-11 23:33:13.000000,0.000000e+00,1.663795e+07,1.180668e+02,7.326205e+06,1.730961e+02,3.390474e+06,,0.000000e+00,0.000000e+00
2013-12-11 23:33:14.000000,0.000000e+00,1.663795e+07,1.180665e+02,7.326249e+06,1.730961e+02,3.390450e+06,,0.000000e+00,0.000000e+00
2013-12-11 23:33:15.000000,0.000000e+00,1.663795e+07,1.180661e+02,7.326292e+06,1.730961e+02,3.390427e+06,,0.000000e+00,0.000000e+00
2013-12-11 23:33:16.000000,0.000000e+00,1.663795e+07,1.180658e+02,7.326336e+06,1.730961e+02,3.390403e+06,,0.000000e+00,0.000000e+00
2013-12-11 23:33:17.000000,0.000000e+00,1.663795e+07,1.180655e+02,7.326379e+06,1.730961e+02,3.390379e+06,,0.000000e+00,0.000000e+00
2013-12-11 23:33:18.000000,0.000000e+00,1.663795e+07,1.180651e+02,7.326423e+06,1.730961e+02,3.390355e+06,,0.000000e+00,0.000000e+00
2013-12-11 23:33:19.000000,0.000000e+00,1.663795e+07,1.180648e+02,7.326466e+06,1.730961e+02,3.390331e+06,,0.000000e+00,0.000000e+00
2013-12-11 23:33:20.000000,0.000000e+00,1.663795e+07,1.180645e+02,7.326510e+06,1.730961e+02,3.390308e+06,,0.000000e+00,0.000000e+00
2013-12-11 23:33:21.000000,0.000000e+00,1.663795e+07,1.180642e+02,7.326553e+06,1.730961e+02,3.390284e+06,,0.000000e+00,0.000000e+00
2013-12-11 23:33:22.000000,0.000000e+00,1.663795e+07,1.180638e+02,7.326598e+06,1.730961e+02,3.390260e+06,,0.000000e+00,0.000000e+00
2013-12-11 23:33:23.000000,0.000000e+00,1.663795e+07,1.180635e+02,7.326641e+06,1.730961e+02,3.390236e+06,,0.000000e+00,0.000000e+00
2013-12-11 23:33:24.000000,0.000000e+00,1.663795e+07,1.180632e+02,7.326685e+06,1.730961e+02,3.390213e+06,,0.000000e+00,0.000000e+00
2013-12-11 23:33:25.000000,0.000000e+00,1.663795e+07,1.180629e+02,7.326728e+06,1.730961e+02,3.390189e+06,,0.000000e+00,0.000000e+00
2013-12-11 23:33:26.000000,0.000000e+00,1.663795e+07,1.180625e+02,7.326772e+06,1.730961e+02,3.390165e+06,,0.000000e+00,0.000000e+00
2013-12-11 23:33:27.000000,0.000000e+00,1.663795e+07,1.180622e+02,7.326815e+06,1.730961e+02,3.390141e+06,,0.000000e+00,0.000000e+00
2013-12-11 23:33:28.000000,0.000000e+00,1.663795e+07,1.180619e+02,7.326859e+06,1.730961e+02,3.390117e+06,,0.000000e+00,0.000000e+00
2013-12-11 23:33:29.000000,0.000000e+00,1.663795e+07,1.180616e+02,7.326902e+06,1.730961e+02,3.390094e+06,,0.000000e+00,0.000000e+00
2013-12-11 23:33:30.000000,0.000000e+00,1.663795e+07,1.180612e+02,7.326945e+06,1.730961e+02,3.390070e+06,,0.000000e+00,0.000000e+00
2013-12-11 23:33:31.000000,0.000000e+00,1.663795e+07,1.180609e+02,7.326989e+06,1.730961e+02,3.390046e+06,,0.000000e+00,0.000000e+00
2013-12-11 23:33:32.000000,0.000000e+00,1.663795e+07,1.180606e+02,7.327033e+06,1.730961e+02,3.390022e+06,,0.000000e+00,0.000000e+00
2013-12-11 23:33:33.000000,0.000000e+00,1.663795e+07,1.180603e+02,7.327077e+06,1.730961e+02,3.389998e+06,,0.000000e+00,0.000000e+00
2013-12-11 23:33:34.000000,0.000000e+00,1.663795e+07,1.180599e+02,7.327120e+06,1.730961e+02,3.389975e+06,,0.000000e+00,0.000000e+00
2013-12-11 23:33:35.000000,0.000000e+00,1.663795e+07,1.180596e+02,7.327164e+06,1.730961e+02,3.389951e+06,,0.000000e+00,0.000000e+00
2013-12-11 23:33:36.000000,0.000000e+00,1.663795e+07,1.180593e+02,7.327207e+06,1.730961e+02,3.389927e+06,,0.000000e+00,0.000000e+00
2013-12-11 23:33:37.000000,0.000000e+00,1.663795e+07,1.180590e+02,7.327251e+06,1.730961e+02,3.389903e+06,,0.000000e+00,0.000000e+00
2013-12-11 23:33:38.000000,0.000000e+00,1.663795e+07,1.180586e+02,7.327294e+06,1.730961e+02,3.389879e+06,,0.000000e+00,0.000000e+00
2013-12-11 23:33:39.000000,0.000000e+00,1.663795e+07,1.180583e+02,7.327338e+06,1.730961e+02,3.389856e+06,,0.000000e+00,0.000000e+00
2013-12-11 23:33:40.000000,0.000000e+00,1.663795e+07,1.180580e+02,7.327381e+06,1.730961e+02,3.389832e+06,,0.000000e+00,0.000000e+00
2013-12-11 23:33:41.000000,0.000000e+00,1.663795e+07,1.180577e+02,7.327425e+06,1.730961e+02,3.389808e+06,,0.000000e+00,0.000000e+00
2013-12-11 23:33:42.000000,0.000000e+00,1.663795e+07,1.180573e+02,7.327468e+06,1.730961e+02,3.389784e+06,,0.000000e+00,0.000000e+00
2013-12-11 23:33:43.000000,0.000000e+00,1.663795e+07,1.180570e+02,7.327512e+06,1.730961e+02,3.389760e+06,,0.000000e+00,0.000000e+00
2013-12-11 23:33:44.000000,0.000000e+00,1.663795e+07,1.180567e+02,7.327556e+06,1.730961e+02,3.389737e+06,,0.000000e+00,0.000000e+00
2013-12-11 23:33:45.000000,0.000000e+00,1.663795e+07,1.180564e+02,7.327599e+06,1.730961e+02,3.389713e+06,,0.000000e+00,0.000000e+00
2013-12-11 23:33:46.000000,0.000000e+00,1.663795e+07,1.180560e+02,7.327643e+06,1.730961e+02,3.389689e+06,,0.000000e+00,0.000000e+00
2013-12-11 23:33:47.000000,0.000000e+00,1.663795e+07,1.180557e+02,7.327686e+06,1.730961e+02,3.389665e+06,,0.000000e+00,0.000000e+00
2013-12-11 23:33:48.000000,0.000000e+00,1.663795e+07,1.180554e+02,7.327730e+06,1.730961e+02,3.389642e+06,,0.000000e+00,0.000000e+00
2013-12-11 23:33:49.000000,0.000000e+00,1.663795e+07,1.180551e+02,7.327773e+06,1.730961e+02,3.389618e+06,,0.000000e+00,0.000000e+00
2013-12-11 23:33:50.000000,0.000000e+00,1.663795e+07,1.180547e+02,7.327817e+06,1.730961e+02,3.389594e+06,,0.000000e+00,0.000000e+00
2013-12-11 23:33:51.000000,0.000000e+00,1.663795e+07,1.180544e+02,7.327860e+06,1.730961e+02,3.389570e+06,,0.000000e+00,0.000000e+00
2013-12-11 23:33:52.000000,0.000000e+00,1.663795e+07,1.180541e+02,7.327904e+06,1.730961e+02,3.389546e+06,,0.000000e+00,0.000000e+00
2013-12-11 23:33:53.000000,0.000000e+00,1.663795e+07,1.180538e+02,7.327948e+06,1.730961e+02,3.389523e+06,,0.000000e+00,0.000000e+00
2013-12-11 23:33:54.000000,0.000000e+00,1.663795e+07,1.180534e+02,7.327991e+06,1.730961e+02,3.389499e+06,,0.000000e+00,0.000000e+00
2013-12-11 23:33:55.000000,0.000000e+00,1.663795e+07,1.180531e+02,7.328035e+06,1.730961e+02,3.389475e+06,,0.000000e+00,0.000000e+00
2013-12-11 23:33:56.000000,0.000000e+00,1.663795e+07,1.180528e+02,7.328078e+06,1.730961e+02,3.389451e+06,,0.000000e+00,0.000000e+00
2013-12-11 23:33:57.000000,0.000000e+00,1.663795e+07,1.180525e+02,7.328122e+06,1.730961e+02,3.389427e+06,,0.000000e+00,0.000000e+00
2013-12-11 23:33:58.000000,0.000000e+00,1.663795e+07,1.180521e+02,7.328165e+06,1.730961e+02,3.389404e+06,,0.000000e+00,0.000000e+00
2013-12-11 23:33:59.000000,0.000000e+00,1.663795e+07,1.180518e+02,7.328209e+06,1.730961e+02,3.389380e+06,,0.000000e+00,0.000000e+00
2013-12-11 23:34:00.000000,0.000000e+00,1.663795e+07,1.180515e+02,7.328252e+06,1.730961e+02,3.389356e+06,,0.000000e+00,0.000000e+00
2013-12-11 23:34:01.000000,0.000000e+00,1.663795e+07,1.180511e+02,7.328296e+06,1.730961e+02,3.389332e+06,,0.000000e+00,0.000000e+00
2013-12-11 23:34:02.000000,0.000000e+00,1.663795e+07,1.180508e+02,7.328339e+06,1.730961e+02,3.389308e+06,,0.000000e+00,0.000000e+00
2013-12-11 23:34:03.000000,0.000000e+00,1.663795e+07,1.180505e+02,7.328384e+06,1.730961e+02,3.389285e+06,,0.000000e+00,0.000000e+00
2013-12-11 23:34:04.000000,0.000000e+00,1.663795e+07,1.180502e+02,7.328427e+06,1.730961e+02,3.389261e+06,,0.000000e+00,0.000000e+00
2013-12-11 23:34:05.000000,0.000000e+00,1.663795e+07,1.180499e+02,7.328471e+06,1.730961e+02,3.389237e+06,,0.000000e+00,0.000000e+00
2013-12-11 23:34:06.000000,0.000000e+00,1.663795e+07,1.180495e+02,7.328514e+06,1.730961e+02,3.389213e+06,,0.000000e+00,0.000000e+00
2013-12-11 23:34:07.000000,0.000000e+00,1.663795e+07,1.180492e+02,7.328558e+06,1.730961e+02,3.389189e+06,,0.000000e+00,0.000000e+00
2013-12-11 23:34:08.000000,0.000000e+00,1.663795e+07,1.180489e+02,7.328601e+06,1.730961e+02,3.389165e+06,,0.000000e+00,0.000000e+00
2013-12-11 23:34:09.000000,0.000000e+00,1.663795e+07,1.180485e+02,7.328645e+06,1.730961e+02,3.389142e+06,,0.000000e+00,0.000000e+00
2013-12-11 23:34:10.000000,0.000000e+00,1.663795e+07,1.180482e+02,7.328688e+06,1.730961e+02,3.389118e+06,,0.000000e+00,0.000000e+00
2013-12-11 23:34:11.000000,0.000000e+00,1.663795e+07,1.180479e+02,7.328732e+06,1.730961e+02,3.389094e+06,,0.000000e+00,0.000000e+00
2013-12-11 23:34:12.000000,0.000000e+00,1.663795e+07,1.180476e+02,7.328775e+06,1.730961e+02,3.389070e+06,,0.000000e+00,0.000000e+00
2013-12-11 23:34:13.000000,0.000000e+00,1.663795e+07,1.180472e+02,7.328819e+06,1.730961e+02,3.389046e+06,,0.000000e+00,0.000000e+00
2013-12-11 23:34:14.000000,0.000000e+00,1.663795e+07,1.180469e+02,7.328863e+06,1.730961e+02,3.389023e+06,,0.000000e+00,0.000000e+00
2013-12-11 23:34:15.000000,0.000000e+00,1.663795e+07,1.180466e+02,7.328906e+06,1.730961e+02,3.388999e+06,,0.000000e+00,0.000000e+00
2013-12-11 23:34:16.000000,0.000000e+00,1.663795e+07,1.180463e+02,7.328950e+06,1.730961e+02,3.388975e+06,,0.000000e+00,0.000000e+00
2013-12-11 23:34:17.000000,0.000000e+00,1.663795e+07,1.180459e+02,7.328993e+06,1.730961e+02,3.388951e+06,,0.000000e+00,0.000000e+00
2013-12-11 23:34:18.000000,0.000000e+00,1.663795e+07,1.180456e+02,7.329037e+06,1.730961e+02,3.388927e+06,,0.000000e+00,0.000000e+00
2013-12-11 23:34:19.000000,0.000000e+00,1.663795e+07,1.180453e+02,7.329080e+06,1.730961e+02,3.388904e+06,,0.000000e+00,0.000000e+00
2013-12-11 23:34:20.000000,0.000000e+00,1.663795e+07,1.180450e+02,7.329124e+06,1.730961e+02,3.388880e+06,,0.000000e+00,0.000000e+00
2013-12-11 23:34:21.000000,0.000000e+00,1.663795e+07,1.180446e+02,7.329167e+06,1.730961e+02,3.388856e+06,,0.000000e+00,0.000000e+00
2013-12-11 23:34:22.000000,0.000000e+00,1.663795e+07,1.180443e+02,7.329211e+06,1.730961e+02,3.388832e+06,,0.000000e+00,0.000000e+00
2013-12-11 23:34:23.000000,0.000000e+00,1.663795e+07,1.180440e+02,7.329254e+06,1.730961e+02,3.388808e+06,,0.000000e+00,0.000000e+00
2013-12-11 23:34:24.000000,0.000000e+00,1.663795e+07,1.180437e+02,7.329298e+06,1.730961e+02,3.388785e+06,,0.000000e+00,0.000000e+00
2013-12-11 23:34:25.000000,0.000000e+00,1.663795e+07,1.180439e+02,7.329342e+06,1.730961e+02,3.388761e+06,,0.000000e+00,0.000000e+00
2013-12-11 23:34:26.000000,0.000000e+00,1.663795e+07,1.180441e+02,7.329385e+06,1.730961e+02,3.388737e+06,,0.000000e+00,0.000000e+00
2013-12-11 23:34:27.000000,0.000000e+00,1.663795e+07,1.180443e+02,7.329429e+06,1.730961e+02,3.388713e+06,,0.000000e+00,0.000000e+00
2013-12-11 23:34:28.000000,0.000000e+00,1.663795e+07,1.180445e+02,7.329472e+06,1.730961e+02,3.388689e+06,,0.000000e+00,0.000000e+00
2013-12-11 23:34:29.000000,0.000000e+00,1.663795e+07,1.180447e+02,7.329516e+06,1.730961e+02,3.388666e+06,,0.000000e+00,0.000000e+00
2013-12-11 23:34:30.000000,0.000000e+00,1.663795e+07,1.180450e+02,7.329559e+06,1.730961e+02,3.388642e+06,,0.000000e+00,0.000000e+00
2013-12-11 23:34:31.000000,0.000000e+00,1.663795e+07,1.180452e+02,7.329603e+06,1.730961e+02,3.388618e+06,,0.000000e+00,0.000000e+00
2013-12-11 23:34:32.000000,0.000000e+00,1.663795e+07,1.180454e+02,7.329646e+06,1.730961e+02,3.388594e+06,,0.000000e+00,0.000000e+00
2013-12-11 23:34:33.000000,0.000000e+00,1.663795e+07,1.180456e+02,7.329690e+06,1.730961e+02,3.388571e+06,,0.000000e+00,0.000000e+00
2013-12-11 23:34:34.000000,0.000000e+00,1.663795e+07,1.180458e+02,7.329734e+06,1.730961e+02,3.388547e+06,,0.000000e+00,0.000000e+00
2013-12-11 23:34:35.000000,0.000000e+00,1.663795e+07,1.180461e+02,7.329778e+06,1.730961e+02,3.388523e+06,,0.000000e+00,0.000000e+00
2013-12-11 23:34:36.000000,0.000000e+00,1.663795e+07,1.180463e+02,7.329821e+06,1.730961e+02,3.388499e+06,,0.000000e+00,0.000000e+00
2013-12-11 23:34:37.000000,0.000000e+00,1.663795e+07,1.180465e+02,7.329865e+06,1.730961e+02,3.388475e+06,,0.000000e+00,0.000000e+00
2013-12-11 23:34:38.000000,0.000000e+00,1.663795e+07,1.180467e+02,7.329908e+06,1.730961e+02,3.388452e+06,,0.000000e+00,0.000000e+00
2013-12-11 23:34:39.000000,0.000000e+00,1.663795e+07,1.180469e+02,7.329951e+06,1.730961e+02,3.388428e+06,,0.000000e+00,0.000000e+00
2013-12-11 23:34:40.000000,0.000000e+00,1.663795e+07,1.180471e+02,7.329995e+06,1.730961e+02,3.388404e+06,,0.000000e+00,0.000000e+00
2013-12-11 23:34:41.000000,0.000000e+00,1.663795e+07,1.180474e+02,7.330038e+06,1.730961e+02,3.388380e+06,,0.000000e+00,0.000000e+00
2013-12-11 23:34:42.000000,0.000000e+00,1.663795e+07,1.180476e+02,7.330082e+06,1.730961e+02,3.388356e+06,,0.000000e+00,0.000000e+00
2013-12-11 23:34:43.000000,0.000000e+00,1.663795e+07,1.180478e+02,7.330125e+06,1.730961e+02,3.388333e+06,,0.000000e+00,0.000000e+00
2013-12-11 23:34:44.000000,0.000000e+00,1.663795e+07,1.180480e+02,7.330169e+06,1.730961e+02,3.388309e+06,,0.000000e+00,0.000000e+00
2013-12-11 23:34:45.000000,0.000000e+00,1.663795e+07,1.180482e+02,7.330213e+06,1.730961e+02,3.388285e+06,,0.000000e+00,0.000000e+00
2013-12-11 23:34:46.000000,0.000000e+00,1.663795e+07,1.180484e+02,7.330257e+06,1.730961e+02,3.388261e+06,,0.000000e+00,0.000000e+00
2013-12-11 23:34:47.000000,0.000000e+00,1.663795e+07,1.180487e+02,7.330300e+06,1.730961e+02,3.388237e+06,,0.000000e+00,0.000000e+00
2013-12-11 23:34:48.000000,0.000000e+00,1.663795e+07,1.180489e+02,7.330344e+06,1.730961e+02,3.388214e+06,,0.000000e+00,0.000000e+00
2013-12-11 23:34:49.000000,0.000000e+00,1.663795e+07,1.180491e+02,7.330387e+06,1.730961e+02,3.388190e+06,,0.000000e+00,0.000000e+00
2013-12-11 23:34:50.000000,0.000000e+00,1.663795e+07,1.180493e+02,7.330431e+06,1.730961e+02,3.388166e+06,,0.000000e+00,0.000000e+00
2013-12-11 23:34:51.000000,0.000000e+00,1.663795e+07,1.180495e+02,7.330474e+06,1.730961e+02,3.388142e+06,,0.000000e+00,0.000000e+00
2013-12-11 23:34:52.000000,0.000000e+00,1.663795e+07,1.180497e+02,7.330518e+06,1.730961e+02,3.388118e+06,,0.000000e+00,0.000000e+00
2013-12-11 23:34:53.000000,0.000000e+00,1.663795e+07,1.180500e+02,7.330561e+06,1.730961e+02,3.388095e+06,,0.000000e+00,0.000000e+00
2013-12-11 23:34:54.000000,0.000000e+00,1.663795e+07,1.180502e+02,7.330605e+06,1.730961e+02,3.388071e+06,,0.000000e+00,0.000000e+00
2013-12-11 23:34:55.000000,0.000000e+00,1.663795e+07,1.180504e+02,7.330649e+06,1.730961e+02,3.388047e+06,,0.000000e+00,0.000000e+00
2013-12-11 23:34:56.000000,0.000000e+00,1.663795e+07,1.180506e+02,7.330692e+06,1.730961e+02,3.388023e+06,,0.000000e+00,0.000000e+00
2013-12-11 23:34:57.000000,0.000000e+00,1.663795e+07,1.180508e+02,7.330736e+06,1.730961e+02,3.388000e+06,,0.000000e+00,0.000000e+00
2013-12-11 23:34:58.000000,0.000000e+00,1.663795e+07,1.180510e+02,7.330779e+06,1.730961e+02,3.387976e+06,,0.000000e+00,0.000000e+00
2013-12-11 23:34:59.000000,0.000000e+00,1.663795e+07,1.180513e+02,7.330823e+06,1.730961e+02,3.387952e+06,,0.000000e+00,0.000000e+00
2013-12-11 23:35:00.000000,0.000000e+00,1.663795e+07,1.180515e+02,7.330866e+06,1.730961e+02,3.387928e+06,,0.000000e+00,0.000000e+00
2013-12-11 23:35:01.000000,0.000000e+00,1.663795e+07,1.180517e+02,7.330910e+06,1.730961e+02,3.387904e+06,,0.000000e+00,0.000000e+00
2013-12-11 23:35:02.000000,0.000000e+00,1.663795e+07,1.180519e+02,7.330953e+06,1.730961e+02,3.387881e+06,,0.000000e+00,0.000000e+00
2013-12-11 23:35:03.000000,0.000000e+00,1.663795e+07,1.180521e+02,7.330997e+06,1.730961e+02,3.387857e+06,,0.000000e+00,0.000000e+00
2013-12-11 23:35:04.000000,0.000000e+00,1.663795e+07,1.180523e+02,7.331040e+06,1.730961e+02,3.387833e+06,,0.000000e+00,0.000000e+00
2013-12-11 23:35:05.000000,0.000000e+00,1.663795e+07,1.180526e+02,7.331084e+06,1.730961e+02,3.387809e+06,,0.000000e+00,0.000000e+00
2013-12-11 23:35:06.000000,0.000000e+00,1.663795e+07,1.180528e+02,7.331128e+06,1.730961e+02,3.387785e+06,,0.000000e+00,0.000000e+00
2013-12-11 23:35:07.000000,0.000000e+00,1.663795e+07,1.180530e+02,7.331171e+06,1.730961e+02,3.387762e+06,,0.000000e+00,0.000000e+00
2013-12-11 23:35:08.000000,0.000000e+00,1.663795e+07,1.180532e+02,7.331215e+06,1.730961e+02,3.387738e+06,,0.000000e+00,0.000000e+00
2013-12-11 23:35:09.000000,0.000000e+00,1.663795e+07,1.180534e+02,7.331258e+06,1.730961e+02,3.387714e+06,,0.000000e+00,0.000000e+00
2013-12-11 23:35:10.000000,0.000000e+00,1.663795e+07,1.180536e+02,7.331302e+06,1.730961e+02,3.387690e+06,,0.000000e+00,0.000000e+00
2013-12-11 23:35:11.000000,0.000000e+00,1.663795e+07,1.180539e+02,7.331345e+06,1.730961e+02,3.387666e+06,,0.000000e+00,0.000000e+00
2013-12-11 23:35:12.000000,0.000000e+00,1.663795e+07,1.180541e+02,7.331389e+06,1.730961e+02,3.387643e+06,,0.000000e+00,0.000000e+00
2013-12-11 23:35:13.000000,0.000000e+00,1.663795e+07,1.180543e+02,7.331432e+06,1.730961e+02,3.387619e+06,,0.000000e+00,0.000000e+00
2013-12-11 23:35:14.000000,0.000000e+00,1.663795e+07,1.180545e+02,7.331476e+06,1.730961e+02,3.387595e+06,,0.000000e+00,0.000000e+00
2013-12-11 23:35:15.000000,0.000000e+00,1.663795e+07,1.180547e+02,7.331519e+06,1.730961e+02,3.387571e+06,,0.000000e+00,0.000000e+00
2013-12-11 23:35:16.000000,0.000000e+00,1.663795e+07,1.180549e+02,7.331564e+06,1.730961e+02,3.387547e+06,,0.000000e+00,0.000000e+00
2013-12-11 23:35:17.000000,0.000000e+00,1.663795e+07,1.180552e+02,7.331607e+06,1.730961e+02,3.387524e+06,,0.000000e+00,0.000000e+00
2013-12-11 23:35:18.000000,0.000000e+00,1.663795e+07,1.180554e+02,7.331651e+06,1.730961e+02,3.387500e+06,,0.000000e+00,0.000000e+00
2013-12-11 23:35:19.000000,0.000000e+00,1.663795e+07,1.180556e+02,7.331694e+06,1.730961e+02,3.387476e+06,,0.000000e+00,0.000000e+00
2013-12-11 23:35:20.000000,0.000000e+00,1.663795e+07,1.180558e+02,7.331738e+06,1.730961e+02,3.387452e+06,,0.000000e+00,0.000000e+00
2013-12-11 23:35:21.000000,0.000000e+00,1.663795e+07,1.180560e+02,7.331781e+06,1.730961e+02,3.387429e+06,,0.000000e+00,0.000000e+00
2013-12-11 23:35:22.000000,0.000000e+00,1.663795e+07,1.180563e+02,7.331824e+06,1.730961e+02,3.387405e+06,,0.000000e+00,0.000000e+00
2013-12-11 23:35:23.000000,0.000000e+00,1.663795e+07,1.180565e+02,7.331868e+06,1.730961e+02,3.387381e+06,,0.000000e+00,0.000000e+00
2013-12-11 23:35:24.000000,0.000000e+00,1.663795e+07,1.180567e+02,7.331911e+06,1.730961e+02,3.387357e+06,,0.000000e+00,0.000000e+00
2013-12-11 23:35:25.000000,0.000000e+00,1.663795e+07,1.180569e+02,7.331955e+06,1.730961e+02,3.387333e+06,,0.000000e+00,0.000000e+00
2013-12-11 23:35:26.000000,0.000000e+00,1.663795e+07,1.180571e+02,7.331999e+06,1.730961e+02,3.387310e+06,,0.000000e+00,0.000000e+00
2013-12-11 23:35:27.000000,0.000000e+00,1.663795e+07,1.180573e+02,7.332043e+06,1.730961e+02,3.387286e+06,,0.000000e+00,0.000000e+00
2013-12-11 23:35:28.000000,0.000000e+00,1.663795e+07,1.180575e+02,7.332086e+06,1.730961e+02,3.387262e+06,,0.000000e+00,0.000000e+00
2013-12-11 23:35:29.000000,0.000000e+00,1.663795e+07,1.180578e+02,7.332130e+06,1.730961e+02,3.387238e+06,,0.000000e+00,0.000000e+00
2013-12-11 23:35:30.000000,0.000000e+00,1.663795e+07,1.180580e+02,7.332173e+06,1.730961e+02,3.387214e+06,,0.000000e+00,0.000000e+00
2013-12-11 23:35:31.000000,0.000000e+00,1.663795e+07,1.180582e+02,7.332217e+06,1.730961e+02,3.387191e+06,,0.000000e+00,0.000000e+00
2013-12-11 23:35:32.000000,0.000000e+00,1.663795e+07,1.180584e+02,7.332260e+06,1.730961e+02,3.387167e+06,,0.000000e+00,0.000000e+00
2013-12-11 23:35:33.000000,0.000000e+00,1.663795e+07,1.180586e+02,7.332304e+06,1.730961e+02,3.387143e+06,,0.000000e+00,0.000000e+00
2013-12-11 23:35:34.000000,0.000000e+00,1.663795e+07,1.180589e+02,7.332347e+06,1.730961e+02,3.387119e+06,,0.000000e+00,0.000000e+00
2013-12-11 23:35:35.000000,0.000000e+00,1.663795e+07,1.180591e+02,7.332391e+06,1.730961e+02,3.387095e+06,,0.000000e+00,0.000000e+00
2013-12-11 23:35:36.000000,0.000000e+00,1.663795e+07,1.180593e+02,7.332435e+06,1.730961e+02,3.387072e+06,,0.000000e+00,0.000000e+00
2013-12-11 23:35:37.000000,0.000000e+00,1.663795e+07,1.180595e+02,7.332478e+06,1.730961e+02,3.387048e+06,,0.000000e+00,0.000000e+00
2013-12-11 23:35:38.000000,0.000000e+00,1.663795e+07,1.180597e+02,7.332522e+06,1.730961e+02,3.387024e+06,,0.000000e+00,0.000000e+00
2013-12-11 23:35:39.000000,0.000000e+00,1.663795e+07,1.180599e+02,7.332565e+06,1.730961e+02,3.387000e+06,,0.000000e+00,0.000000e+00
2013-12-11 23:35:40.000000,0.000000e+00,1.663795e+07,1.180602e+02,7.332609e+06,1.730961e+02,3.386976e+06,,0.000000e+00,0.000000e+00
2013-12-11 23:35:41.000000,0.000000e+00,1.663795e+07,1.180604e+02,7.332652e+06,1.730961e+02,3.386953e+06,,0.000000e+00,0.000000e+00
2013-12-11 23:35:42.000000,0.000000e+00,1.663795e+07,1.180606e+02,7.332696e+06,1.730961e+02,3.386929e+06,,0.000000e+00,0.000000e+00
2013-12-11 23:35:43.000000,0.000000e+00,1.663795e+07,1.180608e+02,7.332739e+06,1.730961e+02,3.386905e+06,,0.000000e+00,0.000000e+00
2013-12-11 23:35:44.000000,0.000000e+00,1.663795e+07,1.180610e+02,7.332783e+06,1.730961e+02,3.386881e+06,,0.000000e+00,0.000000e+00
2013-12-11 23:35:45.000000,0.000000e+00,1.663795e+07,1.180612e+02,7.332826e+06,1.730961e+02,3.386857e+06,,0.000000e+00,0.000000e+00
2013-12-11 23:35:46.000000,0.000000e+00,1.663795e+07,1.180615e+02,7.332870e+06,1.730961e+02,3.386834e+06,,0.000000e+00,0.000000e+00
2013-12-11 23:35:47.000000,0.000000e+00,1.663795e+07,1.180617e+02,7.332914e+06,1.730961e+02,3.386810e+06,,0.000000e+00,0.000000e+00
2013-12-11 23:35:48.000000,0.000000e+00,1.663795e+07,1.180619e+02,7.332957e+06,1.730961e+02,3.386786e+06,,0.000000e+00,0.000000e+00
2013-12-11 23:35:49.000000,0.000000e+00,1.663795e+07,1.180621e+02,7.333001e+06,1.730961e+02,3.386762e+06,,0.000000e+00,0.000000e+00
2013-12-11 23:35:50.000000,0.000000e+00,1.663795e+07,1.180623e+02,7.333044e+06,1.730961e+02,3.386739e+06,,0.000000e+00,0.000000e+00
2013-12-11 23:35:51.000000,0.000000e+00,1.663795e+07,1.180625e+02,7.333088e+06,1.730961e+02,3.386715e+06,,0.000000e+00,0.000000e+00
2013-12-11 23:35:52.000000,0.000000e+00,1.663795e+07,1.180628e+02,7.333131e+06,1.730961e+02,3.386691e+06,,0.000000e+00,0.000000e+00
2013-12-11 23:35:53.000000,0.000000e+00,1.663795e+07,1.180630e+02,7.333175e+06,1.730961e+02,3.386667e+06,,0.000000e+00,0.000000e+00
2013-12-11 23:35:54.000000,0.000000e+00,1.663795e+07,1.180632e+02,7.333218e+06,1.730961e+02,3.386643e+06,,0.000000e+00,0.000000e+00
2013-12-11 23:35:55.000000,0.000000e+00,1.663795e+07,1.180634e+02,7.333262e+06,1.730961e+02,3.386620e+06,,0.000000e+00,0.000000e+00
2013-12-11 23:35:56.000000,0.000000e+00,1.663795e+07,1.180636e+02,7.333305e+06,1.730961e+02,3.386596e+06,,0.000000e+00,0.000000e+00
2013-12-11 23:35:57.000000,0.000000e+00,1.663795e+07,1.180638e+02,7.333350e+06,1.730961e+02,3.386572e+06,,0.000000e+00,0.000000e+00
2013-12-11 23:35:58.000000,0.000000e+00,1.663795e+07,1.180641e+02,7.333393e+06,1.730961e+02,3.386548e+06,,0.000000e+00,0.000000e+00
2013-12-11 23:35:59.000000,0.000000e+00,1.663795e+07,1.180643e+02,7.333437e+06,1.730961e+02,3.386524e+06,,0.000000e+00,0.000000e+00
2013-12-11 23:36:00.000000,0.000000e+00,1.663795e+07,1.180645e+02,7.333480e+06,1.730961e+02,3.386501e+06,,0.000000e+00,0.000000e+00
2013-12-11 23:36:01.000000,0.000000e+00,1.663795e+07,1.180647e+02,7.333524e+06,1.730961e+02,3.386477e+06,,0.000000e+00,0.000000e+00
2013-12-11 23:36:02.000000,0.000000e+00,1.663795e+07,1.180649e+02,7.333567e+06,1.730961e+02,3.386453e+06,,0.000000e+00,0.000000e+00
2013-12-11 23:36:03.000000,0.000000e+00,1.663795e+07,1.180651e+02,7.333611e+06,1.730961e+02,3.386429e+06,,0.000000e+00,0.000000e+00
2013-12-11 23:36:04.000000,0.000000e+00,1.663795e+07,1.180654e+02,7.333654e+06,1.730961e+02,3.386405e+06,,0.000000e+00,0.000000e+00
2013-12-11 23:36:05.000000,0.000000e+00,1.663795e+07,1.180656e+02,7.333698e+06,1.730961e+02,3.386382e+06,,0.000000e+00,0.000000e+00
2013-12-11 23:36:06.000000,0.000000e+00,1.663795e+07,1.180658e+02,7.333741e+06,1.730961e+02,3.386358e+06,,0.000000e+00,0.000000e+00
2013-12-11 23:36:07.000000,0.000000e+00,1.663795e+07,1.180660e+02,7.333785e+06,1.730961e+02,3.386334e+06,,0.000000e+00,0.000000e+00
2013-12-11 23:36:08.000000,0.000000e+00,1.663795e+07,1.180662e+02,7.333829e+06,1.730961e+02,3.386310e+06,,0.000000e+00,0.000000e+00
2013-12-11 23:36:09.000000,0.000000e+00,1.663795e+07,1.180665e+02,7.333872e+06,1.730961e+02,3.386286e+06,,0.000000e+00,0.000000e+00
2013-12-11 23:36:10.000000,0.000000e+00,1.663795e+07,1.180667e+02,7.333916e+06,1.730961e+02,3.386263e+06,,0.000000e+00,0.000000e+00
2013-12-11 23:36:11.000000,0.000000e+00,1.663795e+07,1.180669e+02,7.333959e+06,1.730961e+02,3.386239e+06,,0.000000e+00,0.000000e+00
2013-12-11 23:36:12.000000,0.000000e+00,1.663795e+07,1.180671e+02,7.334003e+06,1.730961e+02,3.386215e+06,,0.000000e+00,0.000000e+00
2013-12-11 23:36:13.000000,0.000000e+00,1.663795e+07,1.180673e+02,7.334046e+06,1.730961e+02,3.386191e+06,,0.000000e+00,0.000000e+00
2013-12-11 23:36:14.000000,0.000000e+00,1.663795e+07,1.180675e+02,7.334090e+06,1.730961e+02,3.386168e+06,,0.000000e+00,0.000000e+00
2013-12-11 23:36:15.000000,0.000000e+00,1.663795e+07,1.180677e+02,7.334133e+06,1.730961e+02,3.386143e+06,,0.000000e+00,0.000000e+00
2013-12-11 23:36:16.000000,0.000000e+00,1.663795e+07,1.180680e+02,7.334177e+06,1.730961e+02,3.386120e+06,,0.000000e+00,0.000000e+00
2013-12-11 23:36:17.000000,0.000000e+00,1.663795e+07,1.180682e+02,7.334220e+06,1.730961e+02,3.386096e+06,,0.000000e+00,0.000000e+00
2013-12-11 23:36:18.000000,0.000000e+00,1.663795e+07,1.180684e+02,7.334264e+06,1.730961e+02,3.386072e+06,,0.000000e+00,0.000000e+00
2013-12-11 23:36:19.000000,0.000000e+00,1.663795e+07,1.180686e+02,7.334308e+06,1.730961e+02,3.386049e+06,,0.000000e+00,0.000000e+00
2013-12-11 23:36:20.000000,0.000000e+00,1.663795e+07,1.180688e+02,7.334351e+06,1.730961e+02,3.386024e+06,,0.000000e+00,0.000000e+00
2013-12-11 23:36:21.000000,0.000000e+00,1.663795e+07,1.180691e+02,7.334395e+06,1.730961e+02,3.386001e+06,,0.000000e+00,0.000000e+00
2013-12-11 23:36:22.000000,0.000000e+00,1.663795e+07,1.180693e+02,7.334438e+06,1.730961e+02,3.385977e+06,,0.000000e+00,0.000000e+00
2013-12-11 23:36:23.000000,0.000000e+00,1.663795e+07,1.180695e+02,7.334482e+06,1.730961e+02,3.385953e+06,,0.000000e+00,0.000000e+00
2013-12-11 23:36:24.000000,0.000000e+00,1.663795e+07,1.180697e+02,7.334525e+06,1.730961e+02,3.385929e+06,,0.000000e+00,0.000000e+00
2013-12-11 23:36:25.000000,0.000000e+00,1.663795e+07,1.180699e+02,7.334569e+06,1.730961e+02,3.385905e+06,,0.000000e+00,0.000000e+00
2013-12-11 23:36:26.000000,0.000000e+00,1.663795e+07,1.180701e+02,7.334612e+06,1.730961e+02,3.385882e+06,,0.000000e+00,0.000000e+00
2013-12-11 23:36:27.000000,0.000000e+00,1.663795e+07,1.180704e+02,7.334656e+06,1.730961e+02,3.385858e+06,,0.000000e+00,0.000000e+00
2013-12-11 23:36:28.000000,0.000000e+00,1.663795e+07,1.180706e+02,7.334700e+06,1.730961e+02,3.385834e+06,,0.000000e+00,0.000000e+00
2013-12-11 23:36:29.000000,0.000000e+00,1.663795e+07,1.180708e+02,7.334743e+06,1.730961e+02,3.385810e+06,,0.000000e+00,0.000000e+00
2013-12-11 23:36:30.000000,0.000000e+00,1.663795e+07,1.180710e+02,7.334787e+06,1.730961e+02,3.385787e+06,,0.000000e+00,0.000000e+00
2013-12-11 23:36:31.000000,0.000000e+00,1.663795e+07,1.180712e+02,7.334830e+06,1.730961e+02,3.385763e+06,,0.000000e+00,0.000000e+00
2013-12-11 23:36:32.000000,0.000000e+00,1.663795e+07,1.180714e+02,7.334874e+06,1.730961e+02,3.385739e+06,,0.000000e+00,0.000000e+00
2013-12-11 23:36:33.000000,0.000000e+00,1.663795e+07,1.180717e+02,7.334917e+06,1.730961e+02,3.385715e+06,,0.000000e+00,0.000000e+00
2013-12-11 23:36:34.000000,0.000000e+00,1.663795e+07,1.180719e+02,7.334961e+06,1.730961e+02,3.385691e+06,,0.000000e+00,0.000000e+00
2013-12-11 23:36:35.000000,0.000000e+00,1.663795e+07,1.180721e+02,7.335004e+06,1.730961e+02,3.385668e+06,,0.000000e+00,0.000000e+00
2013-12-11 23:36:36.000000,0.000000e+00,1.663795e+07,1.180723e+02,7.335048e+06,1.730961e+02,3.385644e+06,,0.000000e+00,0.000000e+00
2013-12-11 23:36:37.000000,0.000000e+00,1.663795e+07,1.180725e+02,7.335091e+06,1.730961e+02,3.385620e+06,,0.000000e+00,0.000000e+00
2013-12-11 23:36:38.000000,0.000000e+00,1.663795e+07,1.180727e+02,7.335136e+06,1.730961e+02,3.385596e+06,,0.000000e+00,0.000000e+00
2013-12-11 23:36:39.000000,0.000000e+00,1.663795e+07,1.180730e+02,7.335179e+06,1.730961e+02,3.385572e+06,,0.000000e+00,0.000000e+00
2013-12-11 23:36:40.000000,0.000000e+00,1.663795e+07,1.180732e+02,7.335223e+06,1.730961e+02,3.385549e+06,,0.000000e+00,0.000000e+00
2013-12-11 23:36:41.000000,0.000000e+00,1.663795e+07,1.180734e+02,7.335266e+06,1.730961e+02,3.385525e+06,,0.000000e+00,0.000000e+00
2013-12-11 23:36:42.000000,0.000000e+00,1.663795e+07,1.180736e+02,7.335310e+06,1.730961e+02,3.385501e+06,,0.000000e+00,0.000000e+00
2013-12-11 23:36:43.000000,0.000000e+00,1.663795e+07,1.180738e+02,7.335353e+06,1.730961e+02,3.385477e+06,,0.000000e+00,0.000000e+00
2013-12-11 23:36:44.000000,0.000000e+00,1.663795e+07,1.180740e+02,7.335397e+06,1.730961e+02,3.385453e+06,,0.000000e+00,0.000000e+00
2013-12-11 23:36:45.000000,0.000000e+00,1.663795e+07,1.180743e+02,7.335440e+06,1.730961e+02,3.385430e+06,,0.000000e+00,0.000000e+00
2013-12-11 23:36:46.000000,0.000000e+00,1.663795e+07,1.180745e+02,7.335484e+06,1.730961e+02,3.385406e+06,,0.000000e+00,0.000000e+00
2013-12-11 23:36:47.000000,0.000000e+00,1.663795e+07,1.180747e+02,7.335527e+06,1.730961e+02,3.385382e+06,,0.000000e+00,0.000000e+00
2013-12-11 23:36:48.000000,0.000000e+00,1.663795e+07,1.180749e+02,7.335571e+06,1.730961e+02,3.385358e+06,,0.000000e+00,0.000000e+00
2013-12-11 23:36:49.000000,0.000000e+00,1.663795e+07,1.180751e+02,7.335615e+06,1.730961e+02,3.385334e+06,,0.000000e+00,0.000000e+00
2013-12-11 23:36:50.000000,0.000000e+00,1.663795e+07,1.180753e+02,7.335658e+06,1.730961e+02,3.385311e+06,,0.000000e+00,0.000000e+00
2013-12-11 23:36:51.000000,0.000000e+00,1.663795e+07,1.180756e+02,7.335702e+06,1.730961e+02,3.385287e+06,,0.000000e+00,0.000000e+00
2013-12-11 23:36:52.000000,0.000000e+00,1.663795e+07,1.180758e+02,7.335745e+06,1.730961e+02,3.385263e+06,,0.000000e+00,0.000000e+00
2013-12-11 23:36:53.000000,0.000000e+00,1.663795e+07,1.180760e+02,7.335789e+06,1.730961e+02,3.385239e+06,,0.000000e+00,0.000000e+00
2013-12-11 23:36:54.000000,0.000000e+00,1.663795e+07,1.180762e+02,7.335832e+06,1.730961e+02,3.385216e+06,,0.000000e+00,0.000000e+00
2013-12-11 23:36:55.000000,0.000000e+00,1.663795e+07,1.180764e+02,7.335876e+06,1.730961e+02,3.385192e+06,,0.000000e+00,0.000000e+00
2013-12-11 23:36:56.000000,0.000000e+00,1.663795e+07,1.180767e+02,7.335919e+06,1.730961e+02,3.385168e+06,,0.000000e+00,0.000000e+00
2013-12-11 23:36:57.000000,0.000000e+00,1.663795e+07,1.180769e+02,7.335963e+06,1.730961e+02,3.385144e+06,,0.000000e+00,0.000000e+00
2013-12-11 23:36:58.000000,0.000000e+00,1.663795e+07,1.180771e+02,7.336006e+06,1.730961e+02,3.385120e+06,,0.000000e+00,0.000000e+00
2013-12-11 23:36:59.000000,0.000000e+00,1.663795e+07,1.180773e+02,7.336050e+06,1.730961e+02,3.385097e+06,,0.000000e+00,0.000000e+00
2013-12-11 23:37:00.000000,0.000000e+00,1.663795e+07,1.180775e+02,7.336094e+06,1.730961e+02,3.385073e+06,,0.000000e+00,0.000000e+00
2013-12-11 23:37:01.000000,0.000000e+00,1.663795e+07,1.180777e+02,7.336137e+06,1.730961e+02,3.385049e+06,,0.000000e+00,0.000000e+00
2013-12-11 23:37:02.000000,0.000000e+00,1.663795e+07,1.180779e+02,7.336181e+06,1.730961e+02,3.385025e+06,,0.000000e+00,0.000000e+00
2013-12-11 23:37:03.000000,0.000000e+00,1.663795e+07,1.180782e+02,7.336224e+06,1.730961e+02,3.385001e+06,,0.000000e+00,0.000000e+00
2013-12-11 23:37:04.000000,0.000000e+00,1.663795e+07,1.180784e+02,7.336268e+06,1.730961e+02,3.384978e+06,,0.000000e+00,0.000000e+00
2013-12-11 23:37:05.000000,0.000000e+00,1.663795e+07,1.180786e+02,7.336311e+06,1.730961e+02,3.384954e+06,,0.000000e+00,0.000000e+00
2013-12-11 23:37:06.000000,0.000000e+00,1.663795e+07,1.180788e+02,7.336355e+06,1.730961e+02,3.384930e+06,,0.000000e+00,0.000000e+00
2013-12-11 23:37:07.000000,0.000000e+00,1.663795e+07,1.180790e+02,7.336398e+06,1.730961e+02,3.384906e+06,,0.000000e+00,0.000000e+00
2013-12-11 23:37:08.000000,0.000000e+00,1.663795e+07,1.180793e+02,7.336442e+06,1.730961e+02,3.384882e+06,,0.000000e+00,0.000000e+00
2013-12-11 23:37:09.000000,0.000000e+00,1.663795e+07,1.180795e+02,7.336486e+06,1.730961e+02,3.384859e+06,,0.000000e+00,0.000000e+00
2013-12-11 23:37:10.000000,0.000000e+00,1.663795e+07,1.180797e+02,7.336530e+06,1.730961e+02,3.384835e+06,,0.000000e+00,0.000000e+00
2013-12-11 23:37:11.000000,0.000000e+00,1.663795e+07,1.180799e+02,7.336573e+06,1.730961e+02,3.384811e+06,,0.000000e+00,0.000000e+00
2013-12-11 23:37:12.000000,0.000000e+00,1.663795e+07,1.180801e+02,7.336617e+06,1.730961e+02,3.384787e+06,,0.000000e+00,0.000000e+00
2013-12-11 23:37:13.000000,0.000000e+00,1.663795e+07,1.180803e+02,7.336660e+06,1.730961e+02,3.384763e+06,,0.000000e+00,0.000000e+00
2013-12-11 23:37:14.000000,0.000000e+00,1.663795e+07,1.180806e+02,7.336703e+06,1.730961e+02,3.384740e+06,,0.000000e+00,0.000000e+00
2013-12-11 23:37:15.000000,0.000000e+00,1.663795e+07,1.180808e+02,7.336747e+06,1.730961e+02,3.384716e+06,,0.000000e+00,0.000000e+00
2013-12-11 23:37:16.000000,0.000000e+00,1.663795e+07,1.180810e+02,7.336790e+06,1.730961e+02,3.384692e+06,,0.000000e+00,0.000000e+00
2013-12-11 23:37:17.000000,0.000000e+00,1.663795e+07,1.180812e+02,7.336834e+06,1.730961e+02,3.384668e+06,,0.000000e+00,0.000000e+00
2013-12-11 23:37:18.000000,0.000000e+00,1.663795e+07,1.180814e+02,7.336877e+06,1.730961e+02,3.384644e+06,,0.000000e+00,0.000000e+00
2013-12-11 23:37:19.000000,0.000000e+00,1.663795e+07,1.180816e+02,7.336921e+06,1.730961e+02,3.384621e+06,,0.000000e+00,0.000000e+00
2013-12-11 23:37:20.000000,0.000000e+00,1.663795e+07,1.180819e+02,7.336965e+06,1.730961e+02,3.384597e+06,,0.000000e+00,0.000000e+00
2013-12-11 23:37:21.000000,0.000000e+00,1.663795e+07,1.180821e+02,7.337009e+06,1.730961e+02,3.384573e+06,,0.000000e+00,0.000000e+00
2013-12-11 23:37:22.000000,0.000000e+00,1.663795e+07,1.180823e+02,7.337052e+06,1.730961e+02,3.384549e+06,,0.000000e+00,0.000000e+00
2013-12-11 23:37:23.000000,0.000000e+00,1.663795e+07,1.180825e+02,7.337096e+06,1.730961e+02,3.384526e+06,,0.000000e+00,0.000000e+00
2013-12-11 23:37:24.000000,0.000000e+00,1.663795e+07,1.180827e+02,7.337139e+06,1.730961e+02,3.384502e+06,,0.000000e+00,0.000000e+00
2013-12-11 23:37:25.000000,0.000000e+00,1.663795e+07,1.180821e+02,7.337183e+06,1.730961e+02,3.384478e+06,,0.000000e+00,0.000000e+00
2013-12-11 23:37:26.000000,0.000000e+00,1.663795e+07,1.180814e+02,7.337226e+06,1.730961e+02,3.384454e+06,,0.000000e+00,0.000000e+00
2013-12-11 23:37:27.000000,0.000000e+00,1.663795e+07,1.180808e+02,7.337270e+06,1.730961e+02,3.384430e+06,,0.000000e+00,0.000000e+00
2013-12-11 23:37:28.000000,0.000000e+00,1.663795e+07,1.180801e+02,7.337313e+06,1.730961e+02,3.384407e+06,,0.000000e+00,0.000000e+00
2013-12-11 23:37:29.000000,0.000000e+00,1.663795e+07,1.180795e+02,7.337357e+06,1.730961e+02,3.384383e+06,,0.000000e+00,0.000000e+00
2013-12-11 23:37:30.000000,0.000000e+00,1.663795e+07,1.180788e+02,7.337401e+06,1.730961e+02,3.384359e+06,,0.000000e+00,0.000000e+00
2013-12-11 23:37:31.000000,0.000000e+00,1.663795e+07,1.180782e+02,7.337444e+06,1.730961e+02,3.384335e+06,,0.000000e+00,0.000000e+00
2013-12-11 23:37:32.000000,0.000000e+00,1.663795e+07,1.180775e+02,7.337488e+06,1.730961e+02,3.384311e+06,,0.000000e+00,0.000000e+00
2013-12-11 23:37:33.000000,0.000000e+00,1.663795e+07,1.180769e+02,7.337531e+06,1.730961e+02,3.384288e+06,,0.000000e+00,0.000000e+00
2013-12-11 23:37:34.000000,0.000000e+00,1.663795e+07,1.180762e+02,7.337575e+06,1.730961e+02,3.384264e+06,,0.000000e+00,0.000000e+00
2013-12-11 23:37:35.000000,0.000000e+00,1.663795e+07,1.180756e+02,7.337618e+06,1.730961e+02,3.384240e+06,,0.000000e+00,0.000000e+00
2013-12-11 23:37:36.000000,0.000000e+00,1.663795e+07,1.180749e+02,7.337662e+06,1.730961e+02,3.384216e+06,,0.000000e+00,0.000000e+00
2013-12-11 23:37:37.000000,0.000000e+00,1.663795e+07,1.180743e+02,7.337705e+06,1.730961e+02,3.384192e+06,,0.000000e+00,0.000000e+00
2013-12-11 23:37:38.000000,0.000000e+00,1.663795e+07,1.180736e+02,7.337749e+06,1.730961e+02,3.384169e+06,,0.000000e+00,0.000000e+00
2013-12-11 23:37:39.000000,0.000000e+00,1.663795e+07,1.180730e+02,7.337792e+06,1.730961e+02,3.384145e+06,,0.000000e+00,0.000000e+00
2013-12-11 23:37:40.000000,0.000000e+00,1.663795e+07,1.180723e+02,7.337836e+06,1.730961e+02,3.384121e+06,,0.000000e+00,0.000000e+00
2013-12-11 23:37:41.000000,0.000000e+00,1.663795e+07,1.180717e+02,7.337880e+06,1.730961e+02,3.384097e+06,,0.000000e+00,0.000000e+00
2013-12-11 23:37:42.000000,0.000000e+00,1.663795e+07,1.180710e+02,7.337923e+06,1.730961e+02,3.384073e+06,,0.000000e+00,0.000000e+00
2013-12-11 23:37:43.000000,0.000000e+00,1.663795e+07,1.180704e+02,7.337967e+06,1.730961e+02,3.384050e+06,,0.000000e+00,0.000000e+00
2013-12-11 23:37:44.000000,0.000000e+00,1.663795e+07,1.180697e+02,7.338010e+06,1.730961e+02,3.384026e+06,,0.000000e+00,0.000000e+00
2013-12-11 23:37:45.000000,0.000000e+00,1.663795e+07,1.180691e+02,7.338054e+06,1.730961e+02,3.384002e+06,,0.000000e+00,0.000000e+00
2013-12-11 23:37:46.000000,0.000000e+00,1.663795e+07,1.180684e+02,7.338097e+06,1.730961e+02,3.383978e+06,,0.000000e+00,0.000000e+00
2013-12-11 23:37:47.000000,0.000000e+00,1.663795e+07,1.180677e+02,7.338141e+06,1.730961e+02,3.383955e+06,,0.000000e+00,0.000000e+00
2013-12-11 23:37:48.000000,0.000000e+00,1.663795e+07,1.180671e+02,7.338184e+06,1.730961e+02,3.383931e+06,,0.000000e+00,0.000000e+00
2013-12-11 23:37:49.000000,0.000000e+00,1.663795e+07,1.180665e+02,7.338228e+06,1.730961e+02,3.383907e+06,,0.000000e+00,0.000000e+00
2013-12-11 23:37:50.000000,0.000000e+00,1.663795e+07,1.180658e+02,7.338271e+06,1.730961e+02,3.383883e+06,,0.000000e+00,0.000000e+00
2013-12-11 23:37:51.000000,0.000000e+00,1.663795e+07,1.180651e+02,7.338316e+06,1.730961e+02,3.383859e+06,,0.000000e+00,0.000000e+00
2013-12-11 23:37:52.000000,0.000000e+00,1.663795e+07,1.180645e+02,7.338359e+06,1.730961e+02,3.383836e+06,,0.000000e+00,0.000000e+00
2013-12-11 23:37:53.000000,0.000000e+00,1.663795e+07,1.180638e+02,7.338403e+06,1.730961e+02,3.383812e+06,,0.000000e+00,0.000000e+00
2013-12-11 23:37:54.000000,0.000000e+00,1.663795e+07,1.180632e+02,7.338446e+06,1.730961e+02,3.383788e+06,,0.000000e+00,0.000000e+00
2013-12-11 23:37:55.000000,0.000000e+00,1.663795e+07,1.180625e+02,7.338490e+06,1.730961e+02,3.383764e+06,,0.000000e+00,0.000000e+00
2013-12-11 23:37:56.000000,0.000000e+00,1.663795e+07,1.180619e+02,7.338533e+06,1.730961e+02,3.383740e+06,,0.000000e+00,0.000000e+00
2013-12-11 23:37:57.000000,0.000000e+00,1.663795e+07,1.180612e+02,7.338577e+06,1.730961e+02,3.383717e+06,,0.000000e+00,0.000000e+00
2013-12-11 23:37:58.000000,0.000000e+00,1.663795e+07,1.180606e+02,7.338620e+06,1.730961e+02,3.383693e+06,,0.000000e+00,0.000000e+00
2013-12-11 23:37:59.000000,0.000000e+00,1.663795e+07,1.180599e+02,7.338663e+06,1.730961e+02,3.383669e+06,,0.000000e+00,0.000000e+00
2013-12-11 23:38:00.000000,0.000000e+00,1.663795e+07,1.180593e+02,7.338707e+06,1.730961e+02,3.383645e+06,,0.000000e+00,0.000000e+00
2013-12-11 23:38:01.000000,0.000000e+00,1.663795e+07,1.180586e+02,7.338751e+06,1.730961e+02,3.383621e+06,,0.000000e+00,0.000000e+00
2013-12-11 23:38:02.000000,0.000000e+00,1.663795e+07,1.180580e+02,7.338795e+06,1.730961e+02,3.383598e+06,,0.000000e+00,0.000000e+00
2013-12-11 23:38:03.000000,0.000000e+00,1.663795e+07,1.180573e+02,7.338838e+06,1.730961e+02,3.383574e+06,,0.000000e+00,0.000000e+00
2013-12-11 23:38:04.000000,0.000000e+00,1.663795e+07,1.180567e+02,7.338882e+06,1.730961e+02,3.383550e+06,,0.000000e+00,0.000000e+00
2013-12-11 23:38:05.000000,0.000000e+00,1.663795e+07,1.180560e+02,7.338925e+06,1.730961e+02,3.383526e+06,,0.000000e+00,0.000000e+00
2013-12-11 23:38:06.000000,0.000000e+00,1.663795e+07,1.180554e+02,7.338969e+06,1.730961e+02,3.383502e+06,,0.000000e+00,0.000000e+00
2013-12-11 23:38:07.000000,0.000000e+00,1.663795e+07,1.180547e+02,7.339012e+06,1.730961e+02,3.383479e+06,,0.000000e+00,0.000000e+00
2013-12-11 23:38:08.000000,0.000000e+00,1.663795e+07,1.180541e+02,7.339056e+06,1.730961e+02,3.383455e+06,,0.000000e+00,0.000000e+00
2013-12-11 23:38:09.000000,0.000000e+00,1.663795e+07,1.180534e+02,7.339099e+06,1.730961e+02,3.383431e+06,,0.000000e+00,0.000000e+00
2013-12-11 23:38:10.000000,0.000000e+00,1.663795e+07,1.180528e+02,7.339143e+06,1.730961e+02,3.383407e+06,,0.000000e+00,0.000000e+00
2013-12-11 23:38:11.000000,0.000000e+00,1.663795e+07,1.180521e+02,7.339186e+06,1.730961e+02,3.383384e+06,,0.000000e+00,0.000000e+00
2013-12-11 23:38:12.000000,0.000000e+00,1.663795e+07,1.180515e+02,7.339230e+06,1.730961e+02,3.383360e+06,,0.000000e+00,0.000000e+00
2013-12-11 23:38:13.000000,0.000000e+00,1.663795e+07,1.180508e+02,7.339274e+06,1.730961e+02,3.383336e+06,,0.000000e+00,0.000000e+00
2013-12-11 23:38:14.000000,0.000000e+00,1.663795e+07,1.180502e+02,7.339317e+06,1.730961e+02,3.383312e+06,,0.000000e+00,0.000000e+00
2013-12-11 23:38:15.000000,0.000000e+00,1.663795e+07,1.180495e+02,7.339361e+06,1.730961e+02,3.383288e+06,,0.000000e+00,0.000000e+00
2013-12-11 23:38:16.000000,0.000000e+00,1.663795e+07,1.180489e+02,7.339404e+06,1.730961e+02,3.383265e+06,,0.000000e+00,0.000000e+00
2013-12-11 23:38:17.000000,0.000000e+00,1.663795e+07,1.180482e+02,7.339448e+06,1.730961e+02,3.383241e+06,,0.000000e+00,0.000000e+00
2013-12-11 23:38:18.000000,0.000000e+00,1.663795e+07,1.180476e+02,7.339491e+06,1.730961e+02,3.383217e+06,,0.000000e+00,0.000000e+00
2013-12-11 23:38:19.000000,0.000000e+00,1.663795e+07,1.180469e+02,7.339535e+06,1.730961e+02,3.383193e+06,,0.000000e+00,0.000000e+00
2013-12-11 23:38:20.000000,0.000000e+00,1.663795e+07,1.180463e+02,7.339578e+06,1.730961e+02,3.383169e+06,,0.000000e+00,0.000000e+00
2013-12-11 23:38:21.000000,0.000000e+00,1.663795e+07,1.180456e+02,7.339622e+06,1.730961e+02,3.383146e+06,,0.000000e+00,0.000000e+00
2013-12-11 23:38:22.000000,0.000000e+00,1.663795e+07,1.180450e+02,7.339666e+06,1.730961e+02,3.383121e+06,,0.000000e+00,0.000000e+00
2013-12-11 23:38:23.000000,0.000000e+00,1.663795e+07,1.180443e+02,7.339709e+06,1.730961e+02,3.383098e+06,,0.000000e+00,0.000000e+00
2013-12-11 23:38:24.000000,0.000000e+00,1.663795e+07,1.180437e+02,7.339753e+06,1.730961e+02,3.383074e+06,,0.000000e+00,0.000000e+00
2013-12-11 23:38:25.000000,0.000000e+00,1.663810e+07,1.180442e+02,7.339796e+06,1.730961e+02,3.383050e+06,,0.000000e+00,0.000000e+00
2013-12-11 23:38:26.000000,0.000000e+00,1.663825e+07,1.180448e+02,7.339840e+06,1.730961e+02,3.383027e+06,,0.000000e+00,0.000000e+00
2013-12-11 23:38:27.000000,0.000000e+00,1.663841e+07,1.180453e+02,7.339883e+06,1.730961e+02,3.383002e+06,,0.000000e+00,0.000000e+00
2013-12-11 23:38:28.000000,0.000000e+00,1.663856e+07,1.180459e+02,7.339927e+06,1.730961e+02,3.382979e+06,,0.000000e+00,0.000000e+00
2013-12-11 23:38:29.000000,0.000000e+00,1.663871e+07,1.180465e+02,7.339970e+06,1.730961e+02,3.382955e+06,,0.000000e+00,0.000000e+00
2013-12-11 23:38:30.000000,0.000000e+00,1.663887e+07,1.180470e+02,7.340014e+06,1.730961e+02,3.382931e+06,,0.000000e+00,0.000000e+00
2013-12-11 23:38:31.000000,0.000000e+00,1.663902e+07,1.180476e+02,7.340057e+06,1.730961e+02,3.382907e+06,,0.000000e+00,0.000000e+00
2013-12-11 23:38:32.000000,0.000000e+00,1.663917e+07,1.180481e+02,7.340102e+06,1.730961e+02,3.382884e+06,,0.000000e+00,0.000000e+00
2013-12-11 23:38:33.000000,0.000000e+00,1.663933e+07,1.180487e+02,7.340145e+06,1.730961e+02,3.382860e+06,,0.000000e+00,0.000000e+00
2013-12-11 23:38:34.000000,0.000000e+00,1.663948e+07,1.180492e+02,7.340189e+06,1.730961e+02,3.382836e+06,,0.000000e+00,0.000000e+00
2013-12-11 23:38:35.000000,0.000000e+00,1.663963e+07,1.180498e+02,7.340232e+06,1.730961e+02,3.382812e+06,,0.000000e+00,0.000000e+00
2013-12-11 23:38:36.000000,0.000000e+00,1.663979e+07,1.180504e+02,7.340276e+06,1.730961e+02,3.382788e+06,,0.000000e+00,0.000000e+00
2013-12-11 23:38:37.000000,0.000000e+00,1.663994e+07,1.180509e+02,7.340319e+06,1.730961e+02,3.382765e+06,,0.000000e+00,0.000000e+00
2013-12-11 23:38:38.000000,0.000000e+00,1.664009e+07,1.180515e+02,7.340363e+06,1.730961e+02,3.382741e+06,,0.000000e+00,0.000000e+00
2013-12-11 23:38:39.000000,0.000000e+00,1.664025e+07,1.180520e+02,7.340406e+06,1.730961e+02,3.382717e+06,,0.000000e+00,0.000000e+00
2013-12-11 23:38:40.000000,0.000000e+00,1.664040e+07,1.180526e+02,7.340450e+06,1.730961e+02,3.382693e+06,,0.000000e+00,0.000000e+00
2013-12-11 23:38:41.000000,0.000000e+00,1.664055e+07,1.180531e+02,7.340493e+06,1.730961e+02,3.382669e+06,,0.000000e+00,0.000000e+00
2013-12-11 23:38:42.000000,0.000000e+00,1.664071e+07,1.180537e+02,7.340536e+06,1.730961e+02,3.382646e+06,,0.000000e+00,0.000000e+00
2013-12-11 23:38:43.000000,0.000000e+00,1.664086e+07,1.180543e+02,7.340581e+06,1.730961e+02,3.382622e+06,,0.000000e+00,0.000000e+00
2013-12-11 23:38:44.000000,0.000000e+00,1.664101e+07,1.180548e+02,7.340624e+06,1.730961e+02,3.382598e+06,,0.000000e+00,0.000000e+00
2013-12-11 23:38:45.000000,0.000000e+00,1.664117e+07,1.180554e+02,7.340668e+06,1.730961e+02,3.382574e+06,,0.000000e+00,0.000000e+00
2013-12-11 23:38:46.000000,0.000000e+00,1.664132e+07,1.180559e+02,7.340711e+06,1.730961e+02,3.382550e+06,,0.000000e+00,0.000000e+00
2013-12-11 23:38:47.000000,0.000000e+00,1.664147e+07,1.180565e+02,7.340755e+06,1.730961e+02,3.382527e+06,,0.000000e+00,0.000000e+00
2013-12-11 23:38:48.000000,0.000000e+00,1.664163e+07,1.180571e+02,7.340798e+06,1.730961e+02,3.382503e+06,,0.000000e+00,0.000000e+00
2013-12-11 23:38:49.000000,0.000000e+00,1.664178e+07,1.180576e+02,7.340842e+06,1.730961e+02,3.382479e+06,,0.000000e+00,0.000000e+00
2013-12-11 23:38:50.000000,0.000000e+00,1.664194e+07,1.180582e+02,7.340885e+06,1.730961e+02,3.382455e+06,,0.000000e+00,0.000000e+00
2013-12-11 23:38:51.000000,0.000000e+00,1.664209e+07,1.180587e+02,7.340929e+06,1.730961e+02,3.382431e+06,,0.000000e+00,0.000000e+00
2013-12-11 23:38:52.000000,0.000000e+00,1.664224e+07,1.180593e+02,7.340972e+06,1.730961e+02,3.382408e+06,,0.000000e+00,0.000000e+00
2013-12-11 23:38:53.000000,0.000000e+00,1.664240e+07,1.180598e+02,7.341016e+06,1.730961e+02,3.382384e+06,,0.000000e+00,0.000000e+00
2013-12-11 23:38:54.000000,0.000000e+00,1.664255e+07,1.180604e+02,7.341060e+06,1.730961e+02,3.382360e+06,,0.000000e+00,0.000000e+00
2013-12-11 23:38:55.000000,0.000000e+00,1.664270e+07,1.180610e+02,7.341103e+06,1.730961e+02,3.382336e+06,,0.000000e+00,0.000000e+00
2013-12-11 23:38:56.000000,0.000000e+00,1.664286e+07,1.180615e+02,7.341147e+06,1.730961e+02,3.382313e+06,,0.000000e+00,0.000000e+00
2013-12-11 23:38:57.000000,0.000000e+00,1.664301e+07,1.180621e+02,7.341190e+06,1.730961e+02,3.382289e+06,,0.000000e+00,0.000000e+00
2013-12-11 23:38:58.000000,0.000000e+00,1.664316e+07,1.180626e+02,7.341234e+06,1.730961e+02,3.382265e+06,,0.000000e+00,0.000000e+00
2013-12-11 23:38:59.000000,0.000000e+00,1.664332e+07,1.180632e+02,7.341277e+06,1.730961e+02,3.382241e+06,,0.000000e+00,0.000000e+00
2013-12-11 23:39:00.000000,0.000000e+00,1.664347e+07,1.180638e+02,7.341321e+06,1.730961e+02,3.382217e+06,,0.000000e+00,0.000000e+00
2013-12-11 23:39:01.000000,0.000000e+00,1.664362e+07,1.180643e+02,7.341364e+06,1.730961e+02,3.382194e+06,,0.000000e+00,0.000000e+00
2013-12-11 23:39:02.000000,0.000000e+00,1.664378e+07,1.180649e+02,7.341408e+06,1.730961e+02,3.382170e+06,,0.000000e+00,0.000000e+00
2013-12-11 23:39:03.000000,0.000000e+00,1.664393e+07,1.180654e+02,7.341452e+06,1.730961e+02,3.382146e+06,,0.000000e+00,0.000000e+00
2013-12-11 23:39:04.000000,0.000000e+00,1.664408e+07,1.180660e+02,7.341496e+06,1.730961e+02,3.382122e+06,,0.000000e+00,0.000000e+00
2013-12-11 23:39:05.000000,0.000000e+00,1.664424e+07,1.180665e+02,7.341539e+06,1.730961e+02,3.382098e+06,,0.000000e+00,0.000000e+00
2013-12-11 23:39:06.000000,0.000000e+00,1.664439e+07,1.180671e+02,7.341582e+06,1.730961e+02,3.382075e+06,,0.000000e+00,0.000000e+00
2013-12-11 23:39:07.000000,0.000000e+00,1.664454e+07,1.180677e+02,7.341626e+06,1.730961e+02,3.382051e+06,,0.000000e+00,0.000000e+00
2013-12-11 23:39:08.000000,0.000000e+00,1.664470e+07,1.180682e+02,7.341669e+06,1.730961e+02,3.382027e+06,,0.000000e+00,0.000000e+00
2013-12-11 23:39:09.000000,0.000000e+00,1.664485e+07,1.180688e+02,7.341713e+06,1.730961e+02,3.382003e+06,,0.000000e+00,0.000000e+00
2013-12-11 23:39:10.000000,0.000000e+00,1.664500e+07,1.180693e+02,7.341756e+06,1.730961e+02,3.381979e+06,,0.000000e+00,0.000000e+00
2013-12-11 23:39:11.000000,0.000000e+00,1.664516e+07,1.180699e+02,7.341800e+06,1.730961e+02,3.381956e+06,,0.000000e+00,0.000000e+00
2013-12-11 23:39:12.000000,0.000000e+00,1.664531e+07,1.180704e+02,7.341843e+06,1.730961e+02,3.381932e+06,,0.000000e+00,0.000000e+00
2013-12-11 23:39:13.000000,0.000000e+00,1.664547e+07,1.180710e+02,7.341887e+06,1.730961e+02,3.381908e+06,,0.000000e+00,0.000000e+00
2013-12-11 23:39:14.000000,0.000000e+00,1.664562e+07,1.180716e+02,7.341931e+06,1.730961e+02,3.381884e+06,,0.000000e+00,0.000000e+00
2013-12-11 23:39:15.000000,0.000000e+00,1.664577e+07,1.180721e+02,7.341975e+06,1.730961e+02,3.381860e+06,,0.000000e+00,0.000000e+00
2013-12-11 23:39:16.000000,0.000000e+00,1.664593e+07,1.180727e+02,7.342018e+06,1.730961e+02,3.381837e+06,,0.000000e+00,0.000000e+00
2013-12-11 23:39:17.000000,0.000000e+00,1.664608e+07,1.180732e+02,7.342062e+06,1.730961e+02,3.381813e+06,,0.000000e+00,0.000000e+00
2013-12-11 23:39:18.000000,0.000000e+00,1.664623e+07,1.180738e+02,7.342105e+06,1.730961e+02,3.381789e+06,,0.000000e+00,0.000000e+00
2013-12-11 23:39:19.000000,0.000000e+00,1.664639e+07,1.180744e+02,7.342149e+06,1.730961e+02,3.381765e+06,,0.000000e+00,0.000000e+00
2013-12-11 23:39:20.000000,0.000000e+00,1.664654e+07,1.180749e+02,7.342192e+06,1.730961e+02,3.381742e+06,,0.000000e+00,0.000000e+00
2013-12-11 23:39:21.000000,0.000000e+00,1.664669e+07,1.180755e+02,7.342236e+06,1.730961e+02,3.381718e+06,,0.000000e+00,0.000000e+00
2013-12-11 23:39:22.000000,0.000000e+00,1.664685e+07,1.180760e+02,7.342279e+06,1.730961e+02,3.381694e+06,,0.000000e+00,0.000000e+00
2013-12-11 23:39:23.000000,0.000000e+00,1.664700e+07,1.180766e+02,7.342323e+06,1.730961e+02,3.381670e+06,,0.000000e+00,0.000000e+00
2013-12-11 23:39:24.000000,0.000000e+00,1.664715e+07,1.180771e+02,7.342367e+06,1.730961e+02,3.381646e+06,,0.000000e+00,0.000000e+00
2013-12-11 23:39:25.000000,0.000000e+00,1.664731e+07,1.180777e+02,7.342410e+06,1.730961e+02,3.381623e+06,,0.000000e+00,0.000000e+00
2013-12-11 23:39:26.000000,0.000000e+00,1.664746e+07,1.180783e+02,7.342454e+06,1.730961e+02,3.381599e+06,,0.000000e+00,0.000000e+00
2013-12-11 23:39:27.000000,0.000000e+00,1.664761e+07,1.180788e+02,7.342497e+06,1.730961e+02,3.381575e+06,,0.000000e+00,0.000000e+00
2013-12-11 23:39:28.000000,0.000000e+00,1.664777e+07,1.180794e+02,7.342541e+06,1.730961e+02,3.381551e+06,,0.000000e+00,0.000000e+00
2013-12-11 23:39:29.000000,0.000000e+00,1.664792e+07,1.180799e+02,7.342584e+06,1.730961e+02,3.381527e+06,,0.000000e+00,0.000000e+00
2013-12-11 23:39:30.000000,0.000000e+00,1.664807e+07,1.180805e+02,7.342628e+06,1.730961e+02,3.381504e+06,,0.000000e+00,0.000000e+00
2013-12-11 23:39:31.000000,0.000000e+00,1.664823e+07,1.180811e+02,7.342671e+06,1.730961e+02,3.381480e+06,,0.000000e+00,0.000000e+00
2013-12-11 23:39:32.000000,0.000000e+00,1.664838e+07,1.180816e+02,7.342715e+06,1.730961e+02,3.381456e+06,,0.000000e+00,0.000000e+00
2013-12-11 23:39:33.000000,0.000000e+00,1.664853e+07,1.180822e+02,7.342758e+06,1.730961e+02,3.381432e+06,,0.000000e+00,0.000000e+00
2013-12-11 23:39:34.000000,0.000000e+00,1.664869e+07,1.180827e+02,7.342802e+06,1.730961e+02,3.381408e+06,,0.000000e+00,0.000000e+00
2013-12-11 23:39:35.000000,0.000000e+00,1.664884e+07,1.180824e+02,7.342846e+06,1.730961e+02,3.381385e+06,,0.000000e+00,0.000000e+00
2013-12-11 23:39:36.000000,0.000000e+00,1.664899e+07,1.180821e+02,7.342889e+06,1.730961e+02,3.381361e+06,,0.000000e+00,0.000000e+00
2013-12-11 23:39:37.000000,0.000000e+00,1.664915e+07,1.180817e+02,7.342933e+06,1.730961e+02,3.381337e+06,,0.000000e+00,0.000000e+00
2013-12-11 23:39:38.000000,0.000000e+00,1.664930e+07,1.180814e+02,7.342976e+06,1.730961e+02,3.381313e+06,,0.000000e+00,0.000000e+00
2013-12-11 23:39:39.000000,0.000000e+00,1.664946e+07,1.180811e+02,7.343020e+06,1.730961e+02,3.381289e+06,,0.000000e+00,0.000000e+00
2013-12-11 23:39:40.000000,0.000000e+00,1.664961e+07,1.180808e+02,7.343063e+06,1.730961e+02,3.381266e+06,,0.000000e+00,0.000000e+00
2013-12-11 23:39:41.000000,0.000000e+00,1.664976e+07,1.180804e+02,7.343107e+06,1.730961e+02,3.381242e+06,,0.000000e+00,0.000000e+00
2013-12-11 23:39:42.000000,0.000000e+00,1.664991e+07,1.180801e+02,7.343150e+06,1.730961e+02,3.381218e+06,,0.000000e+00,0.000000e+00
2013-12-11 23:39:43.000000,0.000000e+00,1.665007e+07,1.180798e+02,7.343194e+06,1.730961e+02,3.381194e+06,,0.000000e+00,0.000000e+00
2013-12-11 23:39:44.000000,0.000000e+00,1.665022e+07,1.180795e+02,7.343237e+06,1.730961e+02,3.381171e+06,,0.000000e+00,0.000000e+00
2013-12-11 23:39:45.000000,0.000000e+00,1.665038e+07,1.180791e+02,7.343282e+06,1.730961e+02,3.381147e+06,,0.000000e+00,0.000000e+00
2013-12-11 23:39:46.000000,0.000000e+00,1.665053e+07,1.180788e+02,7.343325e+06,1.730961e+02,3.381123e+06,,0.000000e+00,0.000000e+00
2013-12-11 23:39:47.000000,0.000000e+00,1.665068e+07,1.180785e+02,7.343369e+06,1.730961e+02,3.381099e+06,,0.000000e+00,0.000000e+00
2013-12-11 23:39:48.000000,0.000000e+00,1.665084e+07,1.180782e+02,7.343412e+06,1.730961e+02,3.381075e+06,,0.000000e+00,0.000000e+00
2013-12-11 23:39:49.000000,0.000000e+00,1.665099e+07,1.180778e+02,7.343456e+06,1.730961e+02,3.381052e+06,,0.000000e+00,0.000000e+00
2013-12-11 23:39:50.000000,0.000000e+00,1.665114e+07,1.180775e+02,7.343499e+06,1.730961e+02,3.381028e+06,,0.000000e+00,0.000000e+00
2013-12-11 23:39:51.000000,0.000000e+00,1.665130e+07,1.180772e+02,7.343542e+06,1.730961e+02,3.381004e+06,,0.000000e+00,0.000000e+00
2013-12-11 23:39:52.000000,0.000000e+00,1.665145e+07,1.180769e+02,7.343586e+06,1.730961e+02,3.380980e+06,,0.000000e+00,0.000000e+00
2013-12-11 23:39:53.000000,0.000000e+00,1.665160e+07,1.180765e+02,7.343629e+06,1.730961e+02,3.380956e+06,,0.000000e+00,0.000000e+00
2013-12-11 23:39:54.000000,0.000000e+00,1.665176e+07,1.180762e+02,7.343673e+06,1.730961e+02,3.380933e+06,,0.000000e+00,0.000000e+00
2013-12-11 23:39:55.000000,0.000000e+00,1.665191e+07,1.180759e+02,7.343717e+06,1.730961e+02,3.380909e+06,,0.000000e+00,0.000000e+00
2013-12-11 23:39:56.000000,0.000000e+00,1.665206e+07,1.180756e+02,7.343761e+06,1.730961e+02,3.380885e+06,,0.000000e+00,0.000000e+00
2013-12-11 23:39:57.000000,0.000000e+00,1.665222e+07,1.180752e+02,7.343804e+06,1.730961e+02,3.380861e+06,,0.000000e+00,0.000000e+00
2013-12-11 23:39:58.000000,0.000000e+00,1.665237e+07,1.180749e+02,7.343848e+06,1.730961e+02,3.380837e+06,,0.000000e+00,0.000000e+00
2013-12-11 23:39:59.000000,0.000000e+00,1.665252e+07,1.180746e+02,7.343891e+06,1.730961e+02,3.380814e+06,,0.000000e+00,0.000000e+00
2013-12-11 23:40:00.000000,0.000000e+00,1.665268e+07,1.180743e+02,7.343935e+06,1.730961e+02,3.380790e+06,,0.000000e+00,0.000000e+00
2013-12-11 23:40:01.000000,0.000000e+00,1.665283e+07,1.180739e+02,7.343978e+06,1.730961e+02,3.380766e+06,,0.000000e+00,0.000000e+00
2013-12-11 23:40:02.000000,0.000000e+00,1.665298e+07,1.180736e+02,7.344022e+06,1.730961e+02,3.380742e+06,,0.000000e+00,0.000000e+00
2013-12-11 23:40:03.000000,0.000000e+00,1.665314e+07,1.180733e+02,7.344065e+06,1.730961e+02,3.380718e+06,,0.000000e+00,0.000000e+00
2013-12-11 23:40:04.000000,0.000000e+00,1.665329e+07,1.180730e+02,7.344109e+06,1.730961e+02,3.380695e+06,,0.000000e+00,0.000000e+00
2013-12-11 23:40:05.000000,0.000000e+00,1.665344e+07,1.180726e+02,7.344153e+06,1.730961e+02,3.380671e+06,,0.000000e+00,0.000000e+00
2013-12-11 23:40:06.000000,0.000000e+00,1.665360e+07,1.180723e+02,7.344196e+06,1.730961e+02,3.380647e+06,,0.000000e+00,0.000000e+00
2013-12-11 23:40:07.000000,0.000000e+00,1.665375e+07,1.180720e+02,7.344240e+06,1.730961e+02,3.380623e+06,,0.000000e+00,0.000000e+00
2013-12-11 23:40:08.000000,0.000000e+00,1.665390e+07,1.180717e+02,7.344283e+06,1.730961e+02,3.380599e+06,,0.000000e+00,0.000000e+00
2013-12-11 23:40:09.000000,0.000000e+00,1.665406e+07,1.180713e+02,7.344327e+06,1.730961e+02,3.380576e+06,,0.000000e+00,0.000000e+00
2013-12-11 23:40:10.000000,0.000000e+00,1.665421e+07,1.180710e+02,7.344370e+06,1.730961e+02,3.380552e+06,,0.000000e+00,0.000000e+00
2013-12-11 23:40:11.000000,0.000000e+00,1.665437e+07,1.180707e+02,7.344414e+06,1.730961e+02,3.380528e+06,,0.000000e+00,0.000000e+00
2013-12-11 23:40:12.000000,0.000000e+00,1.665452e+07,1.180704e+02,7.344457e+06,1.730961e+02,3.380504e+06,,0.000000e+00,0.000000e+00
2013-12-11 23:40:13.000000,0.000000e+00,1.665467e+07,1.180700e+02,7.344501e+06,1.730961e+02,3.380481e+06,,0.000000e+00,0.000000e+00
2013-12-11 23:40:14.000000,0.000000e+00,1.665483e+07,1.180697e+02,7.344544e+06,1.730961e+02,3.380457e+06,,0.000000e+00,0.000000e+00
2013-12-11 23:40:15.000000,0.000000e+00,1.665498e+07,1.180694e+02,7.344588e+06,1.730961e+02,3.380433e+06,,0.000000e+00,0.000000e+00
2013-12-11 23:40:16.000000,0.000000e+00,1.665513e+07,1.180691e+02,7.344632e+06,1.730961e+02,3.380409e+06,,0.000000e+00,0.000000e+00
2013-12-11 23:40:17.000000,0.000000e+00,1.665529e+07,1.180687e+02,7.344675e+06,1.730961e+02,3.380385e+06,,0.000000e+00,0.000000e+00
2013-12-11 23:40:18.000000,0.000000e+00,1.665544e+07,1.180684e+02,7.344719e+06,1.730961e+02,3.380362e+06,,0.000000e+00,0.000000e+00
2013-12-11 23:40:19.000000,0.000000e+00,1.665559e+07,1.180681e+02,7.344762e+06,1.730961e+02,3.380338e+06,,0.000000e+00,0.000000e+00
2013-12-11 23:40:20.000000,0.000000e+00,1.665575e+07,1.180677e+02,7.344806e+06,1.730961e+02,3.380314e+06,,0.000000e+00,0.000000e+00
2013-12-11 23:40:21.000000,0.000000e+00,1.665590e+07,1.180674e+02,7.344849e+06,1.730961e+02,3.380290e+06,,0.000000e+00,0.000000e+00
2013-12-11 23:40:22.000000,0.000000e+00,1.665605e+07,1.180671e+02,7.344893e+06,1.730961e+02,3.380266e+06,,0.000000e+00,0.000000e+00
2013-12-11 23:40:23.000000,0.000000e+00,1.665621e+07,1.180668e+02,7.344936e+06,1.730961e+02,3.380243e+06,,0.000000e+00,0.000000e+00
2013-12-11 23:40:24.000000,0.000000e+00,1.665636e+07,1.180665e+02,7.344980e+06,1.730961e+02,3.380219e+06,,0.000000e+00,0.000000e+00
2013-12-11 23:40:25.000000,0.000000e+00,1.665651e+07,1.180661e+02,7.345023e+06,1.730961e+02,3.380195e+06,,0.000000e+00,0.000000e+00
2013-12-11 23:40:26.000000,0.000000e+00,1.665667e+07,1.180658e+02,7.345068e+06,1.730961e+02,3.380171e+06,,0.000000e+00,0.000000e+00
2013-12-11 23:40:27.000000,0.000000e+00,1.665682e+07,1.180655e+02,7.345111e+06,1.730961e+02,3.380147e+06,,0.000000e+00,0.000000e+00
2013-12-11 23:40:28.000000,0.000000e+00,1.665697e+07,1.180651e+02,7.345155e+06,1.730961e+02,3.380124e+06,,0.000000e+00,0.000000e+00
2013-12-11 23:40:29.000000,0.000000e+00,1.665713e+07,1.180648e+02,7.345198e+06,1.730961e+02,3.380100e+06,,0.000000e+00,0.000000e+00
2013-12-11 23:40:30.000000,0.000000e+00,1.665728e+07,1.180645e+02,7.345242e+06,1.730961e+02,3.380076e+06,,0.000000e+00,0.000000e+00
2013-12-11 23:40:31.000000,0.000000e+00,1.665743e+07,1.180642e+02,7.345285e+06,1.730961e+02,3.380052e+06,,0.000000e+00,0.000000e+00
2013-12-11 23:40:32.000000,0.000000e+00,1.665759e+07,1.180638e+02,7.345329e+06,1.730961e+02,3.380028e+06,,0.000000e+00,0.000000e+00
2013-12-11 23:40:33.000000,0.000000e+00,1.665774e+07,1.180635e+02,7.345372e+06,1.730961e+02,3.380005e+06,,0.000000e+00,0.000000e+00
2013-12-11 23:40:34.000000,0.000000e+00,1.665789e+07,1.180632e+02,7.345415e+06,1.730961e+02,3.379981e+06,,0.000000e+00,0.000000e+00
2013-12-11 23:40:35.000000,0.000000e+00,1.665756e+07,1.180629e+02,7.345459e+06,1.730961e+02,3.379957e+06,,0.000000e+00,0.000000e+00
2013-12-11 23:40:36.000000,0.000000e+00,1.665723e+07,1.180625e+02,7.345503e+06,1.730961e+02,3.379933e+06,,0.000000e+00,0.000000e+00
2013-12-11 23:40:37.000000,0.000000e+00,1.665690e+07,1.180622e+02,7.345547e+06,1.730961e+02,3.379910e+06,,0.000000e+00,0.000000e+00
2013-12-11 23:40:38.000000,0.000000e+00,1.665656e+07,1.180619e+02,7.345590e+06,1.730961e+02,3.379885e+06,,0.000000e+00,0.000000e+00
2013-12-11 23:40:39.000000,0.000000e+00,1.665623e+07,1.180616e+02,7.345634e+06,1.730961e+02,3.379862e+06,,0.000000e+00,0.000000e+00
2013-12-11 23:40:40.000000,0.000000e+00,1.665590e+07,1.180612e+02,7.345677e+06,1.730961e+02,3.379838e+06,,0.000000e+00,0.000000e+00
2013-12-11 23:40:41.000000,0.000000e+00,1.665557e+07,1.180609e+02,7.345721e+06,1.730961e+02,3.379814e+06,,0.000000e+00,0.000000e+00
2013-12-11 23:40:42.000000,0.000000e+00,1.665524e+07,1.180606e+02,7.344531e+06,1.730961e+02,3.379790e+06,,0.000000e+00,0.000000e+00
2013-12-11 23:40:43.000000,0.000000e+00,1.665490e+07,1.180603e+02,7.343342e+06,1.730961e+02,3.379766e+06,,0.000000e+00,0.000000e+00
2013-12-11 23:40:44.000000,0.000000e+00,1.665457e+07,1.180599e+02,7.342153e+06,1.730961e+02,3.379743e+06,,0.000000e+00,0.000000e+00
2013-12-11 23:40:45.000000,0.000000e+00,1.665424e+07,1.180596e+02,7.340964e+06,1.730961e+02,3.379719e+06,,0.000000e+00,0.000000e+00
2013-12-11 23:40:46.000000,0.000000e+00,1.665390e+07,1.180593e+02,7.339774e+06,1.730961e+02,3.379695e+06,,0.000000e+00,0.000000e+00
2013-12-11 23:40:47.000000,0.000000e+00,1.665357e+07,1.180590e+02,7.338585e+06,1.730961e+02,3.379671e+06,,0.000000e+00,0.000000e+00
2013-12-11 23:40:48.000000,0.000000e+00,1.665324e+07,1.180586e+02,7.337396e+06,1.730961e+02,3.379647e+06,,0.000000e+00,0.000000e+00
2013-12-11 23:40:49.000000,0.000000e+00,1.665291e+07,1.180583e+02,7.336207e+06,1.730961e+02,3.379624e+06,,0.000000e+00,0.000000e+00
2013-12-11 23:40:50.000000,0.000000e+00,1.665258e+07,1.180580e+02,7.335017e+06,1.730961e+02,3.379600e+06,,0.000000e+00,0.000000e+00
2013-12-11 23:40:51.000000,0.000000e+00,1.665224e+07,1.180577e+02,7.333828e+06,1.730961e+02,3.379576e+06,,0.000000e+00,0.000000e+00
2013-12-11 23:40:52.000000,0.000000e+00,1.665191e+07,1.180573e+02,7.332639e+06,1.730961e+02,3.379552e+06,,0.000000e+00,0.000000e+00
2013-12-11 23:40:53.000000,0.000000e+00,1.665158e+07,1.180570e+02,7.331450e+06,1.730961e+02,3.379529e+06,,0.000000e+00,0.000000e+00
2013-12-11 23:40:54.000000,0.000000e+00,1.665125e+07,1.180567e+02,7.330260e+06,1.730961e+02,3.379505e+06,,0.000000e+00,0.000000e+00
2013-12-11 23:40:55.000000,0.000000e+00,1.665091e+07,1.180564e+02,7.329071e+06,1.730961e+02,3.379481e+06,,0.000000e+00,0.000000e+00
2013-12-11 23:40:56.000000,0.000000e+00,1.665058e+07,1.180560e+02,7.327882e+06,1.730961e+02,3.379457e+06,,0.000000e+00,0.000000e+00
2013-12-11 23:40:57.000000,0.000000e+00,1.665025e+07,1.180557e+02,7.326693e+06,1.730961e+02,3.379433e+06,,0.000000e+00,0.000000e+00
2013-12-11 23:40:58.000000,0.000000e+00,1.664991e+07,1.180554e+02,7.325504e+06,1.730961e+02,3.379410e+06,,0.000000e+00,0.000000e+00
2013-12-11 23:40:59.000000,0.000000e+00,1.664958e+07,1.180551e+02,7.324314e+06,1.730961e+02,3.379386e+06,,0.000000e+00,0.000000e+00
2013-12-11 23:41:00.000000,0.000000e+00,1.664925e+07,1.180547e+02,7.323125e+06,1.730961e+02,3.379362e+06,,0.000000e+00,0.000000e+00
2013-12-11 23:41:01.000000,0.000000e+00,1.664892e+07,1.180544e+02,7.321935e+06,1.730961e+02,3.379338e+06,,0.000000e+00,0.000000e+00
2013-12-11 23:41:02.000000,0.000000e+00,1.664859e+07,1.180541e+02,7.320747e+06,1.730961e+02,3.379314e+06,,0.000000e+00,0.000000e+00
2013-12-11 23:41:03.000000,0.000000e+00,1.664825e+07,1.180538e+02,7.319557e+06,1.730961e+02,3.379291e+06,,0.000000e+00,0.000000e+00
2013-12-11 23:41:04.000000,0.000000e+00,1.664792e+07,1.180534e+02,7.318368e+06,1.730961e+02,3.379267e+06,,0.000000e+00,0.000000e+00
2013-12-11 23:41:05.000000,0.000000e+00,1.664759e+07,1.180531e+02,7.317178e+06,1.730961e+02,3.379243e+06,,0.000000e+00,0.000000e+00
2013-12-11 23:41:06.000000,0.000000e+00,1.664725e+07,1.180528e+02,7.315990e+06,1.730961e+02,3.379219e+06,,0.000000e+00,0.000000e+00
2013-12-11 23:41:07.000000,0.000000e+00,1.664692e+07,1.180525e+02,7.314800e+06,1.730961e+02,3.379195e+06,,0.000000e+00,0.000000e+00
2013-12-11 23:41:08.000000,0.000000e+00,1.664659e+07,1.180521e+02,7.313611e+06,1.730961e+02,3.379172e+06,,0.000000e+00,0.000000e+00
2013-12-11 23:41:09.000000,0.000000e+00,1.664626e+07,1.180518e+02,7.312421e+06,1.730961e+02,3.379148e+06,,0.000000e+00,0.000000e+00
2013-12-11 23:41:10.000000,0.000000e+00,1.664593e+07,1.180515e+02,7.311232e+06,1.730961e+02,3.379124e+06,,0.000000e+00,0.000000e+00
2013-12-11 23:41:11.000000,0.000000e+00,1.664559e+07,1.180511e+02,7.310043e+06,1.730961e+02,3.379100e+06,,0.000000e+00,0.000000e+00
2013-12-11 23:41:12.000000,0.000000e+00,1.664526e+07,1.180508e+02,7.308854e+06,1.730961e+02,3.379076e+06,,0.000000e+00,0.000000e+00
2013-12-11 23:41:13.000000,0.000000e+00,1.664493e+07,1.180505e+02,7.307664e+06,1.730961e+02,3.379053e+06,,0.000000e+00,0.000000e+00
2013-12-11 23:41:14.000000,0.000000e+00,1.664460e+07,1.180502e+02,7.306475e+06,1.730961e+02,3.379029e+06,,0.000000e+00,0.000000e+00
2013-12-11 23:41:15.000000,0.000000e+00,1.664426e+07,1.180499e+02,7.305286e+06,1.730961e+02,3.379005e+06,,0.000000e+00,0.000000e+00
2013-12-11 23:41:16.000000,0.000000e+00,1.664393e+07,1.180495e+02,7.304097e+06,1.730961e+02,3.378981e+06,,0.000000e+00,0.000000e+00
2013-12-11 23:41:17.000000,0.000000e+00,1.664360e+07,1.180492e+02,7.302908e+06,1.730961e+02,3.378957e+06,,0.000000e+00,0.000000e+00
2013-12-11 23:41:18.000000,0.000000e+00,1.664326e+07,1.180489e+02,7.301718e+06,1.730961e+02,3.378934e+06,,0.000000e+00,0.000000e+00
2013-12-11 23:41:19.000000,0.000000e+00,1.664293e+07,1.180485e+02,7.300529e+06,1.730961e+02,3.378910e+06,,0.000000e+00,0.000000e+00
2013-12-11 23:41:20.000000,0.000000e+00,1.664260e+07,1.180482e+02,7.299340e+06,1.730961e+02,3.378886e+06,,0.000000e+00,0.000000e+00
2013-12-11 23:41:21.000000,0.000000e+00,1.664227e+07,1.180479e+02,7.298151e+06,1.730961e+02,3.378862e+06,,0.000000e+00,0.000000e+00
2013-12-11 23:41:22.000000,0.000000e+00,1.664194e+07,1.180476e+02,7.296961e+06,1.730961e+02,3.378839e+06,,0.000000e+00,0.000000e+00
2013-12-11 23:41:23.000000,0.000000e+00,1.664160e+07,1.180472e+02,7.295772e+06,1.730961e+02,3.378815e+06,,0.000000e+00,0.000000e+00
2013-12-11 23:41:24.000000,0.000000e+00,1.664127e+07,1.180469e+02,7.294582e+06,1.730961e+02,3.378791e+06,,0.000000e+00,0.000000e+00
2013-12-11 23:41:25.000000,0.000000e+00,1.664094e+07,1.180466e+02,7.293394e+06,1.730961e+02,3.378767e+06,,0.000000e+00,0.000000e+00
2013-12-11 23:41:26.000000,0.000000e+00,1.664061e+07,1.180463e+02,7.292204e+06,1.730961e+02,3.378743e+06,,0.000000e+00,0.000000e+00
2013-12-11 23:41:27.000000,0.000000e+00,1.664027e+07,1.180459e+02,7.291015e+06,1.730961e+02,3.378720e+06,,0.000000e+00,0.000000e+00
2013-12-11 23:41:28.000000,0.000000e+00,1.663994e+07,1.180456e+02,7.289825e+06,1.730961e+02,3.378696e+06,,0.000000e+00,0.000000e+00
2013-12-11 23:41:29.000000,0.000000e+00,1.663961e+07,1.180453e+02,7.288637e+06,1.730961e+02,3.378672e+06,,0.000000e+00,0.000000e+00
2013-12-11 23:41:30.000000,0.000000e+00,1.663928e+07,1.180450e+02,7.287447e+06,1.730961e+02,3.378648e+06,,0.000000e+00,0.000000e+00
2013-12-11 23:41:31.000000,0.000000e+00,1.663894e+07,1.180446e+02,7.286258e+06,1.730961e+02,3.378624e+06,,0.000000e+00,0.000000e+00
2013-12-11 23:41:32.000000,0.000000e+00,1.663861e+07,1.180443e+02,7.285069e+06,1.730961e+02,3.378601e+06,,0.000000e+00,0.000000e+00
2013-12-11 23:41:33.000000,0.000000e+00,1.663828e+07,1.180440e+02,7.283879e+06,1.730961e+02,3.378577e+06,,0.000000e+00,0.000000e+00
2013-12-11 23:41:34.000000,0.000000e+00,1.663795e+07,1.180437e+02,7.282690e+06,1.730961e+02,3.378553e+06,,0.000000e+00,0.000000e+00
2013-12-11 23:41:35.000000,0.000000e+00,1.663795e+07,1.180439e+02,7.281501e+06,1.730961e+02,3.378529e+06,,0.000000e+00,0.000000e+00
2013-12-11 23:41:36.000000,0.000000e+00,1.663795e+07,1.180441e+02,7.280312e+06,1.730961e+02,3.378505e+06,,0.000000e+00,0.000000e+00
2013-12-11 23:41:37.000000,0.000000e+00,1.663795e+07,1.180443e+02,7.279122e+06,1.730961e+02,3.378482e+06,,0.000000e+00,0.000000e+00
2013-12-11 23:41:38.000000,0.000000e+00,1.663795e+07,1.180445e+02,7.277934e+06,1.730961e+02,3.378458e+06,,0.000000e+00,0.000000e+00
2013-12-11 23:41:39.000000,0.000000e+00,1.663795e+07,1.180447e+02,7.276744e+06,1.730961e+02,3.378434e+06,,0.000000e+00,0.000000e+00
2013-12-11 23:41:40.000000,0.000000e+00,1.663795e+07,1.180450e+02,7.275555e+06,1.730961e+02,3.378410e+06,,0.000000e+00,0.000000e+00
2013-12-11 23:41:41.000000,0.000000e+00,1.663795e+07,1.180452e+02,7.276941e+06,1.730961e+02,3.378386e+06,,0.000000e+00,0.000000e+00
2013-12-11 23:41:42.000000,0.000000e+00,1.663795e+07,1.180454e+02,7.278328e+06,1.730961e+02,3.378363e+06,,0.000000e+00,0.000000e+00
2013-12-11 23:41:43.000000,0.000000e+00,1.663795e+07,1.180456e+02,7.279714e+06,1.730961e+02,3.378339e+06,,0.000000e+00,0.000000e+00
2013-12-11 23:41:44.000000,0.000000e+00,1.663795e+07,1.180458e+02,7.281100e+06,1.730961e+02,3.378315e+06,,0.000000e+00,0.000000e+00
2013-12-11 23:41:45.000000,0.000000e+00,1.663795e+07,1.180461e+02,7.282487e+06,1.730961e+02,3.378291e+06,,0.000000e+00,0.000000e+00
2013-12-11 23:41:46.000000,0.000000e+00,1.663795e+07,1.180463e+02,7.283873e+06,1.730961e+02,3.378268e+06,,0.000000e+00,0.000000e+00
2013-12-11 23:41:47.000000,0.000000e+00,1.663795e+07,1.180465e+02,7.285260e+06,1.730961e+02,3.378244e+06,,0.000000e+00,0.000000e+00
2013-12-11 23:41:48.000000,0.000000e+00,1.663795e+07,1.180467e+02,7.286646e+06,1.730961e+02,3.378220e+06,,0.000000e+00,0.000000e+00
2013-12-11 23:41:49.000000,0.000000e+00,1.663795e+07,1.180469e+02,7.288033e+06,1.730961e+02,3.378196e+06,,0.000000e+00,0.000000e+00
2013-12-11 23:41:50.000000,0.000000e+00,1.663795e+07,1.180471e+02,7.289420e+06,1.730961e+02,3.378172e+06,,0.000000e+00,0.000000e+00
2013-12-11 23:41:51.000000,0.000000e+00,1.663795e+07,1.180474e+02,7.290806e+06,1.730961e+02,3.378149e+06,,0.000000e+00,0.000000e+00
2013-12-11 23:41:52.000000,0.000000e+00,1.663795e+07,1.180476e+02,7.292192e+06,1.730961e+02,3.378125e+06,,0.000000e+00,0.000000e+00
2013-12-11 23:41:53.000000,0.000000e+00,1.663795e+07,1.180478e+02,7.293578e+06,1.730961e+02,3.378101e+06,,0.000000e+00,0.000000e+00
2013-12-11 23:41:54.000000,0.000000e+00,1.663795e+07,1.180480e+02,7.294965e+06,1.730961e+02,3.378077e+06,,0.000000e+00,0.000000e+00
2013-12-11 23:41:55.000000,0.000000e+00,1.663795e+07,1.180482e+02,7.296352e+06,1.730961e+02,3.378053e+06,,0.000000e+00,0.000000e+00
2013-12-11 23:41:56.000000,0.000000e+00,1.663795e+07,1.180484e+02,7.297738e+06,1.730961e+02,3.378030e+06,,0.000000e+00,0.000000e+00
2013-12-11 23:41:57.000000,0.000000e+00,1.663795e+07,1.180487e+02,7.299124e+06,1.730961e+02,3.378006e+06,,0.000000e+00,0.000000e+00
2013-12-11 23:41:58.000000,0.000000e+00,1.663795e+07,1.180489e+02,7.300511e+06,1.730961e+02,3.377982e+06,,0.000000e+00,0.000000e+00
2013-12-11 23:41:59.000000,0.000000e+00,1.663795e+07,1.180491e+02,7.301897e+06,1.730961e+02,3.377958e+06,,0.000000e+00,0.000000e+00
2013-12-11 23:42:00.000000,0.000000e+00,1.663795e+07,1.180493e+02,7.303284e+06,1.730961e+02,3.377934e+06,,0.000000e+00,0.000000e+00
2013-12-11 23:42:01.000000,0.000000e+00,1.663795e+07,1.180495e+02,7.304670e+06,1.730961e+02,3.377911e+06,,0.000000e+00,0.000000e+00
2013-12-11 23:42:02.000000,0.000000e+00,1.663795e+07,1.180497e+02,7.306056e+06,1.730961e+02,3.377887e+06,,0.000000e+00,0.000000e+00
2013-12-11 23:42:03.000000,0.000000e+00,1.663795e+07,1.180500e+02,7.307443e+06,1.730961e+02,3.377863e+06,,0.000000e+00,0.000000e+00
2013-12-11 23:42:04.000000,0.000000e+00,1.663795e+07,1.180502e+02,7.308829e+06,1.730961e+02,3.377839e+06,,0.000000e+00,0.000000e+00
2013-12-11 23:42:05.000000,0.000000e+00,1.663795e+07,1.180504e+02,7.310216e+06,1.730961e+02,3.377815e+06,,0.000000e+00,0.000000e+00
2013-12-11 23:42:06.000000,0.000000e+00,1.663795e+07,1.180506e+02,7.311603e+06,1.730961e+02,3.377792e+06,,0.000000e+00,0.000000e+00
2013-12-11 23:42:07.000000,0.000000e+00,1.663795e+07,1.180508e+02,7.312989e+06,1.730961e+02,3.377768e+06,,0.000000e+00,0.000000e+00
2013-12-11 23:42:08.000000,0.000000e+00,1.663795e+07,1.180510e+02,7.314375e+06,1.730961e+02,3.377744e+06,,0.000000e+00,0.000000e+00
2013-12-11 23:42:09.000000,0.000000e+00,1.663795e+07,1.180513e+02,7.315762e+06,1.730961e+02,3.377720e+06,,0.000000e+00,0.000000e+00
2013-12-11 23:42:10.000000,0.000000e+00,1.663795e+07,1.180515e+02,7.317148e+06,1.730961e+02,3.377697e+06,,0.000000e+00,0.000000e+00
2013-12-11 23:42:11.000000,0.000000e+00,1.663795e+07,1.180517e+02,7.318535e+06,1.730961e+02,3.377673e+06,,0.000000e+00,0.000000e+00
2013-12-11 23:42:12.000000,0.000000e+00,1.663795e+07,1.180519e+02,7.319921e+06,1.730961e+02,3.377649e+06,,0.000000e+00,0.000000e+00
2013-12-11 23:42:13.000000,0.000000e+00,1.663795e+07,1.180521e+02,7.321307e+06,1.730961e+02,3.377625e+06,,0.000000e+00,0.000000e+00
2013-12-11 23:42:14.000000,0.000000e+00,1.663795e+07,1.180523e+02,7.322694e+06,1.730961e+02,3.377601e+06,,0.000000e+00,0.000000e+00
2013-12-11 23:42:15.000000,0.000000e+00,1.663795e+07,1.180526e+02,7.324081e+06,1.730961e+02,3.377578e+06,,0.000000e+00,0.000000e+00
2013-12-11 23:42:16.000000,0.000000e+00,1.663795e+07,1.180528e+02,7.325467e+06,1.730961e+02,3.377554e+06,,0.000000e+00,0.000000e+00
2013-12-11 23:42:17.000000,0.000000e+00,1.663795e+07,1.180530e+02,7.326853e+06,1.730961e+02,3.377530e+06,,0.000000e+00,0.000000e+00
2013-12-11 23:42:18.000000,0.000000e+00,1.663795e+07,1.180532e+02,7.328239e+06,1.730961e+02,3.377506e+06,,0.000000e+00,0.000000e+00
2013-12-11 23:42:19.000000,0.000000e+00,1.663795e+07,1.180534e+02,7.329626e+06,1.730961e+02,3.377482e+06,,0.000000e+00,0.000000e+00
2013-12-11 23:42:20.000000,0.000000e+00,1.663795e+07,1.180536e+02,7.331013e+06,1.730961e+02,3.377459e+06,,0.000000e+00,0.000000e+00
2013-12-11 23:42:21.000000,0.000000e+00,1.663795e+07,1.180539e+02,7.332399e+06,1.730961e+02,3.377435e+06,,0.000000e+00,0.000000e+00
2013-12-11 23:42:22.000000,0.000000e+00,1.663795e+07,1.180541e+02,7.333786e+06,1.730961e+02,3.377411e+06,,0.000000e+00,0.000000e+00
2013-12-11 23:42:23.000000,0.000000e+00,1.663795e+07,1.180543e+02,7.335172e+06,1.730961e+02,3.377387e+06,,0.000000e+00,0.000000e+00
2013-12-11 23:42:24.000000,0.000000e+00,1.663795e+07,1.180545e+02,7.336559e+06,1.730961e+02,3.377363e+06,,0.000000e+00,0.000000e+00
2013-12-11 23:42:25.000000,0.000000e+00,1.663795e+07,1.180547e+02,7.337945e+06,1.730961e+02,3.377340e+06,,0.000000e+00,0.000000e+00
2013-12-11 23:42:26.000000,0.000000e+00,1.663795e+07,1.180549e+02,7.339331e+06,1.730961e+02,3.377316e+06,,0.000000e+00,0.000000e+00
2013-12-11 23:42:27.000000,0.000000e+00,1.663795e+07,1.180552e+02,7.340718e+06,1.730961e+02,3.377292e+06,,0.000000e+00,0.000000e+00
2013-12-11 23:42:28.000000,0.000000e+00,1.663795e+07,1.180554e+02,7.342104e+06,1.730961e+02,3.377268e+06,,0.000000e+00,0.000000e+00
2013-12-11 23:42:29.000000,0.000000e+00,1.663795e+07,1.180556e+02,7.343491e+06,1.730961e+02,3.377244e+06,,0.000000e+00,0.000000e+00
2013-12-11 23:42:30.000000,0.000000e+00,1.663795e+07,1.180558e+02,7.344878e+06,1.730961e+02,3.377221e+06,,0.000000e+00,0.000000e+00
2013-12-11 23:42:31.000000,0.000000e+00,1.663795e+07,1.180560e+02,7.346264e+06,1.730961e+02,3.377197e+06,,0.000000e+00,0.000000e+00
2013-12-11 23:42:32.000000,0.000000e+00,1.663795e+07,1.180563e+02,7.347650e+06,1.730961e+02,3.377173e+06,,0.000000e+00,0.000000e+00
2013-12-11 23:42:33.000000,0.000000e+00,1.663795e+07,1.180565e+02,7.349036e+06,1.730961e+02,3.377149e+06,,0.000000e+00,0.000000e+00
2013-12-11 23:42:34.000000,0.000000e+00,1.663795e+07,1.180567e+02,7.350423e+06,1.730961e+02,3.377125e+06,,0.000000e+00,0.000000e+00
2013-12-11 23:42:35.000000,0.000000e+00,1.663795e+07,1.180569e+02,7.351810e+06,1.730961e+02,3.377102e+06,,0.000000e+00,0.000000e+00
2013-12-11 23:42:36.000000,0.000000e+00,1.663795e+07,1.180571e+02,7.353196e+06,1.730961e+02,3.377078e+06,,0.000000e+00,0.000000e+00
2013-12-11 23:42:37.000000,0.000000e+00,1.663795e+07,1.180573e+02,7.354582e+06,1.730961e+02,3.377054e+06,,0.000000e+00,0.000000e+00
2013-12-11 23:42:38.000000,0.000000e+00,1.663795e+07,1.180575e+02,7.355969e+06,1.730961e+02,3.377030e+06,,0.000000e+00,0.000000e+00
2013-12-11 23:42:39.000000,0.000000e+00,1.663795e+07,1.180578e+02,7.357355e+06,1.730961e+02,3.377007e+06,,0.000000e+00,0.000000e+00
2013-12-11 23:42:40.000000,0.000000e+00,1.663795e+07,1.180580e+02,7.358742e+06,1.730961e+02,3.376982e+06,,0.000000e+00,0.000000e+00
2013-12-11 23:42:41.000000,0.000000e+00,1.663795e+07,1.180582e+02,7.358445e+06,1.730961e+02,3.376959e+06,,0.000000e+00,0.000000e+00
2013-12-11 23:42:42.000000,0.000000e+00,1.663795e+07,1.180584e+02,7.358148e+06,1.730961e+02,3.376935e+06,,0.000000e+00,0.000000e+00
2013-12-11 23:42:43.000000,0.000000e+00,1.663795e+07,1.180586e+02,7.357852e+06,1.730961e+02,3.376911e+06,,0.000000e+00,0.000000e+00
2013-12-11 23:42:44.000000,0.000000e+00,1.663795e+07,1.180589e+02,7.357555e+06,1.730961e+02,3.376888e+06,,0.000000e+00,0.000000e+00
2013-12-11 23:42:45.000000,0.000000e+00,1.663795e+07,1.180591e+02,7.357259e+06,1.730961e+02,3.376863e+06,,0.000000e+00,0.000000e+00
2013-12-11 23:42:46.000000,0.000000e+00,1.663795e+07,1.180593e+02,7.356962e+06,1.730961e+02,3.376840e+06,,0.000000e+00,0.000000e+00
2013-12-11 23:42:47.000000,0.000000e+00,1.663795e+07,1.180595e+02,7.356666e+06,1.730961e+02,3.376816e+06,,0.000000e+00,0.000000e+00
2013-12-11 23:42:48.000000,0.000000e+00,1.663795e+07,1.180597e+02,7.356369e+06,1.730961e+02,3.376792e+06,,0.000000e+00,0.000000e+00
2013-12-11 23:42:49.000000,0.000000e+00,1.663795e+07,1.180599e+02,7.356072e+06,1.730961e+02,3.376768e+06,,0.000000e+00,0.000000e+00
2013-12-11 23:42:50.000000,0.000000e+00,1.663795e+07,1.180602e+02,7.355775e+06,1.730961e+02,3.376744e+06,,0.000000e+00,0.000000e+00
2013-12-11 23:42:51.000000,0.000000e+00,1.663795e+07,1.180604e+02,7.355479e+06,1.730961e+02,3.376721e+06,,0.000000e+00,0.000000e+00
2013-12-11 23:42:52.000000,0.000000e+00,1.663795e+07,1.180606e+02,7.355183e+06,1.730961e+02,3.376697e+06,,0.000000e+00,0.000000e+00
2013-12-11 23:42:53.000000,0.000000e+00,1.663795e+07,1.180608e+02,7.354886e+06,1.730961e+02,3.376673e+06,,0.000000e+00,0.000000e+00
2013-12-11 23:42:54.000000,0.000000e+00,1.663795e+07,1.180610e+02,7.354589e+06,1.730961e+02,3.376649e+06,,0.000000e+00,0.000000e+00
2013-12-11 23:42:55.000000,0.000000e+00,1.663795e+07,1.180612e+02,7.354292e+06,1.730961e+02,3.376626e+06,,0.000000e+00,0.000000e+00
2013-12-11 23:42:56.000000,0.000000e+00,1.663795e+07,1.180615e+02,7.353996e+06,1.730961e+02,3.376602e+06,,0.000000e+00,0.000000e+00
2013-12-11 23:42:57.000000,0.000000e+00,1.663795e+07,1.180617e+02,7.353699e+06,1.730961e+02,3.376578e+06,,0.000000e+00,0.000000e+00
2013-12-11 23:42:58.000000,0.000000e+00,1.663795e+07,1.180619e+02,7.353403e+06,1.730961e+02,3.376554e+06,,0.000000e+00,0.000000e+00
2013-12-11 23:42:59.000000,0.000000e+00,1.663795e+07,1.180621e+02,7.353106e+06,1.730961e+02,3.376530e+06,,0.000000e+00,0.000000e+00
2013-12-11 23:43:00.000000,0.000000e+00,1.663795e+07,1.180623e+02,7.352810e+06,1.730961e+02,3.376507e+06,,0.000000e+00,0.000000e+00
2013-12-11 23:43:01.000000,0.000000e+00,1.663795e+07,1.180625e+02,7.352513e+06,1.730961e+02,3.376483e+06,,0.000000e+00,0.000000e+00
2013-12-11 23:43:02.000000,0.000000e+00,1.663795e+07,1.180628e+02,7.352216e+06,1.730961e+02,3.376459e+06,,0.000000e+00,0.000000e+00
2013-12-11 23:43:03.000000,0.000000e+00,1.663795e+07,1.180630e+02,7.351920e+06,1.730961e+02,3.376435e+06,,0.000000e+00,0.000000e+00
2013-12-11 23:43:04.000000,0.000000e+00,1.663795e+07,1.180632e+02,7.351624e+06,1.730961e+02,3.376411e+06,,0.000000e+00,0.000000e+00
2013-12-11 23:43:05.000000,0.000000e+00,1.663795e+07,1.180634e+02,7.351327e+06,1.730961e+02,3.376388e+06,,0.000000e+00,0.000000e+00
2013-12-11 23:43:06.000000,0.000000e+00,1.663795e+07,1.180636e+02,7.351030e+06,1.730961e+02,3.376364e+06,,0.000000e+00,0.000000e+00
2013-12-11 23:43:07.000000,0.000000e+00,1.663795e+07,1.180638e+02,7.350733e+06,1.730961e+02,3.376340e+06,,0.000000e+00,0.000000e+00
2013-12-11 23:43:08.000000,0.000000e+00,1.663795e+07,1.180641e+02,7.350436e+06,1.730961e+02,3.376316e+06,,0.000000e+00,0.000000e+00
2013-12-11 23:43:09.000000,0.000000e+00,1.663795e+07,1.180643e+02,7.350140e+06,1.730961e+02,3.376292e+06,,0.000000e+00,0.000000e+00
2013-12-11 23:43:10.000000,0.000000e+00,1.663795e+07,1.180645e+02,7.349844e+06,1.730961e+02,3.376269e+06,,0.000000e+00,0.000000e+00
2013-12-11 23:43:11.000000,0.000000e+00,1.663795e+07,1.180647e+02,7.349547e+06,1.730961e+02,3.376245e+06,,0.000000e+00,0.000000e+00
2013-12-11 23:43:12.000000,0.000000e+00,1.663795e+07,1.180649e+02,7.349250e+06,1.730961e+02,3.376221e+06,,0.000000e+00,0.000000e+00
2013-12-11 23:43:13.000000,0.000000e+00,1.663795e+07,1.180651e+02,7.348954e+06,1.730961e+02,3.376197e+06,,0.000000e+00,0.000000e+00
2013-12-11 23:43:14.000000,0.000000e+00,1.663795e+07,1.180654e+02,7.348657e+06,1.730961e+02,3.376173e+06,,0.000000e+00,0.000000e+00
2013-12-11 23:43:15.000000,0.000000e+00,1.663795e+07,1.180656e+02,7.348360e+06,1.730961e+02,3.376150e+06,,0.000000e+00,0.000000e+00
2013-12-11 23:43:16.000000,0.000000e+00,1.663795e+07,1.180658e+02,7.348064e+06,1.730961e+02,3.376126e+06,,0.000000e+00,0.000000e+00
2013-12-11 23:43:17.000000,0.000000e+00,1.663795e+07,1.180660e+02,7.347768e+06,1.730961e+02,3.376102e+06,,0.000000e+00,0.000000e+00
2013-12-11 23:43:18.000000,0.000000e+00,1.663795e+07,1.180662e+02,7.347471e+06,1.730961e+02,3.376078e+06,,0.000000e+00,0.000000e+00
2013-12-11 23:43:19.000000,0.000000e+00,1.663795e+07,1.180665e+02,7.347174e+06,1.730961e+02,3.376055e+06,,0.000000e+00,0.000000e+00
2013-12-11 23:43:20.000000,0.000000e+00,1.663795e+07,1.180667e+02,7.346877e+06,1.730961e+02,3.376031e+06,,0.000000e+00,0.000000e+00
2013-12-11 23:43:21.000000,0.000000e+00,1.663795e+07,1.180669e+02,7.346581e+06,1.730961e+02,3.376007e+06,,0.000000e+00,0.000000e+00
2013-12-11 23:43:22.000000,0.000000e+00,1.663795e+07,1.180671e+02,7.346284e+06,1.730961e+02,3.375983e+06,,0.000000e+00,0.000000e+00
2013-12-11 23:43:23.000000,0.000000e+00,1.663795e+07,1.180673e+02,7.345988e+06,1.730961e+02,3.375959e+06,,0.000000e+00,0.000000e+00
2013-12-11 23:43:24.000000,0.000000e+00,1.663795e+07,1.180675e+02,7.345691e+06,1.730961e+02,3.375936e+06,,0.000000e+00,0.000000e+00
2013-12-11 23:43:25.000000,0.000000e+00,1.663795e+07,1.180677e+02,7.345394e+06,1.730961e+02,3.375912e+06,,0.000000e+00,0.000000e+00
2013-12-11 23:43:26.000000,0.000000e+00,1.663795e+07,1.180680e+02,7.345098e+06,1.730961e+02,3.375888e+06,,0.000000e+00,0.000000e+00
2013-12-11 23:43:27.000000,0.000000e+00,1.663795e+07,1.180682e+02,7.344801e+06,1.730961e+02,3.375864e+06,,0.000000e+00,0.000000e+00
2013-12-11 23:43:28.000000,0.000000e+00,1.663795e+07,1.180684e+02,7.344505e+06,1.730961e+02,3.375840e+06,,0.000000e+00,0.000000e+00
2013-12-11 23:43:29.000000,0.000000e+00,1.663795e+07,1.180686e+02,7.344208e+06,1.730961e+02,3.375817e+06,,0.000000e+00,0.000000e+00
2013-12-11 23:43:30.000000,0.000000e+00,1.663795e+07,1.180688e+02,7.343912e+06,1.730961e+02,3.375793e+06,,0.000000e+00,0.000000e+00
2013-12-11 23:43:31.000000,0.000000e+00,1.663795e+07,1.180691e+02,7.343615e+06,1.730961e+02,3.375769e+06,,0.000000e+00,0.000000e+00
2013-12-11 23:43:32.000000,0.000000e+00,1.663795e+07,1.180693e+02,7.343318e+06,1.730961e+02,3.375745e+06,,0.000000e+00,0.000000e+00
2013-12-11 23:43:33.000000,0.000000e+00,1.663795e+07,1.180695e+02,7.343021e+06,1.730961e+02,3.375721e+06,,0.000000e+00,0.000000e+00
2013-12-11 23:43:34.000000,0.000000e+00,1.663795e+07,1.180697e+02,7.342725e+06,1.730961e+02,3.375698e+06,,0.000000e+00,0.000000e+00
2013-12-11 23:43:35.000000,0.000000e+00,1.663795e+07,1.180699e+02,7.342429e+06,1.730961e+02,3.375674e+06,,0.000000e+00,0.000000e+00
2013-12-11 23:43:36.000000,0.000000e+00,1.663795e+07,1.180701e+02,7.342132e+06,1.730961e+02,3.375650e+06,,0.000000e+00,0.000000e+00
2013-12-11 23:43:37.000000,0.000000e+00,1.663795e+07,1.180704e+02,7.341835e+06,1.730961e+02,3.375626e+06,,0.000000e+00,0.000000e+00
2013-12-11 23:43:38.000000,0.000000e+00,1.663795e+07,1.180706e+02,7.341538e+06,1.730961e+02,3.375602e+06,,0.000000e+00,0.000000e+00
2013-12-11 23:43:39.000000,0.000000e+00,1.663795e+07,1.180708e+02,7.341242e+06,1.730961e+02,3.375579e+06,,0.000000e+00,0.000000e+00
2013-12-11 23:43:40.000000,0.000000e+00,1.663795e+07,1.180710e+02,7.340945e+06,1.730961e+02,3.375555e+06,,0.000000e+00,0.000000e+00
2013-12-11 23:43:41.000000,0.000000e+00,1.663795e+07,1.180712e+02,7.340649e+06,1.730961e+02,3.375531e+06,,0.000000e+00,0.000000e+00
2013-12-11 23:43:42.000000,0.000000e+00,1.663795e+07,1.180714e+02,7.340352e+06,1.730961e+02,3.375507e+06,,0.000000e+00,0.000000e+00
2013-12-11 23:43:43.000000,0.000000e+00,1.663795e+07,1.180717e+02,7.340055e+06,1.730961e+02,3.375484e+06,,0.000000e+00,0.000000e+00
2013-12-11 23:43:44.000000,0.000000e+00,1.663795e+07,1.180719e+02,7.339759e+06,1.730961e+02,3.375460e+06,,0.000000e+00,0.000000e+00
2013-12-11 23:43:45.000000,0.000000e+00,1.663795e+07,1.180721e+02,7.339462e+06,1.730961e+02,3.375436e+06,,0.000000e+00,0.000000e+00
2013-12-11 23:43:46.000000,0.000000e+00,1.663795e+07,1.180723e+02,7.339165e+06,1.730961e+02,3.375412e+06,,0.000000e+00,0.000000e+00
2013-12-11 23:43:47.000000,0.000000e+00,1.663795e+07,1.180725e+02,7.338869e+06,1.730961e+02,3.375388e+06,,0.000000e+00,0.000000e+00
2013-12-11 23:43:48.000000,0.000000e+00,1.663795e+07,1.180727e+02,7.338573e+06,1.730961e+02,3.375365e+06,,0.000000e+00,0.000000e+00
2013-12-11 23:43:49.000000,0.000000e+00,1.663795e+07,1.180730e+02,7.338276e+06,1.730961e+02,3.375341e+06,,0.000000e+00,0.000000e+00
2013-12-11 23:43:50.000000,0.000000e+00,1.663795e+07,1.180732e+02,7.337979e+06,1.730961e+02,3.375317e+06,,0.000000e+00,0.000000e+00
2013-12-11 23:43:51.000000,0.000000e+00,1.663795e+07,1.180734e+02,7.337682e+06,1.730961e+02,3.375293e+06,,0.000000e+00,0.000000e+00
2013-12-11 23:43:52.000000,0.000000e+00,1.663795e+07,1.180736e+02,7.337386e+06,1.730961e+02,3.375269e+06,,0.000000e+00,0.000000e+00
2013-12-11 23:43:53.000000,0.000000e+00,1.663795e+07,1.180738e+02,7.337090e+06,1.730961e+02,3.375246e+06,,0.000000e+00,0.000000e+00
2013-12-11 23:43:54.000000,0.000000e+00,1.663795e+07,1.180740e+02,7.336793e+06,1.730961e+02,3.375222e+06,,0.000000e+00,0.000000e+00
2013-12-11 23:43:55.000000,0.000000e+00,1.663795e+07,1.180743e+02,7.336496e+06,1.730961e+02,3.375198e+06,,0.000000e+00,0.000000e+00
2013-12-11 23:43:56.000000,0.000000e+00,1.663795e+07,1.180745e+02,7.336199e+06,1.730961e+02,3.375174e+06,,0.000000e+00,0.000000e+00
2013-12-11 23:43:57.000000,0.000000e+00,1.663795e+07,1.180747e+02,7.335903e+06,1.730961e+02,3.375150e+06,,0.000000e+00,0.000000e+00
2013-12-11 23:43:58.000000,0.000000e+00,1.663795e+07,1.180749e+02,7.335606e+06,1.730961e+02,3.375127e+06,,0.000000e+00,0.000000e+00
2013-12-11 23:43:59.000000,0.000000e+00,1.663795e+07,1.180751e+02,7.335310e+06,1.730961e+02,3.375103e+06,,0.000000e+00,0.000000e+00
2013-12-11 23:44:00.000000,0.000000e+00,1.663795e+07,1.180753e+02,7.335013e+06,1.730961e+02,3.375079e+06,,0.000000e+00,0.000000e+00
2013-12-11 23:44:01.000000,0.000000e+00,1.663795e+07,1.180756e+02,7.334717e+06,1.730961e+02,3.375055e+06,,0.000000e+00,0.000000e+00
2013-12-11 23:44:02.000000,0.000000e+00,1.663795e+07,1.180758e+02,7.334420e+06,1.730961e+02,3.375031e+06,,0.000000e+00,0.000000e+00
2013-12-11 23:44:03.000000,0.000000e+00,1.663795e+07,1.180760e+02,7.334123e+06,1.730961e+02,3.375008e+06,,0.000000e+00,0.000000e+00
2013-12-11 23:44:04.000000,0.000000e+00,1.663795e+07,1.180762e+02,7.333826e+06,1.730961e+02,3.374984e+06,,0.000000e+00,0.000000e+00
2013-12-11 23:44:05.000000,0.000000e+00,1.663795e+07,1.180764e+02,7.333530e+06,1.730961e+02,3.374960e+06,,0.000000e+00,0.000000e+00
2013-12-11 23:44:06.000000,0.000000e+00,1.663795e+07,1.180767e+02,7.333234e+06,1.730961e+02,3.374936e+06,,0.000000e+00,0.000000e+00
2013-12-11 23:44:07.000000,0.000000e+00,1.663795e+07,1.180769e+02,7.332937e+06,1.730961e+02,3.374912e+06,,0.000000e+00,0.000000e+00
2013-12-11 23:44:08.000000,0.000000e+00,1.663795e+07,1.180771e+02,7.332640e+06,1.730961e+02,3.374889e+06,,0.000000e+00,0.000000e+00
2013-12-11 23:44:09.000000,0.000000e+00,1.663795e+07,1.180773e+02,7.332343e+06,1.730961e+02,3.374865e+06,,0.000000e+00,0.000000e+00
2013-12-11 23:44:10.000000,0.000000e+00,1.663795e+07,1.180775e+02,7.332047e+06,1.730961e+02,3.374841e+06,,0.000000e+00,0.000000e+00
2013-12-11 23:44:11.000000,0.000000e+00,1.663795e+07,1.180777e+02,7.331750e+06,1.730961e+02,3.374817e+06,,0.000000e+00,0.000000e+00
2013-12-11 23:44:12.000000,0.000000e+00,1.663795e+07,1.180779e+02,7.331454e+06,1.730961e+02,3.374794e+06,,0.000000e+00,0.000000e+00
2013-12-11 23:44:13.000000,0.000000e+00,1.663795e+07,1.180782e+02,7.331157e+06,1.730961e+02,3.374770e+06,,0.000000e+00,0.000000e+00
2013-12-11 23:44:14.000000,0.000000e+00,1.663795e+07,1.180784e+02,7.330861e+06,1.730961e+02,3.374746e+06,,0.000000e+00,0.000000e+00
2013-12-11 23:44:15.000000,0.000000e+00,1.663795e+07,1.180786e+02,7.330564e+06,1.730961e+02,3.374722e+06,,0.000000e+00,0.000000e+00
2013-12-11 23:44:16.000000,0.000000e+00,1.663795e+07,1.180788e+02,7.330267e+06,1.730961e+02,3.374698e+06,,0.000000e+00,0.000000e+00
2013-12-11 23:44:17.000000,0.000000e+00,1.663795e+07,1.180790e+02,7.329971e+06,1.730961e+02,3.374675e+06,,0.000000e+00,0.000000e+00
2013-12-11 23:44:18.000000,0.000000e+00,1.663795e+07,1.180793e+02,7.329675e+06,1.730961e+02,3.374651e+06,,0.000000e+00,0.000000e+00
2013-12-11 23:44:19.000000,0.000000e+00,1.663795e+07,1.180795e+02,7.329378e+06,1.730961e+02,3.374627e+06,,0.000000e+00,0.000000e+00
2013-12-11 23:44:20.000000,0.000000e+00,1.663795e+07,1.180797e+02,7.329081e+06,1.730961e+02,3.374603e+06,,0.000000e+00,0.000000e+00
2013-12-11 23:44:21.000000,0.000000e+00,1.663795e+07,1.180799e+02,7.328784e+06,1.730961e+02,3.374579e+06,,0.000000e+00,0.000000e+00
2013-12-11 23:44:22.000000,0.000000e+00,1.663795e+07,1.180801e+02,7.328487e+06,1.730961e+02,3.374556e+06,,0.000000e+00,0.000000e+00
2013-12-11 23:44:23.000000,0.000000e+00,1.663795e+07,1.180803e+02,7.328191e+06,1.730961e+02,3.374532e+06,,0.000000e+00,0.000000e+00
2013-12-11 23:44:24.000000,0.000000e+00,1.663795e+07,1.180806e+02,7.327895e+06,1.730961e+02,3.374508e+06,,0.000000e+00,0.000000e+00
2013-12-11 23:44:25.000000,0.000000e+00,1.663795e+07,1.180808e+02,7.327598e+06,1.730961e+02,3.374484e+06,,0.000000e+00,0.000000e+00
2013-12-11 23:44:26.000000,0.000000e+00,1.663795e+07,1.180810e+02,7.327301e+06,1.730961e+02,3.374460e+06,,0.000000e+00,0.000000e+00
2013-12-11 23:44:27.000000,0.000000e+00,1.663795e+07,1.180812e+02,7.327005e+06,1.730961e+02,3.374437e+06,,0.000000e+00,0.000000e+00
2013-12-11 23:44:28.000000,0.000000e+00,1.663795e+07,1.180814e+02,7.326708e+06,1.730961e+02,3.374413e+06,,0.000000e+00,0.000000e+00
2013-12-11 23:44:29.000000,0.000000e+00,1.663795e+07,1.180816e+02,7.326411e+06,1.730961e+02,3.374389e+06,,0.000000e+00,0.000000e+00
2013-12-11 23:44:30.000000,0.000000e+00,1.663795e+07,1.180819e+02,7.326115e+06,1.730961e+02,3.374365e+06,,0.000000e+00,0.000000e+00
2013-12-11 23:44:31.000000,0.000000e+00,1.663795e+07,1.180821e+02,7.325819e+06,1.730961e+02,3.374341e+06,,0.000000e+00,0.000000e+00
2013-12-11 23:44:32.000000,0.000000e+00,1.663795e+07,1.180823e+02,7.325522e+06,1.730961e+02,3.374318e+06,,0.000000e+00,0.000000e+00
2013-12-11 23:44:33.000000,0.000000e+00,1.663795e+07,1.180825e+02,7.325225e+06,1.730961e+02,3.374294e+06,,0.000000e+00,0.000000e+00
2013-12-11 23:44:34.000000,0.000000e+00,1.663795e+07,1.180827e+02,7.324928e+06,1.730961e+02,3.374270e+06,,0.000000e+00,0.000000e+00
2013-12-11 23:44:35.000000,0.000000e+00,1.663795e+07,1.180821e+02,7.324632e+06,1.730961e+02,3.374246e+06,,0.000000e+00,0.000000e+00
2013-12-11 23:44:36.000000,0.000000e+00,1.663795e+07,1.180814e+02,7.324335e+06,1.730961e+02,3.374223e+06,,0.000000e+00,0.000000e+00
2013-12-11 23:44:37.000000,0.000000e+00,1.663795e+07,1.180808e+02,7.324039e+06,1.730961e+02,3.374199e+06,,0.000000e+00,0.000000e+00
2013-12-11 23:44:38.000000,0.000000e+00,1.663795e+07,1.180801e+02,7.323742e+06,1.730961e+02,3.374175e+06,,0.000000e+00,0.000000e+00
2013-12-11 23:44:39.000000,0.000000e+00,1.663795e+07,1.180795e+02,7.323445e+06,1.730961e+02,3.374151e+06,,0.000000e+00,0.000000e+00
2013-12-11 23:44:40.000000,0.000000e+00,1.663795e+07,1.180788e+02,7.323149e+06,1.730961e+02,3.374127e+06,,0.000000e+00,0.000000e+00
2013-12-11 23:44:41.000000,0.000000e+00,1.663795e+07,1.180782e+02,7.322852e+06,1.730961e+02,3.374104e+06,,0.000000e+00,0.000000e+00
2013-12-11 23:44:42.000000,0.000000e+00,1.663795e+07,1.180775e+02,7.322556e+06,1.730961e+02,3.374080e+06,,0.000000e+00,0.000000e+00
2013-12-11 23:44:43.000000,0.000000e+00,1.663795e+07,1.180769e+02,7.322259e+06,1.730961e+02,3.374056e+06,,0.000000e+00,0.000000e+00
2013-12-11 23:44:44.000000,0.000000e+00,1.663795e+07,1.180762e+02,7.321963e+06,1.730961e+02,3.374032e+06,,0.000000e+00,0.000000e+00
2013-12-11 23:44:45.000000,0.000000e+00,1.663795e+07,1.180756e+02,7.321666e+06,1.730961e+02,3.374008e+06,,0.000000e+00,0.000000e+00
2013-12-11 23:44:46.000000,0.000000e+00,1.663795e+07,1.180749e+02,7.321369e+06,1.730961e+02,3.373985e+06,,0.000000e+00,0.000000e+00
2013-12-11 23:44:47.000000,0.000000e+00,1.663795e+07,1.180743e+02,7.321072e+06,1.730961e+02,3.373960e+06,,0.000000e+00,0.000000e+00
2013-12-11 23:44:48.000000,0.000000e+00,1.663795e+07,1.180736e+02,7.320776e+06,1.730961e+02,3.373937e+06,,0.000000e+00,0.000000e+00
2013-12-11 23:44:49.000000,0.000000e+00,1.663795e+07,1.180730e+02,7.320480e+06,1.730961e+02,3.373913e+06,,0.000000e+00,0.000000e+00
2013-12-11 23:44:50.000000,0.000000e+00,1.663795e+07,1.180723e+02,7.320183e+06,1.730961e+02,3.373889e+06,,0.000000e+00,0.000000e+00
2013-12-11 23:44:51.000000,0.000000e+00,1.663795e+07,1.180717e+02,7.319886e+06,1.730961e+02,3.373866e+06,,0.000000e+00,0.000000e+00
2013-12-11 23:44:52.000000,0.000000e+00,1.663795e+07,1.180710e+02,7.319589e+06,1.730961e+02,3.373842e+06,,0.000000e+00,0.000000e+00
2013-12-11 23:44:53.000000,0.000000e+00,1.663795e+07,1.180704e+02,7.319293e+06,1.730961e+02,3.373818e+06,,0.000000e+00,0.000000e+00
2013-12-11 23:44:54.000000,0.000000e+00,1.663795e+07,1.180697e+02,7.318996e+06,1.730961e+02,3.373794e+06,,0.000000e+00,0.000000e+00
2013-12-11 23:44:55.000000,0.000000e+00,1.663795e+07,1.180691e+02,7.318700e+06,1.730961e+02,3.373770e+06,,0.000000e+00,0.000000e+00
2013-12-11 23:44:56.000000,0.000000e+00,1.663795e+07,1.180684e+02,7.318403e+06,1.730961e+02,3.373746e+06,,0.000000e+00,0.000000e+00
2013-12-11 23:44:57.000000,0.000000e+00,1.663795e+07,1.180677e+02,7.318107e+06,1.730961e+02,3.373723e+06,,0.000000e+00,0.000000e+00
2013-12-11 23:44:58.000000,0.000000e+00,1.663795e+07,1.180671e+02,7.317810e+06,1.730961e+02,3.373699e+06,,0.000000e+00,0.000000e+00
2013-12-11 23:44:59.000000,0.000000e+00,1.663795e+07,1.180665e+02,7.317513e+06,1.730961e+02,3.373675e+06,,0.000000e+00,0.000000e+00
2013-12-11 23:45:00.000000,0.000000e+00,1.663795e+07,1.180658e+02,7.317216e+06,1.730961e+02,3.373652e+06,,0.000000e+00,0.000000e+00
2013-12-11 23:45:01.000000,0.000000e+00,1.663795e+07,1.180651e+02,7.316920e+06,1.730961e+02,3.373627e+06,,0.000000e+00,0.000000e+00
2013-12-11 23:45:02.000000,0.000000e+00,1.663795e+07,1.180645e+02,7.316624e+06,1.730961e+02,3.373604e+06,,0.000000e+00,0.000000e+00
2013-12-11 23:45:03.000000,0.000000e+00,1.663795e+07,1.180638e+02,7.316327e+06,1.730961e+02,3.373580e+06,,0.000000e+00,0.000000e+00
2013-12-11 23:45:04.000000,0.000000e+00,1.663795e+07,1.180632e+02,7.316030e+06,1.730961e+02,3.373556e+06,,0.000000e+00,0.000000e+00
2013-12-11 23:45:05.000000,0.000000e+00,1.663795e+07,1.180625e+02,7.315733e+06,1.730961e+02,3.373532e+06,,0.000000e+00,0.000000e+00
2013-12-11 23:45:06.000000,0.000000e+00,1.663795e+07,1.180619e+02,7.315437e+06,1.730961e+02,3.373508e+06,,0.000000e+00,0.000000e+00
2013-12-11 23:45:07.000000,0.000000e+00,1.663795e+07,1.180612e+02,7.315141e+06,1.730961e+02,3.373485e+06,,0.000000e+00,0.000000e+00
2013-12-11 23:45:08.000000,0.000000e+00,1.663795e+07,1.180606e+02,7.314844e+06,1.730961e+02,3.373461e+06,,0.000000e+00,0.000000e+00
2013-12-11 23:45:09.000000,0.000000e+00,1.663795e+07,1.180599e+02,7.314547e+06,1.730961e+02,3.373437e+06,,0.000000e+00,0.000000e+00
2013-12-11 23:45:10.000000,0.000000e+00,1.663795e+07,1.180593e+02,7.314251e+06,1.730961e+02,3.373413e+06,,0.000000e+00,0.000000e+00
2013-12-11 23:45:11.000000,0.000000e+00,1.663795e+07,1.180586e+02,7.313954e+06,1.730961e+02,3.373389e+06,,0.000000e+00,0.000000e+00
2013-12-11 23:45:12.000000,0.000000e+00,1.663795e+07,1.180580e+02,7.313657e+06,1.730961e+02,3.373366e+06,,0.000000e+00,0.000000e+00
2013-12-11 23:45:13.000000,0.000000e+00,1.663795e+07,1.180573e+02,7.313361e+06,1.730961e+02,3.373342e+06,,0.000000e+00,0.000000e+00
2013-12-11 23:45:14.000000,0.000000e+00,1.663795e+07,1.180567e+02,7.313064e+06,1.730961e+02,3.373318e+06,,0.000000e+00,0.000000e+00
2013-12-11 23:45:15.000000,0.000000e+00,1.663795e+07,1.180560e+02,7.312768e+06,1.730961e+02,3.373294e+06,,0.000000e+00,0.000000e+00
2013-12-11 23:45:16.000000,0.000000e+00,1.663795e+07,1.180554e+02,7.312471e+06,1.730961e+02,3.373271e+06,,0.000000e+00,0.000000e+00
2013-12-11 23:45:17.000000,0.000000e+00,1.663795e+07,1.180547e+02,7.312174e+06,1.730961e+02,3.373247e+06,,0.000000e+00,0.000000e+00
2013-12-11 23:45:18.000000,0.000000e+00,1.663795e+07,1.180541e+02,7.311877e+06,1.730961e+02,3.373223e+06,,0.000000e+00,0.000000e+00
2013-12-11 23:45:19.000000,0.000000e+00,1.663795e+07,1.180534e+02,7.311581e+06,1.730961e+02,3.373199e+06,,0.000000e+00,0.000000e+00
2013-12-11 23:45:20.000000,0.000000e+00,1.663795e+07,1.180528e+02,7.311285e+06,1.730961e+02,3.373175e+06,,0.000000e+00,0.000000e+00
2013-12-11 23:45:21.000000,0.000000e+00,1.663795e+07,1.180521e+02,7.310988e+06,1.730961e+02,3.373152e+06,,0.000000e+00,0.000000e+00
2013-12-11 23:45:22.000000,0.000000e+00,1.663795e+07,1.180515e+02,7.310691e+06,1.730961e+02,3.373128e+06,,0.000000e+00,0.000000e+00
2013-12-11 23:45:23.000000,0.000000e+00,1.663795e+07,1.180508e+02,7.310395e+06,1.730961e+02,3.373104e+06,,0.000000e+00,0.000000e+00
2013-12-11 23:45:24.000000,0.000000e+00,1.663795e+07,1.180502e+02,7.310098e+06,1.730961e+02,3.373080e+06,,0.000000e+00,0.000000e+00
2013-12-11 23:45:25.000000,0.000000e+00,1.663795e+07,1.180495e+02,7.309801e+06,1.730961e+02,3.373056e+06,,0.000000e+00,0.000000e+00
2013-12-11 23:45:26.000000,0.000000e+00,1.663795e+07,1.180489e+02,7.309505e+06,1.730961e+02,3.373033e+06,,0.000000e+00,0.000000e+00
2013-12-11 23:45:27.000000,0.000000e+00,1.663795e+07,1.180482e+02,7.309208e+06,1.730961e+02,3.373009e+06,,0.000000e+00,0.000000e+00
2013-12-11 23:45:28.000000,0.000000e+00,1.663795e+07,1.180476e+02,7.308912e+06,1.730961e+02,3.372985e+06,,0.000000e+00,0.000000e+00
2013-12-11 23:45:29.000000,0.000000e+00,1.663795e+07,1.180469e+02,7.308615e+06,1.730961e+02,3.372961e+06,,0.000000e+00,0.000000e+00
2013-12-11 23:45:30.000000,0.000000e+00,1.663795e+07,1.180463e+02,7.308318e+06,1.730961e+02,3.372937e+06,,0.000000e+00,0.000000e+00
2013-12-11 23:45:31.000000,0.000000e+00,1.663795e+07,1.180456e+02,7.308022e+06,1.730961e+02,3.372914e+06,,0.000000e+00,0.000000e+00
2013-12-11 23:45:32.000000,0.000000e+00,1.663795e+07,1.180450e+02,7.307726e+06,1.730961e+02,3.372890e+06,,0.000000e+00,0.000000e+00
2013-12-11 23:45:33.000000,0.000000e+00,1.663795e+07,1.180443e+02,7.307429e+06,1.730961e+02,3.372866e+06,,0.000000e+00,0.000000e+00
2013-12-11 23:45:34.000000,0.000000e+00,1.663795e+07,1.180437e+02,7.307132e+06,1.730961e+02,3.372842e+06,,0.000000e+00,0.000000e+00
2013-12-11 23:45:35.000000,0.000000e+00,1.663795e+07,1.180443e+02,7.306835e+06,1.730961e+02,3.372818e+06,,0.000000e+00,0.000000e+00
2013-12-11 23:45:36.000000,0.000000e+00,1.663795e+07,1.180450e+02,7.306539e+06,1.730961e+02,3.372795e+06,,0.000000e+00,0.000000e+00
2013-12-11 23:45:37.000000,0.000000e+00,1.663795e+07,1.180456e+02,7.306242e+06,1.730961e+02,3.372771e+06,,0.000000e+00,0.000000e+00
2013-12-11 23:45:38.000000,0.000000e+00,1.663795e+07,1.180463e+02,7.305946e+06,1.730961e+02,3.372747e+06,,0.000000e+00,0.000000e+00
2013-12-11 23:45:39.000000,0.000000e+00,1.663795e+07,1.180470e+02,7.305649e+06,1.730961e+02,3.372723e+06,,0.000000e+00,0.000000e+00
2013-12-11 23:45:40.000000,0.000000e+00,1.663795e+07,1.180476e+02,7.305352e+06,1.730961e+02,3.372699e+06,,0.000000e+00,0.000000e+00
2013-12-11 23:45:41.000000,0.000000e+00,1.663795e+07,1.180483e+02,7.305056e+06,1.730961e+02,3.372676e+06,,0.000000e+00,0.000000e+00
2013-12-11 23:45:42.000000,0.000000e+00,1.663795e+07,1.180490e+02,7.304759e+06,1.730961e+02,3.372652e+06,,0.000000e+00,0.000000e+00
2013-12-11 23:45:43.000000,0.000000e+00,1.663795e+07,1.180496e+02,7.304462e+06,1.730961e+02,3.372628e+06,,0.000000e+00,0.000000e+00
2013-12-11 23:45:44.000000,0.000000e+00,1.663795e+07,1.180503e+02,7.304166e+06,1.730961e+02,3.372604e+06,,0.000000e+00,0.000000e+00
2013-12-11 23:45:45.000000,0.000000e+00,1.663795e+07,1.180509e+02,7.303870e+06,1.730961e+02,3.372581e+06,,0.000000e+00,0.000000e+00
2013-12-11 23:45:46.000000,0.000000e+00,1.663795e+07,1.180516e+02,7.303573e+06,1.730961e+02,3.372557e+06,,0.000000e+00,0.000000e+00
2013-12-11 23:45:47.000000,0.000000e+00,1.663795e+07,1.180523e+02,7.303276e+06,1.730961e+02,3.372533e+06,,0.000000e+00,0.000000e+00
2013-12-11 23:45:48.000000,0.000000e+00,1.663795e+07,1.180529e+02,7.302979e+06,1.730961e+02,3.372509e+06,,0.000000e+00,0.000000e+00
2013-12-11 23:45:49.000000,0.000000e+00,1.663795e+07,1.180536e+02,7.302682e+06,1.730961e+02,3.372485e+06,,0.000000e+00,0.000000e+00
2013-12-11 23:45:50.000000,0.000000e+00,1.663795e+07,1.180543e+02,7.302386e+06,1.730961e+02,3.372462e+06,,0.000000e+00,0.000000e+00
2013-12-11 23:45:51.000000,0.000000e+00,1.663795e+07,1.180549e+02,7.302090e+06,1.730961e+02,3.372438e+06,,0.000000e+00,0.000000e+00
2013-12-11 23:45:52.000000,0.000000e+00,1.663795e+07,1.180556e+02,7.301793e+06,1.730961e+02,3.372414e+06,,0.000000e+00,0.000000e+00
2013-12-11 23:45:53.000000,0.000000e+00,1.663795e+07,1.180562e+02,7.301496e+06,1.730961e+02,3.372390e+06,,0.000000e+00,0.000000e+00
2013-12-11 23:45:54.000000,0.000000e+00,1.663795e+07,1.180569e+02,7.301200e+06,1.730961e+02,3.372366e+06,,0.000000e+00,0.000000e+00
2013-12-11 23:45:55.000000,0.000000e+00,1.663795e+07,1.180576e+02,7.300903e+06,1.730961e+02,3.372343e+06,,0.000000e+00,0.000000e+00
2013-12-11 23:45:56.000000,0.000000e+00,1.663795e+07,1.180582e+02,7.300607e+06,1.730961e+02,3.372319e+06,,0.000000e+00,0.000000e+00
2013-12-11 23:45:57.000000,0.000000e+00,1.663795e+07,1.180589e+02,7.300310e+06,1.730961e+02,3.372295e+06,,0.000000e+00,0.000000e+00
2013-12-11 23:45:58.000000,0.000000e+00,1.663795e+07,1.180596e+02,7.300014e+06,1.730961e+02,3.372271e+06,,0.000000e+00,0.000000e+00
2013-12-11 23:45:59.000000,0.000000e+00,1.663795e+07,1.180602e+02,7.299717e+06,1.730961e+02,3.372247e+06,,0.000000e+00,0.000000e+00
2013-12-11 23:46:00.000000,0.000000e+00,1.663795e+07,1.180609e+02,7.299420e+06,1.730961e+02,3.372224e+06,,0.000000e+00,0.000000e+00
2013-12-11 23:46:01.000000,0.000000e+00,1.663795e+07,1.180615e+02,7.299123e+06,1.730961e+02,3.372200e+06,,0.000000e+00,0.000000e+00
2013-12-11 23:46:02.000000,0.000000e+00,1.663795e+07,1.180622e+02,7.298827e+06,1.730961e+02,3.372176e+06,,0.000000e+00,0.000000e+00
2013-12-11 23:46:03.000000,0.000000e+00,1.663795e+07,1.180629e+02,7.298531e+06,1.730961e+02,3.372152e+06,,0.000000e+00,0.000000e+00
2013-12-11 23:46:04.000000,0.000000e+00,1.663795e+07,1.180635e+02,7.298234e+06,1.730961e+02,3.372128e+06,,0.000000e+00,0.000000e+00
2013-12-11 23:46:05.000000,0.000000e+00,1.663795e+07,1.180642e+02,7.297937e+06,1.730961e+02,3.372105e+06,,0.000000e+00,0.000000e+00
2013-12-11 23:46:06.000000,0.000000e+00,1.663795e+07,1.180648e+02,7.297640e+06,1.730961e+02,3.372081e+06,,0.000000e+00,0.000000e+00
2013-12-11 23:46:07.000000,0.000000e+00,1.663795e+07,1.180655e+02,7.297344e+06,1.730961e+02,3.372057e+06,,0.000000e+00,0.000000e+00
2013-12-11 23:46:08.000000,0.000000e+00,1.663795e+07,1.180662e+02,7.297047e+06,1.730961e+02,3.372033e+06,,0.000000e+00,0.000000e+00
2013-12-11 23:46:09.000000,0.000000e+00,1.663795e+07,1.180668e+02,7.296751e+06,1.730961e+02,3.372010e+06,,0.000000e+00,0.000000e+00
2013-12-11 23:46:10.000000,0.000000e+00,1.663795e+07,1.180675e+02,7.296454e+06,1.730961e+02,3.371986e+06,,0.000000e+00,0.000000e+00
2013-12-11 23:46:11.000000,0.000000e+00,1.663795e+07,1.180682e+02,7.296158e+06,1.730961e+02,3.371962e+06,,0.000000e+00,0.000000e+00
2013-12-11 23:46:12.000000,0.000000e+00,1.663795e+07,1.180688e+02,7.295861e+06,1.730961e+02,3.371938e+06,,0.000000e+00,0.000000e+00
2013-12-11 23:46:13.000000,0.000000e+00,1.663795e+07,1.180695e+02,7.295564e+06,1.730961e+02,3.371914e+06,,0.000000e+00,0.000000e+00
2013-12-11 23:46:14.000000,0.000000e+00,1.663795e+07,1.180701e+02,7.295267e+06,1.730961e+02,3.371891e+06,,0.000000e+00,0.000000e+00
2013-12-11 23:46:15.000000,0.000000e+00,1.663795e+07,1.180708e+02,7.294971e+06,1.730961e+02,3.371867e+06,,0.000000e+00,0.000000e+00
2013-12-11 23:46:16.000000,0.000000e+00,1.663795e+07,1.180715e+02,7.294675e+06,1.730961e+02,3.371843e+06,,0.000000e+00,0.000000e+00
2013-12-11 23:46:17.000000,0.000000e+00,1.663795e+07,1.180721e+02,7.294378e+06,1.730961e+02,3.371819e+06,,0.000000e+00,0.000000e+00
2013-12-11 23:46:18.000000,0.000000e+00,1.663795e+07,1.180728e+02,7.294081e+06,1.730961e+02,3.371795e+06,,0.000000e+00,0.000000e+00
2013-12-11 23:46:19.000000,0.000000e+00,1.663795e+07,1.180735e+02,7.293784e+06,1.730961e+02,3.371772e+06,,0.000000e+00,0.000000e+00
2013-12-11 23:46:20.000000,0.000000e+00,1.663795e+07,1.180741e+02,7.293488e+06,1.730961e+02,3.371748e+06,,0.000000e+00,0.000000e+00
2013-12-11 23:46:21.000000,0.000000e+00,1.663795e+07,1.180748e+02,7.293192e+06,1.730961e+02,3.371724e+06,,0.000000e+00,0.000000e+00
2013-12-11 23:46:22.000000,0.000000e+00,1.663795e+07,1.180754e+02,7.292895e+06,1.730961e+02,3.371700e+06,,0.000000e+00,0.000000e+00
2013-12-11 23:46:23.000000,0.000000e+00,1.663795e+07,1.180761e+02,7.292598e+06,1.730961e+02,3.371676e+06,,0.000000e+00,0.000000e+00
2013-12-11 23:46:24.000000,0.000000e+00,1.663795e+07,1.180768e+02,7.292302e+06,1.730961e+02,3.371653e+06,,0.000000e+00,0.000000e+00
2013-12-11 23:46:25.000000,0.000000e+00,1.663795e+07,1.180774e+02,7.292005e+06,1.730961e+02,3.371629e+06,,0.000000e+00,0.000000e+00
2013-12-11 23:46:26.000000,0.000000e+00,1.663795e+07,1.180781e+02,7.291708e+06,1.730961e+02,3.371605e+06,,0.000000e+00,0.000000e+00
2013-12-11 23:46:27.000000,0.000000e+00,1.663795e+07,1.180788e+02,7.291412e+06,1.730961e+02,3.371581e+06,,0.000000e+00,0.000000e+00
2013-12-11 23:46:28.000000,0.000000e+00,1.663795e+07,1.180794e+02,7.291115e+06,1.730961e+02,3.371557e+06,,0.000000e+00,0.000000e+00
2013-12-11 23:46:29.000000,0.000000e+00,1.663795e+07,1.180801e+02,7.290819e+06,1.730961e+02,3.371534e+06,,0.000000e+00,0.000000e+00
2013-12-11 23:46:30.000000,0.000000e+00,1.663795e+07,1.180807e+02,7.290522e+06,1.730961e+02,3.371510e+06,,0.000000e+00,0.000000e+00
2013-12-11 23:46:31.000000,0.000000e+00,1.663795e+07,1.180814e+02,7.290225e+06,1.730961e+02,3.371486e+06,,0.000000e+00,0.000000e+00
2013-12-11 23:46:32.000000,0.000000e+00,1.663795e+07,1.180821e+02,7.289928e+06,1.730961e+02,3.371462e+06,,0.000000e+00,0.000000e+00
2013-12-11 23:46:33.000000,0.000000e+00,1.663795e+07,1.180827e+02,7.289632e+06,1.730961e+02,3.371439e+06,,0.000000e+00,0.000000e+00
2013-12-11 23:46:34.000000,0.000000e+00,1.663795e+07,1.180821e+02,7.289336e+06,1.730961e+02,3.371415e+06,,0.000000e+00,0.000000e+00
2013-12-11 23:46:35.000000,0.000000e+00,1.663795e+07,1.180814e+02,7.289039e+06,1.730961e+02,3.371391e+06,,0.000000e+00,0.000000e+00
2013-12-11 23:46:36.000000,0.000000e+00,1.663795e+07,1.180808e+02,7.288742e+06,1.730961e+02,3.371367e+06,,0.000000e+00,0.000000e+00
2013-12-11 23:46:37.000000,0.000000e+00,1.663795e+07,1.180801e+02,7.288446e+06,1.730961e+02,3.371343e+06,,0.000000e+00,0.000000e+00
2013-12-11 23:46:38.000000,0.000000e+00,1.663795e+07,1.180795e+02,7.288149e+06,1.730961e+02,3.371320e+06,,0.000000e+00,0.000000e+00
2013-12-11 23:46:39.000000,0.000000e+00,1.663795e+07,1.180788e+02,7.287852e+06,1.730961e+02,3.371296e+06,,0.000000e+00,0.000000e+00
2013-12-11 23:46:40.000000,0.000000e+00,1.663795e+07,1.180782e+02,7.287949e+06,1.730961e+02,3.371272e+06,,0.000000e+00,0.000000e+00
2013-12-11 23:46:41.000000,0.000000e+00,1.663795e+07,1.180775e+02,7.288046e+06,1.730961e+02,3.371248e+06,,0.000000e+00,0.000000e+00
2013-12-11 23:46:42.000000,0.000000e+00,1.663795e+07,1.180769e+02,7.288142e+06,1.730961e+02,3.371224e+06,,0.000000e+00,0.000000e+00
2013-12-11 23:46:43.000000,0.000000e+00,1.663795e+07,1.180762e+02,7.288239e+06,1.730961e+02,3.371201e+06,,0.000000e+00,0.000000e+00
2013-12-11 23:46:44.000000,0.000000e+00,1.663795e+07,1.180756e+02,7.288335e+06,1.730961e+02,3.371177e+06,,0.000000e+00,0.000000e+00
2013-12-11 23:46:45.000000,0.000000e+00,1.663795e+07,1.180749e+02,7.288431e+06,1.730961e+02,3.371153e+06,,0.000000e+00,0.000000e+00
2013-12-11 23:46:46.000000,0.000000e+00,1.663795e+07,1.180743e+02,7.288528e+06,1.730961e+02,3.371129e+06,,0.000000e+00,0.000000e+00
2013-12-11 23:46:47.000000,0.000000e+00,1.663795e+07,1.180736e+02,7.288624e+06,1.730961e+02,3.371105e+06,,0.000000e+00,0.000000e+00
2013-12-11 23:46:48.000000,0.000000e+00,1.663795e+07,1.180730e+02,7.288721e+06,1.730961e+02,3.371082e+06,,0.000000e+00,0.000000e+00
2013-12-11 23:46:49.000000,0.000000e+00,1.663795e+07,1.180723e+02,7.288817e+06,1.730961e+02,3.371058e+06,,0.000000e+00,0.000000e+00
2013-12-11 23:46:50.000000,0.000000e+00,1.663795e+07,1.180717e+02,7.288914e+06,1.730961e+02,3.371034e+06,,0.000000e+00,0.000000e+00
2013-12-11 23:46:51.000000,0.000000e+00,1.663795e+07,1.180710e+02,7.289010e+06,1.730961e+02,3.371010e+06,,0.000000e+00,0.000000e+00
2013-12-11 23:46:52.000000,0.000000e+00,1.663795e+07,1.180704e+02,7.289106e+06,1.730961e+02,3.370986e+06,,0.000000e+00,0.000000e+00
2013-12-11 23:46:53.000000,0.000000e+00,1.663795e+07,1.180697e+02,7.289203e+06,1.730961e+02,3.370963e+06,,0.000000e+00,0.000000e+00
2013-12-11 23:46:54.000000,0.000000e+00,1.663795e+07,1.180691e+02,7.289299e+06,1.730961e+02,3.370939e+06,,0.000000e+00,0.000000e+00
2013-12-11 23:46:55.000000,0.000000e+00,1.663795e+07,1.180684e+02,7.289396e+06,1.730961e+02,3.370915e+06,,0.000000e+00,0.000000e+00
2013-12-11 23:46:56.000000,0.000000e+00,1.663795e+07,1.180677e+02,7.289492e+06,1.730961e+02,3.370891e+06,,0.000000e+00,0.000000e+00
2013-12-11 23:46:57.000000,0.000000e+00,1.663795e+07,1.180671e+02,7.289588e+06,1.730961e+02,3.370867e+06,,0.000000e+00,0.000000e+00
2013-12-11 23:46:58.000000,0.000000e+00,1.663795e+07,1.180665e+02,7.289685e+06,1.730961e+02,3.370844e+06,,0.000000e+00,0.000000e+00
2013-12-11 23:46:59.000000,0.000000e+00,1.663795e+07,1.180658e+02,7.289781e+06,1.730961e+02,3.370820e+06,,0.000000e+00,0.000000e+00
2013-12-11 23:47:00.000000,0.000000e+00,1.663795e+07,1.180651e+02,7.289878e+06,1.730961e+02,3.370796e+06,,0.000000e+00,0.000000e+00
2013-12-11 23:47:01.000000,0.000000e+00,1.663795e+07,1.180645e+02,7.289974e+06,1.730961e+02,3.370772e+06,,0.000000e+00,0.000000e+00
2013-12-11 23:47:02.000000,0.000000e+00,1.663795e+07,1.180638e+02,7.290070e+06,1.730961e+02,3.370749e+06,,0.000000e+00,0.000000e+00
2013-12-11 23:47:03.000000,0.000000e+00,1.663795e+07,1.180632e+02,7.290167e+06,1.730961e+02,3.370724e+06,,0.000000e+00,0.000000e+00
2013-12-11 23:47:04.000000,0.000000e+00,1.663795e+07,1.180625e+02,7.290263e+06,1.730961e+02,3.370701e+06,,0.000000e+00,0.000000e+00
2013-12-11 23:47:05.000000,0.000000e+00,1.663795e+07,1.180619e+02,7.290360e+06,1.730961e+02,3.370677e+06,,0.000000e+00,0.000000e+00
2013-12-11 23:47:06.000000,0.000000e+00,1.663795e+07,1.180612e+02,7.290456e+06,1.730961e+02,3.370653e+06,,0.000000e+00,0.000000e+00
2013-12-11 23:47:07.000000,0.000000e+00,1.663795e+07,1.180606e+02,7.290553e+06,1.730961e+02,3.370630e+06,,0.000000e+00,0.000000e+00
2013-12-11 23:47:08.000000,0.000000e+00,1.663795e+07,1.180599e+02,7.290649e+06,1.730961e+02,3.370605e+06,,0.000000e+00,0.000000e+00
2013-12-11 23:47:09.000000,0.000000e+00,1.663795e+07,1.180593e+02,7.290746e+06,1.730961e+02,3.370582e+06,,0.000000e+00,0.000000e+00
2013-12-11 23:47:10.000000,0.000000e+00,1.663795e+07,1.180586e+02,7.290842e+06,1.730961e+02,3.370558e+06,,0.000000e+00,0.000000e+00
2013-12-11 23:47:11.000000,0.000000e+00,1.663795e+07,1.180580e+02,7.290939e+06,1.730961e+02,3.370534e+06,,0.000000e+00,0.000000e+00
2013-12-11 23:47:12.000000,0.000000e+00,1.663795e+07,1.180573e+02,7.291035e+06,1.730961e+02,3.370510e+06,,0.000000e+00,0.000000e+00
2013-12-11 23:47:13.000000,0.000000e+00,1.663795e+07,1.180567e+02,7.291132e+06,1.730961e+02,3.370486e+06,,0.000000e+00,0.000000e+00
2013-12-11 23:47:14.000000,0.000000e+00,1.663795e+07,1.180560e+02,7.291228e+06,1.730961e+02,3.370463e+06,,0.000000e+00,0.000000e+00
2013-12-11 23:47:15.000000,0.000000e+00,1.663795e+07,1.180554e+02,7.291325e+06,1.730961e+02,3.370439e+06,,0.000000e+00,0.000000e+00
2013-12-11 23:47:16.000000,0.000000e+00,1.663795e+07,1.180547e+02,7.291421e+06,1.730961e+02,3.370415e+06,,0.000000e+00,0.000000e+00
2013-12-11 23:47:17.000000,0.000000e+00,1.663795e+07,1.180541e+02,7.291518e+06,1.730961e+02,3.370391e+06,,0.000000e+00,0.000000e+00
2013-12-11 23:47:18.000000,0.000000e+00,1.663795e+07,1.180534e+02,7.291614e+06,1.730961e+02,3.370368e+06,,0.000000e+00,0.000000e+00
2013-12-11 23:47:19.000000,0.000000e+00,1.663795e+07,1.180528e+02,7.291710e+06,1.730961e+02,3.370344e+06,,0.000000e+00,0.000000e+00
2013-12-11 23:47:20.000000,0.000000e+00,1.663795e+07,1.180521e+02,7.291807e+06,1.730961e+02,3.370320e+06,,0.000000e+00,0.000000e+00
2013-12-11 23:47:21.000000,0.000000e+00,1.663795e+07,1.180515e+02,7.291903e+06,1.730961e+02,3.370296e+06,,0.000000e+00,0.000000e+00
2013-12-11 23:47:22.000000,0.000000e+00,1.663795e+07,1.180508e+02,7.292000e+06,1.730961e+02,3.370272e+06,,0.000000e+00,0.000000e+00
2013-12-11 23:47:23.000000,0.000000e+00,1.663795e+07,1.180502e+02,7.292096e+06,1.730961e+02,3.370249e+06,,0.000000e+00,0.000000e+00
2013-12-11 23:47:24.000000,0.000000e+00,1.663795e+07,1.180495e+02,7.292193e+06,1.730961e+02,3.370225e+06,,0.000000e+00,0.000000e+00
2013-12-11 23:47:25.000000,0.000000e+00,1.663795e+07,1.180489e+02,7.292289e+06,1.730961e+02,3.370201e+06,,0.000000e+00,0.000000e+00
2013-12-11 23:47:26.000000,0.000000e+00,1.663795e+07,1.180482e+02,7.292385e+06,1.730961e+02,3.370177e+06,,0.000000e+00,0.000000e+00
2013-12-11 23:47:27.000000,0.000000e+00,1.663795e+07,1.180476e+02,7.292482e+06,1.730961e+02,3.370153e+06,,0.000000e+00,0.000000e+00
2013-12-11 23:47:28.000000,0.000000e+00,1.663795e+07,1.180469e+02,7.292578e+06,1.730961e+02,3.370130e+06,,0.000000e+00,0.000000e+00
2013-12-11 23:47:29.000000,0.000000e+00,1.663795e+07,1.180463e+02,7.292675e+06,1.730961e+02,3.370106e+06,,0.000000e+00,0.000000e+00
2013-12-11 23:47:30.000000,0.000000e+00,1.663795e+07,1.180456e+02,7.292771e+06,1.730961e+02,3.370082e+06,,0.000000e+00,0.000000e+00
2013-12-11 23:47:31.000000,0.000000e+00,1.663795e+07,1.180450e+02,7.292867e+06,1.730961e+02,3.370058e+06,,0.000000e+00,0.000000e+00
2013-12-11 23:47:32.000000,0.000000e+00,1.663795e+07,1.180443e+02,7.292964e+06,1.730961e+02,3.370034e+06,,0.000000e+00,0.000000e+00
2013-12-11 23:47:33.000000,0.000000e+00,1.663795e+07,1.180437e+02,7.293060e+06,1.730961e+02,3.370011e+06,,0.000000e+00,0.000000e+00
2013-12-11 23:47:34.000000,0.000000e+00,1.663795e+07,1.180439e+02,7.293157e+06,1.730961e+02,3.369987e+06,,0.000000e+00,0.000000e+00
2013-12-11 23:47:35.000000,0.000000e+00,1.663795e+07,1.180441e+02,7.293253e+06,1.730961e+02,3.369963e+06,,0.000000e+00,0.000000e+00
2013-12-11 23:47:36.000000,0.000000e+00,1.663795e+07,1.180443e+02,7.293350e+06,1.730961e+02,3.369939e+06,,0.000000e+00,0.000000e+00
2013-12-11 23:47:37.000000,0.000000e+00,1.663795e+07,1.180445e+02,7.293446e+06,1.730961e+02,3.369915e+06,,0.000000e+00,0.000000e+00
2013-12-11 23:47:38.000000,0.000000e+00,1.663795e+07,1.180447e+02,7.293542e+06,1.730961e+02,3.369892e+06,,0.000000e+00,0.000000e+00
2013-12-11 23:47:39.000000,0.000000e+00,1.663795e+07,1.180450e+02,7.293639e+06,1.730961e+02,3.369868e+06,,0.000000e+00,0.000000e+00
2013-12-11 23:47:40.000000,0.000000e+00,1.663795e+07,1.180452e+02,7.293736e+06,1.730961e+02,3.369844e+06,,0.000000e+00,0.000000e+00
2013-12-11 23:47:41.000000,0.000000e+00,1.663795e+07,1.180454e+02,7.293832e+06,1.730961e+02,3.369820e+06,,0.000000e+00,0.000000e+00
2013-12-11 23:47:42.000000,0.000000e+00,1.663795e+07,1.180456e+02,7.293929e+06,1.730961e+02,3.369797e+06,,0.000000e+00,0.000000e+00
2013-12-11 23:47:43.000000,0.000000e+00,1.663795e+07,1.180458e+02,7.294025e+06,1.730961e+02,3.369773e+06,,0.000000e+00,0.000000e+00
2013-12-11 23:47:44.000000,0.000000e+00,1.663795e+07,1.180461e+02,7.294122e+06,1.730961e+02,3.369749e+06,,0.000000e+00,0.000000e+00
2013-12-11 23:47:45.000000,0.000000e+00,1.663795e+07,1.180463e+02,7.294218e+06,1.730961e+02,3.369725e+06,,0.000000e+00,0.000000e+00
2013-12-11 23:47:46.000000,0.000000e+00,1.663795e+07,1.180465e+02,7.294315e+06,1.730961e+02,3.369701e+06,,0.000000e+00,0.000000e+00
2013-12-11 23:47:47.000000,0.000000e+00,1.663795e+07,1.180467e+02,7.294411e+06,1.730961e+02,3.369678e+06,,0.000000e+00,0.000000e+00
2013-12-11 23:47:48.000000,0.000000e+00,1.663795e+07,1.180469e+02,7.294507e+06,1.730961e+02,3.369654e+06,,0.000000e+00,0.000000e+00
2013-12-11 23:47:49.000000,0.000000e+00,1.663795e+07,1.180471e+02,7.294604e+06,1.730961e+02,3.369630e+06,,0.000000e+00,0.000000e+00
2013-12-11 23:47:50.000000,0.000000e+00,1.663795e+07,1.180474e+02,7.294700e+06,1.730961e+02,3.369606e+06,,0.000000e+00,0.000000e+00
2013-12-11 23:47:51.000000,0.000000e+00,1.663795e+07,1.180476e+02,7.294797e+06,1.730961e+02,3.369582e+06,,0.000000e+00,0.000000e+00
2013-12-11 23:47:52.000000,0.000000e+00,1.663795e+07,1.180478e+02,7.294893e+06,1.730961e+02,3.369559e+06,,0.000000e+00,0.000000e+00
2013-12-11 23:47:53.000000,0.000000e+00,1.663795e+07,1.180480e+02,7.294990e+06,1.730961e+02,3.369535e+06,,0.000000e+00,0.000000e+00
2013-12-11 23:47:54.000000,0.000000e+00,1.663795e+07,1.180482e+02,7.295086e+06,1.730961e+02,3.369511e+06,,0.000000e+00,0.000000e+00
2013-12-11 23:47:55.000000,0.000000e+00,1.663795e+07,1.180484e+02,7.295182e+06,1.730961e+02,3.369487e+06,,0.000000e+00,0.000000e+00
2013-12-11 23:47:56.000000,0.000000e+00,1.663795e+07,1.180487e+02,7.295279e+06,1.730961e+02,3.369463e+06,,0.000000e+00,0.000000e+00
2013-12-11 23:47:57.000000,0.000000e+00,1.663795e+07,1.180489e+02,7.295375e+06,1.730961e+02,3.369440e+06,,0.000000e+00,0.000000e+00
2013-12-11 23:47:58.000000,0.000000e+00,1.663795e+07,1.180491e+02,7.295472e+06,1.730961e+02,3.369416e+06,,0.000000e+00,0.000000e+00
2013-12-11 23:47:59.000000,0.000000e+00,1.663795e+07,1.180493e+02,7.295568e+06,1.730961e+02,3.369392e+06,,0.000000e+00,0.000000e+00
2013-12-11 23:48:00.000000,0.000000e+00,1.663795e+07,1.180495e+02,7.295664e+06,1.730961e+02,3.369368e+06,,0.000000e+00,0.000000e+00
2013-12-11 23:48:01.000000,0.000000e+00,1.663795e+07,1.180497e+02,7.295761e+06,1.730961e+02,3.369344e+06,,0.000000e+00,0.000000e+00
2013-12-11 23:48:02.000000,0.000000e+00,1.663795e+07,1.180500e+02,7.295857e+06,1.730961e+02,3.369321e+06,,0.000000e+00,0.000000e+00
2013-12-11 23:48:03.000000,0.000000e+00,1.663795e+07,1.180502e+02,7.295954e+06,1.730961e+02,3.369297e+06,,0.000000e+00,0.000000e+00
2013-12-11 23:48:04.000000,0.000000e+00,1.663795e+07,1.180504e+02,7.296050e+06,1.730961e+02,3.369273e+06,,0.000000e+00,0.000000e+00
2013-12-11 23:48:05.000000,0.000000e+00,1.663795e+07,1.180506e+02,7.296146e+06,1.730961e+02,3.369249e+06,,0.000000e+00,0.000000e+00
2013-12-11 23:48:06.000000,0.000000e+00,1.663795e+07,1.180508e+02,7.296243e+06,1.730961e+02,3.369225e+06,,0.000000e+00,0.000000e+00
2013-12-11 23:48:07.000000,0.000000e+00,1.663795e+07,1.180510e+02,7.296339e+06,1.730961e+02,3.369202e+06,,0.000000e+00,0.000000e+00
2013-12-11 23:48:08.000000,0.000000e+00,1.663795e+07,1.180513e+02,7.296436e+06,1.730961e+02,3.369178e+06,,0.000000e+00,0.000000e+00
2013-12-11 23:48:09.000000,0.000000e+00,1.663795e+07,1.180515e+02,7.296532e+06,1.730961e+02,3.369154e+06,,0.000000e+00,0.000000e+00
2013-12-11 23:48:10.000000,0.000000e+00,1.663795e+07,1.180517e+02,7.296629e+06,1.730961e+02,3.369130e+06,,0.000000e+00,0.000000e+00
2013-12-11 23:48:11.000000,0.000000e+00,1.663795e+07,1.180519e+02,7.296725e+06,1.730961e+02,3.369107e+06,,0.000000e+00,0.000000e+00
2013-12-11 23:48:12.000000,0.000000e+00,1.663795e+07,1.180521e+02,7.296822e+06,1.730961e+02,3.369083e+06,,0.000000e+00,0.000000e+00
2013-12-11 23:48:13.000000,0.000000e+00,1.663795e+07,1.180523e+02,7.296918e+06,1.730961e+02,3.369059e+06,,0.000000e+00,0.000000e+00
2013-12-11 23:48:14.000000,0.000000e+00,1.663795e+07,1.180526e+02,7.297015e+06,1.730961e+02,3.369035e+06,,0.000000e+00,0.000000e+00
2013-12-11 23:48:15.000000,0.000000e+00,1.663795e+07,1.180528e+02,7.297112e+06,1.730961e+02,3.369011e+06,,0.000000e+00,0.000000e+00
2013-12-11 23:48:16.000000,0.000000e+00,1.663795e+07,1.180530e+02,7.297208e+06,1.730961e+02,3.368988e+06,,0.000000e+00,0.000000e+00
2013-12-11 23:48:17.000000,0.000000e+00,1.663795e+07,1.180532e+02,7.297304e+06,1.730961e+02,3.368964e+06,,0.000000e+00,0.000000e+00
2013-12-11 23:48:18.000000,0.000000e+00,1.663795e+07,1.180534e+02,7.297401e+06,1.730961e+02,3.368940e+06,,0.000000e+00,0.000000e+00
2013-12-11 23:48:19.000000,0.000000e+00,1.663795e+07,1.180536e+02,7.297497e+06,1.730961e+02,3.368916e+06,,0.000000e+00,0.000000e+00
2013-12-11 23:48:20.000000,0.000000e+00,1.663795e+07,1.180539e+02,7.297594e+06,1.730961e+02,3.368892e+06,,0.000000e+00,0.000000e+00
2013-12-11 23:48:21.000000,0.000000e+00,1.663795e+07,1.180541e+02,7.297690e+06,1.730961e+02,3.368869e+06,,0.000000e+00,0.000000e+00
2013-12-11 23:48:22.000000,0.000000e+00,1.663795e+07,1.180543e+02,7.297786e+06,1.730961e+02,3.368845e+06,,0.000000e+00,0.000000e+00
2013-12-11 23:48:23.000000,0.000000e+00,1.663795e+07,1.180545e+02,7.297883e+06,1.730961e+02,3.368821e+06,,0.000000e+00,0.000000e+00
2013-12-11 23:48:24.000000,0.000000e+00,1.663795e+07,1.180547e+02,7.297979e+06,1.730961e+02,3.368797e+06,,0.000000e+00,0.000000e+00
2013-12-11 23:48:25.000000,0.000000e+00,1.663795e+07,1.180549e+02,7.298076e+06,1.730961e+02,3.368773e+06,,0.000000e+00,0.000000e+00
2013-12-11 23:48:26.000000,0.000000e+00,1.663795e+07,1.180552e+02,7.298172e+06,1.730961e+02,3.368750e+06,,0.000000e+00,0.000000e+00
2013-12-11 23:48:27.000000,0.000000e+00,1.663795e+07,1.180554e+02,7.298269e+06,1.730961e+02,3.368726e+06,,0.000000e+00,0.000000e+00
2013-12-11 23:48:28.000000,0.000000e+00,1.663795e+07,1.180556e+02,7.298365e+06,1.730961e+02,3.368702e+06,,0.000000e+00,0.000000e+00
2013-12-11 23:48:29.000000,0.000000e+00,1.663795e+07,1.180558e+02,7.298461e+06,1.730961e+02,3.368678e+06,,0.000000e+00,0.000000e+00
2013-12-11 23:48:30.000000,0.000000e+00,1.663795e+07,1.180560e+02,7.298558e+06,1.730961e+02,3.368654e+06,,0.000000e+00,0.000000e+00
2013-12-11 23:48:31.000000,0.000000e+00,1.663795e+07,1.180563e+02,7.298654e+06,1.730961e+02,3.368631e+06,,0.000000e+00,0.000000e+00
2013-12-11 23:48:32.000000,0.000000e+00,1.663795e+07,1.180565e+02,7.298751e+06,1.730961e+02,3.368607e+06,,0.000000e+00,0.000000e+00
2013-12-11 23:48:33.000000,0.000000e+00,1.663795e+07,1.180567e+02,7.298847e+06,1.730961e+02,3.368583e+06,,0.000000e+00,0.000000e+00
2013-12-11 23:48:34.000000,0.000000e+00,1.663795e+07,1.180569e+02,7.298943e+06,1.730961e+02,3.368559e+06,,0.000000e+00,0.000000e+00
2013-12-11 23:48:35.000000,0.000000e+00,1.663795e+07,1.180571e+02,7.299040e+06,1.730961e+02,3.368536e+06,,0.000000e+00,0.000000e+00
2013-12-11 23:48:36.000000,0.000000e+00,1.663795e+07,1.180573e+02,7.299136e+06,1.730961e+02,3.368512e+06,,0.000000e+00,0.000000e+00
2013-12-11 23:48:37.000000,0.000000e+00,1.663795e+07,1.180575e+02,7.299233e+06,1.730961e+02,3.368488e+06,,0.000000e+00,0.000000e+00
2013-12-11 23:48:38.000000,0.000000e+00,1.663795e+07,1.180578e+02,7.299329e+06,1.730961e+02,3.368464e+06,,0.000000e+00,0.000000e+00
2013-12-11 23:48:39.000000,0.000000e+00,1.663795e+07,1.180580e+02,7.299426e+06,1.730961e+02,3.368440e+06,,0.000000e+00,0.000000e+00
2013-12-11 23:48:40.000000,0.000000e+00,1.663795e+07,1.180582e+02,7.299522e+06,1.730961e+02,3.368417e+06,,0.000000e+00,0.000000e+00
2013-12-11 23:48:41.000000,0.000000e+00,1.663795e+07,1.180584e+02,7.299619e+06,1.730961e+02,3.368393e+06,,0.000000e+00,0.000000e+00
2013-12-11 23:48:42.000000,0.000000e+00,1.663795e+07,1.180586e+02,7.299715e+06,1.730961e+02,3.368369e+06,,0.000000e+00,0.000000e+00
2013-12-11 23:48:43.000000,0.000000e+00,1.663795e+07,1.180589e+02,7.299812e+06,1.730961e+02,3.368345e+06,,0.000000e+00,0.000000e+00
2013-12-11 23:48:44.000000,0.000000e+00,1.663795e+07,1.180591e+02,7.299908e+06,1.730961e+02,3.368321e+06,,0.000000e+00,0.000000e+00
2013-12-11 23:48:45.000000,0.000000e+00,1.663795e+07,1.180593e+02,7.300005e+06,1.730961e+02,3.368298e+06,,0.000000e+00,0.000000e+00
2013-12-11 23:48:46.000000,0.000000e+00,1.663795e+07,1.180595e+02,7.300101e+06,1.730961e+02,3.368274e+06,,0.000000e+00,0.000000e+00
2013-12-11 23:48:47.000000,0.000000e+00,1.663795e+07,1.180597e+02,7.300198e+06,1.730961e+02,3.368250e+06,,0.000000e+00,0.000000e+00
2013-12-11 23:48:48.000000,0.000000e+00,1.663795e+07,1.180599e+02,7.300294e+06,1.730961e+02,3.368226e+06,,0.000000e+00,0.000000e+00
2013-12-11 23:48:49.000000,0.000000e+00,1.663795e+07,1.180602e+02,7.300391e+06,1.730961e+02,3.368202e+06,,0.000000e+00,0.000000e+00
2013-12-11 23:48:50.000000,0.000000e+00,1.663795e+07,1.180604e+02,7.300487e+06,1.730961e+02,3.368179e+06,,0.000000e+00,0.000000e+00
2013-12-11 23:48:51.000000,0.000000e+00,1.663795e+07,1.180606e+02,7.300583e+06,1.730961e+02,3.368155e+06,,0.000000e+00,0.000000e+00
2013-12-11 23:48:52.000000,0.000000e+00,1.663795e+07,1.180608e+02,7.300680e+06,1.730961e+02,3.368131e+06,,0.000000e+00,0.000000e+00
2013-12-11 23:48:53.000000,0.000000e+00,1.663795e+07,1.180610e+02,7.300776e+06,1.730961e+02,3.368107e+06,,0.000000e+00,0.000000e+00
2013-12-11 23:48:54.000000,0.000000e+00,1.663795e+07,1.180612e+02,7.300873e+06,1.730961e+02,3.368083e+06,,0.000000e+00,0.000000e+00
2013-12-11 23:48:55.000000,0.000000e+00,1.663795e+07,1.180615e+02,7.300969e+06,1.730961e+02,3.368060e+06,,0.000000e+00,0.000000e+00
2013-12-11 23:48:56.000000,0.000000e+00,1.663795e+07,1.180617e+02,7.301066e+06,1.730961e+02,3.368036e+06,,0.000000e+00,0.000000e+00
2013-12-11 23:48:57.000000,0.000000e+00,1.663795e+07,1.180619e+02,7.301162e+06,1.730961e+02,3.368012e+06,,0.000000e+00,0.000000e+00
2013-12-11 23:48:58.000000,0.000000e+00,1.663795e+07,1.180621e+02,7.301258e+06,1.730961e+02,3.367988e+06,,0.000000e+00,0.000000e+00
2013-12-11 23:48:59.000000,0.000000e+00,1.663795e+07,1.180623e+02,7.301355e+06,1.730961e+02,3.367965e+06,,0.000000e+00,0.000000e+00
2013-12-11 23:49:00.000000,0.000000e+00,1.663795e+07,1.180625e+02,7.301451e+06,1.730961e+02,3.367941e+06,,0.000000e+00,0.000000e+00
2013-12-11 23:49:01.000000,0.000000e+00,1.663795e+07,1.180628e+02,7.301548e+06,1.730961e+02,3.367917e+06,,0.000000e+00,0.000000e+00
2013-12-11 23:49:02.000000,0.000000e+00,1.663795e+07,1.180630e+02,7.301644e+06,1.730961e+02,3.367893e+06,,0.000000e+00,0.000000e+00
2013-12-11 23:49:03.000000,0.000000e+00,1.663795e+07,1.180632e+02,7.301740e+06,1.730961e+02,3.367869e+06,,0.000000e+00,0.000000e+00
2013-12-11 23:49:04.000000,0.000000e+00,1.663795e+07,1.180634e+02,7.301837e+06,1.730961e+02,3.367846e+06,,0.000000e+00,0.000000e+00
2013-12-11 23:49:05.000000,0.000000e+00,1.663795e+07,1.180636e+02,7.301933e+06,1.730961e+02,3.367822e+06,,0.000000e+00,0.000000e+00
2013-12-11 23:49:06.000000,0.000000e+00,1.663795e+07,1.180638e+02,7.302030e+06,1.730961e+02,3.367798e+06,,0.000000e+00,0.000000e+00
2013-12-11 23:49:07.000000,0.000000e+00,1.663795e+07,1.180641e+02,7.302126e+06,1.730961e+02,3.367774e+06,,0.000000e+00,0.000000e+00
2013-12-11 23:49:08.000000,0.000000e+00,1.663795e+07,1.180643e+02,7.302222e+06,1.730961e+02,3.367750e+06,,0.000000e+00,0.000000e+00
2013-12-11 23:49:09.000000,0.000000e+00,1.663795e+07,1.180645e+02,7.302319e+06,1.730961e+02,3.367727e+06,,0.000000e+00,0.000000e+00
2013-12-11 23:49:10.000000,0.000000e+00,1.663795e+07,1.180647e+02,7.302415e+06,1.730961e+02,3.367702e+06,,0.000000e+00,0.000000e+00
2013-12-11 23:49:11.000000,0.000000e+00,1.663795e+07,1.180649e+02,7.302512e+06,1.730961e+02,3.367679e+06,,0.000000e+00,0.000000e+00
2013-12-11 23:49:12.000000,0.000000e+00,1.663795e+07,1.180651e+02,7.302608e+06,1.730961e+02,3.367655e+06,,0.000000e+00,0.000000e+00
2013-12-11 23:49:13.000000,0.000000e+00,1.663795e+07,1.180654e+02,7.302705e+06,1.730961e+02,3.367631e+06,,0.000000e+00,0.000000e+00
2013-12-11 23:49:14.000000,0.000000e+00,1.663795e+07,1.180656e+02,7.302802e+06,1.730961e+02,3.367607e+06,,0.000000e+00,0.000000e+00
2013-12-11 23:49:15.000000,0.000000e+00,1.663795e+07,1.180658e+02,7.302898e+06,1.730961e+02,3.367584e+06,,0.000000e+00,0.000000e+00
2013-12-11 23:49:16.000000,0.000000e+00,1.663795e+07,1.180660e+02,7.302995e+06,1.730961e+02,3.367560e+06,,0.000000e+00,0.000000e+00
2013-12-11 23:49:17.000000,0.000000e+00,1.663795e+07,1.180662e+02,7.303091e+06,1.730961e+02,3.367536e+06,,0.000000e+00,0.000000e+00
2013-12-11 23:49:18.000000,0.000000e+00,1.663795e+07,1.180665e+02,7.303188e+06,1.730961e+02,3.367512e+06,,0.000000e+00,0.000000e+00
2013-12-11 23:49:19.000000,0.000000e+00,1.663795e+07,1.180667e+02,7.303284e+06,1.730961e+02,3.367488e+06,,0.000000e+00,0.000000e+00
2013-12-11 23:49:20.000000,0.000000e+00,1.663795e+07,1.180669e+02,7.303380e+06,1.730961e+02,3.367465e+06,,0.000000e+00,0.000000e+00
2013-12-11 23:49:21.000000,0.000000e+00,1.663795e+07,1.180671e+02,7.303477e+06,1.730961e+02,3.367441e+06,,0.000000e+00,0.000000e+00
2013-12-11 23:49:22.000000,0.000000e+00,1.663795e+07,1.180673e+02,7.303573e+06,1.730961e+02,3.367417e+06,,0.000000e+00,0.000000e+00
2013-12-11 23:49:23.000000,0.000000e+00,1.663795e+07,1.180675e+02,7.303670e+06,1.730961e+02,3.367393e+06,,0.000000e+00,0.000000e+00
2013-12-11 23:49:24.000000,0.000000e+00,1.663795e+07,1.180677e+02,7.303766e+06,1.730961e+02,3.367369e+06,,0.000000e+00,0.000000e+00
2013-12-11 23:49:25.000000,0.000000e+00,1.663795e+07,1.180680e+02,7.303862e+06,1.730961e+02,3.367346e+06,,0.000000e+00,0.000000e+00
2013-12-11 23:49:26.000000,0.000000e+00,1.663795e+07,1.180682e+02,7.303959e+06,1.730961e+02,3.367322e+06,,0.000000e+00,0.000000e+00
2013-12-11 23:49:27.000000,0.000000e+00,1.663795e+07,1.180684e+02,7.304055e+06,1.730961e+02,3.367298e+06,,0.000000e+00,0.000000e+00
2013-12-11 23:49:28.000000,0.000000e+00,1.663795e+07,1.180686e+02,7.304152e+06,1.730961e+02,3.367274e+06,,0.000000e+00,0.000000e+00
2013-12-11 23:49:29.000000,0.000000e+00,1.663795e+07,1.180688e+02,7.304248e+06,1.730961e+02,3.367250e+06,,0.000000e+00,0.000000e+00
2013-12-11 23:49:30.000000,0.000000e+00,1.663795e+07,1.180691e+02,7.304345e+06,1.730961e+02,3.367227e+06,,0.000000e+00,0.000000e+00
2013-12-11 23:49:31.000000,0.000000e+00,1.663795e+07,1.180693e+02,7.304441e+06,1.730961e+02,3.367203e+06,,0.000000e+00,0.000000e+00
2013-12-11 23:49:32.000000,0.000000e+00,1.663795e+07,1.180695e+02,7.304537e+06,1.730961e+02,3.367179e+06,,0.000000e+00,0.000000e+00
2013-12-11 23:49:33.000000,0.000000e+00,1.663795e+07,1.180697e+02,7.304634e+06,1.730961e+02,3.367155e+06,,0.000000e+00,0.000000e+00
2013-12-11 23:49:34.000000,0.000000e+00,1.663795e+07,1.180699e+02,7.304730e+06,1.730961e+02,3.367131e+06,,0.000000e+00,0.000000e+00
2013-12-11 23:49:35.000000,0.000000e+00,1.663795e+07,1.180701e+02,7.304827e+06,1.730961e+02,3.367108e+06,,0.000000e+00,0.000000e+00
2013-12-11 23:49:36.000000,0.000000e+00,1.663795e+07,1.180704e+02,7.304923e+06,1.730961e+02,3.367084e+06,,0.000000e+00,0.000000e+00
2013-12-11 23:49:37.000000,0.000000e+00,1.663795e+07,1.180706e+02,7.305019e+06,1.730961e+02,3.367060e+06,,0.000000e+00,0.000000e+00
2013-12-11 23:49:38.000000,0.000000e+00,1.663795e+07,1.180708e+02,7.305116e+06,1.730961e+02,3.367036e+06,,0.000000e+00,0.000000e+00
2013-12-11 23:49:39.000000,0.000000e+00,1.663795e+07,1.180710e+02,7.305212e+06,1.730961e+02,3.367012e+06,,0.000000e+00,0.000000e+00
2013-12-11 23:49:40.000000,0.000000e+00,1.663795e+07,1.180712e+02,7.305309e+06,1.730961e+02,3.366989e+06,,0.000000e+00,0.000000e+00
2013-12-11 23:49:41.000000,0.000000e+00,1.663795e+07,1.180714e+02,7.305405e+06,1.730961e+02,3.366965e+06,,0.000000e+00,0.000000e+00
2013-12-11 23:49:42.000000,0.000000e+00,1.663795e+07,1.180717e+02,7.305502e+06,1.730961e+02,3.366941e+06,,0.000000e+00,0.000000e+00
2013-12-11 23:49:43.000000,0.000000e+00,1.663795e+07,1.180719e+02,7.305598e+06,1.730961e+02,3.366917e+06,,0.000000e+00,0.000000e+00
2013-12-11 23:49:44.000000,0.000000e+00,1.663795e+07,1.180721e+02,7.305695e+06,1.730961e+02,3.366894e+06,,0.000000e+00,0.000000e+00
2013-12-11 23:49:45.000000,0.000000e+00,1.663795e+07,1.180723e+02,7.305791e+06,1.730961e+02,3.366870e+06,,0.000000e+00,0.000000e+00
2013-12-11 23:49:46.000000,0.000000e+00,1.663795e+07,1.180725e+02,7.305888e+06,1.730961e+02,3.366846e+06,,0.000000e+00,0.000000e+00
2013-12-11 23:49:47.000000,0.000000e+00,1.663795e+07,1.180727e+02,7.305984e+06,1.730961e+02,3.366822e+06,,0.000000e+00,0.000000e+00
2013-12-11 23:49:48.000000,0.000000e+00,1.663795e+07,1.180730e+02,7.306081e+06,1.730961e+02,3.366798e+06,,0.000000e+00,0.000000e+00
2013-12-11 23:49:49.000000,0.000000e+00,1.663795e+07,1.180732e+02,7.306177e+06,1.730961e+02,3.366775e+06,,0.000000e+00,0.000000e+00
2013-12-11 23:49:50.000000,0.000000e+00,1.663795e+07,1.180734e+02,7.306274e+06,1.730961e+02,3.366751e+06,,0.000000e+00,0.000000e+00
2013-12-11 23:49:51.000000,0.000000e+00,1.663795e+07,1.180736e+02,7.306370e+06,1.730961e+02,3.366727e+06,,0.000000e+00,0.000000e+00
2013-12-11 23:49:52.000000,0.000000e+00,1.663795e+07,1.180738e+02,7.306467e+06,1.730961e+02,3.366703e+06,,0.000000e+00,0.000000e+00
2013-12-11 23:49:53.000000,0.000000e+00,1.663795e+07,1.180740e+02,7.306563e+06,1.730961e+02,3.366679e+06,,0.000000e+00,0.000000e+00
2013-12-11 23:49:54.000000,0.000000e+00,1.663795e+07,1.180743e+02,7.306659e+06,1.730961e+02,3.366656e+06,,0.000000e+00,0.000000e+00
2013-12-11 23:49:55.000000,0.000000e+00,1.663795e+07,1.180745e+02,7.306756e+06,1.730961e+02,3.366632e+06,,0.000000e+00,0.000000e+00
2013-12-11 23:49:56.000000,0.000000e+00,1.663795e+07,1.180747e+02,7.306852e+06,1.730961e+02,3.366608e+06,,0.000000e+00,0.000000e+00
2013-12-11 23:49:57.000000,0.000000e+00,1.663795e+07,1.180749e+02,7.306949e+06,1.730961e+02,3.366584e+06,,0.000000e+00,0.000000e+00
2013-12-11 23:49:58.000000,0.000000e+00,1.663795e+07,1.180751e+02,7.307045e+06,1.730961e+02,3.366560e+06,,0.000000e+00,0.000000e+00
2013-12-11 23:49:59.000000,0.000000e+00,1.663795e+07,1.180753e+02,7.307141e+06,1.730961e+02,3.366537e+06,,0.000000e+00,0.000000e+00
2013-12-11 23:50:00.000000,0.000000e+00,1.663795e+07,1.180756e+02,7.307238e+06,1.730961e+02,3.366513e+06,,0.000000e+00,0.000000e+00
2013-12-11 23:50:01.000000,0.000000e+00,1.663795e+07,1.180758e+02,7.307334e+06,1.730961e+02,3.366489e+06,,0.000000e+00,0.000000e+00
2013-12-11 23:50:02.000000,0.000000e+00,1.663795e+07,1.180760e+02,7.307431e+06,1.730961e+02,3.366465e+06,,0.000000e+00,0.000000e+00
2013-12-11 23:50:03.000000,0.000000e+00,1.663795e+07,1.180762e+02,7.307527e+06,1.730961e+02,3.366441e+06,,0.000000e+00,0.000000e+00
2013-12-11 23:50:04.000000,0.000000e+00,1.663795e+07,1.180764e+02,7.307624e+06,1.730961e+02,3.366418e+06,,0.000000e+00,0.000000e+00
2013-12-11 23:50:05.000000,0.000000e+00,1.663795e+07,1.180767e+02,7.307720e+06,1.730961e+02,3.366394e+06,,0.000000e+00,0.000000e+00
2013-12-11 23:50:06.000000,0.000000e+00,1.663795e+07,1.180769e+02,7.307816e+06,1.730961e+02,3.366370e+06,,0.000000e+00,0.000000e+00
2013-12-11 23:50:07.000000,0.000000e+00,1.663795e+07,1.180771e+02,7.307913e+06,1.730961e+02,3.366346e+06,,0.000000e+00,0.000000e+00
2013-12-11 23:50:08.000000,0.000000e+00,1.663795e+07,1.180773e+02,7.308009e+06,1.730961e+02,3.366323e+06,,0.000000e+00,0.000000e+00
2013-12-11 23:50:09.000000,0.000000e+00,1.663795e+07,1.180775e+02,7.308106e+06,1.730961e+02,3.366299e+06,,0.000000e+00,0.000000e+00
2013-12-11 23:50:10.000000,0.000000e+00,1.663795e+07,1.180777e+02,7.308202e+06,1.730961e+02,3.366275e+06,,0.000000e+00,0.000000e+00
2013-12-11 23:50:11.000000,0.000000e+00,1.663795e+07,1.180779e+02,7.308298e+06,1.730961e+02,3.366251e+06,,0.000000e+00,0.000000e+00
2013-12-11 23:50:12.000000,0.000000e+00,1.663795e+07,1.180782e+02,7.308395e+06,1.730961e+02,3.366227e+06,,0.000000e+00,0.000000e+00
2013-12-11 23:50:13.000000,0.000000e+00,1.663795e+07,1.180784e+02,7.308492e+06,1.730961e+02,3.366204e+06,,0.000000e+00,0.000000e+00
2013-12-11 23:50:14.000000,0.000000e+00,1.663795e+07,1.180786e+02,7.308588e+06,1.730961e+02,3.366180e+06,,0.000000e+00,0.000000e+00
2013-12-11 23:50:15.000000,0.000000e+00,1.663795e+07,1.180788e+02,7.308685e+06,1.730961e+02,3.366156e+06,,0.000000e+00,0.000000e+00
2013-12-11 23:50:16.000000,0.000000e+00,1.663795e+07,1.180790e+02,7.308781e+06,1.730961e+02,3.366132e+06,,0.000000e+00,0.000000e+00
2013-12-11 23:50:17.000000,0.000000e+00,1.663795e+07,1.180793e+02,7.308878e+06,1.730961e+02,3.366108e+06,,0.000000e+00,0.000000e+00
2013-12-11 23:50:18.000000,0.000000e+00,1.663795e+07,1.180795e+02,7.308974e+06,1.730961e+02,3.366085e+06,,0.000000e+00,0.000000e+00
2013-12-11 23:50:19.000000,0.000000e+00,1.663795e+07,1.180797e+02,7.309071e+06,1.730961e+02,3.366061e+06,,0.000000e+00,0.000000e+00
2013-12-11 23:50:20.000000,0.000000e+00,1.663795e+07,1.180799e+02,7.309167e+06,1.730961e+02,3.366037e+06,,0.000000e+00,0.000000e+00
2013-12-11 23:50:21.000000,0.000000e+00,1.663795e+07,1.180801e+02,7.309264e+06,1.730961e+02,3.366013e+06,,0.000000e+00,0.000000e+00
2013-12-11 23:50:22.000000,0.000000e+00,1.663795e+07,1.180803e+02,7.309360e+06,1.730961e+02,3.365989e+06,,0.000000e+00,0.000000e+00
2013-12-11 23:50:23.000000,0.000000e+00,1.663795e+07,1.180806e+02,7.309456e+06,1.730961e+02,3.365966e+06,,0.000000e+00,0.000000e+00
2013-12-11 23:50:24.000000,0.000000e+00,1.663795e+07,1.180808e+02,7.309553e+06,1.730961e+02,3.365942e+06,,0.000000e+00,0.000000e+00
2013-12-11 23:50:25.000000,0.000000e+00,1.663795e+07,1.180810e+02,7.309649e+06,1.730961e+02,3.365918e+06,,0.000000e+00,0.000000e+00
2013-12-11 23:50:26.000000,0.000000e+00,1.663795e+07,1.180812e+02,7.309746e+06,1.730961e+02,3.365894e+06,,0.000000e+00,0.000000e+00
2013-12-11 23:50:27.000000,0.000000e+00,1.663795e+07,1.180814e+02,7.309842e+06,1.730961e+02,3.365870e+06,,0.000000e+00,0.000000e+00
2013-12-11 23:50:28.000000,0.000000e+00,1.663795e+07,1.180816e+02,7.309938e+06,1.730961e+02,3.365847e+06,,0.000000e+00,0.000000e+00
2013-12-11 23:50:29.000000,0.000000e+00,1.663795e+07,1.180819e+02,7.310035e+06,1.730961e+02,3.365823e+06,,0.000000e+00,0.000000e+00
2013-12-11 23:50:30.000000,0.000000e+00,1.663795e+07,1.180821e+02,7.310131e+06,1.730961e+02,3.365799e+06,,0.000000e+00,0.000000e+00
2013-12-11 23:50:31.000000,0.000000e+00,1.663795e+07,1.180823e+02,7.310228e+06,1.730961e+02,3.365775e+06,,0.000000e+00,0.000000e+00
2013-12-11 23:50:32.000000,0.000000e+00,1.663795e+07,1.180825e+02,7.310324e+06,1.730961e+02,3.365752e+06,,0.000000e+00,0.000000e+00
2013-12-11 23:50:33.000000,0.000000e+00,1.663795e+07,1.180827e+02,7.310421e+06,1.730961e+02,3.365728e+06,,0.000000e+00,0.000000e+00
2013-12-11 23:50:34.000000,0.000000e+00,1.663795e+07,1.180824e+02,7.310517e+06,1.730961e+02,3.365704e+06,,0.000000e+00,0.000000e+00
2013-12-11 23:50:35.000000,0.000000e+00,1.663795e+07,1.180821e+02,7.310613e+06,1.730961e+02,3.365680e+06,,0.000000e+00,0.000000e+00
2013-12-11 23:50:36.000000,0.000000e+00,1.663795e+07,1.180818e+02,7.310710e+06,1.730961e+02,3.365656e+06,,0.000000e+00,0.000000e+00
2013-12-11 23:50:37.000000,0.000000e+00,1.663795e+07,1.180815e+02,7.310806e+06,1.730961e+02,3.365633e+06,,0.000000e+00,0.000000e+00
2013-12-11 23:50:38.000000,0.000000e+00,1.663795e+07,1.180812e+02,7.310903e+06,1.730961e+02,3.365609e+06,,0.000000e+00,0.000000e+00
2013-12-11 23:50:39.000000,0.000000e+00,1.663795e+07,1.180809e+02,7.310999e+06,1.730961e+02,3.365585e+06,,0.000000e+00,0.000000e+00
2013-12-11 23:50:40.000000,0.000000e+00,1.663795e+07,1.180806e+02,7.311364e+06,1.730961e+02,3.365561e+06,,0.000000e+00,0.000000e+00
2013-12-11 23:50:41.000000,0.000000e+00,1.663795e+07,1.180803e+02,7.311729e+06,1.730961e+02,3.365537e+06,,0.000000e+00,0.000000e+00
2013-12-11 23:50:42.000000,0.000000e+00,1.663795e+07,1.180800e+02,7.312093e+06,1.730961e+02,3.365514e+06,,0.000000e+00,0.000000e+00
2013-12-11 23:50:43.000000,0.000000e+00,1.663795e+07,1.180797e+02,7.312458e+06,1.730961e+02,3.365490e+06,,0.000000e+00,0.000000e+00
2013-12-11 23:50:44.000000,0.000000e+00,1.663795e+07,1.180794e+02,7.312823e+06,1.730961e+02,3.365466e+06,,0.000000e+00,0.000000e+00
2013-12-11 23:50:45.000000,0.000000e+00,1.663795e+07,1.180791e+02,7.313187e+06,1.730961e+02,3.365442e+06,,0.000000e+00,0.000000e+00
2013-12-11 23:50:46.000000,0.000000e+00,1.663795e+07,1.180788e+02,7.313552e+06,1.730961e+02,3.365418e+06,,0.000000e+00,0.000000e+00
2013-12-11 23:50:47.000000,0.000000e+00,1.663795e+07,1.180785e+02,7.313917e+06,1.730961e+02,3.365395e+06,,0.000000e+00,0.000000e+00
2013-12-11 23:50:48.000000,0.000000e+00,1.663795e+07,1.180782e+02,7.314281e+06,1.730961e+02,3.365371e+06,,0.000000e+00,0.000000e+00
2013-12-11 23:50:49.000000,0.000000e+00,1.663795e+07,1.180779e+02,7.314646e+06,1.730961e+02,3.365347e+06,,0.000000e+00,0.000000e+00
2013-12-11 23:50:50.000000,0.000000e+00,1.663795e+07,1.180776e+02,7.315011e+06,1.730961e+02,3.365323e+06,,0.000000e+00,0.000000e+00
2013-12-11 23:50:51.000000,0.000000e+00,1.663795e+07,1.180773e+02,7.315376e+06,1.730961e+02,3.365299e+06,,0.000000e+00,0.000000e+00
2013-12-11 23:50:52.000000,0.000000e+00,1.663795e+07,1.180770e+02,7.315740e+06,1.730961e+02,3.365276e+06,,0.000000e+00,0.000000e+00
2013-12-11 23:50:53.000000,0.000000e+00,1.663795e+07,1.180767e+02,7.316105e+06,1.730961e+02,3.365252e+06,,0.000000e+00,0.000000e+00
2013-12-11 23:50:54.000000,0.000000e+00,1.663795e+07,1.180764e+02,7.316470e+06,1.730961e+02,3.365228e+06,,0.000000e+00,0.000000e+00
2013-12-11 23:50:55.000000,0.000000e+00,1.663795e+07,1.180761e+02,7.316834e+06,1.730961e+02,3.365204e+06,,0.000000e+00,0.000000e+00
2013-12-11 23:50:56.000000,0.000000e+00,1.663795e+07,1.180758e+02,7.317199e+06,1.730961e+02,3.365180e+06,,0.000000e+00,0.000000e+00
2013-12-11 23:50:57.000000,0.000000e+00,1.663795e+07,1.180755e+02,7.317564e+06,1.730961e+02,3.365157e+06,,0.000000e+00,0.000000e+00
2013-12-11 23:50:58.000000,0.000000e+00,1.663795e+07,1.180752e+02,7.317928e+06,1.730961e+02,3.365133e+06,,0.000000e+00,0.000000e+00
2013-12-11 23:50:59.000000,0.000000e+00,1.663795e+07,1.180749e+02,7.318293e+06,1.730961e+02,3.365109e+06,,0.000000e+00,0.000000e+00
2013-12-11 23:51:00.000000,0.000000e+00,1.663795e+07,1.180746e+02,7.318658e+06,1.730961e+02,3.365085e+06,,0.000000e+00,0.000000e+00
2013-12-11 23:51:01.000000,0.000000e+00,1.663795e+07,1.180743e+02,7.319022e+06,1.730961e+02,3.365062e+06,,0.000000e+00,0.000000e+00
2013-12-11 23:51:02.000000,0.000000e+00,1.663795e+07,1.180740e+02,7.319387e+06,1.730961e+02,3.365038e+06,,0.000000e+00,0.000000e+00
2013-12-11 23:51:03.000000,0.000000e+00,1.663795e+07,1.180737e+02,7.319752e+06,1.730961e+02,3.365014e+06,,0.000000e+00,0.000000e+00
2013-12-11 23:51:04.000000,0.000000e+00,1.663795e+07,1.180734e+02,7.320116e+06,1.730961e+02,3.364990e+06,,0.000000e+00,0.000000e+00
2013-12-11 23:51:05.000000,0.000000e+00,1.663795e+07,1.180731e+02,7.320481e+06,1.730961e+02,3.364966e+06,,0.000000e+00,0.000000e+00
2013-12-11 23:51:06.000000,0.000000e+00,1.663795e+07,1.180728e+02,7.320846e+06,1.730961e+02,3.364943e+06,,0.000000e+00,0.000000e+00
2013-12-11 23:51:07.000000,0.000000e+00,1.663795e+07,1.180725e+02,7.321210e+06,1.730961e+02,3.364919e+06,,0.000000e+00,0.000000e+00
2013-12-11 23:51:08.000000,0.000000e+00,1.663795e+07,1.180722e+02,7.321575e+06,1.730961e+02,3.364895e+06,,0.000000e+00,0.000000e+00
2013-12-11 23:51:09.000000,0.000000e+00,1.663795e+07,1.180719e+02,7.321940e+06,1.730961e+02,3.364871e+06,,0.000000e+00,0.000000e+00
2013-12-11 23:51:10.000000,0.000000e+00,1.663795e+07,1.180716e+02,7.322304e+06,1.730961e+02,3.364847e+06,,0.000000e+00,0.000000e+00
2013-12-11 23:51:11.000000,0.000000e+00,1.663795e+07,1.180713e+02,7.322668e+06,1.730961e+02,3.364824e+06,,0.000000e+00,0.000000e+00
2013-12-11 23:51:12.000000,0.000000e+00,1.663795e+07,1.180710e+02,7.323033e+06,1.730961e+02,3.364799e+06,,0.000000e+00,0.000000e+00
2013-12-11 23:51:13.000000,0.000000e+00,1.663795e+07,1.180707e+02,7.323398e+06,1.730961e+02,3.364776e+06,,0.000000e+00,0.000000e+00
2013-12-11 23:51:14.000000,0.000000e+00,1.663795e+07,1.180704e+02,7.323763e+06,1.730961e+02,3.364752e+06,,0.000000e+00,0.000000e+00
2013-12-11 23:51:15.000000,0.000000e+00,1.663795e+07,1.180701e+02,7.324127e+06,1.730961e+02,3.364728e+06,,0.000000e+00,0.000000e+00
2013-12-11 23:51:16.000000,0.000000e+00,1.663795e+07,1.180698e+02,7.324492e+06,1.730961e+02,3.364705e+06,,0.000000e+00,0.000000e+00
2013-12-11 23:51:17.000000,0.000000e+00,1.663795e+07,1.180695e+02,7.324857e+06,1.730961e+02,3.364681e+06,,0.000000e+00,0.000000e+00
2013-12-11 23:51:18.000000,0.000000e+00,1.663795e+07,1.180692e+02,7.325221e+06,1.730961e+02,3.364657e+06,,0.000000e+00,0.000000e+00
2013-12-11 23:51:19.000000,0.000000e+00,1.663795e+07,1.180689e+02,7.325586e+06,1.730961e+02,3.364633e+06,,0.000000e+00,0.000000e+00
2013-12-11 23:51:20.000000,0.000000e+00,1.663795e+07,1.180686e+02,7.325951e+06,1.730961e+02,3.364609e+06,,0.000000e+00,0.000000e+00
2013-12-11 23:51:21.000000,0.000000e+00,1.663795e+07,1.180683e+02,7.326315e+06,1.730961e+02,3.364585e+06,,0.000000e+00,0.000000e+00
2013-12-11 23:51:22.000000,0.000000e+00,1.663795e+07,1.180680e+02,7.326680e+06,1.730961e+02,3.364562e+06,,0.000000e+00,0.000000e+00
2013-12-11 23:51:23.000000,0.000000e+00,1.663795e+07,1.180677e+02,7.327045e+06,1.730961e+02,3.364538e+06,,0.000000e+00,0.000000e+00
2013-12-11 23:51:24.000000,0.000000e+00,1.663795e+07,1.180674e+02,7.327409e+06,1.730961e+02,3.364514e+06,,0.000000e+00,0.000000e+00
2013-12-11 23:51:25.000000,0.000000e+00,1.663795e+07,1.180671e+02,7.327774e+06,1.730961e+02,3.364491e+06,,0.000000e+00,0.000000e+00
2013-12-11 23:51:26.000000,0.000000e+00,1.663795e+07,1.180668e+02,7.328139e+06,1.730961e+02,3.364466e+06,,0.000000e+00,0.000000e+00
2013-12-11 23:51:27.000000,0.000000e+00,1.663795e+07,1.180665e+02,7.328503e+06,1.730961e+02,3.364443e+06,,0.000000e+00,0.000000e+00
2013-12-11 23:51:28.000000,0.000000e+00,1.663795e+07,1.180662e+02,7.328868e+06,1.730961e+02,3.364419e+06,,0.000000e+00,0.000000e+00
2013-12-11 23:51:29.000000,0.000000e+00,1.663795e+07,1.180659e+02,7.329233e+06,1.730961e+02,3.364395e+06,,0.000000e+00,0.000000e+00
2013-12-11 23:51:30.000000,0.000000e+00,1.663795e+07,1.180656e+02,7.329597e+06,1.730961e+02,3.364371e+06,,0.000000e+00,0.000000e+00
2013-12-11 23:51:31.000000,0.000000e+00,1.663795e+07,1.180653e+02,7.329962e+06,1.730961e+02,3.364347e+06,,0.000000e+00,0.000000e+00
2013-12-11 23:51:32.000000,0.000000e+00,1.663795e+07,1.180650e+02,7.330327e+06,1.730961e+02,3.364324e+06,,0.000000e+00,0.000000e+00
2013-12-11 23:51:33.000000,0.000000e+00,1.663795e+07,1.180647e+02,7.330692e+06,1.730961e+02,3.364300e+06,,0.000000e+00,0.000000e+00
2013-12-11 23:51:34.000000,0.000000e+00,1.663795e+07,1.180644e+02,7.331056e+06,1.730961e+02,3.364276e+06,,0.000000e+00,0.000000e+00
2013-12-11 23:51:35.000000,0.000000e+00,1.663795e+07,1.180641e+02,7.331421e+06,1.730961e+02,3.364252e+06,,0.000000e+00,0.000000e+00
2013-12-11 23:51:36.000000,0.000000e+00,1.663795e+07,1.180638e+02,7.331786e+06,1.730961e+02,3.364228e+06,,0.000000e+00,0.000000e+00
2013-12-11 23:51:37.000000,0.000000e+00,1.663795e+07,1.180635e+02,7.332150e+06,1.730961e+02,3.364205e+06,,0.000000e+00,0.000000e+00
2013-12-11 23:51:38.000000,0.000000e+00,1.663795e+07,1.180632e+02,7.332515e+06,1.730961e+02,3.364181e+06,,0.000000e+00,0.000000e+00
2013-12-11 23:51:39.000000,0.000000e+00,1.663795e+07,1.180629e+02,7.332880e+06,1.730961e+02,3.364157e+06,,0.000000e+00,0.000000e+00
2013-12-11 23:51:40.000000,0.000000e+00,1.663795e+07,1.180626e+02,7.333244e+06,1.730961e+02,3.364133e+06,,0.000000e+00,0.000000e+00
2013-12-11 23:51:41.000000,0.000000e+00,1.663795e+07,1.180623e+02,7.333609e+06,1.730961e+02,3.364110e+06,,0.000000e+00,0.000000e+00
2013-12-11 23:51:42.000000,0.000000e+00,1.663795e+07,1.180620e+02,7.333974e+06,1.730961e+02,3.364086e+06,,0.000000e+00,0.000000e+00
2013-12-11 23:51:43.000000,0.000000e+00,1.663795e+07,1.180617e+02,7.334338e+06,1.730961e+02,3.364062e+06,,0.000000e+00,0.000000e+00
2013-12-11 23:51:44.000000,0.000000e+00,1.663795e+07,1.180614e+02,7.334703e+06,1.730961e+02,3.364038e+06,,0.000000e+00,0.000000e+00
2013-12-11 23:51:45.000000,0.000000e+00,1.663795e+07,1.180611e+02,7.335068e+06,1.730961e+02,3.364014e+06,,0.000000e+00,0.000000e+00
2013-12-11 23:51:46.000000,0.000000e+00,1.663795e+07,1.180608e+02,7.335432e+06,1.730961e+02,3.363991e+06,,0.000000e+00,0.000000e+00
2013-12-11 23:51:47.000000,0.000000e+00,1.663795e+07,1.180605e+02,7.335797e+06,1.730961e+02,3.363967e+06,,0.000000e+00,0.000000e+00
2013-12-11 23:51:48.000000,0.000000e+00,1.663795e+07,1.180602e+02,7.336162e+06,1.730961e+02,3.363943e+06,,0.000000e+00,0.000000e+00
2013-12-11 23:51:49.000000,0.000000e+00,1.663795e+07,1.180599e+02,7.336526e+06,1.730961e+02,3.363919e+06,,0.000000e+00,0.000000e+00
2013-12-11 23:51:50.000000,0.000000e+00,1.663795e+07,1.180596e+02,7.336891e+06,1.730961e+02,3.363895e+06,,0.000000e+00,0.000000e+00
2013-12-11 23:51:51.000000,0.000000e+00,1.663795e+07,1.180593e+02,7.337256e+06,1.730961e+02,3.363872e+06,,0.000000e+00,0.000000e+00
2013-12-11 23:51:52.000000,0.000000e+00,1.663795e+07,1.180590e+02,7.337621e+06,1.730961e+02,3.363848e+06,,0.000000e+00,0.000000e+00
2013-12-11 23:51:53.000000,0.000000e+00,1.663795e+07,1.180587e+02,7.337985e+06,1.730961e+02,3.363824e+06,,0.000000e+00,0.000000e+00
2013-12-11 23:51:54.000000,0.000000e+00,1.663795e+07,1.180584e+02,7.338350e+06,1.730961e+02,3.363800e+06,,0.000000e+00,0.000000e+00
2013-12-11 23:51:55.000000,0.000000e+00,1.663795e+07,1.180581e+02,7.338715e+06,1.730961e+02,3.363776e+06,,0.000000e+00,0.000000e+00
2013-12-11 23:51:56.000000,0.000000e+00,1.663795e+07,1.180578e+02,7.339079e+06,1.730961e+02,3.363753e+06,,0.000000e+00,0.000000e+00
2013-12-11 23:51:57.000000,0.000000e+00,1.663795e+07,1.180575e+02,7.339444e+06,1.730961e+02,3.363729e+06,,0.000000e+00,0.000000e+00
2013-12-11 23:51:58.000000,0.000000e+00,1.663795e+07,1.180572e+02,7.339809e+06,1.730961e+02,3.363705e+06,,0.000000e+00,0.000000e+00
2013-12-11 23:51:59.000000,0.000000e+00,1.663795e+07,1.180569e+02,7.340173e+06,1.730961e+02,3.363681e+06,,0.000000e+00,0.000000e+00
2013-12-11 23:52:00.000000,0.000000e+00,1.663795e+07,1.180566e+02,7.340538e+06,1.730961e+02,3.363657e+06,,0.000000e+00,0.000000e+00
2013-12-11 23:52:01.000000,0.000000e+00,1.663795e+07,1.180563e+02,7.340903e+06,1.730961e+02,3.363634e+06,,0.000000e+00,0.000000e+00
2013-12-11 23:52:02.000000,0.000000e+00,1.663795e+07,1.180560e+02,7.341267e+06,1.730961e+02,3.363610e+06,,0.000000e+00,0.000000e+00
2013-12-11 23:52:03.000000,0.000000e+00,1.663795e+07,1.180557e+02,7.341632e+06,1.730961e+02,3.363586e+06,,0.000000e+00,0.000000e+00
2013-12-11 23:52:04.000000,0.000000e+00,1.663795e+07,1.180554e+02,7.341997e+06,1.730961e+02,3.363562e+06,,0.000000e+00,0.000000e+00
2013-12-11 23:52:05.000000,0.000000e+00,1.663795e+07,1.180551e+02,7.342361e+06,1.730961e+02,3.363539e+06,,0.000000e+00,0.000000e+00
2013-12-11 23:52:06.000000,0.000000e+00,1.663795e+07,1.180548e+02,7.342726e+06,1.730961e+02,3.363515e+06,,0.000000e+00,0.000000e+00
2013-12-11 23:52:07.000000,0.000000e+00,1.663795e+07,1.180545e+02,7.343091e+06,1.730961e+02,3.363491e+06,,0.000000e+00,0.000000e+00
2013-12-11 23:52:08.000000,0.000000e+00,1.663795e+07,1.180542e+02,7.343456e+06,1.730961e+02,3.363467e+06,,0.000000e+00,0.000000e+00
2013-12-11 23:52:09.000000,0.000000e+00,1.663795e+07,1.180539e+02,7.343820e+06,1.730961e+02,3.363443e+06,,0.000000e+00,0.000000e+00
2013-12-11 23:52:10.000000,0.000000e+00,1.663795e+07,1.180536e+02,7.344184e+06,1.730961e+02,3.363420e+06,,0.000000e+00,0.000000e+00
2013-12-11 23:52:11.000000,0.000000e+00,1.663795e+07,1.180533e+02,7.344549e+06,1.730961e+02,3.363396e+06,,0.000000e+00,0.000000e+00
2013-12-11 23:52:12.000000,0.000000e+00,1.663795e+07,1.180530e+02,7.344913e+06,1.730961e+02,3.363372e+06,,0.000000e+00,0.000000e+00
2013-12-11 23:52:13.000000,0.000000e+00,1.663795e+07,1.180527e+02,7.345278e+06,1.730961e+02,3.363348e+06,,0.000000e+00,0.000000e+00
2013-12-11 23:52:14.000000,0.000000e+00,1.663795e+07,1.180524e+02,7.345643e+06,1.730961e+02,3.363324e+06,,0.000000e+00,0.000000e+00
2013-12-11 23:52:15.000000,0.000000e+00,1.663795e+07,1.180521e+02,7.346008e+06,1.730961e+02,3.363301e+06,,0.000000e+00,0.000000e+00
2013-12-11 23:52:16.000000,0.000000e+00,1.663795e+07,1.180518e+02,7.346372e+06,1.730961e+02,3.363277e+06,,0.000000e+00,0.000000e+00
2013-12-11 23:52:17.000000,0.000000e+00,1.663795e+07,1.180515e+02,7.346737e+06,1.730961e+02,3.363253e+06,,0.000000e+00,0.000000e+00
2013-12-11 23:52:18.000000,0.000000e+00,1.663795e+07,1.180512e+02,7.347102e+06,1.730961e+02,3.363229e+06,,0.000000e+00,0.000000e+00
2013-12-11 23:52:19.000000,0.000000e+00,1.663795e+07,1.180509e+02,7.347466e+06,1.730961e+02,3.363205e+06,,0.000000e+00,0.000000e+00
2013-12-11 23:52:20.000000,0.000000e+00,1.663795e+07,1.180506e+02,7.347831e+06,1.730961e+02,3.363182e+06,,0.000000e+00,0.000000e+00
2013-12-11 23:52:21.000000,0.000000e+00,1.663795e+07,1.180503e+02,7.348196e+06,1.730961e+02,3.363158e+06,,0.000000e+00,0.000000e+00
2013-12-11 23:52:22.000000,0.000000e+00,1.663795e+07,1.180500e+02,7.348560e+06,1.730961e+02,3.363134e+06,,0.000000e+00,0.000000e+00
2013-12-11 23:52:23.000000,0.000000e+00,1.663795e+07,1.180497e+02,7.348925e+06,1.730961e+02,3.363110e+06,,0.000000e+00,0.000000e+00
2013-12-11 23:52:24.000000,0.000000e+00,1.663795e+07,1.180494e+02,7.349290e+06,1.730961e+02,3.363086e+06,,0.000000e+00,0.000000e+00
2013-12-11 23:52:25.000000,0.000000e+00,1.663795e+07,1.180491e+02,7.349654e+06,1.730961e+02,3.363063e+06,,0.000000e+00,0.000000e+00
2013-12-11 23:52:26.000000,0.000000e+00,1.663795e+07,1.180488e+02,7.350019e+06,1.730961e+02,3.363039e+06,,0.000000e+00,0.000000e+00
2013-12-11 23:52:27.000000,0.000000e+00,1.663795e+07,1.180485e+02,7.350384e+06,1.730961e+02,3.363015e+06,,0.000000e+00,0.000000e+00
2013-12-11 23:52:28.000000,0.000000e+00,1.663795e+07,1.180482e+02,7.350748e+06,1.730961e+02,3.362991e+06,,0.000000e+00,0.000000e+00
2013-12-11 23:52:29.000000,0.000000e+00,1.663795e+07,1.180479e+02,7.351113e+06,1.730961e+02,3.362967e+06,,0.000000e+00,0.000000e+00
2013-12-11 23:52:30.000000,0.000000e+00,1.663795e+07,1.180476e+02,7.351478e+06,1.730961e+02,3.362944e+06,,0.000000e+00,0.000000e+00
2013-12-11 23:52:31.000000,0.000000e+00,1.663795e+07,1.180473e+02,7.351842e+06,1.730961e+02,3.362920e+06,,0.000000e+00,0.000000e+00
2013-12-11 23:52:32.000000,0.000000e+00,1.663795e+07,1.180470e+02,7.352207e+06,1.730961e+02,3.362896e+06,,0.000000e+00,0.000000e+00
2013-12-11 23:52:33.000000,0.000000e+00,1.663795e+07,1.180467e+02,7.352572e+06,1.730961e+02,3.362872e+06,,0.000000e+00,0.000000e+00
2013-12-11 23:52:34.000000,0.000000e+00,1.663795e+07,1.180464e+02,7.352937e+06,1.730961e+02,3.362849e+06,,0.000000e+00,0.000000e+00
2013-12-11 23:52:35.000000,0.000000e+00,1.663795e+07,1.180461e+02,7.353301e+06,1.730961e+02,3.362825e+06,,0.000000e+00,0.000000e+00
2013-12-11 23:52:36.000000,0.000000e+00,1.663795e+07,1.180458e+02,7.353666e+06,1.730961e+02,3.362801e+06,,0.000000e+00,0.000000e+00
2013-12-11 23:52:37.000000,0.000000e+00,1.663795e+07,1.180455e+02,7.354031e+06,1.730961e+02,3.362777e+06,,0.000000e+00,0.000000e+00
2013-12-11 23:52:38.000000,0.000000e+00,1.663795e+07,1.180452e+02,7.354395e+06,1.730961e+02,3.362753e+06,,0.000000e+00,0.000000e+00
2013-12-11 23:52:39.000000,0.000000e+00,1.663795e+07,1.180449e+02,7.354760e+06,1.730961e+02,3.362730e+06,,0.000000e+00,0.000000e+00
2013-12-11 23:52:40.000000,0.000000e+00,1.663795e+07,1.180446e+02,7.355125e+06,1.730961e+02,3.362706e+06,,0.000000e+00,0.000000e+00
2013-12-11 23:52:41.000000,0.000000e+00,1.663795e+07,1.180443e+02,7.353923e+06,1.730961e+02,3.362682e+06,,0.000000e+00,0.000000e+00
2013-12-11 23:52:42.000000,0.000000e+00,1.663795e+07,1.180440e+02,7.352721e+06,1.730961e+02,3.362658e+06,,0.000000e+00,0.000000e+00
2013-12-11 23:52:43.000000,0.000000e+00,1.663795e+07,1.180437e+02,7.351520e+06,1.730961e+02,3.362634e+06,,0.000000e+00,0.000000e+00
2013-12-11 23:52:44.000000,0.000000e+00,1.663795e+07,1.180443e+02,7.350319e+06,1.730961e+02,3.362611e+06,,0.000000e+00,0.000000e+00
2013-12-11 23:52:45.000000,0.000000e+00,1.663795e+07,1.180450e+02,7.349117e+06,1.730961e+02,3.362587e+06,,0.000000e+00,0.000000e+00
2013-12-11 23:52:46.000000,0.000000e+00,1.663795e+07,1.180456e+02,7.347916e+06,1.730961e+02,3.362563e+06,,0.000000e+00,0.000000e+00
2013-12-11 23:52:47.000000,0.000000e+00,1.663795e+07,1.180463e+02,7.346714e+06,1.730961e+02,3.362539e+06,,0.000000e+00,0.000000e+00
2013-12-11 23:52:48.000000,0.000000e+00,1.663795e+07,1.180469e+02,7.345512e+06,1.730961e+02,3.362515e+06,,0.000000e+00,0.000000e+00
2013-12-11 23:52:49.000000,0.000000e+00,1.663795e+07,1.180476e+02,7.344311e+06,1.730961e+02,3.362492e+06,,0.000000e+00,0.000000e+00
2013-12-11 23:52:50.000000,0.000000e+00,1.663795e+07,1.180482e+02,7.343110e+06,1.730961e+02,3.362468e+06,,0.000000e+00,0.000000e+00
2013-12-11 23:52:51.000000,0.000000e+00,1.663795e+07,1.180489e+02,7.341908e+06,1.730961e+02,3.362444e+06,,0.000000e+00,0.000000e+00
2013-12-11 23:52:52.000000,0.000000e+00,1.663795e+07,1.180495e+02,7.340707e+06,1.730961e+02,3.362420e+06,,0.000000e+00,0.000000e+00
2013-12-11 23:52:53.000000,0.000000e+00,1.663795e+07,1.180502e+02,7.339505e+06,1.730961e+02,3.362396e+06,,0.000000e+00,0.000000e+00
2013-12-11 23:52:54.000000,0.000000e+00,1.663795e+07,1.180508e+02,7.338303e+06,1.730961e+02,3.362373e+06,,0.000000e+00,0.000000e+00
2013-12-11 23:52:55.000000,0.000000e+00,1.663795e+07,1.180515e+02,7.337102e+06,1.730961e+02,3.362349e+06,,0.000000e+00,0.000000e+00
2013-12-11 23:52:56.000000,0.000000e+00,1.663795e+07,1.180521e+02,7.335900e+06,1.730961e+02,3.362325e+06,,0.000000e+00,0.000000e+00
2013-12-11 23:52:57.000000,0.000000e+00,1.663795e+07,1.180528e+02,7.334699e+06,1.730961e+02,3.362301e+06,,0.000000e+00,0.000000e+00
2013-12-11 23:52:58.000000,0.000000e+00,1.663795e+07,1.180534e+02,7.333498e+06,1.730961e+02,3.362278e+06,,0.000000e+00,0.000000e+00
2013-12-11 23:52:59.000000,0.000000e+00,1.663795e+07,1.180541e+02,7.332296e+06,1.730961e+02,3.362254e+06,,0.000000e+00,0.000000e+00
2013-12-11 23:53:00.000000,0.000000e+00,1.663795e+07,1.180547e+02,7.331094e+06,1.730961e+02,3.362230e+06,,0.000000e+00,0.000000e+00
2013-12-11 23:53:01.000000,0.000000e+00,1.663795e+07,1.180554e+02,7.329893e+06,1.730961e+02,3.362206e+06,,0.000000e+00,0.000000e+00
2013-12-11 23:53:02.000000,0.000000e+00,1.663795e+07,1.180560e+02,7.328691e+06,1.730961e+02,3.362182e+06,,0.000000e+00,0.000000e+00
2013-12-11 23:53:03.000000,0.000000e+00,1.663795e+07,1.180567e+02,7.327490e+06,1.730961e+02,3.362159e+06,,0.000000e+00,0.000000e+00
2013-12-11 23:53:04.000000,0.000000e+00,1.663795e+07,1.180573e+02,7.326289e+06,1.730961e+02,3.362135e+06,,0.000000e+00,0.000000e+00
2013-12-11 23:53:05.000000,0.000000e+00,1.663795e+07,1.180580e+02,7.325087e+06,1.730961e+02,3.362111e+06,,0.000000e+00,0.000000e+00
2013-12-11 23:53:06.000000,0.000000e+00,1.663795e+07,1.180586e+02,7.323885e+06,1.730961e+02,3.362087e+06,,0.000000e+00,0.000000e+00
2013-12-11 23:53:07.000000,0.000000e+00,1.663795e+07,1.180593e+02,7.322684e+06,1.730961e+02,3.362063e+06,,0.000000e+00,0.000000e+00
2013-12-11 23:53:08.000000,0.000000e+00,1.663795e+07,1.180599e+02,7.321482e+06,1.730961e+02,3.362040e+06,,0.000000e+00,0.000000e+00
2013-12-11 23:53:09.000000,0.000000e+00,1.663795e+07,1.180606e+02,7.320280e+06,1.730961e+02,3.362016e+06,,0.000000e+00,0.000000e+00
2013-12-11 23:53:10.000000,0.000000e+00,1.663795e+07,1.180612e+02,7.319080e+06,1.730961e+02,3.361992e+06,,0.000000e+00,0.000000e+00
2013-12-11 23:53:11.000000,0.000000e+00,1.663795e+07,1.180619e+02,7.317878e+06,1.730961e+02,3.361968e+06,,0.000000e+00,0.000000e+00
2013-12-11 23:53:12.000000,0.000000e+00,1.663795e+07,1.180625e+02,7.316676e+06,1.730961e+02,3.361944e+06,,0.000000e+00,0.000000e+00
2013-12-11 23:53:13.000000,0.000000e+00,1.663795e+07,1.180632e+02,7.315475e+06,1.730961e+02,3.361921e+06,,0.000000e+00,0.000000e+00
2013-12-11 23:53:14.000000,0.000000e+00,1.663795e+07,1.180638e+02,7.314273e+06,1.730961e+02,3.361897e+06,,0.000000e+00,0.000000e+00
2013-12-11 23:53:15.000000,0.000000e+00,1.663795e+07,1.180645e+02,7.313071e+06,1.730961e+02,3.361873e+06,,0.000000e+00,0.000000e+00
2013-12-11 23:53:16.000000,0.000000e+00,1.663795e+07,1.180651e+02,7.311870e+06,1.730961e+02,3.361849e+06,,0.000000e+00,0.000000e+00
2013-12-11 23:53:17.000000,0.000000e+00,1.663795e+07,1.180658e+02,7.310669e+06,1.730961e+02,3.361825e+06,,0.000000e+00,0.000000e+00
2013-12-11 23:53:18.000000,0.000000e+00,1.663795e+07,1.180665e+02,7.309467e+06,1.730961e+02,3.361802e+06,,0.000000e+00,0.000000e+00
2013-12-11 23:53:19.000000,0.000000e+00,1.663795e+07,1.180671e+02,7.308266e+06,1.730961e+02,3.361778e+06,,0.000000e+00,0.000000e+00
2013-12-11 23:53:20.000000,0.000000e+00,1.663795e+07,1.180677e+02,7.307064e+06,1.730961e+02,3.361754e+06,,0.000000e+00,0.000000e+00
2013-12-11 23:53:21.000000,0.000000e+00,1.663795e+07,1.180684e+02,7.305862e+06,1.730961e+02,3.361730e+06,,0.000000e+00,0.000000e+00
2013-12-11 23:53:22.000000,0.000000e+00,1.663795e+07,1.180691e+02,7.304661e+06,1.730961e+02,3.361707e+06,,0.000000e+00,0.000000e+00
2013-12-11 23:53:23.000000,0.000000e+00,1.663795e+07,1.180697e+02,7.303460e+06,1.730961e+02,3.361683e+06,,0.000000e+00,0.000000e+00
2013-12-11 23:53:24.000000,0.000000e+00,1.663795e+07,1.180704e+02,7.302258e+06,1.730961e+02,3.361659e+06,,0.000000e+00,0.000000e+00
2013-12-11 23:53:25.000000,0.000000e+00,1.663795e+07,1.180710e+02,7.301057e+06,1.730961e+02,3.361635e+06,,0.000000e+00,0.000000e+00
2013-12-11 23:53:26.000000,0.000000e+00,1.663795e+07,1.180717e+02,7.299855e+06,1.730961e+02,3.361611e+06,,0.000000e+00,0.000000e+00
2013-12-11 23:53:27.000000,0.000000e+00,1.663795e+07,1.180723e+02,7.298653e+06,1.730961e+02,3.361588e+06,,0.000000e+00,0.000000e+00
2013-12-11 23:53:28.000000,0.000000e+00,1.663795e+07,1.180730e+02,7.297452e+06,1.730961e+02,3.361563e+06,,0.000000e+00,0.000000e+00
2013-12-11 23:53:29.000000,0.000000e+00,1.663795e+07,1.180736e+02,7.296250e+06,1.730961e+02,3.361540e+06,,0.000000e+00,0.000000e+00
2013-12-11 23:53:30.000000,0.000000e+00,1.663795e+07,1.180743e+02,7.295049e+06,1.730961e+02,3.361516e+06,,0.000000e+00,0.000000e+00
2013-12-11 23:53:31.000000,0.000000e+00,1.663795e+07,1.180749e+02,7.293848e+06,1.730961e+02,3.361492e+06,,0.000000e+00,0.000000e+00
2013-12-11 23:53:32.000000,0.000000e+00,1.663795e+07,1.180756e+02,7.292646e+06,1.730961e+02,3.361469e+06,,0.000000e+00,0.000000e+00
2013-12-11 23:53:33.000000,0.000000e+00,1.663795e+07,1.180762e+02,7.291444e+06,1.730961e+02,3.361444e+06,,0.000000e+00,0.000000e+00
2013-12-11 23:53:34.000000,0.000000e+00,1.663795e+07,1.180769e+02,7.290243e+06,1.730961e+02,3.361421e+06,,0.000000e+00,0.000000e+00
2013-12-11 23:53:35.000000,0.000000e+00,1.663795e+07,1.180775e+02,7.289041e+06,1.730961e+02,3.361397e+06,,0.000000e+00,0.000000e+00
2013-12-11 23:53:36.000000,0.000000e+00,1.663795e+07,1.180782e+02,7.287840e+06,1.730961e+02,3.361373e+06,,0.000000e+00,0.000000e+00
2013-12-11 23:53:37.000000,0.000000e+00,1.663795e+07,1.180788e+02,7.286639e+06,1.730961e+02,3.361349e+06,,0.000000e+00,0.000000e+00
2013-12-11 23:53:38.000000,0.000000e+00,1.663795e+07,1.180795e+02,7.285437e+06,1.730961e+02,3.361326e+06,,0.000000e+00,0.000000e+00
2013-12-11 23:53:39.000000,0.000000e+00,1.663795e+07,1.180801e+02,7.284235e+06,1.730961e+02,3.361302e+06,,0.000000e+00,0.000000e+00
2013-12-11 23:53:40.000000,0.000000e+00,1.663795e+07,1.180808e+02,7.285622e+06,1.730961e+02,3.361278e+06,,0.000000e+00,0.000000e+00
2013-12-11 23:53:41.000000,0.000000e+00,1.663795e+07,1.180814e+02,7.287008e+06,1.730961e+02,3.361254e+06,,0.000000e+00,0.000000e+00
2013-12-11 23:53:42.000000,0.000000e+00,1.663795e+07,1.180821e+02,7.288395e+06,1.730961e+02,3.361230e+06,,0.000000e+00,0.000000e+00
2013-12-11 23:53:43.000000,0.000000e+00,1.663795e+07,1.180827e+02,7.289781e+06,1.730961e+02,3.361207e+06,,0.000000e+00,0.000000e+00
2013-12-11 23:53:44.000000,0.000000e+00,1.663795e+07,1.180821e+02,7.291167e+06,1.730961e+02,3.361183e+06,,0.000000e+00,0.000000e+00
2013-12-11 23:53:45.000000,0.000000e+00,1.663795e+07,1.180814e+02,7.292554e+06,1.730961e+02,3.361159e+06,,0.000000e+00,0.000000e+00
2013-12-11 23:53:46.000000,0.000000e+00,1.663795e+07,1.180808e+02,7.293941e+06,1.730961e+02,3.361135e+06,,0.000000e+00,0.000000e+00
2013-12-11 23:53:47.000000,0.000000e+00,1.663795e+07,1.180801e+02,7.295327e+06,1.730961e+02,3.361111e+06,,0.000000e+00,0.000000e+00
2013-12-11 23:53:48.000000,0.000000e+00,1.663795e+07,1.180795e+02,7.296713e+06,1.730961e+02,3.361088e+06,,0.000000e+00,0.000000e+00
2013-12-11 23:53:49.000000,0.000000e+00,1.663795e+07,1.180788e+02,7.298100e+06,1.730961e+02,3.361064e+06,,0.000000e+00,0.000000e+00
2013-12-11 23:53:50.000000,0.000000e+00,1.663795e+07,1.180782e+02,7.299487e+06,1.730961e+02,3.361040e+06,,0.000000e+00,0.000000e+00
2013-12-11 23:53:51.000000,0.000000e+00,1.663795e+07,1.180775e+02,7.300873e+06,1.730961e+02,3.361016e+06,,0.000000e+00,0.000000e+00
2013-12-11 23:53:52.000000,0.000000e+00,1.663795e+07,1.180769e+02,7.302259e+06,1.730961e+02,3.360992e+06,,0.000000e+00,0.000000e+00
2013-12-11 23:53:53.000000,0.000000e+00,1.663795e+07,1.180762e+02,7.303645e+06,1.730961e+02,3.360969e+06,,0.000000e+00,0.000000e+00
2013-12-11 23:53:54.000000,0.000000e+00,1.663795e+07,1.180756e+02,7.305032e+06,1.730961e+02,3.360945e+06,,0.000000e+00,0.000000e+00
2013-12-11 23:53:55.000000,0.000000e+00,1.663795e+07,1.180749e+02,7.306419e+06,1.730961e+02,3.360921e+06,,0.000000e+00,0.000000e+00
2013-12-11 23:53:56.000000,0.000000e+00,1.663795e+07,1.180743e+02,7.307805e+06,1.730961e+02,3.360897e+06,,0.000000e+00,0.000000e+00
2013-12-11 23:53:57.000000,0.000000e+00,1.663795e+07,1.180736e+02,7.309191e+06,1.730961e+02,3.360873e+06,,0.000000e+00,0.000000e+00
2013-12-11 23:53:58.000000,0.000000e+00,1.663795e+07,1.180730e+02,7.310577e+06,1.730961e+02,3.360850e+06,,0.000000e+00,0.000000e+00
2013-12-11 23:53:59.000000,0.000000e+00,1.663795e+07,1.180723e+02,7.311964e+06,1.730961e+02,3.360826e+06,,0.000000e+00,0.000000e+00
2013-12-11 23:54:00.000000,0.000000e+00,1.663795e+07,1.180717e+02,7.313351e+06,1.730961e+02,3.360802e+06,,0.000000e+00,0.000000e+00
2013-12-11 23:54:01.000000,0.000000e+00,1.663795e+07,1.180710e+02,7.314737e+06,1.730961e+02,3.360778e+06,,0.000000e+00,0.000000e+00
2013-12-11 23:54:02.000000,0.000000e+00,1.663795e+07,1.180704e+02,7.316123e+06,1.730961e+02,3.360754e+06,,0.000000e+00,0.000000e+00
2013-12-11 23:54:03.000000,0.000000e+00,1.663795e+07,1.180697e+02,7.317510e+06,1.730961e+02,3.360731e+06,,0.000000e+00,0.000000e+00
2013-12-11 23:54:04.000000,0.000000e+00,1.663795e+07,1.180691e+02,7.318896e+06,1.730961e+02,3.360707e+06,,0.000000e+00,0.000000e+00
2013-12-11 23:54:05.000000,0.000000e+00,1.663795e+07,1.180684e+02,7.320283e+06,1.730961e+02,3.360683e+06,,0.000000e+00,0.000000e+00
2013-12-11 23:54:06.000000,0.000000e+00,1.663795e+07,1.180677e+02,7.321669e+06,1.730961e+02,3.360659e+06,,0.000000e+00,0.000000e+00
2013-12-11 23:54:07.000000,0.000000e+00,1.663795e+07,1.180671e+02,7.323056e+06,1.730961e+02,3.360636e+06,,0.000000e+00,0.000000e+00
2013-12-11 23:54:08.000000,0.000000e+00,1.663795e+07,1.180665e+02,7.324442e+06,1.730961e+02,3.360612e+06,,0.000000e+00,0.000000e+00
2013-12-11 23:54:09.000000,0.000000e+00,1.663795e+07,1.180658e+02,7.325829e+06,1.730961e+02,3.360588e+06,,0.000000e+00,0.000000e+00
2013-12-11 23:54:10.000000,0.000000e+00,1.663795e+07,1.180651e+02,7.327215e+06,1.730961e+02,3.360564e+06,,0.000000e+00,0.000000e+00
2013-12-11 23:54:11.000000,0.000000e+00,1.663795e+07,1.180645e+02,7.328601e+06,1.730961e+02,3.360540e+06,,0.000000e+00,0.000000e+00
2013-12-11 23:54:12.000000,0.000000e+00,1.663795e+07,1.180638e+02,7.329988e+06,1.730961e+02,3.360517e+06,,0.000000e+00,0.000000e+00
2013-12-11 23:54:13.000000,0.000000e+00,1.663795e+07,1.180632e+02,7.331374e+06,1.730961e+02,3.360493e+06,,0.000000e+00,0.000000e+00
2013-12-11 23:54:14.000000,0.000000e+00,1.663795e+07,1.180625e+02,7.332761e+06,1.730961e+02,3.360469e+06,,0.000000e+00,0.000000e+00
2013-12-11 23:54:15.000000,0.000000e+00,1.663795e+07,1.180619e+02,7.334147e+06,1.730961e+02,3.360445e+06,,0.000000e+00,0.000000e+00
2013-12-11 23:54:16.000000,0.000000e+00,1.663795e+07,1.180612e+02,7.335534e+06,1.730961e+02,3.360421e+06,,0.000000e+00,0.000000e+00
2013-12-11 23:54:17.000000,0.000000e+00,1.663795e+07,1.180606e+02,7.336920e+06,1.730961e+02,3.360398e+06,,0.000000e+00,0.000000e+00
2013-12-11 23:54:18.000000,0.000000e+00,1.663795e+07,1.180599e+02,7.338306e+06,1.730961e+02,3.360374e+06,,0.000000e+00,0.000000e+00
2013-12-11 23:54:19.000000,0.000000e+00,1.663795e+07,1.180593e+02,7.339693e+06,1.730961e+02,3.360350e+06,,0.000000e+00,0.000000e+00
2013-12-11 23:54:20.000000,0.000000e+00,1.663795e+07,1.180586e+02,7.341080e+06,1.730961e+02,3.360326e+06,,0.000000e+00,0.000000e+00
2013-12-11 23:54:21.000000,0.000000e+00,1.663795e+07,1.180580e+02,7.342466e+06,1.730961e+02,3.360302e+06,,0.000000e+00,0.000000e+00
2013-12-11 23:54:22.000000,0.000000e+00,1.663795e+07,1.180573e+02,7.343852e+06,1.730961e+02,3.360279e+06,,0.000000e+00,0.000000e+00
2013-12-11 23:54:23.000000,0.000000e+00,1.663795e+07,1.180567e+02,7.345238e+06,1.730961e+02,3.360255e+06,,0.000000e+00,0.000000e+00
2013-12-11 23:54:24.000000,0.000000e+00,1.663795e+07,1.180560e+02,7.346625e+06,1.730961e+02,3.360231e+06,,0.000000e+00,0.000000e+00
2013-12-11 23:54:25.000000,0.000000e+00,1.663795e+07,1.180554e+02,7.348012e+06,1.730961e+02,3.360207e+06,,0.000000e+00,0.000000e+00
2013-12-11 23:54:26.000000,0.000000e+00,1.663795e+07,1.180547e+02,7.349398e+06,1.730961e+02,3.360183e+06,,0.000000e+00,0.000000e+00
2013-12-11 23:54:27.000000,0.000000e+00,1.663795e+07,1.180541e+02,7.350784e+06,1.730961e+02,3.360160e+06,,0.000000e+00,0.000000e+00
2013-12-11 23:54:28.000000,0.000000e+00,1.663795e+07,1.180534e+02,7.352171e+06,1.730961e+02,3.360136e+06,,0.000000e+00,0.000000e+00
2013-12-11 23:54:29.000000,0.000000e+00,1.663795e+07,1.180528e+02,7.353558e+06,1.730961e+02,3.360112e+06,,0.000000e+00,0.000000e+00
2013-12-11 23:54:30.000000,0.000000e+00,1.663795e+07,1.180521e+02,7.354944e+06,1.730961e+02,3.360088e+06,,0.000000e+00,0.000000e+00
2013-12-11 23:54:31.000000,0.000000e+00,1.663795e+07,1.180515e+02,7.356330e+06,1.730961e+02,3.360065e+06,,0.000000e+00,0.000000e+00
2013-12-11 23:54:32.000000,0.000000e+00,1.663795e+07,1.180508e+02,7.357716e+06,1.730961e+02,3.360041e+06,,0.000000e+00,0.000000e+00
2013-12-11 23:54:33.000000,0.000000e+00,1.663795e+07,1.180502e+02,7.359103e+06,1.730961e+02,3.360017e+06,,0.000000e+00,0.000000e+00
2013-12-11 23:54:34.000000,0.000000e+00,1.663795e+07,1.180495e+02,7.360490e+06,1.730961e+02,3.359993e+06,,0.000000e+00,0.000000e+00
2013-12-11 23:54:35.000000,0.000000e+00,1.663795e+07,1.180489e+02,7.361876e+06,1.730961e+02,3.359969e+06,,0.000000e+00,0.000000e+00
2013-12-11 23:54:36.000000,0.000000e+00,1.663795e+07,1.180482e+02,7.363262e+06,1.730961e+02,3.359946e+06,,0.000000e+00,0.000000e+00
2013-12-11 23:54:37.000000,0.000000e+00,1.663795e+07,1.180476e+02,7.364649e+06,1.730961e+02,3.359922e+06,,0.000000e+00,0.000000e+00
2013-12-11 23:54:38.000000,0.000000e+00,1.663795e+07,1.180469e+02,7.366035e+06,1.730961e+02,3.359898e+06,,0.000000e+00,0.000000e+00
2013-12-11 23:54:39.000000,0.000000e+00,1.663795e+07,1.180463e+02,7.367422e+06,1.730961e+02,3.359874e+06,,0.000000e+00,0.000000e+00
2013-12-11 23:54:40.000000,0.000000e+00,1.663795e+07,1.180456e+02,7.366861e+06,1.730961e+02,3.359850e+06,,0.000000e+00,0.000000e+00
2013-12-11 23:54:41.000000,0.000000e+00,1.663795e+07,1.180450e+02,7.366300e+06,1.730961e+02,3.359827e+06,,0.000000e+00,0.000000e+00
2013-12-11 23:54:42.000000,0.000000e+00,1.663795e+07,1.180443e+02,7.365740e+06,1.730961e+02,3.359803e+06,,0.000000e+00,0.000000e+00
2013-12-11 23:54:43.000000,0.000000e+00,1.663795e+07,1.180437e+02,7.365179e+06,1.730961e+02,3.359779e+06,,0.000000e+00,0.000000e+00
2013-12-11 23:54:44.000000,0.000000e+00,1.663795e+07,1.180437e+02,7.364619e+06,1.730961e+02,3.359755e+06,,0.000000e+00,0.000000e+00
2013-12-11 23:54:45.000000,0.000000e+00,1.663795e+07,1.180437e+02,7.364058e+06,1.730961e+02,3.359731e+06,,0.000000e+00,0.000000e+00
2013-12-11 23:54:46.000000,0.000000e+00,1.663795e+07,1.180437e+02,7.363497e+06,1.730961e+02,3.359708e+06,,0.000000e+00,0.000000e+00
2013-12-11 23:54:47.000000,0.000000e+00,1.663795e+07,1.180437e+02,7.362937e+06,1.730961e+02,3.359684e+06,,0.000000e+00,0.000000e+00
2013-12-11 23:54:48.000000,0.000000e+00,1.663795e+07,1.180437e+02,7.362376e+06,1.730961e+02,3.359660e+06,,0.000000e+00,0.000000e+00
2013-12-11 23:54:49.000000,0.000000e+00,1.663795e+07,1.180437e+02,7.361816e+06,1.730961e+02,3.359636e+06,,0.000000e+00,0.000000e+00
2013-12-11 23:54:50.000000,0.000000e+00,1.663795e+07,1.180437e+02,7.361255e+06,1.730961e+02,3.359612e+06,,0.000000e+00,0.000000e+00
2013-12-11 23:54:51.000000,0.000000e+00,1.663795e+07,1.180437e+02,7.360695e+06,1.730961e+02,3.359589e+06,,0.000000e+00,0.000000e+00
2013-12-11 23:54:52.000000,0.000000e+00,1.663795e+07,1.180437e+02,7.360134e+06,1.730961e+02,3.359565e+06,,0.000000e+00,0.000000e+00
2013-12-11 23:54:53.000000,0.000000e+00,1.663795e+07,1.180437e+02,7.359573e+06,1.730961e+02,3.359541e+06,,0.000000e+00,0.000000e+00
2013-12-11 23:54:54.000000,0.000000e+00,1.663795e+07,1.180437e+02,7.359013e+06,1.730961e+02,3.359517e+06,,0.000000e+00,0.000000e+00
2013-12-11 23:54:55.000000,0.000000e+00,1.663795e+07,1.180437e+02,7.358452e+06,1.730961e+02,3.359494e+06,,0.000000e+00,0.000000e+00
2013-12-11 23:54:56.000000,0.000000e+00,1.663795e+07,1.180437e+02,7.357892e+06,1.730961e+02,3.359470e+06,,0.000000e+00,0.000000e+00
2013-12-11 23:54:57.000000,0.000000e+00,1.663795e+07,1.180437e+02,7.357331e+06,1.730961e+02,3.359446e+06,,0.000000e+00,0.000000e+00
2013-12-11 23:54:58.000000,0.000000e+00,1.663795e+07,1.180437e+02,7.356770e+06,1.730961e+02,3.359422e+06,,0.000000e+00,0.000000e+00
2013-12-11 23:54:59.000000,0.000000e+00,1.663795e+07,1.180437e+02,7.356210e+06,1.730961e+02,3.359398e+06,,0.000000e+00,0.000000e+00
2013-12-11 23:55:00.000000,0.000000e+00,1.663795e+07,1.180437e+02,7.355649e+06,1.730961e+02,3.359375e+06,,0.000000e+00,0.000000e+00
2013-12-11 23:55:01.000000,0.000000e+00,1.663795e+07,1.180437e+02,7.355089e+06,1.730961e+02,3.359351e+06,,0.000000e+00,0.000000e+00
2013-12-11 23:55:02.000000,0.000000e+00,1.663795e+07,1.180437e+02,7.354528e+06,1.730961e+02,3.359327e+06,,0.000000e+00,0.000000e+00
2013-12-11 23:55:03.000000,0.000000e+00,1.663795e+07,1.180437e+02,7.353967e+06,1.730961e+02,3.359303e+06,,0.000000e+00,0.000000e+00
2013-12-11 23:55:04.000000,0.000000e+00,1.663795e+07,1.180437e+02,7.353407e+06,1.730961e+02,3.359279e+06,,0.000000e+00,0.000000e+00
2013-12-11 23:55:05.000000,0.000000e+00,1.663795e+07,1.180437e+02,7.352846e+06,1.730961e+02,3.359256e+06,,0.000000e+00,0.000000e+00
2013-12-11 23:55:06.000000,0.000000e+00,1.663795e+07,1.180437e+02,7.352286e+06,1.730961e+02,3.359232e+06,,0.000000e+00,0.000000e+00
2013-12-11 23:55:07.000000,0.000000e+00,1.663795e+07,1.180437e+02,7.351725e+06,1.730961e+02,3.359208e+06,,0.000000e+00,0.000000e+00
2013-12-11 23:55:08.000000,0.000000e+00,1.663795e+07,1.180437e+02,7.351164e+06,1.730961e+02,3.359184e+06,,0.000000e+00,0.000000e+00
2013-12-11 23:55:09.000000,0.000000e+00,1.663795e+07,1.180437e+02,7.350603e+06,1.730961e+02,3.359160e+06,,0.000000e+00,0.000000e+00
2013-12-11 23:55:10.000000,0.000000e+00,1.663795e+07,1.180437e+02,7.350043e+06,1.730961e+02,3.359137e+06,,0.000000e+00,0.000000e+00
2013-12-11 23:55:11.000000,0.000000e+00,1.663795e+07,1.180437e+02,7.349483e+06,1.730961e+02,3.359113e+06,,0.000000e+00,0.000000e+00
2013-12-11 23:55:12.000000,0.000000e+00,1.663795e+07,1.180437e+02,7.348922e+06,1.730961e+02,3.359089e+06,,0.000000e+00,0.000000e+00
2013-12-11 23:55:13.000000,0.000000e+00,1.663795e+07,1.180437e+02,7.348361e+06,1.730961e+02,3.359065e+06,,0.000000e+00,0.000000e+00
2013-12-11 23:55:14.000000,0.000000e+00,1.663795e+07,1.180437e+02,7.347800e+06,1.730961e+02,3.359041e+06,,0.000000e+00,0.000000e+00
2013-12-11 23:55:15.000000,0.000000e+00,1.663795e+07,1.180437e+02,7.347240e+06,1.730961e+02,3.359018e+06,,0.000000e+00,0.000000e+00
2013-12-11 23:55:16.000000,0.000000e+00,1.663795e+07,1.180437e+02,7.346680e+06,1.730961e+02,3.358994e+06,,0.000000e+00,0.000000e+00
2013-12-11 23:55:17.000000,0.000000e+00,1.663795e+07,1.180437e+02,7.346119e+06,1.730961e+02,3.358970e+06,,0.000000e+00,0.000000e+00
2013-12-11 23:55:18.000000,0.000000e+00,1.663795e+07,1.180437e+02,7.345558e+06,1.730961e+02,3.358946e+06,,0.000000e+00,0.000000e+00
2013-12-11 23:55:19.000000,0.000000e+00,1.663795e+07,1.180437e+02,7.344997e+06,1.730961e+02,3.358922e+06,,0.000000e+00,0.000000e+00
2013-12-11 23:55:20.000000,0.000000e+00,1.663795e+07,1.180437e+02,7.344437e+06,1.730961e+02,3.358899e+06,,0.000000e+00,0.000000e+00
2013-12-11 23:55:21.000000,0.000000e+00,1.663795e+07,1.180437e+02,7.343877e+06,1.730961e+02,3.358875e+06,,0.000000e+00,0.000000e+00
2013-12-11 23:55:22.000000,0.000000e+00,1.663795e+07,1.180437e+02,7.343316e+06,1.730961e+02,3.358851e+06,,0.000000e+00,0.000000e+00
2013-12-11 23:55:23.000000,0.000000e+00,1.663795e+07,1.180437e+02,7.342755e+06,1.730961e+02,3.358827e+06,,0.000000e+00,0.000000e+00
2013-12-11 23:55:24.000000,0.000000e+00,1.663795e+07,1.180437e+02,7.342194e+06,1.730961e+02,3.358804e+06,,0.000000e+00,0.000000e+00
2013-12-11 23:55:25.000000,0.000000e+00,1.663795e+07,1.180437e+02,7.341634e+06,1.730961e+02,3.358780e+06,,0.000000e+00,0.000000e+00
2013-12-11 23:55:26.000000,0.000000e+00,1.663795e+07,1.180437e+02,7.341074e+06,1.730961e+02,3.358756e+06,,0.000000e+00,0.000000e+00
2013-12-11 23:55:27.000000,0.000000e+00,1.663795e+07,1.180437e+02,7.340513e+06,1.730961e+02,3.358732e+06,,0.000000e+00,0.000000e+00
2013-12-11 23:55:28.000000,0.000000e+00,1.663795e+07,1.180437e+02,7.339952e+06,1.730961e+02,3.358708e+06,,0.000000e+00,0.000000e+00
2013-12-11 23:55:29.000000,0.000000e+00,1.663795e+07,1.180437e+02,7.339391e+06,1.730961e+02,3.358685e+06,,0.000000e+00,0.000000e+00
2013-12-11 23:55:30.000000,0.000000e+00,1.663795e+07,1.180437e+02,7.338831e+06,1.730961e+02,3.358661e+06,,0.000000e+00,0.000000e+00
2013-12-11 23:55:31.000000,0.000000e+00,1.663795e+07,1.180437e+02,7.338271e+06,1.730961e+02,3.358637e+06,,0.000000e+00,0.000000e+00
2013-12-11 23:55:32.000000,0.000000e+00,1.663795e+07,1.180437e+02,7.337710e+06,1.730961e+02,3.358613e+06,,0.000000e+00,0.000000e+00
2013-12-11 23:55:33.000000,0.000000e+00,1.663795e+07,1.180437e+02,7.337149e+06,1.730961e+02,3.358589e+06,,0.000000e+00,0.000000e+00
2013-12-11 23:55:34.000000,0.000000e+00,1.663795e+07,1.180437e+02,7.336588e+06,1.730961e+02,3.358566e+06,,0.000000e+00,0.000000e+00
2013-12-11 23:55:35.000000,0.000000e+00,1.663795e+07,1.180437e+02,7.336028e+06,1.730961e+02,3.358541e+06,,0.000000e+00,0.000000e+00
2013-12-11 23:55:36.000000,0.000000e+00,1.663795e+07,1.180437e+02,7.335468e+06,1.730961e+02,3.358518e+06,,0.000000e+00,0.000000e+00
2013-12-11 23:55:37.000000,0.000000e+00,1.663795e+07,1.180437e+02,7.334907e+06,1.730961e+02,3.358494e+06,,0.000000e+00,0.000000e+00
2013-12-11 23:55:38.000000,0.000000e+00,1.663795e+07,1.180437e+02,7.334346e+06,1.730961e+02,3.358470e+06,,0.000000e+00,0.000000e+00
2013-12-11 23:55:39.000000,0.000000e+00,1.663795e+07,1.180437e+02,7.333786e+06,1.730961e+02,3.358447e+06,,0.000000e+00,0.000000e+00
2013-12-11 23:55:40.000000,0.000000e+00,1.663795e+07,1.180437e+02,7.333225e+06,1.730961e+02,3.358423e+06,,0.000000e+00,0.000000e+00
2013-12-11 23:55:41.000000,0.000000e+00,1.663795e+07,1.180437e+02,7.332664e+06,1.730961e+02,3.358399e+06,,0.000000e+00,0.000000e+00
2013-12-11 23:55:42.000000,0.000000e+00,1.663795e+07,1.180437e+02,7.332104e+06,1.730961e+02,3.358375e+06,,0.000000e+00,0.000000e+00
2013-12-11 23:55:43.000000,0.000000e+00,1.663795e+07,1.180437e+02,7.331543e+06,1.730961e+02,3.358351e+06,,0.000000e+00,0.000000e+00
2013-12-11 23:55:44.000000,0.000000e+00,1.663795e+07,1.180437e+02,7.330983e+06,1.730961e+02,3.358327e+06,,0.000000e+00,0.000000e+00
2013-12-11 23:55:45.000000,0.000000e+00,1.663795e+07,1.180437e+02,7.330422e+06,1.730961e+02,3.358304e+06,,0.000000e+00,0.000000e+00
2013-12-11 23:55:46.000000,0.000000e+00,1.663795e+07,1.180437e+02,7.329861e+06,1.730961e+02,3.358280e+06,,0.000000e+00,0.000000e+00
2013-12-11 23:55:47.000000,0.000000e+00,1.663795e+07,1.180437e+02,7.329301e+06,1.730961e+02,3.358256e+06,,0.000000e+00,0.000000e+00
2013-12-11 23:55:48.000000,0.000000e+00,1.663795e+07,1.180437e+02,7.328740e+06,1.730961e+02,3.358232e+06,,0.000000e+00,0.000000e+00
2013-12-11 23:55:49.000000,0.000000e+00,1.663795e+07,1.180437e+02,7.328180e+06,1.730961e+02,3.358208e+06,,0.000000e+00,0.000000e+00
2013-12-11 23:55:50.000000,0.000000e+00,1.663795e+07,1.180437e+02,7.327619e+06,1.730961e+02,3.358185e+06,,0.000000e+00,0.000000e+00
2013-12-11 23:55:51.000000,0.000000e+00,1.663795e+07,1.180437e+02,7.327058e+06,1.730961e+02,3.358161e+06,,0.000000e+00,0.000000e+00
2013-12-11 23:55:52.000000,0.000000e+00,1.663795e+07,1.180437e+02,7.326498e+06,1.730961e+02,3.358137e+06,,0.000000e+00,0.000000e+00
2013-12-11 23:55:53.000000,0.000000e+00,1.663795e+07,1.180437e+02,7.325937e+06,1.730961e+02,3.358113e+06,,0.000000e+00,0.000000e+00
2013-12-11 23:55:54.000000,0.000000e+00,1.663795e+07,1.180437e+02,7.325377e+06,1.730961e+02,3.358089e+06,,0.000000e+00,0.000000e+00
2013-12-11 23:55:55.000000,0.000000e+00,1.663795e+07,1.180437e+02,7.324816e+06,1.730961e+02,3.358066e+06,,0.000000e+00,0.000000e+00
2013-12-11 23:55:56.000000,0.000000e+00,1.663795e+07,1.180437e+02,7.324255e+06,1.730961e+02,3.358042e+06,,0.000000e+00,0.000000e+00
2013-12-11 23:55:57.000000,0.000000e+00,1.663795e+07,1.180437e+02,7.323695e+06,1.730961e+02,3.358018e+06,,0.000000e+00,0.000000e+00
2013-12-11 23:55:58.000000,0.000000e+00,1.663795e+07,1.180437e+02,7.323134e+06,1.730961e+02,3.357994e+06,,0.000000e+00,0.000000e+00
2013-12-11 23:55:59.000000,0.000000e+00,1.663795e+07,1.180437e+02,7.322574e+06,1.730961e+02,3.357970e+06,,0.000000e+00,0.000000e+00
2013-12-11 23:56:00.000000,0.000000e+00,1.663795e+07,1.180437e+02,7.322013e+06,1.730961e+02,3.357947e+06,,0.000000e+00,0.000000e+00
2013-12-11 23:56:01.000000,0.000000e+00,1.663795e+07,1.180437e+02,7.321452e+06,1.730961e+02,3.357923e+06,,0.000000e+00,0.000000e+00
2013-12-11 23:56:02.000000,0.000000e+00,1.663795e+07,1.180437e+02,7.320892e+06,1.730961e+02,3.357899e+06,,0.000000e+00,0.000000e+00
2013-12-11 23:56:03.000000,0.000000e+00,1.663795e+07,1.180437e+02,7.320331e+06,1.730961e+02,3.357875e+06,,0.000000e+00,0.000000e+00
2013-12-11 23:56:04.000000,0.000000e+00,1.663795e+07,1.180437e+02,7.319771e+06,1.730961e+02,3.357852e+06,,0.000000e+00,0.000000e+00
2013-12-11 23:56:05.000000,0.000000e+00,1.663795e+07,1.180437e+02,7.319210e+06,1.730961e+02,3.357828e+06,,0.000000e+00,0.000000e+00
2013-12-11 23:56:06.000000,0.000000e+00,1.663795e+07,1.180437e+02,7.318649e+06,1.730961e+02,3.357804e+06,,0.000000e+00,0.000000e+00
2013-12-11 23:56:07.000000,0.000000e+00,1.663795e+07,1.180437e+02,7.318089e+06,1.730961e+02,3.357780e+06,,0.000000e+00,0.000000e+00
2013-12-11 23:56:08.000000,0.000000e+00,1.663795e+07,1.180437e+02,7.317529e+06,1.730961e+02,3.357756e+06,,0.000000e+00,0.000000e+00
2013-12-11 23:56:09.000000,0.000000e+00,1.663795e+07,1.180437e+02,7.316968e+06,1.730961e+02,3.357733e+06,,0.000000e+00,0.000000e+00
2013-12-11 23:56:10.000000,0.000000e+00,1.663795e+07,1.180437e+02,7.316407e+06,1.730961e+02,3.357709e+06,,0.000000e+00,0.000000e+00
2013-12-11 23:56:11.000000,0.000000e+00,1.663795e+07,1.180437e+02,7.315846e+06,1.730961e+02,3.357685e+06,,0.000000e+00,0.000000e+00
2013-12-11 23:56:12.000000,0.000000e+00,1.663795e+07,1.180437e+02,7.315285e+06,1.730961e+02,3.357661e+06,,0.000000e+00,0.000000e+00
2013-12-11 23:56:13.000000,0.000000e+00,1.663795e+07,1.180437e+02,7.314725e+06,1.730961e+02,3.357637e+06,,0.000000e+00,0.000000e+00
2013-12-11 23:56:14.000000,0.000000e+00,1.663795e+07,1.180437e+02,7.314165e+06,1.730961e+02,3.357614e+06,,0.000000e+00,0.000000e+00
2013-12-11 23:56:15.000000,0.000000e+00,1.663795e+07,1.180437e+02,7.313604e+06,1.730961e+02,3.357590e+06,,0.000000e+00,0.000000e+00
2013-12-11 23:56:16.000000,0.000000e+00,1.663795e+07,1.180437e+02,7.313043e+06,1.730961e+02,3.357566e+06,,0.000000e+00,0.000000e+00
2013-12-11 23:56:17.000000,0.000000e+00,1.663795e+07,1.180437e+02,7.312482e+06,1.730961e+02,3.357542e+06,,0.000000e+00,0.000000e+00
2013-12-11 23:56:18.000000,0.000000e+00,1.663795e+07,1.180437e+02,7.311922e+06,1.730961e+02,3.357518e+06,,0.000000e+00,0.000000e+00
2013-12-11 23:56:19.000000,0.000000e+00,1.663795e+07,1.180437e+02,7.311362e+06,1.730961e+02,3.357495e+06,,0.000000e+00,0.000000e+00
2013-12-11 23:56:20.000000,0.000000e+00,1.663795e+07,1.180437e+02,7.310801e+06,1.730961e+02,3.357471e+06,,0.000000e+00,0.000000e+00
2013-12-11 23:56:21.000000,0.000000e+00,1.663795e+07,1.180437e+02,7.310240e+06,1.730961e+02,3.357447e+06,,0.000000e+00,0.000000e+00
2013-12-11 23:56:22.000000,0.000000e+00,1.663795e+07,1.180437e+02,7.309679e+06,1.730961e+02,3.357423e+06,,0.000000e+00,0.000000e+00
2013-12-11 23:56:23.000000,0.000000e+00,1.663795e+07,1.180437e+02,7.309119e+06,1.730961e+02,3.357399e+06,,0.000000e+00,0.000000e+00
2013-12-11 23:56:24.000000,0.000000e+00,1.663795e+07,1.180437e+02,7.308559e+06,1.730961e+02,3.357376e+06,,0.000000e+00,0.000000e+00
2013-12-11 23:56:25.000000,0.000000e+00,1.663795e+07,1.180437e+02,7.307998e+06,1.730961e+02,3.357352e+06,,0.000000e+00,0.000000e+00
2013-12-11 23:56:26.000000,0.000000e+00,1.663795e+07,1.180437e+02,7.307437e+06,1.730961e+02,3.357328e+06,,0.000000e+00,0.000000e+00
2013-12-11 23:56:27.000000,0.000000e+00,1.663795e+07,1.180437e+02,7.306877e+06,1.730961e+02,3.357304e+06,,0.000000e+00,0.000000e+00
2013-12-11 23:56:28.000000,0.000000e+00,1.663795e+07,1.180437e+02,7.306316e+06,1.730961e+02,3.357280e+06,,0.000000e+00,0.000000e+00
2013-12-11 23:56:29.000000,0.000000e+00,1.663795e+07,1.180437e+02,7.305756e+06,1.730961e+02,3.357257e+06,,0.000000e+00,0.000000e+00
2013-12-11 23:56:30.000000,0.000000e+00,1.663795e+07,1.180437e+02,7.305195e+06,1.730961e+02,3.357233e+06,,0.000000e+00,0.000000e+00
2013-12-11 23:56:31.000000,0.000000e+00,1.663795e+07,1.180437e+02,7.304634e+06,1.730961e+02,3.357209e+06,,0.000000e+00,0.000000e+00
2013-12-11 23:56:32.000000,0.000000e+00,1.663795e+07,1.180437e+02,7.304074e+06,1.730961e+02,3.357185e+06,,0.000000e+00,0.000000e+00
2013-12-11 23:56:33.000000,0.000000e+00,1.663795e+07,1.180437e+02,7.303513e+06,1.730961e+02,3.357162e+06,,0.000000e+00,0.000000e+00
2013-12-11 23:56:34.000000,0.000000e+00,1.663795e+07,1.180437e+02,7.302953e+06,1.730961e+02,3.357138e+06,,0.000000e+00,0.000000e+00
2013-12-11 23:56:35.000000,0.000000e+00,1.663795e+07,1.180437e+02,7.302392e+06,1.730961e+02,3.357114e+06,,0.000000e+00,0.000000e+00
2013-12-11 23:56:36.000000,0.000000e+00,1.663795e+07,1.180437e+02,7.301831e+06,1.730961e+02,3.357090e+06,,0.000000e+00,0.000000e+00
2013-12-11 23:56:37.000000,0.000000e+00,1.663795e+07,1.180437e+02,7.301271e+06,1.730961e+02,3.357066e+06,,0.000000e+00,0.000000e+00
2013-12-11 23:56:38.000000,0.000000e+00,1.663795e+07,1.180437e+02,7.300710e+06,1.730961e+02,3.357043e+06,,0.000000e+00,0.000000e+00
2013-12-11 23:56:39.000000,0.000000e+00,1.663795e+07,1.180437e+02,7.300150e+06,1.730961e+02,3.357019e+06,,0.000000e+00,0.000000e+00
2013-12-11 23:56:40.000000,0.000000e+00,1.663795e+07,1.180437e+02,7.300909e+06,1.730961e+02,3.356995e+06,,0.000000e+00,0.000000e+00
2013-12-11 23:56:41.000000,0.000000e+00,1.663795e+07,1.180437e+02,7.301669e+06,1.730961e+02,3.356971e+06,,0.000000e+00,0.000000e+00
2013-12-11 23:56:42.000000,0.000000e+00,1.663795e+07,1.180437e+02,7.302428e+06,1.730961e+02,3.356947e+06,,0.000000e+00,0.000000e+00
2013-12-11 23:56:43.000000,0.000000e+00,1.663795e+07,1.180437e+02,7.303188e+06,1.730961e+02,3.356924e+06,,0.000000e+00,0.000000e+00
2013-12-11 23:56:44.000000,0.000000e+00,1.663795e+07,1.180437e+02,7.303947e+06,1.730961e+02,3.356900e+06,,0.000000e+00,0.000000e+00
2013-12-11 23:56:45.000000,0.000000e+00,1.663795e+07,1.180437e+02,7.304707e+06,1.730961e+02,3.356876e+06,,0.000000e+00,0.000000e+00
2013-12-11 23:56:46.000000,0.000000e+00,1.663795e+07,1.180437e+02,7.305466e+06,1.730961e+02,3.356852e+06,,0.000000e+00,0.000000e+00
2013-12-11 23:56:47.000000,0.000000e+00,1.663795e+07,1.180437e+02,7.306226e+06,1.730961e+02,3.356828e+06,,0.000000e+00,0.000000e+00
2013-12-11 23:56:48.000000,0.000000e+00,1.663795e+07,1.180437e+02,7.306985e+06,1.730961e+02,3.356805e+06,,0.000000e+00,0.000000e+00
2013-12-11 23:56:49.000000,0.000000e+00,1.663795e+07,1.180437e+02,7.307745e+06,1.730961e+02,3.356781e+06,,0.000000e+00,0.000000e+00
2013-12-11 23:56:50.000000,0.000000e+00,1.663795e+07,1.180437e+02,7.308504e+06,1.730961e+02,3.356757e+06,,0.000000e+00,0.000000e+00
2013-12-11 23:56:51.000000,0.000000e+00,1.663795e+07,1.180437e+02,7.309264e+06,1.730961e+02,3.356733e+06,,0.000000e+00,0.000000e+00
2013-12-11 23:56:52.000000,0.000000e+00,1.663795e+07,1.180437e+02,7.310023e+06,1.730961e+02,3.356709e+06,,0.000000e+00,0.000000e+00
2013-12-11 23:56:53.000000,0.000000e+00,1.663795e+07,1.180437e+02,7.310783e+06,1.730961e+02,3.356686e+06,,0.000000e+00,0.000000e+00
2013-12-11 23:56:54.000000,0.000000e+00,1.663795e+07,1.180437e+02,7.311543e+06,1.730961e+02,3.356662e+06,,0.000000e+00,0.000000e+00
2013-12-11 23:56:55.000000,0.000000e+00,1.663795e+07,1.180437e+02,7.312302e+06,1.730961e+02,3.356638e+06,,0.000000e+00,0.000000e+00
2013-12-11 23:56:56.000000,0.000000e+00,1.663795e+07,1.180437e+02,7.313062e+06,1.730961e+02,3.356614e+06,,0.000000e+00,0.000000e+00
2013-12-11 23:56:57.000000,0.000000e+00,1.663795e+07,1.180437e+02,7.313821e+06,1.730961e+02,3.356591e+06,,0.000000e+00,0.000000e+00
2013-12-11 23:56:58.000000,0.000000e+00,1.663795e+07,1.180437e+02,7.314581e+06,1.730961e+02,3.356567e+06,,0.000000e+00,0.000000e+00
2013-12-11 23:56:59.000000,0.000000e+00,1.663795e+07,1.180437e+02,7.315340e+06,1.730961e+02,3.356543e+06,,0.000000e+00,0.000000e+00
2013-12-11 23:57:00.000000,0.000000e+00,1.663795e+07,1.180437e+02,7.316100e+06,1.730961e+02,3.356519e+06,,0.000000e+00,0.000000e+00
2013-12-11 23:57:01.000000,0.000000e+00,1.663795e+07,1.180437e+02,7.316859e+06,1.730961e+02,3.356495e+06,,0.000000e+00,0.000000e+00
2013-12-11 23:57:02.000000,0.000000e+00,1.663795e+07,1.180437e+02,7.317619e+06,1.730961e+02,3.356472e+06,,0.000000e+00,0.000000e+00
2013-12-11 23:57:03.000000,0.000000e+00,1.663795e+07,1.180437e+02,7.318378e+06,1.730961e+02,3.356448e+06,,0.000000e+00,0.000000e+00
2013-12-11 23:57:04.000000,0.000000e+00,1.663795e+07,1.180437e+02,7.319138e+06,1.730961e+02,3.356424e+06,,0.000000e+00,0.000000e+00
2013-12-11 23:57:05.000000,0.000000e+00,1.663795e+07,1.180437e+02,7.319897e+06,1.730961e+02,3.356400e+06,,0.000000e+00,0.000000e+00
2013-12-11 23:57:06.000000,0.000000e+00,1.663795e+07,1.180437e+02,7.320657e+06,1.730961e+02,3.356376e+06,,0.000000e+00,0.000000e+00
2013-12-11 23:57:07.000000,0.000000e+00,1.663795e+07,1.180437e+02,7.321416e+06,1.730961e+02,3.356353e+06,,0.000000e+00,0.000000e+00
2013-12-11 23:57:08.000000,0.000000e+00,1.663795e+07,1.180437e+02,7.322176e+06,1.730961e+02,3.356329e+06,,0.000000e+00,0.000000e+00
2013-12-11 23:57:09.000000,0.000000e+00,1.663795e+07,1.180437e+02,7.322935e+06,1.730961e+02,3.356305e+06,,0.000000e+00,0.000000e+00
2013-12-11 23:57:10.000000,0.000000e+00,1.663795e+07,1.180437e+02,7.323695e+06,1.730961e+02,3.356281e+06,,0.000000e+00,0.000000e+00
2013-12-11 23:57:11.000000,0.000000e+00,1.663795e+07,1.180437e+02,7.324454e+06,1.730961e+02,3.356257e+06,,0.000000e+00,0.000000e+00
2013-12-11 23:57:12.000000,0.000000e+00,1.663795e+07,1.180437e+02,7.325214e+06,1.730961e+02,3.356234e+06,,0.000000e+00,0.000000e+00
2013-12-11 23:57:13.000000,0.000000e+00,1.663795e+07,1.180437e+02,7.325974e+06,1.730961e+02,3.356210e+06,,0.000000e+00,0.000000e+00
2013-12-11 23:57:14.000000,0.000000e+00,1.663795e+07,1.180437e+02,7.326733e+06,1.730961e+02,3.356186e+06,,0.000000e+00,0.000000e+00
2013-12-11 23:57:15.000000,0.000000e+00,1.663795e+07,1.180437e+02,7.327493e+06,1.730961e+02,3.356162e+06,,0.000000e+00,0.000000e+00
2013-12-11 23:57:16.000000,0.000000e+00,1.663795e+07,1.180437e+02,7.328252e+06,1.730961e+02,3.356138e+06,,0.000000e+00,0.000000e+00
2013-12-11 23:57:17.000000,0.000000e+00,1.663795e+07,1.180437e+02,7.329012e+06,1.730961e+02,3.356115e+06,,0.000000e+00,0.000000e+00
2013-12-11 23:57:18.000000,0.000000e+00,1.663795e+07,1.180437e+02,7.329771e+06,1.730961e+02,3.356091e+06,,0.000000e+00,0.000000e+00
2013-12-11 23:57:19.000000,0.000000e+00,1.663795e+07,1.180437e+02,7.330531e+06,1.730961e+02,3.356067e+06,,0.000000e+00,0.000000e+00
2013-12-11 23:57:20.000000,0.000000e+00,1.663795e+07,1.180437e+02,7.331290e+06,1.730961e+02,3.356043e+06,,0.000000e+00,0.000000e+00
2013-12-11 23:57:21.000000,0.000000e+00,1.663795e+07,1.180437e+02,7.332050e+06,1.730961e+02,3.356020e+06,,0.000000e+00,0.000000e+00
2013-12-11 23:57:22.000000,0.000000e+00,1.663795e+07,1.180437e+02,7.332809e+06,1.730961e+02,3.355996e+06,,0.000000e+00,0.000000e+00
2013-12-11 23:57:23.000000,0.000000e+00,1.663795e+07,1.180437e+02,7.333569e+06,1.730961e+02,3.355972e+06,,0.000000e+00,0.000000e+00
2013-12-11 23:57:24.000000,0.000000e+00,1.663795e+07,1.180437e+02,7.334328e+06,1.730961e+02,3.355948e+06,,0.000000e+00,0.000000e+00
2013-12-11 23:57:25.000000,0.000000e+00,1.663795e+07,1.180437e+02,7.335088e+06,1.730961e+02,3.355924e+06,,0.000000e+00,0.000000e+00
2013-12-11 23:57:26.000000,0.000000e+00,1.663795e+07,1.180437e+02,7.335847e+06,1.730961e+02,3.355901e+06,,0.000000e+00,0.000000e+00
2013-12-11 23:57:27.000000,0.000000e+00,1.663795e+07,1.180437e+02,7.336607e+06,1.730961e+02,3.355877e+06,,0.000000e+00,0.000000e+00
2013-12-11 23:57:28.000000,0.000000e+00,1.663795e+07,1.180437e+02,7.337366e+06,1.730961e+02,3.355853e+06,,0.000000e+00,0.000000e+00
2013-12-11 23:57:29.000000,0.000000e+00,1.663795e+07,1.180437e+02,7.338126e+06,1.730961e+02,3.355829e+06,,0.000000e+00,0.000000e+00
2013-12-11 23:57:30.000000,0.000000e+00,1.663795e+07,1.180437e+02,7.338885e+06,1.730961e+02,3.355805e+06,,0.000000e+00,0.000000e+00
2013-12-11 23:57:31.000000,0.000000e+00,1.663795e+07,1.180437e+02,7.339645e+06,1.730961e+02,3.355782e+06,,0.000000e+00,0.000000e+00
2013-12-11 23:57:32.000000,0.000000e+00,1.663795e+07,1.180437e+02,7.340404e+06,1.730961e+02,3.355758e+06,,0.000000e+00,0.000000e+00
2013-12-11 23:57:33.000000,0.000000e+00,1.663795e+07,1.180437e+02,7.341164e+06,1.730961e+02,3.355734e+06,,0.000000e+00,0.000000e+00
2013-12-11 23:57:34.000000,0.000000e+00,1.663795e+07,1.180437e+02,7.341923e+06,1.730961e+02,3.355710e+06,,0.000000e+00,0.000000e+00
2013-12-11 23:57:35.000000,0.000000e+00,1.663795e+07,1.180437e+02,7.342683e+06,1.730961e+02,3.355686e+06,,0.000000e+00,0.000000e+00
2013-12-11 23:57:36.000000,0.000000e+00,1.663795e+07,1.180437e+02,7.343442e+06,1.730961e+02,3.355663e+06,,0.000000e+00,0.000000e+00
2013-12-11 23:57:37.000000,0.000000e+00,1.663795e+07,1.180437e+02,7.344202e+06,1.730961e+02,3.355639e+06,,0.000000e+00,0.000000e+00
2013-12-11 23:57:38.000000,0.000000e+00,1.663795e+07,1.180437e+02,7.344961e+06,1.730961e+02,3.355615e+06,,0.000000e+00,0.000000e+00
2013-12-11 23:57:39.000000,0.000000e+00,1.663795e+07,1.180437e+02,7.345721e+06,1.730961e+02,3.355591e+06,,0.000000e+00,0.000000e+00
2013-12-11 23:57:40.000000,0.000000e+00,1.663795e+07,1.180437e+02,7.344250e+06,1.730961e+02,3.355567e+06,,0.000000e+00,0.000000e+00
2013-12-11 23:57:41.000000,0.000000e+00,1.663795e+07,1.180437e+02,7.342779e+06,1.730961e+02,3.355544e+06,,0.000000e+00,0.000000e+00
2013-12-11 23:57:42.000000,0.000000e+00,1.663795e+07,1.180437e+02,7.341308e+06,1.730961e+02,3.355520e+06,,0.000000e+00,0.000000e+00
2013-12-11 23:57:43.000000,0.000000e+00,1.663795e+07,1.180437e+02,7.339838e+06,1.730961e+02,3.355496e+06,,0.000000e+00,0.000000e+00
2013-12-11 23:57:44.000000,0.000000e+00,1.663795e+07,1.180437e+02,7.338367e+06,1.730961e+02,3.355472e+06,,0.000000e+00,0.000000e+00
2013-12-11 23:57:45.000000,0.000000e+00,1.663795e+07,1.180437e+02,7.336896e+06,1.730961e+02,3.355449e+06,,0.000000e+00,0.000000e+00
2013-12-11 23:57:46.000000,0.000000e+00,1.663795e+07,1.180437e+02,7.335425e+06,1.730961e+02,3.355424e+06,,0.000000e+00,0.000000e+00
2013-12-11 23:57:47.000000,0.000000e+00,1.663795e+07,1.180437e+02,7.333954e+06,1.730961e+02,3.355401e+06,,0.000000e+00,0.000000e+00
2013-12-11 23:57:48.000000,0.000000e+00,1.663795e+07,1.180437e+02,7.332483e+06,1.730961e+02,3.355377e+06,,0.000000e+00,0.000000e+00
2013-12-11 23:57:49.000000,0.000000e+00,1.663795e+07,1.180437e+02,7.331012e+06,1.730961e+02,3.355353e+06,,0.000000e+00,0.000000e+00
2013-12-11 23:57:50.000000,0.000000e+00,1.663795e+07,1.180437e+02,7.329542e+06,1.730961e+02,3.355330e+06,,0.000000e+00,0.000000e+00
2013-12-11 23:57:51.000000,0.000000e+00,1.663795e+07,1.180437e+02,7.328071e+06,1.730961e+02,3.355305e+06,,0.000000e+00,0.000000e+00
2013-12-11 23:57:52.000000,0.000000e+00,1.663795e+07,1.180437e+02,7.326600e+06,1.730961e+02,3.355282e+06,,0.000000e+00,0.000000e+00
2013-12-11 23:57:53.000000,0.000000e+00,1.663795e+07,1.180437e+02,7.325129e+06,1.730961e+02,3.355258e+06,,0.000000e+00,0.000000e+00
2013-12-11 23:57:54.000000,0.000000e+00,1.663795e+07,1.180437e+02,7.323658e+06,1.730961e+02,3.355234e+06,,0.000000e+00,0.000000e+00
2013-12-11 23:57:55.000000,0.000000e+00,1.663795e+07,1.180437e+02,7.322187e+06,1.730961e+02,3.355210e+06,,0.000000e+00,0.000000e+00
2013-12-11 23:57:56.000000,0.000000e+00,1.663795e+07,1.180437e+02,7.320717e+06,1.730961e+02,3.355186e+06,,0.000000e+00,0.000000e+00
2013-12-11 23:57:57.000000,0.000000e+00,1.663795e+07,1.180437e+02,7.319246e+06,1.730961e+02,3.355163e+06,,0.000000e+00,0.000000e+00
2013-12-11 23:57:58.000000,0.000000e+00,1.663795e+07,1.180437e+02,7.317775e+06,1.730961e+02,3.355139e+06,,0.000000e+00,0.000000e+00
2013-12-11 23:57:59.000000,0.000000e+00,1.663795e+07,1.180437e+02,7.316304e+06,1.730961e+02,3.355115e+06,,0.000000e+00,0.000000e+00
2013-12-11 23:58:00.000000,0.000000e+00,1.663795e+07,1.180437e+02,7.314833e+06,1.730961e+02,3.355091e+06,,0.000000e+00,0.000000e+00
2013-12-11 23:58:01.000000,0.000000e+00,1.663795e+07,1.180437e+02,7.313362e+06,1.730961e+02,3.355067e+06,,0.000000e+00,0.000000e+00
2013-12-11 23:58:02.000000,0.000000e+00,1.663795e+07,1.180437e+02,7.311891e+06,1.730961e+02,3.355044e+06,,0.000000e+00,0.000000e+00
2013-12-11 23:58:03.000000,0.000000e+00,1.663795e+07,1.180437e+02,7.310421e+06,1.730961e+02,3.355020e+06,,0.000000e+00,0.000000e+00
2013-12-11 23:58:04.000000,0.000000e+00,1.663795e+07,1.180437e+02,7.308950e+06,1.730961e+02,3.354996e+06,,0.000000e+00,0.000000e+00
2013-12-11 23:58:05.000000,0.000000e+00,1.663795e+07,1.180437e+02,7.307479e+06,1.730961e+02,3.354972e+06,,0.000000e+00,0.000000e+00
2013-12-11 23:58:06.000000,0.000000e+00,1.663795e+07,1.180437e+02,7.306008e+06,1.730961e+02,3.354949e+06,,0.000000e+00,0.000000e+00
2013-12-11 23:58:07.000000,0.000000e+00,1.663795e+07,1.180437e+02,7.304537e+06,1.730961e+02,3.354925e+06,,0.000000e+00,0.000000e+00
2013-12-11 23:58:08.000000,0.000000e+00,1.663795e+07,1.180437e+02,7.303066e+06,1.730961e+02,3.354901e+06,,0.000000e+00,0.000000e+00
2013-12-11 23:58:09.000000,0.000000e+00,1.663795e+07,1.180437e+02,7.301596e+06,1.730961e+02,3.354877e+06,,0.000000e+00,0.000000e+00
2013-12-11 23:58:10.000000,0.000000e+00,1.663795e+07,1.180437e+02,7.300125e+06,1.730961e+02,3.354853e+06,,0.000000e+00,0.000000e+00
2013-12-11 23:58:11.000000,0.000000e+00,1.663795e+07,1.180437e+02,7.298654e+06,1.730961e+02,3.354830e+06,,0.000000e+00,0.000000e+00
2013-12-11 23:58:12.000000,0.000000e+00,1.663795e+07,1.180437e+02,7.297183e+06,1.730961e+02,3.354806e+06,,0.000000e+00,0.000000e+00
2013-12-11 23:58:13.000000,0.000000e+00,1.663795e+07,1.180437e+02,7.295712e+06,1.730961e+02,3.354782e+06,,0.000000e+00,0.000000e+00
2013-12-11 23:58:14.000000,0.000000e+00,1.663795e+07,1.180437e+02,7.294241e+06,1.730961e+02,3.354758e+06,,0.000000e+00,0.000000e+00
2013-12-11 23:58:15.000000,0.000000e+00,1.663795e+07,1.180437e+02,7.292770e+06,1.730961e+02,3.354734e+06,,0.000000e+00,0.000000e+00
2013-12-11 23:58:16.000000,0.000000e+00,1.663795e+07,1.180437e+02,7.291300e+06,1.730961e+02,3.354711e+06,,0.000000e+00,0.000000e+00
2013-12-11 23:58:17.000000,0.000000e+00,1.663795e+07,1.180437e+02,7.289829e+06,1.730961e+02,3.354687e+06,,0.000000e+00,0.000000e+00
2013-12-11 23:58:18.000000,0.000000e+00,1.663795e+07,1.180437e+02,7.288358e+06,1.730961e+02,3.354663e+06,,0.000000e+00,0.000000e+00
2013-12-11 23:58:19.000000,0.000000e+00,1.663795e+07,1.180437e+02,7.286887e+06,1.730961e+02,3.354639e+06,,0.000000e+00,0.000000e+00
2013-12-11 23:58:20.000000,0.000000e+00,1.663795e+07,1.180437e+02,7.285416e+06,1.730961e+02,3.354615e+06,,0.000000e+00,0.000000e+00
2013-12-11 23:58:21.000000,0.000000e+00,1.663795e+07,1.180437e+02,7.283945e+06,1.730961e+02,3.354592e+06,,0.000000e+00,0.000000e+00
2013-12-11 23:58:22.000000,0.000000e+00,1.663795e+07,1.180437e+02,7.282475e+06,1.730961e+02,3.354568e+06,,0.000000e+00,0.000000e+00
2013-12-11 23:58:23.000000,0.000000e+00,1.663795e+07,1.180437e+02,7.281004e+06,1.730961e+02,3.354544e+06,,0.000000e+00,0.000000e+00
2013-12-11 23:58:24.000000,0.000000e+00,1.663795e+07,1.180437e+02,7.279533e+06,1.730961e+02,3.354520e+06,,0.000000e+00,0.000000e+00
2013-12-11 23:58:25.000000,0.000000e+00,1.663795e+07,1.180437e+02,7.278062e+06,1.730961e+02,3.354496e+06,,0.000000e+00,0.000000e+00
2013-12-11 23:58:26.000000,0.000000e+00,1.663795e+07,1.180437e+02,7.276591e+06,1.730961e+02,3.354473e+06,,0.000000e+00,0.000000e+00
2013-12-11 23:58:27.000000,0.000000e+00,1.663795e+07,1.180437e+02,7.275121e+06,1.730961e+02,3.354449e+06,,0.000000e+00,0.000000e+00
2013-12-11 23:58:28.000000,0.000000e+00,1.663795e+07,1.180437e+02,7.273650e+06,1.730961e+02,3.354425e+06,,0.000000e+00,0.000000e+00
2013-12-11 23:58:29.000000,0.000000e+00,1.663795e+07,1.180437e+02,7.272179e+06,1.730961e+02,3.354401e+06,,0.000000e+00,0.000000e+00
2013-12-11 23:58:30.000000,0.000000e+00,1.663795e+07,1.180437e+02,7.270708e+06,1.730961e+02,3.354378e+06,,0.000000e+00,0.000000e+00
2013-12-11 23:58:31.000000,0.000000e+00,1.663795e+07,1.180437e+02,7.269238e+06,1.730961e+02,3.354354e+06,,0.000000e+00,0.000000e+00
2013-12-11 23:58:32.000000,0.000000e+00,1.663795e+07,1.180437e+02,7.267767e+06,1.730961e+02,3.354330e+06,,0.000000e+00,0.000000e+00
2013-12-11 23:58:33.000000,0.000000e+00,1.663795e+07,1.180437e+02,7.266296e+06,1.730961e+02,3.354306e+06,,0.000000e+00,0.000000e+00
2013-12-11 23:58:34.000000,0.000000e+00,1.663795e+07,1.180437e+02,7.264825e+06,1.730961e+02,3.354282e+06,,0.000000e+00,0.000000e+00
2013-12-11 23:58:35.000000,0.000000e+00,1.663795e+07,1.180437e+02,7.263354e+06,1.730961e+02,3.354259e+06,,0.000000e+00,0.000000e+00
2013-12-11 23:58:36.000000,0.000000e+00,1.663795e+07,1.180437e+02,7.261884e+06,1.730961e+02,3.354235e+06,,0.000000e+00,0.000000e+00
2013-12-11 23:58:37.000000,0.000000e+00,1.663795e+07,1.180437e+02,7.260413e+06,1.730961e+02,3.354211e+06,,0.000000e+00,0.000000e+00
2013-12-11 23:58:38.000000,0.000000e+00,1.663795e+07,1.180437e+02,7.258942e+06,1.730961e+02,3.354187e+06,,0.000000e+00,0.000000e+00
2013-12-11 23:58:39.000000,0.000000e+00,1.663795e+07,1.180437e+02,7.257471e+06,1.730961e+02,3.354163e+06,,0.000000e+00,0.000000e+00
2013-12-11 23:58:40.000000,0.000000e+00,1.663795e+07,1.180437e+02,7.260822e+06,1.730961e+02,3.354140e+06,,0.000000e+00,0.000000e+00
2013-12-11 23:58:41.000000,0.000000e+00,1.663795e+07,1.180437e+02,7.264174e+06,1.730961e+02,3.354116e+06,,0.000000e+00,0.000000e+00
2013-12-11 23:58:42.000000,0.000000e+00,1.663795e+07,1.180437e+02,7.267525e+06,1.730961e+02,3.354092e+06,,0.000000e+00,0.000000e+00
2013-12-11 23:58:43.000000,0.000000e+00,1.663795e+07,1.180437e+02,7.270877e+06,1.730961e+02,3.354068e+06,,0.000000e+00,0.000000e+00
2013-12-11 23:58:44.000000,0.000000e+00,1.663795e+07,1.180437e+02,7.274229e+06,1.730961e+02,3.354044e+06,,0.000000e+00,0.000000e+00
2013-12-11 23:58:45.000000,0.000000e+00,1.663795e+07,1.180437e+02,7.277580e+06,1.730961e+02,3.354021e+06,,0.000000e+00,0.000000e+00
2013-12-11 23:58:46.000000,0.000000e+00,1.663795e+07,1.180437e+02,7.280932e+06,1.730961e+02,3.353997e+06,,0.000000e+00,0.000000e+00
2013-12-11 23:58:47.000000,0.000000e+00,1.663795e+07,1.180437e+02,7.284283e+06,1.730961e+02,3.353973e+06,,0.000000e+00,0.000000e+00
2013-12-11 23:58:48.000000,0.000000e+00,1.663795e+07,1.180437e+02,7.287635e+06,1.730961e+02,3.353949e+06,,0.000000e+00,0.000000e+00
2013-12-11 23:58:49.000000,0.000000e+00,1.663795e+07,1.180437e+02,7.290987e+06,1.730961e+02,3.353925e+06,,0.000000e+00,0.000000e+00
2013-12-11 23:58:50.000000,0.000000e+00,1.663795e+07,1.180437e+02,7.294338e+06,1.730961e+02,3.353902e+06,,0.000000e+00,0.000000e+00
2013-12-11 23:58:51.000000,0.000000e+00,1.663795e+07,1.180437e+02,7.297690e+06,1.730961e+02,3.353878e+06,,0.000000e+00,0.000000e+00
2013-12-11 23:58:52.000000,0.000000e+00,1.663795e+07,1.180437e+02,7.301041e+06,1.730961e+02,3.353854e+06,,0.000000e+00,0.000000e+00
2013-12-11 23:58:53.000000,0.000000e+00,1.663795e+07,1.180437e+02,7.304393e+06,1.730961e+02,3.353830e+06,,0.000000e+00,0.000000e+00
2013-12-11 23:58:54.000000,0.000000e+00,1.663795e+07,1.180437e+02,7.307744e+06,1.730961e+02,3.353807e+06,,0.000000e+00,0.000000e+00
2013-12-11 23:58:55.000000,0.000000e+00,1.663795e+07,1.180437e+02,7.311095e+06,1.730961e+02,3.353783e+06,,0.000000e+00,0.000000e+00
2013-12-11 23:58:56.000000,0.000000e+00,1.663795e+07,1.180437e+02,7.314447e+06,1.730961e+02,3.353759e+06,,0.000000e+00,0.000000e+00
2013-12-11 23:58:57.000000,0.000000e+00,1.663795e+07,1.180437e+02,7.317799e+06,1.730961e+02,3.353735e+06,,0.000000e+00,0.000000e+00
2013-12-11 23:58:58.000000,0.000000e+00,1.663795e+07,1.180437e+02,7.321150e+06,1.730961e+02,3.353711e+06,,0.000000e+00,0.000000e+00
2013-12-11 23:58:59.000000,0.000000e+00,1.663795e+07,1.180437e+02,7.324502e+06,1.730961e+02,3.353688e+06,,0.000000e+00,0.000000e+00
2013-12-11 23:59:00.000000,0.000000e+00,1.663795e+07,1.180437e+02,7.327853e+06,1.730961e+02,3.353664e+06,,0.000000e+00,0.000000e+00
2013-12-11 23:59:01.000000,0.000000e+00,1.663795e+07,1.180437e+02,7.331205e+06,1.730961e+02,3.353640e+06,,0.000000e+00,0.000000e+00
2013-12-11 23:59:02.000000,0.000000e+00,1.663795e+07,1.180437e+02,7.334557e+06,1.730961e+02,3.353616e+06,,0.000000e+00,0.000000e+00
2013-12-11 23:59:03.000000,0.000000e+00,1.663795e+07,1.180437e+02,7.337908e+06,1.730961e+02,3.353592e+06,,0.000000e+00,0.000000e+00
2013-12-11 23:59:04.000000,0.000000e+00,1.663795e+07,1.180437e+02,7.341260e+06,1.730961e+02,3.353569e+06,,0.000000e+00,0.000000e+00
2013-12-11 23:59:05.000000,0.000000e+00,1.663795e+07,1.180437e+02,7.344611e+06,1.730961e+02,3.353545e+06,,0.000000e+00,0.000000e+00
2013-12-11 23:59:06.000000,0.000000e+00,1.663795e+07,1.180437e+02,7.347963e+06,1.730961e+02,3.353521e+06,,0.000000e+00,0.000000e+00
2013-12-11 23:59:07.000000,0.000000e+00,1.663795e+07,1.180437e+02,7.351315e+06,1.730961e+02,3.353497e+06,,0.000000e+00,0.000000e+00
2013-12-11 23:59:08.000000,0.000000e+00,1.663795e+07,1.180437e+02,7.354666e+06,1.730961e+02,3.353473e+06,,0.000000e+00,0.000000e+00
2013-12-11 23:59:09.000000,0.000000e+00,1.663795e+07,1.180437e+02,7.358018e+06,1.730961e+02,3.353450e+06,,0.000000e+00,0.000000e+00
2013-12-11 23:59:10.000000,0.000000e+00,1.663795e+07,1.180437e+02,7.357784e+06,1.730961e+02,3.353426e+06,,0.000000e+00,0.000000e+00
2013-12-11 23:59:11.000000,0.000000e+00,1.663795e+07,1.180437e+02,7.357552e+06,1.730961e+02,3.353402e+06,,0.000000e+00,0.000000e+00
2013-12-11 23:59:12.000000,0.000000e+00,1.663795e+07,1.180437e+02,7.357318e+06,1.730961e+02,3.353378e+06,,0.000000e+00,0.000000e+00
2013-12-11 23:59:13.000000,0.000000e+00,1.663795e+07,1.180437e+02,7.357085e+06,1.730961e+02,3.353354e+06,,0.000000e+00,0.000000e+00
2013-12-11 23:59:14.000000,0.000000e+00,1.663795e+07,1.180437e+02,7.356852e+06,1.730961e+02,3.353331e+06,,0.000000e+00,0.000000e+00
2013-12-11 23:59:15.000000,0.000000e+00,1.663795e+07,1.180437e+02,7.356619e+06,1.730961e+02,3.353307e+06,,0.000000e+00,0.000000e+00
2013-12-11 23:59:16.000000,0.000000e+00,1.663795e+07,1.180437e+02,7.356386e+06,1.730961e+02,3.353283e+06,,0.000000e+00,0.000000e+00
2013-12-11 23:59:17.000000,0.000000e+00,1.663795e+07,1.180437e+02,7.356153e+06,1.730961e+02,3.353259e+06,,0.000000e+00,0.000000e+00
2013-12-11 23:59:18.000000,0.000000e+00,1.663795e+07,1.180437e+02,7.355920e+06,1.730961e+02,3.353235e+06,,0.000000e+00,0.000000e+00
2013-12-11 23:59:19.000000,0.000000e+00,1.663795e+07,1.180437e+02,7.355687e+06,1.730961e+02,3.353212e+06,,0.000000e+00,0.000000e+00
2013-12-11 23:59:20.000000,0.000000e+00,1.663795e+07,1.180437e+02,7.355453e+06,1.730961e+02,3.353188e+06,,0.000000e+00,0.000000e+00
2013-12-11 23:59:21.000000,0.000000e+00,1.663795e+07,1.180437e+02,7.355221e+06,1.730961e+02,3.353164e+06,,0.000000e+00,0.000000e+00
2013-12-11 23:59:22.000000,0.000000e+00,1.663795e+07,1.180437e+02,7.354987e+06,1.730961e+02,3.353140e+06,,0.000000e+00,0.000000e+00
2013-12-11 23:59:23.000000,0.000000e+00,1.663795e+07,1.180437e+02,7.354755e+06,1.730961e+02,3.353117e+06,,0.000000e+00,0.000000e+00
2013-12-11 23:59:24.000000,0.000000e+00,1.663795e+07,1.180437e+02,7.354521e+06,1.730961e+02,3.353093e+06,,0.000000e+00,0.000000e+00
2013-12-11 23:59:25.000000,0.000000e+00,1.663795e+07,1.180437e+02,7.354288e+06,1.730961e+02,3.353069e+06,,0.000000e+00,0.000000e+00
2013-12-11 23:59:26.000000,0.000000e+00,1.663795e+07,1.180437e+02,7.354055e+06,1.730961e+02,3.353045e+06,,0.000000e+00,0.000000e+00
2013-12-11 23:59:27.000000,0.000000e+00,1.663795e+07,1.180437e+02,7.353822e+06,1.730961e+02,3.353021e+06,,0.000000e+00,0.000000e+00
2013-12-11 23:59:28.000000,0.000000e+00,1.663795e+07,1.180437e+02,7.353589e+06,1.730961e+02,3.352998e+06,,0.000000e+00,0.000000e+00
2013-12-11 23:59:29.000000,0.000000e+00,1.663795e+07,1.180437e+02,7.353356e+06,1.730961e+02,3.352974e+06,,0.000000e+00,0.000000e+00
2013-12-11 23:59:30.000000,0.000000e+00,1.663795e+07,1.180437e+02,7.353123e+06,1.730961e+02,3.352950e+06,,0.000000e+00,0.000000e+00
2013-12-11 23:59:31.000000,0.000000e+00,1.663795e+07,1.180437e+02,7.352890e+06,1.730961e+02,3.352926e+06,,0.000000e+00,0.000000e+00
2013-12-11 23:59:32.000000,0.000000e+00,1.663795e+07,1.180437e+02,7.352657e+06,1.730961e+02,3.352902e+06,,0.000000e+00,0.000000e+00
2013-12-11 23:59:33.000000,0.000000e+00,1.663795e+07,1.180437e+02,7.352424e+06,1.730961e+02,3.352879e+06,,0.000000e+00,0.000000e+00
2013-12-11 23:59:34.000000,0.000000e+00,1.663795e+07,1.180437e+02,7.352190e+06,1.730961e+02,3.352855e+06,,0.000000e+00,0.000000e+00
2013-12-11 23:59:35.000000,0.000000e+00,1.663795e+07,1.180437e+02,7.351958e+06,1.730961e+02,3.352831e+06,,0.000000e+00,0.000000e+00
2013-12-11 23:59:36.000000,0.000000e+00,1.663795e+07,1.180437e+02,7.351724e+06,1.730961e+02,3.352807e+06,,0.000000e+00,0.000000e+00
2013-12-11 23:59:37.000000,0.000000e+00,1.663795e+07,1.180437e+02,7.351492e+06,1.730961e+02,3.352783e+06,,0.000000e+00,0.000000e+00
2013-12-11 23:59:38.000000,0.000000e+00,1.663795e+07,1.180437e+02,7.351258e+06,1.730961e+02,3.352760e+06,,0.000000e+00,0.000000e+00
2013-12-11 23:59:39.000000,0.000000e+00,1.663795e+07,1.180437e+02,7.351025e+06,1.730961e+02,3.352736e+06,,0.000000e+00,0.000000e+00
2013-12-11 23:59:40.000000,0.000000e+00,1.663795e+07,1.180437e+02,7.350792e+06,1.730961e+02,3.352712e+06,,0.000000e+00,0.000000e+00
2013-12-11 23:59:41.000000,0.000000e+00,1.663795e+07,1.180437e+02,7.350559e+06,1.730961e+02,3.352688e+06,,0.000000e+00,0.000000e+00
2013-12-11 23:59:42.000000,0.000000e+00,1.663795e+07,1.180437e+02,7.350326e+06,1.730961e+02,3.352664e+06,,0.000000e+00,0.000000e+00
2013-12-11 23:59:43.000000,0.000000e+00,1.663795e+07,1.180437e+02,7.350093e+06,1.730961e+02,3.352641e+06,,0.000000e+00,0.000000e+00
2013-12-11 23:59:44.000000,0.000000e+00,1.663795e+07,1.180437e+02,7.349860e+06,1.730961e+02,3.352617e+06,,0.000000e+00,0.000000e+00
2013-12-11 23:59:45.000000,0.000000e+00,1.663795e+07,1.180437e+02,7.349627e+06,1.730961e+02,3.352593e+06,,0.000000e+00,0.000000e+00
2013-12-11 23:59:46.000000,0.000000e+00,1.663795e+07,1.180437e+02,7.349393e+06,1.730961e+02,3.352569e+06,,0.000000e+00,0.000000e+00
2013-12-11 23:59:47.000000,0.000000e+00,1.663795e+07,1.180437e+02,7.349161e+06,1.730961e+02,3.352546e+06,,0.000000e+00,0.000000e+00
2013-12-11 23:59:48.000000,0.000000e+00,1.663795e+07,1.180437e+02,7.348927e+06,1.730961e+02,3.352522e+06,,0.000000e+00,0.000000e+00
2013-12-11 23:59:49.000000,0.000000e+00,1.663795e+07,1.180437e+02,7.348695e+06,1.730961e+02,3.352498e+06,,0.000000e+00,0.000000e+00
2013-12-11 23:59:50.000000,0.000000e+00,1.663795e+07,1.180437e+02,7.348461e+06,1.730961e+02,3.352474e+06,,0.000000e+00,0.000000e+00
2013-12-11 23:59:51.000000,0.000000e+00,1.663795e+07,1.180437e+02,7.348228e+06,1.730961e+02,3.352450e+06,,0.000000e+00,0.000000e+00
2013-12-11 23:59:52.000000,0.000000e+00,1.663795e+07,1.180437e+02,7.347995e+06,1.730961e+02,3.352427e+06,,0.000000e+00,0.000000e+00
2013-12-11 23:59:53.000000,0.000000e+00,1.663795e+07,1.180437e+02,7.347762e+06,1.730961e+02,3.352402e+06,,0.000000e+00,0.000000e+00
2013-12-11 23:59:54.000000,0.000000e+00,1.663795e+07,1.180437e+02,7.347529e+06,1.730961e+02,3.352379e+06,,0.000000e+00,0.000000e+00
2013-12-11 23:59:55.000000,0.000000e+00,1.663795e+07,1.180437e+02,7.347296e+06,1.730961e+02,3.352355e+06,,0.000000e+00,0.000000e+00
2013-12-11 23:59:56.000000,0.000000e+00,1.663795e+07,1.180437e+02,7.347063e+06,1.730961e+02,3.352331e+06,,0.000000e+00,0.000000e+00
2013-12-11 23:59:57.000000,0.000000e+00,1.663795e+07,1.180437e+02,7.346830e+06,1.730961e+02,3.352308e+06,,0.000000e+00,0.000000e+00
2013-12-11 23:59:58.000000,0.000000e+00,1.663795e+07,1.180437e+02,7.346597e+06,1.730961e+02,3.352283e+06,,0.000000e+00,0.000000e+00
2013-12-11 23:59:59.000000,0.000000e+00,1.663795e+07,1.180437e+02,7.346364e+06,1.730961e+02,3.352260e+06,,0.000000e+00,0.000000e+00
2013-12-12 00:00:00.000000,0.000000e+00,1.663795e+07,1.180437e+02,7.346130e+06,1.730961e+02,3.352236e+06,,0.000000e+00,0.000000e+00
2013-12-12 00:00:01.000000,0.000000e+00,1.663795e+07,1.180437e+02,7.345898e+06,1.730961e+02,3.352212e+06,,0.000000e+00,0.000000e+00
2013-12-12 00:00:02.000000,0.000000e+00,1.663795e+07,1.180437e+02,7.345664e+06,1.730961e+02,3.352188e+06,,0.000000e+00,0.000000e+00
2013-12-12 00:00:03.000000,0.000000e+00,1.663795e+07,1.180437e+02,7.345432e+06,1.730961e+02,3.352165e+06,,0.000000e+00,0.000000e+00
2013-12-12 00:00:04.000000,0.000000e+00,1.663795e+07,1.180437e+02,7.345198e+06,1.730961e+02,3.352141e+06,,0.000000e+00,0.000000e+00
2013-12-12 00:00:05.000000,0.000000e+00,1.663795e+07,1.180437e+02,7.344965e+06,1.730961e+02,3.352117e+06,,0.000000e+00,0.000000e+00
2013-12-12 00:00:06.000000,0.000000e+00,1.663795e+07,1.180437e+02,7.344732e+06,1.730961e+02,3.352093e+06,,0.000000e+00,0.000000e+00
2013-12-12 00:00:07.000000,0.000000e+00,1.663795e+07,1.180437e+02,7.344499e+06,1.730961e+02,3.352069e+06,,0.000000e+00,0.000000e+00
2013-12-12 00:00:08.000000,0.000000e+00,1.663795e+07,1.180437e+02,7.344266e+06,1.730961e+02,3.352046e+06,,0.000000e+00,0.000000e+00
2013-12-12 00:00:09.000000,0.000000e+00,1.663795e+07,1.180437e+02,7.344033e+06,1.730961e+02,3.352022e+06,,0.000000e+00,0.000000e+00
2013-12-12 00:00:10.000000,0.000000e+00,1.663795e+07,1.180437e+02,7.343800e+06,1.730961e+02,3.351998e+06,,0.000000e+00,0.000000e+00
2013-12-12 00:00:11.000000,0.000000e+00,1.663795e+07,1.180437e+02,7.343567e+06,1.730961e+02,3.351974e+06,,0.000000e+00,0.000000e+00
2013-12-12 00:00:12.000000,0.000000e+00,1.663795e+07,1.180437e+02,7.343333e+06,1.730961e+02,3.351950e+06,,0.000000e+00,0.000000e+00
2013-12-12 00:00:13.000000,0.000000e+00,1.663795e+07,1.180437e+02,7.343101e+06,1.730961e+02,3.351927e+06,,0.000000e+00,0.000000e+00
2013-12-12 00:00:14.000000,0.000000e+00,1.663795e+07,1.180437e+02,7.342867e+06,1.730961e+02,3.351903e+06,,0.000000e+00,0.000000e+00
2013-12-12 00:00:15.000000,0.000000e+00,1.663795e+07,1.180437e+02,7.342635e+06,1.730961e+02,3.351879e+06,,0.000000e+00,0.000000e+00
2013-12-12 00:00:16.000000,0.000000e+00,1.663795e+07,1.180437e+02,7.342401e+06,1.730961e+02,3.351855e+06,,0.000000e+00,0.000000e+00
2013-12-12 00:00:17.000000,0.000000e+00,1.663795e+07,1.180437e+02,7.342168e+06,1.730961e+02,3.351831e+06,,0.000000e+00,0.000000e+00
2013-12-12 00:00:18.000000,0.000000e+00,1.663795e+07,1.180437e+02,7.341935e+06,1.730961e+02,3.351808e+06,,0.000000e+00,0.000000e+00
2013-12-12 00:00:19.000000,0.000000e+00,1.663795e+07,1.180437e+02,7.341702e+06,1.730961e+02,3.351784e+06,,0.000000e+00,0.000000e+00
2013-12-12 00:00:20.000000,0.000000e+00,1.663795e+07,1.180437e+02,7.341469e+06,1.730961e+02,3.351760e+06,,0.000000e+00,0.000000e+00
2013-12-12 00:00:21.000000,0.000000e+00,1.663795e+07,1.180437e+02,7.341236e+06,1.730961e+02,3.351736e+06,,0.000000e+00,0.000000e+00
2013-12-12 00:00:22.000000,0.000000e+00,1.663795e+07,1.180437e+02,7.341003e+06,1.730961e+02,3.351712e+06,,0.000000e+00,0.000000e+00
2013-12-12 00:00:23.000000,0.000000e+00,1.663795e+07,1.180437e+02,7.340770e+06,1.730961e+02,3.351689e+06,,0.000000e+00,0.000000e+00
2013-12-12 00:00:24.000000,0.000000e+00,1.663795e+07,1.180437e+02,7.340536e+06,1.730961e+02,3.351665e+06,,0.000000e+00,0.000000e+00
2013-12-12 00:00:25.000000,0.000000e+00,1.663795e+07,1.180437e+02,7.340304e+06,1.730961e+02,3.351641e+06,,0.000000e+00,0.000000e+00
2013-12-12 00:00:26.000000,0.000000e+00,1.663795e+07,1.180437e+02,7.340070e+06,1.730961e+02,3.351617e+06,,0.000000e+00,0.000000e+00
2013-12-12 00:00:27.000000,0.000000e+00,1.663795e+07,1.180437e+02,7.339838e+06,1.730961e+02,3.351594e+06,,0.000000e+00,0.000000e+00
2013-12-12 00:00:28.000000,0.000000e+00,1.663795e+07,1.180437e+02,7.339604e+06,1.730961e+02,3.351570e+06,,0.000000e+00,0.000000e+00
2013-12-12 00:00:29.000000,0.000000e+00,1.663795e+07,1.180437e+02,7.339371e+06,1.730961e+02,3.351546e+06,,0.000000e+00,0.000000e+00
2013-12-12 00:00:30.000000,0.000000e+00,1.663795e+07,1.180437e+02,7.339138e+06,1.730961e+02,3.351522e+06,,0.000000e+00,0.000000e+00
2013-12-12 00:00:31.000000,0.000000e+00,1.663795e+07,1.180437e+02,7.338905e+06,1.730961e+02,3.351498e+06,,0.000000e+00,0.000000e+00
2013-12-12 00:00:32.000000,0.000000e+00,1.663795e+07,1.180437e+02,7.338672e+06,1.730961e+02,3.351475e+06,,0.000000e+00,0.000000e+00
2013-12-12 00:00:33.000000,0.000000e+00,1.663795e+07,1.180437e+02,7.338439e+06,1.730961e+02,3.351451e+06,,0.000000e+00,0.000000e+00
2013-12-12 00:00:34.000000,0.000000e+00,1.663795e+07,1.180437e+02,7.338206e+06,1.730961e+02,3.351427e+06,,0.000000e+00,0.000000e+00
2013-12-12 00:00:35.000000,0.000000e+00,1.663795e+07,1.180437e+02,7.337973e+06,1.730961e+02,3.351403e+06,,0.000000e+00,0.000000e+00
2013-12-12 00:00:36.000000,0.000000e+00,1.663795e+07,1.180437e+02,7.337740e+06,1.730961e+02,3.351379e+06,,0.000000e+00,0.000000e+00
2013-12-12 00:00:37.000000,0.000000e+00,1.663795e+07,1.180437e+02,7.337507e+06,1.730961e+02,3.351356e+06,,0.000000e+00,0.000000e+00
2013-12-12 00:00:38.000000,0.000000e+00,1.663795e+07,1.180437e+02,7.337273e+06,1.730961e+02,3.351332e+06,,0.000000e+00,0.000000e+00
2013-12-12 00:00:39.000000,0.000000e+00,1.663795e+07,1.180437e+02,7.337041e+06,1.730961e+02,3.351308e+06,,0.000000e+00,0.000000e+00
2013-12-12 00:00:40.000000,0.000000e+00,1.663795e+07,1.180437e+02,7.336807e+06,1.730961e+02,3.351284e+06,,0.000000e+00,0.000000e+00
2013-12-12 00:00:41.000000,0.000000e+00,1.663795e+07,1.180437e+02,7.336575e+06,1.730961e+02,3.351260e+06,,0.000000e+00,0.000000e+00
2013-12-12 00:00:42.000000,0.000000e+00,1.663795e+07,1.180437e+02,7.336341e+06,1.730961e+02,3.351237e+06,,0.000000e+00,0.000000e+00
2013-12-12 00:00:43.000000,0.000000e+00,1.663795e+07,1.180437e+02,7.336108e+06,1.730961e+02,3.351213e+06,,0.000000e+00,0.000000e+00
2013-12-12 00:00:44.000000,0.000000e+00,1.663795e+07,1.180437e+02,7.335875e+06,1.730961e+02,3.351189e+06,,0.000000e+00,0.000000e+00
2013-12-12 00:00:45.000000,0.000000e+00,1.663795e+07,1.180437e+02,7.335642e+06,1.730961e+02,3.351165e+06,,0.000000e+00,0.000000e+00
2013-12-12 00:00:46.000000,0.000000e+00,1.663795e+07,1.180437e+02,7.335409e+06,1.730961e+02,3.351141e+06,,0.000000e+00,0.000000e+00
2013-12-12 00:00:47.000000,0.000000e+00,1.663795e+07,1.180437e+02,7.335176e+06,1.730961e+02,3.351118e+06,,0.000000e+00,0.000000e+00
2013-12-12 00:00:48.000000,0.000000e+00,1.663795e+07,1.180437e+02,7.334943e+06,1.730961e+02,3.351094e+06,,0.000000e+00,0.000000e+00
2013-12-12 00:00:49.000000,0.000000e+00,1.663795e+07,1.180437e+02,7.334710e+06,1.730961e+02,3.351070e+06,,0.000000e+00,0.000000e+00
2013-12-12 00:00:50.000000,0.000000e+00,1.663795e+07,1.180437e+02,7.334476e+06,1.730961e+02,3.351046e+06,,0.000000e+00,0.000000e+00
2013-12-12 00:00:51.000000,0.000000e+00,1.663795e+07,1.180437e+02,7.334244e+06,1.730961e+02,3.351022e+06,,0.000000e+00,0.000000e+00
2013-12-12 00:00:52.000000,0.000000e+00,1.663795e+07,1.180437e+02,7.334010e+06,1.730961e+02,3.350999e+06,,0.000000e+00,0.000000e+00
2013-12-12 00:00:53.000000,0.000000e+00,1.663795e+07,1.180437e+02,7.333778e+06,1.730961e+02,3.350975e+06,,0.000000e+00,0.000000e+00
2013-12-12 00:00:54.000000,0.000000e+00,1.663795e+07,1.180437e+02,7.333544e+06,1.730961e+02,3.350951e+06,,0.000000e+00,0.000000e+00
2013-12-12 00:00:55.000000,0.000000e+00,1.663795e+07,1.180437e+02,7.333311e+06,1.730961e+02,3.350927e+06,,0.000000e+00,0.000000e+00
2013-12-12 00:00:56.000000,0.000000e+00,1.663795e+07,1.180437e+02,7.333078e+06,1.730961e+02,3.350904e+06,,0.000000e+00,0.000000e+00
2013-12-12 00:00:57.000000,0.000000e+00,1.663795e+07,1.180437e+02,7.332845e+06,1.730961e+02,3.350880e+06,,0.000000e+00,0.000000e+00
2013-12-12 00:00:58.000000,0.000000e+00,1.663795e+07,1.180437e+02,7.332612e+06,1.730961e+02,3.350856e+06,,0.000000e+00,0.000000e+00
2013-12-12 00:00:59.000000,0.000000e+00,1.663795e+07,1.180437e+02,7.332379e+06,1.730961e+02,3.350832e+06,,0.000000e+00,0.000000e+00
2013-12-12 00:01:00.000000,0.000000e+00,1.663795e+07,1.180437e+02,7.332146e+06,1.730961e+02,3.350808e+06,,0.000000e+00,0.000000e+00
2013-12-12 00:01:01.000000,0.000000e+00,1.663795e+07,1.180437e+02,7.331913e+06,1.730961e+02,3.350785e+06,,0.000000e+00,0.000000e+00
2013-12-12 00:01:02.000000,0.000000e+00,1.663795e+07,1.180437e+02,7.331680e+06,1.730961e+02,3.350761e+06,,0.000000e+00,0.000000e+00
2013-12-12 00:01:03.000000,0.000000e+00,1.663795e+07,1.180437e+02,7.331447e+06,1.730961e+02,3.350737e+06,,0.000000e+00,0.000000e+00
2013-12-12 00:01:04.000000,0.000000e+00,1.663795e+07,1.180437e+02,7.331213e+06,1.730961e+02,3.350713e+06,,0.000000e+00,0.000000e+00
2013-12-12 00:01:05.000000,0.000000e+00,1.663795e+07,1.180437e+02,7.330981e+06,1.730961e+02,3.350689e+06,,0.000000e+00,0.000000e+00
2013-12-12 00:01:06.000000,0.000000e+00,1.663795e+07,1.180437e+02,7.330747e+06,1.730961e+02,3.350666e+06,,0.000000e+00,0.000000e+00
2013-12-12 00:01:07.000000,0.000000e+00,1.663795e+07,1.180437e+02,7.330515e+06,1.730961e+02,3.350642e+06,,0.000000e+00,0.000000e+00
2013-12-12 00:01:08.000000,0.000000e+00,1.663795e+07,1.180437e+02,7.330281e+06,1.730961e+02,3.350618e+06,,0.000000e+00,0.000000e+00
2013-12-12 00:01:09.000000,0.000000e+00,1.663795e+07,1.180437e+02,7.330048e+06,1.730961e+02,3.350594e+06,,0.000000e+00,0.000000e+00
2013-12-12 00:01:10.000000,0.000000e+00,1.663795e+07,1.180437e+02,7.329815e+06,1.730961e+02,3.350570e+06,,0.000000e+00,0.000000e+00
2013-12-12 00:01:11.000000,0.000000e+00,1.663795e+07,1.180437e+02,7.329582e+06,1.730961e+02,3.350547e+06,,0.000000e+00,0.000000e+00
2013-12-12 00:01:12.000000,0.000000e+00,1.663795e+07,1.180437e+02,7.329349e+06,1.730961e+02,3.350523e+06,,0.000000e+00,0.000000e+00
2013-12-12 00:01:13.000000,0.000000e+00,1.663795e+07,1.180437e+02,7.329116e+06,1.730961e+02,3.350499e+06,,0.000000e+00,0.000000e+00
2013-12-12 00:01:14.000000,0.000000e+00,1.663795e+07,1.180437e+02,7.328883e+06,1.730961e+02,3.350475e+06,,0.000000e+00,0.000000e+00
2013-12-12 00:01:15.000000,0.000000e+00,1.663795e+07,1.180437e+02,7.328650e+06,1.730961e+02,3.350451e+06,,0.000000e+00,0.000000e+00
2013-12-12 00:01:16.000000,0.000000e+00,1.663795e+07,1.180437e+02,7.328416e+06,1.730961e+02,3.350428e+06,,0.000000e+00,0.000000e+00
2013-12-12 00:01:17.000000,0.000000e+00,1.663795e+07,1.180437e+02,7.328184e+06,1.730961e+02,3.350404e+06,,0.000000e+00,0.000000e+00
2013-12-12 00:01:18.000000,0.000000e+00,1.663795e+07,1.180437e+02,7.327950e+06,1.730961e+02,3.350380e+06,,0.000000e+00,0.000000e+00
2013-12-12 00:01:19.000000,0.000000e+00,1.663795e+07,1.180437e+02,7.327718e+06,1.730961e+02,3.350356e+06,,0.000000e+00,0.000000e+00
2013-12-12 00:01:20.000000,0.000000e+00,1.663795e+07,1.180437e+02,7.327484e+06,1.730961e+02,3.350333e+06,,0.000000e+00,0.000000e+00
2013-12-12 00:01:21.000000,0.000000e+00,1.663795e+07,1.180437e+02,7.327251e+06,1.730961e+02,3.350309e+06,,0.000000e+00,0.000000e+00
2013-12-12 00:01:22.000000,0.000000e+00,1.663795e+07,1.180437e+02,7.327018e+06,1.730961e+02,3.350285e+06,,0.000000e+00,0.000000e+00
2013-12-12 00:01:23.000000,0.000000e+00,1.663795e+07,1.180437e+02,7.326785e+06,1.730961e+02,3.350261e+06,,0.000000e+00,0.000000e+00
2013-12-12 00:01:24.000000,0.000000e+00,1.663795e+07,1.180437e+02,7.326552e+06,1.730961e+02,3.350237e+06,,0.000000e+00,0.000000e+00
2013-12-12 00:01:25.000000,0.000000e+00,1.663795e+07,1.180437e+02,7.326318e+06,1.730961e+02,3.350214e+06,,0.000000e+00,0.000000e+00
2013-12-12 00:01:26.000000,0.000000e+00,1.663795e+07,1.180437e+02,7.326086e+06,1.730961e+02,3.350190e+06,,0.000000e+00,0.000000e+00
2013-12-12 00:01:27.000000,0.000000e+00,1.663795e+07,1.180437e+02,7.325852e+06,1.730961e+02,3.350166e+06,,0.000000e+00,0.000000e+00
2013-12-12 00:01:28.000000,0.000000e+00,1.663795e+07,1.180437e+02,7.325620e+06,1.730961e+02,3.350142e+06,,0.000000e+00,0.000000e+00
2013-12-12 00:01:29.000000,0.000000e+00,1.663795e+07,1.180437e+02,7.325386e+06,1.730961e+02,3.350118e+06,,0.000000e+00,0.000000e+00
2013-12-12 00:01:30.000000,0.000000e+00,1.663795e+07,1.180437e+02,7.325153e+06,1.730961e+02,3.350095e+06,,0.000000e+00,0.000000e+00
2013-12-12 00:01:31.000000,0.000000e+00,1.663795e+07,1.180437e+02,7.324920e+06,1.730961e+02,3.350071e+06,,0.000000e+00,0.000000e+00
2013-12-12 00:01:32.000000,0.000000e+00,1.663795e+07,1.180437e+02,7.324687e+06,1.730961e+02,3.350047e+06,,0.000000e+00,0.000000e+00
2013-12-12 00:01:33.000000,0.000000e+00,1.663795e+07,1.180437e+02,7.324454e+06,1.730961e+02,3.350023e+06,,0.000000e+00,0.000000e+00
2013-12-12 00:01:34.000000,0.000000e+00,1.663795e+07,1.180437e+02,7.324221e+06,1.730961e+02,3.349999e+06,,0.000000e+00,0.000000e+00
2013-12-12 00:01:35.000000,0.000000e+00,1.663795e+07,1.180437e+02,7.323988e+06,1.730961e+02,3.349976e+06,,0.000000e+00,0.000000e+00
2013-12-12 00:01:36.000000,0.000000e+00,1.663795e+07,1.180437e+02,7.323755e+06,1.730961e+02,3.349952e+06,,0.000000e+00,0.000000e+00
2013-12-12 00:01:37.000000,0.000000e+00,1.663795e+07,1.180437e+02,7.323521e+06,1.730961e+02,3.349928e+06,,0.000000e+00,0.000000e+00
2013-12-12 00:01:38.000000,0.000000e+00,1.663795e+07,1.180437e+02,7.323289e+06,1.730961e+02,3.349904e+06,,0.000000e+00,0.000000e+00
2013-12-12 00:01:39.000000,0.000000e+00,1.663795e+07,1.180437e+02,7.323055e+06,1.730961e+02,3.349880e+06,,0.000000e+00,0.000000e+00
2013-12-12 00:01:40.000000,0.000000e+00,1.663795e+07,1.180437e+02,7.322823e+06,1.730961e+02,3.349857e+06,,0.000000e+00,0.000000e+00
2013-12-12 00:01:41.000000,0.000000e+00,1.663795e+07,1.180437e+02,7.322589e+06,1.730961e+02,3.349833e+06,,0.000000e+00,0.000000e+00
2013-12-12 00:01:42.000000,0.000000e+00,1.663795e+07,1.180437e+02,7.322356e+06,1.730961e+02,3.349809e+06,,0.000000e+00,0.000000e+00
2013-12-12 00:01:43.000000,0.000000e+00,1.663795e+07,1.180437e+02,7.322123e+06,1.730961e+02,3.349785e+06,,0.000000e+00,0.000000e+00
2013-12-12 00:01:44.000000,0.000000e+00,1.663795e+07,1.180437e+02,7.321890e+06,1.730961e+02,3.349762e+06,,0.000000e+00,0.000000e+00
2013-12-12 00:01:45.000000,0.000000e+00,1.663795e+07,1.180437e+02,7.321657e+06,1.730961e+02,3.349738e+06,,0.000000e+00,0.000000e+00
2013-12-12 00:01:46.000000,0.000000e+00,1.663795e+07,1.180437e+02,7.321424e+06,1.730961e+02,3.349714e+06,,0.000000e+00,0.000000e+00
2013-12-12 00:01:47.000000,0.000000e+00,1.663795e+07,1.180437e+02,7.321191e+06,1.730961e+02,3.349690e+06,,0.000000e+00,0.000000e+00
2013-12-12 00:01:48.000000,0.000000e+00,1.663795e+07,1.180437e+02,7.320958e+06,1.730961e+02,3.349666e+06,,0.000000e+00,0.000000e+00
2013-12-12 00:01:49.000000,0.000000e+00,1.663795e+07,1.180437e+02,7.320724e+06,1.730961e+02,3.349643e+06,,0.000000e+00,0.000000e+00
2013-12-12 00:01:50.000000,0.000000e+00,1.663795e+07,1.180437e+02,7.320492e+06,1.730961e+02,3.349619e+06,,0.000000e+00,0.000000e+00
2013-12-12 00:01:51.000000,0.000000e+00,1.663795e+07,1.180437e+02,7.320258e+06,1.730961e+02,3.349595e+06,,0.000000e+00,0.000000e+00
2013-12-12 00:01:52.000000,0.000000e+00,1.663795e+07,1.180437e+02,7.320026e+06,1.730961e+02,3.349571e+06,,0.000000e+00,0.000000e+00
2013-12-12 00:01:53.000000,0.000000e+00,1.663795e+07,1.180437e+02,7.319792e+06,1.730961e+02,3.349547e+06,,0.000000e+00,0.000000e+00
2013-12-12 00:01:54.000000,0.000000e+00,1.663795e+07,1.180437e+02,7.319559e+06,1.730961e+02,3.349524e+06,,0.000000e+00,0.000000e+00
2013-12-12 00:01:55.000000,0.000000e+00,1.663795e+07,1.180437e+02,7.319326e+06,1.730961e+02,3.349500e+06,,0.000000e+00,0.000000e+00
2013-12-12 00:01:56.000000,0.000000e+00,1.663795e+07,1.180437e+02,7.319093e+06,1.730961e+02,3.349476e+06,,0.000000e+00,0.000000e+00
2013-12-12 00:01:57.000000,0.000000e+00,1.663795e+07,1.180437e+02,7.318860e+06,1.730961e+02,3.349452e+06,,0.000000e+00,0.000000e+00
2013-12-12 00:01:58.000000,0.000000e+00,1.663795e+07,1.180437e+02,7.318627e+06,1.730961e+02,3.349428e+06,,0.000000e+00,0.000000e+00
2013-12-12 00:01:59.000000,0.000000e+00,1.663795e+07,1.180437e+02,7.318394e+06,1.730961e+02,3.349405e+06,,0.000000e+00,0.000000e+00
2013-12-12 00:02:00.000000,0.000000e+00,1.663795e+07,1.180437e+02,7.318161e+06,1.730961e+02,3.349381e+06,,0.000000e+00,0.000000e+00
2013-12-12 00:02:01.000000,0.000000e+00,1.663795e+07,1.180437e+02,7.317928e+06,1.730961e+02,3.349357e+06,,0.000000e+00,0.000000e+00
2013-12-12 00:02:02.000000,0.000000e+00,1.663795e+07,1.180437e+02,7.317695e+06,1.730961e+02,3.349333e+06,,0.000000e+00,0.000000e+00
2013-12-12 00:02:03.000000,0.000000e+00,1.663795e+07,1.180437e+02,7.317461e+06,1.730961e+02,3.349309e+06,,0.000000e+00,0.000000e+00
2013-12-12 00:02:04.000000,0.000000e+00,1.663795e+07,1.180437e+02,7.317229e+06,1.730961e+02,3.349286e+06,,0.000000e+00,0.000000e+00
2013-12-12 00:02:05.000000,0.000000e+00,1.663795e+07,1.180437e+02,7.316995e+06,1.730961e+02,3.349262e+06,,0.000000e+00,0.000000e+00
2013-12-12 00:02:06.000000,0.000000e+00,1.663795e+07,1.180437e+02,7.316763e+06,1.730961e+02,3.349238e+06,,0.000000e+00,0.000000e+00
2013-12-12 00:02:07.000000,0.000000e+00,1.663795e+07,1.180437e+02,7.316529e+06,1.730961e+02,3.349214e+06,,0.000000e+00,0.000000e+00
2013-12-12 00:02:08.000000,0.000000e+00,1.663795e+07,1.180437e+02,7.316296e+06,1.730961e+02,3.349190e+06,,0.000000e+00,0.000000e+00
2013-12-12 00:02:09.000000,0.000000e+00,1.663795e+07,1.180437e+02,7.316063e+06,1.730961e+02,3.349166e+06,,0.000000e+00,0.000000e+00
2013-12-12 00:02:10.000000,0.000000e+00,1.663795e+07,1.180437e+02,7.315830e+06,1.730961e+02,3.349143e+06,,0.000000e+00,0.000000e+00
2013-12-12 00:02:11.000000,0.000000e+00,1.663795e+07,1.180437e+02,7.315597e+06,1.730961e+02,3.349119e+06,,0.000000e+00,0.000000e+00
2013-12-12 00:02:12.000000,0.000000e+00,1.663795e+07,1.180437e+02,7.315364e+06,1.730961e+02,3.349095e+06,,0.000000e+00,0.000000e+00
2013-12-12 00:02:13.000000,0.000000e+00,1.663795e+07,1.180437e+02,7.315131e+06,1.730961e+02,3.349072e+06,,0.000000e+00,0.000000e+00
2013-12-12 00:02:14.000000,0.000000e+00,1.663795e+07,1.180437e+02,7.314898e+06,1.730961e+02,3.349047e+06,,0.000000e+00,0.000000e+00
2013-12-12 00:02:15.000000,0.000000e+00,1.663795e+07,1.180437e+02,7.314664e+06,1.730961e+02,3.349024e+06,,0.000000e+00,0.000000e+00
2013-12-12 00:02:16.000000,0.000000e+00,1.663795e+07,1.180437e+02,7.314432e+06,1.730961e+02,3.349000e+06,,0.000000e+00,0.000000e+00
2013-12-12 00:02:17.000000,0.000000e+00,1.663795e+07,1.180437e+02,7.314198e+06,1.730961e+02,3.348976e+06,,0.000000e+00,0.000000e+00
2013-12-12 00:02:18.000000,0.000000e+00,1.663795e+07,1.180437e+02,7.313966e+06,1.730961e+02,3.348952e+06,,0.000000e+00,0.000000e+00
2013-12-12 00:02:19.000000,0.000000e+00,1.663795e+07,1.180437e+02,7.313732e+06,1.730961e+02,3.348928e+06,,0.000000e+00,0.000000e+00
2013-12-12 00:02:20.000000,0.000000e+00,1.663795e+07,1.180437e+02,7.313499e+06,1.730961e+02,3.348905e+06,,0.000000e+00,0.000000e+00
2013-12-12 00:02:21.000000,0.000000e+00,1.663795e+07,1.180437e+02,7.313266e+06,1.730961e+02,3.348881e+06,,0.000000e+00,0.000000e+00
2013-12-12 00:02:22.000000,0.000000e+00,1.663795e+07,1.180437e+02,7.313033e+06,1.730961e+02,3.348857e+06,,0.000000e+00,0.000000e+00
2013-12-12 00:02:23.000000,0.000000e+00,1.663795e+07,1.180437e+02,7.312800e+06,1.730961e+02,3.348833e+06,,0.000000e+00,0.000000e+00
2013-12-12 00:02:24.000000,0.000000e+00,1.663795e+07,1.180437e+02,7.312567e+06,1.730961e+02,3.348809e+06,,0.000000e+00,0.000000e+00
2013-12-12 00:02:25.000000,0.000000e+00,1.663795e+07,1.180437e+02,7.312334e+06,1.730961e+02,3.348786e+06,,0.000000e+00,0.000000e+00
2013-12-12 00:02:26.000000,0.000000e+00,1.663795e+07,1.180437e+02,7.312101e+06,1.730961e+02,3.348762e+06,,0.000000e+00,0.000000e+00
2013-12-12 00:02:27.000000,0.000000e+00,1.663795e+07,1.180437e+02,7.311868e+06,1.730961e+02,3.348738e+06,,0.000000e+00,0.000000e+00
2013-12-12 00:02:28.000000,0.000000e+00,1.663795e+07,1.180437e+02,7.311635e+06,1.730961e+02,3.348714e+06,,0.000000e+00,0.000000e+00
2013-12-12 00:02:29.000000,0.000000e+00,1.663795e+07,1.180437e+02,7.311401e+06,1.730961e+02,3.348691e+06,,0.000000e+00,0.000000e+00
2013-12-12 00:02:30.000000,0.000000e+00,1.663795e+07,1.180437e+02,7.311169e+06,1.730961e+02,3.348667e+06,,0.000000e+00,0.000000e+00
2013-12-12 00:02:31.000000,0.000000e+00,1.663795e+07,1.180437e+02,7.310935e+06,1.730961e+02,3.348643e+06,,0.000000e+00,0.000000e+00
2013-12-12 00:02:32.000000,0.000000e+00,1.663795e+07,1.180437e+02,7.310703e+06,1.730961e+02,3.348619e+06,,0.000000e+00,0.000000e+00
2013-12-12 00:02:33.000000,0.000000e+00,1.663795e+07,1.180437e+02,7.310469e+06,1.730961e+02,3.348595e+06,,0.000000e+00,0.000000e+00
2013-12-12 00:02:34.000000,0.000000e+00,1.663795e+07,1.180437e+02,7.310236e+06,1.730961e+02,3.348572e+06,,0.000000e+00,0.000000e+00
2013-12-12 00:02:35.000000,0.000000e+00,1.663795e+07,1.180437e+02,7.310003e+06,1.730961e+02,3.348548e+06,,0.000000e+00,0.000000e+00
2013-12-12 00:02:36.000000,0.000000e+00,1.663795e+07,1.180437e+02,7.309770e+06,1.730961e+02,3.348524e+06,,0.000000e+00,0.000000e+00
2013-12-12 00:02:37.000000,0.000000e+00,1.663795e+07,1.180437e+02,7.309537e+06,1.730961e+02,3.348500e+06,,0.000000e+00,0.000000e+00
2013-12-12 00:02:38.000000,0.000000e+00,1.663795e+07,1.180437e+02,7.309304e+06,1.730961e+02,3.348476e+06,,0.000000e+00,0.000000e+00
2013-12-12 00:02:39.000000,0.000000e+00,1.663795e+07,1.180437e+02,7.309071e+06,1.730961e+02,3.348453e+06,,0.000000e+00,0.000000e+00
2013-12-12 00:02:40.000000,0.000000e+00,1.663795e+07,1.180437e+02,7.308838e+06,1.730961e+02,3.348429e+06,,0.000000e+00,0.000000e+00
2013-12-12 00:02:41.000000,0.000000e+00,1.663795e+07,1.180437e+02,7.308604e+06,1.730961e+02,3.348405e+06,,0.000000e+00,0.000000e+00
2013-12-12 00:02:42.000000,0.000000e+00,1.663795e+07,1.180437e+02,7.308372e+06,1.730961e+02,3.348381e+06,,0.000000e+00,0.000000e+00
2013-12-12 00:02:43.000000,0.000000e+00,1.663795e+07,1.180437e+02,7.308138e+06,1.730961e+02,3.348357e+06,,0.000000e+00,0.000000e+00
2013-12-12 00:02:44.000000,0.000000e+00,1.663795e+07,1.180437e+02,7.307906e+06,1.730961e+02,3.348334e+06,,0.000000e+00,0.000000e+00
2013-12-12 00:02:45.000000,0.000000e+00,1.663795e+07,1.180437e+02,7.307672e+06,1.730961e+02,3.348310e+06,,0.000000e+00,0.000000e+00
2013-12-12 00:02:46.000000,0.000000e+00,1.663795e+07,1.180437e+02,7.307439e+06,1.730961e+02,3.348286e+06,,0.000000e+00,0.000000e+00
2013-12-12 00:02:47.000000,0.000000e+00,1.663795e+07,1.180437e+02,7.307206e+06,1.730961e+02,3.348262e+06,,0.000000e+00,0.000000e+00
2013-12-12 00:02:48.000000,0.000000e+00,1.663795e+07,1.180437e+02,7.306973e+06,1.730961e+02,3.348238e+06,,0.000000e+00,0.000000e+00
2013-12-12 00:02:49.000000,0.000000e+00,1.663795e+07,1.180437e+02,7.306740e+06,1.730961e+02,3.348215e+06,,0.000000e+00,0.000000e+00
2013-12-12 00:02:50.000000,0.000000e+00,1.663795e+07,1.180437e+02,7.306507e+06,1.730961e+02,3.348191e+06,,0.000000e+00,0.000000e+00
2013-12-12 00:02:51.000000,0.000000e+00,1.663795e+07,1.180437e+02,7.306274e+06,1.730961e+02,3.348167e+06,,0.000000e+00,0.000000e+00
2013-12-12 00:02:52.000000,0.000000e+00,1.663795e+07,1.180437e+02,7.306041e+06,1.730961e+02,3.348143e+06,,0.000000e+00,0.000000e+00
2013-12-12 00:02:53.000000,0.000000e+00,1.663795e+07,1.180437e+02,7.305807e+06,1.730961e+02,3.348120e+06,,0.000000e+00,0.000000e+00
2013-12-12 00:02:54.000000,0.000000e+00,1.663795e+07,1.180437e+02,7.305575e+06,1.730961e+02,3.348096e+06,,0.000000e+00,0.000000e+00
2013-12-12 00:02:55.000000,0.000000e+00,1.663795e+07,1.180437e+02,7.305341e+06,1.730961e+02,3.348072e+06,,0.000000e+00,0.000000e+00
2013-12-12 00:02:56.000000,0.000000e+00,1.663795e+07,1.180437e+02,7.305109e+06,1.730961e+02,3.348048e+06,,0.000000e+00,0.000000e+00
2013-12-12 00:02:57.000000,0.000000e+00,1.663795e+07,1.180437e+02,7.304875e+06,1.730961e+02,3.348024e+06,,0.000000e+00,0.000000e+00
2013-12-12 00:02:58.000000,0.000000e+00,1.663795e+07,1.180437e+02,7.304642e+06,1.730961e+02,3.348001e+06,,0.000000e+00,0.000000e+00
2013-12-12 00:02:59.000000,0.000000e+00,1.663795e+07,1.180437e+02,7.304409e+06,1.730961e+02,3.347977e+06,,0.000000e+00,0.000000e+00
2013-12-12 00:03:00.000000,0.000000e+00,1.663795e+07,1.180437e+02,7.304176e+06,1.730961e+02,3.347953e+06,,0.000000e+00,0.000000e+00
2013-12-12 00:03:01.000000,0.000000e+00,1.663795e+07,1.180437e+02,7.303943e+06,1.730961e+02,3.347929e+06,,0.000000e+00,0.000000e+00
2013-12-12 00:03:02.000000,0.000000e+00,1.663795e+07,1.180437e+02,7.303710e+06,1.730961e+02,3.347905e+06,,0.000000e+00,0.000000e+00
2013-12-12 00:03:03.000000,0.000000e+00,1.663795e+07,1.180437e+02,7.303477e+06,1.730961e+02,3.347882e+06,,0.000000e+00,0.000000e+00
2013-12-12 00:03:04.000000,0.000000e+00,1.663795e+07,1.180437e+02,7.303244e+06,1.730961e+02,3.347858e+06,,0.000000e+00,0.000000e+00
2013-12-12 00:03:05.000000,0.000000e+00,1.663795e+07,1.180437e+02,7.303011e+06,1.730961e+02,3.347834e+06,,0.000000e+00,0.000000e+00
2013-12-12 00:03:06.000000,0.000000e+00,1.663795e+07,1.180437e+02,7.302778e+06,1.730961e+02,3.347810e+06,,0.000000e+00,0.000000e+00
2013-12-12 00:03:07.000000,0.000000e+00,1.663795e+07,1.180437e+02,7.302544e+06,1.730961e+02,3.347786e+06,,0.000000e+00,0.000000e+00
2013-12-12 00:03:08.000000,0.000000e+00,1.663795e+07,1.180437e+02,7.302312e+06,1.730961e+02,3.347763e+06,,0.000000e+00,0.000000e+00
2013-12-12 00:03:09.000000,0.000000e+00,1.663795e+07,1.180437e+02,7.302078e+06,1.730961e+02,3.347739e+06,,0.000000e+00,0.000000e+00
2013-12-12 00:03:10.000000,0.000000e+00,1.663795e+07,1.180437e+02,7.301846e+06,1.730961e+02,3.347715e+06,,0.000000e+00,0.000000e+00
2013-12-12 00:03:11.000000,0.000000e+00,1.663795e+07,1.180437e+02,7.301612e+06,1.730961e+02,3.347691e+06,,0.000000e+00,0.000000e+00
2013-12-12 00:03:12.000000,0.000000e+00,1.663795e+07,1.180437e+02,7.301379e+06,1.730961e+02,3.347667e+06,,0.000000e+00,0.000000e+00
2013-12-12 00:03:13.000000,0.000000e+00,1.663795e+07,1.180437e+02,7.301146e+06,1.730961e+02,3.347644e+06,,0.000000e+00,0.000000e+00
2013-12-12 00:03:14.000000,0.000000e+00,1.663795e+07,1.180437e+02,7.300913e+06,1.730961e+02,3.347620e+06,,0.000000e+00,0.000000e+00
2013-12-12 00:03:15.000000,0.000000e+00,1.663795e+07,1.180437e+02,7.300680e+06,1.730961e+02,3.347596e+06,,0.000000e+00,0.000000e+00
2013-12-12 00:03:16.000000,0.000000e+00,1.663795e+07,1.180437e+02,7.300447e+06,1.730961e+02,3.347572e+06,,0.000000e+00,0.000000e+00
2013-12-12 00:03:17.000000,0.000000e+00,1.663795e+07,1.180437e+02,7.300214e+06,1.730961e+02,3.347549e+06,,0.000000e+00,0.000000e+00
2013-12-12 00:03:18.000000,0.000000e+00,1.663795e+07,1.180437e+02,7.299981e+06,1.730961e+02,3.347525e+06,,0.000000e+00,0.000000e+00
2013-12-12 00:03:19.000000,0.000000e+00,1.663795e+07,1.180437e+02,7.299747e+06,1.730961e+02,3.347501e+06,,0.000000e+00,0.000000e+00
2013-12-12 00:03:20.000000,0.000000e+00,1.663795e+07,1.180437e+02,7.299515e+06,1.730961e+02,3.347477e+06,,0.000000e+00,0.000000e+00
2013-12-12 00:03:21.000000,0.000000e+00,1.663795e+07,1.180437e+02,7.299281e+06,1.730961e+02,3.347453e+06,,0.000000e+00,0.000000e+00
2013-12-12 00:03:22.000000,0.000000e+00,1.663795e+07,1.180437e+02,7.299049e+06,1.730961e+02,3.347430e+06,,0.000000e+00,0.000000e+00
2013-12-12 00:03:23.000000,0.000000e+00,1.663795e+07,1.180437e+02,7.298815e+06,1.730961e+02,3.347406e+06,,0.000000e+00,0.000000e+00
2013-12-12 00:03:24.000000,0.000000e+00,1.663795e+07,1.180437e+02,7.298582e+06,1.730961e+02,3.347382e+06,,0.000000e+00,0.000000e+00
2013-12-12 00:03:25.000000,0.000000e+00,1.663795e+07,1.180437e+02,7.298349e+06,1.730961e+02,3.347358e+06,,0.000000e+00,0.000000e+00
2013-12-12 00:03:26.000000,0.000000e+00,1.663795e+07,1.180437e+02,7.298116e+06,1.730961e+02,3.347334e+06,,0.000000e+00,0.000000e+00
2013-12-12 00:03:27.000000,0.000000e+00,1.663795e+07,1.180437e+02,7.297883e+06,1.730961e+02,3.347311e+06,,0.000000e+00,0.000000e+00
2013-12-12 00:03:28.000000,0.000000e+00,1.663795e+07,1.180437e+02,7.297650e+06,1.730961e+02,3.347287e+06,,0.000000e+00,0.000000e+00
2013-12-12 00:03:29.000000,0.000000e+00,1.663795e+07,1.180437e+02,7.297417e+06,1.730961e+02,3.347263e+06,,0.000000e+00,0.000000e+00
2013-12-12 00:03:30.000000,0.000000e+00,1.663795e+07,1.180437e+02,7.297184e+06,1.730961e+02,3.347239e+06,,0.000000e+00,0.000000e+00
2013-12-12 00:03:31.000000,0.000000e+00,1.663795e+07,1.180437e+02,7.296951e+06,1.730961e+02,3.347215e+06,,0.000000e+00,0.000000e+00
2013-12-12 00:03:32.000000,0.000000e+00,1.663795e+07,1.180437e+02,7.296718e+06,1.730961e+02,3.347192e+06,,0.000000e+00,0.000000e+00
2013-12-12 00:03:33.000000,0.000000e+00,1.663795e+07,1.180437e+02,7.296484e+06,1.730961e+02,3.347168e+06,,0.000000e+00,0.000000e+00
2013-12-12 00:03:34.000000,0.000000e+00,1.663795e+07,1.180437e+02,7.296252e+06,1.730961e+02,3.347144e+06,,0.000000e+00,0.000000e+00
2013-12-12 00:03:35.000000,0.000000e+00,1.663795e+07,1.180437e+02,7.296018e+06,1.730961e+02,3.347120e+06,,0.000000e+00,0.000000e+00
2013-12-12 00:03:36.000000,0.000000e+00,1.663795e+07,1.180437e+02,7.295786e+06,1.730961e+02,3.347096e+06,,0.000000e+00,0.000000e+00
2013-12-12 00:03:37.000000,0.000000e+00,1.663795e+07,1.180437e+02,7.295552e+06,1.730961e+02,3.347073e+06,,0.000000e+00,0.000000e+00
2013-12-12 00:03:38.000000,0.000000e+00,1.663795e+07,1.180437e+02,7.295319e+06,1.730961e+02,3.347049e+06,,0.000000e+00,0.000000e+00
2013-12-12 00:03:39.000000,0.000000e+00,1.663795e+07,1.180437e+02,7.295086e+06,1.730961e+02,3.347025e+06,,0.000000e+00,0.000000e+00
2013-12-12 00:03:40.000000,0.000000e+00,1.663795e+07,1.180437e+02,7.296147e+06,1.730961e+02,3.347001e+06,,0.000000e+00,0.000000e+00
2013-12-12 00:03:41.000000,0.000000e+00,1.663795e+07,1.180437e+02,7.297208e+06,1.730961e+02,3.346977e+06,,0.000000e+00,0.000000e+00
2013-12-12 00:03:42.000000,0.000000e+00,1.663795e+07,1.180437e+02,7.298269e+06,1.730961e+02,3.346954e+06,,0.000000e+00,0.000000e+00
2013-12-12 00:03:43.000000,0.000000e+00,1.663795e+07,1.180437e+02,7.299329e+06,1.730961e+02,3.346930e+06,,0.000000e+00,0.000000e+00
2013-12-12 00:03:44.000000,0.000000e+00,1.663795e+07,1.180437e+02,7.300391e+06,1.730961e+02,3.346906e+06,,0.000000e+00,0.000000e+00
2013-12-12 00:03:45.000000,0.000000e+00,1.663795e+07,1.180437e+02,7.301451e+06,1.730961e+02,3.346882e+06,,0.000000e+00,0.000000e+00
2013-12-12 00:03:46.000000,0.000000e+00,1.663795e+07,1.180437e+02,7.302512e+06,1.730961e+02,3.346859e+06,,0.000000e+00,0.000000e+00
2013-12-12 00:03:47.000000,0.000000e+00,1.663795e+07,1.180437e+02,7.303574e+06,1.730961e+02,3.346835e+06,,0.000000e+00,0.000000e+00
2013-12-12 00:03:48.000000,0.000000e+00,1.663795e+07,1.180437e+02,7.304634e+06,1.730961e+02,3.346811e+06,,0.000000e+00,0.000000e+00
2013-12-12 00:03:49.000000,0.000000e+00,1.663795e+07,1.180437e+02,7.305695e+06,1.730961e+02,3.346787e+06,,0.000000e+00,0.000000e+00
2013-12-12 00:03:50.000000,0.000000e+00,1.663795e+07,1.180437e+02,7.306756e+06,1.730961e+02,3.346763e+06,,0.000000e+00,0.000000e+00
2013-12-12 00:03:51.000000,0.000000e+00,1.663795e+07,1.180437e+02,7.307817e+06,1.730961e+02,3.346740e+06,,0.000000e+00,0.000000e+00
2013-12-12 00:03:52.000000,0.000000e+00,1.663795e+07,1.180437e+02,7.308878e+06,1.730961e+02,3.346716e+06,,0.000000e+00,0.000000e+00
2013-12-12 00:03:53.000000,0.000000e+00,1.663795e+07,1.180437e+02,7.309939e+06,1.730961e+02,3.346692e+06,,0.000000e+00,0.000000e+00
2013-12-12 00:03:54.000000,0.000000e+00,1.663795e+07,1.180437e+02,7.311000e+06,1.730961e+02,3.346668e+06,,0.000000e+00,0.000000e+00
2013-12-12 00:03:55.000000,0.000000e+00,1.663795e+07,1.180437e+02,7.312061e+06,1.730961e+02,3.346644e+06,,0.000000e+00,0.000000e+00
2013-12-12 00:03:56.000000,0.000000e+00,1.663795e+07,1.180437e+02,7.313122e+06,1.730961e+02,3.346621e+06,,0.000000e+00,0.000000e+00
2013-12-12 00:03:57.000000,0.000000e+00,1.663795e+07,1.180437e+02,7.314183e+06,1.730961e+02,3.346597e+06,,0.000000e+00,0.000000e+00
2013-12-12 00:03:58.000000,0.000000e+00,1.663795e+07,1.180437e+02,7.315244e+06,1.730961e+02,3.346573e+06,,0.000000e+00,0.000000e+00
2013-12-12 00:03:59.000000,0.000000e+00,1.663795e+07,1.180437e+02,7.316305e+06,1.730961e+02,3.346549e+06,,0.000000e+00,0.000000e+00
2013-12-12 00:04:00.000000,0.000000e+00,1.663795e+07,1.180437e+02,7.317365e+06,1.730961e+02,3.346525e+06,,0.000000e+00,0.000000e+00
2013-12-12 00:04:01.000000,0.000000e+00,1.663795e+07,1.180437e+02,7.318427e+06,1.730961e+02,3.346502e+06,,0.000000e+00,0.000000e+00
2013-12-12 00:04:02.000000,0.000000e+00,1.663795e+07,1.180437e+02,7.319487e+06,1.730961e+02,3.346478e+06,,0.000000e+00,0.000000e+00
2013-12-12 00:04:03.000000,0.000000e+00,1.663795e+07,1.180437e+02,7.320548e+06,1.730961e+02,3.346454e+06,,0.000000e+00,0.000000e+00
2013-12-12 00:04:04.000000,0.000000e+00,1.663795e+07,1.180437e+02,7.321609e+06,1.730961e+02,3.346430e+06,,0.000000e+00,0.000000e+00
2013-12-12 00:04:05.000000,0.000000e+00,1.663795e+07,1.180437e+02,7.322670e+06,1.730961e+02,3.346406e+06,,0.000000e+00,0.000000e+00
2013-12-12 00:04:06.000000,0.000000e+00,1.663795e+07,1.180437e+02,7.323731e+06,1.730961e+02,3.346383e+06,,0.000000e+00,0.000000e+00
2013-12-12 00:04:07.000000,0.000000e+00,1.663795e+07,1.180437e+02,7.324792e+06,1.730961e+02,3.346359e+06,,0.000000e+00,0.000000e+00
2013-12-12 00:04:08.000000,0.000000e+00,1.663795e+07,1.180437e+02,7.325853e+06,1.730961e+02,3.346335e+06,,0.000000e+00,0.000000e+00
2013-12-12 00:04:09.000000,0.000000e+00,1.663795e+07,1.180437e+02,7.326913e+06,1.730961e+02,3.346311e+06,,0.000000e+00,0.000000e+00
2013-12-12 00:04:10.000000,0.000000e+00,1.663795e+07,1.180437e+02,7.327975e+06,1.730961e+02,3.346288e+06,,0.000000e+00,0.000000e+00
2013-12-12 00:04:11.000000,0.000000e+00,1.663795e+07,1.180437e+02,7.329036e+06,1.730961e+02,3.346264e+06,,0.000000e+00,0.000000e+00
2013-12-12 00:04:12.000000,0.000000e+00,1.663795e+07,1.180437e+02,7.330096e+06,1.730961e+02,3.346240e+06,,0.000000e+00,0.000000e+00
2013-12-12 00:04:13.000000,0.000000e+00,1.663795e+07,1.180437e+02,7.331158e+06,1.730961e+02,3.346216e+06,,0.000000e+00,0.000000e+00
2013-12-12 00:04:14.000000,0.000000e+00,1.663795e+07,1.180437e+02,7.332218e+06,1.730961e+02,3.346192e+06,,0.000000e+00,0.000000e+00
2013-12-12 00:04:15.000000,0.000000e+00,1.663795e+07,1.180437e+02,7.333279e+06,1.730961e+02,3.346169e+06,,0.000000e+00,0.000000e+00
2013-12-12 00:04:16.000000,0.000000e+00,1.663795e+07,1.180437e+02,7.334341e+06,1.730961e+02,3.346144e+06,,0.000000e+00,0.000000e+00
2013-12-12 00:04:17.000000,0.000000e+00,1.663795e+07,1.180437e+02,7.335401e+06,1.730961e+02,3.346121e+06,,0.000000e+00,0.000000e+00
2013-12-12 00:04:18.000000,0.000000e+00,1.663795e+07,1.180437e+02,7.336462e+06,1.730961e+02,3.346097e+06,,0.000000e+00,0.000000e+00
2013-12-12 00:04:19.000000,0.000000e+00,1.663795e+07,1.180437e+02,7.337523e+06,1.730961e+02,3.346073e+06,,0.000000e+00,0.000000e+00
2013-12-12 00:04:20.000000,0.000000e+00,1.663795e+07,1.180437e+02,7.338584e+06,1.730961e+02,3.346049e+06,,0.000000e+00,0.000000e+00
2013-12-12 00:04:21.000000,0.000000e+00,1.663795e+07,1.180437e+02,7.339645e+06,1.730961e+02,3.346025e+06,,0.000000e+00,0.000000e+00
2013-12-12 00:04:22.000000,0.000000e+00,1.663795e+07,1.180437e+02,7.340706e+06,1.730961e+02,3.346002e+06,,0.000000e+00,0.000000e+00
2013-12-12 00:04:23.000000,0.000000e+00,1.663795e+07,1.180437e+02,7.341767e+06,1.730961e+02,3.345978e+06,,0.000000e+00,0.000000e+00
2013-12-12 00:04:24.000000,0.000000e+00,1.663795e+07,1.180437e+02,7.342828e+06,1.730961e+02,3.345954e+06,,0.000000e+00,0.000000e+00
2013-12-12 00:04:25.000000,0.000000e+00,1.663795e+07,1.180437e+02,7.343889e+06,1.730961e+02,3.345930e+06,,0.000000e+00,0.000000e+00
2013-12-12 00:04:26.000000,0.000000e+00,1.663795e+07,1.180437e+02,7.344949e+06,1.730961e+02,3.345907e+06,,0.000000e+00,0.000000e+00
2013-12-12 00:04:27.000000,0.000000e+00,1.663795e+07,1.180437e+02,7.346011e+06,1.730961e+02,3.345883e+06,,0.000000e+00,0.000000e+00
2013-12-12 00:04:28.000000,0.000000e+00,1.663795e+07,1.180437e+02,7.347072e+06,1.730961e+02,3.345859e+06,,0.000000e+00,0.000000e+00
2013-12-12 00:04:29.000000,0.000000e+00,1.663795e+07,1.180437e+02,7.348132e+06,1.730961e+02,3.345835e+06,,0.000000e+00,0.000000e+00
2013-12-12 00:04:30.000000,0.000000e+00,1.663795e+07,1.180437e+02,7.349194e+06,1.730961e+02,3.345811e+06,,0.000000e+00,0.000000e+00
2013-12-12 00:04:31.000000,0.000000e+00,1.663795e+07,1.180437e+02,7.350254e+06,1.730961e+02,3.345788e+06,,0.000000e+00,0.000000e+00
2013-12-12 00:04:32.000000,0.000000e+00,1.663795e+07,1.180437e+02,7.351315e+06,1.730961e+02,3.345764e+06,,0.000000e+00,0.000000e+00
2013-12-12 00:04:33.000000,0.000000e+00,1.663795e+07,1.180437e+02,7.352376e+06,1.730961e+02,3.345740e+06,,0.000000e+00,0.000000e+00
2013-12-12 00:04:34.000000,0.000000e+00,1.663795e+07,1.180437e+02,7.353437e+06,1.730961e+02,3.345716e+06,,0.000000e+00,0.000000e+00
2013-12-12 00:04:35.000000,0.000000e+00,1.663795e+07,1.180437e+02,7.354498e+06,1.730961e+02,3.345692e+06,,0.000000e+00,0.000000e+00
2013-12-12 00:04:36.000000,0.000000e+00,1.663795e+07,1.180437e+02,7.355559e+06,1.730961e+02,3.345669e+06,,0.000000e+00,0.000000e+00
2013-12-12 00:04:37.000000,0.000000e+00,1.663795e+07,1.180437e+02,7.356620e+06,1.730961e+02,3.345645e+06,,0.000000e+00,0.000000e+00
2013-12-12 00:04:38.000000,0.000000e+00,1.663795e+07,1.180437e+02,7.357681e+06,1.730961e+02,3.345621e+06,,0.000000e+00,0.000000e+00
2013-12-12 00:04:39.000000,0.000000e+00,1.663795e+07,1.180437e+02,7.358742e+06,1.730961e+02,3.345597e+06,,0.000000e+00,0.000000e+00
2013-12-12 00:04:40.000000,0.000000e+00,1.663795e+07,1.180437e+02,7.355366e+06,1.730961e+02,3.345573e+06,,0.000000e+00,0.000000e+00
2013-12-12 00:04:41.000000,0.000000e+00,1.663795e+07,1.180437e+02,7.351991e+06,1.730961e+02,3.345550e+06,,0.000000e+00,0.000000e+00
2013-12-12 00:04:42.000000,0.000000e+00,1.663795e+07,1.180437e+02,7.348615e+06,1.730961e+02,3.345526e+06,,0.000000e+00,0.000000e+00
2013-12-12 00:04:43.000000,0.000000e+00,1.663795e+07,1.180437e+02,7.345239e+06,1.730961e+02,3.345502e+06,,0.000000e+00,0.000000e+00
2013-12-12 00:04:44.000000,0.000000e+00,1.663795e+07,1.180438e+02,7.341863e+06,1.730961e+02,3.345478e+06,,0.000000e+00,0.000000e+00
2013-12-12 00:04:45.000000,0.000000e+00,1.663795e+07,1.180440e+02,7.338487e+06,1.730961e+02,3.345454e+06,,0.000000e+00,0.000000e+00
2013-12-12 00:04:46.000000,0.000000e+00,1.663795e+07,1.180441e+02,7.335112e+06,1.730961e+02,3.345431e+06,,0.000000e+00,0.000000e+00
2013-12-12 00:04:47.000000,0.000000e+00,1.663795e+07,1.180443e+02,7.331736e+06,1.730961e+02,3.345407e+06,,0.000000e+00,0.000000e+00
2013-12-12 00:04:48.000000,0.000000e+00,1.663795e+07,1.180444e+02,7.328361e+06,1.730961e+02,3.345383e+06,,0.000000e+00,0.000000e+00
2013-12-12 00:04:49.000000,0.000000e+00,1.663795e+07,1.180446e+02,7.324985e+06,1.730961e+02,3.345359e+06,,0.000000e+00,0.000000e+00
2013-12-12 00:04:50.000000,0.000000e+00,1.663795e+07,1.180448e+02,7.321609e+06,1.730961e+02,3.345335e+06,,0.000000e+00,0.000000e+00
2013-12-12 00:04:51.000000,0.000000e+00,1.663795e+07,1.180449e+02,7.318233e+06,1.730961e+02,3.345312e+06,,0.000000e+00,0.000000e+00
2013-12-12 00:04:52.000000,0.000000e+00,1.663795e+07,1.180451e+02,7.314857e+06,1.730961e+02,3.345288e+06,,0.000000e+00,0.000000e+00
2013-12-12 00:04:53.000000,0.000000e+00,1.663795e+07,1.180452e+02,7.311482e+06,1.730961e+02,3.345264e+06,,0.000000e+00,0.000000e+00
2013-12-12 00:04:54.000000,0.000000e+00,1.663795e+07,1.180454e+02,7.308106e+06,1.730961e+02,3.345240e+06,,0.000000e+00,0.000000e+00
2013-12-12 00:04:55.000000,0.000000e+00,1.663795e+07,1.180455e+02,7.304730e+06,1.730961e+02,3.345217e+06,,0.000000e+00,0.000000e+00
2013-12-12 00:04:56.000000,0.000000e+00,1.663795e+07,1.180457e+02,7.301355e+06,1.730961e+02,3.345193e+06,,0.000000e+00,0.000000e+00
2013-12-12 00:04:57.000000,0.000000e+00,1.663795e+07,1.180458e+02,7.297979e+06,1.730961e+02,3.345169e+06,,0.000000e+00,0.000000e+00
2013-12-12 00:04:58.000000,0.000000e+00,1.663795e+07,1.180460e+02,7.294604e+06,1.730961e+02,3.345145e+06,,0.000000e+00,0.000000e+00
2013-12-12 00:04:59.000000,0.000000e+00,1.663795e+07,1.180462e+02,7.291228e+06,1.730961e+02,3.345121e+06,,0.000000e+00,0.000000e+00
2013-12-12 00:05:00.000000,0.000000e+00,1.663795e+07,1.180463e+02,7.287852e+06,1.730961e+02,3.345098e+06,,0.000000e+00,0.000000e+00
2013-12-12 00:05:01.000000,0.000000e+00,1.663795e+07,1.180465e+02,7.284476e+06,1.730961e+02,3.345074e+06,,0.000000e+00,0.000000e+00
2013-12-12 00:05:02.000000,0.000000e+00,1.663795e+07,1.180466e+02,7.281100e+06,1.730961e+02,3.345050e+06,,0.000000e+00,0.000000e+00
2013-12-12 00:05:03.000000,0.000000e+00,1.663795e+07,1.180468e+02,7.277725e+06,1.730961e+02,3.345026e+06,,0.000000e+00,0.000000e+00
2013-12-12 00:05:04.000000,0.000000e+00,1.663795e+07,1.180469e+02,7.274349e+06,1.730961e+02,3.345002e+06,,0.000000e+00,0.000000e+00
2013-12-12 00:05:05.000000,0.000000e+00,1.663795e+07,1.180471e+02,7.270973e+06,1.730961e+02,3.344979e+06,,0.000000e+00,0.000000e+00
2013-12-12 00:05:06.000000,0.000000e+00,1.663795e+07,1.180472e+02,7.267598e+06,1.730961e+02,3.344955e+06,,0.000000e+00,0.000000e+00
2013-12-12 00:05:07.000000,0.000000e+00,1.663795e+07,1.180474e+02,7.264222e+06,1.730961e+02,3.344931e+06,,0.000000e+00,0.000000e+00
2013-12-12 00:05:08.000000,0.000000e+00,1.663795e+07,1.180476e+02,7.260847e+06,1.730961e+02,3.344907e+06,,0.000000e+00,0.000000e+00
2013-12-12 00:05:09.000000,0.000000e+00,1.663795e+07,1.180477e+02,7.257471e+06,1.730961e+02,3.344883e+06,,0.000000e+00,0.000000e+00
2013-12-12 00:05:10.000000,0.000000e+00,1.663795e+07,1.180479e+02,7.258236e+06,1.730961e+02,3.344860e+06,,0.000000e+00,0.000000e+00
2013-12-12 00:05:11.000000,0.000000e+00,1.663795e+07,1.180480e+02,7.259001e+06,1.730961e+02,3.344836e+06,,0.000000e+00,0.000000e+00
2013-12-12 00:05:12.000000,0.000000e+00,1.663795e+07,1.180482e+02,7.259766e+06,1.730961e+02,3.344812e+06,,0.000000e+00,0.000000e+00
2013-12-12 00:05:13.000000,0.000000e+00,1.663795e+07,1.180483e+02,7.260532e+06,1.730961e+02,3.344788e+06,,0.000000e+00,0.000000e+00
2013-12-12 00:05:14.000000,0.000000e+00,1.663795e+07,1.180485e+02,7.261297e+06,1.730961e+02,3.344764e+06,,0.000000e+00,0.000000e+00
2013-12-12 00:05:15.000000,0.000000e+00,1.663795e+07,1.180486e+02,7.262062e+06,1.730961e+02,3.344741e+06,,0.000000e+00,0.000000e+00
2013-12-12 00:05:16.000000,0.000000e+00,1.663795e+07,1.180488e+02,7.262827e+06,1.730961e+02,3.344717e+06,,0.000000e+00,0.000000e+00
2013-12-12 00:05:17.000000,0.000000e+00,1.663795e+07,1.180490e+02,7.263593e+06,1.730961e+02,3.344693e+06,,0.000000e+00,0.000000e+00
2013-12-12 00:05:18.000000,0.000000e+00,1.663795e+07,1.180491e+02,7.264358e+06,1.730961e+02,3.344669e+06,,0.000000e+00,0.000000e+00
2013-12-12 00:05:19.000000,0.000000e+00,1.663795e+07,1.180493e+02,7.265123e+06,1.730961e+02,3.344646e+06,,0.000000e+00,0.000000e+00
2013-12-12 00:05:20.000000,0.000000e+00,1.663795e+07,1.180494e+02,7.265888e+06,1.730961e+02,3.344622e+06,,0.000000e+00,0.000000e+00
2013-12-12 00:05:21.000000,0.000000e+00,1.663795e+07,1.180496e+02,7.266653e+06,1.730961e+02,3.344598e+06,,0.000000e+00,0.000000e+00
2013-12-12 00:05:22.000000,0.000000e+00,1.663795e+07,1.180497e+02,7.267419e+06,1.730961e+02,3.344574e+06,,0.000000e+00,0.000000e+00
2013-12-12 00:05:23.000000,0.000000e+00,1.663795e+07,1.180499e+02,7.268184e+06,1.730961e+02,3.344550e+06,,0.000000e+00,0.000000e+00
2013-12-12 00:05:24.000000,0.000000e+00,1.663795e+07,1.180500e+02,7.268949e+06,1.730961e+02,3.344527e+06,,0.000000e+00,0.000000e+00
2013-12-12 00:05:25.000000,0.000000e+00,1.663795e+07,1.180502e+02,7.269714e+06,1.730961e+02,3.344503e+06,,0.000000e+00,0.000000e+00
2013-12-12 00:05:26.000000,0.000000e+00,1.663795e+07,1.180504e+02,7.270480e+06,1.730961e+02,3.344479e+06,,0.000000e+00,0.000000e+00
2013-12-12 00:05:27.000000,0.000000e+00,1.663795e+07,1.180505e+02,7.271245e+06,1.730961e+02,3.344455e+06,,0.000000e+00,0.000000e+00
2013-12-12 00:05:28.000000,0.000000e+00,1.663795e+07,1.180507e+02,7.272010e+06,1.730961e+02,3.344431e+06,,0.000000e+00,0.000000e+00
2013-12-12 00:05:29.000000,0.000000e+00,1.663795e+07,1.180508e+02,7.272775e+06,1.730961e+02,3.344408e+06,,0.000000e+00,0.000000e+00
2013-12-12 00:05:30.000000,0.000000e+00,1.663795e+07,1.180510e+02,7.273540e+06,1.730961e+02,3.344384e+06,,0.000000e+00,0.000000e+00
2013-12-12 00:05:31.000000,0.000000e+00,1.663795e+07,1.180511e+02,7.274305e+06,1.730961e+02,3.344360e+06,,0.000000e+00,0.000000e+00
2013-12-12 00:05:32.000000,0.000000e+00,1.663795e+07,1.180513e+02,7.275070e+06,1.730961e+02,3.344336e+06,,0.000000e+00,0.000000e+00
2013-12-12 00:05:33.000000,0.000000e+00,1.663795e+07,1.180514e+02,7.275835e+06,1.730961e+02,3.344312e+06,,0.000000e+00,0.000000e+00
2013-12-12 00:05:34.000000,0.000000e+00,1.663795e+07,1.180516e+02,7.276601e+06,1.730961e+02,3.344289e+06,,0.000000e+00,0.000000e+00
2013-12-12 00:05:35.000000,0.000000e+00,1.663795e+07,1.180518e+02,7.277366e+06,1.730961e+02,3.344265e+06,,0.000000e+00,0.000000e+00
2013-12-12 00:05:36.000000,0.000000e+00,1.663795e+07,1.180519e+02,7.278131e+06,1.730961e+02,3.344241e+06,,0.000000e+00,0.000000e+00
2013-12-12 00:05:37.000000,0.000000e+00,1.663795e+07,1.180521e+02,7.278896e+06,1.730961e+02,3.344217e+06,,0.000000e+00,0.000000e+00
2013-12-12 00:05:38.000000,0.000000e+00,1.663795e+07,1.180522e+02,7.279662e+06,1.730961e+02,3.344193e+06,,0.000000e+00,0.000000e+00
2013-12-12 00:05:39.000000,0.000000e+00,1.663795e+07,1.180524e+02,7.280427e+06,1.730961e+02,3.344170e+06,,0.000000e+00,0.000000e+00
2013-12-12 00:05:40.000000,0.000000e+00,1.663795e+07,1.180525e+02,7.281192e+06,1.730961e+02,3.344146e+06,,0.000000e+00,0.000000e+00
2013-12-12 00:05:41.000000,0.000000e+00,1.663795e+07,1.180527e+02,7.281957e+06,1.730961e+02,3.344122e+06,,0.000000e+00,0.000000e+00
2013-12-12 00:05:42.000000,0.000000e+00,1.663795e+07,1.180528e+02,7.282722e+06,1.730961e+02,3.344098e+06,,0.000000e+00,0.000000e+00
2013-12-12 00:05:43.000000,0.000000e+00,1.663795e+07,1.180530e+02,7.283488e+06,1.730961e+02,3.344075e+06,,0.000000e+00,0.000000e+00
2013-12-12 00:05:44.000000,0.000000e+00,1.663795e+07,1.180532e+02,7.284253e+06,1.730961e+02,3.344051e+06,,0.000000e+00,0.000000e+00
2013-12-12 00:05:45.000000,0.000000e+00,1.663795e+07,1.180533e+02,7.285018e+06,1.730961e+02,3.344027e+06,,0.000000e+00,0.000000e+00
2013-12-12 00:05:46.000000,0.000000e+00,1.663795e+07,1.180535e+02,7.285783e+06,1.730961e+02,3.344003e+06,,0.000000e+00,0.000000e+00
2013-12-12 00:05:47.000000,0.000000e+00,1.663795e+07,1.180536e+02,7.286549e+06,1.730961e+02,3.343979e+06,,0.000000e+00,0.000000e+00
2013-12-12 00:05:48.000000,0.000000e+00,1.663795e+07,1.180538e+02,7.287314e+06,1.730961e+02,3.343956e+06,,0.000000e+00,0.000000e+00
2013-12-12 00:05:49.000000,0.000000e+00,1.663795e+07,1.180539e+02,7.288079e+06,1.730961e+02,3.343932e+06,,0.000000e+00,0.000000e+00
2013-12-12 00:05:50.000000,0.000000e+00,1.663795e+07,1.180541e+02,7.288844e+06,1.730961e+02,3.343908e+06,,0.000000e+00,0.000000e+00
2013-12-12 00:05:51.000000,0.000000e+00,1.663795e+07,1.180542e+02,7.289610e+06,1.730961e+02,3.343884e+06,,0.000000e+00,0.000000e+00
2013-12-12 00:05:52.000000,0.000000e+00,1.663795e+07,1.180544e+02,7.290375e+06,1.730961e+02,3.343860e+06,,0.000000e+00,0.000000e+00
2013-12-12 00:05:53.000000,0.000000e+00,1.663795e+07,1.180546e+02,7.291140e+06,1.730961e+02,3.343837e+06,,0.000000e+00,0.000000e+00
2013-12-12 00:05:54.000000,0.000000e+00,1.663795e+07,1.180547e+02,7.291905e+06,1.730961e+02,3.343813e+06,,0.000000e+00,0.000000e+00
2013-12-12 00:05:55.000000,0.000000e+00,1.663795e+07,1.180549e+02,7.292670e+06,1.730961e+02,3.343789e+06,,0.000000e+00,0.000000e+00
2013-12-12 00:05:56.000000,0.000000e+00,1.663795e+07,1.180550e+02,7.293436e+06,1.730961e+02,3.343765e+06,,0.000000e+00,0.000000e+00
2013-12-12 00:05:57.000000,0.000000e+00,1.663795e+07,1.180552e+02,7.294201e+06,1.730961e+02,3.343741e+06,,0.000000e+00,0.000000e+00
2013-12-12 00:05:58.000000,0.000000e+00,1.663795e+07,1.180553e+02,7.294966e+06,1.730961e+02,3.343718e+06,,0.000000e+00,0.000000e+00
2013-12-12 00:05:59.000000,0.000000e+00,1.663795e+07,1.180555e+02,7.295731e+06,1.730961e+02,3.343694e+06,,0.000000e+00,0.000000e+00
2013-12-12 00:06:00.000000,0.000000e+00,1.663795e+07,1.180556e+02,7.296497e+06,1.730961e+02,3.343670e+06,,0.000000e+00,0.000000e+00
2013-12-12 00:06:01.000000,0.000000e+00,1.663795e+07,1.180558e+02,7.297262e+06,1.730961e+02,3.343646e+06,,0.000000e+00,0.000000e+00
2013-12-12 00:06:02.000000,0.000000e+00,1.663795e+07,1.180560e+02,7.298027e+06,1.730961e+02,3.343622e+06,,0.000000e+00,0.000000e+00
2013-12-12 00:06:03.000000,0.000000e+00,1.663795e+07,1.180561e+02,7.298792e+06,1.730961e+02,3.343599e+06,,0.000000e+00,0.000000e+00
2013-12-12 00:06:04.000000,0.000000e+00,1.663795e+07,1.180563e+02,7.299557e+06,1.730961e+02,3.343575e+06,,0.000000e+00,0.000000e+00
2013-12-12 00:06:05.000000,0.000000e+00,1.663795e+07,1.180564e+02,7.300323e+06,1.730961e+02,3.343551e+06,,0.000000e+00,0.000000e+00
2013-12-12 00:06:06.000000,0.000000e+00,1.663795e+07,1.180566e+02,7.301088e+06,1.730961e+02,3.343527e+06,,0.000000e+00,0.000000e+00
2013-12-12 00:06:07.000000,0.000000e+00,1.663795e+07,1.180567e+02,7.301853e+06,1.730961e+02,3.343504e+06,,0.000000e+00,0.000000e+00
2013-12-12 00:06:08.000000,0.000000e+00,1.663795e+07,1.180569e+02,7.302618e+06,1.730961e+02,3.343480e+06,,0.000000e+00,0.000000e+00
2013-12-12 00:06:09.000000,0.000000e+00,1.663795e+07,1.180570e+02,7.303384e+06,1.730961e+02,3.343456e+06,,0.000000e+00,0.000000e+00
2013-12-12 00:06:10.000000,0.000000e+00,1.663795e+07,1.180572e+02,7.304148e+06,1.730961e+02,3.343432e+06,,0.000000e+00,0.000000e+00
2013-12-12 00:06:11.000000,0.000000e+00,1.663795e+07,1.180574e+02,7.304913e+06,1.730961e+02,3.343408e+06,,0.000000e+00,0.000000e+00
2013-12-12 00:06:12.000000,0.000000e+00,1.663795e+07,1.180575e+02,7.305679e+06,1.730961e+02,3.343385e+06,,0.000000e+00,0.000000e+00
2013-12-12 00:06:13.000000,0.000000e+00,1.663795e+07,1.180577e+02,7.306444e+06,1.730961e+02,3.343361e+06,,0.000000e+00,0.000000e+00
2013-12-12 00:06:14.000000,0.000000e+00,1.663795e+07,1.180578e+02,7.307209e+06,1.730961e+02,3.343337e+06,,0.000000e+00,0.000000e+00
2013-12-12 00:06:15.000000,0.000000e+00,1.663795e+07,1.180580e+02,7.307974e+06,1.730961e+02,3.343313e+06,,0.000000e+00,0.000000e+00
2013-12-12 00:06:16.000000,0.000000e+00,1.663795e+07,1.180581e+02,7.308739e+06,1.730961e+02,3.343289e+06,,0.000000e+00,0.000000e+00
2013-12-12 00:06:17.000000,0.000000e+00,1.663795e+07,1.180583e+02,7.309505e+06,1.730961e+02,3.343266e+06,,0.000000e+00,0.000000e+00
2013-12-12 00:06:18.000000,0.000000e+00,1.663795e+07,1.180584e+02,7.310270e+06,1.730961e+02,3.343242e+06,,0.000000e+00,0.000000e+00
2013-12-12 00:06:19.000000,0.000000e+00,1.663795e+07,1.180586e+02,7.311035e+06,1.730961e+02,3.343218e+06,,0.000000e+00,0.000000e+00
2013-12-12 00:06:20.000000,0.000000e+00,1.663795e+07,1.180588e+02,7.311800e+06,1.730961e+02,3.343194e+06,,0.000000e+00,0.000000e+00
2013-12-12 00:06:21.000000,0.000000e+00,1.663795e+07,1.180589e+02,7.312566e+06,1.730961e+02,3.343170e+06,,0.000000e+00,0.000000e+00
2013-12-12 00:06:22.000000,0.000000e+00,1.663795e+07,1.180591e+02,7.313331e+06,1.730961e+02,3.343147e+06,,0.000000e+00,0.000000e+00
2013-12-12 00:06:23.000000,0.000000e+00,1.663795e+07,1.180592e+02,7.314096e+06,1.730961e+02,3.343122e+06,,0.000000e+00,0.000000e+00
2013-12-12 00:06:24.000000,0.000000e+00,1.663795e+07,1.180594e+02,7.314861e+06,1.730961e+02,3.343099e+06,,0.000000e+00,0.000000e+00
2013-12-12 00:06:25.000000,0.000000e+00,1.663795e+07,1.180595e+02,7.315627e+06,1.730961e+02,3.343075e+06,,0.000000e+00,0.000000e+00
2013-12-12 00:06:26.000000,0.000000e+00,1.663795e+07,1.180597e+02,7.316392e+06,1.730961e+02,3.343051e+06,,0.000000e+00,0.000000e+00
2013-12-12 00:06:27.000000,0.000000e+00,1.663795e+07,1.180598e+02,7.317157e+06,1.730961e+02,3.343027e+06,,0.000000e+00,0.000000e+00
2013-12-12 00:06:28.000000,0.000000e+00,1.663795e+07,1.180600e+02,7.317922e+06,1.730961e+02,3.343004e+06,,0.000000e+00,0.000000e+00
2013-12-12 00:06:29.000000,0.000000e+00,1.663795e+07,1.180602e+02,7.318687e+06,1.730961e+02,3.342980e+06,,0.000000e+00,0.000000e+00
2013-12-12 00:06:30.000000,0.000000e+00,1.663795e+07,1.180603e+02,7.319453e+06,1.730961e+02,3.342956e+06,,0.000000e+00,0.000000e+00
2013-12-12 00:06:31.000000,0.000000e+00,1.663795e+07,1.180605e+02,7.320218e+06,1.730961e+02,3.342932e+06,,0.000000e+00,0.000000e+00
2013-12-12 00:06:32.000000,0.000000e+00,1.663795e+07,1.180606e+02,7.320983e+06,1.730961e+02,3.342908e+06,,0.000000e+00,0.000000e+00
2013-12-12 00:06:33.000000,0.000000e+00,1.663795e+07,1.180608e+02,7.321748e+06,1.730961e+02,3.342885e+06,,0.000000e+00,0.000000e+00
2013-12-12 00:06:34.000000,0.000000e+00,1.663795e+07,1.180609e+02,7.322514e+06,1.730961e+02,3.342861e+06,,0.000000e+00,0.000000e+00
2013-12-12 00:06:35.000000,0.000000e+00,1.663795e+07,1.180611e+02,7.323279e+06,1.730961e+02,3.342837e+06,,0.000000e+00,0.000000e+00
2013-12-12 00:06:36.000000,0.000000e+00,1.663795e+07,1.180612e+02,7.324044e+06,1.730961e+02,3.342813e+06,,0.000000e+00,0.000000e+00
2013-12-12 00:06:37.000000,0.000000e+00,1.663795e+07,1.180614e+02,7.324809e+06,1.730961e+02,3.342789e+06,,0.000000e+00,0.000000e+00
2013-12-12 00:06:38.000000,0.000000e+00,1.663795e+07,1.180616e+02,7.325574e+06,1.730961e+02,3.342766e+06,,0.000000e+00,0.000000e+00
2013-12-12 00:06:39.000000,0.000000e+00,1.663795e+07,1.180617e+02,7.326340e+06,1.730961e+02,3.342742e+06,,0.000000e+00,0.000000e+00
2013-12-12 00:06:40.000000,0.000000e+00,1.663795e+07,1.180619e+02,7.327105e+06,1.730961e+02,3.342718e+06,,0.000000e+00,0.000000e+00
2013-12-12 00:06:41.000000,0.000000e+00,1.663795e+07,1.180620e+02,7.327870e+06,1.730961e+02,3.342694e+06,,0.000000e+00,0.000000e+00
2013-12-12 00:06:42.000000,0.000000e+00,1.663795e+07,1.180622e+02,7.328635e+06,1.730961e+02,3.342670e+06,,0.000000e+00,0.000000e+00
2013-12-12 00:06:43.000000,0.000000e+00,1.663795e+07,1.180623e+02,7.329401e+06,1.730961e+02,3.342647e+06,,0.000000e+00,0.000000e+00
2013-12-12 00:06:44.000000,0.000000e+00,1.663795e+07,1.180625e+02,7.330166e+06,1.730961e+02,3.342623e+06,,0.000000e+00,0.000000e+00
2013-12-12 00:06:45.000000,0.000000e+00,1.663795e+07,1.180627e+02,7.330931e+06,1.730961e+02,3.342599e+06,,0.000000e+00,0.000000e+00
2013-12-12 00:06:46.000000,0.000000e+00,1.663795e+07,1.180628e+02,7.331696e+06,1.730961e+02,3.342575e+06,,0.000000e+00,0.000000e+00
2013-12-12 00:06:47.000000,0.000000e+00,1.663795e+07,1.180630e+02,7.332462e+06,1.730961e+02,3.342551e+06,,0.000000e+00,0.000000e+00
2013-12-12 00:06:48.000000,0.000000e+00,1.663795e+07,1.180631e+02,7.333227e+06,1.730961e+02,3.342528e+06,,0.000000e+00,0.000000e+00
2013-12-12 00:06:49.000000,0.000000e+00,1.663795e+07,1.180633e+02,7.333992e+06,1.730961e+02,3.342504e+06,,0.000000e+00,0.000000e+00
2013-12-12 00:06:50.000000,0.000000e+00,1.663795e+07,1.180634e+02,7.334756e+06,1.730961e+02,3.342480e+06,,0.000000e+00,0.000000e+00
2013-12-12 00:06:51.000000,0.000000e+00,1.663795e+07,1.180636e+02,7.335522e+06,1.730961e+02,3.342456e+06,,0.000000e+00,0.000000e+00
2013-12-12 00:06:52.000000,0.000000e+00,1.663795e+07,1.180637e+02,7.336287e+06,1.730961e+02,3.342433e+06,,0.000000e+00,0.000000e+00
2013-12-12 00:06:53.000000,0.000000e+00,1.663795e+07,1.180639e+02,7.337052e+06,1.730961e+02,3.342409e+06,,0.000000e+00,0.000000e+00
2013-12-12 00:06:54.000000,0.000000e+00,1.663795e+07,1.180640e+02,7.337817e+06,1.730961e+02,3.342385e+06,,0.000000e+00,0.000000e+00
2013-12-12 00:06:55.000000,0.000000e+00,1.663795e+07,1.180642e+02,7.338583e+06,1.730961e+02,3.342361e+06,,0.000000e+00,0.000000e+00
2013-12-12 00:06:56.000000,0.000000e+00,1.663795e+07,1.180644e+02,7.339348e+06,1.730961e+02,3.342337e+06,,0.000000e+00,0.000000e+00
2013-12-12 00:06:57.000000,0.000000e+00,1.663795e+07,1.180645e+02,7.340113e+06,1.730961e+02,3.342314e+06,,0.000000e+00,0.000000e+00
2013-12-12 00:06:58.000000,0.000000e+00,1.663795e+07,1.180647e+02,7.340878e+06,1.730961e+02,3.342290e+06,,0.000000e+00,0.000000e+00
2013-12-12 00:06:59.000000,0.000000e+00,1.663795e+07,1.180648e+02,7.341644e+06,1.730961e+02,3.342266e+06,,0.000000e+00,0.000000e+00
2013-12-12 00:07:00.000000,0.000000e+00,1.663795e+07,1.180650e+02,7.342409e+06,1.730961e+02,3.342242e+06,,0.000000e+00,0.000000e+00
2013-12-12 00:07:01.000000,0.000000e+00,1.663795e+07,1.180651e+02,7.343174e+06,1.730961e+02,3.342218e+06,,0.000000e+00,0.000000e+00
2013-12-12 00:07:02.000000,0.000000e+00,1.663795e+07,1.180653e+02,7.343939e+06,1.730961e+02,3.342195e+06,,0.000000e+00,0.000000e+00
2013-12-12 00:07:03.000000,0.000000e+00,1.663795e+07,1.180655e+02,7.344704e+06,1.730961e+02,3.342171e+06,,0.000000e+00,0.000000e+00
2013-12-12 00:07:04.000000,0.000000e+00,1.663795e+07,1.180656e+02,7.345470e+06,1.730961e+02,3.342147e+06,,0.000000e+00,0.000000e+00
2013-12-12 00:07:05.000000,0.000000e+00,1.663795e+07,1.180658e+02,7.346235e+06,1.730961e+02,3.342123e+06,,0.000000e+00,0.000000e+00
2013-12-12 00:07:06.000000,0.000000e+00,1.663795e+07,1.180659e+02,7.347000e+06,1.730961e+02,3.342099e+06,,0.000000e+00,0.000000e+00
2013-12-12 00:07:07.000000,0.000000e+00,1.663795e+07,1.180661e+02,7.347765e+06,1.730961e+02,3.342076e+06,,0.000000e+00,0.000000e+00
2013-12-12 00:07:08.000000,0.000000e+00,1.663795e+07,1.180662e+02,7.348531e+06,1.730961e+02,3.342052e+06,,0.000000e+00,0.000000e+00
2013-12-12 00:07:09.000000,0.000000e+00,1.663795e+07,1.180664e+02,7.349296e+06,1.730961e+02,3.342028e+06,,0.000000e+00,0.000000e+00
2013-12-12 00:07:10.000000,0.000000e+00,1.663795e+07,1.180665e+02,7.350061e+06,1.730961e+02,3.342004e+06,,0.000000e+00,0.000000e+00
2013-12-12 00:07:11.000000,0.000000e+00,1.663795e+07,1.180667e+02,7.348361e+06,1.730961e+02,3.341980e+06,,0.000000e+00,0.000000e+00
2013-12-12 00:07:12.000000,0.000000e+00,1.663795e+07,1.180668e+02,7.346661e+06,1.730961e+02,3.341957e+06,,0.000000e+00,0.000000e+00
2013-12-12 00:07:13.000000,0.000000e+00,1.663795e+07,1.180670e+02,7.344962e+06,1.730961e+02,3.341933e+06,,0.000000e+00,0.000000e+00
2013-12-12 00:07:14.000000,0.000000e+00,1.663795e+07,1.180672e+02,7.343262e+06,1.730961e+02,3.341909e+06,,0.000000e+00,0.000000e+00
2013-12-12 00:07:15.000000,0.000000e+00,1.663795e+07,1.180673e+02,7.341562e+06,1.730961e+02,3.341885e+06,,0.000000e+00,0.000000e+00
2013-12-12 00:07:16.000000,0.000000e+00,1.663795e+07,1.180675e+02,7.339862e+06,1.730961e+02,3.341862e+06,,0.000000e+00,0.000000e+00
2013-12-12 00:07:17.000000,0.000000e+00,1.663795e+07,1.180676e+02,7.338161e+06,1.730961e+02,3.341838e+06,,0.000000e+00,0.000000e+00
2013-12-12 00:07:18.000000,0.000000e+00,1.663795e+07,1.180678e+02,7.336462e+06,1.730961e+02,3.341814e+06,,0.000000e+00,0.000000e+00
2013-12-12 00:07:19.000000,0.000000e+00,1.663795e+07,1.180679e+02,7.334762e+06,1.730961e+02,3.341790e+06,,0.000000e+00,0.000000e+00
2013-12-12 00:07:20.000000,0.000000e+00,1.663795e+07,1.180681e+02,7.333062e+06,1.730961e+02,3.341766e+06,,0.000000e+00,0.000000e+00
2013-12-12 00:07:21.000000,0.000000e+00,1.663795e+07,1.180683e+02,7.331362e+06,1.730961e+02,3.341743e+06,,0.000000e+00,0.000000e+00
2013-12-12 00:07:22.000000,0.000000e+00,1.663795e+07,1.180684e+02,7.329662e+06,1.730961e+02,3.341719e+06,,0.000000e+00,0.000000e+00
2013-12-12 00:07:23.000000,0.000000e+00,1.663795e+07,1.180686e+02,7.327962e+06,1.730961e+02,3.341695e+06,,0.000000e+00,0.000000e+00
2013-12-12 00:07:24.000000,0.000000e+00,1.663795e+07,1.180687e+02,7.326263e+06,1.730961e+02,3.341671e+06,,0.000000e+00,0.000000e+00
2013-12-12 00:07:25.000000,0.000000e+00,1.663795e+07,1.180689e+02,7.324563e+06,1.730961e+02,3.341647e+06,,0.000000e+00,0.000000e+00
2013-12-12 00:07:26.000000,0.000000e+00,1.663795e+07,1.180690e+02,7.322863e+06,1.730961e+02,3.341624e+06,,0.000000e+00,0.000000e+00
2013-12-12 00:07:27.000000,0.000000e+00,1.663795e+07,1.180692e+02,7.321163e+06,1.730961e+02,3.341600e+06,,0.000000e+00,0.000000e+00
2013-12-12 00:07:28.000000,0.000000e+00,1.663795e+07,1.180693e+02,7.319463e+06,1.730961e+02,3.341576e+06,,0.000000e+00,0.000000e+00
2013-12-12 00:07:29.000000,0.000000e+00,1.663795e+07,1.180695e+02,7.317763e+06,1.730961e+02,3.341552e+06,,0.000000e+00,0.000000e+00
2013-12-12 00:07:30.000000,0.000000e+00,1.663795e+07,1.180697e+02,7.316063e+06,1.730961e+02,3.341528e+06,,0.000000e+00,0.000000e+00
2013-12-12 00:07:31.000000,0.000000e+00,1.663795e+07,1.180698e+02,7.314363e+06,1.730961e+02,3.341505e+06,,0.000000e+00,0.000000e+00
2013-12-12 00:07:32.000000,0.000000e+00,1.663795e+07,1.180700e+02,7.312663e+06,1.730961e+02,3.341481e+06,,0.000000e+00,0.000000e+00
2013-12-12 00:07:33.000000,0.000000e+00,1.663795e+07,1.180701e+02,7.310963e+06,1.730961e+02,3.341457e+06,,0.000000e+00,0.000000e+00
2013-12-12 00:07:34.000000,0.000000e+00,1.663795e+07,1.180703e+02,7.309264e+06,1.730961e+02,3.341433e+06,,0.000000e+00,0.000000e+00
2013-12-12 00:07:35.000000,0.000000e+00,1.663795e+07,1.180704e+02,7.307564e+06,1.730961e+02,3.341409e+06,,0.000000e+00,0.000000e+00
2013-12-12 00:07:36.000000,0.000000e+00,1.663795e+07,1.180706e+02,7.305864e+06,1.730961e+02,3.341386e+06,,0.000000e+00,0.000000e+00
2013-12-12 00:07:37.000000,0.000000e+00,1.663795e+07,1.180707e+02,7.304164e+06,1.730961e+02,3.341362e+06,,0.000000e+00,0.000000e+00
2013-12-12 00:07:38.000000,0.000000e+00,1.663795e+07,1.180709e+02,7.302464e+06,1.730961e+02,3.341338e+06,,0.000000e+00,0.000000e+00
2013-12-12 00:07:39.000000,0.000000e+00,1.663795e+07,1.180711e+02,7.300764e+06,1.730961e+02,3.341314e+06,,0.000000e+00,0.000000e+00
2013-12-12 00:07:40.000000,0.000000e+00,1.663795e+07,1.180712e+02,7.299065e+06,1.730961e+02,3.341290e+06,,0.000000e+00,0.000000e+00
2013-12-12 00:07:41.000000,0.000000e+00,1.663795e+07,1.180714e+02,7.297364e+06,1.730961e+02,3.341267e+06,,0.000000e+00,0.000000e+00
2013-12-12 00:07:42.000000,0.000000e+00,1.663795e+07,1.180715e+02,7.295664e+06,1.730961e+02,3.341243e+06,,0.000000e+00,0.000000e+00
2013-12-12 00:07:43.000000,0.000000e+00,1.663795e+07,1.180717e+02,7.293964e+06,1.730961e+02,3.341219e+06,,0.000000e+00,0.000000e+00
2013-12-12 00:07:44.000000,0.000000e+00,1.663795e+07,1.180718e+02,7.292265e+06,1.730961e+02,3.341195e+06,,0.000000e+00,0.000000e+00
2013-12-12 00:07:45.000000,0.000000e+00,1.663795e+07,1.180720e+02,7.290565e+06,1.730961e+02,3.341172e+06,,0.000000e+00,0.000000e+00
2013-12-12 00:07:46.000000,0.000000e+00,1.663795e+07,1.180721e+02,7.288865e+06,1.730961e+02,3.341148e+06,,0.000000e+00,0.000000e+00
2013-12-12 00:07:47.000000,0.000000e+00,1.663795e+07,1.180723e+02,7.287165e+06,1.730961e+02,3.341124e+06,,0.000000e+00,0.000000e+00
2013-12-12 00:07:48.000000,0.000000e+00,1.663795e+07,1.180725e+02,7.285465e+06,1.730961e+02,3.341100e+06,,0.000000e+00,0.000000e+00
2013-12-12 00:07:49.000000,0.000000e+00,1.663795e+07,1.180726e+02,7.283765e+06,1.730961e+02,3.341076e+06,,0.000000e+00,0.000000e+00
2013-12-12 00:07:50.000000,0.000000e+00,1.663795e+07,1.180728e+02,7.282066e+06,1.730961e+02,3.341053e+06,,0.000000e+00,0.000000e+00
2013-12-12 00:07:51.000000,0.000000e+00,1.663795e+07,1.180729e+02,7.280366e+06,1.730961e+02,3.341029e+06,,0.000000e+00,0.000000e+00
2013-12-12 00:07:52.000000,0.000000e+00,1.663795e+07,1.180731e+02,7.278665e+06,1.730961e+02,3.341005e+06,,0.000000e+00,0.000000e+00
2013-12-12 00:07:53.000000,0.000000e+00,1.663795e+07,1.180732e+02,7.276965e+06,1.730961e+02,3.340981e+06,,0.000000e+00,0.000000e+00
2013-12-12 00:07:54.000000,0.000000e+00,1.663795e+07,1.180734e+02,7.275266e+06,1.730961e+02,3.340957e+06,,0.000000e+00,0.000000e+00
2013-12-12 00:07:55.000000,0.000000e+00,1.663795e+07,1.180735e+02,7.273566e+06,1.730961e+02,3.340934e+06,,0.000000e+00,0.000000e+00
2013-12-12 00:07:56.000000,0.000000e+00,1.663795e+07,1.180737e+02,7.271866e+06,1.730961e+02,3.340910e+06,,0.000000e+00,0.000000e+00
2013-12-12 00:07:57.000000,0.000000e+00,1.663795e+07,1.180739e+02,7.270166e+06,1.730961e+02,3.340886e+06,,0.000000e+00,0.000000e+00
2013-12-12 00:07:58.000000,0.000000e+00,1.663795e+07,1.180740e+02,7.268466e+06,1.730961e+02,3.340862e+06,,0.000000e+00,0.000000e+00
2013-12-12 00:07:59.000000,0.000000e+00,1.663795e+07,1.180742e+02,7.266766e+06,1.730961e+02,3.340838e+06,,0.000000e+00,0.000000e+00
2013-12-12 00:08:00.000000,0.000000e+00,1.663795e+07,1.180743e+02,7.265067e+06,1.730961e+02,3.340815e+06,,0.000000e+00,0.000000e+00
2013-12-12 00:08:01.000000,0.000000e+00,1.663795e+07,1.180745e+02,7.263367e+06,1.730961e+02,3.340791e+06,,0.000000e+00,0.000000e+00
2013-12-12 00:08:02.000000,0.000000e+00,1.663795e+07,1.180746e+02,7.261667e+06,1.730961e+02,3.340767e+06,,0.000000e+00,0.000000e+00
2013-12-12 00:08:03.000000,0.000000e+00,1.663795e+07,1.180748e+02,7.259967e+06,1.730961e+02,3.340743e+06,,0.000000e+00,0.000000e+00
2013-12-12 00:08:04.000000,0.000000e+00,1.663795e+07,1.180749e+02,7.258267e+06,1.730961e+02,3.340719e+06,,0.000000e+00,0.000000e+00
2013-12-12 00:08:05.000000,0.000000e+00,1.663795e+07,1.180751e+02,7.256567e+06,1.730961e+02,3.340696e+06,,0.000000e+00,0.000000e+00
2013-12-12 00:08:06.000000,0.000000e+00,1.663795e+07,1.180753e+02,7.254867e+06,1.730961e+02,3.340672e+06,,0.000000e+00,0.000000e+00
2013-12-12 00:08:07.000000,0.000000e+00,1.663795e+07,1.180754e+02,7.253167e+06,1.730961e+02,3.340648e+06,,0.000000e+00,0.000000e+00
2013-12-12 00:08:08.000000,0.000000e+00,1.663795e+07,1.180756e+02,7.251467e+06,1.730961e+02,3.340624e+06,,0.000000e+00,0.000000e+00
2013-12-12 00:08:09.000000,0.000000e+00,1.663795e+07,1.180757e+02,7.249767e+06,1.730961e+02,3.340601e+06,,0.000000e+00,0.000000e+00
2013-12-12 00:08:10.000000,0.000000e+00,1.663795e+07,1.180759e+02,7.248067e+06,1.730961e+02,3.340577e+06,,0.000000e+00,0.000000e+00
2013-12-12 00:08:11.000000,0.000000e+00,1.663795e+07,1.180760e+02,7.251612e+06,1.730961e+02,3.340553e+06,,0.000000e+00,0.000000e+00
2013-12-12 00:08:12.000000,0.000000e+00,1.663795e+07,1.180762e+02,7.255157e+06,1.730961e+02,3.340529e+06,,0.000000e+00,0.000000e+00
2013-12-12 00:08:13.000000,0.000000e+00,1.663795e+07,1.180763e+02,7.258701e+06,1.730961e+02,3.340505e+06,,0.000000e+00,0.000000e+00
2013-12-12 00:08:14.000000,0.000000e+00,1.663795e+07,1.180765e+02,7.262245e+06,1.730961e+02,3.340482e+06,,0.000000e+00,0.000000e+00
2013-12-12 00:08:15.000000,0.000000e+00,1.663795e+07,1.180767e+02,7.265790e+06,1.730961e+02,3.340458e+06,,0.000000e+00,0.000000e+00
2013-12-12 00:08:16.000000,0.000000e+00,1.663795e+07,1.180768e+02,7.269334e+06,1.730961e+02,3.340434e+06,,0.000000e+00,0.000000e+00
2013-12-12 00:08:17.000000,0.000000e+00,1.663795e+07,1.180770e+02,7.272879e+06,1.730961e+02,3.340410e+06,,0.000000e+00,0.000000e+00
2013-12-12 00:08:18.000000,0.000000e+00,1.663795e+07,1.180771e+02,7.276423e+06,1.730961e+02,3.340386e+06,,0.000000e+00,0.000000e+00
2013-12-12 00:08:19.000000,0.000000e+00,1.663795e+07,1.180773e+02,7.279967e+06,1.730961e+02,3.340363e+06,,0.000000e+00,0.000000e+00
2013-12-12 00:08:20.000000,0.000000e+00,1.663795e+07,1.180774e+02,7.283512e+06,1.730961e+02,3.340339e+06,,0.000000e+00,0.000000e+00
2013-12-12 00:08:21.000000,0.000000e+00,1.663795e+07,1.180776e+02,7.287057e+06,1.730961e+02,3.340315e+06,,0.000000e+00,0.000000e+00
2013-12-12 00:08:22.000000,0.000000e+00,1.663795e+07,1.180777e+02,7.290601e+06,1.730961e+02,3.340291e+06,,0.000000e+00,0.000000e+00
2013-12-12 00:08:23.000000,0.000000e+00,1.663795e+07,1.180779e+02,7.294145e+06,1.730961e+02,3.340267e+06,,0.000000e+00,0.000000e+00
2013-12-12 00:08:24.000000,0.000000e+00,1.663795e+07,1.180781e+02,7.297690e+06,1.730961e+02,3.340244e+06,,0.000000e+00,0.000000e+00
2013-12-12 00:08:25.000000,0.000000e+00,1.663795e+07,1.180782e+02,7.301234e+06,1.730961e+02,3.340220e+06,,0.000000e+00,0.000000e+00
2013-12-12 00:08:26.000000,0.000000e+00,1.663795e+07,1.180784e+02,7.304779e+06,1.730961e+02,3.340196e+06,,0.000000e+00,0.000000e+00
2013-12-12 00:08:27.000000,0.000000e+00,1.663795e+07,1.180785e+02,7.308324e+06,1.730961e+02,3.340172e+06,,0.000000e+00,0.000000e+00
2013-12-12 00:08:28.000000,0.000000e+00,1.663795e+07,1.180787e+02,7.311868e+06,1.730961e+02,3.340148e+06,,0.000000e+00,0.000000e+00
2013-12-12 00:08:29.000000,0.000000e+00,1.663795e+07,1.180788e+02,7.315412e+06,1.730961e+02,3.340125e+06,,0.000000e+00,0.000000e+00
2013-12-12 00:08:30.000000,0.000000e+00,1.663795e+07,1.180790e+02,7.318957e+06,1.730961e+02,3.340101e+06,,0.000000e+00,0.000000e+00
2013-12-12 00:08:31.000000,0.000000e+00,1.663795e+07,1.180791e+02,7.322501e+06,1.730961e+02,3.340077e+06,,0.000000e+00,0.000000e+00
2013-12-12 00:08:32.000000,0.000000e+00,1.663795e+07,1.180793e+02,7.326046e+06,1.730961e+02,3.340053e+06,,0.000000e+00,0.000000e+00
2013-12-12 00:08:33.000000,0.000000e+00,1.663795e+07,1.180795e+02,7.329590e+06,1.730961e+02,3.340030e+06,,0.000000e+00,0.000000e+00
2013-12-12 00:08:34.000000,0.000000e+00,1.663795e+07,1.180796e+02,7.333134e+06,1.730961e+02,3.340005e+06,,0.000000e+00,0.000000e+00
2013-12-12 00:08:35.000000,0.000000e+00,1.663795e+07,1.180798e+02,7.336679e+06,1.730961e+02,3.339982e+06,,0.000000e+00,0.000000e+00
2013-12-12 00:08:36.000000,0.000000e+00,1.663795e+07,1.180799e+02,7.340224e+06,1.730961e+02,3.339958e+06,,0.000000e+00,0.000000e+00
2013-12-12 00:08:37.000000,0.000000e+00,1.663795e+07,1.180801e+02,7.343768e+06,1.730961e+02,3.339934e+06,,0.000000e+00,0.000000e+00
2013-12-12 00:08:38.000000,0.000000e+00,1.663795e+07,1.180802e+02,7.347312e+06,1.730961e+02,3.339911e+06,,0.000000e+00,0.000000e+00
2013-12-12 00:08:39.000000,0.000000e+00,1.663795e+07,1.180804e+02,7.350857e+06,1.730961e+02,3.339886e+06,,0.000000e+00,0.000000e+00
2013-12-12 00:08:40.000000,0.000000e+00,1.663795e+07,1.180805e+02,7.354401e+06,1.730961e+02,3.339863e+06,,0.000000e+00,0.000000e+00
2013-12-12 00:08:41.000000,0.000000e+00,1.663795e+07,1.180807e+02,7.354366e+06,1.730961e+02,3.339839e+06,,0.000000e+00,0.000000e+00
2013-12-12 00:08:42.000000,0.000000e+00,1.663795e+07,1.180809e+02,7.354329e+06,1.730961e+02,3.339815e+06,,0.000000e+00,0.000000e+00
2013-12-12 00:08:43.000000,0.000000e+00,1.663795e+07,1.180810e+02,7.354293e+06,1.730961e+02,3.339791e+06,,0.000000e+00,0.000000e+00
2013-12-12 00:08:44.000000,0.000000e+00,1.663795e+07,1.180812e+02,7.354256e+06,1.730961e+02,3.339767e+06,,0.000000e+00,0.000000e+00
2013-12-12 00:08:45.000000,0.000000e+00,1.663795e+07,1.180813e+02,7.354221e+06,1.730961e+02,3.339744e+06,,0.000000e+00,0.000000e+00
2013-12-12 00:08:46.000000,0.000000e+00,1.663795e+07,1.180815e+02,7.354184e+06,1.730961e+02,3.339720e+06,,0.000000e+00,0.000000e+00
2013-12-12 00:08:47.000000,0.000000e+00,1.663795e+07,1.180816e+02,7.354148e+06,1.730961e+02,3.339696e+06,,0.000000e+00,0.000000e+00
2013-12-12 00:08:48.000000,0.000000e+00,1.663795e+07,1.180818e+02,7.354112e+06,1.730961e+02,3.339672e+06,,0.000000e+00,0.000000e+00
2013-12-12 00:08:49.000000,0.000000e+00,1.663795e+07,1.180819e+02,7.354076e+06,1.730961e+02,3.339649e+06,,0.000000e+00,0.000000e+00
2013-12-12 00:08:50.000000,0.000000e+00,1.663795e+07,1.180821e+02,7.354040e+06,1.730961e+02,3.339625e+06,,0.000000e+00,0.000000e+00
2013-12-12 00:08:51.000000,0.000000e+00,1.663795e+07,1.180823e+02,7.354003e+06,1.730961e+02,3.339601e+06,,0.000000e+00,0.000000e+00
2013-12-12 00:08:52.000000,0.000000e+00,1.663795e+07,1.180824e+02,7.353967e+06,1.730961e+02,3.339577e+06,,0.000000e+00,0.000000e+00
2013-12-12 00:08:53.000000,0.000000e+00,1.663795e+07,1.180826e+02,7.353931e+06,1.730961e+02,3.339553e+06,,0.000000e+00,0.000000e+00
2013-12-12 00:08:54.000000,0.000000e+00,1.663795e+07,1.180827e+02,7.353895e+06,1.730961e+02,3.339530e+06,,0.000000e+00,0.000000e+00
2013-12-12 00:08:55.000000,0.000000e+00,1.663795e+07,1.180824e+02,7.353859e+06,1.730961e+02,3.339506e+06,,0.000000e+00,0.000000e+00
2013-12-12 00:08:56.000000,0.000000e+00,1.663795e+07,1.180821e+02,7.353822e+06,1.730961e+02,3.339482e+06,,0.000000e+00,0.000000e+00
2013-12-12 00:08:57.000000,0.000000e+00,1.663795e+07,1.180817e+02,7.353786e+06,1.730961e+02,3.339458e+06,,0.000000e+00,0.000000e+00
2013-12-12 00:08:58.000000,0.000000e+00,1.663795e+07,1.180814e+02,7.353751e+06,1.730961e+02,3.339434e+06,,0.000000e+00,0.000000e+00
2013-12-12 00:08:59.000000,0.000000e+00,1.663795e+07,1.180811e+02,7.353714e+06,1.730961e+02,3.339411e+06,,0.000000e+00,0.000000e+00
2013-12-12 00:09:00.000000,0.000000e+00,1.663795e+07,1.180808e+02,7.353678e+06,1.730961e+02,3.339387e+06,,0.000000e+00,0.000000e+00
2013-12-12 00:09:01.000000,0.000000e+00,1.663795e+07,1.180804e+02,7.353642e+06,1.730961e+02,3.339363e+06,,0.000000e+00,0.000000e+00
2013-12-12 00:09:02.000000,0.000000e+00,1.663795e+07,1.180801e+02,7.353606e+06,1.730961e+02,3.339339e+06,,0.000000e+00,0.000000e+00
2013-12-12 00:09:03.000000,0.000000e+00,1.663795e+07,1.180798e+02,7.353569e+06,1.730961e+02,3.339315e+06,,0.000000e+00,0.000000e+00
2013-12-12 00:09:04.000000,0.000000e+00,1.663795e+07,1.180795e+02,7.353533e+06,1.730961e+02,3.339292e+06,,0.000000e+00,0.000000e+00
2013-12-12 00:09:05.000000,0.000000e+00,1.663795e+07,1.180791e+02,7.353497e+06,1.730961e+02,3.339268e+06,,0.000000e+00,0.000000e+00
2013-12-12 00:09:06.000000,0.000000e+00,1.663795e+07,1.180788e+02,7.353461e+06,1.730961e+02,3.339244e+06,,0.000000e+00,0.000000e+00
2013-12-12 00:09:07.000000,0.000000e+00,1.663795e+07,1.180785e+02,7.353425e+06,1.730961e+02,3.339220e+06,,0.000000e+00,0.000000e+00
2013-12-12 00:09:08.000000,0.000000e+00,1.663795e+07,1.180782e+02,7.353388e+06,1.730961e+02,3.339196e+06,,0.000000e+00,0.000000e+00
2013-12-12 00:09:09.000000,0.000000e+00,1.663795e+07,1.180778e+02,7.353352e+06,1.730961e+02,3.339173e+06,,0.000000e+00,0.000000e+00
2013-12-12 00:09:10.000000,0.000000e+00,1.663795e+07,1.180775e+02,7.353316e+06,1.730961e+02,3.339149e+06,,0.000000e+00,0.000000e+00
2013-12-12 00:09:11.000000,0.000000e+00,1.663795e+07,1.180772e+02,7.353280e+06,1.730961e+02,3.339125e+06,,0.000000e+00,0.000000e+00
2013-12-12 00:09:12.000000,0.000000e+00,1.663795e+07,1.180769e+02,7.353244e+06,1.730961e+02,3.339101e+06,,0.000000e+00,0.000000e+00
2013-12-12 00:09:13.000000,0.000000e+00,1.663795e+07,1.180765e+02,7.353207e+06,1.730961e+02,3.339077e+06,,0.000000e+00,0.000000e+00
2013-12-12 00:09:14.000000,0.000000e+00,1.663795e+07,1.180762e+02,7.353172e+06,1.730961e+02,3.339054e+06,,0.000000e+00,0.000000e+00
2013-12-12 00:09:15.000000,0.000000e+00,1.663795e+07,1.180759e+02,7.353135e+06,1.730961e+02,3.339030e+06,,0.000000e+00,0.000000e+00
2013-12-12 00:09:16.000000,0.000000e+00,1.663795e+07,1.180756e+02,7.353099e+06,1.730961e+02,3.339006e+06,,0.000000e+00,0.000000e+00
2013-12-12 00:09:17.000000,0.000000e+00,1.663795e+07,1.180752e+02,7.353063e+06,1.730961e+02,3.338982e+06,,0.000000e+00,0.000000e+00
2013-12-12 00:09:18.000000,0.000000e+00,1.663795e+07,1.180749e+02,7.353027e+06,1.730961e+02,3.338959e+06,,0.000000e+00,0.000000e+00
2013-12-12 00:09:19.000000,0.000000e+00,1.663795e+07,1.180746e+02,7.352991e+06,1.730961e+02,3.338935e+06,,0.000000e+00,0.000000e+00
2013-12-12 00:09:20.000000,0.000000e+00,1.663795e+07,1.180743e+02,7.352954e+06,1.730961e+02,3.338911e+06,,0.000000e+00,0.000000e+00
2013-12-12 00:09:21.000000,0.000000e+00,1.663795e+07,1.180739e+02,7.352918e+06,1.730961e+02,3.338887e+06,,0.000000e+00,0.000000e+00
2013-12-12 00:09:22.000000,0.000000e+00,1.663795e+07,1.180736e+02,7.352882e+06,1.730961e+02,3.338863e+06,,0.000000e+00,0.000000e+00
2013-12-12 00:09:23.000000,0.000000e+00,1.663795e+07,1.180733e+02,7.352846e+06,1.730961e+02,3.338840e+06,,0.000000e+00,0.000000e+00
2013-12-12 00:09:24.000000,0.000000e+00,1.663795e+07,1.180730e+02,7.352810e+06,1.730961e+02,3.338816e+06,,0.000000e+00,0.000000e+00
2013-12-12 00:09:25.000000,0.000000e+00,1.663795e+07,1.180726e+02,7.352773e+06,1.730961e+02,3.338792e+06,,0.000000e+00,0.000000e+00
2013-12-12 00:09:26.000000,0.000000e+00,1.663795e+07,1.180723e+02,7.352737e+06,1.730961e+02,3.338768e+06,,0.000000e+00,0.000000e+00
2013-12-12 00:09:27.000000,0.000000e+00,1.663795e+07,1.180720e+02,7.352701e+06,1.730961e+02,3.338744e+06,,0.000000e+00,0.000000e+00
2013-12-12 00:09:28.000000,0.000000e+00,1.663795e+07,1.180717e+02,7.352665e+06,1.730961e+02,3.338721e+06,,0.000000e+00,0.000000e+00
2013-12-12 00:09:29.000000,0.000000e+00,1.663795e+07,1.180713e+02,7.352629e+06,1.730961e+02,3.338697e+06,,0.000000e+00,0.000000e+00
2013-12-12 00:09:30.000000,0.000000e+00,1.663795e+07,1.180710e+02,7.352592e+06,1.730961e+02,3.338673e+06,,0.000000e+00,0.000000e+00
2013-12-12 00:09:31.000000,0.000000e+00,1.663795e+07,1.180707e+02,7.352557e+06,1.730961e+02,3.338649e+06,,0.000000e+00,0.000000e+00
2013-12-12 00:09:32.000000,0.000000e+00,1.663795e+07,1.180704e+02,7.352520e+06,1.730961e+02,3.338625e+06,,0.000000e+00,0.000000e+00
2013-12-12 00:09:33.000000,0.000000e+00,1.663795e+07,1.180700e+02,7.352484e+06,1.730961e+02,3.338602e+06,,0.000000e+00,0.000000e+00
2013-12-12 00:09:34.000000,0.000000e+00,1.663795e+07,1.180697e+02,7.352448e+06,1.730961e+02,3.338578e+06,,0.000000e+00,0.000000e+00
2013-12-12 00:09:35.000000,0.000000e+00,1.663795e+07,1.180694e+02,7.352412e+06,1.730961e+02,3.338554e+06,,0.000000e+00,0.000000e+00
2013-12-12 00:09:36.000000,0.000000e+00,1.663795e+07,1.180691e+02,7.352376e+06,1.730961e+02,3.338530e+06,,0.000000e+00,0.000000e+00
2013-12-12 00:09:37.000000,0.000000e+00,1.663795e+07,1.180687e+02,7.352339e+06,1.730961e+02,3.338506e+06,,0.000000e+00,0.000000e+00
2013-12-12 00:09:38.000000,0.000000e+00,1.663795e+07,1.180684e+02,7.352303e+06,1.730961e+02,3.338483e+06,,0.000000e+00,0.000000e+00
2013-12-12 00:09:39.000000,0.000000e+00,1.663795e+07,1.180681e+02,7.352267e+06,1.730961e+02,3.338459e+06,,0.000000e+00,0.000000e+00
2013-12-12 00:09:40.000000,0.000000e+00,1.663795e+07,1.180677e+02,7.352231e+06,1.730961e+02,3.338435e+06,,0.000000e+00,0.000000e+00
2013-12-12 00:09:41.000000,0.000000e+00,1.663795e+07,1.180674e+02,7.348807e+06,1.730961e+02,3.338411e+06,,0.000000e+00,0.000000e+00
2013-12-12 00:09:42.000000,0.000000e+00,1.663795e+07,1.180671e+02,7.345383e+06,1.730961e+02,3.338388e+06,,0.000000e+00,0.000000e+00
2013-12-12 00:09:43.000000,0.000000e+00,1.663795e+07,1.180668e+02,7.341959e+06,1.730961e+02,3.338364e+06,,0.000000e+00,0.000000e+00
2013-12-12 00:09:44.000000,0.000000e+00,1.663795e+07,1.180665e+02,7.338535e+06,1.730961e+02,3.338340e+06,,0.000000e+00,0.000000e+00
2013-12-12 00:09:45.000000,0.000000e+00,1.663795e+07,1.180661e+02,7.335111e+06,1.730961e+02,3.338316e+06,,0.000000e+00,0.000000e+00
2013-12-12 00:09:46.000000,0.000000e+00,1.663795e+07,1.180658e+02,7.331687e+06,1.730961e+02,3.338292e+06,,0.000000e+00,0.000000e+00
2013-12-12 00:09:47.000000,0.000000e+00,1.663795e+07,1.180655e+02,7.328264e+06,1.730961e+02,3.338269e+06,,0.000000e+00,0.000000e+00
2013-12-12 00:09:48.000000,0.000000e+00,1.663795e+07,1.180651e+02,7.324840e+06,1.730961e+02,3.338245e+06,,0.000000e+00,0.000000e+00
2013-12-12 00:09:49.000000,0.000000e+00,1.663795e+07,1.180648e+02,7.321416e+06,1.730961e+02,3.338221e+06,,0.000000e+00,0.000000e+00
2013-12-12 00:09:50.000000,0.000000e+00,1.663795e+07,1.180645e+02,7.317992e+06,1.730961e+02,3.338197e+06,,0.000000e+00,0.000000e+00
2013-12-12 00:09:51.000000,0.000000e+00,1.663795e+07,1.180642e+02,7.314568e+06,1.730961e+02,3.338173e+06,,0.000000e+00,0.000000e+00
2013-12-12 00:09:52.000000,0.000000e+00,1.663795e+07,1.180638e+02,7.311144e+06,1.730961e+02,3.338150e+06,,0.000000e+00,0.000000e+00
2013-12-12 00:09:53.000000,0.000000e+00,1.663795e+07,1.180635e+02,7.307720e+06,1.730961e+02,3.338126e+06,,0.000000e+00,0.000000e+00
2013-12-12 00:09:54.000000,0.000000e+00,1.663795e+07,1.180632e+02,7.304296e+06,1.730961e+02,3.338102e+06,,0.000000e+00,0.000000e+00
2013-12-12 00:09:55.000000,0.000000e+00,1.663795e+07,1.180629e+02,7.300873e+06,1.730961e+02,3.338078e+06,,0.000000e+00,0.000000e+00
2013-12-12 00:09:56.000000,0.000000e+00,1.663795e+07,1.180625e+02,7.297449e+06,1.730961e+02,3.338054e+06,,0.000000e+00,0.000000e+00
2013-12-12 00:09:57.000000,0.000000e+00,1.663795e+07,1.180622e+02,7.294025e+06,1.730961e+02,3.338031e+06,,0.000000e+00,0.000000e+00
2013-12-12 00:09:58.000000,0.000000e+00,1.663795e+07,1.180619e+02,7.290601e+06,1.730961e+02,3.338007e+06,,0.000000e+00,0.000000e+00
2013-12-12 00:09:59.000000,0.000000e+00,1.663795e+07,1.180616e+02,7.287177e+06,1.730961e+02,3.337983e+06,,0.000000e+00,0.000000e+00
2013-12-12 00:10:00.000000,0.000000e+00,1.663795e+07,1.180612e+02,7.283753e+06,1.730961e+02,3.337959e+06,,0.000000e+00,0.000000e+00
2013-12-12 00:10:01.000000,0.000000e+00,1.663795e+07,1.180609e+02,7.280329e+06,1.730961e+02,3.337935e+06,,0.000000e+00,0.000000e+00
2013-12-12 00:10:02.000000,0.000000e+00,1.663795e+07,1.180606e+02,7.276905e+06,1.730961e+02,3.337912e+06,,0.000000e+00,0.000000e+00
2013-12-12 00:10:03.000000,0.000000e+00,1.663795e+07,1.180603e+02,7.273481e+06,1.730961e+02,3.337888e+06,,0.000000e+00,0.000000e+00
2013-12-12 00:10:04.000000,0.000000e+00,1.663795e+07,1.180599e+02,7.270058e+06,1.730961e+02,3.337864e+06,,0.000000e+00,0.000000e+00
2013-12-12 00:10:05.000000,0.000000e+00,1.663795e+07,1.180596e+02,7.266634e+06,1.730961e+02,3.337840e+06,,0.000000e+00,0.000000e+00
2013-12-12 00:10:06.000000,0.000000e+00,1.663795e+07,1.180593e+02,7.263210e+06,1.730961e+02,3.337817e+06,,0.000000e+00,0.000000e+00
2013-12-12 00:10:07.000000,0.000000e+00,1.663795e+07,1.180590e+02,7.259785e+06,1.730961e+02,3.337793e+06,,0.000000e+00,0.000000e+00
2013-12-12 00:10:08.000000,0.000000e+00,1.663795e+07,1.180586e+02,7.256362e+06,1.730961e+02,3.337769e+06,,0.000000e+00,0.000000e+00
2013-12-12 00:10:09.000000,0.000000e+00,1.663795e+07,1.180583e+02,7.252938e+06,1.730961e+02,3.337745e+06,,0.000000e+00,0.000000e+00
2013-12-12 00:10:10.000000,0.000000e+00,1.663795e+07,1.180580e+02,7.249514e+06,1.730961e+02,3.337721e+06,,0.000000e+00,0.000000e+00
2013-12-12 00:10:11.000000,0.000000e+00,1.663795e+07,1.180577e+02,7.250249e+06,1.730961e+02,3.337698e+06,,0.000000e+00,0.000000e+00
2013-12-12 00:10:12.000000,0.000000e+00,1.663795e+07,1.180573e+02,7.250985e+06,1.730961e+02,3.337674e+06,,0.000000e+00,0.000000e+00
2013-12-12 00:10:13.000000,0.000000e+00,1.663795e+07,1.180570e+02,7.251720e+06,1.730961e+02,3.337650e+06,,0.000000e+00,0.000000e+00
2013-12-12 00:10:14.000000,0.000000e+00,1.663795e+07,1.180567e+02,7.252456e+06,1.730961e+02,3.337626e+06,,0.000000e+00,0.000000e+00
2013-12-12 00:10:15.000000,0.000000e+00,1.663795e+07,1.180564e+02,7.253191e+06,1.730961e+02,3.337602e+06,,0.000000e+00,0.000000e+00
2013-12-12 00:10:16.000000,0.000000e+00,1.663795e+07,1.180560e+02,7.253927e+06,1.730961e+02,3.337579e+06,,0.000000e+00,0.000000e+00
2013-12-12 00:10:17.000000,0.000000e+00,1.663795e+07,1.180557e+02,7.254662e+06,1.730961e+02,3.337555e+06,,0.000000e+00,0.000000e+00
2013-12-12 00:10:18.000000,0.000000e+00,1.663795e+07,1.180554e+02,7.255398e+06,1.730961e+02,3.337531e+06,,0.000000e+00,0.000000e+00
2013-12-12 00:10:19.000000,0.000000e+00,1.663795e+07,1.180551e+02,7.256134e+06,1.730961e+02,3.337507e+06,,0.000000e+00,0.000000e+00
2013-12-12 00:10:20.000000,0.000000e+00,1.663795e+07,1.180547e+02,7.256870e+06,1.730961e+02,3.337483e+06,,0.000000e+00,0.000000e+00
2013-12-12 00:10:21.000000,0.000000e+00,1.663795e+07,1.180544e+02,7.257605e+06,1.730961e+02,3.337460e+06,,0.000000e+00,0.000000e+00
2013-12-12 00:10:22.000000,0.000000e+00,1.663795e+07,1.180541e+02,7.258340e+06,1.730961e+02,3.337436e+06,,0.000000e+00,0.000000e+00
2013-12-12 00:10:23.000000,0.000000e+00,1.663795e+07,1.180538e+02,7.259076e+06,1.730961e+02,3.337412e+06,,0.000000e+00,0.000000e+00
2013-12-12 00:10:24.000000,0.000000e+00,1.663795e+07,1.180534e+02,7.259811e+06,1.730961e+02,3.337388e+06,,0.000000e+00,0.000000e+00
2013-12-12 00:10:25.000000,0.000000e+00,1.663795e+07,1.180531e+02,7.260547e+06,1.730961e+02,3.337364e+06,,0.000000e+00,0.000000e+00
2013-12-12 00:10:26.000000,0.000000e+00,1.663795e+07,1.180528e+02,7.261282e+06,1.730961e+02,3.337341e+06,,0.000000e+00,0.000000e+00
2013-12-12 00:10:27.000000,0.000000e+00,1.663795e+07,1.180525e+02,7.262018e+06,1.730961e+02,3.337317e+06,,0.000000e+00,0.000000e+00
2013-12-12 00:10:28.000000,0.000000e+00,1.663795e+07,1.180521e+02,7.262753e+06,1.730961e+02,3.337293e+06,,0.000000e+00,0.000000e+00
2013-12-12 00:10:29.000000,0.000000e+00,1.663795e+07,1.180518e+02,7.263489e+06,1.730961e+02,3.337269e+06,,0.000000e+00,0.000000e+00
2013-12-12 00:10:30.000000,0.000000e+00,1.663795e+07,1.180515e+02,7.264224e+06,1.730961e+02,3.337245e+06,,0.000000e+00,0.000000e+00
2013-12-12 00:10:31.000000,0.000000e+00,1.663795e+07,1.180511e+02,7.264960e+06,1.730961e+02,3.337222e+06,,0.000000e+00,0.000000e+00
2013-12-12 00:10:32.000000,0.000000e+00,1.663795e+07,1.180508e+02,7.265695e+06,1.730961e+02,3.337198e+06,,0.000000e+00,0.000000e+00
2013-12-12 00:10:33.000000,0.000000e+00,1.663795e+07,1.180505e+02,7.266431e+06,1.730961e+02,3.337174e+06,,0.000000e+00,0.000000e+00
2013-12-12 00:10:34.000000,0.000000e+00,1.663795e+07,1.180502e+02,7.267166e+06,1.730961e+02,3.337150e+06,,0.000000e+00,0.000000e+00
2013-12-12 00:10:35.000000,0.000000e+00,1.663795e+07,1.180499e+02,7.267902e+06,1.730961e+02,3.337127e+06,,0.000000e+00,0.000000e+00
2013-12-12 00:10:36.000000,0.000000e+00,1.663795e+07,1.180495e+02,7.268638e+06,1.730961e+02,3.337103e+06,,0.000000e+00,0.000000e+00
2013-12-12 00:10:37.000000,0.000000e+00,1.663795e+07,1.180492e+02,7.269373e+06,1.730961e+02,3.337079e+06,,0.000000e+00,0.000000e+00
2013-12-12 00:10:38.000000,0.000000e+00,1.663795e+07,1.180489e+02,7.270109e+06,1.730961e+02,3.337055e+06,,0.000000e+00,0.000000e+00
2013-12-12 00:10:39.000000,0.000000e+00,1.663795e+07,1.180485e+02,7.270844e+06,1.730961e+02,3.337031e+06,,0.000000e+00,0.000000e+00
2013-12-12 00:10:40.000000,0.000000e+00,1.663795e+07,1.180482e+02,7.271580e+06,1.730961e+02,3.337008e+06,,0.000000e+00,0.000000e+00
2013-12-12 00:10:41.000000,0.000000e+00,1.663795e+07,1.180479e+02,7.272315e+06,1.730961e+02,3.336983e+06,,0.000000e+00,0.000000e+00
2013-12-12 00:10:42.000000,0.000000e+00,1.663795e+07,1.180476e+02,7.273051e+06,1.730961e+02,3.336960e+06,,0.000000e+00,0.000000e+00
2013-12-12 00:10:43.000000,0.000000e+00,1.663795e+07,1.180472e+02,7.273786e+06,1.730961e+02,3.336936e+06,,0.000000e+00,0.000000e+00
2013-12-12 00:10:44.000000,0.000000e+00,1.663795e+07,1.180469e+02,7.274522e+06,1.730961e+02,3.336912e+06,,0.000000e+00,0.000000e+00
2013-12-12 00:10:45.000000,0.000000e+00,1.663795e+07,1.180466e+02,7.275257e+06,1.730961e+02,3.336889e+06,,0.000000e+00,0.000000e+00
2013-12-12 00:10:46.000000,0.000000e+00,1.663795e+07,1.180463e+02,7.275993e+06,1.730961e+02,3.336864e+06,,0.000000e+00,0.000000e+00
2013-12-12 00:10:47.000000,0.000000e+00,1.663795e+07,1.180459e+02,7.276728e+06,1.730961e+02,3.336841e+06,,0.000000e+00,0.000000e+00
2013-12-12 00:10:48.000000,0.000000e+00,1.663795e+07,1.180456e+02,7.277464e+06,1.730961e+02,3.336817e+06,,0.000000e+00,0.000000e+00
2013-12-12 00:10:49.000000,0.000000e+00,1.663795e+07,1.180453e+02,7.278199e+06,1.730961e+02,3.336793e+06,,0.000000e+00,0.000000e+00
2013-12-12 00:10:50.000000,0.000000e+00,1.663795e+07,1.180450e+02,7.278934e+06,1.730961e+02,3.336769e+06,,0.000000e+00,0.000000e+00
2013-12-12 00:10:51.000000,0.000000e+00,1.663795e+07,1.180446e+02,7.279670e+06,1.730961e+02,3.336746e+06,,0.000000e+00,0.000000e+00
2013-12-12 00:10:52.000000,0.000000e+00,1.663795e+07,1.180443e+02,7.280405e+06,1.730961e+02,3.336722e+06,,0.000000e+00,0.000000e+00
2013-12-12 00:10:53.000000,0.000000e+00,1.663795e+07,1.180440e+02,7.281142e+06,1.730961e+02,3.336698e+06,,0.000000e+00,0.000000e+00
2013-12-12 00:10:54.000000,0.000000e+00,1.663795e+07,1.180437e+02,7.281877e+06,1.730961e+02,3.336674e+06,,0.000000e+00,0.000000e+00
2013-12-12 00:10:55.000000,0.000000e+00,1.663795e+07,1.180443e+02,7.282613e+06,1.730961e+02,3.336650e+06,,0.000000e+00,0.000000e+00
2013-12-12 00:10:56.000000,0.000000e+00,1.663795e+07,1.180450e+02,7.283348e+06,1.730961e+02,3.336627e+06,,0.000000e+00,0.000000e+00
2013-12-12 00:10:57.000000,0.000000e+00,1.663795e+07,1.180456e+02,7.284084e+06,1.730961e+02,3.336603e+06,,0.000000e+00,0.000000e+00
2013-12-12 00:10:58.000000,0.000000e+00,1.663795e+07,1.180463e+02,7.284819e+06,1.730961e+02,3.336579e+06,,0.000000e+00,0.000000e+00
2013-12-12 00:10:59.000000,0.000000e+00,1.663795e+07,1.180469e+02,7.285555e+06,1.730961e+02,3.336555e+06,,0.000000e+00,0.000000e+00
2013-12-12 00:11:00.000000,0.000000e+00,1.663795e+07,1.180476e+02,7.286290e+06,1.730961e+02,3.336531e+06,,0.000000e+00,0.000000e+00
2013-12-12 00:11:01.000000,0.000000e+00,1.663795e+07,1.180482e+02,7.287025e+06,1.730961e+02,3.336508e+06,,0.000000e+00,0.000000e+00
2013-12-12 00:11:02.000000,0.000000e+00,1.663795e+07,1.180489e+02,7.287761e+06,1.730961e+02,3.336484e+06,,0.000000e+00,0.000000e+00
2013-12-12 00:11:03.000000,0.000000e+00,1.663795e+07,1.180495e+02,7.288496e+06,1.730961e+02,3.336460e+06,,0.000000e+00,0.000000e+00
2013-12-12 00:11:04.000000,0.000000e+00,1.663795e+07,1.180502e+02,7.289232e+06,1.730961e+02,3.336436e+06,,0.000000e+00,0.000000e+00
2013-12-12 00:11:05.000000,0.000000e+00,1.663795e+07,1.180508e+02,7.289967e+06,1.730961e+02,3.336412e+06,,0.000000e+00,0.000000e+00
2013-12-12 00:11:06.000000,0.000000e+00,1.663795e+07,1.180515e+02,7.290703e+06,1.730961e+02,3.336389e+06,,0.000000e+00,0.000000e+00
2013-12-12 00:11:07.000000,0.000000e+00,1.663795e+07,1.180521e+02,7.291438e+06,1.730961e+02,3.336365e+06,,0.000000e+00,0.000000e+00
2013-12-12 00:11:08.000000,0.000000e+00,1.663795e+07,1.180528e+02,7.292174e+06,1.730961e+02,3.336341e+06,,0.000000e+00,0.000000e+00
2013-12-12 00:11:09.000000,0.000000e+00,1.663795e+07,1.180534e+02,7.292909e+06,1.730961e+02,3.336317e+06,,0.000000e+00,0.000000e+00
2013-12-12 00:11:10.000000,0.000000e+00,1.663795e+07,1.180541e+02,7.293645e+06,1.730961e+02,3.336293e+06,,0.000000e+00,0.000000e+00
2013-12-12 00:11:11.000000,0.000000e+00,1.663795e+07,1.180547e+02,7.294381e+06,1.730961e+02,3.336270e+06,,0.000000e+00,0.000000e+00
2013-12-12 00:11:12.000000,0.000000e+00,1.663795e+07,1.180554e+02,7.295116e+06,1.730961e+02,3.336246e+06,,0.000000e+00,0.000000e+00
2013-12-12 00:11:13.000000,0.000000e+00,1.663795e+07,1.180560e+02,7.295852e+06,1.730961e+02,3.336222e+06,,0.000000e+00,0.000000e+00
2013-12-12 00:11:14.000000,0.000000e+00,1.663795e+07,1.180567e+02,7.296587e+06,1.730961e+02,3.336198e+06,,0.000000e+00,0.000000e+00
2013-12-12 00:11:15.000000,0.000000e+00,1.663795e+07,1.180573e+02,7.297323e+06,1.730961e+02,3.336175e+06,,0.000000e+00,0.000000e+00
2013-12-12 00:11:16.000000,0.000000e+00,1.663795e+07,1.180580e+02,7.298058e+06,1.730961e+02,3.336151e+06,,0.000000e+00,0.000000e+00
2013-12-12 00:11:17.000000,0.000000e+00,1.663795e+07,1.180586e+02,7.298794e+06,1.730961e+02,3.336127e+06,,0.000000e+00,0.000000e+00
2013-12-12 00:11:18.000000,0.000000e+00,1.663795e+07,1.180593e+02,7.299529e+06,1.730961e+02,3.336103e+06,,0.000000e+00,0.000000e+00
2013-12-12 00:11:19.000000,0.000000e+00,1.663795e+07,1.180599e+02,7.300265e+06,1.730961e+02,3.336079e+06,,0.000000e+00,0.000000e+00
2013-12-12 00:11:20.000000,0.000000e+00,1.663795e+07,1.180606e+02,7.301000e+06,1.730961e+02,3.336056e+06,,0.000000e+00,0.000000e+00
2013-12-12 00:11:21.000000,0.000000e+00,1.663795e+07,1.180612e+02,7.301736e+06,1.730961e+02,3.336032e+06,,0.000000e+00,0.000000e+00
2013-12-12 00:11:22.000000,0.000000e+00,1.663795e+07,1.180619e+02,7.302471e+06,1.730961e+02,3.336008e+06,,0.000000e+00,0.000000e+00
2013-12-12 00:11:23.000000,0.000000e+00,1.663795e+07,1.180625e+02,7.303207e+06,1.730961e+02,3.335984e+06,,0.000000e+00,0.000000e+00
2013-12-12 00:11:24.000000,0.000000e+00,1.663795e+07,1.180632e+02,7.303942e+06,1.730961e+02,3.335960e+06,,0.000000e+00,0.000000e+00
2013-12-12 00:11:25.000000,0.000000e+00,1.663795e+07,1.180638e+02,7.304678e+06,1.730961e+02,3.335937e+06,,0.000000e+00,0.000000e+00
2013-12-12 00:11:26.000000,0.000000e+00,1.663795e+07,1.180645e+02,7.305413e+06,1.730961e+02,3.335913e+06,,0.000000e+00,0.000000e+00
2013-12-12 00:11:27.000000,0.000000e+00,1.663795e+07,1.180651e+02,7.306149e+06,1.730961e+02,3.335889e+06,,0.000000e+00,0.000000e+00
2013-12-12 00:11:28.000000,0.000000e+00,1.663795e+07,1.180658e+02,7.306885e+06,1.730961e+02,3.335865e+06,,0.000000e+00,0.000000e+00
2013-12-12 00:11:29.000000,0.000000e+00,1.663795e+07,1.180665e+02,7.307620e+06,1.730961e+02,3.335841e+06,,0.000000e+00,0.000000e+00
2013-12-12 00:11:30.000000,0.000000e+00,1.663795e+07,1.180671e+02,7.308356e+06,1.730961e+02,3.335818e+06,,0.000000e+00,0.000000e+00
2013-12-12 00:11:31.000000,0.000000e+00,1.663795e+07,1.180677e+02,7.309091e+06,1.730961e+02,3.335794e+06,,0.000000e+00,0.000000e+00
2013-12-12 00:11:32.000000,0.000000e+00,1.663795e+07,1.180684e+02,7.309827e+06,1.730961e+02,3.335770e+06,,0.000000e+00,0.000000e+00
2013-12-12 00:11:33.000000,0.000000e+00,1.663795e+07,1.180691e+02,7.310562e+06,1.730961e+02,3.335746e+06,,0.000000e+00,0.000000e+00
2013-12-12 00:11:34.000000,0.000000e+00,1.663795e+07,1.180697e+02,7.311298e+06,1.730961e+02,3.335722e+06,,0.000000e+00,0.000000e+00
2013-12-12 00:11:35.000000,0.000000e+00,1.663795e+07,1.180704e+02,7.312033e+06,1.730961e+02,3.335699e+06,,0.000000e+00,0.000000e+00
2013-12-12 00:11:36.000000,0.000000e+00,1.663795e+07,1.180710e+02,7.312769e+06,1.730961e+02,3.335675e+06,,0.000000e+00,0.000000e+00
2013-12-12 00:11:37.000000,0.000000e+00,1.663795e+07,1.180717e+02,7.313504e+06,1.730961e+02,3.335651e+06,,0.000000e+00,0.000000e+00
2013-12-12 00:11:38.000000,0.000000e+00,1.663795e+07,1.180723e+02,7.314240e+06,1.730961e+02,3.335627e+06,,0.000000e+00,0.000000e+00
2013-12-12 00:11:39.000000,0.000000e+00,1.663795e+07,1.180730e+02,7.314975e+06,1.730961e+02,3.335604e+06,,0.000000e+00,0.000000e+00
2013-12-12 00:11:40.000000,0.000000e+00,1.663795e+07,1.180736e+02,7.315710e+06,1.730961e+02,3.335580e+06,,0.000000e+00,0.000000e+00
2013-12-12 00:11:41.000000,0.000000e+00,1.663795e+07,1.180743e+02,7.316446e+06,1.730961e+02,3.335556e+06,,0.000000e+00,0.000000e+00
2013-12-12 00:11:42.000000,0.000000e+00,1.663795e+07,1.180749e+02,7.317181e+06,1.730961e+02,3.335532e+06,,0.000000e+00,0.000000e+00
2013-12-12 00:11:43.000000,0.000000e+00,1.663795e+07,1.180756e+02,7.317917e+06,1.730961e+02,3.335508e+06,,0.000000e+00,0.000000e+00
2013-12-12 00:11:44.000000,0.000000e+00,1.663795e+07,1.180762e+02,7.318653e+06,1.730961e+02,3.335485e+06,,0.000000e+00,0.000000e+00
2013-12-12 00:11:45.000000,0.000000e+00,1.663795e+07,1.180769e+02,7.319389e+06,1.730961e+02,3.335461e+06,,0.000000e+00,0.000000e+00
2013-12-12 00:11:46.000000,0.000000e+00,1.663795e+07,1.180775e+02,7.320124e+06,1.730961e+02,3.335437e+06,,0.000000e+00,0.000000e+00
2013-12-12 00:11:47.000000,0.000000e+00,1.663795e+07,1.180782e+02,7.320860e+06,1.730961e+02,3.335413e+06,,0.000000e+00,0.000000e+00
2013-12-12 00:11:48.000000,0.000000e+00,1.663795e+07,1.180788e+02,7.321595e+06,1.730961e+02,3.335389e+06,,0.000000e+00,0.000000e+00
2013-12-12 00:11:49.000000,0.000000e+00,1.663795e+07,1.180795e+02,7.322330e+06,1.730961e+02,3.335366e+06,,0.000000e+00,0.000000e+00
2013-12-12 00:11:50.000000,0.000000e+00,1.663795e+07,1.180801e+02,7.323066e+06,1.730961e+02,3.335342e+06,,0.000000e+00,0.000000e+00
2013-12-12 00:11:51.000000,0.000000e+00,1.663795e+07,1.180808e+02,7.323801e+06,1.730961e+02,3.335318e+06,,0.000000e+00,0.000000e+00
2013-12-12 00:11:52.000000,0.000000e+00,1.663795e+07,1.180814e+02,7.324537e+06,1.730961e+02,3.335294e+06,,0.000000e+00,0.000000e+00
2013-12-12 00:11:53.000000,0.000000e+00,1.663795e+07,1.180821e+02,7.325272e+06,1.730961e+02,3.335270e+06,,0.000000e+00,0.000000e+00
2013-12-12 00:11:54.000000,0.000000e+00,1.663795e+07,1.180827e+02,7.326008e+06,1.730961e+02,3.335247e+06,,0.000000e+00,0.000000e+00
2013-12-12 00:11:55.000000,0.000000e+00,1.663795e+07,1.180821e+02,7.326743e+06,1.730961e+02,3.335223e+06,,0.000000e+00,0.000000e+00
2013-12-12 00:11:56.000000,0.000000e+00,1.663795e+07,1.180814e+02,7.327479e+06,1.730961e+02,3.335199e+06,,0.000000e+00,0.000000e+00
2013-12-12 00:11:57.000000,0.000000e+00,1.663795e+07,1.180808e+02,7.328214e+06,1.730961e+02,3.335175e+06,,0.000000e+00,0.000000e+00
2013-12-12 00:11:58.000000,0.000000e+00,1.663795e+07,1.180801e+02,7.328950e+06,1.730961e+02,3.335151e+06,,0.000000e+00,0.000000e+00
2013-12-12 00:11:59.000000,0.000000e+00,1.663795e+07,1.180795e+02,7.329685e+06,1.730961e+02,3.335128e+06,,0.000000e+00,0.000000e+00
2013-12-12 00:12:00.000000,0.000000e+00,1.663795e+07,1.180788e+02,7.330421e+06,1.730961e+02,3.335104e+06,,0.000000e+00,0.000000e+00
2013-12-12 00:12:01.000000,0.000000e+00,1.663795e+07,1.180782e+02,7.331157e+06,1.730961e+02,3.335080e+06,,0.000000e+00,0.000000e+00
2013-12-12 00:12:02.000000,0.000000e+00,1.663795e+07,1.180775e+02,7.331892e+06,1.730961e+02,3.335056e+06,,0.000000e+00,0.000000e+00
2013-12-12 00:12:03.000000,0.000000e+00,1.663795e+07,1.180769e+02,7.332628e+06,1.730961e+02,3.335032e+06,,0.000000e+00,0.000000e+00
2013-12-12 00:12:04.000000,0.000000e+00,1.663795e+07,1.180762e+02,7.333363e+06,1.730961e+02,3.335009e+06,,0.000000e+00,0.000000e+00
2013-12-12 00:12:05.000000,0.000000e+00,1.663795e+07,1.180756e+02,7.334099e+06,1.730961e+02,3.334985e+06,,0.000000e+00,0.000000e+00
2013-12-12 00:12:06.000000,0.000000e+00,1.663795e+07,1.180749e+02,7.334834e+06,1.730961e+02,3.334961e+06,,0.000000e+00,0.000000e+00
2013-12-12 00:12:07.000000,0.000000e+00,1.663795e+07,1.180743e+02,7.335570e+06,1.730961e+02,3.334937e+06,,0.000000e+00,0.000000e+00
2013-12-12 00:12:08.000000,0.000000e+00,1.663795e+07,1.180736e+02,7.336305e+06,1.730961e+02,3.334914e+06,,0.000000e+00,0.000000e+00
2013-12-12 00:12:09.000000,0.000000e+00,1.663795e+07,1.180730e+02,7.337041e+06,1.730961e+02,3.334890e+06,,0.000000e+00,0.000000e+00
2013-12-12 00:12:10.000000,0.000000e+00,1.663795e+07,1.180723e+02,7.333797e+06,1.730961e+02,3.334866e+06,,0.000000e+00,0.000000e+00
2013-12-12 00:12:11.000000,0.000000e+00,1.663795e+07,1.180717e+02,7.330553e+06,1.730961e+02,3.334842e+06,,0.000000e+00,0.000000e+00
2013-12-12 00:12:12.000000,0.000000e+00,1.663795e+07,1.180710e+02,7.327310e+06,1.730961e+02,3.334818e+06,,0.000000e+00,0.000000e+00
2013-12-12 00:12:13.000000,0.000000e+00,1.663795e+07,1.180704e+02,7.324067e+06,1.730961e+02,3.334795e+06,,0.000000e+00,0.000000e+00
2013-12-12 00:12:14.000000,0.000000e+00,1.663795e+07,1.180697e+02,7.320824e+06,1.730961e+02,3.334771e+06,,0.000000e+00,0.000000e+00
2013-12-12 00:12:15.000000,0.000000e+00,1.663795e+07,1.180691e+02,7.317580e+06,1.730961e+02,3.334747e+06,,0.000000e+00,0.000000e+00
2013-12-12 00:12:16.000000,0.000000e+00,1.663795e+07,1.180684e+02,7.314336e+06,1.730961e+02,3.334723e+06,,0.000000e+00,0.000000e+00
2013-12-12 00:12:17.000000,0.000000e+00,1.663795e+07,1.180677e+02,7.311093e+06,1.730961e+02,3.334699e+06,,0.000000e+00,0.000000e+00
2013-12-12 00:12:18.000000,0.000000e+00,1.663795e+07,1.180671e+02,7.307850e+06,1.730961e+02,3.334676e+06,,0.000000e+00,0.000000e+00
2013-12-12 00:12:19.000000,0.000000e+00,1.663795e+07,1.180665e+02,7.304606e+06,1.730961e+02,3.334652e+06,,0.000000e+00,0.000000e+00
2013-12-12 00:12:20.000000,0.000000e+00,1.663795e+07,1.180658e+02,7.301363e+06,1.730961e+02,3.334628e+06,,0.000000e+00,0.000000e+00
2013-12-12 00:12:21.000000,0.000000e+00,1.663795e+07,1.180651e+02,7.298119e+06,1.730961e+02,3.334604e+06,,0.000000e+00,0.000000e+00
2013-12-12 00:12:22.000000,0.000000e+00,1.663795e+07,1.180645e+02,7.294876e+06,1.730961e+02,3.334580e+06,,0.000000e+00,0.000000e+00
2013-12-12 00:12:23.000000,0.000000e+00,1.663795e+07,1.180638e+02,7.291632e+06,1.730961e+02,3.334557e+06,,0.000000e+00,0.000000e+00
2013-12-12 00:12:24.000000,0.000000e+00,1.663795e+07,1.180632e+02,7.288389e+06,1.730961e+02,3.334533e+06,,0.000000e+00,0.000000e+00
2013-12-12 00:12:25.000000,0.000000e+00,1.663795e+07,1.180625e+02,7.285146e+06,1.730961e+02,3.334509e+06,,0.000000e+00,0.000000e+00
2013-12-12 00:12:26.000000,0.000000e+00,1.663795e+07,1.180619e+02,7.281902e+06,1.730961e+02,3.334485e+06,,0.000000e+00,0.000000e+00
2013-12-12 00:12:27.000000,0.000000e+00,1.663795e+07,1.180612e+02,7.278658e+06,1.730961e+02,3.334461e+06,,0.000000e+00,0.000000e+00
2013-12-12 00:12:28.000000,0.000000e+00,1.663795e+07,1.180606e+02,7.275415e+06,1.730961e+02,3.334438e+06,,0.000000e+00,0.000000e+00
2013-12-12 00:12:29.000000,0.000000e+00,1.663795e+07,1.180599e+02,7.272172e+06,1.730961e+02,3.334414e+06,,0.000000e+00,0.000000e+00
2013-12-12 00:12:30.000000,0.000000e+00,1.663795e+07,1.180593e+02,7.268929e+06,1.730961e+02,3.334390e+06,,0.000000e+00,0.000000e+00
2013-12-12 00:12:31.000000,0.000000e+00,1.663795e+07,1.180586e+02,7.265685e+06,1.730961e+02,3.334366e+06,,0.000000e+00,0.000000e+00
2013-12-12 00:12:32.000000,0.000000e+00,1.663795e+07,1.180580e+02,7.262441e+06,1.730961e+02,3.334343e+06,,0.000000e+00,0.000000e+00
2013-12-12 00:12:33.000000,0.000000e+00,1.663795e+07,1.180573e+02,7.259198e+06,1.730961e+02,3.334319e+06,,0.000000e+00,0.000000e+00
2013-12-12 00:12:34.000000,0.000000e+00,1.663795e+07,1.180567e+02,7.255955e+06,1.730961e+02,3.334295e+06,,0.000000e+00,0.000000e+00
2013-12-12 00:12:35.000000,0.000000e+00,1.663795e+07,1.180560e+02,7.252711e+06,1.730961e+02,3.334271e+06,,0.000000e+00,0.000000e+00
2013-12-12 00:12:36.000000,0.000000e+00,1.663795e+07,1.180554e+02,7.249467e+06,1.730961e+02,3.334247e+06,,0.000000e+00,0.000000e+00
2013-12-12 00:12:37.000000,0.000000e+00,1.663795e+07,1.180547e+02,7.246224e+06,1.730961e+02,3.334224e+06,,0.000000e+00,0.000000e+00
2013-12-12 00:12:38.000000,0.000000e+00,1.663795e+07,1.180541e+02,7.242981e+06,1.730961e+02,3.334200e+06,,0.000000e+00,0.000000e+00
2013-12-12 00:12:39.000000,0.000000e+00,1.663795e+07,1.180534e+02,7.239737e+06,1.730961e+02,3.334176e+06,,0.000000e+00,0.000000e+00
2013-12-12 00:12:40.000000,0.000000e+00,1.663795e+07,1.180528e+02,7.236494e+06,1.730961e+02,3.334152e+06,,0.000000e+00,0.000000e+00
2013-12-12 00:12:41.000000,0.000000e+00,1.663795e+07,1.180521e+02,7.238242e+06,1.730961e+02,3.334128e+06,,0.000000e+00,0.000000e+00
2013-12-12 00:12:42.000000,0.000000e+00,1.663795e+07,1.180515e+02,7.239990e+06,1.730961e+02,3.334105e+06,,0.000000e+00,0.000000e+00
2013-12-12 00:12:43.000000,0.000000e+00,1.663795e+07,1.180508e+02,7.241738e+06,1.730961e+02,3.334081e+06,,0.000000e+00,0.000000e+00
2013-12-12 00:12:44.000000,0.000000e+00,1.663795e+07,1.180502e+02,7.243486e+06,1.730961e+02,3.334057e+06,,0.000000e+00,0.000000e+00
2013-12-12 00:12:45.000000,0.000000e+00,1.663795e+07,1.180495e+02,7.245235e+06,1.730961e+02,3.334033e+06,,0.000000e+00,0.000000e+00
2013-12-12 00:12:46.000000,0.000000e+00,1.663795e+07,1.180489e+02,7.246983e+06,1.730961e+02,3.334009e+06,,0.000000e+00,0.000000e+00
2013-12-12 00:12:47.000000,0.000000e+00,1.663795e+07,1.180482e+02,7.248730e+06,1.730961e+02,3.333986e+06,,0.000000e+00,0.000000e+00
2013-12-12 00:12:48.000000,0.000000e+00,1.663795e+07,1.180476e+02,7.250478e+06,1.730961e+02,3.333962e+06,,0.000000e+00,0.000000e+00
2013-12-12 00:12:49.000000,0.000000e+00,1.663795e+07,1.180469e+02,7.252227e+06,1.730961e+02,3.333938e+06,,0.000000e+00,0.000000e+00
2013-12-12 00:12:50.000000,0.000000e+00,1.663795e+07,1.180463e+02,7.253975e+06,1.730961e+02,3.333914e+06,,0.000000e+00,0.000000e+00
2013-12-12 00:12:51.000000,0.000000e+00,1.663795e+07,1.180456e+02,7.255723e+06,1.730961e+02,3.333890e+06,,0.000000e+00,0.000000e+00
2013-12-12 00:12:52.000000,0.000000e+00,1.663795e+07,1.180450e+02,7.257471e+06,1.730961e+02,3.333867e+06,,0.000000e+00,0.000000e+00
2013-12-12 00:12:53.000000,0.000000e+00,1.663795e+07,1.180443e+02,7.259219e+06,1.730961e+02,3.333843e+06,,0.000000e+00,0.000000e+00
2013-12-12 00:12:54.000000,0.000000e+00,1.663795e+07,1.180437e+02,7.260967e+06,1.730961e+02,3.333819e+06,,0.000000e+00,0.000000e+00
2013-12-12 00:12:55.000000,0.000000e+00,1.663795e+07,1.180442e+02,7.262715e+06,1.730961e+02,3.333795e+06,,0.000000e+00,0.000000e+00
2013-12-12 00:12:56.000000,0.000000e+00,1.663795e+07,1.180448e+02,7.264464e+06,1.730961e+02,3.333772e+06,,0.000000e+00,0.000000e+00
2013-12-12 00:12:57.000000,0.000000e+00,1.663795e+07,1.180453e+02,7.266212e+06,1.730961e+02,3.333747e+06,,0.000000e+00,0.000000e+00
2013-12-12 00:12:58.000000,0.000000e+00,1.663795e+07,1.180459e+02,7.267960e+06,1.730961e+02,3.333724e+06,,0.000000e+00,0.000000e+00
2013-12-12 00:12:59.000000,0.000000e+00,1.663795e+07,1.180465e+02,7.269708e+06,1.730961e+02,3.333700e+06,,0.000000e+00,0.000000e+00
2013-12-12 00:13:00.000000,0.000000e+00,1.663795e+07,1.180470e+02,7.271456e+06,1.730961e+02,3.333676e+06,,0.000000e+00,0.000000e+00
2013-12-12 00:13:01.000000,0.000000e+00,1.663795e+07,1.180476e+02,7.273204e+06,1.730961e+02,3.333652e+06,,0.000000e+00,0.000000e+00
2013-12-12 00:13:02.000000,0.000000e+00,1.663795e+07,1.180481e+02,7.274953e+06,1.730961e+02,3.333628e+06,,0.000000e+00,0.000000e+00
2013-12-12 00:13:03.000000,0.000000e+00,1.663795e+07,1.180487e+02,7.276701e+06,1.730961e+02,3.333605e+06,,0.000000e+00,0.000000e+00
2013-12-12 00:13:04.000000,0.000000e+00,1.663795e+07,1.180492e+02,7.278448e+06,1.730961e+02,3.333581e+06,,0.000000e+00,0.000000e+00
2013-12-12 00:13:05.000000,0.000000e+00,1.663795e+07,1.180498e+02,7.280197e+06,1.730961e+02,3.333557e+06,,0.000000e+00,0.000000e+00
2013-12-12 00:13:06.000000,0.000000e+00,1.663795e+07,1.180504e+02,7.281945e+06,1.730961e+02,3.333533e+06,,0.000000e+00,0.000000e+00
2013-12-12 00:13:07.000000,0.000000e+00,1.663795e+07,1.180509e+02,7.283693e+06,1.730961e+02,3.333509e+06,,0.000000e+00,0.000000e+00
2013-12-12 00:13:08.000000,0.000000e+00,1.663795e+07,1.180515e+02,7.285441e+06,1.730961e+02,3.333486e+06,,0.000000e+00,0.000000e+00
2013-12-12 00:13:09.000000,0.000000e+00,1.663795e+07,1.180520e+02,7.287189e+06,1.730961e+02,3.333462e+06,,0.000000e+00,0.000000e+00
2013-12-12 00:13:10.000000,0.000000e+00,1.663795e+07,1.180526e+02,7.288937e+06,1.730961e+02,3.333438e+06,,0.000000e+00,0.000000e+00
2013-12-12 00:13:11.000000,0.000000e+00,1.663795e+07,1.180531e+02,7.290685e+06,1.730961e+02,3.333414e+06,,0.000000e+00,0.000000e+00
2013-12-12 00:13:12.000000,0.000000e+00,1.663795e+07,1.180537e+02,7.292434e+06,1.730961e+02,3.333390e+06,,0.000000e+00,0.000000e+00
2013-12-12 00:13:13.000000,0.000000e+00,1.663795e+07,1.180543e+02,7.294182e+06,1.730961e+02,3.333367e+06,,0.000000e+00,0.000000e+00
2013-12-12 00:13:14.000000,0.000000e+00,1.663795e+07,1.180548e+02,7.295930e+06,1.730961e+02,3.333343e+06,,0.000000e+00,0.000000e+00
2013-12-12 00:13:15.000000,0.000000e+00,1.663795e+07,1.180554e+02,7.297678e+06,1.730961e+02,3.333319e+06,,0.000000e+00,0.000000e+00
2013-12-12 00:13:16.000000,0.000000e+00,1.663795e+07,1.180559e+02,7.299426e+06,1.730961e+02,3.333295e+06,,0.000000e+00,0.000000e+00
2013-12-12 00:13:17.000000,0.000000e+00,1.663795e+07,1.180565e+02,7.301174e+06,1.730961e+02,3.333272e+06,,0.000000e+00,0.000000e+00
2013-12-12 00:13:18.000000,0.000000e+00,1.663795e+07,1.180571e+02,7.302922e+06,1.730961e+02,3.333248e+06,,0.000000e+00,0.000000e+00
2013-12-12 00:13:19.000000,0.000000e+00,1.663795e+07,1.180576e+02,7.304671e+06,1.730961e+02,3.333224e+06,,0.000000e+00,0.000000e+00
2013-12-12 00:13:20.000000,0.000000e+00,1.663795e+07,1.180582e+02,7.306419e+06,1.730961e+02,3.333200e+06,,0.000000e+00,0.000000e+00
2013-12-12 00:13:21.000000,0.000000e+00,1.663795e+07,1.180587e+02,7.308167e+06,1.730961e+02,3.333176e+06,,0.000000e+00,0.000000e+00
2013-12-12 00:13:22.000000,0.000000e+00,1.663795e+07,1.180593e+02,7.309915e+06,1.730961e+02,3.333153e+06,,0.000000e+00,0.000000e+00
2013-12-12 00:13:23.000000,0.000000e+00,1.663795e+07,1.180598e+02,7.311663e+06,1.730961e+02,3.333129e+06,,0.000000e+00,0.000000e+00
2013-12-12 00:13:24.000000,0.000000e+00,1.663795e+07,1.180604e+02,7.313411e+06,1.730961e+02,3.333105e+06,,0.000000e+00,0.000000e+00
2013-12-12 00:13:25.000000,0.000000e+00,1.663795e+07,1.180610e+02,7.315160e+06,1.730961e+02,3.333081e+06,,0.000000e+00,0.000000e+00
2013-12-12 00:13:26.000000,0.000000e+00,1.663795e+07,1.180615e+02,7.316908e+06,1.730961e+02,3.333057e+06,,0.000000e+00,0.000000e+00
2013-12-12 00:13:27.000000,0.000000e+00,1.663795e+07,1.180621e+02,7.318655e+06,1.730961e+02,3.333034e+06,,0.000000e+00,0.000000e+00
2013-12-12 00:13:28.000000,0.000000e+00,1.663795e+07,1.180626e+02,7.320403e+06,1.730961e+02,3.333010e+06,,0.000000e+00,0.000000e+00
2013-12-12 00:13:29.000000,0.000000e+00,1.663795e+07,1.180632e+02,7.322152e+06,1.730961e+02,3.332986e+06,,0.000000e+00,0.000000e+00
2013-12-12 00:13:30.000000,0.000000e+00,1.663795e+07,1.180638e+02,7.323900e+06,1.730961e+02,3.332962e+06,,0.000000e+00,0.000000e+00
2013-12-12 00:13:31.000000,0.000000e+00,1.663795e+07,1.180643e+02,7.325648e+06,1.730961e+02,3.332938e+06,,0.000000e+00,0.000000e+00
2013-12-12 00:13:32.000000,0.000000e+00,1.663795e+07,1.180649e+02,7.327396e+06,1.730961e+02,3.332915e+06,,0.000000e+00,0.000000e+00
2013-12-12 00:13:33.000000,0.000000e+00,1.663795e+07,1.180654e+02,7.329144e+06,1.730961e+02,3.332891e+06,,0.000000e+00,0.000000e+00
2013-12-12 00:13:34.000000,0.000000e+00,1.663795e+07,1.180660e+02,7.330892e+06,1.730961e+02,3.332867e+06,,0.000000e+00,0.000000e+00
2013-12-12 00:13:35.000000,0.000000e+00,1.663795e+07,1.180665e+02,7.332640e+06,1.730961e+02,3.332843e+06,,0.000000e+00,0.000000e+00
2013-12-12 00:13:36.000000,0.000000e+00,1.663795e+07,1.180671e+02,7.334389e+06,1.730961e+02,3.332819e+06,,0.000000e+00,0.000000e+00
2013-12-12 00:13:37.000000,0.000000e+00,1.663795e+07,1.180677e+02,7.336137e+06,1.730961e+02,3.332796e+06,,0.000000e+00,0.000000e+00
2013-12-12 00:13:38.000000,0.000000e+00,1.663795e+07,1.180682e+02,7.337885e+06,1.730961e+02,3.332772e+06,,0.000000e+00,0.000000e+00
2013-12-12 00:13:39.000000,0.000000e+00,1.663795e+07,1.180688e+02,7.339633e+06,1.730961e+02,3.332748e+06,,0.000000e+00,0.000000e+00
2013-12-12 00:13:40.000000,0.000000e+00,1.663795e+07,1.180693e+02,7.341381e+06,1.730961e+02,3.332724e+06,,0.000000e+00,0.000000e+00
2013-12-12 00:13:41.000000,0.000000e+00,1.663795e+07,1.180699e+02,7.341380e+06,1.730961e+02,3.332701e+06,,0.000000e+00,0.000000e+00
2013-12-12 00:13:42.000000,0.000000e+00,1.663795e+07,1.180704e+02,7.341378e+06,1.730961e+02,3.332677e+06,,0.000000e+00,0.000000e+00
2013-12-12 00:13:43.000000,0.000000e+00,1.663795e+07,1.180710e+02,7.341376e+06,1.730961e+02,3.332653e+06,,0.000000e+00,0.000000e+00
2013-12-12 00:13:44.000000,0.000000e+00,1.663795e+07,1.180716e+02,7.341375e+06,1.730961e+02,3.332629e+06,,0.000000e+00,0.000000e+00
2013-12-12 00:13:45.000000,0.000000e+00,1.663795e+07,1.180721e+02,7.341373e+06,1.730961e+02,3.332605e+06,,0.000000e+00,0.000000e+00
2013-12-12 00:13:46.000000,0.000000e+00,1.663795e+07,1.180727e+02,7.341372e+06,1.730961e+02,3.332582e+06,,0.000000e+00,0.000000e+00
2013-12-12 00:13:47.000000,0.000000e+00,1.663795e+07,1.180732e+02,7.341370e+06,1.730961e+02,3.332558e+06,,0.000000e+00,0.000000e+00
2013-12-12 00:13:48.000000,0.000000e+00,1.663795e+07,1.180738e+02,7.341369e+06,1.730961e+02,3.332534e+06,,0.000000e+00,0.000000e+00
2013-12-12 00:13:49.000000,0.000000e+00,1.663795e+07,1.180744e+02,7.341367e+06,1.730961e+02,3.332510e+06,,0.000000e+00,0.000000e+00
2013-12-12 00:13:50.000000,0.000000e+00,1.663795e+07,1.180749e+02,7.341366e+06,1.730961e+02,3.332486e+06,,0.000000e+00,0.000000e+00
2013-12-12 00:13:51.000000,0.000000e+00,1.663795e+07,1.180755e+02,7.341364e+06,1.730961e+02,3.332463e+06,,0.000000e+00,0.000000e+00
2013-12-12 00:13:52.000000,0.000000e+00,1.663795e+07,1.180760e+02,7.341363e+06,1.730961e+02,3.332439e+06,,0.000000e+00,0.000000e+00
2013-12-12 00:13:53.000000,0.000000e+00,1.663795e+07,1.180766e+02,7.341361e+06,1.730961e+02,3.332415e+06,,0.000000e+00,0.000000e+00
2013-12-12 00:13:54.000000,0.000000e+00,1.663795e+07,1.180771e+02,7.341360e+06,1.730961e+02,3.332391e+06,,0.000000e+00,0.000000e+00
2013-12-12 00:13:55.000000,0.000000e+00,1.663795e+07,1.180777e+02,7.341358e+06,1.730961e+02,3.332367e+06,,0.000000e+00,0.000000e+00
2013-12-12 00:13:56.000000,0.000000e+00,1.663795e+07,1.180783e+02,7.341357e+06,1.730961e+02,3.332344e+06,,0.000000e+00,0.000000e+00
2013-12-12 00:13:57.000000,0.000000e+00,1.663795e+07,1.180788e+02,7.341355e+06,1.730961e+02,3.332320e+06,,0.000000e+00,0.000000e+00
2013-12-12 00:13:58.000000,0.000000e+00,1.663795e+07,1.180794e+02,7.341354e+06,1.730961e+02,3.332296e+06,,0.000000e+00,0.000000e+00
2013-12-12 00:13:59.000000,0.000000e+00,1.663795e+07,1.180799e+02,7.341352e+06,1.730961e+02,3.332272e+06,,0.000000e+00,0.000000e+00
2013-12-12 00:14:00.000000,0.000000e+00,1.663795e+07,1.180805e+02,7.341351e+06,1.730961e+02,3.332248e+06,,0.000000e+00,0.000000e+00
2013-12-12 00:14:01.000000,0.000000e+00,1.663795e+07,1.180811e+02,7.341349e+06,1.730961e+02,3.332225e+06,,0.000000e+00,0.000000e+00
2013-12-12 00:14:02.000000,0.000000e+00,1.663795e+07,1.180816e+02,7.341348e+06,1.730961e+02,3.332201e+06,,0.000000e+00,0.000000e+00
2013-12-12 00:14:03.000000,0.000000e+00,1.663795e+07,1.180822e+02,7.341346e+06,1.730961e+02,3.332177e+06,,0.000000e+00,0.000000e+00
2013-12-12 00:14:04.000000,0.000000e+00,1.663795e+07,1.180827e+02,7.341344e+06,1.730961e+02,3.332153e+06,,0.000000e+00,0.000000e+00
2013-12-12 00:14:05.000000,0.000000e+00,1.663795e+07,1.180821e+02,7.341343e+06,1.730961e+02,3.332130e+06,,0.000000e+00,0.000000e+00
2013-12-12 00:14:06.000000,0.000000e+00,1.663795e+07,1.180814e+02,7.341341e+06,1.730961e+02,3.332106e+06,,0.000000e+00,0.000000e+00
2013-12-12 00:14:07.000000,0.000000e+00,1.663795e+07,1.180808e+02,7.341341e+06,1.730961e+02,3.332082e+06,,0.000000e+00,0.000000e+00
2013-12-12 00:14:08.000000,0.000000e+00,1.663795e+07,1.180801e+02,7.341339e+06,1.730961e+02,3.332058e+06,,0.000000e+00,0.000000e+00
2013-12-12 00:14:09.000000,0.000000e+00,1.663795e+07,1.180795e+02,7.341338e+06,1.730961e+02,3.332034e+06,,0.000000e+00,0.000000e+00
2013-12-12 00:14:10.000000,0.000000e+00,1.663795e+07,1.180788e+02,7.341336e+06,1.730961e+02,3.332011e+06,,0.000000e+00,0.000000e+00
2013-12-12 00:14:11.000000,0.000000e+00,1.663795e+07,1.180782e+02,7.341335e+06,1.730961e+02,3.331987e+06,,0.000000e+00,0.000000e+00
2013-12-12 00:14:12.000000,0.000000e+00,1.663795e+07,1.180775e+02,7.341333e+06,1.730961e+02,3.331963e+06,,0.000000e+00,0.000000e+00
2013-12-12 00:14:13.000000,0.000000e+00,1.663795e+07,1.180769e+02,7.341331e+06,1.730961e+02,3.331939e+06,,0.000000e+00,0.000000e+00
2013-12-12 00:14:14.000000,0.000000e+00,1.663795e+07,1.180762e+02,7.341330e+06,1.730961e+02,3.331915e+06,,0.000000e+00,0.000000e+00
2013-12-12 00:14:15.000000,0.000000e+00,1.663795e+07,1.180756e+02,7.341328e+06,1.730961e+02,3.331892e+06,,0.000000e+00,0.000000e+00
2013-12-12 00:14:16.000000,0.000000e+00,1.663795e+07,1.180749e+02,7.341327e+06,1.730961e+02,3.331868e+06,,0.000000e+00,0.000000e+00
2013-12-12 00:14:17.000000,0.000000e+00,1.663795e+07,1.180743e+02,7.341325e+06,1.730961e+02,3.331844e+06,,0.000000e+00,0.000000e+00
2013-12-12 00:14:18.000000,0.000000e+00,1.663795e+07,1.180736e+02,7.341324e+06,1.730961e+02,3.331820e+06,,0.000000e+00,0.000000e+00
2013-12-12 00:14:19.000000,0.000000e+00,1.663795e+07,1.180730e+02,7.341322e+06,1.730961e+02,3.331796e+06,,0.000000e+00,0.000000e+00
2013-12-12 00:14:20.000000,0.000000e+00,1.663795e+07,1.180723e+02,7.341321e+06,1.730961e+02,3.331773e+06,,0.000000e+00,0.000000e+00
2013-12-12 00:14:21.000000,0.000000e+00,1.663795e+07,1.180717e+02,7.341319e+06,1.730961e+02,3.331749e+06,,0.000000e+00,0.000000e+00
2013-12-12 00:14:22.000000,0.000000e+00,1.663795e+07,1.180710e+02,7.341318e+06,1.730961e+02,3.331725e+06,,0.000000e+00,0.000000e+00
2013-12-12 00:14:23.000000,0.000000e+00,1.663795e+07,1.180704e+02,7.341316e+06,1.730961e+02,3.331701e+06,,0.000000e+00,0.000000e+00
2013-12-12 00:14:24.000000,0.000000e+00,1.663795e+07,1.180697e+02,7.341315e+06,1.730961e+02,3.331677e+06,,0.000000e+00,0.000000e+00
2013-12-12 00:14:25.000000,0.000000e+00,1.663795e+07,1.180691e+02,7.341313e+06,1.730961e+02,3.331654e+06,,0.000000e+00,0.000000e+00
2013-12-12 00:14:26.000000,0.000000e+00,1.663795e+07,1.180684e+02,7.341312e+06,1.730961e+02,3.331630e+06,,0.000000e+00,0.000000e+00
2013-12-12 00:14:27.000000,0.000000e+00,1.663795e+07,1.180677e+02,7.341310e+06,1.730961e+02,3.331606e+06,,0.000000e+00,0.000000e+00
2013-12-12 00:14:28.000000,0.000000e+00,1.663795e+07,1.180671e+02,7.341309e+06,1.730961e+02,3.331582e+06,,0.000000e+00,0.000000e+00
2013-12-12 00:14:29.000000,0.000000e+00,1.663795e+07,1.180665e+02,7.341307e+06,1.730961e+02,3.331559e+06,,0.000000e+00,0.000000e+00
2013-12-12 00:14:30.000000,0.000000e+00,1.663795e+07,1.180658e+02,7.341306e+06,1.730961e+02,3.331535e+06,,0.000000e+00,0.000000e+00
2013-12-12 00:14:31.000000,0.000000e+00,1.663795e+07,1.180651e+02,7.341304e+06,1.730961e+02,3.331511e+06,,0.000000e+00,0.000000e+00
2013-12-12 00:14:32.000000,0.000000e+00,1.663795e+07,1.180645e+02,7.341302e+06,1.730961e+02,3.331487e+06,,0.000000e+00,0.000000e+00
2013-12-12 00:14:33.000000,0.000000e+00,1.663795e+07,1.180638e+02,7.341301e+06,1.730961e+02,3.331463e+06,,0.000000e+00,0.000000e+00
2013-12-12 00:14:34.000000,0.000000e+00,1.663795e+07,1.180632e+02,7.341299e+06,1.730961e+02,3.331440e+06,,0.000000e+00,0.000000e+00
2013-12-12 00:14:35.000000,0.000000e+00,1.663795e+07,1.180625e+02,7.341298e+06,1.730961e+02,3.331416e+06,,0.000000e+00,0.000000e+00
2013-12-12 00:14:36.000000,0.000000e+00,1.663795e+07,1.180619e+02,7.341296e+06,1.730961e+02,3.331392e+06,,0.000000e+00,0.000000e+00
2013-12-12 00:14:37.000000,0.000000e+00,1.663795e+07,1.180612e+02,7.341295e+06,1.730961e+02,3.331368e+06,,0.000000e+00,0.000000e+00
2013-12-12 00:14:38.000000,0.000000e+00,1.663795e+07,1.180606e+02,7.341293e+06,1.730961e+02,3.331344e+06,,0.000000e+00,0.000000e+00
2013-12-12 00:14:39.000000,0.000000e+00,1.663795e+07,1.180599e+02,7.341292e+06,1.730961e+02,3.331321e+06,,0.000000e+00,0.000000e+00
2013-12-12 00:14:40.000000,0.000000e+00,1.663795e+07,1.180593e+02,7.341290e+06,1.730961e+02,3.331297e+06,,0.000000e+00,0.000000e+00
2013-12-12 00:14:41.000000,0.000000e+00,1.663795e+07,1.180586e+02,7.341289e+06,1.730961e+02,3.331273e+06,,0.000000e+00,0.000000e+00
2013-12-12 00:14:42.000000,0.000000e+00,1.663795e+07,1.180580e+02,7.341287e+06,1.730961e+02,3.331249e+06,,0.000000e+00,0.000000e+00
2013-12-12 00:14:43.000000,0.000000e+00,1.663795e+07,1.180573e+02,7.341286e+06,1.730961e+02,3.331225e+06,,0.000000e+00,0.000000e+00
2013-12-12 00:14:44.000000,0.000000e+00,1.663795e+07,1.180567e+02,7.341284e+06,1.730961e+02,3.331202e+06,,0.000000e+00,0.000000e+00
2013-12-12 00:14:45.000000,0.000000e+00,1.663795e+07,1.180560e+02,7.341283e+06,1.730961e+02,3.331178e+06,,0.000000e+00,0.000000e+00
2013-12-12 00:14:46.000000,0.000000e+00,1.663795e+07,1.180554e+02,7.341281e+06,1.730961e+02,3.331154e+06,,0.000000e+00,0.000000e+00
2013-12-12 00:14:47.000000,0.000000e+00,1.663795e+07,1.180547e+02,7.341280e+06,1.730961e+02,3.331130e+06,,0.000000e+00,0.000000e+00
2013-12-12 00:14:48.000000,0.000000e+00,1.663795e+07,1.180541e+02,7.341278e+06,1.730961e+02,3.331106e+06,,0.000000e+00,0.000000e+00
2013-12-12 00:14:49.000000,0.000000e+00,1.663795e+07,1.180534e+02,7.341277e+06,1.730961e+02,3.331083e+06,,0.000000e+00,0.000000e+00
2013-12-12 00:14:50.000000,0.000000e+00,1.663795e+07,1.180528e+02,7.341275e+06,1.730961e+02,3.331059e+06,,0.000000e+00,0.000000e+00
2013-12-12 00:14:51.000000,0.000000e+00,1.663795e+07,1.180521e+02,7.341273e+06,1.730961e+02,3.331035e+06,,0.000000e+00,0.000000e+00
2013-12-12 00:14:52.000000,0.000000e+00,1.663795e+07,1.180515e+02,7.341272e+06,1.730961e+02,3.331011e+06,,0.000000e+00,0.000000e+00
2013-12-12 00:14:53.000000,0.000000e+00,1.663795e+07,1.180508e+02,7.341270e+06,1.730961e+02,3.330987e+06,,0.000000e+00,0.000000e+00
2013-12-12 00:14:54.000000,0.000000e+00,1.663795e+07,1.180502e+02,7.341269e+06,1.730961e+02,3.330964e+06,,0.000000e+00,0.000000e+00
2013-12-12 00:14:55.000000,0.000000e+00,1.663795e+07,1.180495e+02,7.341267e+06,1.730961e+02,3.330940e+06,,0.000000e+00,0.000000e+00
2013-12-12 00:14:56.000000,0.000000e+00,1.663795e+07,1.180489e+02,7.341266e+06,1.730961e+02,3.330916e+06,,0.000000e+00,0.000000e+00
2013-12-12 00:14:57.000000,0.000000e+00,1.663795e+07,1.180482e+02,7.341264e+06,1.730961e+02,3.330892e+06,,0.000000e+00,0.000000e+00
2013-12-12 00:14:58.000000,0.000000e+00,1.663795e+07,1.180476e+02,7.341263e+06,1.730961e+02,3.330869e+06,,0.000000e+00,0.000000e+00
2013-12-12 00:14:59.000000,0.000000e+00,1.663795e+07,1.180469e+02,7.341261e+06,1.730961e+02,3.330844e+06,,0.000000e+00,0.000000e+00
2013-12-12 00:15:00.000000,0.000000e+00,1.663795e+07,1.180463e+02,7.341261e+06,1.730961e+02,3.330821e+06,,0.000000e+00,0.000000e+00
2013-12-12 00:15:01.000000,0.000000e+00,1.663795e+07,1.180456e+02,7.341259e+06,1.730961e+02,3.330797e+06,,0.000000e+00,0.000000e+00
2013-12-12 00:15:02.000000,0.000000e+00,1.663795e+07,1.180450e+02,7.341257e+06,1.730961e+02,3.330773e+06,,0.000000e+00,0.000000e+00
2013-12-12 00:15:03.000000,0.000000e+00,1.663795e+07,1.180443e+02,7.341256e+06,1.730961e+02,3.330750e+06,,0.000000e+00,0.000000e+00
2013-12-12 00:15:04.000000,0.000000e+00,1.663795e+07,1.180437e+02,7.341254e+06,1.730961e+02,3.330725e+06,,0.000000e+00,0.000000e+00
2013-12-12 00:15:05.000000,0.000000e+00,1.663795e+07,1.180443e+02,7.341253e+06,1.730961e+02,3.330702e+06,,0.000000e+00,0.000000e+00
2013-12-12 00:15:06.000000,0.000000e+00,1.663795e+07,1.180450e+02,7.341251e+06,1.730961e+02,3.330678e+06,,0.000000e+00,0.000000e+00
2013-12-12 00:15:07.000000,0.000000e+00,1.663795e+07,1.180456e+02,7.341250e+06,1.730961e+02,3.330654e+06,,0.000000e+00,0.000000e+00
2013-12-12 00:15:08.000000,0.000000e+00,1.663795e+07,1.180463e+02,7.341248e+06,1.730961e+02,3.330630e+06,,0.000000e+00,0.000000e+00
2013-12-12 00:15:09.000000,0.000000e+00,1.663795e+07,1.180469e+02,7.341247e+06,1.730961e+02,3.330606e+06,,0.000000e+00,0.000000e+00
2013-12-12 00:15:10.000000,0.000000e+00,1.663795e+07,1.180476e+02,7.341245e+06,1.730961e+02,3.330583e+06,,0.000000e+00,0.000000e+00
2013-12-12 00:15:11.000000,0.000000e+00,1.663795e+07,1.180482e+02,7.341244e+06,1.730961e+02,3.330559e+06,,0.000000e+00,0.000000e+00
2013-12-12 00:15:12.000000,0.000000e+00,1.663795e+07,1.180489e+02,7.341242e+06,1.730961e+02,3.330535e+06,,0.000000e+00,0.000000e+00
2013-12-12 00:15:13.000000,0.000000e+00,1.663795e+07,1.180495e+02,7.341241e+06,1.730961e+02,3.330511e+06,,0.000000e+00,0.000000e+00
2013-12-12 00:15:14.000000,0.000000e+00,1.663795e+07,1.180502e+02,7.341239e+06,1.730961e+02,3.330488e+06,,0.000000e+00,0.000000e+00
2013-12-12 00:15:15.000000,0.000000e+00,1.663795e+07,1.180508e+02,7.341238e+06,1.730961e+02,3.330464e+06,,0.000000e+00,0.000000e+00
2013-12-12 00:15:16.000000,0.000000e+00,1.663795e+07,1.180515e+02,7.341236e+06,1.730961e+02,3.330440e+06,,0.000000e+00,0.000000e+00
2013-12-12 00:15:17.000000,0.000000e+00,1.663795e+07,1.180521e+02,7.341235e+06,1.730961e+02,3.330416e+06,,0.000000e+00,0.000000e+00
2013-12-12 00:15:18.000000,0.000000e+00,1.663795e+07,1.180528e+02,7.341233e+06,1.730961e+02,3.330392e+06,,0.000000e+00,0.000000e+00
2013-12-12 00:15:19.000000,0.000000e+00,1.663795e+07,1.180534e+02,7.341232e+06,1.730961e+02,3.330369e+06,,0.000000e+00,0.000000e+00
2013-12-12 00:15:20.000000,0.000000e+00,1.663795e+07,1.180541e+02,7.341230e+06,1.730961e+02,3.330345e+06,,0.000000e+00,0.000000e+00
2013-12-12 00:15:21.000000,0.000000e+00,1.663795e+07,1.180547e+02,7.341228e+06,1.730961e+02,3.330321e+06,,0.000000e+00,0.000000e+00
2013-12-12 00:15:22.000000,0.000000e+00,1.663795e+07,1.180554e+02,7.341227e+06,1.730961e+02,3.330297e+06,,0.000000e+00,0.000000e+00
2013-12-12 00:15:23.000000,0.000000e+00,1.663795e+07,1.180560e+02,7.341225e+06,1.730961e+02,3.330273e+06,,0.000000e+00,0.000000e+00
2013-12-12 00:15:24.000000,0.000000e+00,1.663795e+07,1.180567e+02,7.341224e+06,1.730961e+02,3.330250e+06,,0.000000e+00,0.000000e+00
2013-12-12 00:15:25.000000,0.000000e+00,1.663795e+07,1.180573e+02,7.341222e+06,1.730961e+02,3.330226e+06,,0.000000e+00,0.000000e+00
2013-12-12 00:15:26.000000,0.000000e+00,1.663795e+07,1.180580e+02,7.341221e+06,1.730961e+02,3.330202e+06,,0.000000e+00,0.000000e+00
2013-12-12 00:15:27.000000,0.000000e+00,1.663795e+07,1.180586e+02,7.341219e+06,1.730961e+02,3.330178e+06,,0.000000e+00,0.000000e+00
2013-12-12 00:15:28.000000,0.000000e+00,1.663795e+07,1.180593e+02,7.341218e+06,1.730961e+02,3.330154e+06,,0.000000e+00,0.000000e+00
2013-12-12 00:15:29.000000,0.000000e+00,1.663795e+07,1.180599e+02,7.341216e+06,1.730961e+02,3.330131e+06,,0.000000e+00,0.000000e+00
2013-12-12 00:15:30.000000,0.000000e+00,1.663795e+07,1.180606e+02,7.341215e+06,1.730961e+02,3.330107e+06,,0.000000e+00,0.000000e+00
2013-12-12 00:15:31.000000,0.000000e+00,1.663795e+07,1.180612e+02,7.341213e+06,1.730961e+02,3.330083e+06,,0.000000e+00,0.000000e+00
2013-12-12 00:15:32.000000,0.000000e+00,1.663795e+07,1.180619e+02,7.341212e+06,1.730961e+02,3.330059e+06,,0.000000e+00,0.000000e+00
2013-12-12 00:15:33.000000,0.000000e+00,1.663795e+07,1.180625e+02,7.341210e+06,1.730961e+02,3.330035e+06,,0.000000e+00,0.000000e+00
2013-12-12 00:15:34.000000,0.000000e+00,1.663795e+07,1.180632e+02,7.341209e+06,1.730961e+02,3.330012e+06,,0.000000e+00,0.000000e+00
2013-12-12 00:15:35.000000,0.000000e+00,1.663795e+07,1.180638e+02,7.341207e+06,1.730961e+02,3.329988e+06,,0.000000e+00,0.000000e+00
2013-12-12 00:15:36.000000,0.000000e+00,1.663795e+07,1.180645e+02,7.341206e+06,1.730961e+02,3.329964e+06,,0.000000e+00,0.000000e+00
2013-12-12 00:15:37.000000,0.000000e+00,1.663795e+07,1.180651e+02,7.341204e+06,1.730961e+02,3.329940e+06,,0.000000e+00,0.000000e+00
2013-12-12 00:15:38.000000,0.000000e+00,1.663795e+07,1.180658e+02,7.341203e+06,1.730961e+02,3.329917e+06,,0.000000e+00,0.000000e+00
2013-12-12 00:15:39.000000,0.000000e+00,1.663795e+07,1.180665e+02,7.341201e+06,1.730961e+02,3.329893e+06,,0.000000e+00,0.000000e+00
2013-12-12 00:15:40.000000,0.000000e+00,1.663795e+07,1.180671e+02,7.341199e+06,1.730961e+02,3.329869e+06,,0.000000e+00,0.000000e+00
2013-12-12 00:15:41.000000,0.000000e+00,1.663795e+07,1.180677e+02,7.341198e+06,1.730961e+02,3.329845e+06,,0.000000e+00,0.000000e+00
2013-12-12 00:15:42.000000,0.000000e+00,1.663795e+07,1.180684e+02,7.341196e+06,1.730961e+02,3.329821e+06,,0.000000e+00,0.000000e+00
2013-12-12 00:15:43.000000,0.000000e+00,1.663795e+07,1.180691e+02,7.341195e+06,1.730961e+02,3.329798e+06,,0.000000e+00,0.000000e+00
2013-12-12 00:15:44.000000,0.000000e+00,1.663795e+07,1.180697e+02,7.341193e+06,1.730961e+02,3.329774e+06,,0.000000e+00,0.000000e+00
2013-12-12 00:15:45.000000,0.000000e+00,1.663795e+07,1.180704e+02,7.341192e+06,1.730961e+02,3.329750e+06,,0.000000e+00,0.000000e+00
2013-12-12 00:15:46.000000,0.000000e+00,1.663795e+07,1.180710e+02,7.341190e+06,1.730961e+02,3.329726e+06,,0.000000e+00,0.000000e+00
2013-12-12 00:15:47.000000,0.000000e+00,1.663795e+07,1.180717e+02,7.341189e+06,1.730961e+02,3.329702e+06,,0.000000e+00,0.000000e+00
2013-12-12 00:15:48.000000,0.000000e+00,1.663795e+07,1.180723e+02,7.341187e+06,1.730961e+02,3.329679e+06,,0.000000e+00,0.000000e+00
2013-12-12 00:15:49.000000,0.000000e+00,1.663795e+07,1.180730e+02,7.341186e+06,1.730961e+02,3.329655e+06,,0.000000e+00,0.000000e+00
2013-12-12 00:15:50.000000,0.000000e+00,1.663795e+07,1.180736e+02,7.341184e+06,1.730961e+02,3.329631e+06,,0.000000e+00,0.000000e+00
2013-12-12 00:15:51.000000,0.000000e+00,1.663795e+07,1.180743e+02,7.341183e+06,1.730961e+02,3.329607e+06,,0.000000e+00,0.000000e+00
2013-12-12 00:15:52.000000,0.000000e+00,1.663795e+07,1.180749e+02,7.341181e+06,1.730961e+02,3.329583e+06,,0.000000e+00,0.000000e+00
2013-12-12 00:15:53.000000,0.000000e+00,1.663795e+07,1.180756e+02,7.341180e+06,1.730961e+02,3.329560e+06,,0.000000e+00,0.000000e+00
2013-12-12 00:15:54.000000,0.000000e+00,1.663795e+07,1.180762e+02,7.341179e+06,1.730961e+02,3.329536e+06,,0.000000e+00,0.000000e+00
2013-12-12 00:15:55.000000,0.000000e+00,1.663795e+07,1.180769e+02,7.341177e+06,1.730961e+02,3.329512e+06,,0.000000e+00,0.000000e+00
2013-12-12 00:15:56.000000,0.000000e+00,1.663795e+07,1.180775e+02,7.341176e+06,1.730961e+02,3.329488e+06,,0.000000e+00,0.000000e+00
2013-12-12 00:15:57.000000,0.000000e+00,1.663795e+07,1.180782e+02,7.341174e+06,1.730961e+02,3.329464e+06,,0.000000e+00,0.000000e+00
2013-12-12 00:15:58.000000,0.000000e+00,1.663795e+07,1.180788e+02,7.341173e+06,1.730961e+02,3.329441e+06,,0.000000e+00,0.000000e+00
2013-12-12 00:15:59.000000,0.000000e+00,1.663795e+07,1.180795e+02,7.341171e+06,1.730961e+02,3.329417e+06,,0.000000e+00,0.000000e+00
2013-12-12 00:16:00.000000,0.000000e+00,1.663795e+07,1.180801e+02,7.341170e+06,1.730961e+02,3.329393e+06,,0.000000e+00,0.000000e+00
2013-12-12 00:16:01.000000,0.000000e+00,1.663795e+07,1.180808e+02,7.341168e+06,1.730961e+02,3.329369e+06,,0.000000e+00,0.000000e+00
2013-12-12 00:16:02.000000,0.000000e+00,1.663795e+07,1.180814e+02,7.341167e+06,1.730961e+02,3.329345e+06,,0.000000e+00,0.000000e+00
2013-12-12 00:16:03.000000,0.000000e+00,1.663795e+07,1.180821e+02,7.341165e+06,1.730961e+02,3.329322e+06,,0.000000e+00,0.000000e+00
2013-12-12 00:16:04.000000,0.000000e+00,1.663795e+07,1.180827e+02,7.341164e+06,1.730961e+02,3.329298e+06,,0.000000e+00,0.000000e+00
2013-12-12 00:16:05.000000,0.000000e+00,1.663795e+07,1.180821e+02,7.341162e+06,1.730961e+02,3.329274e+06,,0.000000e+00,0.000000e+00
2013-12-12 00:16:06.000000,0.000000e+00,1.663795e+07,1.180814e+02,7.341161e+06,1.730961e+02,3.329250e+06,,0.000000e+00,0.000000e+00
2013-12-12 00:16:07.000000,0.000000e+00,1.663795e+07,1.180808e+02,7.341159e+06,1.730961e+02,3.329227e+06,,0.000000e+00,0.000000e+00
2013-12-12 00:16:08.000000,0.000000e+00,1.663795e+07,1.180801e+02,7.341158e+06,1.730961e+02,3.329203e+06,,0.000000e+00,0.000000e+00
2013-12-12 00:16:09.000000,0.000000e+00,1.663795e+07,1.180795e+02,7.341156e+06,1.730961e+02,3.329179e+06,,0.000000e+00,0.000000e+00
2013-12-12 00:16:10.000000,0.000000e+00,1.663795e+07,1.180788e+02,7.341154e+06,1.730961e+02,3.329155e+06,,0.000000e+00,0.000000e+00
2013-12-12 00:16:11.000000,0.000000e+00,1.663795e+07,1.180782e+02,7.341153e+06,1.730961e+02,3.329131e+06,,0.000000e+00,0.000000e+00
2013-12-12 00:16:12.000000,0.000000e+00,1.663795e+07,1.180775e+02,7.341151e+06,1.730961e+02,3.329108e+06,,0.000000e+00,0.000000e+00
2013-12-12 00:16:13.000000,0.000000e+00,1.663795e+07,1.180769e+02,7.341150e+06,1.730961e+02,3.329084e+06,,0.000000e+00,0.000000e+00
2013-12-12 00:16:14.000000,0.000000e+00,1.663795e+07,1.180762e+02,7.341148e+06,1.730961e+02,3.329060e+06,,0.000000e+00,0.000000e+00
2013-12-12 00:16:15.000000,0.000000e+00,1.663795e+07,1.180756e+02,7.341147e+06,1.730961e+02,3.329036e+06,,0.000000e+00,0.000000e+00
2013-12-12 00:16:16.000000,0.000000e+00,1.663795e+07,1.180749e+02,7.341145e+06,1.730961e+02,3.329012e+06,,0.000000e+00,0.000000e+00
2013-12-12 00:16:17.000000,0.000000e+00,1.663795e+07,1.180743e+02,7.341144e+06,1.730961e+02,3.328989e+06,,0.000000e+00,0.000000e+00
2013-12-12 00:16:18.000000,0.000000e+00,1.663795e+07,1.180736e+02,7.341142e+06,1.730961e+02,3.328965e+06,,0.000000e+00,0.000000e+00
2013-12-12 00:16:19.000000,0.000000e+00,1.663795e+07,1.180730e+02,7.341141e+06,1.730961e+02,3.328941e+06,,0.000000e+00,0.000000e+00
2013-12-12 00:16:20.000000,0.000000e+00,1.663795e+07,1.180723e+02,7.341139e+06,1.730961e+02,3.328917e+06,,0.000000e+00,0.000000e+00
2013-12-12 00:16:21.000000,0.000000e+00,1.663795e+07,1.180717e+02,7.341138e+06,1.730961e+02,3.328893e+06,,0.000000e+00,0.000000e+00
2013-12-12 00:16:22.000000,0.000000e+00,1.663795e+07,1.180710e+02,7.341136e+06,1.730961e+02,3.328870e+06,,0.000000e+00,0.000000e+00
2013-12-12 00:16:23.000000,0.000000e+00,1.663795e+07,1.180704e+02,7.341135e+06,1.730961e+02,3.328846e+06,,0.000000e+00,0.000000e+00
2013-12-12 00:16:24.000000,0.000000e+00,1.663795e+07,1.180697e+02,7.341133e+06,1.730961e+02,3.328822e+06,,0.000000e+00,0.000000e+00
2013-12-12 00:16:25.000000,0.000000e+00,1.663795e+07,1.180691e+02,7.341132e+06,1.730961e+02,3.328798e+06,,0.000000e+00,0.000000e+00
2013-12-12 00:16:26.000000,0.000000e+00,1.663795e+07,1.180684e+02,7.341130e+06,1.730961e+02,3.328774e+06,,0.000000e+00,0.000000e+00
2013-12-12 00:16:27.000000,0.000000e+00,1.663795e+07,1.180677e+02,7.341129e+06,1.730961e+02,3.328751e+06,,0.000000e+00,0.000000e+00
2013-12-12 00:16:28.000000,0.000000e+00,1.663795e+07,1.180671e+02,7.341127e+06,1.730961e+02,3.328727e+06,,0.000000e+00,0.000000e+00
2013-12-12 00:16:29.000000,0.000000e+00,1.663795e+07,1.180665e+02,7.341125e+06,1.730961e+02,3.328703e+06,,0.000000e+00,0.000000e+00
2013-12-12 00:16:30.000000,0.000000e+00,1.663795e+07,1.180658e+02,7.341124e+06,1.730961e+02,3.328679e+06,,0.000000e+00,0.000000e+00
2013-12-12 00:16:31.000000,0.000000e+00,1.663795e+07,1.180651e+02,7.341122e+06,1.730961e+02,3.328656e+06,,0.000000e+00,0.000000e+00
2013-12-12 00:16:32.000000,0.000000e+00,1.663795e+07,1.180645e+02,7.341121e+06,1.730961e+02,3.328632e+06,,0.000000e+00,0.000000e+00
2013-12-12 00:16:33.000000,0.000000e+00,1.663795e+07,1.180638e+02,7.341119e+06,1.730961e+02,3.328608e+06,,0.000000e+00,0.000000e+00
2013-12-12 00:16:34.000000,0.000000e+00,1.663795e+07,1.180632e+02,7.341118e+06,1.730961e+02,3.328584e+06,,0.000000e+00,0.000000e+00
2013-12-12 00:16:35.000000,0.000000e+00,1.663795e+07,1.180625e+02,7.341116e+06,1.730961e+02,3.328560e+06,,0.000000e+00,0.000000e+00
2013-12-12 00:16:36.000000,0.000000e+00,1.663795e+07,1.180619e+02,7.341115e+06,1.730961e+02,3.328537e+06,,0.000000e+00,0.000000e+00
2013-12-12 00:16:37.000000,0.000000e+00,1.663795e+07,1.180612e+02,7.341113e+06,1.730961e+02,3.328513e+06,,0.000000e+00,0.000000e+00
2013-12-12 00:16:38.000000,0.000000e+00,1.663795e+07,1.180606e+02,7.341112e+06,1.730961e+02,3.328489e+06,,0.000000e+00,0.000000e+00
2013-12-12 00:16:39.000000,0.000000e+00,1.663795e+07,1.180599e+02,7.341110e+06,1.730961e+02,3.328465e+06,,0.000000e+00,0.000000e+00
2013-12-12 00:16:40.000000,0.000000e+00,1.663795e+07,1.180593e+02,7.341109e+06,1.730961e+02,3.328441e+06,,0.000000e+00,0.000000e+00
2013-12-12 00:16:41.000000,0.000000e+00,1.663795e+07,1.180586e+02,7.341107e+06,1.730961e+02,3.328418e+06,,0.000000e+00,0.000000e+00
2013-12-12 00:16:42.000000,0.000000e+00,1.663795e+07,1.180580e+02,7.341106e+06,1.730961e+02,3.328394e+06,,0.000000e+00,0.000000e+00
2013-12-12 00:16:43.000000,0.000000e+00,1.663795e+07,1.180573e+02,7.341104e+06,1.730961e+02,3.328370e+06,,0.000000e+00,0.000000e+00
2013-12-12 00:16:44.000000,0.000000e+00,1.663795e+07,1.180567e+02,7.341103e+06,1.730961e+02,3.328346e+06,,0.000000e+00,0.000000e+00
2013-12-12 00:16:45.000000,0.000000e+00,1.663795e+07,1.180560e+02,7.341101e+06,1.730961e+02,3.328322e+06,,0.000000e+00,0.000000e+00
2013-12-12 00:16:46.000000,0.000000e+00,1.663795e+07,1.180554e+02,7.341100e+06,1.730961e+02,3.328299e+06,,0.000000e+00,0.000000e+00
2013-12-12 00:16:47.000000,0.000000e+00,1.663795e+07,1.180547e+02,7.341099e+06,1.730961e+02,3.328275e+06,,0.000000e+00,0.000000e+00
2013-12-12 00:16:48.000000,0.000000e+00,1.663795e+07,1.180541e+02,7.341097e+06,1.730961e+02,3.328251e+06,,0.000000e+00,0.000000e+00
2013-12-12 00:16:49.000000,0.000000e+00,1.663795e+07,1.180534e+02,7.341096e+06,1.730961e+02,3.328227e+06,,0.000000e+00,0.000000e+00
2013-12-12 00:16:50.000000,0.000000e+00,1.663795e+07,1.180528e+02,7.341094e+06,1.730961e+02,3.328203e+06,,0.000000e+00,0.000000e+00
2013-12-12 00:16:51.000000,0.000000e+00,1.663795e+07,1.180521e+02,7.341093e+06,1.730961e+02,3.328180e+06,,0.000000e+00,0.000000e+00
2013-12-12 00:16:52.000000,0.000000e+00,1.663795e+07,1.180515e+02,7.341091e+06,1.730961e+02,3.328156e+06,,0.000000e+00,0.000000e+00
2013-12-12 00:16:53.000000,0.000000e+00,1.663795e+07,1.180508e+02,7.341090e+06,1.730961e+02,3.328132e+06,,0.000000e+00,0.000000e+00
2013-12-12 00:16:54.000000,0.000000e+00,1.663795e+07,1.180502e+02,7.341088e+06,1.730961e+02,3.328108e+06,,0.000000e+00,0.000000e+00
2013-12-12 00:16:55.000000,0.000000e+00,1.663795e+07,1.180495e+02,7.341087e+06,1.730961e+02,3.328085e+06,,0.000000e+00,0.000000e+00
2013-12-12 00:16:56.000000,0.000000e+00,1.663795e+07,1.180489e+02,7.341085e+06,1.730961e+02,3.328061e+06,,0.000000e+00,0.000000e+00
2013-12-12 00:16:57.000000,0.000000e+00,1.663795e+07,1.180482e+02,7.341084e+06,1.730961e+02,3.328037e+06,,0.000000e+00,0.000000e+00
2013-12-12 00:16:58.000000,0.000000e+00,1.663795e+07,1.180476e+02,7.341082e+06,1.730961e+02,3.328013e+06,,0.000000e+00,0.000000e+00
2013-12-12 00:16:59.000000,0.000000e+00,1.663795e+07,1.180469e+02,7.341080e+06,1.730961e+02,3.327989e+06,,0.000000e+00,0.000000e+00
2013-12-12 00:17:00.000000,0.000000e+00,1.663795e+07,1.180463e+02,7.341079e+06,1.730961e+02,3.327966e+06,,0.000000e+00,0.000000e+00
2013-12-12 00:17:01.000000,0.000000e+00,1.663795e+07,1.180456e+02,7.341077e+06,1.730961e+02,3.327942e+06,,0.000000e+00,0.000000e+00
2013-12-12 00:17:02.000000,0.000000e+00,1.663795e+07,1.180450e+02,7.341076e+06,1.730961e+02,3.327918e+06,,0.000000e+00,0.000000e+00
2013-12-12 00:17:03.000000,0.000000e+00,1.663795e+07,1.180443e+02,7.341074e+06,1.730961e+02,3.327894e+06,,0.000000e+00,0.000000e+00
2013-12-12 00:17:04.000000,0.000000e+00,1.663795e+07,1.180437e+02,7.341073e+06,1.730961e+02,3.327870e+06,,0.000000e+00,0.000000e+00
2013-12-12 00:17:05.000000,0.000000e+00,1.663795e+07,1.180438e+02,7.341071e+06,1.730961e+02,3.327847e+06,,0.000000e+00,0.000000e+00
2013-12-12 00:17:06.000000,0.000000e+00,1.663795e+07,1.180440e+02,7.341070e+06,1.730961e+02,3.327822e+06,,0.000000e+00,0.000000e+00
2013-12-12 00:17:07.000000,0.000000e+00,1.663795e+07,1.180442e+02,7.341068e+06,1.730961e+02,3.327799e+06,,0.000000e+00,0.000000e+00
2013-12-12 00:17:08.000000,0.000000e+00,1.663795e+07,1.180443e+02,7.341067e+06,1.730961e+02,3.327775e+06,,0.000000e+00,0.000000e+00
2013-12-12 00:17:09.000000,0.000000e+00,1.663795e+07,1.180445e+02,7.341065e+06,1.730961e+02,3.327751e+06,,0.000000e+00,0.000000e+00
2013-12-12 00:17:10.000000,0.000000e+00,1.663795e+07,1.180446e+02,7.341064e+06,1.730961e+02,3.327728e+06,,0.000000e+00,0.000000e+00
2013-12-12 00:17:11.000000,0.000000e+00,1.663795e+07,1.180448e+02,7.341062e+06,1.730961e+02,3.327704e+06,,0.000000e+00,0.000000e+00
2013-12-12 00:17:12.000000,0.000000e+00,1.663795e+07,1.180450e+02,7.341061e+06,1.730961e+02,3.327680e+06,,0.000000e+00,0.000000e+00
2013-12-12 00:17:13.000000,0.000000e+00,1.663795e+07,1.180451e+02,7.341059e+06,1.730961e+02,3.327656e+06,,0.000000e+00,0.000000e+00
2013-12-12 00:17:14.000000,0.000000e+00,1.663795e+07,1.180453e+02,7.341058e+06,1.730961e+02,3.327632e+06,,0.000000e+00,0.000000e+00
2013-12-12 00:17:15.000000,0.000000e+00,1.663795e+07,1.180455e+02,7.341056e+06,1.730961e+02,3.327608e+06,,0.000000e+00,0.000000e+00
2013-12-12 00:17:16.000000,0.000000e+00,1.663795e+07,1.180456e+02,7.341055e+06,1.730961e+02,3.327585e+06,,0.000000e+00,0.000000e+00
2013-12-12 00:17:17.000000,0.000000e+00,1.663795e+07,1.180458e+02,7.341053e+06,1.730961e+02,3.327561e+06,,0.000000e+00,0.000000e+00
2013-12-12 00:17:18.000000,0.000000e+00,1.663795e+07,1.180459e+02,7.341051e+06,1.730961e+02,3.327537e+06,,0.000000e+00,0.000000e+00
2013-12-12 00:17:19.000000,0.000000e+00,1.663795e+07,1.180461e+02,7.341050e+06,1.730961e+02,3.327514e+06,,0.000000e+00,0.000000e+00
2013-12-12 00:17:20.000000,0.000000e+00,1.663795e+07,1.180463e+02,7.341048e+06,1.730961e+02,3.327489e+06,,0.000000e+00,0.000000e+00
2013-12-12 00:17:21.000000,0.000000e+00,1.663795e+07,1.180464e+02,7.341047e+06,1.730961e+02,3.327466e+06,,0.000000e+00,0.000000e+00
2013-12-12 00:17:22.000000,0.000000e+00,1.663795e+07,1.180466e+02,7.341045e+06,1.730961e+02,3.327442e+06,,0.000000e+00,0.000000e+00
2013-12-12 00:17:23.000000,0.000000e+00,1.663795e+07,1.180468e+02,7.341044e+06,1.730961e+02,3.327418e+06,,0.000000e+00,0.000000e+00
2013-12-12 00:17:24.000000,0.000000e+00,1.663795e+07,1.180469e+02,7.341042e+06,1.730961e+02,3.327394e+06,,0.000000e+00,0.000000e+00
2013-12-12 00:17:25.000000,0.000000e+00,1.663795e+07,1.180471e+02,7.341041e+06,1.730961e+02,3.327370e+06,,0.000000e+00,0.000000e+00
2013-12-12 00:17:26.000000,0.000000e+00,1.663795e+07,1.180472e+02,7.341039e+06,1.730961e+02,3.327347e+06,,0.000000e+00,0.000000e+00
2013-12-12 00:17:27.000000,0.000000e+00,1.663795e+07,1.180474e+02,7.341038e+06,1.730961e+02,3.327323e+06,,0.000000e+00,0.000000e+00
2013-12-12 00:17:28.000000,0.000000e+00,1.663795e+07,1.180476e+02,7.341036e+06,1.730961e+02,3.327299e+06,,0.000000e+00,0.000000e+00
2013-12-12 00:17:29.000000,0.000000e+00,1.663795e+07,1.180477e+02,7.341035e+06,1.730961e+02,3.327275e+06,,0.000000e+00,0.000000e+00
2013-12-12 00:17:30.000000,0.000000e+00,1.663795e+07,1.180479e+02,7.341033e+06,1.730961e+02,3.327251e+06,,0.000000e+00,0.000000e+00
2013-12-12 00:17:31.000000,0.000000e+00,1.663795e+07,1.180481e+02,7.341032e+06,1.730961e+02,3.327228e+06,,0.000000e+00,0.000000e+00
2013-12-12 00:17:32.000000,0.000000e+00,1.663795e+07,1.180482e+02,7.341030e+06,1.730961e+02,3.327204e+06,,0.000000e+00,0.000000e+00
2013-12-12 00:17:33.000000,0.000000e+00,1.663795e+07,1.180484e+02,7.341029e+06,1.730961e+02,3.327180e+06,,0.000000e+00,0.000000e+00
2013-12-12 00:17:34.000000,0.000000e+00,1.663795e+07,1.180485e+02,7.341027e+06,1.730961e+02,3.327156e+06,,0.000000e+00,0.000000e+00
2013-12-12 00:17:35.000000,0.000000e+00,1.663795e+07,1.180487e+02,7.341026e+06,1.730961e+02,3.327132e+06,,0.000000e+00,0.000000e+00
2013-12-12 00:17:36.000000,0.000000e+00,1.663795e+07,1.180489e+02,7.341024e+06,1.730961e+02,3.327109e+06,,0.000000e+00,0.000000e+00
2013-12-12 00:17:37.000000,0.000000e+00,1.663795e+07,1.180490e+02,7.341022e+06,1.730961e+02,3.327085e+06,,0.000000e+00,0.000000e+00
2013-12-12 00:17:38.000000,0.000000e+00,1.663795e+07,1.180492e+02,7.341021e+06,1.730961e+02,3.327061e+06,,0.000000e+00,0.000000e+00
2013-12-12 00:17:39.000000,0.000000e+00,1.663795e+07,1.180494e+02,7.341019e+06,1.730961e+02,3.327037e+06,,0.000000e+00,0.000000e+00
2013-12-12 00:17:40.000000,0.000000e+00,1.663795e+07,1.180495e+02,7.341019e+06,1.730961e+02,3.327014e+06,,0.000000e+00,0.000000e+00
2013-12-12 00:17:41.000000,0.000000e+00,1.663795e+07,1.180497e+02,7.341017e+06,1.730961e+02,3.326990e+06,,0.000000e+00,0.000000e+00
2013-12-12 00:17:42.000000,0.000000e+00,1.663795e+07,1.180499e+02,7.341016e+06,1.730961e+02,3.326966e+06,,0.000000e+00,0.000000e+00
2013-12-12 00:17:43.000000,0.000000e+00,1.663795e+07,1.180500e+02,7.341014e+06,1.730961e+02,3.326942e+06,,0.000000e+00,0.000000e+00
2013-12-12 00:17:44.000000,0.000000e+00,1.663795e+07,1.180502e+02,7.341013e+06,1.730961e+02,3.326918e+06,,0.000000e+00,0.000000e+00
2013-12-12 00:17:45.000000,0.000000e+00,1.663795e+07,1.180503e+02,7.341011e+06,1.730961e+02,3.326895e+06,,0.000000e+00,0.000000e+00
2013-12-12 00:17:46.000000,0.000000e+00,1.663795e+07,1.180505e+02,7.341010e+06,1.730961e+02,3.326871e+06,,0.000000e+00,0.000000e+00
2013-12-12 00:17:47.000000,0.000000e+00,1.663795e+07,1.180507e+02,7.341008e+06,1.730961e+02,3.326847e+06,,0.000000e+00,0.000000e+00
2013-12-12 00:17:48.000000,0.000000e+00,1.663795e+07,1.180508e+02,7.341006e+06,1.730961e+02,3.326823e+06,,0.000000e+00,0.000000e+00
2013-12-12 00:17:49.000000,0.000000e+00,1.663795e+07,1.180510e+02,7.341005e+06,1.730961e+02,3.326799e+06,,0.000000e+00,0.000000e+00
2013-12-12 00:17:50.000000,0.000000e+00,1.663795e+07,1.180511e+02,7.341003e+06,1.730961e+02,3.326776e+06,,0.000000e+00,0.000000e+00
2013-12-12 00:17:51.000000,0.000000e+00,1.663795e+07,1.180513e+02,7.341002e+06,1.730961e+02,3.326752e+06,,0.000000e+00,0.000000e+00
2013-12-12 00:17:52.000000,0.000000e+00,1.663795e+07,1.180515e+02,7.341000e+06,1.730961e+02,3.326728e+06,,0.000000e+00,0.000000e+00
2013-12-12 00:17:53.000000,0.000000e+00,1.663795e+07,1.180516e+02,7.340999e+06,1.730961e+02,3.326704e+06,,0.000000e+00,0.000000e+00
2013-12-12 00:17:54.000000,0.000000e+00,1.663795e+07,1.180518e+02,7.340997e+06,1.730961e+02,3.326680e+06,,0.000000e+00,0.000000e+00
2013-12-12 00:17:55.000000,0.000000e+00,1.663795e+07,1.180520e+02,7.340996e+06,1.730961e+02,3.326657e+06,,0.000000e+00,0.000000e+00
2013-12-12 00:17:56.000000,0.000000e+00,1.663795e+07,1.180521e+02,7.340994e+06,1.730961e+02,3.326633e+06,,0.000000e+00,0.000000e+00
2013-12-12 00:17:57.000000,0.000000e+00,1.663795e+07,1.180523e+02,7.340993e+06,1.730961e+02,3.326609e+06,,0.000000e+00,0.000000e+00
2013-12-12 00:17:58.000000,0.000000e+00,1.663795e+07,1.180525e+02,7.340991e+06,1.730961e+02,3.326585e+06,,0.000000e+00,0.000000e+00
2013-12-12 00:17:59.000000,0.000000e+00,1.663795e+07,1.180526e+02,7.340990e+06,1.730961e+02,3.326561e+06,,0.000000e+00,0.000000e+00
2013-12-12 00:18:00.000000,0.000000e+00,1.663795e+07,1.180528e+02,7.340988e+06,1.730961e+02,3.326538e+06,,0.000000e+00,0.000000e+00
2013-12-12 00:18:01.000000,0.000000e+00,1.663795e+07,1.180529e+02,7.340987e+06,1.730961e+02,3.326514e+06,,0.000000e+00,0.000000e+00
2013-12-12 00:18:02.000000,0.000000e+00,1.663795e+07,1.180531e+02,7.340985e+06,1.730961e+02,3.326490e+06,,0.000000e+00,0.000000e+00
2013-12-12 00:18:03.000000,0.000000e+00,1.663795e+07,1.180533e+02,7.340984e+06,1.730961e+02,3.326466e+06,,0.000000e+00,0.000000e+00
2013-12-12 00:18:04.000000,0.000000e+00,1.663795e+07,1.180534e+02,7.340982e+06,1.730961e+02,3.326443e+06,,0.000000e+00,0.000000e+00
2013-12-12 00:18:05.000000,0.000000e+00,1.663795e+07,1.180536e+02,7.340981e+06,1.730961e+02,3.326419e+06,,0.000000e+00,0.000000e+00
2013-12-12 00:18:06.000000,0.000000e+00,1.663795e+07,1.180538e+02,7.340979e+06,1.730961e+02,3.326395e+06,,0.000000e+00,0.000000e+00
2013-12-12 00:18:07.000000,0.000000e+00,1.663795e+07,1.180539e+02,7.340977e+06,1.730961e+02,3.326371e+06,,0.000000e+00,0.000000e+00
2013-12-12 00:18:08.000000,0.000000e+00,1.663795e+07,1.180541e+02,7.340976e+06,1.730961e+02,3.326347e+06,,0.000000e+00,0.000000e+00
2013-12-12 00:18:09.000000,0.000000e+00,1.663795e+07,1.180542e+02,7.340974e+06,1.730961e+02,3.326324e+06,,0.000000e+00,0.000000e+00
2013-12-12 00:18:10.000000,0.000000e+00,1.663795e+07,1.180544e+02,7.340973e+06,1.730961e+02,3.326300e+06,,0.000000e+00,0.000000e+00
2013-12-12 00:18:11.000000,0.000000e+00,1.663795e+07,1.180546e+02,7.340971e+06,1.730961e+02,3.326276e+06,,0.000000e+00,0.000000e+00
2013-12-12 00:18:12.000000,0.000000e+00,1.663795e+07,1.180547e+02,7.340970e+06,1.730961e+02,3.326252e+06,,0.000000e+00,0.000000e+00
2013-12-12 00:18:13.000000,0.000000e+00,1.663795e+07,1.180549e+02,7.340968e+06,1.730961e+02,3.326228e+06,,0.000000e+00,0.000000e+00
2013-12-12 00:18:14.000000,0.000000e+00,1.663795e+07,1.180551e+02,7.340967e+06,1.730961e+02,3.326205e+06,,0.000000e+00,0.000000e+00
2013-12-12 00:18:15.000000,0.000000e+00,1.663795e+07,1.180552e+02,7.340965e+06,1.730961e+02,3.326181e+06,,0.000000e+00,0.000000e+00
2013-12-12 00:18:16.000000,0.000000e+00,1.663795e+07,1.180554e+02,7.340964e+06,1.730961e+02,3.326157e+06,,0.000000e+00,0.000000e+00
2013-12-12 00:18:17.000000,0.000000e+00,1.663795e+07,1.180555e+02,7.340962e+06,1.730961e+02,3.326133e+06,,0.000000e+00,0.000000e+00
2013-12-12 00:18:18.000000,0.000000e+00,1.663795e+07,1.180557e+02,7.340961e+06,1.730961e+02,3.326109e+06,,0.000000e+00,0.000000e+00
2013-12-12 00:18:19.000000,0.000000e+00,1.663795e+07,1.180559e+02,7.340959e+06,1.730961e+02,3.326086e+06,,0.000000e+00,0.000000e+00
2013-12-12 00:18:20.000000,0.000000e+00,1.663795e+07,1.180560e+02,7.340958e+06,1.730961e+02,3.326062e+06,,0.000000e+00,0.000000e+00
2013-12-12 00:18:21.000000,0.000000e+00,1.663795e+07,1.180562e+02,7.340956e+06,1.730961e+02,3.326038e+06,,0.000000e+00,0.000000e+00
2013-12-12 00:18:22.000000,0.000000e+00,1.663795e+07,1.180564e+02,7.340955e+06,1.730961e+02,3.326014e+06,,0.000000e+00,0.000000e+00
2013-12-12 00:18:23.000000,0.000000e+00,1.663795e+07,1.180565e+02,7.340953e+06,1.730961e+02,3.325990e+06,,0.000000e+00,0.000000e+00
2013-12-12 00:18:24.000000,0.000000e+00,1.663795e+07,1.180567e+02,7.340952e+06,1.730961e+02,3.325967e+06,,0.000000e+00,0.000000e+00
2013-12-12 00:18:25.000000,0.000000e+00,1.663795e+07,1.180568e+02,7.340950e+06,1.730961e+02,3.325943e+06,,0.000000e+00,0.000000e+00
2013-12-12 00:18:26.000000,0.000000e+00,1.663795e+07,1.180570e+02,7.340948e+06,1.730961e+02,3.325919e+06,,0.000000e+00,0.000000e+00
2013-12-12 00:18:27.000000,0.000000e+00,1.663795e+07,1.180572e+02,7.340947e+06,1.730961e+02,3.325895e+06,,0.000000e+00,0.000000e+00
2013-12-12 00:18:28.000000,0.000000e+00,1.663795e+07,1.180573e+02,7.340945e+06,1.730961e+02,3.325872e+06,,0.000000e+00,0.000000e+00
2013-12-12 00:18:29.000000,0.000000e+00,1.663795e+07,1.180575e+02,7.340944e+06,1.730961e+02,3.325848e+06,,0.000000e+00,0.000000e+00
2013-12-12 00:18:30.000000,0.000000e+00,1.663795e+07,1.180577e+02,7.340942e+06,1.730961e+02,3.325824e+06,,0.000000e+00,0.000000e+00
2013-12-12 00:18:31.000000,0.000000e+00,1.663795e+07,1.180578e+02,7.340941e+06,1.730961e+02,3.325800e+06,,0.000000e+00,0.000000e+00
2013-12-12 00:18:32.000000,0.000000e+00,1.663795e+07,1.180580e+02,7.340939e+06,1.730961e+02,3.325776e+06,,0.000000e+00,0.000000e+00
2013-12-12 00:18:33.000000,0.000000e+00,1.663795e+07,1.180582e+02,7.340939e+06,1.730961e+02,3.325753e+06,,0.000000e+00,0.000000e+00
2013-12-12 00:18:34.000000,0.000000e+00,1.663795e+07,1.180583e+02,7.340937e+06,1.730961e+02,3.325729e+06,,0.000000e+00,0.000000e+00
2013-12-12 00:18:35.000000,0.000000e+00,1.663795e+07,1.180585e+02,7.340936e+06,1.730961e+02,3.325705e+06,,0.000000e+00,0.000000e+00
2013-12-12 00:18:36.000000,0.000000e+00,1.663795e+07,1.180586e+02,7.340934e+06,1.730961e+02,3.325681e+06,,0.000000e+00,0.000000e+00
2013-12-12 00:18:37.000000,0.000000e+00,1.663795e+07,1.180588e+02,7.340932e+06,1.730961e+02,3.325657e+06,,0.000000e+00,0.000000e+00
2013-12-12 00:18:38.000000,0.000000e+00,1.663795e+07,1.180590e+02,7.340931e+06,1.730961e+02,3.325634e+06,,0.000000e+00,0.000000e+00
2013-12-12 00:18:39.000000,0.000000e+00,1.663795e+07,1.180591e+02,7.340929e+06,1.730961e+02,3.325610e+06,,0.000000e+00,0.000000e+00
2013-12-12 00:18:40.000000,0.000000e+00,1.663795e+07,1.180593e+02,7.340928e+06,1.730961e+02,3.325586e+06,,0.000000e+00,0.000000e+00
2013-12-12 00:18:41.000000,0.000000e+00,1.663795e+07,1.180594e+02,7.340926e+06,1.730961e+02,3.325562e+06,,0.000000e+00,0.000000e+00
2013-12-12 00:18:42.000000,0.000000e+00,1.663795e+07,1.180596e+02,7.340925e+06,1.730961e+02,3.325538e+06,,0.000000e+00,0.000000e+00
2013-12-12 00:18:43.000000,0.000000e+00,1.663795e+07,1.180598e+02,7.340923e+06,1.730961e+02,3.325515e+06,,0.000000e+00,0.000000e+00
2013-12-12 00:18:44.000000,0.000000e+00,1.663795e+07,1.180599e+02,7.340922e+06,1.730961e+02,3.325491e+06,,0.000000e+00,0.000000e+00
2013-12-12 00:18:45.000000,0.000000e+00,1.663795e+07,1.180601e+02,7.340920e+06,1.730961e+02,3.325467e+06,,0.000000e+00,0.000000e+00
2013-12-12 00:18:46.000000,0.000000e+00,1.663795e+07,1.180603e+02,7.340919e+06,1.730961e+02,3.325443e+06,,0.000000e+00,0.000000e+00
2013-12-12 00:18:47.000000,0.000000e+00,1.663795e+07,1.180604e+02,7.340917e+06,1.730961e+02,3.325419e+06,,0.000000e+00,0.000000e+00
2013-12-12 00:18:48.000000,0.000000e+00,1.663795e+07,1.180606e+02,7.340916e+06,1.730961e+02,3.325396e+06,,0.000000e+00,0.000000e+00
2013-12-12 00:18:49.000000,0.000000e+00,1.663795e+07,1.180608e+02,7.340914e+06,1.730961e+02,3.325372e+06,,0.000000e+00,0.000000e+00
2013-12-12 00:18:50.000000,0.000000e+00,1.663795e+07,1.180609e+02,7.340913e+06,1.730961e+02,3.325348e+06,,0.000000e+00,0.000000e+00
2013-12-12 00:18:51.000000,0.000000e+00,1.663795e+07,1.180611e+02,7.340911e+06,1.730961e+02,3.325324e+06,,0.000000e+00,0.000000e+00
2013-12-12 00:18:52.000000,0.000000e+00,1.663795e+07,1.180612e+02,7.340910e+06,1.730961e+02,3.325300e+06,,0.000000e+00,0.000000e+00
2013-12-12 00:18:53.000000,0.000000e+00,1.663795e+07,1.180614e+02,7.340908e+06,1.730961e+02,3.325277e+06,,0.000000e+00,0.000000e+00
2013-12-12 00:18:54.000000,0.000000e+00,1.663795e+07,1.180616e+02,7.340907e+06,1.730961e+02,3.325253e+06,,0.000000e+00,0.000000e+00
2013-12-12 00:18:55.000000,0.000000e+00,1.663795e+07,1.180617e+02,7.340905e+06,1.730961e+02,3.325229e+06,,0.000000e+00,0.000000e+00
2013-12-12 00:18:56.000000,0.000000e+00,1.663795e+07,1.180619e+02,7.340903e+06,1.730961e+02,3.325205e+06,,0.000000e+00,0.000000e+00
2013-12-12 00:18:57.000000,0.000000e+00,1.663795e+07,1.180621e+02,7.340902e+06,1.730961e+02,3.325182e+06,,0.000000e+00,0.000000e+00
2013-12-12 00:18:58.000000,0.000000e+00,1.663795e+07,1.180622e+02,7.340900e+06,1.730961e+02,3.325158e+06,,0.000000e+00,0.000000e+00
2013-12-12 00:18:59.000000,0.000000e+00,1.663795e+07,1.180624e+02,7.340899e+06,1.730961e+02,3.325134e+06,,0.000000e+00,0.000000e+00
2013-12-12 00:19:00.000000,0.000000e+00,1.663795e+07,1.180625e+02,7.340897e+06,1.730961e+02,3.325110e+06,,0.000000e+00,0.000000e+00
2013-12-12 00:19:01.000000,0.000000e+00,1.663795e+07,1.180627e+02,7.340896e+06,1.730961e+02,3.325086e+06,,0.000000e+00,0.000000e+00
2013-12-12 00:19:02.000000,0.000000e+00,1.663795e+07,1.180629e+02,7.340894e+06,1.730961e+02,3.325063e+06,,0.000000e+00,0.000000e+00
2013-12-12 00:19:03.000000,0.000000e+00,1.663795e+07,1.180630e+02,7.340893e+06,1.730961e+02,3.325039e+06,,0.000000e+00,0.000000e+00
2013-12-12 00:19:04.000000,0.000000e+00,1.663795e+07,1.180632e+02,7.340891e+06,1.730961e+02,3.325015e+06,,0.000000e+00,0.000000e+00
2013-12-12 00:19:05.000000,0.000000e+00,1.663795e+07,1.180634e+02,7.340890e+06,1.730961e+02,3.324991e+06,,0.000000e+00,0.000000e+00
2013-12-12 00:19:06.000000,0.000000e+00,1.663795e+07,1.180635e+02,7.340888e+06,1.730961e+02,3.324967e+06,,0.000000e+00,0.000000e+00
2013-12-12 00:19:07.000000,0.000000e+00,1.663795e+07,1.180637e+02,7.340887e+06,1.730961e+02,3.324944e+06,,0.000000e+00,0.000000e+00
2013-12-12 00:19:08.000000,0.000000e+00,1.663795e+07,1.180638e+02,7.340885e+06,1.730961e+02,3.324920e+06,,0.000000e+00,0.000000e+00
2013-12-12 00:19:09.000000,0.000000e+00,1.663795e+07,1.180640e+02,7.340884e+06,1.730961e+02,3.324896e+06,,0.000000e+00,0.000000e+00
2013-12-12 00:19:10.000000,0.000000e+00,1.663795e+07,1.180642e+02,7.340882e+06,1.730961e+02,3.324872e+06,,0.000000e+00,0.000000e+00
2013-12-12 00:19:11.000000,0.000000e+00,1.663795e+07,1.180643e+02,7.340881e+06,1.730961e+02,3.324848e+06,,0.000000e+00,0.000000e+00
2013-12-12 00:19:12.000000,0.000000e+00,1.663795e+07,1.180645e+02,7.340879e+06,1.730961e+02,3.324825e+06,,0.000000e+00,0.000000e+00
2013-12-12 00:19:13.000000,0.000000e+00,1.663795e+07,1.180647e+02,7.340878e+06,1.730961e+02,3.324801e+06,,0.000000e+00,0.000000e+00
2013-12-12 00:19:14.000000,0.000000e+00,1.663795e+07,1.180648e+02,7.340876e+06,1.730961e+02,3.324777e+06,,0.000000e+00,0.000000e+00
2013-12-12 00:19:15.000000,0.000000e+00,1.663795e+07,1.180650e+02,7.340874e+06,1.730961e+02,3.324753e+06,,0.000000e+00,0.000000e+00
2013-12-12 00:19:16.000000,0.000000e+00,1.663795e+07,1.180651e+02,7.340873e+06,1.730961e+02,3.324729e+06,,0.000000e+00,0.000000e+00
2013-12-12 00:19:17.000000,0.000000e+00,1.663795e+07,1.180653e+02,7.340871e+06,1.730961e+02,3.324706e+06,,0.000000e+00,0.000000e+00
2013-12-12 00:19:18.000000,0.000000e+00,1.663795e+07,1.180655e+02,7.340870e+06,1.730961e+02,3.324682e+06,,0.000000e+00,0.000000e+00
2013-12-12 00:19:19.000000,0.000000e+00,1.663795e+07,1.180656e+02,7.340868e+06,1.730961e+02,3.324658e+06,,0.000000e+00,0.000000e+00
2013-12-12 00:19:20.000000,0.000000e+00,1.663795e+07,1.180658e+02,7.340867e+06,1.730961e+02,3.324634e+06,,0.000000e+00,0.000000e+00
2013-12-12 00:19:21.000000,0.000000e+00,1.663795e+07,1.180660e+02,7.340865e+06,1.730961e+02,3.324611e+06,,0.000000e+00,0.000000e+00
2013-12-12 00:19:22.000000,0.000000e+00,1.663795e+07,1.180661e+02,7.340864e+06,1.730961e+02,3.324586e+06,,0.000000e+00,0.000000e+00
2013-12-12 00:19:23.000000,0.000000e+00,1.663795e+07,1.180663e+02,7.340862e+06,1.730961e+02,3.324563e+06,,0.000000e+00,0.000000e+00
2013-12-12 00:19:24.000000,0.000000e+00,1.663795e+07,1.180665e+02,7.340861e+06,1.730961e+02,3.324539e+06,,0.000000e+00,0.000000e+00
2013-12-12 00:19:25.000000,0.000000e+00,1.663795e+07,1.180666e+02,7.340859e+06,1.730961e+02,3.324515e+06,,0.000000e+00,0.000000e+00
2013-12-12 00:19:26.000000,0.000000e+00,1.663795e+07,1.180668e+02,7.340858e+06,1.730961e+02,3.324492e+06,,0.000000e+00,0.000000e+00
2013-12-12 00:19:27.000000,0.000000e+00,1.663795e+07,1.180669e+02,7.340857e+06,1.730961e+02,3.324467e+06,,0.000000e+00,0.000000e+00
2013-12-12 00:19:28.000000,0.000000e+00,1.663795e+07,1.180671e+02,7.340855e+06,1.730961e+02,3.324444e+06,,0.000000e+00,0.000000e+00
2013-12-12 00:19:29.000000,0.000000e+00,1.663795e+07,1.180673e+02,7.340854e+06,1.730961e+02,3.324420e+06,,0.000000e+00,0.000000e+00
2013-12-12 00:19:30.000000,0.000000e+00,1.663795e+07,1.180674e+02,7.340852e+06,1.730961e+02,3.324396e+06,,0.000000e+00,0.000000e+00
2013-12-12 00:19:31.000000,0.000000e+00,1.663795e+07,1.180676e+02,7.340851e+06,1.730961e+02,3.324372e+06,,0.000000e+00,0.000000e+00
2013-12-12 00:19:32.000000,0.000000e+00,1.663795e+07,1.180677e+02,7.340849e+06,1.730961e+02,3.324348e+06,,0.000000e+00,0.000000e+00
2013-12-12 00:19:33.000000,0.000000e+00,1.663795e+07,1.180679e+02,7.340848e+06,1.730961e+02,3.324325e+06,,0.000000e+00,0.000000e+00
2013-12-12 00:19:34.000000,0.000000e+00,1.663795e+07,1.180681e+02,7.340846e+06,1.730961e+02,3.324301e+06,,0.000000e+00,0.000000e+00
2013-12-12 00:19:35.000000,0.000000e+00,1.663795e+07,1.180682e+02,7.340845e+06,1.730961e+02,3.324277e+06,,0.000000e+00,0.000000e+00
2013-12-12 00:19:36.000000,0.000000e+00,1.663795e+07,1.180684e+02,7.340843e+06,1.730961e+02,3.324253e+06,,0.000000e+00,0.000000e+00
2013-12-12 00:19:37.000000,0.000000e+00,1.663795e+07,1.180686e+02,7.340842e+06,1.730961e+02,3.324230e+06,,0.000000e+00,0.000000e+00
2013-12-12 00:19:38.000000,0.000000e+00,1.663795e+07,1.180687e+02,7.340840e+06,1.730961e+02,3.324206e+06,,0.000000e+00,0.000000e+00
2013-12-12 00:19:39.000000,0.000000e+00,1.663795e+07,1.180689e+02,7.340839e+06,1.730961e+02,3.324182e+06,,0.000000e+00,0.000000e+00
2013-12-12 00:19:40.000000,0.000000e+00,1.663795e+07,1.180691e+02,7.340837e+06,1.730961e+02,3.324158e+06,,0.000000e+00,0.000000e+00
2013-12-12 00:19:41.000000,0.000000e+00,1.663795e+07,1.180692e+02,7.340836e+06,1.730961e+02,3.324134e+06,,0.000000e+00,0.000000e+00
2013-12-12 00:19:42.000000,0.000000e+00,1.663795e+07,1.180694e+02,7.340834e+06,1.730961e+02,3.324111e+06,,0.000000e+00,0.000000e+00
2013-12-12 00:19:43.000000,0.000000e+00,1.663795e+07,1.180695e+02,7.340833e+06,1.730961e+02,3.324087e+06,,0.000000e+00,0.000000e+00
2013-12-12 00:19:44.000000,0.000000e+00,1.663795e+07,1.180697e+02,7.340831e+06,1.730961e+02,3.324063e+06,,0.000000e+00,0.000000e+00
2013-12-12 00:19:45.000000,0.000000e+00,1.663795e+07,1.180699e+02,7.340829e+06,1.730961e+02,3.324039e+06,,0.000000e+00,0.000000e+00
2013-12-12 00:19:46.000000,0.000000e+00,1.663795e+07,1.180700e+02,7.340828e+06,1.730961e+02,3.324015e+06,,0.000000e+00,0.000000e+00
2013-12-12 00:19:47.000000,0.000000e+00,1.663795e+07,1.180702e+02,7.340826e+06,1.730961e+02,3.323992e+06,,0.000000e+00,0.000000e+00
2013-12-12 00:19:48.000000,0.000000e+00,1.663795e+07,1.180704e+02,7.340825e+06,1.730961e+02,3.323968e+06,,0.000000e+00,0.000000e+00
2013-12-12 00:19:49.000000,0.000000e+00,1.663795e+07,1.180705e+02,7.340823e+06,1.730961e+02,3.323944e+06,,0.000000e+00,0.000000e+00
2013-12-12 00:19:50.000000,0.000000e+00,1.663795e+07,1.180707e+02,7.340822e+06,1.730961e+02,3.323920e+06,,0.000000e+00,0.000000e+00
2013-12-12 00:19:51.000000,0.000000e+00,1.663795e+07,1.180708e+02,7.340820e+06,1.730961e+02,3.323896e+06,,0.000000e+00,0.000000e+00
2013-12-12 00:19:52.000000,0.000000e+00,1.663795e+07,1.180710e+02,7.340819e+06,1.730961e+02,3.323873e+06,,0.000000e+00,0.000000e+00
2013-12-12 00:19:53.000000,0.000000e+00,1.663795e+07,1.180712e+02,7.340817e+06,1.730961e+02,3.323849e+06,,0.000000e+00,0.000000e+00
2013-12-12 00:19:54.000000,0.000000e+00,1.663795e+07,1.180713e+02,7.340816e+06,1.730961e+02,3.323825e+06,,0.000000e+00,0.000000e+00
2013-12-12 00:19:55.000000,0.000000e+00,1.663795e+07,1.180715e+02,7.340814e+06,1.730961e+02,3.323801e+06,,0.000000e+00,0.000000e+00
2013-12-12 00:19:56.000000,0.000000e+00,1.663795e+07,1.180717e+02,7.340813e+06,1.730961e+02,3.323777e+06,,0.000000e+00,0.000000e+00
2013-12-12 00:19:57.000000,0.000000e+00,1.663795e+07,1.180718e+02,7.340811e+06,1.730961e+02,3.323754e+06,,0.000000e+00,0.000000e+00
2013-12-12 00:19:58.000000,0.000000e+00,1.663795e+07,1.180720e+02,7.340810e+06,1.730961e+02,3.323730e+06,,0.000000e+00,0.000000e+00
2013-12-12 00:19:59.000000,0.000000e+00,1.663795e+07,1.180721e+02,7.340808e+06,1.730961e+02,3.323706e+06,,0.000000e+00,0.000000e+00
2013-12-12 00:20:00.000000,0.000000e+00,1.663795e+07,1.180723e+02,7.340807e+06,1.730961e+02,3.323682e+06,,0.000000e+00,0.000000e+00
2013-12-12 00:20:01.000000,0.000000e+00,1.663795e+07,1.180725e+02,7.340805e+06,1.730961e+02,3.323659e+06,,0.000000e+00,0.000000e+00
2013-12-12 00:20:02.000000,0.000000e+00,1.663795e+07,1.180726e+02,7.340804e+06,1.730961e+02,3.323635e+06,,0.000000e+00,0.000000e+00
2013-12-12 00:20:03.000000,0.000000e+00,1.663795e+07,1.180728e+02,7.340802e+06,1.730961e+02,3.323611e+06,,0.000000e+00,0.000000e+00
2013-12-12 00:20:04.000000,0.000000e+00,1.663795e+07,1.180730e+02,7.340800e+06,1.730961e+02,3.323587e+06,,0.000000e+00,0.000000e+00
2013-12-12 00:20:05.000000,0.000000e+00,1.663795e+07,1.180731e+02,7.340799e+06,1.730961e+02,3.323563e+06,,0.000000e+00,0.000000e+00
2013-12-12 00:20:06.000000,0.000000e+00,1.663795e+07,1.180733e+02,7.340797e+06,1.730961e+02,3.323540e+06,,0.000000e+00,0.000000e+00
2013-12-12 00:20:07.000000,0.000000e+00,1.663795e+07,1.180734e+02,7.340796e+06,1.730961e+02,3.323516e+06,,0.000000e+00,0.000000e+00
2013-12-12 00:20:08.000000,0.000000e+00,1.663795e+07,1.180736e+02,7.340794e+06,1.730961e+02,3.323492e+06,,0.000000e+00,0.000000e+00
2013-12-12 00:20:09.000000,0.000000e+00,1.663795e+07,1.180738e+02,7.340793e+06,1.730961e+02,3.323468e+06,,0.000000e+00,0.000000e+00
2013-12-12 00:20:10.000000,0.000000e+00,1.663795e+07,1.180739e+02,7.340791e+06,1.730961e+02,3.323444e+06,,0.000000e+00,0.000000e+00
2013-12-12 00:20:11.000000,0.000000e+00,1.663795e+07,1.180741e+02,7.340790e+06,1.730961e+02,3.323421e+06,,0.000000e+00,0.000000e+00
2013-12-12 00:20:12.000000,0.000000e+00,1.663795e+07,1.180743e+02,7.340788e+06,1.730961e+02,3.323397e+06,,0.000000e+00,0.000000e+00
2013-12-12 00:20:13.000000,0.000000e+00,1.663795e+07,1.180744e+02,7.340787e+06,1.730961e+02,3.323373e+06,,0.000000e+00,0.000000e+00
2013-12-12 00:20:14.000000,0.000000e+00,1.663795e+07,1.180746e+02,7.340785e+06,1.730961e+02,3.323349e+06,,0.000000e+00,0.000000e+00
2013-12-12 00:20:15.000000,0.000000e+00,1.663795e+07,1.180748e+02,7.340784e+06,1.730961e+02,3.323325e+06,,0.000000e+00,0.000000e+00
2013-12-12 00:20:16.000000,0.000000e+00,1.663795e+07,1.180749e+02,7.340782e+06,1.730961e+02,3.323302e+06,,0.000000e+00,0.000000e+00
2013-12-12 00:20:17.000000,0.000000e+00,1.663795e+07,1.180751e+02,7.340781e+06,1.730961e+02,3.323278e+06,,0.000000e+00,0.000000e+00
2013-12-12 00:20:18.000000,0.000000e+00,1.663795e+07,1.180752e+02,7.340779e+06,1.730961e+02,3.323254e+06,,0.000000e+00,0.000000e+00
2013-12-12 00:20:19.000000,0.000000e+00,1.663795e+07,1.180754e+02,7.340778e+06,1.730961e+02,3.323230e+06,,0.000000e+00,0.000000e+00
2013-12-12 00:20:20.000000,0.000000e+00,1.663795e+07,1.180756e+02,7.340777e+06,1.730961e+02,3.323206e+06,,0.000000e+00,0.000000e+00
2013-12-12 00:20:21.000000,0.000000e+00,1.663795e+07,1.180757e+02,7.340775e+06,1.730961e+02,3.323183e+06,,0.000000e+00,0.000000e+00
2013-12-12 00:20:22.000000,0.000000e+00,1.663795e+07,1.180759e+02,7.340774e+06,1.730961e+02,3.323159e+06,,0.000000e+00,0.000000e+00
2013-12-12 00:20:23.000000,0.000000e+00,1.663795e+07,1.180760e+02,7.340772e+06,1.730961e+02,3.323135e+06,,0.000000e+00,0.000000e+00
2013-12-12 00:20:24.000000,0.000000e+00,1.663795e+07,1.180762e+02,7.340771e+06,1.730961e+02,3.323111e+06,,0.000000e+00,0.000000e+00
2013-12-12 00:20:25.000000,0.000000e+00,1.663795e+07,1.180764e+02,7.340769e+06,1.730961e+02,3.323087e+06,,0.000000e+00,0.000000e+00
2013-12-12 00:20:26.000000,0.000000e+00,1.663795e+07,1.180765e+02,7.340768e+06,1.730961e+02,3.323064e+06,,0.000000e+00,0.000000e+00
2013-12-12 00:20:27.000000,0.000000e+00,1.663795e+07,1.180767e+02,7.340766e+06,1.730961e+02,3.323040e+06,,0.000000e+00,0.000000e+00
2013-12-12 00:20:28.000000,0.000000e+00,1.663795e+07,1.180769e+02,7.340765e+06,1.730961e+02,3.323016e+06,,0.000000e+00,0.000000e+00
2013-12-12 00:20:29.000000,0.000000e+00,1.663795e+07,1.180770e+02,7.340763e+06,1.730961e+02,3.322992e+06,,0.000000e+00,0.000000e+00
2013-12-12 00:20:30.000000,0.000000e+00,1.663795e+07,1.180772e+02,7.340762e+06,1.730961e+02,3.322969e+06,,0.000000e+00,0.000000e+00
2013-12-12 00:20:31.000000,0.000000e+00,1.663795e+07,1.180774e+02,7.340760e+06,1.730961e+02,3.322945e+06,,0.000000e+00,0.000000e+00
2013-12-12 00:20:32.000000,0.000000e+00,1.663795e+07,1.180775e+02,7.340759e+06,1.730961e+02,3.322921e+06,,0.000000e+00,0.000000e+00
2013-12-12 00:20:33.000000,0.000000e+00,1.663795e+07,1.180777e+02,7.340757e+06,1.730961e+02,3.322897e+06,,0.000000e+00,0.000000e+00
2013-12-12 00:20:34.000000,0.000000e+00,1.663795e+07,1.180778e+02,7.340755e+06,1.730961e+02,3.322873e+06,,0.000000e+00,0.000000e+00
2013-12-12 00:20:35.000000,0.000000e+00,1.663795e+07,1.180780e+02,7.340754e+06,1.730961e+02,3.322850e+06,,0.000000e+00,0.000000e+00
2013-12-12 00:20:36.000000,0.000000e+00,1.663795e+07,1.180782e+02,7.340752e+06,1.730961e+02,3.322826e+06,,0.000000e+00,0.000000e+00
2013-12-12 00:20:37.000000,0.000000e+00,1.663795e+07,1.180783e+02,7.340751e+06,1.730961e+02,3.322802e+06,,0.000000e+00,0.000000e+00
2013-12-12 00:20:38.000000,0.000000e+00,1.663795e+07,1.180785e+02,7.340749e+06,1.730961e+02,3.322778e+06,,0.000000e+00,0.000000e+00
2013-12-12 00:20:39.000000,0.000000e+00,1.663795e+07,1.180787e+02,7.340748e+06,1.730961e+02,3.322754e+06,,0.000000e+00,0.000000e+00
2013-12-12 00:20:40.000000,0.000000e+00,1.663795e+07,1.180788e+02,7.340746e+06,1.730961e+02,3.322731e+06,,0.000000e+00,0.000000e+00
2013-12-12 00:20:41.000000,0.000000e+00,1.663795e+07,1.180790e+02,7.340745e+06,1.730961e+02,3.322707e+06,,0.000000e+00,0.000000e+00
2013-12-12 00:20:42.000000,0.000000e+00,1.663795e+07,1.180791e+02,7.340743e+06,1.730961e+02,3.322683e+06,,0.000000e+00,0.000000e+00
2013-12-12 00:20:43.000000,0.000000e+00,1.663795e+07,1.180793e+02,7.340742e+06,1.730961e+02,3.322659e+06,,0.000000e+00,0.000000e+00
2013-12-12 00:20:44.000000,0.000000e+00,1.663795e+07,1.180795e+02,7.340740e+06,1.730961e+02,3.322635e+06,,0.000000e+00,0.000000e+00
2013-12-12 00:20:45.000000,0.000000e+00,1.663795e+07,1.180796e+02,7.340739e+06,1.730961e+02,3.322612e+06,,0.000000e+00,0.000000e+00
2013-12-12 00:20:46.000000,0.000000e+00,1.663795e+07,1.180798e+02,7.340737e+06,1.730961e+02,3.322588e+06,,0.000000e+00,0.000000e+00
2013-12-12 00:20:47.000000,0.000000e+00,1.663795e+07,1.180800e+02,7.340736e+06,1.730961e+02,3.322564e+06,,0.000000e+00,0.000000e+00
2013-12-12 00:20:48.000000,0.000000e+00,1.663795e+07,1.180801e+02,7.340734e+06,1.730961e+02,3.322540e+06,,0.000000e+00,0.000000e+00
2013-12-12 00:20:49.000000,0.000000e+00,1.663795e+07,1.180803e+02,7.340733e+06,1.730961e+02,3.322516e+06,,0.000000e+00,0.000000e+00
2013-12-12 00:20:50.000000,0.000000e+00,1.663795e+07,1.180804e+02,7.340731e+06,1.730961e+02,3.322493e+06,,0.000000e+00,0.000000e+00
2013-12-12 00:20:51.000000,0.000000e+00,1.663795e+07,1.180806e+02,7.340730e+06,1.730961e+02,3.322469e+06,,0.000000e+00,0.000000e+00
2013-12-12 00:20:52.000000,0.000000e+00,1.663795e+07,1.180808e+02,7.340728e+06,1.730961e+02,3.322445e+06,,0.000000e+00,0.000000e+00
2013-12-12 00:20:53.000000,0.000000e+00,1.663795e+07,1.180809e+02,7.340726e+06,1.730961e+02,3.322421e+06,,0.000000e+00,0.000000e+00
2013-12-12 00:20:54.000000,0.000000e+00,1.663795e+07,1.180811e+02,7.340725e+06,1.730961e+02,3.322398e+06,,0.000000e+00,0.000000e+00
2013-12-12 00:20:55.000000,0.000000e+00,1.663795e+07,1.180813e+02,7.340723e+06,1.730961e+02,3.322374e+06,,0.000000e+00,0.000000e+00
2013-12-12 00:20:56.000000,0.000000e+00,1.663795e+07,1.180814e+02,7.340722e+06,1.730961e+02,3.322350e+06,,0.000000e+00,0.000000e+00
2013-12-12 00:20:57.000000,0.000000e+00,1.663795e+07,1.180816e+02,7.340720e+06,1.730961e+02,3.322326e+06,,0.000000e+00,0.000000e+00
2013-12-12 00:20:58.000000,0.000000e+00,1.663795e+07,1.180817e+02,7.340719e+06,1.730961e+02,3.322302e+06,,0.000000e+00,0.000000e+00
2013-12-12 00:20:59.000000,0.000000e+00,1.663795e+07,1.180819e+02,7.340717e+06,1.730961e+02,3.322279e+06,,0.000000e+00,0.000000e+00
2013-12-12 00:21:00.000000,0.000000e+00,1.663795e+07,1.180821e+02,7.340716e+06,1.730961e+02,3.322255e+06,,0.000000e+00,0.000000e+00
2013-12-12 00:21:01.000000,0.000000e+00,1.663795e+07,1.180822e+02,7.340714e+06,1.730961e+02,3.322231e+06,,0.000000e+00,0.000000e+00
2013-12-12 00:21:02.000000,0.000000e+00,1.663795e+07,1.180824e+02,7.340713e+06,1.730961e+02,3.322207e+06,,0.000000e+00,0.000000e+00
2013-12-12 00:21:03.000000,0.000000e+00,1.663795e+07,1.180826e+02,7.340711e+06,1.730961e+02,3.322183e+06,,0.000000e+00,0.000000e+00
2013-12-12 00:21:04.000000,0.000000e+00,1.663795e+07,1.180827e+02,7.340710e+06,1.730961e+02,3.322160e+06,,0.000000e+00,0.000000e+00
2013-12-12 00:21:05.000000,0.000000e+00,1.663795e+07,1.180821e+02,7.340708e+06,1.730961e+02,3.322136e+06,,0.000000e+00,0.000000e+00
2013-12-12 00:21:06.000000,0.000000e+00,1.663795e+07,1.180814e+02,7.340707e+06,1.730961e+02,3.322112e+06,,0.000000e+00,0.000000e+00
2013-12-12 00:21:07.000000,0.000000e+00,1.663795e+07,1.180807e+02,7.340705e+06,1.730961e+02,3.322088e+06,,0.000000e+00,0.000000e+00
2013-12-12 00:21:08.000000,0.000000e+00,1.663795e+07,1.180801e+02,7.340704e+06,1.730961e+02,3.322064e+06,,0.000000e+00,0.000000e+00
2013-12-12 00:21:09.000000,0.000000e+00,1.663795e+07,1.180794e+02,7.340702e+06,1.730961e+02,3.322041e+06,,0.000000e+00,0.000000e+00
2013-12-12 00:21:10.000000,0.000000e+00,1.663795e+07,1.180788e+02,7.340701e+06,1.730961e+02,3.322017e+06,,0.000000e+00,0.000000e+00
2013-12-12 00:21:11.000000,0.000000e+00,1.663795e+07,1.180781e+02,7.340699e+06,1.730961e+02,3.321993e+06,,0.000000e+00,0.000000e+00
2013-12-12 00:21:12.000000,0.000000e+00,1.663795e+07,1.180774e+02,7.340697e+06,1.730961e+02,3.321969e+06,,0.000000e+00,0.000000e+00
2013-12-12 00:21:13.000000,0.000000e+00,1.663795e+07,1.180768e+02,7.340697e+06,1.730961e+02,3.321945e+06,,0.000000e+00,0.000000e+00
2013-12-12 00:21:14.000000,0.000000e+00,1.663795e+07,1.180761e+02,7.340695e+06,1.730961e+02,3.321922e+06,,0.000000e+00,0.000000e+00
2013-12-12 00:21:15.000000,0.000000e+00,1.663795e+07,1.180754e+02,7.340694e+06,1.730961e+02,3.321898e+06,,0.000000e+00,0.000000e+00
2013-12-12 00:21:16.000000,0.000000e+00,1.663795e+07,1.180748e+02,7.340692e+06,1.730961e+02,3.321874e+06,,0.000000e+00,0.000000e+00
2013-12-12 00:21:17.000000,0.000000e+00,1.663795e+07,1.180741e+02,7.340691e+06,1.730961e+02,3.321850e+06,,0.000000e+00,0.000000e+00
2013-12-12 00:21:18.000000,0.000000e+00,1.663795e+07,1.180735e+02,7.340689e+06,1.730961e+02,3.321827e+06,,0.000000e+00,0.000000e+00
2013-12-12 00:21:19.000000,0.000000e+00,1.663795e+07,1.180728e+02,7.340688e+06,1.730961e+02,3.321803e+06,,0.000000e+00,0.000000e+00
2013-12-12 00:21:20.000000,0.000000e+00,1.663795e+07,1.180721e+02,7.340686e+06,1.730961e+02,3.321779e+06,,0.000000e+00,0.000000e+00
2013-12-12 00:21:21.000000,0.000000e+00,1.663795e+07,1.180715e+02,7.340685e+06,1.730961e+02,3.321755e+06,,0.000000e+00,0.000000e+00
2013-12-12 00:21:22.000000,0.000000e+00,1.663795e+07,1.180708e+02,7.340683e+06,1.730961e+02,3.321731e+06,,0.000000e+00,0.000000e+00
2013-12-12 00:21:23.000000,0.000000e+00,1.663795e+07,1.180701e+02,7.340681e+06,1.730961e+02,3.321708e+06,,0.000000e+00,0.000000e+00
2013-12-12 00:21:24.000000,0.000000e+00,1.663795e+07,1.180695e+02,7.340680e+06,1.730961e+02,3.321684e+06,,0.000000e+00,0.000000e+00
2013-12-12 00:21:25.000000,0.000000e+00,1.663795e+07,1.180688e+02,7.340678e+06,1.730961e+02,3.321660e+06,,0.000000e+00,0.000000e+00
2013-12-12 00:21:26.000000,0.000000e+00,1.663795e+07,1.180682e+02,7.340677e+06,1.730961e+02,3.321636e+06,,0.000000e+00,0.000000e+00
2013-12-12 00:21:27.000000,0.000000e+00,1.663795e+07,1.180675e+02,7.340675e+06,1.730961e+02,3.321612e+06,,0.000000e+00,0.000000e+00
2013-12-12 00:21:28.000000,0.000000e+00,1.663795e+07,1.180668e+02,7.340674e+06,1.730961e+02,3.321589e+06,,0.000000e+00,0.000000e+00
2013-12-12 00:21:29.000000,0.000000e+00,1.663795e+07,1.180662e+02,7.340672e+06,1.730961e+02,3.321564e+06,,0.000000e+00,0.000000e+00
2013-12-12 00:21:30.000000,0.000000e+00,1.663795e+07,1.180655e+02,7.340671e+06,1.730961e+02,3.321541e+06,,0.000000e+00,0.000000e+00
2013-12-12 00:21:31.000000,0.000000e+00,1.663795e+07,1.180648e+02,7.340669e+06,1.730961e+02,3.321517e+06,,0.000000e+00,0.000000e+00
2013-12-12 00:21:32.000000,0.000000e+00,1.663795e+07,1.180642e+02,7.340668e+06,1.730961e+02,3.321493e+06,,0.000000e+00,0.000000e+00
2013-12-12 00:21:33.000000,0.000000e+00,1.663795e+07,1.180635e+02,7.340666e+06,1.730961e+02,3.321469e+06,,0.000000e+00,0.000000e+00
2013-12-12 00:21:34.000000,0.000000e+00,1.663795e+07,1.180629e+02,7.340665e+06,1.730961e+02,3.321445e+06,,0.000000e+00,0.000000e+00
2013-12-12 00:21:35.000000,0.000000e+00,1.663804e+07,1.180622e+02,7.340663e+06,1.730961e+02,3.321422e+06,,0.000000e+00,0.000000e+00
2013-12-12 00:21:36.000000,0.000000e+00,1.663813e+07,1.180615e+02,7.340662e+06,1.730961e+02,3.321398e+06,,0.000000e+00,0.000000e+00
2013-12-12 00:21:37.000000,0.000000e+00,1.663822e+07,1.180609e+02,7.340660e+06,1.730961e+02,3.321374e+06,,0.000000e+00,0.000000e+00
2013-12-12 00:21:38.000000,0.000000e+00,1.663831e+07,1.180602e+02,7.340659e+06,1.730961e+02,3.321350e+06,,0.000000e+00,0.000000e+00
2013-12-12 00:21:39.000000,0.000000e+00,1.663840e+07,1.180596e+02,7.340657e+06,1.730961e+02,3.321327e+06,,0.000000e+00,0.000000e+00
2013-12-12 00:21:40.000000,0.000000e+00,1.663849e+07,1.180589e+02,7.339495e+06,1.730961e+02,3.321303e+06,,0.000000e+00,0.000000e+00
2013-12-12 00:21:41.000000,0.000000e+00,1.663858e+07,1.180582e+02,7.338333e+06,1.730961e+02,3.321279e+06,,0.000000e+00,0.000000e+00
2013-12-12 00:21:42.000000,0.000000e+00,1.663867e+07,1.180576e+02,7.337170e+06,1.730961e+02,3.321255e+06,,0.000000e+00,0.000000e+00
2013-12-12 00:21:43.000000,0.000000e+00,1.663876e+07,1.180569e+02,7.336008e+06,1.730961e+02,3.321231e+06,,0.000000e+00,0.000000e+00
2013-12-12 00:21:44.000000,0.000000e+00,1.663886e+07,1.180562e+02,7.334846e+06,1.730961e+02,3.321208e+06,,0.000000e+00,0.000000e+00
2013-12-12 00:21:45.000000,0.000000e+00,1.663895e+07,1.180556e+02,7.333685e+06,1.730961e+02,3.321184e+06,,0.000000e+00,0.000000e+00
2013-12-12 00:21:46.000000,0.000000e+00,1.663904e+07,1.180549e+02,7.332523e+06,1.730961e+02,3.321160e+06,,0.000000e+00,0.000000e+00
2013-12-12 00:21:47.000000,0.000000e+00,1.663913e+07,1.180543e+02,7.331360e+06,1.730961e+02,3.321136e+06,,0.000000e+00,0.000000e+00
2013-12-12 00:21:48.000000,0.000000e+00,1.663922e+07,1.180536e+02,7.330198e+06,1.730961e+02,3.321112e+06,,0.000000e+00,0.000000e+00
2013-12-12 00:21:49.000000,0.000000e+00,1.663931e+07,1.180529e+02,7.329036e+06,1.730961e+02,3.321089e+06,,0.000000e+00,0.000000e+00
2013-12-12 00:21:50.000000,0.000000e+00,1.663940e+07,1.180523e+02,7.327874e+06,1.730961e+02,3.321065e+06,,0.000000e+00,0.000000e+00
2013-12-12 00:21:51.000000,0.000000e+00,1.663949e+07,1.180516e+02,7.326711e+06,1.730961e+02,3.321041e+06,,0.000000e+00,0.000000e+00
2013-12-12 00:21:52.000000,0.000000e+00,1.663959e+07,1.180509e+02,7.325549e+06,1.730961e+02,3.321017e+06,,0.000000e+00,0.000000e+00
2013-12-12 00:21:53.000000,0.000000e+00,1.663968e+07,1.180503e+02,7.324387e+06,1.730961e+02,3.320993e+06,,0.000000e+00,0.000000e+00
2013-12-12 00:21:54.000000,0.000000e+00,1.663977e+07,1.180496e+02,7.323225e+06,1.730961e+02,3.320970e+06,,0.000000e+00,0.000000e+00
2013-12-12 00:21:55.000000,0.000000e+00,1.663986e+07,1.180490e+02,7.322063e+06,1.730961e+02,3.320946e+06,,0.000000e+00,0.000000e+00
2013-12-12 00:21:56.000000,0.000000e+00,1.663995e+07,1.180483e+02,7.320901e+06,1.730961e+02,3.320922e+06,,0.000000e+00,0.000000e+00
2013-12-12 00:21:57.000000,0.000000e+00,1.664004e+07,1.180476e+02,7.319739e+06,1.730961e+02,3.320898e+06,,0.000000e+00,0.000000e+00
2013-12-12 00:21:58.000000,0.000000e+00,1.664013e+07,1.180470e+02,7.318577e+06,1.730961e+02,3.320874e+06,,0.000000e+00,0.000000e+00
2013-12-12 00:21:59.000000,0.000000e+00,1.664022e+07,1.180463e+02,7.317415e+06,1.730961e+02,3.320851e+06,,0.000000e+00,0.000000e+00
2013-12-12 00:22:00.000000,0.000000e+00,1.664031e+07,1.180456e+02,7.316253e+06,1.730961e+02,3.320827e+06,,0.000000e+00,0.000000e+00
2013-12-12 00:22:01.000000,0.000000e+00,1.664041e+07,1.180450e+02,7.315090e+06,1.730961e+02,3.320803e+06,,0.000000e+00,0.000000e+00
2013-12-12 00:22:02.000000,0.000000e+00,1.664050e+07,1.180443e+02,7.313928e+06,1.730961e+02,3.320779e+06,,0.000000e+00,0.000000e+00
2013-12-12 00:22:03.000000,0.000000e+00,1.664059e+07,1.180437e+02,7.312766e+06,1.730961e+02,3.320756e+06,,0.000000e+00,0.000000e+00
2013-12-12 00:22:04.000000,0.000000e+00,1.664068e+07,1.180438e+02,7.311604e+06,1.730961e+02,3.320732e+06,,0.000000e+00,0.000000e+00
2013-12-12 00:22:05.000000,0.000000e+00,1.664077e+07,1.180440e+02,7.310442e+06,1.730961e+02,3.320708e+06,,0.000000e+00,0.000000e+00
2013-12-12 00:22:06.000000,0.000000e+00,1.664086e+07,1.180441e+02,7.309280e+06,1.730961e+02,3.320684e+06,,0.000000e+00,0.000000e+00
2013-12-12 00:22:07.000000,0.000000e+00,1.664095e+07,1.180443e+02,7.308118e+06,1.730961e+02,3.320660e+06,,0.000000e+00,0.000000e+00
2013-12-12 00:22:08.000000,0.000000e+00,1.664104e+07,1.180444e+02,7.306956e+06,1.730961e+02,3.320637e+06,,0.000000e+00,0.000000e+00
2013-12-12 00:22:09.000000,0.000000e+00,1.664113e+07,1.180446e+02,7.305794e+06,1.730961e+02,3.320613e+06,,0.000000e+00,0.000000e+00
2013-12-12 00:22:10.000000,0.000000e+00,1.664122e+07,1.180448e+02,7.304631e+06,1.730961e+02,3.320589e+06,,0.000000e+00,0.000000e+00
2013-12-12 00:22:11.000000,0.000000e+00,1.664132e+07,1.180449e+02,7.303469e+06,1.730961e+02,3.320565e+06,,0.000000e+00,0.000000e+00
2013-12-12 00:22:12.000000,0.000000e+00,1.664141e+07,1.180451e+02,7.302307e+06,1.730961e+02,3.320541e+06,,0.000000e+00,0.000000e+00
2013-12-12 00:22:13.000000,0.000000e+00,1.664150e+07,1.180452e+02,7.301145e+06,1.730961e+02,3.320518e+06,,0.000000e+00,0.000000e+00
2013-12-12 00:22:14.000000,0.000000e+00,1.664159e+07,1.180454e+02,7.299983e+06,1.730961e+02,3.320494e+06,,0.000000e+00,0.000000e+00
2013-12-12 00:22:15.000000,0.000000e+00,1.664168e+07,1.180455e+02,7.298820e+06,1.730961e+02,3.320470e+06,,0.000000e+00,0.000000e+00
2013-12-12 00:22:16.000000,0.000000e+00,1.664177e+07,1.180457e+02,7.297659e+06,1.730961e+02,3.320446e+06,,0.000000e+00,0.000000e+00
2013-12-12 00:22:17.000000,0.000000e+00,1.664186e+07,1.180459e+02,7.296497e+06,1.730961e+02,3.320422e+06,,0.000000e+00,0.000000e+00
2013-12-12 00:22:18.000000,0.000000e+00,1.664195e+07,1.180460e+02,7.295335e+06,1.730961e+02,3.320399e+06,,0.000000e+00,0.000000e+00
2013-12-12 00:22:19.000000,0.000000e+00,1.664204e+07,1.180462e+02,7.294172e+06,1.730961e+02,3.320375e+06,,0.000000e+00,0.000000e+00
2013-12-12 00:22:20.000000,0.000000e+00,1.664214e+07,1.180463e+02,7.293010e+06,1.730961e+02,3.320351e+06,,0.000000e+00,0.000000e+00
2013-12-12 00:22:21.000000,0.000000e+00,1.664223e+07,1.180465e+02,7.291848e+06,1.730961e+02,3.320327e+06,,0.000000e+00,0.000000e+00
2013-12-12 00:22:22.000000,0.000000e+00,1.664232e+07,1.180466e+02,7.290686e+06,1.730961e+02,3.320303e+06,,0.000000e+00,0.000000e+00
2013-12-12 00:22:23.000000,0.000000e+00,1.664241e+07,1.180468e+02,7.289524e+06,1.730961e+02,3.320280e+06,,0.000000e+00,0.000000e+00
2013-12-12 00:22:24.000000,0.000000e+00,1.664250e+07,1.180469e+02,7.288361e+06,1.730961e+02,3.320256e+06,,0.000000e+00,0.000000e+00
2013-12-12 00:22:25.000000,0.000000e+00,1.664259e+07,1.180471e+02,7.287199e+06,1.730961e+02,3.320232e+06,,0.000000e+00,0.000000e+00
2013-12-12 00:22:26.000000,0.000000e+00,1.664268e+07,1.180473e+02,7.286037e+06,1.730961e+02,3.320208e+06,,0.000000e+00,0.000000e+00
2013-12-12 00:22:27.000000,0.000000e+00,1.664277e+07,1.180474e+02,7.284875e+06,1.730961e+02,3.320185e+06,,0.000000e+00,0.000000e+00
2013-12-12 00:22:28.000000,0.000000e+00,1.664286e+07,1.180476e+02,7.283714e+06,1.730961e+02,3.320161e+06,,0.000000e+00,0.000000e+00
2013-12-12 00:22:29.000000,0.000000e+00,1.664296e+07,1.180477e+02,7.282551e+06,1.730961e+02,3.320137e+06,,0.000000e+00,0.000000e+00
2013-12-12 00:22:30.000000,0.000000e+00,1.664305e+07,1.180479e+02,7.281389e+06,1.730961e+02,3.320113e+06,,0.000000e+00,0.000000e+00
2013-12-12 00:22:31.000000,0.000000e+00,1.664314e+07,1.180480e+02,7.280227e+06,1.730961e+02,3.320089e+06,,0.000000e+00,0.000000e+00
2013-12-12 00:22:32.000000,0.000000e+00,1.664323e+07,1.180482e+02,7.279065e+06,1.730961e+02,3.320066e+06,,0.000000e+00,0.000000e+00
2013-12-12 00:22:33.000000,0.000000e+00,1.664332e+07,1.180483e+02,7.277902e+06,1.730961e+02,3.320042e+06,,0.000000e+00,0.000000e+00
2013-12-12 00:22:34.000000,0.000000e+00,1.664341e+07,1.180485e+02,7.276740e+06,1.730961e+02,3.320018e+06,,0.000000e+00,0.000000e+00
2013-12-12 00:22:35.000000,0.000000e+00,1.664350e+07,1.180487e+02,7.275578e+06,1.730961e+02,3.319994e+06,,0.000000e+00,0.000000e+00
2013-12-12 00:22:36.000000,0.000000e+00,1.664359e+07,1.180488e+02,7.274416e+06,1.730961e+02,3.319970e+06,,0.000000e+00,0.000000e+00
2013-12-12 00:22:37.000000,0.000000e+00,1.664368e+07,1.180490e+02,7.273254e+06,1.730961e+02,3.319947e+06,,0.000000e+00,0.000000e+00
2013-12-12 00:22:38.000000,0.000000e+00,1.664378e+07,1.180491e+02,7.272092e+06,1.730961e+02,3.319923e+06,,0.000000e+00,0.000000e+00
2013-12-12 00:22:39.000000,0.000000e+00,1.664387e+07,1.180493e+02,7.270930e+06,1.730961e+02,3.319899e+06,,0.000000e+00,0.000000e+00
2013-12-12 00:22:40.000000,0.000000e+00,1.664396e+07,1.180494e+02,7.269768e+06,1.730961e+02,3.319875e+06,,0.000000e+00,0.000000e+00
2013-12-12 00:22:41.000000,0.000000e+00,1.664405e+07,1.180496e+02,7.269940e+06,1.730961e+02,3.319851e+06,,0.000000e+00,0.000000e+00
2013-12-12 00:22:42.000000,0.000000e+00,1.664414e+07,1.180498e+02,7.270112e+06,1.730961e+02,3.319828e+06,,0.000000e+00,0.000000e+00
2013-12-12 00:22:43.000000,0.000000e+00,1.664423e+07,1.180499e+02,7.270284e+06,1.730961e+02,3.319804e+06,,0.000000e+00,0.000000e+00
2013-12-12 00:22:44.000000,0.000000e+00,1.664432e+07,1.180501e+02,7.270457e+06,1.730961e+02,3.319780e+06,,0.000000e+00,0.000000e+00
2013-12-12 00:22:45.000000,0.000000e+00,1.664441e+07,1.180502e+02,7.270628e+06,1.730961e+02,3.319756e+06,,0.000000e+00,0.000000e+00
2013-12-12 00:22:46.000000,0.000000e+00,1.664450e+07,1.180504e+02,7.270801e+06,1.730961e+02,3.319732e+06,,0.000000e+00,0.000000e+00
2013-12-12 00:22:47.000000,0.000000e+00,1.664460e+07,1.180505e+02,7.270973e+06,1.730961e+02,3.319709e+06,,0.000000e+00,0.000000e+00
2013-12-12 00:22:48.000000,0.000000e+00,1.664469e+07,1.180507e+02,7.271145e+06,1.730961e+02,3.319685e+06,,0.000000e+00,0.000000e+00
2013-12-12 00:22:49.000000,0.000000e+00,1.664478e+07,1.180508e+02,7.271317e+06,1.730961e+02,3.319661e+06,,0.000000e+00,0.000000e+00
2013-12-12 00:22:50.000000,0.000000e+00,1.664487e+07,1.180510e+02,7.271489e+06,1.730961e+02,3.319637e+06,,0.000000e+00,0.000000e+00
2013-12-12 00:22:51.000000,0.000000e+00,1.664496e+07,1.180512e+02,7.271661e+06,1.730961e+02,3.319614e+06,,0.000000e+00,0.000000e+00
2013-12-12 00:22:52.000000,0.000000e+00,1.664505e+07,1.180513e+02,7.271834e+06,1.730961e+02,3.319590e+06,,0.000000e+00,0.000000e+00
2013-12-12 00:22:53.000000,0.000000e+00,1.664514e+07,1.180515e+02,7.272005e+06,1.730961e+02,3.319566e+06,,0.000000e+00,0.000000e+00
2013-12-12 00:22:54.000000,0.000000e+00,1.664523e+07,1.180516e+02,7.272178e+06,1.730961e+02,3.319542e+06,,0.000000e+00,0.000000e+00
2013-12-12 00:22:55.000000,0.000000e+00,1.664532e+07,1.180518e+02,7.272350e+06,1.730961e+02,3.319518e+06,,0.000000e+00,0.000000e+00
2013-12-12 00:22:56.000000,0.000000e+00,1.664541e+07,1.180519e+02,7.272522e+06,1.730961e+02,3.319495e+06,,0.000000e+00,0.000000e+00
2013-12-12 00:22:57.000000,0.000000e+00,1.664551e+07,1.180521e+02,7.272694e+06,1.730961e+02,3.319471e+06,,0.000000e+00,0.000000e+00
2013-12-12 00:22:58.000000,0.000000e+00,1.664560e+07,1.180523e+02,7.272867e+06,1.730961e+02,3.319447e+06,,0.000000e+00,0.000000e+00
2013-12-12 00:22:59.000000,0.000000e+00,1.664569e+07,1.180524e+02,7.273038e+06,1.730961e+02,3.319423e+06,,0.000000e+00,0.000000e+00
2013-12-12 00:23:00.000000,0.000000e+00,1.664578e+07,1.180526e+02,7.273211e+06,1.730961e+02,3.319399e+06,,0.000000e+00,0.000000e+00
2013-12-12 00:23:01.000000,0.000000e+00,1.664587e+07,1.180527e+02,7.273383e+06,1.730961e+02,3.319376e+06,,0.000000e+00,0.000000e+00
2013-12-12 00:23:02.000000,0.000000e+00,1.664596e+07,1.180529e+02,7.273555e+06,1.730961e+02,3.319352e+06,,0.000000e+00,0.000000e+00
2013-12-12 00:23:03.000000,0.000000e+00,1.664605e+07,1.180530e+02,7.273727e+06,1.730961e+02,3.319328e+06,,0.000000e+00,0.000000e+00
2013-12-12 00:23:04.000000,0.000000e+00,1.664614e+07,1.180532e+02,7.273900e+06,1.730961e+02,3.319304e+06,,0.000000e+00,0.000000e+00
2013-12-12 00:23:05.000000,0.000000e+00,1.664624e+07,1.180534e+02,7.274072e+06,1.730961e+02,3.319280e+06,,0.000000e+00,0.000000e+00
2013-12-12 00:23:06.000000,0.000000e+00,1.664633e+07,1.180535e+02,7.274244e+06,1.730961e+02,3.319257e+06,,0.000000e+00,0.000000e+00
2013-12-12 00:23:07.000000,0.000000e+00,1.664642e+07,1.180537e+02,7.274416e+06,1.730961e+02,3.319233e+06,,0.000000e+00,0.000000e+00
2013-12-12 00:23:08.000000,0.000000e+00,1.664651e+07,1.180538e+02,7.274588e+06,1.730961e+02,3.319209e+06,,0.000000e+00,0.000000e+00
2013-12-12 00:23:09.000000,0.000000e+00,1.664660e+07,1.180540e+02,7.274760e+06,1.730961e+02,3.319185e+06,,0.000000e+00,0.000000e+00
2013-12-12 00:23:10.000000,0.000000e+00,1.664669e+07,1.180541e+02,7.274932e+06,1.730961e+02,3.319161e+06,,0.000000e+00,0.000000e+00
2013-12-12 00:23:11.000000,0.000000e+00,1.664678e+07,1.180543e+02,7.275105e+06,1.730961e+02,3.319138e+06,,0.000000e+00,0.000000e+00
2013-12-12 00:23:12.000000,0.000000e+00,1.664687e+07,1.180544e+02,7.275277e+06,1.730961e+02,3.319114e+06,,0.000000e+00,0.000000e+00
2013-12-12 00:23:13.000000,0.000000e+00,1.664696e+07,1.180546e+02,7.275449e+06,1.730961e+02,3.319090e+06,,0.000000e+00,0.000000e+00
2013-12-12 00:23:14.000000,0.000000e+00,1.664706e+07,1.180548e+02,7.275621e+06,1.730961e+02,3.319066e+06,,0.000000e+00,0.000000e+00
2013-12-12 00:23:15.000000,0.000000e+00,1.664715e+07,1.180549e+02,7.275793e+06,1.730961e+02,3.319042e+06,,0.000000e+00,0.000000e+00
2013-12-12 00:23:16.000000,0.000000e+00,1.664724e+07,1.180551e+02,7.275965e+06,1.730961e+02,3.319019e+06,,0.000000e+00,0.000000e+00
2013-12-12 00:23:17.000000,0.000000e+00,1.664733e+07,1.180552e+02,7.276138e+06,1.730961e+02,3.318995e+06,,0.000000e+00,0.000000e+00
2013-12-12 00:23:18.000000,0.000000e+00,1.664742e+07,1.180554e+02,7.276310e+06,1.730961e+02,3.318971e+06,,0.000000e+00,0.000000e+00
2013-12-12 00:23:19.000000,0.000000e+00,1.664751e+07,1.180555e+02,7.276482e+06,1.730961e+02,3.318947e+06,,0.000000e+00,0.000000e+00
2013-12-12 00:23:20.000000,0.000000e+00,1.664760e+07,1.180557e+02,7.276654e+06,1.730961e+02,3.318924e+06,,0.000000e+00,0.000000e+00
2013-12-12 00:23:21.000000,0.000000e+00,1.664769e+07,1.180558e+02,7.276826e+06,1.730961e+02,3.318900e+06,,0.000000e+00,0.000000e+00
2013-12-12 00:23:22.000000,0.000000e+00,1.664778e+07,1.180560e+02,7.276998e+06,1.730961e+02,3.318876e+06,,0.000000e+00,0.000000e+00
2013-12-12 00:23:23.000000,0.000000e+00,1.664787e+07,1.180562e+02,7.277171e+06,1.730961e+02,3.318852e+06,,0.000000e+00,0.000000e+00
2013-12-12 00:23:24.000000,0.000000e+00,1.664797e+07,1.180563e+02,7.277343e+06,1.730961e+02,3.318828e+06,,0.000000e+00,0.000000e+00
2013-12-12 00:23:25.000000,0.000000e+00,1.664806e+07,1.180565e+02,7.277515e+06,1.730961e+02,3.318805e+06,,0.000000e+00,0.000000e+00
2013-12-12 00:23:26.000000,0.000000e+00,1.664815e+07,1.180566e+02,7.277687e+06,1.730961e+02,3.318781e+06,,0.000000e+00,0.000000e+00
2013-12-12 00:23:27.000000,0.000000e+00,1.664824e+07,1.180568e+02,7.277859e+06,1.730961e+02,3.318757e+06,,0.000000e+00,0.000000e+00
2013-12-12 00:23:28.000000,0.000000e+00,1.664833e+07,1.180569e+02,7.278031e+06,1.730961e+02,3.318733e+06,,0.000000e+00,0.000000e+00
2013-12-12 00:23:29.000000,0.000000e+00,1.664842e+07,1.180571e+02,7.278204e+06,1.730961e+02,3.318709e+06,,0.000000e+00,0.000000e+00
2013-12-12 00:23:30.000000,0.000000e+00,1.664851e+07,1.180573e+02,7.278375e+06,1.730961e+02,3.318686e+06,,0.000000e+00,0.000000e+00
2013-12-12 00:23:31.000000,0.000000e+00,1.664860e+07,1.180574e+02,7.278548e+06,1.730961e+02,3.318661e+06,,0.000000e+00,0.000000e+00
2013-12-12 00:23:32.000000,0.000000e+00,1.664869e+07,1.180576e+02,7.278720e+06,1.730961e+02,3.318638e+06,,0.000000e+00,0.000000e+00
2013-12-12 00:23:33.000000,0.000000e+00,1.664879e+07,1.180577e+02,7.278892e+06,1.730961e+02,3.318614e+06,,0.000000e+00,0.000000e+00
2013-12-12 00:23:34.000000,0.000000e+00,1.664888e+07,1.180579e+02,7.279064e+06,1.730961e+02,3.318590e+06,,0.000000e+00,0.000000e+00
2013-12-12 00:23:35.000000,0.000000e+00,1.664897e+07,1.180580e+02,7.279237e+06,1.730961e+02,3.318567e+06,,0.000000e+00,0.000000e+00
2013-12-12 00:23:36.000000,0.000000e+00,1.664906e+07,1.180582e+02,7.279408e+06,1.730961e+02,3.318543e+06,,0.000000e+00,0.000000e+00
2013-12-12 00:23:37.000000,0.000000e+00,1.664915e+07,1.180583e+02,7.279581e+06,1.730961e+02,3.318519e+06,,0.000000e+00,0.000000e+00
2013-12-12 00:23:38.000000,0.000000e+00,1.664924e+07,1.180585e+02,7.279753e+06,1.730961e+02,3.318495e+06,,0.000000e+00,0.000000e+00
2013-12-12 00:23:39.000000,0.000000e+00,1.664933e+07,1.180587e+02,7.279925e+06,1.730961e+02,3.318471e+06,,0.000000e+00,0.000000e+00
2013-12-12 00:23:40.000000,0.000000e+00,1.664942e+07,1.180588e+02,7.280097e+06,1.730961e+02,3.318447e+06,,0.000000e+00,0.000000e+00
2013-12-12 00:23:41.000000,0.000000e+00,1.664951e+07,1.180590e+02,7.280270e+06,1.730961e+02,3.318424e+06,,0.000000e+00,0.000000e+00
2013-12-12 00:23:42.000000,0.000000e+00,1.664960e+07,1.180591e+02,7.280441e+06,1.730961e+02,3.318400e+06,,0.000000e+00,0.000000e+00
2013-12-12 00:23:43.000000,0.000000e+00,1.664970e+07,1.180593e+02,7.280614e+06,1.730961e+02,3.318376e+06,,0.000000e+00,0.000000e+00
2013-12-12 00:23:44.000000,0.000000e+00,1.664979e+07,1.180594e+02,7.280786e+06,1.730961e+02,3.318353e+06,,0.000000e+00,0.000000e+00
2013-12-12 00:23:45.000000,0.000000e+00,1.664988e+07,1.180596e+02,7.280958e+06,1.730961e+02,3.318328e+06,,0.000000e+00,0.000000e+00
2013-12-12 00:23:46.000000,0.000000e+00,1.664997e+07,1.180598e+02,7.281130e+06,1.730961e+02,3.318305e+06,,0.000000e+00,0.000000e+00
2013-12-12 00:23:47.000000,0.000000e+00,1.665006e+07,1.180599e+02,7.281303e+06,1.730961e+02,3.318281e+06,,0.000000e+00,0.000000e+00
2013-12-12 00:23:48.000000,0.000000e+00,1.665015e+07,1.180601e+02,7.281474e+06,1.730961e+02,3.318257e+06,,0.000000e+00,0.000000e+00
2013-12-12 00:23:49.000000,0.000000e+00,1.665024e+07,1.180602e+02,7.281647e+06,1.730961e+02,3.318233e+06,,0.000000e+00,0.000000e+00
2013-12-12 00:23:50.000000,0.000000e+00,1.665033e+07,1.180604e+02,7.281818e+06,1.730961e+02,3.318209e+06,,0.000000e+00,0.000000e+00
2013-12-12 00:23:51.000000,0.000000e+00,1.665043e+07,1.180605e+02,7.281991e+06,1.730961e+02,3.318186e+06,,0.000000e+00,0.000000e+00
2013-12-12 00:23:52.000000,0.000000e+00,1.665052e+07,1.180607e+02,7.282163e+06,1.730961e+02,3.318162e+06,,0.000000e+00,0.000000e+00
2013-12-12 00:23:53.000000,0.000000e+00,1.665061e+07,1.180609e+02,7.282335e+06,1.730961e+02,3.318138e+06,,0.000000e+00,0.000000e+00
2013-12-12 00:23:54.000000,0.000000e+00,1.665070e+07,1.180610e+02,7.282507e+06,1.730961e+02,3.318114e+06,,0.000000e+00,0.000000e+00
2013-12-12 00:23:55.000000,0.000000e+00,1.665079e+07,1.180612e+02,7.282680e+06,1.730961e+02,3.318090e+06,,0.000000e+00,0.000000e+00
2013-12-12 00:23:56.000000,0.000000e+00,1.665088e+07,1.180613e+02,7.282851e+06,1.730961e+02,3.318067e+06,,0.000000e+00,0.000000e+00
2013-12-12 00:23:57.000000,0.000000e+00,1.665097e+07,1.180615e+02,7.283024e+06,1.730961e+02,3.318043e+06,,0.000000e+00,0.000000e+00
2013-12-12 00:23:58.000000,0.000000e+00,1.665106e+07,1.180616e+02,7.283196e+06,1.730961e+02,3.318019e+06,,0.000000e+00,0.000000e+00
2013-12-12 00:23:59.000000,0.000000e+00,1.665115e+07,1.180618e+02,7.283368e+06,1.730961e+02,3.317995e+06,,0.000000e+00,0.000000e+00
2013-12-12 00:24:00.000000,0.000000e+00,1.665125e+07,1.180619e+02,7.283540e+06,1.730961e+02,3.317972e+06,,0.000000e+00,0.000000e+00
2013-12-12 00:24:01.000000,0.000000e+00,1.665134e+07,1.180621e+02,7.283713e+06,1.730961e+02,3.317948e+06,,0.000000e+00,0.000000e+00
2013-12-12 00:24:02.000000,0.000000e+00,1.665143e+07,1.180623e+02,7.283884e+06,1.730961e+02,3.317924e+06,,0.000000e+00,0.000000e+00
2013-12-12 00:24:03.000000,0.000000e+00,1.665152e+07,1.180624e+02,7.284057e+06,1.730961e+02,3.317900e+06,,0.000000e+00,0.000000e+00
2013-12-12 00:24:04.000000,0.000000e+00,1.665161e+07,1.180626e+02,7.284229e+06,1.730961e+02,3.317876e+06,,0.000000e+00,0.000000e+00
2013-12-12 00:24:05.000000,0.000000e+00,1.665170e+07,1.180627e+02,7.284401e+06,1.730961e+02,3.317853e+06,,0.000000e+00,0.000000e+00
2013-12-12 00:24:06.000000,0.000000e+00,1.665179e+07,1.180629e+02,7.284573e+06,1.730961e+02,3.317829e+06,,0.000000e+00,0.000000e+00
2013-12-12 00:24:07.000000,0.000000e+00,1.665188e+07,1.180630e+02,7.284745e+06,1.730961e+02,3.317805e+06,,0.000000e+00,0.000000e+00
2013-12-12 00:24:08.000000,0.000000e+00,1.665197e+07,1.180632e+02,7.284917e+06,1.730961e+02,3.317781e+06,,0.000000e+00,0.000000e+00
2013-12-12 00:24:09.000000,0.000000e+00,1.665206e+07,1.180633e+02,7.285090e+06,1.730961e+02,3.317757e+06,,0.000000e+00,0.000000e+00
2013-12-12 00:24:10.000000,0.000000e+00,1.665216e+07,1.180635e+02,7.285262e+06,1.730961e+02,3.317734e+06,,0.000000e+00,0.000000e+00
2013-12-12 00:24:11.000000,0.000000e+00,1.665225e+07,1.180637e+02,7.285434e+06,1.730961e+02,3.317710e+06,,0.000000e+00,0.000000e+00
2013-12-12 00:24:12.000000,0.000000e+00,1.665234e+07,1.180638e+02,7.285606e+06,1.730961e+02,3.317686e+06,,0.000000e+00,0.000000e+00
2013-12-12 00:24:13.000000,0.000000e+00,1.665243e+07,1.180640e+02,7.285778e+06,1.730961e+02,3.317662e+06,,0.000000e+00,0.000000e+00
2013-12-12 00:24:14.000000,0.000000e+00,1.665252e+07,1.180641e+02,7.285950e+06,1.730961e+02,3.317638e+06,,0.000000e+00,0.000000e+00
2013-12-12 00:24:15.000000,0.000000e+00,1.665261e+07,1.180643e+02,7.286123e+06,1.730961e+02,3.317615e+06,,0.000000e+00,0.000000e+00
2013-12-12 00:24:16.000000,0.000000e+00,1.665270e+07,1.180644e+02,7.286295e+06,1.730961e+02,3.317591e+06,,0.000000e+00,0.000000e+00
2013-12-12 00:24:17.000000,0.000000e+00,1.665279e+07,1.180646e+02,7.286467e+06,1.730961e+02,3.317567e+06,,0.000000e+00,0.000000e+00
2013-12-12 00:24:18.000000,0.000000e+00,1.665289e+07,1.180648e+02,7.286639e+06,1.730961e+02,3.317543e+06,,0.000000e+00,0.000000e+00
2013-12-12 00:24:19.000000,0.000000e+00,1.665298e+07,1.180649e+02,7.286811e+06,1.730961e+02,3.317519e+06,,0.000000e+00,0.000000e+00
2013-12-12 00:24:20.000000,0.000000e+00,1.665307e+07,1.180651e+02,7.286983e+06,1.730961e+02,3.317496e+06,,0.000000e+00,0.000000e+00
2013-12-12 00:24:21.000000,0.000000e+00,1.665316e+07,1.180652e+02,7.287156e+06,1.730961e+02,3.317472e+06,,0.000000e+00,0.000000e+00
2013-12-12 00:24:22.000000,0.000000e+00,1.665325e+07,1.180654e+02,7.287328e+06,1.730961e+02,3.317448e+06,,0.000000e+00,0.000000e+00
2013-12-12 00:24:23.000000,0.000000e+00,1.665334e+07,1.180655e+02,7.287500e+06,1.730961e+02,3.317424e+06,,0.000000e+00,0.000000e+00
2013-12-12 00:24:24.000000,0.000000e+00,1.665343e+07,1.180657e+02,7.287672e+06,1.730961e+02,3.317400e+06,,0.000000e+00,0.000000e+00
2013-12-12 00:24:25.000000,0.000000e+00,1.665352e+07,1.180658e+02,7.287844e+06,1.730961e+02,3.317377e+06,,0.000000e+00,0.000000e+00
2013-12-12 00:24:26.000000,0.000000e+00,1.665361e+07,1.180660e+02,7.288017e+06,1.730961e+02,3.317353e+06,,0.000000e+00,0.000000e+00
2013-12-12 00:24:27.000000,0.000000e+00,1.665370e+07,1.180662e+02,7.288188e+06,1.730961e+02,3.317329e+06,,0.000000e+00,0.000000e+00
2013-12-12 00:24:28.000000,0.000000e+00,1.665380e+07,1.180663e+02,7.288361e+06,1.730961e+02,3.317305e+06,,0.000000e+00,0.000000e+00
2013-12-12 00:24:29.000000,0.000000e+00,1.665389e+07,1.180665e+02,7.288533e+06,1.730961e+02,3.317282e+06,,0.000000e+00,0.000000e+00
2013-12-12 00:24:30.000000,0.000000e+00,1.665398e+07,1.180666e+02,7.288705e+06,1.730961e+02,3.317258e+06,,0.000000e+00,0.000000e+00
2013-12-12 00:24:31.000000,0.000000e+00,1.665407e+07,1.180668e+02,7.288877e+06,1.730961e+02,3.317234e+06,,0.000000e+00,0.000000e+00
2013-12-12 00:24:32.000000,0.000000e+00,1.665416e+07,1.180669e+02,7.289050e+06,1.730961e+02,3.317210e+06,,0.000000e+00,0.000000e+00
2013-12-12 00:24:33.000000,0.000000e+00,1.665425e+07,1.180671e+02,7.289221e+06,1.730961e+02,3.317186e+06,,0.000000e+00,0.000000e+00
2013-12-12 00:24:34.000000,0.000000e+00,1.665434e+07,1.180673e+02,7.289394e+06,1.730961e+02,3.317163e+06,,0.000000e+00,0.000000e+00
2013-12-12 00:24:35.000000,0.000000e+00,1.665443e+07,1.180674e+02,7.289566e+06,1.730961e+02,3.317139e+06,,0.000000e+00,0.000000e+00
2013-12-12 00:24:36.000000,0.000000e+00,1.665452e+07,1.180676e+02,7.289738e+06,1.730961e+02,3.317115e+06,,0.000000e+00,0.000000e+00
2013-12-12 00:24:37.000000,0.000000e+00,1.665462e+07,1.180677e+02,7.289910e+06,1.730961e+02,3.317091e+06,,0.000000e+00,0.000000e+00
2013-12-12 00:24:38.000000,0.000000e+00,1.665471e+07,1.180679e+02,7.290083e+06,1.730961e+02,3.317067e+06,,0.000000e+00,0.000000e+00
2013-12-12 00:24:39.000000,0.000000e+00,1.665480e+07,1.180680e+02,7.290254e+06,1.730961e+02,3.317044e+06,,0.000000e+00,0.000000e+00
2013-12-12 00:24:40.000000,0.000000e+00,1.665489e+07,1.180682e+02,7.290427e+06,1.730961e+02,3.317020e+06,,0.000000e+00,0.000000e+00
2013-12-12 00:24:41.000000,0.000000e+00,1.665498e+07,1.180684e+02,7.290599e+06,1.730961e+02,3.316996e+06,,0.000000e+00,0.000000e+00
2013-12-12 00:24:42.000000,0.000000e+00,1.665507e+07,1.180685e+02,7.290771e+06,1.730961e+02,3.316972e+06,,0.000000e+00,0.000000e+00
2013-12-12 00:24:43.000000,0.000000e+00,1.665516e+07,1.180687e+02,7.290943e+06,1.730961e+02,3.316948e+06,,0.000000e+00,0.000000e+00
2013-12-12 00:24:44.000000,0.000000e+00,1.665525e+07,1.180688e+02,7.291116e+06,1.730961e+02,3.316925e+06,,0.000000e+00,0.000000e+00
2013-12-12 00:24:45.000000,0.000000e+00,1.665534e+07,1.180690e+02,7.291287e+06,1.730961e+02,3.316901e+06,,0.000000e+00,0.000000e+00
2013-12-12 00:24:46.000000,0.000000e+00,1.665544e+07,1.180691e+02,7.291460e+06,1.730961e+02,3.316877e+06,,0.000000e+00,0.000000e+00
2013-12-12 00:24:47.000000,0.000000e+00,1.665553e+07,1.180693e+02,7.291631e+06,1.730961e+02,3.316853e+06,,0.000000e+00,0.000000e+00
2013-12-12 00:24:48.000000,0.000000e+00,1.665562e+07,1.180694e+02,7.291804e+06,1.730961e+02,3.316829e+06,,0.000000e+00,0.000000e+00
2013-12-12 00:24:49.000000,0.000000e+00,1.665571e+07,1.180696e+02,7.291976e+06,1.730961e+02,3.316806e+06,,0.000000e+00,0.000000e+00
2013-12-12 00:24:50.000000,0.000000e+00,1.665580e+07,1.180698e+02,7.292148e+06,1.730961e+02,3.316782e+06,,0.000000e+00,0.000000e+00
2013-12-12 00:24:51.000000,0.000000e+00,1.665589e+07,1.180699e+02,7.292320e+06,1.730961e+02,3.316758e+06,,0.000000e+00,0.000000e+00
2013-12-12 00:24:52.000000,0.000000e+00,1.665598e+07,1.180701e+02,7.292493e+06,1.730961e+02,3.316734e+06,,0.000000e+00,0.000000e+00
2013-12-12 00:24:53.000000,0.000000e+00,1.665607e+07,1.180702e+02,7.292664e+06,1.730961e+02,3.316711e+06,,0.000000e+00,0.000000e+00
2013-12-12 00:24:54.000000,0.000000e+00,1.665616e+07,1.180704e+02,7.292837e+06,1.730961e+02,3.316687e+06,,0.000000e+00,0.000000e+00
2013-12-12 00:24:55.000000,0.000000e+00,1.665625e+07,1.180705e+02,7.293009e+06,1.730961e+02,3.316663e+06,,0.000000e+00,0.000000e+00
2013-12-12 00:24:56.000000,0.000000e+00,1.665635e+07,1.180707e+02,7.293181e+06,1.730961e+02,3.316639e+06,,0.000000e+00,0.000000e+00
2013-12-12 00:24:57.000000,0.000000e+00,1.665644e+07,1.180709e+02,7.293353e+06,1.730961e+02,3.316615e+06,,0.000000e+00,0.000000e+00
2013-12-12 00:24:58.000000,0.000000e+00,1.665653e+07,1.180710e+02,7.293526e+06,1.730961e+02,3.316592e+06,,0.000000e+00,0.000000e+00
2013-12-12 00:24:59.000000,0.000000e+00,1.665662e+07,1.180712e+02,7.293697e+06,1.730961e+02,3.316568e+06,,0.000000e+00,0.000000e+00
2013-12-12 00:25:00.000000,0.000000e+00,1.665671e+07,1.180713e+02,7.293870e+06,1.730961e+02,3.316544e+06,,0.000000e+00,0.000000e+00
2013-12-12 00:25:01.000000,0.000000e+00,1.665680e+07,1.180715e+02,7.294042e+06,1.730961e+02,3.316520e+06,,0.000000e+00,0.000000e+00
2013-12-12 00:25:02.000000,0.000000e+00,1.665689e+07,1.180716e+02,7.294214e+06,1.730961e+02,3.316496e+06,,0.000000e+00,0.000000e+00
2013-12-12 00:25:03.000000,0.000000e+00,1.665698e+07,1.180718e+02,7.294386e+06,1.730961e+02,3.316473e+06,,0.000000e+00,0.000000e+00
2013-12-12 00:25:04.000000,0.000000e+00,1.665708e+07,1.180719e+02,7.294558e+06,1.730961e+02,3.316449e+06,,0.000000e+00,0.000000e+00
2013-12-12 00:25:05.000000,0.000000e+00,1.665717e+07,1.180721e+02,7.294730e+06,1.730961e+02,3.316425e+06,,0.000000e+00,0.000000e+00
2013-12-12 00:25:06.000000,0.000000e+00,1.665726e+07,1.180723e+02,7.294903e+06,1.730961e+02,3.316401e+06,,0.000000e+00,0.000000e+00
2013-12-12 00:25:07.000000,0.000000e+00,1.665735e+07,1.180724e+02,7.295074e+06,1.730961e+02,3.316377e+06,,0.000000e+00,0.000000e+00
2013-12-12 00:25:08.000000,0.000000e+00,1.665744e+07,1.180726e+02,7.295247e+06,1.730961e+02,3.316354e+06,,0.000000e+00,0.000000e+00
2013-12-12 00:25:09.000000,0.000000e+00,1.665753e+07,1.180727e+02,7.295419e+06,1.730961e+02,3.316330e+06,,0.000000e+00,0.000000e+00
2013-12-12 00:25:10.000000,0.000000e+00,1.665762e+07,1.180729e+02,7.295591e+06,1.730961e+02,3.316306e+06,,0.000000e+00,0.000000e+00
2013-12-12 00:25:11.000000,0.000000e+00,1.665771e+07,1.180730e+02,7.295763e+06,1.730961e+02,3.316282e+06,,0.000000e+00,0.000000e+00
2013-12-12 00:25:12.000000,0.000000e+00,1.665780e+07,1.180732e+02,7.295936e+06,1.730961e+02,3.316258e+06,,0.000000e+00,0.000000e+00
2013-12-12 00:25:13.000000,0.000000e+00,1.665789e+07,1.180733e+02,7.296107e+06,1.730961e+02,3.316235e+06,,0.000000e+00,0.000000e+00
2013-12-12 00:25:14.000000,0.000000e+00,1.665756e+07,1.180735e+02,7.296280e+06,1.730961e+02,3.316211e+06,,0.000000e+00,0.000000e+00
2013-12-12 00:25:15.000000,0.000000e+00,1.665723e+07,1.180737e+02,7.296452e+06,1.730961e+02,3.316187e+06,,0.000000e+00,0.000000e+00
2013-12-12 00:25:16.000000,0.000000e+00,1.665690e+07,1.180738e+02,7.296624e+06,1.730961e+02,3.316163e+06,,0.000000e+00,0.000000e+00
2013-12-12 00:25:17.000000,0.000000e+00,1.665656e+07,1.180740e+02,7.296796e+06,1.730961e+02,3.316140e+06,,0.000000e+00,0.000000e+00
2013-12-12 00:25:18.000000,0.000000e+00,1.665623e+07,1.180741e+02,7.296969e+06,1.730961e+02,3.316116e+06,,0.000000e+00,0.000000e+00
2013-12-12 00:25:19.000000,0.000000e+00,1.665590e+07,1.180743e+02,7.297141e+06,1.730961e+02,3.316092e+06,,0.000000e+00,0.000000e+00
2013-12-12 00:25:20.000000,0.000000e+00,1.665557e+07,1.180744e+02,7.297313e+06,1.730961e+02,3.316068e+06,,0.000000e+00,0.000000e+00
2013-12-12 00:25:21.000000,0.000000e+00,1.665524e+07,1.180746e+02,7.297485e+06,1.730961e+02,3.316044e+06,,0.000000e+00,0.000000e+00
2013-12-12 00:25:22.000000,0.000000e+00,1.665490e+07,1.180748e+02,7.297657e+06,1.730961e+02,3.316021e+06,,0.000000e+00,0.000000e+00
2013-12-12 00:25:23.000000,0.000000e+00,1.665457e+07,1.180749e+02,7.297829e+06,1.730961e+02,3.315997e+06,,0.000000e+00,0.000000e+00
2013-12-12 00:25:24.000000,0.000000e+00,1.665424e+07,1.180751e+02,7.298001e+06,1.730961e+02,3.315973e+06,,0.000000e+00,0.000000e+00
2013-12-12 00:25:25.000000,0.000000e+00,1.665390e+07,1.180752e+02,7.298174e+06,1.730961e+02,3.315949e+06,,0.000000e+00,0.000000e+00
2013-12-12 00:25:26.000000,0.000000e+00,1.665357e+07,1.180754e+02,7.298346e+06,1.730961e+02,3.315925e+06,,0.000000e+00,0.000000e+00
2013-12-12 00:25:27.000000,0.000000e+00,1.665324e+07,1.180755e+02,7.298518e+06,1.730961e+02,3.315902e+06,,0.000000e+00,0.000000e+00
2013-12-12 00:25:28.000000,0.000000e+00,1.665291e+07,1.180757e+02,7.298690e+06,1.730961e+02,3.315878e+06,,0.000000e+00,0.000000e+00
2013-12-12 00:25:29.000000,0.000000e+00,1.665258e+07,1.180759e+02,7.298862e+06,1.730961e+02,3.315854e+06,,0.000000e+00,0.000000e+00
2013-12-12 00:25:30.000000,0.000000e+00,1.665224e+07,1.180760e+02,7.299034e+06,1.730961e+02,3.315830e+06,,0.000000e+00,0.000000e+00
2013-12-12 00:25:31.000000,0.000000e+00,1.665191e+07,1.180762e+02,7.299207e+06,1.730961e+02,3.315806e+06,,0.000000e+00,0.000000e+00
2013-12-12 00:25:32.000000,0.000000e+00,1.665158e+07,1.180763e+02,7.299379e+06,1.730961e+02,3.315783e+06,,0.000000e+00,0.000000e+00
2013-12-12 00:25:33.000000,0.000000e+00,1.665125e+07,1.180765e+02,7.299551e+06,1.730961e+02,3.315759e+06,,0.000000e+00,0.000000e+00
2013-12-12 00:25:34.000000,0.000000e+00,1.665091e+07,1.180766e+02,7.299723e+06,1.730961e+02,3.315735e+06,,0.000000e+00,0.000000e+00
2013-12-12 00:25:35.000000,0.000000e+00,1.665058e+07,1.180768e+02,7.299895e+06,1.730961e+02,3.315711e+06,,0.000000e+00,0.000000e+00
2013-12-12 00:25:36.000000,0.000000e+00,1.665025e+07,1.180769e+02,7.300067e+06,1.730961e+02,3.315687e+06,,0.000000e+00,0.000000e+00
2013-12-12 00:25:37.000000,0.000000e+00,1.664991e+07,1.180771e+02,7.300240e+06,1.730961e+02,3.315664e+06,,0.000000e+00,0.000000e+00
2013-12-12 00:25:38.000000,0.000000e+00,1.664958e+07,1.180773e+02,7.300412e+06,1.730961e+02,3.315640e+06,,0.000000e+00,0.000000e+00
2013-12-12 00:25:39.000000,0.000000e+00,1.664925e+07,1.180774e+02,7.300584e+06,1.730961e+02,3.315616e+06,,0.000000e+00,0.000000e+00
2013-12-12 00:25:40.000000,0.000000e+00,1.664892e+07,1.180776e+02,7.300756e+06,1.730961e+02,3.315592e+06,,0.000000e+00,0.000000e+00
2013-12-12 00:25:41.000000,0.000000e+00,1.664859e+07,1.180777e+02,7.300928e+06,1.730961e+02,3.315569e+06,,0.000000e+00,0.000000e+00
2013-12-12 00:25:42.000000,0.000000e+00,1.664825e+07,1.180779e+02,7.301100e+06,1.730961e+02,3.315545e+06,,0.000000e+00,0.000000e+00
2013-12-12 00:25:43.000000,0.000000e+00,1.664792e+07,1.180780e+02,7.301273e+06,1.730961e+02,3.315521e+06,,0.000000e+00,0.000000e+00
2013-12-12 00:25:44.000000,0.000000e+00,1.664759e+07,1.180782e+02,7.301444e+06,1.730961e+02,3.315497e+06,,0.000000e+00,0.000000e+00
2013-12-12 00:25:45.000000,0.000000e+00,1.664725e+07,1.180784e+02,7.301617e+06,1.730961e+02,3.315473e+06,,0.000000e+00,0.000000e+00
2013-12-12 00:25:46.000000,0.000000e+00,1.664692e+07,1.180785e+02,7.301789e+06,1.730961e+02,3.315450e+06,,0.000000e+00,0.000000e+00
2013-12-12 00:25:47.000000,0.000000e+00,1.664659e+07,1.180787e+02,7.301961e+06,1.730961e+02,3.315425e+06,,0.000000e+00,0.000000e+00
2013-12-12 00:25:48.000000,0.000000e+00,1.664626e+07,1.180788e+02,7.302133e+06,1.730961e+02,3.315402e+06,,0.000000e+00,0.000000e+00
2013-12-12 00:25:49.000000,0.000000e+00,1.664593e+07,1.180790e+02,7.302306e+06,1.730961e+02,3.315378e+06,,0.000000e+00,0.000000e+00
2013-12-12 00:25:50.000000,0.000000e+00,1.664559e+07,1.180791e+02,7.302477e+06,1.730961e+02,3.315354e+06,,0.000000e+00,0.000000e+00
2013-12-12 00:25:51.000000,0.000000e+00,1.664526e+07,1.180793e+02,7.302650e+06,1.730961e+02,3.315331e+06,,0.000000e+00,0.000000e+00
2013-12-12 00:25:52.000000,0.000000e+00,1.664493e+07,1.180794e+02,7.302822e+06,1.730961e+02,3.315306e+06,,0.000000e+00,0.000000e+00
2013-12-12 00:25:53.000000,0.000000e+00,1.664460e+07,1.180796e+02,7.302994e+06,1.730961e+02,3.315283e+06,,0.000000e+00,0.000000e+00
2013-12-12 00:25:54.000000,0.000000e+00,1.664426e+07,1.180798e+02,7.303166e+06,1.730961e+02,3.315259e+06,,0.000000e+00,0.000000e+00
2013-12-12 00:25:55.000000,0.000000e+00,1.664393e+07,1.180799e+02,7.303339e+06,1.730961e+02,3.315235e+06,,0.000000e+00,0.000000e+00
2013-12-12 00:25:56.000000,0.000000e+00,1.664360e+07,1.180801e+02,7.303510e+06,1.730961e+02,3.315211e+06,,0.000000e+00,0.000000e+00
2013-12-12 00:25:57.000000,0.000000e+00,1.664326e+07,1.180802e+02,7.303683e+06,1.730961e+02,3.315187e+06,,0.000000e+00,0.000000e+00
2013-12-12 00:25:58.000000,0.000000e+00,1.664293e+07,1.180804e+02,7.303855e+06,1.730961e+02,3.315164e+06,,0.000000e+00,0.000000e+00
2013-12-12 00:25:59.000000,0.000000e+00,1.664260e+07,1.180805e+02,7.304027e+06,1.730961e+02,3.315140e+06,,0.000000e+00,0.000000e+00
2013-12-12 00:26:00.000000,0.000000e+00,1.664227e+07,1.180807e+02,7.304199e+06,1.730961e+02,3.315116e+06,,0.000000e+00,0.000000e+00
2013-12-12 00:26:01.000000,0.000000e+00,1.664194e+07,1.180808e+02,7.304372e+06,1.730961e+02,3.315092e+06,,0.000000e+00,0.000000e+00
2013-12-12 00:26:02.000000,0.000000e+00,1.664160e+07,1.180810e+02,7.304543e+06,1.730961e+02,3.315069e+06,,0.000000e+00,0.000000e+00
2013-12-12 00:26:03.000000,0.000000e+00,1.664127e+07,1.180812e+02,7.304716e+06,1.730961e+02,3.315045e+06,,0.000000e+00,0.000000e+00
2013-12-12 00:26:04.000000,0.000000e+00,1.664094e+07,1.180813e+02,7.304887e+06,1.730961e+02,3.315021e+06,,0.000000e+00,0.000000e+00
2013-12-12 00:26:05.000000,0.000000e+00,1.664061e+07,1.180815e+02,7.305060e+06,1.730961e+02,3.314997e+06,,0.000000e+00,0.000000e+00
2013-12-12 00:26:06.000000,0.000000e+00,1.664027e+07,1.180816e+02,7.305232e+06,1.730961e+02,3.314973e+06,,0.000000e+00,0.000000e+00
2013-12-12 00:26:07.000000,0.000000e+00,1.663994e+07,1.180818e+02,7.305404e+06,1.730961e+02,3.314950e+06,,0.000000e+00,0.000000e+00
2013-12-12 00:26:08.000000,0.000000e+00,1.663961e+07,1.180819e+02,7.305576e+06,1.730961e+02,3.314926e+06,,0.000000e+00,0.000000e+00
2013-12-12 00:26:09.000000,0.000000e+00,1.663928e+07,1.180821e+02,7.305749e+06,1.730961e+02,3.314902e+06,,0.000000e+00,0.000000e+00
2013-12-12 00:26:10.000000,0.000000e+00,1.663894e+07,1.180823e+02,7.305920e+06,1.730961e+02,3.314878e+06,,0.000000e+00,0.000000e+00
2013-12-12 00:26:11.000000,0.000000e+00,1.663861e+07,1.180824e+02,7.306093e+06,1.730961e+02,3.314854e+06,,0.000000e+00,0.000000e+00
2013-12-12 00:26:12.000000,0.000000e+00,1.663828e+07,1.180826e+02,7.306265e+06,1.730961e+02,3.314831e+06,,0.000000e+00,0.000000e+00
2013-12-12 00:26:13.000000,0.000000e+00,1.663795e+07,1.180827e+02,7.306437e+06,1.730961e+02,3.314807e+06,,0.000000e+00,0.000000e+00
2013-12-12 00:26:14.000000,0.000000e+00,1.663795e+07,1.180821e+02,7.306609e+06,1.730961e+02,3.314783e+06,,0.000000e+00,0.000000e+00
2013-12-12 00:26:15.000000,0.000000e+00,1.663795e+07,1.180814e+02,7.306782e+06,1.730961e+02,3.314759e+06,,0.000000e+00,0.000000e+00
2013-12-12 00:26:16.000000,0.000000e+00,1.663795e+07,1.180808e+02,7.306953e+06,1.730961e+02,3.314735e+06,,0.000000e+00,0.000000e+00
2013-12-12 00:26:17.000000,0.000000e+00,1.663795e+07,1.180801e+02,7.307126e+06,1.730961e+02,3.314712e+06,,0.000000e+00,0.000000e+00
2013-12-12 00:26:18.000000,0.000000e+00,1.663795e+07,1.180795e+02,7.307298e+06,1.730961e+02,3.314688e+06,,0.000000e+00,0.000000e+00
2013-12-12 00:26:19.000000,0.000000e+00,1.663795e+07,1.180788e+02,7.307470e+06,1.730961e+02,3.314664e+06,,0.000000e+00,0.000000e+00
2013-12-12 00:26:20.000000,0.000000e+00,1.663795e+07,1.180782e+02,7.307642e+06,1.730961e+02,3.314640e+06,,0.000000e+00,0.000000e+00
2013-12-12 00:26:21.000000,0.000000e+00,1.663795e+07,1.180775e+02,7.307814e+06,1.730961e+02,3.314616e+06,,0.000000e+00,0.000000e+00
2013-12-12 00:26:22.000000,0.000000e+00,1.663795e+07,1.180769e+02,7.307986e+06,1.730961e+02,3.314593e+06,,0.000000e+00,0.000000e+00
2013-12-12 00:26:23.000000,0.000000e+00,1.663795e+07,1.180762e+02,7.308159e+06,1.730961e+02,3.314569e+06,,0.000000e+00,0.000000e+00
2013-12-12 00:26:24.000000,0.000000e+00,1.663795e+07,1.180756e+02,7.308331e+06,1.730961e+02,3.314545e+06,,0.000000e+00,0.000000e+00
2013-12-12 00:26:25.000000,0.000000e+00,1.663795e+07,1.180749e+02,7.308503e+06,1.730961e+02,3.314521e+06,,0.000000e+00,0.000000e+00
2013-12-12 00:26:26.000000,0.000000e+00,1.663795e+07,1.180743e+02,7.308675e+06,1.730961e+02,3.314498e+06,,0.000000e+00,0.000000e+00
2013-12-12 00:26:27.000000,0.000000e+00,1.663795e+07,1.180736e+02,7.308847e+06,1.730961e+02,3.314474e+06,,0.000000e+00,0.000000e+00
2013-12-12 00:26:28.000000,0.000000e+00,1.663795e+07,1.180730e+02,7.309019e+06,1.730961e+02,3.314450e+06,,0.000000e+00,0.000000e+00
2013-12-12 00:26:29.000000,0.000000e+00,1.663795e+07,1.180723e+02,7.309192e+06,1.730961e+02,3.314426e+06,,0.000000e+00,0.000000e+00
2013-12-12 00:26:30.000000,0.000000e+00,1.663795e+07,1.180717e+02,7.309364e+06,1.730961e+02,3.314402e+06,,0.000000e+00,0.000000e+00
2013-12-12 00:26:31.000000,0.000000e+00,1.663795e+07,1.180710e+02,7.309536e+06,1.730961e+02,3.314379e+06,,0.000000e+00,0.000000e+00
2013-12-12 00:26:32.000000,0.000000e+00,1.663795e+07,1.180704e+02,7.309708e+06,1.730961e+02,3.314355e+06,,0.000000e+00,0.000000e+00
2013-12-12 00:26:33.000000,0.000000e+00,1.663795e+07,1.180697e+02,7.309880e+06,1.730961e+02,3.314331e+06,,0.000000e+00,0.000000e+00
2013-12-12 00:26:34.000000,0.000000e+00,1.663795e+07,1.180691e+02,7.310052e+06,1.730961e+02,3.314307e+06,,0.000000e+00,0.000000e+00
2013-12-12 00:26:35.000000,0.000000e+00,1.663795e+07,1.180684e+02,7.310225e+06,1.730961e+02,3.314283e+06,,0.000000e+00,0.000000e+00
2013-12-12 00:26:36.000000,0.000000e+00,1.663795e+07,1.180677e+02,7.310397e+06,1.730961e+02,3.314260e+06,,0.000000e+00,0.000000e+00
2013-12-12 00:26:37.000000,0.000000e+00,1.663795e+07,1.180671e+02,7.310569e+06,1.730961e+02,3.314236e+06,,0.000000e+00,0.000000e+00
2013-12-12 00:26:38.000000,0.000000e+00,1.663795e+07,1.180665e+02,7.310741e+06,1.730961e+02,3.314212e+06,,0.000000e+00,0.000000e+00
2013-12-12 00:26:39.000000,0.000000e+00,1.663795e+07,1.180658e+02,7.310913e+06,1.730961e+02,3.314188e+06,,0.000000e+00,0.000000e+00
2013-12-12 00:26:40.000000,0.000000e+00,1.663795e+07,1.180651e+02,7.311086e+06,1.730961e+02,3.314164e+06,,0.000000e+00,0.000000e+00
2013-12-12 00:26:41.000000,0.000000e+00,1.663795e+07,1.180645e+02,7.311257e+06,1.730961e+02,3.314141e+06,,0.000000e+00,0.000000e+00
2013-12-12 00:26:42.000000,0.000000e+00,1.663795e+07,1.180638e+02,7.311430e+06,1.730961e+02,3.314117e+06,,0.000000e+00,0.000000e+00
2013-12-12 00:26:43.000000,0.000000e+00,1.663795e+07,1.180632e+02,7.311602e+06,1.730961e+02,3.314093e+06,,0.000000e+00,0.000000e+00
2013-12-12 00:26:44.000000,0.000000e+00,1.663795e+07,1.180625e+02,7.311774e+06,1.730961e+02,3.314069e+06,,0.000000e+00,0.000000e+00
2013-12-12 00:26:45.000000,0.000000e+00,1.663795e+07,1.180619e+02,7.311946e+06,1.730961e+02,3.314045e+06,,0.000000e+00,0.000000e+00
2013-12-12 00:26:46.000000,0.000000e+00,1.663795e+07,1.180612e+02,7.312119e+06,1.730961e+02,3.314022e+06,,0.000000e+00,0.000000e+00
2013-12-12 00:26:47.000000,0.000000e+00,1.663795e+07,1.180606e+02,7.312290e+06,1.730961e+02,3.313998e+06,,0.000000e+00,0.000000e+00
2013-12-12 00:26:48.000000,0.000000e+00,1.663795e+07,1.180599e+02,7.312463e+06,1.730961e+02,3.313974e+06,,0.000000e+00,0.000000e+00
2013-12-12 00:26:49.000000,0.000000e+00,1.663795e+07,1.180593e+02,7.312635e+06,1.730961e+02,3.313950e+06,,0.000000e+00,0.000000e+00
2013-12-12 00:26:50.000000,0.000000e+00,1.663795e+07,1.180586e+02,7.312807e+06,1.730961e+02,3.313927e+06,,0.000000e+00,0.000000e+00
2013-12-12 00:26:51.000000,0.000000e+00,1.663795e+07,1.180580e+02,7.312979e+06,1.730961e+02,3.313903e+06,,0.000000e+00,0.000000e+00
2013-12-12 00:26:52.000000,0.000000e+00,1.663795e+07,1.180573e+02,7.313152e+06,1.730961e+02,3.313879e+06,,0.000000e+00,0.000000e+00
2013-12-12 00:26:53.000000,0.000000e+00,1.663795e+07,1.180567e+02,7.313323e+06,1.730961e+02,3.313855e+06,,0.000000e+00,0.000000e+00
2013-12-12 00:26:54.000000,0.000000e+00,1.663795e+07,1.180560e+02,7.313496e+06,1.730961e+02,3.313831e+06,,0.000000e+00,0.000000e+00
2013-12-12 00:26:55.000000,0.000000e+00,1.663795e+07,1.180554e+02,7.313668e+06,1.730961e+02,3.313808e+06,,0.000000e+00,0.000000e+00
2013-12-12 00:26:56.000000,0.000000e+00,1.663795e+07,1.180547e+02,7.313840e+06,1.730961e+02,3.313784e+06,,0.000000e+00,0.000000e+00
2013-12-12 00:26:57.000000,0.000000e+00,1.663795e+07,1.180541e+02,7.314012e+06,1.730961e+02,3.313760e+06,,0.000000e+00,0.000000e+00
2013-12-12 00:26:58.000000,0.000000e+00,1.663795e+07,1.180534e+02,7.314185e+06,1.730961e+02,3.313736e+06,,0.000000e+00,0.000000e+00
2013-12-12 00:26:59.000000,0.000000e+00,1.663795e+07,1.180528e+02,7.314356e+06,1.730961e+02,3.313712e+06,,0.000000e+00,0.000000e+00
2013-12-12 00:27:00.000000,0.000000e+00,1.663795e+07,1.180521e+02,7.314529e+06,1.730961e+02,3.313689e+06,,0.000000e+00,0.000000e+00
2013-12-12 00:27:01.000000,0.000000e+00,1.663795e+07,1.180515e+02,7.314700e+06,1.730961e+02,3.313665e+06,,0.000000e+00,0.000000e+00
2013-12-12 00:27:02.000000,0.000000e+00,1.663795e+07,1.180508e+02,7.314873e+06,1.730961e+02,3.313641e+06,,0.000000e+00,0.000000e+00
2013-12-12 00:27:03.000000,0.000000e+00,1.663795e+07,1.180502e+02,7.315045e+06,1.730961e+02,3.313617e+06,,0.000000e+00,0.000000e+00
2013-12-12 00:27:04.000000,0.000000e+00,1.663795e+07,1.180495e+02,7.315217e+06,1.730961e+02,3.313593e+06,,0.000000e+00,0.000000e+00
2013-12-12 00:27:05.000000,0.000000e+00,1.663795e+07,1.180489e+02,7.315389e+06,1.730961e+02,3.313570e+06,,0.000000e+00,0.000000e+00
2013-12-12 00:27:06.000000,0.000000e+00,1.663795e+07,1.180482e+02,7.315562e+06,1.730961e+02,3.313546e+06,,0.000000e+00,0.000000e+00
2013-12-12 00:27:07.000000,0.000000e+00,1.663795e+07,1.180476e+02,7.315733e+06,1.730961e+02,3.313522e+06,,0.000000e+00,0.000000e+00
2013-12-12 00:27:08.000000,0.000000e+00,1.663795e+07,1.180469e+02,7.315906e+06,1.730961e+02,3.313498e+06,,0.000000e+00,0.000000e+00
2013-12-12 00:27:09.000000,0.000000e+00,1.663795e+07,1.180463e+02,7.316078e+06,1.730961e+02,3.313474e+06,,0.000000e+00,0.000000e+00
2013-12-12 00:27:10.000000,0.000000e+00,1.663795e+07,1.180456e+02,7.316250e+06,1.730961e+02,3.313451e+06,,0.000000e+00,0.000000e+00
2013-12-12 00:27:11.000000,0.000000e+00,1.663795e+07,1.180450e+02,7.316422e+06,1.730961e+02,3.313427e+06,,0.000000e+00,0.000000e+00
2013-12-12 00:27:12.000000,0.000000e+00,1.663795e+07,1.180443e+02,7.316595e+06,1.730961e+02,3.313403e+06,,0.000000e+00,0.000000e+00
2013-12-12 00:27:13.000000,0.000000e+00,1.663795e+07,1.180437e+02,7.316766e+06,1.730961e+02,3.313379e+06,,0.000000e+00,0.000000e+00
2013-12-12 00:27:14.000000,0.000000e+00,1.663795e+07,1.180440e+02,7.316939e+06,1.730961e+02,3.313355e+06,,0.000000e+00,0.000000e+00
2013-12-12 00:27:15.000000,0.000000e+00,1.663795e+07,1.180443e+02,7.317111e+06,1.730961e+02,3.313332e+06,,0.000000e+00,0.000000e+00
2013-12-12 00:27:16.000000,0.000000e+00,1.663795e+07,1.180446e+02,7.317283e+06,1.730961e+02,3.313308e+06,,0.000000e+00,0.000000e+00
2013-12-12 00:27:17.000000,0.000000e+00,1.663795e+07,1.180450e+02,7.317455e+06,1.730961e+02,3.313284e+06,,0.000000e+00,0.000000e+00
2013-12-12 00:27:18.000000,0.000000e+00,1.663795e+07,1.180453e+02,7.317627e+06,1.730961e+02,3.313260e+06,,0.000000e+00,0.000000e+00
2013-12-12 00:27:19.000000,0.000000e+00,1.663795e+07,1.180456e+02,7.317799e+06,1.730961e+02,3.313237e+06,,0.000000e+00,0.000000e+00
2013-12-12 00:27:20.000000,0.000000e+00,1.663795e+07,1.180459e+02,7.317972e+06,1.730961e+02,3.313213e+06,,0.000000e+00,0.000000e+00
2013-12-12 00:27:21.000000,0.000000e+00,1.663795e+07,1.180463e+02,7.318143e+06,1.730961e+02,3.313189e+06,,0.000000e+00,0.000000e+00
2013-12-12 00:27:22.000000,0.000000e+00,1.663795e+07,1.180466e+02,7.318316e+06,1.730961e+02,3.313165e+06,,0.000000e+00,0.000000e+00
2013-12-12 00:27:23.000000,0.000000e+00,1.663795e+07,1.180469e+02,7.318488e+06,1.730961e+02,3.313141e+06,,0.000000e+00,0.000000e+00
2013-12-12 00:27:24.000000,0.000000e+00,1.663795e+07,1.180472e+02,7.318660e+06,1.730961e+02,3.313118e+06,,0.000000e+00,0.000000e+00
2013-12-12 00:27:25.000000,0.000000e+00,1.663795e+07,1.180476e+02,7.318832e+06,1.730961e+02,3.313094e+06,,0.000000e+00,0.000000e+00
2013-12-12 00:27:26.000000,0.000000e+00,1.663795e+07,1.180479e+02,7.319005e+06,1.730961e+02,3.313070e+06,,0.000000e+00,0.000000e+00
2013-12-12 00:27:27.000000,0.000000e+00,1.663795e+07,1.180482e+02,7.319176e+06,1.730961e+02,3.313046e+06,,0.000000e+00,0.000000e+00
2013-12-12 00:27:28.000000,0.000000e+00,1.663795e+07,1.180485e+02,7.319349e+06,1.730961e+02,3.313022e+06,,0.000000e+00,0.000000e+00
2013-12-12 00:27:29.000000,0.000000e+00,1.663795e+07,1.180489e+02,7.319521e+06,1.730961e+02,3.312999e+06,,0.000000e+00,0.000000e+00
2013-12-12 00:27:30.000000,0.000000e+00,1.663795e+07,1.180492e+02,7.319693e+06,1.730961e+02,3.312975e+06,,0.000000e+00,0.000000e+00
2013-12-12 00:27:31.000000,0.000000e+00,1.663795e+07,1.180495e+02,7.319865e+06,1.730961e+02,3.312951e+06,,0.000000e+00,0.000000e+00
2013-12-12 00:27:32.000000,0.000000e+00,1.663795e+07,1.180499e+02,7.320038e+06,1.730961e+02,3.312927e+06,,0.000000e+00,0.000000e+00
2013-12-12 00:27:33.000000,0.000000e+00,1.663795e+07,1.180502e+02,7.320210e+06,1.730961e+02,3.312903e+06,,0.000000e+00,0.000000e+00
2013-12-12 00:27:34.000000,0.000000e+00,1.663795e+07,1.180505e+02,7.320382e+06,1.730961e+02,3.312880e+06,,0.000000e+00,0.000000e+00
2013-12-12 00:27:35.000000,0.000000e+00,1.663795e+07,1.180508e+02,7.320554e+06,1.730961e+02,3.312856e+06,,0.000000e+00,0.000000e+00
2013-12-12 00:27:36.000000,0.000000e+00,1.663795e+07,1.180511e+02,7.320726e+06,1.730961e+02,3.312832e+06,,0.000000e+00,0.000000e+00
2013-12-12 00:27:37.000000,0.000000e+00,1.663795e+07,1.180515e+02,7.320898e+06,1.730961e+02,3.312808e+06,,0.000000e+00,0.000000e+00
2013-12-12 00:27:38.000000,0.000000e+00,1.663795e+07,1.180518e+02,7.321070e+06,1.730961e+02,3.312784e+06,,0.000000e+00,0.000000e+00
2013-12-12 00:27:39.000000,0.000000e+00,1.663795e+07,1.180521e+02,7.321243e+06,1.730961e+02,3.312761e+06,,0.000000e+00,0.000000e+00
2013-12-12 00:27:40.000000,0.000000e+00,1.663795e+07,1.180525e+02,7.321415e+06,1.730961e+02,3.312737e+06,,0.000000e+00,0.000000e+00
2013-12-12 00:27:41.000000,0.000000e+00,1.663795e+07,1.180528e+02,7.321587e+06,1.730961e+02,3.312713e+06,,0.000000e+00,0.000000e+00
2013-12-12 00:27:42.000000,0.000000e+00,1.663795e+07,1.180531e+02,7.321759e+06,1.730961e+02,3.312689e+06,,0.000000e+00,0.000000e+00
2013-12-12 00:27:43.000000,0.000000e+00,1.663795e+07,1.180534e+02,7.321931e+06,1.730961e+02,3.312666e+06,,0.000000e+00,0.000000e+00
2013-12-12 00:27:44.000000,0.000000e+00,1.663795e+07,1.180538e+02,7.322103e+06,1.730961e+02,3.312642e+06,,0.000000e+00,0.000000e+00
2013-12-12 00:27:45.000000,0.000000e+00,1.663795e+07,1.180541e+02,7.322276e+06,1.730961e+02,3.312618e+06,,0.000000e+00,0.000000e+00
2013-12-12 00:27:46.000000,0.000000e+00,1.663795e+07,1.180544e+02,7.322448e+06,1.730961e+02,3.312594e+06,,0.000000e+00,0.000000e+00
2013-12-12 00:27:47.000000,0.000000e+00,1.663795e+07,1.180547e+02,7.322620e+06,1.730961e+02,3.312570e+06,,0.000000e+00,0.000000e+00
2013-12-12 00:27:48.000000,0.000000e+00,1.663795e+07,1.180551e+02,7.322792e+06,1.730961e+02,3.312547e+06,,0.000000e+00,0.000000e+00
2013-12-12 00:27:49.000000,0.000000e+00,1.663795e+07,1.180554e+02,7.322964e+06,1.730961e+02,3.312523e+06,,0.000000e+00,0.000000e+00
2013-12-12 00:27:50.000000,0.000000e+00,1.663795e+07,1.180557e+02,7.323136e+06,1.730961e+02,3.312499e+06,,0.000000e+00,0.000000e+00
2013-12-12 00:27:51.000000,0.000000e+00,1.663795e+07,1.180560e+02,7.323309e+06,1.730961e+02,3.312475e+06,,0.000000e+00,0.000000e+00
2013-12-12 00:27:52.000000,0.000000e+00,1.663795e+07,1.180564e+02,7.323481e+06,1.730961e+02,3.312451e+06,,0.000000e+00,0.000000e+00
2013-12-12 00:27:53.000000,0.000000e+00,1.663795e+07,1.180567e+02,7.323653e+06,1.730961e+02,3.312428e+06,,0.000000e+00,0.000000e+00
2013-12-12 00:27:54.000000,0.000000e+00,1.663795e+07,1.180570e+02,7.323825e+06,1.730961e+02,3.312403e+06,,0.000000e+00,0.000000e+00
2013-12-12 00:27:55.000000,0.000000e+00,1.663795e+07,1.180573e+02,7.323997e+06,1.730961e+02,3.312380e+06,,0.000000e+00,0.000000e+00
2013-12-12 00:27:56.000000,0.000000e+00,1.663795e+07,1.180577e+02,7.324169e+06,1.730961e+02,3.312356e+06,,0.000000e+00,0.000000e+00
2013-12-12 00:27:57.000000,0.000000e+00,1.663795e+07,1.180580e+02,7.324342e+06,1.730961e+02,3.312332e+06,,0.000000e+00,0.000000e+00
2013-12-12 00:27:58.000000,0.000000e+00,1.663795e+07,1.180583e+02,7.324513e+06,1.730961e+02,3.312309e+06,,0.000000e+00,0.000000e+00
2013-12-12 00:27:59.000000,0.000000e+00,1.663795e+07,1.180586e+02,7.324686e+06,1.730961e+02,3.312285e+06,,0.000000e+00,0.000000e+00
2013-12-12 00:28:00.000000,0.000000e+00,1.663795e+07,1.180590e+02,7.324858e+06,1.730961e+02,3.312261e+06,,0.000000e+00,0.000000e+00
2013-12-12 00:28:01.000000,0.000000e+00,1.663795e+07,1.180593e+02,7.325030e+06,1.730961e+02,3.312237e+06,,0.000000e+00,0.000000e+00
2013-12-12 00:28:02.000000,0.000000e+00,1.663795e+07,1.180596e+02,7.325202e+06,1.730961e+02,3.312213e+06,,0.000000e+00,0.000000e+00
2013-12-12 00:28:03.000000,0.000000e+00,1.663795e+07,1.180599e+02,7.325375e+06,1.730961e+02,3.312189e+06,,0.000000e+00,0.000000e+00
2013-12-12 00:28:04.000000,0.000000e+00,1.663795e+07,1.180603e+02,7.325546e+06,1.730961e+02,3.312166e+06,,0.000000e+00,0.000000e+00
2013-12-12 00:28:05.000000,0.000000e+00,1.663795e+07,1.180606e+02,7.325719e+06,1.730961e+02,3.312142e+06,,0.000000e+00,0.000000e+00
2013-12-12 00:28:06.000000,0.000000e+00,1.663795e+07,1.180609e+02,7.325891e+06,1.730961e+02,3.312118e+06,,0.000000e+00,0.000000e+00
2013-12-12 00:28:07.000000,0.000000e+00,1.663795e+07,1.180612e+02,7.326063e+06,1.730961e+02,3.312094e+06,,0.000000e+00,0.000000e+00
2013-12-12 00:28:08.000000,0.000000e+00,1.663795e+07,1.180616e+02,7.326235e+06,1.730961e+02,3.312070e+06,,0.000000e+00,0.000000e+00
2013-12-12 00:28:09.000000,0.000000e+00,1.663795e+07,1.180619e+02,7.326408e+06,1.730961e+02,3.312047e+06,,0.000000e+00,0.000000e+00
2013-12-12 00:28:10.000000,0.000000e+00,1.663795e+07,1.180622e+02,7.326579e+06,1.730961e+02,3.312023e+06,,0.000000e+00,0.000000e+00
2013-12-12 00:28:11.000000,0.000000e+00,1.663795e+07,1.180625e+02,7.326752e+06,1.730961e+02,3.311999e+06,,0.000000e+00,0.000000e+00
2013-12-12 00:28:12.000000,0.000000e+00,1.663795e+07,1.180629e+02,7.326924e+06,1.730961e+02,3.311975e+06,,0.000000e+00,0.000000e+00
2013-12-12 00:28:13.000000,0.000000e+00,1.663795e+07,1.180632e+02,7.327096e+06,1.730961e+02,3.311951e+06,,0.000000e+00,0.000000e+00
2013-12-12 00:28:14.000000,0.000000e+00,1.663795e+07,1.180635e+02,7.327268e+06,1.730961e+02,3.311928e+06,,0.000000e+00,0.000000e+00
2013-12-12 00:28:15.000000,0.000000e+00,1.663795e+07,1.180638e+02,7.327441e+06,1.730961e+02,3.311904e+06,,0.000000e+00,0.000000e+00
2013-12-12 00:28:16.000000,0.000000e+00,1.663795e+07,1.180642e+02,7.327612e+06,1.730961e+02,3.311880e+06,,0.000000e+00,0.000000e+00
2013-12-12 00:28:17.000000,0.000000e+00,1.663795e+07,1.180645e+02,7.327785e+06,1.730961e+02,3.311856e+06,,0.000000e+00,0.000000e+00
2013-12-12 00:28:18.000000,0.000000e+00,1.663795e+07,1.180648e+02,7.327956e+06,1.730961e+02,3.311832e+06,,0.000000e+00,0.000000e+00
2013-12-12 00:28:19.000000,0.000000e+00,1.663795e+07,1.180651e+02,7.328129e+06,1.730961e+02,3.311809e+06,,0.000000e+00,0.000000e+00
2013-12-12 00:28:20.000000,0.000000e+00,1.663795e+07,1.180655e+02,7.328301e+06,1.730961e+02,3.311785e+06,,0.000000e+00,0.000000e+00
2013-12-12 00:28:21.000000,0.000000e+00,1.663795e+07,1.180658e+02,7.328473e+06,1.730961e+02,3.311761e+06,,0.000000e+00,0.000000e+00
2013-12-12 00:28:22.000000,0.000000e+00,1.663795e+07,1.180661e+02,7.328645e+06,1.730961e+02,3.311737e+06,,0.000000e+00,0.000000e+00
2013-12-12 00:28:23.000000,0.000000e+00,1.663795e+07,1.180665e+02,7.328818e+06,1.730961e+02,3.311714e+06,,0.000000e+00,0.000000e+00
2013-12-12 00:28:24.000000,0.000000e+00,1.663795e+07,1.180668e+02,7.328989e+06,1.730961e+02,3.311690e+06,,0.000000e+00,0.000000e+00
2013-12-12 00:28:25.000000,0.000000e+00,1.663795e+07,1.180671e+02,7.329162e+06,1.730961e+02,3.311666e+06,,0.000000e+00,0.000000e+00
2013-12-12 00:28:26.000000,0.000000e+00,1.663795e+07,1.180674e+02,7.329334e+06,1.730961e+02,3.311642e+06,,0.000000e+00,0.000000e+00
2013-12-12 00:28:27.000000,0.000000e+00,1.663795e+07,1.180677e+02,7.329506e+06,1.730961e+02,3.311618e+06,,0.000000e+00,0.000000e+00
2013-12-12 00:28:28.000000,0.000000e+00,1.663795e+07,1.180681e+02,7.329678e+06,1.730961e+02,3.311595e+06,,0.000000e+00,0.000000e+00
2013-12-12 00:28:29.000000,0.000000e+00,1.663795e+07,1.180684e+02,7.329851e+06,1.730961e+02,3.311571e+06,,0.000000e+00,0.000000e+00
2013-12-12 00:28:30.000000,0.000000e+00,1.663795e+07,1.180687e+02,7.330022e+06,1.730961e+02,3.311547e+06,,0.000000e+00,0.000000e+00
2013-12-12 00:28:31.000000,0.000000e+00,1.663795e+07,1.180691e+02,7.330195e+06,1.730961e+02,3.311523e+06,,0.000000e+00,0.000000e+00
2013-12-12 00:28:32.000000,0.000000e+00,1.663795e+07,1.180694e+02,7.330367e+06,1.730961e+02,3.311499e+06,,0.000000e+00,0.000000e+00
2013-12-12 00:28:33.000000,0.000000e+00,1.663795e+07,1.180697e+02,7.330539e+06,1.730961e+02,3.311476e+06,,0.000000e+00,0.000000e+00
2013-12-12 00:28:34.000000,0.000000e+00,1.663795e+07,1.180700e+02,7.330711e+06,1.730961e+02,3.311452e+06,,0.000000e+00,0.000000e+00
2013-12-12 00:28:35.000000,0.000000e+00,1.663795e+07,1.180704e+02,7.330883e+06,1.730961e+02,3.311428e+06,,0.000000e+00,0.000000e+00
2013-12-12 00:28:36.000000,0.000000e+00,1.663795e+07,1.180707e+02,7.331055e+06,1.730961e+02,3.311404e+06,,0.000000e+00,0.000000e+00
2013-12-12 00:28:37.000000,0.000000e+00,1.663795e+07,1.180710e+02,7.331228e+06,1.730961e+02,3.311380e+06,,0.000000e+00,0.000000e+00
2013-12-12 00:28:38.000000,0.000000e+00,1.663795e+07,1.180713e+02,7.331400e+06,1.730961e+02,3.311357e+06,,0.000000e+00,0.000000e+00
2013-12-12 00:28:39.000000,0.000000e+00,1.663795e+07,1.180717e+02,7.331572e+06,1.730961e+02,3.311333e+06,,0.000000e+00,0.000000e+00
2013-12-12 00:28:40.000000,0.000000e+00,1.663795e+07,1.180720e+02,7.331744e+06,1.730961e+02,3.311309e+06,,0.000000e+00,0.000000e+00
2013-12-12 00:28:41.000000,0.000000e+00,1.663795e+07,1.180723e+02,7.331916e+06,1.730961e+02,3.311285e+06,,0.000000e+00,0.000000e+00
2013-12-12 00:28:42.000000,0.000000e+00,1.663795e+07,1.180726e+02,7.332088e+06,1.730961e+02,3.311261e+06,,0.000000e+00,0.000000e+00
2013-12-12 00:28:43.000000,0.000000e+00,1.663795e+07,1.180730e+02,7.332261e+06,1.730961e+02,3.311238e+06,,0.000000e+00,0.000000e+00
2013-12-12 00:28:44.000000,0.000000e+00,1.663795e+07,1.180733e+02,7.332433e+06,1.730961e+02,3.311214e+06,,0.000000e+00,0.000000e+00
2013-12-12 00:28:45.000000,0.000000e+00,1.663795e+07,1.180736e+02,7.332605e+06,1.730961e+02,3.311190e+06,,0.000000e+00,0.000000e+00
2013-12-12 00:28:46.000000,0.000000e+00,1.663795e+07,1.180739e+02,7.332777e+06,1.730961e+02,3.311166e+06,,0.000000e+00,0.000000e+00
2013-12-12 00:28:47.000000,0.000000e+00,1.663795e+07,1.180743e+02,7.332949e+06,1.730961e+02,3.311142e+06,,0.000000e+00,0.000000e+00
2013-12-12 00:28:48.000000,0.000000e+00,1.663795e+07,1.180746e+02,7.333121e+06,1.730961e+02,3.311119e+06,,0.000000e+00,0.000000e+00
2013-12-12 00:28:49.000000,0.000000e+00,1.663795e+07,1.180749e+02,7.333294e+06,1.730961e+02,3.311095e+06,,0.000000e+00,0.000000e+00
2013-12-12 00:28:50.000000,0.000000e+00,1.663795e+07,1.180752e+02,7.333466e+06,1.730961e+02,3.311071e+06,,0.000000e+00,0.000000e+00
2013-12-12 00:28:51.000000,0.000000e+00,1.663795e+07,1.180756e+02,7.333638e+06,1.730961e+02,3.311047e+06,,0.000000e+00,0.000000e+00
2013-12-12 00:28:52.000000,0.000000e+00,1.663795e+07,1.180759e+02,7.333810e+06,1.730961e+02,3.311024e+06,,0.000000e+00,0.000000e+00
2013-12-12 00:28:53.000000,0.000000e+00,1.663795e+07,1.180762e+02,7.333982e+06,1.730961e+02,3.311000e+06,,0.000000e+00,0.000000e+00
2013-12-12 00:28:54.000000,0.000000e+00,1.663795e+07,1.180765e+02,7.334155e+06,1.730961e+02,3.310976e+06,,0.000000e+00,0.000000e+00
2013-12-12 00:28:55.000000,0.000000e+00,1.663795e+07,1.180769e+02,7.334326e+06,1.730961e+02,3.310952e+06,,0.000000e+00,0.000000e+00
2013-12-12 00:28:56.000000,0.000000e+00,1.663795e+07,1.180772e+02,7.334499e+06,1.730961e+02,3.310928e+06,,0.000000e+00,0.000000e+00
2013-12-12 00:28:57.000000,0.000000e+00,1.663795e+07,1.180775e+02,7.334671e+06,1.730961e+02,3.310905e+06,,0.000000e+00,0.000000e+00
2013-12-12 00:28:58.000000,0.000000e+00,1.663795e+07,1.180778e+02,7.334843e+06,1.730961e+02,3.310881e+06,,0.000000e+00,0.000000e+00
2013-12-12 00:28:59.000000,0.000000e+00,1.663795e+07,1.180782e+02,7.335015e+06,1.730961e+02,3.310857e+06,,0.000000e+00,0.000000e+00
2013-12-12 00:29:00.000000,0.000000e+00,1.663795e+07,1.180785e+02,7.335188e+06,1.730961e+02,3.310833e+06,,0.000000e+00,0.000000e+00
2013-12-12 00:29:01.000000,0.000000e+00,1.663795e+07,1.180788e+02,7.335359e+06,1.730961e+02,3.310809e+06,,0.000000e+00,0.000000e+00
2013-12-12 00:29:02.000000,0.000000e+00,1.663795e+07,1.180791e+02,7.335532e+06,1.730961e+02,3.310786e+06,,0.000000e+00,0.000000e+00
2013-12-12 00:29:03.000000,0.000000e+00,1.663795e+07,1.180795e+02,7.335704e+06,1.730961e+02,3.310762e+06,,0.000000e+00,0.000000e+00
2013-12-12 00:29:04.000000,0.000000e+00,1.663795e+07,1.180798e+02,7.335876e+06,1.730961e+02,3.310738e+06,,0.000000e+00,0.000000e+00
2013-12-12 00:29:05.000000,0.000000e+00,1.663795e+07,1.180801e+02,7.336048e+06,1.730961e+02,3.310714e+06,,0.000000e+00,0.000000e+00
2013-12-12 00:29:06.000000,0.000000e+00,1.663795e+07,1.180804e+02,7.336221e+06,1.730961e+02,3.310690e+06,,0.000000e+00,0.000000e+00
2013-12-12 00:29:07.000000,0.000000e+00,1.663795e+07,1.180808e+02,7.336392e+06,1.730961e+02,3.310667e+06,,0.000000e+00,0.000000e+00
2013-12-12 00:29:08.000000,0.000000e+00,1.663795e+07,1.180811e+02,7.336565e+06,1.730961e+02,3.310643e+06,,0.000000e+00,0.000000e+00
2013-12-12 00:29:09.000000,0.000000e+00,1.663795e+07,1.180814e+02,7.336737e+06,1.730961e+02,3.310619e+06,,0.000000e+00,0.000000e+00
2013-12-12 00:29:10.000000,0.000000e+00,1.663795e+07,1.180817e+02,7.336909e+06,1.730961e+02,3.310595e+06,,0.000000e+00,0.000000e+00
2013-12-12 00:29:11.000000,0.000000e+00,1.663795e+07,1.180821e+02,7.337081e+06,1.730961e+02,3.310571e+06,,0.000000e+00,0.000000e+00
2013-12-12 00:29:12.000000,0.000000e+00,1.663795e+07,1.180824e+02,7.337254e+06,1.730961e+02,3.310548e+06,,0.000000e+00,0.000000e+00
2013-12-12 00:29:13.000000,0.000000e+00,1.663795e+07,1.180827e+02,7.337425e+06,1.730961e+02,3.310524e+06,,0.000000e+00,0.000000e+00
2013-12-12 00:29:14.000000,0.000000e+00,1.663795e+07,1.180821e+02,7.337598e+06,1.730961e+02,3.310500e+06,,0.000000e+00,0.000000e+00
2013-12-12 00:29:15.000000,0.000000e+00,1.663795e+07,1.180814e+02,7.337769e+06,1.730961e+02,3.310476e+06,,0.000000e+00,0.000000e+00
2013-12-12 00:29:16.000000,0.000000e+00,1.663795e+07,1.180808e+02,7.337942e+06,1.730961e+02,3.310453e+06,,0.000000e+00,0.000000e+00
2013-12-12 00:29:17.000000,0.000000e+00,1.663795e+07,1.180801e+02,7.338114e+06,1.730961e+02,3.310429e+06,,0.000000e+00,0.000000e+00
2013-12-12 00:29:18.000000,0.000000e+00,1.663795e+07,1.180795e+02,7.338286e+06,1.730961e+02,3.310405e+06,,0.000000e+00,0.000000e+00
2013-12-12 00:29:19.000000,0.000000e+00,1.663795e+07,1.180788e+02,7.338458e+06,1.730961e+02,3.310381e+06,,0.000000e+00,0.000000e+00
2013-12-12 00:29:20.000000,0.000000e+00,1.663795e+07,1.180782e+02,7.338631e+06,1.730961e+02,3.310357e+06,,0.000000e+00,0.000000e+00
2013-12-12 00:29:21.000000,0.000000e+00,1.663795e+07,1.180775e+02,7.338802e+06,1.730961e+02,3.310334e+06,,0.000000e+00,0.000000e+00
2013-12-12 00:29:22.000000,0.000000e+00,1.663795e+07,1.180769e+02,7.338975e+06,1.730961e+02,3.310310e+06,,0.000000e+00,0.000000e+00
2013-12-12 00:29:23.000000,0.000000e+00,1.663795e+07,1.180762e+02,7.339147e+06,1.730961e+02,3.310286e+06,,0.000000e+00,0.000000e+00
2013-12-12 00:29:24.000000,0.000000e+00,1.663795e+07,1.180756e+02,7.339319e+06,1.730961e+02,3.310262e+06,,0.000000e+00,0.000000e+00
2013-12-12 00:29:25.000000,0.000000e+00,1.663795e+07,1.180749e+02,7.339491e+06,1.730961e+02,3.310238e+06,,0.000000e+00,0.000000e+00
2013-12-12 00:29:26.000000,0.000000e+00,1.663795e+07,1.180743e+02,7.339664e+06,1.730961e+02,3.310215e+06,,0.000000e+00,0.000000e+00
2013-12-12 00:29:27.000000,0.000000e+00,1.663795e+07,1.180736e+02,7.339835e+06,1.730961e+02,3.310191e+06,,0.000000e+00,0.000000e+00
2013-12-12 00:29:28.000000,0.000000e+00,1.663795e+07,1.180730e+02,7.340008e+06,1.730961e+02,3.310167e+06,,0.000000e+00,0.000000e+00
2013-12-12 00:29:29.000000,0.000000e+00,1.663795e+07,1.180723e+02,7.340180e+06,1.730961e+02,3.310143e+06,,0.000000e+00,0.000000e+00
2013-12-12 00:29:30.000000,0.000000e+00,1.663795e+07,1.180717e+02,7.340352e+06,1.730961e+02,3.310119e+06,,0.000000e+00,0.000000e+00
2013-12-12 00:29:31.000000,0.000000e+00,1.663795e+07,1.180710e+02,7.340524e+06,1.730961e+02,3.310096e+06,,0.000000e+00,0.000000e+00
2013-12-12 00:29:32.000000,0.000000e+00,1.663795e+07,1.180704e+02,7.340696e+06,1.730961e+02,3.310072e+06,,0.000000e+00,0.000000e+00
2013-12-12 00:29:33.000000,0.000000e+00,1.663795e+07,1.180697e+02,7.340868e+06,1.730961e+02,3.310048e+06,,0.000000e+00,0.000000e+00
2013-12-12 00:29:34.000000,0.000000e+00,1.663795e+07,1.180691e+02,7.341041e+06,1.730961e+02,3.310024e+06,,0.000000e+00,0.000000e+00
2013-12-12 00:29:35.000000,0.000000e+00,1.663795e+07,1.180684e+02,7.341212e+06,1.730961e+02,3.310000e+06,,0.000000e+00,0.000000e+00
2013-12-12 00:29:36.000000,0.000000e+00,1.663795e+07,1.180677e+02,7.341385e+06,1.730961e+02,3.309977e+06,,0.000000e+00,0.000000e+00
2013-12-12 00:29:37.000000,0.000000e+00,1.663795e+07,1.180671e+02,7.341557e+06,1.730961e+02,3.309953e+06,,0.000000e+00,0.000000e+00
2013-12-12 00:29:38.000000,0.000000e+00,1.663795e+07,1.180665e+02,7.341729e+06,1.730961e+02,3.309929e+06,,0.000000e+00,0.000000e+00
2013-12-12 00:29:39.000000,0.000000e+00,1.663795e+07,1.180658e+02,7.341901e+06,1.730961e+02,3.309905e+06,,0.000000e+00,0.000000e+00
2013-12-12 00:29:40.000000,0.000000e+00,1.663795e+07,1.180651e+02,7.342074e+06,1.730961e+02,3.309882e+06,,0.000000e+00,0.000000e+00
2013-12-12 00:29:41.000000,0.000000e+00,1.663795e+07,1.180645e+02,7.342245e+06,1.730961e+02,3.309858e+06,,0.000000e+00,0.000000e+00
2013-12-12 00:29:42.000000,0.000000e+00,1.663795e+07,1.180638e+02,7.342418e+06,1.730961e+02,3.309834e+06,,0.000000e+00,0.000000e+00
2013-12-12 00:29:43.000000,0.000000e+00,1.663795e+07,1.180632e+02,7.342590e+06,1.730961e+02,3.309810e+06,,0.000000e+00,0.000000e+00
2013-12-12 00:29:44.000000,0.000000e+00,1.663795e+07,1.180625e+02,7.342762e+06,1.730961e+02,3.309786e+06,,0.000000e+00,0.000000e+00
2013-12-12 00:29:45.000000,0.000000e+00,1.663795e+07,1.180619e+02,7.342934e+06,1.730961e+02,3.309763e+06,,0.000000e+00,0.000000e+00
2013-12-12 00:29:46.000000,0.000000e+00,1.663795e+07,1.180612e+02,7.343107e+06,1.730961e+02,3.309739e+06,,0.000000e+00,0.000000e+00
2013-12-12 00:29:47.000000,0.000000e+00,1.663795e+07,1.180606e+02,7.343279e+06,1.730961e+02,3.309715e+06,,0.000000e+00,0.000000e+00
2013-12-12 00:29:48.000000,0.000000e+00,1.663795e+07,1.180599e+02,7.343451e+06,1.730961e+02,3.309691e+06,,0.000000e+00,0.000000e+00
2013-12-12 00:29:49.000000,0.000000e+00,1.663795e+07,1.180593e+02,7.343623e+06,1.730961e+02,3.309667e+06,,0.000000e+00,0.000000e+00
2013-12-12 00:29:50.000000,0.000000e+00,1.663795e+07,1.180586e+02,7.343795e+06,1.730961e+02,3.309644e+06,,0.000000e+00,0.000000e+00
2013-12-12 00:29:51.000000,0.000000e+00,1.663795e+07,1.180580e+02,7.343967e+06,1.730961e+02,3.309620e+06,,0.000000e+00,0.000000e+00
2013-12-12 00:29:52.000000,0.000000e+00,1.663795e+07,1.180573e+02,7.344139e+06,1.730961e+02,3.309596e+06,,0.000000e+00,0.000000e+00
2013-12-12 00:29:53.000000,0.000000e+00,1.663795e+07,1.180567e+02,7.344312e+06,1.730961e+02,3.309572e+06,,0.000000e+00,0.000000e+00
2013-12-12 00:29:54.000000,0.000000e+00,1.663795e+07,1.180560e+02,7.344484e+06,1.730961e+02,3.309548e+06,,0.000000e+00,0.000000e+00
2013-12-12 00:29:55.000000,0.000000e+00,1.663795e+07,1.180554e+02,7.344656e+06,1.730961e+02,3.309525e+06,,0.000000e+00,0.000000e+00
2013-12-12 00:29:56.000000,0.000000e+00,1.663795e+07,1.180547e+02,7.344828e+06,1.730961e+02,3.309501e+06,,0.000000e+00,0.000000e+00
2013-12-12 00:29:57.000000,0.000000e+00,1.663795e+07,1.180541e+02,7.345000e+06,1.730961e+02,3.309477e+06,,0.000000e+00,0.000000e+00
2013-12-12 00:29:58.000000,0.000000e+00,1.663795e+07,1.180534e+02,7.345172e+06,1.730961e+02,3.309453e+06,,0.000000e+00,0.000000e+00
2013-12-12 00:29:59.000000,0.000000e+00,1.663795e+07,1.180528e+02,7.345345e+06,1.730961e+02,3.309429e+06,,0.000000e+00,0.000000e+00
2013-12-12 00:30:00.000000,0.000000e+00,1.663795e+07,1.180521e+02,7.345517e+06,1.730961e+02,3.309406e+06,,0.000000e+00,0.000000e+00
2013-12-12 00:30:01.000000,0.000000e+00,1.663795e+07,1.180515e+02,7.345689e+06,1.730961e+02,3.309382e+06,,0.000000e+00,0.000000e+00
2013-12-12 00:30:02.000000,0.000000e+00,1.663795e+07,1.180508e+02,7.345861e+06,1.730961e+02,3.309358e+06,,0.000000e+00,0.000000e+00
2013-12-12 00:30:03.000000,0.000000e+00,1.663795e+07,1.180502e+02,7.346033e+06,1.730961e+02,3.309334e+06,,0.000000e+00,0.000000e+00
2013-12-12 00:30:04.000000,0.000000e+00,1.663795e+07,1.180495e+02,7.346205e+06,1.730961e+02,3.309310e+06,,0.000000e+00,0.000000e+00
2013-12-12 00:30:05.000000,0.000000e+00,1.663795e+07,1.180489e+02,7.346378e+06,1.730961e+02,3.309286e+06,,0.000000e+00,0.000000e+00
2013-12-12 00:30:06.000000,0.000000e+00,1.663795e+07,1.180482e+02,7.346550e+06,1.730961e+02,3.309263e+06,,0.000000e+00,0.000000e+00
2013-12-12 00:30:07.000000,0.000000e+00,1.663795e+07,1.180476e+02,7.346722e+06,1.730961e+02,3.309239e+06,,0.000000e+00,0.000000e+00
2013-12-12 00:30:08.000000,0.000000e+00,1.663795e+07,1.180469e+02,7.346894e+06,1.730961e+02,3.309215e+06,,0.000000e+00,0.000000e+00
2013-12-12 00:30:09.000000,0.000000e+00,1.663795e+07,1.180463e+02,7.347066e+06,1.730961e+02,3.309192e+06,,0.000000e+00,0.000000e+00
2013-12-12 00:30:10.000000,0.000000e+00,1.663795e+07,1.180456e+02,7.347238e+06,1.730961e+02,3.309167e+06,,0.000000e+00,0.000000e+00
2013-12-12 00:30:11.000000,0.000000e+00,1.663795e+07,1.180450e+02,7.347411e+06,1.730961e+02,3.309144e+06,,0.000000e+00,0.000000e+00
2013-12-12 00:30:12.000000,0.000000e+00,1.663795e+07,1.180443e+02,7.347582e+06,1.730961e+02,3.309120e+06,,0.000000e+00,0.000000e+00
2013-12-12 00:30:13.000000,0.000000e+00,1.663795e+07,1.180437e+02,7.347755e+06,1.730961e+02,3.309096e+06,,0.000000e+00,0.000000e+00
2013-12-12 00:30:14.000000,0.000000e+00,1.663795e+07,1.180443e+02,7.347927e+06,1.730961e+02,3.309072e+06,,0.000000e+00,0.000000e+00
2013-12-12 00:30:15.000000,0.000000e+00,1.663795e+07,1.180450e+02,7.348099e+06,1.730961e+02,3.309048e+06,,0.000000e+00,0.000000e+00
2013-12-12 00:30:16.000000,0.000000e+00,1.663795e+07,1.180456e+02,7.348271e+06,1.730961e+02,3.309025e+06,,0.000000e+00,0.000000e+00
2013-12-12 00:30:17.000000,0.000000e+00,1.663795e+07,1.180463e+02,7.348444e+06,1.730961e+02,3.309001e+06,,0.000000e+00,0.000000e+00
2013-12-12 00:30:18.000000,0.000000e+00,1.663795e+07,1.180469e+02,7.348615e+06,1.730961e+02,3.308977e+06,,0.000000e+00,0.000000e+00
2013-12-12 00:30:19.000000,0.000000e+00,1.663795e+07,1.180476e+02,7.348788e+06,1.730961e+02,3.308953e+06,,0.000000e+00,0.000000e+00
2013-12-12 00:30:20.000000,0.000000e+00,1.663795e+07,1.180482e+02,7.348960e+06,1.730961e+02,3.308929e+06,,0.000000e+00,0.000000e+00
2013-12-12 00:30:21.000000,0.000000e+00,1.663795e+07,1.180489e+02,7.349132e+06,1.730961e+02,3.308906e+06,,0.000000e+00,0.000000e+00
2013-12-12 00:30:22.000000,0.000000e+00,1.663795e+07,1.180495e+02,7.349304e+06,1.730961e+02,3.308882e+06,,0.000000e+00,0.000000e+00
2013-12-12 00:30:23.000000,0.000000e+00,1.663795e+07,1.180502e+02,7.349477e+06,1.730961e+02,3.308858e+06,,0.000000e+00,0.000000e+00
2013-12-12 00:30:24.000000,0.000000e+00,1.663795e+07,1.180508e+02,7.349648e+06,1.730961e+02,3.308834e+06,,0.000000e+00,0.000000e+00
2013-12-12 00:30:25.000000,0.000000e+00,1.663795e+07,1.180515e+02,7.349821e+06,1.730961e+02,3.308811e+06,,0.000000e+00,0.000000e+00
2013-12-12 00:30:26.000000,0.000000e+00,1.663795e+07,1.180521e+02,7.349993e+06,1.730961e+02,3.308787e+06,,0.000000e+00,0.000000e+00
2013-12-12 00:30:27.000000,0.000000e+00,1.663795e+07,1.180528e+02,7.350165e+06,1.730961e+02,3.308763e+06,,0.000000e+00,0.000000e+00
2013-12-12 00:30:28.000000,0.000000e+00,1.663795e+07,1.180534e+02,7.350337e+06,1.730961e+02,3.308739e+06,,0.000000e+00,0.000000e+00
2013-12-12 00:30:29.000000,0.000000e+00,1.663795e+07,1.180541e+02,7.350510e+06,1.730961e+02,3.308715e+06,,0.000000e+00,0.000000e+00
2013-12-12 00:30:30.000000,0.000000e+00,1.663795e+07,1.180547e+02,7.350681e+06,1.730961e+02,3.308692e+06,,0.000000e+00,0.000000e+00
2013-12-12 00:30:31.000000,0.000000e+00,1.663795e+07,1.180554e+02,7.350854e+06,1.730961e+02,3.308668e+06,,0.000000e+00,0.000000e+00
2013-12-12 00:30:32.000000,0.000000e+00,1.663795e+07,1.180560e+02,7.351025e+06,1.730961e+02,3.308644e+06,,0.000000e+00,0.000000e+00
2013-12-12 00:30:33.000000,0.000000e+00,1.663795e+07,1.180567e+02,7.351198e+06,1.730961e+02,3.308620e+06,,0.000000e+00,0.000000e+00
2013-12-12 00:30:34.000000,0.000000e+00,1.663795e+07,1.180573e+02,7.351370e+06,1.730961e+02,3.308596e+06,,0.000000e+00,0.000000e+00
2013-12-12 00:30:35.000000,0.000000e+00,1.663795e+07,1.180580e+02,7.351542e+06,1.730961e+02,3.308573e+06,,0.000000e+00,0.000000e+00
2013-12-12 00:30:36.000000,0.000000e+00,1.663795e+07,1.180586e+02,7.351714e+06,1.730961e+02,3.308549e+06,,0.000000e+00,0.000000e+00
2013-12-12 00:30:37.000000,0.000000e+00,1.663795e+07,1.180593e+02,7.351887e+06,1.730961e+02,3.308525e+06,,0.000000e+00,0.000000e+00
2013-12-12 00:30:38.000000,0.000000e+00,1.663795e+07,1.180599e+02,7.352058e+06,1.730961e+02,3.308501e+06,,0.000000e+00,0.000000e+00
2013-12-12 00:30:39.000000,0.000000e+00,1.663795e+07,1.180606e+02,7.352231e+06,1.730961e+02,3.308477e+06,,0.000000e+00,0.000000e+00
2013-12-12 00:30:40.000000,0.000000e+00,1.663795e+07,1.180612e+02,7.351134e+06,1.730961e+02,3.308454e+06,,0.000000e+00,0.000000e+00
2013-12-12 00:30:41.000000,0.000000e+00,1.663795e+07,1.180619e+02,7.350037e+06,1.730961e+02,3.308430e+06,,0.000000e+00,0.000000e+00
2013-12-12 00:30:42.000000,0.000000e+00,1.663795e+07,1.180625e+02,7.348940e+06,1.730961e+02,3.308406e+06,,0.000000e+00,0.000000e+00
2013-12-12 00:30:43.000000,0.000000e+00,1.663795e+07,1.180632e+02,7.347842e+06,1.730961e+02,3.308382e+06,,0.000000e+00,0.000000e+00
2013-12-12 00:30:44.000000,0.000000e+00,1.663795e+07,1.180638e+02,7.346745e+06,1.730961e+02,3.308358e+06,,0.000000e+00,0.000000e+00
2013-12-12 00:30:45.000000,0.000000e+00,1.663795e+07,1.180645e+02,7.345648e+06,1.730961e+02,3.308335e+06,,0.000000e+00,0.000000e+00
2013-12-12 00:30:46.000000,0.000000e+00,1.663795e+07,1.180651e+02,7.344551e+06,1.730961e+02,3.308311e+06,,0.000000e+00,0.000000e+00
2013-12-12 00:30:47.000000,0.000000e+00,1.663795e+07,1.180658e+02,7.343454e+06,1.730961e+02,3.308287e+06,,0.000000e+00,0.000000e+00
2013-12-12 00:30:48.000000,0.000000e+00,1.663795e+07,1.180665e+02,7.342357e+06,1.730961e+02,3.308263e+06,,0.000000e+00,0.000000e+00
2013-12-12 00:30:49.000000,0.000000e+00,1.663795e+07,1.180671e+02,7.341260e+06,1.730961e+02,3.308240e+06,,0.000000e+00,0.000000e+00
2013-12-12 00:30:50.000000,0.000000e+00,1.663795e+07,1.180677e+02,7.340163e+06,1.730961e+02,3.308216e+06,,0.000000e+00,0.000000e+00
2013-12-12 00:30:51.000000,0.000000e+00,1.663795e+07,1.180684e+02,7.339066e+06,1.730961e+02,3.308192e+06,,0.000000e+00,0.000000e+00
2013-12-12 00:30:52.000000,0.000000e+00,1.663795e+07,1.180691e+02,7.337968e+06,1.730961e+02,3.308168e+06,,0.000000e+00,0.000000e+00
2013-12-12 00:30:53.000000,0.000000e+00,1.663795e+07,1.180697e+02,7.336871e+06,1.730961e+02,3.308144e+06,,0.000000e+00,0.000000e+00
2013-12-12 00:30:54.000000,0.000000e+00,1.663795e+07,1.180704e+02,7.335774e+06,1.730961e+02,3.308121e+06,,0.000000e+00,0.000000e+00
2013-12-12 00:30:55.000000,0.000000e+00,1.663795e+07,1.180710e+02,7.334677e+06,1.730961e+02,3.308097e+06,,0.000000e+00,0.000000e+00
2013-12-12 00:30:56.000000,0.000000e+00,1.663795e+07,1.180717e+02,7.333580e+06,1.730961e+02,3.308073e+06,,0.000000e+00,0.000000e+00
2013-12-12 00:30:57.000000,0.000000e+00,1.663795e+07,1.180723e+02,7.332483e+06,1.730961e+02,3.308049e+06,,0.000000e+00,0.000000e+00
2013-12-12 00:30:58.000000,0.000000e+00,1.663795e+07,1.180730e+02,7.331386e+06,1.730961e+02,3.308025e+06,,0.000000e+00,0.000000e+00
2013-12-12 00:30:59.000000,0.000000e+00,1.663795e+07,1.180736e+02,7.330289e+06,1.730961e+02,3.308002e+06,,0.000000e+00,0.000000e+00
2013-12-12 00:31:00.000000,0.000000e+00,1.663795e+07,1.180743e+02,7.329192e+06,1.730961e+02,3.307978e+06,,0.000000e+00,0.000000e+00
2013-12-12 00:31:01.000000,0.000000e+00,1.663795e+07,1.180749e+02,7.328094e+06,1.730961e+02,3.307954e+06,,0.000000e+00,0.000000e+00
2013-12-12 00:31:02.000000,0.000000e+00,1.663795e+07,1.180756e+02,7.326997e+06,1.730961e+02,3.307930e+06,,0.000000e+00,0.000000e+00
2013-12-12 00:31:03.000000,0.000000e+00,1.663795e+07,1.180762e+02,7.325900e+06,1.730961e+02,3.307906e+06,,0.000000e+00,0.000000e+00
2013-12-12 00:31:04.000000,0.000000e+00,1.663795e+07,1.180769e+02,7.324803e+06,1.730961e+02,3.307883e+06,,0.000000e+00,0.000000e+00
2013-12-12 00:31:05.000000,0.000000e+00,1.663795e+07,1.180775e+02,7.323706e+06,1.730961e+02,3.307859e+06,,0.000000e+00,0.000000e+00
2013-12-12 00:31:06.000000,0.000000e+00,1.663795e+07,1.180782e+02,7.322609e+06,1.730961e+02,3.307835e+06,,0.000000e+00,0.000000e+00
2013-12-12 00:31:07.000000,0.000000e+00,1.663795e+07,1.180788e+02,7.321512e+06,1.730961e+02,3.307811e+06,,0.000000e+00,0.000000e+00
2013-12-12 00:31:08.000000,0.000000e+00,1.663795e+07,1.180795e+02,7.320415e+06,1.730961e+02,3.307787e+06,,0.000000e+00,0.000000e+00
2013-12-12 00:31:09.000000,0.000000e+00,1.663795e+07,1.180801e+02,7.319318e+06,1.730961e+02,3.307764e+06,,0.000000e+00,0.000000e+00
2013-12-12 00:31:10.000000,0.000000e+00,1.663795e+07,1.180808e+02,7.318221e+06,1.730961e+02,3.307740e+06,,0.000000e+00,0.000000e+00
2013-12-12 00:31:11.000000,0.000000e+00,1.663795e+07,1.180814e+02,7.317124e+06,1.730961e+02,3.307716e+06,,0.000000e+00,0.000000e+00
2013-12-12 00:31:12.000000,0.000000e+00,1.663795e+07,1.180821e+02,7.316027e+06,1.730961e+02,3.307692e+06,,0.000000e+00,0.000000e+00
2013-12-12 00:31:13.000000,0.000000e+00,1.663795e+07,1.180827e+02,7.314930e+06,1.730961e+02,3.307669e+06,,0.000000e+00,0.000000e+00
2013-12-12 00:31:14.000000,0.000000e+00,1.663795e+07,1.180821e+02,7.313833e+06,1.730961e+02,3.307645e+06,,0.000000e+00,0.000000e+00
2013-12-12 00:31:15.000000,0.000000e+00,1.663795e+07,1.180814e+02,7.312736e+06,1.730961e+02,3.307621e+06,,0.000000e+00,0.000000e+00
2013-12-12 00:31:16.000000,0.000000e+00,1.663795e+07,1.180808e+02,7.311639e+06,1.730961e+02,3.307597e+06,,0.000000e+00,0.000000e+00
2013-12-12 00:31:17.000000,0.000000e+00,1.663795e+07,1.180801e+02,7.310542e+06,1.730961e+02,3.307573e+06,,0.000000e+00,0.000000e+00
2013-12-12 00:31:18.000000,0.000000e+00,1.663795e+07,1.180795e+02,7.309444e+06,1.730961e+02,3.307550e+06,,0.000000e+00,0.000000e+00
2013-12-12 00:31:19.000000,0.000000e+00,1.663795e+07,1.180788e+02,7.308347e+06,1.730961e+02,3.307526e+06,,0.000000e+00,0.000000e+00
2013-12-12 00:31:20.000000,0.000000e+00,1.663795e+07,1.180782e+02,7.307250e+06,1.730961e+02,3.307502e+06,,0.000000e+00,0.000000e+00
2013-12-12 00:31:21.000000,0.000000e+00,1.663795e+07,1.180775e+02,7.306153e+06,1.730961e+02,3.307478e+06,,0.000000e+00,0.000000e+00
2013-12-12 00:31:22.000000,0.000000e+00,1.663795e+07,1.180769e+02,7.305056e+06,1.730961e+02,3.307454e+06,,0.000000e+00,0.000000e+00
2013-12-12 00:31:23.000000,0.000000e+00,1.663795e+07,1.180762e+02,7.303959e+06,1.730961e+02,3.307431e+06,,0.000000e+00,0.000000e+00
2013-12-12 00:31:24.000000,0.000000e+00,1.663795e+07,1.180756e+02,7.302862e+06,1.730961e+02,3.307407e+06,,0.000000e+00,0.000000e+00
2013-12-12 00:31:25.000000,0.000000e+00,1.663795e+07,1.180749e+02,7.301765e+06,1.730961e+02,3.307383e+06,,0.000000e+00,0.000000e+00
2013-12-12 00:31:26.000000,0.000000e+00,1.663795e+07,1.180743e+02,7.300668e+06,1.730961e+02,3.307359e+06,,0.000000e+00,0.000000e+00
2013-12-12 00:31:27.000000,0.000000e+00,1.663795e+07,1.180736e+02,7.299570e+06,1.730961e+02,3.307335e+06,,0.000000e+00,0.000000e+00
2013-12-12 00:31:28.000000,0.000000e+00,1.663795e+07,1.180730e+02,7.298473e+06,1.730961e+02,3.307312e+06,,0.000000e+00,0.000000e+00
2013-12-12 00:31:29.000000,0.000000e+00,1.663795e+07,1.180723e+02,7.297376e+06,1.730961e+02,3.307288e+06,,0.000000e+00,0.000000e+00
2013-12-12 00:31:30.000000,0.000000e+00,1.663795e+07,1.180717e+02,7.296279e+06,1.730961e+02,3.307264e+06,,0.000000e+00,0.000000e+00
2013-12-12 00:31:31.000000,0.000000e+00,1.663795e+07,1.180710e+02,7.295182e+06,1.730961e+02,3.307240e+06,,0.000000e+00,0.000000e+00
2013-12-12 00:31:32.000000,0.000000e+00,1.663795e+07,1.180704e+02,7.294085e+06,1.730961e+02,3.307216e+06,,0.000000e+00,0.000000e+00
2013-12-12 00:31:33.000000,0.000000e+00,1.663795e+07,1.180697e+02,7.292988e+06,1.730961e+02,3.307193e+06,,0.000000e+00,0.000000e+00
2013-12-12 00:31:34.000000,0.000000e+00,1.663795e+07,1.180691e+02,7.291891e+06,1.730961e+02,3.307169e+06,,0.000000e+00,0.000000e+00
2013-12-12 00:31:35.000000,0.000000e+00,1.663795e+07,1.180684e+02,7.290794e+06,1.730961e+02,3.307145e+06,,0.000000e+00,0.000000e+00
2013-12-12 00:31:36.000000,0.000000e+00,1.663795e+07,1.180677e+02,7.289697e+06,1.730961e+02,3.307121e+06,,0.000000e+00,0.000000e+00
2013-12-12 00:31:37.000000,0.000000e+00,1.663795e+07,1.180671e+02,7.288599e+06,1.730961e+02,3.307097e+06,,0.000000e+00,0.000000e+00
2013-12-12 00:31:38.000000,0.000000e+00,1.663795e+07,1.180665e+02,7.287502e+06,1.730961e+02,3.307074e+06,,0.000000e+00,0.000000e+00
2013-12-12 00:31:39.000000,0.000000e+00,1.663795e+07,1.180658e+02,7.286405e+06,1.730961e+02,3.307050e+06,,0.000000e+00,0.000000e+00
2013-12-12 00:31:40.000000,0.000000e+00,1.663795e+07,1.180651e+02,7.286881e+06,1.730961e+02,3.307026e+06,,0.000000e+00,0.000000e+00
2013-12-12 00:31:41.000000,0.000000e+00,1.663795e+07,1.180645e+02,7.287357e+06,1.730961e+02,3.307002e+06,,0.000000e+00,0.000000e+00
2013-12-12 00:31:42.000000,0.000000e+00,1.663795e+07,1.180638e+02,7.287834e+06,1.730961e+02,3.306979e+06,,0.000000e+00,0.000000e+00
2013-12-12 00:31:43.000000,0.000000e+00,1.663795e+07,1.180632e+02,7.288310e+06,1.730961e+02,3.306955e+06,,0.000000e+00,0.000000e+00
2013-12-12 00:31:44.000000,0.000000e+00,1.663795e+07,1.180625e+02,7.288786e+06,1.730961e+02,3.306931e+06,,0.000000e+00,0.000000e+00
2013-12-12 00:31:45.000000,0.000000e+00,1.663795e+07,1.180619e+02,7.289262e+06,1.730961e+02,3.306907e+06,,0.000000e+00,0.000000e+00
2013-12-12 00:31:46.000000,0.000000e+00,1.663795e+07,1.180612e+02,7.289738e+06,1.730961e+02,3.306883e+06,,0.000000e+00,0.000000e+00
2013-12-12 00:31:47.000000,0.000000e+00,1.663795e+07,1.180606e+02,7.290215e+06,1.730961e+02,3.306860e+06,,0.000000e+00,0.000000e+00
2013-12-12 00:31:48.000000,0.000000e+00,1.663795e+07,1.180599e+02,7.290691e+06,1.730961e+02,3.306836e+06,,0.000000e+00,0.000000e+00
2013-12-12 00:31:49.000000,0.000000e+00,1.663795e+07,1.180593e+02,7.291167e+06,1.730961e+02,3.306812e+06,,0.000000e+00,0.000000e+00
2013-12-12 00:31:50.000000,0.000000e+00,1.663795e+07,1.180586e+02,7.291644e+06,1.730961e+02,3.306788e+06,,0.000000e+00,0.000000e+00
2013-12-12 00:31:51.000000,0.000000e+00,1.663795e+07,1.180580e+02,7.292120e+06,1.730961e+02,3.306764e+06,,0.000000e+00,0.000000e+00
2013-12-12 00:31:52.000000,0.000000e+00,1.663795e+07,1.180573e+02,7.292596e+06,1.730961e+02,3.306741e+06,,0.000000e+00,0.000000e+00
2013-12-12 00:31:53.000000,0.000000e+00,1.663795e+07,1.180567e+02,7.293073e+06,1.730961e+02,3.306717e+06,,0.000000e+00,0.000000e+00
2013-12-12 00:31:54.000000,0.000000e+00,1.663795e+07,1.180560e+02,7.293549e+06,1.730961e+02,3.306693e+06,,0.000000e+00,0.000000e+00
2013-12-12 00:31:55.000000,0.000000e+00,1.663795e+07,1.180554e+02,7.294025e+06,1.730961e+02,3.306669e+06,,0.000000e+00,0.000000e+00
2013-12-12 00:31:56.000000,0.000000e+00,1.663795e+07,1.180547e+02,7.294501e+06,1.730961e+02,3.306645e+06,,0.000000e+00,0.000000e+00
2013-12-12 00:31:57.000000,0.000000e+00,1.663795e+07,1.180541e+02,7.294977e+06,1.730961e+02,3.306622e+06,,0.000000e+00,0.000000e+00
2013-12-12 00:31:58.000000,0.000000e+00,1.663795e+07,1.180534e+02,7.295453e+06,1.730961e+02,3.306598e+06,,0.000000e+00,0.000000e+00
2013-12-12 00:31:59.000000,0.000000e+00,1.663795e+07,1.180528e+02,7.295930e+06,1.730961e+02,3.306574e+06,,0.000000e+00,0.000000e+00
2013-12-12 00:32:00.000000,0.000000e+00,1.663795e+07,1.180521e+02,7.296406e+06,1.730961e+02,3.306550e+06,,0.000000e+00,0.000000e+00
2013-12-12 00:32:01.000000,0.000000e+00,1.663795e+07,1.180515e+02,7.296882e+06,1.730961e+02,3.306526e+06,,0.000000e+00,0.000000e+00
2013-12-12 00:32:02.000000,0.000000e+00,1.663795e+07,1.180508e+02,7.297358e+06,1.730961e+02,3.306503e+06,,0.000000e+00,0.000000e+00
2013-12-12 00:32:03.000000,0.000000e+00,1.663795e+07,1.180502e+02,7.297834e+06,1.730961e+02,3.306479e+06,,0.000000e+00,0.000000e+00
2013-12-12 00:32:04.000000,0.000000e+00,1.663795e+07,1.180495e+02,7.298311e+06,1.730961e+02,3.306455e+06,,0.000000e+00,0.000000e+00
2013-12-12 00:32:05.000000,0.000000e+00,1.663795e+07,1.180489e+02,7.298787e+06,1.730961e+02,3.306431e+06,,0.000000e+00,0.000000e+00
2013-12-12 00:32:06.000000,0.000000e+00,1.663795e+07,1.180482e+02,7.299263e+06,1.730961e+02,3.306408e+06,,0.000000e+00,0.000000e+00
2013-12-12 00:32:07.000000,0.000000e+00,1.663795e+07,1.180476e+02,7.299739e+06,1.730961e+02,3.306384e+06,,0.000000e+00,0.000000e+00
2013-12-12 00:32:08.000000,0.000000e+00,1.663795e+07,1.180469e+02,7.300215e+06,1.730961e+02,3.306360e+06,,0.000000e+00,0.000000e+00
2013-12-12 00:32:09.000000,0.000000e+00,1.663795e+07,1.180463e+02,7.300691e+06,1.730961e+02,3.306336e+06,,0.000000e+00,0.000000e+00
2013-12-12 00:32:10.000000,0.000000e+00,1.663795e+07,1.180456e+02,7.301168e+06,1.730961e+02,3.306312e+06,,0.000000e+00,0.000000e+00
2013-12-12 00:32:11.000000,0.000000e+00,1.663795e+07,1.180450e+02,7.301644e+06,1.730961e+02,3.306289e+06,,0.000000e+00,0.000000e+00
2013-12-12 00:32:12.000000,0.000000e+00,1.663795e+07,1.180443e+02,7.302120e+06,1.730961e+02,3.306264e+06,,0.000000e+00,0.000000e+00
2013-12-12 00:32:13.000000,0.000000e+00,1.663795e+07,1.180437e+02,7.302596e+06,1.730961e+02,3.306241e+06,,0.000000e+00,0.000000e+00
2013-12-12 00:32:14.000000,0.000000e+00,1.663795e+07,1.180439e+02,7.303072e+06,1.730961e+02,3.306217e+06,,0.000000e+00,0.000000e+00
2013-12-12 00:32:15.000000,0.000000e+00,1.663795e+07,1.180441e+02,7.303549e+06,1.730961e+02,3.306193e+06,,0.000000e+00,0.000000e+00
2013-12-12 00:32:16.000000,0.000000e+00,1.663795e+07,1.180443e+02,7.304025e+06,1.730961e+02,3.306170e+06,,0.000000e+00,0.000000e+00
2013-12-12 00:32:17.000000,0.000000e+00,1.663795e+07,1.180445e+02,7.304501e+06,1.730961e+02,3.306145e+06,,0.000000e+00,0.000000e+00
2013-12-12 00:32:18.000000,0.000000e+00,1.663795e+07,1.180447e+02,7.304977e+06,1.730961e+02,3.306122e+06,,0.000000e+00,0.000000e+00
2013-12-12 00:32:19.000000,0.000000e+00,1.663795e+07,1.180449e+02,7.305453e+06,1.730961e+02,3.306098e+06,,0.000000e+00,0.000000e+00
2013-12-12 00:32:20.000000,0.000000e+00,1.663795e+07,1.180451e+02,7.305930e+06,1.730961e+02,3.306074e+06,,0.000000e+00,0.000000e+00
2013-12-12 00:32:21.000000,0.000000e+00,1.663795e+07,1.180453e+02,7.306406e+06,1.730961e+02,3.306050e+06,,0.000000e+00,0.000000e+00
2013-12-12 00:32:22.000000,0.000000e+00,1.663795e+07,1.180455e+02,7.306882e+06,1.730961e+02,3.306027e+06,,0.000000e+00,0.000000e+00
2013-12-12 00:32:23.000000,0.000000e+00,1.663795e+07,1.180457e+02,7.307359e+06,1.730961e+02,3.306003e+06,,0.000000e+00,0.000000e+00
2013-12-12 00:32:24.000000,0.000000e+00,1.663795e+07,1.180459e+02,7.307835e+06,1.730961e+02,3.305979e+06,,0.000000e+00,0.000000e+00
2013-12-12 00:32:25.000000,0.000000e+00,1.663795e+07,1.180461e+02,7.308311e+06,1.730961e+02,3.305955e+06,,0.000000e+00,0.000000e+00
2013-12-12 00:32:26.000000,0.000000e+00,1.663795e+07,1.180463e+02,7.308788e+06,1.730961e+02,3.305931e+06,,0.000000e+00,0.000000e+00
2013-12-12 00:32:27.000000,0.000000e+00,1.663795e+07,1.180465e+02,7.309264e+06,1.730961e+02,3.305908e+06,,0.000000e+00,0.000000e+00
2013-12-12 00:32:28.000000,0.000000e+00,1.663795e+07,1.180467e+02,7.309740e+06,1.730961e+02,3.305884e+06,,0.000000e+00,0.000000e+00
2013-12-12 00:32:29.000000,0.000000e+00,1.663795e+07,1.180470e+02,7.310216e+06,1.730961e+02,3.305860e+06,,0.000000e+00,0.000000e+00
2013-12-12 00:32:30.000000,0.000000e+00,1.663795e+07,1.180472e+02,7.310692e+06,1.730961e+02,3.305836e+06,,0.000000e+00,0.000000e+00
2013-12-12 00:32:31.000000,0.000000e+00,1.663795e+07,1.180474e+02,7.311169e+06,1.730961e+02,3.305812e+06,,0.000000e+00,0.000000e+00
2013-12-12 00:32:32.000000,0.000000e+00,1.663795e+07,1.180476e+02,7.311645e+06,1.730961e+02,3.305789e+06,,0.000000e+00,0.000000e+00
2013-12-12 00:32:33.000000,0.000000e+00,1.663795e+07,1.180478e+02,7.312121e+06,1.730961e+02,3.305765e+06,,0.000000e+00,0.000000e+00
2013-12-12 00:32:34.000000,0.000000e+00,1.663795e+07,1.180480e+02,7.312597e+06,1.730961e+02,3.305741e+06,,0.000000e+00,0.000000e+00
2013-12-12 00:32:35.000000,0.000000e+00,1.663795e+07,1.180482e+02,7.313073e+06,1.730961e+02,3.305717e+06,,0.000000e+00,0.000000e+00
2013-12-12 00:32:36.000000,0.000000e+00,1.663795e+07,1.180484e+02,7.313549e+06,1.730961e+02,3.305693e+06,,0.000000e+00,0.000000e+00
2013-12-12 00:32:37.000000,0.000000e+00,1.663795e+07,1.180486e+02,7.314026e+06,1.730961e+02,3.305670e+06,,0.000000e+00,0.000000e+00
2013-12-12 00:32:38.000000,0.000000e+00,1.663795e+07,1.180488e+02,7.314502e+06,1.730961e+02,3.305646e+06,,0.000000e+00,0.000000e+00
2013-12-12 00:32:39.000000,0.000000e+00,1.663795e+07,1.180490e+02,7.314978e+06,1.730961e+02,3.305622e+06,,0.000000e+00,0.000000e+00
2013-12-12 00:32:40.000000,0.000000e+00,1.663795e+07,1.180492e+02,7.315454e+06,1.730961e+02,3.305598e+06,,0.000000e+00,0.000000e+00
2013-12-12 00:32:41.000000,0.000000e+00,1.663795e+07,1.180494e+02,7.315930e+06,1.730961e+02,3.305574e+06,,0.000000e+00,0.000000e+00
2013-12-12 00:32:42.000000,0.000000e+00,1.663795e+07,1.180496e+02,7.316407e+06,1.730961e+02,3.305551e+06,,0.000000e+00,0.000000e+00
2013-12-12 00:32:43.000000,0.000000e+00,1.663795e+07,1.180498e+02,7.316883e+06,1.730961e+02,3.305527e+06,,0.000000e+00,0.000000e+00
2013-12-12 00:32:44.000000,0.000000e+00,1.663795e+07,1.180500e+02,7.317359e+06,1.730961e+02,3.305503e+06,,0.000000e+00,0.000000e+00
2013-12-12 00:32:45.000000,0.000000e+00,1.663795e+07,1.180502e+02,7.317835e+06,1.730961e+02,3.305479e+06,,0.000000e+00,0.000000e+00
2013-12-12 00:32:46.000000,0.000000e+00,1.663795e+07,1.180504e+02,7.318311e+06,1.730961e+02,3.305455e+06,,0.000000e+00,0.000000e+00
2013-12-12 00:32:47.000000,0.000000e+00,1.663795e+07,1.180507e+02,7.318787e+06,1.730961e+02,3.305432e+06,,0.000000e+00,0.000000e+00
2013-12-12 00:32:48.000000,0.000000e+00,1.663795e+07,1.180509e+02,7.319264e+06,1.730961e+02,3.305408e+06,,0.000000e+00,0.000000e+00
2013-12-12 00:32:49.000000,0.000000e+00,1.663795e+07,1.180511e+02,7.319740e+06,1.730961e+02,3.305384e+06,,0.000000e+00,0.000000e+00
2013-12-12 00:32:50.000000,0.000000e+00,1.663795e+07,1.180513e+02,7.320216e+06,1.730961e+02,3.305360e+06,,0.000000e+00,0.000000e+00
2013-12-12 00:32:51.000000,0.000000e+00,1.663795e+07,1.180515e+02,7.320692e+06,1.730961e+02,3.305337e+06,,0.000000e+00,0.000000e+00
2013-12-12 00:32:52.000000,0.000000e+00,1.663795e+07,1.180517e+02,7.321169e+06,1.730961e+02,3.305313e+06,,0.000000e+00,0.000000e+00
2013-12-12 00:32:53.000000,0.000000e+00,1.663795e+07,1.180519e+02,7.321645e+06,1.730961e+02,3.305289e+06,,0.000000e+00,0.000000e+00
2013-12-12 00:32:54.000000,0.000000e+00,1.663795e+07,1.180521e+02,7.322121e+06,1.730961e+02,3.305265e+06,,0.000000e+00,0.000000e+00
2013-12-12 00:32:55.000000,0.000000e+00,1.663795e+07,1.180523e+02,7.322598e+06,1.730961e+02,3.305241e+06,,0.000000e+00,0.000000e+00
2013-12-12 00:32:56.000000,0.000000e+00,1.663795e+07,1.180525e+02,7.323074e+06,1.730961e+02,3.305218e+06,,0.000000e+00,0.000000e+00
2013-12-12 00:32:57.000000,0.000000e+00,1.663795e+07,1.180527e+02,7.323550e+06,1.730961e+02,3.305194e+06,,0.000000e+00,0.000000e+00
2013-12-12 00:32:58.000000,0.000000e+00,1.663795e+07,1.180529e+02,7.324026e+06,1.730961e+02,3.305170e+06,,0.000000e+00,0.000000e+00
2013-12-12 00:32:59.000000,0.000000e+00,1.663795e+07,1.180531e+02,7.324503e+06,1.730961e+02,3.305146e+06,,0.000000e+00,0.000000e+00
2013-12-12 00:33:00.000000,0.000000e+00,1.663795e+07,1.180533e+02,7.324979e+06,1.730961e+02,3.305122e+06,,0.000000e+00,0.000000e+00
2013-12-12 00:33:01.000000,0.000000e+00,1.663795e+07,1.180535e+02,7.325455e+06,1.730961e+02,3.305099e+06,,0.000000e+00,0.000000e+00
2013-12-12 00:33:02.000000,0.000000e+00,1.663795e+07,1.180537e+02,7.325931e+06,1.730961e+02,3.305075e+06,,0.000000e+00,0.000000e+00
2013-12-12 00:33:03.000000,0.000000e+00,1.663795e+07,1.180539e+02,7.326407e+06,1.730961e+02,3.305051e+06,,0.000000e+00,0.000000e+00
2013-12-12 00:33:04.000000,0.000000e+00,1.663795e+07,1.180541e+02,7.326884e+06,1.730961e+02,3.305027e+06,,0.000000e+00,0.000000e+00
2013-12-12 00:33:05.000000,0.000000e+00,1.663795e+07,1.180544e+02,7.327360e+06,1.730961e+02,3.305003e+06,,0.000000e+00,0.000000e+00
2013-12-12 00:33:06.000000,0.000000e+00,1.663795e+07,1.180546e+02,7.327836e+06,1.730961e+02,3.304980e+06,,0.000000e+00,0.000000e+00
2013-12-12 00:33:07.000000,0.000000e+00,1.663795e+07,1.180548e+02,7.328312e+06,1.730961e+02,3.304956e+06,,0.000000e+00,0.000000e+00
2013-12-12 00:33:08.000000,0.000000e+00,1.663795e+07,1.180550e+02,7.328788e+06,1.730961e+02,3.304932e+06,,0.000000e+00,0.000000e+00
2013-12-12 00:33:09.000000,0.000000e+00,1.663795e+07,1.180552e+02,7.329265e+06,1.730961e+02,3.304908e+06,,0.000000e+00,0.000000e+00
2013-12-12 00:33:10.000000,0.000000e+00,1.663795e+07,1.180554e+02,7.329741e+06,1.730961e+02,3.304884e+06,,0.000000e+00,0.000000e+00
2013-12-12 00:33:11.000000,0.000000e+00,1.663795e+07,1.180556e+02,7.330217e+06,1.730961e+02,3.304861e+06,,0.000000e+00,0.000000e+00
2013-12-12 00:33:12.000000,0.000000e+00,1.663795e+07,1.180558e+02,7.330693e+06,1.730961e+02,3.304837e+06,,0.000000e+00,0.000000e+00
2013-12-12 00:33:13.000000,0.000000e+00,1.663795e+07,1.180560e+02,7.331169e+06,1.730961e+02,3.304813e+06,,0.000000e+00,0.000000e+00
2013-12-12 00:33:14.000000,0.000000e+00,1.663795e+07,1.180562e+02,7.331645e+06,1.730961e+02,3.304789e+06,,0.000000e+00,0.000000e+00
2013-12-12 00:33:15.000000,0.000000e+00,1.663795e+07,1.180564e+02,7.332122e+06,1.730961e+02,3.304766e+06,,0.000000e+00,0.000000e+00
2013-12-12 00:33:16.000000,0.000000e+00,1.663795e+07,1.180566e+02,7.332598e+06,1.730961e+02,3.304742e+06,,0.000000e+00,0.000000e+00
2013-12-12 00:33:17.000000,0.000000e+00,1.663795e+07,1.180568e+02,7.333074e+06,1.730961e+02,3.304718e+06,,0.000000e+00,0.000000e+00
2013-12-12 00:33:18.000000,0.000000e+00,1.663795e+07,1.180570e+02,7.333550e+06,1.730961e+02,3.304694e+06,,0.000000e+00,0.000000e+00
2013-12-12 00:33:19.000000,0.000000e+00,1.663795e+07,1.180572e+02,7.334026e+06,1.730961e+02,3.304670e+06,,0.000000e+00,0.000000e+00
2013-12-12 00:33:20.000000,0.000000e+00,1.663795e+07,1.180574e+02,7.334503e+06,1.730961e+02,3.304647e+06,,0.000000e+00,0.000000e+00
2013-12-12 00:33:21.000000,0.000000e+00,1.663795e+07,1.180576e+02,7.334979e+06,1.730961e+02,3.304623e+06,,0.000000e+00,0.000000e+00
2013-12-12 00:33:22.000000,0.000000e+00,1.663795e+07,1.180578e+02,7.335455e+06,1.730961e+02,3.304599e+06,,0.000000e+00,0.000000e+00
2013-12-12 00:33:23.000000,0.000000e+00,1.663795e+07,1.180581e+02,7.335931e+06,1.730961e+02,3.304575e+06,,0.000000e+00,0.000000e+00
2013-12-12 00:33:24.000000,0.000000e+00,1.663795e+07,1.180583e+02,7.336407e+06,1.730961e+02,3.304551e+06,,0.000000e+00,0.000000e+00
2013-12-12 00:33:25.000000,0.000000e+00,1.663795e+07,1.180585e+02,7.336884e+06,1.730961e+02,3.304528e+06,,0.000000e+00,0.000000e+00
2013-12-12 00:33:26.000000,0.000000e+00,1.663795e+07,1.180587e+02,7.337360e+06,1.730961e+02,3.304504e+06,,0.000000e+00,0.000000e+00
2013-12-12 00:33:27.000000,0.000000e+00,1.663795e+07,1.180589e+02,7.337836e+06,1.730961e+02,3.304480e+06,,0.000000e+00,0.000000e+00
2013-12-12 00:33:28.000000,0.000000e+00,1.663795e+07,1.180591e+02,7.338313e+06,1.730961e+02,3.304456e+06,,0.000000e+00,0.000000e+00
2013-12-12 00:33:29.000000,0.000000e+00,1.663795e+07,1.180593e+02,7.338789e+06,1.730961e+02,3.304432e+06,,0.000000e+00,0.000000e+00
2013-12-12 00:33:30.000000,0.000000e+00,1.663795e+07,1.180595e+02,7.339265e+06,1.730961e+02,3.304409e+06,,0.000000e+00,0.000000e+00
2013-12-12 00:33:31.000000,0.000000e+00,1.663795e+07,1.180597e+02,7.339742e+06,1.730961e+02,3.304385e+06,,0.000000e+00,0.000000e+00
2013-12-12 00:33:32.000000,0.000000e+00,1.663795e+07,1.180599e+02,7.340218e+06,1.730961e+02,3.304361e+06,,0.000000e+00,0.000000e+00
2013-12-12 00:33:33.000000,0.000000e+00,1.663795e+07,1.180601e+02,7.340694e+06,1.730961e+02,3.304337e+06,,0.000000e+00,0.000000e+00
2013-12-12 00:33:34.000000,0.000000e+00,1.663795e+07,1.180603e+02,7.341170e+06,1.730961e+02,3.304313e+06,,0.000000e+00,0.000000e+00
2013-12-12 00:33:35.000000,0.000000e+00,1.663795e+07,1.180605e+02,7.341646e+06,1.730961e+02,3.304290e+06,,0.000000e+00,0.000000e+00
2013-12-12 00:33:36.000000,0.000000e+00,1.663795e+07,1.180607e+02,7.342122e+06,1.730961e+02,3.304266e+06,,0.000000e+00,0.000000e+00
2013-12-12 00:33:37.000000,0.000000e+00,1.663795e+07,1.180609e+02,7.342599e+06,1.730961e+02,3.304242e+06,,0.000000e+00,0.000000e+00
2013-12-12 00:33:38.000000,0.000000e+00,1.663795e+07,1.180611e+02,7.343075e+06,1.730961e+02,3.304218e+06,,0.000000e+00,0.000000e+00
2013-12-12 00:33:39.000000,0.000000e+00,1.663795e+07,1.180613e+02,7.343551e+06,1.730961e+02,3.304195e+06,,0.000000e+00,0.000000e+00
2013-12-12 00:33:40.000000,0.000000e+00,1.663795e+07,1.180615e+02,7.340199e+06,1.730961e+02,3.304171e+06,,0.000000e+00,0.000000e+00
2013-12-12 00:33:41.000000,0.000000e+00,1.663795e+07,1.180618e+02,7.336848e+06,1.730961e+02,3.304147e+06,,0.000000e+00,0.000000e+00
2013-12-12 00:33:42.000000,0.000000e+00,1.663795e+07,1.180620e+02,7.333496e+06,1.730961e+02,3.304123e+06,,0.000000e+00,0.000000e+00
2013-12-12 00:33:43.000000,0.000000e+00,1.663795e+07,1.180622e+02,7.330145e+06,1.730961e+02,3.304099e+06,,0.000000e+00,0.000000e+00
2013-12-12 00:33:44.000000,0.000000e+00,1.663795e+07,1.180624e+02,7.326793e+06,1.730961e+02,3.304076e+06,,0.000000e+00,0.000000e+00
2013-12-12 00:33:45.000000,0.000000e+00,1.663795e+07,1.180626e+02,7.323441e+06,1.730961e+02,3.304052e+06,,0.000000e+00,0.000000e+00
2013-12-12 00:33:46.000000,0.000000e+00,1.663795e+07,1.180628e+02,7.320090e+06,1.730961e+02,3.304028e+06,,0.000000e+00,0.000000e+00
2013-12-12 00:33:47.000000,0.000000e+00,1.663795e+07,1.180630e+02,7.316738e+06,1.730961e+02,3.304004e+06,,0.000000e+00,0.000000e+00
2013-12-12 00:33:48.000000,0.000000e+00,1.663795e+07,1.180632e+02,7.313387e+06,1.730961e+02,3.303980e+06,,0.000000e+00,0.000000e+00
2013-12-12 00:33:49.000000,0.000000e+00,1.663795e+07,1.180634e+02,7.310035e+06,1.730961e+02,3.303957e+06,,0.000000e+00,0.000000e+00
2013-12-12 00:33:50.000000,0.000000e+00,1.663795e+07,1.180636e+02,7.306683e+06,1.730961e+02,3.303933e+06,,0.000000e+00,0.000000e+00
2013-12-12 00:33:51.000000,0.000000e+00,1.663795e+07,1.180638e+02,7.303332e+06,1.730961e+02,3.303909e+06,,0.000000e+00,0.000000e+00
2013-12-12 00:33:52.000000,0.000000e+00,1.663795e+07,1.180640e+02,7.299980e+06,1.730961e+02,3.303885e+06,,0.000000e+00,0.000000e+00
2013-12-12 00:33:53.000000,0.000000e+00,1.663795e+07,1.180642e+02,7.296629e+06,1.730961e+02,3.303861e+06,,0.000000e+00,0.000000e+00
2013-12-12 00:33:54.000000,0.000000e+00,1.663795e+07,1.180644e+02,7.293277e+06,1.730961e+02,3.303838e+06,,0.000000e+00,0.000000e+00
2013-12-12 00:33:55.000000,0.000000e+00,1.663795e+07,1.180646e+02,7.289926e+06,1.730961e+02,3.303814e+06,,0.000000e+00,0.000000e+00
2013-12-12 00:33:56.000000,0.000000e+00,1.663795e+07,1.180648e+02,7.286575e+06,1.730961e+02,3.303790e+06,,0.000000e+00,0.000000e+00
2013-12-12 00:33:57.000000,0.000000e+00,1.663795e+07,1.180650e+02,7.283223e+06,1.730961e+02,3.303766e+06,,0.000000e+00,0.000000e+00
2013-12-12 00:33:58.000000,0.000000e+00,1.663795e+07,1.180652e+02,7.279871e+06,1.730961e+02,3.303742e+06,,0.000000e+00,0.000000e+00
2013-12-12 00:33:59.000000,0.000000e+00,1.663795e+07,1.180655e+02,7.276520e+06,1.730961e+02,3.303719e+06,,0.000000e+00,0.000000e+00
2013-12-12 00:34:00.000000,0.000000e+00,1.663795e+07,1.180657e+02,7.273168e+06,1.730961e+02,3.303695e+06,,0.000000e+00,0.000000e+00
2013-12-12 00:34:01.000000,0.000000e+00,1.663795e+07,1.180659e+02,7.269817e+06,1.730961e+02,3.303671e+06,,0.000000e+00,0.000000e+00
2013-12-12 00:34:02.000000,0.000000e+00,1.663795e+07,1.180661e+02,7.266465e+06,1.730961e+02,3.303647e+06,,0.000000e+00,0.000000e+00
2013-12-12 00:34:03.000000,0.000000e+00,1.663795e+07,1.180663e+02,7.263113e+06,1.730961e+02,3.303624e+06,,0.000000e+00,0.000000e+00
2013-12-12 00:34:04.000000,0.000000e+00,1.663795e+07,1.180665e+02,7.259762e+06,1.730961e+02,3.303600e+06,,0.000000e+00,0.000000e+00
2013-12-12 00:34:05.000000,0.000000e+00,1.663795e+07,1.180667e+02,7.256410e+06,1.730961e+02,3.303576e+06,,0.000000e+00,0.000000e+00
2013-12-12 00:34:06.000000,0.000000e+00,1.663795e+07,1.180669e+02,7.253059e+06,1.730961e+02,3.303552e+06,,0.000000e+00,0.000000e+00
2013-12-12 00:34:07.000000,0.000000e+00,1.663795e+07,1.180671e+02,7.249707e+06,1.730961e+02,3.303528e+06,,0.000000e+00,0.000000e+00
2013-12-12 00:34:08.000000,0.000000e+00,1.663795e+07,1.180673e+02,7.246355e+06,1.730961e+02,3.303505e+06,,0.000000e+00,0.000000e+00
2013-12-12 00:34:09.000000,0.000000e+00,1.663795e+07,1.180675e+02,7.243004e+06,1.730961e+02,3.303481e+06,,0.000000e+00,0.000000e+00
2013-12-12 00:34:10.000000,0.000000e+00,1.663795e+07,1.180677e+02,7.243914e+06,1.730961e+02,3.303457e+06,,0.000000e+00,0.000000e+00
2013-12-12 00:34:11.000000,0.000000e+00,1.663795e+07,1.180679e+02,7.244824e+06,1.730961e+02,3.303433e+06,,0.000000e+00,0.000000e+00
2013-12-12 00:34:12.000000,0.000000e+00,1.663795e+07,1.180681e+02,7.245734e+06,1.730961e+02,3.303409e+06,,0.000000e+00,0.000000e+00
2013-12-12 00:34:13.000000,0.000000e+00,1.663795e+07,1.180683e+02,7.246645e+06,1.730961e+02,3.303386e+06,,0.000000e+00,0.000000e+00
2013-12-12 00:34:14.000000,0.000000e+00,1.663795e+07,1.180685e+02,7.247555e+06,1.730961e+02,3.303362e+06,,0.000000e+00,0.000000e+00
2013-12-12 00:34:15.000000,0.000000e+00,1.663795e+07,1.180687e+02,7.248465e+06,1.730961e+02,3.303338e+06,,0.000000e+00,0.000000e+00
2013-12-12 00:34:16.000000,0.000000e+00,1.663795e+07,1.180690e+02,7.249375e+06,1.730961e+02,3.303314e+06,,0.000000e+00,0.000000e+00
2013-12-12 00:34:17.000000,0.000000e+00,1.663795e+07,1.180692e+02,7.250285e+06,1.730961e+02,3.303290e+06,,0.000000e+00,0.000000e+00
2013-12-12 00:34:18.000000,0.000000e+00,1.663795e+07,1.180694e+02,7.251196e+06,1.730961e+02,3.303267e+06,,0.000000e+00,0.000000e+00
2013-12-12 00:34:19.000000,0.000000e+00,1.663795e+07,1.180696e+02,7.252106e+06,1.730961e+02,3.303242e+06,,0.000000e+00,0.000000e+00
2013-12-12 00:34:20.000000,0.000000e+00,1.663795e+07,1.180698e+02,7.253017e+06,1.730961e+02,3.303219e+06,,0.000000e+00,0.000000e+00
2013-12-12 00:34:21.000000,0.000000e+00,1.663795e+07,1.180700e+02,7.253927e+06,1.730961e+02,3.303195e+06,,0.000000e+00,0.000000e+00
2013-12-12 00:34:22.000000,0.000000e+00,1.663795e+07,1.180702e+02,7.254837e+06,1.730961e+02,3.303171e+06,,0.000000e+00,0.000000e+00
2013-12-12 00:34:23.000000,0.000000e+00,1.663795e+07,1.180704e+02,7.255747e+06,1.730961e+02,3.303148e+06,,0.000000e+00,0.000000e+00
2013-12-12 00:34:24.000000,0.000000e+00,1.663795e+07,1.180706e+02,7.256657e+06,1.730961e+02,3.303124e+06,,0.000000e+00,0.000000e+00
2013-12-12 00:34:25.000000,0.000000e+00,1.663795e+07,1.180708e+02,7.257568e+06,1.730961e+02,3.303100e+06,,0.000000e+00,0.000000e+00
2013-12-12 00:34:26.000000,0.000000e+00,1.663795e+07,1.180710e+02,7.258478e+06,1.730961e+02,3.303076e+06,,0.000000e+00,0.000000e+00
2013-12-12 00:34:27.000000,0.000000e+00,1.663795e+07,1.180712e+02,7.259388e+06,1.730961e+02,3.303052e+06,,0.000000e+00,0.000000e+00
2013-12-12 00:34:28.000000,0.000000e+00,1.663795e+07,1.180714e+02,7.260298e+06,1.730961e+02,3.303028e+06,,0.000000e+00,0.000000e+00
2013-12-12 00:34:29.000000,0.000000e+00,1.663795e+07,1.180716e+02,7.261208e+06,1.730961e+02,3.303005e+06,,0.000000e+00,0.000000e+00
2013-12-12 00:34:30.000000,0.000000e+00,1.663795e+07,1.180718e+02,7.262119e+06,1.730961e+02,3.302981e+06,,0.000000e+00,0.000000e+00
2013-12-12 00:34:31.000000,0.000000e+00,1.663795e+07,1.180720e+02,7.263029e+06,1.730961e+02,3.302957e+06,,0.000000e+00,0.000000e+00
2013-12-12 00:34:32.000000,0.000000e+00,1.663795e+07,1.180722e+02,7.263939e+06,1.730961e+02,3.302934e+06,,0.000000e+00,0.000000e+00
2013-12-12 00:34:33.000000,0.000000e+00,1.663795e+07,1.180724e+02,7.264849e+06,1.730961e+02,3.302909e+06,,0.000000e+00,0.000000e+00
2013-12-12 00:34:34.000000,0.000000e+00,1.663795e+07,1.180727e+02,7.265759e+06,1.730961e+02,3.302886e+06,,0.000000e+00,0.000000e+00
2013-12-12 00:34:35.000000,0.000000e+00,1.663795e+07,1.180729e+02,7.266669e+06,1.730961e+02,3.302862e+06,,0.000000e+00,0.000000e+00
2013-12-12 00:34:36.000000,0.000000e+00,1.663795e+07,1.180731e+02,7.267580e+06,1.730961e+02,3.302838e+06,,0.000000e+00,0.000000e+00
2013-12-12 00:34:37.000000,0.000000e+00,1.663795e+07,1.180733e+02,7.268490e+06,1.730961e+02,3.302814e+06,,0.000000e+00,0.000000e+00
2013-12-12 00:34:38.000000,0.000000e+00,1.663795e+07,1.180735e+02,7.269400e+06,1.730961e+02,3.302790e+06,,0.000000e+00,0.000000e+00
2013-12-12 00:34:39.000000,0.000000e+00,1.663795e+07,1.180737e+02,7.270311e+06,1.730961e+02,3.302767e+06,,0.000000e+00,0.000000e+00
2013-12-12 00:34:40.000000,0.000000e+00,1.663795e+07,1.180739e+02,7.271221e+06,1.730961e+02,3.302743e+06,,0.000000e+00,0.000000e+00
2013-12-12 00:34:41.000000,0.000000e+00,1.663795e+07,1.180741e+02,7.272131e+06,1.730961e+02,3.302719e+06,,0.000000e+00,0.000000e+00
2013-12-12 00:34:42.000000,0.000000e+00,1.663795e+07,1.180743e+02,7.273042e+06,1.730961e+02,3.302695e+06,,0.000000e+00,0.000000e+00
2013-12-12 00:34:43.000000,0.000000e+00,1.663795e+07,1.180745e+02,7.273952e+06,1.730961e+02,3.302671e+06,,0.000000e+00,0.000000e+00
2013-12-12 00:34:44.000000,0.000000e+00,1.663795e+07,1.180747e+02,7.274862e+06,1.730961e+02,3.302648e+06,,0.000000e+00,0.000000e+00
2013-12-12 00:34:45.000000,0.000000e+00,1.663795e+07,1.180749e+02,7.275772e+06,1.730961e+02,3.302624e+06,,0.000000e+00,0.000000e+00
2013-12-12 00:34:46.000000,0.000000e+00,1.663795e+07,1.180751e+02,7.276682e+06,1.730961e+02,3.302600e+06,,0.000000e+00,0.000000e+00
2013-12-12 00:34:47.000000,0.000000e+00,1.663795e+07,1.180753e+02,7.277592e+06,1.730961e+02,3.302576e+06,,0.000000e+00,0.000000e+00
2013-12-12 00:34:48.000000,0.000000e+00,1.663795e+07,1.180755e+02,7.278503e+06,1.730961e+02,3.302553e+06,,0.000000e+00,0.000000e+00
2013-12-12 00:34:49.000000,0.000000e+00,1.663795e+07,1.180757e+02,7.279413e+06,1.730961e+02,3.302529e+06,,0.000000e+00,0.000000e+00
2013-12-12 00:34:50.000000,0.000000e+00,1.663795e+07,1.180759e+02,7.280323e+06,1.730961e+02,3.302505e+06,,0.000000e+00,0.000000e+00
2013-12-12 00:34:51.000000,0.000000e+00,1.663795e+07,1.180761e+02,7.281233e+06,1.730961e+02,3.302481e+06,,0.000000e+00,0.000000e+00
2013-12-12 00:34:52.000000,0.000000e+00,1.663795e+07,1.180764e+02,7.282143e+06,1.730961e+02,3.302457e+06,,0.000000e+00,0.000000e+00
2013-12-12 00:34:53.000000,0.000000e+00,1.663795e+07,1.180766e+02,7.283054e+06,1.730961e+02,3.302434e+06,,0.000000e+00,0.000000e+00
2013-12-12 00:34:54.000000,0.000000e+00,1.663795e+07,1.180768e+02,7.283964e+06,1.730961e+02,3.302410e+06,,0.000000e+00,0.000000e+00
2013-12-12 00:34:55.000000,0.000000e+00,1.663795e+07,1.180770e+02,7.284874e+06,1.730961e+02,3.302386e+06,,0.000000e+00,0.000000e+00
2013-12-12 00:34:56.000000,0.000000e+00,1.663795e+07,1.180772e+02,7.285784e+06,1.730961e+02,3.302362e+06,,0.000000e+00,0.000000e+00
2013-12-12 00:34:57.000000,0.000000e+00,1.663795e+07,1.180774e+02,7.286694e+06,1.730961e+02,3.302338e+06,,0.000000e+00,0.000000e+00
2013-12-12 00:34:58.000000,0.000000e+00,1.663795e+07,1.180776e+02,7.287605e+06,1.730961e+02,3.302315e+06,,0.000000e+00,0.000000e+00
2013-12-12 00:34:59.000000,0.000000e+00,1.663795e+07,1.180778e+02,7.288515e+06,1.730961e+02,3.302291e+06,,0.000000e+00,0.000000e+00
2013-12-12 00:35:00.000000,0.000000e+00,1.663795e+07,1.180780e+02,7.289426e+06,1.730961e+02,3.302267e+06,,0.000000e+00,0.000000e+00
2013-12-12 00:35:01.000000,0.000000e+00,1.663795e+07,1.180782e+02,7.290336e+06,1.730961e+02,3.302243e+06,,0.000000e+00,0.000000e+00
2013-12-12 00:35:02.000000,0.000000e+00,1.663795e+07,1.180784e+02,7.291246e+06,1.730961e+02,3.302219e+06,,0.000000e+00,0.000000e+00
2013-12-12 00:35:03.000000,0.000000e+00,1.663795e+07,1.180786e+02,7.292156e+06,1.730961e+02,3.302196e+06,,0.000000e+00,0.000000e+00
2013-12-12 00:35:04.000000,0.000000e+00,1.663795e+07,1.180788e+02,7.293066e+06,1.730961e+02,3.302172e+06,,0.000000e+00,0.000000e+00
2013-12-12 00:35:05.000000,0.000000e+00,1.663795e+07,1.180790e+02,7.293977e+06,1.730961e+02,3.302148e+06,,0.000000e+00,0.000000e+00
2013-12-12 00:35:06.000000,0.000000e+00,1.663795e+07,1.180792e+02,7.294887e+06,1.730961e+02,3.302124e+06,,0.000000e+00,0.000000e+00
2013-12-12 00:35:07.000000,0.000000e+00,1.663795e+07,1.180794e+02,7.295797e+06,1.730961e+02,3.302100e+06,,0.000000e+00,0.000000e+00
2013-12-12 00:35:08.000000,0.000000e+00,1.663795e+07,1.180796e+02,7.296707e+06,1.730961e+02,3.302077e+06,,0.000000e+00,0.000000e+00
2013-12-12 00:35:09.000000,0.000000e+00,1.663795e+07,1.180798e+02,7.297617e+06,1.730961e+02,3.302053e+06,,0.000000e+00,0.000000e+00
2013-12-12 00:35:10.000000,0.000000e+00,1.663795e+07,1.180801e+02,7.298528e+06,1.730961e+02,3.302029e+06,,0.000000e+00,0.000000e+00
2013-12-12 00:35:11.000000,0.000000e+00,1.663795e+07,1.180803e+02,7.299438e+06,1.730961e+02,3.302005e+06,,0.000000e+00,0.000000e+00
2013-12-12 00:35:12.000000,0.000000e+00,1.663795e+07,1.180805e+02,7.300348e+06,1.730961e+02,3.301982e+06,,0.000000e+00,0.000000e+00
2013-12-12 00:35:13.000000,0.000000e+00,1.663795e+07,1.180807e+02,7.301258e+06,1.730961e+02,3.301958e+06,,0.000000e+00,0.000000e+00
2013-12-12 00:35:14.000000,0.000000e+00,1.663795e+07,1.180809e+02,7.302168e+06,1.730961e+02,3.301934e+06,,0.000000e+00,0.000000e+00
2013-12-12 00:35:15.000000,0.000000e+00,1.663795e+07,1.180811e+02,7.303078e+06,1.730961e+02,3.301910e+06,,0.000000e+00,0.000000e+00
2013-12-12 00:35:16.000000,0.000000e+00,1.663795e+07,1.180813e+02,7.303989e+06,1.730961e+02,3.301886e+06,,0.000000e+00,0.000000e+00
2013-12-12 00:35:17.000000,0.000000e+00,1.663795e+07,1.180815e+02,7.304899e+06,1.730961e+02,3.301863e+06,,0.000000e+00,0.000000e+00
2013-12-12 00:35:18.000000,0.000000e+00,1.663795e+07,1.180817e+02,7.305809e+06,1.730961e+02,3.301839e+06,,0.000000e+00,0.000000e+00
2013-12-12 00:35:19.000000,0.000000e+00,1.663795e+07,1.180819e+02,7.306720e+06,1.730961e+02,3.301815e+06,,0.000000e+00,0.000000e+00
2013-12-12 00:35:20.000000,0.000000e+00,1.663795e+07,1.180821e+02,7.307630e+06,1.730961e+02,3.301791e+06,,0.000000e+00,0.000000e+00
2013-12-12 00:35:21.000000,0.000000e+00,1.663795e+07,1.180823e+02,7.308540e+06,1.730961e+02,3.301767e+06,,0.000000e+00,0.000000e+00
2013-12-12 00:35:22.000000,0.000000e+00,1.663795e+07,1.180825e+02,7.309451e+06,1.730961e+02,3.301744e+06,,0.000000e+00,0.000000e+00
2013-12-12 00:35:23.000000,0.000000e+00,1.663795e+07,1.180827e+02,7.310361e+06,1.730961e+02,3.301720e+06,,0.000000e+00,0.000000e+00
2013-12-12 00:35:24.000000,0.000000e+00,1.663795e+07,1.180821e+02,7.311271e+06,1.730961e+02,3.301696e+06,,0.000000e+00,0.000000e+00
2013-12-12 00:35:25.000000,0.000000e+00,1.663795e+07,1.180814e+02,7.312181e+06,1.730961e+02,3.301672e+06,,0.000000e+00,0.000000e+00
2013-12-12 00:35:26.000000,0.000000e+00,1.663795e+07,1.180808e+02,7.313091e+06,1.730961e+02,3.301648e+06,,0.000000e+00,0.000000e+00
2013-12-12 00:35:27.000000,0.000000e+00,1.663795e+07,1.180801e+02,7.314001e+06,1.730961e+02,3.301625e+06,,0.000000e+00,0.000000e+00
2013-12-12 00:35:28.000000,0.000000e+00,1.663795e+07,1.180795e+02,7.314912e+06,1.730961e+02,3.301601e+06,,0.000000e+00,0.000000e+00
2013-12-12 00:35:29.000000,0.000000e+00,1.663795e+07,1.180788e+02,7.315822e+06,1.730961e+02,3.301577e+06,,0.000000e+00,0.000000e+00
2013-12-12 00:35:30.000000,0.000000e+00,1.663795e+07,1.180782e+02,7.316732e+06,1.730961e+02,3.301553e+06,,0.000000e+00,0.000000e+00
2013-12-12 00:35:31.000000,0.000000e+00,1.663795e+07,1.180775e+02,7.317642e+06,1.730961e+02,3.301529e+06,,0.000000e+00,0.000000e+00
2013-12-12 00:35:32.000000,0.000000e+00,1.663795e+07,1.180769e+02,7.318552e+06,1.730961e+02,3.301506e+06,,0.000000e+00,0.000000e+00
2013-12-12 00:35:33.000000,0.000000e+00,1.663795e+07,1.180762e+02,7.319463e+06,1.730961e+02,3.301482e+06,,0.000000e+00,0.000000e+00
2013-12-12 00:35:34.000000,0.000000e+00,1.663795e+07,1.180756e+02,7.320373e+06,1.730961e+02,3.301458e+06,,0.000000e+00,0.000000e+00
2013-12-12 00:35:35.000000,0.000000e+00,1.663795e+07,1.180749e+02,7.321283e+06,1.730961e+02,3.301434e+06,,0.000000e+00,0.000000e+00
2013-12-12 00:35:36.000000,0.000000e+00,1.663795e+07,1.180743e+02,7.322193e+06,1.730961e+02,3.301410e+06,,0.000000e+00,0.000000e+00
2013-12-12 00:35:37.000000,0.000000e+00,1.663795e+07,1.180736e+02,7.323103e+06,1.730961e+02,3.301387e+06,,0.000000e+00,0.000000e+00
2013-12-12 00:35:38.000000,0.000000e+00,1.663795e+07,1.180730e+02,7.324014e+06,1.730961e+02,3.301363e+06,,0.000000e+00,0.000000e+00
2013-12-12 00:35:39.000000,0.000000e+00,1.663795e+07,1.180723e+02,7.324924e+06,1.730961e+02,3.301339e+06,,0.000000e+00,0.000000e+00
2013-12-12 00:35:40.000000,0.000000e+00,1.663795e+07,1.180717e+02,7.325835e+06,1.730961e+02,3.301315e+06,,0.000000e+00,0.000000e+00
2013-12-12 00:35:41.000000,0.000000e+00,1.663795e+07,1.180710e+02,7.326745e+06,1.730961e+02,3.301292e+06,,0.000000e+00,0.000000e+00
2013-12-12 00:35:42.000000,0.000000e+00,1.663795e+07,1.180704e+02,7.327655e+06,1.730961e+02,3.301268e+06,,0.000000e+00,0.000000e+00
2013-12-12 00:35:43.000000,0.000000e+00,1.663795e+07,1.180697e+02,7.328565e+06,1.730961e+02,3.301244e+06,,0.000000e+00,0.000000e+00
2013-12-12 00:35:44.000000,0.000000e+00,1.663795e+07,1.180691e+02,7.329475e+06,1.730961e+02,3.301220e+06,,0.000000e+00,0.000000e+00
2013-12-12 00:35:45.000000,0.000000e+00,1.663795e+07,1.180684e+02,7.330386e+06,1.730961e+02,3.301196e+06,,0.000000e+00,0.000000e+00
2013-12-12 00:35:46.000000,0.000000e+00,1.663795e+07,1.180677e+02,7.331296e+06,1.730961e+02,3.301173e+06,,0.000000e+00,0.000000e+00
2013-12-12 00:35:47.000000,0.000000e+00,1.663795e+07,1.180671e+02,7.332206e+06,1.730961e+02,3.301149e+06,,0.000000e+00,0.000000e+00
2013-12-12 00:35:48.000000,0.000000e+00,1.663795e+07,1.180665e+02,7.333116e+06,1.730961e+02,3.301125e+06,,0.000000e+00,0.000000e+00
2013-12-12 00:35:49.000000,0.000000e+00,1.663795e+07,1.180658e+02,7.334026e+06,1.730961e+02,3.301101e+06,,0.000000e+00,0.000000e+00
2013-12-12 00:35:50.000000,0.000000e+00,1.663795e+07,1.180651e+02,7.334937e+06,1.730961e+02,3.301077e+06,,0.000000e+00,0.000000e+00
2013-12-12 00:35:51.000000,0.000000e+00,1.663795e+07,1.180645e+02,7.335847e+06,1.730961e+02,3.301054e+06,,0.000000e+00,0.000000e+00
2013-12-12 00:35:52.000000,0.000000e+00,1.663795e+07,1.180638e+02,7.336757e+06,1.730961e+02,3.301030e+06,,0.000000e+00,0.000000e+00
2013-12-12 00:35:53.000000,0.000000e+00,1.663795e+07,1.180632e+02,7.337667e+06,1.730961e+02,3.301006e+06,,0.000000e+00,0.000000e+00
2013-12-12 00:35:54.000000,0.000000e+00,1.663795e+07,1.180625e+02,7.338577e+06,1.730961e+02,3.300982e+06,,0.000000e+00,0.000000e+00
2013-12-12 00:35:55.000000,0.000000e+00,1.663795e+07,1.180619e+02,7.339487e+06,1.730961e+02,3.300958e+06,,0.000000e+00,0.000000e+00
2013-12-12 00:35:56.000000,0.000000e+00,1.663795e+07,1.180612e+02,7.340398e+06,1.730961e+02,3.300935e+06,,0.000000e+00,0.000000e+00
2013-12-12 00:35:57.000000,0.000000e+00,1.663795e+07,1.180606e+02,7.341308e+06,1.730961e+02,3.300911e+06,,0.000000e+00,0.000000e+00
2013-12-12 00:35:58.000000,0.000000e+00,1.663795e+07,1.180599e+02,7.342218e+06,1.730961e+02,3.300887e+06,,0.000000e+00,0.000000e+00
2013-12-12 00:35:59.000000,0.000000e+00,1.663795e+07,1.180593e+02,7.343129e+06,1.730961e+02,3.300863e+06,,0.000000e+00,0.000000e+00
2013-12-12 00:36:00.000000,0.000000e+00,1.663795e+07,1.180586e+02,7.344039e+06,1.730961e+02,3.300839e+06,,0.000000e+00,0.000000e+00
2013-12-12 00:36:01.000000,0.000000e+00,1.663795e+07,1.180580e+02,7.344949e+06,1.730961e+02,3.300816e+06,,0.000000e+00,0.000000e+00
2013-12-12 00:36:02.000000,0.000000e+00,1.663795e+07,1.180573e+02,7.345860e+06,1.730961e+02,3.300792e+06,,0.000000e+00,0.000000e+00
2013-12-12 00:36:03.000000,0.000000e+00,1.663795e+07,1.180567e+02,7.346770e+06,1.730961e+02,3.300768e+06,,0.000000e+00,0.000000e+00
2013-12-12 00:36:04.000000,0.000000e+00,1.663795e+07,1.180560e+02,7.347680e+06,1.730961e+02,3.300744e+06,,0.000000e+00,0.000000e+00
2013-12-12 00:36:05.000000,0.000000e+00,1.663795e+07,1.180554e+02,7.348590e+06,1.730961e+02,3.300721e+06,,0.000000e+00,0.000000e+00
2013-12-12 00:36:06.000000,0.000000e+00,1.663795e+07,1.180547e+02,7.349500e+06,1.730961e+02,3.300697e+06,,0.000000e+00,0.000000e+00
2013-12-12 00:36:07.000000,0.000000e+00,1.663795e+07,1.180541e+02,7.350410e+06,1.730961e+02,3.300673e+06,,0.000000e+00,0.000000e+00
2013-12-12 00:36:08.000000,0.000000e+00,1.663795e+07,1.180534e+02,7.351321e+06,1.730961e+02,3.300649e+06,,0.000000e+00,0.000000e+00
2013-12-12 00:36:09.000000,0.000000e+00,1.663795e+07,1.180528e+02,7.352231e+06,1.730961e+02,3.300625e+06,,0.000000e+00,0.000000e+00
2013-12-12 00:36:10.000000,0.000000e+00,1.663795e+07,1.180521e+02,7.350495e+06,1.730961e+02,3.300602e+06,,0.000000e+00,0.000000e+00
2013-12-12 00:36:11.000000,0.000000e+00,1.663795e+07,1.180515e+02,7.348759e+06,1.730961e+02,3.300578e+06,,0.000000e+00,0.000000e+00
2013-12-12 00:36:12.000000,0.000000e+00,1.663795e+07,1.180508e+02,7.347023e+06,1.730961e+02,3.300554e+06,,0.000000e+00,0.000000e+00
2013-12-12 00:36:13.000000,0.000000e+00,1.663795e+07,1.180502e+02,7.345287e+06,1.730961e+02,3.300530e+06,,0.000000e+00,0.000000e+00
2013-12-12 00:36:14.000000,0.000000e+00,1.663801e+07,1.180495e+02,7.343551e+06,1.730961e+02,3.300506e+06,,0.000000e+00,0.000000e+00
2013-12-12 00:36:15.000000,0.000000e+00,1.663807e+07,1.180489e+02,7.341814e+06,1.730961e+02,3.300483e+06,,0.000000e+00,0.000000e+00
2013-12-12 00:36:16.000000,0.000000e+00,1.663814e+07,1.180482e+02,7.340079e+06,1.730961e+02,3.300459e+06,,0.000000e+00,0.000000e+00
2013-12-12 00:36:17.000000,0.000000e+00,1.663820e+07,1.180476e+02,7.338342e+06,1.730961e+02,3.300435e+06,,0.000000e+00,0.000000e+00
2013-12-12 00:36:18.000000,0.000000e+00,1.663827e+07,1.180469e+02,7.336607e+06,1.730961e+02,3.300411e+06,,0.000000e+00,0.000000e+00
2013-12-12 00:36:19.000000,0.000000e+00,1.663833e+07,1.180463e+02,7.334870e+06,1.730961e+02,3.300387e+06,,0.000000e+00,0.000000e+00
2013-12-12 00:36:20.000000,0.000000e+00,1.663840e+07,1.180456e+02,7.333134e+06,1.730961e+02,3.300364e+06,,0.000000e+00,0.000000e+00
2013-12-12 00:36:21.000000,0.000000e+00,1.663846e+07,1.180450e+02,7.331398e+06,1.730961e+02,3.300340e+06,,0.000000e+00,0.000000e+00
2013-12-12 00:36:22.000000,0.000000e+00,1.663853e+07,1.180443e+02,7.329662e+06,1.730961e+02,3.300316e+06,,0.000000e+00,0.000000e+00
2013-12-12 00:36:23.000000,0.000000e+00,1.663859e+07,1.180437e+02,7.327926e+06,1.730961e+02,3.300292e+06,,0.000000e+00,0.000000e+00
2013-12-12 00:36:24.000000,0.000000e+00,1.663865e+07,1.180440e+02,7.326190e+06,1.730961e+02,3.300268e+06,,0.000000e+00,0.000000e+00
2013-12-12 00:36:25.000000,0.000000e+00,1.663872e+07,1.180443e+02,7.324454e+06,1.730961e+02,3.300245e+06,,0.000000e+00,0.000000e+00
2013-12-12 00:36:26.000000,0.000000e+00,1.663878e+07,1.180446e+02,7.322718e+06,1.730961e+02,3.300221e+06,,0.000000e+00,0.000000e+00
2013-12-12 00:36:27.000000,0.000000e+00,1.663885e+07,1.180450e+02,7.320982e+06,1.730961e+02,3.300197e+06,,0.000000e+00,0.000000e+00
2013-12-12 00:36:28.000000,0.000000e+00,1.663891e+07,1.180453e+02,7.319246e+06,1.730961e+02,3.300173e+06,,0.000000e+00,0.000000e+00
2013-12-12 00:36:29.000000,0.000000e+00,1.663898e+07,1.180456e+02,7.317509e+06,1.730961e+02,3.300150e+06,,0.000000e+00,0.000000e+00
2013-12-12 00:36:30.000000,0.000000e+00,1.663904e+07,1.180459e+02,7.315774e+06,1.730961e+02,3.300126e+06,,0.000000e+00,0.000000e+00
2013-12-12 00:36:31.000000,0.000000e+00,1.663910e+07,1.180463e+02,7.314037e+06,1.730961e+02,3.300102e+06,,0.000000e+00,0.000000e+00
2013-12-12 00:36:32.000000,0.000000e+00,1.663917e+07,1.180466e+02,7.312302e+06,1.730961e+02,3.300078e+06,,0.000000e+00,0.000000e+00
2013-12-12 00:36:33.000000,0.000000e+00,1.663923e+07,1.180469e+02,7.310565e+06,1.730961e+02,3.300054e+06,,0.000000e+00,0.000000e+00
2013-12-12 00:36:34.000000,0.000000e+00,1.663930e+07,1.180472e+02,7.308829e+06,1.730961e+02,3.300031e+06,,0.000000e+00,0.000000e+00
2013-12-12 00:36:35.000000,0.000000e+00,1.663936e+07,1.180476e+02,7.307093e+06,1.730961e+02,3.300006e+06,,0.000000e+00,0.000000e+00
2013-12-12 00:36:36.000000,0.000000e+00,1.663943e+07,1.180479e+02,7.305357e+06,1.730961e+02,3.299983e+06,,0.000000e+00,0.000000e+00
2013-12-12 00:36:37.000000,0.000000e+00,1.663949e+07,1.180482e+02,7.303621e+06,1.730961e+02,3.299959e+06,,0.000000e+00,0.000000e+00
2013-12-12 00:36:38.000000,0.000000e+00,1.663955e+07,1.180485e+02,7.301885e+06,1.730961e+02,3.299935e+06,,0.000000e+00,0.000000e+00
2013-12-12 00:36:39.000000,0.000000e+00,1.663962e+07,1.180489e+02,7.300150e+06,1.730961e+02,3.299911e+06,,0.000000e+00,0.000000e+00
2013-12-12 00:36:40.000000,0.000000e+00,1.663968e+07,1.180492e+02,7.298413e+06,1.730961e+02,3.299887e+06,,0.000000e+00,0.000000e+00
2013-12-12 00:36:41.000000,0.000000e+00,1.663975e+07,1.180495e+02,7.296677e+06,1.730961e+02,3.299864e+06,,0.000000e+00,0.000000e+00
2013-12-12 00:36:42.000000,0.000000e+00,1.663981e+07,1.180499e+02,7.294941e+06,1.730961e+02,3.299840e+06,,0.000000e+00,0.000000e+00
2013-12-12 00:36:43.000000,0.000000e+00,1.663988e+07,1.180502e+02,7.293205e+06,1.730961e+02,3.299816e+06,,0.000000e+00,0.000000e+00
2013-12-12 00:36:44.000000,0.000000e+00,1.663994e+07,1.180505e+02,7.291469e+06,1.730961e+02,3.299792e+06,,0.000000e+00,0.000000e+00
2013-12-12 00:36:45.000000,0.000000e+00,1.664001e+07,1.180508e+02,7.289733e+06,1.730961e+02,3.299769e+06,,0.000000e+00,0.000000e+00
2013-12-12 00:36:46.000000,0.000000e+00,1.664007e+07,1.180511e+02,7.287997e+06,1.730961e+02,3.299745e+06,,0.000000e+00,0.000000e+00
2013-12-12 00:36:47.000000,0.000000e+00,1.664013e+07,1.180515e+02,7.286261e+06,1.730961e+02,3.299721e+06,,0.000000e+00,0.000000e+00
2013-12-12 00:36:48.000000,0.000000e+00,1.664020e+07,1.180518e+02,7.284525e+06,1.730961e+02,3.299697e+06,,0.000000e+00,0.000000e+00
2013-12-12 00:36:49.000000,0.000000e+00,1.664026e+07,1.180521e+02,7.282789e+06,1.730961e+02,3.299673e+06,,0.000000e+00,0.000000e+00
2013-12-12 00:36:50.000000,0.000000e+00,1.664033e+07,1.180525e+02,7.281052e+06,1.730961e+02,3.299650e+06,,0.000000e+00,0.000000e+00
2013-12-12 00:36:51.000000,0.000000e+00,1.664039e+07,1.180528e+02,7.279317e+06,1.730961e+02,3.299626e+06,,0.000000e+00,0.000000e+00
2013-12-12 00:36:52.000000,0.000000e+00,1.664046e+07,1.180531e+02,7.277580e+06,1.730961e+02,3.299602e+06,,0.000000e+00,0.000000e+00
2013-12-12 00:36:53.000000,0.000000e+00,1.664052e+07,1.180534e+02,7.275845e+06,1.730961e+02,3.299578e+06,,0.000000e+00,0.000000e+00
2013-12-12 00:36:54.000000,0.000000e+00,1.664058e+07,1.180538e+02,7.274108e+06,1.730961e+02,3.299554e+06,,0.000000e+00,0.000000e+00
2013-12-12 00:36:55.000000,0.000000e+00,1.664065e+07,1.180541e+02,7.272372e+06,1.730961e+02,3.299531e+06,,0.000000e+00,0.000000e+00
2013-12-12 00:36:56.000000,0.000000e+00,1.664071e+07,1.180544e+02,7.270636e+06,1.730961e+02,3.299507e+06,,0.000000e+00,0.000000e+00
2013-12-12 00:36:57.000000,0.000000e+00,1.664078e+07,1.180547e+02,7.268900e+06,1.730961e+02,3.299483e+06,,0.000000e+00,0.000000e+00
2013-12-12 00:36:58.000000,0.000000e+00,1.664084e+07,1.180551e+02,7.267164e+06,1.730961e+02,3.299459e+06,,0.000000e+00,0.000000e+00
2013-12-12 00:36:59.000000,0.000000e+00,1.664091e+07,1.180554e+02,7.265428e+06,1.730961e+02,3.299435e+06,,0.000000e+00,0.000000e+00
2013-12-12 00:37:00.000000,0.000000e+00,1.664097e+07,1.180557e+02,7.263692e+06,1.730961e+02,3.299412e+06,,0.000000e+00,0.000000e+00
2013-12-12 00:37:01.000000,0.000000e+00,1.664103e+07,1.180560e+02,7.261956e+06,1.730961e+02,3.299388e+06,,0.000000e+00,0.000000e+00
2013-12-12 00:37:02.000000,0.000000e+00,1.664110e+07,1.180564e+02,7.260220e+06,1.730961e+02,3.299364e+06,,0.000000e+00,0.000000e+00
2013-12-12 00:37:03.000000,0.000000e+00,1.664116e+07,1.180567e+02,7.258484e+06,1.730961e+02,3.299340e+06,,0.000000e+00,0.000000e+00
2013-12-12 00:37:04.000000,0.000000e+00,1.664123e+07,1.180570e+02,7.256747e+06,1.730961e+02,3.299316e+06,,0.000000e+00,0.000000e+00
2013-12-12 00:37:05.000000,0.000000e+00,1.664129e+07,1.180573e+02,7.255012e+06,1.730961e+02,3.299293e+06,,0.000000e+00,0.000000e+00
2013-12-12 00:37:06.000000,0.000000e+00,1.664136e+07,1.180577e+02,7.253275e+06,1.730961e+02,3.299269e+06,,0.000000e+00,0.000000e+00
2013-12-12 00:37:07.000000,0.000000e+00,1.664142e+07,1.180580e+02,7.251540e+06,1.730961e+02,3.299245e+06,,0.000000e+00,0.000000e+00
2013-12-12 00:37:08.000000,0.000000e+00,1.664149e+07,1.180583e+02,7.249803e+06,1.730961e+02,3.299221e+06,,0.000000e+00,0.000000e+00
2013-12-12 00:37:09.000000,0.000000e+00,1.664155e+07,1.180586e+02,7.248067e+06,1.730961e+02,3.299197e+06,,0.000000e+00,0.000000e+00
2013-12-12 00:37:10.000000,0.000000e+00,1.664161e+07,1.180590e+02,7.251443e+06,1.730961e+02,3.299174e+06,,0.000000e+00,0.000000e+00
2013-12-12 00:37:11.000000,0.000000e+00,1.664168e+07,1.180593e+02,7.254819e+06,1.730961e+02,3.299150e+06,,0.000000e+00,0.000000e+00
2013-12-12 00:37:12.000000,0.000000e+00,1.664174e+07,1.180596e+02,7.258195e+06,1.730961e+02,3.299126e+06,,0.000000e+00,0.000000e+00
2013-12-12 00:37:13.000000,0.000000e+00,1.664181e+07,1.180599e+02,7.261570e+06,1.730961e+02,3.299102e+06,,0.000000e+00,0.000000e+00
2013-12-12 00:37:14.000000,0.000000e+00,1.664187e+07,1.180603e+02,7.264946e+06,1.730961e+02,3.299079e+06,,0.000000e+00,0.000000e+00
2013-12-12 00:37:15.000000,0.000000e+00,1.664194e+07,1.180606e+02,7.268321e+06,1.730961e+02,3.299055e+06,,0.000000e+00,0.000000e+00
2013-12-12 00:37:16.000000,0.000000e+00,1.664200e+07,1.180609e+02,7.271697e+06,1.730961e+02,3.299031e+06,,0.000000e+00,0.000000e+00
2013-12-12 00:37:17.000000,0.000000e+00,1.664206e+07,1.180612e+02,7.275073e+06,1.730961e+02,3.299007e+06,,0.000000e+00,0.000000e+00
2013-12-12 00:37:18.000000,0.000000e+00,1.664213e+07,1.180616e+02,7.278448e+06,1.730961e+02,3.298983e+06,,0.000000e+00,0.000000e+00
2013-12-12 00:37:19.000000,0.000000e+00,1.664219e+07,1.180619e+02,7.281824e+06,1.730961e+02,3.298960e+06,,0.000000e+00,0.000000e+00
2013-12-12 00:37:20.000000,0.000000e+00,1.664226e+07,1.180622e+02,7.285200e+06,1.730961e+02,3.298936e+06,,0.000000e+00,0.000000e+00
2013-12-12 00:37:21.000000,0.000000e+00,1.664232e+07,1.180625e+02,7.288576e+06,1.730961e+02,3.298912e+06,,0.000000e+00,0.000000e+00
2013-12-12 00:37:22.000000,0.000000e+00,1.664239e+07,1.180629e+02,7.291951e+06,1.730961e+02,3.298888e+06,,0.000000e+00,0.000000e+00
2013-12-12 00:37:23.000000,0.000000e+00,1.664245e+07,1.180632e+02,7.295327e+06,1.730961e+02,3.298864e+06,,0.000000e+00,0.000000e+00
2013-12-12 00:37:24.000000,0.000000e+00,1.664251e+07,1.180635e+02,7.298703e+06,1.730961e+02,3.298841e+06,,0.000000e+00,0.000000e+00
2013-12-12 00:37:25.000000,0.000000e+00,1.664258e+07,1.180638e+02,7.302078e+06,1.730961e+02,3.298817e+06,,0.000000e+00,0.000000e+00
2013-12-12 00:37:26.000000,0.000000e+00,1.664264e+07,1.180642e+02,7.305454e+06,1.730961e+02,3.298793e+06,,0.000000e+00,0.000000e+00
2013-12-12 00:37:27.000000,0.000000e+00,1.664271e+07,1.180645e+02,7.308829e+06,1.730961e+02,3.298769e+06,,0.000000e+00,0.000000e+00
2013-12-12 00:37:28.000000,0.000000e+00,1.664277e+07,1.180648e+02,7.312206e+06,1.730961e+02,3.298745e+06,,0.000000e+00,0.000000e+00
2013-12-12 00:37:29.000000,0.000000e+00,1.664284e+07,1.180651e+02,7.315581e+06,1.730961e+02,3.298722e+06,,0.000000e+00,0.000000e+00
2013-12-12 00:37:30.000000,0.000000e+00,1.664290e+07,1.180655e+02,7.318957e+06,1.730961e+02,3.298698e+06,,0.000000e+00,0.000000e+00
2013-12-12 00:37:31.000000,0.000000e+00,1.664297e+07,1.180658e+02,7.322332e+06,1.730961e+02,3.298674e+06,,0.000000e+00,0.000000e+00
2013-12-12 00:37:32.000000,0.000000e+00,1.664303e+07,1.180661e+02,7.325708e+06,1.730961e+02,3.298650e+06,,0.000000e+00,0.000000e+00
2013-12-12 00:37:33.000000,0.000000e+00,1.664309e+07,1.180665e+02,7.329084e+06,1.730961e+02,3.298626e+06,,0.000000e+00,0.000000e+00
2013-12-12 00:37:34.000000,0.000000e+00,1.664316e+07,1.180668e+02,7.332459e+06,1.730961e+02,3.298603e+06,,0.000000e+00,0.000000e+00
2013-12-12 00:37:35.000000,0.000000e+00,1.664322e+07,1.180671e+02,7.335835e+06,1.730961e+02,3.298579e+06,,0.000000e+00,0.000000e+00
2013-12-12 00:37:36.000000,0.000000e+00,1.664329e+07,1.180674e+02,7.339211e+06,1.730961e+02,3.298555e+06,,0.000000e+00,0.000000e+00
2013-12-12 00:37:37.000000,0.000000e+00,1.664335e+07,1.180677e+02,7.342587e+06,1.730961e+02,3.298531e+06,,0.000000e+00,0.000000e+00
2013-12-12 00:37:38.000000,0.000000e+00,1.664342e+07,1.180681e+02,7.345962e+06,1.730961e+02,3.298508e+06,,0.000000e+00,0.000000e+00
2013-12-12 00:37:39.000000,0.000000e+00,1.664348e+07,1.180684e+02,7.349338e+06,1.730961e+02,3.298484e+06,,0.000000e+00,0.000000e+00
2013-12-12 00:37:40.000000,0.000000e+00,1.664354e+07,1.180687e+02,7.349406e+06,1.730961e+02,3.298460e+06,,0.000000e+00,0.000000e+00
2013-12-12 00:37:41.000000,0.000000e+00,1.664361e+07,1.180691e+02,7.349474e+06,1.730961e+02,3.298436e+06,,0.000000e+00,0.000000e+00
2013-12-12 00:37:42.000000,0.000000e+00,1.664367e+07,1.180694e+02,7.349543e+06,1.730961e+02,3.298412e+06,,0.000000e+00,0.000000e+00
2013-12-12 00:37:43.000000,0.000000e+00,1.664374e+07,1.180697e+02,7.349611e+06,1.730961e+02,3.298389e+06,,0.000000e+00,0.000000e+00
2013-12-12 00:37:44.000000,0.000000e+00,1.664380e+07,1.180700e+02,7.349680e+06,1.730961e+02,3.298365e+06,,0.000000e+00,0.000000e+00
2013-12-12 00:37:45.000000,0.000000e+00,1.664387e+07,1.180704e+02,7.349747e+06,1.730961e+02,3.298341e+06,,0.000000e+00,0.000000e+00
2013-12-12 00:37:46.000000,0.000000e+00,1.664393e+07,1.180707e+02,7.349816e+06,1.730961e+02,3.298317e+06,,0.000000e+00,0.000000e+00
2013-12-12 00:37:47.000000,0.000000e+00,1.664399e+07,1.180710e+02,7.349884e+06,1.730961e+02,3.298293e+06,,0.000000e+00,0.000000e+00
2013-12-12 00:37:48.000000,0.000000e+00,1.664406e+07,1.180713e+02,7.349953e+06,1.730961e+02,3.298270e+06,,0.000000e+00,0.000000e+00
2013-12-12 00:37:49.000000,0.000000e+00,1.664412e+07,1.180717e+02,7.350021e+06,1.730961e+02,3.298246e+06,,0.000000e+00,0.000000e+00
2013-12-12 00:37:50.000000,0.000000e+00,1.664419e+07,1.180720e+02,7.350089e+06,1.730961e+02,3.298222e+06,,0.000000e+00,0.000000e+00
2013-12-12 00:37:51.000000,0.000000e+00,1.664425e+07,1.180723e+02,7.350158e+06,1.730961e+02,3.298198e+06,,0.000000e+00,0.000000e+00
2013-12-12 00:37:52.000000,0.000000e+00,1.664432e+07,1.180726e+02,7.350226e+06,1.730961e+02,3.298174e+06,,0.000000e+00,0.000000e+00
2013-12-12 00:37:53.000000,0.000000e+00,1.664438e+07,1.180730e+02,7.350294e+06,1.730961e+02,3.298151e+06,,0.000000e+00,0.000000e+00
2013-12-12 00:37:54.000000,0.000000e+00,1.664445e+07,1.180733e+02,7.350362e+06,1.730961e+02,3.298127e+06,,0.000000e+00,0.000000e+00
2013-12-12 00:37:55.000000,0.000000e+00,1.664451e+07,1.180736e+02,7.350431e+06,1.730961e+02,3.298103e+06,,0.000000e+00,0.000000e+00
2013-12-12 00:37:56.000000,0.000000e+00,1.664457e+07,1.180739e+02,7.350499e+06,1.730961e+02,3.298079e+06,,0.000000e+00,0.000000e+00
2013-12-12 00:37:57.000000,0.000000e+00,1.664464e+07,1.180743e+02,7.350568e+06,1.730961e+02,3.298055e+06,,0.000000e+00,0.000000e+00
2013-12-12 00:37:58.000000,0.000000e+00,1.664470e+07,1.180746e+02,7.350636e+06,1.730961e+02,3.298032e+06,,0.000000e+00,0.000000e+00
2013-12-12 00:37:59.000000,0.000000e+00,1.664477e+07,1.180749e+02,7.350704e+06,1.730961e+02,3.298008e+06,,0.000000e+00,0.000000e+00
2013-12-12 00:38:00.000000,0.000000e+00,1.664483e+07,1.180752e+02,7.350772e+06,1.730961e+02,3.297984e+06,,0.000000e+00,0.000000e+00
2013-12-12 00:38:01.000000,0.000000e+00,1.664490e+07,1.180756e+02,7.350841e+06,1.730961e+02,3.297960e+06,,0.000000e+00,0.000000e+00
2013-12-12 00:38:02.000000,0.000000e+00,1.664496e+07,1.180759e+02,7.350909e+06,1.730961e+02,3.297937e+06,,0.000000e+00,0.000000e+00
2013-12-12 00:38:03.000000,0.000000e+00,1.664502e+07,1.180762e+02,7.350977e+06,1.730961e+02,3.297913e+06,,0.000000e+00,0.000000e+00
2013-12-12 00:38:04.000000,0.000000e+00,1.664509e+07,1.180765e+02,7.351046e+06,1.730961e+02,3.297889e+06,,0.000000e+00,0.000000e+00
2013-12-12 00:38:05.000000,0.000000e+00,1.664515e+07,1.180769e+02,7.351114e+06,1.730961e+02,3.297865e+06,,0.000000e+00,0.000000e+00
2013-12-12 00:38:06.000000,0.000000e+00,1.664522e+07,1.180772e+02,7.351183e+06,1.730961e+02,3.297841e+06,,0.000000e+00,0.000000e+00
2013-12-12 00:38:07.000000,0.000000e+00,1.664528e+07,1.180775e+02,7.351250e+06,1.730961e+02,3.297818e+06,,0.000000e+00,0.000000e+00
2013-12-12 00:38:08.000000,0.000000e+00,1.664535e+07,1.180778e+02,7.351319e+06,1.730961e+02,3.297794e+06,,0.000000e+00,0.000000e+00
2013-12-12 00:38:09.000000,0.000000e+00,1.664541e+07,1.180782e+02,7.351387e+06,1.730961e+02,3.297770e+06,,0.000000e+00,0.000000e+00
2013-12-12 00:38:10.000000,0.000000e+00,1.664547e+07,1.180785e+02,7.351456e+06,1.730961e+02,3.297746e+06,,0.000000e+00,0.000000e+00
2013-12-12 00:38:11.000000,0.000000e+00,1.664554e+07,1.180788e+02,7.351524e+06,1.730961e+02,3.297722e+06,,0.000000e+00,0.000000e+00
2013-12-12 00:38:12.000000,0.000000e+00,1.664560e+07,1.180791e+02,7.351592e+06,1.730961e+02,3.297699e+06,,0.000000e+00,0.000000e+00
2013-12-12 00:38:13.000000,0.000000e+00,1.664567e+07,1.180795e+02,7.351661e+06,1.730961e+02,3.297675e+06,,0.000000e+00,0.000000e+00
2013-12-12 00:38:14.000000,0.000000e+00,1.664573e+07,1.180798e+02,7.351729e+06,1.730961e+02,3.297651e+06,,0.000000e+00,0.000000e+00
2013-12-12 00:38:15.000000,0.000000e+00,1.664580e+07,1.180801e+02,7.351797e+06,1.730961e+02,3.297627e+06,,0.000000e+00,0.000000e+00
2013-12-12 00:38:16.000000,0.000000e+00,1.664586e+07,1.180804e+02,7.351865e+06,1.730961e+02,3.297603e+06,,0.000000e+00,0.000000e+00
2013-12-12 00:38:17.000000,0.000000e+00,1.664593e+07,1.180808e+02,7.351934e+06,1.730961e+02,3.297580e+06,,0.000000e+00,0.000000e+00
2013-12-12 00:38:18.000000,0.000000e+00,1.664599e+07,1.180811e+02,7.352002e+06,1.730961e+02,3.297556e+06,,0.000000e+00,0.000000e+00
2013-12-12 00:38:19.000000,0.000000e+00,1.664605e+07,1.180814e+02,7.352071e+06,1.730961e+02,3.297532e+06,,0.000000e+00,0.000000e+00
2013-12-12 00:38:20.000000,0.000000e+00,1.664612e+07,1.180817e+02,7.352139e+06,1.730961e+02,3.297508e+06,,0.000000e+00,0.000000e+00
2013-12-12 00:38:21.000000,0.000000e+00,1.664618e+07,1.180821e+02,7.352207e+06,1.730961e+02,3.297484e+06,,0.000000e+00,0.000000e+00
2013-12-12 00:38:22.000000,0.000000e+00,1.664625e+07,1.180824e+02,7.352275e+06,1.730961e+02,3.297461e+06,,0.000000e+00,0.000000e+00
2013-12-12 00:38:23.000000,0.000000e+00,1.664631e+07,1.180827e+02,7.352344e+06,1.730961e+02,3.297437e+06,,0.000000e+00,0.000000e+00
2013-12-12 00:38:24.000000,0.000000e+00,1.664638e+07,1.180821e+02,7.352412e+06,1.730961e+02,3.297413e+06,,0.000000e+00,0.000000e+00
2013-12-12 00:38:25.000000,0.000000e+00,1.664644e+07,1.180814e+02,7.352480e+06,1.730961e+02,3.297389e+06,,0.000000e+00,0.000000e+00
2013-12-12 00:38:26.000000,0.000000e+00,1.664650e+07,1.180808e+02,7.352549e+06,1.730961e+02,3.297365e+06,,0.000000e+00,0.000000e+00
2013-12-12 00:38:27.000000,0.000000e+00,1.664657e+07,1.180801e+02,7.352617e+06,1.730961e+02,3.297342e+06,,0.000000e+00,0.000000e+00
2013-12-12 00:38:28.000000,0.000000e+00,1.664663e+07,1.180795e+02,7.352686e+06,1.730961e+02,3.297318e+06,,0.000000e+00,0.000000e+00
2013-12-12 00:38:29.000000,0.000000e+00,1.664670e+07,1.180788e+02,7.352753e+06,1.730961e+02,3.297294e+06,,0.000000e+00,0.000000e+00
2013-12-12 00:38:30.000000,0.000000e+00,1.664676e+07,1.180782e+02,7.352822e+06,1.730961e+02,3.297270e+06,,0.000000e+00,0.000000e+00
2013-12-12 00:38:31.000000,0.000000e+00,1.664683e+07,1.180775e+02,7.352890e+06,1.730961e+02,3.297247e+06,,0.000000e+00,0.000000e+00
2013-12-12 00:38:32.000000,0.000000e+00,1.664689e+07,1.180769e+02,7.352959e+06,1.730961e+02,3.297223e+06,,0.000000e+00,0.000000e+00
2013-12-12 00:38:33.000000,0.000000e+00,1.664695e+07,1.180762e+02,7.353027e+06,1.730961e+02,3.297199e+06,,0.000000e+00,0.000000e+00
2013-12-12 00:38:34.000000,0.000000e+00,1.664702e+07,1.180756e+02,7.353095e+06,1.730961e+02,3.297175e+06,,0.000000e+00,0.000000e+00
2013-12-12 00:38:35.000000,0.000000e+00,1.664708e+07,1.180749e+02,7.353163e+06,1.730961e+02,3.297151e+06,,0.000000e+00,0.000000e+00
2013-12-12 00:38:36.000000,0.000000e+00,1.664715e+07,1.180743e+02,7.353232e+06,1.730961e+02,3.297128e+06,,0.000000e+00,0.000000e+00
2013-12-12 00:38:37.000000,0.000000e+00,1.664721e+07,1.180736e+02,7.353300e+06,1.730961e+02,3.297104e+06,,0.000000e+00,0.000000e+00
2013-12-12 00:38:38.000000,0.000000e+00,1.664728e+07,1.180730e+02,7.353368e+06,1.730961e+02,3.297080e+06,,0.000000e+00,0.000000e+00
2013-12-12 00:38:39.000000,0.000000e+00,1.664734e+07,1.180723e+02,7.353437e+06,1.730961e+02,3.297056e+06,,0.000000e+00,0.000000e+00
2013-12-12 00:38:40.000000,0.000000e+00,1.664741e+07,1.180717e+02,7.353505e+06,1.730961e+02,3.297032e+06,,0.000000e+00,0.000000e+00
2013-12-12 00:38:41.000000,0.000000e+00,1.664747e+07,1.180710e+02,7.353574e+06,1.730961e+02,3.297009e+06,,0.000000e+00,0.000000e+00
2013-12-12 00:38:42.000000,0.000000e+00,1.664753e+07,1.180704e+02,7.353642e+06,1.730961e+02,3.296984e+06,,0.000000e+00,0.000000e+00
2013-12-12 00:38:43.000000,0.000000e+00,1.664760e+07,1.180697e+02,7.353710e+06,1.730961e+02,3.296961e+06,,0.000000e+00,0.000000e+00
2013-12-12 00:38:44.000000,0.000000e+00,1.664766e+07,1.180691e+02,7.353778e+06,1.730961e+02,3.296937e+06,,0.000000e+00,0.000000e+00
2013-12-12 00:38:45.000000,0.000000e+00,1.664773e+07,1.180684e+02,7.353847e+06,1.730961e+02,3.296913e+06,,0.000000e+00,0.000000e+00
2013-12-12 00:38:46.000000,0.000000e+00,1.664779e+07,1.180677e+02,7.353915e+06,1.730961e+02,3.296889e+06,,0.000000e+00,0.000000e+00
2013-12-12 00:38:47.000000,0.000000e+00,1.664786e+07,1.180671e+02,7.353983e+06,1.730961e+02,3.296866e+06,,0.000000e+00,0.000000e+00
2013-12-12 00:38:48.000000,0.000000e+00,1.664792e+07,1.180665e+02,7.354052e+06,1.730961e+02,3.296842e+06,,0.000000e+00,0.000000e+00
2013-12-12 00:38:49.000000,0.000000e+00,1.664798e+07,1.180658e+02,7.354120e+06,1.730961e+02,3.296818e+06,,0.000000e+00,0.000000e+00
2013-12-12 00:38:50.000000,0.000000e+00,1.664805e+07,1.180651e+02,7.354189e+06,1.730961e+02,3.296794e+06,,0.000000e+00,0.000000e+00
2013-12-12 00:38:51.000000,0.000000e+00,1.664811e+07,1.180645e+02,7.354256e+06,1.730961e+02,3.296770e+06,,0.000000e+00,0.000000e+00
2013-12-12 00:38:52.000000,0.000000e+00,1.664818e+07,1.180638e+02,7.354325e+06,1.730961e+02,3.296747e+06,,0.000000e+00,0.000000e+00
2013-12-12 00:38:53.000000,0.000000e+00,1.664824e+07,1.180632e+02,7.354393e+06,1.730961e+02,3.296723e+06,,0.000000e+00,0.000000e+00
2013-12-12 00:38:54.000000,0.000000e+00,1.664831e+07,1.180625e+02,7.354462e+06,1.730961e+02,3.296699e+06,,0.000000e+00,0.000000e+00
2013-12-12 00:38:55.000000,0.000000e+00,1.664837e+07,1.180619e+02,7.354530e+06,1.730961e+02,3.296675e+06,,0.000000e+00,0.000000e+00
2013-12-12 00:38:56.000000,0.000000e+00,1.664843e+07,1.180612e+02,7.354598e+06,1.730961e+02,3.296651e+06,,0.000000e+00,0.000000e+00
2013-12-12 00:38:57.000000,0.000000e+00,1.664850e+07,1.180606e+02,7.354666e+06,1.730961e+02,3.296628e+06,,0.000000e+00,0.000000e+00
2013-12-12 00:38:58.000000,0.000000e+00,1.664856e+07,1.180599e+02,7.354735e+06,1.730961e+02,3.296604e+06,,0.000000e+00,0.000000e+00
2013-12-12 00:38:59.000000,0.000000e+00,1.664863e+07,1.180593e+02,7.354803e+06,1.730961e+02,3.296580e+06,,0.000000e+00,0.000000e+00
2013-12-12 00:39:00.000000,0.000000e+00,1.664869e+07,1.180586e+02,7.354871e+06,1.730961e+02,3.296556e+06,,0.000000e+00,0.000000e+00
2013-12-12 00:39:01.000000,0.000000e+00,1.664876e+07,1.180580e+02,7.354940e+06,1.730961e+02,3.296532e+06,,0.000000e+00,0.000000e+00
2013-12-12 00:39:02.000000,0.000000e+00,1.664882e+07,1.180573e+02,7.355008e+06,1.730961e+02,3.296509e+06,,0.000000e+00,0.000000e+00
2013-12-12 00:39:03.000000,0.000000e+00,1.664889e+07,1.180567e+02,7.355077e+06,1.730961e+02,3.296485e+06,,0.000000e+00,0.000000e+00
2013-12-12 00:39:04.000000,0.000000e+00,1.664895e+07,1.180560e+02,7.355145e+06,1.730961e+02,3.296461e+06,,0.000000e+00,0.000000e+00
2013-12-12 00:39:05.000000,0.000000e+00,1.664901e+07,1.180554e+02,7.355213e+06,1.730961e+02,3.296437e+06,,0.000000e+00,0.000000e+00
2013-12-12 00:39:06.000000,0.000000e+00,1.664908e+07,1.180547e+02,7.355281e+06,1.730961e+02,3.296413e+06,,0.000000e+00,0.000000e+00
2013-12-12 00:39:07.000000,0.000000e+00,1.664914e+07,1.180541e+02,7.355350e+06,1.730961e+02,3.296390e+06,,0.000000e+00,0.000000e+00
2013-12-12 00:39:08.000000,0.000000e+00,1.664921e+07,1.180534e+02,7.355418e+06,1.730961e+02,3.296366e+06,,0.000000e+00,0.000000e+00
2013-12-12 00:39:09.000000,0.000000e+00,1.664927e+07,1.180528e+02,7.355486e+06,1.730961e+02,3.296342e+06,,0.000000e+00,0.000000e+00
2013-12-12 00:39:10.000000,0.000000e+00,1.664934e+07,1.180521e+02,7.355555e+06,1.730961e+02,3.296318e+06,,0.000000e+00,0.000000e+00
2013-12-12 00:39:11.000000,0.000000e+00,1.664940e+07,1.180515e+02,7.355623e+06,1.730961e+02,3.296295e+06,,0.000000e+00,0.000000e+00
2013-12-12 00:39:12.000000,0.000000e+00,1.664946e+07,1.180508e+02,7.355692e+06,1.730961e+02,3.296271e+06,,0.000000e+00,0.000000e+00
2013-12-12 00:39:13.000000,0.000000e+00,1.664953e+07,1.180502e+02,7.355759e+06,1.730961e+02,3.296247e+06,,0.000000e+00,0.000000e+00
2013-12-12 00:39:14.000000,0.000000e+00,1.664959e+07,1.180495e+02,7.355828e+06,1.730961e+02,3.296223e+06,,0.000000e+00,0.000000e+00
2013-12-12 00:39:15.000000,0.000000e+00,1.664966e+07,1.180489e+02,7.355896e+06,1.730961e+02,3.296199e+06,,0.000000e+00,0.000000e+00
2013-12-12 00:39:16.000000,0.000000e+00,1.664972e+07,1.180482e+02,7.355965e+06,1.730961e+02,3.296176e+06,,0.000000e+00,0.000000e+00
2013-12-12 00:39:17.000000,0.000000e+00,1.664979e+07,1.180476e+02,7.356033e+06,1.730961e+02,3.296152e+06,,0.000000e+00,0.000000e+00
2013-12-12 00:39:18.000000,0.000000e+00,1.664985e+07,1.180469e+02,7.356101e+06,1.730961e+02,3.296128e+06,,0.000000e+00,0.000000e+00
2013-12-12 00:39:19.000000,0.000000e+00,1.664991e+07,1.180463e+02,7.356169e+06,1.730961e+02,3.296104e+06,,0.000000e+00,0.000000e+00
2013-12-12 00:39:20.000000,0.000000e+00,1.664998e+07,1.180456e+02,7.356238e+06,1.730961e+02,3.296080e+06,,0.000000e+00,0.000000e+00
2013-12-12 00:39:21.000000,0.000000e+00,1.665004e+07,1.180450e+02,7.356306e+06,1.730961e+02,3.296057e+06,,0.000000e+00,0.000000e+00
2013-12-12 00:39:22.000000,0.000000e+00,1.665011e+07,1.180443e+02,7.356374e+06,1.730961e+02,3.296033e+06,,0.000000e+00,0.000000e+00
2013-12-12 00:39:23.000000,0.000000e+00,1.665017e+07,1.180437e+02,7.356443e+06,1.730961e+02,3.296009e+06,,0.000000e+00,0.000000e+00
2013-12-12 00:39:24.000000,0.000000e+00,1.665024e+07,1.180440e+02,7.356511e+06,1.730961e+02,3.295985e+06,,0.000000e+00,0.000000e+00
2013-12-12 00:39:25.000000,0.000000e+00,1.665030e+07,1.180443e+02,7.356580e+06,1.730961e+02,3.295961e+06,,0.000000e+00,0.000000e+00
2013-12-12 00:39:26.000000,0.000000e+00,1.665037e+07,1.180446e+02,7.356647e+06,1.730961e+02,3.295938e+06,,0.000000e+00,0.000000e+00
2013-12-12 00:39:27.000000,0.000000e+00,1.665043e+07,1.180450e+02,7.356716e+06,1.730961e+02,3.295914e+06,,0.000000e+00,0.000000e+00
2013-12-12 00:39:28.000000,0.000000e+00,1.665049e+07,1.180453e+02,7.356784e+06,1.730961e+02,3.295890e+06,,0.000000e+00,0.000000e+00
2013-12-12 00:39:29.000000,0.000000e+00,1.665056e+07,1.180456e+02,7.356853e+06,1.730961e+02,3.295866e+06,,0.000000e+00,0.000000e+00
2013-12-12 00:39:30.000000,0.000000e+00,1.665062e+07,1.180459e+02,7.356921e+06,1.730961e+02,3.295842e+06,,0.000000e+00,0.000000e+00
2013-12-12 00:39:31.000000,0.000000e+00,1.665069e+07,1.180463e+02,7.356989e+06,1.730961e+02,3.295819e+06,,0.000000e+00,0.000000e+00
2013-12-12 00:39:32.000000,0.000000e+00,1.665075e+07,1.180466e+02,7.357058e+06,1.730961e+02,3.295795e+06,,0.000000e+00,0.000000e+00
2013-12-12 00:39:33.000000,0.000000e+00,1.665082e+07,1.180469e+02,7.357126e+06,1.730961e+02,3.295771e+06,,0.000000e+00,0.000000e+00
2013-12-12 00:39:34.000000,0.000000e+00,1.665088e+07,1.180472e+02,7.357195e+06,1.730961e+02,3.295747e+06,,0.000000e+00,0.000000e+00
2013-12-12 00:39:35.000000,0.000000e+00,1.665094e+07,1.180476e+02,7.357262e+06,1.730961e+02,3.295724e+06,,0.000000e+00,0.000000e+00
2013-12-12 00:39:36.000000,0.000000e+00,1.665101e+07,1.180479e+02,7.357331e+06,1.730961e+02,3.295700e+06,,0.000000e+00,0.000000e+00
2013-12-12 00:39:37.000000,0.000000e+00,1.665107e+07,1.180482e+02,7.357399e+06,1.730961e+02,3.295676e+06,,0.000000e+00,0.000000e+00
2013-12-12 00:39:38.000000,0.000000e+00,1.665114e+07,1.180485e+02,7.357468e+06,1.730961e+02,3.295652e+06,,0.000000e+00,0.000000e+00
2013-12-12 00:39:39.000000,0.000000e+00,1.665120e+07,1.180489e+02,7.357536e+06,1.730961e+02,3.295628e+06,,0.000000e+00,0.000000e+00
2013-12-12 00:39:40.000000,0.000000e+00,1.665127e+07,1.180492e+02,7.357604e+06,1.730961e+02,3.295650e+06,,0.000000e+00,0.000000e+00
2013-12-12 00:39:41.000000,0.000000e+00,1.665133e+07,1.180495e+02,7.357672e+06,1.730961e+02,3.295671e+06,,0.000000e+00,0.000000e+00
2013-12-12 00:39:42.000000,0.000000e+00,1.665139e+07,1.180499e+02,7.357741e+06,1.730961e+02,3.295693e+06,,0.000000e+00,0.000000e+00
2013-12-12 00:39:43.000000,0.000000e+00,1.665146e+07,1.180502e+02,7.357809e+06,1.730961e+02,3.295715e+06,,0.000000e+00,0.000000e+00
2013-12-12 00:39:44.000000,0.000000e+00,1.665152e+07,1.180505e+02,7.357877e+06,1.730961e+02,3.295736e+06,,0.000000e+00,0.000000e+00
2013-12-12 00:39:45.000000,0.000000e+00,1.665159e+07,1.180508e+02,7.357946e+06,1.730961e+02,3.295757e+06,,0.000000e+00,0.000000e+00
2013-12-12 00:39:46.000000,0.000000e+00,1.665165e+07,1.180511e+02,7.358014e+06,1.730961e+02,3.295779e+06,,0.000000e+00,0.000000e+00
2013-12-12 00:39:47.000000,0.000000e+00,1.665172e+07,1.180515e+02,7.358083e+06,1.730961e+02,3.295800e+06,,0.000000e+00,0.000000e+00
2013-12-12 00:39:48.000000,0.000000e+00,1.665178e+07,1.180518e+02,7.358150e+06,1.730961e+02,3.295822e+06,,0.000000e+00,0.000000e+00
2013-12-12 00:39:49.000000,0.000000e+00,1.665185e+07,1.180521e+02,7.358219e+06,1.730961e+02,3.295844e+06,,0.000000e+00,0.000000e+00
2013-12-12 00:39:50.000000,0.000000e+00,1.665191e+07,1.180525e+02,7.358287e+06,1.730961e+02,3.295865e+06,,0.000000e+00,0.000000e+00
2013-12-12 00:39:51.000000,0.000000e+00,1.665197e+07,1.180528e+02,7.358356e+06,1.730961e+02,3.295887e+06,,0.000000e+00,0.000000e+00
2013-12-12 00:39:52.000000,0.000000e+00,1.665204e+07,1.180531e+02,7.358424e+06,1.730961e+02,3.295908e+06,,0.000000e+00,0.000000e+00
2013-12-12 00:39:53.000000,0.000000e+00,1.665210e+07,1.180534e+02,7.358492e+06,1.730961e+02,3.295929e+06,,0.000000e+00,0.000000e+00
2013-12-12 00:39:54.000000,0.000000e+00,1.665217e+07,1.180538e+02,7.358560e+06,1.730961e+02,3.295951e+06,,0.000000e+00,0.000000e+00
2013-12-12 00:39:55.000000,0.000000e+00,1.665223e+07,1.180541e+02,7.358629e+06,1.730961e+02,3.295972e+06,,0.000000e+00,0.000000e+00
2013-12-12 00:39:56.000000,0.000000e+00,1.665230e+07,1.180544e+02,7.358698e+06,1.730961e+02,3.295994e+06,,0.000000e+00,0.000000e+00
2013-12-12 00:39:57.000000,0.000000e+00,1.665236e+07,1.180547e+02,7.358765e+06,1.730961e+02,3.296016e+06,,0.000000e+00,0.000000e+00
2013-12-12 00:39:58.000000,0.000000e+00,1.665242e+07,1.180551e+02,7.358834e+06,1.730961e+02,3.296037e+06,,0.000000e+00,0.000000e+00
2013-12-12 00:39:59.000000,0.000000e+00,1.665249e+07,1.180554e+02,7.358902e+06,1.730961e+02,3.296059e+06,,0.000000e+00,0.000000e+00
2013-12-12 00:40:00.000000,0.000000e+00,1.665255e+07,1.180557e+02,7.358971e+06,1.730961e+02,3.296080e+06,,0.000000e+00,0.000000e+00
2013-12-12 00:40:01.000000,0.000000e+00,1.665262e+07,1.180560e+02,7.359039e+06,1.730961e+02,3.296101e+06,,0.000000e+00,0.000000e+00
2013-12-12 00:40:02.000000,0.000000e+00,1.665268e+07,1.180564e+02,7.359107e+06,1.730961e+02,3.296123e+06,,0.000000e+00,0.000000e+00
2013-12-12 00:40:03.000000,0.000000e+00,1.665275e+07,1.180567e+02,7.359175e+06,1.730961e+02,3.296144e+06,,0.000000e+00,0.000000e+00
2013-12-12 00:40:04.000000,0.000000e+00,1.665281e+07,1.180570e+02,7.359244e+06,1.730961e+02,3.296166e+06,,0.000000e+00,0.000000e+00
2013-12-12 00:40:05.000000,0.000000e+00,1.665287e+07,1.180573e+02,7.359312e+06,1.730961e+02,3.296188e+06,,0.000000e+00,0.000000e+00
2013-12-12 00:40:06.000000,0.000000e+00,1.665294e+07,1.180577e+02,7.359380e+06,1.730961e+02,3.296209e+06,,0.000000e+00,0.000000e+00
2013-12-12 00:40:07.000000,0.000000e+00,1.665300e+07,1.180580e+02,7.359449e+06,1.730961e+02,3.296231e+06,,0.000000e+00,0.000000e+00
2013-12-12 00:40:08.000000,0.000000e+00,1.665307e+07,1.180583e+02,7.359517e+06,1.730961e+02,3.296252e+06,,0.000000e+00,0.000000e+00
2013-12-12 00:40:09.000000,0.000000e+00,1.665313e+07,1.180586e+02,7.359586e+06,1.730961e+02,3.296273e+06,,0.000000e+00,0.000000e+00
2013-12-12 00:40:10.000000,0.000000e+00,1.665320e+07,1.180590e+02,7.359653e+06,1.730961e+02,3.296295e+06,,0.000000e+00,0.000000e+00
2013-12-12 00:40:11.000000,0.000000e+00,1.665326e+07,1.180593e+02,7.359722e+06,1.730961e+02,3.296317e+06,,0.000000e+00,0.000000e+00
2013-12-12 00:40:12.000000,0.000000e+00,1.665333e+07,1.180596e+02,7.359790e+06,1.730961e+02,3.296338e+06,,0.000000e+00,0.000000e+00
2013-12-12 00:40:13.000000,0.000000e+00,1.665339e+07,1.180599e+02,7.359859e+06,1.730961e+02,3.296360e+06,,0.000000e+00,0.000000e+00
2013-12-12 00:40:14.000000,0.000000e+00,1.665345e+07,1.180603e+02,7.359927e+06,1.730961e+02,3.296381e+06,,0.000000e+00,0.000000e+00
2013-12-12 00:40:15.000000,0.000000e+00,1.665352e+07,1.180606e+02,7.359995e+06,1.730961e+02,3.296403e+06,,0.000000e+00,0.000000e+00
2013-12-12 00:40:16.000000,0.000000e+00,1.665358e+07,1.180609e+02,7.360063e+06,1.730961e+02,3.296424e+06,,0.000000e+00,0.000000e+00
2013-12-12 00:40:17.000000,0.000000e+00,1.665365e+07,1.180612e+02,7.360132e+06,1.730961e+02,3.296445e+06,,0.000000e+00,0.000000e+00
2013-12-12 00:40:18.000000,0.000000e+00,1.665371e+07,1.180616e+02,7.360201e+06,1.730961e+02,3.296467e+06,,0.000000e+00,0.000000e+00
2013-12-12 00:40:19.000000,0.000000e+00,1.665378e+07,1.180619e+02,7.360268e+06,1.730961e+02,3.296489e+06,,0.000000e+00,0.000000e+00
2013-12-12 00:40:20.000000,0.000000e+00,1.665384e+07,1.180622e+02,7.360337e+06,1.730961e+02,3.296510e+06,,0.000000e+00,0.000000e+00
2013-12-12 00:40:21.000000,0.000000e+00,1.665390e+07,1.180625e+02,7.360405e+06,1.730961e+02,3.296532e+06,,0.000000e+00,0.000000e+00
2013-12-12 00:40:22.000000,0.000000e+00,1.665397e+07,1.180629e+02,7.360474e+06,1.730961e+02,3.296553e+06,,0.000000e+00,0.000000e+00
2013-12-12 00:40:23.000000,0.000000e+00,1.665403e+07,1.180632e+02,7.360542e+06,1.730961e+02,3.296575e+06,,0.000000e+00,0.000000e+00
2013-12-12 00:40:24.000000,0.000000e+00,1.665410e+07,1.180635e+02,7.360610e+06,1.730961e+02,3.296596e+06,,0.000000e+00,0.000000e+00
2013-12-12 00:40:25.000000,0.000000e+00,1.665416e+07,1.180638e+02,7.360678e+06,1.730961e+02,3.296618e+06,,0.000000e+00,0.000000e+00
2013-12-12 00:40:26.000000,0.000000e+00,1.665423e+07,1.180642e+02,7.360747e+06,1.730961e+02,3.296639e+06,,0.000000e+00,0.000000e+00
2013-12-12 00:40:27.000000,0.000000e+00,1.665429e+07,1.180645e+02,7.360815e+06,1.730961e+02,3.296661e+06,,0.000000e+00,0.000000e+00
2013-12-12 00:40:28.000000,0.000000e+00,1.665435e+07,1.180648e+02,7.360883e+06,1.730961e+02,3.296682e+06,,0.000000e+00,0.000000e+00
2013-12-12 00:40:29.000000,0.000000e+00,1.665442e+07,1.180651e+02,7.360952e+06,1.730961e+02,3.296704e+06,,0.000000e+00,0.000000e+00
2013-12-12 00:40:30.000000,0.000000e+00,1.665448e+07,1.180655e+02,7.361020e+06,1.730961e+02,3.296725e+06,,0.000000e+00,0.000000e+00
2013-12-12 00:40:31.000000,0.000000e+00,1.665455e+07,1.180658e+02,7.361089e+06,1.730961e+02,3.296747e+06,,0.000000e+00,0.000000e+00
2013-12-12 00:40:32.000000,0.000000e+00,1.665461e+07,1.180661e+02,7.361156e+06,1.730961e+02,3.296768e+06,,0.000000e+00,0.000000e+00
2013-12-12 00:40:33.000000,0.000000e+00,1.665468e+07,1.180665e+02,7.361225e+06,1.730961e+02,3.296790e+06,,0.000000e+00,0.000000e+00
2013-12-12 00:40:34.000000,0.000000e+00,1.665474e+07,1.180668e+02,7.361293e+06,1.730961e+02,3.296811e+06,,0.000000e+00,0.000000e+00
2013-12-12 00:40:35.000000,0.000000e+00,1.665481e+07,1.180671e+02,7.361362e+06,1.730961e+02,3.296833e+06,,0.000000e+00,0.000000e+00
2013-12-12 00:40:36.000000,0.000000e+00,1.665487e+07,1.180674e+02,7.361430e+06,1.730961e+02,3.296854e+06,,0.000000e+00,0.000000e+00
2013-12-12 00:40:37.000000,0.000000e+00,1.665493e+07,1.180677e+02,7.361498e+06,1.730961e+02,3.296876e+06,,0.000000e+00,0.000000e+00
2013-12-12 00:40:38.000000,0.000000e+00,1.665500e+07,1.180681e+02,7.361566e+06,1.730961e+02,3.296897e+06,,0.000000e+00,0.000000e+00
2013-12-12 00:40:39.000000,0.000000e+00,1.665506e+07,1.180684e+02,7.361635e+06,1.730961e+02,3.296919e+06,,0.000000e+00,0.000000e+00
2013-12-12 00:40:40.000000,0.000000e+00,1.665513e+07,1.180687e+02,7.359959e+06,1.730961e+02,3.296940e+06,,0.000000e+00,0.000000e+00
2013-12-12 00:40:41.000000,0.000000e+00,1.665519e+07,1.180691e+02,7.358283e+06,1.730961e+02,3.296962e+06,,0.000000e+00,0.000000e+00
2013-12-12 00:40:42.000000,0.000000e+00,1.665526e+07,1.180694e+02,7.356608e+06,1.730961e+02,3.296983e+06,,0.000000e+00,0.000000e+00
2013-12-12 00:40:43.000000,0.000000e+00,1.665532e+07,1.180697e+02,7.354932e+06,1.730961e+02,3.297005e+06,,0.000000e+00,0.000000e+00
2013-12-12 00:40:44.000000,0.000000e+00,1.665538e+07,1.180700e+02,7.353256e+06,1.730961e+02,3.297026e+06,,0.000000e+00,0.000000e+00
2013-12-12 00:40:45.000000,0.000000e+00,1.665545e+07,1.180704e+02,7.351580e+06,1.730961e+02,3.297048e+06,,0.000000e+00,0.000000e+00
2013-12-12 00:40:46.000000,0.000000e+00,1.665551e+07,1.180707e+02,7.349905e+06,1.730961e+02,3.297069e+06,,0.000000e+00,0.000000e+00
2013-12-12 00:40:47.000000,0.000000e+00,1.665558e+07,1.180710e+02,7.348228e+06,1.730961e+02,3.297091e+06,,0.000000e+00,0.000000e+00
2013-12-12 00:40:48.000000,0.000000e+00,1.665564e+07,1.180713e+02,7.346553e+06,1.730961e+02,3.297112e+06,,0.000000e+00,0.000000e+00
2013-12-12 00:40:49.000000,0.000000e+00,1.665571e+07,1.180717e+02,7.344877e+06,1.730961e+02,3.297134e+06,,0.000000e+00,0.000000e+00
2013-12-12 00:40:50.000000,0.000000e+00,1.665577e+07,1.180720e+02,7.343201e+06,1.730961e+02,3.297155e+06,,0.000000e+00,0.000000e+00
2013-12-12 00:40:51.000000,0.000000e+00,1.665583e+07,1.180723e+02,7.341525e+06,1.730961e+02,3.297177e+06,,0.000000e+00,0.000000e+00
2013-12-12 00:40:52.000000,0.000000e+00,1.665590e+07,1.180726e+02,7.339850e+06,1.730961e+02,3.297198e+06,,0.000000e+00,0.000000e+00
2013-12-12 00:40:53.000000,0.000000e+00,1.665596e+07,1.180730e+02,7.338174e+06,1.730961e+02,3.297220e+06,,0.000000e+00,0.000000e+00
2013-12-12 00:40:54.000000,0.000000e+00,1.665603e+07,1.180733e+02,7.336498e+06,1.730961e+02,3.297241e+06,,0.000000e+00,0.000000e+00
2013-12-12 00:40:55.000000,0.000000e+00,1.665609e+07,1.180736e+02,7.334822e+06,1.730961e+02,3.297263e+06,,0.000000e+00,0.000000e+00
2013-12-12 00:40:56.000000,0.000000e+00,1.665616e+07,1.180739e+02,7.333147e+06,1.730961e+02,3.297284e+06,,0.000000e+00,0.000000e+00
2013-12-12 00:40:57.000000,0.000000e+00,1.665622e+07,1.180743e+02,7.331470e+06,1.730961e+02,3.297306e+06,,0.000000e+00,0.000000e+00
2013-12-12 00:40:58.000000,0.000000e+00,1.665629e+07,1.180746e+02,7.329795e+06,1.730961e+02,3.297327e+06,,0.000000e+00,0.000000e+00
2013-12-12 00:40:59.000000,0.000000e+00,1.665635e+07,1.180749e+02,7.328119e+06,1.730961e+02,3.297349e+06,,0.000000e+00,0.000000e+00
2013-12-12 00:41:00.000000,0.000000e+00,1.665641e+07,1.180752e+02,7.326443e+06,1.730961e+02,3.297371e+06,,0.000000e+00,0.000000e+00
2013-12-12 00:41:01.000000,0.000000e+00,1.665648e+07,1.180756e+02,7.324767e+06,1.730961e+02,3.297392e+06,,0.000000e+00,0.000000e+00
2013-12-12 00:41:02.000000,0.000000e+00,1.665654e+07,1.180759e+02,7.323092e+06,1.730961e+02,3.297413e+06,,0.000000e+00,0.000000e+00
2013-12-12 00:41:03.000000,0.000000e+00,1.665661e+07,1.180762e+02,7.321416e+06,1.730961e+02,3.297435e+06,,0.000000e+00,0.000000e+00
2013-12-12 00:41:04.000000,0.000000e+00,1.665667e+07,1.180765e+02,7.319740e+06,1.730961e+02,3.297456e+06,,0.000000e+00,0.000000e+00
2013-12-12 00:41:05.000000,0.000000e+00,1.665674e+07,1.180769e+02,7.318064e+06,1.730961e+02,3.297478e+06,,0.000000e+00,0.000000e+00
2013-12-12 00:41:06.000000,0.000000e+00,1.665680e+07,1.180772e+02,7.316389e+06,1.730961e+02,3.297499e+06,,0.000000e+00,0.000000e+00
2013-12-12 00:41:07.000000,0.000000e+00,1.665686e+07,1.180775e+02,7.314713e+06,1.730961e+02,3.297521e+06,,0.000000e+00,0.000000e+00
2013-12-12 00:41:08.000000,0.000000e+00,1.665693e+07,1.180778e+02,7.313037e+06,1.730961e+02,3.297543e+06,,0.000000e+00,0.000000e+00
2013-12-12 00:41:09.000000,0.000000e+00,1.665699e+07,1.180782e+02,7.311362e+06,1.730961e+02,3.297564e+06,,0.000000e+00,0.000000e+00
2013-12-12 00:41:10.000000,0.000000e+00,1.665706e+07,1.180785e+02,7.309686e+06,1.730961e+02,3.297585e+06,,0.000000e+00,0.000000e+00
2013-12-12 00:41:11.000000,0.000000e+00,1.665712e+07,1.180788e+02,7.308010e+06,1.730961e+02,3.297607e+06,,0.000000e+00,0.000000e+00
2013-12-12 00:41:12.000000,0.000000e+00,1.665719e+07,1.180791e+02,7.306334e+06,1.730961e+02,3.297628e+06,,0.000000e+00,0.000000e+00
2013-12-12 00:41:13.000000,0.000000e+00,1.665725e+07,1.180795e+02,7.304659e+06,1.730961e+02,3.297650e+06,,0.000000e+00,0.000000e+00
2013-12-12 00:41:14.000000,0.000000e+00,1.665732e+07,1.180798e+02,7.302982e+06,1.730961e+02,3.297672e+06,,0.000000e+00,0.000000e+00
2013-12-12 00:41:15.000000,0.000000e+00,1.665738e+07,1.180801e+02,7.301307e+06,1.730961e+02,3.297693e+06,,0.000000e+00,0.000000e+00
2013-12-12 00:41:16.000000,0.000000e+00,1.665744e+07,1.180804e+02,7.299631e+06,1.730961e+02,3.297715e+06,,0.000000e+00,0.000000e+00
2013-12-12 00:41:17.000000,0.000000e+00,1.665751e+07,1.180808e+02,7.297955e+06,1.730961e+02,3.297736e+06,,0.000000e+00,0.000000e+00
2013-12-12 00:41:18.000000,0.000000e+00,1.665757e+07,1.180811e+02,7.296279e+06,1.730961e+02,3.297757e+06,,0.000000e+00,0.000000e+00
2013-12-12 00:41:19.000000,0.000000e+00,1.665764e+07,1.180814e+02,7.294604e+06,1.730961e+02,3.297779e+06,,0.000000e+00,0.000000e+00
2013-12-12 00:41:20.000000,0.000000e+00,1.665770e+07,1.180817e+02,7.292928e+06,1.730961e+02,3.297800e+06,,0.000000e+00,0.000000e+00
2013-12-12 00:41:21.000000,0.000000e+00,1.665777e+07,1.180821e+02,7.291252e+06,1.730961e+02,3.297822e+06,,0.000000e+00,0.000000e+00
2013-12-12 00:41:22.000000,0.000000e+00,1.665783e+07,1.180824e+02,7.289576e+06,1.730961e+02,3.297844e+06,,0.000000e+00,0.000000e+00
2013-12-12 00:41:23.000000,0.000000e+00,1.665789e+07,1.180827e+02,7.287901e+06,1.730961e+02,3.297865e+06,,0.000000e+00,0.000000e+00
2013-12-12 00:41:24.000000,0.000000e+00,1.665761e+07,1.180829e+02,7.286224e+06,1.730961e+02,3.297887e+06,,0.000000e+00,0.000000e+00
2013-12-12 00:41:25.000000,0.000000e+00,1.665732e+07,1.180830e+02,7.284549e+06,1.730961e+02,3.297908e+06,,0.000000e+00,0.000000e+00
2013-12-12 00:41:26.000000,0.000000e+00,1.665704e+07,1.180832e+02,7.282873e+06,1.730961e+02,3.297930e+06,,0.000000e+00,0.000000e+00
2013-12-12 00:41:27.000000,0.000000e+00,1.665676e+07,1.180834e+02,7.281197e+06,1.730961e+02,3.297951e+06,,0.000000e+00,0.000000e+00
2013-12-12 00:41:28.000000,0.000000e+00,1.665647e+07,1.180835e+02,7.279521e+06,1.730961e+02,3.297972e+06,,0.000000e+00,0.000000e+00
2013-12-12 00:41:29.000000,0.000000e+00,1.665618e+07,1.180837e+02,7.277846e+06,1.730961e+02,3.297994e+06,,0.000000e+00,0.000000e+00
2013-12-12 00:41:30.000000,0.000000e+00,1.665590e+07,1.180839e+02,7.276170e+06,1.730961e+02,3.298016e+06,,0.000000e+00,0.000000e+00
2013-12-12 00:41:31.000000,0.000000e+00,1.665562e+07,1.180840e+02,7.274494e+06,1.730961e+02,3.298037e+06,,0.000000e+00,0.000000e+00
2013-12-12 00:41:32.000000,0.000000e+00,1.665533e+07,1.180842e+02,7.272818e+06,1.730961e+02,3.298059e+06,,0.000000e+00,0.000000e+00
2013-12-12 00:41:33.000000,0.000000e+00,1.665504e+07,1.180843e+02,7.271143e+06,1.730961e+02,3.298080e+06,,0.000000e+00,0.000000e+00
2013-12-12 00:41:34.000000,0.000000e+00,1.665476e+07,1.180845e+02,7.269466e+06,1.730961e+02,3.298102e+06,,0.000000e+00,0.000000e+00
2013-12-12 00:41:35.000000,0.000000e+00,1.665448e+07,1.180847e+02,7.267791e+06,1.730961e+02,3.298123e+06,,0.000000e+00,0.000000e+00
2013-12-12 00:41:36.000000,0.000000e+00,1.665419e+07,1.180848e+02,7.266115e+06,1.730961e+02,3.298145e+06,,0.000000e+00,0.000000e+00
2013-12-12 00:41:37.000000,0.000000e+00,1.665390e+07,1.180850e+02,7.264439e+06,1.730961e+02,3.298166e+06,,0.000000e+00,0.000000e+00
2013-12-12 00:41:38.000000,0.000000e+00,1.665362e+07,1.180852e+02,7.262763e+06,1.730961e+02,3.298188e+06,,0.000000e+00,0.000000e+00
2013-12-12 00:41:39.000000,0.000000e+00,1.665334e+07,1.180853e+02,7.261088e+06,1.730961e+02,3.298209e+06,,0.000000e+00,0.000000e+00
2013-12-12 00:41:40.000000,0.000000e+00,1.665305e+07,1.180855e+02,7.262763e+06,1.730961e+02,3.298231e+06,,0.000000e+00,0.000000e+00
2013-12-12 00:41:41.000000,0.000000e+00,1.665276e+07,1.180856e+02,7.264439e+06,1.730961e+02,3.298252e+06,,0.000000e+00,0.000000e+00
2013-12-12 00:41:42.000000,0.000000e+00,1.665248e+07,1.180858e+02,7.266115e+06,1.730961e+02,3.298274e+06,,0.000000e+00,0.000000e+00
2013-12-12 00:41:43.000000,0.000000e+00,1.665220e+07,1.180860e+02,7.267791e+06,1.730961e+02,3.298295e+06,,0.000000e+00,0.000000e+00
2013-12-12 00:41:44.000000,0.000000e+00,1.665191e+07,1.180861e+02,7.269466e+06,1.730961e+02,3.298317e+06,,0.000000e+00,0.000000e+00
2013-12-12 00:41:45.000000,0.000000e+00,1.665163e+07,1.180863e+02,7.271143e+06,1.730961e+02,3.298338e+06,,0.000000e+00,0.000000e+00
2013-12-12 00:41:46.000000,0.000000e+00,1.665134e+07,1.180865e+02,7.272818e+06,1.730961e+02,3.298360e+06,,0.000000e+00,0.000000e+00
2013-12-12 00:41:47.000000,0.000000e+00,1.665105e+07,1.180866e+02,7.274494e+06,1.730961e+02,3.298381e+06,,0.000000e+00,0.000000e+00
2013-12-12 00:41:48.000000,0.000000e+00,1.665077e+07,1.180868e+02,7.276170e+06,1.730961e+02,3.298403e+06,,0.000000e+00,0.000000e+00
2013-12-12 00:41:49.000000,0.000000e+00,1.665049e+07,1.180869e+02,7.277846e+06,1.730961e+02,3.298424e+06,,0.000000e+00,0.000000e+00
2013-12-12 00:41:50.000000,0.000000e+00,1.665020e+07,1.180871e+02,7.279521e+06,1.730961e+02,3.298446e+06,,0.000000e+00,0.000000e+00
2013-12-12 00:41:51.000000,0.000000e+00,1.664991e+07,1.180873e+02,7.281197e+06,1.730961e+02,3.298467e+06,,0.000000e+00,0.000000e+00
2013-12-12 00:41:52.000000,0.000000e+00,1.664963e+07,1.180874e+02,7.282873e+06,1.730961e+02,3.298489e+06,,0.000000e+00,0.000000e+00
2013-12-12 00:41:53.000000,0.000000e+00,1.664935e+07,1.180876e+02,7.284549e+06,1.730961e+02,3.298510e+06,,0.000000e+00,0.000000e+00
2013-12-12 00:41:54.000000,0.000000e+00,1.664906e+07,1.180878e+02,7.286224e+06,1.730961e+02,3.298532e+06,,0.000000e+00,0.000000e+00
2013-12-12 00:41:55.000000,0.000000e+00,1.664877e+07,1.180879e+02,7.287901e+06,1.730961e+02,3.298553e+06,,0.000000e+00,0.000000e+00
2013-12-12 00:41:56.000000,0.000000e+00,1.664849e+07,1.180881e+02,7.289576e+06,1.730961e+02,3.298575e+06,,0.000000e+00,0.000000e+00
2013-12-12 00:41:57.000000,0.000000e+00,1.664821e+07,1.180882e+02,7.291252e+06,1.730961e+02,3.298596e+06,,0.000000e+00,0.000000e+00
2013-12-12 00:41:58.000000,0.000000e+00,1.664792e+07,1.180884e+02,7.292928e+06,1.730961e+02,3.298618e+06,,0.000000e+00,0.000000e+00
2013-12-12 00:41:59.000000,0.000000e+00,1.664763e+07,1.180886e+02,7.294604e+06,1.730961e+02,3.298639e+06,,0.000000e+00,0.000000e+00
2013-12-12 00:42:00.000000,0.000000e+00,1.664735e+07,1.180887e+02,7.296279e+06,1.730961e+02,3.298661e+06,,0.000000e+00,0.000000e+00
2013-12-12 00:42:01.000000,0.000000e+00,1.664707e+07,1.180889e+02,7.297955e+06,1.730961e+02,3.298682e+06,,0.000000e+00,0.000000e+00
2013-12-12 00:42:02.000000,0.000000e+00,1.664678e+07,1.180891e+02,7.299631e+06,1.730961e+02,3.298704e+06,,0.000000e+00,0.000000e+00
2013-12-12 00:42:03.000000,0.000000e+00,1.664650e+07,1.180892e+02,7.301307e+06,1.730961e+02,3.298726e+06,,0.000000e+00,0.000000e+00
2013-12-12 00:42:04.000000,0.000000e+00,1.664621e+07,1.180894e+02,7.302982e+06,1.730961e+02,3.298747e+06,,0.000000e+00,0.000000e+00
2013-12-12 00:42:05.000000,0.000000e+00,1.664593e+07,1.180895e+02,7.304659e+06,1.730961e+02,3.298768e+06,,0.000000e+00,0.000000e+00
2013-12-12 00:42:06.000000,0.000000e+00,1.664564e+07,1.180897e+02,7.306334e+06,1.730961e+02,3.298790e+06,,0.000000e+00,0.000000e+00
2013-12-12 00:42:07.000000,0.000000e+00,1.664536e+07,1.180899e+02,7.308010e+06,1.730961e+02,3.298811e+06,,0.000000e+00,0.000000e+00
2013-12-12 00:42:08.000000,0.000000e+00,1.664507e+07,1.180900e+02,7.309686e+06,1.730961e+02,3.298833e+06,,0.000000e+00,0.000000e+00
2013-12-12 00:42:09.000000,0.000000e+00,1.664479e+07,1.180902e+02,7.311362e+06,1.730961e+02,3.298854e+06,,0.000000e+00,0.000000e+00
2013-12-12 00:42:10.000000,0.000000e+00,1.664450e+07,1.180903e+02,7.313037e+06,1.730961e+02,3.298876e+06,,0.000000e+00,0.000000e+00
2013-12-12 00:42:11.000000,0.000000e+00,1.664422e+07,1.180905e+02,7.314713e+06,1.730961e+02,3.298898e+06,,0.000000e+00,0.000000e+00
2013-12-12 00:42:12.000000,0.000000e+00,1.664393e+07,1.180907e+02,7.316389e+06,1.730961e+02,3.298919e+06,,0.000000e+00,0.000000e+00
2013-12-12 00:42:13.000000,0.000000e+00,1.664364e+07,1.180908e+02,7.318064e+06,1.730961e+02,3.298940e+06,,0.000000e+00,0.000000e+00
2013-12-12 00:42:14.000000,0.000000e+00,1.664336e+07,1.180910e+02,7.319740e+06,1.730961e+02,3.298962e+06,,0.000000e+00,0.000000e+00
2013-12-12 00:42:15.000000,0.000000e+00,1.664308e+07,1.180912e+02,7.321416e+06,1.730961e+02,3.298983e+06,,0.000000e+00,0.000000e+00
2013-12-12 00:42:16.000000,0.000000e+00,1.664279e+07,1.180913e+02,7.323092e+06,1.730961e+02,3.299005e+06,,0.000000e+00,0.000000e+00
2013-12-12 00:42:17.000000,0.000000e+00,1.664250e+07,1.180915e+02,7.324767e+06,1.730961e+02,3.299026e+06,,0.000000e+00,0.000000e+00
2013-12-12 00:42:18.000000,0.000000e+00,1.664222e+07,1.180916e+02,7.326443e+06,1.730961e+02,3.299048e+06,,0.000000e+00,0.000000e+00
2013-12-12 00:42:19.000000,0.000000e+00,1.664194e+07,1.180918e+02,7.328119e+06,1.730961e+02,3.299070e+06,,0.000000e+00,0.000000e+00
2013-12-12 00:42:20.000000,0.000000e+00,1.664165e+07,1.180920e+02,7.329795e+06,1.730961e+02,3.299091e+06,,0.000000e+00,0.000000e+00
2013-12-12 00:42:21.000000,0.000000e+00,1.664137e+07,1.180921e+02,7.331470e+06,1.730961e+02,3.299112e+06,,0.000000e+00,0.000000e+00
2013-12-12 00:42:22.000000,0.000000e+00,1.664108e+07,1.180923e+02,7.333147e+06,1.730961e+02,3.299134e+06,,0.000000e+00,0.000000e+00
2013-12-12 00:42:23.000000,0.000000e+00,1.664080e+07,1.180925e+02,7.334822e+06,1.730961e+02,3.299155e+06,,0.000000e+00,0.000000e+00
2013-12-12 00:42:24.000000,0.000000e+00,1.664051e+07,1.180926e+02,7.336498e+06,1.730961e+02,3.299177e+06,,0.000000e+00,0.000000e+00
2013-12-12 00:42:25.000000,0.000000e+00,1.664023e+07,1.180928e+02,7.338174e+06,1.730961e+02,3.299199e+06,,0.000000e+00,0.000000e+00
2013-12-12 00:42:26.000000,0.000000e+00,1.663994e+07,1.180929e+02,7.339850e+06,1.730961e+02,3.299220e+06,,0.000000e+00,0.000000e+00
2013-12-12 00:42:27.000000,0.000000e+00,1.663966e+07,1.180931e+02,7.341525e+06,1.730961e+02,3.299242e+06,,0.000000e+00,0.000000e+00
2013-12-12 00:42:28.000000,0.000000e+00,1.663937e+07,1.180933e+02,7.343201e+06,1.730961e+02,3.299263e+06,,0.000000e+00,0.000000e+00
2013-12-12 00:42:29.000000,0.000000e+00,1.663909e+07,1.180934e+02,7.344877e+06,1.730961e+02,3.299284e+06,,0.000000e+00,0.000000e+00
2013-12-12 00:42:30.000000,0.000000e+00,1.663880e+07,1.180936e+02,7.346553e+06,1.730961e+02,3.299306e+06,,0.000000e+00,0.000000e+00
2013-12-12 00:42:31.000000,0.000000e+00,1.663852e+07,1.180938e+02,7.348228e+06,1.730961e+02,3.299327e+06,,0.000000e+00,0.000000e+00
2013-12-12 00:42:32.000000,0.000000e+00,1.663823e+07,1.180939e+02,7.349905e+06,1.730961e+02,3.299349e+06,,0.000000e+00,0.000000e+00
2013-12-12 00:42:33.000000,0.000000e+00,1.663795e+07,1.180941e+02,7.351580e+06,1.730961e+02,3.299371e+06,,0.000000e+00,0.000000e+00
2013-12-12 00:42:34.000000,0.000000e+00,1.663800e+07,1.180942e+02,7.353256e+06,1.730961e+02,3.299392e+06,,0.000000e+00,0.000000e+00
2013-12-12 00:42:35.000000,0.000000e+00,1.663806e+07,1.180944e+02,7.354932e+06,1.730961e+02,3.299414e+06,,0.000000e+00,0.000000e+00
2013-12-12 00:42:36.000000,0.000000e+00,1.663811e+07,1.180946e+02,7.356608e+06,1.730961e+02,3.299435e+06,,0.000000e+00,0.000000e+00
2013-12-12 00:42:37.000000,0.000000e+00,1.663817e+07,1.180947e+02,7.358283e+06,1.730961e+02,3.299456e+06,,0.000000e+00,0.000000e+00
2013-12-12 00:42:38.000000,0.000000e+00,1.663822e+07,1.180949e+02,7.359959e+06,1.730961e+02,3.299478e+06,,0.000000e+00,0.000000e+00
2013-12-12 00:42:39.000000,0.000000e+00,1.663828e+07,1.180950e+02,7.361635e+06,1.730961e+02,3.299500e+06,,0.000000e+00,0.000000e+00
2013-12-12 00:42:40.000000,0.000000e+00,1.663833e+07,1.180952e+02,7.361371e+06,1.730961e+02,3.299521e+06,,0.000000e+00,0.000000e+00
2013-12-12 00:42:41.000000,0.000000e+00,1.663839e+07,1.180954e+02,7.361107e+06,1.730961e+02,3.299543e+06,,0.000000e+00,0.000000e+00
2013-12-12 00:42:42.000000,0.000000e+00,1.663844e+07,1.180955e+02,7.360842e+06,1.730961e+02,3.299564e+06,,0.000000e+00,0.000000e+00
2013-12-12 00:42:43.000000,0.000000e+00,1.663850e+07,1.180957e+02,7.360578e+06,1.730961e+02,3.299586e+06,,0.000000e+00,0.000000e+00
2013-12-12 00:42:44.000000,0.000000e+00,1.663855e+07,1.180959e+02,7.360314e+06,1.730961e+02,3.299607e+06,,0.000000e+00,0.000000e+00
2013-12-12 00:42:45.000000,0.000000e+00,1.663861e+07,1.180960e+02,7.360050e+06,1.730961e+02,3.299628e+06,,0.000000e+00,0.000000e+00
2013-12-12 00:42:46.000000,0.000000e+00,1.663866e+07,1.180962e+02,7.359786e+06,1.730961e+02,3.299650e+06,,0.000000e+00,0.000000e+00
2013-12-12 00:42:47.000000,0.000000e+00,1.663872e+07,1.180963e+02,7.359521e+06,1.730961e+02,3.299672e+06,,0.000000e+00,0.000000e+00
2013-12-12 00:42:48.000000,0.000000e+00,1.663877e+07,1.180965e+02,7.359258e+06,1.730961e+02,3.299693e+06,,0.000000e+00,0.000000e+00
2013-12-12 00:42:49.000000,0.000000e+00,1.663883e+07,1.180967e+02,7.358994e+06,1.730961e+02,3.299715e+06,,0.000000e+00,0.000000e+00
2013-12-12 00:42:50.000000,0.000000e+00,1.663889e+07,1.180968e+02,7.358730e+06,1.730961e+02,3.299736e+06,,0.000000e+00,0.000000e+00
2013-12-12 00:42:51.000000,0.000000e+00,1.663894e+07,1.180970e+02,7.358466e+06,1.730961e+02,3.299758e+06,,0.000000e+00,0.000000e+00
2013-12-12 00:42:52.000000,0.000000e+00,1.663900e+07,1.180972e+02,7.358201e+06,1.730961e+02,3.299779e+06,,0.000000e+00,0.000000e+00
2013-12-12 00:42:53.000000,0.000000e+00,1.663905e+07,1.180973e+02,7.357937e+06,1.730961e+02,3.299800e+06,,0.000000e+00,0.000000e+00
2013-12-12 00:42:54.000000,0.000000e+00,1.663911e+07,1.180975e+02,7.357673e+06,1.730961e+02,3.299822e+06,,0.000000e+00,0.000000e+00
2013-12-12 00:42:55.000000,0.000000e+00,1.663916e+07,1.180976e+02,7.357409e+06,1.730961e+02,3.299844e+06,,0.000000e+00,0.000000e+00
2013-12-12 00:42:56.000000,0.000000e+00,1.663922e+07,1.180978e+02,7.357145e+06,1.730961e+02,3.299865e+06,,0.000000e+00,0.000000e+00
2013-12-12 00:42:57.000000,0.000000e+00,1.663927e+07,1.180980e+02,7.356880e+06,1.730961e+02,3.299887e+06,,0.000000e+00,0.000000e+00
2013-12-12 00:42:58.000000,0.000000e+00,1.663933e+07,1.180981e+02,7.356616e+06,1.730961e+02,3.299908e+06,,0.000000e+00,0.000000e+00
2013-12-12 00:42:59.000000,0.000000e+00,1.663938e+07,1.180983e+02,7.356352e+06,1.730961e+02,3.299930e+06,,0.000000e+00,0.000000e+00
2013-12-12 00:43:00.000000,0.000000e+00,1.663944e+07,1.180984e+02,7.356088e+06,1.730961e+02,3.299951e+06,,0.000000e+00,0.000000e+00
2013-12-12 00:43:01.000000,0.000000e+00,1.663949e+07,1.180986e+02,7.355824e+06,1.730961e+02,3.299973e+06,,0.000000e+00,0.000000e+00
2013-12-12 00:43:02.000000,0.000000e+00,1.663955e+07,1.180988e+02,7.355560e+06,1.730961e+02,3.299994e+06,,0.000000e+00,0.000000e+00
2013-12-12 00:43:03.000000,0.000000e+00,1.663960e+07,1.180989e+02,7.355296e+06,1.730961e+02,3.300016e+06,,0.000000e+00,0.000000e+00
2013-12-12 00:43:04.000000,0.000000e+00,1.663966e+07,1.180991e+02,7.355032e+06,1.730961e+02,3.300037e+06,,0.000000e+00,0.000000e+00
2013-12-12 00:43:05.000000,0.000000e+00,1.663971e+07,1.180993e+02,7.354768e+06,1.730961e+02,3.300059e+06,,0.000000e+00,0.000000e+00
2013-12-12 00:43:06.000000,0.000000e+00,1.663977e+07,1.180994e+02,7.354504e+06,1.730961e+02,3.300080e+06,,0.000000e+00,0.000000e+00
2013-12-12 00:43:07.000000,0.000000e+00,1.663982e+07,1.180996e+02,7.354239e+06,1.730961e+02,3.300102e+06,,0.000000e+00,0.000000e+00
2013-12-12 00:43:08.000000,0.000000e+00,1.663988e+07,1.180997e+02,7.353975e+06,1.730961e+02,3.300123e+06,,0.000000e+00,0.000000e+00
2013-12-12 00:43:09.000000,0.000000e+00,1.663994e+07,1.180999e+02,7.353711e+06,1.730961e+02,3.300145e+06,,0.000000e+00,0.000000e+00
2013-12-12 00:43:10.000000,0.000000e+00,1.663999e+07,1.181001e+02,7.353447e+06,1.730961e+02,3.300166e+06,,0.000000e+00,0.000000e+00
2013-12-12 00:43:11.000000,0.000000e+00,1.664005e+07,1.181002e+02,7.353182e+06,1.730961e+02,3.300188e+06,,0.000000e+00,0.000000e+00
2013-12-12 00:43:12.000000,0.000000e+00,1.664010e+07,1.181004e+02,7.352918e+06,1.730961e+02,3.300209e+06,,0.000000e+00,0.000000e+00
2013-12-12 00:43:13.000000,0.000000e+00,1.664016e+07,1.181006e+02,7.352654e+06,1.730961e+02,3.300231e+06,,0.000000e+00,0.000000e+00
2013-12-12 00:43:14.000000,0.000000e+00,1.664021e+07,1.181007e+02,7.352390e+06,1.730961e+02,3.300252e+06,,0.000000e+00,0.000000e+00
2013-12-12 00:43:15.000000,0.000000e+00,1.664027e+07,1.181009e+02,7.352126e+06,1.730961e+02,3.300274e+06,,0.000000e+00,0.000000e+00
2013-12-12 00:43:16.000000,0.000000e+00,1.664032e+07,1.181010e+02,7.351862e+06,1.730961e+02,3.300295e+06,,0.000000e+00,0.000000e+00
2013-12-12 00:43:17.000000,0.000000e+00,1.664038e+07,1.181012e+02,7.351598e+06,1.730961e+02,3.300317e+06,,0.000000e+00,0.000000e+00
2013-12-12 00:43:18.000000,0.000000e+00,1.664043e+07,1.181014e+02,7.351334e+06,1.730961e+02,3.300338e+06,,0.000000e+00,0.000000e+00
2013-12-12 00:43:19.000000,0.000000e+00,1.664049e+07,1.181015e+02,7.351070e+06,1.730961e+02,3.300360e+06,,0.000000e+00,0.000000e+00
2013-12-12 00:43:20.000000,0.000000e+00,1.664054e+07,1.181017e+02,7.350806e+06,1.730961e+02,3.300381e+06,,0.000000e+00,0.000000e+00
2013-12-12 00:43:21.000000,0.000000e+00,1.664060e+07,1.181019e+02,7.350541e+06,1.730961e+02,3.300403e+06,,0.000000e+00,0.000000e+00
2013-12-12 00:43:22.000000,0.000000e+00,1.664065e+07,1.181020e+02,7.350277e+06,1.730961e+02,3.300424e+06,,0.000000e+00,0.000000e+00
2013-12-12 00:43:23.000000,0.000000e+00,1.664071e+07,1.181022e+02,7.350013e+06,1.730961e+02,3.300446e+06,,0.000000e+00,0.000000e+00
2013-12-12 00:43:24.000000,0.000000e+00,1.664076e+07,1.181023e+02,7.349749e+06,1.730961e+02,3.300467e+06,,0.000000e+00,0.000000e+00
2013-12-12 00:43:25.000000,0.000000e+00,1.664082e+07,1.181025e+02,7.349485e+06,1.730961e+02,3.300489e+06,,0.000000e+00,0.000000e+00
2013-12-12 00:43:26.000000,0.000000e+00,1.664087e+07,1.181027e+02,7.349220e+06,1.730961e+02,3.300510e+06,,0.000000e+00,0.000000e+00
2013-12-12 00:43:27.000000,0.000000e+00,1.664093e+07,1.181028e+02,7.348956e+06,1.730961e+02,3.300532e+06,,0.000000e+00,0.000000e+00
2013-12-12 00:43:28.000000,0.000000e+00,1.664099e+07,1.181030e+02,7.348692e+06,1.730961e+02,3.300554e+06,,0.000000e+00,0.000000e+00
2013-12-12 00:43:29.000000,0.000000e+00,1.664104e+07,1.181031e+02,7.348428e+06,1.730961e+02,3.300575e+06,,0.000000e+00,0.000000e+00
2013-12-12 00:43:30.000000,0.000000e+00,1.664109e+07,1.181033e+02,7.348164e+06,1.730961e+02,3.300596e+06,,0.000000e+00,0.000000e+00
2013-12-12 00:43:31.000000,0.000000e+00,1.664115e+07,1.181035e+02,7.347900e+06,1.730961e+02,3.300618e+06,,0.000000e+00,0.000000e+00
2013-12-12 00:43:32.000000,0.000000e+00,1.664121e+07,1.181036e+02,7.347636e+06,1.730961e+02,3.300639e+06,,0.000000e+00,0.000000e+00
2013-12-12 00:43:33.000000,0.000000e+00,1.664126e+07,1.181038e+02,7.347372e+06,1.730961e+02,3.300661e+06,,0.000000e+00,0.000000e+00
2013-12-12 00:43:34.000000,0.000000e+00,1.664132e+07,1.181040e+02,7.347108e+06,1.730961e+02,3.300682e+06,,0.000000e+00,0.000000e+00
2013-12-12 00:43:35.000000,0.000000e+00,1.664137e+07,1.181041e+02,7.346844e+06,1.730961e+02,3.300704e+06,,0.000000e+00,0.000000e+00
2013-12-12 00:43:36.000000,0.000000e+00,1.664143e+07,1.181043e+02,7.346579e+06,1.730961e+02,3.300726e+06,,0.000000e+00,0.000000e+00
2013-12-12 00:43:37.000000,0.000000e+00,1.664148e+07,1.181044e+02,7.346315e+06,1.730961e+02,3.300747e+06,,0.000000e+00,0.000000e+00
2013-12-12 00:43:38.000000,0.000000e+00,1.664154e+07,1.181046e+02,7.346051e+06,1.730961e+02,3.300769e+06,,0.000000e+00,0.000000e+00
2013-12-12 00:43:39.000000,0.000000e+00,1.664159e+07,1.181048e+02,7.345787e+06,1.730961e+02,3.300790e+06,,0.000000e+00,0.000000e+00
2013-12-12 00:43:40.000000,0.000000e+00,1.664165e+07,1.181049e+02,7.345523e+06,1.730961e+02,3.300811e+06,,0.000000e+00,0.000000e+00
2013-12-12 00:43:41.000000,0.000000e+00,1.664170e+07,1.181051e+02,7.345258e+06,1.730961e+02,3.300833e+06,,0.000000e+00,0.000000e+00
2013-12-12 00:43:42.000000,0.000000e+00,1.664176e+07,1.181053e+02,7.344994e+06,1.730961e+02,3.300854e+06,,0.000000e+00,0.000000e+00
2013-12-12 00:43:43.000000,0.000000e+00,1.664181e+07,1.181054e+02,7.344730e+06,1.730961e+02,3.300876e+06,,0.000000e+00,0.000000e+00
2013-12-12 00:43:44.000000,0.000000e+00,1.664187e+07,1.181056e+02,7.344466e+06,1.730961e+02,3.300898e+06,,0.000000e+00,0.000000e+00
2013-12-12 00:43:45.000000,0.000000e+00,1.664193e+07,1.181057e+02,7.344202e+06,1.730961e+02,3.300919e+06,,0.000000e+00,0.000000e+00
2013-12-12 00:43:46.000000,0.000000e+00,1.664198e+07,1.181059e+02,7.343938e+06,1.730961e+02,3.300941e+06,,0.000000e+00,0.000000e+00
2013-12-12 00:43:47.000000,0.000000e+00,1.664203e+07,1.181061e+02,7.343674e+06,1.730961e+02,3.300962e+06,,0.000000e+00,0.000000e+00
2013-12-12 00:43:48.000000,0.000000e+00,1.664209e+07,1.181062e+02,7.343410e+06,1.730961e+02,3.300983e+06,,0.000000e+00,0.000000e+00
2013-12-12 00:43:49.000000,0.000000e+00,1.664214e+07,1.181064e+02,7.343146e+06,1.730961e+02,3.301005e+06,,0.000000e+00,0.000000e+00
2013-12-12 00:43:50.000000,0.000000e+00,1.664220e+07,1.181066e+02,7.342882e+06,1.730961e+02,3.301027e+06,,0.000000e+00,0.000000e+00
2013-12-12 00:43:51.000000,0.000000e+00,1.664226e+07,1.181067e+02,7.342617e+06,1.730961e+02,3.301048e+06,,0.000000e+00,0.000000e+00
2013-12-12 00:43:52.000000,0.000000e+00,1.664231e+07,1.181069e+02,7.342353e+06,1.730961e+02,3.301070e+06,,0.000000e+00,0.000000e+00
2013-12-12 00:43:53.000000,0.000000e+00,1.664237e+07,1.181070e+02,7.342089e+06,1.730961e+02,3.301091e+06,,0.000000e+00,0.000000e+00
2013-12-12 00:43:54.000000,0.000000e+00,1.664242e+07,1.181072e+02,7.341825e+06,1.730961e+02,3.301113e+06,,0.000000e+00,0.000000e+00
2013-12-12 00:43:55.000000,0.000000e+00,1.664248e+07,1.181074e+02,7.341561e+06,1.730961e+02,3.301134e+06,,0.000000e+00,0.000000e+00
2013-12-12 00:43:56.000000,0.000000e+00,1.664253e+07,1.181075e+02,7.341296e+06,1.730961e+02,3.301155e+06,,0.000000e+00,0.000000e+00
2013-12-12 00:43:57.000000,0.000000e+00,1.664259e+07,1.181077e+02,7.341032e+06,1.730961e+02,3.301177e+06,,0.000000e+00,0.000000e+00
2013-12-12 00:43:58.000000,0.000000e+00,1.664264e+07,1.181078e+02,7.340768e+06,1.730961e+02,3.301199e+06,,0.000000e+00,0.000000e+00
2013-12-12 00:43:59.000000,0.000000e+00,1.664270e+07,1.181080e+02,7.340504e+06,1.730961e+02,3.301220e+06,,0.000000e+00,0.000000e+00
2013-12-12 00:44:00.000000,0.000000e+00,1.664275e+07,1.181082e+02,7.340240e+06,1.730961e+02,3.301242e+06,,0.000000e+00,0.000000e+00
2013-12-12 00:44:01.000000,0.000000e+00,1.664281e+07,1.181083e+02,7.339976e+06,1.730961e+02,3.301263e+06,,0.000000e+00,0.000000e+00
2013-12-12 00:44:02.000000,0.000000e+00,1.664286e+07,1.181085e+02,7.339712e+06,1.730961e+02,3.301285e+06,,0.000000e+00,0.000000e+00
2013-12-12 00:44:03.000000,0.000000e+00,1.664292e+07,1.181087e+02,7.339448e+06,1.730961e+02,3.301306e+06,,0.000000e+00,0.000000e+00
2013-12-12 00:44:04.000000,0.000000e+00,1.664297e+07,1.181088e+02,7.339184e+06,1.730961e+02,3.301328e+06,,0.000000e+00,0.000000e+00
2013-12-12 00:44:05.000000,0.000000e+00,1.664303e+07,1.181090e+02,7.338920e+06,1.730961e+02,3.301349e+06,,0.000000e+00,0.000000e+00
2013-12-12 00:44:06.000000,0.000000e+00,1.664308e+07,1.181091e+02,7.338655e+06,1.730961e+02,3.301371e+06,,0.000000e+00,0.000000e+00
2013-12-12 00:44:07.000000,0.000000e+00,1.664314e+07,1.181093e+02,7.338391e+06,1.730961e+02,3.301392e+06,,0.000000e+00,0.000000e+00
2013-12-12 00:44:08.000000,0.000000e+00,1.664320e+07,1.181095e+02,7.338127e+06,1.730961e+02,3.301414e+06,,0.000000e+00,0.000000e+00
2013-12-12 00:44:09.000000,0.000000e+00,1.664325e+07,1.181096e+02,7.337863e+06,1.730961e+02,3.301435e+06,,0.000000e+00,0.000000e+00
2013-12-12 00:44:10.000000,0.000000e+00,1.664331e+07,1.181098e+02,7.337598e+06,1.730961e+02,3.301457e+06,,0.000000e+00,0.000000e+00
2013-12-12 00:44:11.000000,0.000000e+00,1.664336e+07,1.181100e+02,7.337334e+06,1.730961e+02,3.301478e+06,,0.000000e+00,0.000000e+00
2013-12-12 00:44:12.000000,0.000000e+00,1.664342e+07,1.181101e+02,7.337070e+06,1.730961e+02,3.301500e+06,,0.000000e+00,0.000000e+00
2013-12-12 00:44:13.000000,0.000000e+00,1.664347e+07,1.181103e+02,7.336806e+06,1.730961e+02,3.301521e+06,,0.000000e+00,0.000000e+00
2013-12-12 00:44:14.000000,0.000000e+00,1.664353e+07,1.181104e+02,7.336543e+06,1.730961e+02,3.301543e+06,,0.000000e+00,0.000000e+00
2013-12-12 00:44:15.000000,0.000000e+00,1.664358e+07,1.181106e+02,7.336278e+06,1.730961e+02,3.301564e+06,,0.000000e+00,0.000000e+00
2013-12-12 00:44:16.000000,0.000000e+00,1.664364e+07,1.181108e+02,7.336014e+06,1.730961e+02,3.301586e+06,,0.000000e+00,0.000000e+00
2013-12-12 00:44:17.000000,0.000000e+00,1.664369e+07,1.181109e+02,7.335750e+06,1.730961e+02,3.301607e+06,,0.000000e+00,0.000000e+00
2013-12-12 00:44:18.000000,0.000000e+00,1.664375e+07,1.181111e+02,7.335486e+06,1.730961e+02,3.301629e+06,,0.000000e+00,0.000000e+00
2013-12-12 00:44:19.000000,0.000000e+00,1.664380e+07,1.181113e+02,7.335222e+06,1.730961e+02,3.301650e+06,,0.000000e+00,0.000000e+00
2013-12-12 00:44:20.000000,0.000000e+00,1.664386e+07,1.181114e+02,7.334957e+06,1.730961e+02,3.301672e+06,,0.000000e+00,0.000000e+00
2013-12-12 00:44:21.000000,0.000000e+00,1.664391e+07,1.181116e+02,7.334693e+06,1.730961e+02,3.301693e+06,,0.000000e+00,0.000000e+00
2013-12-12 00:44:22.000000,0.000000e+00,1.664397e+07,1.181117e+02,7.334429e+06,1.730961e+02,3.301715e+06,,0.000000e+00,0.000000e+00
2013-12-12 00:44:23.000000,0.000000e+00,1.664402e+07,1.181119e+02,7.334165e+06,1.730961e+02,3.301736e+06,,0.000000e+00,0.000000e+00
2013-12-12 00:44:24.000000,0.000000e+00,1.664408e+07,1.181121e+02,7.333901e+06,1.730961e+02,3.301758e+06,,0.000000e+00,0.000000e+00
2013-12-12 00:44:25.000000,0.000000e+00,1.664413e+07,1.181122e+02,7.333636e+06,1.730961e+02,3.301779e+06,,0.000000e+00,0.000000e+00
2013-12-12 00:44:26.000000,0.000000e+00,1.664419e+07,1.181124e+02,7.333372e+06,1.730961e+02,3.301801e+06,,0.000000e+00,0.000000e+00
2013-12-12 00:44:27.000000,0.000000e+00,1.664425e+07,1.181125e+02,7.333109e+06,1.730961e+02,3.301822e+06,,0.000000e+00,0.000000e+00
2013-12-12 00:44:28.000000,0.000000e+00,1.664430e+07,1.181127e+02,7.332845e+06,1.730961e+02,3.301844e+06,,0.000000e+00,0.000000e+00
2013-12-12 00:44:29.000000,0.000000e+00,1.664436e+07,1.181129e+02,7.332581e+06,1.730961e+02,3.301865e+06,,0.000000e+00,0.000000e+00
2013-12-12 00:44:30.000000,0.000000e+00,1.664441e+07,1.181130e+02,7.332316e+06,1.730961e+02,3.301887e+06,,0.000000e+00,0.000000e+00
2013-12-12 00:44:31.000000,0.000000e+00,1.664447e+07,1.181132e+02,7.332052e+06,1.730961e+02,3.301908e+06,,0.000000e+00,0.000000e+00
2013-12-12 00:44:32.000000,0.000000e+00,1.664452e+07,1.181134e+02,7.331788e+06,1.730961e+02,3.301930e+06,,0.000000e+00,0.000000e+00
2013-12-12 00:44:33.000000,0.000000e+00,1.664458e+07,1.181135e+02,7.331524e+06,1.730961e+02,3.301951e+06,,0.000000e+00,0.000000e+00
2013-12-12 00:44:34.000000,0.000000e+00,1.664463e+07,1.181137e+02,7.331260e+06,1.730961e+02,3.301973e+06,,0.000000e+00,0.000000e+00
2013-12-12 00:44:35.000000,0.000000e+00,1.664469e+07,1.181138e+02,7.330995e+06,1.730961e+02,3.301994e+06,,0.000000e+00,0.000000e+00
2013-12-12 00:44:36.000000,0.000000e+00,1.664474e+07,1.181140e+02,7.330731e+06,1.730961e+02,3.302016e+06,,0.000000e+00,0.000000e+00
2013-12-12 00:44:37.000000,0.000000e+00,1.664480e+07,1.181142e+02,7.330467e+06,1.730961e+02,3.302037e+06,,0.000000e+00,0.000000e+00
2013-12-12 00:44:38.000000,0.000000e+00,1.664485e+07,1.181143e+02,7.330203e+06,1.730961e+02,3.302059e+06,,0.000000e+00,0.000000e+00
2013-12-12 00:44:39.000000,0.000000e+00,1.664491e+07,1.181145e+02,7.329939e+06,1.730961e+02,3.302081e+06,,0.000000e+00,0.000000e+00
2013-12-12 00:44:40.000000,0.000000e+00,1.664496e+07,1.181147e+02,7.329675e+06,1.730961e+02,3.302102e+06,,0.000000e+00,0.000000e+00
2013-12-12 00:44:41.000000,0.000000e+00,1.664502e+07,1.181148e+02,7.329411e+06,1.730961e+02,3.302123e+06,,0.000000e+00,0.000000e+00
2013-12-12 00:44:42.000000,0.000000e+00,1.664507e+07,1.181150e+02,7.329147e+06,1.730961e+02,3.302145e+06,,0.000000e+00,0.000000e+00
2013-12-12 00:44:43.000000,0.000000e+00,1.664513e+07,1.181151e+02,7.328883e+06,1.730961e+02,3.302166e+06,,0.000000e+00,0.000000e+00
2013-12-12 00:44:44.000000,0.000000e+00,1.664518e+07,1.181153e+02,7.328619e+06,1.730961e+02,3.302188e+06,,0.000000e+00,0.000000e+00
2013-12-12 00:44:45.000000,0.000000e+00,1.664524e+07,1.181155e+02,7.328354e+06,1.730961e+02,3.302209e+06,,0.000000e+00,0.000000e+00
2013-12-12 00:44:46.000000,0.000000e+00,1.664530e+07,1.181156e+02,7.328090e+06,1.730961e+02,3.302231e+06,,0.000000e+00,0.000000e+00
2013-12-12 00:44:47.000000,0.000000e+00,1.664535e+07,1.181158e+02,7.327826e+06,1.730961e+02,3.302253e+06,,0.000000e+00,0.000000e+00
2013-12-12 00:44:48.000000,0.000000e+00,1.664541e+07,1.181160e+02,7.327562e+06,1.730961e+02,3.302274e+06,,0.000000e+00,0.000000e+00
2013-12-12 00:44:49.000000,0.000000e+00,1.664546e+07,1.181161e+02,7.327298e+06,1.730961e+02,3.302295e+06,,0.000000e+00,0.000000e+00
2013-12-12 00:44:50.000000,0.000000e+00,1.664552e+07,1.181163e+02,7.327033e+06,1.730961e+02,3.302317e+06,,0.000000e+00,0.000000e+00
2013-12-12 00:44:51.000000,0.000000e+00,1.664557e+07,1.181164e+02,7.326769e+06,1.730961e+02,3.302338e+06,,0.000000e+00,0.000000e+00
2013-12-12 00:44:52.000000,0.000000e+00,1.664563e+07,1.181166e+02,7.326505e+06,1.730961e+02,3.302360e+06,,0.000000e+00,0.000000e+00
2013-12-12 00:44:53.000000,0.000000e+00,1.664568e+07,1.181168e+02,7.326241e+06,1.730961e+02,3.302382e+06,,0.000000e+00,0.000000e+00
2013-12-12 00:44:54.000000,0.000000e+00,1.664574e+07,1.181169e+02,7.325977e+06,1.730961e+02,3.302403e+06,,0.000000e+00,0.000000e+00
2013-12-12 00:44:55.000000,0.000000e+00,1.664579e+07,1.181171e+02,7.325713e+06,1.730961e+02,3.302425e+06,,0.000000e+00,0.000000e+00
2013-12-12 00:44:56.000000,0.000000e+00,1.664585e+07,1.181172e+02,7.325449e+06,1.730961e+02,3.302446e+06,,0.000000e+00,0.000000e+00
2013-12-12 00:44:57.000000,0.000000e+00,1.664590e+07,1.181174e+02,7.325185e+06,1.730961e+02,3.302467e+06,,0.000000e+00,0.000000e+00
2013-12-12 00:44:58.000000,0.000000e+00,1.664596e+07,1.181176e+02,7.324921e+06,1.730961e+02,3.302489e+06,,0.000000e+00,0.000000e+00
2013-12-12 00:44:59.000000,0.000000e+00,1.664601e+07,1.181177e+02,7.324657e+06,1.730961e+02,3.302510e+06,,0.000000e+00,0.000000e+00
2013-12-12 00:45:00.000000,0.000000e+00,1.664607e+07,1.181179e+02,7.324392e+06,1.730961e+02,3.302532e+06,,0.000000e+00,0.000000e+00
2013-12-12 00:45:01.000000,0.000000e+00,1.664612e+07,1.181181e+02,7.324128e+06,1.730961e+02,3.302554e+06,,0.000000e+00,0.000000e+00
2013-12-12 00:45:02.000000,0.000000e+00,1.664618e+07,1.181182e+02,7.323864e+06,1.730961e+02,3.302575e+06,,0.000000e+00,0.000000e+00
2013-12-12 00:45:03.000000,0.000000e+00,1.664623e+07,1.181184e+02,7.323600e+06,1.730961e+02,3.302597e+06,,0.000000e+00,0.000000e+00
2013-12-12 00:45:04.000000,0.000000e+00,1.664629e+07,1.181185e+02,7.323336e+06,1.730961e+02,3.302618e+06,,0.000000e+00,0.000000e+00
2013-12-12 00:45:05.000000,0.000000e+00,1.664635e+07,1.181187e+02,7.323071e+06,1.730961e+02,3.302639e+06,,0.000000e+00,0.000000e+00
2013-12-12 00:45:06.000000,0.000000e+00,1.664640e+07,1.181189e+02,7.322807e+06,1.730961e+02,3.302661e+06,,0.000000e+00,0.000000e+00
2013-12-12 00:45:07.000000,0.000000e+00,1.664646e+07,1.181190e+02,7.322543e+06,1.730961e+02,3.302682e+06,,0.000000e+00,0.000000e+00
2013-12-12 00:45:08.000000,0.000000e+00,1.664651e+07,1.181192e+02,7.322279e+06,1.730961e+02,3.302704e+06,,0.000000e+00,0.000000e+00
2013-12-12 00:45:09.000000,0.000000e+00,1.664657e+07,1.181194e+02,7.322015e+06,1.730961e+02,3.302726e+06,,0.000000e+00,0.000000e+00
2013-12-12 00:45:10.000000,0.000000e+00,1.664662e+07,1.181195e+02,7.321751e+06,1.730961e+02,3.302747e+06,,0.000000e+00,0.000000e+00
2013-12-12 00:45:11.000000,0.000000e+00,1.664668e+07,1.181197e+02,7.321487e+06,1.730961e+02,3.302769e+06,,0.000000e+00,0.000000e+00
2013-12-12 00:45:12.000000,0.000000e+00,1.664673e+07,1.181198e+02,7.321223e+06,1.730961e+02,3.302790e+06,,0.000000e+00,0.000000e+00
2013-12-12 00:45:13.000000,0.000000e+00,1.664679e+07,1.181200e+02,7.320959e+06,1.730961e+02,3.302812e+06,,0.000000e+00,0.000000e+00
2013-12-12 00:45:14.000000,0.000000e+00,1.664684e+07,1.181202e+02,7.320694e+06,1.730961e+02,3.302833e+06,,0.000000e+00,0.000000e+00
2013-12-12 00:45:15.000000,0.000000e+00,1.664690e+07,1.181203e+02,7.320430e+06,1.730961e+02,3.302855e+06,,0.000000e+00,0.000000e+00
2013-12-12 00:45:16.000000,0.000000e+00,1.664695e+07,1.181205e+02,7.320166e+06,1.730961e+02,3.302876e+06,,0.000000e+00,0.000000e+00
2013-12-12 00:45:17.000000,0.000000e+00,1.664701e+07,1.181207e+02,7.319902e+06,1.730961e+02,3.302898e+06,,0.000000e+00,0.000000e+00
2013-12-12 00:45:18.000000,0.000000e+00,1.664706e+07,1.181208e+02,7.319638e+06,1.730961e+02,3.302919e+06,,0.000000e+00,0.000000e+00
2013-12-12 00:45:19.000000,0.000000e+00,1.664712e+07,1.181210e+02,7.319373e+06,1.730961e+02,3.302941e+06,,0.000000e+00,0.000000e+00
2013-12-12 00:45:20.000000,0.000000e+00,1.664717e+07,1.181211e+02,7.319109e+06,1.730961e+02,3.302962e+06,,0.000000e+00,0.000000e+00
2013-12-12 00:45:21.000000,0.000000e+00,1.664723e+07,1.181213e+02,7.318845e+06,1.730961e+02,3.302984e+06,,0.000000e+00,0.000000e+00
2013-12-12 00:45:22.000000,0.000000e+00,1.664729e+07,1.181215e+02,7.318581e+06,1.730961e+02,3.303005e+06,,0.000000e+00,0.000000e+00
2013-12-12 00:45:23.000000,0.000000e+00,1.664734e+07,1.181216e+02,7.318317e+06,1.730961e+02,3.303027e+06,,0.000000e+00,0.000000e+00
2013-12-12 00:45:24.000000,0.000000e+00,1.664740e+07,1.181218e+02,7.318053e+06,1.730961e+02,3.303048e+06,,0.000000e+00,0.000000e+00
2013-12-12 00:45:25.000000,0.000000e+00,1.664745e+07,1.181212e+02,7.317789e+06,1.730961e+02,3.303070e+06,,0.000000e+00,0.000000e+00
2013-12-12 00:45:26.000000,0.000000e+00,1.664751e+07,1.181207e+02,7.317525e+06,1.730961e+02,3.303091e+06,,0.000000e+00,0.000000e+00
2013-12-12 00:45:27.000000,0.000000e+00,1.664756e+07,1.181201e+02,7.317261e+06,1.730961e+02,3.303113e+06,,0.000000e+00,0.000000e+00
2013-12-12 00:45:28.000000,0.000000e+00,1.664762e+07,1.181196e+02,7.316997e+06,1.730961e+02,3.303134e+06,,0.000000e+00,0.000000e+00
2013-12-12 00:45:29.000000,0.000000e+00,1.664767e+07,1.181190e+02,7.316732e+06,1.730961e+02,3.303156e+06,,0.000000e+00,0.000000e+00
2013-12-12 00:45:30.000000,0.000000e+00,1.664773e+07,1.181184e+02,7.316468e+06,1.730961e+02,3.303177e+06,,0.000000e+00,0.000000e+00
2013-12-12 00:45:31.000000,0.000000e+00,1.664778e+07,1.181179e+02,7.316204e+06,1.730961e+02,3.303199e+06,,0.000000e+00,0.000000e+00
2013-12-12 00:45:32.000000,0.000000e+00,1.664784e+07,1.181173e+02,7.315940e+06,1.730961e+02,3.303220e+06,,0.000000e+00,0.000000e+00
2013-12-12 00:45:33.000000,0.000000e+00,1.664789e+07,1.181168e+02,7.315676e+06,1.730961e+02,3.303242e+06,,0.000000e+00,0.000000e+00
2013-12-12 00:45:34.000000,0.000000e+00,1.664795e+07,1.181162e+02,7.315411e+06,1.730961e+02,3.303263e+06,,0.000000e+00,0.000000e+00
2013-12-12 00:45:35.000000,0.000000e+00,1.664800e+07,1.181156e+02,7.315147e+06,1.730961e+02,3.303285e+06,,0.000000e+00,0.000000e+00
2013-12-12 00:45:36.000000,0.000000e+00,1.664806e+07,1.181151e+02,7.314883e+06,1.730961e+02,3.303306e+06,,0.000000e+00,0.000000e+00
2013-12-12 00:45:37.000000,0.000000e+00,1.664811e+07,1.181145e+02,7.314619e+06,1.730961e+02,3.303328e+06,,0.000000e+00,0.000000e+00
2013-12-12 00:45:38.000000,0.000000e+00,1.664817e+07,1.181140e+02,7.314355e+06,1.730961e+02,3.303349e+06,,0.000000e+00,0.000000e+00
2013-12-12 00:45:39.000000,0.000000e+00,1.664822e+07,1.181134e+02,7.314091e+06,1.730961e+02,3.303371e+06,,0.000000e+00,0.000000e+00
2013-12-12 00:45:40.000000,0.000000e+00,1.664828e+07,1.181129e+02,7.313827e+06,1.730961e+02,3.303392e+06,,0.000000e+00,0.000000e+00
2013-12-12 00:45:41.000000,0.000000e+00,1.664834e+07,1.181123e+02,7.313563e+06,1.730961e+02,3.303414e+06,,0.000000e+00,0.000000e+00
2013-12-12 00:45:42.000000,0.000000e+00,1.664839e+07,1.181117e+02,7.313299e+06,1.730961e+02,3.303435e+06,,0.000000e+00,0.000000e+00
2013-12-12 00:45:43.000000,0.000000e+00,1.664845e+07,1.181112e+02,7.313035e+06,1.730961e+02,3.303457e+06,,0.000000e+00,0.000000e+00
2013-12-12 00:45:44.000000,0.000000e+00,1.664850e+07,1.181106e+02,7.312770e+06,1.730961e+02,3.303478e+06,,0.000000e+00,0.000000e+00
2013-12-12 00:45:45.000000,0.000000e+00,1.664855e+07,1.181101e+02,7.312506e+06,1.730961e+02,3.303500e+06,,0.000000e+00,0.000000e+00
2013-12-12 00:45:46.000000,0.000000e+00,1.664861e+07,1.181095e+02,7.312242e+06,1.730961e+02,3.303521e+06,,0.000000e+00,0.000000e+00
2013-12-12 00:45:47.000000,0.000000e+00,1.664867e+07,1.181090e+02,7.311978e+06,1.730961e+02,3.303543e+06,,0.000000e+00,0.000000e+00
2013-12-12 00:45:48.000000,0.000000e+00,1.664872e+07,1.181084e+02,7.311714e+06,1.730961e+02,3.303564e+06,,0.000000e+00,0.000000e+00
2013-12-12 00:45:49.000000,0.000000e+00,1.664878e+07,1.181078e+02,7.311449e+06,1.730961e+02,3.303586e+06,,0.000000e+00,0.000000e+00
2013-12-12 00:45:50.000000,0.000000e+00,1.664883e+07,1.181073e+02,7.311185e+06,1.730961e+02,3.303608e+06,,0.000000e+00,0.000000e+00
2013-12-12 00:45:51.000000,0.000000e+00,1.664889e+07,1.181067e+02,7.310921e+06,1.730961e+02,3.303629e+06,,0.000000e+00,0.000000e+00
2013-12-12 00:45:52.000000,0.000000e+00,1.664894e+07,1.181062e+02,7.310658e+06,1.730961e+02,3.303650e+06,,0.000000e+00,0.000000e+00
2013-12-12 00:45:53.000000,0.000000e+00,1.664900e+07,1.181056e+02,7.310394e+06,1.730961e+02,3.303672e+06,,0.000000e+00,0.000000e+00
2013-12-12 00:45:54.000000,0.000000e+00,1.664905e+07,1.181050e+02,7.310129e+06,1.730961e+02,3.303693e+06,,0.000000e+00,0.000000e+00
2013-12-12 00:45:55.000000,0.000000e+00,1.664911e+07,1.181045e+02,7.309865e+06,1.730961e+02,3.303715e+06,,0.000000e+00,0.000000e+00
2013-12-12 00:45:56.000000,0.000000e+00,1.664916e+07,1.181039e+02,7.309601e+06,1.730961e+02,3.303736e+06,,0.000000e+00,0.000000e+00
2013-12-12 00:45:57.000000,0.000000e+00,1.664922e+07,1.181034e+02,7.309337e+06,1.730961e+02,3.303758e+06,,0.000000e+00,0.000000e+00
2013-12-12 00:45:58.000000,0.000000e+00,1.664927e+07,1.181028e+02,7.309073e+06,1.730961e+02,3.303780e+06,,0.000000e+00,0.000000e+00
2013-12-12 00:45:59.000000,0.000000e+00,1.664933e+07,1.181023e+02,7.308808e+06,1.730961e+02,3.303801e+06,,0.000000e+00,0.000000e+00
2013-12-12 00:46:00.000000,0.000000e+00,1.664939e+07,1.181017e+02,7.308544e+06,1.730961e+02,3.303822e+06,,0.000000e+00,0.000000e+00
2013-12-12 00:46:01.000000,0.000000e+00,1.664944e+07,1.181011e+02,7.308280e+06,1.730961e+02,3.303844e+06,,0.000000e+00,0.000000e+00
2013-12-12 00:46:02.000000,0.000000e+00,1.664949e+07,1.181006e+02,7.308016e+06,1.730961e+02,3.303865e+06,,0.000000e+00,0.000000e+00
2013-12-12 00:46:03.000000,0.000000e+00,1.664955e+07,1.181000e+02,7.307752e+06,1.730961e+02,3.303887e+06,,0.000000e+00,0.000000e+00
2013-12-12 00:46:04.000000,0.000000e+00,1.664961e+07,1.180995e+02,7.307487e+06,1.730961e+02,3.303909e+06,,0.000000e+00,0.000000e+00
2013-12-12 00:46:05.000000,0.000000e+00,1.664966e+07,1.180989e+02,7.307224e+06,1.730961e+02,3.303930e+06,,0.000000e+00,0.000000e+00
2013-12-12 00:46:06.000000,0.000000e+00,1.664972e+07,1.180984e+02,7.306960e+06,1.730961e+02,3.303952e+06,,0.000000e+00,0.000000e+00
2013-12-12 00:46:07.000000,0.000000e+00,1.664977e+07,1.180978e+02,7.306696e+06,1.730961e+02,3.303973e+06,,0.000000e+00,0.000000e+00
2013-12-12 00:46:08.000000,0.000000e+00,1.664983e+07,1.180972e+02,7.306432e+06,1.730961e+02,3.303994e+06,,0.000000e+00,0.000000e+00
2013-12-12 00:46:09.000000,0.000000e+00,1.664988e+07,1.180967e+02,7.306167e+06,1.730961e+02,3.304016e+06,,0.000000e+00,0.000000e+00
2013-12-12 00:46:10.000000,0.000000e+00,1.664994e+07,1.180961e+02,7.305903e+06,1.730961e+02,3.304037e+06,,0.000000e+00,0.000000e+00
2013-12-12 00:46:11.000000,0.000000e+00,1.664999e+07,1.180956e+02,7.305639e+06,1.730961e+02,3.304059e+06,,0.000000e+00,0.000000e+00
2013-12-12 00:46:12.000000,0.000000e+00,1.665005e+07,1.180950e+02,7.305375e+06,1.730961e+02,3.304081e+06,,0.000000e+00,0.000000e+00
2013-12-12 00:46:13.000000,0.000000e+00,1.665010e+07,1.180944e+02,7.305110e+06,1.730961e+02,3.304102e+06,,0.000000e+00,0.000000e+00
2013-12-12 00:46:14.000000,0.000000e+00,1.665016e+07,1.180939e+02,7.304846e+06,1.730961e+02,3.304124e+06,,0.000000e+00,0.000000e+00
2013-12-12 00:46:15.000000,0.000000e+00,1.665021e+07,1.180933e+02,7.304582e+06,1.730961e+02,3.304145e+06,,0.000000e+00,0.000000e+00
2013-12-12 00:46:16.000000,0.000000e+00,1.665027e+07,1.180928e+02,7.304318e+06,1.730961e+02,3.304166e+06,,0.000000e+00,0.000000e+00
2013-12-12 00:46:17.000000,0.000000e+00,1.665032e+07,1.180922e+02,7.304054e+06,1.730961e+02,3.304188e+06,,0.000000e+00,0.000000e+00
2013-12-12 00:46:18.000000,0.000000e+00,1.665038e+07,1.180917e+02,7.303790e+06,1.730961e+02,3.304210e+06,,0.000000e+00,0.000000e+00
2013-12-12 00:46:19.000000,0.000000e+00,1.665043e+07,1.180911e+02,7.303526e+06,1.730961e+02,3.304231e+06,,0.000000e+00,0.000000e+00
2013-12-12 00:46:20.000000,0.000000e+00,1.665049e+07,1.180905e+02,7.303262e+06,1.730961e+02,3.304253e+06,,0.000000e+00,0.000000e+00
2013-12-12 00:46:21.000000,0.000000e+00,1.665054e+07,1.180900e+02,7.302998e+06,1.730961e+02,3.304274e+06,,0.000000e+00,0.000000e+00
2013-12-12 00:46:22.000000,0.000000e+00,1.665060e+07,1.180894e+02,7.302734e+06,1.730961e+02,3.304296e+06,,0.000000e+00,0.000000e+00
2013-12-12 00:46:23.000000,0.000000e+00,1.665066e+07,1.180889e+02,7.302469e+06,1.730961e+02,3.304317e+06,,0.000000e+00,0.000000e+00
2013-12-12 00:46:24.000000,0.000000e+00,1.665071e+07,1.180883e+02,7.302205e+06,1.730961e+02,3.304338e+06,,0.000000e+00,0.000000e+00
2013-12-12 00:46:25.000000,0.000000e+00,1.665077e+07,1.180877e+02,7.301941e+06,1.730961e+02,3.304360e+06,,0.000000e+00,0.000000e+00
2013-12-12 00:46:26.000000,0.000000e+00,1.665082e+07,1.180872e+02,7.301677e+06,1.730961e+02,3.304382e+06,,0.000000e+00,0.000000e+00
2013-12-12 00:46:27.000000,0.000000e+00,1.665088e+07,1.180866e+02,7.301413e+06,1.730961e+02,3.304403e+06,,0.000000e+00,0.000000e+00
2013-12-12 00:46:28.000000,0.000000e+00,1.665093e+07,1.180861e+02,7.301148e+06,1.730961e+02,3.304425e+06,,0.000000e+00,0.000000e+00
2013-12-12 00:46:29.000000,0.000000e+00,1.665099e+07,1.180855e+02,7.300884e+06,1.730961e+02,3.304446e+06,,0.000000e+00,0.000000e+00
2013-12-12 00:46:30.000000,0.000000e+00,1.665104e+07,1.180850e+02,7.300620e+06,1.730961e+02,3.304468e+06,,0.000000e+00,0.000000e+00
2013-12-12 00:46:31.000000,0.000000e+00,1.665110e+07,1.180844e+02,7.300356e+06,1.730961e+02,3.304489e+06,,0.000000e+00,0.000000e+00
2013-12-12 00:46:32.000000,0.000000e+00,1.665115e+07,1.180838e+02,7.300092e+06,1.730961e+02,3.304510e+06,,0.000000e+00,0.000000e+00
2013-12-12 00:46:33.000000,0.000000e+00,1.665121e+07,1.180833e+02,7.299828e+06,1.730961e+02,3.304532e+06,,0.000000e+00,0.000000e+00
2013-12-12 00:46:34.000000,0.000000e+00,1.665126e+07,1.180827e+02,7.299564e+06,1.730961e+02,3.304554e+06,,0.000000e+00,0.000000e+00
2013-12-12 00:46:35.000000,0.000000e+00,1.665132e+07,1.180834e+02,7.299300e+06,1.730961e+02,3.304575e+06,,0.000000e+00,0.000000e+00
2013-12-12 00:46:36.000000,0.000000e+00,1.665137e+07,1.180840e+02,7.299036e+06,1.730961e+02,3.304597e+06,,0.000000e+00,0.000000e+00
2013-12-12 00:46:37.000000,0.000000e+00,1.665143e+07,1.180847e+02,7.298772e+06,1.730961e+02,3.304618e+06,,0.000000e+00,0.000000e+00
2013-12-12 00:46:38.000000,0.000000e+00,1.665148e+07,1.180853e+02,7.298507e+06,1.730961e+02,3.304640e+06,,0.000000e+00,0.000000e+00
2013-12-12 00:46:39.000000,0.000000e+00,1.665154e+07,1.180860e+02,7.298243e+06,1.730961e+02,3.304661e+06,,0.000000e+00,0.000000e+00
2013-12-12 00:46:40.000000,0.000000e+00,1.665159e+07,1.180866e+02,7.297979e+06,1.730961e+02,3.304683e+06,,0.000000e+00,0.000000e+00
2013-12-12 00:46:41.000000,0.000000e+00,1.665165e+07,1.180873e+02,7.299124e+06,1.730961e+02,3.304704e+06,,0.000000e+00,0.000000e+00
2013-12-12 00:46:42.000000,0.000000e+00,1.665171e+07,1.180879e+02,7.300269e+06,1.730961e+02,3.304726e+06,,0.000000e+00,0.000000e+00
2013-12-12 00:46:43.000000,0.000000e+00,1.665176e+07,1.180886e+02,7.301415e+06,1.730961e+02,3.304747e+06,,0.000000e+00,0.000000e+00
2013-12-12 00:46:44.000000,0.000000e+00,1.665182e+07,1.180892e+02,7.302560e+06,1.730961e+02,3.304769e+06,,0.000000e+00,0.000000e+00
2013-12-12 00:46:45.000000,0.000000e+00,1.665187e+07,1.180899e+02,7.303706e+06,1.730961e+02,3.304790e+06,,0.000000e+00,0.000000e+00
2013-12-12 00:46:46.000000,0.000000e+00,1.665193e+07,1.180905e+02,7.304851e+06,1.730961e+02,3.304812e+06,,0.000000e+00,0.000000e+00
2013-12-12 00:46:47.000000,0.000000e+00,1.665198e+07,1.180912e+02,7.305996e+06,1.730961e+02,3.304833e+06,,0.000000e+00,0.000000e+00
2013-12-12 00:46:48.000000,0.000000e+00,1.665204e+07,1.180918e+02,7.307142e+06,1.730961e+02,3.304855e+06,,0.000000e+00,0.000000e+00
2013-12-12 00:46:49.000000,0.000000e+00,1.665209e+07,1.180925e+02,7.308287e+06,1.730961e+02,3.304876e+06,,0.000000e+00,0.000000e+00
2013-12-12 00:46:50.000000,0.000000e+00,1.665215e+07,1.180931e+02,7.309432e+06,1.730961e+02,3.304898e+06,,0.000000e+00,0.000000e+00
2013-12-12 00:46:51.000000,0.000000e+00,1.665220e+07,1.180938e+02,7.310577e+06,1.730961e+02,3.304919e+06,,0.000000e+00,0.000000e+00
2013-12-12 00:46:52.000000,0.000000e+00,1.665226e+07,1.180944e+02,7.311723e+06,1.730961e+02,3.304941e+06,,0.000000e+00,0.000000e+00
2013-12-12 00:46:53.000000,0.000000e+00,1.665231e+07,1.180951e+02,7.312868e+06,1.730961e+02,3.304962e+06,,0.000000e+00,0.000000e+00
2013-12-12 00:46:54.000000,0.000000e+00,1.665237e+07,1.180957e+02,7.314014e+06,1.730961e+02,3.304984e+06,,0.000000e+00,0.000000e+00
2013-12-12 00:46:55.000000,0.000000e+00,1.665242e+07,1.180964e+02,7.315159e+06,1.730961e+02,3.305005e+06,,0.000000e+00,0.000000e+00
2013-12-12 00:46:56.000000,0.000000e+00,1.665248e+07,1.180970e+02,7.316304e+06,1.730961e+02,3.305027e+06,,0.000000e+00,0.000000e+00
2013-12-12 00:46:57.000000,0.000000e+00,1.665253e+07,1.180977e+02,7.317449e+06,1.730961e+02,3.305048e+06,,0.000000e+00,0.000000e+00
2013-12-12 00:46:58.000000,0.000000e+00,1.665259e+07,1.180984e+02,7.318595e+06,1.730961e+02,3.305070e+06,,0.000000e+00,0.000000e+00
2013-12-12 00:46:59.000000,0.000000e+00,1.665264e+07,1.180990e+02,7.319740e+06,1.730961e+02,3.305091e+06,,0.000000e+00,0.000000e+00
2013-12-12 00:47:00.000000,0.000000e+00,1.665270e+07,1.180997e+02,7.320885e+06,1.730961e+02,3.305113e+06,,0.000000e+00,0.000000e+00
2013-12-12 00:47:01.000000,0.000000e+00,1.665276e+07,1.181003e+02,7.322031e+06,1.730961e+02,3.305134e+06,,0.000000e+00,0.000000e+00
2013-12-12 00:47:02.000000,0.000000e+00,1.665281e+07,1.181010e+02,7.323176e+06,1.730961e+02,3.305156e+06,,0.000000e+00,0.000000e+00
2013-12-12 00:47:03.000000,0.000000e+00,1.665287e+07,1.181016e+02,7.324322e+06,1.730961e+02,3.305177e+06,,0.000000e+00,0.000000e+00
2013-12-12 00:47:04.000000,0.000000e+00,1.665292e+07,1.181023e+02,7.325467e+06,1.730961e+02,3.305199e+06,,0.000000e+00,0.000000e+00
2013-12-12 00:47:05.000000,0.000000e+00,1.665298e+07,1.181029e+02,7.326612e+06,1.730961e+02,3.305220e+06,,0.000000e+00,0.000000e+00
2013-12-12 00:47:06.000000,0.000000e+00,1.665303e+07,1.181036e+02,7.327757e+06,1.730961e+02,3.305242e+06,,0.000000e+00,0.000000e+00
2013-12-12 00:47:07.000000,0.000000e+00,1.665309e+07,1.181042e+02,7.328902e+06,1.730961e+02,3.305264e+06,,0.000000e+00,0.000000e+00
2013-12-12 00:47:08.000000,0.000000e+00,1.665314e+07,1.181049e+02,7.330048e+06,1.730961e+02,3.305285e+06,,0.000000e+00,0.000000e+00
2013-12-12 00:47:09.000000,0.000000e+00,1.665320e+07,1.181055e+02,7.331194e+06,1.730961e+02,3.305306e+06,,0.000000e+00,0.000000e+00
2013-12-12 00:47:10.000000,0.000000e+00,1.665325e+07,1.181062e+02,7.332339e+06,1.730961e+02,3.305328e+06,,0.000000e+00,0.000000e+00
2013-12-12 00:47:11.000000,0.000000e+00,1.665331e+07,1.181068e+02,7.333484e+06,1.730961e+02,3.305349e+06,,0.000000e+00,0.000000e+00
2013-12-12 00:47:12.000000,0.000000e+00,1.665336e+07,1.181075e+02,7.334629e+06,1.730961e+02,3.305371e+06,,0.000000e+00,0.000000e+00
2013-12-12 00:47:13.000000,0.000000e+00,1.665342e+07,1.181081e+02,7.335775e+06,1.730961e+02,3.305392e+06,,0.000000e+00,0.000000e+00
2013-12-12 00:47:14.000000,0.000000e+00,1.665347e+07,1.181088e+02,7.336920e+06,1.730961e+02,3.305414e+06,,0.000000e+00,0.000000e+00
2013-12-12 00:47:15.000000,0.000000e+00,1.665353e+07,1.181094e+02,7.338065e+06,1.730961e+02,3.305436e+06,,0.000000e+00,0.000000e+00
2013-12-12 00:47:16.000000,0.000000e+00,1.665358e+07,1.181101e+02,7.339211e+06,1.730961e+02,3.305457e+06,,0.000000e+00,0.000000e+00
2013-12-12 00:47:17.000000,0.000000e+00,1.665364e+07,1.181107e+02,7.340356e+06,1.730961e+02,3.305478e+06,,0.000000e+00,0.000000e+00
2013-12-12 00:47:18.000000,0.000000e+00,1.665370e+07,1.181114e+02,7.341502e+06,1.730961e+02,3.305500e+06,,0.000000e+00,0.000000e+00
2013-12-12 00:47:19.000000,0.000000e+00,1.665375e+07,1.181120e+02,7.342647e+06,1.730961e+02,3.305521e+06,,0.000000e+00,0.000000e+00
2013-12-12 00:47:20.000000,0.000000e+00,1.665381e+07,1.181127e+02,7.343792e+06,1.730961e+02,3.305543e+06,,0.000000e+00,0.000000e+00
2013-12-12 00:47:21.000000,0.000000e+00,1.665386e+07,1.181133e+02,7.344937e+06,1.730961e+02,3.305564e+06,,0.000000e+00,0.000000e+00
2013-12-12 00:47:22.000000,0.000000e+00,1.665392e+07,1.181140e+02,7.346082e+06,1.730961e+02,3.305586e+06,,0.000000e+00,0.000000e+00
2013-12-12 00:47:23.000000,0.000000e+00,1.665397e+07,1.181146e+02,7.347228e+06,1.730961e+02,3.305608e+06,,0.000000e+00,0.000000e+00
2013-12-12 00:47:24.000000,0.000000e+00,1.665403e+07,1.181153e+02,7.348373e+06,1.730961e+02,3.305629e+06,,0.000000e+00,0.000000e+00
2013-12-12 00:47:25.000000,0.000000e+00,1.665408e+07,1.181159e+02,7.349519e+06,1.730961e+02,3.305651e+06,,0.000000e+00,0.000000e+00
2013-12-12 00:47:26.000000,0.000000e+00,1.665414e+07,1.181166e+02,7.350664e+06,1.730961e+02,3.305672e+06,,0.000000e+00,0.000000e+00
2013-12-12 00:47:27.000000,0.000000e+00,1.665419e+07,1.181172e+02,7.351809e+06,1.730961e+02,3.305693e+06,,0.000000e+00,0.000000e+00
2013-12-12 00:47:28.000000,0.000000e+00,1.665425e+07,1.181179e+02,7.352955e+06,1.730961e+02,3.305715e+06,,0.000000e+00,0.000000e+00
2013-12-12 00:47:29.000000,0.000000e+00,1.665430e+07,1.181185e+02,7.354100e+06,1.730961e+02,3.305737e+06,,0.000000e+00,0.000000e+00
2013-12-12 00:47:30.000000,0.000000e+00,1.665436e+07,1.181192e+02,7.355245e+06,1.730961e+02,3.305758e+06,,0.000000e+00,0.000000e+00
2013-12-12 00:47:31.000000,0.000000e+00,1.665441e+07,1.181198e+02,7.356390e+06,1.730961e+02,3.305780e+06,,0.000000e+00,0.000000e+00
2013-12-12 00:47:32.000000,0.000000e+00,1.665447e+07,1.181205e+02,7.357536e+06,1.730961e+02,3.305801e+06,,0.000000e+00,0.000000e+00
2013-12-12 00:47:33.000000,0.000000e+00,1.665452e+07,1.181211e+02,7.358681e+06,1.730961e+02,3.305823e+06,,0.000000e+00,0.000000e+00
2013-12-12 00:47:34.000000,0.000000e+00,1.665458e+07,1.181218e+02,7.359827e+06,1.730961e+02,3.305844e+06,,0.000000e+00,0.000000e+00
2013-12-12 00:47:35.000000,0.000000e+00,1.665463e+07,1.181217e+02,7.360972e+06,1.730961e+02,3.305865e+06,,0.000000e+00,0.000000e+00
2013-12-12 00:47:36.000000,0.000000e+00,1.665469e+07,1.181216e+02,7.362117e+06,1.730961e+02,3.305887e+06,,0.000000e+00,0.000000e+00
2013-12-12 00:47:37.000000,0.000000e+00,1.665475e+07,1.181216e+02,7.363262e+06,1.730961e+02,3.305909e+06,,0.000000e+00,0.000000e+00
2013-12-12 00:47:38.000000,0.000000e+00,1.665480e+07,1.181215e+02,7.364408e+06,1.730961e+02,3.305930e+06,,0.000000e+00,0.000000e+00
2013-12-12 00:47:39.000000,0.000000e+00,1.665486e+07,1.181214e+02,7.365553e+06,1.730961e+02,3.305952e+06,,0.000000e+00,0.000000e+00
2013-12-12 00:47:40.000000,0.000000e+00,1.665491e+07,1.181214e+02,7.366698e+06,1.730961e+02,3.305973e+06,,0.000000e+00,0.000000e+00
2013-12-12 00:47:41.000000,0.000000e+00,1.665497e+07,1.181213e+02,7.365372e+06,1.730961e+02,3.305995e+06,,0.000000e+00,0.000000e+00
2013-12-12 00:47:42.000000,0.000000e+00,1.665502e+07,1.181212e+02,7.364046e+06,1.730961e+02,3.306016e+06,,0.000000e+00,0.000000e+00
2013-12-12 00:47:43.000000,0.000000e+00,1.665508e+07,1.181211e+02,7.362720e+06,1.730961e+02,3.306038e+06,,0.000000e+00,0.000000e+00
2013-12-12 00:47:44.000000,0.000000e+00,1.665513e+07,1.181211e+02,7.361394e+06,1.730961e+02,3.306059e+06,,0.000000e+00,0.000000e+00
2013-12-12 00:47:45.000000,0.000000e+00,1.665519e+07,1.181210e+02,7.360068e+06,1.730961e+02,3.306081e+06,,0.000000e+00,0.000000e+00
2013-12-12 00:47:46.000000,0.000000e+00,1.665524e+07,1.181209e+02,7.358742e+06,1.730961e+02,3.306102e+06,,0.000000e+00,0.000000e+00
2013-12-12 00:47:47.000000,0.000000e+00,1.665530e+07,1.181208e+02,7.357415e+06,1.730961e+02,3.306124e+06,,0.000000e+00,0.000000e+00
2013-12-12 00:47:48.000000,0.000000e+00,1.665535e+07,1.181208e+02,7.356089e+06,1.730961e+02,3.306145e+06,,0.000000e+00,0.000000e+00
2013-12-12 00:47:49.000000,0.000000e+00,1.665541e+07,1.181207e+02,7.354763e+06,1.730961e+02,3.306167e+06,,0.000000e+00,0.000000e+00
2013-12-12 00:47:50.000000,0.000000e+00,1.665546e+07,1.181206e+02,7.353437e+06,1.730961e+02,3.306188e+06,,0.000000e+00,0.000000e+00
2013-12-12 00:47:51.000000,0.000000e+00,1.665552e+07,1.181206e+02,7.352110e+06,1.730961e+02,3.306210e+06,,0.000000e+00,0.000000e+00
2013-12-12 00:47:52.000000,0.000000e+00,1.665557e+07,1.181205e+02,7.350784e+06,1.730961e+02,3.306231e+06,,0.000000e+00,0.000000e+00
2013-12-12 00:47:53.000000,0.000000e+00,1.665563e+07,1.181204e+02,7.349458e+06,1.730961e+02,3.306253e+06,,0.000000e+00,0.000000e+00
2013-12-12 00:47:54.000000,0.000000e+00,1.665568e+07,1.181203e+02,7.348132e+06,1.730961e+02,3.306274e+06,,0.000000e+00,0.000000e+00
2013-12-12 00:47:55.000000,0.000000e+00,1.665574e+07,1.181203e+02,7.346806e+06,1.730961e+02,3.306296e+06,,0.000000e+00,0.000000e+00
2013-12-12 00:47:56.000000,0.000000e+00,1.665580e+07,1.181202e+02,7.345480e+06,1.730961e+02,3.306317e+06,,0.000000e+00,0.000000e+00
2013-12-12 00:47:57.000000,0.000000e+00,1.665585e+07,1.181201e+02,7.344154e+06,1.730961e+02,3.306339e+06,,0.000000e+00,0.000000e+00
2013-12-12 00:47:58.000000,0.000000e+00,1.665591e+07,1.181200e+02,7.342828e+06,1.730961e+02,3.306360e+06,,0.000000e+00,0.000000e+00
2013-12-12 00:47:59.000000,0.000000e+00,1.665596e+07,1.181200e+02,7.341502e+06,1.730961e+02,3.306382e+06,,0.000000e+00,0.000000e+00
2013-12-12 00:48:00.000000,0.000000e+00,1.665602e+07,1.181199e+02,7.340175e+06,1.730961e+02,3.306403e+06,,0.000000e+00,0.000000e+00
2013-12-12 00:48:01.000000,0.000000e+00,1.665607e+07,1.181198e+02,7.338849e+06,1.730961e+02,3.306425e+06,,0.000000e+00,0.000000e+00
2013-12-12 00:48:02.000000,0.000000e+00,1.665613e+07,1.181198e+02,7.337523e+06,1.730961e+02,3.306446e+06,,0.000000e+00,0.000000e+00
2013-12-12 00:48:03.000000,0.000000e+00,1.665618e+07,1.181197e+02,7.336197e+06,1.730961e+02,3.306468e+06,,0.000000e+00,0.000000e+00
2013-12-12 00:48:04.000000,0.000000e+00,1.665624e+07,1.181196e+02,7.334870e+06,1.730961e+02,3.306489e+06,,0.000000e+00,0.000000e+00
2013-12-12 00:48:05.000000,0.000000e+00,1.665629e+07,1.181195e+02,7.333544e+06,1.730961e+02,3.306511e+06,,0.000000e+00,0.000000e+00
2013-12-12 00:48:06.000000,0.000000e+00,1.665635e+07,1.181195e+02,7.332218e+06,1.730961e+02,3.306532e+06,,0.000000e+00,0.000000e+00
2013-12-12 00:48:07.000000,0.000000e+00,1.665640e+07,1.181194e+02,7.330892e+06,1.730961e+02,3.306554e+06,,0.000000e+00,0.000000e+00
2013-12-12 00:48:08.000000,0.000000e+00,1.665646e+07,1.181193e+02,7.329565e+06,1.730961e+02,3.306575e+06,,0.000000e+00,0.000000e+00
2013-12-12 00:48:09.000000,0.000000e+00,1.665651e+07,1.181193e+02,7.328239e+06,1.730961e+02,3.306597e+06,,0.000000e+00,0.000000e+00
2013-12-12 00:48:10.000000,0.000000e+00,1.665657e+07,1.181192e+02,7.326913e+06,1.730961e+02,3.306618e+06,,0.000000e+00,0.000000e+00
2013-12-12 00:48:11.000000,0.000000e+00,1.665662e+07,1.181191e+02,7.325587e+06,1.730961e+02,3.306640e+06,,0.000000e+00,0.000000e+00
2013-12-12 00:48:12.000000,0.000000e+00,1.665668e+07,1.181190e+02,7.324261e+06,1.730961e+02,3.306661e+06,,0.000000e+00,0.000000e+00
2013-12-12 00:48:13.000000,0.000000e+00,1.665673e+07,1.181190e+02,7.322935e+06,1.730961e+02,3.306683e+06,,0.000000e+00,0.000000e+00
2013-12-12 00:48:14.000000,0.000000e+00,1.665679e+07,1.181189e+02,7.321609e+06,1.730961e+02,3.306704e+06,,0.000000e+00,0.000000e+00
2013-12-12 00:48:15.000000,0.000000e+00,1.665685e+07,1.181188e+02,7.320283e+06,1.730961e+02,3.306726e+06,,0.000000e+00,0.000000e+00
2013-12-12 00:48:16.000000,0.000000e+00,1.665690e+07,1.181188e+02,7.318957e+06,1.730961e+02,3.306747e+06,,0.000000e+00,0.000000e+00
2013-12-12 00:48:17.000000,0.000000e+00,1.665695e+07,1.181187e+02,7.317630e+06,1.730961e+02,3.306769e+06,,0.000000e+00,0.000000e+00
2013-12-12 00:48:18.000000,0.000000e+00,1.665701e+07,1.181186e+02,7.316304e+06,1.730961e+02,3.306791e+06,,0.000000e+00,0.000000e+00
2013-12-12 00:48:19.000000,0.000000e+00,1.665707e+07,1.181185e+02,7.314978e+06,1.730961e+02,3.306812e+06,,0.000000e+00,0.000000e+00
2013-12-12 00:48:20.000000,0.000000e+00,1.665712e+07,1.181185e+02,7.313652e+06,1.730961e+02,3.306833e+06,,0.000000e+00,0.000000e+00
2013-12-12 00:48:21.000000,0.000000e+00,1.665718e+07,1.181184e+02,7.312325e+06,1.730961e+02,3.306855e+06,,0.000000e+00,0.000000e+00
2013-12-12 00:48:22.000000,0.000000e+00,1.665723e+07,1.181183e+02,7.310999e+06,1.730961e+02,3.306876e+06,,0.000000e+00,0.000000e+00
2013-12-12 00:48:23.000000,0.000000e+00,1.665729e+07,1.181182e+02,7.309673e+06,1.730961e+02,3.306898e+06,,0.000000e+00,0.000000e+00
2013-12-12 00:48:24.000000,0.000000e+00,1.665734e+07,1.181182e+02,7.308347e+06,1.730961e+02,3.306919e+06,,0.000000e+00,0.000000e+00
2013-12-12 00:48:25.000000,0.000000e+00,1.665740e+07,1.181181e+02,7.307021e+06,1.730961e+02,3.306941e+06,,0.000000e+00,0.000000e+00
2013-12-12 00:48:26.000000,0.000000e+00,1.665745e+07,1.181180e+02,7.305695e+06,1.730961e+02,3.306963e+06,,0.000000e+00,0.000000e+00
2013-12-12 00:48:27.000000,0.000000e+00,1.665751e+07,1.181180e+02,7.304369e+06,1.730961e+02,3.306984e+06,,0.000000e+00,0.000000e+00
2013-12-12 00:48:28.000000,0.000000e+00,1.665756e+07,1.181179e+02,7.303043e+06,1.730961e+02,3.307005e+06,,0.000000e+00,0.000000e+00
2013-12-12 00:48:29.000000,0.000000e+00,1.665762e+07,1.181178e+02,7.301717e+06,1.730961e+02,3.307027e+06,,0.000000e+00,0.000000e+00
2013-12-12 00:48:30.000000,0.000000e+00,1.665767e+07,1.181177e+02,7.300390e+06,1.730961e+02,3.307048e+06,,0.000000e+00,0.000000e+00
2013-12-12 00:48:31.000000,0.000000e+00,1.665773e+07,1.181177e+02,7.299064e+06,1.730961e+02,3.307070e+06,,0.000000e+00,0.000000e+00
2013-12-12 00:48:32.000000,0.000000e+00,1.665779e+07,1.181176e+02,7.297738e+06,1.730961e+02,3.307092e+06,,0.000000e+00,0.000000e+00
2013-12-12 00:48:33.000000,0.000000e+00,1.665784e+07,1.181175e+02,7.296412e+06,1.730961e+02,3.307113e+06,,0.000000e+00,0.000000e+00
2013-12-12 00:48:34.000000,0.000000e+00,1.665789e+07,1.181174e+02,7.295085e+06,1.730961e+02,3.307135e+06,,0.000000e+00,0.000000e+00
2013-12-12 00:48:35.000000,0.000000e+00,1.665756e+07,1.181174e+02,7.293759e+06,1.730961e+02,3.307156e+06,,0.000000e+00,0.000000e+00
2013-12-12 00:48:36.000000,0.000000e+00,1.665723e+07,1.181173e+02,7.292433e+06,1.730961e+02,3.307177e+06,,0.000000e+00,0.000000e+00
2013-12-12 00:48:37.000000,0.000000e+00,1.665690e+07,1.181172e+02,7.291107e+06,1.730961e+02,3.307199e+06,,0.000000e+00,0.000000e+00
2013-12-12 00:48:38.000000,0.000000e+00,1.665656e+07,1.181172e+02,7.289780e+06,1.730961e+02,3.307220e+06,,0.000000e+00,0.000000e+00
2013-12-12 00:48:39.000000,0.000000e+00,1.665623e+07,1.181171e+02,7.288454e+06,1.730961e+02,3.307242e+06,,0.000000e+00,0.000000e+00
2013-12-12 00:48:40.000000,0.000000e+00,1.665590e+07,1.181170e+02,7.287128e+06,1.730961e+02,3.307264e+06,,0.000000e+00,0.000000e+00
2013-12-12 00:48:41.000000,0.000000e+00,1.665557e+07,1.181169e+02,7.287514e+06,1.730961e+02,3.307285e+06,,0.000000e+00,0.000000e+00
2013-12-12 00:48:42.000000,0.000000e+00,1.665524e+07,1.181169e+02,7.287900e+06,1.730961e+02,3.307307e+06,,0.000000e+00,0.000000e+00
2013-12-12 00:48:43.000000,0.000000e+00,1.665490e+07,1.181168e+02,7.288286e+06,1.730961e+02,3.307328e+06,,0.000000e+00,0.000000e+00
2013-12-12 00:48:44.000000,0.000000e+00,1.665457e+07,1.181167e+02,7.288672e+06,1.730961e+02,3.307349e+06,,0.000000e+00,0.000000e+00
2013-12-12 00:48:45.000000,0.000000e+00,1.665424e+07,1.181167e+02,7.289057e+06,1.730961e+02,3.307371e+06,,0.000000e+00,0.000000e+00
2013-12-12 00:48:46.000000,0.000000e+00,1.665390e+07,1.181166e+02,7.289443e+06,1.730961e+02,3.307393e+06,,0.000000e+00,0.000000e+00
2013-12-12 00:48:47.000000,0.000000e+00,1.665357e+07,1.181165e+02,7.289829e+06,1.730961e+02,3.307414e+06,,0.000000e+00,0.000000e+00
2013-12-12 00:48:48.000000,0.000000e+00,1.665324e+07,1.181164e+02,7.290215e+06,1.730961e+02,3.307436e+06,,0.000000e+00,0.000000e+00
2013-12-12 00:48:49.000000,0.000000e+00,1.665291e+07,1.181164e+02,7.290601e+06,1.730961e+02,3.307457e+06,,0.000000e+00,0.000000e+00
2013-12-12 00:48:50.000000,0.000000e+00,1.665258e+07,1.181163e+02,7.290987e+06,1.730961e+02,3.307479e+06,,0.000000e+00,0.000000e+00
2013-12-12 00:48:51.000000,0.000000e+00,1.665224e+07,1.181162e+02,7.291372e+06,1.730961e+02,3.307500e+06,,0.000000e+00,0.000000e+00
2013-12-12 00:48:52.000000,0.000000e+00,1.665191e+07,1.181161e+02,7.291758e+06,1.730961e+02,3.307521e+06,,0.000000e+00,0.000000e+00
2013-12-12 00:48:53.000000,0.000000e+00,1.665158e+07,1.181161e+02,7.292144e+06,1.730961e+02,3.307543e+06,,0.000000e+00,0.000000e+00
2013-12-12 00:48:54.000000,0.000000e+00,1.665125e+07,1.181160e+02,7.292529e+06,1.730961e+02,3.307565e+06,,0.000000e+00,0.000000e+00
2013-12-12 00:48:55.000000,0.000000e+00,1.665091e+07,1.181159e+02,7.292915e+06,1.730961e+02,3.307586e+06,,0.000000e+00,0.000000e+00
2013-12-12 00:48:56.000000,0.000000e+00,1.665058e+07,1.181159e+02,7.293301e+06,1.730961e+02,3.307608e+06,,0.000000e+00,0.000000e+00
2013-12-12 00:48:57.000000,0.000000e+00,1.665025e+07,1.181158e+02,7.293687e+06,1.730961e+02,3.307629e+06,,0.000000e+00,0.000000e+00
2013-12-12 00:48:58.000000,0.000000e+00,1.664991e+07,1.181157e+02,7.294073e+06,1.730961e+02,3.307651e+06,,0.000000e+00,0.000000e+00
2013-12-12 00:48:59.000000,0.000000e+00,1.664958e+07,1.181156e+02,7.294459e+06,1.730961e+02,3.307672e+06,,0.000000e+00,0.000000e+00
2013-12-12 00:49:00.000000,0.000000e+00,1.664925e+07,1.181156e+02,7.294844e+06,1.730961e+02,3.307693e+06,,0.000000e+00,0.000000e+00
2013-12-12 00:49:01.000000,0.000000e+00,1.664892e+07,1.181155e+02,7.295230e+06,1.730961e+02,3.307715e+06,,0.000000e+00,0.000000e+00
2013-12-12 00:49:02.000000,0.000000e+00,1.664859e+07,1.181154e+02,7.295616e+06,1.730961e+02,3.307737e+06,,0.000000e+00,0.000000e+00
2013-12-12 00:49:03.000000,0.000000e+00,1.664825e+07,1.181153e+02,7.296001e+06,1.730961e+02,3.307758e+06,,0.000000e+00,0.000000e+00
2013-12-12 00:49:04.000000,0.000000e+00,1.664792e+07,1.181153e+02,7.296387e+06,1.730961e+02,3.307780e+06,,0.000000e+00,0.000000e+00
2013-12-12 00:49:05.000000,0.000000e+00,1.664759e+07,1.181152e+02,7.296774e+06,1.730961e+02,3.307801e+06,,0.000000e+00,0.000000e+00
2013-12-12 00:49:06.000000,0.000000e+00,1.664725e+07,1.181151e+02,7.297159e+06,1.730961e+02,3.307823e+06,,0.000000e+00,0.000000e+00
2013-12-12 00:49:07.000000,0.000000e+00,1.664692e+07,1.181151e+02,7.297545e+06,1.730961e+02,3.307844e+06,,0.000000e+00,0.000000e+00
2013-12-12 00:49:08.000000,0.000000e+00,1.664659e+07,1.181150e+02,7.297931e+06,1.730961e+02,3.307866e+06,,0.000000e+00,0.000000e+00
2013-12-12 00:49:09.000000,0.000000e+00,1.664626e+07,1.181149e+02,7.298316e+06,1.730961e+02,3.307887e+06,,0.000000e+00,0.000000e+00
2013-12-12 00:49:10.000000,0.000000e+00,1.664593e+07,1.181148e+02,7.298702e+06,1.730961e+02,3.307909e+06,,0.000000e+00,0.000000e+00
2013-12-12 00:49:11.000000,0.000000e+00,1.664559e+07,1.181148e+02,7.299088e+06,1.730961e+02,3.307930e+06,,0.000000e+00,0.000000e+00
2013-12-12 00:49:12.000000,0.000000e+00,1.664526e+07,1.181147e+02,7.299474e+06,1.730961e+02,3.307952e+06,,0.000000e+00,0.000000e+00
2013-12-12 00:49:13.000000,0.000000e+00,1.664493e+07,1.181146e+02,7.299860e+06,1.730961e+02,3.307973e+06,,0.000000e+00,0.000000e+00
2013-12-12 00:49:14.000000,0.000000e+00,1.664460e+07,1.181146e+02,7.300246e+06,1.730961e+02,3.307995e+06,,0.000000e+00,0.000000e+00
2013-12-12 00:49:15.000000,0.000000e+00,1.664426e+07,1.181145e+02,7.300631e+06,1.730961e+02,3.308016e+06,,0.000000e+00,0.000000e+00
2013-12-12 00:49:16.000000,0.000000e+00,1.664393e+07,1.181144e+02,7.301017e+06,1.730961e+02,3.308038e+06,,0.000000e+00,0.000000e+00
2013-12-12 00:49:17.000000,0.000000e+00,1.664360e+07,1.181143e+02,7.301403e+06,1.730961e+02,3.308059e+06,,0.000000e+00,0.000000e+00
2013-12-12 00:49:18.000000,0.000000e+00,1.664326e+07,1.181143e+02,7.301788e+06,1.730961e+02,3.308081e+06,,0.000000e+00,0.000000e+00
2013-12-12 00:49:19.000000,0.000000e+00,1.664293e+07,1.181142e+02,7.302174e+06,1.730961e+02,3.308102e+06,,0.000000e+00,0.000000e+00
2013-12-12 00:49:20.000000,0.000000e+00,1.664260e+07,1.181141e+02,7.302560e+06,1.730961e+02,3.308124e+06,,0.000000e+00,0.000000e+00
2013-12-12 00:49:21.000000,0.000000e+00,1.664227e+07,1.181140e+02,7.302946e+06,1.730961e+02,3.308145e+06,,0.000000e+00,0.000000e+00
2013-12-12 00:49:22.000000,0.000000e+00,1.664194e+07,1.181140e+02,7.303332e+06,1.730961e+02,3.308167e+06,,0.000000e+00,0.000000e+00
2013-12-12 00:49:23.000000,0.000000e+00,1.664160e+07,1.181139e+02,7.303718e+06,1.730961e+02,3.308188e+06,,0.000000e+00,0.000000e+00
2013-12-12 00:49:24.000000,0.000000e+00,1.664127e+07,1.181138e+02,7.304103e+06,1.730961e+02,3.308210e+06,,0.000000e+00,0.000000e+00
2013-12-12 00:49:25.000000,0.000000e+00,1.664094e+07,1.181138e+02,7.304489e+06,1.730961e+02,3.308231e+06,,0.000000e+00,0.000000e+00
2013-12-12 00:49:26.000000,0.000000e+00,1.664061e+07,1.181137e+02,7.304875e+06,1.730961e+02,3.308253e+06,,0.000000e+00,0.000000e+00
2013-12-12 00:49:27.000000,0.000000e+00,1.664027e+07,1.181136e+02,7.305260e+06,1.730961e+02,3.308274e+06,,0.000000e+00,0.000000e+00
2013-12-12 00:49:28.000000,0.000000e+00,1.663994e+07,1.181135e+02,7.305647e+06,1.730961e+02,3.308296e+06,,0.000000e+00,0.000000e+00
2013-12-12 00:49:29.000000,0.000000e+00,1.663961e+07,1.181135e+02,7.306033e+06,1.730961e+02,3.308317e+06,,0.000000e+00,0.000000e+00
2013-12-12 00:49:30.000000,0.000000e+00,1.663928e+07,1.181134e+02,7.306418e+06,1.730961e+02,3.308339e+06,,0.000000e+00,0.000000e+00
2013-12-12 00:49:31.000000,0.000000e+00,1.663894e+07,1.181133e+02,7.306804e+06,1.730961e+02,3.308360e+06,,0.000000e+00,0.000000e+00
2013-12-12 00:49:32.000000,0.000000e+00,1.663861e+07,1.181133e+02,7.307190e+06,1.730961e+02,3.308382e+06,,0.000000e+00,0.000000e+00
2013-12-12 00:49:33.000000,0.000000e+00,1.663828e+07,1.181132e+02,7.307575e+06,1.730961e+02,3.308403e+06,,0.000000e+00,0.000000e+00
2013-12-12 00:49:34.000000,0.000000e+00,1.663795e+07,1.181131e+02,7.307961e+06,1.730961e+02,3.308425e+06,,0.000000e+00,0.000000e+00
2013-12-12 00:49:35.000000,0.000000e+00,1.663802e+07,1.181130e+02,7.308347e+06,1.730961e+02,3.308447e+06,,0.000000e+00,0.000000e+00
2013-12-12 00:49:36.000000,0.000000e+00,1.663811e+07,1.181130e+02,7.308733e+06,1.730961e+02,3.308468e+06,,0.000000e+00,0.000000e+00
2013-12-12 00:49:37.000000,0.000000e+00,1.663819e+07,1.181129e+02,7.309119e+06,1.730961e+02,3.308490e+06,,0.000000e+00,0.000000e+00
2013-12-12 00:49:38.000000,0.000000e+00,1.663826e+07,1.181128e+02,7.309505e+06,1.730961e+02,3.308511e+06,,0.000000e+00,0.000000e+00
2013-12-12 00:49:39.000000,0.000000e+00,1.663834e+07,1.181127e+02,7.309890e+06,1.730961e+02,3.308532e+06,,0.000000e+00,0.000000e+00
2013-12-12 00:49:40.000000,0.000000e+00,1.663842e+07,1.181127e+02,7.310276e+06,1.730961e+02,3.308554e+06,,0.000000e+00,0.000000e+00
2013-12-12 00:49:41.000000,0.000000e+00,1.663850e+07,1.181126e+02,7.310662e+06,1.730961e+02,3.308575e+06,,0.000000e+00,0.000000e+00
2013-12-12 00:49:42.000000,0.000000e+00,1.663858e+07,1.181125e+02,7.311047e+06,1.730961e+02,3.308597e+06,,0.000000e+00,0.000000e+00
2013-12-12 00:49:43.000000,0.000000e+00,1.663866e+07,1.181125e+02,7.311433e+06,1.730961e+02,3.308619e+06,,0.000000e+00,0.000000e+00
2013-12-12 00:49:44.000000,0.000000e+00,1.663874e+07,1.181124e+02,7.311819e+06,1.730961e+02,3.308640e+06,,0.000000e+00,0.000000e+00
2013-12-12 00:49:45.000000,0.000000e+00,1.663882e+07,1.181123e+02,7.312205e+06,1.730961e+02,3.308662e+06,,0.000000e+00,0.000000e+00
2013-12-12 00:49:46.000000,0.000000e+00,1.663890e+07,1.181122e+02,7.312591e+06,1.730961e+02,3.308683e+06,,0.000000e+00,0.000000e+00
2013-12-12 00:49:47.000000,0.000000e+00,1.663898e+07,1.181122e+02,7.312977e+06,1.730961e+02,3.308704e+06,,0.000000e+00,0.000000e+00
2013-12-12 00:49:48.000000,0.000000e+00,1.663906e+07,1.181121e+02,7.313362e+06,1.730961e+02,3.308726e+06,,0.000000e+00,0.000000e+00
2013-12-12 00:49:49.000000,0.000000e+00,1.663914e+07,1.181120e+02,7.313748e+06,1.730961e+02,3.308747e+06,,0.000000e+00,0.000000e+00
2013-12-12 00:49:50.000000,0.000000e+00,1.663922e+07,1.181120e+02,7.314134e+06,1.730961e+02,3.308769e+06,,0.000000e+00,0.000000e+00
2013-12-12 00:49:51.000000,0.000000e+00,1.663930e+07,1.181119e+02,7.314520e+06,1.730961e+02,3.308791e+06,,0.000000e+00,0.000000e+00
2013-12-12 00:49:52.000000,0.000000e+00,1.663938e+07,1.181118e+02,7.314906e+06,1.730961e+02,3.308812e+06,,0.000000e+00,0.000000e+00
2013-12-12 00:49:53.000000,0.000000e+00,1.663946e+07,1.181117e+02,7.315292e+06,1.730961e+02,3.308834e+06,,0.000000e+00,0.000000e+00
2013-12-12 00:49:54.000000,0.000000e+00,1.663954e+07,1.181117e+02,7.315677e+06,1.730961e+02,3.308855e+06,,0.000000e+00,0.000000e+00
2013-12-12 00:49:55.000000,0.000000e+00,1.663962e+07,1.181116e+02,7.316063e+06,1.730961e+02,3.308876e+06,,0.000000e+00,0.000000e+00
2013-12-12 00:49:56.000000,0.000000e+00,1.663970e+07,1.181115e+02,7.316449e+06,1.730961e+02,3.308898e+06,,0.000000e+00,0.000000e+00
2013-12-12 00:49:57.000000,0.000000e+00,1.663978e+07,1.181114e+02,7.316834e+06,1.730961e+02,3.308920e+06,,0.000000e+00,0.000000e+00
2013-12-12 00:49:58.000000,0.000000e+00,1.663986e+07,1.181114e+02,7.317220e+06,1.730961e+02,3.308941e+06,,0.000000e+00,0.000000e+00
2013-12-12 00:49:59.000000,0.000000e+00,1.663994e+07,1.181113e+02,7.317606e+06,1.730961e+02,3.308963e+06,,0.000000e+00,0.000000e+00
2013-12-12 00:50:00.000000,0.000000e+00,1.664002e+07,1.181112e+02,7.317992e+06,1.730961e+02,3.308984e+06,,0.000000e+00,0.000000e+00
2013-12-12 00:50:01.000000,0.000000e+00,1.664010e+07,1.181112e+02,7.318378e+06,1.730961e+02,3.309006e+06,,0.000000e+00,0.000000e+00
2013-12-12 00:50:02.000000,0.000000e+00,1.664018e+07,1.181111e+02,7.318764e+06,1.730961e+02,3.309027e+06,,0.000000e+00,0.000000e+00
2013-12-12 00:50:03.000000,0.000000e+00,1.664026e+07,1.181110e+02,7.319149e+06,1.730961e+02,3.309048e+06,,0.000000e+00,0.000000e+00
2013-12-12 00:50:04.000000,0.000000e+00,1.664034e+07,1.181109e+02,7.319535e+06,1.730961e+02,3.309070e+06,,0.000000e+00,0.000000e+00
2013-12-12 00:50:05.000000,0.000000e+00,1.664042e+07,1.181109e+02,7.319921e+06,1.730961e+02,3.309092e+06,,0.000000e+00,0.000000e+00
2013-12-12 00:50:06.000000,0.000000e+00,1.664050e+07,1.181108e+02,7.320306e+06,1.730961e+02,3.309113e+06,,0.000000e+00,0.000000e+00
2013-12-12 00:50:07.000000,0.000000e+00,1.664058e+07,1.181107e+02,7.320692e+06,1.730961e+02,3.309135e+06,,0.000000e+00,0.000000e+00
2013-12-12 00:50:08.000000,0.000000e+00,1.664066e+07,1.181106e+02,7.321078e+06,1.730961e+02,3.309156e+06,,0.000000e+00,0.000000e+00
2013-12-12 00:50:09.000000,0.000000e+00,1.664074e+07,1.181106e+02,7.321464e+06,1.730961e+02,3.309178e+06,,0.000000e+00,0.000000e+00
2013-12-12 00:50:10.000000,0.000000e+00,1.664082e+07,1.181105e+02,7.321850e+06,1.730961e+02,3.309199e+06,,0.000000e+00,0.000000e+00
2013-12-12 00:50:11.000000,0.000000e+00,1.664090e+07,1.181104e+02,7.322236e+06,1.730961e+02,3.309221e+06,,0.000000e+00,0.000000e+00
2013-12-12 00:50:12.000000,0.000000e+00,1.664098e+07,1.181104e+02,7.322621e+06,1.730961e+02,3.309242e+06,,0.000000e+00,0.000000e+00
2013-12-12 00:50:13.000000,0.000000e+00,1.664106e+07,1.181103e+02,7.323007e+06,1.730961e+02,3.309264e+06,,0.000000e+00,0.000000e+00
2013-12-12 00:50:14.000000,0.000000e+00,1.664114e+07,1.181102e+02,7.323393e+06,1.730961e+02,3.309285e+06,,0.000000e+00,0.000000e+00
2013-12-12 00:50:15.000000,0.000000e+00,1.664122e+07,1.181101e+02,7.323779e+06,1.730961e+02,3.309307e+06,,0.000000e+00,0.000000e+00
2013-12-12 00:50:16.000000,0.000000e+00,1.664130e+07,1.181101e+02,7.324165e+06,1.730961e+02,3.309328e+06,,0.000000e+00,0.000000e+00
2013-12-12 00:50:17.000000,0.000000e+00,1.664138e+07,1.181100e+02,7.324551e+06,1.730961e+02,3.309350e+06,,0.000000e+00,0.000000e+00
2013-12-12 00:50:18.000000,0.000000e+00,1.664146e+07,1.181099e+02,7.324936e+06,1.730961e+02,3.309371e+06,,0.000000e+00,0.000000e+00
2013-12-12 00:50:19.000000,0.000000e+00,1.664154e+07,1.181099e+02,7.325322e+06,1.730961e+02,3.309393e+06,,0.000000e+00,0.000000e+00
2013-12-12 00:50:20.000000,0.000000e+00,1.664162e+07,1.181098e+02,7.325708e+06,1.730961e+02,3.309414e+06,,0.000000e+00,0.000000e+00
2013-12-12 00:50:21.000000,0.000000e+00,1.664170e+07,1.181097e+02,7.326093e+06,1.730961e+02,3.309436e+06,,0.000000e+00,0.000000e+00
2013-12-12 00:50:22.000000,0.000000e+00,1.664178e+07,1.181096e+02,7.326479e+06,1.730961e+02,3.309457e+06,,0.000000e+00,0.000000e+00
2013-12-12 00:50:23.000000,0.000000e+00,1.664186e+07,1.181096e+02,7.326865e+06,1.730961e+02,3.309479e+06,,0.000000e+00,0.000000e+00
2013-12-12 00:50:24.000000,0.000000e+00,1.664194e+07,1.181095e+02,7.327251e+06,1.730961e+02,3.309500e+06,,0.000000e+00,0.000000e+00
2013-12-12 00:50:25.000000,0.000000e+00,1.664202e+07,1.181094e+02,7.327637e+06,1.730961e+02,3.309522e+06,,0.000000e+00,0.000000e+00
2013-12-12 00:50:26.000000,0.000000e+00,1.664209e+07,1.181093e+02,7.328023e+06,1.730961e+02,3.309543e+06,,0.000000e+00,0.000000e+00
2013-12-12 00:50:27.000000,0.000000e+00,1.664218e+07,1.181093e+02,7.328408e+06,1.730961e+02,3.309565e+06,,0.000000e+00,0.000000e+00
2013-12-12 00:50:28.000000,0.000000e+00,1.664225e+07,1.181092e+02,7.328794e+06,1.730961e+02,3.309586e+06,,0.000000e+00,0.000000e+00
2013-12-12 00:50:29.000000,0.000000e+00,1.664233e+07,1.181091e+02,7.329180e+06,1.730961e+02,3.309608e+06,,0.000000e+00,0.000000e+00
2013-12-12 00:50:30.000000,0.000000e+00,1.664241e+07,1.181091e+02,7.329565e+06,1.730961e+02,3.309629e+06,,0.000000e+00,0.000000e+00
2013-12-12 00:50:31.000000,0.000000e+00,1.664249e+07,1.181090e+02,7.329951e+06,1.730961e+02,3.309651e+06,,0.000000e+00,0.000000e+00
2013-12-12 00:50:32.000000,0.000000e+00,1.664257e+07,1.181089e+02,7.330338e+06,1.730961e+02,3.309672e+06,,0.000000e+00,0.000000e+00
2013-12-12 00:50:33.000000,0.000000e+00,1.664265e+07,1.181088e+02,7.330723e+06,1.730961e+02,3.309694e+06,,0.000000e+00,0.000000e+00
2013-12-12 00:50:34.000000,0.000000e+00,1.664273e+07,1.181088e+02,7.331109e+06,1.730961e+02,3.309715e+06,,0.000000e+00,0.000000e+00
2013-12-12 00:50:35.000000,0.000000e+00,1.664281e+07,1.181087e+02,7.331495e+06,1.730961e+02,3.309737e+06,,0.000000e+00,0.000000e+00
2013-12-12 00:50:36.000000,0.000000e+00,1.664289e+07,1.181086e+02,7.331880e+06,1.730961e+02,3.309758e+06,,0.000000e+00,0.000000e+00
2013-12-12 00:50:37.000000,0.000000e+00,1.664297e+07,1.181086e+02,7.332266e+06,1.730961e+02,3.309780e+06,,0.000000e+00,0.000000e+00
2013-12-12 00:50:38.000000,0.000000e+00,1.664305e+07,1.181085e+02,7.332652e+06,1.730961e+02,3.309801e+06,,0.000000e+00,0.000000e+00
2013-12-12 00:50:39.000000,0.000000e+00,1.664313e+07,1.181084e+02,7.333038e+06,1.730961e+02,3.309823e+06,,0.000000e+00,0.000000e+00
2013-12-12 00:50:40.000000,0.000000e+00,1.664321e+07,1.181083e+02,7.333424e+06,1.730961e+02,3.309844e+06,,0.000000e+00,0.000000e+00
2013-12-12 00:50:41.000000,0.000000e+00,1.664329e+07,1.181083e+02,7.333665e+06,1.730961e+02,3.309866e+06,,0.000000e+00,0.000000e+00
2013-12-12 00:50:42.000000,0.000000e+00,1.664337e+07,1.181082e+02,7.333906e+06,1.730961e+02,3.309887e+06,,0.000000e+00,0.000000e+00
2013-12-12 00:50:43.000000,0.000000e+00,1.664345e+07,1.181081e+02,7.334147e+06,1.730961e+02,3.309909e+06,,0.000000e+00,0.000000e+00
2013-12-12 00:50:44.000000,0.000000e+00,1.664353e+07,1.181080e+02,7.334388e+06,1.730961e+02,3.309930e+06,,0.000000e+00,0.000000e+00
2013-12-12 00:50:45.000000,0.000000e+00,1.664361e+07,1.181080e+02,7.334629e+06,1.730961e+02,3.309952e+06,,0.000000e+00,0.000000e+00
2013-12-12 00:50:46.000000,0.000000e+00,1.664369e+07,1.181079e+02,7.334870e+06,1.730961e+02,3.309974e+06,,0.000000e+00,0.000000e+00
2013-12-12 00:50:47.000000,0.000000e+00,1.664377e+07,1.181078e+02,7.335111e+06,1.730961e+02,3.309995e+06,,0.000000e+00,0.000000e+00
2013-12-12 00:50:48.000000,0.000000e+00,1.664385e+07,1.181078e+02,7.335352e+06,1.730961e+02,3.310016e+06,,0.000000e+00,0.000000e+00
2013-12-12 00:50:49.000000,0.000000e+00,1.664393e+07,1.181077e+02,7.335593e+06,1.730961e+02,3.310038e+06,,0.000000e+00,0.000000e+00
2013-12-12 00:50:50.000000,0.000000e+00,1.664401e+07,1.181076e+02,7.335835e+06,1.730961e+02,3.310059e+06,,0.000000e+00,0.000000e+00
2013-12-12 00:50:51.000000,0.000000e+00,1.664409e+07,1.181075e+02,7.336076e+06,1.730961e+02,3.310081e+06,,0.000000e+00,0.000000e+00
2013-12-12 00:50:52.000000,0.000000e+00,1.664417e+07,1.181075e+02,7.336317e+06,1.730961e+02,3.310102e+06,,0.000000e+00,0.000000e+00
2013-12-12 00:50:53.000000,0.000000e+00,1.664425e+07,1.181074e+02,7.336559e+06,1.730961e+02,3.310124e+06,,0.000000e+00,0.000000e+00
2013-12-12 00:50:54.000000,0.000000e+00,1.664433e+07,1.181073e+02,7.336800e+06,1.730961e+02,3.310146e+06,,0.000000e+00,0.000000e+00
2013-12-12 00:50:55.000000,0.000000e+00,1.664441e+07,1.181072e+02,7.337041e+06,1.730961e+02,3.310167e+06,,0.000000e+00,0.000000e+00
2013-12-12 00:50:56.000000,0.000000e+00,1.664449e+07,1.181072e+02,7.337282e+06,1.730961e+02,3.310188e+06,,0.000000e+00,0.000000e+00
2013-12-12 00:50:57.000000,0.000000e+00,1.664457e+07,1.181071e+02,7.337523e+06,1.730961e+02,3.310210e+06,,0.000000e+00,0.000000e+00
2013-12-12 00:50:58.000000,0.000000e+00,1.664465e+07,1.181070e+02,7.337764e+06,1.730961e+02,3.310231e+06,,0.000000e+00,0.000000e+00
2013-12-12 00:50:59.000000,0.000000e+00,1.664473e+07,1.181070e+02,7.338005e+06,1.730961e+02,3.310253e+06,,0.000000e+00,0.000000e+00
2013-12-12 00:51:00.000000,0.000000e+00,1.664481e+07,1.181069e+02,7.338246e+06,1.730961e+02,3.310275e+06,,0.000000e+00,0.000000e+00
2013-12-12 00:51:01.000000,0.000000e+00,1.664489e+07,1.181068e+02,7.338487e+06,1.730961e+02,3.310296e+06,,0.000000e+00,0.000000e+00
2013-12-12 00:51:02.000000,0.000000e+00,1.664497e+07,1.181067e+02,7.338728e+06,1.730961e+02,3.310318e+06,,0.000000e+00,0.000000e+00
2013-12-12 00:51:03.000000,0.000000e+00,1.664505e+07,1.181067e+02,7.338969e+06,1.730961e+02,3.310339e+06,,0.000000e+00,0.000000e+00
2013-12-12 00:51:04.000000,0.000000e+00,1.664513e+07,1.181066e+02,7.339211e+06,1.730961e+02,3.310360e+06,,0.000000e+00,0.000000e+00
2013-12-12 00:51:05.000000,0.000000e+00,1.664521e+07,1.181065e+02,7.339452e+06,1.730961e+02,3.310382e+06,,0.000000e+00,0.000000e+00
2013-12-12 00:51:06.000000,0.000000e+00,1.664529e+07,1.181065e+02,7.339693e+06,1.730961e+02,3.310403e+06,,0.000000e+00,0.000000e+00
2013-12-12 00:51:07.000000,0.000000e+00,1.664537e+07,1.181064e+02,7.339934e+06,1.730961e+02,3.310425e+06,,0.000000e+00,0.000000e+00
2013-12-12 00:51:08.000000,0.000000e+00,1.664545e+07,1.181063e+02,7.340175e+06,1.730961e+02,3.310447e+06,,0.000000e+00,0.000000e+00
2013-12-12 00:51:09.000000,0.000000e+00,1.664553e+07,1.181062e+02,7.340416e+06,1.730961e+02,3.310468e+06,,0.000000e+00,0.000000e+00
2013-12-12 00:51:10.000000,0.000000e+00,1.664561e+07,1.181062e+02,7.340657e+06,1.730961e+02,3.310490e+06,,0.000000e+00,0.000000e+00
2013-12-12 00:51:11.000000,0.000000e+00,1.664569e+07,1.181061e+02,7.340898e+06,1.730961e+02,3.310511e+06,,0.000000e+00,0.000000e+00
2013-12-12 00:51:12.000000,0.000000e+00,1.664577e+07,1.181060e+02,7.341139e+06,1.730961e+02,3.310532e+06,,0.000000e+00,0.000000e+00
2013-12-12 00:51:13.000000,0.000000e+00,1.664585e+07,1.181059e+02,7.341380e+06,1.730961e+02,3.310554e+06,,0.000000e+00,0.000000e+00
2013-12-12 00:51:14.000000,0.000000e+00,1.664593e+07,1.181059e+02,7.341621e+06,1.730961e+02,3.310575e+06,,0.000000e+00,0.000000e+00
2013-12-12 00:51:15.000000,0.000000e+00,1.664601e+07,1.181058e+02,7.341862e+06,1.730961e+02,3.310597e+06,,0.000000e+00,0.000000e+00
2013-12-12 00:51:16.000000,0.000000e+00,1.664608e+07,1.181057e+02,7.342104e+06,1.730961e+02,3.310619e+06,,0.000000e+00,0.000000e+00
2013-12-12 00:51:17.000000,0.000000e+00,1.664616e+07,1.181057e+02,7.342345e+06,1.730961e+02,3.310640e+06,,0.000000e+00,0.000000e+00
2013-12-12 00:51:18.000000,0.000000e+00,1.664624e+07,1.181056e+02,7.342587e+06,1.730961e+02,3.310662e+06,,0.000000e+00,0.000000e+00
2013-12-12 00:51:19.000000,0.000000e+00,1.664632e+07,1.181055e+02,7.342828e+06,1.730961e+02,3.310683e+06,,0.000000e+00,0.000000e+00
2013-12-12 00:51:20.000000,0.000000e+00,1.664640e+07,1.181054e+02,7.343069e+06,1.730961e+02,3.310705e+06,,0.000000e+00,0.000000e+00
2013-12-12 00:51:21.000000,0.000000e+00,1.664648e+07,1.181054e+02,7.343310e+06,1.730961e+02,3.310726e+06,,0.000000e+00,0.000000e+00
2013-12-12 00:51:22.000000,0.000000e+00,1.664656e+07,1.181053e+02,7.343551e+06,1.730961e+02,3.310748e+06,,0.000000e+00,0.000000e+00
2013-12-12 00:51:23.000000,0.000000e+00,1.664664e+07,1.181052e+02,7.343792e+06,1.730961e+02,3.310769e+06,,0.000000e+00,0.000000e+00
2013-12-12 00:51:24.000000,0.000000e+00,1.664672e+07,1.181051e+02,7.344033e+06,1.730961e+02,3.310791e+06,,0.000000e+00,0.000000e+00
2013-12-12 00:51:25.000000,0.000000e+00,1.664680e+07,1.181051e+02,7.344274e+06,1.730961e+02,3.310812e+06,,0.000000e+00,0.000000e+00
2013-12-12 00:51:26.000000,0.000000e+00,1.664688e+07,1.181050e+02,7.344515e+06,1.730961e+02,3.310834e+06,,0.000000e+00,0.000000e+00
2013-12-12 00:51:27.000000,0.000000e+00,1.664696e+07,1.181049e+02,7.344756e+06,1.730961e+02,3.310855e+06,,0.000000e+00,0.000000e+00
2013-12-12 00:51:28.000000,0.000000e+00,1.664704e+07,1.181049e+02,7.344997e+06,1.730961e+02,3.310877e+06,,0.000000e+00,0.000000e+00
2013-12-12 00:51:29.000000,0.000000e+00,1.664712e+07,1.181048e+02,7.345238e+06,1.730961e+02,3.310898e+06,,0.000000e+00,0.000000e+00
2013-12-12 00:51:30.000000,0.000000e+00,1.664720e+07,1.181047e+02,7.345480e+06,1.730961e+02,3.310920e+06,,0.000000e+00,0.000000e+00
2013-12-12 00:51:31.000000,0.000000e+00,1.664728e+07,1.181046e+02,7.345721e+06,1.730961e+02,3.310941e+06,,0.000000e+00,0.000000e+00
2013-12-12 00:51:32.000000,0.000000e+00,1.664736e+07,1.181046e+02,7.345962e+06,1.730961e+02,3.310963e+06,,0.000000e+00,0.000000e+00
2013-12-12 00:51:33.000000,0.000000e+00,1.664744e+07,1.181045e+02,7.346203e+06,1.730961e+02,3.310984e+06,,0.000000e+00,0.000000e+00
2013-12-12 00:51:34.000000,0.000000e+00,1.664752e+07,1.181044e+02,7.346444e+06,1.730961e+02,3.311006e+06,,0.000000e+00,0.000000e+00
2013-12-12 00:51:35.000000,0.000000e+00,1.664760e+07,1.181044e+02,7.346685e+06,1.730961e+02,3.311027e+06,,0.000000e+00,0.000000e+00
2013-12-12 00:51:36.000000,0.000000e+00,1.664768e+07,1.181043e+02,7.346926e+06,1.730961e+02,3.311049e+06,,0.000000e+00,0.000000e+00
2013-12-12 00:51:37.000000,0.000000e+00,1.664776e+07,1.181042e+02,7.347167e+06,1.730961e+02,3.311070e+06,,0.000000e+00,0.000000e+00
2013-12-12 00:51:38.000000,0.000000e+00,1.664784e+07,1.181041e+02,7.347408e+06,1.730961e+02,3.311092e+06,,0.000000e+00,0.000000e+00
2013-12-12 00:51:39.000000,0.000000e+00,1.664792e+07,1.181041e+02,7.347649e+06,1.730961e+02,3.311113e+06,,0.000000e+00,0.000000e+00
2013-12-12 00:51:40.000000,0.000000e+00,1.664800e+07,1.181040e+02,7.347891e+06,1.730961e+02,3.311135e+06,,0.000000e+00,0.000000e+00
2013-12-12 00:51:41.000000,0.000000e+00,1.664808e+07,1.181039e+02,7.348132e+06,1.730961e+02,3.311156e+06,,0.000000e+00,0.000000e+00
2013-12-12 00:51:42.000000,0.000000e+00,1.664816e+07,1.181039e+02,7.348373e+06,1.730961e+02,3.311178e+06,,0.000000e+00,0.000000e+00
2013-12-12 00:51:43.000000,0.000000e+00,1.664824e+07,1.181038e+02,7.348615e+06,1.730961e+02,3.311199e+06,,0.000000e+00,0.000000e+00
2013-12-12 00:51:44.000000,0.000000e+00,1.664832e+07,1.181037e+02,7.348856e+06,1.730961e+02,3.311221e+06,,0.000000e+00,0.000000e+00
2013-12-12 00:51:45.000000,0.000000e+00,1.664840e+07,1.181036e+02,7.349097e+06,1.730961e+02,3.311242e+06,,0.000000e+00,0.000000e+00
2013-12-12 00:51:46.000000,0.000000e+00,1.664848e+07,1.181036e+02,7.349338e+06,1.730961e+02,3.311264e+06,,0.000000e+00,0.000000e+00
2013-12-12 00:51:47.000000,0.000000e+00,1.664856e+07,1.181035e+02,7.349579e+06,1.730961e+02,3.311285e+06,,0.000000e+00,0.000000e+00
2013-12-12 00:51:48.000000,0.000000e+00,1.664864e+07,1.181034e+02,7.349820e+06,1.730961e+02,3.311307e+06,,0.000000e+00,0.000000e+00
2013-12-12 00:51:49.000000,0.000000e+00,1.664872e+07,1.181033e+02,7.350061e+06,1.730961e+02,3.311329e+06,,0.000000e+00,0.000000e+00
2013-12-12 00:51:50.000000,0.000000e+00,1.664880e+07,1.181033e+02,7.350302e+06,1.730961e+02,3.311350e+06,,0.000000e+00,0.000000e+00
2013-12-12 00:51:51.000000,0.000000e+00,1.664888e+07,1.181032e+02,7.350543e+06,1.730961e+02,3.311371e+06,,0.000000e+00,0.000000e+00
2013-12-12 00:51:52.000000,0.000000e+00,1.664896e+07,1.181031e+02,7.350784e+06,1.730961e+02,3.311393e+06,,0.000000e+00,0.000000e+00
2013-12-12 00:51:53.000000,0.000000e+00,1.664904e+07,1.181031e+02,7.351025e+06,1.730961e+02,3.311414e+06,,0.000000e+00,0.000000e+00
2013-12-12 00:51:54.000000,0.000000e+00,1.664912e+07,1.181030e+02,7.351266e+06,1.730961e+02,3.311436e+06,,0.000000e+00,0.000000e+00
2013-12-12 00:51:55.000000,0.000000e+00,1.664920e+07,1.181029e+02,7.351508e+06,1.730961e+02,3.311457e+06,,0.000000e+00,0.000000e+00
2013-12-12 00:51:56.000000,0.000000e+00,1.664928e+07,1.181028e+02,7.351749e+06,1.730961e+02,3.311479e+06,,0.000000e+00,0.000000e+00
2013-12-12 00:51:57.000000,0.000000e+00,1.664936e+07,1.181028e+02,7.351990e+06,1.730961e+02,3.311501e+06,,0.000000e+00,0.000000e+00
2013-12-12 00:51:58.000000,0.000000e+00,1.664944e+07,1.181027e+02,7.352231e+06,1.730961e+02,3.311522e+06,,0.000000e+00,0.000000e+00
2013-12-12 00:51:59.000000,0.000000e+00,1.664952e+07,1.181026e+02,7.352472e+06,1.730961e+02,3.311543e+06,,0.000000e+00,0.000000e+00
2013-12-12 00:52:00.000000,0.000000e+00,1.664960e+07,1.181025e+02,7.352713e+06,1.730961e+02,3.311565e+06,,0.000000e+00,0.000000e+00
2013-12-12 00:52:01.000000,0.000000e+00,1.664968e+07,1.181025e+02,7.352954e+06,1.730961e+02,3.311586e+06,,0.000000e+00,0.000000e+00
2013-12-12 00:52:02.000000,0.000000e+00,1.664976e+07,1.181024e+02,7.353195e+06,1.730961e+02,3.311608e+06,,0.000000e+00,0.000000e+00
2013-12-12 00:52:03.000000,0.000000e+00,1.664984e+07,1.181023e+02,7.353436e+06,1.730961e+02,3.311629e+06,,0.000000e+00,0.000000e+00
2013-12-12 00:52:04.000000,0.000000e+00,1.664991e+07,1.181023e+02,7.353677e+06,1.730961e+02,3.311651e+06,,0.000000e+00,0.000000e+00
2013-12-12 00:52:05.000000,0.000000e+00,1.665000e+07,1.181022e+02,7.353919e+06,1.730961e+02,3.311673e+06,,0.000000e+00,0.000000e+00
2013-12-12 00:52:06.000000,0.000000e+00,1.665007e+07,1.181021e+02,7.354160e+06,1.730961e+02,3.311694e+06,,0.000000e+00,0.000000e+00
2013-12-12 00:52:07.000000,0.000000e+00,1.665015e+07,1.181020e+02,7.354401e+06,1.730961e+02,3.311715e+06,,0.000000e+00,0.000000e+00
2013-12-12 00:52:08.000000,0.000000e+00,1.665023e+07,1.181020e+02,7.354642e+06,1.730961e+02,3.311737e+06,,0.000000e+00,0.000000e+00
2013-12-12 00:52:09.000000,0.000000e+00,1.665031e+07,1.181019e+02,7.354884e+06,1.730961e+02,3.311758e+06,,0.000000e+00,0.000000e+00
2013-12-12 00:52:10.000000,0.000000e+00,1.665039e+07,1.181018e+02,7.355125e+06,1.730961e+02,3.311780e+06,,0.000000e+00,0.000000e+00
2013-12-12 00:52:11.000000,0.000000e+00,1.665047e+07,1.181018e+02,7.355366e+06,1.730961e+02,3.311802e+06,,0.000000e+00,0.000000e+00
2013-12-12 00:52:12.000000,0.000000e+00,1.665055e+07,1.181017e+02,7.355607e+06,1.730961e+02,3.311823e+06,,0.000000e+00,0.000000e+00
2013-12-12 00:52:13.000000,0.000000e+00,1.665063e+07,1.181016e+02,7.355848e+06,1.730961e+02,3.311845e+06,,0.000000e+00,0.000000e+00
2013-12-12 00:52:14.000000,0.000000e+00,1.665071e+07,1.181015e+02,7.356089e+06,1.730961e+02,3.311866e+06,,0.000000e+00,0.000000e+00
2013-12-12 00:52:15.000000,0.000000e+00,1.665079e+07,1.181015e+02,7.356330e+06,1.730961e+02,3.311887e+06,,0.000000e+00,0.000000e+00
2013-12-12 00:52:16.000000,0.000000e+00,1.665087e+07,1.181014e+02,7.356571e+06,1.730961e+02,3.311909e+06,,0.000000e+00,0.000000e+00
2013-12-12 00:52:17.000000,0.000000e+00,1.665095e+07,1.181013e+02,7.356812e+06,1.730961e+02,3.311930e+06,,0.000000e+00,0.000000e+00
2013-12-12 00:52:18.000000,0.000000e+00,1.665103e+07,1.181012e+02,7.357053e+06,1.730961e+02,3.311952e+06,,0.000000e+00,0.000000e+00
2013-12-12 00:52:19.000000,0.000000e+00,1.665111e+07,1.181012e+02,7.357294e+06,1.730961e+02,3.311974e+06,,0.000000e+00,0.000000e+00
2013-12-12 00:52:20.000000,0.000000e+00,1.665119e+07,1.181011e+02,7.357536e+06,1.730961e+02,3.311995e+06,,0.000000e+00,0.000000e+00
2013-12-12 00:52:21.000000,0.000000e+00,1.665127e+07,1.181010e+02,7.357777e+06,1.730961e+02,3.312017e+06,,0.000000e+00,0.000000e+00
2013-12-12 00:52:22.000000,0.000000e+00,1.665135e+07,1.181010e+02,7.358018e+06,1.730961e+02,3.312038e+06,,0.000000e+00,0.000000e+00
2013-12-12 00:52:23.000000,0.000000e+00,1.665143e+07,1.181009e+02,7.358259e+06,1.730961e+02,3.312059e+06,,0.000000e+00,0.000000e+00
2013-12-12 00:52:24.000000,0.000000e+00,1.665151e+07,1.181008e+02,7.358500e+06,1.730961e+02,3.312081e+06,,0.000000e+00,0.000000e+00
2013-12-12 00:52:25.000000,0.000000e+00,1.665159e+07,1.181007e+02,7.358741e+06,1.730961e+02,3.312103e+06,,0.000000e+00,0.000000e+00
2013-12-12 00:52:26.000000,0.000000e+00,1.665167e+07,1.181007e+02,7.358982e+06,1.730961e+02,3.312124e+06,,0.000000e+00,0.000000e+00
2013-12-12 00:52:27.000000,0.000000e+00,1.665175e+07,1.181006e+02,7.359223e+06,1.730961e+02,3.312146e+06,,0.000000e+00,0.000000e+00
2013-12-12 00:52:28.000000,0.000000e+00,1.665183e+07,1.181005e+02,7.359465e+06,1.730961e+02,3.312167e+06,,0.000000e+00,0.000000e+00
2013-12-12 00:52:29.000000,0.000000e+00,1.665191e+07,1.181004e+02,7.359706e+06,1.730961e+02,3.312189e+06,,0.000000e+00,0.000000e+00
2013-12-12 00:52:30.000000,0.000000e+00,1.665199e+07,1.181004e+02,7.359947e+06,1.730961e+02,3.312210e+06,,0.000000e+00,0.000000e+00
2013-12-12 00:52:31.000000,0.000000e+00,1.665207e+07,1.181003e+02,7.360188e+06,1.730961e+02,3.312231e+06,,0.000000e+00,0.000000e+00
2013-12-12 00:52:32.000000,0.000000e+00,1.665215e+07,1.181002e+02,7.360429e+06,1.730961e+02,3.312253e+06,,0.000000e+00,0.000000e+00
2013-12-12 00:52:33.000000,0.000000e+00,1.665223e+07,1.181002e+02,7.360670e+06,1.730961e+02,3.312275e+06,,0.000000e+00,0.000000e+00
2013-12-12 00:52:34.000000,0.000000e+00,1.665231e+07,1.181001e+02,7.360912e+06,1.730961e+02,3.312296e+06,,0.000000e+00,0.000000e+00
2013-12-12 00:52:35.000000,0.000000e+00,1.665239e+07,1.181000e+02,7.361153e+06,1.730961e+02,3.312318e+06,,0.000000e+00,0.000000e+00
2013-12-12 00:52:36.000000,0.000000e+00,1.665247e+07,1.180999e+02,7.361394e+06,1.730961e+02,3.312339e+06,,0.000000e+00,0.000000e+00
2013-12-12 00:52:37.000000,0.000000e+00,1.665255e+07,1.180999e+02,7.361635e+06,1.730961e+02,3.312361e+06,,0.000000e+00,0.000000e+00
2013-12-12 00:52:38.000000,0.000000e+00,1.665263e+07,1.180998e+02,7.361876e+06,1.730961e+02,3.312382e+06,,0.000000e+00,0.000000e+00
2013-12-12 00:52:39.000000,0.000000e+00,1.665271e+07,1.180997e+02,7.362117e+06,1.730961e+02,3.312403e+06,,0.000000e+00,0.000000e+00
2013-12-12 00:52:40.000000,0.000000e+00,1.665279e+07,1.180997e+02,7.362358e+06,1.730961e+02,3.312425e+06,,0.000000e+00,0.000000e+00
2013-12-12 00:52:41.000000,0.000000e+00,1.665287e+07,1.180996e+02,7.360803e+06,1.730961e+02,3.312447e+06,,0.000000e+00,0.000000e+00
2013-12-12 00:52:42.000000,0.000000e+00,1.665295e+07,1.180995e+02,7.359248e+06,1.730961e+02,3.312468e+06,,0.000000e+00,0.000000e+00
2013-12-12 00:52:43.000000,0.000000e+00,1.665303e+07,1.180994e+02,7.357693e+06,1.730961e+02,3.312490e+06,,0.000000e+00,0.000000e+00
2013-12-12 00:52:44.000000,0.000000e+00,1.665311e+07,1.180994e+02,7.356137e+06,1.730961e+02,3.312511e+06,,0.000000e+00,0.000000e+00
2013-12-12 00:52:45.000000,0.000000e+00,1.665319e+07,1.180993e+02,7.354582e+06,1.730961e+02,3.312533e+06,,0.000000e+00,0.000000e+00
2013-12-12 00:52:46.000000,0.000000e+00,1.665327e+07,1.180992e+02,7.353027e+06,1.730961e+02,3.312554e+06,,0.000000e+00,0.000000e+00
2013-12-12 00:52:47.000000,0.000000e+00,1.665335e+07,1.180991e+02,7.351472e+06,1.730961e+02,3.312576e+06,,0.000000e+00,0.000000e+00
2013-12-12 00:52:48.000000,0.000000e+00,1.665343e+07,1.180991e+02,7.349916e+06,1.730961e+02,3.312597e+06,,0.000000e+00,0.000000e+00
2013-12-12 00:52:49.000000,0.000000e+00,1.665351e+07,1.180990e+02,7.348361e+06,1.730961e+02,3.312619e+06,,0.000000e+00,0.000000e+00
2013-12-12 00:52:50.000000,0.000000e+00,1.665359e+07,1.180989e+02,7.346806e+06,1.730961e+02,3.312640e+06,,0.000000e+00,0.000000e+00
2013-12-12 00:52:51.000000,0.000000e+00,1.665367e+07,1.180989e+02,7.345251e+06,1.730961e+02,3.312662e+06,,0.000000e+00,0.000000e+00
2013-12-12 00:52:52.000000,0.000000e+00,1.665375e+07,1.180988e+02,7.343695e+06,1.730961e+02,3.312683e+06,,0.000000e+00,0.000000e+00
2013-12-12 00:52:53.000000,0.000000e+00,1.665383e+07,1.180987e+02,7.342140e+06,1.730961e+02,3.312705e+06,,0.000000e+00,0.000000e+00
2013-12-12 00:52:54.000000,0.000000e+00,1.665390e+07,1.180986e+02,7.340585e+06,1.730961e+02,3.312726e+06,,0.000000e+00,0.000000e+00
2013-12-12 00:52:55.000000,0.000000e+00,1.665398e+07,1.180986e+02,7.339030e+06,1.730961e+02,3.312748e+06,,0.000000e+00,0.000000e+00
2013-12-12 00:52:56.000000,0.000000e+00,1.665406e+07,1.180985e+02,7.337475e+06,1.730961e+02,3.312769e+06,,0.000000e+00,0.000000e+00
2013-12-12 00:52:57.000000,0.000000e+00,1.665414e+07,1.180984e+02,7.335919e+06,1.730961e+02,3.312791e+06,,0.000000e+00,0.000000e+00
2013-12-12 00:52:58.000000,0.000000e+00,1.665422e+07,1.180984e+02,7.334364e+06,1.730961e+02,3.312812e+06,,0.000000e+00,0.000000e+00
2013-12-12 00:52:59.000000,0.000000e+00,1.665430e+07,1.180983e+02,7.332809e+06,1.730961e+02,3.312834e+06,,0.000000e+00,0.000000e+00
2013-12-12 00:53:00.000000,0.000000e+00,1.665438e+07,1.180982e+02,7.331254e+06,1.730961e+02,3.312855e+06,,0.000000e+00,0.000000e+00
2013-12-12 00:53:01.000000,0.000000e+00,1.665446e+07,1.180981e+02,7.329698e+06,1.730961e+02,3.312877e+06,,0.000000e+00,0.000000e+00
2013-12-12 00:53:02.000000,0.000000e+00,1.665454e+07,1.180981e+02,7.328143e+06,1.730961e+02,3.312898e+06,,0.000000e+00,0.000000e+00
2013-12-12 00:53:03.000000,0.000000e+00,1.665462e+07,1.180980e+02,7.326588e+06,1.730961e+02,3.312920e+06,,0.000000e+00,0.000000e+00
2013-12-12 00:53:04.000000,0.000000e+00,1.665470e+07,1.180979e+02,7.325033e+06,1.730961e+02,3.312941e+06,,0.000000e+00,0.000000e+00
2013-12-12 00:53:05.000000,0.000000e+00,1.665478e+07,1.180978e+02,7.323477e+06,1.730961e+02,3.312963e+06,,0.000000e+00,0.000000e+00
2013-12-12 00:53:06.000000,0.000000e+00,1.665486e+07,1.180978e+02,7.321922e+06,1.730961e+02,3.312984e+06,,0.000000e+00,0.000000e+00
2013-12-12 00:53:07.000000,0.000000e+00,1.665494e+07,1.180977e+02,7.320367e+06,1.730961e+02,3.313006e+06,,0.000000e+00,0.000000e+00
2013-12-12 00:53:08.000000,0.000000e+00,1.665502e+07,1.180976e+02,7.318812e+06,1.730961e+02,3.313027e+06,,0.000000e+00,0.000000e+00
2013-12-12 00:53:09.000000,0.000000e+00,1.665510e+07,1.180976e+02,7.317256e+06,1.730961e+02,3.313049e+06,,0.000000e+00,0.000000e+00
2013-12-12 00:53:10.000000,0.000000e+00,1.665518e+07,1.180975e+02,7.315701e+06,1.730961e+02,3.313070e+06,,0.000000e+00,0.000000e+00
2013-12-12 00:53:11.000000,0.000000e+00,1.665526e+07,1.180974e+02,7.314146e+06,1.730961e+02,3.313092e+06,,0.000000e+00,0.000000e+00
2013-12-12 00:53:12.000000,0.000000e+00,1.665534e+07,1.180973e+02,7.312591e+06,1.730961e+02,3.313113e+06,,0.000000e+00,0.000000e+00
2013-12-12 00:53:13.000000,0.000000e+00,1.665542e+07,1.180973e+02,7.311036e+06,1.730961e+02,3.313135e+06,,0.000000e+00,0.000000e+00
2013-12-12 00:53:14.000000,0.000000e+00,1.665550e+07,1.180972e+02,7.309480e+06,1.730961e+02,3.313157e+06,,0.000000e+00,0.000000e+00
2013-12-12 00:53:15.000000,0.000000e+00,1.665558e+07,1.180971e+02,7.307925e+06,1.730961e+02,3.313178e+06,,0.000000e+00,0.000000e+00
2013-12-12 00:53:16.000000,0.000000e+00,1.665566e+07,1.180970e+02,7.306370e+06,1.730961e+02,3.313199e+06,,0.000000e+00,0.000000e+00
2013-12-12 00:53:17.000000,0.000000e+00,1.665574e+07,1.180970e+02,7.304815e+06,1.730961e+02,3.313221e+06,,0.000000e+00,0.000000e+00
2013-12-12 00:53:18.000000,0.000000e+00,1.665582e+07,1.180969e+02,7.303259e+06,1.730961e+02,3.313242e+06,,0.000000e+00,0.000000e+00
2013-12-12 00:53:19.000000,0.000000e+00,1.665590e+07,1.180968e+02,7.301704e+06,1.730961e+02,3.313264e+06,,0.000000e+00,0.000000e+00
2013-12-12 00:53:20.000000,0.000000e+00,1.665598e+07,1.180968e+02,7.300149e+06,1.730961e+02,3.313285e+06,,0.000000e+00,0.000000e+00
2013-12-12 00:53:21.000000,0.000000e+00,1.665606e+07,1.180967e+02,7.298594e+06,1.730961e+02,3.313307e+06,,0.000000e+00,0.000000e+00
2013-12-12 00:53:22.000000,0.000000e+00,1.665614e+07,1.180966e+02,7.297038e+06,1.730961e+02,3.313329e+06,,0.000000e+00,0.000000e+00
2013-12-12 00:53:23.000000,0.000000e+00,1.665622e+07,1.180965e+02,7.295483e+06,1.730961e+02,3.313350e+06,,0.000000e+00,0.000000e+00
2013-12-12 00:53:24.000000,0.000000e+00,1.665630e+07,1.180965e+02,7.293928e+06,1.730961e+02,3.313371e+06,,0.000000e+00,0.000000e+00
2013-12-12 00:53:25.000000,0.000000e+00,1.665638e+07,1.180964e+02,7.292373e+06,1.730961e+02,3.313393e+06,,0.000000e+00,0.000000e+00
2013-12-12 00:53:26.000000,0.000000e+00,1.665646e+07,1.180963e+02,7.290818e+06,1.730961e+02,3.313414e+06,,0.000000e+00,0.000000e+00
2013-12-12 00:53:27.000000,0.000000e+00,1.665654e+07,1.180963e+02,7.289262e+06,1.730961e+02,3.313436e+06,,0.000000e+00,0.000000e+00
2013-12-12 00:53:28.000000,0.000000e+00,1.665662e+07,1.180962e+02,7.287708e+06,1.730961e+02,3.313457e+06,,0.000000e+00,0.000000e+00
2013-12-12 00:53:29.000000,0.000000e+00,1.665670e+07,1.180961e+02,7.286152e+06,1.730961e+02,3.313479e+06,,0.000000e+00,0.000000e+00
2013-12-12 00:53:30.000000,0.000000e+00,1.665678e+07,1.180960e+02,7.284597e+06,1.730961e+02,3.313501e+06,,0.000000e+00,0.000000e+00
2013-12-12 00:53:31.000000,0.000000e+00,1.665686e+07,1.180960e+02,7.283041e+06,1.730961e+02,3.313522e+06,,0.000000e+00,0.000000e+00
2013-12-12 00:53:32.000000,0.000000e+00,1.665694e+07,1.180959e+02,7.281487e+06,1.730961e+02,3.313544e+06,,0.000000e+00,0.000000e+00
2013-12-12 00:53:33.000000,0.000000e+00,1.665702e+07,1.180958e+02,7.279931e+06,1.730961e+02,3.313565e+06,,0.000000e+00,0.000000e+00
2013-12-12 00:53:34.000000,0.000000e+00,1.665710e+07,1.180957e+02,7.278376e+06,1.730961e+02,3.313586e+06,,0.000000e+00,0.000000e+00
2013-12-12 00:53:35.000000,0.000000e+00,1.665718e+07,1.180957e+02,7.276820e+06,1.730961e+02,3.313608e+06,,0.000000e+00,0.000000e+00
2013-12-12 00:53:36.000000,0.000000e+00,1.665726e+07,1.180956e+02,7.275266e+06,1.730961e+02,3.313630e+06,,0.000000e+00,0.000000e+00
2013-12-12 00:53:37.000000,0.000000e+00,1.665734e+07,1.180955e+02,7.273710e+06,1.730961e+02,3.313651e+06,,0.000000e+00,0.000000e+00
2013-12-12 00:53:38.000000,0.000000e+00,1.665742e+07,1.180955e+02,7.272155e+06,1.730961e+02,3.313673e+06,,0.000000e+00,0.000000e+00
2013-12-12 00:53:39.000000,0.000000e+00,1.665750e+07,1.180954e+02,7.270599e+06,1.730961e+02,3.313694e+06,,0.000000e+00,0.000000e+00
2013-12-12 00:53:40.000000,0.000000e+00,1.665758e+07,1.180953e+02,7.269044e+06,1.730961e+02,3.313716e+06,,0.000000e+00,0.000000e+00
2013-12-12 00:53:41.000000,0.000000e+00,1.665766e+07,1.180952e+02,7.270757e+06,1.730961e+02,3.313737e+06,,0.000000e+00,0.000000e+00
2013-12-12 00:53:42.000000,0.000000e+00,1.665773e+07,1.180952e+02,7.272469e+06,1.730961e+02,3.313758e+06,,0.000000e+00,0.000000e+00
2013-12-12 00:53:43.000000,0.000000e+00,1.665782e+07,1.180951e+02,7.274181e+06,1.730961e+02,3.313780e+06,,0.000000e+00,0.000000e+00
2013-12-12 00:53:44.000000,0.000000e+00,1.665789e+07,1.180950e+02,7.275893e+06,1.730961e+02,3.313802e+06,,0.000000e+00,0.000000e+00
2013-12-12 00:53:45.000000,0.000000e+00,1.665756e+07,1.180949e+02,7.277605e+06,1.730961e+02,3.313823e+06,,0.000000e+00,0.000000e+00
2013-12-12 00:53:46.000000,0.000000e+00,1.665723e+07,1.180949e+02,7.279316e+06,1.730961e+02,3.313845e+06,,0.000000e+00,0.000000e+00
2013-12-12 00:53:47.000000,0.000000e+00,1.665690e+07,1.180948e+02,7.281028e+06,1.730961e+02,3.313866e+06,,0.000000e+00,0.000000e+00
2013-12-12 00:53:48.000000,0.000000e+00,1.665656e+07,1.180947e+02,7.282740e+06,1.730961e+02,3.313888e+06,,0.000000e+00,0.000000e+00
2013-12-12 00:53:49.000000,0.000000e+00,1.665623e+07,1.180947e+02,7.284452e+06,1.730961e+02,3.313909e+06,,0.000000e+00,0.000000e+00
2013-12-12 00:53:50.000000,0.000000e+00,1.665590e+07,1.180946e+02,7.286164e+06,1.730961e+02,3.313931e+06,,0.000000e+00,0.000000e+00
2013-12-12 00:53:51.000000,0.000000e+00,1.665557e+07,1.180945e+02,7.287876e+06,1.730961e+02,3.313952e+06,,0.000000e+00,0.000000e+00
2013-12-12 00:53:52.000000,0.000000e+00,1.665524e+07,1.180944e+02,7.289588e+06,1.730961e+02,3.313974e+06,,0.000000e+00,0.000000e+00
2013-12-12 00:53:53.000000,0.000000e+00,1.665490e+07,1.180944e+02,7.291300e+06,1.730961e+02,3.313995e+06,,0.000000e+00,0.000000e+00
2013-12-12 00:53:54.000000,0.000000e+00,1.665457e+07,1.180943e+02,7.293012e+06,1.730961e+02,3.314017e+06,,0.000000e+00,0.000000e+00
2013-12-12 00:53:55.000000,0.000000e+00,1.665424e+07,1.180942e+02,7.294724e+06,1.730961e+02,3.314038e+06,,0.000000e+00,0.000000e+00
2013-12-12 00:53:56.000000,0.000000e+00,1.665390e+07,1.180942e+02,7.296436e+06,1.730961e+02,3.314060e+06,,0.000000e+00,0.000000e+00
2013-12-12 00:53:57.000000,0.000000e+00,1.665357e+07,1.180941e+02,7.298148e+06,1.730961e+02,3.314081e+06,,0.000000e+00,0.000000e+00
2013-12-12 00:53:58.000000,0.000000e+00,1.665324e+07,1.180940e+02,7.299860e+06,1.730961e+02,3.314103e+06,,0.000000e+00,0.000000e+00
2013-12-12 00:53:59.000000,0.000000e+00,1.665291e+07,1.180939e+02,7.301572e+06,1.730961e+02,3.314124e+06,,0.000000e+00,0.000000e+00
2013-12-12 00:54:00.000000,0.000000e+00,1.665258e+07,1.180939e+02,7.303284e+06,1.730961e+02,3.314146e+06,,0.000000e+00,0.000000e+00
2013-12-12 00:54:01.000000,0.000000e+00,1.665224e+07,1.180938e+02,7.304996e+06,1.730961e+02,3.314167e+06,,0.000000e+00,0.000000e+00
2013-12-12 00:54:02.000000,0.000000e+00,1.665191e+07,1.180937e+02,7.306708e+06,1.730961e+02,3.314189e+06,,0.000000e+00,0.000000e+00
2013-12-12 00:54:03.000000,0.000000e+00,1.665158e+07,1.180937e+02,7.308420e+06,1.730961e+02,3.314210e+06,,0.000000e+00,0.000000e+00
2013-12-12 00:54:04.000000,0.000000e+00,1.665125e+07,1.180936e+02,7.310132e+06,1.730961e+02,3.314232e+06,,0.000000e+00,0.000000e+00
2013-12-12 00:54:05.000000,0.000000e+00,1.665091e+07,1.180935e+02,7.311844e+06,1.730961e+02,3.314253e+06,,0.000000e+00,0.000000e+00
2013-12-12 00:54:06.000000,0.000000e+00,1.665058e+07,1.180934e+02,7.313555e+06,1.730961e+02,3.314275e+06,,0.000000e+00,0.000000e+00
2013-12-12 00:54:07.000000,0.000000e+00,1.665025e+07,1.180934e+02,7.315267e+06,1.730961e+02,3.314296e+06,,0.000000e+00,0.000000e+00
2013-12-12 00:54:08.000000,0.000000e+00,1.664991e+07,1.180933e+02,7.316979e+06,1.730961e+02,3.314318e+06,,0.000000e+00,0.000000e+00
2013-12-12 00:54:09.000000,0.000000e+00,1.664958e+07,1.180932e+02,7.318691e+06,1.730961e+02,3.314339e+06,,0.000000e+00,0.000000e+00
2013-12-12 00:54:10.000000,0.000000e+00,1.664925e+07,1.180931e+02,7.320403e+06,1.730961e+02,3.314361e+06,,0.000000e+00,0.000000e+00
2013-12-12 00:54:11.000000,0.000000e+00,1.664892e+07,1.180931e+02,7.322115e+06,1.730961e+02,3.314382e+06,,0.000000e+00,0.000000e+00
2013-12-12 00:54:12.000000,0.000000e+00,1.664859e+07,1.180930e+02,7.323827e+06,1.730961e+02,3.314404e+06,,0.000000e+00,0.000000e+00
2013-12-12 00:54:13.000000,0.000000e+00,1.664825e+07,1.180929e+02,7.325539e+06,1.730961e+02,3.314425e+06,,0.000000e+00,0.000000e+00
2013-12-12 00:54:14.000000,0.000000e+00,1.664792e+07,1.180928e+02,7.327251e+06,1.730961e+02,3.314447e+06,,0.000000e+00,0.000000e+00
2013-12-12 00:54:15.000000,0.000000e+00,1.664759e+07,1.180928e+02,7.328963e+06,1.730961e+02,3.314468e+06,,0.000000e+00,0.000000e+00
2013-12-12 00:54:16.000000,0.000000e+00,1.664725e+07,1.180927e+02,7.330675e+06,1.730961e+02,3.314490e+06,,0.000000e+00,0.000000e+00
2013-12-12 00:54:17.000000,0.000000e+00,1.664692e+07,1.180926e+02,7.332387e+06,1.730961e+02,3.314511e+06,,0.000000e+00,0.000000e+00
2013-12-12 00:54:18.000000,0.000000e+00,1.664659e+07,1.180926e+02,7.334099e+06,1.730961e+02,3.314533e+06,,0.000000e+00,0.000000e+00
2013-12-12 00:54:19.000000,0.000000e+00,1.664626e+07,1.180925e+02,7.335811e+06,1.730961e+02,3.314554e+06,,0.000000e+00,0.000000e+00
2013-12-12 00:54:20.000000,0.000000e+00,1.664593e+07,1.180924e+02,7.337523e+06,1.730961e+02,3.314576e+06,,0.000000e+00,0.000000e+00
2013-12-12 00:54:21.000000,0.000000e+00,1.664559e+07,1.180923e+02,7.339235e+06,1.730961e+02,3.314597e+06,,0.000000e+00,0.000000e+00
2013-12-12 00:54:22.000000,0.000000e+00,1.664526e+07,1.180923e+02,7.340947e+06,1.730961e+02,3.314619e+06,,0.000000e+00,0.000000e+00
2013-12-12 00:54:23.000000,0.000000e+00,1.664493e+07,1.180922e+02,7.342659e+06,1.730961e+02,3.314640e+06,,0.000000e+00,0.000000e+00
2013-12-12 00:54:24.000000,0.000000e+00,1.664460e+07,1.180921e+02,7.344371e+06,1.730961e+02,3.314662e+06,,0.000000e+00,0.000000e+00
2013-12-12 00:54:25.000000,0.000000e+00,1.664426e+07,1.180921e+02,7.346083e+06,1.730961e+02,3.314684e+06,,0.000000e+00,0.000000e+00
2013-12-12 00:54:26.000000,0.000000e+00,1.664393e+07,1.180920e+02,7.347794e+06,1.730961e+02,3.314705e+06,,0.000000e+00,0.000000e+00
2013-12-12 00:54:27.000000,0.000000e+00,1.664360e+07,1.180919e+02,7.349506e+06,1.730961e+02,3.314726e+06,,0.000000e+00,0.000000e+00
2013-12-12 00:54:28.000000,0.000000e+00,1.664326e+07,1.180918e+02,7.351218e+06,1.730961e+02,3.314748e+06,,0.000000e+00,0.000000e+00
2013-12-12 00:54:29.000000,0.000000e+00,1.664293e+07,1.180918e+02,7.352930e+06,1.730961e+02,3.314769e+06,,0.000000e+00,0.000000e+00
2013-12-12 00:54:30.000000,0.000000e+00,1.664260e+07,1.180917e+02,7.354642e+06,1.730961e+02,3.314791e+06,,0.000000e+00,0.000000e+00
2013-12-12 00:54:31.000000,0.000000e+00,1.664227e+07,1.180916e+02,7.356355e+06,1.730961e+02,3.314812e+06,,0.000000e+00,0.000000e+00
2013-12-12 00:54:32.000000,0.000000e+00,1.664194e+07,1.180916e+02,7.358067e+06,1.730961e+02,3.314834e+06,,0.000000e+00,0.000000e+00
2013-12-12 00:54:33.000000,0.000000e+00,1.664160e+07,1.180915e+02,7.359779e+06,1.730961e+02,3.314856e+06,,0.000000e+00,0.000000e+00
2013-12-12 00:54:34.000000,0.000000e+00,1.664127e+07,1.180914e+02,7.361491e+06,1.730961e+02,3.314877e+06,,0.000000e+00,0.000000e+00
2013-12-12 00:54:35.000000,0.000000e+00,1.664094e+07,1.180913e+02,7.363202e+06,1.730961e+02,3.314898e+06,,0.000000e+00,0.000000e+00
2013-12-12 00:54:36.000000,0.000000e+00,1.664061e+07,1.180913e+02,7.364914e+06,1.730961e+02,3.314920e+06,,0.000000e+00,0.000000e+00
2013-12-12 00:54:37.000000,0.000000e+00,1.664027e+07,1.180912e+02,7.366626e+06,1.730961e+02,3.314941e+06,,0.000000e+00,0.000000e+00
2013-12-12 00:54:38.000000,0.000000e+00,1.663994e+07,1.180911e+02,7.368338e+06,1.730961e+02,3.314963e+06,,0.000000e+00,0.000000e+00
2013-12-12 00:54:39.000000,0.000000e+00,1.663961e+07,1.180910e+02,7.370050e+06,1.730961e+02,3.314985e+06,,0.000000e+00,0.000000e+00
2013-12-12 00:54:40.000000,0.000000e+00,1.663928e+07,1.180910e+02,7.371762e+06,1.730961e+02,3.315006e+06,,0.000000e+00,0.000000e+00
2013-12-12 00:54:41.000000,0.000000e+00,1.663894e+07,1.180909e+02,7.371388e+06,1.730961e+02,3.315028e+06,,0.000000e+00,0.000000e+00
2013-12-12 00:54:42.000000,0.000000e+00,1.663861e+07,1.180908e+02,7.371014e+06,1.730961e+02,3.315049e+06,,0.000000e+00,0.000000e+00
2013-12-12 00:54:43.000000,0.000000e+00,1.663828e+07,1.180908e+02,7.370641e+06,1.730961e+02,3.315070e+06,,0.000000e+00,0.000000e+00
2013-12-12 00:54:44.000000,0.000000e+00,1.663795e+07,1.180907e+02,7.370267e+06,1.730961e+02,3.315092e+06,,0.000000e+00,0.000000e+00
2013-12-12 00:54:45.000000,0.000000e+00,1.663795e+07,1.180906e+02,7.369894e+06,1.730961e+02,3.315113e+06,,0.000000e+00,0.000000e+00
2013-12-12 00:54:46.000000,0.000000e+00,1.663795e+07,1.180905e+02,7.369520e+06,1.730961e+02,3.315135e+06,,0.000000e+00,0.000000e+00
2013-12-12 00:54:47.000000,0.000000e+00,1.663795e+07,1.180905e+02,7.369146e+06,1.730961e+02,3.315157e+06,,0.000000e+00,0.000000e+00
2013-12-12 00:54:48.000000,0.000000e+00,1.663795e+07,1.180904e+02,7.368772e+06,1.730961e+02,3.315178e+06,,0.000000e+00,0.000000e+00
2013-12-12 00:54:49.000000,0.000000e+00,1.663795e+07,1.180903e+02,7.368398e+06,1.730961e+02,3.315200e+06,,0.000000e+00,0.000000e+00
2013-12-12 00:54:50.000000,0.000000e+00,1.663795e+07,1.180902e+02,7.368024e+06,1.730961e+02,3.315221e+06,,0.000000e+00,0.000000e+00
2013-12-12 00:54:51.000000,0.000000e+00,1.663795e+07,1.180902e+02,7.367651e+06,1.730961e+02,3.315242e+06,,0.000000e+00,0.000000e+00
2013-12-12 00:54:52.000000,0.000000e+00,1.663795e+07,1.180901e+02,7.367278e+06,1.730961e+02,3.315264e+06,,0.000000e+00,0.000000e+00
2013-12-12 00:54:53.000000,0.000000e+00,1.663795e+07,1.180900e+02,7.366904e+06,1.730961e+02,3.315285e+06,,0.000000e+00,0.000000e+00
2013-12-12 00:54:54.000000,0.000000e+00,1.663795e+07,1.180900e+02,7.366530e+06,1.730961e+02,3.315307e+06,,0.000000e+00,0.000000e+00
2013-12-12 00:54:55.000000,0.000000e+00,1.663795e+07,1.180899e+02,7.366156e+06,1.730961e+02,3.315329e+06,,0.000000e+00,0.000000e+00
2013-12-12 00:54:56.000000,0.000000e+00,1.663795e+07,1.180898e+02,7.365782e+06,1.730961e+02,3.315350e+06,,0.000000e+00,0.000000e+00
2013-12-12 00:54:57.000000,0.000000e+00,1.663795e+07,1.180897e+02,7.365408e+06,1.730961e+02,3.315372e+06,,0.000000e+00,0.000000e+00
2013-12-12 00:54:58.000000,0.000000e+00,1.663795e+07,1.180897e+02,7.365034e+06,1.730961e+02,3.315393e+06,,0.000000e+00,0.000000e+00
2013-12-12 00:54:59.000000,0.000000e+00,1.663795e+07,1.180896e+02,7.364661e+06,1.730961e+02,3.315414e+06,,0.000000e+00,0.000000e+00
2013-12-12 00:55:00.000000,0.000000e+00,1.663795e+07,1.180895e+02,7.364288e+06,1.730961e+02,3.315436e+06,,0.000000e+00,0.000000e+00
2013-12-12 00:55:01.000000,0.000000e+00,1.663795e+07,1.180895e+02,7.363914e+06,1.730961e+02,3.315458e+06,,0.000000e+00,0.000000e+00
2013-12-12 00:55:02.000000,0.000000e+00,1.663795e+07,1.180894e+02,7.363540e+06,1.730961e+02,3.315479e+06,,0.000000e+00,0.000000e+00
2013-12-12 00:55:03.000000,0.000000e+00,1.663795e+07,1.180893e+02,7.363166e+06,1.730961e+02,3.315501e+06,,0.000000e+00,0.000000e+00
2013-12-12 00:55:04.000000,0.000000e+00,1.663795e+07,1.180892e+02,7.362792e+06,1.730961e+02,3.315522e+06,,0.000000e+00,0.000000e+00
2013-12-12 00:55:05.000000,0.000000e+00,1.663795e+07,1.180892e+02,7.362418e+06,1.730961e+02,3.315544e+06,,0.000000e+00,0.000000e+00
2013-12-12 00:55:06.000000,0.000000e+00,1.663795e+07,1.180891e+02,7.362045e+06,1.730961e+02,3.315565e+06,,0.000000e+00,0.000000e+00
2013-12-12 00:55:07.000000,0.000000e+00,1.663795e+07,1.180890e+02,7.361671e+06,1.730961e+02,3.315587e+06,,0.000000e+00,0.000000e+00
2013-12-12 00:55:08.000000,0.000000e+00,1.663795e+07,1.180889e+02,7.361298e+06,1.730961e+02,3.315608e+06,,0.000000e+00,0.000000e+00
2013-12-12 00:55:09.000000,0.000000e+00,1.663795e+07,1.180889e+02,7.360924e+06,1.730961e+02,3.315630e+06,,0.000000e+00,0.000000e+00
2013-12-12 00:55:10.000000,0.000000e+00,1.663795e+07,1.180888e+02,7.360550e+06,1.730961e+02,3.315651e+06,,0.000000e+00,0.000000e+00
2013-12-12 00:55:11.000000,0.000000e+00,1.663795e+07,1.180887e+02,7.360176e+06,1.730961e+02,3.315673e+06,,0.000000e+00,0.000000e+00
2013-12-12 00:55:12.000000,0.000000e+00,1.663795e+07,1.180887e+02,7.359802e+06,1.730961e+02,3.315694e+06,,0.000000e+00,0.000000e+00
2013-12-12 00:55:13.000000,0.000000e+00,1.663795e+07,1.180886e+02,7.359428e+06,1.730961e+02,3.315716e+06,,0.000000e+00,0.000000e+00
2013-12-12 00:55:14.000000,0.000000e+00,1.663795e+07,1.180885e+02,7.359055e+06,1.730961e+02,3.315737e+06,,0.000000e+00,0.000000e+00
2013-12-12 00:55:15.000000,0.000000e+00,1.663795e+07,1.180884e+02,7.358681e+06,1.730961e+02,3.315759e+06,,0.000000e+00,0.000000e+00
2013-12-12 00:55:16.000000,0.000000e+00,1.663795e+07,1.180884e+02,7.358308e+06,1.730961e+02,3.315780e+06,,0.000000e+00,0.000000e+00
2013-12-12 00:55:17.000000,0.000000e+00,1.663795e+07,1.180883e+02,7.357934e+06,1.730961e+02,3.315802e+06,,0.000000e+00,0.000000e+00
2013-12-12 00:55:18.000000,0.000000e+00,1.663795e+07,1.180882e+02,7.357560e+06,1.730961e+02,3.315823e+06,,0.000000e+00,0.000000e+00
2013-12-12 00:55:19.000000,0.000000e+00,1.663795e+07,1.180882e+02,7.357186e+06,1.730961e+02,3.315845e+06,,0.000000e+00,0.000000e+00
2013-12-12 00:55:20.000000,0.000000e+00,1.663795e+07,1.180881e+02,7.356812e+06,1.730961e+02,3.315866e+06,,0.000000e+00,0.000000e+00
2013-12-12 00:55:21.000000,0.000000e+00,1.663795e+07,1.180880e+02,7.356438e+06,1.730961e+02,3.315888e+06,,0.000000e+00,0.000000e+00
2013-12-12 00:55:22.000000,0.000000e+00,1.663795e+07,1.180879e+02,7.356065e+06,1.730961e+02,3.315909e+06,,0.000000e+00,0.000000e+00
2013-12-12 00:55:23.000000,0.000000e+00,1.663795e+07,1.180879e+02,7.355692e+06,1.730961e+02,3.315931e+06,,0.000000e+00,0.000000e+00
2013-12-12 00:55:24.000000,0.000000e+00,1.663795e+07,1.180878e+02,7.355318e+06,1.730961e+02,3.315952e+06,,0.000000e+00,0.000000e+00
2013-12-12 00:55:25.000000,0.000000e+00,1.663795e+07,1.180877e+02,7.354944e+06,1.730961e+02,3.315974e+06,,0.000000e+00,0.000000e+00
2013-12-12 00:55:26.000000,0.000000e+00,1.663795e+07,1.180876e+02,7.354570e+06,1.730961e+02,3.315995e+06,,0.000000e+00,0.000000e+00
2013-12-12 00:55:27.000000,0.000000e+00,1.663795e+07,1.180876e+02,7.354196e+06,1.730961e+02,3.316017e+06,,0.000000e+00,0.000000e+00
2013-12-12 00:55:28.000000,0.000000e+00,1.663795e+07,1.180875e+02,7.353822e+06,1.730961e+02,3.316038e+06,,0.000000e+00,0.000000e+00
2013-12-12 00:55:29.000000,0.000000e+00,1.663795e+07,1.180874e+02,7.353449e+06,1.730961e+02,3.316060e+06,,0.000000e+00,0.000000e+00
2013-12-12 00:55:30.000000,0.000000e+00,1.663795e+07,1.180874e+02,7.353075e+06,1.730961e+02,3.316081e+06,,0.000000e+00,0.000000e+00
2013-12-12 00:55:31.000000,0.000000e+00,1.663795e+07,1.180873e+02,7.352702e+06,1.730961e+02,3.316103e+06,,0.000000e+00,0.000000e+00
2013-12-12 00:55:32.000000,0.000000e+00,1.663795e+07,1.180872e+02,7.352328e+06,1.730961e+02,3.316124e+06,,0.000000e+00,0.000000e+00
2013-12-12 00:55:33.000000,0.000000e+00,1.663795e+07,1.180871e+02,7.351954e+06,1.730961e+02,3.316146e+06,,0.000000e+00,0.000000e+00
2013-12-12 00:55:34.000000,0.000000e+00,1.663795e+07,1.180871e+02,7.351580e+06,1.730961e+02,3.316167e+06,,0.000000e+00,0.000000e+00
2013-12-12 00:55:35.000000,0.000000e+00,1.663795e+07,1.180870e+02,7.351206e+06,1.730961e+02,3.316189e+06,,0.000000e+00,0.000000e+00
2013-12-12 00:55:36.000000,0.000000e+00,1.663795e+07,1.180869e+02,7.350832e+06,1.730961e+02,3.316210e+06,,0.000000e+00,0.000000e+00
2013-12-12 00:55:37.000000,0.000000e+00,1.663795e+07,1.180868e+02,7.350459e+06,1.730961e+02,3.316232e+06,,0.000000e+00,0.000000e+00
2013-12-12 00:55:38.000000,0.000000e+00,1.663795e+07,1.180868e+02,7.350085e+06,1.730961e+02,3.316253e+06,,0.000000e+00,0.000000e+00
2013-12-12 00:55:39.000000,0.000000e+00,1.663795e+07,1.180867e+02,7.349712e+06,1.730961e+02,3.316275e+06,,0.000000e+00,0.000000e+00
2013-12-12 00:55:40.000000,0.000000e+00,1.663795e+07,1.180866e+02,7.349338e+06,1.730961e+02,3.316296e+06,,0.000000e+00,0.000000e+00
2013-12-12 00:55:41.000000,0.000000e+00,1.663795e+07,1.180866e+02,7.348964e+06,1.730961e+02,3.316318e+06,,0.000000e+00,0.000000e+00
2013-12-12 00:55:42.000000,0.000000e+00,1.663795e+07,1.180865e+02,7.348590e+06,1.730961e+02,3.316339e+06,,0.000000e+00,0.000000e+00
2013-12-12 00:55:43.000000,0.000000e+00,1.663795e+07,1.180864e+02,7.348216e+06,1.730961e+02,3.316361e+06,,0.000000e+00,0.000000e+00
2013-12-12 00:55:44.000000,0.000000e+00,1.663795e+07,1.180863e+02,7.347843e+06,1.730961e+02,3.316383e+06,,0.000000e+00,0.000000e+00
2013-12-12 00:55:45.000000,0.000000e+00,1.663795e+07,1.180863e+02,7.347469e+06,1.730961e+02,3.316404e+06,,0.000000e+00,0.000000e+00
2013-12-12 00:55:46.000000,0.000000e+00,1.663795e+07,1.180862e+02,7.347095e+06,1.730961e+02,3.316425e+06,,0.000000e+00,0.000000e+00
2013-12-12 00:55:47.000000,0.000000e+00,1.663795e+07,1.180861e+02,7.346722e+06,1.730961e+02,3.316447e+06,,0.000000e+00,0.000000e+00
2013-12-12 00:55:48.000000,0.000000e+00,1.663795e+07,1.180861e+02,7.346348e+06,1.730961e+02,3.316468e+06,,0.000000e+00,0.000000e+00
2013-12-12 00:55:49.000000,0.000000e+00,1.663795e+07,1.180860e+02,7.345974e+06,1.730961e+02,3.316490e+06,,0.000000e+00,0.000000e+00
2013-12-12 00:55:50.000000,0.000000e+00,1.663795e+07,1.180859e+02,7.345600e+06,1.730961e+02,3.316512e+06,,0.000000e+00,0.000000e+00
2013-12-12 00:55:51.000000,0.000000e+00,1.663795e+07,1.180858e+02,7.345226e+06,1.730961e+02,3.316533e+06,,0.000000e+00,0.000000e+00
2013-12-12 00:55:52.000000,0.000000e+00,1.663795e+07,1.180858e+02,7.344853e+06,1.730961e+02,3.316555e+06,,0.000000e+00,0.000000e+00
2013-12-12 00:55:53.000000,0.000000e+00,1.663795e+07,1.180857e+02,7.344479e+06,1.730961e+02,3.316576e+06,,0.000000e+00,0.000000e+00
2013-12-12 00:55:54.000000,0.000000e+00,1.663795e+07,1.180856e+02,7.344106e+06,1.730961e+02,3.316597e+06,,0.000000e+00,0.000000e+00
2013-12-12 00:55:55.000000,0.000000e+00,1.663795e+07,1.180855e+02,7.343732e+06,1.730961e+02,3.316619e+06,,0.000000e+00,0.000000e+00
2013-12-12 00:55:56.000000,0.000000e+00,1.663795e+07,1.180855e+02,7.343358e+06,1.730961e+02,3.316640e+06,,0.000000e+00,0.000000e+00
2013-12-12 00:55:57.000000,0.000000e+00,1.663795e+07,1.180854e+02,7.342984e+06,1.730961e+02,3.316662e+06,,0.000000e+00,0.000000e+00
2013-12-12 00:55:58.000000,0.000000e+00,1.663795e+07,1.180853e+02,7.342610e+06,1.730961e+02,3.316684e+06,,0.000000e+00,0.000000e+00
2013-12-12 00:55:59.000000,0.000000e+00,1.663795e+07,1.180853e+02,7.342237e+06,1.730961e+02,3.316705e+06,,0.000000e+00,0.000000e+00
2013-12-12 00:56:00.000000,0.000000e+00,1.663795e+07,1.180852e+02,7.341863e+06,1.730961e+02,3.316727e+06,,0.000000e+00,0.000000e+00
2013-12-12 00:56:01.000000,0.000000e+00,1.663795e+07,1.180851e+02,7.341489e+06,1.730961e+02,3.316748e+06,,0.000000e+00,0.000000e+00
2013-12-12 00:56:02.000000,0.000000e+00,1.663795e+07,1.180850e+02,7.341116e+06,1.730961e+02,3.316769e+06,,0.000000e+00,0.000000e+00
2013-12-12 00:56:03.000000,0.000000e+00,1.663795e+07,1.180850e+02,7.340742e+06,1.730961e+02,3.316791e+06,,0.000000e+00,0.000000e+00
2013-12-12 00:56:04.000000,0.000000e+00,1.663795e+07,1.180849e+02,7.340368e+06,1.730961e+02,3.316813e+06,,0.000000e+00,0.000000e+00
2013-12-12 00:56:05.000000,0.000000e+00,1.663795e+07,1.180848e+02,7.339994e+06,1.730961e+02,3.316834e+06,,0.000000e+00,0.000000e+00
2013-12-12 00:56:06.000000,0.000000e+00,1.663795e+07,1.180847e+02,7.339620e+06,1.730961e+02,3.316856e+06,,0.000000e+00,0.000000e+00
2013-12-12 00:56:07.000000,0.000000e+00,1.663795e+07,1.180847e+02,7.339247e+06,1.730961e+02,3.316877e+06,,0.000000e+00,0.000000e+00
2013-12-12 00:56:08.000000,0.000000e+00,1.663795e+07,1.180846e+02,7.338873e+06,1.730961e+02,3.316899e+06,,0.000000e+00,0.000000e+00
2013-12-12 00:56:09.000000,0.000000e+00,1.663795e+07,1.180845e+02,7.338499e+06,1.730961e+02,3.316920e+06,,0.000000e+00,0.000000e+00
2013-12-12 00:56:10.000000,0.000000e+00,1.663795e+07,1.180845e+02,7.338126e+06,1.730961e+02,3.316941e+06,,0.000000e+00,0.000000e+00
2013-12-12 00:56:11.000000,0.000000e+00,1.663795e+07,1.180844e+02,7.337752e+06,1.730961e+02,3.316963e+06,,0.000000e+00,0.000000e+00
2013-12-12 00:56:12.000000,0.000000e+00,1.663795e+07,1.180843e+02,7.337378e+06,1.730961e+02,3.316985e+06,,0.000000e+00,0.000000e+00
2013-12-12 00:56:13.000000,0.000000e+00,1.663795e+07,1.180842e+02,7.337004e+06,1.730961e+02,3.317006e+06,,0.000000e+00,0.000000e+00
2013-12-12 00:56:14.000000,0.000000e+00,1.663795e+07,1.180842e+02,7.336631e+06,1.730961e+02,3.317028e+06,,0.000000e+00,0.000000e+00
2013-12-12 00:56:15.000000,0.000000e+00,1.663795e+07,1.180841e+02,7.336257e+06,1.730961e+02,3.317049e+06,,0.000000e+00,0.000000e+00
2013-12-12 00:56:16.000000,0.000000e+00,1.663795e+07,1.180840e+02,7.335883e+06,1.730961e+02,3.317071e+06,,0.000000e+00,0.000000e+00
2013-12-12 00:56:17.000000,0.000000e+00,1.663795e+07,1.180840e+02,7.335509e+06,1.730961e+02,3.317092e+06,,0.000000e+00,0.000000e+00
2013-12-12 00:56:18.000000,0.000000e+00,1.663795e+07,1.180839e+02,7.335136e+06,1.730961e+02,3.317113e+06,,0.000000e+00,0.000000e+00
2013-12-12 00:56:19.000000,0.000000e+00,1.663795e+07,1.180838e+02,7.334762e+06,1.730961e+02,3.317135e+06,,0.000000e+00,0.000000e+00
2013-12-12 00:56:20.000000,0.000000e+00,1.663795e+07,1.180837e+02,7.334388e+06,1.730961e+02,3.317157e+06,,0.000000e+00,0.000000e+00
2013-12-12 00:56:21.000000,0.000000e+00,1.663795e+07,1.180837e+02,7.334014e+06,1.730961e+02,3.317178e+06,,0.000000e+00,0.000000e+00
2013-12-12 00:56:22.000000,0.000000e+00,1.663795e+07,1.180836e+02,7.333641e+06,1.730961e+02,3.317200e+06,,0.000000e+00,0.000000e+00
2013-12-12 00:56:23.000000,0.000000e+00,1.663795e+07,1.180835e+02,7.333267e+06,1.730961e+02,3.317221e+06,,0.000000e+00,0.000000e+00
2013-12-12 00:56:24.000000,0.000000e+00,1.663795e+07,1.180835e+02,7.332893e+06,1.730961e+02,3.317243e+06,,0.000000e+00,0.000000e+00
2013-12-12 00:56:25.000000,0.000000e+00,1.663795e+07,1.180834e+02,7.332520e+06,1.730961e+02,3.317264e+06,,0.000000e+00,0.000000e+00
2013-12-12 00:56:26.000000,0.000000e+00,1.663795e+07,1.180833e+02,7.332146e+06,1.730961e+02,3.317286e+06,,0.000000e+00,0.000000e+00
2013-12-12 00:56:27.000000,0.000000e+00,1.663795e+07,1.180832e+02,7.331772e+06,1.730961e+02,3.317307e+06,,0.000000e+00,0.000000e+00
2013-12-12 00:56:28.000000,0.000000e+00,1.663795e+07,1.180832e+02,7.331398e+06,1.730961e+02,3.317329e+06,,0.000000e+00,0.000000e+00
2013-12-12 00:56:29.000000,0.000000e+00,1.663795e+07,1.180831e+02,7.331025e+06,1.730961e+02,3.317350e+06,,0.000000e+00,0.000000e+00
2013-12-12 00:56:30.000000,0.000000e+00,1.663795e+07,1.180830e+02,7.330651e+06,1.730961e+02,3.317372e+06,,0.000000e+00,0.000000e+00
2013-12-12 00:56:31.000000,0.000000e+00,1.663795e+07,1.180829e+02,7.330277e+06,1.730961e+02,3.317393e+06,,0.000000e+00,0.000000e+00
2013-12-12 00:56:32.000000,0.000000e+00,1.663795e+07,1.180829e+02,7.329903e+06,1.730961e+02,3.317415e+06,,0.000000e+00,0.000000e+00
2013-12-12 00:56:33.000000,0.000000e+00,1.663795e+07,1.180828e+02,7.329530e+06,1.730961e+02,3.317436e+06,,0.000000e+00,0.000000e+00
2013-12-12 00:56:34.000000,0.000000e+00,1.663795e+07,1.180827e+02,7.329156e+06,1.730961e+02,3.317458e+06,,0.000000e+00,0.000000e+00
2013-12-12 00:56:35.000000,0.000000e+00,1.663795e+07,1.180834e+02,7.328782e+06,1.730961e+02,3.317479e+06,,0.000000e+00,0.000000e+00
2013-12-12 00:56:36.000000,0.000000e+00,1.663795e+07,1.180840e+02,7.328408e+06,1.730961e+02,3.317501e+06,,0.000000e+00,0.000000e+00
2013-12-12 00:56:37.000000,0.000000e+00,1.663795e+07,1.180847e+02,7.328035e+06,1.730961e+02,3.317522e+06,,0.000000e+00,0.000000e+00
2013-12-12 00:56:38.000000,0.000000e+00,1.663795e+07,1.180853e+02,7.327661e+06,1.730961e+02,3.317544e+06,,0.000000e+00,0.000000e+00
2013-12-12 00:56:39.000000,0.000000e+00,1.663795e+07,1.180860e+02,7.327287e+06,1.730961e+02,3.317565e+06,,0.000000e+00,0.000000e+00
2013-12-12 00:56:40.000000,0.000000e+00,1.663795e+07,1.180866e+02,7.326913e+06,1.730961e+02,3.317587e+06,,0.000000e+00,0.000000e+00
2013-12-12 00:56:41.000000,0.000000e+00,1.663795e+07,1.180873e+02,7.327453e+06,1.730961e+02,3.317608e+06,,0.000000e+00,0.000000e+00
2013-12-12 00:56:42.000000,0.000000e+00,1.663795e+07,1.180879e+02,7.327992e+06,1.730961e+02,3.317630e+06,,0.000000e+00,0.000000e+00
2013-12-12 00:56:43.000000,0.000000e+00,1.663795e+07,1.180886e+02,7.328532e+06,1.730961e+02,3.317651e+06,,0.000000e+00,0.000000e+00
2013-12-12 00:56:44.000000,0.000000e+00,1.663795e+07,1.180892e+02,7.329071e+06,1.730961e+02,3.317673e+06,,0.000000e+00,0.000000e+00
2013-12-12 00:56:45.000000,0.000000e+00,1.663795e+07,1.180899e+02,7.329610e+06,1.730961e+02,3.317694e+06,,0.000000e+00,0.000000e+00
2013-12-12 00:56:46.000000,0.000000e+00,1.663795e+07,1.180905e+02,7.330151e+06,1.730961e+02,3.317716e+06,,0.000000e+00,0.000000e+00
2013-12-12 00:56:47.000000,0.000000e+00,1.663795e+07,1.180912e+02,7.330690e+06,1.730961e+02,3.317737e+06,,0.000000e+00,0.000000e+00
2013-12-12 00:56:48.000000,0.000000e+00,1.663795e+07,1.180918e+02,7.331229e+06,1.730961e+02,3.317759e+06,,0.000000e+00,0.000000e+00
2013-12-12 00:56:49.000000,0.000000e+00,1.663795e+07,1.180925e+02,7.331769e+06,1.730961e+02,3.317780e+06,,0.000000e+00,0.000000e+00
2013-12-12 00:56:50.000000,0.000000e+00,1.663795e+07,1.180931e+02,7.332308e+06,1.730961e+02,3.317802e+06,,0.000000e+00,0.000000e+00
2013-12-12 00:56:51.000000,0.000000e+00,1.663795e+07,1.180938e+02,7.332848e+06,1.730961e+02,3.317823e+06,,0.000000e+00,0.000000e+00
2013-12-12 00:56:52.000000,0.000000e+00,1.663795e+07,1.180944e+02,7.333387e+06,1.730961e+02,3.317845e+06,,0.000000e+00,0.000000e+00
2013-12-12 00:56:53.000000,0.000000e+00,1.663795e+07,1.180951e+02,7.333926e+06,1.730961e+02,3.317867e+06,,0.000000e+00,0.000000e+00
2013-12-12 00:56:54.000000,0.000000e+00,1.663795e+07,1.180957e+02,7.334466e+06,1.730961e+02,3.317888e+06,,0.000000e+00,0.000000e+00
2013-12-12 00:56:55.000000,0.000000e+00,1.663795e+07,1.180964e+02,7.335005e+06,1.730961e+02,3.317909e+06,,0.000000e+00,0.000000e+00
2013-12-12 00:56:56.000000,0.000000e+00,1.663795e+07,1.180970e+02,7.335545e+06,1.730961e+02,3.317931e+06,,0.000000e+00,0.000000e+00
2013-12-12 00:56:57.000000,0.000000e+00,1.663795e+07,1.180977e+02,7.336084e+06,1.730961e+02,3.317952e+06,,0.000000e+00,0.000000e+00
2013-12-12 00:56:58.000000,0.000000e+00,1.663795e+07,1.180984e+02,7.336624e+06,1.730961e+02,3.317974e+06,,0.000000e+00,0.000000e+00
2013-12-12 00:56:59.000000,0.000000e+00,1.663795e+07,1.180990e+02,7.337164e+06,1.730961e+02,3.317995e+06,,0.000000e+00,0.000000e+00
2013-12-12 00:57:00.000000,0.000000e+00,1.663795e+07,1.180997e+02,7.337703e+06,1.730961e+02,3.318017e+06,,0.000000e+00,0.000000e+00
2013-12-12 00:57:01.000000,0.000000e+00,1.663795e+07,1.181003e+02,7.338242e+06,1.730961e+02,3.318039e+06,,0.000000e+00,0.000000e+00
2013-12-12 00:57:02.000000,0.000000e+00,1.663795e+07,1.181010e+02,7.338782e+06,1.730961e+02,3.318060e+06,,0.000000e+00,0.000000e+00
2013-12-12 00:57:03.000000,0.000000e+00,1.663795e+07,1.181016e+02,7.339321e+06,1.730961e+02,3.318081e+06,,0.000000e+00,0.000000e+00
2013-12-12 00:57:04.000000,0.000000e+00,1.663795e+07,1.181023e+02,7.339861e+06,1.730961e+02,3.318103e+06,,0.000000e+00,0.000000e+00
2013-12-12 00:57:05.000000,0.000000e+00,1.663795e+07,1.181029e+02,7.340400e+06,1.730961e+02,3.318124e+06,,0.000000e+00,0.000000e+00
2013-12-12 00:57:06.000000,0.000000e+00,1.663795e+07,1.181036e+02,7.340939e+06,1.730961e+02,3.318146e+06,,0.000000e+00,0.000000e+00
2013-12-12 00:57:07.000000,0.000000e+00,1.663795e+07,1.181042e+02,7.341479e+06,1.730961e+02,3.318167e+06,,0.000000e+00,0.000000e+00
2013-12-12 00:57:08.000000,0.000000e+00,1.663795e+07,1.181049e+02,7.342018e+06,1.730961e+02,3.318189e+06,,0.000000e+00,0.000000e+00
2013-12-12 00:57:09.000000,0.000000e+00,1.663795e+07,1.181055e+02,7.342558e+06,1.730961e+02,3.318211e+06,,0.000000e+00,0.000000e+00
2013-12-12 00:57:10.000000,0.000000e+00,1.663795e+07,1.181062e+02,7.343098e+06,1.730961e+02,3.318232e+06,,0.000000e+00,0.000000e+00
2013-12-12 00:57:11.000000,0.000000e+00,1.663795e+07,1.181068e+02,7.343637e+06,1.730961e+02,3.318253e+06,,0.000000e+00,0.000000e+00
2013-12-12 00:57:12.000000,0.000000e+00,1.663795e+07,1.181075e+02,7.344176e+06,1.730961e+02,3.318275e+06,,0.000000e+00,0.000000e+00
2013-12-12 00:57:13.000000,0.000000e+00,1.663795e+07,1.181081e+02,7.344716e+06,1.730961e+02,3.318296e+06,,0.000000e+00,0.000000e+00
2013-12-12 00:57:14.000000,0.000000e+00,1.663795e+07,1.181088e+02,7.345255e+06,1.730961e+02,3.318318e+06,,0.000000e+00,0.000000e+00
2013-12-12 00:57:15.000000,0.000000e+00,1.663795e+07,1.181094e+02,7.345795e+06,1.730961e+02,3.318340e+06,,0.000000e+00,0.000000e+00
2013-12-12 00:57:16.000000,0.000000e+00,1.663795e+07,1.181101e+02,7.346334e+06,1.730961e+02,3.318361e+06,,0.000000e+00,0.000000e+00
2013-12-12 00:57:17.000000,0.000000e+00,1.663795e+07,1.181107e+02,7.346873e+06,1.730961e+02,3.318383e+06,,0.000000e+00,0.000000e+00
2013-12-12 00:57:18.000000,0.000000e+00,1.663795e+07,1.181114e+02,7.347413e+06,1.730961e+02,3.318404e+06,,0.000000e+00,0.000000e+00
2013-12-12 00:57:19.000000,0.000000e+00,1.663795e+07,1.181120e+02,7.347952e+06,1.730961e+02,3.318426e+06,,0.000000e+00,0.000000e+00
2013-12-12 00:57:20.000000,0.000000e+00,1.663795e+07,1.181127e+02,7.348492e+06,1.730961e+02,3.318447e+06,,0.000000e+00,0.000000e+00
2013-12-12 00:57:21.000000,0.000000e+00,1.663795e+07,1.181133e+02,7.349031e+06,1.730961e+02,3.318468e+06,,0.000000e+00,0.000000e+00
2013-12-12 00:57:22.000000,0.000000e+00,1.663795e+07,1.181140e+02,7.349571e+06,1.730961e+02,3.318490e+06,,0.000000e+00,0.000000e+00
2013-12-12 00:57:23.000000,0.000000e+00,1.663795e+07,1.181146e+02,7.350111e+06,1.730961e+02,3.318512e+06,,0.000000e+00,0.000000e+00
2013-12-12 00:57:24.000000,0.000000e+00,1.663795e+07,1.181153e+02,7.350650e+06,1.730961e+02,3.318533e+06,,0.000000e+00,0.000000e+00
2013-12-12 00:57:25.000000,0.000000e+00,1.663795e+07,1.181159e+02,7.351189e+06,1.730961e+02,3.318555e+06,,0.000000e+00,0.000000e+00
2013-12-12 00:57:26.000000,0.000000e+00,1.663795e+07,1.181166e+02,7.351729e+06,1.730961e+02,3.318576e+06,,0.000000e+00,0.000000e+00
2013-12-12 00:57:27.000000,0.000000e+00,1.663795e+07,1.181172e+02,7.352268e+06,1.730961e+02,3.318598e+06,,0.000000e+00,0.000000e+00
2013-12-12 00:57:28.000000,0.000000e+00,1.663795e+07,1.181179e+02,7.352808e+06,1.730961e+02,3.318619e+06,,0.000000e+00,0.000000e+00
2013-12-12 00:57:29.000000,0.000000e+00,1.663795e+07,1.181185e+02,7.353347e+06,1.730961e+02,3.318641e+06,,0.000000e+00,0.000000e+00
2013-12-12 00:57:30.000000,0.000000e+00,1.663795e+07,1.181192e+02,7.353886e+06,1.730961e+02,3.318662e+06,,0.000000e+00,0.000000e+00
2013-12-12 00:57:31.000000,0.000000e+00,1.663795e+07,1.181198e+02,7.354426e+06,1.730961e+02,3.318684e+06,,0.000000e+00,0.000000e+00
2013-12-12 00:57:32.000000,0.000000e+00,1.663795e+07,1.181205e+02,7.354965e+06,1.730961e+02,3.318705e+06,,0.000000e+00,0.000000e+00
2013-12-12 00:57:33.000000,0.000000e+00,1.663795e+07,1.181211e+02,7.355505e+06,1.730961e+02,3.318727e+06,,0.000000e+00,0.000000e+00
2013-12-12 00:57:34.000000,0.000000e+00,1.663795e+07,1.181218e+02,7.356045e+06,1.730961e+02,3.318748e+06,,0.000000e+00,0.000000e+00
2013-12-12 00:57:35.000000,0.000000e+00,1.663795e+07,1.181211e+02,7.356584e+06,1.730961e+02,3.318770e+06,,0.000000e+00,0.000000e+00
2013-12-12 00:57:36.000000,0.000000e+00,1.663795e+07,1.181205e+02,7.357124e+06,1.730961e+02,3.318791e+06,,0.000000e+00,0.000000e+00
2013-12-12 00:57:37.000000,0.000000e+00,1.663795e+07,1.181198e+02,7.357663e+06,1.730961e+02,3.318813e+06,,0.000000e+00,0.000000e+00
2013-12-12 00:57:38.000000,0.000000e+00,1.663795e+07,1.181192e+02,7.358202e+06,1.730961e+02,3.318834e+06,,0.000000e+00,0.000000e+00
2013-12-12 00:57:39.000000,0.000000e+00,1.663795e+07,1.181185e+02,7.358742e+06,1.730961e+02,3.318856e+06,,0.000000e+00,0.000000e+00
2013-12-12 00:57:40.000000,0.000000e+00,1.663795e+07,1.181179e+02,7.355452e+06,1.730961e+02,3.318877e+06,,0.000000e+00,0.000000e+00
2013-12-12 00:57:41.000000,0.000000e+00,1.663795e+07,1.181172e+02,7.352161e+06,1.730961e+02,3.318899e+06,,0.000000e+00,0.000000e+00
2013-12-12 00:57:42.000000,0.000000e+00,1.663795e+07,1.181166e+02,7.348872e+06,1.730961e+02,3.318920e+06,,0.000000e+00,0.000000e+00
2013-12-12 00:57:43.000000,0.000000e+00,1.663795e+07,1.181159e+02,7.345581e+06,1.730961e+02,3.318942e+06,,0.000000e+00,0.000000e+00
2013-12-12 00:57:44.000000,0.000000e+00,1.663795e+07,1.181153e+02,7.342291e+06,1.730961e+02,3.318963e+06,,0.000000e+00,0.000000e+00
2013-12-12 00:57:45.000000,0.000000e+00,1.663795e+07,1.181146e+02,7.339001e+06,1.730961e+02,3.318985e+06,,0.000000e+00,0.000000e+00
2013-12-12 00:57:46.000000,0.000000e+00,1.663795e+07,1.181140e+02,7.335711e+06,1.730961e+02,3.319006e+06,,0.000000e+00,0.000000e+00
2013-12-12 00:57:47.000000,0.000000e+00,1.663795e+07,1.181133e+02,7.332420e+06,1.730961e+02,3.319028e+06,,0.000000e+00,0.000000e+00
2013-12-12 00:57:48.000000,0.000000e+00,1.663795e+07,1.181127e+02,7.329131e+06,1.730961e+02,3.319049e+06,,0.000000e+00,0.000000e+00
2013-12-12 00:57:49.000000,0.000000e+00,1.663795e+07,1.181120e+02,7.325840e+06,1.730961e+02,3.319071e+06,,0.000000e+00,0.000000e+00
2013-12-12 00:57:50.000000,0.000000e+00,1.663795e+07,1.181114e+02,7.322550e+06,1.730961e+02,3.319092e+06,,0.000000e+00,0.000000e+00
2013-12-12 00:57:51.000000,0.000000e+00,1.663795e+07,1.181107e+02,7.319260e+06,1.730961e+02,3.319114e+06,,0.000000e+00,0.000000e+00
2013-12-12 00:57:52.000000,0.000000e+00,1.663795e+07,1.181101e+02,7.315970e+06,1.730961e+02,3.319135e+06,,0.000000e+00,0.000000e+00
2013-12-12 00:57:53.000000,0.000000e+00,1.663795e+07,1.181094e+02,7.312680e+06,1.730961e+02,3.319157e+06,,0.000000e+00,0.000000e+00
2013-12-12 00:57:54.000000,0.000000e+00,1.663795e+07,1.181088e+02,7.309389e+06,1.730961e+02,3.319178e+06,,0.000000e+00,0.000000e+00
2013-12-12 00:57:55.000000,0.000000e+00,1.663795e+07,1.181081e+02,7.306100e+06,1.730961e+02,3.319200e+06,,0.000000e+00,0.000000e+00
2013-12-12 00:57:56.000000,0.000000e+00,1.663795e+07,1.181075e+02,7.302809e+06,1.730961e+02,3.319221e+06,,0.000000e+00,0.000000e+00
2013-12-12 00:57:57.000000,0.000000e+00,1.663795e+07,1.181068e+02,7.299519e+06,1.730961e+02,3.319243e+06,,0.000000e+00,0.000000e+00
2013-12-12 00:57:58.000000,0.000000e+00,1.663795e+07,1.181062e+02,7.296229e+06,1.730961e+02,3.319264e+06,,0.000000e+00,0.000000e+00
2013-12-12 00:57:59.000000,0.000000e+00,1.663795e+07,1.181055e+02,7.292939e+06,1.730961e+02,3.319286e+06,,0.000000e+00,0.000000e+00
2013-12-12 00:58:00.000000,0.000000e+00,1.663795e+07,1.181049e+02,7.289649e+06,1.730961e+02,3.319307e+06,,0.000000e+00,0.000000e+00
2013-12-12 00:58:01.000000,0.000000e+00,1.663795e+07,1.181042e+02,7.286359e+06,1.730961e+02,3.319329e+06,,0.000000e+00,0.000000e+00
2013-12-12 00:58:02.000000,0.000000e+00,1.663795e+07,1.181036e+02,7.283069e+06,1.730961e+02,3.319350e+06,,0.000000e+00,0.000000e+00
2013-12-12 00:58:03.000000,0.000000e+00,1.663795e+07,1.181029e+02,7.279778e+06,1.730961e+02,3.319372e+06,,0.000000e+00,0.000000e+00
2013-12-12 00:58:04.000000,0.000000e+00,1.663795e+07,1.181023e+02,7.276488e+06,1.730961e+02,3.319394e+06,,0.000000e+00,0.000000e+00
2013-12-12 00:58:05.000000,0.000000e+00,1.663795e+07,1.181016e+02,7.273198e+06,1.730961e+02,3.319415e+06,,0.000000e+00,0.000000e+00
2013-12-12 00:58:06.000000,0.000000e+00,1.663795e+07,1.181010e+02,7.269908e+06,1.730961e+02,3.319436e+06,,0.000000e+00,0.000000e+00
2013-12-12 00:58:07.000000,0.000000e+00,1.663795e+07,1.181003e+02,7.266618e+06,1.730961e+02,3.319458e+06,,0.000000e+00,0.000000e+00
2013-12-12 00:58:08.000000,0.000000e+00,1.663795e+07,1.180997e+02,7.263328e+06,1.730961e+02,3.319479e+06,,0.000000e+00,0.000000e+00
2013-12-12 00:58:09.000000,0.000000e+00,1.663795e+07,1.180990e+02,7.260037e+06,1.730961e+02,3.319501e+06,,0.000000e+00,0.000000e+00
2013-12-12 00:58:10.000000,0.000000e+00,1.663795e+07,1.180984e+02,7.256747e+06,1.730961e+02,3.319522e+06,,0.000000e+00,0.000000e+00
2013-12-12 00:58:11.000000,0.000000e+00,1.663795e+07,1.180977e+02,7.257538e+06,1.730961e+02,3.319544e+06,,0.000000e+00,0.000000e+00
2013-12-12 00:58:12.000000,0.000000e+00,1.663795e+07,1.180970e+02,7.258328e+06,1.730961e+02,3.319566e+06,,0.000000e+00,0.000000e+00
2013-12-12 00:58:13.000000,0.000000e+00,1.663795e+07,1.180964e+02,7.259118e+06,1.730961e+02,3.319587e+06,,0.000000e+00,0.000000e+00
2013-12-12 00:58:14.000000,0.000000e+00,1.663795e+07,1.180957e+02,7.259908e+06,1.730961e+02,3.319608e+06,,0.000000e+00,0.000000e+00
2013-12-12 00:58:15.000000,0.000000e+00,1.663795e+07,1.180951e+02,7.260699e+06,1.730961e+02,3.319630e+06,,0.000000e+00,0.000000e+00
2013-12-12 00:58:16.000000,0.000000e+00,1.663795e+07,1.180944e+02,7.261489e+06,1.730961e+02,3.319651e+06,,0.000000e+00,0.000000e+00
2013-12-12 00:58:17.000000,0.000000e+00,1.663795e+07,1.180938e+02,7.262279e+06,1.730961e+02,3.319673e+06,,0.000000e+00,0.000000e+00
2013-12-12 00:58:18.000000,0.000000e+00,1.663795e+07,1.180931e+02,7.263069e+06,1.730961e+02,3.319695e+06,,0.000000e+00,0.000000e+00
2013-12-12 00:58:19.000000,0.000000e+00,1.663795e+07,1.180925e+02,7.263860e+06,1.730961e+02,3.319716e+06,,0.000000e+00,0.000000e+00
2013-12-12 00:58:20.000000,0.000000e+00,1.663795e+07,1.180918e+02,7.264650e+06,1.730961e+02,3.319738e+06,,0.000000e+00,0.000000e+00
2013-12-12 00:58:21.000000,0.000000e+00,1.663795e+07,1.180912e+02,7.265440e+06,1.730961e+02,3.319759e+06,,0.000000e+00,0.000000e+00
2013-12-12 00:58:22.000000,0.000000e+00,1.663795e+07,1.180905e+02,7.266230e+06,1.730961e+02,3.319780e+06,,0.000000e+00,0.000000e+00
2013-12-12 00:58:23.000000,0.000000e+00,1.663795e+07,1.180899e+02,7.267020e+06,1.730961e+02,3.319802e+06,,0.000000e+00,0.000000e+00
2013-12-12 00:58:24.000000,0.000000e+00,1.663795e+07,1.180892e+02,7.267811e+06,1.730961e+02,3.319823e+06,,0.000000e+00,0.000000e+00
2013-12-12 00:58:25.000000,0.000000e+00,1.663795e+07,1.180886e+02,7.268600e+06,1.730961e+02,3.319845e+06,,0.000000e+00,0.000000e+00
2013-12-12 00:58:26.000000,0.000000e+00,1.663795e+07,1.180879e+02,7.269391e+06,1.730961e+02,3.319867e+06,,0.000000e+00,0.000000e+00
2013-12-12 00:58:27.000000,0.000000e+00,1.663795e+07,1.180873e+02,7.270181e+06,1.730961e+02,3.319888e+06,,0.000000e+00,0.000000e+00
2013-12-12 00:58:28.000000,0.000000e+00,1.663795e+07,1.180866e+02,7.270972e+06,1.730961e+02,3.319910e+06,,0.000000e+00,0.000000e+00
2013-12-12 00:58:29.000000,0.000000e+00,1.663795e+07,1.180860e+02,7.271762e+06,1.730961e+02,3.319931e+06,,0.000000e+00,0.000000e+00
2013-12-12 00:58:30.000000,0.000000e+00,1.663795e+07,1.180853e+02,7.272552e+06,1.730961e+02,3.319952e+06,,0.000000e+00,0.000000e+00
2013-12-12 00:58:31.000000,0.000000e+00,1.663795e+07,1.180847e+02,7.273342e+06,1.730961e+02,3.319974e+06,,0.000000e+00,0.000000e+00
2013-12-12 00:58:32.000000,0.000000e+00,1.663795e+07,1.180840e+02,7.274133e+06,1.730961e+02,3.319995e+06,,0.000000e+00,0.000000e+00
2013-12-12 00:58:33.000000,0.000000e+00,1.663795e+07,1.180834e+02,7.274923e+06,1.730961e+02,3.320017e+06,,0.000000e+00,0.000000e+00
2013-12-12 00:58:34.000000,0.000000e+00,1.663795e+07,1.180827e+02,7.275713e+06,1.730961e+02,3.320039e+06,,0.000000e+00,0.000000e+00
2013-12-12 00:58:35.000000,0.000000e+00,1.663795e+07,1.180833e+02,7.276503e+06,1.730961e+02,3.320060e+06,,0.000000e+00,0.000000e+00
2013-12-12 00:58:36.000000,0.000000e+00,1.663795e+07,1.180839e+02,7.277293e+06,1.730961e+02,3.320082e+06,,0.000000e+00,0.000000e+00
2013-12-12 00:58:37.000000,0.000000e+00,1.663795e+07,1.180844e+02,7.278084e+06,1.730961e+02,3.320103e+06,,0.000000e+00,0.000000e+00
2013-12-12 00:58:38.000000,0.000000e+00,1.663795e+07,1.180850e+02,7.278873e+06,1.730961e+02,3.320124e+06,,0.000000e+00,0.000000e+00
2013-12-12 00:58:39.000000,0.000000e+00,1.663795e+07,1.180856e+02,7.279664e+06,1.730961e+02,3.320146e+06,,0.000000e+00,0.000000e+00
2013-12-12 00:58:40.000000,0.000000e+00,1.663795e+07,1.180861e+02,7.280454e+06,1.730961e+02,3.320168e+06,,0.000000e+00,0.000000e+00
2013-12-12 00:58:41.000000,0.000000e+00,1.663795e+07,1.180867e+02,7.281245e+06,1.730961e+02,3.320189e+06,,0.000000e+00,0.000000e+00
2013-12-12 00:58:42.000000,0.000000e+00,1.663795e+07,1.180873e+02,7.282034e+06,1.730961e+02,3.320211e+06,,0.000000e+00,0.000000e+00
2013-12-12 00:58:43.000000,0.000000e+00,1.663795e+07,1.180878e+02,7.282825e+06,1.730961e+02,3.320232e+06,,0.000000e+00,0.000000e+00
2013-12-12 00:58:44.000000,0.000000e+00,1.663795e+07,1.180884e+02,7.283615e+06,1.730961e+02,3.320254e+06,,0.000000e+00,0.000000e+00
2013-12-12 00:58:45.000000,0.000000e+00,1.663795e+07,1.180890e+02,7.284406e+06,1.730961e+02,3.320275e+06,,0.000000e+00,0.000000e+00
2013-12-12 00:58:46.000000,0.000000e+00,1.663795e+07,1.180895e+02,7.285196e+06,1.730961e+02,3.320296e+06,,0.000000e+00,0.000000e+00
2013-12-12 00:58:47.000000,0.000000e+00,1.663795e+07,1.180901e+02,7.285986e+06,1.730961e+02,3.320318e+06,,0.000000e+00,0.000000e+00
2013-12-12 00:58:48.000000,0.000000e+00,1.663795e+07,1.180907e+02,7.286776e+06,1.730961e+02,3.320340e+06,,0.000000e+00,0.000000e+00
2013-12-12 00:58:49.000000,0.000000e+00,1.663795e+07,1.180912e+02,7.287566e+06,1.730961e+02,3.320361e+06,,0.000000e+00,0.000000e+00
2013-12-12 00:58:50.000000,0.000000e+00,1.663795e+07,1.180918e+02,7.288357e+06,1.730961e+02,3.320383e+06,,0.000000e+00,0.000000e+00
2013-12-12 00:58:51.000000,0.000000e+00,1.663795e+07,1.180923e+02,7.289146e+06,1.730961e+02,3.320404e+06,,0.000000e+00,0.000000e+00
2013-12-12 00:58:52.000000,0.000000e+00,1.663795e+07,1.180929e+02,7.289937e+06,1.730961e+02,3.320426e+06,,0.000000e+00,0.000000e+00
2013-12-12 00:58:53.000000,0.000000e+00,1.663795e+07,1.180935e+02,7.290727e+06,1.730961e+02,3.320447e+06,,0.000000e+00,0.000000e+00
2013-12-12 00:58:54.000000,0.000000e+00,1.663795e+07,1.180940e+02,7.291518e+06,1.730961e+02,3.320469e+06,,0.000000e+00,0.000000e+00
2013-12-12 00:58:55.000000,0.000000e+00,1.663795e+07,1.180946e+02,7.292307e+06,1.730961e+02,3.320490e+06,,0.000000e+00,0.000000e+00
2013-12-12 00:58:56.000000,0.000000e+00,1.663795e+07,1.180952e+02,7.293098e+06,1.730961e+02,3.320512e+06,,0.000000e+00,0.000000e+00
2013-12-12 00:58:57.000000,0.000000e+00,1.663795e+07,1.180957e+02,7.293888e+06,1.730961e+02,3.320533e+06,,0.000000e+00,0.000000e+00
2013-12-12 00:58:58.000000,0.000000e+00,1.663795e+07,1.180963e+02,7.294678e+06,1.730961e+02,3.320555e+06,,0.000000e+00,0.000000e+00
2013-12-12 00:58:59.000000,0.000000e+00,1.663795e+07,1.180969e+02,7.295468e+06,1.730961e+02,3.320576e+06,,0.000000e+00,0.000000e+00
2013-12-12 00:59:00.000000,0.000000e+00,1.663795e+07,1.180974e+02,7.296259e+06,1.730961e+02,3.320598e+06,,0.000000e+00,0.000000e+00
2013-12-12 00:59:01.000000,0.000000e+00,1.663795e+07,1.180980e+02,7.297049e+06,1.730961e+02,3.320619e+06,,0.000000e+00,0.000000e+00
2013-12-12 00:59:02.000000,0.000000e+00,1.663795e+07,1.180986e+02,7.297839e+06,1.730961e+02,3.320641e+06,,0.000000e+00,0.000000e+00
2013-12-12 00:59:03.000000,0.000000e+00,1.663795e+07,1.180991e+02,7.298630e+06,1.730961e+02,3.320662e+06,,0.000000e+00,0.000000e+00
2013-12-12 00:59:04.000000,0.000000e+00,1.663795e+07,1.180997e+02,7.299419e+06,1.730961e+02,3.320684e+06,,0.000000e+00,0.000000e+00
2013-12-12 00:59:05.000000,0.000000e+00,1.663795e+07,1.181003e+02,7.300210e+06,1.730961e+02,3.320705e+06,,0.000000e+00,0.000000e+00
2013-12-12 00:59:06.000000,0.000000e+00,1.663795e+07,1.181008e+02,7.301000e+06,1.730961e+02,3.320727e+06,,0.000000e+00,0.000000e+00
2013-12-12 00:59:07.000000,0.000000e+00,1.663795e+07,1.181014e+02,7.301791e+06,1.730961e+02,3.320748e+06,,0.000000e+00,0.000000e+00
2013-12-12 00:59:08.000000,0.000000e+00,1.663795e+07,1.181020e+02,7.302580e+06,1.730961e+02,3.320770e+06,,0.000000e+00,0.000000e+00
2013-12-12 00:59:09.000000,0.000000e+00,1.663795e+07,1.181025e+02,7.303371e+06,1.730961e+02,3.320791e+06,,0.000000e+00,0.000000e+00
2013-12-12 00:59:10.000000,0.000000e+00,1.663795e+07,1.181031e+02,7.304161e+06,1.730961e+02,3.320813e+06,,0.000000e+00,0.000000e+00
2013-12-12 00:59:11.000000,0.000000e+00,1.663795e+07,1.181037e+02,7.304951e+06,1.730961e+02,3.320834e+06,,0.000000e+00,0.000000e+00
2013-12-12 00:59:12.000000,0.000000e+00,1.663795e+07,1.181042e+02,7.305741e+06,1.730961e+02,3.320856e+06,,0.000000e+00,0.000000e+00
2013-12-12 00:59:13.000000,0.000000e+00,1.663795e+07,1.181048e+02,7.306532e+06,1.730961e+02,3.320877e+06,,0.000000e+00,0.000000e+00
2013-12-12 00:59:14.000000,0.000000e+00,1.663795e+07,1.181054e+02,7.307322e+06,1.730961e+02,3.320899e+06,,0.000000e+00,0.000000e+00
2013-12-12 00:59:15.000000,0.000000e+00,1.663795e+07,1.181059e+02,7.308112e+06,1.730961e+02,3.320920e+06,,0.000000e+00,0.000000e+00
2013-12-12 00:59:16.000000,0.000000e+00,1.663795e+07,1.181065e+02,7.308902e+06,1.730961e+02,3.320942e+06,,0.000000e+00,0.000000e+00
2013-12-12 00:59:17.000000,0.000000e+00,1.663795e+07,1.181071e+02,7.309692e+06,1.730961e+02,3.320963e+06,,0.000000e+00,0.000000e+00
2013-12-12 00:59:18.000000,0.000000e+00,1.663795e+07,1.181076e+02,7.310483e+06,1.730961e+02,3.320985e+06,,0.000000e+00,0.000000e+00
2013-12-12 00:59:19.000000,0.000000e+00,1.663795e+07,1.181082e+02,7.311273e+06,1.730961e+02,3.321006e+06,,0.000000e+00,0.000000e+00
2013-12-12 00:59:20.000000,0.000000e+00,1.663795e+07,1.181088e+02,7.312064e+06,1.730961e+02,3.321028e+06,,0.000000e+00,0.000000e+00
2013-12-12 00:59:21.000000,0.000000e+00,1.663795e+07,1.181093e+02,7.312853e+06,1.730961e+02,3.321049e+06,,0.000000e+00,0.000000e+00
2013-12-12 00:59:22.000000,0.000000e+00,1.663795e+07,1.181099e+02,7.313644e+06,1.730961e+02,3.321071e+06,,0.000000e+00,0.000000e+00
2013-12-12 00:59:23.000000,0.000000e+00,1.663795e+07,1.181105e+02,7.314434e+06,1.730961e+02,3.321092e+06,,0.000000e+00,0.000000e+00
2013-12-12 00:59:24.000000,0.000000e+00,1.663795e+07,1.181110e+02,7.315224e+06,1.730961e+02,3.321114e+06,,0.000000e+00,0.000000e+00
2013-12-12 00:59:25.000000,0.000000e+00,1.663795e+07,1.181116e+02,7.316014e+06,1.730961e+02,3.321135e+06,,0.000000e+00,0.000000e+00
2013-12-12 00:59:26.000000,0.000000e+00,1.663795e+07,1.181122e+02,7.316805e+06,1.730961e+02,3.321157e+06,,0.000000e+00,0.000000e+00
2013-12-12 00:59:27.000000,0.000000e+00,1.663795e+07,1.181127e+02,7.317595e+06,1.730961e+02,3.321178e+06,,0.000000e+00,0.000000e+00
2013-12-12 00:59:28.000000,0.000000e+00,1.663795e+07,1.181133e+02,7.318385e+06,1.730961e+02,3.321200e+06,,0.000000e+00,0.000000e+00
2013-12-12 00:59:29.000000,0.000000e+00,1.663795e+07,1.181139e+02,7.319175e+06,1.730961e+02,3.321222e+06,,0.000000e+00,0.000000e+00
2013-12-12 00:59:30.000000,0.000000e+00,1.663795e+07,1.181144e+02,7.319965e+06,1.730961e+02,3.321243e+06,,0.000000e+00,0.000000e+00
2013-12-12 00:59:31.000000,0.000000e+00,1.663795e+07,1.181150e+02,7.320756e+06,1.730961e+02,3.321264e+06,,0.000000e+00,0.000000e+00
2013-12-12 00:59:32.000000,0.000000e+00,1.663795e+07,1.181156e+02,7.321546e+06,1.730961e+02,3.321286e+06,,0.000000e+00,0.000000e+00
2013-12-12 00:59:33.000000,0.000000e+00,1.663795e+07,1.181161e+02,7.322336e+06,1.730961e+02,3.321307e+06,,0.000000e+00,0.000000e+00
2013-12-12 00:59:34.000000,0.000000e+00,1.663795e+07,1.181167e+02,7.323126e+06,1.730961e+02,3.321329e+06,,0.000000e+00,0.000000e+00
2013-12-12 00:59:35.000000,0.000000e+00,1.663795e+07,1.181173e+02,7.323917e+06,1.730961e+02,3.321350e+06,,0.000000e+00,0.000000e+00
2013-12-12 00:59:36.000000,0.000000e+00,1.663795e+07,1.181178e+02,7.324707e+06,1.730961e+02,3.321372e+06,,0.000000e+00,0.000000e+00
2013-12-12 00:59:37.000000,0.000000e+00,1.663795e+07,1.181184e+02,7.325497e+06,1.730961e+02,3.321394e+06,,0.000000e+00,0.000000e+00
2013-12-12 00:59:38.000000,0.000000e+00,1.663795e+07,1.181190e+02,7.326287e+06,1.730961e+02,3.321415e+06,,0.000000e+00,0.000000e+00
2013-12-12 00:59:39.000000,0.000000e+00,1.663795e+07,1.181195e+02,7.327077e+06,1.730961e+02,3.321437e+06,,0.000000e+00,0.000000e+00
2013-12-12 00:59:40.000000,0.000000e+00,1.663795e+07,1.181201e+02,7.327868e+06,1.730961e+02,3.321458e+06,,0.000000e+00,0.000000e+00
2013-12-12 00:59:41.000000,0.000000e+00,1.663795e+07,1.181207e+02,7.328658e+06,1.730961e+02,3.321479e+06,,0.000000e+00,0.000000e+00
2013-12-12 00:59:42.000000,0.000000e+00,1.663795e+07,1.181212e+02,7.329448e+06,1.730961e+02,3.321501e+06,,0.000000e+00,0.000000e+00
2013-12-12 00:59:43.000000,0.000000e+00,1.663795e+07,1.181218e+02,7.330238e+06,1.730961e+02,3.321523e+06,,0.000000e+00,0.000000e+00
2013-12-12 00:59:44.000000,0.000000e+00,1.663795e+07,1.181218e+02,7.331029e+06,1.730961e+02,3.321544e+06,,0.000000e+00,0.000000e+00
2013-12-12 00:59:45.000000,0.000000e+00,1.663795e+07,1.181218e+02,7.331819e+06,1.730961e+02,3.321566e+06,,0.000000e+00,0.000000e+00
2013-12-12 00:59:46.000000,0.000000e+00,1.663795e+07,1.181218e+02,7.332609e+06,1.730961e+02,3.321587e+06,,0.000000e+00,0.000000e+00
2013-12-12 00:59:47.000000,0.000000e+00,1.663795e+07,1.181218e+02,7.333399e+06,1.730961e+02,3.321609e+06,,0.000000e+00,0.000000e+00
2013-12-12 00:59:48.000000,0.000000e+00,1.663795e+07,1.181218e+02,7.334190e+06,1.730961e+02,3.321630e+06,,0.000000e+00,0.000000e+00
2013-12-12 00:59:49.000000,0.000000e+00,1.663795e+07,1.181218e+02,7.334980e+06,1.730961e+02,3.321651e+06,,0.000000e+00,0.000000e+00
2013-12-12 00:59:50.000000,0.000000e+00,1.663795e+07,1.181218e+02,7.335770e+06,1.730961e+02,3.321673e+06,,0.000000e+00,0.000000e+00
2013-12-12 00:59:51.000000,0.000000e+00,1.663795e+07,1.181218e+02,7.336560e+06,1.730961e+02,3.321695e+06,,0.000000e+00,0.000000e+00
2013-12-12 00:59:52.000000,0.000000e+00,1.663795e+07,1.181218e+02,7.337350e+06,1.730961e+02,3.321716e+06,,0.000000e+00,0.000000e+00
2013-12-12 00:59:53.000000,0.000000e+00,1.663795e+07,1.181218e+02,7.338141e+06,1.730961e+02,3.321738e+06,,0.000000e+00,0.000000e+00
2013-12-12 00:59:54.000000,0.000000e+00,1.663795e+07,1.181218e+02,7.338931e+06,1.730961e+02,3.321759e+06,,0.000000e+00,0.000000e+00
2013-12-12 00:59:55.000000,0.000000e+00,1.663795e+07,1.181218e+02,7.339721e+06,1.730961e+02,3.321781e+06,,0.000000e+00,0.000000e+00
2013-12-12 00:59:56.000000,0.000000e+00,1.663795e+07,1.181218e+02,7.340511e+06,1.730961e+02,3.321802e+06,,0.000000e+00,0.000000e+00
2013-12-12 00:59:57.000000,0.000000e+00,1.663795e+07,1.181218e+02,7.341302e+06,1.730961e+02,3.321824e+06,,0.000000e+00,0.000000e+00
2013-12-12 00:59:58.000000,0.000000e+00,1.663795e+07,1.181218e+02,7.342092e+06,1.730961e+02,3.321845e+06,,0.000000e+00,0.000000e+00
2013-12-12 00:59:59.000000,0.000000e+00,1.663795e+07,1.181218e+02,7.342882e+06,1.730961e+02,3.321867e+06,,0.000000e+00,0.000000e+00
2013-12-12 01:00:00.000000,0.000000e+00,1.663795e+07,1.181218e+02,7.343672e+06,1.730961e+02,3.321888e+06,,0.000000e+00,0.000000e+00
