timestamp,P-PDG,P-TPT,T-TPT,P-MON-CKP,T-JUS-CKP,P-JUS-CKGL,T-JUS-CKGL,QGL,class
2018-04-26 07:55:04.000000,2.683950e+07,1.878469e+07,1.241710e+02,1.430657e+06,8.893487e+01,,,,0
2018-04-26 07:55:05.000000,2.683950e+07,1.878454e+07,1.241709e+02,1.430657e+06,8.893486e+01,,,,0
2018-04-26 07:55:06.000000,2.683948e+07,1.878406e+07,1.241704e+02,1.430657e+06,8.893485e+01,,,,0
2018-04-26 07:55:07.000000,2.683948e+07,1.878359e+07,1.241701e+02,1.430657e+06,8.893484e+01,,,,0
2018-04-26 07:55:08.000000,2.683948e+07,1.878357e+07,1.241701e+02,1.430657e+06,8.893483e+01,,,,0
2018-04-26 07:55:09.000000,2.683950e+07,1.878340e+07,1.241701e+02,1.430657e+06,8.893482e+01,,,,0
2018-04-26 07:55:10.000000,2.683950e+07,1.878328e+07,1.241700e+02,1.430657e+06,8.893481e+01,,,,0
2018-04-26 07:55:11.000000,2.683948e+07,1.878451e+07,1.241708e+02,1.430657e+06,8.893480e+01,,,,0
2018-04-26 07:55:12.000000,2.683948e+07,1.878440e+07,1.241707e+02,1.430657e+06,8.893479e+01,,,,0
2018-04-26 07:55:13.000000,2.683948e+07,1.878423e+07,1.241707e+02,1.430657e+06,8.893479e+01,,,,0
2018-04-26 07:55:14.000000,2.683950e+07,1.878461e+07,1.241710e+02,1.430657e+06,8.893478e+01,,,,0
2018-04-26 07:55:15.000000,2.683950e+07,1.878456e+07,1.241709e+02,1.430657e+06,8.893477e+01,,,,0
2018-04-26 07:55:16.000000,2.683950e+07,1.878452e+07,1.241710e+02,1.430657e+06,8.893476e+01,,,,0
2018-04-26 07:55:17.000000,2.683948e+07,1.878366e+07,1.241702e+02,1.430657e+06,8.893475e+01,,,,0
2018-04-26 07:55:18.000000,2.683948e+07,1.878354e+07,1.241702e+02,1.430657e+06,8.893474e+01,,,,0
2018-04-26 07:55:19.000000,2.683948e+07,1.878422e+07,1.241705e+02,1.430657e+06,8.893473e+01,,,,0
2018-04-26 07:55:20.000000,2.683950e+07,1.878335e+07,1.241700e+02,1.430657e+06,8.893472e+01,,,,0
2018-04-26 07:55:21.000000,2.683950e+07,1.878378e+07,1.241703e+02,1.430657e+06,8.893472e+01,,,,0
2018-04-26 07:55:22.000000,2.683950e+07,1.878375e+07,1.241702e+02,1.430657e+06,8.893471e+01,,,,0
2018-04-26 07:55:23.000000,2.683948e+07,1.878421e+07,1.241706e+02,1.430657e+06,8.893470e+01,,,,0
2018-04-26 07:55:24.000000,2.683948e+07,1.878485e+07,1.241709e+02,1.430657e+06,8.893469e+01,,,,0
2018-04-26 07:55:25.000000,2.683950e+07,1.878458e+07,1.241709e+02,1.430657e+06,8.893468e+01,,,,0
2018-04-26 07:55:26.000000,2.683951e+07,1.878454e+07,1.241709e+02,1.430657e+06,8.893467e+01,,,,0
2018-04-26 07:55:27.000000,2.683951e+07,1.878497e+07,1.241712e+02,1.430657e+06,8.893466e+01,,,,0
2018-04-26 07:55:28.000000,2.683948e+07,1.878370e+07,1.241702e+02,1.430657e+06,8.893465e+01,,,,0
2018-04-26 07:55:29.000000,2.683948e+07,1.878412e+07,1.241704e+02,1.430657e+06,8.893465e+01,,,,0
2018-04-26 07:55:30.000000,2.683948e+07,1.878404e+07,1.241705e+02,1.430657e+06,8.893464e+01,,,,0
2018-04-26 07:55:31.000000,2.683951e+07,1.878335e+07,1.241700e+02,1.430657e+06,8.893463e+01,,,,0
2018-04-26 07:55:32.000000,2.683951e+07,1.878367e+07,1.241702e+02,1.430657e+06,8.893462e+01,,,,0
2018-04-26 07:55:33.000000,2.683951e+07,1.878341e+07,1.241700e+02,1.430657e+06,8.893461e+01,,,,0
2018-04-26 07:55:34.000000,2.683949e+07,1.878416e+07,1.241706e+02,1.430657e+06,8.893460e+01,,,,0
2018-04-26 07:55:35.000000,2.683948e+07,1.878436e+07,1.241708e+02,1.430658e+06,8.893459e+01,,,,0
2018-04-26 07:55:36.000000,2.683949e+07,1.878427e+07,1.241707e+02,1.430658e+06,8.893458e+01,,,,0
2018-04-26 07:55:37.000000,2.683951e+07,1.878508e+07,1.241713e+02,1.430658e+06,8.893458e+01,,,,0
2018-04-26 07:55:38.000000,2.683951e+07,1.878469e+07,1.241709e+02,1.430658e+06,8.893457e+01,,,,0
2018-04-26 07:55:39.000000,2.683948e+07,1.878367e+07,1.241703e+02,1.430658e+06,8.893456e+01,,,,0
2018-04-26 07:55:40.000000,2.683948e+07,1.878421e+07,1.241704e+02,1.430658e+06,8.893455e+01,,,,0
2018-04-26 07:55:41.000000,2.683949e+07,1.878360e+07,1.241702e+02,1.430658e+06,8.893454e+01,,,,0
2018-04-26 07:55:42.000000,2.683951e+07,1.878379e+07,1.241704e+02,1.430658e+06,8.893453e+01,,,,0
2018-04-26 07:55:43.000000,2.683951e+07,1.878375e+07,1.241702e+02,1.430658e+06,8.893452e+01,,,,0
2018-04-26 07:55:44.000000,2.683951e+07,1.878329e+07,1.241699e+02,1.430658e+06,8.893451e+01,,,,0
2018-04-26 07:55:45.000000,2.683949e+07,1.878454e+07,1.241708e+02,1.430658e+06,8.893451e+01,,,,0
2018-04-26 07:55:46.000000,2.683949e+07,1.878441e+07,1.241706e+02,1.430658e+06,8.893450e+01,,,,0
2018-04-26 07:55:47.000000,2.683949e+07,1.878423e+07,1.241707e+02,1.430658e+06,8.893449e+01,,,,0
2018-04-26 07:55:48.000000,2.683951e+07,1.878462e+07,1.241710e+02,1.430658e+06,8.893448e+01,,,,0
2018-04-26 07:55:49.000000,2.683951e+07,1.878456e+07,1.241709e+02,1.430658e+06,8.893447e+01,,,,0
2018-04-26 07:55:50.000000,2.683951e+07,1.878455e+07,1.241709e+02,1.430658e+06,8.893446e+01,,,,0
2018-04-26 07:55:51.000000,2.683949e+07,1.878365e+07,1.241703e+02,1.430658e+06,8.893445e+01,,,,0
2018-04-26 07:55:52.000000,2.683949e+07,1.878355e+07,1.241703e+02,1.430658e+06,8.893444e+01,,,,0
2018-04-26 07:55:53.000000,2.683951e+07,1.878373e+07,1.241702e+02,1.430658e+06,8.893444e+01,,,,0
2018-04-26 07:55:54.000000,2.683951e+07,1.878332e+07,1.241699e+02,1.430658e+06,8.893443e+01,,,,0
2018-04-26 07:55:55.000000,2.683951e+07,1.878325e+07,1.241700e+02,1.430658e+06,8.893442e+01,,,,0
2018-04-26 07:55:56.000000,2.683949e+07,1.878431e+07,1.241705e+02,1.430658e+06,8.893441e+01,,,,0
2018-04-26 07:55:57.000000,2.683949e+07,1.878423e+07,1.241708e+02,1.430658e+06,8.893440e+01,,,,0
2018-04-26 07:55:58.000000,2.683949e+07,1.878483e+07,1.241710e+02,1.430658e+06,8.893439e+01,,,,0
2018-04-26 07:55:59.000000,2.683951e+07,1.878458e+07,1.241709e+02,1.430658e+06,8.893438e+01,,,,0
2018-04-26 07:56:00.000000,2.683951e+07,1.878455e+07,1.241709e+02,1.430658e+06,8.893438e+01,,,,0
2018-04-26 07:56:01.000000,2.683951e+07,1.878520e+07,1.241711e+02,1.430658e+06,8.893437e+01,,,,0
2018-04-26 07:56:02.000000,2.683949e+07,1.878370e+07,1.241702e+02,1.430658e+06,8.893436e+01,,,,0
2018-04-26 07:56:03.000000,2.683949e+07,1.878413e+07,1.241704e+02,1.430658e+06,8.893435e+01,,,,0
2018-04-26 07:56:04.000000,2.683949e+07,1.878405e+07,1.241705e+02,1.430658e+06,8.893434e+01,,,,0
2018-04-26 07:56:05.000000,2.683951e+07,1.878335e+07,1.241700e+02,1.430658e+06,8.893433e+01,,,,0
2018-04-26 07:56:06.000000,2.683951e+07,1.878385e+07,1.241703e+02,1.430658e+06,8.893432e+01,,,,0
2018-04-26 07:56:07.000000,2.683949e+07,1.878423e+07,1.241706e+02,1.430658e+06,8.893432e+01,,,,0
2018-04-26 07:56:08.000000,2.683949e+07,1.878423e+07,1.241707e+02,1.430658e+06,8.893431e+01,,,,0
2018-04-26 07:56:09.000000,2.683949e+07,1.878468e+07,1.241709e+02,1.430658e+06,8.893430e+01,,,,0
2018-04-26 07:56:10.000000,2.683951e+07,1.878456e+07,1.241709e+02,1.430658e+06,8.893429e+01,,,,0
2018-04-26 07:56:11.000000,2.683951e+07,1.878512e+07,1.241713e+02,1.430658e+06,8.893428e+01,,,,0
2018-04-26 07:56:12.000000,2.683951e+07,1.878469e+07,1.241709e+02,1.430658e+06,8.893427e+01,,,,0
2018-04-26 07:56:13.000000,2.683949e+07,1.878365e+07,1.241703e+02,1.430658e+06,8.893426e+01,,,,0
2018-04-26 07:56:14.000000,2.683949e+07,1.878420e+07,1.241705e+02,1.430658e+06,8.893426e+01,,,,0
2018-04-26 07:56:15.000000,2.683949e+07,1.878360e+07,1.241701e+02,1.430658e+06,8.893425e+01,,,,0
2018-04-26 07:56:16.000000,2.683951e+07,1.878380e+07,1.241703e+02,1.430658e+06,8.893424e+01,,,,0
2018-04-26 07:56:17.000000,2.683951e+07,1.878376e+07,1.241702e+02,1.430658e+06,8.893423e+01,,,,0
2018-04-26 07:56:18.000000,2.683949e+07,1.878421e+07,1.241706e+02,1.430658e+06,8.893422e+01,,,,0
2018-04-26 07:56:19.000000,2.683949e+07,1.878468e+07,1.241708e+02,1.430658e+06,8.893421e+01,,,,0
2018-04-26 07:56:20.000000,2.683949e+07,1.878441e+07,1.241707e+02,1.430658e+06,8.893420e+01,,,,0
2018-04-26 07:56:21.000000,2.683952e+07,1.878453e+07,1.241708e+02,1.430658e+06,8.893420e+01,,,,0
2018-04-26 07:56:22.000000,2.683952e+07,1.878466e+07,1.241710e+02,1.430658e+06,8.893419e+01,,,,0
2018-04-26 07:56:23.000000,2.683952e+07,1.878457e+07,1.241709e+02,1.430658e+06,8.893418e+01,,,,0
2018-04-26 07:56:24.000000,2.683949e+07,1.878426e+07,1.241705e+02,1.430658e+06,8.893417e+01,,,,0
2018-04-26 07:56:25.000000,2.683949e+07,1.878373e+07,1.241703e+02,1.430658e+06,8.893416e+01,,,,0
2018-04-26 07:56:26.000000,2.683949e+07,1.878358e+07,1.241702e+02,1.430658e+06,8.893415e+01,,,,0
2018-04-26 07:56:27.000000,2.683952e+07,1.878372e+07,1.241702e+02,1.430658e+06,8.893414e+01,,,,0
2018-04-26 07:56:28.000000,2.683952e+07,1.878331e+07,1.241699e+02,1.430658e+06,8.893414e+01,,,,0
2018-04-26 07:56:29.000000,2.683952e+07,1.878326e+07,1.241700e+02,1.430658e+06,8.893413e+01,,,,0
2018-04-26 07:56:30.000000,2.683949e+07,1.878434e+07,1.241706e+02,1.430658e+06,8.893412e+01,,,,0
2018-04-26 07:56:31.000000,2.683950e+07,1.878429e+07,1.241707e+02,1.430658e+06,8.893411e+01,,,,0
2018-04-26 07:56:32.000000,2.683952e+07,1.878509e+07,1.241712e+02,1.430658e+06,8.893410e+01,,,,0
2018-04-26 07:56:33.000000,2.683952e+07,1.878462e+07,1.241709e+02,1.430658e+06,8.893409e+01,,,,0
2018-04-26 07:56:34.000000,2.683952e+07,1.878456e+07,1.241709e+02,1.430658e+06,8.893409e+01,,,,0
2018-04-26 07:56:35.000000,2.683950e+07,1.878411e+07,1.241705e+02,1.430658e+06,8.893408e+01,,,,0
2018-04-26 07:56:36.000000,2.683950e+07,1.878361e+07,1.241701e+02,1.430658e+06,8.893407e+01,,,,0
2018-04-26 07:56:37.000000,2.683950e+07,1.878359e+07,1.241701e+02,1.430658e+06,8.893406e+01,,,,0
2018-04-26 07:56:38.000000,2.683952e+07,1.878343e+07,1.241701e+02,1.430659e+06,8.893405e+01,,,,0
2018-04-26 07:56:39.000000,2.683952e+07,1.878330e+07,1.241699e+02,1.430659e+06,8.893404e+01,,,,0
2018-04-26 07:56:40.000000,2.683952e+07,1.878390e+07,1.241703e+02,1.430659e+06,8.893404e+01,,,,0
2018-04-26 07:56:41.000000,2.683950e+07,1.878425e+07,1.241707e+02,1.430659e+06,8.893403e+01,,,,0
2018-04-26 07:56:42.000000,2.683950e+07,1.878424e+07,1.241707e+02,1.430659e+06,8.893402e+01,,,,0
2018-04-26 07:56:43.000000,2.683950e+07,1.878470e+07,1.241709e+02,1.430659e+06,8.893401e+01,,,,0
2018-04-26 07:56:44.000000,2.683952e+07,1.878458e+07,1.241709e+02,1.430659e+06,8.893400e+01,,,,0
2018-04-26 07:56:45.000000,2.683952e+07,1.878456e+07,1.241709e+02,1.430659e+06,8.893399e+01,,,,0
2018-04-26 07:56:46.000000,2.683950e+07,1.878370e+07,1.241703e+02,1.430659e+06,8.893398e+01,,,,0
2018-04-26 07:56:47.000000,2.683950e+07,1.878356e+07,1.241703e+02,1.430659e+06,8.893398e+01,,,,0
2018-04-26 07:56:48.000000,2.683950e+07,1.878422e+07,1.241705e+02,1.430659e+06,8.893397e+01,,,,0
2018-04-26 07:56:49.000000,2.683952e+07,1.878339e+07,1.241700e+02,1.430659e+06,8.893396e+01,,,,0
2018-04-26 07:56:50.000000,2.683952e+07,1.878379e+07,1.241703e+02,1.430659e+06,8.893395e+01,,,,0
2018-04-26 07:56:51.000000,2.683952e+07,1.878381e+07,1.241701e+02,1.430659e+06,8.893394e+01,,,,0
2018-04-26 07:56:52.000000,2.683950e+07,1.878420e+07,1.241707e+02,1.430659e+06,8.893393e+01,,,,0
2018-04-26 07:56:53.000000,2.683950e+07,1.878465e+07,1.241709e+02,1.430659e+06,8.893393e+01,,,,0
2018-04-26 07:56:54.000000,2.683950e+07,1.878441e+07,1.241707e+02,1.430659e+06,8.893392e+01,,,,0
2018-04-26 07:56:55.000000,2.683952e+07,1.878454e+07,1.241708e+02,1.430659e+06,8.893391e+01,,,,0
2018-04-26 07:56:56.000000,2.683952e+07,1.878498e+07,1.241711e+02,1.430659e+06,8.893390e+01,,,,0
2018-04-26 07:56:57.000000,2.683952e+07,1.878457e+07,1.241708e+02,1.430659e+06,8.893389e+01,,,,0
2018-04-26 07:56:58.000000,2.683950e+07,1.878426e+07,1.241704e+02,1.430659e+06,8.893388e+01,,,,0
2018-04-26 07:56:59.000000,2.683950e+07,1.878373e+07,1.241702e+02,1.430659e+06,8.893388e+01,,,,0
2018-04-26 07:57:00.000000,2.683952e+07,1.878334e+07,1.241700e+02,1.430659e+06,8.893387e+01,,,,0
2018-04-26 07:57:01.000000,2.683952e+07,1.878371e+07,1.241702e+02,1.430659e+06,8.893386e+01,,,,0
2018-04-26 07:57:02.000000,2.683952e+07,1.878344e+07,1.241700e+02,1.430659e+06,8.893385e+01,,,,0
2018-04-26 07:57:03.000000,2.683950e+07,1.878417e+07,1.241706e+02,1.430659e+06,8.893384e+01,,,,0
2018-04-26 07:57:04.000000,2.683950e+07,1.878438e+07,1.241707e+02,1.430659e+06,8.893383e+01,,,,0
2018-04-26 07:57:05.000000,2.683950e+07,1.878429e+07,1.241706e+02,1.430659e+06,8.893383e+01,,,,0
2018-04-26 07:57:06.000000,2.683952e+07,1.878511e+07,1.241712e+02,1.430659e+06,8.893382e+01,,,,0
2018-04-26 07:57:07.000000,2.683952e+07,1.878472e+07,1.241709e+02,1.430659e+06,8.893381e+01,,,,0
2018-04-26 07:57:08.000000,2.683952e+07,1.878457e+07,1.241708e+02,1.430659e+06,8.893380e+01,,,,0
2018-04-26 07:57:09.000000,2.683950e+07,1.878410e+07,1.241704e+02,1.430659e+06,8.893379e+01,,,,0
2018-04-26 07:57:10.000000,2.683950e+07,1.878362e+07,1.241701e+02,1.430659e+06,8.893379e+01,,,,0
2018-04-26 07:57:11.000000,2.683950e+07,1.878360e+07,1.241701e+02,1.430659e+06,8.893378e+01,,,,0
2018-04-26 07:57:12.000000,2.683952e+07,1.878343e+07,1.241700e+02,1.430659e+06,8.893377e+01,,,,0
2018-04-26 07:57:13.000000,2.683952e+07,1.878330e+07,1.241699e+02,1.430659e+06,8.893376e+01,,,,0
2018-04-26 07:57:14.000000,2.683950e+07,1.878457e+07,1.241707e+02,1.430659e+06,8.893375e+01,,,,0
2018-04-26 07:57:15.000000,2.683950e+07,1.878443e+07,1.241707e+02,1.430659e+06,8.893374e+01,,,,0
2018-04-26 07:57:16.000000,2.683950e+07,1.878425e+07,1.241707e+02,1.430659e+06,8.893374e+01,,,,0
2018-04-26 07:57:17.000000,2.683952e+07,1.878464e+07,1.241710e+02,1.430659e+06,8.893373e+01,,,,0
2018-04-26 07:57:18.000000,2.683953e+07,1.878459e+07,1.241709e+02,1.430659e+06,8.893372e+01,,,,0
2018-04-26 07:57:19.000000,2.683953e+07,1.878457e+07,1.241708e+02,1.430659e+06,8.893371e+01,,,,0
2018-04-26 07:57:20.000000,2.683950e+07,1.878369e+07,1.241703e+02,1.430659e+06,8.893370e+01,,,,0
2018-04-26 07:57:21.000000,2.683950e+07,1.878359e+07,1.241702e+02,1.430659e+06,8.893369e+01,,,,0
2018-04-26 07:57:22.000000,2.683950e+07,1.878423e+07,1.241706e+02,1.430659e+06,8.893369e+01,,,,0
2018-04-26 07:57:23.000000,2.683953e+07,1.878337e+07,1.241700e+02,1.430659e+06,8.893368e+01,,,,0
2018-04-26 07:57:24.000000,2.683953e+07,1.878381e+07,1.241703e+02,1.430659e+06,8.893367e+01,,,,0
2018-04-26 07:57:25.000000,2.683953e+07,1.878378e+07,1.241702e+02,1.430659e+06,8.893366e+01,,,,0
2018-04-26 07:57:26.000000,2.683950e+07,1.878424e+07,1.241706e+02,1.430659e+06,8.893365e+01,,,,0
2018-04-26 07:57:27.000000,2.683950e+07,1.878484e+07,1.241710e+02,1.430659e+06,8.893365e+01,,,,0
2018-04-26 07:57:28.000000,2.683953e+07,1.878461e+07,1.241708e+02,1.430659e+06,8.893364e+01,,,,0
2018-04-26 07:57:29.000000,2.683953e+07,1.878458e+07,1.241709e+02,1.430659e+06,8.893363e+01,,,,0
2018-04-26 07:57:30.000000,2.683953e+07,1.878504e+07,1.241710e+02,1.430659e+06,8.893362e+01,,,,0
2018-04-26 07:57:31.000000,2.683951e+07,1.878373e+07,1.241702e+02,1.430659e+06,8.893361e+01,,,,0
2018-04-26 07:57:32.000000,2.683951e+07,1.878415e+07,1.241704e+02,1.430659e+06,8.893360e+01,,,,0
2018-04-26 07:57:33.000000,2.683951e+07,1.878407e+07,1.241704e+02,1.430659e+06,8.893360e+01,,,,0
2018-04-26 07:57:34.000000,2.683953e+07,1.878338e+07,1.241699e+02,1.430659e+06,8.893359e+01,,,,0
2018-04-26 07:57:35.000000,2.683953e+07,1.878373e+07,1.241701e+02,1.430659e+06,8.893358e+01,,,,0
2018-04-26 07:57:36.000000,2.683953e+07,1.878343e+07,1.241701e+02,1.430659e+06,8.893357e+01,,,,0
2018-04-26 07:57:37.000000,2.683951e+07,1.878423e+07,1.241707e+02,1.430659e+06,8.893356e+01,,,,0
2018-04-26 07:57:38.000000,2.683951e+07,1.878440e+07,1.241707e+02,1.430659e+06,8.893356e+01,,,,0
2018-04-26 07:57:39.000000,2.683951e+07,1.878429e+07,1.241706e+02,1.430659e+06,8.893355e+01,,,,0
2018-04-26 07:57:40.000000,2.683953e+07,1.878513e+07,1.241712e+02,1.430659e+06,8.893354e+01,,,,0
2018-04-26 07:57:41.000000,2.683953e+07,1.878471e+07,1.241710e+02,1.430659e+06,8.893353e+01,,,,0
2018-04-26 07:57:42.000000,2.683951e+07,1.878371e+07,1.241703e+02,1.430660e+06,8.893352e+01,,,,0
2018-04-26 07:57:43.000000,2.683951e+07,1.878402e+07,1.241704e+02,1.430660e+06,8.893351e+01,,,,0
2018-04-26 07:57:44.000000,2.683951e+07,1.878362e+07,1.241701e+02,1.430660e+06,8.893351e+01,,,,0
2018-04-26 07:57:45.000000,2.683953e+07,1.878383e+07,1.241703e+02,1.430660e+06,8.893350e+01,,,,0
2018-04-26 07:57:46.000000,2.683953e+07,1.878382e+07,1.241701e+02,1.430660e+06,8.893349e+01,,,,0
2018-04-26 07:57:47.000000,2.683953e+07,1.878328e+07,1.241701e+02,1.430660e+06,8.893348e+01,,,,0
2018-04-26 07:57:48.000000,2.683951e+07,1.878457e+07,1.241708e+02,1.430660e+06,8.893347e+01,,,,0
2018-04-26 07:57:49.000000,2.683951e+07,1.878443e+07,1.241707e+02,1.430660e+06,8.893347e+01,,,,0
2018-04-26 07:57:50.000000,2.683951e+07,1.878429e+07,1.241706e+02,1.430660e+06,8.893346e+01,,,,0
2018-04-26 07:57:51.000000,2.683953e+07,1.878466e+07,1.241709e+02,1.430660e+06,8.893345e+01,,,,0
2018-04-26 07:57:52.000000,2.683953e+07,1.878458e+07,1.241708e+02,1.430660e+06,8.893344e+01,,,,0
2018-04-26 07:57:53.000000,2.683951e+07,1.878431e+07,1.241704e+02,1.430660e+06,8.893343e+01,,,,0
2018-04-26 07:57:54.000000,2.683951e+07,1.878365e+07,1.241702e+02,1.430660e+06,8.893342e+01,,,,0
2018-04-26 07:57:55.000000,2.683951e+07,1.878360e+07,1.241701e+02,1.430660e+06,8.893342e+01,,,,0
2018-04-26 07:57:56.000000,2.683953e+07,1.878376e+07,1.241702e+02,1.430660e+06,8.893341e+01,,,,0
2018-04-26 07:57:57.000000,2.683953e+07,1.878334e+07,1.241699e+02,1.430660e+06,8.893340e+01,,,,0
2018-04-26 07:57:58.000000,2.683953e+07,1.878328e+07,1.241700e+02,1.430660e+06,8.893339e+01,,,,0
2018-04-26 07:57:59.000000,2.683951e+07,1.878430e+07,1.241706e+02,1.430660e+06,8.893338e+01,,,,0
2018-04-26 07:58:00.000000,2.683951e+07,1.878430e+07,1.241706e+02,1.430660e+06,8.893338e+01,,,,0
2018-04-26 07:58:01.000000,2.683951e+07,1.878485e+07,1.241710e+02,1.430660e+06,8.893337e+01,,,,0
2018-04-26 07:58:02.000000,2.683953e+07,1.878460e+07,1.241708e+02,1.430660e+06,8.893336e+01,,,,0
2018-04-26 07:58:03.000000,2.683953e+07,1.878458e+07,1.241708e+02,1.430660e+06,8.893335e+01,,,,0
2018-04-26 07:58:04.000000,2.683953e+07,1.878525e+07,1.241712e+02,1.430660e+06,8.893334e+01,,,,0
2018-04-26 07:58:05.000000,2.683951e+07,1.878373e+07,1.241702e+02,1.430660e+06,8.893334e+01,,,,0
2018-04-26 07:58:06.000000,2.683951e+07,1.878415e+07,1.241704e+02,1.430660e+06,8.893333e+01,,,,0
2018-04-26 07:58:07.000000,2.683953e+07,1.878351e+07,1.241700e+02,1.430660e+06,8.893332e+01,,,,0
2018-04-26 07:58:08.000000,2.683953e+07,1.878332e+07,1.241699e+02,1.430660e+06,8.893331e+01,,,,0
2018-04-26 07:58:09.000000,2.683953e+07,1.878392e+07,1.241702e+02,1.430660e+06,8.893330e+01,,,,0
2018-04-26 07:58:10.000000,2.683951e+07,1.878426e+07,1.241706e+02,1.430660e+06,8.893329e+01,,,,0
2018-04-26 07:58:11.000000,2.683951e+07,1.878426e+07,1.241707e+02,1.430660e+06,8.893329e+01,,,,0
2018-04-26 07:58:12.000000,2.683951e+07,1.878471e+07,1.241709e+02,1.430660e+06,8.893328e+01,,,,0
2018-04-26 07:58:13.000000,2.683953e+07,1.878458e+07,1.241709e+02,1.430660e+06,8.893327e+01,,,,0
2018-04-26 07:58:14.000000,2.683953e+07,1.878517e+07,1.241712e+02,1.430660e+06,8.893326e+01,,,,0
2018-04-26 07:58:15.000000,2.683953e+07,1.878471e+07,1.241710e+02,1.430660e+06,8.893325e+01,,,,0
2018-04-26 07:58:16.000000,2.683951e+07,1.878369e+07,1.241702e+02,1.430660e+06,8.893325e+01,,,,0
2018-04-26 07:58:17.000000,2.683951e+07,1.878422e+07,1.241705e+02,1.430660e+06,8.893324e+01,,,,0
2018-04-26 07:58:18.000000,2.683951e+07,1.878361e+07,1.241701e+02,1.430660e+06,8.893323e+01,,,,0
2018-04-26 07:58:19.000000,2.683953e+07,1.878383e+07,1.241703e+02,1.430660e+06,8.893322e+01,,,,0
2018-04-26 07:58:20.000000,2.683953e+07,1.878379e+07,1.241702e+02,1.430660e+06,8.893321e+01,,,,0
2018-04-26 07:58:21.000000,2.683951e+07,1.878424e+07,1.241706e+02,1.430660e+06,8.893320e+01,,,,0
2018-04-26 07:58:22.000000,2.683951e+07,1.878466e+07,1.241709e+02,1.430660e+06,8.893320e+01,,,,0
2018-04-26 07:58:23.000000,2.683951e+07,1.878443e+07,1.241707e+02,1.430660e+06,8.893319e+01,,,,0
2018-04-26 07:58:24.000000,2.683954e+07,1.878457e+07,1.241708e+02,1.430660e+06,8.893318e+01,,,,0
2018-04-26 07:58:25.000000,2.683954e+07,1.878472e+07,1.241708e+02,1.430660e+06,8.893317e+01,,,,0
2018-04-26 07:58:26.000000,2.683954e+07,1.878459e+07,1.241709e+02,1.430660e+06,8.893316e+01,,,,0
2018-04-26 07:58:27.000000,2.683951e+07,1.878431e+07,1.241704e+02,1.430660e+06,8.893316e+01,,,,0
2018-04-26 07:58:28.000000,2.683951e+07,1.878376e+07,1.241702e+02,1.430660e+06,8.893315e+01,,,,0
2018-04-26 07:58:29.000000,2.683951e+07,1.878360e+07,1.241701e+02,1.430660e+06,8.893314e+01,,,,0
2018-04-26 07:58:30.000000,2.683954e+07,1.878378e+07,1.241701e+02,1.430660e+06,8.893313e+01,,,,0
2018-04-26 07:58:31.000000,2.683954e+07,1.878334e+07,1.241700e+02,1.430660e+06,8.893312e+01,,,,0
2018-04-26 07:58:32.000000,2.683954e+07,1.878332e+07,1.241700e+02,1.430661e+06,8.893312e+01,,,,0
2018-04-26 07:58:33.000000,2.683951e+07,1.878433e+07,1.241706e+02,1.430661e+06,8.893311e+01,,,,0
2018-04-26 07:58:34.000000,2.683951e+07,1.878430e+07,1.241706e+02,1.430661e+06,8.893310e+01,,,,0
2018-04-26 07:58:35.000000,2.683954e+07,1.878514e+07,1.241711e+02,1.430661e+06,8.893309e+01,,,,0
2018-04-26 07:58:36.000000,2.683954e+07,1.878464e+07,1.241709e+02,1.430661e+06,8.893308e+01,,,,0
2018-04-26 07:58:37.000000,2.683954e+07,1.878458e+07,1.241709e+02,1.430661e+06,8.893307e+01,,,,0
2018-04-26 07:58:38.000000,2.683952e+07,1.878412e+07,1.241704e+02,1.430661e+06,8.893307e+01,,,,0
2018-04-26 07:58:39.000000,2.683952e+07,1.878363e+07,1.241701e+02,1.430661e+06,8.893306e+01,,,,0
2018-04-26 07:58:40.000000,2.683952e+07,1.878359e+07,1.241702e+02,1.430661e+06,8.893305e+01,,,,0
2018-04-26 07:58:41.000000,2.683954e+07,1.878345e+07,1.241700e+02,1.430661e+06,8.893304e+01,,,,0
2018-04-26 07:58:42.000000,2.683954e+07,1.878332e+07,1.241699e+02,1.430661e+06,8.893303e+01,,,,0
2018-04-26 07:58:43.000000,2.683954e+07,1.878392e+07,1.241702e+02,1.430661e+06,8.893303e+01,,,,0
2018-04-26 07:58:44.000000,2.683952e+07,1.878427e+07,1.241706e+02,1.430661e+06,8.893302e+01,,,,0
2018-04-26 07:58:45.000000,2.683952e+07,1.878430e+07,1.241706e+02,1.430661e+06,8.893301e+01,,,,0
2018-04-26 07:58:46.000000,2.683952e+07,1.878473e+07,1.241709e+02,1.430661e+06,8.893300e+01,,,,0
2018-04-26 07:58:47.000000,2.683954e+07,1.878460e+07,1.241708e+02,1.430661e+06,8.893299e+01,,,,0
2018-04-26 07:58:48.000000,2.683954e+07,1.878459e+07,1.241708e+02,1.430661e+06,8.893298e+01,,,,0
2018-04-26 07:58:49.000000,2.683952e+07,1.878371e+07,1.241703e+02,1.430661e+06,8.893298e+01,,,,0
2018-04-26 07:58:50.000000,2.683952e+07,1.878361e+07,1.241701e+02,1.430661e+06,8.893297e+01,,,,0
2018-04-26 07:58:51.000000,2.683952e+07,1.878423e+07,1.241705e+02,1.430661e+06,8.893296e+01,,,,0
2018-04-26 07:58:52.000000,2.683954e+07,1.878340e+07,1.241700e+02,1.430661e+06,8.893295e+01,,,,0
2018-04-26 07:58:53.000000,2.683954e+07,1.878381e+07,1.241702e+02,1.430661e+06,8.893294e+01,,,,0
2018-04-26 07:58:54.000000,2.683954e+07,1.878379e+07,1.241702e+02,1.430661e+06,8.893294e+01,,,,0
2018-04-26 07:58:55.000000,2.683952e+07,1.878425e+07,1.241706e+02,1.430661e+06,8.893293e+01,,,,0
2018-04-26 07:58:56.000000,2.683952e+07,1.878468e+07,1.241709e+02,1.430661e+06,8.893292e+01,,,,0
2018-04-26 07:58:57.000000,2.683952e+07,1.878443e+07,1.241706e+02,1.430661e+06,8.893291e+01,,,,0
2018-04-26 07:58:58.000000,2.683954e+07,1.878458e+07,1.241708e+02,1.430661e+06,8.893290e+01,,,,0
2018-04-26 07:58:59.000000,2.683954e+07,1.878504e+07,1.241710e+02,1.430661e+06,8.893289e+01,,,,0
2018-04-26 07:59:00.000000,2.683954e+07,1.878460e+07,1.241709e+02,1.430661e+06,8.893289e+01,,,,0
2018-04-26 07:59:01.000000,2.683952e+07,1.878428e+07,1.241704e+02,1.430661e+06,8.893288e+01,,,,0
2018-04-26 07:59:02.000000,2.683952e+07,1.878375e+07,1.241702e+02,1.430661e+06,8.893287e+01,,,,0
2018-04-26 07:59:03.000000,2.683954e+07,1.878336e+07,1.241699e+02,1.430661e+06,8.893286e+01,,,,0
2018-04-26 07:59:04.000000,2.683954e+07,1.878376e+07,1.241701e+02,1.430661e+06,8.893285e+01,,,,0
2018-04-26 07:59:05.000000,2.683954e+07,1.878333e+07,1.241700e+02,1.430661e+06,8.893285e+01,,,,0
2018-04-26 07:59:06.000000,2.683952e+07,1.878421e+07,1.241705e+02,1.430661e+06,8.893284e+01,,,,0
2018-04-26 07:59:07.000000,2.683952e+07,1.878440e+07,1.241707e+02,1.430661e+06,8.893283e+01,,,,0
2018-04-26 07:59:08.000000,2.683952e+07,1.878431e+07,1.241706e+02,1.430661e+06,8.893282e+01,,,,0
2018-04-26 07:59:09.000000,2.683954e+07,1.878516e+07,1.241711e+02,1.430661e+06,8.893281e+01,,,,0
2018-04-26 07:59:10.000000,2.683954e+07,1.878463e+07,1.241709e+02,1.430661e+06,8.893280e+01,,,,0
2018-04-26 07:59:11.000000,2.683954e+07,1.878459e+07,1.241709e+02,1.430661e+06,8.893280e+01,,,,0
2018-04-26 07:59:12.000000,2.683952e+07,1.878410e+07,1.241704e+02,1.430662e+06,8.893279e+01,,,,0
2018-04-26 07:59:13.000000,2.683952e+07,1.878364e+07,1.241701e+02,1.430662e+06,8.893278e+01,,,,0
2018-04-26 07:59:14.000000,2.683952e+07,1.878360e+07,1.241702e+02,1.430662e+06,8.893277e+01,,,,0
2018-04-26 07:59:15.000000,2.683954e+07,1.878349e+07,1.241699e+02,1.430662e+06,8.893276e+01,,,,0
2018-04-26 07:59:16.000000,2.683954e+07,1.878333e+07,1.241700e+02,1.430662e+06,8.893275e+01,,,,0
2018-04-26 07:59:17.000000,2.683952e+07,1.878462e+07,1.241707e+02,1.430662e+06,8.893275e+01,,,,0
2018-04-26 07:59:18.000000,2.683952e+07,1.878434e+07,1.241706e+02,1.430662e+06,8.893274e+01,,,,0
2018-04-26 07:59:19.000000,2.683952e+07,1.878431e+07,1.241706e+02,1.430662e+06,8.893273e+01,,,,0
2018-04-26 07:59:20.000000,2.683954e+07,1.878471e+07,1.241708e+02,1.430662e+06,8.893272e+01,,,,0
2018-04-26 07:59:21.000000,2.683954e+07,1.878461e+07,1.241708e+02,1.430662e+06,8.893271e+01,,,,0
2018-04-26 07:59:22.000000,2.683954e+07,1.878459e+07,1.241708e+02,1.430662e+06,8.893270e+01,,,,0
2018-04-26 07:59:23.000000,2.683952e+07,1.878371e+07,1.241702e+02,1.430662e+06,8.893270e+01,,,,0
2018-04-26 07:59:24.000000,2.683952e+07,1.878361e+07,1.241701e+02,1.430662e+06,8.893269e+01,,,,0
2018-04-26 07:59:25.000000,2.683952e+07,1.878428e+07,1.241704e+02,1.430662e+06,8.893268e+01,,,,0
2018-04-26 07:59:26.000000,2.683954e+07,1.878339e+07,1.241700e+02,1.430662e+06,8.893267e+01,,,,0
2018-04-26 07:59:27.000000,2.683954e+07,1.878386e+07,1.241702e+02,1.430662e+06,8.893266e+01,,,,0
2018-04-26 07:59:28.000000,2.683954e+07,1.878379e+07,1.241702e+02,1.430662e+06,8.893265e+01,,,,0
2018-04-26 07:59:29.000000,2.683952e+07,1.878426e+07,1.241706e+02,1.430662e+06,8.893265e+01,,,,0
2018-04-26 07:59:30.000000,2.683952e+07,1.878486e+07,1.241710e+02,1.430662e+06,8.893264e+01,,,,0
2018-04-26 07:59:31.000000,2.683954e+07,1.878466e+07,1.241708e+02,1.430662e+06,8.893263e+01,,,,0
2018-04-26 07:59:32.000000,2.683954e+07,1.878458e+07,1.241709e+02,1.430662e+06,8.893262e+01,,,,0
2018-04-26 07:59:33.000000,2.683955e+07,1.878502e+07,1.241711e+02,1.430662e+06,8.893261e+01,,,,0
2018-04-26 07:59:34.000000,2.683952e+07,1.878374e+07,1.241701e+02,1.430662e+06,8.893260e+01,,,,0
2018-04-26 07:59:35.000000,2.683952e+07,1.878415e+07,1.241705e+02,1.430662e+06,8.893260e+01,,,,0
2018-04-26 07:59:36.000000,2.683952e+07,1.878410e+07,1.241703e+02,1.430662e+06,8.893259e+01,,,,0
2018-04-26 07:59:37.000000,2.683954e+07,1.878340e+07,1.241699e+02,1.430662e+06,8.893258e+01,,,,0
2018-04-26 07:59:38.000000,2.683955e+07,1.878376e+07,1.241701e+02,1.430662e+06,8.893257e+01,,,,0
2018-04-26 07:59:39.000000,2.683955e+07,1.878345e+07,1.241700e+02,1.430662e+06,8.893256e+01,,,,0
2018-04-26 07:59:40.000000,2.683952e+07,1.878425e+07,1.241706e+02,1.430662e+06,8.893255e+01,,,,0
2018-04-26 07:59:41.000000,2.683952e+07,1.878442e+07,1.241707e+02,1.430662e+06,8.893255e+01,,,,0
2018-04-26 07:59:42.000000,2.683955e+07,1.878457e+07,1.241708e+02,1.430662e+06,8.893254e+01,,,,0
2018-04-26 07:59:43.000000,2.683955e+07,1.878518e+07,1.241711e+02,1.430662e+06,8.893253e+01,,,,0
2018-04-26 07:59:44.000000,2.683955e+07,1.878473e+07,1.241709e+02,1.430662e+06,8.893252e+01,,,,0
2018-04-26 07:59:45.000000,2.683952e+07,1.878373e+07,1.241702e+02,1.430662e+06,8.893251e+01,,,,0
2018-04-26 07:59:46.000000,2.683952e+07,1.878404e+07,1.241704e+02,1.430662e+06,8.893250e+01,,,,0
2018-04-26 07:59:47.000000,2.683952e+07,1.878364e+07,1.241700e+02,1.430663e+06,8.893249e+01,,,,0
2018-04-26 07:59:48.000000,2.683955e+07,1.878385e+07,1.241702e+02,1.430663e+06,8.893249e+01,,,,0
2018-04-26 07:59:49.000000,2.683955e+07,1.878380e+07,1.241701e+02,1.430663e+06,8.893248e+01,,,,0
2018-04-26 07:59:50.000000,2.683955e+07,1.878333e+07,1.241699e+02,1.430663e+06,8.893247e+01,,,,0
2018-04-26 07:59:51.000000,2.683952e+07,1.878459e+07,1.241708e+02,1.430663e+06,8.893246e+01,,,,0
2018-04-26 07:59:52.000000,2.683952e+07,1.878445e+07,1.241706e+02,1.430663e+06,8.893245e+01,,,,0
2018-04-26 07:59:53.000000,2.683953e+07,1.878432e+07,1.241705e+02,1.430663e+06,8.893244e+01,,,,0
2018-04-26 07:59:54.000000,2.683955e+07,1.878472e+07,1.241708e+02,1.430663e+06,8.893244e+01,,,,0
2018-04-26 07:59:55.000000,2.683955e+07,1.878461e+07,1.241708e+02,1.430663e+06,8.893243e+01,,,,0
2018-04-26 07:59:56.000000,2.683953e+07,1.878431e+07,1.241705e+02,1.430663e+06,8.893242e+01,,,,0
2018-04-26 07:59:57.000000,2.683953e+07,1.878368e+07,1.241701e+02,1.430663e+06,8.893241e+01,,,,0
2018-04-26 07:59:58.000000,2.683953e+07,1.878362e+07,1.241700e+02,1.430663e+06,8.893240e+01,,,,0
2018-04-26 07:59:59.000000,2.683955e+07,1.878382e+07,1.241701e+02,1.430663e+06,8.893239e+01,,,,0
2018-04-26 08:00:00.000000,2.683955e+07,1.878336e+07,1.241700e+02,1.430663e+06,8.893238e+01,,,,0
2018-04-26 08:00:01.000000,2.683955e+07,1.878333e+07,1.241699e+02,1.430663e+06,8.893238e+01,,,,0
2018-04-26 08:00:02.000000,2.683953e+07,1.878433e+07,1.241706e+02,1.430663e+06,8.893237e+01,,,,0
2018-04-26 08:00:03.000000,2.683953e+07,1.878431e+07,1.241705e+02,1.430663e+06,8.893236e+01,,,,0
2018-04-26 08:00:04.000000,2.683953e+07,1.878488e+07,1.241709e+02,1.430663e+06,8.893235e+01,,,,0
2018-04-26 08:00:05.000000,2.683955e+07,1.878466e+07,1.241708e+02,1.430663e+06,8.893234e+01,,,,0
2018-04-26 08:00:06.000000,2.683955e+07,1.878459e+07,1.241708e+02,1.430663e+06,8.893233e+01,,,,0
2018-04-26 08:00:07.000000,2.683955e+07,1.878525e+07,1.241712e+02,1.430663e+06,8.893232e+01,,,,0
2018-04-26 08:00:08.000000,2.683953e+07,1.878374e+07,1.241701e+02,1.430663e+06,8.893232e+01,,,,0
2018-04-26 08:00:09.000000,2.683953e+07,1.878417e+07,1.241704e+02,1.430663e+06,8.893231e+01,,,,0
2018-04-26 08:00:10.000000,2.683955e+07,1.878354e+07,1.241700e+02,1.430663e+06,8.893230e+01,,,,0
2018-04-26 08:00:11.000000,2.683955e+07,1.878334e+07,1.241699e+02,1.430663e+06,8.893229e+01,,,,0
2018-04-26 08:00:12.000000,2.683955e+07,1.878377e+07,1.241701e+02,1.430663e+06,8.893228e+01,,,,0
2018-04-26 08:00:13.000000,2.683953e+07,1.878426e+07,1.241705e+02,1.430663e+06,8.893227e+01,,,,0
2018-04-26 08:00:14.000000,2.683953e+07,1.878432e+07,1.241706e+02,1.430663e+06,8.893226e+01,,,,0
2018-04-26 08:00:15.000000,2.683953e+07,1.878477e+07,1.241708e+02,1.430663e+06,8.893226e+01,,,,0
2018-04-26 08:00:16.000000,2.683955e+07,1.878461e+07,1.241709e+02,1.430663e+06,8.893225e+01,,,,0
2018-04-26 08:00:17.000000,2.683955e+07,1.878518e+07,1.241711e+02,1.430663e+06,8.893224e+01,,,,0
2018-04-26 08:00:18.000000,2.683955e+07,1.878473e+07,1.241710e+02,1.430663e+06,8.893223e+01,,,,0
2018-04-26 08:00:19.000000,2.683953e+07,1.878371e+07,1.241702e+02,1.430663e+06,8.893222e+01,,,,0
2018-04-26 08:00:20.000000,2.683953e+07,1.878427e+07,1.241704e+02,1.430663e+06,8.893221e+01,,,,0
2018-04-26 08:00:21.000000,2.683953e+07,1.878363e+07,1.241702e+02,1.430663e+06,8.893220e+01,,,,0
2018-04-26 08:00:22.000000,2.683955e+07,1.878388e+07,1.241702e+02,1.430664e+06,8.893219e+01,,,,0
2018-04-26 08:00:23.000000,2.683955e+07,1.878380e+07,1.241702e+02,1.430664e+06,8.893219e+01,,,,0
2018-04-26 08:00:24.000000,2.683953e+07,1.878426e+07,1.241706e+02,1.430664e+06,8.893218e+01,,,,0
2018-04-26 08:00:25.000000,2.683953e+07,1.878468e+07,1.241708e+02,1.430664e+06,8.893217e+01,,,,0
2018-04-26 08:00:26.000000,2.683953e+07,1.878449e+07,1.241706e+02,1.430664e+06,8.893216e+01,,,,0
2018-04-26 08:00:27.000000,2.683955e+07,1.878460e+07,1.241709e+02,1.430664e+06,8.893215e+01,,,,0
2018-04-26 08:00:28.000000,2.683955e+07,1.878474e+07,1.241709e+02,1.430664e+06,8.893214e+01,,,,0
2018-04-26 08:00:29.000000,2.683955e+07,1.878461e+07,1.241709e+02,1.430664e+06,8.893213e+01,,,,0
2018-04-26 08:00:30.000000,2.683953e+07,1.878431e+07,1.241705e+02,1.430664e+06,8.893213e+01,,,,0
2018-04-26 08:00:31.000000,2.683953e+07,1.878378e+07,1.241701e+02,1.430664e+06,8.893212e+01,,,,0
2018-04-26 08:00:32.000000,2.683953e+07,1.878362e+07,1.241700e+02,1.430664e+06,8.893211e+01,,,,0
2018-04-26 08:00:33.000000,2.683955e+07,1.878380e+07,1.241701e+02,1.430664e+06,8.893210e+01,,,,0
2018-04-26 08:00:34.000000,2.683955e+07,1.878336e+07,1.241699e+02,1.430664e+06,8.893209e+01,,,,0
2018-04-26 08:00:35.000000,2.683955e+07,1.878334e+07,1.241699e+02,1.430664e+06,8.893208e+01,,,,0
2018-04-26 08:00:36.000000,2.683953e+07,1.878439e+07,1.241705e+02,1.430664e+06,8.893207e+01,,,,0
2018-04-26 08:00:37.000000,2.683953e+07,1.878432e+07,1.241706e+02,1.430664e+06,8.893206e+01,,,,0
2018-04-26 08:00:38.000000,2.683955e+07,1.878517e+07,1.241711e+02,1.430664e+06,8.893206e+01,,,,0
2018-04-26 08:00:39.000000,2.683955e+07,1.878466e+07,1.241709e+02,1.430664e+06,8.893205e+01,,,,0
2018-04-26 08:00:40.000000,2.683955e+07,1.878460e+07,1.241708e+02,1.430664e+06,8.893204e+01,,,,0
2018-04-26 08:00:41.000000,2.683953e+07,1.878414e+07,1.241704e+02,1.430664e+06,8.893203e+01,,,,0
2018-04-26 08:00:42.000000,2.683953e+07,1.878365e+07,1.241700e+02,1.430664e+06,8.893202e+01,,,,0
2018-04-26 08:00:43.000000,2.683953e+07,1.878361e+07,1.241701e+02,1.430664e+06,8.893201e+01,,,,0
2018-04-26 08:00:44.000000,2.683955e+07,1.878347e+07,1.241699e+02,1.430664e+06,8.893200e+01,,,,0
2018-04-26 08:00:45.000000,2.683955e+07,1.878334e+07,1.241699e+02,1.430664e+06,8.893199e+01,,,,0
2018-04-26 08:00:46.000000,2.683955e+07,1.878394e+07,1.241701e+02,1.430664e+06,8.893199e+01,,,,0
2018-04-26 08:00:47.000000,2.683953e+07,1.878429e+07,1.241706e+02,1.430664e+06,8.893198e+01,,,,0
2018-04-26 08:00:48.000000,2.683953e+07,1.878432e+07,1.241706e+02,1.430664e+06,8.893197e+01,,,,0
2018-04-26 08:00:49.000000,2.683953e+07,1.878479e+07,1.241708e+02,1.430664e+06,8.893196e+01,,,,0
2018-04-26 08:00:50.000000,2.683955e+07,1.878461e+07,1.241709e+02,1.430664e+06,8.893195e+01,,,,0
2018-04-26 08:00:51.000000,2.683955e+07,1.878462e+07,1.241709e+02,1.430664e+06,8.893194e+01,,,,0
2018-04-26 08:00:52.000000,2.683953e+07,1.878373e+07,1.241702e+02,1.430664e+06,8.893193e+01,,,,0
2018-04-26 08:00:53.000000,2.683953e+07,1.878362e+07,1.241700e+02,1.430664e+06,8.893192e+01,,,,0
2018-04-26 08:00:54.000000,2.683953e+07,1.878429e+07,1.241704e+02,1.430664e+06,8.893192e+01,,,,0
2018-04-26 08:00:55.000000,2.683955e+07,1.878342e+07,1.241699e+02,1.430664e+06,8.893191e+01,,,,0
2018-04-26 08:00:56.000000,2.683956e+07,1.878387e+07,1.241702e+02,1.430664e+06,8.893190e+01,,,,0
2018-04-26 08:00:57.000000,2.683955e+07,1.878381e+07,1.241702e+02,1.430664e+06,8.893189e+01,,,,0
2018-04-26 08:00:58.000000,2.683953e+07,1.878428e+07,1.241705e+02,1.430665e+06,8.893188e+01,,,,0
2018-04-26 08:00:59.000000,2.683953e+07,1.878470e+07,1.241708e+02,1.430665e+06,8.893187e+01,,,,0
2018-04-26 08:01:00.000000,2.683953e+07,1.878444e+07,1.241706e+02,1.430665e+06,8.893186e+01,,,,0
2018-04-26 08:01:01.000000,2.683956e+07,1.878461e+07,1.241708e+02,1.430665e+06,8.893185e+01,,,,0
2018-04-26 08:01:02.000000,2.683956e+07,1.878471e+07,1.241709e+02,1.430665e+06,8.893184e+01,,,,0
2018-04-26 08:01:03.000000,2.683956e+07,1.878461e+07,1.241708e+02,1.430665e+06,8.893184e+01,,,,0
2018-04-26 08:01:04.000000,2.683953e+07,1.878428e+07,1.241705e+02,1.430665e+06,8.893183e+01,,,,0
2018-04-26 08:01:05.000000,2.683953e+07,1.878379e+07,1.241702e+02,1.430665e+06,8.893182e+01,,,,0
2018-04-26 08:01:06.000000,2.683956e+07,1.878338e+07,1.241699e+02,1.430665e+06,8.893181e+01,,,,0
2018-04-26 08:01:07.000000,2.683956e+07,1.878379e+07,1.241701e+02,1.430665e+06,8.893180e+01,,,,0
2018-04-26 08:01:08.000000,2.683956e+07,1.878335e+07,1.241699e+02,1.430665e+06,8.893179e+01,,,,0
2018-04-26 08:01:09.000000,2.683953e+07,1.878424e+07,1.241705e+02,1.430665e+06,8.893178e+01,,,,0
2018-04-26 08:01:10.000000,2.683953e+07,1.878446e+07,1.241706e+02,1.430665e+06,8.893177e+01,,,,0
2018-04-26 08:01:11.000000,2.683953e+07,1.878433e+07,1.241706e+02,1.430665e+06,8.893176e+01,,,,0
2018-04-26 08:01:12.000000,2.683956e+07,1.878519e+07,1.241711e+02,1.430665e+06,8.893175e+01,,,,0
2018-04-26 08:01:13.000000,2.683956e+07,1.878465e+07,1.241708e+02,1.430665e+06,8.893175e+01,,,,0
2018-04-26 08:01:14.000000,2.683956e+07,1.878460e+07,1.241708e+02,1.430665e+06,8.893174e+01,,,,0
2018-04-26 08:01:15.000000,2.683954e+07,1.878416e+07,1.241703e+02,1.430665e+06,8.893173e+01,,,,0
2018-04-26 08:01:16.000000,2.683954e+07,1.878366e+07,1.241701e+02,1.430665e+06,8.893172e+01,,,,0
2018-04-26 08:01:17.000000,2.683956e+07,1.878392e+07,1.241702e+02,1.430665e+06,8.893171e+01,,,,0
2018-04-26 08:01:18.000000,2.683956e+07,1.878350e+07,1.241700e+02,1.430665e+06,8.893170e+01,,,,0
2018-04-26 08:01:19.000000,2.683956e+07,1.878333e+07,1.241698e+02,1.430665e+06,8.893169e+01,,,,0
2018-04-26 08:01:20.000000,2.683953e+07,1.878460e+07,1.241707e+02,1.430665e+06,8.893168e+01,,,,0
2018-04-26 08:01:21.000000,2.683953e+07,1.878451e+07,1.241706e+02,1.430665e+06,8.893167e+01,,,,0
2018-04-26 08:01:22.000000,2.683954e+07,1.878433e+07,1.241706e+02,1.430665e+06,8.893167e+01,,,,0
2018-04-26 08:01:23.000000,2.683956e+07,1.878472e+07,1.241709e+02,1.430665e+06,8.893166e+01,,,,0
2018-04-26 08:01:24.000000,2.683956e+07,1.878462e+07,1.241709e+02,1.430665e+06,8.893165e+01,,,,0
2018-04-26 08:01:25.000000,2.683956e+07,1.878462e+07,1.241708e+02,1.430665e+06,8.893164e+01,,,,0
2018-04-26 08:01:26.000000,2.683954e+07,1.878372e+07,1.241702e+02,1.430665e+06,8.893163e+01,,,,0
2018-04-26 08:01:27.000000,2.683953e+07,1.878363e+07,1.241700e+02,1.430665e+06,8.893162e+01,,,,0
2018-04-26 08:01:28.000000,2.683954e+07,1.878431e+07,1.241704e+02,1.430665e+06,8.893161e+01,,,,0
2018-04-26 08:01:29.000000,2.683956e+07,1.878341e+07,1.241699e+02,1.430665e+06,8.893160e+01,,,,0
2018-04-26 08:01:30.000000,2.683956e+07,1.878389e+07,1.241702e+02,1.430665e+06,8.893159e+01,,,,0
2018-04-26 08:01:31.000000,2.683954e+07,1.878443e+07,1.241706e+02,1.430665e+06,8.893158e+01,,,,0
2018-04-26 08:01:32.000000,2.683954e+07,1.878433e+07,1.241706e+02,1.430665e+06,8.893157e+01,,,,0
2018-04-26 08:01:33.000000,2.683954e+07,1.878489e+07,1.241710e+02,1.430665e+06,8.893157e+01,,,,0
2018-04-26 08:01:34.000000,2.683956e+07,1.878464e+07,1.241709e+02,1.430665e+06,8.893156e+01,,,,0
2018-04-26 08:01:35.000000,2.683956e+07,1.878461e+07,1.241708e+02,1.430665e+06,8.893155e+01,,,,0
2018-04-26 08:01:36.000000,2.683956e+07,1.878503e+07,1.241711e+02,1.430665e+06,8.893154e+01,,,,0
2018-04-26 08:01:37.000000,2.683954e+07,1.878377e+07,1.241702e+02,1.430665e+06,8.893153e+01,,,,0
2018-04-26 08:01:38.000000,2.683954e+07,1.878423e+07,1.241704e+02,1.430665e+06,8.893152e+01,,,,0
2018-04-26 08:01:39.000000,2.683954e+07,1.878412e+07,1.241704e+02,1.430665e+06,8.893151e+01,,,,0
2018-04-26 08:01:40.000000,2.683956e+07,1.878341e+07,1.241699e+02,1.430666e+06,8.893150e+01,,,,0
2018-04-26 08:01:41.000000,2.683956e+07,1.878373e+07,1.241701e+02,1.430666e+06,8.893149e+01,,,,0
2018-04-26 08:01:42.000000,2.683956e+07,1.878348e+07,1.241699e+02,1.430666e+06,8.893148e+01,,,,0
2018-04-26 08:01:43.000000,2.683954e+07,1.878426e+07,1.241705e+02,1.430666e+06,8.893147e+01,,,,0
2018-04-26 08:01:44.000000,2.683954e+07,1.878446e+07,1.241706e+02,1.430666e+06,8.893147e+01,,,,0
2018-04-26 08:01:45.000000,2.683956e+07,1.878459e+07,1.241708e+02,1.430666e+06,8.893146e+01,,,,0
2018-04-26 08:01:46.000000,2.683956e+07,1.878523e+07,1.241712e+02,1.430666e+06,8.893145e+01,,,,0
2018-04-26 08:01:47.000000,2.683956e+07,1.878475e+07,1.241709e+02,1.430666e+06,8.893144e+01,,,,0
2018-04-26 08:01:48.000000,2.683954e+07,1.878375e+07,1.241701e+02,1.430666e+06,8.893143e+01,,,,0
2018-04-26 08:01:49.000000,2.683954e+07,1.878409e+07,1.241703e+02,1.430666e+06,8.893142e+01,,,,0
2018-04-26 08:01:50.000000,2.683954e+07,1.878365e+07,1.241701e+02,1.430666e+06,8.893141e+01,,,,0
2018-04-26 08:01:51.000000,2.683956e+07,1.878392e+07,1.241702e+02,1.430666e+06,8.893140e+01,,,,0
2018-04-26 08:01:52.000000,2.683956e+07,1.878349e+07,1.241700e+02,1.430666e+06,8.893139e+01,,,,0
2018-04-26 08:01:53.000000,2.683956e+07,1.878334e+07,1.241698e+02,1.430666e+06,8.893138e+01,,,,0
2018-04-26 08:01:54.000000,2.683954e+07,1.878461e+07,1.241707e+02,1.430666e+06,8.893137e+01,,,,0
2018-04-26 08:01:55.000000,2.683954e+07,1.878446e+07,1.241706e+02,1.430666e+06,8.893136e+01,,,,0
2018-04-26 08:01:56.000000,2.683954e+07,1.878433e+07,1.241706e+02,1.430666e+06,8.893136e+01,,,,0
2018-04-26 08:01:57.000000,2.683956e+07,1.878469e+07,1.241709e+02,1.430666e+06,8.893135e+01,,,,0
2018-04-26 08:01:58.000000,2.683956e+07,1.878462e+07,1.241708e+02,1.430666e+06,8.893134e+01,,,,0
2018-04-26 08:01:59.000000,2.683954e+07,1.878433e+07,1.241705e+02,1.430666e+06,8.893133e+01,,,,0
2018-04-26 08:02:00.000000,2.683954e+07,1.878370e+07,1.241701e+02,1.430666e+06,8.893132e+01,,,,0
2018-04-26 08:02:01.000000,2.683954e+07,1.878363e+07,1.241701e+02,1.430666e+06,8.893131e+01,,,,0
2018-04-26 08:02:02.000000,2.683956e+07,1.878383e+07,1.241701e+02,1.430666e+06,8.893130e+01,,,,0
2018-04-26 08:02:03.000000,2.683956e+07,1.878336e+07,1.241699e+02,1.430666e+06,8.893129e+01,,,,0
2018-04-26 08:02:04.000000,2.683956e+07,1.878335e+07,1.241699e+02,1.430666e+06,8.893128e+01,,,,0
2018-04-26 08:02:05.000000,2.683954e+07,1.878439e+07,1.241705e+02,1.430666e+06,8.893127e+01,,,,0
2018-04-26 08:02:06.000000,2.683954e+07,1.878433e+07,1.241706e+02,1.430666e+06,8.893126e+01,,,,0
2018-04-26 08:02:07.000000,2.683954e+07,1.878493e+07,1.241709e+02,1.430666e+06,8.893125e+01,,,,0
2018-04-26 08:02:08.000000,2.683956e+07,1.878465e+07,1.241708e+02,1.430666e+06,8.893124e+01,,,,0
2018-04-26 08:02:09.000000,2.683956e+07,1.878461e+07,1.241708e+02,1.430666e+06,8.893124e+01,,,,0
2018-04-26 08:02:10.000000,2.683956e+07,1.878527e+07,1.241711e+02,1.430666e+06,8.893123e+01,,,,0
2018-04-26 08:02:11.000000,2.683954e+07,1.878375e+07,1.241702e+02,1.430666e+06,8.893122e+01,,,,0
2018-04-26 08:02:12.000000,2.683954e+07,1.878420e+07,1.241704e+02,1.430666e+06,8.893121e+01,,,,0
2018-04-26 08:02:13.000000,2.683956e+07,1.878355e+07,1.241700e+02,1.430666e+06,8.893120e+01,,,,0
2018-04-26 08:02:14.000000,2.683956e+07,1.878336e+07,1.241698e+02,1.430666e+06,8.893119e+01,,,,0
2018-04-26 08:02:15.000000,2.683956e+07,1.878375e+07,1.241701e+02,1.430666e+06,8.893118e+01,,,,0
2018-04-26 08:02:16.000000,2.683954e+07,1.878427e+07,1.241705e+02,1.430666e+06,8.893117e+01,,,,0
2018-04-26 08:02:17.000000,2.683954e+07,1.878433e+07,1.241705e+02,1.430666e+06,8.893116e+01,,,,0
2018-04-26 08:02:18.000000,2.683954e+07,1.878479e+07,1.241707e+02,1.430666e+06,8.893115e+01,,,,0
2018-04-26 08:02:19.000000,2.683956e+07,1.878463e+07,1.241708e+02,1.430666e+06,8.893114e+01,,,,0
2018-04-26 08:02:20.000000,2.683956e+07,1.878521e+07,1.241711e+02,1.430666e+06,8.893113e+01,,,,0
2018-04-26 08:02:21.000000,2.683956e+07,1.878474e+07,1.241709e+02,1.430666e+06,8.893113e+01,,,,0
2018-04-26 08:02:22.000000,2.683954e+07,1.878372e+07,1.241701e+02,1.430666e+06,8.893112e+01,,,,0
2018-04-26 08:02:23.000000,2.683954e+07,1.878429e+07,1.241703e+02,1.430666e+06,8.893111e+01,,,,0
2018-04-26 08:02:24.000000,2.683954e+07,1.878365e+07,1.241701e+02,1.430666e+06,8.893110e+01,,,,0
2018-04-26 08:02:25.000000,2.683956e+07,1.878389e+07,1.241702e+02,1.430666e+06,8.893109e+01,,,,0
2018-04-26 08:02:26.000000,2.683956e+07,1.878386e+07,1.241701e+02,1.430666e+06,8.893108e+01,,,,0
2018-04-26 08:02:27.000000,2.683954e+07,1.878428e+07,1.241705e+02,1.430666e+06,8.893107e+01,,,,0
2018-04-26 08:02:28.000000,2.683954e+07,1.878469e+07,1.241709e+02,1.430666e+06,8.893106e+01,,,,0
2018-04-26 08:02:29.000000,2.683954e+07,1.878446e+07,1.241706e+02,1.430666e+06,8.893105e+01,,,,0
2018-04-26 08:02:30.000000,2.683956e+07,1.878460e+07,1.241708e+02,1.430666e+06,8.893104e+01,,,,0
2018-04-26 08:02:31.000000,2.683956e+07,1.878471e+07,1.241709e+02,1.430666e+06,8.893103e+01,,,,0
2018-04-26 08:02:32.000000,2.683956e+07,1.878466e+07,1.241708e+02,1.430666e+06,8.893102e+01,,,,0
2018-04-26 08:02:33.000000,2.683954e+07,1.878434e+07,1.241704e+02,1.430666e+06,8.893101e+01,,,,0
2018-04-26 08:02:34.000000,2.683954e+07,1.878368e+07,1.241701e+02,1.430666e+06,8.893100e+01,,,,0
2018-04-26 08:02:35.000000,2.683954e+07,1.878363e+07,1.241700e+02,1.430666e+06,8.893100e+01,,,,0
2018-04-26 08:02:36.000000,2.683956e+07,1.878382e+07,1.241700e+02,1.430666e+06,8.893099e+01,,,,0
2018-04-26 08:02:37.000000,2.683956e+07,1.878337e+07,1.241699e+02,1.430666e+06,8.893098e+01,,,,0
2018-04-26 08:02:38.000000,2.683956e+07,1.878335e+07,1.241698e+02,1.430666e+06,8.893097e+01,,,,0
2018-04-26 08:02:39.000000,2.683954e+07,1.878441e+07,1.241705e+02,1.430666e+06,8.893096e+01,,,,0
2018-04-26 08:02:40.000000,2.683954e+07,1.878433e+07,1.241706e+02,1.430666e+06,8.893095e+01,,,,0
2018-04-26 08:02:41.000000,2.683957e+07,1.878520e+07,1.241711e+02,1.430666e+06,8.893094e+01,,,,0
2018-04-26 08:02:42.000000,2.683957e+07,1.878467e+07,1.241708e+02,1.430666e+06,8.893093e+01,,,,0
2018-04-26 08:02:43.000000,2.683957e+07,1.878461e+07,1.241707e+02,1.430666e+06,8.893092e+01,,,,0
2018-04-26 08:02:44.000000,2.683954e+07,1.878418e+07,1.241703e+02,1.430666e+06,8.893091e+01,,,,0
2018-04-26 08:02:45.000000,2.683954e+07,1.878366e+07,1.241701e+02,1.430666e+06,8.893090e+01,,,,0
2018-04-26 08:02:46.000000,2.683954e+07,1.878421e+07,1.241704e+02,1.430666e+06,8.893089e+01,,,,0
2018-04-26 08:02:47.000000,2.683957e+07,1.878354e+07,1.241700e+02,1.430666e+06,8.893088e+01,,,,0
2018-04-26 08:02:48.000000,2.683957e+07,1.878335e+07,1.241698e+02,1.430666e+06,8.893087e+01,,,,0
2018-04-26 08:02:49.000000,2.683957e+07,1.878392e+07,1.241702e+02,1.430666e+06,8.893086e+01,,,,0
2018-04-26 08:02:50.000000,2.683954e+07,1.878430e+07,1.241705e+02,1.430667e+06,8.893085e+01,,,,0
2018-04-26 08:02:51.000000,2.683954e+07,1.878433e+07,1.241705e+02,1.430667e+06,8.893085e+01,,,,0
2018-04-26 08:02:52.000000,2.683957e+07,1.878472e+07,1.241708e+02,1.430667e+06,8.893084e+01,,,,0
2018-04-26 08:02:53.000000,2.683957e+07,1.878462e+07,1.241708e+02,1.430667e+06,8.893083e+01,,,,0
2018-04-26 08:02:54.000000,2.683957e+07,1.878463e+07,1.241708e+02,1.430667e+06,8.893082e+01,,,,0
2018-04-26 08:02:55.000000,2.683954e+07,1.878376e+07,1.241702e+02,1.430667e+06,8.893081e+01,,,,0
2018-04-26 08:02:56.000000,2.683954e+07,1.878364e+07,1.241700e+02,1.430667e+06,8.893080e+01,,,,0
2018-04-26 08:02:57.000000,2.683954e+07,1.878430e+07,1.241704e+02,1.430667e+06,8.893079e+01,,,,0
2018-04-26 08:02:58.000000,2.683957e+07,1.878343e+07,1.241699e+02,1.430667e+06,8.893078e+01,,,,0
2018-04-26 08:02:59.000000,2.683957e+07,1.878388e+07,1.241701e+02,1.430667e+06,8.893077e+01,,,,0
2018-04-26 08:03:00.000000,2.683957e+07,1.878386e+07,1.241701e+02,1.430667e+06,8.893076e+01,,,,0
2018-04-26 08:03:01.000000,2.683954e+07,1.878429e+07,1.241706e+02,1.430667e+06,8.893075e+01,,,,0
2018-04-26 08:03:02.000000,2.683954e+07,1.878475e+07,1.241708e+02,1.430667e+06,8.893074e+01,,,,0
2018-04-26 08:03:03.000000,2.683954e+07,1.878446e+07,1.241707e+02,1.430667e+06,8.893073e+01,,,,0
2018-04-26 08:03:04.000000,2.683957e+07,1.878462e+07,1.241708e+02,1.430667e+06,8.893072e+01,,,,0
2018-04-26 08:03:05.000000,2.683957e+07,1.878504e+07,1.241711e+02,1.430667e+06,8.893071e+01,,,,0
2018-04-26 08:03:06.000000,2.683954e+07,1.878380e+07,1.241702e+02,1.430667e+06,8.893070e+01,,,,0
2018-04-26 08:03:07.000000,2.683954e+07,1.878423e+07,1.241704e+02,1.430667e+06,8.893070e+01,,,,0
2018-04-26 08:03:08.000000,2.683954e+07,1.878378e+07,1.241701e+02,1.430667e+06,8.893069e+01,,,,0
2018-04-26 08:03:09.000000,2.683957e+07,1.878339e+07,1.241698e+02,1.430667e+06,8.893068e+01,,,,0
2018-04-26 08:03:10.000000,2.683957e+07,1.878376e+07,1.241701e+02,1.430667e+06,8.893067e+01,,,,0
2018-04-26 08:03:11.000000,2.683957e+07,1.878350e+07,1.241699e+02,1.430667e+06,8.893066e+01,,,,0
2018-04-26 08:03:12.000000,2.683955e+07,1.878426e+07,1.241704e+02,1.430667e+06,8.893065e+01,,,,0
2018-04-26 08:03:13.000000,2.683954e+07,1.878447e+07,1.241706e+02,1.430667e+06,8.893064e+01,,,,0
2018-04-26 08:03:14.000000,2.683954e+07,1.878434e+07,1.241706e+02,1.430667e+06,8.893063e+01,,,,0
2018-04-26 08:03:15.000000,2.683957e+07,1.878520e+07,1.241711e+02,1.430667e+06,8.893062e+01,,,,0
2018-04-26 08:03:16.000000,2.683957e+07,1.878465e+07,1.241708e+02,1.430667e+06,8.893061e+01,,,,0
2018-04-26 08:03:17.000000,2.683957e+07,1.878461e+07,1.241707e+02,1.430667e+06,8.893060e+01,,,,0
2018-04-26 08:03:18.000000,2.683955e+07,1.878417e+07,1.241702e+02,1.430667e+06,8.893059e+01,,,,0
2018-04-26 08:03:19.000000,2.683955e+07,1.878367e+07,1.241701e+02,1.430667e+06,8.893058e+01,,,,0
2018-04-26 08:03:20.000000,2.683957e+07,1.878393e+07,1.241702e+02,1.430667e+06,8.893057e+01,,,,0
2018-04-26 08:03:21.000000,2.683957e+07,1.878354e+07,1.241699e+02,1.430667e+06,8.893056e+01,,,,0
2018-04-26 08:03:22.000000,2.683957e+07,1.878335e+07,1.241699e+02,1.430667e+06,8.893055e+01,,,,0
2018-04-26 08:03:23.000000,2.683955e+07,1.878461e+07,1.241708e+02,1.430667e+06,8.893054e+01,,,,0
2018-04-26 08:03:24.000000,2.683955e+07,1.878448e+07,1.241706e+02,1.430667e+06,8.893053e+01,,,,105
2018-04-26 08:03:25.000000,2.683954e+07,1.878434e+07,1.241705e+02,1.430667e+06,8.893053e+01,,,,105
2018-04-26 08:03:26.000000,2.683956e+07,1.878469e+07,1.241709e+02,1.430667e+06,8.893052e+01,,,,105
2018-04-26 08:03:27.000000,2.683955e+07,1.878466e+07,1.241707e+02,1.430667e+06,8.893051e+01,,,,105
2018-04-26 08:03:28.000000,2.683953e+07,1.878462e+07,1.241708e+02,1.430667e+06,8.893050e+01,,,,105
2018-04-26 08:03:29.000000,2.683948e+07,1.878373e+07,1.241702e+02,1.430667e+06,8.893049e+01,,,,105
2018-04-26 08:03:30.000000,2.683945e+07,1.878364e+07,1.241700e+02,1.430667e+06,8.893048e+01,,,,105
2018-04-26 08:03:31.000000,2.683941e+07,1.878430e+07,1.241705e+02,1.430667e+06,8.893047e+01,,,,105
2018-04-26 08:03:32.000000,2.683938e+07,1.878340e+07,1.241699e+02,1.430667e+06,8.893046e+01,,,,105
2018-04-26 08:03:33.000000,2.683934e+07,1.878389e+07,1.241701e+02,1.430667e+06,8.893045e+01,,,,105
2018-04-26 08:03:34.000000,2.683927e+07,1.878441e+07,1.241705e+02,1.430667e+06,8.893044e+01,,,,105
2018-04-26 08:03:35.000000,2.683920e+07,1.878431e+07,1.241705e+02,1.430667e+06,8.893043e+01,,,,105
2018-04-26 08:03:36.000000,2.683915e+07,1.878491e+07,1.241708e+02,1.430667e+06,8.893042e+01,,,,105
2018-04-26 08:03:37.000000,2.683910e+07,1.878461e+07,1.241707e+02,1.430667e+06,8.893041e+01,,,,105
2018-04-26 08:03:38.000000,2.683904e+07,1.878456e+07,1.241707e+02,1.430667e+06,8.893040e+01,,,,105
2018-04-26 08:03:39.000000,2.683897e+07,1.878497e+07,1.241710e+02,1.430667e+06,8.893039e+01,,,,105
2018-04-26 08:03:40.000000,2.683889e+07,1.878368e+07,1.241701e+02,1.430667e+06,8.893038e+01,,,,105
2018-04-26 08:03:41.000000,2.683881e+07,1.878413e+07,1.241702e+02,1.430667e+06,8.893037e+01,,,,105
2018-04-26 08:03:42.000000,2.683874e+07,1.878400e+07,1.241702e+02,1.430667e+06,8.893036e+01,,,,105
2018-04-26 08:03:43.000000,2.683869e+07,1.878327e+07,1.241697e+02,1.430667e+06,8.893035e+01,,,,105
2018-04-26 08:03:44.000000,2.683860e+07,1.878358e+07,1.241699e+02,1.430667e+06,8.893035e+01,,,,105
2018-04-26 08:03:45.000000,2.683853e+07,1.878330e+07,1.241697e+02,1.430667e+06,8.893034e+01,,,,105
2018-04-26 08:03:46.000000,2.683843e+07,1.878407e+07,1.241703e+02,1.430667e+06,8.893033e+01,,,,105
2018-04-26 08:03:47.000000,2.683834e+07,1.878456e+07,1.241705e+02,1.430667e+06,8.893032e+01,,,,105
2018-04-26 08:03:48.000000,2.683829e+07,1.878437e+07,1.241705e+02,1.430667e+06,8.893031e+01,,,,105
2018-04-26 08:03:49.000000,2.683821e+07,1.878494e+07,1.241708e+02,1.430667e+06,8.893030e+01,,,,105
2018-04-26 08:03:50.000000,2.683812e+07,1.878445e+07,1.241705e+02,1.430667e+06,8.893029e+01,,,,105
2018-04-26 08:03:51.000000,2.683801e+07,1.878341e+07,1.241697e+02,1.430667e+06,8.893028e+01,,,,105
2018-04-26 08:03:52.000000,2.683793e+07,1.878374e+07,1.241699e+02,1.430667e+06,8.893027e+01,,,,105
2018-04-26 08:03:53.000000,2.683784e+07,1.878326e+07,1.241697e+02,1.430667e+06,8.893026e+01,,,,105
2018-04-26 08:03:54.000000,2.683778e+07,1.878350e+07,1.241697e+02,1.430667e+06,8.893025e+01,,,,105
2018-04-26 08:03:55.000000,2.683769e+07,1.878339e+07,1.241697e+02,1.430667e+06,8.893024e+01,,,,105
2018-04-26 08:03:56.000000,2.683760e+07,1.878287e+07,1.241693e+02,1.430667e+06,8.893023e+01,,,,105
2018-04-26 08:03:57.000000,2.683749e+07,1.878411e+07,1.241702e+02,1.430667e+06,8.893022e+01,,,,105
2018-04-26 08:03:58.000000,2.683740e+07,1.878392e+07,1.241701e+02,1.430667e+06,8.893021e+01,,,,105
2018-04-26 08:03:59.000000,2.683732e+07,1.878376e+07,1.241700e+02,1.430667e+06,8.893020e+01,,,,105
2018-04-26 08:04:00.000000,2.683725e+07,1.878408e+07,1.241703e+02,1.430667e+06,8.893019e+01,,,,105
2018-04-26 08:04:01.000000,2.683715e+07,1.878398e+07,1.241701e+02,1.430667e+06,8.893018e+01,,,,105
2018-04-26 08:04:02.000000,2.683704e+07,1.878364e+07,1.241698e+02,1.430667e+06,8.893017e+01,,,,105
2018-04-26 08:04:03.000000,2.683696e+07,1.878292e+07,1.241693e+02,1.430667e+06,8.893016e+01,,,,105
2018-04-26 08:04:04.000000,2.683686e+07,1.878278e+07,1.241693e+02,1.430667e+06,8.893016e+01,,,,105
2018-04-26 08:04:05.000000,2.683679e+07,1.878295e+07,1.241693e+02,1.430667e+06,8.893015e+01,,,,105
2018-04-26 08:04:06.000000,2.683669e+07,1.878245e+07,1.241691e+02,1.430667e+06,8.893014e+01,,,,105
2018-04-26 08:04:07.000000,2.683658e+07,1.878237e+07,1.241690e+02,1.430667e+06,8.893013e+01,,,,105
2018-04-26 08:04:08.000000,2.683645e+07,1.878337e+07,1.241696e+02,1.430667e+06,8.893012e+01,,,,105
2018-04-26 08:04:09.000000,2.683635e+07,1.878327e+07,1.241697e+02,1.430667e+06,8.893011e+01,,,,105
2018-04-26 08:04:10.000000,2.683625e+07,1.878385e+07,1.241699e+02,1.430667e+06,8.893010e+01,,,,105
2018-04-26 08:04:11.000000,2.683617e+07,1.878345e+07,1.241698e+02,1.430667e+06,8.893009e+01,,,,105
2018-04-26 08:04:12.000000,2.683607e+07,1.878333e+07,1.241697e+02,1.430667e+06,8.893008e+01,,,,105
2018-04-26 08:04:13.000000,2.683597e+07,1.878398e+07,1.241700e+02,1.430667e+06,8.893007e+01,,,,105
2018-04-26 08:04:14.000000,2.683584e+07,1.878238e+07,1.241691e+02,1.430667e+06,8.893006e+01,,,,105
2018-04-26 08:04:15.000000,2.683573e+07,1.878281e+07,1.241692e+02,1.430667e+06,8.893005e+01,,,,105
2018-04-26 08:04:16.000000,2.683564e+07,1.878209e+07,1.241688e+02,1.430667e+06,8.893004e+01,,,,105
2018-04-26 08:04:17.000000,2.683554e+07,1.878183e+07,1.241686e+02,1.430667e+06,8.893003e+01,,,,105
2018-04-26 08:04:18.000000,2.683542e+07,1.878238e+07,1.241690e+02,1.430667e+06,8.893002e+01,,,,105
2018-04-26 08:04:19.000000,2.683530e+07,1.878269e+07,1.241692e+02,1.430667e+06,8.893001e+01,,,,105
2018-04-26 08:04:20.000000,2.683520e+07,1.878268e+07,1.241691e+02,1.430667e+06,8.893000e+01,,,,105
2018-04-26 08:04:21.000000,2.683509e+07,1.878311e+07,1.241693e+02,1.430667e+06,8.892999e+01,,,,105
2018-04-26 08:04:22.000000,2.683501e+07,1.878288e+07,1.241694e+02,1.430667e+06,8.892998e+01,,,,105
2018-04-26 08:04:23.000000,2.683491e+07,1.878347e+07,1.241697e+02,1.430667e+06,8.892997e+01,,,,105
2018-04-26 08:04:24.000000,2.683480e+07,1.878291e+07,1.241693e+02,1.430667e+06,8.892996e+01,,,,105
2018-04-26 08:04:25.000000,2.683468e+07,1.878183e+07,1.241685e+02,1.430667e+06,8.892995e+01,,,,105
2018-04-26 08:04:26.000000,2.683457e+07,1.878240e+07,1.241688e+02,1.430666e+06,8.892995e+01,,,,105
2018-04-26 08:04:27.000000,2.683447e+07,1.878167e+07,1.241685e+02,1.430666e+06,8.892994e+01,,,,105
2018-04-26 08:04:28.000000,2.683439e+07,1.878191e+07,1.241685e+02,1.430666e+06,8.892993e+01,,,,105
2018-04-26 08:04:29.000000,2.683428e+07,1.878178e+07,1.241685e+02,1.430666e+06,8.892992e+01,,,,105
2018-04-26 08:04:30.000000,2.683416e+07,1.878214e+07,1.241687e+02,1.430666e+06,8.892991e+01,,,,105
2018-04-26 08:04:31.000000,2.683406e+07,1.878251e+07,1.241690e+02,1.430666e+06,8.892990e+01,,,,105
2018-04-26 08:04:32.000000,2.683395e+07,1.878220e+07,1.241688e+02,1.430666e+06,8.892989e+01,,,,105
2018-04-26 08:04:33.000000,2.683387e+07,1.878228e+07,1.241689e+02,1.430666e+06,8.892988e+01,,,,105
2018-04-26 08:04:34.000000,2.683377e+07,1.878235e+07,1.241690e+02,1.430666e+06,8.892987e+01,,,,105
2018-04-26 08:04:35.000000,2.683365e+07,1.878219e+07,1.241688e+02,1.430666e+06,8.892986e+01,,,,105
2018-04-26 08:04:36.000000,2.683352e+07,1.878180e+07,1.241684e+02,1.430666e+06,8.892985e+01,,,,105
2018-04-26 08:04:37.000000,2.683342e+07,1.878113e+07,1.241680e+02,1.430666e+06,8.892984e+01,,,,105
2018-04-26 08:04:38.000000,2.683331e+07,1.878087e+07,1.241679e+02,1.430666e+06,8.892983e+01,,,,105
2018-04-26 08:04:39.000000,2.683322e+07,1.878103e+07,1.241679e+02,1.430666e+06,8.892982e+01,,,,105
2018-04-26 08:04:40.000000,2.683309e+07,1.878050e+07,1.241677e+02,1.430666e+06,8.892981e+01,,,,105
2018-04-26 08:04:41.000000,2.683294e+07,1.878186e+07,1.241685e+02,1.430666e+06,8.892980e+01,,,,105
2018-04-26 08:04:42.000000,2.683281e+07,1.878151e+07,1.241683e+02,1.430666e+06,8.892979e+01,,,,105
2018-04-26 08:04:43.000000,2.683269e+07,1.878123e+07,1.241682e+02,1.430666e+06,8.892978e+01,,,,105
2018-04-26 08:04:44.000000,2.683260e+07,1.878210e+07,1.241687e+02,1.430666e+06,8.892977e+01,,,,105
2018-04-26 08:04:45.000000,2.683248e+07,1.878144e+07,1.241684e+02,1.430666e+06,8.892976e+01,,,,105
2018-04-26 08:04:46.000000,2.683235e+07,1.878124e+07,1.241682e+02,1.430666e+06,8.892975e+01,,,,105
2018-04-26 08:04:47.000000,2.683221e+07,1.878076e+07,1.241677e+02,1.430666e+06,8.892974e+01,,,,105
2018-04-26 08:04:48.000000,2.683210e+07,1.878013e+07,1.241675e+02,1.430666e+06,8.892974e+01,,,,105
2018-04-26 08:04:49.000000,2.683197e+07,1.878066e+07,1.241677e+02,1.430666e+06,8.892973e+01,,,,105
2018-04-26 08:04:50.000000,2.683185e+07,1.877988e+07,1.241673e+02,1.430666e+06,8.892972e+01,,,,105
2018-04-26 08:04:51.000000,2.683173e+07,1.877962e+07,1.241670e+02,1.430666e+06,8.892971e+01,,,,105
2018-04-26 08:04:52.000000,2.683160e+07,1.878020e+07,1.241674e+02,1.430666e+06,8.892970e+01,,,,105
2018-04-26 08:04:53.000000,2.683145e+07,1.878045e+07,1.241676e+02,1.430666e+06,8.892969e+01,,,,105
2018-04-26 08:04:54.000000,2.683133e+07,1.878042e+07,1.241676e+02,1.430666e+06,8.892968e+01,,,,105
2018-04-26 08:04:55.000000,2.683123e+07,1.878076e+07,1.241679e+02,1.430666e+06,8.892967e+01,,,,105
2018-04-26 08:04:56.000000,2.683112e+07,1.878059e+07,1.241678e+02,1.430666e+06,8.892966e+01,,,,105
2018-04-26 08:04:57.000000,2.683100e+07,1.878121e+07,1.241681e+02,1.430666e+06,8.892965e+01,,,,105
2018-04-26 08:04:58.000000,2.683087e+07,1.877963e+07,1.241670e+02,1.430666e+06,8.892964e+01,,,,105
2018-04-26 08:04:59.000000,2.683075e+07,1.877937e+07,1.241668e+02,1.430666e+06,8.892963e+01,,,,105
2018-04-26 08:05:00.000000,2.683063e+07,1.877999e+07,1.241672e+02,1.430666e+06,8.892962e+01,,,,105
2018-04-26 08:05:01.000000,2.683054e+07,1.877898e+07,1.241667e+02,1.430666e+06,8.892961e+01,,,,105
2018-04-26 08:05:02.000000,2.683042e+07,1.877942e+07,1.241669e+02,1.430666e+06,8.892960e+01,,,,105
2018-04-26 08:05:03.000000,2.683029e+07,1.877932e+07,1.241668e+02,1.430666e+06,8.892959e+01,,,,105
2018-04-26 08:05:04.000000,2.683014e+07,1.877964e+07,1.241672e+02,1.430666e+06,8.892958e+01,,,,105
2018-04-26 08:05:05.000000,2.683002e+07,1.878003e+07,1.241674e+02,1.430666e+06,8.892957e+01,,,,105
2018-04-26 08:05:06.000000,2.682989e+07,1.877963e+07,1.241671e+02,1.430666e+06,8.892956e+01,,,,105
2018-04-26 08:05:07.000000,2.682980e+07,1.877968e+07,1.241672e+02,1.430666e+06,8.892955e+01,,,,105
2018-04-26 08:05:08.000000,2.682967e+07,1.877973e+07,1.241673e+02,1.430666e+06,8.892954e+01,,,,105
2018-04-26 08:05:09.000000,2.682954e+07,1.877869e+07,1.241665e+02,1.430666e+06,8.892953e+01,,,,105
2018-04-26 08:05:10.000000,2.682940e+07,1.877920e+07,1.241667e+02,1.430666e+06,8.892953e+01,,,,105
2018-04-26 08:05:11.000000,2.682927e+07,1.877847e+07,1.241663e+02,1.430666e+06,8.892952e+01,,,,105
2018-04-26 08:05:12.000000,2.682917e+07,1.877811e+07,1.241660e+02,1.430666e+06,8.892951e+01,,,,105
2018-04-26 08:05:13.000000,2.682905e+07,1.877853e+07,1.241662e+02,1.430666e+06,8.892950e+01,,,,105
2018-04-26 08:05:14.000000,2.682892e+07,1.877797e+07,1.241660e+02,1.430666e+06,8.892949e+01,,,,105
2018-04-26 08:05:15.000000,2.682878e+07,1.877941e+07,1.241668e+02,1.430666e+06,8.892948e+01,,,,105
2018-04-26 08:05:16.000000,2.682867e+07,1.877901e+07,1.241666e+02,1.430666e+06,8.892947e+01,,,,105
2018-04-26 08:05:17.000000,2.682855e+07,1.877874e+07,1.241665e+02,1.430666e+06,8.892946e+01,,,,105
2018-04-26 08:05:18.000000,2.682845e+07,1.877943e+07,1.241670e+02,1.430666e+06,8.892945e+01,,,,105
2018-04-26 08:05:19.000000,2.682834e+07,1.877893e+07,1.241667e+02,1.430666e+06,8.892944e+01,,,,105
2018-04-26 08:05:20.000000,2.682822e+07,1.877884e+07,1.241665e+02,1.430666e+06,8.892943e+01,,,,105
2018-04-26 08:05:21.000000,2.682808e+07,1.877841e+07,1.241660e+02,1.430666e+06,8.892942e+01,,,,105
2018-04-26 08:05:22.000000,2.682796e+07,1.877776e+07,1.241658e+02,1.430666e+06,8.892941e+01,,,,105
2018-04-26 08:05:23.000000,2.682787e+07,1.877786e+07,1.241658e+02,1.430666e+06,8.892940e+01,,,,105
2018-04-26 08:05:24.000000,2.682776e+07,1.877748e+07,1.241656e+02,1.430666e+06,8.892939e+01,,,,105
2018-04-26 08:05:25.000000,2.682764e+07,1.877723e+07,1.241654e+02,1.430665e+06,8.892938e+01,,,,105
2018-04-26 08:05:26.000000,2.682751e+07,1.877813e+07,1.241660e+02,1.430665e+06,8.892937e+01,,,,105
2018-04-26 08:05:27.000000,2.682739e+07,1.877806e+07,1.241660e+02,1.430665e+06,8.892936e+01,,,,105
2018-04-26 08:05:28.000000,2.682727e+07,1.877799e+07,1.241659e+02,1.430665e+06,8.892935e+01,,,,105
2018-04-26 08:05:29.000000,2.682717e+07,1.877834e+07,1.241662e+02,1.430665e+06,8.892934e+01,,,,105
2018-04-26 08:05:30.000000,2.682705e+07,1.877814e+07,1.241661e+02,1.430665e+06,8.892933e+01,,,,105
2018-04-26 08:05:31.000000,2.682693e+07,1.877880e+07,1.241664e+02,1.430665e+06,8.892933e+01,,,,105
2018-04-26 08:05:32.000000,2.682679e+07,1.877720e+07,1.241654e+02,1.430665e+06,8.892932e+01,,,,105
2018-04-26 08:05:33.000000,2.682668e+07,1.877697e+07,1.241652e+02,1.430665e+06,8.892931e+01,,,,105
2018-04-26 08:05:34.000000,2.682656e+07,1.877746e+07,1.241654e+02,1.430665e+06,8.892930e+01,,,,105
2018-04-26 08:05:35.000000,2.682647e+07,1.877658e+07,1.241649e+02,1.430665e+06,8.892929e+01,,,,105
2018-04-26 08:05:36.000000,2.682634e+07,1.877709e+07,1.241652e+02,1.430665e+06,8.892928e+01,,,,105
2018-04-26 08:05:37.000000,2.682621e+07,1.877726e+07,1.241654e+02,1.430665e+06,8.892927e+01,,,,105
2018-04-26 08:05:38.000000,2.682609e+07,1.877718e+07,1.241654e+02,1.430665e+06,8.892926e+01,,,,105
2018-04-26 08:05:39.000000,2.682596e+07,1.877760e+07,1.241656e+02,1.430665e+06,8.892925e+01,,,,105
2018-04-26 08:05:40.000000,2.682584e+07,1.877734e+07,1.241656e+02,1.430665e+06,8.892924e+01,,,,105
2018-04-26 08:05:41.000000,2.682571e+07,1.877725e+07,1.241654e+02,1.430665e+06,8.892923e+01,,,,105
2018-04-26 08:05:42.000000,2.682558e+07,1.877730e+07,1.241655e+02,1.430665e+06,8.892922e+01,,,,105
2018-04-26 08:05:43.000000,2.682543e+07,1.877622e+07,1.241647e+02,1.430665e+06,8.892921e+01,,,,105
2018-04-26 08:05:44.000000,2.682531e+07,1.877680e+07,1.241650e+02,1.430664e+06,8.892920e+01,,,,105
2018-04-26 08:05:45.000000,2.682518e+07,1.877600e+07,1.241646e+02,1.430664e+06,8.892919e+01,,,,105
2018-04-26 08:05:46.000000,2.682508e+07,1.877627e+07,1.241646e+02,1.430664e+06,8.892918e+01,,,,105
2018-04-26 08:05:47.000000,2.682496e+07,1.877611e+07,1.241646e+02,1.430664e+06,8.892917e+01,,,,105
2018-04-26 08:05:48.000000,2.682484e+07,1.877548e+07,1.241642e+02,1.430664e+06,8.892916e+01,,,,105
2018-04-26 08:05:49.000000,2.682470e+07,1.877680e+07,1.241649e+02,1.430664e+06,8.892915e+01,,,,105
2018-04-26 08:05:50.000000,2.682457e+07,1.877652e+07,1.241648e+02,1.430664e+06,8.892914e+01,,,,105
2018-04-26 08:05:51.000000,2.682447e+07,1.877655e+07,1.241650e+02,1.430664e+06,8.892913e+01,,,,105
2018-04-26 08:05:52.000000,2.682436e+07,1.877700e+07,1.241652e+02,1.430664e+06,8.892912e+01,,,,105
2018-04-26 08:05:53.000000,2.682423e+07,1.877647e+07,1.241648e+02,1.430664e+06,8.892911e+01,,,,105
2018-04-26 08:05:54.000000,2.682409e+07,1.877614e+07,1.241645e+02,1.430664e+06,8.892910e+01,,,,105
2018-04-26 08:05:55.000000,2.682398e+07,1.877549e+07,1.241642e+02,1.430664e+06,8.892910e+01,,,,105
2018-04-26 08:05:56.000000,2.682386e+07,1.877522e+07,1.241639e+02,1.430664e+06,8.892909e+01,,,,105
2018-04-26 08:05:57.000000,2.682376e+07,1.877541e+07,1.241639e+02,1.430663e+06,8.892908e+01,,,,105
2018-04-26 08:05:58.000000,2.682365e+07,1.877483e+07,1.241637e+02,1.430663e+06,8.892907e+01,,,,105
2018-04-26 08:05:59.000000,2.682352e+07,1.877474e+07,1.241636e+02,1.430663e+06,8.892906e+01,,,,105
2018-04-26 08:06:00.000000,2.682338e+07,1.877573e+07,1.241642e+02,1.430663e+06,8.892905e+01,,,,105
2018-04-26 08:06:01.000000,2.682326e+07,1.877557e+07,1.241642e+02,1.430663e+06,8.892904e+01,,,,105
2018-04-26 08:06:02.000000,2.682315e+07,1.877552e+07,1.241641e+02,1.430663e+06,8.892903e+01,,,,105
2018-04-26 08:06:03.000000,2.682305e+07,1.877571e+07,1.241643e+02,1.430663e+06,8.892902e+01,,,,105
2018-04-26 08:06:04.000000,2.682293e+07,1.877565e+07,1.241643e+02,1.430663e+06,8.892901e+01,,,,105
2018-04-26 08:06:05.000000,2.682280e+07,1.877522e+07,1.241639e+02,1.430663e+06,8.892900e+01,,,,105
2018-04-26 08:06:06.000000,2.682268e+07,1.877454e+07,1.241634e+02,1.430662e+06,8.892899e+01,,,,105
2018-04-26 08:06:07.000000,2.682255e+07,1.877504e+07,1.241637e+02,1.430662e+06,8.892898e+01,,,,105
2018-04-26 08:06:08.000000,2.682246e+07,1.877423e+07,1.241632e+02,1.430662e+06,8.892897e+01,,,,105
2018-04-26 08:06:09.000000,2.682234e+07,1.877393e+07,1.241631e+02,1.430662e+06,8.892896e+01,,,,105
2018-04-26 08:06:10.000000,2.682220e+07,1.877436e+07,1.241632e+02,1.430662e+06,8.892895e+01,,,,105
2018-04-26 08:06:11.000000,2.682204e+07,1.877471e+07,1.241637e+02,1.430662e+06,8.892894e+01,,,,105
2018-04-26 08:06:12.000000,2.682192e+07,1.877468e+07,1.241635e+02,1.430662e+06,8.892893e+01,,,,105
2018-04-26 08:06:13.000000,2.682179e+07,1.877516e+07,1.241637e+02,1.430662e+06,8.892892e+01,,,,105
2018-04-26 08:06:14.000000,2.682168e+07,1.877487e+07,1.241636e+02,1.430662e+06,8.892891e+01,,,,105
2018-04-26 08:06:15.000000,2.682156e+07,1.877548e+07,1.241640e+02,1.430661e+06,8.892890e+01,,,,105
2018-04-26 08:06:16.000000,2.682142e+07,1.877391e+07,1.241630e+02,1.430661e+06,8.892889e+01,,,,105
2018-04-26 08:06:17.000000,2.682129e+07,1.877363e+07,1.241627e+02,1.430661e+06,8.892888e+01,,,,105
2018-04-26 08:06:18.000000,2.682116e+07,1.877411e+07,1.241629e+02,1.430661e+06,8.892887e+01,,,,105
2018-04-26 08:06:19.000000,2.682106e+07,1.877329e+07,1.241624e+02,1.430661e+06,8.892886e+01,,,,105
2018-04-26 08:06:20.000000,2.682095e+07,1.877378e+07,1.241627e+02,1.430661e+06,8.892885e+01,,,,105
2018-04-26 08:06:21.000000,2.682082e+07,1.877366e+07,1.241626e+02,1.430661e+06,8.892884e+01,,,,105
2018-04-26 08:06:22.000000,2.682068e+07,1.877392e+07,1.241630e+02,1.430660e+06,8.892883e+01,,,,105
2018-04-26 08:06:23.000000,2.682056e+07,1.877437e+07,1.241632e+02,1.430660e+06,8.892882e+01,,,,105
2018-04-26 08:06:24.000000,2.682043e+07,1.877401e+07,1.241629e+02,1.430660e+06,8.892881e+01,,,,105
2018-04-26 08:06:25.000000,2.682033e+07,1.877402e+07,1.241630e+02,1.430660e+06,8.892880e+01,,,,105
2018-04-26 08:06:26.000000,2.682022e+07,1.877411e+07,1.241630e+02,1.430660e+06,8.892879e+01,,,,105
2018-04-26 08:06:27.000000,2.682009e+07,1.877388e+07,1.241630e+02,1.430660e+06,8.892879e+01,,,,105
2018-04-26 08:06:28.000000,2.681995e+07,1.877367e+07,1.241625e+02,1.430659e+06,8.892877e+01,,,,105
2018-04-26 08:06:29.000000,2.681983e+07,1.877281e+07,1.241621e+02,1.430659e+06,8.892877e+01,,,,105
2018-04-26 08:06:30.000000,2.681972e+07,1.877305e+07,1.241622e+02,1.430659e+06,8.892875e+01,,,,105
2018-04-26 08:06:31.000000,2.681961e+07,1.877294e+07,1.241621e+02,1.430659e+06,8.892875e+01,,,,105
2018-04-26 08:06:32.000000,2.681948e+07,1.877226e+07,1.241618e+02,1.430659e+06,8.892874e+01,,,,105
2018-04-26 08:06:33.000000,2.681935e+07,1.877351e+07,1.241625e+02,1.430659e+06,8.892873e+01,,,,105
2018-04-26 08:06:34.000000,2.681922e+07,1.877324e+07,1.241623e+02,1.430658e+06,8.892872e+01,,,,105
2018-04-26 08:06:35.000000,2.681910e+07,1.877295e+07,1.241623e+02,1.430658e+06,8.892871e+01,,,,105
2018-04-26 08:06:36.000000,2.681900e+07,1.877328e+07,1.241624e+02,1.430658e+06,8.892870e+01,,,,105
2018-04-26 08:06:37.000000,2.681888e+07,1.877313e+07,1.241623e+02,1.430658e+06,8.892869e+01,,,,105
2018-04-26 08:06:38.000000,2.681874e+07,1.877304e+07,1.241621e+02,1.430658e+06,8.892868e+01,,,,105
2018-04-26 08:06:39.000000,2.681859e+07,1.877208e+07,1.241616e+02,1.430657e+06,8.892867e+01,,,,105
2018-04-26 08:06:40.000000,2.681847e+07,1.877189e+07,1.241615e+02,1.430657e+06,8.892866e+01,,,,105
2018-04-26 08:06:41.000000,2.681834e+07,1.877264e+07,1.241618e+02,1.430657e+06,8.892865e+01,,,,105
2018-04-26 08:06:42.000000,2.681824e+07,1.877152e+07,1.241612e+02,1.430657e+06,8.892864e+01,,,,105
2018-04-26 08:06:43.000000,2.681812e+07,1.877133e+07,1.241610e+02,1.430657e+06,8.892863e+01,,,,105
2018-04-26 08:06:44.000000,2.681797e+07,1.877226e+07,1.241615e+02,1.430656e+06,8.892862e+01,,,,105
2018-04-26 08:06:45.000000,2.681784e+07,1.877204e+07,1.241615e+02,1.430656e+06,8.892861e+01,,,,105
2018-04-26 08:06:46.000000,2.681771e+07,1.877267e+07,1.241619e+02,1.430656e+06,8.892860e+01,,,,105
2018-04-26 08:06:47.000000,2.681760e+07,1.877222e+07,1.241616e+02,1.430656e+06,8.892859e+01,,,,105
2018-04-26 08:06:48.000000,2.681746e+07,1.877208e+07,1.241615e+02,1.430655e+06,8.892858e+01,,,,105
2018-04-26 08:06:49.000000,2.681731e+07,1.877253e+07,1.241618e+02,1.430655e+06,8.892857e+01,,,,105
2018-04-26 08:06:50.000000,2.681715e+07,1.877108e+07,1.241608e+02,1.430655e+06,8.892855e+01,,,,105
2018-04-26 08:06:51.000000,2.681701e+07,1.877158e+07,1.241611e+02,1.430655e+06,8.892855e+01,,,,105
2018-04-26 08:06:52.000000,2.681687e+07,1.877139e+07,1.241608e+02,1.430654e+06,8.892854e+01,,,,105
2018-04-26 08:06:53.000000,2.681676e+07,1.877046e+07,1.241603e+02,1.430654e+06,8.892852e+01,,,,105
2018-04-26 08:06:54.000000,2.681663e+07,1.877083e+07,1.241606e+02,1.430654e+06,8.892851e+01,,,,105
2018-04-26 08:06:55.000000,2.681650e+07,1.877042e+07,1.241603e+02,1.430654e+06,8.892850e+01,,,,105
2018-04-26 08:06:56.000000,2.681635e+07,1.877107e+07,1.241609e+02,1.430653e+06,8.892849e+01,,,,105
2018-04-26 08:06:57.000000,2.681622e+07,1.877122e+07,1.241608e+02,1.430653e+06,8.892848e+01,,,,105
2018-04-26 08:06:58.000000,2.681610e+07,1.877126e+07,1.241609e+02,1.430653e+06,8.892847e+01,,,,105
2018-04-26 08:06:59.000000,2.681598e+07,1.877198e+07,1.241612e+02,1.430653e+06,8.892846e+01,,,,105
2018-04-26 08:07:00.000000,2.681585e+07,1.877116e+07,1.241608e+02,1.430652e+06,8.892845e+01,,,,105
2018-04-26 08:07:01.000000,2.681571e+07,1.877083e+07,1.241603e+02,1.430652e+06,8.892844e+01,,,,105
2018-04-26 08:07:02.000000,2.681558e+07,1.877059e+07,1.241602e+02,1.430652e+06,8.892843e+01,,,,105
2018-04-26 08:07:03.000000,2.681544e+07,1.876992e+07,1.241598e+02,1.430652e+06,8.892842e+01,,,,105
2018-04-26 08:07:04.000000,2.681534e+07,1.877030e+07,1.241600e+02,1.430651e+06,8.892841e+01,,,,105
2018-04-26 08:07:05.000000,2.681522e+07,1.876966e+07,1.241597e+02,1.430651e+06,8.892840e+01,,,,105
2018-04-26 08:07:06.000000,2.681509e+07,1.876939e+07,1.241595e+02,1.430651e+06,8.892839e+01,,,,105
2018-04-26 08:07:07.000000,2.681494e+07,1.877071e+07,1.241603e+02,1.430650e+06,8.892838e+01,,,,105
2018-04-26 08:07:08.000000,2.681482e+07,1.877025e+07,1.241600e+02,1.430650e+06,8.892837e+01,,,,105
2018-04-26 08:07:09.000000,2.681469e+07,1.877010e+07,1.241600e+02,1.430650e+06,8.892836e+01,,,,105
2018-04-26 08:07:10.000000,2.681458e+07,1.877045e+07,1.241603e+02,1.430649e+06,8.892835e+01,,,,105
2018-04-26 08:07:11.000000,2.681445e+07,1.877026e+07,1.241601e+02,1.430649e+06,8.892834e+01,,,,105
2018-04-26 08:07:12.000000,2.681432e+07,1.876986e+07,1.241597e+02,1.430649e+06,8.892833e+01,,,,105
2018-04-26 08:07:13.000000,2.681419e+07,1.876918e+07,1.241593e+02,1.430649e+06,8.892832e+01,,,,105
2018-04-26 08:07:14.000000,2.681405e+07,1.876906e+07,1.241592e+02,1.430648e+06,8.892831e+01,,,,105
2018-04-26 08:07:15.000000,2.681395e+07,1.876885e+07,1.241590e+02,1.430648e+06,8.892829e+01,,,,105
2018-04-26 08:07:16.000000,2.681383e+07,1.876861e+07,1.241588e+02,1.430648e+06,8.892828e+01,,,,105
2018-04-26 08:07:17.000000,2.681370e+07,1.876927e+07,1.241592e+02,1.430647e+06,8.892827e+01,,,,105
2018-04-26 08:07:18.000000,2.681355e+07,1.876959e+07,1.241594e+02,1.430647e+06,8.892826e+01,,,,105
2018-04-26 08:07:19.000000,2.681343e+07,1.876936e+07,1.241594e+02,1.430647e+06,8.892825e+01,,,,105
2018-04-26 08:07:20.000000,2.681330e+07,1.876977e+07,1.241597e+02,1.430646e+06,8.892824e+01,,,,105
2018-04-26 08:07:21.000000,2.681320e+07,1.876950e+07,1.241594e+02,1.430646e+06,8.892823e+01,,,,105
2018-04-26 08:07:22.000000,2.681308e+07,1.876940e+07,1.241593e+02,1.430646e+06,8.892822e+01,,,,105
2018-04-26 08:07:23.000000,2.681295e+07,1.876950e+07,1.241593e+02,1.430645e+06,8.892821e+01,,,,105
2018-04-26 08:07:24.000000,2.681280e+07,1.876834e+07,1.241586e+02,1.430645e+06,8.892820e+01,,,,105
2018-04-26 08:07:25.000000,2.681267e+07,1.876902e+07,1.241588e+02,1.430644e+06,8.892818e+01,,,,105
2018-04-26 08:07:26.000000,2.681257e+07,1.876792e+07,1.241583e+02,1.430644e+06,8.892817e+01,,,,105
2018-04-26 08:07:27.000000,2.681245e+07,1.876842e+07,1.241585e+02,1.430644e+06,8.892816e+01,,,,105
2018-04-26 08:07:28.000000,2.681232e+07,1.876830e+07,1.241583e+02,1.430643e+06,8.892815e+01,,,,105
2018-04-26 08:07:29.000000,2.681218e+07,1.876852e+07,1.241587e+02,1.430643e+06,8.892814e+01,,,,105
2018-04-26 08:07:30.000000,2.681205e+07,1.876900e+07,1.241589e+02,1.430643e+06,8.892813e+01,,,,105
2018-04-26 08:07:31.000000,2.681192e+07,1.876856e+07,1.241586e+02,1.430642e+06,8.892812e+01,,,,105
2018-04-26 08:07:32.000000,2.681181e+07,1.876860e+07,1.241587e+02,1.430642e+06,8.892811e+01,,,,105
2018-04-26 08:07:33.000000,2.681169e+07,1.876865e+07,1.241587e+02,1.430641e+06,8.892810e+01,,,,105
2018-04-26 08:07:34.000000,2.681156e+07,1.876844e+07,1.241586e+02,1.430641e+06,8.892808e+01,,,,105
2018-04-26 08:07:35.000000,2.681141e+07,1.876827e+07,1.241582e+02,1.430641e+06,8.892807e+01,,,,105
2018-04-26 08:07:36.000000,2.681129e+07,1.876735e+07,1.241577e+02,1.430640e+06,8.892806e+01,,,,105
2018-04-26 08:07:37.000000,2.681116e+07,1.876723e+07,1.241577e+02,1.430640e+06,8.892805e+01,,,,105
2018-04-26 08:07:38.000000,2.681106e+07,1.876748e+07,1.241577e+02,1.430639e+06,8.892804e+01,,,,105
2018-04-26 08:07:39.000000,2.681092e+07,1.876679e+07,1.241573e+02,1.430639e+06,8.892803e+01,,,,105
2018-04-26 08:07:40.000000,2.681079e+07,1.876807e+07,1.241581e+02,1.430638e+06,8.892801e+01,,,,105
2018-04-26 08:07:41.000000,2.681065e+07,1.876777e+07,1.241580e+02,1.430638e+06,8.892800e+01,,,,105
2018-04-26 08:07:42.000000,2.681052e+07,1.876751e+07,1.241578e+02,1.430638e+06,8.892799e+01,,,,105
2018-04-26 08:07:43.000000,2.681042e+07,1.876824e+07,1.241582e+02,1.430637e+06,8.892798e+01,,,,105
2018-04-26 08:07:44.000000,2.681030e+07,1.876771e+07,1.241578e+02,1.430637e+06,8.892797e+01,,,,105
2018-04-26 08:07:45.000000,2.681016e+07,1.876755e+07,1.241579e+02,1.430636e+06,8.892796e+01,,,,105
2018-04-26 08:07:46.000000,2.681001e+07,1.876673e+07,1.241573e+02,1.430636e+06,8.892794e+01,,,,105
2018-04-26 08:07:47.000000,2.680989e+07,1.876642e+07,1.241570e+02,1.430635e+06,8.892793e+01,,,,105
2018-04-26 08:07:48.000000,2.680976e+07,1.876716e+07,1.241574e+02,1.430635e+06,8.892792e+01,,,,105
2018-04-26 08:07:49.000000,2.680965e+07,1.876605e+07,1.241568e+02,1.430634e+06,8.892791e+01,,,,105
2018-04-26 08:07:50.000000,2.680953e+07,1.876587e+07,1.241566e+02,1.430634e+06,8.892790e+01,,,,105
2018-04-26 08:07:51.000000,2.680938e+07,1.876683e+07,1.241571e+02,1.430634e+06,8.892788e+01,,,,105
2018-04-26 08:07:52.000000,2.680925e+07,1.876669e+07,1.241571e+02,1.430633e+06,8.892787e+01,,,,105
2018-04-26 08:07:53.000000,2.680912e+07,1.876739e+07,1.241575e+02,1.430633e+06,8.892786e+01,,,,105
2018-04-26 08:07:54.000000,2.680901e+07,1.876690e+07,1.241572e+02,1.430632e+06,8.892785e+01,,,,105
2018-04-26 08:07:55.000000,2.680889e+07,1.876673e+07,1.241572e+02,1.430632e+06,8.892784e+01,,,,105
2018-04-26 08:07:56.000000,2.680876e+07,1.876724e+07,1.241573e+02,1.430631e+06,8.892782e+01,,,,105
2018-04-26 08:07:57.000000,2.680861e+07,1.876574e+07,1.241565e+02,1.430631e+06,8.892781e+01,,,,105
2018-04-26 08:07:58.000000,2.680848e+07,1.876630e+07,1.241567e+02,1.430630e+06,8.892780e+01,,,,105
2018-04-26 08:07:59.000000,2.680835e+07,1.876560e+07,1.241563e+02,1.430630e+06,8.892779e+01,,,,105
2018-04-26 08:08:00.000000,2.680824e+07,1.876509e+07,1.241559e+02,1.430629e+06,8.892777e+01,,,,105
2018-04-26 08:08:01.000000,2.680812e+07,1.876556e+07,1.241561e+02,1.430629e+06,8.892776e+01,,,,105
2018-04-26 08:08:02.000000,2.680799e+07,1.876490e+07,1.241558e+02,1.430628e+06,8.892775e+01,,,,105
2018-04-26 08:08:03.000000,2.680783e+07,1.876646e+07,1.241568e+02,1.430628e+06,8.892774e+01,,,,105
2018-04-26 08:08:04.000000,2.680771e+07,1.876591e+07,1.241564e+02,1.430627e+06,8.892772e+01,,,,105
2018-04-26 08:08:05.000000,2.680759e+07,1.876589e+07,1.241565e+02,1.430626e+06,8.892771e+01,,,,105
2018-04-26 08:08:06.000000,2.680747e+07,1.876664e+07,1.241570e+02,1.430626e+06,8.892770e+01,,,,105
2018-04-26 08:08:07.000000,2.680733e+07,1.876580e+07,1.241564e+02,1.430625e+06,8.892769e+01,,,,105
2018-04-26 08:08:08.000000,2.680719e+07,1.876547e+07,1.241560e+02,1.430625e+06,8.892767e+01,,,,105
2018-04-26 08:08:09.000000,2.680706e+07,1.876525e+07,1.241558e+02,1.430624e+06,8.892766e+01,,,,105
2018-04-26 08:08:10.000000,2.680693e+07,1.876453e+07,1.241555e+02,1.430624e+06,8.892765e+01,,,,105
2018-04-26 08:08:11.000000,2.680682e+07,1.876469e+07,1.241555e+02,1.430623e+06,8.892763e+01,,,,105
2018-04-26 08:08:12.000000,2.680669e+07,1.876427e+07,1.241552e+02,1.430623e+06,8.892762e+01,,,,105
2018-04-26 08:08:13.000000,2.680656e+07,1.876396e+07,1.241551e+02,1.430622e+06,8.892761e+01,,,,105
2018-04-26 08:08:14.000000,2.680641e+07,1.876494e+07,1.241556e+02,1.430621e+06,8.892760e+01,,,,105
2018-04-26 08:08:15.000000,2.680628e+07,1.876481e+07,1.241555e+02,1.430621e+06,8.892758e+01,,,,105
2018-04-26 08:08:16.000000,2.680615e+07,1.876468e+07,1.241556e+02,1.430620e+06,8.892757e+01,,,,105
2018-04-26 08:08:17.000000,2.680604e+07,1.876490e+07,1.241557e+02,1.430620e+06,8.892756e+01,,,,105
2018-04-26 08:08:18.000000,2.680592e+07,1.876481e+07,1.241556e+02,1.430619e+06,8.892754e+01,,,,105
2018-04-26 08:08:19.000000,2.680576e+07,1.876442e+07,1.241552e+02,1.430619e+06,8.892753e+01,,,,105
2018-04-26 08:08:20.000000,2.680563e+07,1.876374e+07,1.241547e+02,1.430618e+06,8.892752e+01,,,,105
2018-04-26 08:08:21.000000,2.680549e+07,1.876360e+07,1.241546e+02,1.430617e+06,8.892750e+01,,,,105
2018-04-26 08:08:22.000000,2.680538e+07,1.876340e+07,1.241545e+02,1.430617e+06,8.892749e+01,,,,105
2018-04-26 08:08:23.000000,2.680526e+07,1.876315e+07,1.241544e+02,1.430616e+06,8.892748e+01,,,,105
2018-04-26 08:08:24.000000,2.680512e+07,1.876388e+07,1.241547e+02,1.430616e+06,8.892746e+01,,,,105
2018-04-26 08:08:25.000000,2.680497e+07,1.876394e+07,1.241550e+02,1.430615e+06,8.892745e+01,,,,105
2018-04-26 08:08:26.000000,2.680485e+07,1.876383e+07,1.241549e+02,1.430614e+06,8.892744e+01,,,,105
2018-04-26 08:08:27.000000,2.680471e+07,1.876435e+07,1.241551e+02,1.430614e+06,8.892742e+01,,,,105
2018-04-26 08:08:28.000000,2.680460e+07,1.876399e+07,1.241549e+02,1.430613e+06,8.892741e+01,,,,105
2018-04-26 08:08:29.000000,2.680447e+07,1.876470e+07,1.241553e+02,1.430612e+06,8.892740e+01,,,,105
2018-04-26 08:08:30.000000,2.680434e+07,1.876396e+07,1.241550e+02,1.430612e+06,8.892738e+01,,,,105
2018-04-26 08:08:31.000000,2.680419e+07,1.876283e+07,1.241541e+02,1.430611e+06,8.892737e+01,,,,105
2018-04-26 08:08:32.000000,2.680406e+07,1.876325e+07,1.241543e+02,1.430610e+06,8.892735e+01,,,,105
2018-04-26 08:08:33.000000,2.680394e+07,1.876237e+07,1.241537e+02,1.430610e+06,8.892734e+01,,,,105
2018-04-26 08:08:34.000000,2.680381e+07,1.876297e+07,1.241540e+02,1.430609e+06,8.892733e+01,,,,105
2018-04-26 08:08:35.000000,2.680368e+07,1.876229e+07,1.241537e+02,1.430608e+06,8.892731e+01,,,,105
2018-04-26 08:08:36.000000,2.680353e+07,1.876292e+07,1.241541e+02,1.430608e+06,8.892730e+01,,,,105
2018-04-26 08:08:37.000000,2.680340e+07,1.876346e+07,1.241545e+02,1.430607e+06,8.892728e+01,,,,105
2018-04-26 08:08:38.000000,2.680326e+07,1.876284e+07,1.241540e+02,1.430606e+06,8.892727e+01,,,,105
2018-04-26 08:08:39.000000,2.680315e+07,1.876379e+07,1.241545e+02,1.430606e+06,8.892725e+01,,,,105
2018-04-26 08:08:40.000000,2.680303e+07,1.876317e+07,1.241542e+02,1.430605e+06,8.892724e+01,,,,105
2018-04-26 08:08:41.000000,2.680289e+07,1.876284e+07,1.241541e+02,1.430604e+06,8.892723e+01,,,,105
2018-04-26 08:08:42.000000,2.680273e+07,1.876245e+07,1.241537e+02,1.430604e+06,8.892721e+01,,,,105
2018-04-26 08:08:43.000000,2.680261e+07,1.876175e+07,1.241533e+02,1.430603e+06,8.892720e+01,,,,105
2018-04-26 08:08:44.000000,2.680247e+07,1.876162e+07,1.241532e+02,1.430602e+06,8.892718e+01,,,,105
2018-04-26 08:08:45.000000,2.680236e+07,1.876144e+07,1.241529e+02,1.430602e+06,8.892717e+01,,,,105
2018-04-26 08:08:46.000000,2.680223e+07,1.876114e+07,1.241528e+02,1.430601e+06,8.892715e+01,,,,105
2018-04-26 08:08:47.000000,2.680208e+07,1.876250e+07,1.241536e+02,1.430600e+06,8.892714e+01,,,,105
2018-04-26 08:08:48.000000,2.680194e+07,1.876203e+07,1.241533e+02,1.430599e+06,8.892712e+01,,,,105
2018-04-26 08:08:49.000000,2.680180e+07,1.876186e+07,1.241533e+02,1.430599e+06,8.892711e+01,,,,105
2018-04-26 08:08:50.000000,2.680169e+07,1.876221e+07,1.241536e+02,1.430598e+06,8.892709e+01,,,,105
2018-04-26 08:08:51.000000,2.680157e+07,1.876197e+07,1.241534e+02,1.430597e+06,8.892708e+01,,,,105
2018-04-26 08:08:52.000000,2.680143e+07,1.876188e+07,1.241533e+02,1.430596e+06,8.892707e+01,,,,105
2018-04-26 08:08:53.000000,2.680128e+07,1.876092e+07,1.241527e+02,1.430596e+06,8.892705e+01,,,,105
2018-04-26 08:08:54.000000,2.680114e+07,1.876073e+07,1.241525e+02,1.430595e+06,8.892704e+01,,,,105
2018-04-26 08:08:55.000000,2.680101e+07,1.876158e+07,1.241529e+02,1.430594e+06,8.892702e+01,,,,105
2018-04-26 08:08:56.000000,2.680090e+07,1.876035e+07,1.241523e+02,1.430593e+06,8.892700e+01,,,,105
2018-04-26 08:08:57.000000,2.680077e+07,1.876095e+07,1.241525e+02,1.430593e+06,8.892699e+01,,,,105
2018-04-26 08:08:58.000000,2.680063e+07,1.876078e+07,1.241524e+02,1.430592e+06,8.892698e+01,,,,105
2018-04-26 08:08:59.000000,2.680047e+07,1.876096e+07,1.241527e+02,1.430591e+06,8.892696e+01,,,,105
2018-04-26 08:09:00.000000,2.680034e+07,1.876146e+07,1.241528e+02,1.430590e+06,8.892694e+01,,,,105
2018-04-26 08:09:01.000000,2.680022e+07,1.876115e+07,1.241527e+02,1.430590e+06,8.892693e+01,,,,105
2018-04-26 08:09:02.000000,2.680010e+07,1.876100e+07,1.241527e+02,1.430589e+06,8.892691e+01,,,,105
2018-04-26 08:09:03.000000,2.679996e+07,1.876109e+07,1.241527e+02,1.430588e+06,8.892690e+01,,,,105
2018-04-26 08:09:04.000000,2.679981e+07,1.875994e+07,1.241519e+02,1.430587e+06,8.892688e+01,,,,105
2018-04-26 08:09:05.000000,2.679967e+07,1.876064e+07,1.241522e+02,1.430586e+06,8.892687e+01,,,,105
2018-04-26 08:09:06.000000,2.679953e+07,1.875970e+07,1.241517e+02,1.430586e+06,8.892685e+01,,,,105
2018-04-26 08:09:07.000000,2.679942e+07,1.876005e+07,1.241519e+02,1.430585e+06,8.892683e+01,,,,105
2018-04-26 08:09:08.000000,2.679929e+07,1.875989e+07,1.241517e+02,1.430584e+06,8.892682e+01,,,,105
2018-04-26 08:09:09.000000,2.679916e+07,1.875910e+07,1.241514e+02,1.430583e+06,8.892680e+01,,,,105
2018-04-26 08:09:10.000000,2.679900e+07,1.876046e+07,1.241522e+02,1.430582e+06,8.892679e+01,,,,105
2018-04-26 08:09:11.000000,2.679887e+07,1.876013e+07,1.241520e+02,1.430581e+06,8.892677e+01,,,,105
2018-04-26 08:09:12.000000,2.679873e+07,1.875980e+07,1.241519e+02,1.430581e+06,8.892676e+01,,,,105
2018-04-26 08:09:13.000000,2.679862e+07,1.876016e+07,1.241520e+02,1.430580e+06,8.892674e+01,,,,105
2018-04-26 08:09:14.000000,2.679848e+07,1.875996e+07,1.241519e+02,1.430579e+06,8.892672e+01,,,,105
2018-04-26 08:09:15.000000,2.679833e+07,1.875982e+07,1.241516e+02,1.430578e+06,8.892671e+01,,,,105
2018-04-26 08:09:16.000000,2.679819e+07,1.875887e+07,1.241510e+02,1.430577e+06,8.892669e+01,,,,105
2018-04-26 08:09:17.000000,2.679805e+07,1.875867e+07,1.241510e+02,1.430576e+06,8.892667e+01,,,,105
2018-04-26 08:09:18.000000,2.679794e+07,1.875899e+07,1.241510e+02,1.430576e+06,8.892666e+01,,,,105
2018-04-26 08:09:19.000000,2.679781e+07,1.875823e+07,1.241508e+02,1.430575e+06,8.892664e+01,,,,105
2018-04-26 08:09:20.000000,2.679767e+07,1.875892e+07,1.241511e+02,1.430574e+06,8.892663e+01,,,,105
2018-04-26 08:09:21.000000,2.679751e+07,1.875917e+07,1.241513e+02,1.430573e+06,8.892661e+01,,,,105
2018-04-26 08:09:22.000000,2.679738e+07,1.875894e+07,1.241511e+02,1.430572e+06,8.892659e+01,,,,105
2018-04-26 08:09:23.000000,2.679724e+07,1.875942e+07,1.241514e+02,1.430571e+06,8.892658e+01,,,,105
2018-04-26 08:09:24.000000,2.679713e+07,1.875907e+07,1.241512e+02,1.430570e+06,8.892656e+01,,,,105
2018-04-26 08:09:25.000000,2.679700e+07,1.875894e+07,1.241511e+02,1.430569e+06,8.892654e+01,,,,105
2018-04-26 08:09:26.000000,2.679686e+07,1.875902e+07,1.241512e+02,1.430569e+06,8.892652e+01,,,,105
2018-04-26 08:09:27.000000,2.679670e+07,1.875787e+07,1.241504e+02,1.430568e+06,8.892651e+01,,,,105
2018-04-26 08:09:28.000000,2.679656e+07,1.875864e+07,1.241507e+02,1.430567e+06,8.892649e+01,,,,105
2018-04-26 08:09:29.000000,2.679645e+07,1.875744e+07,1.241502e+02,1.430566e+06,8.892647e+01,,,,105
2018-04-26 08:09:30.000000,2.679632e+07,1.875800e+07,1.241504e+02,1.430565e+06,8.892646e+01,,,,105
2018-04-26 08:09:31.000000,2.679618e+07,1.875786e+07,1.241502e+02,1.430564e+06,8.892644e+01,,,,105
2018-04-26 08:09:32.000000,2.679603e+07,1.875799e+07,1.241506e+02,1.430563e+06,8.892642e+01,,,,105
2018-04-26 08:09:33.000000,2.679589e+07,1.875851e+07,1.241508e+02,1.430562e+06,8.892640e+01,,,,105
2018-04-26 08:09:34.000000,2.679575e+07,1.875802e+07,1.241505e+02,1.430561e+06,8.892639e+01,,,,105
2018-04-26 08:09:35.000000,2.679563e+07,1.875802e+07,1.241505e+02,1.430560e+06,8.892637e+01,,,,105
2018-04-26 08:09:36.000000,2.679550e+07,1.875809e+07,1.241506e+02,1.430559e+06,8.892635e+01,,,,105
2018-04-26 08:09:37.000000,2.679536e+07,1.875789e+07,1.241504e+02,1.430558e+06,8.892633e+01,,,,105
2018-04-26 08:09:38.000000,2.679520e+07,1.875776e+07,1.241502e+02,1.430557e+06,8.892632e+01,,,,105
2018-04-26 08:09:39.000000,2.679507e+07,1.875674e+07,1.241497e+02,1.430557e+06,8.892630e+01,,,,105
2018-04-26 08:09:40.000000,2.679495e+07,1.875708e+07,1.241498e+02,1.430556e+06,8.892628e+01,,,,105
2018-04-26 08:09:41.000000,2.679481e+07,1.875694e+07,1.241496e+02,1.430555e+06,8.892626e+01,,,,105
2018-04-26 08:09:42.000000,2.679467e+07,1.875613e+07,1.241492e+02,1.430554e+06,8.892624e+01,,,,105
2018-04-26 08:09:43.000000,2.679452e+07,1.875746e+07,1.241500e+02,1.430553e+06,8.892623e+01,,,,105
2018-04-26 08:09:44.000000,2.679438e+07,1.875712e+07,1.241499e+02,1.430552e+06,8.892621e+01,,,,105
2018-04-26 08:09:45.000000,2.679424e+07,1.875682e+07,1.241496e+02,1.430551e+06,8.892619e+01,,,,105
2018-04-26 08:09:46.000000,2.679413e+07,1.875715e+07,1.241499e+02,1.430550e+06,8.892617e+01,,,,105
2018-04-26 08:09:47.000000,2.679399e+07,1.875696e+07,1.241497e+02,1.430549e+06,8.892615e+01,,,,105
2018-04-26 08:09:48.000000,2.679385e+07,1.875682e+07,1.241498e+02,1.430548e+06,8.892614e+01,,,,105
2018-04-26 08:09:49.000000,2.679369e+07,1.875586e+07,1.241491e+02,1.430547e+06,8.892612e+01,,,,105
2018-04-26 08:09:50.000000,2.679356e+07,1.875567e+07,1.241489e+02,1.430546e+06,8.892610e+01,,,,105
2018-04-26 08:09:51.000000,2.679342e+07,1.875654e+07,1.241494e+02,1.430545e+06,8.892608e+01,,,,105
2018-04-26 08:09:52.000000,2.679330e+07,1.875528e+07,1.241488e+02,1.430544e+06,8.892606e+01,,,,105
2018-04-26 08:09:53.000000,2.679317e+07,1.875590e+07,1.241490e+02,1.430543e+06,8.892604e+01,,,,105
2018-04-26 08:09:54.000000,2.679301e+07,1.875615e+07,1.241493e+02,1.430542e+06,8.892602e+01,,,,105
2018-04-26 08:09:55.000000,2.679287e+07,1.875589e+07,1.241492e+02,1.430541e+06,8.892600e+01,,,,105
2018-04-26 08:09:56.000000,2.679273e+07,1.875639e+07,1.241493e+02,1.430540e+06,8.892599e+01,,,,105
2018-04-26 08:09:57.000000,2.679261e+07,1.875604e+07,1.241492e+02,1.430539e+06,8.892597e+01,,,,105
2018-04-26 08:09:58.000000,2.679248e+07,1.875591e+07,1.241490e+02,1.430538e+06,8.892595e+01,,,,105
2018-04-26 08:09:59.000000,2.679234e+07,1.875598e+07,1.241492e+02,1.430537e+06,8.892593e+01,,,,105
2018-04-26 08:10:00.000000,2.679219e+07,1.875483e+07,1.241485e+02,1.430536e+06,8.892591e+01,,,,105
2018-04-26 08:10:01.000000,2.679204e+07,1.875556e+07,1.241487e+02,1.430535e+06,8.892589e+01,,,,105
2018-04-26 08:10:02.000000,2.679190e+07,1.875460e+07,1.241481e+02,1.430534e+06,8.892587e+01,,,,105
2018-04-26 08:10:03.000000,2.679178e+07,1.875496e+07,1.241484e+02,1.430533e+06,8.892585e+01,,,,105
2018-04-26 08:10:04.000000,2.679165e+07,1.875478e+07,1.241482e+02,1.430532e+06,8.892583e+01,,,,105
2018-04-26 08:10:05.000000,2.679151e+07,1.875399e+07,1.241477e+02,1.430531e+06,8.892581e+01,,,,105
2018-04-26 08:10:06.000000,2.679135e+07,1.875535e+07,1.241486e+02,1.430529e+06,8.892579e+01,,,,105
2018-04-26 08:10:07.000000,2.679122e+07,1.875498e+07,1.241484e+02,1.430528e+06,8.892577e+01,,,,105
2018-04-26 08:10:08.000000,2.679109e+07,1.875495e+07,1.241485e+02,1.430527e+06,8.892575e+01,,,,105
2018-04-26 08:10:09.000000,2.679096e+07,1.875502e+07,1.241486e+02,1.430526e+06,8.892573e+01,,,,105
2018-04-26 08:10:10.000000,2.679081e+07,1.875479e+07,1.241484e+02,1.430525e+06,8.892571e+01,,,,105
2018-04-26 08:10:11.000000,2.679066e+07,1.875471e+07,1.241481e+02,1.430524e+06,8.892569e+01,,,,105
2018-04-26 08:10:12.000000,2.679052e+07,1.875369e+07,1.241476e+02,1.430523e+06,8.892567e+01,,,,105
2018-04-26 08:10:13.000000,2.679038e+07,1.875351e+07,1.241475e+02,1.430522e+06,8.892565e+01,,,,105
2018-04-26 08:10:14.000000,2.679026e+07,1.875383e+07,1.241476e+02,1.430521e+06,8.892563e+01,,,,105
2018-04-26 08:10:15.000000,2.679012e+07,1.875307e+07,1.241473e+02,1.430520e+06,8.892561e+01,,,,105
2018-04-26 08:10:16.000000,2.678998e+07,1.875379e+07,1.241476e+02,1.430519e+06,8.892559e+01,,,,105
2018-04-26 08:10:17.000000,2.678982e+07,1.875398e+07,1.241479e+02,1.430518e+06,8.892557e+01,,,,105
2018-04-26 08:10:18.000000,2.678969e+07,1.875373e+07,1.241477e+02,1.430517e+06,8.892555e+01,,,,105
2018-04-26 08:10:19.000000,2.678954e+07,1.875423e+07,1.241480e+02,1.430515e+06,8.892553e+01,,,,105
2018-04-26 08:10:20.000000,2.678942e+07,1.875389e+07,1.241477e+02,1.430514e+06,8.892550e+01,,,,105
2018-04-26 08:10:21.000000,2.678929e+07,1.875374e+07,1.241478e+02,1.430513e+06,8.892548e+01,,,,105
2018-04-26 08:10:22.000000,2.678913e+07,1.875277e+07,1.241471e+02,1.430512e+06,8.892546e+01,,,,105
2018-04-26 08:10:23.000000,2.678898e+07,1.875255e+07,1.241469e+02,1.430511e+06,8.892544e+01,,,,105
2018-04-26 08:10:24.000000,2.678884e+07,1.875345e+07,1.241473e+02,1.430510e+06,8.892542e+01,,,,105
2018-04-26 08:10:25.000000,2.678872e+07,1.875219e+07,1.241467e+02,1.430509e+06,8.892540e+01,,,,105
2018-04-26 08:10:26.000000,2.678859e+07,1.875279e+07,1.241469e+02,1.430508e+06,8.892538e+01,,,,105
2018-04-26 08:10:27.000000,2.678844e+07,1.875260e+07,1.241469e+02,1.430507e+06,8.892536e+01,,,,105
2018-04-26 08:10:28.000000,2.678829e+07,1.875274e+07,1.241471e+02,1.430505e+06,8.892533e+01,,,,105
2018-04-26 08:10:29.000000,2.678815e+07,1.875328e+07,1.241473e+02,1.430504e+06,8.892531e+01,,,,105
2018-04-26 08:10:30.000000,2.678800e+07,1.875281e+07,1.241470e+02,1.430503e+06,8.892529e+01,,,,105
2018-04-26 08:10:31.000000,2.678788e+07,1.875275e+07,1.241472e+02,1.430502e+06,8.892527e+01,,,,105
2018-04-26 08:10:32.000000,2.678775e+07,1.875285e+07,1.241472e+02,1.430501e+06,8.892525e+01,,,,105
2018-04-26 08:10:33.000000,2.678760e+07,1.875261e+07,1.241470e+02,1.430500e+06,8.892522e+01,,,,105
2018-04-26 08:10:34.000000,2.678744e+07,1.875252e+07,1.241468e+02,1.430498e+06,8.892520e+01,,,,105
2018-04-26 08:10:35.000000,2.678731e+07,1.875146e+07,1.241463e+02,1.430497e+06,8.892518e+01,,,,105
2018-04-26 08:10:36.000000,2.678718e+07,1.875182e+07,1.241465e+02,1.430496e+06,8.892516e+01,,,,105
2018-04-26 08:10:37.000000,2.678704e+07,1.875167e+07,1.241463e+02,1.430495e+06,8.892513e+01,,,,105
2018-04-26 08:10:38.000000,2.678690e+07,1.875083e+07,1.241460e+02,1.430494e+06,8.892511e+01,,,,105
2018-04-26 08:10:39.000000,2.678674e+07,1.875218e+07,1.241467e+02,1.430493e+06,8.892509e+01,,,,105
2018-04-26 08:10:40.000000,2.678660e+07,1.875185e+07,1.241465e+02,1.430491e+06,8.892507e+01,,,,105
2018-04-26 08:10:41.000000,2.678646e+07,1.875150e+07,1.241464e+02,1.430490e+06,8.892504e+01,,,,105
2018-04-26 08:10:42.000000,2.678634e+07,1.875185e+07,1.241467e+02,1.430489e+06,8.892502e+01,,,,105
2018-04-26 08:10:43.000000,2.678620e+07,1.875164e+07,1.241465e+02,1.430488e+06,8.892500e+01,,,,105
2018-04-26 08:10:44.000000,2.678606e+07,1.875152e+07,1.241464e+02,1.430487e+06,8.892497e+01,,,,105
2018-04-26 08:10:45.000000,2.678589e+07,1.875052e+07,1.241458e+02,1.430485e+06,8.892495e+01,,,,105
2018-04-26 08:10:46.000000,2.678576e+07,1.875033e+07,1.241457e+02,1.430484e+06,8.892493e+01,,,,105
2018-04-26 08:10:47.000000,2.678561e+07,1.875125e+07,1.241460e+02,1.430483e+06,8.892490e+01,,,,105
2018-04-26 08:10:48.000000,2.678549e+07,1.874995e+07,1.241453e+02,1.430482e+06,8.892488e+01,,,,105
2018-04-26 08:10:49.000000,2.678535e+07,1.875058e+07,1.241457e+02,1.430481e+06,8.892485e+01,,,,105
2018-04-26 08:10:50.000000,2.678519e+07,1.875081e+07,1.241459e+02,1.430479e+06,8.892483e+01,,,,105
2018-04-26 08:10:51.000000,2.678505e+07,1.875052e+07,1.241458e+02,1.430478e+06,8.892481e+01,,,,105
2018-04-26 08:10:52.000000,2.678490e+07,1.875105e+07,1.241461e+02,1.430477e+06,8.892478e+01,,,,105
2018-04-26 08:10:53.000000,2.678478e+07,1.875067e+07,1.241459e+02,1.430476e+06,8.892476e+01,,,,105
2018-04-26 08:10:54.000000,2.678464e+07,1.875053e+07,1.241458e+02,1.430475e+06,8.892473e+01,,,,105
2018-04-26 08:10:55.000000,2.678450e+07,1.875061e+07,1.241460e+02,1.430473e+06,8.892471e+01,,,,105
2018-04-26 08:10:56.000000,2.678434e+07,1.874946e+07,1.241451e+02,1.430472e+06,8.892468e+01,,,,105
2018-04-26 08:10:57.000000,2.678420e+07,1.875025e+07,1.241455e+02,1.430471e+06,8.892466e+01,,,,105
2018-04-26 08:10:58.000000,2.678405e+07,1.874920e+07,1.241450e+02,1.430470e+06,8.892464e+01,,,,105
2018-04-26 08:10:59.000000,2.678393e+07,1.874962e+07,1.241451e+02,1.430468e+06,8.892461e+01,,,,105
2018-04-26 08:11:00.000000,2.678379e+07,1.874941e+07,1.241451e+02,1.430467e+06,8.892458e+01,,,,105
2018-04-26 08:11:01.000000,2.678365e+07,1.874858e+07,1.241445e+02,1.430466e+06,8.892456e+01,,,,105
2018-04-26 08:11:02.000000,2.678348e+07,1.874996e+07,1.241454e+02,1.430465e+06,8.892453e+01,,,,105
2018-04-26 08:11:03.000000,2.678334e+07,1.874957e+07,1.241452e+02,1.430463e+06,8.892451e+01,,,,105
2018-04-26 08:11:04.000000,2.678322e+07,1.874954e+07,1.241453e+02,1.430462e+06,8.892448e+01,,,,105
2018-04-26 08:11:05.000000,2.678308e+07,1.874960e+07,1.241454e+02,1.430461e+06,8.892446e+01,,,,105
2018-04-26 08:11:06.000000,2.678293e+07,1.874941e+07,1.241451e+02,1.430460e+06,8.892443e+01,,,,105
2018-04-26 08:11:07.000000,2.678278e+07,1.874932e+07,1.241450e+02,1.430458e+06,8.892440e+01,,,,105
2018-04-26 08:11:08.000000,2.678263e+07,1.874825e+07,1.241445e+02,1.430457e+06,8.892438e+01,,,,105
2018-04-26 08:11:09.000000,2.678248e+07,1.874807e+07,1.241443e+02,1.430456e+06,8.892435e+01,,,,105
2018-04-26 08:11:10.000000,2.678236e+07,1.874841e+07,1.241444e+02,1.430454e+06,8.892433e+01,,,,105
2018-04-26 08:11:11.000000,2.678222e+07,1.874762e+07,1.241441e+02,1.430453e+06,8.892430e+01,,,,105
2018-04-26 08:11:12.000000,2.678208e+07,1.874838e+07,1.241444e+02,1.430452e+06,8.892428e+01,,,,105
2018-04-26 08:11:13.000000,2.678191e+07,1.874853e+07,1.241447e+02,1.430451e+06,8.892425e+01,,,,105
2018-04-26 08:11:14.000000,2.678178e+07,1.874827e+07,1.241445e+02,1.430449e+06,8.892422e+01,,,,105
2018-04-26 08:11:15.000000,2.678165e+07,1.874861e+07,1.241447e+02,1.430448e+06,8.892419e+01,,,,105
2018-04-26 08:11:16.000000,2.678150e+07,1.874841e+07,1.241446e+02,1.430447e+06,8.892417e+01,,,,105
2018-04-26 08:11:17.000000,2.678136e+07,1.874825e+07,1.241446e+02,1.430445e+06,8.892414e+01,,,,105
2018-04-26 08:11:18.000000,2.678120e+07,1.874730e+07,1.241440e+02,1.430444e+06,8.892411e+01,,,,105
2018-04-26 08:11:19.000000,2.678105e+07,1.874708e+07,1.241438e+02,1.430443e+06,8.892409e+01,,,,105
2018-04-26 08:11:20.000000,2.678091e+07,1.874800e+07,1.241443e+02,1.430441e+06,8.892406e+01,,,,105
2018-04-26 08:11:21.000000,2.678078e+07,1.874670e+07,1.241437e+02,1.430440e+06,8.892403e+01,,,,105
2018-04-26 08:11:22.000000,2.678065e+07,1.874733e+07,1.241440e+02,1.430439e+06,8.892400e+01,,,,105
2018-04-26 08:11:23.000000,2.678050e+07,1.874715e+07,1.241438e+02,1.430437e+06,8.892398e+01,,,,105
2018-04-26 08:11:24.000000,2.678034e+07,1.874723e+07,1.241441e+02,1.430436e+06,8.892395e+01,,,,105
2018-04-26 08:11:25.000000,2.678020e+07,1.874779e+07,1.241443e+02,1.430435e+06,8.892392e+01,,,,105
2018-04-26 08:11:26.000000,2.678005e+07,1.874729e+07,1.241439e+02,1.430434e+06,8.892389e+01,,,,105
2018-04-26 08:11:27.000000,2.677992e+07,1.874726e+07,1.241440e+02,1.430432e+06,8.892386e+01,,,,105
2018-04-26 08:11:28.000000,2.677979e+07,1.874734e+07,1.241442e+02,1.430431e+06,8.892383e+01,,,,105
2018-04-26 08:11:29.000000,2.677962e+07,1.874619e+07,1.241435e+02,1.430429e+06,8.892380e+01,,,,105
2018-04-26 08:11:30.000000,2.677947e+07,1.874696e+07,1.241437e+02,1.430428e+06,8.892378e+01,,,,105
2018-04-26 08:11:31.000000,2.677932e+07,1.874595e+07,1.241432e+02,1.430427e+06,8.892375e+01,,,,105
2018-04-26 08:11:32.000000,2.677920e+07,1.874631e+07,1.241435e+02,1.430425e+06,8.892372e+01,,,,105
2018-04-26 08:11:33.000000,2.677906e+07,1.874615e+07,1.241432e+02,1.430424e+06,8.892369e+01,,,,105
2018-04-26 08:11:34.000000,2.677891e+07,1.874531e+07,1.241427e+02,1.430423e+06,8.892366e+01,,,,105
2018-04-26 08:11:35.000000,2.677875e+07,1.874669e+07,1.241436e+02,1.430421e+06,8.892363e+01,,,,105
2018-04-26 08:11:36.000000,2.677861e+07,1.874629e+07,1.241434e+02,1.430420e+06,8.892360e+01,,,,105
2018-04-26 08:11:37.000000,2.677846e+07,1.874597e+07,1.241433e+02,1.430419e+06,8.892357e+01,,,,105
2018-04-26 08:11:38.000000,2.677833e+07,1.874628e+07,1.241436e+02,1.430417e+06,8.892354e+01,,,,105
2018-04-26 08:11:39.000000,2.677819e+07,1.874606e+07,1.241434e+02,1.430416e+06,8.892351e+01,,,,105
2018-04-26 08:11:40.000000,2.677805e+07,1.874593e+07,1.241433e+02,1.430415e+06,8.892348e+01,,,,105
2018-04-26 08:11:41.000000,2.677788e+07,1.874495e+07,1.241427e+02,1.430413e+06,8.892345e+01,,,,105
2018-04-26 08:11:42.000000,2.677774e+07,1.874476e+07,1.241425e+02,1.430412e+06,8.892342e+01,,,,105
2018-04-26 08:11:43.000000,2.677761e+07,1.874510e+07,1.241426e+02,1.430410e+06,8.892339e+01,,,,105
2018-04-26 08:11:44.000000,2.677747e+07,1.874432e+07,1.241423e+02,1.430409e+06,8.892336e+01,,,,105
2018-04-26 08:11:45.000000,2.677732e+07,1.874505e+07,1.241427e+02,1.430408e+06,8.892333e+01,,,,105
2018-04-26 08:11:46.000000,2.677716e+07,1.874524e+07,1.241429e+02,1.430406e+06,8.892330e+01,,,,105
2018-04-26 08:11:47.000000,2.677701e+07,1.874494e+07,1.241428e+02,1.430405e+06,8.892327e+01,,,,105
2018-04-26 08:11:48.000000,2.677686e+07,1.874550e+07,1.241431e+02,1.430404e+06,8.892324e+01,,,,105
2018-04-26 08:11:49.000000,2.677673e+07,1.874505e+07,1.241430e+02,1.430402e+06,8.892321e+01,,,,105
2018-04-26 08:11:50.000000,2.677659e+07,1.874491e+07,1.241428e+02,1.430401e+06,8.892318e+01,,,,105
2018-04-26 08:11:51.000000,2.677644e+07,1.874498e+07,1.241430e+02,1.430400e+06,8.892315e+01,,,,105
2018-04-26 08:11:52.000000,2.677628e+07,1.874383e+07,1.241421e+02,1.430398e+06,8.892311e+01,,,,105
2018-04-26 08:11:53.000000,2.677613e+07,1.874464e+07,1.241426e+02,1.430397e+06,8.892308e+01,,,,105
2018-04-26 08:11:54.000000,2.677598e+07,1.874354e+07,1.241420e+02,1.430395e+06,8.892305e+01,,,,105
2018-04-26 08:11:55.000000,2.677586e+07,1.874400e+07,1.241422e+02,1.430394e+06,8.892302e+01,,,,105
2018-04-26 08:11:56.000000,2.677572e+07,1.874381e+07,1.241421e+02,1.430393e+06,8.892299e+01,,,,105
2018-04-26 08:11:57.000000,2.677555e+07,1.874386e+07,1.241423e+02,1.430391e+06,8.892295e+01,,,,105
2018-04-26 08:11:58.000000,2.677540e+07,1.874442e+07,1.241425e+02,1.430390e+06,8.892292e+01,,,,105
2018-04-26 08:11:59.000000,2.677525e+07,1.874394e+07,1.241422e+02,1.430389e+06,8.892289e+01,,,,105
2018-04-26 08:12:00.000000,2.677512e+07,1.874386e+07,1.241424e+02,1.430387e+06,8.892286e+01,,,,105
2018-04-26 08:12:01.000000,2.677498e+07,1.874396e+07,1.241424e+02,1.430386e+06,8.892283e+01,,,,105
2018-04-26 08:12:02.000000,2.677483e+07,1.874366e+07,1.241423e+02,1.430384e+06,8.892279e+01,,,,105
2018-04-26 08:12:03.000000,2.677467e+07,1.874364e+07,1.241419e+02,1.430383e+06,8.892276e+01,,,,105
2018-04-26 08:12:04.000000,2.677452e+07,1.874256e+07,1.241414e+02,1.430382e+06,8.892273e+01,,,,105
2018-04-26 08:12:05.000000,2.677437e+07,1.874237e+07,1.241414e+02,1.430380e+06,8.892270e+01,,,,105
2018-04-26 08:12:06.000000,2.677424e+07,1.874272e+07,1.241415e+02,1.430379e+06,8.892266e+01,,,,105
2018-04-26 08:12:07.000000,2.677410e+07,1.874190e+07,1.241411e+02,1.430377e+06,8.892263e+01,,,,105
2018-04-26 08:12:08.000000,2.677395e+07,1.874269e+07,1.241415e+02,1.430376e+06,8.892260e+01,,,,105
2018-04-26 08:12:09.000000,2.677378e+07,1.874285e+07,1.241418e+02,1.430375e+06,8.892256e+01,,,,105
2018-04-26 08:12:10.000000,2.677364e+07,1.874253e+07,1.241417e+02,1.430373e+06,8.892253e+01,,,,105
2018-04-26 08:12:11.000000,2.677350e+07,1.874287e+07,1.241420e+02,1.430372e+06,8.892249e+01,,,,105
2018-04-26 08:12:12.000000,2.677336e+07,1.874266e+07,1.241418e+02,1.430370e+06,8.892246e+01,,,,105
2018-04-26 08:12:13.000000,2.677321e+07,1.874249e+07,1.241418e+02,1.430369e+06,8.892242e+01,,,,105
2018-04-26 08:12:14.000000,2.677305e+07,1.874156e+07,1.241410e+02,1.430367e+06,8.892239e+01,,,,105
2018-04-26 08:12:15.000000,2.677290e+07,1.874132e+07,1.241409e+02,1.430366e+06,8.892235e+01,,,,105
2018-04-26 08:12:16.000000,2.677275e+07,1.874230e+07,1.241412e+02,1.430365e+06,8.892232e+01,,,,105
2018-04-26 08:12:17.000000,2.677262e+07,1.874096e+07,1.241407e+02,1.430363e+06,8.892228e+01,,,,105
2018-04-26 08:12:18.000000,2.677248e+07,1.874158e+07,1.241411e+02,1.430362e+06,8.892225e+01,,,,105
2018-04-26 08:12:19.000000,2.677233e+07,1.874143e+07,1.241408e+02,1.430360e+06,8.892222e+01,,,,105
2018-04-26 08:12:20.000000,2.677216e+07,1.874149e+07,1.241411e+02,1.430359e+06,8.892218e+01,,,,105
2018-04-26 08:12:21.000000,2.677201e+07,1.874201e+07,1.241415e+02,1.430357e+06,8.892214e+01,,,,105
2018-04-26 08:12:22.000000,2.677186e+07,1.874149e+07,1.241411e+02,1.430356e+06,8.892211e+01,,,,105
2018-04-26 08:12:23.000000,2.677173e+07,1.874146e+07,1.241411e+02,1.430355e+06,8.892207e+01,,,,105
2018-04-26 08:12:24.000000,2.677159e+07,1.874153e+07,1.241413e+02,1.430353e+06,8.892204e+01,,,,105
2018-04-26 08:12:25.000000,2.677142e+07,1.874039e+07,1.241404e+02,1.430352e+06,8.892200e+01,,,,105
2018-04-26 08:12:26.000000,2.677127e+07,1.874116e+07,1.241409e+02,1.430350e+06,8.892196e+01,,,,105
2018-04-26 08:12:27.000000,2.677112e+07,1.874011e+07,1.241402e+02,1.430349e+06,8.892193e+01,,,,105
2018-04-26 08:12:28.000000,2.677099e+07,1.874054e+07,1.241404e+02,1.430347e+06,8.892189e+01,,,,105
2018-04-26 08:12:29.000000,2.677085e+07,1.874037e+07,1.241402e+02,1.430346e+06,8.892186e+01,,,,105
2018-04-26 08:12:30.000000,2.677069e+07,1.873947e+07,1.241399e+02,1.430344e+06,8.892182e+01,,,,105
2018-04-26 08:12:31.000000,2.677053e+07,1.874086e+07,1.241407e+02,1.430343e+06,8.892178e+01,,,,105
2018-04-26 08:12:32.000000,2.677038e+07,1.874030e+07,1.241404e+02,1.430342e+06,8.892175e+01,,,,105
2018-04-26 08:12:33.000000,2.677023e+07,1.874010e+07,1.241405e+02,1.430340e+06,8.892171e+01,,,,105
2018-04-26 08:12:34.000000,2.677010e+07,1.874047e+07,1.241407e+02,1.430339e+06,8.892167e+01,,,,105
2018-04-26 08:12:35.000000,2.676996e+07,1.874021e+07,1.241405e+02,1.430337e+06,8.892164e+01,,,,105
2018-04-26 08:12:36.000000,2.676980e+07,1.874109e+07,1.241411e+02,1.430336e+06,8.892160e+01,,,,105
2018-04-26 08:12:37.000000,2.676963e+07,1.873915e+07,1.241399e+02,1.430334e+06,8.892156e+01,,,,105
2018-04-26 08:12:38.000000,2.676948e+07,1.873887e+07,1.241397e+02,1.430333e+06,8.892152e+01,,,,105
2018-04-26 08:12:39.000000,2.676935e+07,1.873872e+07,1.241395e+02,1.430331e+06,8.892148e+01,,,,105
2018-04-26 08:12:40.000000,2.676920e+07,1.873838e+07,1.241395e+02,1.430330e+06,8.892145e+01,,,,105
2018-04-26 08:12:41.000000,2.676905e+07,1.873924e+07,1.241398e+02,1.430328e+06,8.892141e+01,,,,105
2018-04-26 08:12:42.000000,2.676889e+07,1.873917e+07,1.241399e+02,1.430327e+06,8.892137e+01,,,,105
2018-04-26 08:12:43.000000,2.676873e+07,1.873902e+07,1.241399e+02,1.430325e+06,8.892133e+01,,,,105
2018-04-26 08:12:44.000000,2.676858e+07,1.873964e+07,1.241402e+02,1.430324e+06,8.892129e+01,,,,105
2018-04-26 08:12:45.000000,2.676845e+07,1.873913e+07,1.241400e+02,1.430322e+06,8.892125e+01,,,,105
2018-04-26 08:12:46.000000,2.676830e+07,1.873995e+07,1.241406e+02,1.430321e+06,8.892122e+01,,,,105
2018-04-26 08:12:47.000000,2.676815e+07,1.873911e+07,1.241400e+02,1.430320e+06,8.892118e+01,,,,105
2018-04-26 08:12:48.000000,2.676798e+07,1.873791e+07,1.241392e+02,1.430318e+06,8.892114e+01,,,,105
2018-04-26 08:12:49.000000,2.676783e+07,1.873841e+07,1.241395e+02,1.430317e+06,8.892110e+01,,,,105
2018-04-26 08:12:50.000000,2.676770e+07,1.873742e+07,1.241390e+02,1.430315e+06,8.892106e+01,,,,105
2018-04-26 08:12:51.000000,2.676755e+07,1.873814e+07,1.241393e+02,1.430314e+06,8.892102e+01,,,,105
2018-04-26 08:12:52.000000,2.676740e+07,1.873732e+07,1.241389e+02,1.430312e+06,8.892098e+01,,,,105
2018-04-26 08:12:53.000000,2.676723e+07,1.873788e+07,1.241393e+02,1.430311e+06,8.892094e+01,,,,105
2018-04-26 08:12:54.000000,2.676708e+07,1.873806e+07,1.241394e+02,1.430309e+06,8.892090e+01,,,,105
2018-04-26 08:12:55.000000,2.676692e+07,1.873776e+07,1.241394e+02,1.430308e+06,8.892086e+01,,,,105
2018-04-26 08:12:56.000000,2.676679e+07,1.873887e+07,1.241400e+02,1.430306e+06,8.892082e+01,,,,105
2018-04-26 08:12:57.000000,2.676665e+07,1.873788e+07,1.241395e+02,1.430305e+06,8.892078e+01,,,,105
2018-04-26 08:12:58.000000,2.676649e+07,1.873768e+07,1.241394e+02,1.430303e+06,8.892074e+01,,,,105
2018-04-26 08:12:59.000000,2.676633e+07,1.873742e+07,1.241391e+02,1.430302e+06,8.892070e+01,,,,105
2018-04-26 08:13:00.000000,2.676617e+07,1.873655e+07,1.241386e+02,1.430300e+06,8.892066e+01,,,,105
2018-04-26 08:13:01.000000,2.676602e+07,1.873736e+07,1.241390e+02,1.430299e+06,8.892062e+01,,,,105
2018-04-26 08:13:02.000000,2.676589e+07,1.873610e+07,1.241384e+02,1.430297e+06,8.892057e+01,,,,105
2018-04-26 08:13:03.000000,2.676574e+07,1.873588e+07,1.241383e+02,1.430296e+06,8.892054e+01,,,,105
2018-04-26 08:13:04.000000,2.676557e+07,1.873685e+07,1.241388e+02,1.430294e+06,8.892050e+01,,,,105
2018-04-26 08:13:05.000000,2.676542e+07,1.873664e+07,1.241388e+02,1.430293e+06,8.892045e+01,,,,105
2018-04-26 08:13:06.000000,2.676527e+07,1.873751e+07,1.241393e+02,1.430291e+06,8.892041e+01,,,,105
2018-04-26 08:13:07.000000,2.676513e+07,1.873682e+07,1.241389e+02,1.430289e+06,8.892037e+01,,,,105
2018-04-26 08:13:08.000000,2.676498e+07,1.873659e+07,1.241389e+02,1.430288e+06,8.892033e+01,,,,105
2018-04-26 08:13:09.000000,2.676483e+07,1.873722e+07,1.241392e+02,1.430286e+06,8.892029e+01,,,,105
2018-04-26 08:13:10.000000,2.676466e+07,1.873556e+07,1.241382e+02,1.430285e+06,8.892024e+01,,,,105
2018-04-26 08:13:11.000000,2.676451e+07,1.873628e+07,1.241385e+02,1.430283e+06,8.892020e+01,,,,105
2018-04-26 08:13:12.000000,2.676435e+07,1.873540e+07,1.241381e+02,1.430282e+06,8.892016e+01,,,,105
2018-04-26 08:13:13.000000,2.676422e+07,1.873481e+07,1.241378e+02,1.430280e+06,8.892011e+01,,,,105
2018-04-26 08:13:14.000000,2.676408e+07,1.873541e+07,1.241381e+02,1.430279e+06,8.892007e+01,,,,105
2018-04-26 08:13:15.000000,2.676392e+07,1.873458e+07,1.241377e+02,1.430277e+06,8.892003e+01,,,,105
2018-04-26 08:13:16.000000,2.676375e+07,1.873629e+07,1.241388e+02,1.430276e+06,8.891998e+01,,,,105
2018-04-26 08:13:17.000000,2.676360e+07,1.873558e+07,1.241383e+02,1.430274e+06,8.891994e+01,,,,105
2018-04-26 08:13:18.000000,2.676347e+07,1.873550e+07,1.241384e+02,1.430272e+06,8.891990e+01,,,,105
2018-04-26 08:13:19.000000,2.676331e+07,1.873557e+07,1.241385e+02,1.430271e+06,8.891986e+01,,,,105
2018-04-26 08:13:20.000000,2.676316e+07,1.873531e+07,1.241383e+02,1.430269e+06,8.891981e+01,,,,105
2018-04-26 08:13:21.000000,2.676299e+07,1.873532e+07,1.241381e+02,1.430268e+06,8.891977e+01,,,,105
2018-04-26 08:13:22.000000,2.676284e+07,1.873419e+07,1.241376e+02,1.430266e+06,8.891972e+01,,,,105
2018-04-26 08:13:23.000000,2.676268e+07,1.873398e+07,1.241375e+02,1.430265e+06,8.891968e+01,,,,105
2018-04-26 08:13:24.000000,2.676255e+07,1.873436e+07,1.241376e+02,1.430263e+06,8.891963e+01,,,,105
2018-04-26 08:13:25.000000,2.676240e+07,1.873352e+07,1.241372e+02,1.430261e+06,8.891959e+01,,,,105
2018-04-26 08:13:26.000000,2.676224e+07,1.873433e+07,1.241376e+02,1.430260e+06,8.891955e+01,,,,105
2018-04-26 08:13:27.000000,2.676208e+07,1.873441e+07,1.241379e+02,1.430258e+06,8.891950e+01,,,,105
2018-04-26 08:13:28.000000,2.676192e+07,1.873413e+07,1.241377e+02,1.430257e+06,8.891946e+01,,,,105
2018-04-26 08:13:29.000000,2.676177e+07,1.873468e+07,1.241381e+02,1.430255e+06,8.891942e+01,,,,105
2018-04-26 08:13:30.000000,2.676163e+07,1.873425e+07,1.241377e+02,1.430253e+06,8.891937e+01,,,,105
2018-04-26 08:13:31.000000,2.676149e+07,1.873407e+07,1.241378e+02,1.430252e+06,8.891932e+01,,,,105
2018-04-26 08:13:32.000000,2.676131e+07,1.873310e+07,1.241372e+02,1.430250e+06,8.891928e+01,,,,105
2018-04-26 08:13:33.000000,2.676116e+07,1.873287e+07,1.241370e+02,1.430248e+06,8.891923e+01,,,,105
2018-04-26 08:13:34.000000,2.676100e+07,1.873386e+07,1.241375e+02,1.430247e+06,8.891919e+01,,,,105
2018-04-26 08:13:35.000000,2.676087e+07,1.873248e+07,1.241368e+02,1.430245e+06,8.891914e+01,,,,105
2018-04-26 08:13:36.000000,2.676072e+07,1.873315e+07,1.241371e+02,1.430244e+06,8.891910e+01,,,,105
2018-04-26 08:13:37.000000,2.676056e+07,1.873297e+07,1.241369e+02,1.430242e+06,8.891905e+01,,,,105
2018-04-26 08:13:38.000000,2.676040e+07,1.873297e+07,1.241372e+02,1.430240e+06,8.891900e+01,,,,105
2018-04-26 08:13:39.000000,2.676024e+07,1.873355e+07,1.241375e+02,1.430239e+06,8.891896e+01,,,,105
2018-04-26 08:13:40.000000,2.676008e+07,1.873298e+07,1.241373e+02,1.430237e+06,8.891891e+01,,,,105
2018-04-26 08:13:41.000000,2.675995e+07,1.873293e+07,1.241372e+02,1.430235e+06,8.891886e+01,,,,105
2018-04-26 08:13:42.000000,2.675980e+07,1.873303e+07,1.241373e+02,1.430234e+06,8.891882e+01,,,,105
2018-04-26 08:13:43.000000,2.675964e+07,1.873274e+07,1.241371e+02,1.430232e+06,8.891877e+01,,,,105
2018-04-26 08:13:44.000000,2.675947e+07,1.873243e+07,1.241368e+02,1.430230e+06,8.891872e+01,,,,105
2018-04-26 08:13:45.000000,2.675932e+07,1.873156e+07,1.241364e+02,1.430229e+06,8.891868e+01,,,,105
2018-04-26 08:13:46.000000,2.675918e+07,1.873207e+07,1.241367e+02,1.430227e+06,8.891864e+01,,,,105
2018-04-26 08:13:47.000000,2.675903e+07,1.873130e+07,1.241362e+02,1.430226e+06,8.891858e+01,,,,105
2018-04-26 08:13:48.000000,2.675887e+07,1.873088e+07,1.241361e+02,1.430224e+06,8.891854e+01,,,,105
2018-04-26 08:13:49.000000,2.675870e+07,1.873233e+07,1.241370e+02,1.430222e+06,8.891849e+01,,,,105
2018-04-26 08:13:50.000000,2.675854e+07,1.873171e+07,1.241366e+02,1.430221e+06,8.891844e+01,,,,105
2018-04-26 08:13:51.000000,2.675839e+07,1.873150e+07,1.241367e+02,1.430219e+06,8.891839e+01,,,,105
2018-04-26 08:13:52.000000,2.675825e+07,1.873187e+07,1.241368e+02,1.430217e+06,8.891834e+01,,,,105
2018-04-26 08:13:53.000000,2.675810e+07,1.873161e+07,1.241366e+02,1.430216e+06,8.891829e+01,,,,105
2018-04-26 08:13:54.000000,2.675795e+07,1.873251e+07,1.241373e+02,1.430214e+06,8.891825e+01,,,,105
2018-04-26 08:13:55.000000,2.675778e+07,1.873058e+07,1.241359e+02,1.430212e+06,8.891820e+01,,,,105
2018-04-26 08:13:56.000000,2.675762e+07,1.873030e+07,1.241358e+02,1.430211e+06,8.891815e+01,,,,105
2018-04-26 08:13:57.000000,2.675746e+07,1.873094e+07,1.241362e+02,1.430209e+06,8.891810e+01,,,,105
2018-04-26 08:13:58.000000,2.675733e+07,1.872985e+07,1.241356e+02,1.430207e+06,8.891805e+01,,,,105
2018-04-26 08:13:59.000000,2.675718e+07,1.873033e+07,1.241359e+02,1.430206e+06,8.891800e+01,,,,105
2018-04-26 08:14:00.000000,2.675700e+07,1.873049e+07,1.241361e+02,1.430204e+06,8.891796e+01,,,,105
2018-04-26 08:14:01.000000,2.675684e+07,1.873041e+07,1.241360e+02,1.430202e+06,8.891790e+01,,,,105
2018-04-26 08:14:02.000000,2.675668e+07,1.873052e+07,1.241360e+02,1.430201e+06,8.891785e+01,,,,105
2018-04-26 08:14:03.000000,2.675655e+07,1.873044e+07,1.241362e+02,1.430199e+06,8.891780e+01,,,,105
2018-04-26 08:14:04.000000,2.675640e+07,1.873139e+07,1.241367e+02,1.430197e+06,8.891775e+01,,,,105
2018-04-26 08:14:05.000000,2.675624e+07,1.873030e+07,1.241361e+02,1.430196e+06,8.891771e+01,,,,105
2018-04-26 08:14:06.000000,2.675607e+07,1.873021e+07,1.241359e+02,1.430194e+06,8.891766e+01,,,,105
2018-04-26 08:14:07.000000,2.675591e+07,1.872929e+07,1.241355e+02,1.430192e+06,8.891760e+01,,,,105
2018-04-26 08:14:08.000000,2.675576e+07,1.872892e+07,1.241353e+02,1.430191e+06,8.891755e+01,,,,105
2018-04-26 08:14:09.000000,2.675562e+07,1.872926e+07,1.241354e+02,1.430189e+06,8.891750e+01,,,,105
2018-04-26 08:14:10.000000,2.675547e+07,1.872844e+07,1.241350e+02,1.430187e+06,8.891745e+01,,,,105
2018-04-26 08:14:11.000000,2.675531e+07,1.872828e+07,1.241350e+02,1.430186e+06,8.891740e+01,,,,105
2018-04-26 08:14:12.000000,2.675513e+07,1.872929e+07,1.241356e+02,1.430184e+06,8.891735e+01,,,,105
2018-04-26 08:14:13.000000,2.675498e+07,1.872901e+07,1.241356e+02,1.430182e+06,8.891730e+01,,,,105
2018-04-26 08:14:14.000000,2.675484e+07,1.872985e+07,1.241361e+02,1.430180e+06,8.891725e+01,,,,105
2018-04-26 08:14:15.000000,2.675469e+07,1.872917e+07,1.241357e+02,1.430179e+06,8.891719e+01,,,,105
2018-04-26 08:14:16.000000,2.675453e+07,1.872895e+07,1.241357e+02,1.430177e+06,8.891714e+01,,,,105
2018-04-26 08:14:17.000000,2.675436e+07,1.872818e+07,1.241350e+02,1.430175e+06,8.891709e+01,,,,105
2018-04-26 08:14:18.000000,2.675420e+07,1.872777e+07,1.241348e+02,1.430174e+06,8.891704e+01,,,,105
2018-04-26 08:14:19.000000,2.675404e+07,1.872880e+07,1.241352e+02,1.430172e+06,8.891699e+01,,,,105
2018-04-26 08:14:20.000000,2.675391e+07,1.872739e+07,1.241346e+02,1.430170e+06,8.891694e+01,,,,105
2018-04-26 08:14:21.000000,2.675376e+07,1.872806e+07,1.241350e+02,1.430168e+06,8.891688e+01,,,,105
2018-04-26 08:14:22.000000,2.675360e+07,1.872789e+07,1.241347e+02,1.430167e+06,8.891683e+01,,,,105
2018-04-26 08:14:23.000000,2.675343e+07,1.872788e+07,1.241351e+02,1.430165e+06,8.891677e+01,,,,105
2018-04-26 08:14:24.000000,2.675327e+07,1.872844e+07,1.241354e+02,1.430163e+06,8.891672e+01,,,,105
2018-04-26 08:14:25.000000,2.675311e+07,1.872792e+07,1.241349e+02,1.430162e+06,8.891667e+01,,,,105
2018-04-26 08:14:26.000000,2.675297e+07,1.872783e+07,1.241352e+02,1.430160e+06,8.891662e+01,,,,105
2018-04-26 08:14:27.000000,2.675282e+07,1.872790e+07,1.241353e+02,1.430158e+06,8.891656e+01,,,,105
2018-04-26 08:14:28.000000,2.675264e+07,1.872673e+07,1.241343e+02,1.430156e+06,8.891652e+01,,,,105
2018-04-26 08:14:29.000000,2.675248e+07,1.872759e+07,1.241348e+02,1.430155e+06,8.891646e+01,,,,105
2018-04-26 08:14:30.000000,2.675232e+07,1.872644e+07,1.241342e+02,1.430153e+06,8.891640e+01,,,,105
2018-04-26 08:14:31.000000,2.675218e+07,1.872693e+07,1.241344e+02,1.430151e+06,8.891635e+01,,,,105
2018-04-26 08:14:32.000000,2.675203e+07,1.872670e+07,1.241344e+02,1.430149e+06,8.891629e+01,,,,105
2018-04-26 08:14:33.000000,2.675187e+07,1.872577e+07,1.241338e+02,1.430148e+06,8.891624e+01,,,,105
2018-04-26 08:14:34.000000,2.675170e+07,1.872721e+07,1.241346e+02,1.430146e+06,8.891619e+01,,,,105
2018-04-26 08:14:35.000000,2.675154e+07,1.872658e+07,1.241343e+02,1.430144e+06,8.891613e+01,,,,105
2018-04-26 08:14:36.000000,2.675138e+07,1.872637e+07,1.241344e+02,1.430142e+06,8.891608e+01,,,,105
2018-04-26 08:14:37.000000,2.675125e+07,1.872675e+07,1.241346e+02,1.430140e+06,8.891602e+01,,,,105
2018-04-26 08:14:38.000000,2.675110e+07,1.872646e+07,1.241344e+02,1.430139e+06,8.891597e+01,,,,105
2018-04-26 08:14:39.000000,2.675092e+07,1.872617e+07,1.241341e+02,1.430137e+06,8.891592e+01,,,,105
2018-04-26 08:14:40.000000,2.675076e+07,1.872531e+07,1.241338e+02,1.430135e+06,8.891585e+01,,,,105
2018-04-26 08:14:41.000000,2.675061e+07,1.872512e+07,1.241337e+02,1.430133e+06,8.891580e+01,,,,105
2018-04-26 08:14:42.000000,2.675047e+07,1.872496e+07,1.241335e+02,1.430131e+06,8.891575e+01,,,,105
2018-04-26 08:14:43.000000,2.675031e+07,1.872459e+07,1.241334e+02,1.430130e+06,8.891569e+01,,,,105
2018-04-26 08:14:44.000000,2.675015e+07,1.872552e+07,1.241339e+02,1.430128e+06,8.891563e+01,,,,105
2018-04-26 08:14:45.000000,2.674998e+07,1.872538e+07,1.241339e+02,1.430126e+06,8.891558e+01,,,,105
2018-04-26 08:14:46.000000,2.674981e+07,1.872520e+07,1.241339e+02,1.430124e+06,8.891552e+01,,,,105
2018-04-26 08:14:47.000000,2.674965e+07,1.872587e+07,1.241342e+02,1.430123e+06,8.891547e+01,,,,105
2018-04-26 08:14:48.000000,2.674952e+07,1.872532e+07,1.241340e+02,1.430121e+06,8.891541e+01,,,,105
2018-04-26 08:14:49.000000,2.674937e+07,1.872622e+07,1.241346e+02,1.430119e+06,8.891535e+01,,,,105
2018-04-26 08:14:50.000000,2.674920e+07,1.872508e+07,1.241339e+02,1.430117e+06,8.891530e+01,,,,105
2018-04-26 08:14:51.000000,2.674903e+07,1.872497e+07,1.241337e+02,1.430115e+06,8.891524e+01,,,,105
2018-04-26 08:14:52.000000,2.674887e+07,1.872468e+07,1.241335e+02,1.430113e+06,8.891518e+01,,,,105
2018-04-26 08:14:53.000000,2.674873e+07,1.872356e+07,1.241329e+02,1.430111e+06,8.891513e+01,,,,105
2018-04-26 08:14:54.000000,2.674857e+07,1.872403e+07,1.241331e+02,1.430110e+06,8.891506e+01,,,,105
2018-04-26 08:14:55.000000,2.674842e+07,1.872324e+07,1.241328e+02,1.430108e+06,8.891501e+01,,,,105
2018-04-26 08:14:56.000000,2.674824e+07,1.872493e+07,1.241338e+02,1.430106e+06,8.891495e+01,,,,105
2018-04-26 08:14:57.000000,2.674808e+07,1.872424e+07,1.241334e+02,1.430104e+06,8.891489e+01,,,,105
2018-04-26 08:14:58.000000,2.674792e+07,1.872381e+07,1.241333e+02,1.430102e+06,8.891483e+01,,,,105
2018-04-26 08:14:59.000000,2.674778e+07,1.872468e+07,1.241338e+02,1.430100e+06,8.891478e+01,,,,105
2018-04-26 08:15:00.000000,2.674763e+07,1.872396e+07,1.241334e+02,1.430098e+06,8.891472e+01,,,,105
2018-04-26 08:15:01.000000,2.674746e+07,1.872374e+07,1.241334e+02,1.430097e+06,8.891466e+01,,,,105
2018-04-26 08:15:02.000000,2.674729e+07,1.872294e+07,1.241329e+02,1.430095e+06,8.891461e+01,,,,105
2018-04-26 08:15:03.000000,2.674713e+07,1.872256e+07,1.241326e+02,1.430093e+06,8.891454e+01,,,,105
2018-04-26 08:15:04.000000,2.674697e+07,1.872353e+07,1.241331e+02,1.430091e+06,8.891448e+01,,,,105
2018-04-26 08:15:05.000000,2.674683e+07,1.872211e+07,1.241325e+02,1.430089e+06,8.891442e+01,,,,105
2018-04-26 08:15:06.000000,2.674668e+07,1.872286e+07,1.241328e+02,1.430087e+06,8.891436e+01,,,,105
2018-04-26 08:15:07.000000,2.674649e+07,1.872297e+07,1.241330e+02,1.430085e+06,8.891431e+01,,,,105
2018-04-26 08:15:08.000000,2.674633e+07,1.872263e+07,1.241329e+02,1.430083e+06,8.891424e+01,,,,105
2018-04-26 08:15:09.000000,2.674617e+07,1.872323e+07,1.241332e+02,1.430082e+06,8.891419e+01,,,,105
2018-04-26 08:15:10.000000,2.674603e+07,1.872275e+07,1.241330e+02,1.430080e+06,8.891413e+01,,,,105
2018-04-26 08:15:11.000000,2.674587e+07,1.872254e+07,1.241330e+02,1.430078e+06,8.891407e+01,,,,105
2018-04-26 08:15:12.000000,2.674571e+07,1.872266e+07,1.241329e+02,1.430076e+06,8.891401e+01,,,,105
2018-04-26 08:15:13.000000,2.674554e+07,1.872143e+07,1.241322e+02,1.430074e+06,8.891395e+01,,,,105
2018-04-26 08:15:14.000000,2.674537e+07,1.872236e+07,1.241325e+02,1.430072e+06,8.891389e+01,,,,105
2018-04-26 08:15:15.000000,2.674521e+07,1.872116e+07,1.241320e+02,1.430070e+06,8.891383e+01,,,,105
2018-04-26 08:15:16.000000,2.674507e+07,1.872165e+07,1.241324e+02,1.430068e+06,8.891377e+01,,,,105
2018-04-26 08:15:17.000000,2.674492e+07,1.872148e+07,1.241320e+02,1.430067e+06,8.891371e+01,,,,105
2018-04-26 08:15:18.000000,2.674475e+07,1.872047e+07,1.241317e+02,1.430065e+06,8.891365e+01,,,,105
2018-04-26 08:15:19.000000,2.674457e+07,1.872199e+07,1.241325e+02,1.430063e+06,8.891359e+01,,,,105
2018-04-26 08:15:20.000000,2.674442e+07,1.872125e+07,1.241323e+02,1.430061e+06,8.891352e+01,,,,105
2018-04-26 08:15:21.000000,2.674428e+07,1.872234e+07,1.241329e+02,1.430059e+06,8.891347e+01,,,,105
2018-04-26 08:15:22.000000,2.674411e+07,1.872156e+07,1.241324e+02,1.430057e+06,8.891340e+01,,,,105
2018-04-26 08:15:23.000000,2.674395e+07,1.872112e+07,1.241323e+02,1.430055e+06,8.891334e+01,,,,105
2018-04-26 08:15:24.000000,2.674377e+07,1.872086e+07,1.241320e+02,1.430053e+06,8.891329e+01,,,,105
2018-04-26 08:15:25.000000,2.674361e+07,1.871999e+07,1.241315e+02,1.430051e+06,8.891322e+01,,,,105
2018-04-26 08:15:26.000000,2.674345e+07,1.871979e+07,1.241315e+02,1.430049e+06,8.891316e+01,,,,105
2018-04-26 08:15:27.000000,2.674331e+07,1.871961e+07,1.241314e+02,1.430047e+06,8.891310e+01,,,,105
2018-04-26 08:15:28.000000,2.674315e+07,1.871926e+07,1.241312e+02,1.430046e+06,8.891303e+01,,,,105
2018-04-26 08:15:29.000000,2.674299e+07,1.872023e+07,1.241317e+02,1.430044e+06,8.891297e+01,,,,105
2018-04-26 08:15:30.000000,2.674281e+07,1.872000e+07,1.241318e+02,1.430042e+06,8.891291e+01,,,,105
2018-04-26 08:15:31.000000,2.674265e+07,1.871987e+07,1.241317e+02,1.430040e+06,8.891285e+01,,,,105
2018-04-26 08:15:32.000000,2.674249e+07,1.872056e+07,1.241320e+02,1.430038e+06,8.891279e+01,,,,105
2018-04-26 08:15:33.000000,2.674234e+07,1.871998e+07,1.241317e+02,1.430036e+06,8.891273e+01,,,,105
2018-04-26 08:15:34.000000,2.674219e+07,1.872091e+07,1.241324e+02,1.430034e+06,8.891266e+01,,,,105
2018-04-26 08:15:35.000000,2.674201e+07,1.871895e+07,1.241311e+02,1.430032e+06,8.891260e+01,,,,105
2018-04-26 08:15:36.000000,2.674184e+07,1.871954e+07,1.241316e+02,1.430030e+06,8.891254e+01,,,,105
2018-04-26 08:15:37.000000,2.674168e+07,1.871933e+07,1.241313e+02,1.430028e+06,8.891248e+01,,,,105
2018-04-26 08:15:38.000000,2.674154e+07,1.871815e+07,1.241308e+02,1.430026e+06,8.891242e+01,,,,105
2018-04-26 08:15:39.000000,2.674138e+07,1.871872e+07,1.241309e+02,1.430024e+06,8.891235e+01,,,,105
2018-04-26 08:15:40.000000,2.674122e+07,1.871782e+07,1.241307e+02,1.430022e+06,8.891229e+01,,,,105
2018-04-26 08:15:41.000000,2.674104e+07,1.871956e+07,1.241317e+02,1.430020e+06,8.891223e+01,,,,105
2018-04-26 08:15:42.000000,2.674088e+07,1.871886e+07,1.241311e+02,1.430018e+06,8.891216e+01,,,,105
2018-04-26 08:15:43.000000,2.674071e+07,1.871838e+07,1.241312e+02,1.430016e+06,8.891210e+01,,,,105
2018-04-26 08:15:44.000000,2.674057e+07,1.871929e+07,1.241318e+02,1.430014e+06,8.891204e+01,,,,105
2018-04-26 08:15:45.000000,2.674041e+07,1.871852e+07,1.241312e+02,1.430012e+06,8.891197e+01,,,,105
2018-04-26 08:15:46.000000,2.674025e+07,1.871833e+07,1.241311e+02,1.430010e+06,8.891191e+01,,,,105
2018-04-26 08:15:47.000000,2.674006e+07,1.871735e+07,1.241305e+02,1.430008e+06,8.891185e+01,,,,105
2018-04-26 08:15:48.000000,2.673991e+07,1.871713e+07,1.241303e+02,1.430006e+06,8.891178e+01,,,,105
2018-04-26 08:15:49.000000,2.673977e+07,1.871754e+07,1.241305e+02,1.430004e+06,8.891172e+01,,,,105
2018-04-26 08:15:50.000000,2.673960e+07,1.871665e+07,1.241301e+02,1.430002e+06,8.891165e+01,,,,105
2018-04-26 08:15:51.000000,2.673944e+07,1.871750e+07,1.241305e+02,1.430000e+06,8.891159e+01,,,,105
2018-04-26 08:15:52.000000,2.673926e+07,1.871753e+07,1.241308e+02,1.429998e+06,8.891153e+01,,,,105
2018-04-26 08:15:53.000000,2.673910e+07,1.871721e+07,1.241306e+02,1.429996e+06,8.891146e+01,,,,105
2018-04-26 08:15:54.000000,2.673893e+07,1.871785e+07,1.241309e+02,1.429994e+06,8.891140e+01,,,,105
2018-04-26 08:15:55.000000,2.673879e+07,1.871733e+07,1.241307e+02,1.429992e+06,8.891134e+01,,,,105
2018-04-26 08:15:56.000000,2.673863e+07,1.871712e+07,1.241307e+02,1.429990e+06,8.891127e+01,,,,105
2018-04-26 08:15:57.000000,2.673847e+07,1.871724e+07,1.241307e+02,1.429988e+06,8.891121e+01,,,,105
2018-04-26 08:15:58.000000,2.673829e+07,1.871600e+07,1.241300e+02,1.429986e+06,8.891115e+01,,,,105
2018-04-26 08:15:59.000000,2.673813e+07,1.871657e+07,1.241303e+02,1.429984e+06,8.891107e+01,,,,105
2018-04-26 08:16:00.000000,2.673796e+07,1.871569e+07,1.241299e+02,1.429982e+06,8.891101e+01,,,,105
2018-04-26 08:16:01.000000,2.673782e+07,1.871630e+07,1.241302e+02,1.429980e+06,8.891095e+01,,,,105
2018-04-26 08:16:02.000000,2.673766e+07,1.871541e+07,1.241296e+02,1.429978e+06,8.891088e+01,,,,105
2018-04-26 08:16:03.000000,2.673747e+07,1.871588e+07,1.241301e+02,1.429975e+06,8.891082e+01,,,,105
2018-04-26 08:16:04.000000,2.673731e+07,1.871661e+07,1.241305e+02,1.429973e+06,8.891075e+01,,,,105
2018-04-26 08:16:05.000000,2.673714e+07,1.871578e+07,1.241300e+02,1.429971e+06,8.891069e+01,,,,105
2018-04-26 08:16:06.000000,2.673700e+07,1.871692e+07,1.241307e+02,1.429969e+06,8.891063e+01,,,,105
2018-04-26 08:16:07.000000,2.673684e+07,1.871607e+07,1.241303e+02,1.429967e+06,8.891055e+01,,,,105
2018-04-26 08:16:08.000000,2.673668e+07,1.871567e+07,1.241301e+02,1.429965e+06,8.891049e+01,,,,105
2018-04-26 08:16:09.000000,2.673650e+07,1.871540e+07,1.241298e+02,1.429963e+06,8.891043e+01,,,,105
2018-04-26 08:16:10.000000,2.673633e+07,1.871451e+07,1.241292e+02,1.429961e+06,8.891036e+01,,,,105
2018-04-26 08:16:11.000000,2.673617e+07,1.871537e+07,1.241297e+02,1.429959e+06,8.891030e+01,,,,105
2018-04-26 08:16:12.000000,2.673602e+07,1.871423e+07,1.241292e+02,1.429957e+06,8.891024e+01,,,,105
2018-04-26 08:16:13.000000,2.673587e+07,1.871380e+07,1.241289e+02,1.429955e+06,8.891016e+01,,,,105
2018-04-26 08:16:14.000000,2.673568e+07,1.871474e+07,1.241296e+02,1.429952e+06,8.891010e+01,,,,105
2018-04-26 08:16:15.000000,2.673551e+07,1.871451e+07,1.241296e+02,1.429950e+06,8.891003e+01,,,,105
2018-04-26 08:16:16.000000,2.673536e+07,1.871546e+07,1.241300e+02,1.429948e+06,8.890997e+01,,,,105
2018-04-26 08:16:17.000000,2.673521e+07,1.871467e+07,1.241296e+02,1.429946e+06,8.890991e+01,,,,105
2018-04-26 08:16:18.000000,2.673505e+07,1.871441e+07,1.241296e+02,1.429944e+06,8.890983e+01,,,,105
2018-04-26 08:16:19.000000,2.673488e+07,1.871510e+07,1.241300e+02,1.429942e+06,8.890977e+01,,,,105
2018-04-26 08:16:20.000000,2.673470e+07,1.871337e+07,1.241289e+02,1.429940e+06,8.890971e+01,,,,105
2018-04-26 08:16:21.000000,2.673453e+07,1.871417e+07,1.241293e+02,1.429938e+06,8.890963e+01,,,,105
2018-04-26 08:16:22.000000,2.673437e+07,1.871320e+07,1.241289e+02,1.429935e+06,8.890957e+01,,,,105
2018-04-26 08:16:23.000000,2.673422e+07,1.871352e+07,1.241290e+02,1.429933e+06,8.890951e+01,,,,105
2018-04-26 08:16:24.000000,2.673406e+07,1.871329e+07,1.241289e+02,1.429931e+06,8.890944e+01,,,,105
2018-04-26 08:16:25.000000,2.673390e+07,1.871228e+07,1.241284e+02,1.429929e+06,8.890937e+01,,,,105
2018-04-26 08:16:26.000000,2.673372e+07,1.871376e+07,1.241294e+02,1.429927e+06,8.890931e+01,,,,105
2018-04-26 08:16:27.000000,2.673355e+07,1.871329e+07,1.241291e+02,1.429925e+06,8.890924e+01,,,,105
2018-04-26 08:16:28.000000,2.673341e+07,1.871317e+07,1.241291e+02,1.429922e+06,8.890918e+01,,,,105
2018-04-26 08:16:29.000000,2.673324e+07,1.871325e+07,1.241293e+02,1.429920e+06,8.890911e+01,,,,105
2018-04-26 08:16:30.000000,2.673308e+07,1.871295e+07,1.241291e+02,1.429918e+06,8.890904e+01,,,,105
2018-04-26 08:16:31.000000,2.673289e+07,1.871306e+07,1.241289e+02,1.429916e+06,8.890898e+01,,,,105
2018-04-26 08:16:32.000000,2.673272e+07,1.871182e+07,1.241283e+02,1.429914e+06,8.890890e+01,,,,105
2018-04-26 08:16:33.000000,2.673256e+07,1.871158e+07,1.241282e+02,1.429912e+06,8.890884e+01,,,,105
2018-04-26 08:16:34.000000,2.673241e+07,1.871141e+07,1.241281e+02,1.429909e+06,8.890878e+01,,,,105
2018-04-26 08:16:35.000000,2.673225e+07,1.871105e+07,1.241279e+02,1.429907e+06,8.890870e+01,,,,105
2018-04-26 08:16:36.000000,2.673208e+07,1.871204e+07,1.241284e+02,1.429905e+06,8.890864e+01,,,,105
2018-04-26 08:16:37.000000,2.673191e+07,1.871179e+07,1.241285e+02,1.429903e+06,8.890858e+01,,,,105
2018-04-26 08:16:38.000000,2.673174e+07,1.871164e+07,1.241284e+02,1.429901e+06,8.890850e+01,,,,105
2018-04-26 08:16:39.000000,2.673157e+07,1.871236e+07,1.241288e+02,1.429899e+06,8.890844e+01,,,,105
2018-04-26 08:16:40.000000,2.673142e+07,1.871170e+07,1.241286e+02,1.429896e+06,8.890838e+01,,,,105
2018-04-26 08:16:41.000000,2.673127e+07,1.871267e+07,1.241291e+02,1.429894e+06,8.890830e+01,,,,105
2018-04-26 08:16:42.000000,2.673108e+07,1.871071e+07,1.241279e+02,1.429892e+06,8.890824e+01,,,,105
2018-04-26 08:16:43.000000,2.673091e+07,1.871032e+07,1.241277e+02,1.429890e+06,8.890817e+01,,,,105
2018-04-26 08:16:44.000000,2.673075e+07,1.871102e+07,1.241281e+02,1.429888e+06,8.890810e+01,,,,105
2018-04-26 08:16:45.000000,2.673060e+07,1.870989e+07,1.241275e+02,1.429885e+06,8.890804e+01,,,,105
2018-04-26 08:16:46.000000,2.673044e+07,1.871039e+07,1.241277e+02,1.429883e+06,8.890796e+01,,,,105
2018-04-26 08:16:47.000000,2.673027e+07,1.870978e+07,1.241275e+02,1.429881e+06,8.890790e+01,,,,105
2018-04-26 08:16:48.000000,2.673009e+07,1.871030e+07,1.241280e+02,1.429879e+06,8.890784e+01,,,,105
2018-04-26 08:16:49.000000,2.672992e+07,1.871048e+07,1.241280e+02,1.429876e+06,8.890776e+01,,,,105
2018-04-26 08:16:50.000000,2.672975e+07,1.871011e+07,1.241279e+02,1.429874e+06,8.890770e+01,,,,105
2018-04-26 08:16:51.000000,2.672960e+07,1.871102e+07,1.241284e+02,1.429872e+06,8.890763e+01,,,,105
2018-04-26 08:16:52.000000,2.672945e+07,1.871023e+07,1.241280e+02,1.429870e+06,8.890756e+01,,,,105
2018-04-26 08:16:53.000000,2.672928e+07,1.871004e+07,1.241279e+02,1.429868e+06,8.890749e+01,,,,105
2018-04-26 08:16:54.000000,2.672910e+07,1.870924e+07,1.241273e+02,1.429865e+06,8.890743e+01,,,,105
2018-04-26 08:16:55.000000,2.672893e+07,1.870883e+07,1.241271e+02,1.429863e+06,8.890736e+01,,,,105
2018-04-26 08:16:56.000000,2.672878e+07,1.870922e+07,1.241273e+02,1.429861e+06,8.890729e+01,,,,105
2018-04-26 08:16:57.000000,2.672861e+07,1.870835e+07,1.241269e+02,1.429858e+06,8.890722e+01,,,,105
2018-04-26 08:16:58.000000,2.672845e+07,1.870920e+07,1.241273e+02,1.429856e+06,8.890715e+01,,,,105
2018-04-26 08:16:59.000000,2.672827e+07,1.870926e+07,1.241275e+02,1.429854e+06,8.890709e+01,,,,105
2018-04-26 08:17:00.000000,2.672810e+07,1.870889e+07,1.241274e+02,1.429852e+06,8.890701e+01,,,,105
2018-04-26 08:17:01.000000,2.672793e+07,1.870953e+07,1.241277e+02,1.429850e+06,8.890695e+01,,,,105
2018-04-26 08:17:02.000000,2.672778e+07,1.870900e+07,1.241275e+02,1.429847e+06,8.890688e+01,,,,105
2018-04-26 08:17:03.000000,2.672762e+07,1.870878e+07,1.241275e+02,1.429845e+06,8.890681e+01,,,,105
2018-04-26 08:17:04.000000,2.672745e+07,1.870890e+07,1.241275e+02,1.429843e+06,8.890674e+01,,,,105
2018-04-26 08:17:05.000000,2.672727e+07,1.870763e+07,1.241267e+02,1.429840e+06,8.890668e+01,,,,105
2018-04-26 08:17:06.000000,2.672710e+07,1.870862e+07,1.241272e+02,1.429838e+06,8.890660e+01,,,,105
2018-04-26 08:17:07.000000,2.672693e+07,1.870733e+07,1.241266e+02,1.429836e+06,8.890654e+01,,,,105
2018-04-26 08:17:08.000000,2.672678e+07,1.870796e+07,1.241269e+02,1.429834e+06,8.890648e+01,,,,105
2018-04-26 08:17:09.000000,2.672662e+07,1.870705e+07,1.241263e+02,1.429831e+06,8.890640e+01,,,,105
2018-04-26 08:17:10.000000,2.672643e+07,1.870750e+07,1.241269e+02,1.429829e+06,8.890634e+01,,,,105
2018-04-26 08:17:11.000000,2.672626e+07,1.870825e+07,1.241272e+02,1.429827e+06,8.890627e+01,,,,105
2018-04-26 08:17:12.000000,2.672609e+07,1.870737e+07,1.241268e+02,1.429825e+06,8.890619e+01,,,,105
2018-04-26 08:17:13.000000,2.672595e+07,1.870853e+07,1.241275e+02,1.429822e+06,8.890613e+01,,,,105
2018-04-26 08:17:14.000000,2.672578e+07,1.870769e+07,1.241270e+02,1.429820e+06,8.890605e+01,,,,105
2018-04-26 08:17:15.000000,2.672561e+07,1.870725e+07,1.241268e+02,1.429818e+06,8.890599e+01,,,,105
2018-04-26 08:17:16.000000,2.672543e+07,1.870702e+07,1.241265e+02,1.429815e+06,8.890592e+01,,,,105
2018-04-26 08:17:17.000000,2.672526e+07,1.870611e+07,1.241260e+02,1.429813e+06,8.890585e+01,,,,105
2018-04-26 08:17:18.000000,2.672509e+07,1.870698e+07,1.241265e+02,1.429811e+06,8.890578e+01,,,,105
2018-04-26 08:17:19.000000,2.672494e+07,1.870582e+07,1.241259e+02,1.429808e+06,8.890572e+01,,,,105
2018-04-26 08:17:20.000000,2.672478e+07,1.870538e+07,1.241257e+02,1.429806e+06,8.890564e+01,,,,105
2018-04-26 08:17:21.000000,2.672461e+07,1.870606e+07,1.241260e+02,1.429804e+06,8.890557e+01,,,,105
2018-04-26 08:17:22.000000,2.672442e+07,1.870606e+07,1.241263e+02,1.429801e+06,8.890551e+01,,,,105
2018-04-26 08:17:23.000000,2.672426e+07,1.870706e+07,1.241268e+02,1.429799e+06,8.890543e+01,,,,105
2018-04-26 08:17:24.000000,2.672411e+07,1.870624e+07,1.241264e+02,1.429797e+06,8.890537e+01,,,,105
2018-04-26 08:17:25.000000,2.672394e+07,1.870597e+07,1.241264e+02,1.429795e+06,8.890530e+01,,,,105
2018-04-26 08:17:26.000000,2.672377e+07,1.870668e+07,1.241268e+02,1.429792e+06,8.890523e+01,,,,105
2018-04-26 08:17:27.000000,2.672359e+07,1.870493e+07,1.241257e+02,1.429790e+06,8.890516e+01,,,,105
2018-04-26 08:17:28.000000,2.672342e+07,1.870574e+07,1.241262e+02,1.429788e+06,8.890508e+01,,,,105
2018-04-26 08:17:29.000000,2.672325e+07,1.870455e+07,1.241256e+02,1.429785e+06,8.890502e+01,,,,105
2018-04-26 08:17:30.000000,2.672310e+07,1.870509e+07,1.241258e+02,1.429783e+06,8.890495e+01,,,,105
2018-04-26 08:17:31.000000,2.672294e+07,1.870487e+07,1.241257e+02,1.429781e+06,8.890488e+01,,,,105
2018-04-26 08:17:32.000000,2.672277e+07,1.870381e+07,1.241252e+02,1.429779e+06,8.890481e+01,,,,105
2018-04-26 08:17:33.000000,2.672258e+07,1.870531e+07,1.241261e+02,1.429776e+06,8.890474e+01,,,,105
2018-04-26 08:17:34.000000,2.672241e+07,1.870482e+07,1.241259e+02,1.429774e+06,8.890467e+01,,,,105
2018-04-26 08:17:35.000000,2.672224e+07,1.870438e+07,1.241258e+02,1.429772e+06,8.890460e+01,,,,105
2018-04-26 08:17:36.000000,2.672209e+07,1.870475e+07,1.241259e+02,1.429769e+06,8.890453e+01,,,,105
2018-04-26 08:17:37.000000,2.672193e+07,1.870446e+07,1.241258e+02,1.429767e+06,8.890446e+01,,,,105
2018-04-26 08:17:38.000000,2.672174e+07,1.870459e+07,1.241255e+02,1.429764e+06,8.890439e+01,,,,105
2018-04-26 08:17:39.000000,2.672157e+07,1.870333e+07,1.241250e+02,1.429762e+06,8.890432e+01,,,,105
2018-04-26 08:17:40.000000,2.672139e+07,1.870308e+07,1.241249e+02,1.429760e+06,8.890424e+01,,,,105
2018-04-26 08:17:41.000000,2.672125e+07,1.870290e+07,1.241248e+02,1.429757e+06,8.890418e+01,,,,105
2018-04-26 08:17:42.000000,2.672109e+07,1.870253e+07,1.241246e+02,1.429755e+06,8.890410e+01,,,,105
2018-04-26 08:17:43.000000,2.672091e+07,1.870356e+07,1.241251e+02,1.429753e+06,8.890403e+01,,,,105
2018-04-26 08:17:44.000000,2.672073e+07,1.870327e+07,1.241252e+02,1.429750e+06,8.890397e+01,,,,105
2018-04-26 08:17:45.000000,2.672056e+07,1.870311e+07,1.241251e+02,1.429748e+06,8.890389e+01,,,,105
2018-04-26 08:17:46.000000,2.672039e+07,1.870384e+07,1.241255e+02,1.429746e+06,8.890382e+01,,,,105
2018-04-26 08:17:47.000000,2.672023e+07,1.870317e+07,1.241253e+02,1.429743e+06,8.890375e+01,,,,105
2018-04-26 08:17:48.000000,2.672007e+07,1.870415e+07,1.241259e+02,1.429741e+06,8.890368e+01,,,,105
2018-04-26 08:17:49.000000,2.671988e+07,1.870215e+07,1.241247e+02,1.429739e+06,8.890361e+01,,,,105
2018-04-26 08:17:50.000000,2.671971e+07,1.870280e+07,1.241250e+02,1.429736e+06,8.890354e+01,,,,105
2018-04-26 08:17:51.000000,2.671955e+07,1.870255e+07,1.241249e+02,1.429734e+06,8.890346e+01,,,,105
2018-04-26 08:17:52.000000,2.671940e+07,1.870135e+07,1.241243e+02,1.429732e+06,8.890340e+01,,,,105
2018-04-26 08:17:53.000000,2.671922e+07,1.870190e+07,1.241245e+02,1.429729e+06,8.890332e+01,,,,105
2018-04-26 08:17:54.000000,2.671905e+07,1.870100e+07,1.241241e+02,1.429727e+06,8.890325e+01,,,,105
2018-04-26 08:17:55.000000,2.671887e+07,1.870277e+07,1.241252e+02,1.429724e+06,8.890318e+01,,,,105
2018-04-26 08:17:56.000000,2.671870e+07,1.870199e+07,1.241248e+02,1.429722e+06,8.890310e+01,,,,105
2018-04-26 08:17:57.000000,2.671853e+07,1.870153e+07,1.241247e+02,1.429720e+06,8.890303e+01,,,,105
2018-04-26 08:17:58.000000,2.671837e+07,1.870189e+07,1.241250e+02,1.429717e+06,8.890297e+01,,,,105
2018-04-26 08:17:59.000000,2.671821e+07,1.870162e+07,1.241248e+02,1.429715e+06,8.890289e+01,,,,105
2018-04-26 08:18:00.000000,2.671804e+07,1.870145e+07,1.241247e+02,1.429713e+06,8.890282e+01,,,,105
2018-04-26 08:18:01.000000,2.671786e+07,1.870045e+07,1.241241e+02,1.429710e+06,8.890275e+01,,,,105
2018-04-26 08:18:02.000000,2.671768e+07,1.870022e+07,1.241239e+02,1.429708e+06,8.890267e+01,,,,105
2018-04-26 08:18:03.000000,2.671753e+07,1.870068e+07,1.241241e+02,1.429705e+06,8.890261e+01,,,,105
2018-04-26 08:18:04.000000,2.671736e+07,1.869974e+07,1.241236e+02,1.429703e+06,8.890254e+01,,,,105
2018-04-26 08:18:05.000000,2.671720e+07,1.870063e+07,1.241241e+02,1.429701e+06,8.890246e+01,,,,105
2018-04-26 08:18:06.000000,2.671700e+07,1.870041e+07,1.241242e+02,1.429698e+06,8.890239e+01,,,,105
2018-04-26 08:18:07.000000,2.671683e+07,1.870025e+07,1.241241e+02,1.429696e+06,8.890231e+01,,,,105
2018-04-26 08:18:08.000000,2.671666e+07,1.870097e+07,1.241244e+02,1.429694e+06,8.890224e+01,,,,105
2018-04-26 08:18:09.000000,2.671652e+07,1.870031e+07,1.241243e+02,1.429691e+06,8.890217e+01,,,,105
2018-04-26 08:18:10.000000,2.671635e+07,1.870128e+07,1.241248e+02,1.429689e+06,8.890209e+01,,,,105
2018-04-26 08:18:11.000000,2.671617e+07,1.870030e+07,1.241242e+02,1.429687e+06,8.890202e+01,,,,105
2018-04-26 08:18:12.000000,2.671599e+07,1.869901e+07,1.241235e+02,1.429684e+06,8.890195e+01,,,,105
2018-04-26 08:18:13.000000,2.671582e+07,1.869961e+07,1.241238e+02,1.429682e+06,8.890187e+01,,,,105
2018-04-26 08:18:14.000000,2.671564e+07,1.869868e+07,1.241233e+02,1.429679e+06,8.890180e+01,,,,105
2018-04-26 08:18:15.000000,2.671549e+07,1.869934e+07,1.241236e+02,1.429677e+06,8.890173e+01,,,,105
2018-04-26 08:18:16.000000,2.671533e+07,1.869837e+07,1.241231e+02,1.429674e+06,8.890165e+01,,,,105
2018-04-26 08:18:17.000000,2.671513e+07,1.869884e+07,1.241235e+02,1.429672e+06,8.890158e+01,,,,105
2018-04-26 08:18:18.000000,2.671496e+07,1.869903e+07,1.241236e+02,1.429670e+06,8.890151e+01,,,,105
2018-04-26 08:18:19.000000,2.671480e+07,1.869867e+07,1.241236e+02,1.429667e+06,8.890143e+01,,,,105
2018-04-26 08:18:20.000000,2.671465e+07,1.869954e+07,1.241241e+02,1.429665e+06,8.890137e+01,,,,105
2018-04-26 08:18:21.000000,2.671447e+07,1.869878e+07,1.241236e+02,1.429662e+06,8.890129e+01,,,,105
2018-04-26 08:18:22.000000,2.671430e+07,1.869856e+07,1.241236e+02,1.429660e+06,8.890121e+01,,,,105
2018-04-26 08:18:23.000000,2.671412e+07,1.869778e+07,1.241231e+02,1.429657e+06,8.890114e+01,,,,105
2018-04-26 08:18:24.000000,2.671394e+07,1.869735e+07,1.241228e+02,1.429655e+06,8.890106e+01,,,,105
2018-04-26 08:18:25.000000,2.671377e+07,1.869842e+07,1.241233e+02,1.429653e+06,8.890099e+01,,,,105
2018-04-26 08:18:26.000000,2.671361e+07,1.869693e+07,1.241226e+02,1.429650e+06,8.890092e+01,,,,105
2018-04-26 08:18:27.000000,2.671345e+07,1.869770e+07,1.241230e+02,1.429648e+06,8.890084e+01,,,,105
2018-04-26 08:18:28.000000,2.671328e+07,1.869747e+07,1.241228e+02,1.429646e+06,8.890077e+01,,,,105
2018-04-26 08:18:29.000000,2.671309e+07,1.869736e+07,1.241231e+02,1.429643e+06,8.890070e+01,,,,105
2018-04-26 08:18:30.000000,2.671292e+07,1.869803e+07,1.241234e+02,1.429641e+06,8.890062e+01,,,,105
2018-04-26 08:18:31.000000,2.671276e+07,1.869748e+07,1.241231e+02,1.429638e+06,8.890055e+01,,,,105
2018-04-26 08:18:32.000000,2.671259e+07,1.869724e+07,1.241232e+02,1.429636e+06,8.890048e+01,,,,105
2018-04-26 08:18:33.000000,2.671243e+07,1.869737e+07,1.241232e+02,1.429633e+06,8.890040e+01,,,,105
2018-04-26 08:18:34.000000,2.671223e+07,1.869613e+07,1.241224e+02,1.429631e+06,8.890033e+01,,,,105
2018-04-26 08:18:35.000000,2.671206e+07,1.869673e+07,1.241226e+02,1.429628e+06,8.890025e+01,,,,105
2018-04-26 08:18:36.000000,2.671189e+07,1.869579e+07,1.241223e+02,1.429626e+06,8.890017e+01,,,,105
2018-04-26 08:18:37.000000,2.671174e+07,1.869644e+07,1.241226e+02,1.429623e+06,8.890010e+01,,,,105
2018-04-26 08:18:38.000000,2.671157e+07,1.869552e+07,1.241220e+02,1.429621e+06,8.890002e+01,,,,105
2018-04-26 08:18:39.000000,2.671139e+07,1.869505e+07,1.241219e+02,1.429619e+06,8.889995e+01,,,,105
2018-04-26 08:18:40.000000,2.671121e+07,1.869662e+07,1.241228e+02,1.429616e+06,8.889988e+01,,,,105
2018-04-26 08:18:41.000000,2.671103e+07,1.869585e+07,1.241224e+02,1.429614e+06,8.889979e+01,,,,105
2018-04-26 08:18:42.000000,2.671086e+07,1.869561e+07,1.241225e+02,1.429611e+06,8.889972e+01,,,,105
2018-04-26 08:18:43.000000,2.671070e+07,1.869600e+07,1.241227e+02,1.429609e+06,8.889965e+01,,,,105
2018-04-26 08:18:44.000000,2.671054e+07,1.869567e+07,1.241225e+02,1.429606e+06,8.889957e+01,,,,105
2018-04-26 08:18:45.000000,2.671034e+07,1.869548e+07,1.241223e+02,1.429604e+06,8.889950e+01,,,,105
2018-04-26 08:18:46.000000,2.671017e+07,1.869450e+07,1.241217e+02,1.429601e+06,8.889942e+01,,,,105
2018-04-26 08:18:47.000000,2.671000e+07,1.869541e+07,1.241222e+02,1.429599e+06,8.889934e+01,,,,105
2018-04-26 08:18:48.000000,2.670985e+07,1.869403e+07,1.241215e+02,1.429596e+06,8.889927e+01,,,,105
2018-04-26 08:18:49.000000,2.670968e+07,1.869374e+07,1.241213e+02,1.429594e+06,8.889919e+01,,,,105
2018-04-26 08:18:50.000000,2.670950e+07,1.869450e+07,1.241217e+02,1.429592e+06,8.889911e+01,,,,105
2018-04-26 08:18:51.000000,2.670932e+07,1.869442e+07,1.241220e+02,1.429589e+06,8.889904e+01,,,,105
2018-04-26 08:18:52.000000,2.670914e+07,1.869545e+07,1.241225e+02,1.429587e+06,8.889896e+01,,,,105
2018-04-26 08:18:53.000000,2.670896e+07,1.869446e+07,1.241219e+02,1.429584e+06,8.889889e+01,,,,105
2018-04-26 08:18:54.000000,2.670881e+07,1.869432e+07,1.241221e+02,1.429582e+06,8.889881e+01,,,,105
2018-04-26 08:18:55.000000,2.670865e+07,1.869443e+07,1.241221e+02,1.429579e+06,8.889873e+01,,,,105
2018-04-26 08:18:56.000000,2.670847e+07,1.869410e+07,1.241219e+02,1.429577e+06,8.889866e+01,,,,105
2018-04-26 08:18:57.000000,2.670828e+07,1.869425e+07,1.241219e+02,1.429574e+06,8.889858e+01,,,,105
2018-04-26 08:18:58.000000,2.670811e+07,1.869290e+07,1.241212e+02,1.429572e+06,8.889850e+01,,,,105
2018-04-26 08:18:59.000000,2.670795e+07,1.869345e+07,1.241215e+02,1.429569e+06,8.889843e+01,,,,105
2018-04-26 08:19:00.000000,2.670778e+07,1.869259e+07,1.241210e+02,1.429567e+06,8.889835e+01,,,,105
2018-04-26 08:19:01.000000,2.670760e+07,1.869212e+07,1.241209e+02,1.429564e+06,8.889827e+01,,,,105
2018-04-26 08:19:02.000000,2.670742e+07,1.869366e+07,1.241218e+02,1.429562e+06,8.889820e+01,,,,105
2018-04-26 08:19:03.000000,2.670725e+07,1.869292e+07,1.241213e+02,1.429559e+06,8.889812e+01,,,,105
2018-04-26 08:19:04.000000,2.670707e+07,1.869267e+07,1.241214e+02,1.429557e+06,8.889804e+01,,,,105
2018-04-26 08:19:05.000000,2.670692e+07,1.869305e+07,1.241216e+02,1.429554e+06,8.889796e+01,,,,105
2018-04-26 08:19:06.000000,2.670675e+07,1.869274e+07,1.241214e+02,1.429552e+06,8.889788e+01,,,,105
2018-04-26 08:19:07.000000,2.670657e+07,1.869382e+07,1.241220e+02,1.429549e+06,8.889781e+01,,,,105
2018-04-26 08:19:08.000000,2.670638e+07,1.869169e+07,1.241207e+02,1.429547e+06,8.889773e+01,,,,105
2018-04-26 08:19:09.000000,2.670621e+07,1.869245e+07,1.241211e+02,1.429544e+06,8.889765e+01,,,,105
2018-04-26 08:19:10.000000,2.670603e+07,1.869215e+07,1.241211e+02,1.429542e+06,8.889757e+01,,,,105
2018-04-26 08:19:11.000000,2.670588e+07,1.869089e+07,1.241204e+02,1.429539e+06,8.889750e+01,,,,105
2018-04-26 08:19:12.000000,2.670572e+07,1.869149e+07,1.241206e+02,1.429537e+06,8.889741e+01,,,,105
2018-04-26 08:19:13.000000,2.670552e+07,1.869148e+07,1.241209e+02,1.429534e+06,8.889734e+01,,,,105
2018-04-26 08:19:14.000000,2.670534e+07,1.869248e+07,1.241214e+02,1.429532e+06,8.889726e+01,,,,105
2018-04-26 08:19:15.000000,2.670517e+07,1.869153e+07,1.241208e+02,1.429529e+06,8.889718e+01,,,,105
2018-04-26 08:19:16.000000,2.670502e+07,1.869136e+07,1.241210e+02,1.429526e+06,8.889711e+01,,,,105
2018-04-26 08:19:17.000000,2.670484e+07,1.869209e+07,1.241213e+02,1.429524e+06,8.889703e+01,,,,105
2018-04-26 08:19:18.000000,2.670467e+07,1.869118e+07,1.241208e+02,1.429522e+06,8.889694e+01,,,,105
2018-04-26 08:19:19.000000,2.670448e+07,1.869124e+07,1.241207e+02,1.429519e+06,8.889687e+01,,,,105
2018-04-26 08:19:20.000000,2.670430e+07,1.868999e+07,1.241200e+02,1.429517e+06,8.889678e+01,,,,105
2018-04-26 08:19:21.000000,2.670413e+07,1.868973e+07,1.241201e+02,1.429514e+06,8.889671e+01,,,,105
2018-04-26 08:19:22.000000,2.670397e+07,1.869022e+07,1.241203e+02,1.429511e+06,8.889663e+01,,,,105
2018-04-26 08:19:23.000000,2.670381e+07,1.868924e+07,1.241197e+02,1.429509e+06,8.889655e+01,,,,105
2018-04-26 08:19:24.000000,2.670363e+07,1.869019e+07,1.241204e+02,1.429507e+06,8.889647e+01,,,,105
2018-04-26 08:19:25.000000,2.670344e+07,1.869014e+07,1.241205e+02,1.429504e+06,8.889640e+01,,,,105
2018-04-26 08:19:26.000000,2.670326e+07,1.868977e+07,1.241203e+02,1.429502e+06,8.889631e+01,,,,105
2018-04-26 08:19:27.000000,2.670311e+07,1.869013e+07,1.241206e+02,1.429499e+06,8.889623e+01,,,,105
2018-04-26 08:19:28.000000,2.670293e+07,1.868978e+07,1.241205e+02,1.429496e+06,8.889615e+01,,,,105
2018-04-26 08:19:29.000000,2.670276e+07,1.869084e+07,1.241210e+02,1.429494e+06,8.889607e+01,,,,105
2018-04-26 08:19:30.000000,2.670257e+07,1.868875e+07,1.241197e+02,1.429491e+06,8.889600e+01,,,,105
2018-04-26 08:19:31.000000,2.670239e+07,1.868839e+07,1.241195e+02,1.429489e+06,8.889591e+01,,,,105
2018-04-26 08:19:32.000000,2.670221e+07,1.868918e+07,1.241199e+02,1.429486e+06,8.889583e+01,,,,105
2018-04-26 08:19:33.000000,2.670206e+07,1.868793e+07,1.241194e+02,1.429484e+06,8.889576e+01,,,,105
2018-04-26 08:19:34.000000,2.670189e+07,1.868850e+07,1.241196e+02,1.429481e+06,8.889567e+01,,,,105
2018-04-26 08:19:35.000000,2.670171e+07,1.868782e+07,1.241194e+02,1.429479e+06,8.889559e+01,,,,105
2018-04-26 08:19:36.000000,2.670152e+07,1.868834e+07,1.241198e+02,1.429476e+06,8.889552e+01,,,,105
2018-04-26 08:19:37.000000,2.670135e+07,1.868851e+07,1.241198e+02,1.429474e+06,8.889543e+01,,,,105
2018-04-26 08:19:38.000000,2.670119e+07,1.868839e+07,1.241200e+02,1.429471e+06,8.889535e+01,,,,105
2018-04-26 08:19:39.000000,2.670101e+07,1.868909e+07,1.241203e+02,1.429469e+06,8.889527e+01,,,,105
2018-04-26 08:19:40.000000,2.670085e+07,1.868821e+07,1.241198e+02,1.429466e+06,8.889519e+01,,,,105
2018-04-26 08:19:41.000000,2.670065e+07,1.868830e+07,1.241196e+02,1.429463e+06,8.889511e+01,,,,105
2018-04-26 08:19:42.000000,2.670047e+07,1.868722e+07,1.241193e+02,1.429461e+06,8.889503e+01,,,,105
2018-04-26 08:19:43.000000,2.670029e+07,1.868679e+07,1.241189e+02,1.429459e+06,8.889494e+01,,,,105
2018-04-26 08:19:44.000000,2.670015e+07,1.868722e+07,1.241193e+02,1.429456e+06,8.889487e+01,,,,105
2018-04-26 08:19:45.000000,2.669997e+07,1.868627e+07,1.241186e+02,1.429453e+06,8.889478e+01,,,,105
2018-04-26 08:19:46.000000,2.669980e+07,1.868723e+07,1.241192e+02,1.429451e+06,8.889470e+01,,,,105
2018-04-26 08:19:47.000000,2.669960e+07,1.868717e+07,1.241194e+02,1.429448e+06,8.889462e+01,,,,105
2018-04-26 08:19:48.000000,2.669943e+07,1.868679e+07,1.241192e+02,1.429446e+06,8.889454e+01,,,,105
2018-04-26 08:19:49.000000,2.669925e+07,1.868746e+07,1.241197e+02,1.429443e+06,8.889446e+01,,,,105
2018-04-26 08:19:50.000000,2.669909e+07,1.868688e+07,1.241193e+02,1.429441e+06,8.889438e+01,,,,105
2018-04-26 08:19:51.000000,2.669893e+07,1.868784e+07,1.241200e+02,1.429438e+06,8.889429e+01,,,,105
2018-04-26 08:19:52.000000,2.669873e+07,1.868582e+07,1.241188e+02,1.429435e+06,8.889421e+01,,,,105
2018-04-26 08:19:53.000000,2.669855e+07,1.868541e+07,1.241185e+02,1.429433e+06,8.889413e+01,,,,105
2018-04-26 08:19:54.000000,2.669839e+07,1.868616e+07,1.241190e+02,1.429431e+06,8.889404e+01,,,,105
2018-04-26 08:19:55.000000,2.669823e+07,1.868496e+07,1.241183e+02,1.429428e+06,8.889396e+01,,,,105
2018-04-26 08:19:56.000000,2.669805e+07,1.868587e+07,1.241188e+02,1.429425e+06,8.889388e+01,,,,105
2018-04-26 08:19:57.000000,2.669787e+07,1.868486e+07,1.241183e+02,1.429423e+06,8.889380e+01,,,,105
2018-04-26 08:19:58.000000,2.669768e+07,1.868533e+07,1.241188e+02,1.429420e+06,8.889372e+01,,,,105
2018-04-26 08:19:59.000000,2.669751e+07,1.868552e+07,1.241188e+02,1.429418e+06,8.889363e+01,,,,105
2018-04-26 08:20:00.000000,2.669733e+07,1.868515e+07,1.241187e+02,1.429415e+06,8.889355e+01,,,,105
2018-04-26 08:20:01.000000,2.669717e+07,1.868606e+07,1.241192e+02,1.429413e+06,8.889347e+01,,,,105
2018-04-26 08:20:02.000000,2.669701e+07,1.868524e+07,1.241188e+02,1.429410e+06,8.889338e+01,,,,105
2018-04-26 08:20:03.000000,2.669683e+07,1.868503e+07,1.241187e+02,1.429408e+06,8.889330e+01,,,,105
2018-04-26 08:20:04.000000,2.669664e+07,1.868424e+07,1.241181e+02,1.429405e+06,8.889322e+01,,,,105
2018-04-26 08:20:05.000000,2.669646e+07,1.868381e+07,1.241179e+02,1.429402e+06,8.889313e+01,,,,105
2018-04-26 08:20:06.000000,2.669631e+07,1.868425e+07,1.241181e+02,1.429400e+06,8.889305e+01,,,,105
2018-04-26 08:20:07.000000,2.669613e+07,1.868330e+07,1.241177e+02,1.429397e+06,8.889297e+01,,,,105
2018-04-26 08:20:08.000000,2.669596e+07,1.868424e+07,1.241182e+02,1.429395e+06,8.889287e+01,,,,105
2018-04-26 08:20:09.000000,2.669576e+07,1.868422e+07,1.241183e+02,1.429392e+06,8.889279e+01,,,,105
2018-04-26 08:20:10.000000,2.669559e+07,1.868381e+07,1.241182e+02,1.429389e+06,8.889271e+01,,,,105
2018-04-26 08:20:11.000000,2.669541e+07,1.868451e+07,1.241185e+02,1.429387e+06,8.889262e+01,,,,105
2018-04-26 08:20:12.000000,2.669526e+07,1.868390e+07,1.241183e+02,1.429384e+06,8.889254e+01,,,,105
2018-04-26 08:20:13.000000,2.669508e+07,1.868485e+07,1.241190e+02,1.429382e+06,8.889245e+01,,,,105
2018-04-26 08:20:14.000000,2.669490e+07,1.868382e+07,1.241184e+02,1.429379e+06,8.889237e+01,,,,105
2018-04-26 08:20:15.000000,2.669471e+07,1.868253e+07,1.241176e+02,1.429376e+06,8.889229e+01,,,,105
2018-04-26 08:20:16.000000,2.669454e+07,1.868319e+07,1.241178e+02,1.429374e+06,8.889219e+01,,,,105
2018-04-26 08:20:17.000000,2.669436e+07,1.868218e+07,1.241174e+02,1.429371e+06,8.889211e+01,,,,105
2018-04-26 08:20:18.000000,2.669420e+07,1.868291e+07,1.241178e+02,1.429368e+06,8.889203e+01,,,,105
2018-04-26 08:20:19.000000,2.669403e+07,1.868191e+07,1.241171e+02,1.429366e+06,8.889194e+01,,,,105
2018-04-26 08:20:20.000000,2.669383e+07,1.868233e+07,1.241177e+02,1.429363e+06,8.889185e+01,,,,105
2018-04-26 08:20:21.000000,2.669366e+07,1.868253e+07,1.241178e+02,1.429361e+06,8.889177e+01,,,,105
2018-04-26 08:20:22.000000,2.669349e+07,1.868220e+07,1.241175e+02,1.429358e+06,8.889168e+01,,,,105
2018-04-26 08:20:23.000000,2.669333e+07,1.868306e+07,1.241182e+02,1.429355e+06,8.889160e+01,,,,105
2018-04-26 08:20:24.000000,2.669316e+07,1.868225e+07,1.241177e+02,1.429353e+06,8.889151e+01,,,,105
2018-04-26 08:20:25.000000,2.669298e+07,1.868202e+07,1.241176e+02,1.429350e+06,8.889142e+01,,,,105
2018-04-26 08:20:26.000000,2.669279e+07,1.868126e+07,1.241171e+02,1.429347e+06,8.889134e+01,,,,105
2018-04-26 08:20:27.000000,2.669261e+07,1.868081e+07,1.241168e+02,1.429345e+06,8.889125e+01,,,,105
2018-04-26 08:20:28.000000,2.669243e+07,1.868195e+07,1.241174e+02,1.429342e+06,8.889116e+01,,,,105
2018-04-26 08:20:29.000000,2.669227e+07,1.868038e+07,1.241167e+02,1.429340e+06,8.889108e+01,,,,105
2018-04-26 08:20:30.000000,2.669210e+07,1.868120e+07,1.241170e+02,1.429337e+06,8.889098e+01,,,,105
2018-04-26 08:20:31.000000,2.669193e+07,1.868096e+07,1.241169e+02,1.429335e+06,8.889090e+01,,,,105
2018-04-26 08:20:32.000000,2.669174e+07,1.868079e+07,1.241172e+02,1.429332e+06,8.889081e+01,,,,105
2018-04-26 08:20:33.000000,2.669156e+07,1.868150e+07,1.241175e+02,1.429329e+06,8.889072e+01,,,,105
2018-04-26 08:20:34.000000,2.669140e+07,1.868091e+07,1.241172e+02,1.429326e+06,8.889063e+01,,,,105
2018-04-26 08:20:35.000000,2.669122e+07,1.868066e+07,1.241173e+02,1.429324e+06,8.889055e+01,,,,105
2018-04-26 08:20:36.000000,2.669104e+07,1.868080e+07,1.241173e+02,1.429321e+06,8.889046e+01,,,,105
2018-04-26 08:20:37.000000,2.669085e+07,1.867957e+07,1.241164e+02,1.429318e+06,8.889037e+01,,,,105
2018-04-26 08:20:38.000000,2.669067e+07,1.868018e+07,1.241169e+02,1.429316e+06,8.889028e+01,,,,105
2018-04-26 08:20:39.000000,2.669050e+07,1.867922e+07,1.241163e+02,1.429313e+06,8.889019e+01,,,,105
2018-04-26 08:20:40.000000,2.669035e+07,1.867995e+07,1.241167e+02,1.429310e+06,8.889010e+01,,,,105
2018-04-26 08:20:41.000000,2.669017e+07,1.867893e+07,1.241162e+02,1.429308e+06,8.889001e+01,,,,105
2018-04-26 08:20:42.000000,2.668999e+07,1.867847e+07,1.241160e+02,1.429305e+06,8.888992e+01,,,,105
2018-04-26 08:20:43.000000,2.668980e+07,1.868010e+07,1.241169e+02,1.429302e+06,8.888984e+01,,,,105
2018-04-26 08:20:44.000000,2.668962e+07,1.867923e+07,1.241166e+02,1.429300e+06,8.888974e+01,,,,105
2018-04-26 08:20:45.000000,2.668944e+07,1.867904e+07,1.241165e+02,1.429297e+06,8.888965e+01,,,,105
2018-04-26 08:20:46.000000,2.668928e+07,1.867922e+07,1.241167e+02,1.429294e+06,8.888957e+01,,,,105
2018-04-26 08:20:47.000000,2.668912e+07,1.867904e+07,1.241167e+02,1.429292e+06,8.888947e+01,,,,105
2018-04-26 08:20:48.000000,2.668892e+07,1.867828e+07,1.241162e+02,1.429289e+06,8.888938e+01,,,,105
2018-04-26 08:20:49.000000,2.668874e+07,1.867782e+07,1.241159e+02,1.429286e+06,8.888930e+01,,,,105
2018-04-26 08:20:50.000000,2.668856e+07,1.867893e+07,1.241165e+02,1.429284e+06,8.888920e+01,,,,105
2018-04-26 08:20:51.000000,2.668841e+07,1.867740e+07,1.241158e+02,1.429281e+06,8.888911e+01,,,,105
2018-04-26 08:20:52.000000,2.668823e+07,1.867818e+07,1.241162e+02,1.429278e+06,8.888903e+01,,,,105
2018-04-26 08:20:53.000000,2.668805e+07,1.867796e+07,1.241160e+02,1.429276e+06,8.888893e+01,,,,105
2018-04-26 08:20:54.000000,2.668786e+07,1.867778e+07,1.241162e+02,1.429273e+06,8.888884e+01,,,,105
2018-04-26 08:20:55.000000,2.668769e+07,1.867848e+07,1.241166e+02,1.429270e+06,8.888874e+01,,,,105
2018-04-26 08:20:56.000000,2.668750e+07,1.867782e+07,1.241162e+02,1.429268e+06,8.888865e+01,,,,105
2018-04-26 08:20:57.000000,2.668734e+07,1.867881e+07,1.241169e+02,1.429265e+06,8.888857e+01,,,,105
2018-04-26 08:20:58.000000,2.668718e+07,1.867784e+07,1.241163e+02,1.429262e+06,8.888847e+01,,,,105
2018-04-26 08:20:59.000000,2.668700e+07,1.867740e+07,1.241160e+02,1.429259e+06,8.888838e+01,,,,105
2018-04-26 08:21:00.000000,2.668681e+07,1.867725e+07,1.241158e+02,1.429256e+06,8.888829e+01,,,,105
2018-04-26 08:21:01.000000,2.668663e+07,1.867623e+07,1.241152e+02,1.429254e+06,8.888819e+01,,,,105
2018-04-26 08:21:02.000000,2.668647e+07,1.867693e+07,1.241156e+02,1.429251e+06,8.888810e+01,,,,105
2018-04-26 08:21:03.000000,2.668629e+07,1.867593e+07,1.241151e+02,1.429248e+06,8.888801e+01,,,,105
2018-04-26 08:21:04.000000,2.668611e+07,1.867546e+07,1.241149e+02,1.429246e+06,8.888791e+01,,,,105
2018-04-26 08:21:05.000000,2.668592e+07,1.867645e+07,1.241155e+02,1.429243e+06,8.888782e+01,,,,105
2018-04-26 08:21:06.000000,2.668574e+07,1.867619e+07,1.241156e+02,1.429240e+06,8.888773e+01,,,,105
2018-04-26 08:21:07.000000,2.668557e+07,1.867602e+07,1.241154e+02,1.429237e+06,8.888764e+01,,,,105
2018-04-26 08:21:08.000000,2.668541e+07,1.867619e+07,1.241156e+02,1.429234e+06,8.888754e+01,,,,105
2018-04-26 08:21:09.000000,2.668524e+07,1.867602e+07,1.241157e+02,1.429232e+06,8.888744e+01,,,,105
2018-04-26 08:21:10.000000,2.668506e+07,1.867681e+07,1.241160e+02,1.429229e+06,8.888735e+01,,,,105
2018-04-26 08:21:11.000000,2.668487e+07,1.867494e+07,1.241149e+02,1.429226e+06,8.888726e+01,,,,105
2018-04-26 08:21:12.000000,2.668469e+07,1.867591e+07,1.241154e+02,1.429223e+06,8.888716e+01,,,,105
2018-04-26 08:21:13.000000,2.668453e+07,1.867441e+07,1.241146e+02,1.429220e+06,8.888707e+01,,,,105
2018-04-26 08:21:14.000000,2.668435e+07,1.867516e+07,1.241151e+02,1.429218e+06,8.888698e+01,,,,105
2018-04-26 08:21:15.000000,2.668418e+07,1.867495e+07,1.241149e+02,1.429215e+06,8.888688e+01,,,,105
2018-04-26 08:21:16.000000,2.668398e+07,1.867476e+07,1.241151e+02,1.429212e+06,8.888679e+01,,,,105
2018-04-26 08:21:17.000000,2.668380e+07,1.867546e+07,1.241155e+02,1.429209e+06,8.888670e+01,,,,105
2018-04-26 08:21:18.000000,2.668362e+07,1.867481e+07,1.241151e+02,1.429207e+06,8.888659e+01,,,,105
2018-04-26 08:21:19.000000,2.668347e+07,1.867581e+07,1.241157e+02,1.429204e+06,8.888650e+01,,,,105
2018-04-26 08:21:20.000000,2.668329e+07,1.867484e+07,1.241153e+02,1.429201e+06,8.888641e+01,,,,105
2018-04-26 08:21:21.000000,2.668311e+07,1.867439e+07,1.241150e+02,1.429198e+06,8.888631e+01,,,,105
2018-04-26 08:21:22.000000,2.668293e+07,1.867426e+07,1.241147e+02,1.429195e+06,8.888622e+01,,,,105
2018-04-26 08:21:23.000000,2.668274e+07,1.867322e+07,1.241143e+02,1.429192e+06,8.888612e+01,,,,105
2018-04-26 08:21:24.000000,2.668256e+07,1.867300e+07,1.241142e+02,1.429190e+06,8.888602e+01,,,,105
2018-04-26 08:21:25.000000,2.668240e+07,1.867288e+07,1.241140e+02,1.429187e+06,8.888593e+01,,,,105
2018-04-26 08:21:26.000000,2.668223e+07,1.867245e+07,1.241139e+02,1.429184e+06,8.888582e+01,,,,105
2018-04-26 08:21:27.000000,2.668203e+07,1.867341e+07,1.241145e+02,1.429181e+06,8.888573e+01,,,,105
2018-04-26 08:21:28.000000,2.668185e+07,1.867313e+07,1.241146e+02,1.429178e+06,8.888564e+01,,,,105
2018-04-26 08:21:29.000000,2.668168e+07,1.867422e+07,1.241151e+02,1.429175e+06,8.888553e+01,,,,105
2018-04-26 08:21:30.000000,2.668152e+07,1.867328e+07,1.241147e+02,1.429172e+06,8.888544e+01,,,,105
2018-04-26 08:21:31.000000,2.668134e+07,1.867299e+07,1.241146e+02,1.429169e+06,8.888535e+01,,,,105
2018-04-26 08:21:32.000000,2.668116e+07,1.867379e+07,1.241150e+02,1.429167e+06,8.888524e+01,,,,105
2018-04-26 08:21:33.000000,2.668097e+07,1.867194e+07,1.241138e+02,1.429163e+06,8.888515e+01,,,,105
2018-04-26 08:21:34.000000,2.668079e+07,1.867293e+07,1.241144e+02,1.429161e+06,8.888505e+01,,,,105
2018-04-26 08:21:35.000000,2.668061e+07,1.867154e+07,1.241137e+02,1.429158e+06,8.888495e+01,,,,105
2018-04-26 08:21:36.000000,2.668045e+07,1.867220e+07,1.241141e+02,1.429155e+06,8.888485e+01,,,,105
2018-04-26 08:21:37.000000,2.668028e+07,1.867195e+07,1.241139e+02,1.429152e+06,8.888475e+01,,,,105
2018-04-26 08:21:38.000000,2.668010e+07,1.867077e+07,1.241134e+02,1.429149e+06,8.888466e+01,,,,105
2018-04-26 08:21:39.000000,2.667991e+07,1.867239e+07,1.241143e+02,1.429146e+06,8.888456e+01,,,,105
2018-04-26 08:21:40.000000,2.667973e+07,1.867155e+07,1.241138e+02,1.429143e+06,8.888446e+01,,,,105
2018-04-26 08:21:41.000000,2.667957e+07,1.867278e+07,1.241147e+02,1.429140e+06,8.888436e+01,,,,105
2018-04-26 08:21:42.000000,2.667939e+07,1.867184e+07,1.241142e+02,1.429137e+06,8.888426e+01,,,,105
2018-04-26 08:21:43.000000,2.667922e+07,1.867136e+07,1.241139e+02,1.429135e+06,8.888416e+01,,,,105
2018-04-26 08:21:44.000000,2.667902e+07,1.867122e+07,1.241138e+02,1.429131e+06,8.888406e+01,,,,105
2018-04-26 08:21:45.000000,2.667884e+07,1.867020e+07,1.241132e+02,1.429129e+06,8.888397e+01,,,,105
2018-04-26 08:21:46.000000,2.667866e+07,1.866997e+07,1.241131e+02,1.429126e+06,8.888386e+01,,,,105
2018-04-26 08:21:47.000000,2.667851e+07,1.866982e+07,1.241131e+02,1.429123e+06,8.888376e+01,,,,105
2018-04-26 08:21:48.000000,2.667833e+07,1.866943e+07,1.241128e+02,1.429120e+06,8.888367e+01,,,,105
2018-04-26 08:21:49.000000,2.667815e+07,1.867017e+07,1.241132e+02,1.429117e+06,8.888356e+01,,,,105
2018-04-26 08:21:50.000000,2.667796e+07,1.867009e+07,1.241135e+02,1.429114e+06,8.888346e+01,,,,105
2018-04-26 08:21:51.000000,2.667778e+07,1.867119e+07,1.241140e+02,1.429111e+06,8.888336e+01,,,,105
2018-04-26 08:21:52.000000,2.667760e+07,1.867013e+07,1.241134e+02,1.429108e+06,8.888326e+01,,,,105
2018-04-26 08:21:53.000000,2.667744e+07,1.866996e+07,1.241136e+02,1.429105e+06,8.888316e+01,,,,105
2018-04-26 08:21:54.000000,2.667726e+07,1.867077e+07,1.241140e+02,1.429102e+06,8.888306e+01,,,,105
2018-04-26 08:21:55.000000,2.667706e+07,1.866894e+07,1.241129e+02,1.429099e+06,8.888296e+01,,,,105
2018-04-26 08:21:56.000000,2.667688e+07,1.866988e+07,1.241134e+02,1.429096e+06,8.888286e+01,,,,105
2018-04-26 08:21:57.000000,2.667671e+07,1.866854e+07,1.241127e+02,1.429093e+06,8.888275e+01,,,,105
2018-04-26 08:21:58.000000,2.667655e+07,1.866917e+07,1.241131e+02,1.429090e+06,8.888265e+01,,,,105
2018-04-26 08:21:59.000000,2.667637e+07,1.866824e+07,1.241125e+02,1.429087e+06,8.888256e+01,,,,105
2018-04-26 08:22:00.000000,2.667619e+07,1.866774e+07,1.241124e+02,1.429084e+06,8.888245e+01,,,,105
2018-04-26 08:22:01.000000,2.667600e+07,1.866936e+07,1.241133e+02,1.429080e+06,8.888235e+01,,,,105
2018-04-26 08:22:02.000000,2.667582e+07,1.866854e+07,1.241128e+02,1.429078e+06,8.888225e+01,,,,105
2018-04-26 08:22:03.000000,2.667564e+07,1.866828e+07,1.241129e+02,1.429075e+06,8.888214e+01,,,,105
2018-04-26 08:22:04.000000,2.667548e+07,1.866868e+07,1.241132e+02,1.429071e+06,8.888204e+01,,,,105
2018-04-26 08:22:05.000000,2.667531e+07,1.866834e+07,1.241129e+02,1.429068e+06,8.888193e+01,,,,105
2018-04-26 08:22:06.000000,2.667513e+07,1.866950e+07,1.241137e+02,1.429065e+06,8.888184e+01,,,,105
2018-04-26 08:22:07.000000,2.667494e+07,1.866727e+07,1.241122e+02,1.429062e+06,8.888174e+01,,,,105
2018-04-26 08:22:08.000000,2.667476e+07,1.866816e+07,1.241127e+02,1.429059e+06,8.888163e+01,,,,105
2018-04-26 08:22:09.000000,2.667460e+07,1.866672e+07,1.241120e+02,1.429056e+06,8.888153e+01,,,,105
2018-04-26 08:22:10.000000,2.667442e+07,1.866639e+07,1.241118e+02,1.429053e+06,8.888143e+01,,,,105
2018-04-26 08:22:11.000000,2.667425e+07,1.866718e+07,1.241123e+02,1.429050e+06,8.888132e+01,,,,105
2018-04-26 08:22:12.000000,2.667405e+07,1.866704e+07,1.241125e+02,1.429046e+06,8.888122e+01,,,,105
2018-04-26 08:22:13.000000,2.667386e+07,1.866815e+07,1.241131e+02,1.429043e+06,8.888112e+01,,,,105
2018-04-26 08:22:14.000000,2.667368e+07,1.866711e+07,1.241125e+02,1.429040e+06,8.888101e+01,,,,105
2018-04-26 08:22:15.000000,2.667353e+07,1.866693e+07,1.241126e+02,1.429037e+06,8.888091e+01,,,,105
2018-04-26 08:22:16.000000,2.667335e+07,1.866707e+07,1.241126e+02,1.429034e+06,8.888081e+01,,,,105
2018-04-26 08:22:17.000000,2.667317e+07,1.866671e+07,1.241124e+02,1.429031e+06,8.888070e+01,,,,105
2018-04-26 08:22:18.000000,2.667298e+07,1.866696e+07,1.241124e+02,1.429028e+06,8.888059e+01,,,,105
2018-04-26 08:22:19.000000,2.667280e+07,1.866553e+07,1.241117e+02,1.429024e+06,8.888048e+01,,,,105
2018-04-26 08:22:20.000000,2.667262e+07,1.866529e+07,1.241116e+02,1.429021e+06,8.888038e+01,,,,105
2018-04-26 08:22:21.000000,2.667246e+07,1.866513e+07,1.241115e+02,1.429018e+06,8.888028e+01,,,,105
2018-04-26 08:22:22.000000,2.667229e+07,1.866474e+07,1.241112e+02,1.429015e+06,8.888017e+01,,,,105
2018-04-26 08:22:23.000000,2.667209e+07,1.866631e+07,1.241122e+02,1.429011e+06,8.888007e+01,,,,105
2018-04-26 08:22:24.000000,2.667191e+07,1.866550e+07,1.241119e+02,1.429008e+06,8.887997e+01,,,,105
2018-04-26 08:22:25.000000,2.667173e+07,1.866528e+07,1.241117e+02,1.429005e+06,8.887986e+01,,,,105
2018-04-26 08:22:26.000000,2.667158e+07,1.866544e+07,1.241120e+02,1.429002e+06,8.887975e+01,,,,105
2018-04-26 08:22:27.000000,2.667140e+07,1.866527e+07,1.241119e+02,1.428999e+06,8.887965e+01,,,,105
2018-04-26 08:22:28.000000,2.667122e+07,1.866608e+07,1.241123e+02,1.428996e+06,8.887954e+01,,,,105
2018-04-26 08:22:29.000000,2.667103e+07,1.866423e+07,1.241112e+02,1.428992e+06,8.887944e+01,,,,105
2018-04-26 08:22:30.000000,2.667084e+07,1.866521e+07,1.241117e+02,1.428989e+06,8.887934e+01,,,,105
2018-04-26 08:22:31.000000,2.667067e+07,1.866405e+07,1.241114e+02,1.428986e+06,8.887923e+01,,,,105
2018-04-26 08:22:32.000000,2.667050e+07,1.866451e+07,1.241115e+02,1.428982e+06,8.887912e+01,,,,105
2018-04-26 08:22:33.000000,2.667033e+07,1.866425e+07,1.241113e+02,1.428979e+06,8.887901e+01,,,,105
2018-04-26 08:22:34.000000,2.667015e+07,1.866308e+07,1.241108e+02,1.428976e+06,8.887891e+01,,,,105
2018-04-26 08:22:35.000000,2.666996e+07,1.866470e+07,1.241117e+02,1.428973e+06,8.887881e+01,,,,105
2018-04-26 08:22:36.000000,2.666978e+07,1.866409e+07,1.241115e+02,1.428969e+06,8.887869e+01,,,,105
2018-04-26 08:22:37.000000,2.666962e+07,1.866509e+07,1.241121e+02,1.428966e+06,8.887859e+01,,,,105
2018-04-26 08:22:38.000000,2.666944e+07,1.866414e+07,1.241116e+02,1.428963e+06,8.887849e+01,,,,105
2018-04-26 08:22:39.000000,2.666926e+07,1.866364e+07,1.241114e+02,1.428960e+06,8.887838e+01,,,,105
2018-04-26 08:22:40.000000,2.666907e+07,1.866353e+07,1.241111e+02,1.428956e+06,8.887827e+01,,,,105
2018-04-26 08:22:41.000000,2.666888e+07,1.866248e+07,1.241106e+02,1.428953e+06,8.887817e+01,,,,105
2018-04-26 08:22:42.000000,2.666870e+07,1.866226e+07,1.241105e+02,1.428950e+06,8.887806e+01,,,,105
2018-04-26 08:22:43.000000,2.666854e+07,1.866213e+07,1.241104e+02,1.428946e+06,8.887795e+01,,,,105
2018-04-26 08:22:44.000000,2.666837e+07,1.866168e+07,1.241103e+02,1.428943e+06,8.887785e+01,,,,105
2018-04-26 08:22:45.000000,2.666819e+07,1.866247e+07,1.241106e+02,1.428940e+06,8.887774e+01,,,,105
2018-04-26 08:22:46.000000,2.666800e+07,1.866240e+07,1.241109e+02,1.428936e+06,8.887763e+01,,,,105
2018-04-26 08:22:47.000000,2.666782e+07,1.866349e+07,1.241114e+02,1.428933e+06,8.887752e+01,,,,105
2018-04-26 08:22:48.000000,2.666766e+07,1.866254e+07,1.241110e+02,1.428929e+06,8.887741e+01,,,,105
2018-04-26 08:22:49.000000,2.666748e+07,1.866225e+07,1.241110e+02,1.428926e+06,8.887731e+01,,,,105
2018-04-26 08:22:50.000000,2.666731e+07,1.866307e+07,1.241114e+02,1.428923e+06,8.887720e+01,,,,105
2018-04-26 08:22:51.000000,2.666710e+07,1.866123e+07,1.241102e+02,1.428919e+06,8.887709e+01,,,,105
2018-04-26 08:22:52.000000,2.666692e+07,1.866215e+07,1.241108e+02,1.428916e+06,8.887699e+01,,,,105
2018-04-26 08:22:53.000000,2.666674e+07,1.866082e+07,1.241101e+02,1.428912e+06,8.887687e+01,,,,105
2018-04-26 08:22:54.000000,2.666659e+07,1.866149e+07,1.241104e+02,1.428909e+06,8.887677e+01,,,,105
2018-04-26 08:22:55.000000,2.666641e+07,1.866124e+07,1.241103e+02,1.428906e+06,8.887666e+01,,,,105
2018-04-26 08:22:56.000000,2.666623e+07,1.866005e+07,1.241098e+02,1.428902e+06,8.887655e+01,,,,105
2018-04-26 08:22:57.000000,2.666604e+07,1.866168e+07,1.241107e+02,1.428899e+06,8.887644e+01,,,,105
2018-04-26 08:22:58.000000,2.666586e+07,1.866083e+07,1.241103e+02,1.428895e+06,8.887634e+01,,,,105
2018-04-26 08:22:59.000000,2.666568e+07,1.866057e+07,1.241103e+02,1.428892e+06,8.887622e+01,,,,105
2018-04-26 08:23:00.000000,2.666552e+07,1.866099e+07,1.241106e+02,1.428888e+06,8.887612e+01,,,,105
2018-04-26 08:23:01.000000,2.666534e+07,1.866062e+07,1.241104e+02,1.428885e+06,8.887600e+01,,,,105
2018-04-26 08:23:02.000000,2.666514e+07,1.866051e+07,1.241101e+02,1.428881e+06,8.887590e+01,,,,105
2018-04-26 08:23:03.000000,2.666496e+07,1.865947e+07,1.241097e+02,1.428878e+06,8.887579e+01,,,,105
2018-04-26 08:23:04.000000,2.666479e+07,1.866045e+07,1.241101e+02,1.428875e+06,8.887568e+01,,,,105
2018-04-26 08:23:05.000000,2.666463e+07,1.865921e+07,1.241096e+02,1.428871e+06,8.887557e+01,,,,105
2018-04-26 08:23:06.000000,2.666445e+07,1.865870e+07,1.241093e+02,1.428868e+06,8.887547e+01,,,,105
2018-04-26 08:23:07.000000,2.666427e+07,1.865949e+07,1.241097e+02,1.428864e+06,8.887535e+01,,,,105
2018-04-26 08:23:08.000000,2.666407e+07,1.865934e+07,1.241099e+02,1.428861e+06,8.887524e+01,,,,105
2018-04-26 08:23:09.000000,2.666390e+07,1.866048e+07,1.241105e+02,1.428857e+06,8.887514e+01,,,,105
2018-04-26 08:23:10.000000,2.666371e+07,1.865939e+07,1.241099e+02,1.428854e+06,8.887502e+01,,,,105
2018-04-26 08:23:11.000000,2.666355e+07,1.865922e+07,1.241100e+02,1.428850e+06,8.887491e+01,,,,105
2018-04-26 08:23:12.000000,2.666338e+07,1.865937e+07,1.241100e+02,1.428847e+06,8.887481e+01,,,,105
2018-04-26 08:23:13.000000,2.666320e+07,1.865898e+07,1.241099e+02,1.428843e+06,8.887469e+01,,,,105
2018-04-26 08:23:14.000000,2.666300e+07,1.865884e+07,1.241096e+02,1.428840e+06,8.887459e+01,,,,105
2018-04-26 08:23:15.000000,2.666282e+07,1.865779e+07,1.241091e+02,1.428836e+06,8.887447e+01,,,,105
2018-04-26 08:23:16.000000,2.666266e+07,1.865852e+07,1.241095e+02,1.428833e+06,8.887436e+01,,,,105
2018-04-26 08:23:17.000000,2.666248e+07,1.865753e+07,1.241089e+02,1.428829e+06,8.887426e+01,,,,105
2018-04-26 08:23:18.000000,2.666231e+07,1.865699e+07,1.241088e+02,1.428826e+06,8.887414e+01,,,,105
2018-04-26 08:23:19.000000,2.666210e+07,1.865864e+07,1.241097e+02,1.428822e+06,8.887403e+01,,,,105
2018-04-26 08:23:20.000000,2.666192e+07,1.865780e+07,1.241093e+02,1.428819e+06,8.887392e+01,,,,105
2018-04-26 08:23:21.000000,2.666174e+07,1.865753e+07,1.241093e+02,1.428815e+06,8.887381e+01,,,,105
2018-04-26 08:23:22.000000,2.666159e+07,1.865773e+07,1.241094e+02,1.428812e+06,8.887370e+01,,,,105
2018-04-26 08:23:23.000000,2.666141e+07,1.865757e+07,1.241094e+02,1.428808e+06,8.887359e+01,,,,105
2018-04-26 08:23:24.000000,2.666123e+07,1.865837e+07,1.241099e+02,1.428805e+06,8.887348e+01,,,,105
2018-04-26 08:23:25.000000,2.666104e+07,1.865648e+07,1.241088e+02,1.428801e+06,8.887337e+01,,,,105
2018-04-26 08:23:26.000000,2.666085e+07,1.865751e+07,1.241092e+02,1.428798e+06,8.887326e+01,,,,105
2018-04-26 08:23:27.000000,2.666068e+07,1.865636e+07,1.241086e+02,1.428794e+06,8.887314e+01,,,,105
2018-04-26 08:23:28.000000,2.666051e+07,1.865679e+07,1.241090e+02,1.428790e+06,8.887303e+01,,,,105
2018-04-26 08:23:29.000000,2.666034e+07,1.865655e+07,1.241087e+02,1.428787e+06,8.887292e+01,,,,105
2018-04-26 08:23:30.000000,2.666014e+07,1.865633e+07,1.241088e+02,1.428783e+06,8.887281e+01,,,,105
2018-04-26 08:23:31.000000,2.665996e+07,1.865703e+07,1.241093e+02,1.428780e+06,8.887270e+01,,,,105
2018-04-26 08:23:32.000000,2.665978e+07,1.865609e+07,1.241088e+02,1.428776e+06,8.887258e+01,,,,105
2018-04-26 08:23:33.000000,2.665962e+07,1.865739e+07,1.241095e+02,1.428772e+06,8.887247e+01,,,,105
2018-04-26 08:23:34.000000,2.665944e+07,1.865642e+07,1.241090e+02,1.428769e+06,8.887236e+01,,,,105
2018-04-26 08:23:35.000000,2.665926e+07,1.865592e+07,1.241088e+02,1.428766e+06,8.887225e+01,,,,105
2018-04-26 08:23:36.000000,2.665906e+07,1.865583e+07,1.241086e+02,1.428762e+06,8.887213e+01,,,,105
2018-04-26 08:23:37.000000,2.665888e+07,1.865475e+07,1.241081e+02,1.428758e+06,8.887203e+01,,,,105
2018-04-26 08:23:38.000000,2.665870e+07,1.865580e+07,1.241086e+02,1.428755e+06,8.887191e+01,,,,105
2018-04-26 08:23:39.000000,2.665854e+07,1.865452e+07,1.241080e+02,1.428751e+06,8.887180e+01,,,,105
2018-04-26 08:23:40.000000,2.665837e+07,1.865397e+07,1.241078e+02,1.428748e+06,8.887169e+01,,,,105
2018-04-26 08:23:41.000000,2.665819e+07,1.865483e+07,1.241081e+02,1.428744e+06,8.887157e+01,,,,105
2018-04-26 08:23:42.000000,2.665799e+07,1.865464e+07,1.241083e+02,1.428740e+06,8.887146e+01,,,,105
2018-04-26 08:23:43.000000,2.665781e+07,1.865583e+07,1.241089e+02,1.428737e+06,8.887134e+01,,,,105
2018-04-26 08:23:44.000000,2.665765e+07,1.865482e+07,1.241085e+02,1.428733e+06,8.887123e+01,,,,105
2018-04-26 08:23:45.000000,2.665746e+07,1.865451e+07,1.241085e+02,1.428730e+06,8.887112e+01,,,,105
2018-04-26 08:23:46.000000,2.665729e+07,1.865467e+07,1.241085e+02,1.428726e+06,8.887100e+01,,,,105
2018-04-26 08:23:47.000000,2.665709e+07,1.865341e+07,1.241077e+02,1.428722e+06,8.887089e+01,,,,105
2018-04-26 08:23:48.000000,2.665691e+07,1.865451e+07,1.241083e+02,1.428719e+06,8.887078e+01,,,,105
2018-04-26 08:23:49.000000,2.665673e+07,1.865307e+07,1.241076e+02,1.428715e+06,8.887066e+01,,,,105
2018-04-26 08:23:50.000000,2.665657e+07,1.865384e+07,1.241079e+02,1.428712e+06,8.887054e+01,,,,105
2018-04-26 08:23:51.000000,2.665639e+07,1.865281e+07,1.241074e+02,1.428708e+06,8.887043e+01,,,,105
2018-04-26 08:23:52.000000,2.665621e+07,1.865229e+07,1.241072e+02,1.428705e+06,8.887031e+01,,,,105
2018-04-26 08:23:53.000000,2.665602e+07,1.865398e+07,1.241082e+02,1.428701e+06,8.887020e+01,,,,105
2018-04-26 08:23:54.000000,2.665583e+07,1.865307e+07,1.241078e+02,1.428697e+06,8.887009e+01,,,,105
2018-04-26 08:23:55.000000,2.665565e+07,1.865282e+07,1.241078e+02,1.428694e+06,8.886997e+01,,,,105
2018-04-26 08:23:56.000000,2.665549e+07,1.865303e+07,1.241079e+02,1.428690e+06,8.886986e+01,,,,105
2018-04-26 08:23:57.000000,2.665531e+07,1.865286e+07,1.241079e+02,1.428686e+06,8.886974e+01,,,,105
2018-04-26 08:23:58.000000,2.665511e+07,1.865211e+07,1.241074e+02,1.428683e+06,8.886962e+01,,,,105
2018-04-26 08:23:59.000000,2.665493e+07,1.865165e+07,1.241070e+02,1.428679e+06,8.886951e+01,,,,105
2018-04-26 08:24:00.000000,2.665475e+07,1.865283e+07,1.241077e+02,1.428676e+06,8.886939e+01,,,,105
2018-04-26 08:24:01.000000,2.665460e+07,1.865123e+07,1.241069e+02,1.428672e+06,8.886927e+01,,,,105
2018-04-26 08:24:02.000000,2.665441e+07,1.865210e+07,1.241073e+02,1.428668e+06,8.886916e+01,,,,105
2018-04-26 08:24:03.000000,2.665423e+07,1.865184e+07,1.241072e+02,1.428665e+06,8.886904e+01,,,,105
2018-04-26 08:24:04.000000,2.665403e+07,1.865162e+07,1.241073e+02,1.428661e+06,8.886893e+01,,,,105
2018-04-26 08:24:05.000000,2.665386e+07,1.865235e+07,1.241078e+02,1.428657e+06,8.886881e+01,,,,105
2018-04-26 08:24:06.000000,2.665367e+07,1.865135e+07,1.241073e+02,1.428654e+06,8.886869e+01,,,,105
2018-04-26 08:24:07.000000,2.665351e+07,1.865272e+07,1.241080e+02,1.428650e+06,8.886858e+01,,,,105
2018-04-26 08:24:08.000000,2.665334e+07,1.865169e+07,1.241075e+02,1.428646e+06,8.886846e+01,,,,105
2018-04-26 08:24:09.000000,2.665316e+07,1.865118e+07,1.241073e+02,1.428643e+06,8.886834e+01,,,,105
2018-04-26 08:24:10.000000,2.665296e+07,1.865112e+07,1.241070e+02,1.428639e+06,8.886823e+01,,,,105
2018-04-26 08:24:11.000000,2.665277e+07,1.865001e+07,1.241066e+02,1.428636e+06,8.886810e+01,,,,105
2018-04-26 08:24:12.000000,2.665261e+07,1.865079e+07,1.241069e+02,1.428632e+06,8.886799e+01,,,,105
2018-04-26 08:24:13.000000,2.665243e+07,1.864977e+07,1.241063e+02,1.428628e+06,8.886787e+01,,,,105
2018-04-26 08:24:14.000000,2.665225e+07,1.864926e+07,1.241061e+02,1.428625e+06,8.886775e+01,,,,105
2018-04-26 08:24:15.000000,2.665205e+07,1.865024e+07,1.241068e+02,1.428621e+06,8.886763e+01,,,,105
2018-04-26 08:24:16.000000,2.665187e+07,1.864994e+07,1.241067e+02,1.428617e+06,8.886752e+01,,,,105
2018-04-26 08:24:17.000000,2.665169e+07,1.865111e+07,1.241074e+02,1.428614e+06,8.886740e+01,,,,105
2018-04-26 08:24:18.000000,2.665153e+07,1.865006e+07,1.241069e+02,1.428610e+06,8.886728e+01,,,,105
2018-04-26 08:24:19.000000,2.665135e+07,1.864979e+07,1.241068e+02,1.428606e+06,8.886716e+01,,,,105
2018-04-26 08:24:20.000000,2.665117e+07,1.864994e+07,1.241069e+02,1.428603e+06,8.886704e+01,,,,105
2018-04-26 08:24:21.000000,2.665097e+07,1.864865e+07,1.241061e+02,1.428599e+06,8.886692e+01,,,,105
2018-04-26 08:24:22.000000,2.665079e+07,1.864983e+07,1.241067e+02,1.428595e+06,8.886680e+01,,,,105
2018-04-26 08:24:23.000000,2.665061e+07,1.864833e+07,1.241059e+02,1.428592e+06,8.886668e+01,,,,105
2018-04-26 08:24:24.000000,2.665044e+07,1.864915e+07,1.241064e+02,1.428588e+06,8.886656e+01,,,,105
2018-04-26 08:24:25.000000,2.665027e+07,1.864802e+07,1.241058e+02,1.428585e+06,8.886644e+01,,,,105
2018-04-26 08:24:26.000000,2.665007e+07,1.864844e+07,1.241062e+02,1.428581e+06,8.886632e+01,,,,105
2018-04-26 08:24:27.000000,2.664988e+07,1.864934e+07,1.241067e+02,1.428577e+06,8.886620e+01,,,,105
2018-04-26 08:24:28.000000,2.664970e+07,1.864830e+07,1.241062e+02,1.428574e+06,8.886608e+01,,,,105
2018-04-26 08:24:29.000000,2.664955e+07,1.864965e+07,1.241070e+02,1.428570e+06,8.886596e+01,,,,105
2018-04-26 08:24:30.000000,2.664936e+07,1.864840e+07,1.241063e+02,1.428567e+06,8.886584e+01,,,,105
2018-04-26 08:24:31.000000,2.664918e+07,1.864810e+07,1.241063e+02,1.428563e+06,8.886572e+01,,,,105
2018-04-26 08:24:32.000000,2.664899e+07,1.864736e+07,1.241058e+02,1.428559e+06,8.886560e+01,,,,105
2018-04-26 08:24:33.000000,2.664880e+07,1.864688e+07,1.241055e+02,1.428556e+06,8.886548e+01,,,,105
2018-04-26 08:24:34.000000,2.664862e+07,1.864814e+07,1.241061e+02,1.428553e+06,8.886536e+01,,,,105
2018-04-26 08:24:35.000000,2.664846e+07,1.864645e+07,1.241053e+02,1.428549e+06,8.886524e+01,,,,105
2018-04-26 08:24:36.000000,2.664828e+07,1.864736e+07,1.241058e+02,1.428545e+06,8.886512e+01,,,,105
2018-04-26 08:24:37.000000,2.664807e+07,1.864730e+07,1.241059e+02,1.428542e+06,8.886499e+01,,,,105
2018-04-26 08:24:38.000000,2.664789e+07,1.864687e+07,1.241057e+02,1.428538e+06,8.886487e+01,,,,105
2018-04-26 08:24:39.000000,2.664772e+07,1.864763e+07,1.241062e+02,1.428535e+06,8.886475e+01,,,,105
2018-04-26 08:24:40.000000,2.664755e+07,1.864692e+07,1.241058e+02,1.428531e+06,8.886462e+01,,,,105
2018-04-26 08:24:41.000000,2.664737e+07,1.864802e+07,1.241065e+02,1.428528e+06,8.886451e+01,,,,105
2018-04-26 08:24:42.000000,2.664719e+07,1.864691e+07,1.241059e+02,1.428524e+06,8.886438e+01,,,,105
2018-04-26 08:24:43.000000,2.664699e+07,1.864559e+07,1.241051e+02,1.428521e+06,8.886426e+01,,,,105
2018-04-26 08:24:44.000000,2.664681e+07,1.864630e+07,1.241056e+02,1.428517e+06,8.886414e+01,,,,105
2018-04-26 08:24:45.000000,2.664662e+07,1.864524e+07,1.241050e+02,1.428514e+06,8.886401e+01,,,,105
2018-04-26 08:24:46.000000,2.664646e+07,1.864568e+07,1.241051e+02,1.428510e+06,8.886389e+01,,,,105
2018-04-26 08:24:47.000000,2.664629e+07,1.864495e+07,1.241048e+02,1.428507e+06,8.886377e+01,,,,105
2018-04-26 08:24:48.000000,2.664610e+07,1.864447e+07,1.241046e+02,1.428503e+06,8.886364e+01,,,,105
2018-04-26 08:24:49.000000,2.664591e+07,1.864552e+07,1.241052e+02,1.428499e+06,8.886352e+01,,,,105
2018-04-26 08:24:50.000000,2.664572e+07,1.864516e+07,1.241052e+02,1.428496e+06,8.886340e+01,,,,105
2018-04-26 08:24:51.000000,2.664556e+07,1.864618e+07,1.241058e+02,1.428492e+06,8.886327e+01,,,,105
2018-04-26 08:24:52.000000,2.664537e+07,1.864529e+07,1.241053e+02,1.428489e+06,8.886314e+01,,,,105
2018-04-26 08:24:53.000000,2.664520e+07,1.864503e+07,1.241053e+02,1.428485e+06,8.886301e+01,,,,105
2018-04-26 08:24:54.000000,2.664499e+07,1.864405e+07,1.241047e+02,1.428481e+06,8.886289e+01,,,,105
2018-04-26 08:24:55.000000,2.664481e+07,1.864376e+07,1.241045e+02,1.428478e+06,8.886277e+01,,,,105
2018-04-26 08:24:56.000000,2.664463e+07,1.864463e+07,1.241050e+02,1.428475e+06,8.886264e+01,,,,105
2018-04-26 08:24:57.000000,2.664447e+07,1.864332e+07,1.241043e+02,1.428471e+06,8.886251e+01,,,,105
2018-04-26 08:24:58.000000,2.664429e+07,1.864439e+07,1.241048e+02,1.428467e+06,8.886239e+01,,,,105
2018-04-26 08:24:59.000000,2.664411e+07,1.864324e+07,1.241043e+02,1.428464e+06,8.886226e+01,,,,105
2018-04-26 08:25:00.000000,2.664390e+07,1.864368e+07,1.241047e+02,1.428460e+06,8.886214e+01,,,,105
2018-04-26 08:25:01.000000,2.664372e+07,1.864459e+07,1.241052e+02,1.428457e+06,8.886202e+01,,,,105
2018-04-26 08:25:02.000000,2.664354e+07,1.864350e+07,1.241047e+02,1.428453e+06,8.886189e+01,,,,105
2018-04-26 08:25:03.000000,2.664337e+07,1.864495e+07,1.241055e+02,1.428449e+06,8.886176e+01,,,,105
2018-04-26 08:25:04.000000,2.664320e+07,1.864358e+07,1.241048e+02,1.428446e+06,8.886163e+01,,,,105
2018-04-26 08:25:05.000000,2.664299e+07,1.864373e+07,1.241047e+02,1.428442e+06,8.886151e+01,,,,105
2018-04-26 08:25:06.000000,2.664281e+07,1.864261e+07,1.241042e+02,1.428439e+06,8.886138e+01,,,,105
2018-04-26 08:25:07.000000,2.664263e+07,1.864207e+07,1.241040e+02,1.428435e+06,8.886125e+01,,,,105
2018-04-26 08:25:08.000000,2.664246e+07,1.864263e+07,1.241042e+02,1.428431e+06,8.886112e+01,,,,105
2018-04-26 08:25:09.000000,2.664228e+07,1.864157e+07,1.241037e+02,1.428428e+06,8.886100e+01,,,,105
2018-04-26 08:25:10.000000,2.664209e+07,1.864263e+07,1.241043e+02,1.428425e+06,8.886086e+01,,,,105
2018-04-26 08:25:11.000000,2.664190e+07,1.864224e+07,1.241042e+02,1.428421e+06,8.886074e+01,,,,105
2018-04-26 08:25:12.000000,2.664171e+07,1.864202e+07,1.241042e+02,1.428417e+06,8.886061e+01,,,,105
2018-04-26 08:25:13.000000,2.664152e+07,1.864292e+07,1.241046e+02,1.428414e+06,8.886048e+01,,,,105
2018-04-26 08:25:14.000000,2.664136e+07,1.864210e+07,1.241043e+02,1.428410e+06,8.886035e+01,,,,105
2018-04-26 08:25:15.000000,2.664118e+07,1.864326e+07,1.241050e+02,1.428407e+06,8.886023e+01,,,,105
2018-04-26 08:25:16.000000,2.664099e+07,1.864207e+07,1.241043e+02,1.428403e+06,8.886009e+01,,,,105
2018-04-26 08:25:17.000000,2.664079e+07,1.864197e+07,1.241041e+02,1.428399e+06,8.885997e+01,,,,105
2018-04-26 08:25:18.000000,2.664061e+07,1.864159e+07,1.241040e+02,1.428396e+06,8.885984e+01,,,,105
2018-04-26 08:25:19.000000,2.664044e+07,1.864020e+07,1.241033e+02,1.428392e+06,8.885970e+01,,,,105
2018-04-26 08:25:20.000000,2.664026e+07,1.864089e+07,1.241036e+02,1.428389e+06,8.885958e+01,,,,105
2018-04-26 08:25:21.000000,2.664008e+07,1.863984e+07,1.241031e+02,1.428385e+06,8.885944e+01,,,,105
2018-04-26 08:25:22.000000,2.663987e+07,1.864177e+07,1.241044e+02,1.428381e+06,8.885931e+01,,,,105
2018-04-26 08:25:23.000000,2.663968e+07,1.864085e+07,1.241038e+02,1.428378e+06,8.885919e+01,,,,105
2018-04-26 08:25:24.000000,2.663949e+07,1.864032e+07,1.241036e+02,1.428375e+06,8.885905e+01,,,,105
2018-04-26 08:25:25.000000,2.663934e+07,1.864070e+07,1.241040e+02,1.428371e+06,8.885892e+01,,,,105
2018-04-26 08:25:26.000000,2.663915e+07,1.864036e+07,1.241037e+02,1.428368e+06,8.885880e+01,,,,105
2018-04-26 08:25:27.000000,2.663897e+07,1.864155e+07,1.241044e+02,1.428364e+06,8.885866e+01,,,,105
2018-04-26 08:25:28.000000,2.663876e+07,1.863928e+07,1.241031e+02,1.428360e+06,8.885853e+01,,,,105
2018-04-26 08:25:29.000000,2.663858e+07,1.863890e+07,1.241030e+02,1.428357e+06,8.885841e+01,,,,105
2018-04-26 08:25:30.000000,2.663839e+07,1.863982e+07,1.241034e+02,1.428354e+06,8.885827e+01,,,,105
2018-04-26 08:25:31.000000,2.663822e+07,1.863842e+07,1.241027e+02,1.428350e+06,8.885814e+01,,,,105
2018-04-26 08:25:32.000000,2.663804e+07,1.863955e+07,1.241033e+02,1.428346e+06,8.885801e+01,,,,105
2018-04-26 08:25:33.000000,2.663784e+07,1.863908e+07,1.241031e+02,1.428343e+06,8.885787e+01,,,,105
2018-04-26 08:25:34.000000,2.663765e+07,1.863886e+07,1.241031e+02,1.428339e+06,8.885774e+01,,,,105
2018-04-26 08:25:35.000000,2.663747e+07,1.863901e+07,1.241032e+02,1.428336e+06,8.885761e+01,,,,105
2018-04-26 08:25:36.000000,2.663731e+07,1.863887e+07,1.241032e+02,1.428332e+06,8.885748e+01,,,,105
2018-04-26 08:25:37.000000,2.663712e+07,1.863969e+07,1.241037e+02,1.428329e+06,8.885735e+01,,,,105
2018-04-26 08:25:38.000000,2.663693e+07,1.863863e+07,1.241032e+02,1.428326e+06,8.885721e+01,,,,105
2018-04-26 08:25:39.000000,2.663673e+07,1.863887e+07,1.241032e+02,1.428322e+06,8.885708e+01,,,,105
2018-04-26 08:25:40.000000,2.663654e+07,1.863744e+07,1.241024e+02,1.428318e+06,8.885695e+01,,,,105
2018-04-26 08:25:41.000000,2.663636e+07,1.863716e+07,1.241023e+02,1.428315e+06,8.885681e+01,,,,105
2018-04-26 08:25:42.000000,2.663619e+07,1.863704e+07,1.241022e+02,1.428311e+06,8.885668e+01,,,,105
2018-04-26 08:25:43.000000,2.663601e+07,1.863660e+07,1.241020e+02,1.428308e+06,8.885655e+01,,,,105
2018-04-26 08:25:44.000000,2.663582e+07,1.863786e+07,1.241027e+02,1.428304e+06,8.885641e+01,,,,105
2018-04-26 08:25:45.000000,2.663563e+07,1.863733e+07,1.241026e+02,1.428301e+06,8.885628e+01,,,,105
2018-04-26 08:25:46.000000,2.663543e+07,1.863712e+07,1.241025e+02,1.428297e+06,8.885614e+01,,,,105
2018-04-26 08:25:47.000000,2.663527e+07,1.863751e+07,1.241029e+02,1.428293e+06,8.885601e+01,,,,105
2018-04-26 08:25:48.000000,2.663508e+07,1.863714e+07,1.241027e+02,1.428290e+06,8.885588e+01,,,,105
2018-04-26 08:25:49.000000,2.663490e+07,1.863843e+07,1.241034e+02,1.428287e+06,8.885574e+01,,,,105
2018-04-26 08:25:50.000000,2.663469e+07,1.863611e+07,1.241020e+02,1.428283e+06,8.885560e+01,,,,105
2018-04-26 08:25:51.000000,2.663451e+07,1.863705e+07,1.241026e+02,1.428279e+06,8.885547e+01,,,,105
2018-04-26 08:25:52.000000,2.663431e+07,1.863590e+07,1.241020e+02,1.428276e+06,8.885533e+01,,,,105
2018-04-26 08:25:53.000000,2.663415e+07,1.863518e+07,1.241016e+02,1.428272e+06,8.885520e+01,,,,105
2018-04-26 08:25:54.000000,2.663397e+07,1.863599e+07,1.241021e+02,1.428269e+06,8.885507e+01,,,,105
2018-04-26 08:25:55.000000,2.663378e+07,1.863486e+07,1.241015e+02,1.428265e+06,8.885493e+01,,,,105
2018-04-26 08:25:56.000000,2.663358e+07,1.863649e+07,1.241025e+02,1.428261e+06,8.885479e+01,,,,105
2018-04-26 08:25:57.000000,2.663339e+07,1.863560e+07,1.241020e+02,1.428258e+06,8.885466e+01,,,,105
2018-04-26 08:25:58.000000,2.663320e+07,1.863537e+07,1.241020e+02,1.428255e+06,8.885452e+01,,,,105
2018-04-26 08:25:59.000000,2.663303e+07,1.863579e+07,1.241023e+02,1.428251e+06,8.885438e+01,,,,105
2018-04-26 08:26:00.000000,2.663286e+07,1.863539e+07,1.241021e+02,1.428247e+06,8.885424e+01,,,,105
2018-04-26 08:26:01.000000,2.663264e+07,1.863532e+07,1.241020e+02,1.428243e+06,8.885411e+01,,,,105
2018-04-26 08:26:02.000000,2.663245e+07,1.863422e+07,1.241014e+02,1.428240e+06,8.885397e+01,,,,105
2018-04-26 08:26:03.000000,2.663226e+07,1.863527e+07,1.241020e+02,1.428236e+06,8.885383e+01,,,,105
2018-04-26 08:26:04.000000,2.663210e+07,1.863397e+07,1.241013e+02,1.428233e+06,8.885369e+01,,,,105
2018-04-26 08:26:05.000000,2.663192e+07,1.863341e+07,1.241010e+02,1.428229e+06,8.885356e+01,,,,105
2018-04-26 08:26:06.000000,2.663173e+07,1.863426e+07,1.241015e+02,1.428226e+06,8.885342e+01,,,,105
2018-04-26 08:26:07.000000,2.663153e+07,1.863406e+07,1.241016e+02,1.428222e+06,8.885328e+01,,,,105
2018-04-26 08:26:08.000000,2.663134e+07,1.863526e+07,1.241023e+02,1.428218e+06,8.885315e+01,,,,105
2018-04-26 08:26:09.000000,2.663115e+07,1.863409e+07,1.241016e+02,1.428215e+06,8.885301e+01,,,,105
2018-04-26 08:26:10.000000,2.663098e+07,1.863391e+07,1.241017e+02,1.428211e+06,8.885287e+01,,,,105
2018-04-26 08:26:11.000000,2.663080e+07,1.863406e+07,1.241017e+02,1.428208e+06,8.885274e+01,,,,105
2018-04-26 08:26:12.000000,2.663059e+07,1.863279e+07,1.241010e+02,1.428204e+06,8.885260e+01,,,,105
2018-04-26 08:26:13.000000,2.663040e+07,1.863349e+07,1.241014e+02,1.428200e+06,8.885245e+01,,,,105
2018-04-26 08:26:14.000000,2.663022e+07,1.863243e+07,1.241008e+02,1.428197e+06,8.885231e+01,,,,105
2018-04-26 08:26:15.000000,2.663005e+07,1.863324e+07,1.241012e+02,1.428193e+06,8.885218e+01,,,,105
2018-04-26 08:26:16.000000,2.662986e+07,1.863217e+07,1.241006e+02,1.428190e+06,8.885204e+01,,,,105
2018-04-26 08:26:17.000000,2.662967e+07,1.863163e+07,1.241004e+02,1.428186e+06,8.885189e+01,,,,105
2018-04-26 08:26:18.000000,2.662947e+07,1.863263e+07,1.241011e+02,1.428182e+06,8.885175e+01,,,,105
2018-04-26 08:26:19.000000,2.662928e+07,1.863235e+07,1.241010e+02,1.428179e+06,8.885162e+01,,,,105
2018-04-26 08:26:20.000000,2.662910e+07,1.863352e+07,1.241017e+02,1.428176e+06,8.885148e+01,,,,105
2018-04-26 08:26:21.000000,2.662894e+07,1.863244e+07,1.241012e+02,1.428172e+06,8.885134e+01,,,,105
2018-04-26 08:26:22.000000,2.662875e+07,1.863216e+07,1.241011e+02,1.428168e+06,8.885120e+01,,,,105
2018-04-26 08:26:23.000000,2.662856e+07,1.863306e+07,1.241016e+02,1.428165e+06,8.885106e+01,,,,105
2018-04-26 08:26:24.000000,2.662836e+07,1.863105e+07,1.241004e+02,1.428161e+06,8.885092e+01,,,,105
2018-04-26 08:26:25.000000,2.662817e+07,1.863221e+07,1.241011e+02,1.428157e+06,8.885078e+01,,,,105
2018-04-26 08:26:26.000000,2.662800e+07,1.863052e+07,1.241001e+02,1.428154e+06,8.885064e+01,,,,105
2018-04-26 08:26:27.000000,2.662781e+07,1.863148e+07,1.241006e+02,1.428150e+06,8.885049e+01,,,,105
2018-04-26 08:26:28.000000,2.662763e+07,1.863037e+07,1.241001e+02,1.428147e+06,8.885035e+01,,,,105
2018-04-26 08:26:29.000000,2.662742e+07,1.863077e+07,1.241005e+02,1.428143e+06,8.885022e+01,,,,105
2018-04-26 08:26:30.000000,2.662723e+07,1.863168e+07,1.241010e+02,1.428140e+06,8.885007e+01,,,,105
2018-04-26 08:26:31.000000,2.662704e+07,1.863061e+07,1.241004e+02,1.428136e+06,8.884993e+01,,,,105
2018-04-26 08:26:32.000000,2.662688e+07,1.863201e+07,1.241013e+02,1.428132e+06,8.884978e+01,,,,105
2018-04-26 08:26:33.000000,2.662669e+07,1.863069e+07,1.241006e+02,1.428129e+06,8.884965e+01,,,,105
2018-04-26 08:26:34.000000,2.662650e+07,1.863039e+07,1.241005e+02,1.428126e+06,8.884950e+01,,,,105
2018-04-26 08:26:35.000000,2.662630e+07,1.862966e+07,1.241000e+02,1.428122e+06,8.884936e+01,,,,105
2018-04-26 08:26:36.000000,2.662612e+07,1.862916e+07,1.240998e+02,1.428118e+06,8.884922e+01,,,,105
2018-04-26 08:26:37.000000,2.662592e+07,1.863045e+07,1.241005e+02,1.428115e+06,8.884908e+01,,,,105
2018-04-26 08:26:38.000000,2.662576e+07,1.862872e+07,1.240996e+02,1.428111e+06,8.884893e+01,,,,105
2018-04-26 08:26:39.000000,2.662557e+07,1.862968e+07,1.241001e+02,1.428108e+06,8.884879e+01,,,,105
2018-04-26 08:26:40.000000,2.662536e+07,1.862955e+07,1.241002e+02,1.428104e+06,8.884865e+01,,,,105
2018-04-26 08:26:41.000000,2.662517e+07,1.862911e+07,1.241000e+02,1.428101e+06,8.884850e+01,,,,105
2018-04-26 08:26:42.000000,2.662500e+07,1.862995e+07,1.241005e+02,1.428097e+06,8.884836e+01,,,,105
2018-04-26 08:26:43.000000,2.662482e+07,1.862916e+07,1.241001e+02,1.428093e+06,8.884822e+01,,,,105
2018-04-26 08:26:44.000000,2.662464e+07,1.863032e+07,1.241008e+02,1.428090e+06,8.884807e+01,,,,105
2018-04-26 08:26:45.000000,2.662444e+07,1.862913e+07,1.241002e+02,1.428087e+06,8.884793e+01,,,,105
2018-04-26 08:26:46.000000,2.662424e+07,1.862902e+07,1.241000e+02,1.428083e+06,8.884778e+01,,,,105
2018-04-26 08:26:47.000000,2.662405e+07,1.862866e+07,1.240998e+02,1.428079e+06,8.884764e+01,,,,105
2018-04-26 08:26:48.000000,2.662386e+07,1.862741e+07,1.240992e+02,1.428076e+06,8.884749e+01,,,,105
2018-04-26 08:26:49.000000,2.662370e+07,1.862794e+07,1.240995e+02,1.428072e+06,8.884735e+01,,,,105
2018-04-26 08:26:50.000000,2.662351e+07,1.862689e+07,1.240989e+02,1.428069e+06,8.884721e+01,,,,105
2018-04-26 08:26:51.000000,2.662332e+07,1.862664e+07,1.240988e+02,1.428066e+06,8.884706e+01,,,,105
2018-04-26 08:26:52.000000,2.662312e+07,1.862769e+07,1.240995e+02,1.428062e+06,8.884691e+01,,,,105
2018-04-26 08:26:53.000000,2.662293e+07,1.862734e+07,1.240994e+02,1.428058e+06,8.884677e+01,,,,105
2018-04-26 08:26:54.000000,2.662276e+07,1.862771e+07,1.240997e+02,1.428055e+06,8.884663e+01,,,,105
2018-04-26 08:26:55.000000,2.662257e+07,1.862734e+07,1.240995e+02,1.428051e+06,8.884648e+01,,,,105
2018-04-26 08:26:56.000000,2.662239e+07,1.862860e+07,1.241003e+02,1.428048e+06,8.884633e+01,,,,105
2018-04-26 08:26:57.000000,2.662218e+07,1.862633e+07,1.240989e+02,1.428044e+06,8.884619e+01,,,,105
2018-04-26 08:26:58.000000,2.662199e+07,1.862590e+07,1.240987e+02,1.428041e+06,8.884604e+01,,,,105
2018-04-26 08:26:59.000000,2.662179e+07,1.862683e+07,1.240992e+02,1.428037e+06,8.884589e+01,,,,105
2018-04-26 08:27:00.000000,2.662163e+07,1.862544e+07,1.240985e+02,1.428033e+06,8.884574e+01,,,,105
2018-04-26 08:27:01.000000,2.662144e+07,1.862612e+07,1.240989e+02,1.428030e+06,8.884560e+01,,,,105
2018-04-26 08:27:02.000000,2.662125e+07,1.862535e+07,1.240985e+02,1.428027e+06,8.884545e+01,,,,105
2018-04-26 08:27:03.000000,2.662105e+07,1.862708e+07,1.240996e+02,1.428023e+06,8.884530e+01,,,,105
2018-04-26 08:27:04.000000,2.662086e+07,1.862606e+07,1.240990e+02,1.428020e+06,8.884516e+01,,,,105
2018-04-26 08:27:05.000000,2.662067e+07,1.862554e+07,1.240988e+02,1.428016e+06,8.884501e+01,,,,105
2018-04-26 08:27:06.000000,2.662050e+07,1.862666e+07,1.240995e+02,1.428012e+06,8.884486e+01,,,,105
2018-04-26 08:27:07.000000,2.662031e+07,1.862562e+07,1.240990e+02,1.428009e+06,8.884471e+01,,,,105
2018-04-26 08:27:08.000000,2.662010e+07,1.862591e+07,1.240991e+02,1.428005e+06,8.884456e+01,,,,105
2018-04-26 08:27:09.000000,2.661991e+07,1.862443e+07,1.240983e+02,1.428002e+06,8.884441e+01,,,,105
2018-04-26 08:27:10.000000,2.661973e+07,1.862412e+07,1.240982e+02,1.427998e+06,8.884426e+01,,,,105
2018-04-26 08:27:11.000000,2.661955e+07,1.862399e+07,1.240980e+02,1.427994e+06,8.884412e+01,,,,105
2018-04-26 08:27:12.000000,2.661937e+07,1.862354e+07,1.240978e+02,1.427991e+06,8.884397e+01,,,,105
2018-04-26 08:27:13.000000,2.661917e+07,1.862481e+07,1.240985e+02,1.427988e+06,8.884381e+01,,,,105
2018-04-26 08:27:14.000000,2.661897e+07,1.862427e+07,1.240984e+02,1.427984e+06,8.884366e+01,,,,105
2018-04-26 08:27:15.000000,2.661877e+07,1.862404e+07,1.240984e+02,1.427980e+06,8.884352e+01,,,,105
2018-04-26 08:27:16.000000,2.661858e+07,1.862420e+07,1.240984e+02,1.427977e+06,8.884337e+01,,,,105
2018-04-26 08:27:17.000000,2.661841e+07,1.862403e+07,1.240985e+02,1.427973e+06,8.884321e+01,,,,105
2018-04-26 08:27:18.000000,2.661823e+07,1.862491e+07,1.240990e+02,1.427970e+06,8.884307e+01,,,,105
2018-04-26 08:27:19.000000,2.661804e+07,1.862377e+07,1.240984e+02,1.427966e+06,8.884292e+01,,,,105
2018-04-26 08:27:20.000000,2.661783e+07,1.862408e+07,1.240984e+02,1.427963e+06,8.884276e+01,,,,105
2018-04-26 08:27:21.000000,2.661764e+07,1.862257e+07,1.240976e+02,1.427959e+06,8.884262e+01,,,,105
2018-04-26 08:27:22.000000,2.661746e+07,1.862329e+07,1.240980e+02,1.427955e+06,8.884247e+01,,,,105
2018-04-26 08:27:23.000000,2.661727e+07,1.862227e+07,1.240974e+02,1.427952e+06,8.884231e+01,,,,105
2018-04-26 08:27:24.000000,2.661709e+07,1.862172e+07,1.240972e+02,1.427948e+06,8.884216e+01,,,,105
2018-04-26 08:27:25.000000,2.661687e+07,1.862341e+07,1.240983e+02,1.427945e+06,8.884201e+01,,,,105
2018-04-26 08:27:26.000000,2.661668e+07,1.862249e+07,1.240978e+02,1.427941e+06,8.884186e+01,,,,105
2018-04-26 08:27:27.000000,2.661648e+07,1.862222e+07,1.240978e+02,1.427938e+06,8.884170e+01,,,,105
2018-04-26 08:27:28.000000,2.661632e+07,1.862240e+07,1.240980e+02,1.427934e+06,8.884155e+01,,,,105
2018-04-26 08:27:29.000000,2.661613e+07,1.862222e+07,1.240979e+02,1.427930e+06,8.884140e+01,,,,105
2018-04-26 08:27:30.000000,2.661593e+07,1.862311e+07,1.240984e+02,1.427927e+06,8.884124e+01,,,,105
2018-04-26 08:27:31.000000,2.661573e+07,1.862111e+07,1.240972e+02,1.427923e+06,8.884109e+01,,,,105
2018-04-26 08:27:32.000000,2.661553e+07,1.862223e+07,1.240979e+02,1.427919e+06,8.884094e+01,,,,105
2018-04-26 08:27:33.000000,2.661534e+07,1.862097e+07,1.240972e+02,1.427916e+06,8.884079e+01,,,,105
2018-04-26 08:27:34.000000,2.661516e+07,1.862151e+07,1.240975e+02,1.427912e+06,8.884063e+01,,,,105
2018-04-26 08:27:35.000000,2.661498e+07,1.862120e+07,1.240973e+02,1.427909e+06,8.884048e+01,,,,105
2018-04-26 08:27:36.000000,2.661476e+07,1.862089e+07,1.240973e+02,1.427905e+06,8.884033e+01,,,,105
2018-04-26 08:27:37.000000,2.661458e+07,1.862171e+07,1.240978e+02,1.427901e+06,8.884017e+01,,,,105
2018-04-26 08:27:38.000000,2.661439e+07,1.862064e+07,1.240972e+02,1.427898e+06,8.884001e+01,,,,105
2018-04-26 08:27:39.000000,2.661422e+07,1.862205e+07,1.240981e+02,1.427894e+06,8.883987e+01,,,,105
2018-04-26 08:27:40.000000,2.661402e+07,1.862095e+07,1.240975e+02,1.427891e+06,8.883971e+01,,,,105
2018-04-26 08:27:41.000000,2.661383e+07,1.862041e+07,1.240973e+02,1.427887e+06,8.883955e+01,,,,105
2018-04-26 08:27:42.000000,2.661362e+07,1.862038e+07,1.240972e+02,1.427883e+06,8.883939e+01,,,,105
2018-04-26 08:27:43.000000,2.661343e+07,1.861921e+07,1.240966e+02,1.427880e+06,8.883924e+01,,,,105
2018-04-26 08:27:44.000000,2.661323e+07,1.862045e+07,1.240973e+02,1.427876e+06,8.883909e+01,,,,105
2018-04-26 08:27:45.000000,2.661306e+07,1.861872e+07,1.240963e+02,1.427872e+06,8.883893e+01,,,,105
2018-04-26 08:27:46.000000,2.661288e+07,1.861838e+07,1.240962e+02,1.427869e+06,8.883878e+01,,,,105
2018-04-26 08:27:47.000000,2.661267e+07,1.861938e+07,1.240968e+02,1.427865e+06,8.883862e+01,,,,105
2018-04-26 08:27:48.000000,2.661247e+07,1.861909e+07,1.240968e+02,1.427862e+06,8.883846e+01,,,,105
2018-04-26 08:27:49.000000,2.661228e+07,1.861989e+07,1.240972e+02,1.427858e+06,8.883831e+01,,,,105
2018-04-26 08:27:50.000000,2.661210e+07,1.861912e+07,1.240969e+02,1.427854e+06,8.883816e+01,,,,105
2018-04-26 08:27:51.000000,2.661191e+07,1.862028e+07,1.240976e+02,1.427851e+06,8.883800e+01,,,,105
2018-04-26 08:27:52.000000,2.661172e+07,1.861909e+07,1.240969e+02,1.427847e+06,8.883784e+01,,,,105
2018-04-26 08:27:53.000000,2.661151e+07,1.861773e+07,1.240962e+02,1.427844e+06,8.883769e+01,,,,105
2018-04-26 08:27:54.000000,2.661131e+07,1.861851e+07,1.240966e+02,1.427840e+06,8.883753e+01,,,,105
2018-04-26 08:27:55.000000,2.661112e+07,1.861737e+07,1.240960e+02,1.427837e+06,8.883737e+01,,,,105
2018-04-26 08:27:56.000000,2.661095e+07,1.861783e+07,1.240962e+02,1.427833e+06,8.883721e+01,,,,105
2018-04-26 08:27:57.000000,2.661076e+07,1.861681e+07,1.240957e+02,1.427829e+06,8.883706e+01,,,,105
2018-04-26 08:27:58.000000,2.661057e+07,1.861655e+07,1.240956e+02,1.427826e+06,8.883690e+01,,,,105
2018-04-26 08:27:59.000000,2.661036e+07,1.861760e+07,1.240963e+02,1.427822e+06,8.883674e+01,,,,105
2018-04-26 08:28:00.000000,2.661017e+07,1.861723e+07,1.240962e+02,1.427819e+06,8.883658e+01,,,,105
2018-04-26 08:28:01.000000,2.660999e+07,1.861761e+07,1.240965e+02,1.427815e+06,8.883642e+01,,,,105
2018-04-26 08:28:02.000000,2.660979e+07,1.861726e+07,1.240963e+02,1.427811e+06,8.883626e+01,,,,105
2018-04-26 08:28:03.000000,2.660961e+07,1.861849e+07,1.240970e+02,1.427808e+06,8.883611e+01,,,,105
2018-04-26 08:28:04.000000,2.660939e+07,1.861622e+07,1.240957e+02,1.427804e+06,8.883595e+01,,,,105
2018-04-26 08:28:05.000000,2.660920e+07,1.861577e+07,1.240955e+02,1.427801e+06,8.883579e+01,,,,105
2018-04-26 08:28:06.000000,2.660901e+07,1.861672e+07,1.240960e+02,1.427797e+06,8.883563e+01,,,,105
2018-04-26 08:28:07.000000,2.660883e+07,1.861531e+07,1.240952e+02,1.427793e+06,8.883548e+01,,,,105
2018-04-26 08:28:08.000000,2.660864e+07,1.861600e+07,1.240956e+02,1.427790e+06,8.883532e+01,,,,105
2018-04-26 08:28:09.000000,2.660844e+07,1.861521e+07,1.240952e+02,1.427786e+06,8.883515e+01,,,,105
2018-04-26 08:28:10.000000,2.660824e+07,1.861695e+07,1.240963e+02,1.427783e+06,8.883499e+01,,,,105
2018-04-26 08:28:11.000000,2.660805e+07,1.861591e+07,1.240958e+02,1.427779e+06,8.883484e+01,,,,105
2018-04-26 08:28:12.000000,2.660785e+07,1.861537e+07,1.240956e+02,1.427776e+06,8.883468e+01,,,,105
2018-04-26 08:28:13.000000,2.660767e+07,1.861651e+07,1.240962e+02,1.427772e+06,8.883452e+01,,,,105
2018-04-26 08:28:14.000000,2.660748e+07,1.861545e+07,1.240957e+02,1.427768e+06,8.883436e+01,,,,105
2018-04-26 08:28:15.000000,2.660726e+07,1.861577e+07,1.240958e+02,1.427765e+06,8.883420e+01,,,,105
2018-04-26 08:28:16.000000,2.660707e+07,1.861426e+07,1.240951e+02,1.427761e+06,8.883404e+01,,,,105
2018-04-26 08:28:17.000000,2.660689e+07,1.861394e+07,1.240949e+02,1.427758e+06,8.883388e+01,,,,105
2018-04-26 08:28:18.000000,2.660671e+07,1.861381e+07,1.240948e+02,1.427754e+06,8.883372e+01,,,,105
2018-04-26 08:28:19.000000,2.660651e+07,1.861335e+07,1.240946e+02,1.427750e+06,8.883356e+01,,,,105
2018-04-26 08:28:20.000000,2.660632e+07,1.861465e+07,1.240953e+02,1.427747e+06,8.883340e+01,,,,105
2018-04-26 08:28:21.000000,2.660610e+07,1.861407e+07,1.240951e+02,1.427743e+06,8.883324e+01,,,,105
2018-04-26 08:28:22.000000,2.660591e+07,1.861383e+07,1.240951e+02,1.427740e+06,8.883308e+01,,,,105
2018-04-26 08:28:23.000000,2.660571e+07,1.861400e+07,1.240952e+02,1.427736e+06,8.883292e+01,,,,105
2018-04-26 08:28:24.000000,2.660555e+07,1.861383e+07,1.240952e+02,1.427732e+06,8.883276e+01,,,,105
2018-04-26 08:28:25.000000,2.660535e+07,1.861471e+07,1.240957e+02,1.427729e+06,8.883260e+01,,,,105
2018-04-26 08:28:26.000000,2.660516e+07,1.861357e+07,1.240951e+02,1.427725e+06,8.883244e+01,,,,105
2018-04-26 08:28:27.000000,2.660495e+07,1.861388e+07,1.240952e+02,1.427721e+06,8.883227e+01,,,,105
2018-04-26 08:28:28.000000,2.660475e+07,1.861236e+07,1.240944e+02,1.427718e+06,8.883212e+01,,,,105
2018-04-26 08:28:29.000000,2.660457e+07,1.861308e+07,1.240948e+02,1.427714e+06,8.883196e+01,,,,105
2018-04-26 08:28:30.000000,2.660438e+07,1.861205e+07,1.240942e+02,1.427711e+06,8.883179e+01,,,,105
2018-04-26 08:28:31.000000,2.660419e+07,1.861150e+07,1.240940e+02,1.427707e+06,8.883163e+01,,,,105
2018-04-26 08:28:32.000000,2.660397e+07,1.861319e+07,1.240951e+02,1.427703e+06,8.883147e+01,,,,105
2018-04-26 08:28:33.000000,2.660378e+07,1.861225e+07,1.240945e+02,1.427700e+06,8.883131e+01,,,,105
2018-04-26 08:28:34.000000,2.660358e+07,1.861197e+07,1.240945e+02,1.427696e+06,8.883114e+01,,,,105
2018-04-26 08:28:35.000000,2.660341e+07,1.861215e+07,1.240947e+02,1.427692e+06,8.883099e+01,,,,105
2018-04-26 08:28:36.000000,2.660321e+07,1.861197e+07,1.240946e+02,1.427689e+06,8.883082e+01,,,,105
2018-04-26 08:28:37.000000,2.660302e+07,1.861288e+07,1.240951e+02,1.427685e+06,8.883066e+01,,,,105
2018-04-26 08:28:38.000000,2.660281e+07,1.861086e+07,1.240940e+02,1.427681e+06,8.883049e+01,,,,105
2018-04-26 08:28:39.000000,2.660261e+07,1.861199e+07,1.240946e+02,1.427678e+06,8.883034e+01,,,,105
2018-04-26 08:28:40.000000,2.660242e+07,1.861046e+07,1.240938e+02,1.427674e+06,8.883017e+01,,,,105
2018-04-26 08:28:41.000000,2.660224e+07,1.861127e+07,1.240942e+02,1.427670e+06,8.883001e+01,,,,105
2018-04-26 08:28:42.000000,2.660205e+07,1.861016e+07,1.240936e+02,1.427667e+06,8.882985e+01,,,,105
2018-04-26 08:28:43.000000,2.660184e+07,1.861053e+07,1.240940e+02,1.427663e+06,8.882969e+01,,,,105
2018-04-26 08:28:44.000000,2.660164e+07,1.861147e+07,1.240946e+02,1.427659e+06,8.882952e+01,,,,105
2018-04-26 08:28:45.000000,2.660145e+07,1.861037e+07,1.240940e+02,1.427656e+06,8.882936e+01,,,,105
2018-04-26 08:28:46.000000,2.660127e+07,1.861180e+07,1.240948e+02,1.427652e+06,8.882920e+01,,,,105
2018-04-26 08:28:47.000000,2.660108e+07,1.861044e+07,1.240942e+02,1.427648e+06,8.882903e+01,,,,105
2018-04-26 08:28:48.000000,2.660088e+07,1.861011e+07,1.240940e+02,1.427644e+06,8.882887e+01,,,,105
2018-04-26 08:28:49.000000,2.660067e+07,1.860939e+07,1.240935e+02,1.427640e+06,8.882871e+01,,,,105
2018-04-26 08:28:50.000000,2.660048e+07,1.860887e+07,1.240933e+02,1.427637e+06,8.882855e+01,,,,105
2018-04-26 08:28:51.000000,2.660028e+07,1.861021e+07,1.240940e+02,1.427633e+06,8.882838e+01,,,,105
2018-04-26 08:28:52.000000,2.660011e+07,1.860844e+07,1.240931e+02,1.427629e+06,8.882821e+01,,,,105
2018-04-26 08:28:53.000000,2.659991e+07,1.860942e+07,1.240936e+02,1.427625e+06,8.882806e+01,,,,105
2018-04-26 08:28:54.000000,2.659972e+07,1.860911e+07,1.240935e+02,1.427622e+06,8.882789e+01,,,,105
2018-04-26 08:28:55.000000,2.659951e+07,1.860877e+07,1.240935e+02,1.427618e+06,8.882773e+01,,,,105
2018-04-26 08:28:56.000000,2.659932e+07,1.860965e+07,1.240940e+02,1.427614e+06,8.882757e+01,,,,105
2018-04-26 08:28:57.000000,2.659913e+07,1.860882e+07,1.240936e+02,1.427610e+06,8.882740e+01,,,,105
2018-04-26 08:28:58.000000,2.659894e+07,1.861002e+07,1.240942e+02,1.427606e+06,8.882724e+01,,,,105
2018-04-26 08:28:59.000000,2.659875e+07,1.860879e+07,1.240937e+02,1.427603e+06,8.882707e+01,,,,105
2018-04-26 08:29:00.000000,2.659853e+07,1.860870e+07,1.240935e+02,1.427599e+06,8.882691e+01,,,,105
2018-04-26 08:29:01.000000,2.659833e+07,1.860834e+07,1.240933e+02,1.427595e+06,8.882675e+01,,,,105
2018-04-26 08:29:02.000000,2.659814e+07,1.860703e+07,1.240927e+02,1.427591e+06,8.882658e+01,,,,105
2018-04-26 08:29:03.000000,2.659797e+07,1.860758e+07,1.240930e+02,1.427587e+06,8.882642e+01,,,,105
2018-04-26 08:29:04.000000,2.659777e+07,1.860649e+07,1.240924e+02,1.427584e+06,8.882626e+01,,,,105
2018-04-26 08:29:05.000000,2.659758e+07,1.860622e+07,1.240923e+02,1.427580e+06,8.882609e+01,,,,105
2018-04-26 08:29:06.000000,2.659736e+07,1.860727e+07,1.240930e+02,1.427576e+06,8.882592e+01,,,,105
2018-04-26 08:29:07.000000,2.659717e+07,1.860690e+07,1.240929e+02,1.427572e+06,8.882577e+01,,,,105
2018-04-26 08:29:08.000000,2.659697e+07,1.860778e+07,1.240934e+02,1.427569e+06,8.882560e+01,,,,105
2018-04-26 08:29:09.000000,2.659679e+07,1.860693e+07,1.240930e+02,1.427564e+06,8.882543e+01,,,,105
2018-04-26 08:29:10.000000,2.659660e+07,1.860819e+07,1.240937e+02,1.427561e+06,8.882527e+01,,,,105
2018-04-26 08:29:11.000000,2.659638e+07,1.860588e+07,1.240924e+02,1.427557e+06,8.882511e+01,,,,105
2018-04-26 08:29:12.000000,2.659618e+07,1.860542e+07,1.240922e+02,1.427553e+06,8.882494e+01,,,,105
2018-04-26 08:29:13.000000,2.659599e+07,1.860638e+07,1.240927e+02,1.427549e+06,8.882477e+01,,,,105
2018-04-26 08:29:14.000000,2.659581e+07,1.860496e+07,1.240920e+02,1.427545e+06,8.882462e+01,,,,105
2018-04-26 08:29:15.000000,2.659561e+07,1.860570e+07,1.240924e+02,1.427541e+06,8.882445e+01,,,,105
2018-04-26 08:29:16.000000,2.659542e+07,1.860456e+07,1.240918e+02,1.427538e+06,8.882428e+01,,,,105
2018-04-26 08:29:17.000000,2.659521e+07,1.860661e+07,1.240931e+02,1.427534e+06,8.882412e+01,,,,105
2018-04-26 08:29:18.000000,2.659501e+07,1.860555e+07,1.240925e+02,1.427530e+06,8.882396e+01,,,,105
2018-04-26 08:29:19.000000,2.659481e+07,1.860500e+07,1.240923e+02,1.427526e+06,8.882379e+01,,,,105
2018-04-26 08:29:20.000000,2.659464e+07,1.860541e+07,1.240926e+02,1.427522e+06,8.882363e+01,,,,105
2018-04-26 08:29:21.000000,2.659444e+07,1.860499e+07,1.240924e+02,1.427518e+06,8.882347e+01,,,,105
2018-04-26 08:29:22.000000,2.659424e+07,1.860636e+07,1.240932e+02,1.427515e+06,8.882330e+01,,,,105
2018-04-26 08:29:23.000000,2.659403e+07,1.860391e+07,1.240917e+02,1.427510e+06,8.882313e+01,,,,105
2018-04-26 08:29:24.000000,2.659383e+07,1.860353e+07,1.240916e+02,1.427507e+06,8.882298e+01,,,,105
2018-04-26 08:29:25.000000,2.659365e+07,1.860342e+07,1.240915e+02,1.427503e+06,8.882281e+01,,,,105
2018-04-26 08:29:26.000000,2.659345e+07,1.860295e+07,1.240913e+02,1.427499e+06,8.882264e+01,,,,105
2018-04-26 08:29:27.000000,2.659325e+07,1.860385e+07,1.240918e+02,1.427495e+06,8.882248e+01,,,,105
2018-04-26 08:29:28.000000,2.659304e+07,1.860359e+07,1.240918e+02,1.427491e+06,8.882232e+01,,,,105
2018-04-26 08:29:29.000000,2.659284e+07,1.860485e+07,1.240926e+02,1.427487e+06,8.882215e+01,,,,105
2018-04-26 08:29:30.000000,2.659264e+07,1.860362e+07,1.240919e+02,1.427484e+06,8.882199e+01,,,,105
2018-04-26 08:29:31.000000,2.659247e+07,1.860340e+07,1.240919e+02,1.427479e+06,8.882183e+01,,,,105
2018-04-26 08:29:32.000000,2.659227e+07,1.860355e+07,1.240920e+02,1.427476e+06,8.882166e+01,,,,105
2018-04-26 08:29:33.000000,2.659207e+07,1.860309e+07,1.240918e+02,1.427472e+06,8.882150e+01,,,,105
2018-04-26 08:29:34.000000,2.659186e+07,1.860309e+07,1.240917e+02,1.427468e+06,8.882133e+01,,,,105
2018-04-26 08:29:35.000000,2.659166e+07,1.860189e+07,1.240911e+02,1.427464e+06,8.882117e+01,,,,105
2018-04-26 08:29:36.000000,2.659148e+07,1.860276e+07,1.240915e+02,1.427460e+06,8.882101e+01,,,,105
2018-04-26 08:29:37.000000,2.659129e+07,1.860163e+07,1.240910e+02,1.427456e+06,8.882084e+01,,,,105
2018-04-26 08:29:38.000000,2.659109e+07,1.860105e+07,1.240907e+02,1.427452e+06,8.882068e+01,,,,105
2018-04-26 08:29:39.000000,2.659086e+07,1.860204e+07,1.240913e+02,1.427448e+06,8.882052e+01,,,,105
2018-04-26 08:29:40.000000,2.659067e+07,1.860170e+07,1.240912e+02,1.427444e+06,8.882035e+01,,,,105
2018-04-26 08:29:41.000000,2.659047e+07,1.860301e+07,1.240920e+02,1.427440e+06,8.882018e+01,,,,105
2018-04-26 08:29:42.000000,2.659030e+07,1.860182e+07,1.240915e+02,1.427436e+06,8.882003e+01,,,,105
2018-04-26 08:29:43.000000,2.659010e+07,1.860150e+07,1.240913e+02,1.427432e+06,8.881986e+01,,,,105
2018-04-26 08:29:44.000000,2.658989e+07,1.860167e+07,1.240914e+02,1.427429e+06,8.881969e+01,,,,105
2018-04-26 08:29:45.000000,2.658968e+07,1.860033e+07,1.240906e+02,1.427424e+06,8.881953e+01,,,,105
2018-04-26 08:29:46.000000,2.658948e+07,1.860114e+07,1.240911e+02,1.427420e+06,8.881937e+01,,,,105
2018-04-26 08:29:47.000000,2.658928e+07,1.859995e+07,1.240905e+02,1.427417e+06,8.881920e+01,,,,105
2018-04-26 08:29:48.000000,2.658910e+07,1.860090e+07,1.240910e+02,1.427412e+06,8.881904e+01,,,,105
2018-04-26 08:29:49.000000,2.658891e+07,1.859968e+07,1.240903e+02,1.427409e+06,8.881888e+01,,,,105
2018-04-26 08:29:50.000000,2.658869e+07,1.860002e+07,1.240907e+02,1.427405e+06,8.881871e+01,,,,105
2018-04-26 08:29:51.000000,2.658848e+07,1.860024e+07,1.240908e+02,1.427400e+06,8.881855e+01,,,,105
2018-04-26 08:29:52.000000,2.658830e+07,1.859980e+07,1.240906e+02,1.427397e+06,8.881839e+01,,,,105
2018-04-26 08:29:53.000000,2.658811e+07,1.860090e+07,1.240913e+02,1.427393e+06,8.881822e+01,,,,105
2018-04-26 08:29:54.000000,2.658791e+07,1.859987e+07,1.240908e+02,1.427388e+06,8.881806e+01,,,,105
2018-04-26 08:29:55.000000,2.658771e+07,1.859959e+07,1.240907e+02,1.427385e+06,8.881789e+01,,,,105
2018-04-26 08:29:56.000000,2.658750e+07,1.859861e+07,1.240901e+02,1.427380e+06,8.881774e+01,,,,105
2018-04-26 08:29:57.000000,2.658730e+07,1.859831e+07,1.240899e+02,1.427376e+06,8.881757e+01,,,,105
2018-04-26 08:29:58.000000,2.658710e+07,1.859929e+07,1.240905e+02,1.427372e+06,8.881740e+01,,,,105
2018-04-26 08:29:59.000000,2.658692e+07,1.859781e+07,1.240897e+02,1.427368e+06,8.881724e+01,,,,105
2018-04-26 08:30:00.000000,2.658672e+07,1.859901e+07,1.240904e+02,1.427364e+06,8.881708e+01,,,,105
2018-04-26 08:30:01.000000,2.658652e+07,1.859773e+07,1.240897e+02,1.427360e+06,8.881691e+01,,,,105
2018-04-26 08:30:02.000000,2.658630e+07,1.859813e+07,1.240901e+02,1.427356e+06,8.881675e+01,,,,105
2018-04-26 08:30:03.000000,2.658610e+07,1.859833e+07,1.240902e+02,1.427352e+06,8.881659e+01,,,,105
2018-04-26 08:30:04.000000,2.658592e+07,1.859816e+07,1.240903e+02,1.427348e+06,8.881642e+01,,,,105
2018-04-26 08:30:05.000000,2.658572e+07,1.859904e+07,1.240908e+02,1.427344e+06,8.881626e+01,,,,105
2018-04-26 08:30:06.000000,2.658553e+07,1.859791e+07,1.240902e+02,1.427340e+06,8.881610e+01,,,,105
2018-04-26 08:30:07.000000,2.658530e+07,1.859823e+07,1.240903e+02,1.427335e+06,8.881594e+01,,,,105
2018-04-26 08:30:08.000000,2.658510e+07,1.859670e+07,1.240895e+02,1.427331e+06,8.881577e+01,,,,105
2018-04-26 08:30:09.000000,2.658489e+07,1.859638e+07,1.240893e+02,1.427328e+06,8.881560e+01,,,,105
2018-04-26 08:30:10.000000,2.658472e+07,1.859627e+07,1.240892e+02,1.427323e+06,8.881545e+01,,,,105
2018-04-26 08:30:11.000000,2.658452e+07,1.859579e+07,1.240890e+02,1.427319e+06,8.881528e+01,,,,105
2018-04-26 08:30:12.000000,2.658432e+07,1.859714e+07,1.240898e+02,1.427315e+06,8.881511e+01,,,,105
2018-04-26 08:30:13.000000,2.658411e+07,1.859650e+07,1.240896e+02,1.427311e+06,8.881495e+01,,,,105
2018-04-26 08:30:14.000000,2.658390e+07,1.859625e+07,1.240895e+02,1.427307e+06,8.881479e+01,,,,105
2018-04-26 08:30:15.000000,2.658370e+07,1.859642e+07,1.240896e+02,1.427303e+06,8.881463e+01,,,,105
2018-04-26 08:30:16.000000,2.658352e+07,1.859624e+07,1.240897e+02,1.427298e+06,8.881446e+01,,,,105
2018-04-26 08:30:17.000000,2.658332e+07,1.859716e+07,1.240902e+02,1.427294e+06,8.881430e+01,,,,105
2018-04-26 08:30:18.000000,2.658311e+07,1.859516e+07,1.240890e+02,1.427290e+06,8.881414e+01,,,,105
2018-04-26 08:30:19.000000,2.658291e+07,1.859624e+07,1.240896e+02,1.427286e+06,8.881397e+01,,,,105
2018-04-26 08:30:20.000000,2.658270e+07,1.859473e+07,1.240888e+02,1.427282e+06,8.881381e+01,,,,105
2018-04-26 08:30:21.000000,2.658252e+07,1.859552e+07,1.240893e+02,1.427278e+06,8.881365e+01,,,,105
2018-04-26 08:30:22.000000,2.658232e+07,1.859442e+07,1.240886e+02,1.427274e+06,8.881348e+01,,,,105
2018-04-26 08:30:23.000000,2.658212e+07,1.859386e+07,1.240884e+02,1.427270e+06,8.881332e+01,,,,105
2018-04-26 08:30:24.000000,2.658190e+07,1.859561e+07,1.240895e+02,1.427265e+06,8.881316e+01,,,,105
2018-04-26 08:30:25.000000,2.658171e+07,1.859460e+07,1.240890e+02,1.427261e+06,8.881299e+01,,,,105
2018-04-26 08:30:26.000000,2.658150e+07,1.859433e+07,1.240889e+02,1.427257e+06,8.881283e+01,,,,105
2018-04-26 08:30:27.000000,2.658133e+07,1.859450e+07,1.240891e+02,1.427253e+06,8.881266e+01,,,,105
2018-04-26 08:30:28.000000,2.658113e+07,1.859432e+07,1.240891e+02,1.427249e+06,8.881251e+01,,,,105
2018-04-26 08:30:29.000000,2.658093e+07,1.859529e+07,1.240896e+02,1.427245e+06,8.881234e+01,,,,105
2018-04-26 08:30:30.000000,2.658071e+07,1.859318e+07,1.240884e+02,1.427240e+06,8.881217e+01,,,,105
2018-04-26 08:30:31.000000,2.658051e+07,1.859445e+07,1.240891e+02,1.427236e+06,8.881202e+01,,,,105
2018-04-26 08:30:32.000000,2.658032e+07,1.859263e+07,1.240881e+02,1.427232e+06,8.881185e+01,,,,105
2018-04-26 08:30:33.000000,2.658013e+07,1.859368e+07,1.240886e+02,1.427228e+06,8.881169e+01,,,,105
2018-04-26 08:30:34.000000,2.657993e+07,1.859248e+07,1.240880e+02,1.427224e+06,8.881152e+01,,,,105
2018-04-26 08:30:35.000000,2.657971e+07,1.859283e+07,1.240885e+02,1.427219e+06,8.881136e+01,,,,105
2018-04-26 08:30:36.000000,2.657950e+07,1.859381e+07,1.240890e+02,1.427215e+06,8.881120e+01,,,,105
2018-04-26 08:30:37.000000,2.657930e+07,1.859265e+07,1.240884e+02,1.427211e+06,8.881103e+01,,,,105
2018-04-26 08:30:38.000000,2.657913e+07,1.859370e+07,1.240890e+02,1.427207e+06,8.881088e+01,,,,105
2018-04-26 08:30:39.000000,2.657893e+07,1.859267e+07,1.240885e+02,1.427203e+06,8.881071e+01,,,,105
2018-04-26 08:30:40.000000,2.657873e+07,1.859239e+07,1.240885e+02,1.427199e+06,8.881054e+01,,,,105
2018-04-26 08:30:41.000000,2.657852e+07,1.859166e+07,1.240879e+02,1.427194e+06,8.881038e+01,,,,105
2018-04-26 08:30:42.000000,2.657831e+07,1.859112e+07,1.240877e+02,1.427190e+06,8.881022e+01,,,,105
2018-04-26 08:30:43.000000,2.657811e+07,1.859261e+07,1.240885e+02,1.427186e+06,8.881005e+01,,,,105
2018-04-26 08:30:44.000000,2.657792e+07,1.859064e+07,1.240875e+02,1.427182e+06,8.880989e+01,,,,105
2018-04-26 08:30:45.000000,2.657774e+07,1.859183e+07,1.240881e+02,1.427177e+06,8.880973e+01,,,,105
2018-04-26 08:30:46.000000,2.657751e+07,1.859124e+07,1.240879e+02,1.427173e+06,8.880957e+01,,,,105
2018-04-26 08:30:47.000000,2.657731e+07,1.859098e+07,1.240879e+02,1.427169e+06,8.880940e+01,,,,105
2018-04-26 08:30:48.000000,2.657711e+07,1.859194e+07,1.240884e+02,1.427165e+06,8.880923e+01,,,,105
2018-04-26 08:30:49.000000,2.657693e+07,1.859103e+07,1.240880e+02,1.427160e+06,8.880908e+01,,,,105
2018-04-26 08:30:50.000000,2.657673e+07,1.859184e+07,1.240885e+02,1.427156e+06,8.880891e+01,,,,105
2018-04-26 08:30:51.000000,2.657652e+07,1.859070e+07,1.240879e+02,1.427152e+06,8.880874e+01,,,,105
2018-04-26 08:30:52.000000,2.657631e+07,1.859104e+07,1.240880e+02,1.427147e+06,8.880858e+01,,,,105
2018-04-26 08:30:53.000000,2.657611e+07,1.858976e+07,1.240873e+02,1.427143e+06,8.880842e+01,,,,105
2018-04-26 08:30:54.000000,2.657590e+07,1.858917e+07,1.240871e+02,1.427139e+06,8.880826e+01,,,,105
2018-04-26 08:30:55.000000,2.657573e+07,1.858987e+07,1.240874e+02,1.427134e+06,8.880809e+01,,,,105
2018-04-26 08:30:56.000000,2.657552e+07,1.858862e+07,1.240868e+02,1.427130e+06,8.880793e+01,,,,105
2018-04-26 08:30:57.000000,2.657533e+07,1.858995e+07,1.240875e+02,1.427126e+06,8.880777e+01,,,,105
2018-04-26 08:30:58.000000,2.657511e+07,1.858928e+07,1.240873e+02,1.427121e+06,8.880760e+01,,,,105
2018-04-26 08:30:59.000000,2.657491e+07,1.858903e+07,1.240873e+02,1.427117e+06,8.880744e+01,,,,105
2018-04-26 08:31:00.000000,2.657472e+07,1.858945e+07,1.240876e+02,1.427113e+06,8.880728e+01,,,,105
2018-04-26 08:31:01.000000,2.657451e+07,1.858903e+07,1.240874e+02,1.427108e+06,8.880711e+01,,,,105
2018-04-26 08:31:02.000000,2.657432e+07,1.858993e+07,1.240879e+02,1.427103e+06,8.880695e+01,,,,105
2018-04-26 08:31:03.000000,2.657409e+07,1.858791e+07,1.240867e+02,1.427099e+06,8.880679e+01,,,,105
2018-04-26 08:31:04.000000,2.657390e+07,1.858905e+07,1.240873e+02,1.427094e+06,8.880662e+01,,,,105
2018-04-26 08:31:05.000000,2.657369e+07,1.858776e+07,1.240867e+02,1.427090e+06,8.880646e+01,,,,105
2018-04-26 08:31:06.000000,2.657351e+07,1.858832e+07,1.240870e+02,1.427085e+06,8.880630e+01,,,,105
2018-04-26 08:31:07.000000,2.657331e+07,1.858801e+07,1.240868e+02,1.427081e+06,8.880613e+01,,,,105
2018-04-26 08:31:08.000000,2.657310e+07,1.858663e+07,1.240862e+02,1.427077e+06,8.880597e+01,,,,105
2018-04-26 08:31:09.000000,2.657289e+07,1.858840e+07,1.240872e+02,1.427072e+06,8.880580e+01,,,,105
2018-04-26 08:31:10.000000,2.657268e+07,1.858735e+07,1.240867e+02,1.427068e+06,8.880565e+01,,,,105
2018-04-26 08:31:11.000000,2.657250e+07,1.858879e+07,1.240876e+02,1.427064e+06,8.880548e+01,,,,105
2018-04-26 08:31:12.000000,2.657231e+07,1.858742e+07,1.240870e+02,1.427059e+06,8.880531e+01,,,,105
2018-04-26 08:31:13.000000,2.657210e+07,1.858706e+07,1.240868e+02,1.427054e+06,8.880516e+01,,,,105
2018-04-26 08:31:14.000000,2.657188e+07,1.858634e+07,1.240863e+02,1.427050e+06,8.880499e+01,,,,105
2018-04-26 08:31:15.000000,2.657167e+07,1.858580e+07,1.240860e+02,1.427045e+06,8.880483e+01,,,,105
2018-04-26 08:31:16.000000,2.657147e+07,1.858717e+07,1.240868e+02,1.427041e+06,8.880466e+01,,,,105
2018-04-26 08:31:17.000000,2.657129e+07,1.858535e+07,1.240858e+02,1.427036e+06,8.880450e+01,,,,105
2018-04-26 08:31:18.000000,2.657109e+07,1.858639e+07,1.240864e+02,1.427032e+06,8.880434e+01,,,,105
2018-04-26 08:31:19.000000,2.657089e+07,1.858520e+07,1.240858e+02,1.427027e+06,8.880417e+01,,,,105
2018-04-26 08:31:20.000000,2.657067e+07,1.858557e+07,1.240862e+02,1.427022e+06,8.880401e+01,,,,105
2018-04-26 08:31:21.000000,2.657046e+07,1.858657e+07,1.240868e+02,1.427018e+06,8.880385e+01,,,,105
2018-04-26 08:31:22.000000,2.657026e+07,1.858536e+07,1.240861e+02,1.427014e+06,8.880368e+01,,,,105
2018-04-26 08:31:23.000000,2.657008e+07,1.858691e+07,1.240870e+02,1.427009e+06,8.880352e+01,,,,105
2018-04-26 08:31:24.000000,2.656988e+07,1.858540e+07,1.240863e+02,1.427004e+06,8.880336e+01,,,,105
2018-04-26 08:31:25.000000,2.656966e+07,1.858567e+07,1.240863e+02,1.427000e+06,8.880320e+01,,,,105
2018-04-26 08:31:26.000000,2.656945e+07,1.858443e+07,1.240857e+02,1.426995e+06,8.880303e+01,,,,105
2018-04-26 08:31:27.000000,2.656926e+07,1.858383e+07,1.240854e+02,1.426991e+06,8.880288e+01,,,,105
2018-04-26 08:31:28.000000,2.656907e+07,1.858447e+07,1.240858e+02,1.426987e+06,8.880271e+01,,,,105
2018-04-26 08:31:29.000000,2.656886e+07,1.858330e+07,1.240851e+02,1.426982e+06,8.880254e+01,,,,105
2018-04-26 08:31:30.000000,2.656866e+07,1.858450e+07,1.240858e+02,1.426977e+06,8.880238e+01,,,,105
2018-04-26 08:31:31.000000,2.656844e+07,1.858394e+07,1.240857e+02,1.426972e+06,8.880222e+01,,,,105
2018-04-26 08:31:32.000000,2.656824e+07,1.858367e+07,1.240856e+02,1.426968e+06,8.880206e+01,,,,105
2018-04-26 08:31:33.000000,2.656803e+07,1.858467e+07,1.240862e+02,1.426963e+06,8.880189e+01,,,,105
2018-04-26 08:31:34.000000,2.656786e+07,1.858372e+07,1.240857e+02,1.426958e+06,8.880173e+01,,,,105
2018-04-26 08:31:35.000000,2.656765e+07,1.858503e+07,1.240865e+02,1.426954e+06,8.880157e+01,,,,105
2018-04-26 08:31:36.000000,2.656744e+07,1.858339e+07,1.240857e+02,1.426950e+06,8.880141e+01,,,,105
2018-04-26 08:31:37.000000,2.656723e+07,1.858373e+07,1.240857e+02,1.426945e+06,8.880124e+01,,,,105
2018-04-26 08:31:38.000000,2.656702e+07,1.858243e+07,1.240850e+02,1.426940e+06,8.880108e+01,,,,105
2018-04-26 08:31:39.000000,2.656684e+07,1.858163e+07,1.240846e+02,1.426936e+06,8.880092e+01,,,,105
2018-04-26 08:31:40.000000,2.656664e+07,1.858251e+07,1.240852e+02,1.426931e+06,8.880075e+01,,,,105
2018-04-26 08:31:41.000000,2.656644e+07,1.858129e+07,1.240845e+02,1.426926e+06,8.880059e+01,,,,105
2018-04-26 08:31:42.000000,2.656621e+07,1.858294e+07,1.240856e+02,1.426922e+06,8.880043e+01,,,,105
2018-04-26 08:31:43.000000,2.656600e+07,1.858200e+07,1.240851e+02,1.426916e+06,8.880027e+01,,,,105
2018-04-26 08:31:44.000000,2.656580e+07,1.858171e+07,1.240850e+02,1.426912e+06,8.880010e+01,,,,105
2018-04-26 08:31:45.000000,2.656562e+07,1.858214e+07,1.240853e+02,1.426907e+06,8.879995e+01,,,,105
2018-04-26 08:31:46.000000,2.656542e+07,1.858170e+07,1.240851e+02,1.426902e+06,8.879978e+01,,,,105
2018-04-26 08:31:47.000000,2.656521e+07,1.858264e+07,1.240857e+02,1.426898e+06,8.879962e+01,,,,105
2018-04-26 08:31:48.000000,2.656499e+07,1.858056e+07,1.240845e+02,1.426893e+06,8.879946e+01,,,,105
2018-04-26 08:31:49.000000,2.656479e+07,1.858176e+07,1.240852e+02,1.426888e+06,8.879930e+01,,,,105
2018-04-26 08:31:50.000000,2.656459e+07,1.858042e+07,1.240844e+02,1.426883e+06,8.879913e+01,,,,105
2018-04-26 08:31:51.000000,2.656440e+07,1.858101e+07,1.240847e+02,1.426878e+06,8.879897e+01,,,,105
2018-04-26 08:31:52.000000,2.656420e+07,1.858069e+07,1.240846e+02,1.426874e+06,8.879881e+01,,,,105
2018-04-26 08:31:53.000000,2.656398e+07,1.858027e+07,1.240846e+02,1.426869e+06,8.879865e+01,,,,105
2018-04-26 08:31:54.000000,2.656377e+07,1.858114e+07,1.240851e+02,1.426864e+06,8.879848e+01,,,,105
2018-04-26 08:31:55.000000,2.656357e+07,1.857999e+07,1.240845e+02,1.426859e+06,8.879832e+01,,,,105
2018-04-26 08:31:56.000000,2.656338e+07,1.858148e+07,1.240854e+02,1.426854e+06,8.879816e+01,,,,105
2018-04-26 08:31:57.000000,2.656317e+07,1.858004e+07,1.240847e+02,1.426849e+06,8.879800e+01,,,,105
2018-04-26 08:31:58.000000,2.656297e+07,1.857971e+07,1.240845e+02,1.426844e+06,8.879784e+01,,,,105
2018-04-26 08:31:59.000000,2.656275e+07,1.857899e+07,1.240840e+02,1.426839e+06,8.879768e+01,,,,105
2018-04-26 08:32:00.000000,2.656255e+07,1.857844e+07,1.240838e+02,1.426835e+06,8.879752e+01,,,,105
2018-04-26 08:32:01.000000,2.656234e+07,1.857986e+07,1.240846e+02,1.426830e+06,8.879735e+01,,,,105
2018-04-26 08:32:02.000000,2.656216e+07,1.857797e+07,1.240835e+02,1.426825e+06,8.879719e+01,,,,105
2018-04-26 08:32:03.000000,2.656195e+07,1.857907e+07,1.240842e+02,1.426820e+06,8.879703e+01,,,,105
2018-04-26 08:32:04.000000,2.656175e+07,1.857783e+07,1.240835e+02,1.426815e+06,8.879687e+01,,,,105
2018-04-26 08:32:05.000000,2.656153e+07,1.857822e+07,1.240840e+02,1.426810e+06,8.879671e+01,,,,105
2018-04-26 08:32:06.000000,2.656132e+07,1.857925e+07,1.240845e+02,1.426805e+06,8.879655e+01,,,,105
2018-04-26 08:32:07.000000,2.656114e+07,1.857833e+07,1.240841e+02,1.426801e+06,8.879639e+01,,,,105
2018-04-26 08:32:08.000000,2.656093e+07,1.857960e+07,1.240848e+02,1.426795e+06,8.879623e+01,,,,105
2018-04-26 08:32:09.000000,2.656073e+07,1.857803e+07,1.240840e+02,1.426790e+06,8.879606e+01,,,,105
2018-04-26 08:32:10.000000,2.656050e+07,1.857833e+07,1.240841e+02,1.426785e+06,8.879591e+01,,,,105
2018-04-26 08:32:11.000000,2.656030e+07,1.857706e+07,1.240834e+02,1.426780e+06,8.879575e+01,,,,105
2018-04-26 08:32:12.000000,2.656010e+07,1.857647e+07,1.240832e+02,1.426776e+06,8.879558e+01,,,,105
2018-04-26 08:32:13.000000,2.655992e+07,1.857713e+07,1.240835e+02,1.426771e+06,8.879543e+01,,,,105
2018-04-26 08:32:14.000000,2.655971e+07,1.857593e+07,1.240828e+02,1.426765e+06,8.879527e+01,,,,105
2018-04-26 08:32:15.000000,2.655951e+07,1.857717e+07,1.240836e+02,1.426761e+06,8.879511e+01,,,,105
2018-04-26 08:32:16.000000,2.655929e+07,1.857657e+07,1.240834e+02,1.426755e+06,8.879494e+01,,,,105
2018-04-26 08:32:17.000000,2.655908e+07,1.857631e+07,1.240834e+02,1.426751e+06,8.879479e+01,,,,105
2018-04-26 08:32:18.000000,2.655888e+07,1.857734e+07,1.240839e+02,1.426746e+06,8.879463e+01,,,,105
2018-04-26 08:32:19.000000,2.655869e+07,1.857635e+07,1.240835e+02,1.426740e+06,8.879447e+01,,,,105
2018-04-26 08:32:20.000000,2.655849e+07,1.857722e+07,1.240840e+02,1.426736e+06,8.879431e+01,,,,105
2018-04-26 08:32:21.000000,2.655827e+07,1.857522e+07,1.240828e+02,1.426731e+06,8.879415e+01,,,,105
2018-04-26 08:32:22.000000,2.655806e+07,1.857634e+07,1.240834e+02,1.426725e+06,8.879399e+01,,,,105
2018-04-26 08:32:23.000000,2.655787e+07,1.857506e+07,1.240828e+02,1.426720e+06,8.879383e+01,,,,105
2018-04-26 08:32:24.000000,2.655768e+07,1.857562e+07,1.240831e+02,1.426715e+06,8.879368e+01,,,,105
2018-04-26 08:32:25.000000,2.655747e+07,1.857531e+07,1.240829e+02,1.426710e+06,8.879351e+01,,,,105
2018-04-26 08:32:26.000000,2.655727e+07,1.857393e+07,1.240823e+02,1.426705e+06,8.879335e+01,,,,105
2018-04-26 08:32:27.000000,2.655705e+07,1.857568e+07,1.240834e+02,1.426700e+06,8.879319e+01,,,,105
2018-04-26 08:32:28.000000,2.655684e+07,1.857463e+07,1.240828e+02,1.426695e+06,8.879304e+01,,,,105
2018-04-26 08:32:29.000000,2.655664e+07,1.857435e+07,1.240828e+02,1.426690e+06,8.879288e+01,,,,105
2018-04-26 08:32:30.000000,2.655646e+07,1.857453e+07,1.240830e+02,1.426685e+06,8.879272e+01,,,,105
2018-04-26 08:32:31.000000,2.655625e+07,1.857432e+07,1.240829e+02,1.426680e+06,8.879257e+01,,,,105
2018-04-26 08:32:32.000000,2.655605e+07,1.857533e+07,1.240834e+02,1.426675e+06,8.879241e+01,,,,105
2018-04-26 08:32:33.000000,2.655583e+07,1.857320e+07,1.240822e+02,1.426669e+06,8.879225e+01,,,,105
2018-04-26 08:32:34.000000,2.655562e+07,1.857446e+07,1.240829e+02,1.426664e+06,8.879209e+01,,,,105
2018-04-26 08:32:35.000000,2.655544e+07,1.857264e+07,1.240819e+02,1.426660e+06,8.879193e+01,,,,105
2018-04-26 08:32:36.000000,2.655523e+07,1.857366e+07,1.240824e+02,1.426654e+06,8.879177e+01,,,,105
2018-04-26 08:32:37.000000,2.655503e+07,1.857248e+07,1.240819e+02,1.426649e+06,8.879161e+01,,,,105
2018-04-26 08:32:38.000000,2.655481e+07,1.857282e+07,1.240823e+02,1.426644e+06,8.879146e+01,,,,105
2018-04-26 08:32:39.000000,2.655460e+07,1.857384e+07,1.240829e+02,1.426638e+06,8.879130e+01,,,,105
2018-04-26 08:32:40.000000,2.655440e+07,1.857262e+07,1.240822e+02,1.426633e+06,8.879114e+01,,,,105
2018-04-26 08:32:41.000000,2.655421e+07,1.857422e+07,1.240832e+02,1.426628e+06,8.879098e+01,,,,105
2018-04-26 08:32:42.000000,2.655401e+07,1.857268e+07,1.240824e+02,1.426623e+06,8.879083e+01,,,,105
2018-04-26 08:32:43.000000,2.655381e+07,1.857237e+07,1.240823e+02,1.426618e+06,8.879067e+01,,,,105
2018-04-26 08:32:44.000000,2.655358e+07,1.857164e+07,1.240818e+02,1.426612e+06,8.879051e+01,,,,105
2018-04-26 08:32:45.000000,2.655338e+07,1.857108e+07,1.240815e+02,1.426607e+06,8.879037e+01,,,,105
2018-04-26 08:32:46.000000,2.655319e+07,1.857177e+07,1.240819e+02,1.426602e+06,8.879021e+01,,,,105
2018-04-26 08:32:47.000000,2.655299e+07,1.857056e+07,1.240813e+02,1.426596e+06,8.879005e+01,,,,105
2018-04-26 08:32:48.000000,2.655279e+07,1.857184e+07,1.240820e+02,1.426591e+06,8.878990e+01,,,,105
2018-04-26 08:32:49.000000,2.655256e+07,1.857120e+07,1.240818e+02,1.426586e+06,8.878974e+01,,,,105
2018-04-26 08:32:50.000000,2.655236e+07,1.857092e+07,1.240817e+02,1.426580e+06,8.878958e+01,,,,105
2018-04-26 08:32:51.000000,2.655216e+07,1.857193e+07,1.240823e+02,1.426575e+06,8.878942e+01,,,,105
2018-04-26 08:32:52.000000,2.655197e+07,1.857098e+07,1.240818e+02,1.426570e+06,8.878928e+01,,,,105
2018-04-26 08:32:53.000000,2.655176e+07,1.857182e+07,1.240824e+02,1.426564e+06,8.878912e+01,,,,105
2018-04-26 08:32:54.000000,2.655156e+07,1.857064e+07,1.240818e+02,1.426559e+06,8.878896e+01,,,,105
2018-04-26 08:32:55.000000,2.655134e+07,1.857103e+07,1.240819e+02,1.426554e+06,8.878880e+01,,,,105
2018-04-26 08:32:56.000000,2.655114e+07,1.856943e+07,1.240810e+02,1.426548e+06,8.878865e+01,,,,105
2018-04-26 08:32:57.000000,2.655093e+07,1.856910e+07,1.240809e+02,1.426543e+06,8.878850e+01,,,,105
2018-04-26 08:32:58.000000,2.655075e+07,1.856902e+07,1.240808e+02,1.426537e+06,8.878834e+01,,,,105
2018-04-26 08:32:59.000000,2.655055e+07,1.856851e+07,1.240806e+02,1.426532e+06,8.878819e+01,,,,105
2018-04-26 08:33:00.000000,2.655032e+07,1.857025e+07,1.240817e+02,1.426528e+06,8.878803e+01,,,,105
2018-04-26 08:33:01.000000,2.655011e+07,1.856926e+07,1.240812e+02,1.426521e+06,8.878788e+01,,,,105
2018-04-26 08:33:02.000000,2.654991e+07,1.856895e+07,1.240811e+02,1.426516e+06,8.878773e+01,,,,105
2018-04-26 08:33:03.000000,2.654972e+07,1.856912e+07,1.240813e+02,1.426511e+06,8.878757e+01,,,,105
2018-04-26 08:33:04.000000,2.654952e+07,1.856894e+07,1.240813e+02,1.426505e+06,8.878742e+01,,,,105
2018-04-26 08:33:05.000000,2.654932e+07,1.856993e+07,1.240818e+02,1.426500e+06,8.878726e+01,,,,105
2018-04-26 08:33:06.000000,2.654910e+07,1.856784e+07,1.240806e+02,1.426495e+06,8.878711e+01,,,,105
2018-04-26 08:33:07.000000,2.654889e+07,1.856909e+07,1.240813e+02,1.426489e+06,8.878696e+01,,,,105
2018-04-26 08:33:08.000000,2.654868e+07,1.856740e+07,1.240804e+02,1.426484e+06,8.878680e+01,,,,105
2018-04-26 08:33:09.000000,2.654850e+07,1.856836e+07,1.240809e+02,1.426479e+06,8.878665e+01,,,,105
2018-04-26 08:33:10.000000,2.654829e+07,1.856711e+07,1.240802e+02,1.426473e+06,8.878650e+01,,,,105
2018-04-26 08:33:11.000000,2.654809e+07,1.856651e+07,1.240800e+02,1.426467e+06,8.878635e+01,,,,105
2018-04-26 08:33:12.000000,2.654787e+07,1.856837e+07,1.240812e+02,1.426462e+06,8.878619e+01,,,,105
2018-04-26 08:33:13.000000,2.654766e+07,1.856725e+07,1.240806e+02,1.426456e+06,8.878605e+01,,,,105
2018-04-26 08:33:14.000000,2.654747e+07,1.856830e+07,1.240813e+02,1.426451e+06,8.878589e+01,,,,105
2018-04-26 08:33:15.000000,2.654727e+07,1.856726e+07,1.240808e+02,1.426445e+06,8.878574e+01,,,,105
2018-04-26 08:33:16.000000,2.654707e+07,1.856695e+07,1.240807e+02,1.426440e+06,8.878558e+01,,,,105
2018-04-26 08:33:17.000000,2.654684e+07,1.856599e+07,1.240801e+02,1.426435e+06,8.878544e+01,,,,105
2018-04-26 08:33:18.000000,2.654663e+07,1.856565e+07,1.240799e+02,1.426429e+06,8.878528e+01,,,,105
2018-04-26 08:33:19.000000,2.654642e+07,1.856667e+07,1.240805e+02,1.426424e+06,8.878513e+01,,,,105
2018-04-26 08:33:20.000000,2.654624e+07,1.856517e+07,1.240797e+02,1.426419e+06,8.878498e+01,,,,105
2018-04-26 08:33:21.000000,2.654603e+07,1.856642e+07,1.240804e+02,1.426412e+06,8.878483e+01,,,,105
2018-04-26 08:33:22.000000,2.654583e+07,1.856509e+07,1.240797e+02,1.426407e+06,8.878468e+01,,,,105
2018-04-26 08:33:23.000000,2.654561e+07,1.856545e+07,1.240801e+02,1.426402e+06,8.878453e+01,,,,105
2018-04-26 08:33:24.000000,2.654540e+07,1.856568e+07,1.240802e+02,1.426396e+06,8.878438e+01,,,,105
2018-04-26 08:33:25.000000,2.654519e+07,1.856519e+07,1.240800e+02,1.426391e+06,8.878423e+01,,,,105
2018-04-26 08:33:26.000000,2.654501e+07,1.856640e+07,1.240807e+02,1.426385e+06,8.878408e+01,,,,105
2018-04-26 08:33:27.000000,2.654482e+07,1.856524e+07,1.240801e+02,1.426379e+06,8.878393e+01,,,,105
2018-04-26 08:33:28.000000,2.654459e+07,1.856568e+07,1.240803e+02,1.426374e+06,8.878378e+01,,,,105
2018-04-26 08:33:29.000000,2.654438e+07,1.856404e+07,1.240795e+02,1.426368e+06,8.878363e+01,,,,105
2018-04-26 08:33:30.000000,2.654418e+07,1.856369e+07,1.240793e+02,1.426363e+06,8.878348e+01,,,,105
2018-04-26 08:33:31.000000,2.654398e+07,1.856359e+07,1.240792e+02,1.426358e+06,8.878334e+01,,,,105
2018-04-26 08:33:32.000000,2.654378e+07,1.856309e+07,1.240790e+02,1.426352e+06,8.878318e+01,,,,105
2018-04-26 08:33:33.000000,2.654357e+07,1.856453e+07,1.240798e+02,1.426346e+06,8.878303e+01,,,,105
2018-04-26 08:33:34.000000,2.654335e+07,1.856381e+07,1.240796e+02,1.426341e+06,8.878288e+01,,,,105
2018-04-26 08:33:35.000000,2.654314e+07,1.856503e+07,1.240803e+02,1.426335e+06,8.878274e+01,,,,105
2018-04-26 08:33:36.000000,2.654294e+07,1.856376e+07,1.240796e+02,1.426330e+06,8.878259e+01,,,,105
2018-04-26 08:33:37.000000,2.654276e+07,1.856351e+07,1.240796e+02,1.426324e+06,8.878244e+01,,,,105
2018-04-26 08:33:38.000000,2.654256e+07,1.856368e+07,1.240797e+02,1.426318e+06,8.878229e+01,,,,105
2018-04-26 08:33:39.000000,2.654235e+07,1.856322e+07,1.240795e+02,1.426313e+06,8.878214e+01,,,,105
2018-04-26 08:33:40.000000,2.654212e+07,1.856325e+07,1.240794e+02,1.426307e+06,8.878199e+01,,,,105
2018-04-26 08:33:41.000000,2.654192e+07,1.856199e+07,1.240788e+02,1.426302e+06,8.878185e+01,,,,105
2018-04-26 08:33:42.000000,2.654173e+07,1.856295e+07,1.240793e+02,1.426297e+06,8.878170e+01,,,,105
2018-04-26 08:33:43.000000,2.654153e+07,1.856174e+07,1.240787e+02,1.426290e+06,8.878155e+01,,,,105
2018-04-26 08:33:44.000000,2.654133e+07,1.856113e+07,1.240784e+02,1.426285e+06,8.878140e+01,,,,105
2018-04-26 08:33:45.000000,2.654109e+07,1.856214e+07,1.240791e+02,1.426280e+06,8.878126e+01,,,,105
2018-04-26 08:33:46.000000,2.654089e+07,1.856177e+07,1.240790e+02,1.426274e+06,8.878111e+01,,,,105
2018-04-26 08:33:47.000000,2.654069e+07,1.856319e+07,1.240798e+02,1.426269e+06,8.878096e+01,,,,105
2018-04-26 08:33:48.000000,2.654051e+07,1.856188e+07,1.240792e+02,1.426264e+06,8.878081e+01,,,,105
2018-04-26 08:33:49.000000,2.654030e+07,1.856154e+07,1.240791e+02,1.426257e+06,8.878067e+01,,,,105
2018-04-26 08:33:50.000000,2.654009e+07,1.856174e+07,1.240792e+02,1.426252e+06,8.878052e+01,,,,105
2018-04-26 08:33:51.000000,2.653987e+07,1.856036e+07,1.240784e+02,1.426246e+06,8.878038e+01,,,,105
2018-04-26 08:33:52.000000,2.653967e+07,1.856128e+07,1.240789e+02,1.426241e+06,8.878024e+01,,,,105
2018-04-26 08:33:53.000000,2.653946e+07,1.855998e+07,1.240782e+02,1.426235e+06,8.878009e+01,,,,105
2018-04-26 08:33:54.000000,2.653927e+07,1.856056e+07,1.240785e+02,1.426229e+06,8.877994e+01,,,,105
2018-04-26 08:33:55.000000,2.653907e+07,1.855942e+07,1.240779e+02,1.426224e+06,8.877980e+01,,,,105
2018-04-26 08:33:56.000000,2.653885e+07,1.856148e+07,1.240792e+02,1.426219e+06,8.877965e+01,,,,105
2018-04-26 08:33:57.000000,2.653864e+07,1.856041e+07,1.240787e+02,1.426213e+06,8.877950e+01,,,,105
2018-04-26 08:33:58.000000,2.653845e+07,1.855980e+07,1.240784e+02,1.426207e+06,8.877935e+01,,,,105
2018-04-26 08:33:59.000000,2.653825e+07,1.856021e+07,1.240787e+02,1.426202e+06,8.877921e+01,,,,105
2018-04-26 08:34:00.000000,2.653804e+07,1.855982e+07,1.240785e+02,1.426196e+06,8.877907e+01,,,,105
2018-04-26 08:34:01.000000,2.653784e+07,1.856121e+07,1.240793e+02,1.426191e+06,8.877892e+01,,,,105
2018-04-26 08:34:02.000000,2.653762e+07,1.855874e+07,1.240779e+02,1.426186e+06,8.877878e+01,,,,105
2018-04-26 08:34:03.000000,2.653741e+07,1.855829e+07,1.240777e+02,1.426179e+06,8.877864e+01,,,,105
2018-04-26 08:34:04.000000,2.653721e+07,1.855938e+07,1.240783e+02,1.426174e+06,8.877849e+01,,,,105
2018-04-26 08:34:05.000000,2.653703e+07,1.855782e+07,1.240775e+02,1.426168e+06,8.877834e+01,,,,105
2018-04-26 08:34:06.000000,2.653682e+07,1.855869e+07,1.240780e+02,1.426163e+06,8.877821e+01,,,,105
2018-04-26 08:34:07.000000,2.653662e+07,1.855741e+07,1.240773e+02,1.426157e+06,8.877806e+01,,,,105
2018-04-26 08:34:08.000000,2.653640e+07,1.855964e+07,1.240787e+02,1.426151e+06,8.877791e+01,,,,105
2018-04-26 08:34:09.000000,2.653619e+07,1.855841e+07,1.240780e+02,1.426146e+06,8.877777e+01,,,,105
2018-04-26 08:34:10.000000,2.653600e+07,1.855813e+07,1.240780e+02,1.426141e+06,8.877763e+01,,,,105
2018-04-26 08:34:11.000000,2.653579e+07,1.855830e+07,1.240781e+02,1.426134e+06,8.877748e+01,,,,105
2018-04-26 08:34:12.000000,2.653560e+07,1.855782e+07,1.240779e+02,1.426129e+06,8.877734e+01,,,,105
2018-04-26 08:34:13.000000,2.653537e+07,1.855790e+07,1.240779e+02,1.426124e+06,8.877720e+01,,,,105
2018-04-26 08:34:14.000000,2.653516e+07,1.855664e+07,1.240772e+02,1.426118e+06,8.877705e+01,,,,105
2018-04-26 08:34:15.000000,2.653496e+07,1.855787e+07,1.240779e+02,1.426112e+06,8.877691e+01,,,,105
2018-04-26 08:34:16.000000,2.653478e+07,1.855611e+07,1.240770e+02,1.426107e+06,8.877676e+01,,,,105
2018-04-26 08:34:17.000000,2.653457e+07,1.855573e+07,1.240768e+02,1.426101e+06,8.877663e+01,,,,105
2018-04-26 08:34:18.000000,2.653437e+07,1.855681e+07,1.240774e+02,1.426096e+06,8.877648e+01,,,,105
2018-04-26 08:34:19.000000,2.653415e+07,1.855641e+07,1.240774e+02,1.426090e+06,8.877634e+01,,,,105
2018-04-26 08:34:20.000000,2.653394e+07,1.855733e+07,1.240779e+02,1.426084e+06,8.877620e+01,,,,105
2018-04-26 08:34:21.000000,2.653375e+07,1.855645e+07,1.240775e+02,1.426079e+06,8.877606e+01,,,,105
2018-04-26 08:34:22.000000,2.653356e+07,1.855774e+07,1.240782e+02,1.426073e+06,8.877591e+01,,,,105
2018-04-26 08:34:23.000000,2.653335e+07,1.855643e+07,1.240776e+02,1.426068e+06,8.877577e+01,,,,105
2018-04-26 08:34:24.000000,2.653312e+07,1.855642e+07,1.240775e+02,1.426063e+06,8.877563e+01,,,,105
2018-04-26 08:34:25.000000,2.653291e+07,1.855519e+07,1.240768e+02,1.426056e+06,8.877549e+01,,,,105
2018-04-26 08:34:26.000000,2.653271e+07,1.855458e+07,1.240766e+02,1.426051e+06,8.877534e+01,,,,105
2018-04-26 08:34:27.000000,2.653253e+07,1.855527e+07,1.240770e+02,1.426046e+06,8.877520e+01,,,,105
2018-04-26 08:34:28.000000,2.653233e+07,1.855407e+07,1.240763e+02,1.426039e+06,8.877506e+01,,,,105
2018-04-26 08:34:29.000000,2.653211e+07,1.855531e+07,1.240770e+02,1.426034e+06,8.877492e+01,,,,105
2018-04-26 08:34:30.000000,2.653189e+07,1.855498e+07,1.240770e+02,1.426029e+06,8.877478e+01,,,,105
2018-04-26 08:34:31.000000,2.653169e+07,1.855445e+07,1.240768e+02,1.426023e+06,8.877464e+01,,,,105
2018-04-26 08:34:32.000000,2.653149e+07,1.855547e+07,1.240774e+02,1.426017e+06,8.877450e+01,,,,105
2018-04-26 08:34:33.000000,2.653130e+07,1.855447e+07,1.240769e+02,1.426011e+06,8.877436e+01,,,,105
2018-04-26 08:34:34.000000,2.653110e+07,1.855586e+07,1.240778e+02,1.426006e+06,8.877422e+01,,,,105
2018-04-26 08:34:35.000000,2.653088e+07,1.855341e+07,1.240764e+02,1.426001e+06,8.877408e+01,,,,105
2018-04-26 08:34:36.000000,2.653067e+07,1.855448e+07,1.240769e+02,1.425994e+06,8.877394e+01,,,,105
2018-04-26 08:34:37.000000,2.653047e+07,1.855320e+07,1.240762e+02,1.425989e+06,8.877379e+01,,,,105
2018-04-26 08:34:38.000000,2.653028e+07,1.855238e+07,1.240758e+02,1.425984e+06,8.877366e+01,,,,105
2018-04-26 08:34:39.000000,2.653007e+07,1.855333e+07,1.240764e+02,1.425978e+06,8.877352e+01,,,,105
2018-04-26 08:34:40.000000,2.652987e+07,1.855205e+07,1.240757e+02,1.425972e+06,8.877337e+01,,,,105
2018-04-26 08:34:41.000000,2.652964e+07,1.855381e+07,1.240768e+02,1.425967e+06,8.877323e+01,,,,105
2018-04-26 08:34:42.000000,2.652944e+07,1.855276e+07,1.240763e+02,1.425961e+06,8.877310e+01,,,,105
2018-04-26 08:34:43.000000,2.652924e+07,1.855246e+07,1.240762e+02,1.425955e+06,8.877295e+01,,,,105
2018-04-26 08:34:44.000000,2.652905e+07,1.855293e+07,1.240766e+02,1.425950e+06,8.877281e+01,,,,105
2018-04-26 08:34:45.000000,2.652884e+07,1.855246e+07,1.240763e+02,1.425944e+06,8.877268e+01,,,,105
2018-04-26 08:34:46.000000,2.652864e+07,1.855347e+07,1.240769e+02,1.425939e+06,8.877254e+01,,,,105
2018-04-26 08:34:47.000000,2.652842e+07,1.855133e+07,1.240757e+02,1.425933e+06,8.877240e+01,,,,105
2018-04-26 08:34:48.000000,2.652822e+07,1.855263e+07,1.240764e+02,1.425927e+06,8.877227e+01,,,,105
2018-04-26 08:34:49.000000,2.652803e+07,1.855077e+07,1.240754e+02,1.425922e+06,8.877213e+01,,,,105
2018-04-26 08:34:50.000000,2.652783e+07,1.855184e+07,1.240759e+02,1.425916e+06,8.877198e+01,,,,105
2018-04-26 08:34:51.000000,2.652762e+07,1.855064e+07,1.240754e+02,1.425910e+06,8.877184e+01,,,,105
2018-04-26 08:34:52.000000,2.652739e+07,1.855095e+07,1.240758e+02,1.425905e+06,8.877171e+01,,,,105
2018-04-26 08:34:53.000000,2.652718e+07,1.855201e+07,1.240764e+02,1.425899e+06,8.877157e+01,,,,105
2018-04-26 08:34:54.000000,2.652698e+07,1.855077e+07,1.240757e+02,1.425893e+06,8.877143e+01,,,,105
2018-04-26 08:34:55.000000,2.652680e+07,1.855189e+07,1.240764e+02,1.425888e+06,8.877129e+01,,,,105
2018-04-26 08:34:56.000000,2.652659e+07,1.855079e+07,1.240758e+02,1.425882e+06,8.877116e+01,,,,105
2018-04-26 08:34:57.000000,2.652639e+07,1.855049e+07,1.240758e+02,1.425876e+06,8.877101e+01,,,,105
2018-04-26 08:34:58.000000,2.652617e+07,1.854980e+07,1.240753e+02,1.425871e+06,8.877088e+01,,,,105
2018-04-26 08:34:59.000000,2.652596e+07,1.854923e+07,1.240750e+02,1.425865e+06,8.877074e+01,,,,105
2018-04-26 08:35:00.000000,2.652575e+07,1.855026e+07,1.240756e+02,1.425859e+06,8.877060e+01,,,,105
2018-04-26 08:35:01.000000,2.652557e+07,1.854871e+07,1.240748e+02,1.425853e+06,8.877047e+01,,,,105
2018-04-26 08:35:02.000000,2.652537e+07,1.855005e+07,1.240755e+02,1.425848e+06,8.877033e+01,,,,105
2018-04-26 08:35:03.000000,2.652515e+07,1.854935e+07,1.240753e+02,1.425843e+06,8.877020e+01,,,,105
2018-04-26 08:35:04.000000,2.652494e+07,1.854906e+07,1.240752e+02,1.425836e+06,8.877006e+01,,,,105
2018-04-26 08:35:05.000000,2.652473e+07,1.854926e+07,1.240753e+02,1.425831e+06,8.876992e+01,,,,105
2018-04-26 08:35:06.000000,2.652454e+07,1.854904e+07,1.240754e+02,1.425826e+06,8.876978e+01,,,,105
2018-04-26 08:35:07.000000,2.652434e+07,1.855004e+07,1.240759e+02,1.425819e+06,8.876965e+01,,,,105
2018-04-26 08:35:08.000000,2.652414e+07,1.854880e+07,1.240753e+02,1.425814e+06,8.876951e+01,,,,105
2018-04-26 08:35:09.000000,2.652391e+07,1.854931e+07,1.240755e+02,1.425809e+06,8.876937e+01,,,,105
2018-04-26 08:35:10.000000,2.652370e+07,1.854759e+07,1.240746e+02,1.425802e+06,8.876924e+01,,,,105
2018-04-26 08:35:11.000000,2.652350e+07,1.854726e+07,1.240745e+02,1.425797e+06,8.876910e+01,,,,105
2018-04-26 08:35:12.000000,2.652332e+07,1.854719e+07,1.240743e+02,1.425792e+06,8.876897e+01,,,,105
2018-04-26 08:35:13.000000,2.652311e+07,1.854666e+07,1.240741e+02,1.425785e+06,8.876884e+01,,,,105
2018-04-26 08:35:14.000000,2.652291e+07,1.854766e+07,1.240747e+02,1.425780e+06,8.876870e+01,,,,105
2018-04-26 08:35:15.000000,2.652268e+07,1.854731e+07,1.240747e+02,1.425774e+06,8.876856e+01,,,,105
2018-04-26 08:35:16.000000,2.652248e+07,1.854873e+07,1.240755e+02,1.425768e+06,8.876843e+01,,,,105
2018-04-26 08:35:17.000000,2.652230e+07,1.854745e+07,1.240749e+02,1.425763e+06,8.876829e+01,,,,105
2018-04-26 08:35:18.000000,2.652210e+07,1.854709e+07,1.240748e+02,1.425757e+06,8.876816e+01,,,,105
2018-04-26 08:35:19.000000,2.652188e+07,1.854729e+07,1.240749e+02,1.425751e+06,8.876802e+01,,,,105
2018-04-26 08:35:20.000000,2.652165e+07,1.854594e+07,1.240741e+02,1.425746e+06,8.876788e+01,,,,105
2018-04-26 08:35:21.000000,2.652145e+07,1.854683e+07,1.240746e+02,1.425740e+06,8.876775e+01,,,,105
2018-04-26 08:35:22.000000,2.652125e+07,1.854556e+07,1.240739e+02,1.425734e+06,8.876762e+01,,,,105
2018-04-26 08:35:23.000000,2.652106e+07,1.854661e+07,1.240744e+02,1.425729e+06,8.876748e+01,,,,105
2018-04-26 08:35:24.000000,2.652085e+07,1.854532e+07,1.240738e+02,1.425723e+06,8.876735e+01,,,,105
2018-04-26 08:35:25.000000,2.652065e+07,1.854472e+07,1.240736e+02,1.425717e+06,8.876722e+01,,,,105
2018-04-26 08:35:26.000000,2.652043e+07,1.854577e+07,1.240742e+02,1.425711e+06,8.876708e+01,,,,105
2018-04-26 08:35:27.000000,2.652022e+07,1.854536e+07,1.240741e+02,1.425706e+06,8.876695e+01,,,,105
2018-04-26 08:35:28.000000,2.652002e+07,1.854634e+07,1.240746e+02,1.425700e+06,8.876682e+01,,,,105
2018-04-26 08:35:29.000000,2.651983e+07,1.854541e+07,1.240743e+02,1.425694e+06,8.876668e+01,,,,105
2018-04-26 08:35:30.000000,2.651963e+07,1.854676e+07,1.240751e+02,1.425689e+06,8.876655e+01,,,,105
2018-04-26 08:35:31.000000,2.651941e+07,1.854435e+07,1.240737e+02,1.425683e+06,8.876642e+01,,,,105
2018-04-26 08:35:32.000000,2.651919e+07,1.854385e+07,1.240734e+02,1.425677e+06,8.876629e+01,,,,105
2018-04-26 08:35:33.000000,2.651900e+07,1.854495e+07,1.240741e+02,1.425672e+06,8.876615e+01,,,,105
2018-04-26 08:35:34.000000,2.651880e+07,1.854340e+07,1.240732e+02,1.425666e+06,8.876602e+01,,,,105
2018-04-26 08:35:35.000000,2.651860e+07,1.854425e+07,1.240737e+02,1.425660e+06,8.876589e+01,,,,105
2018-04-26 08:35:36.000000,2.651839e+07,1.854300e+07,1.240730e+02,1.425654e+06,8.876576e+01,,,,105
2018-04-26 08:35:37.000000,2.651818e+07,1.854470e+07,1.240741e+02,1.425649e+06,8.876562e+01,,,,105
2018-04-26 08:35:38.000000,2.651796e+07,1.854398e+07,1.240738e+02,1.425643e+06,8.876550e+01,,,,105
2018-04-26 08:35:39.000000,2.651776e+07,1.854340e+07,1.240735e+02,1.425637e+06,8.876536e+01,,,,105
2018-04-26 08:35:40.000000,2.651758e+07,1.854385e+07,1.240739e+02,1.425631e+06,8.876523e+01,,,,105
2018-04-26 08:35:41.000000,2.651737e+07,1.854337e+07,1.240737e+02,1.425626e+06,8.876510e+01,,,,105
2018-04-26 08:35:42.000000,2.651717e+07,1.854494e+07,1.240745e+02,1.425620e+06,8.876497e+01,,,,105
2018-04-26 08:35:43.000000,2.651694e+07,1.854229e+07,1.240730e+02,1.425614e+06,8.876484e+01,,,,105
2018-04-26 08:35:44.000000,2.651673e+07,1.854355e+07,1.240737e+02,1.425609e+06,8.876470e+01,,,,105
2018-04-26 08:35:45.000000,2.651655e+07,1.854171e+07,1.240727e+02,1.425603e+06,8.876457e+01,,,,105
2018-04-26 08:35:46.000000,2.651634e+07,1.854129e+07,1.240725e+02,1.425597e+06,8.876445e+01,,,,105
2018-04-26 08:35:47.000000,2.651614e+07,1.854239e+07,1.240732e+02,1.425591e+06,8.876431e+01,,,,105
2018-04-26 08:35:48.000000,2.651591e+07,1.854197e+07,1.240731e+02,1.425586e+06,8.876418e+01,,,,105
2018-04-26 08:35:49.000000,2.651570e+07,1.854293e+07,1.240737e+02,1.425580e+06,8.876406e+01,,,,105
2018-04-26 08:35:50.000000,2.651550e+07,1.854169e+07,1.240730e+02,1.425574e+06,8.876392e+01,,,,105
2018-04-26 08:35:51.000000,2.651532e+07,1.854331e+07,1.240740e+02,1.425569e+06,8.876380e+01,,,,105
2018-04-26 08:35:52.000000,2.651511e+07,1.854174e+07,1.240732e+02,1.425563e+06,8.876367e+01,,,,105
2018-04-26 08:35:53.000000,2.651490e+07,1.854141e+07,1.240731e+02,1.425557e+06,8.876354e+01,,,,105
2018-04-26 08:35:54.000000,2.651468e+07,1.854072e+07,1.240726e+02,1.425551e+06,8.876341e+01,,,,105
2018-04-26 08:35:55.000000,2.651448e+07,1.854013e+07,1.240723e+02,1.425545e+06,8.876329e+01,,,,105
2018-04-26 08:35:56.000000,2.651427e+07,1.854172e+07,1.240732e+02,1.425540e+06,8.876315e+01,,,,105
2018-04-26 08:35:57.000000,2.651408e+07,1.853967e+07,1.240721e+02,1.425534e+06,8.876302e+01,,,,105
2018-04-26 08:35:58.000000,2.651388e+07,1.854098e+07,1.240728e+02,1.425528e+06,8.876289e+01,,,,105
2018-04-26 08:35:59.000000,2.651365e+07,1.854027e+07,1.240726e+02,1.425523e+06,8.876276e+01,,,,105
2018-04-26 08:36:00.000000,2.651345e+07,1.853997e+07,1.240725e+02,1.425517e+06,8.876264e+01,,,,105
2018-04-26 08:36:01.000000,2.651324e+07,1.854106e+07,1.240731e+02,1.425511e+06,8.876251e+01,,,,105
2018-04-26 08:36:02.000000,2.651305e+07,1.854004e+07,1.240726e+02,1.425506e+06,8.876238e+01,,,,105
2018-04-26 08:36:03.000000,2.651284e+07,1.854094e+07,1.240732e+02,1.425499e+06,8.876226e+01,,,,105
2018-04-26 08:36:04.000000,2.651264e+07,1.853970e+07,1.240726e+02,1.425494e+06,8.876212e+01,,,,105
2018-04-26 08:36:05.000000,2.651242e+07,1.854018e+07,1.240728e+02,1.425489e+06,8.876200e+01,,,,105
2018-04-26 08:36:06.000000,2.651222e+07,1.853850e+07,1.240719e+02,1.425482e+06,8.876188e+01,,,,105
2018-04-26 08:36:07.000000,2.651200e+07,1.853816e+07,1.240717e+02,1.425477e+06,8.876174e+01,,,,105
2018-04-26 08:36:08.000000,2.651182e+07,1.853810e+07,1.240717e+02,1.425471e+06,8.876162e+01,,,,105
2018-04-26 08:36:09.000000,2.651162e+07,1.853757e+07,1.240714e+02,1.425465e+06,8.876150e+01,,,,105
2018-04-26 08:36:10.000000,2.651139e+07,1.853938e+07,1.240726e+02,1.425460e+06,8.876137e+01,,,,105
2018-04-26 08:36:11.000000,2.651119e+07,1.853834e+07,1.240721e+02,1.425453e+06,8.876124e+01,,,,105
2018-04-26 08:36:12.000000,2.651098e+07,1.853963e+07,1.240728e+02,1.425448e+06,8.876111e+01,,,,105
2018-04-26 08:36:13.000000,2.651079e+07,1.853836e+07,1.240722e+02,1.425442e+06,8.876098e+01,,,,105
2018-04-26 08:36:14.000000,2.651058e+07,1.853800e+07,1.240721e+02,1.425436e+06,8.876086e+01,,,,105
2018-04-26 08:36:15.000000,2.651038e+07,1.853820e+07,1.240722e+02,1.425430e+06,8.876073e+01,,,,105
2018-04-26 08:36:16.000000,2.651015e+07,1.853682e+07,1.240714e+02,1.425425e+06,8.876061e+01,,,,105
2018-04-26 08:36:17.000000,2.650994e+07,1.853773e+07,1.240719e+02,1.425419e+06,8.876049e+01,,,,105
2018-04-26 08:36:18.000000,2.650974e+07,1.853644e+07,1.240712e+02,1.425413e+06,8.876036e+01,,,,105
2018-04-26 08:36:19.000000,2.650955e+07,1.853751e+07,1.240717e+02,1.425408e+06,8.876023e+01,,,,105
2018-04-26 08:36:20.000000,2.650935e+07,1.853619e+07,1.240711e+02,1.425401e+06,8.876011e+01,,,,105
2018-04-26 08:36:21.000000,2.650914e+07,1.853556e+07,1.240708e+02,1.425396e+06,8.875998e+01,,,,105
2018-04-26 08:36:22.000000,2.650891e+07,1.853662e+07,1.240715e+02,1.425390e+06,8.875986e+01,,,,105
2018-04-26 08:36:23.000000,2.650870e+07,1.853618e+07,1.240714e+02,1.425384e+06,8.875974e+01,,,,105
2018-04-26 08:36:24.000000,2.650851e+07,1.853660e+07,1.240717e+02,1.425379e+06,8.875961e+01,,,,105
2018-04-26 08:36:25.000000,2.650830e+07,1.853619e+07,1.240715e+02,1.425372e+06,8.875949e+01,,,,105
2018-04-26 08:36:26.000000,2.650808e+07,1.853761e+07,1.240724e+02,1.425367e+06,8.875936e+01,,,,105
2018-04-26 08:36:27.000000,2.650785e+07,1.853514e+07,1.240710e+02,1.425362e+06,8.875923e+01,,,,105
2018-04-26 08:36:28.000000,2.650763e+07,1.853465e+07,1.240707e+02,1.425355e+06,8.875912e+01,,,,105
2018-04-26 08:36:29.000000,2.650742e+07,1.853576e+07,1.240713e+02,1.425349e+06,8.875899e+01,,,,105
2018-04-26 08:36:30.000000,2.650723e+07,1.853418e+07,1.240705e+02,1.425344e+06,8.875887e+01,,,,105
2018-04-26 08:36:31.000000,2.650702e+07,1.853506e+07,1.240710e+02,1.425338e+06,8.875875e+01,,,,105
2018-04-26 08:36:32.000000,2.650681e+07,1.853377e+07,1.240703e+02,1.425332e+06,8.875862e+01,,,,105
2018-04-26 08:36:33.000000,2.650659e+07,1.853550e+07,1.240714e+02,1.425327e+06,8.875850e+01,,,,105
2018-04-26 08:36:34.000000,2.650637e+07,1.853475e+07,1.240710e+02,1.425320e+06,8.875838e+01,,,,105
2018-04-26 08:36:35.000000,2.650616e+07,1.853415e+07,1.240708e+02,1.425315e+06,8.875825e+01,,,,105
2018-04-26 08:36:36.000000,2.650598e+07,1.853462e+07,1.240711e+02,1.425309e+06,8.875813e+01,,,,105
2018-04-26 08:36:37.000000,2.650576e+07,1.853413e+07,1.240709e+02,1.425303e+06,8.875801e+01,,,,105
2018-04-26 08:36:38.000000,2.650554e+07,1.853426e+07,1.240709e+02,1.425298e+06,8.875788e+01,,,,105
2018-04-26 08:36:39.000000,2.650532e+07,1.853294e+07,1.240703e+02,1.425291e+06,8.875777e+01,,,,105
2018-04-26 08:36:40.000000,2.650511e+07,1.853433e+07,1.240710e+02,1.425286e+06,8.875764e+01,,,,105
2018-04-26 08:36:41.000000,2.650492e+07,1.853245e+07,1.240699e+02,1.425280e+06,8.875752e+01,,,,105
2018-04-26 08:36:42.000000,2.650472e+07,1.853352e+07,1.240705e+02,1.425274e+06,8.875740e+01,,,,105
2018-04-26 08:36:43.000000,2.650450e+07,1.853321e+07,1.240704e+02,1.425268e+06,8.875728e+01,,,,105
2018-04-26 08:36:44.000000,2.650427e+07,1.853268e+07,1.240703e+02,1.425263e+06,8.875716e+01,,,,105
2018-04-26 08:36:45.000000,2.650407e+07,1.853368e+07,1.240709e+02,1.425256e+06,8.875704e+01,,,,105
2018-04-26 08:36:46.000000,2.650385e+07,1.853238e+07,1.240703e+02,1.425251e+06,8.875692e+01,,,,105
2018-04-26 08:36:47.000000,2.650367e+07,1.853404e+07,1.240712e+02,1.425246e+06,8.875680e+01,,,,105
2018-04-26 08:36:48.000000,2.650345e+07,1.853242e+07,1.240704e+02,1.425239e+06,8.875668e+01,,,,105
2018-04-26 08:36:49.000000,2.650324e+07,1.853209e+07,1.240703e+02,1.425233e+06,8.875656e+01,,,,105
2018-04-26 08:36:50.000000,2.650301e+07,1.853140e+07,1.240698e+02,1.425227e+06,8.875644e+01,,,,105
2018-04-26 08:36:51.000000,2.650281e+07,1.853080e+07,1.240695e+02,1.425222e+06,8.875631e+01,,,,105
2018-04-26 08:36:52.000000,2.650260e+07,1.853157e+07,1.240699e+02,1.425216e+06,8.875619e+01,,,,105
2018-04-26 08:36:53.000000,2.650240e+07,1.853027e+07,1.240693e+02,1.425210e+06,8.875608e+01,,,,105
2018-04-26 08:36:54.000000,2.650219e+07,1.853167e+07,1.240701e+02,1.425204e+06,8.875596e+01,,,,105
2018-04-26 08:36:55.000000,2.650195e+07,1.853092e+07,1.240698e+02,1.425199e+06,8.875584e+01,,,,105
2018-04-26 08:36:56.000000,2.650174e+07,1.853062e+07,1.240697e+02,1.425192e+06,8.875572e+01,,,,105
2018-04-26 08:36:57.000000,2.650153e+07,1.853083e+07,1.240699e+02,1.425187e+06,8.875560e+01,,,,105
2018-04-26 08:36:58.000000,2.650134e+07,1.853059e+07,1.240699e+02,1.425181e+06,8.875548e+01,,,,105
2018-04-26 08:36:59.000000,2.650113e+07,1.853164e+07,1.240705e+02,1.425175e+06,8.875537e+01,,,,105
2018-04-26 08:37:00.000000,2.650093e+07,1.853033e+07,1.240698e+02,1.425169e+06,8.875525e+01,,,,105
2018-04-26 08:37:01.000000,2.650070e+07,1.853091e+07,1.240700e+02,1.425163e+06,8.875513e+01,,,,105
2018-04-26 08:37:02.000000,2.650048e+07,1.852911e+07,1.240690e+02,1.425157e+06,8.875502e+01,,,,105
2018-04-26 08:37:03.000000,2.650027e+07,1.852879e+07,1.240690e+02,1.425152e+06,8.875489e+01,,,,105
2018-04-26 08:37:04.000000,2.650008e+07,1.852873e+07,1.240689e+02,1.425146e+06,8.875478e+01,,,,105
2018-04-26 08:37:05.000000,2.649988e+07,1.852818e+07,1.240686e+02,1.425140e+06,8.875465e+01,,,,105
2018-04-26 08:37:06.000000,2.649965e+07,1.852921e+07,1.240693e+02,1.425135e+06,8.875454e+01,,,,105
2018-04-26 08:37:07.000000,2.649943e+07,1.852884e+07,1.240692e+02,1.425128e+06,8.875443e+01,,,,105
2018-04-26 08:37:08.000000,2.649923e+07,1.853031e+07,1.240700e+02,1.425123e+06,8.875431e+01,,,,105
2018-04-26 08:37:09.000000,2.649904e+07,1.852895e+07,1.240694e+02,1.425117e+06,8.875419e+01,,,,105
2018-04-26 08:37:10.000000,2.649883e+07,1.852861e+07,1.240693e+02,1.425111e+06,8.875408e+01,,,,105
2018-04-26 08:37:11.000000,2.649861e+07,1.852882e+07,1.240694e+02,1.425105e+06,8.875396e+01,,,,105
2018-04-26 08:37:12.000000,2.649839e+07,1.852742e+07,1.240686e+02,1.425100e+06,8.875384e+01,,,,105
2018-04-26 08:37:13.000000,2.649818e+07,1.852838e+07,1.240691e+02,1.425093e+06,8.875373e+01,,,,105
2018-04-26 08:37:14.000000,2.649797e+07,1.852705e+07,1.240684e+02,1.425088e+06,8.875361e+01,,,,105
2018-04-26 08:37:15.000000,2.649779e+07,1.852767e+07,1.240688e+02,1.425082e+06,8.875350e+01,,,,105
2018-04-26 08:37:16.000000,2.649757e+07,1.852647e+07,1.240681e+02,1.425076e+06,8.875339e+01,,,,105
2018-04-26 08:37:17.000000,2.649736e+07,1.852618e+07,1.240680e+02,1.425070e+06,8.875327e+01,,,,105
2018-04-26 08:37:18.000000,2.649715e+07,1.852728e+07,1.240687e+02,1.425064e+06,8.875315e+01,,,,105
2018-04-26 08:37:19.000000,2.649694e+07,1.852684e+07,1.240686e+02,1.425058e+06,8.875303e+01,,,,105
2018-04-26 08:37:20.000000,2.649674e+07,1.852727e+07,1.240690e+02,1.425053e+06,8.875292e+01,,,,105
2018-04-26 08:37:21.000000,2.649653e+07,1.852682e+07,1.240687e+02,1.425046e+06,8.875281e+01,,,,105
2018-04-26 08:37:22.000000,2.649633e+07,1.852835e+07,1.240696e+02,1.425041e+06,8.875269e+01,,,,105
2018-04-26 08:37:23.000000,2.649609e+07,1.852581e+07,1.240682e+02,1.425035e+06,8.875258e+01,,,,105
2018-04-26 08:37:24.000000,2.649589e+07,1.852688e+07,1.240687e+02,1.425029e+06,8.875247e+01,,,,105
2018-04-26 08:37:25.000000,2.649567e+07,1.852559e+07,1.240681e+02,1.425023e+06,8.875235e+01,,,,105
2018-04-26 08:37:26.000000,2.649549e+07,1.852476e+07,1.240676e+02,1.425018e+06,8.875224e+01,,,,105
2018-04-26 08:37:27.000000,2.649529e+07,1.852580e+07,1.240682e+02,1.425011e+06,8.875213e+01,,,,105
2018-04-26 08:37:28.000000,2.649508e+07,1.852442e+07,1.240675e+02,1.425006e+06,8.875201e+01,,,,105
2018-04-26 08:37:29.000000,2.649484e+07,1.852623e+07,1.240686e+02,1.425000e+06,8.875190e+01,,,,105
2018-04-26 08:37:30.000000,2.649464e+07,1.852513e+07,1.240681e+02,1.424994e+06,8.875179e+01,,,,105
2018-04-26 08:37:31.000000,2.649443e+07,1.852484e+07,1.240680e+02,1.424988e+06,8.875167e+01,,,,105
2018-04-26 08:37:32.000000,2.649424e+07,1.852532e+07,1.240684e+02,1.424982e+06,8.875156e+01,,,,105
2018-04-26 08:37:33.000000,2.649404e+07,1.852482e+07,1.240681e+02,1.424976e+06,8.875144e+01,,,,105
2018-04-26 08:37:34.000000,2.649381e+07,1.852414e+07,1.240677e+02,1.424971e+06,8.875133e+01,,,,105
2018-04-26 08:37:35.000000,2.649359e+07,1.852356e+07,1.240674e+02,1.424965e+06,8.875123e+01,,,,105
2018-04-26 08:37:36.000000,2.649340e+07,1.852511e+07,1.240683e+02,1.424959e+06,8.875111e+01,,,,105
2018-04-26 08:37:37.000000,2.649320e+07,1.852312e+07,1.240672e+02,1.424954e+06,8.875100e+01,,,,105
2018-04-26 08:37:38.000000,2.649299e+07,1.852429e+07,1.240678e+02,1.424947e+06,8.875089e+01,,,,105
2018-04-26 08:37:39.000000,2.649278e+07,1.852300e+07,1.240672e+02,1.424942e+06,8.875077e+01,,,,105
2018-04-26 08:37:40.000000,2.649256e+07,1.852331e+07,1.240676e+02,1.424936e+06,8.875066e+01,,,,105
2018-04-26 08:37:41.000000,2.649234e+07,1.852444e+07,1.240682e+02,1.424930e+06,8.875056e+01,,,,105
2018-04-26 08:37:42.000000,2.649214e+07,1.852310e+07,1.240675e+02,1.424924e+06,8.875044e+01,,,,105
2018-04-26 08:37:43.000000,2.649195e+07,1.852432e+07,1.240682e+02,1.424918e+06,8.875033e+01,,,,105
2018-04-26 08:37:44.000000,2.649174e+07,1.852311e+07,1.240676e+02,1.424912e+06,8.875022e+01,,,,105
2018-04-26 08:37:45.000000,2.649152e+07,1.852357e+07,1.240678e+02,1.424907e+06,8.875011e+01,,,,105
2018-04-26 08:37:46.000000,2.649131e+07,1.852189e+07,1.240670e+02,1.424900e+06,8.875000e+01,,,,105
2018-04-26 08:37:47.000000,2.649110e+07,1.852149e+07,1.240668e+02,1.424895e+06,8.874989e+01,,,,105
2018-04-26 08:37:48.000000,2.649090e+07,1.852142e+07,1.240667e+02,1.424889e+06,8.874978e+01,,,,105
2018-04-26 08:37:49.000000,2.649069e+07,1.852089e+07,1.240664e+02,1.424883e+06,8.874967e+01,,,,105
2018-04-26 08:37:50.000000,2.649048e+07,1.852242e+07,1.240673e+02,1.424877e+06,8.874956e+01,,,,105
2018-04-26 08:37:51.000000,2.649024e+07,1.852160e+07,1.240670e+02,1.424872e+06,8.874945e+01,,,,105
2018-04-26 08:37:52.000000,2.649002e+07,1.852290e+07,1.240678e+02,1.424865e+06,8.874935e+01,,,,105
2018-04-26 08:37:53.000000,2.648981e+07,1.852154e+07,1.240671e+02,1.424860e+06,8.874923e+01,,,,105
2018-04-26 08:37:54.000000,2.648962e+07,1.852125e+07,1.240671e+02,1.424855e+06,8.874913e+01,,,,105
2018-04-26 08:37:55.000000,2.648941e+07,1.852144e+07,1.240672e+02,1.424848e+06,8.874902e+01,,,,105
2018-04-26 08:37:56.000000,2.648919e+07,1.852094e+07,1.240670e+02,1.424842e+06,8.874891e+01,,,,105
2018-04-26 08:37:57.000000,2.648895e+07,1.852103e+07,1.240669e+02,1.424836e+06,8.874880e+01,,,,105
2018-04-26 08:37:58.000000,2.648874e+07,1.851970e+07,1.240662e+02,1.424831e+06,8.874869e+01,,,,105
2018-04-26 08:37:59.000000,2.648854e+07,1.852074e+07,1.240667e+02,1.424825e+06,8.874858e+01,,,,105
2018-04-26 08:38:00.000000,2.648833e+07,1.851945e+07,1.240662e+02,1.424819e+06,8.874848e+01,,,,105
2018-04-26 08:38:01.000000,2.648811e+07,1.851879e+07,1.240658e+02,1.424813e+06,8.874836e+01,,,,105
2018-04-26 08:38:02.000000,2.648788e+07,1.851982e+07,1.240665e+02,1.424808e+06,8.874826e+01,,,,105
2018-04-26 08:38:03.000000,2.648765e+07,1.851942e+07,1.240664e+02,1.424801e+06,8.874816e+01,,,,105
2018-04-26 08:38:04.000000,2.648745e+07,1.852040e+07,1.240669e+02,1.424796e+06,8.874804e+01,,,,105
2018-04-26 08:38:05.000000,2.648724e+07,1.851944e+07,1.240665e+02,1.424790e+06,8.874794e+01,,,,105
2018-04-26 08:38:06.000000,2.648703e+07,1.852085e+07,1.240673e+02,1.424784e+06,8.874783e+01,,,,105
2018-04-26 08:38:07.000000,2.648682e+07,1.851942e+07,1.240666e+02,1.424778e+06,8.874772e+01,,,,105
2018-04-26 08:38:08.000000,2.648659e+07,1.851951e+07,1.240665e+02,1.424773e+06,8.874762e+01,,,,105
2018-04-26 08:38:09.000000,2.648637e+07,1.851816e+07,1.240658e+02,1.424766e+06,8.874751e+01,,,,105
2018-04-26 08:38:10.000000,2.648615e+07,1.851754e+07,1.240656e+02,1.424761e+06,8.874740e+01,,,,105
2018-04-26 08:38:11.000000,2.648597e+07,1.851832e+07,1.240660e+02,1.424755e+06,8.874730e+01,,,,105
2018-04-26 08:38:12.000000,2.648576e+07,1.851697e+07,1.240653e+02,1.424749e+06,8.874719e+01,,,,105
2018-04-26 08:38:13.000000,2.648552e+07,1.851868e+07,1.240664e+02,1.424744e+06,8.874708e+01,,,,105
2018-04-26 08:38:14.000000,2.648531e+07,1.851765e+07,1.240659e+02,1.424737e+06,8.874698e+01,,,,105
2018-04-26 08:38:15.000000,2.648509e+07,1.851732e+07,1.240658e+02,1.424732e+06,8.874687e+01,,,,105
2018-04-26 08:38:16.000000,2.648489e+07,1.851778e+07,1.240661e+02,1.424726e+06,8.874677e+01,,,,105
2018-04-26 08:38:17.000000,2.648468e+07,1.851730e+07,1.240659e+02,1.424720e+06,8.874666e+01,,,,105
2018-04-26 08:38:18.000000,2.648446e+07,1.851835e+07,1.240665e+02,1.424714e+06,8.874655e+01,,,,105
2018-04-26 08:38:19.000000,2.648422e+07,1.851617e+07,1.240652e+02,1.424709e+06,8.874645e+01,,,,105
2018-04-26 08:38:20.000000,2.648401e+07,1.851749e+07,1.240659e+02,1.424702e+06,8.874635e+01,,,,105
2018-04-26 08:38:21.000000,2.648380e+07,1.851572e+07,1.240650e+02,1.424697e+06,8.874624e+01,,,,105
2018-04-26 08:38:22.000000,2.648360e+07,1.851671e+07,1.240655e+02,1.424691e+06,8.874614e+01,,,,105
2018-04-26 08:38:23.000000,2.648338e+07,1.851544e+07,1.240649e+02,1.424685e+06,8.874604e+01,,,,105
2018-04-26 08:38:24.000000,2.648317e+07,1.851481e+07,1.240646e+02,1.424679e+06,8.874593e+01,,,,105
2018-04-26 08:38:25.000000,2.648293e+07,1.851674e+07,1.240658e+02,1.424673e+06,8.874582e+01,,,,105
2018-04-26 08:38:26.000000,2.648272e+07,1.851552e+07,1.240652e+02,1.424667e+06,8.874571e+01,,,,105
2018-04-26 08:38:27.000000,2.648251e+07,1.851665e+07,1.240659e+02,1.424662e+06,8.874561e+01,,,,105
2018-04-26 08:38:28.000000,2.648231e+07,1.851552e+07,1.240654e+02,1.424656e+06,8.874551e+01,,,,105
2018-04-26 08:38:29.000000,2.648210e+07,1.851517e+07,1.240652e+02,1.424650e+06,8.874540e+01,,,,105
2018-04-26 08:38:30.000000,2.648186e+07,1.851420e+07,1.240646e+02,1.424645e+06,8.874530e+01,,,,105
2018-04-26 08:38:31.000000,2.648163e+07,1.851386e+07,1.240645e+02,1.424638e+06,8.874520e+01,,,,105
2018-04-26 08:38:32.000000,2.648141e+07,1.851498e+07,1.240651e+02,1.424633e+06,8.874509e+01,,,,105
2018-04-26 08:38:33.000000,2.648122e+07,1.851336e+07,1.240642e+02,1.424627e+06,8.874499e+01,,,,105
2018-04-26 08:38:34.000000,2.648100e+07,1.851421e+07,1.240647e+02,1.424621e+06,8.874489e+01,,,,105
2018-04-26 08:38:35.000000,2.648078e+07,1.851295e+07,1.240641e+02,1.424615e+06,8.874478e+01,,,,105
2018-04-26 08:38:36.000000,2.648054e+07,1.851521e+07,1.240655e+02,1.424609e+06,8.874468e+01,,,,105
2018-04-26 08:38:37.000000,2.648033e+07,1.851394e+07,1.240648e+02,1.424603e+06,8.874457e+01,,,,105
2018-04-26 08:38:38.000000,2.648011e+07,1.851332e+07,1.240646e+02,1.424598e+06,8.874447e+01,,,,105
2018-04-26 08:38:39.000000,2.647991e+07,1.851377e+07,1.240649e+02,1.424592e+06,8.874437e+01,,,,105
2018-04-26 08:38:40.000000,2.647970e+07,1.851328e+07,1.240647e+02,1.424586e+06,8.874426e+01,,,,105
2018-04-26 08:38:41.000000,2.647947e+07,1.851343e+07,1.240646e+02,1.424581e+06,8.874416e+01,,,,105
2018-04-26 08:38:42.000000,2.647925e+07,1.851211e+07,1.240640e+02,1.424574e+06,8.874407e+01,,,,105
2018-04-26 08:38:43.000000,2.647904e+07,1.851341e+07,1.240647e+02,1.424569e+06,8.874396e+01,,,,105
2018-04-26 08:38:44.000000,2.647883e+07,1.851157e+07,1.240637e+02,1.424563e+06,8.874386e+01,,,,105
2018-04-26 08:38:45.000000,2.647861e+07,1.851115e+07,1.240635e+02,1.424557e+06,8.874376e+01,,,,105
2018-04-26 08:38:46.000000,2.647841e+07,1.851230e+07,1.240642e+02,1.424551e+06,8.874365e+01,,,,105
2018-04-26 08:38:47.000000,2.647817e+07,1.851182e+07,1.240641e+02,1.424546e+06,8.874355e+01,,,,105
2018-04-26 08:38:48.000000,2.647795e+07,1.851278e+07,1.240647e+02,1.424539e+06,8.874346e+01,,,,105
2018-04-26 08:38:49.000000,2.647774e+07,1.851152e+07,1.240640e+02,1.424534e+06,8.874335e+01,,,,105
2018-04-26 08:38:50.000000,2.647755e+07,1.851321e+07,1.240650e+02,1.424528e+06,8.874325e+01,,,,105
2018-04-26 08:38:51.000000,2.647733e+07,1.851186e+07,1.240643e+02,1.424522e+06,8.874314e+01,,,,105
2018-04-26 08:38:52.000000,2.647712e+07,1.851122e+07,1.240640e+02,1.424516e+06,8.874304e+01,,,,105
2018-04-26 08:38:53.000000,2.647689e+07,1.851053e+07,1.240635e+02,1.424510e+06,8.874295e+01,,,,105
2018-04-26 08:38:54.000000,2.647667e+07,1.850994e+07,1.240633e+02,1.424505e+06,8.874284e+01,,,,105
2018-04-26 08:38:55.000000,2.647648e+07,1.851070e+07,1.240637e+02,1.424499e+06,8.874274e+01,,,,105
2018-04-26 08:38:56.000000,2.647627e+07,1.850942e+07,1.240631e+02,1.424493e+06,8.874264e+01,,,,105
2018-04-26 08:38:57.000000,2.647606e+07,1.851083e+07,1.240638e+02,1.424487e+06,8.874254e+01,,,,105
2018-04-26 08:38:58.000000,2.647582e+07,1.851005e+07,1.240635e+02,1.424482e+06,8.874244e+01,,,,105
2018-04-26 08:38:59.000000,2.647561e+07,1.850974e+07,1.240635e+02,1.424475e+06,8.874234e+01,,,,105
2018-04-26 08:39:00.000000,2.647539e+07,1.850997e+07,1.240636e+02,1.424470e+06,8.874224e+01,,,,105
2018-04-26 08:39:01.000000,2.647520e+07,1.850972e+07,1.240636e+02,1.424464e+06,8.874214e+01,,,,105
2018-04-26 08:39:02.000000,2.647499e+07,1.851080e+07,1.240642e+02,1.424458e+06,8.874204e+01,,,,105
2018-04-26 08:39:03.000000,2.647478e+07,1.850944e+07,1.240635e+02,1.424452e+06,8.874194e+01,,,,105
2018-04-26 08:39:04.000000,2.647455e+07,1.851009e+07,1.240638e+02,1.424446e+06,8.874184e+01,,,,105
2018-04-26 08:39:05.000000,2.647433e+07,1.850824e+07,1.240628e+02,1.424440e+06,8.874173e+01,,,,105
2018-04-26 08:39:06.000000,2.647413e+07,1.850792e+07,1.240627e+02,1.424435e+06,8.874164e+01,,,,105
2018-04-26 08:39:07.000000,2.647393e+07,1.850786e+07,1.240626e+02,1.424429e+06,8.874154e+01,,,,105
2018-04-26 08:39:08.000000,2.647372e+07,1.850730e+07,1.240624e+02,1.424423e+06,8.874143e+01,,,,105
2018-04-26 08:39:09.000000,2.647349e+07,1.850834e+07,1.240630e+02,1.424418e+06,8.874134e+01,,,,105
2018-04-26 08:39:10.000000,2.647327e+07,1.850795e+07,1.240629e+02,1.424411e+06,8.874124e+01,,,,105
2018-04-26 08:39:11.000000,2.647307e+07,1.850948e+07,1.240638e+02,1.424406e+06,8.874114e+01,,,,105
2018-04-26 08:39:12.000000,2.647288e+07,1.850805e+07,1.240632e+02,1.424400e+06,8.874104e+01,,,,105
2018-04-26 08:39:13.000000,2.647266e+07,1.850933e+07,1.240638e+02,1.424394e+06,8.874095e+01,,,,105
2018-04-26 08:39:14.000000,2.647244e+07,1.850793e+07,1.240631e+02,1.424388e+06,8.874084e+01,,,,105
2018-04-26 08:39:15.000000,2.647222e+07,1.850649e+07,1.240623e+02,1.424383e+06,8.874074e+01,,,,105
2018-04-26 08:39:16.000000,2.647201e+07,1.850747e+07,1.240629e+02,1.424376e+06,8.874064e+01,,,,105
2018-04-26 08:39:17.000000,2.647178e+07,1.850603e+07,1.240621e+02,1.424371e+06,8.874055e+01,,,,105
2018-04-26 08:39:18.000000,2.647159e+07,1.850678e+07,1.240625e+02,1.424365e+06,8.874045e+01,,,,105
2018-04-26 08:39:19.000000,2.647137e+07,1.850547e+07,1.240618e+02,1.424359e+06,8.874035e+01,,,,105
2018-04-26 08:39:20.000000,2.647114e+07,1.850714e+07,1.240629e+02,1.424354e+06,8.874025e+01,,,,105
2018-04-26 08:39:21.000000,2.647092e+07,1.850644e+07,1.240625e+02,1.424347e+06,8.874015e+01,,,,105
2018-04-26 08:39:22.000000,2.647070e+07,1.850581e+07,1.240623e+02,1.424342e+06,8.874005e+01,,,,105
2018-04-26 08:39:23.000000,2.647050e+07,1.850625e+07,1.240626e+02,1.424336e+06,8.873996e+01,,,,105
2018-04-26 08:39:24.000000,2.647028e+07,1.850576e+07,1.240624e+02,1.424330e+06,8.873986e+01,,,,105
2018-04-26 08:39:25.000000,2.647007e+07,1.850735e+07,1.240633e+02,1.424324e+06,8.873976e+01,,,,105
2018-04-26 08:39:26.000000,2.646982e+07,1.850470e+07,1.240618e+02,1.424319e+06,8.873966e+01,,,,105
2018-04-26 08:39:27.000000,2.646960e+07,1.850593e+07,1.240624e+02,1.424313e+06,8.873957e+01,,,,105
2018-04-26 08:39:28.000000,2.646939e+07,1.850450e+07,1.240617e+02,1.424307e+06,8.873947e+01,,,,105
2018-04-26 08:39:29.000000,2.646920e+07,1.850517e+07,1.240621e+02,1.424302e+06,8.873937e+01,,,,105
2018-04-26 08:39:30.000000,2.646897e+07,1.850389e+07,1.240614e+02,1.424295e+06,8.873927e+01,,,,105
2018-04-26 08:39:31.000000,2.646875e+07,1.850325e+07,1.240611e+02,1.424290e+06,8.873917e+01,,,,105
2018-04-26 08:39:32.000000,2.646852e+07,1.850519e+07,1.240623e+02,1.424284e+06,8.873908e+01,,,,105
2018-04-26 08:39:33.000000,2.646830e+07,1.850397e+07,1.240617e+02,1.424278e+06,8.873898e+01,,,,105
2018-04-26 08:39:34.000000,2.646809e+07,1.850511e+07,1.240624e+02,1.424273e+06,8.873888e+01,,,,105
2018-04-26 08:39:35.000000,2.646788e+07,1.850398e+07,1.240619e+02,1.424266e+06,8.873879e+01,,,,105
2018-04-26 08:39:36.000000,2.646767e+07,1.850365e+07,1.240618e+02,1.424260e+06,8.873869e+01,,,,105
2018-04-26 08:39:37.000000,2.646744e+07,1.850268e+07,1.240612e+02,1.424255e+06,8.873859e+01,,,,105
2018-04-26 08:39:38.000000,2.646721e+07,1.850232e+07,1.240610e+02,1.424249e+06,8.873850e+01,,,,105
2018-04-26 08:39:39.000000,2.646700e+07,1.850345e+07,1.240616e+02,1.424243e+06,8.873840e+01,,,,105
2018-04-26 08:39:40.000000,2.646680e+07,1.850184e+07,1.240608e+02,1.424238e+06,8.873830e+01,,,,105
2018-04-26 08:39:41.000000,2.646657e+07,1.850322e+07,1.240615e+02,1.424231e+06,8.873821e+01,,,,105
2018-04-26 08:39:42.000000,2.646636e+07,1.850176e+07,1.240608e+02,1.424226e+06,8.873811e+01,,,,105
2018-04-26 08:39:43.000000,2.646612e+07,1.850365e+07,1.240620e+02,1.424220e+06,8.873801e+01,,,,105
2018-04-26 08:39:44.000000,2.646590e+07,1.850242e+07,1.240613e+02,1.424214e+06,8.873791e+01,,,,105
2018-04-26 08:39:45.000000,2.646569e+07,1.850176e+07,1.240611e+02,1.424208e+06,8.873782e+01,,,,105
2018-04-26 08:39:46.000000,2.646550e+07,1.850223e+07,1.240614e+02,1.424202e+06,8.873773e+01,,,,105
2018-04-26 08:39:47.000000,2.646527e+07,1.850174e+07,1.240612e+02,1.424197e+06,8.873762e+01,,,,105
2018-04-26 08:39:48.000000,2.646503e+07,1.850188e+07,1.240612e+02,1.424191e+06,8.873753e+01,,,,105
2018-04-26 08:39:49.000000,2.646482e+07,1.850055e+07,1.240605e+02,1.424185e+06,8.873744e+01,,,,105
2018-04-26 08:39:50.000000,2.646460e+07,1.850186e+07,1.240612e+02,1.424179e+06,8.873734e+01,,,,105
2018-04-26 08:39:51.000000,2.646439e+07,1.850001e+07,1.240602e+02,1.424174e+06,8.873724e+01,,,,105
2018-04-26 08:39:52.000000,2.646417e+07,1.849957e+07,1.240600e+02,1.424167e+06,8.873715e+01,,,,105
2018-04-26 08:39:53.000000,2.646396e+07,1.850073e+07,1.240607e+02,1.424162e+06,8.873705e+01,,,,105
2018-04-26 08:39:54.000000,2.646372e+07,1.850022e+07,1.240606e+02,1.424157e+06,8.873696e+01,,,,105
2018-04-26 08:39:55.000000,2.646350e+07,1.850124e+07,1.240612e+02,1.424150e+06,8.873687e+01,,,,105
2018-04-26 08:39:56.000000,2.646328e+07,1.849989e+07,1.240605e+02,1.424145e+06,8.873677e+01,,,,105
2018-04-26 08:39:57.000000,2.646309e+07,1.850160e+07,1.240615e+02,1.424139e+06,8.873667e+01,,,,105
2018-04-26 08:39:58.000000,2.646287e+07,1.849992e+07,1.240607e+02,1.424133e+06,8.873657e+01,,,,105
2018-04-26 08:39:59.000000,2.646264e+07,1.849957e+07,1.240605e+02,1.424127e+06,8.873648e+01,,,,105
2018-04-26 08:40:00.000000,2.646241e+07,1.849889e+07,1.240600e+02,1.424121e+06,8.873639e+01,,,,105
2018-04-26 08:40:01.000000,2.646219e+07,1.849826e+07,1.240598e+02,1.424115e+06,8.873629e+01,,,,105
2018-04-26 08:40:02.000000,2.646198e+07,1.849907e+07,1.240602e+02,1.424110e+06,8.873620e+01,,,,105
2018-04-26 08:40:03.000000,2.646176e+07,1.849773e+07,1.240595e+02,1.424104e+06,8.873611e+01,,,,105
2018-04-26 08:40:04.000000,2.646155e+07,1.849918e+07,1.240603e+02,1.424098e+06,8.873601e+01,,,,105
2018-04-26 08:40:05.000000,2.646131e+07,1.849836e+07,1.240600e+02,1.424093e+06,8.873591e+01,,,,105
2018-04-26 08:40:06.000000,2.646108e+07,1.849804e+07,1.240599e+02,1.424086e+06,8.873582e+01,,,,105
2018-04-26 08:40:07.000000,2.646086e+07,1.849826e+07,1.240601e+02,1.424081e+06,8.873572e+01,,,,105
2018-04-26 08:40:08.000000,2.646066e+07,1.849801e+07,1.240601e+02,1.424075e+06,8.873563e+01,,,,105
2018-04-26 08:40:09.000000,2.646044e+07,1.849909e+07,1.240607e+02,1.424069e+06,8.873554e+01,,,,105
2018-04-26 08:40:10.000000,2.646023e+07,1.849773e+07,1.240600e+02,1.424063e+06,8.873544e+01,,,,105
2018-04-26 08:40:11.000000,2.645999e+07,1.849782e+07,1.240599e+02,1.424058e+06,8.873535e+01,,,,105
2018-04-26 08:40:12.000000,2.645977e+07,1.849648e+07,1.240592e+02,1.424052e+06,8.873525e+01,,,,105
2018-04-26 08:40:13.000000,2.645955e+07,1.849620e+07,1.240592e+02,1.424046e+06,8.873516e+01,,,,105
2018-04-26 08:40:14.000000,2.645936e+07,1.849612e+07,1.240591e+02,1.424040e+06,8.873507e+01,,,,105
2018-04-26 08:40:15.000000,2.645914e+07,1.849556e+07,1.240588e+02,1.424034e+06,8.873497e+01,,,,105
2018-04-26 08:40:16.000000,2.645890e+07,1.849659e+07,1.240595e+02,1.424029e+06,8.873488e+01,,,,105
2018-04-26 08:40:17.000000,2.645869e+07,1.849618e+07,1.240594e+02,1.424022e+06,8.873479e+01,,,,105
2018-04-26 08:40:18.000000,2.645848e+07,1.849720e+07,1.240599e+02,1.424017e+06,8.873469e+01,,,,105
2018-04-26 08:40:19.000000,2.645827e+07,1.849625e+07,1.240595e+02,1.424012e+06,8.873460e+01,,,,105
2018-04-26 08:40:20.000000,2.645805e+07,1.849763e+07,1.240603e+02,1.424005e+06,8.873451e+01,,,,105
2018-04-26 08:40:21.000000,2.645784e+07,1.849621e+07,1.240596e+02,1.424000e+06,8.873441e+01,,,,105
2018-04-26 08:40:22.000000,2.645760e+07,1.849480e+07,1.240588e+02,1.423994e+06,8.873431e+01,,,,105
2018-04-26 08:40:23.000000,2.645739e+07,1.849577e+07,1.240593e+02,1.423988e+06,8.873422e+01,,,,105
2018-04-26 08:40:24.000000,2.645717e+07,1.849434e+07,1.240586e+02,1.423982e+06,8.873413e+01,,,,105
2018-04-26 08:40:25.000000,2.645698e+07,1.849510e+07,1.240590e+02,1.423976e+06,8.873404e+01,,,,105
2018-04-26 08:40:26.000000,2.645677e+07,1.849379e+07,1.240583e+02,1.423971e+06,8.873394e+01,,,,105
2018-04-26 08:40:27.000000,2.645656e+07,1.849518e+07,1.240591e+02,1.423965e+06,8.873385e+01,,,,105
2018-04-26 08:40:28.000000,2.645632e+07,1.849441e+07,1.240588e+02,1.423959e+06,8.873376e+01,,,,105
2018-04-26 08:40:29.000000,2.645610e+07,1.849412e+07,1.240588e+02,1.423953e+06,8.873366e+01,,,,105
2018-04-26 08:40:30.000000,2.645591e+07,1.849458e+07,1.240591e+02,1.423948e+06,8.873357e+01,,,,105
2018-04-26 08:40:31.000000,2.645570e+07,1.849410e+07,1.240589e+02,1.423942e+06,8.873348e+01,,,,105
2018-04-26 08:40:32.000000,2.645548e+07,1.849519e+07,1.240595e+02,1.423936e+06,8.873338e+01,,,,105
2018-04-26 08:40:33.000000,2.645524e+07,1.849301e+07,1.240582e+02,1.423931e+06,8.873329e+01,,,,105
2018-04-26 08:40:34.000000,2.645503e+07,1.849436e+07,1.240589e+02,1.423924e+06,8.873320e+01,,,,105
2018-04-26 08:40:35.000000,2.645481e+07,1.849256e+07,1.240580e+02,1.423919e+06,8.873310e+01,,,,105
2018-04-26 08:40:36.000000,2.645462e+07,1.849365e+07,1.240586e+02,1.423914e+06,8.873301e+01,,,,105
2018-04-26 08:40:37.000000,2.645440e+07,1.849229e+07,1.240579e+02,1.423907e+06,8.873291e+01,,,,105
2018-04-26 08:40:38.000000,2.645420e+07,1.849161e+07,1.240576e+02,1.423902e+06,8.873282e+01,,,,105
2018-04-26 08:40:39.000000,2.645396e+07,1.849268e+07,1.240583e+02,1.423896e+06,8.873273e+01,,,,105
2018-04-26 08:40:40.000000,2.645374e+07,1.849223e+07,1.240582e+02,1.423890e+06,8.873263e+01,,,,105
2018-04-26 08:40:41.000000,2.645352e+07,1.849383e+07,1.240591e+02,1.423884e+06,8.873254e+01,,,,105
2018-04-26 08:40:42.000000,2.645333e+07,1.849230e+07,1.240584e+02,1.423878e+06,8.873245e+01,,,,105
2018-04-26 08:40:43.000000,2.645310e+07,1.849368e+07,1.240592e+02,1.423873e+06,8.873236e+01,,,,105
2018-04-26 08:40:44.000000,2.645286e+07,1.849117e+07,1.240577e+02,1.423867e+06,8.873227e+01,,,,105
2018-04-26 08:40:45.000000,2.645264e+07,1.849068e+07,1.240575e+02,1.423861e+06,8.873218e+01,,,,105
2018-04-26 08:40:46.000000,2.645243e+07,1.849182e+07,1.240581e+02,1.423855e+06,8.873208e+01,,,,105
2018-04-26 08:40:47.000000,2.645221e+07,1.849017e+07,1.240572e+02,1.423850e+06,8.873199e+01,,,,105
2018-04-26 08:40:48.000000,2.645199e+07,1.849109e+07,1.240578e+02,1.423844e+06,8.873190e+01,,,,105
2018-04-26 08:40:49.000000,2.645177e+07,1.848972e+07,1.240570e+02,1.423838e+06,8.873180e+01,,,,105
2018-04-26 08:40:50.000000,2.645154e+07,1.849149e+07,1.240582e+02,1.423833e+06,8.873171e+01,,,,105
2018-04-26 08:40:51.000000,2.645131e+07,1.849070e+07,1.240578e+02,1.423827e+06,8.873161e+01,,,,105
2018-04-26 08:40:52.000000,2.645109e+07,1.849007e+07,1.240575e+02,1.423821e+06,8.873152e+01,,,,105
2018-04-26 08:40:53.000000,2.645090e+07,1.849054e+07,1.240579e+02,1.423815e+06,8.873144e+01,,,,105
2018-04-26 08:40:54.000000,2.645067e+07,1.849003e+07,1.240576e+02,1.423809e+06,8.873134e+01,,,,105
2018-04-26 08:40:55.000000,2.645045e+07,1.849169e+07,1.240586e+02,1.423804e+06,8.873125e+01,,,,105
2018-04-26 08:40:56.000000,2.645021e+07,1.848891e+07,1.240570e+02,1.423798e+06,8.873116e+01,,,,105
2018-04-26 08:40:57.000000,2.644998e+07,1.849029e+07,1.240578e+02,1.423792e+06,8.873106e+01,,,,105
2018-04-26 08:40:58.000000,2.644978e+07,1.848833e+07,1.240567e+02,1.423787e+06,8.873097e+01,,,,105
2018-04-26 08:40:59.000000,2.644957e+07,1.848945e+07,1.240573e+02,1.423781e+06,8.873088e+01,,,,105
2018-04-26 08:41:00.000000,2.644935e+07,1.848816e+07,1.240566e+02,1.423775e+06,8.873078e+01,,,,105
2018-04-26 08:41:01.000000,2.644910e+07,1.848843e+07,1.240570e+02,1.423770e+06,8.873069e+01,,,,105
2018-04-26 08:41:02.000000,2.644889e+07,1.848958e+07,1.240577e+02,1.423764e+06,8.873061e+01,,,,105
2018-04-26 08:41:03.000000,2.644867e+07,1.848821e+07,1.240570e+02,1.423758e+06,8.873051e+01,,,,105
2018-04-26 08:41:04.000000,2.644846e+07,1.848943e+07,1.240577e+02,1.423753e+06,8.873042e+01,,,,105
2018-04-26 08:41:05.000000,2.644824e+07,1.848820e+07,1.240571e+02,1.423747e+06,8.873032e+01,,,,105
2018-04-26 08:41:06.000000,2.644803e+07,1.848791e+07,1.240570e+02,1.423741e+06,8.873023e+01,,,,105
2018-04-26 08:41:07.000000,2.644779e+07,1.848691e+07,1.240564e+02,1.423735e+06,8.873014e+01,,,,105
2018-04-26 08:41:08.000000,2.644756e+07,1.848661e+07,1.240563e+02,1.423730e+06,8.873004e+01,,,,105
2018-04-26 08:41:09.000000,2.644736e+07,1.848651e+07,1.240562e+02,1.423724e+06,8.872995e+01,,,,105
2018-04-26 08:41:10.000000,2.644715e+07,1.848596e+07,1.240559e+02,1.423718e+06,8.872987e+01,,,,105
2018-04-26 08:41:11.000000,2.644693e+07,1.848698e+07,1.240565e+02,1.423712e+06,8.872977e+01,,,,105
2018-04-26 08:41:12.000000,2.644668e+07,1.848657e+07,1.240565e+02,1.423707e+06,8.872968e+01,,,,105
2018-04-26 08:41:13.000000,2.644646e+07,1.848805e+07,1.240573e+02,1.423701e+06,8.872959e+01,,,,105
2018-04-26 08:41:14.000000,2.644625e+07,1.848663e+07,1.240565e+02,1.423695e+06,8.872949e+01,,,,105
2018-04-26 08:41:15.000000,2.644604e+07,1.848794e+07,1.240574e+02,1.423690e+06,8.872940e+01,,,,105
2018-04-26 08:41:16.000000,2.644581e+07,1.848661e+07,1.240567e+02,1.423684e+06,8.872931e+01,,,,105
2018-04-26 08:41:17.000000,2.644560e+07,1.848595e+07,1.240564e+02,1.423678e+06,8.872922e+01,,,,105
2018-04-26 08:41:18.000000,2.644536e+07,1.848615e+07,1.240564e+02,1.423673e+06,8.872913e+01,,,,105
2018-04-26 08:41:19.000000,2.644514e+07,1.848471e+07,1.240556e+02,1.423667e+06,8.872903e+01,,,,105
2018-04-26 08:41:20.000000,2.644491e+07,1.848626e+07,1.240566e+02,1.423661e+06,8.872894e+01,,,,105
2018-04-26 08:41:21.000000,2.644472e+07,1.848417e+07,1.240554e+02,1.423655e+06,8.872885e+01,,,,105
2018-04-26 08:41:22.000000,2.644450e+07,1.848539e+07,1.240561e+02,1.423650e+06,8.872875e+01,,,,105
2018-04-26 08:41:23.000000,2.644425e+07,1.848469e+07,1.240559e+02,1.423645e+06,8.872866e+01,,,,105
2018-04-26 08:41:24.000000,2.644403e+07,1.848437e+07,1.240558e+02,1.423638e+06,8.872857e+01,,,,105
2018-04-26 08:41:25.000000,2.644381e+07,1.848550e+07,1.240564e+02,1.423633e+06,8.872847e+01,,,,105
2018-04-26 08:41:26.000000,2.644360e+07,1.848442e+07,1.240560e+02,1.423628e+06,8.872838e+01,,,,105
2018-04-26 08:41:27.000000,2.644338e+07,1.848537e+07,1.240565e+02,1.423621e+06,8.872830e+01,,,,105
2018-04-26 08:41:28.000000,2.644315e+07,1.848405e+07,1.240558e+02,1.423616e+06,8.872820e+01,,,,105
2018-04-26 08:41:29.000000,2.644291e+07,1.848463e+07,1.240561e+02,1.423611e+06,8.872811e+01,,,,105
2018-04-26 08:41:30.000000,2.644269e+07,1.848284e+07,1.240552e+02,1.423605e+06,8.872802e+01,,,,105
2018-04-26 08:41:31.000000,2.644246e+07,1.848251e+07,1.240550e+02,1.423599e+06,8.872792e+01,,,,105
2018-04-26 08:41:32.000000,2.644226e+07,1.848242e+07,1.240549e+02,1.423594e+06,8.872783e+01,,,,105
2018-04-26 08:41:33.000000,2.644205e+07,1.848185e+07,1.240546e+02,1.423588e+06,8.872773e+01,,,,105
2018-04-26 08:41:34.000000,2.644182e+07,1.848293e+07,1.240552e+02,1.423582e+06,8.872764e+01,,,,105
2018-04-26 08:41:35.000000,2.644158e+07,1.848248e+07,1.240552e+02,1.423576e+06,8.872755e+01,,,,105
2018-04-26 08:41:36.000000,2.644136e+07,1.848403e+07,1.240561e+02,1.423571e+06,8.872745e+01,,,,105
2018-04-26 08:41:37.000000,2.644116e+07,1.848261e+07,1.240554e+02,1.423566e+06,8.872736e+01,,,,105
2018-04-26 08:41:38.000000,2.644095e+07,1.848390e+07,1.240561e+02,1.423559e+06,8.872727e+01,,,,105
2018-04-26 08:41:39.000000,2.644073e+07,1.848251e+07,1.240554e+02,1.423554e+06,8.872717e+01,,,,105
2018-04-26 08:41:40.000000,2.644050e+07,1.848110e+07,1.240546e+02,1.423549e+06,8.872708e+01,,,,105
2018-04-26 08:41:41.000000,2.644027e+07,1.848204e+07,1.240552e+02,1.423542e+06,8.872699e+01,,,,105
2018-04-26 08:41:42.000000,2.644005e+07,1.848063e+07,1.240544e+02,1.423537e+06,8.872689e+01,,,,105
2018-04-26 08:41:43.000000,2.643985e+07,1.848138e+07,1.240548e+02,1.423532e+06,8.872680e+01,,,,105
2018-04-26 08:41:44.000000,2.643963e+07,1.848008e+07,1.240541e+02,1.423526e+06,8.872671e+01,,,,105
2018-04-26 08:41:45.000000,2.643942e+07,1.848144e+07,1.240549e+02,1.423520e+06,8.872661e+01,,,,105
2018-04-26 08:41:46.000000,2.643918e+07,1.848068e+07,1.240546e+02,1.423515e+06,8.872652e+01,,,,105
2018-04-26 08:41:47.000000,2.643896e+07,1.848038e+07,1.240546e+02,1.423509e+06,8.872642e+01,,,,105
2018-04-26 08:41:48.000000,2.643875e+07,1.848156e+07,1.240552e+02,1.423503e+06,8.872633e+01,,,,105
2018-04-26 08:41:49.000000,2.643855e+07,1.848041e+07,1.240547e+02,1.423497e+06,8.872624e+01,,,,105
2018-04-26 08:41:50.000000,2.643833e+07,1.848144e+07,1.240553e+02,1.423492e+06,8.872614e+01,,,,105
2018-04-26 08:41:51.000000,2.643809e+07,1.847928e+07,1.240540e+02,1.423487e+06,8.872605e+01,,,,105
2018-04-26 08:41:52.000000,2.643788e+07,1.848061e+07,1.240548e+02,1.423481e+06,8.872596e+01,,,,105
2018-04-26 08:41:53.000000,2.643766e+07,1.847883e+07,1.240538e+02,1.423475e+06,8.872586e+01,,,,105
2018-04-26 08:41:54.000000,2.643745e+07,1.847992e+07,1.240544e+02,1.423470e+06,8.872577e+01,,,,105
2018-04-26 08:41:55.000000,2.643724e+07,1.847857e+07,1.240538e+02,1.423464e+06,8.872568e+01,,,,105
2018-04-26 08:41:56.000000,2.643703e+07,1.847788e+07,1.240534e+02,1.423458e+06,8.872558e+01,,,,105
2018-04-26 08:41:57.000000,2.643679e+07,1.847894e+07,1.240541e+02,1.423453e+06,8.872549e+01,,,,105
2018-04-26 08:41:58.000000,2.643657e+07,1.847850e+07,1.240540e+02,1.423447e+06,8.872540e+01,,,,105
2018-04-26 08:41:59.000000,2.643635e+07,1.848011e+07,1.240549e+02,1.423442e+06,8.872530e+01,,,,105
2018-04-26 08:42:00.000000,2.643616e+07,1.847858e+07,1.240542e+02,1.423436e+06,8.872521e+01,,,,105
2018-04-26 08:42:01.000000,2.643594e+07,1.847994e+07,1.240550e+02,1.423430e+06,8.872511e+01,,,,105
2018-04-26 08:42:02.000000,2.643571e+07,1.847845e+07,1.240542e+02,1.423425e+06,8.872502e+01,,,,105
2018-04-26 08:42:03.000000,2.643547e+07,1.847705e+07,1.240534e+02,1.423419e+06,8.872492e+01,,,,105
2018-04-26 08:42:04.000000,2.643525e+07,1.847806e+07,1.240539e+02,1.423414e+06,8.872482e+01,,,,105
2018-04-26 08:42:05.000000,2.643504e+07,1.847642e+07,1.240530e+02,1.423409e+06,8.872473e+01,,,,105
2018-04-26 08:42:06.000000,2.643482e+07,1.847728e+07,1.240535e+02,1.423402e+06,8.872464e+01,,,,105
2018-04-26 08:42:07.000000,2.643460e+07,1.847600e+07,1.240528e+02,1.423397e+06,8.872454e+01,,,,105
2018-04-26 08:42:08.000000,2.643436e+07,1.847825e+07,1.240542e+02,1.423392e+06,8.872445e+01,,,,105
2018-04-26 08:42:09.000000,2.643414e+07,1.847700e+07,1.240537e+02,1.423386e+06,8.872435e+01,,,,105
2018-04-26 08:42:10.000000,2.643391e+07,1.847632e+07,1.240533e+02,1.423380e+06,8.872425e+01,,,,105
2018-04-26 08:42:11.000000,2.643370e+07,1.847677e+07,1.240537e+02,1.423375e+06,8.872416e+01,,,,105
2018-04-26 08:42:12.000000,2.643348e+07,1.847627e+07,1.240534e+02,1.423369e+06,8.872406e+01,,,,105
2018-04-26 08:42:13.000000,2.643326e+07,1.847793e+07,1.240544e+02,1.423364e+06,8.872397e+01,,,,105
2018-04-26 08:42:14.000000,2.643301e+07,1.847519e+07,1.240528e+02,1.423358e+06,8.872387e+01,,,,105
2018-04-26 08:42:15.000000,2.643279e+07,1.847653e+07,1.240536e+02,1.423352e+06,8.872377e+01,,,,105
2018-04-26 08:42:16.000000,2.643257e+07,1.847499e+07,1.240528e+02,1.423347e+06,8.872368e+01,,,,105
2018-04-26 08:42:17.000000,2.643237e+07,1.847573e+07,1.240531e+02,1.423341e+06,8.872359e+01,,,,105
2018-04-26 08:42:18.000000,2.643214e+07,1.847439e+07,1.240524e+02,1.423336e+06,8.872349e+01,,,,105
2018-04-26 08:42:19.000000,2.643190e+07,1.847466e+07,1.240528e+02,1.423331e+06,8.872339e+01,,,,105
2018-04-26 08:42:20.000000,2.643168e+07,1.847580e+07,1.240534e+02,1.423324e+06,8.872330e+01,,,,105
2018-04-26 08:42:21.000000,2.643146e+07,1.847446e+07,1.240527e+02,1.423319e+06,8.872320e+01,,,,105
2018-04-26 08:42:22.000000,2.643125e+07,1.847566e+07,1.240535e+02,1.423314e+06,8.872310e+01,,,,105
2018-04-26 08:42:23.000000,2.643102e+07,1.847444e+07,1.240529e+02,1.423308e+06,8.872301e+01,,,,105
2018-04-26 08:42:24.000000,2.643081e+07,1.847415e+07,1.240528e+02,1.423302e+06,8.872291e+01,,,,105
2018-04-26 08:42:25.000000,2.643057e+07,1.847314e+07,1.240522e+02,1.423297e+06,8.872281e+01,,,,105
2018-04-26 08:42:26.000000,2.643034e+07,1.847284e+07,1.240520e+02,1.423291e+06,8.872271e+01,,,,105
2018-04-26 08:42:27.000000,2.643012e+07,1.847399e+07,1.240527e+02,1.423286e+06,8.872262e+01,,,,105
2018-04-26 08:42:28.000000,2.642992e+07,1.847228e+07,1.240518e+02,1.423280e+06,8.872252e+01,,,,105
2018-04-26 08:42:29.000000,2.642969e+07,1.847320e+07,1.240523e+02,1.423274e+06,8.872242e+01,,,,105
2018-04-26 08:42:30.000000,2.642947e+07,1.847186e+07,1.240516e+02,1.423269e+06,8.872233e+01,,,,105
2018-04-26 08:42:31.000000,2.642923e+07,1.847422e+07,1.240530e+02,1.423263e+06,8.872223e+01,,,,105
2018-04-26 08:42:32.000000,2.642901e+07,1.847286e+07,1.240523e+02,1.423258e+06,8.872213e+01,,,,105
2018-04-26 08:42:33.000000,2.642880e+07,1.847414e+07,1.240531e+02,1.423253e+06,8.872203e+01,,,,105
2018-04-26 08:42:34.000000,2.642858e+07,1.847284e+07,1.240525e+02,1.423247e+06,8.872194e+01,,,,105
2018-04-26 08:42:35.000000,2.642836e+07,1.847217e+07,1.240522e+02,1.423241e+06,8.872184e+01,,,,105
2018-04-26 08:42:36.000000,2.642812e+07,1.847237e+07,1.240522e+02,1.423236e+06,8.872174e+01,,,,105
2018-04-26 08:42:37.000000,2.642789e+07,1.847095e+07,1.240515e+02,1.423230e+06,8.872165e+01,,,,105
2018-04-26 08:42:38.000000,2.642766e+07,1.847249e+07,1.240523e+02,1.423225e+06,8.872154e+01,,,,105
2018-04-26 08:42:39.000000,2.642747e+07,1.847041e+07,1.240512e+02,1.423220e+06,8.872145e+01,,,,105
2018-04-26 08:42:40.000000,2.642725e+07,1.847160e+07,1.240519e+02,1.423213e+06,8.872135e+01,,,,105
2018-04-26 08:42:41.000000,2.642702e+07,1.847022e+07,1.240511e+02,1.423208e+06,8.872125e+01,,,,105
2018-04-26 08:42:42.000000,2.642677e+07,1.847053e+07,1.240516e+02,1.423202e+06,8.872115e+01,,,,105
2018-04-26 08:42:43.000000,2.642655e+07,1.847170e+07,1.240522e+02,1.423197e+06,8.872105e+01,,,,105
2018-04-26 08:42:44.000000,2.642634e+07,1.847062e+07,1.240518e+02,1.423192e+06,8.872095e+01,,,,105
2018-04-26 08:42:45.000000,2.642612e+07,1.847156e+07,1.240523e+02,1.423186e+06,8.872085e+01,,,,105
2018-04-26 08:42:46.000000,2.642589e+07,1.847026e+07,1.240516e+02,1.423180e+06,8.872075e+01,,,,105
2018-04-26 08:42:47.000000,2.642565e+07,1.847082e+07,1.240518e+02,1.423175e+06,8.872065e+01,,,,105
2018-04-26 08:42:48.000000,2.642542e+07,1.846904e+07,1.240509e+02,1.423169e+06,8.872056e+01,,,,105
2018-04-26 08:42:49.000000,2.642520e+07,1.846871e+07,1.240508e+02,1.423164e+06,8.872045e+01,,,,105
2018-04-26 08:42:50.000000,2.642499e+07,1.846860e+07,1.240506e+02,1.423159e+06,8.872035e+01,,,,105
2018-04-26 08:42:51.000000,2.642477e+07,1.846804e+07,1.240504e+02,1.423153e+06,8.872026e+01,,,,105
2018-04-26 08:42:52.000000,2.642454e+07,1.846911e+07,1.240510e+02,1.423147e+06,8.872015e+01,,,,105
2018-04-26 08:42:53.000000,2.642430e+07,1.846865e+07,1.240510e+02,1.423142e+06,8.872006e+01,,,,105
2018-04-26 08:42:54.000000,2.642408e+07,1.847020e+07,1.240519e+02,1.423136e+06,8.871996e+01,,,,105
2018-04-26 08:42:55.000000,2.642386e+07,1.846869e+07,1.240510e+02,1.423131e+06,8.871985e+01,,,,105
2018-04-26 08:42:56.000000,2.642366e+07,1.847007e+07,1.240519e+02,1.423125e+06,8.871976e+01,,,,105
2018-04-26 08:42:57.000000,2.642343e+07,1.846869e+07,1.240512e+02,1.423119e+06,8.871965e+01,,,,105
2018-04-26 08:42:58.000000,2.642320e+07,1.846728e+07,1.240504e+02,1.423115e+06,8.871955e+01,,,,105
2018-04-26 08:42:59.000000,2.642298e+07,1.846820e+07,1.240509e+02,1.423108e+06,8.871945e+01,,,,105
2018-04-26 08:43:00.000000,2.642275e+07,1.846680e+07,1.240502e+02,1.423103e+06,8.871935e+01,,,,105
2018-04-26 08:43:01.000000,2.642254e+07,1.846753e+07,1.240506e+02,1.423098e+06,8.871925e+01,,,,105
2018-04-26 08:43:02.000000,2.642232e+07,1.846624e+07,1.240499e+02,1.423092e+06,8.871915e+01,,,,105
2018-04-26 08:43:03.000000,2.642211e+07,1.846759e+07,1.240506e+02,1.423086e+06,8.871904e+01,,,,105
2018-04-26 08:43:04.000000,2.642187e+07,1.846684e+07,1.240504e+02,1.423081e+06,8.871895e+01,,,,105
2018-04-26 08:43:05.000000,2.642164e+07,1.846654e+07,1.240503e+02,1.423075e+06,8.871885e+01,,,,105
2018-04-26 08:43:06.000000,2.642143e+07,1.846771e+07,1.240510e+02,1.423070e+06,8.871874e+01,,,,105
2018-04-26 08:43:07.000000,2.642123e+07,1.846658e+07,1.240505e+02,1.423065e+06,8.871864e+01,,,,105
2018-04-26 08:43:08.000000,2.642100e+07,1.846758e+07,1.240511e+02,1.423059e+06,8.871854e+01,,,,105
2018-04-26 08:43:09.000000,2.642078e+07,1.846622e+07,1.240504e+02,1.423053e+06,8.871844e+01,,,,105
2018-04-26 08:43:10.000000,2.642056e+07,1.846685e+07,1.240506e+02,1.423047e+06,8.871833e+01,,,,105
2018-04-26 08:43:11.000000,2.642034e+07,1.846499e+07,1.240496e+02,1.423042e+06,8.871823e+01,,,,105
2018-04-26 08:43:12.000000,2.642012e+07,1.846606e+07,1.240502e+02,1.423037e+06,8.871813e+01,,,,105
2018-04-26 08:43:13.000000,2.641992e+07,1.846473e+07,1.240495e+02,1.423031e+06,8.871803e+01,,,,105
2018-04-26 08:43:14.000000,2.641970e+07,1.846405e+07,1.240492e+02,1.423026e+06,8.871792e+01,,,,105
2018-04-26 08:43:15.000000,2.641946e+07,1.846509e+07,1.240499e+02,1.423021e+06,8.871782e+01,,,,105
2018-04-26 08:43:16.000000,2.641923e+07,1.846467e+07,1.240497e+02,1.423014e+06,8.871772e+01,,,,105
2018-04-26 08:43:17.000000,2.641902e+07,1.846572e+07,1.240503e+02,1.423009e+06,8.871761e+01,,,,105
2018-04-26 08:43:18.000000,2.641882e+07,1.846470e+07,1.240499e+02,1.423004e+06,8.871751e+01,,,,105
2018-04-26 08:43:19.000000,2.641860e+07,1.846620e+07,1.240507e+02,1.422998e+06,8.871741e+01,,,,105
2018-04-26 08:43:20.000000,2.641839e+07,1.846468e+07,1.240500e+02,1.422993e+06,8.871730e+01,,,,105
2018-04-26 08:43:21.000000,2.641815e+07,1.846482e+07,1.240499e+02,1.422988e+06,8.871720e+01,,,,105
2018-04-26 08:43:22.000000,2.641792e+07,1.846341e+07,1.240492e+02,1.422981e+06,8.871709e+01,,,,105
2018-04-26 08:43:23.000000,2.641771e+07,1.846275e+07,1.240489e+02,1.422976e+06,8.871699e+01,,,,105
2018-04-26 08:43:24.000000,2.641752e+07,1.846359e+07,1.240494e+02,1.422970e+06,8.871689e+01,,,,105
2018-04-26 08:43:25.000000,2.641729e+07,1.846218e+07,1.240486e+02,1.422965e+06,8.871678e+01,,,,105
2018-04-26 08:43:26.000000,2.641705e+07,1.846399e+07,1.240498e+02,1.422960e+06,8.871667e+01,,,,105
2018-04-26 08:43:27.000000,2.641683e+07,1.846287e+07,1.240493e+02,1.422954e+06,8.871657e+01,,,,105
2018-04-26 08:43:28.000000,2.641661e+07,1.846255e+07,1.240491e+02,1.422948e+06,8.871646e+01,,,,105
2018-04-26 08:43:29.000000,2.641640e+07,1.846270e+07,1.240493e+02,1.422943e+06,8.871636e+01,,,,105
2018-04-26 08:43:30.000000,2.641617e+07,1.846253e+07,1.240493e+02,1.422937e+06,8.871626e+01,,,,105
2018-04-26 08:43:31.000000,2.641595e+07,1.846365e+07,1.240499e+02,1.422932e+06,8.871615e+01,,,,105
2018-04-26 08:43:32.000000,2.641572e+07,1.846139e+07,1.240486e+02,1.422927e+06,8.871605e+01,,,,105
2018-04-26 08:43:33.000000,2.641549e+07,1.846229e+07,1.240491e+02,1.422920e+06,8.871594e+01,,,,105
2018-04-26 08:43:34.000000,2.641527e+07,1.846091e+07,1.240484e+02,1.422915e+06,8.871583e+01,,,,105
2018-04-26 08:43:35.000000,2.641508e+07,1.846213e+07,1.240490e+02,1.422909e+06,8.871573e+01,,,,105
2018-04-26 08:43:36.000000,2.641486e+07,1.846069e+07,1.240482e+02,1.422904e+06,8.871562e+01,,,,105
2018-04-26 08:43:37.000000,2.641463e+07,1.846003e+07,1.240480e+02,1.422899e+06,8.871552e+01,,,,105
2018-04-26 08:43:38.000000,2.641439e+07,1.846112e+07,1.240487e+02,1.422893e+06,8.871541e+01,,,,105
2018-04-26 08:43:39.000000,2.641418e+07,1.846064e+07,1.240485e+02,1.422887e+06,8.871530e+01,,,,105
2018-04-26 08:43:40.000000,2.641398e+07,1.846109e+07,1.240489e+02,1.422882e+06,8.871519e+01,,,,105
2018-04-26 08:43:41.000000,2.641376e+07,1.846062e+07,1.240487e+02,1.422876e+06,8.871509e+01,,,,105
2018-04-26 08:43:42.000000,2.641354e+07,1.846224e+07,1.240496e+02,1.422871e+06,8.871498e+01,,,,105
2018-04-26 08:43:43.000000,2.641330e+07,1.845961e+07,1.240481e+02,1.422866e+06,8.871487e+01,,,,105
2018-04-26 08:43:44.000000,2.641307e+07,1.846073e+07,1.240486e+02,1.422860e+06,8.871477e+01,,,,105
2018-04-26 08:43:45.000000,2.641285e+07,1.845937e+07,1.240480e+02,1.422854e+06,8.871466e+01,,,,105
2018-04-26 08:43:46.000000,2.641265e+07,1.845855e+07,1.240475e+02,1.422849e+06,8.871455e+01,,,,105
2018-04-26 08:43:47.000000,2.641244e+07,1.845960e+07,1.240482e+02,1.422843e+06,8.871445e+01,,,,105
2018-04-26 08:43:48.000000,2.641222e+07,1.845815e+07,1.240474e+02,1.422838e+06,8.871434e+01,,,,105
2018-04-26 08:43:49.000000,2.641197e+07,1.846006e+07,1.240486e+02,1.422832e+06,8.871423e+01,,,,105
2018-04-26 08:43:50.000000,2.641175e+07,1.845884e+07,1.240480e+02,1.422826e+06,8.871412e+01,,,,105
2018-04-26 08:43:51.000000,2.641154e+07,1.846034e+07,1.240488e+02,1.422821e+06,8.871401e+01,,,,105
2018-04-26 08:43:52.000000,2.641133e+07,1.845883e+07,1.240482e+02,1.422815e+06,8.871391e+01,,,,105
2018-04-26 08:43:53.000000,2.641112e+07,1.845853e+07,1.240480e+02,1.422810e+06,8.871379e+01,,,,105
2018-04-26 08:43:54.000000,2.641088e+07,1.845750e+07,1.240474e+02,1.422805e+06,8.871369e+01,,,,105
2018-04-26 08:43:55.000000,2.641065e+07,1.845720e+07,1.240473e+02,1.422799e+06,8.871358e+01,,,,105
2018-04-26 08:43:56.000000,2.641043e+07,1.845832e+07,1.240479e+02,1.422793e+06,8.871347e+01,,,,105
2018-04-26 08:43:57.000000,2.641022e+07,1.845664e+07,1.240470e+02,1.422788e+06,8.871336e+01,,,,105
2018-04-26 08:43:58.000000,2.640999e+07,1.845753e+07,1.240475e+02,1.422782e+06,8.871326e+01,,,,105
2018-04-26 08:43:59.000000,2.640976e+07,1.845622e+07,1.240468e+02,1.422777e+06,8.871314e+01,,,,105
2018-04-26 08:44:00.000000,2.640952e+07,1.845853e+07,1.240483e+02,1.422772e+06,8.871303e+01,,,,105
2018-04-26 08:44:01.000000,2.640930e+07,1.845723e+07,1.240475e+02,1.422765e+06,8.871293e+01,,,,105
2018-04-26 08:44:02.000000,2.640907e+07,1.845656e+07,1.240473e+02,1.422760e+06,8.871281e+01,,,,105
2018-04-26 08:44:03.000000,2.640886e+07,1.845703e+07,1.240476e+02,1.422754e+06,8.871270e+01,,,,105
2018-04-26 08:44:04.000000,2.640864e+07,1.845651e+07,1.240474e+02,1.422749e+06,8.871259e+01,,,,105
2018-04-26 08:44:05.000000,2.640842e+07,1.845822e+07,1.240483e+02,1.422744e+06,8.871248e+01,,,,105
2018-04-26 08:44:06.000000,2.640817e+07,1.845541e+07,1.240467e+02,1.422738e+06,8.871238e+01,,,,105
2018-04-26 08:44:07.000000,2.640795e+07,1.845683e+07,1.240476e+02,1.422732e+06,8.871226e+01,,,,105
2018-04-26 08:44:08.000000,2.640774e+07,1.845482e+07,1.240464e+02,1.422727e+06,8.871215e+01,,,,105
2018-04-26 08:44:09.000000,2.640753e+07,1.845596e+07,1.240470e+02,1.422721e+06,8.871204e+01,,,,105
2018-04-26 08:44:10.000000,2.640730e+07,1.845465e+07,1.240464e+02,1.422716e+06,8.871193e+01,,,,105
2018-04-26 08:44:11.000000,2.640705e+07,1.845494e+07,1.240468e+02,1.422711e+06,8.871182e+01,,,,105
2018-04-26 08:44:12.000000,2.640684e+07,1.845519e+07,1.240469e+02,1.422704e+06,8.871171e+01,,,,105
2018-04-26 08:44:13.000000,2.640661e+07,1.845464e+07,1.240467e+02,1.422699e+06,8.871160e+01,,,,105
2018-04-26 08:44:14.000000,2.640641e+07,1.845598e+07,1.240475e+02,1.422694e+06,8.871149e+01,,,,105
2018-04-26 08:44:15.000000,2.640619e+07,1.845471e+07,1.240468e+02,1.422688e+06,8.871138e+01,,,,105
2018-04-26 08:44:16.000000,2.640597e+07,1.845621e+07,1.240477e+02,1.422682e+06,8.871126e+01,,,,105
2018-04-26 08:44:17.000000,2.640572e+07,1.845355e+07,1.240462e+02,1.422676e+06,8.871115e+01,,,,105
2018-04-26 08:44:18.000000,2.640551e+07,1.845317e+07,1.240460e+02,1.422671e+06,8.871103e+01,,,,105
2018-04-26 08:44:19.000000,2.640530e+07,1.845304e+07,1.240459e+02,1.422666e+06,8.871092e+01,,,,105
2018-04-26 08:44:20.000000,2.640508e+07,1.845252e+07,1.240457e+02,1.422660e+06,8.871082e+01,,,,105
2018-04-26 08:44:21.000000,2.640486e+07,1.845362e+07,1.240463e+02,1.422654e+06,8.871070e+01,,,,105
2018-04-26 08:44:22.000000,2.640463e+07,1.845311e+07,1.240462e+02,1.422649e+06,8.871059e+01,,,,105
2018-04-26 08:44:23.000000,2.640440e+07,1.845409e+07,1.240468e+02,1.422643e+06,8.871048e+01,,,,105
2018-04-26 08:44:24.000000,2.640418e+07,1.845283e+07,1.240461e+02,1.422638e+06,8.871036e+01,,,,105
2018-04-26 08:44:25.000000,2.640398e+07,1.845455e+07,1.240472e+02,1.422633e+06,8.871025e+01,,,,105
2018-04-26 08:44:26.000000,2.640376e+07,1.845318e+07,1.240465e+02,1.422626e+06,8.871014e+01,,,,105
2018-04-26 08:44:27.000000,2.640354e+07,1.845251e+07,1.240462e+02,1.422621e+06,8.871002e+01,,,,105
2018-04-26 08:44:28.000000,2.640330e+07,1.845184e+07,1.240457e+02,1.422616e+06,8.870991e+01,,,,105
2018-04-26 08:44:29.000000,2.640308e+07,1.845123e+07,1.240454e+02,1.422609e+06,8.870980e+01,,,,105
2018-04-26 08:44:30.000000,2.640286e+07,1.845294e+07,1.240464e+02,1.422604e+06,8.870968e+01,,,,105
2018-04-26 08:44:31.000000,2.640266e+07,1.845076e+07,1.240452e+02,1.422598e+06,8.870957e+01,,,,105
2018-04-26 08:44:32.000000,2.640244e+07,1.845218e+07,1.240460e+02,1.422593e+06,8.870945e+01,,,,105
2018-04-26 08:44:33.000000,2.640220e+07,1.845132e+07,1.240457e+02,1.422588e+06,8.870934e+01,,,,105
2018-04-26 08:44:34.000000,2.640199e+07,1.845268e+07,1.240464e+02,1.422581e+06,8.870923e+01,,,,105
2018-04-26 08:44:35.000000,2.640176e+07,1.845129e+07,1.240457e+02,1.422576e+06,8.870911e+01,,,,105
2018-04-26 08:44:36.000000,2.640156e+07,1.845102e+07,1.240458e+02,1.422571e+06,8.870900e+01,,,,105
2018-04-26 08:44:37.000000,2.640134e+07,1.845117e+07,1.240459e+02,1.422565e+06,8.870889e+01,,,,105
2018-04-26 08:44:38.000000,2.640112e+07,1.845063e+07,1.240456e+02,1.422559e+06,8.870877e+01,,,,105
2018-04-26 08:44:39.000000,2.640088e+07,1.845085e+07,1.240456e+02,1.422554e+06,8.870866e+01,,,,105
2018-04-26 08:44:40.000000,2.640066e+07,1.844945e+07,1.240449e+02,1.422548e+06,8.870855e+01,,,,105
2018-04-26 08:44:41.000000,2.640044e+07,1.845087e+07,1.240457e+02,1.422542e+06,8.870843e+01,,,,105
2018-04-26 08:44:42.000000,2.640024e+07,1.844891e+07,1.240446e+02,1.422537e+06,8.870831e+01,,,,105
2018-04-26 08:44:43.000000,2.640002e+07,1.844855e+07,1.240445e+02,1.422531e+06,8.870820e+01,,,,105
2018-04-26 08:44:44.000000,2.639981e+07,1.844972e+07,1.240451e+02,1.422526e+06,8.870808e+01,,,,105
2018-04-26 08:44:45.000000,2.639957e+07,1.844916e+07,1.240450e+02,1.422520e+06,8.870797e+01,,,,105
2018-04-26 08:44:46.000000,2.639934e+07,1.845025e+07,1.240457e+02,1.422514e+06,8.870785e+01,,,,105
2018-04-26 08:44:47.000000,2.639914e+07,1.844919e+07,1.240452e+02,1.422509e+06,8.870773e+01,,,,105
2018-04-26 08:44:48.000000,2.639893e+07,1.845014e+07,1.240457e+02,1.422503e+06,8.870762e+01,,,,105
2018-04-26 08:44:49.000000,2.639871e+07,1.844884e+07,1.240451e+02,1.422497e+06,8.870750e+01,,,,105
2018-04-26 08:44:50.000000,2.639847e+07,1.844943e+07,1.240453e+02,1.422492e+06,8.870738e+01,,,,105
2018-04-26 08:44:51.000000,2.639824e+07,1.844763e+07,1.240444e+02,1.422486e+06,8.870727e+01,,,,105
2018-04-26 08:44:52.000000,2.639803e+07,1.844732e+07,1.240443e+02,1.422480e+06,8.870715e+01,,,,105
2018-04-26 08:44:53.000000,2.639782e+07,1.844720e+07,1.240441e+02,1.422475e+06,8.870704e+01,,,,105
2018-04-26 08:44:54.000000,2.639761e+07,1.844664e+07,1.240439e+02,1.422469e+06,8.870693e+01,,,,105
2018-04-26 08:44:55.000000,2.639738e+07,1.844773e+07,1.240445e+02,1.422463e+06,8.870680e+01,,,,105
2018-04-26 08:44:56.000000,2.639714e+07,1.844726e+07,1.240444e+02,1.422458e+06,8.870669e+01,,,,105
2018-04-26 08:44:57.000000,2.639693e+07,1.844884e+07,1.240453e+02,1.422452e+06,8.870658e+01,,,,105
2018-04-26 08:44:58.000000,2.639671e+07,1.844731e+07,1.240445e+02,1.422447e+06,8.870646e+01,,,,105
2018-04-26 08:44:59.000000,2.639651e+07,1.844872e+07,1.240454e+02,1.422441e+06,8.870634e+01,,,,105
2018-04-26 08:45:00.000000,2.639629e+07,1.844731e+07,1.240447e+02,1.422435e+06,8.870622e+01,,,,105
2018-04-26 08:45:01.000000,2.639606e+07,1.844593e+07,1.240439e+02,1.422430e+06,8.870610e+01,,,,105
2018-04-26 08:45:02.000000,2.639584e+07,1.844685e+07,1.240444e+02,1.422424e+06,8.870599e+01,,,,105
2018-04-26 08:45:03.000000,2.639561e+07,1.844543e+07,1.240436e+02,1.422418e+06,8.870587e+01,,,,105
2018-04-26 08:45:04.000000,2.639540e+07,1.844618e+07,1.240441e+02,1.422413e+06,8.870575e+01,,,,105
2018-04-26 08:45:05.000000,2.639519e+07,1.844488e+07,1.240434e+02,1.422407e+06,8.870564e+01,,,,105
2018-04-26 08:45:06.000000,2.639497e+07,1.844625e+07,1.240442e+02,1.422401e+06,8.870551e+01,,,,105
2018-04-26 08:45:07.000000,2.639473e+07,1.844547e+07,1.240439e+02,1.422396e+06,8.870540e+01,,,,105
2018-04-26 08:45:08.000000,2.639451e+07,1.844520e+07,1.240438e+02,1.422390e+06,8.870529e+01,,,,105
2018-04-26 08:45:09.000000,2.639429e+07,1.844541e+07,1.240440e+02,1.422384e+06,8.870516e+01,,,,105
2018-04-26 08:45:10.000000,2.639409e+07,1.844519e+07,1.240440e+02,1.422378e+06,8.870505e+01,,,,105
2018-04-26 08:45:11.000000,2.639387e+07,1.844627e+07,1.240446e+02,1.422373e+06,8.870493e+01,,,,105
2018-04-26 08:45:12.000000,2.639366e+07,1.844485e+07,1.240439e+02,1.422367e+06,8.870481e+01,,,,105
2018-04-26 08:45:13.000000,2.639341e+07,1.844500e+07,1.240438e+02,1.422361e+06,8.870469e+01,,,,105
2018-04-26 08:45:14.000000,2.639319e+07,1.844360e+07,1.240431e+02,1.422356e+06,8.870457e+01,,,,105
2018-04-26 08:45:15.000000,2.639299e+07,1.844475e+07,1.240437e+02,1.422351e+06,8.870445e+01,,,,105
2018-04-26 08:45:16.000000,2.639278e+07,1.844338e+07,1.240430e+02,1.422344e+06,8.870434e+01,,,,105
2018-04-26 08:45:17.000000,2.639255e+07,1.844272e+07,1.240427e+02,1.422339e+06,8.870421e+01,,,,105
2018-04-26 08:45:18.000000,2.639231e+07,1.844375e+07,1.240434e+02,1.422334e+06,8.870410e+01,,,,105
2018-04-26 08:45:19.000000,2.639209e+07,1.844331e+07,1.240432e+02,1.422327e+06,8.870398e+01,,,,105
2018-04-26 08:45:20.000000,2.639187e+07,1.844438e+07,1.240438e+02,1.422322e+06,8.870386e+01,,,,105
2018-04-26 08:45:21.000000,2.639167e+07,1.844334e+07,1.240434e+02,1.422316e+06,8.870374e+01,,,,105
2018-04-26 08:45:22.000000,2.639145e+07,1.844486e+07,1.240442e+02,1.422310e+06,8.870363e+01,,,,105
2018-04-26 08:45:23.000000,2.639123e+07,1.844299e+07,1.240433e+02,1.422305e+06,8.870350e+01,,,,105
2018-04-26 08:45:24.000000,2.639099e+07,1.844359e+07,1.240435e+02,1.422299e+06,8.870338e+01,,,,105
2018-04-26 08:45:25.000000,2.639077e+07,1.844209e+07,1.240427e+02,1.422293e+06,8.870327e+01,,,,105
2018-04-26 08:45:26.000000,2.639055e+07,1.844144e+07,1.240424e+02,1.422287e+06,8.870314e+01,,,,105
2018-04-26 08:45:27.000000,2.639035e+07,1.844138e+07,1.240424e+02,1.422281e+06,8.870303e+01,,,,105
2018-04-26 08:45:28.000000,2.639013e+07,1.844080e+07,1.240421e+02,1.422276e+06,8.870290e+01,,,,105
2018-04-26 08:45:29.000000,2.638990e+07,1.844270e+07,1.240433e+02,1.422271e+06,8.870278e+01,,,,105
2018-04-26 08:45:30.000000,2.638968e+07,1.844155e+07,1.240428e+02,1.422264e+06,8.870267e+01,,,,105
2018-04-26 08:45:31.000000,2.638945e+07,1.844300e+07,1.240436e+02,1.422259e+06,8.870254e+01,,,,105
2018-04-26 08:45:32.000000,2.638924e+07,1.844156e+07,1.240429e+02,1.422254e+06,8.870242e+01,,,,105
2018-04-26 08:45:33.000000,2.638903e+07,1.844124e+07,1.240428e+02,1.422247e+06,8.870231e+01,,,,105
2018-04-26 08:45:34.000000,2.638881e+07,1.844141e+07,1.240429e+02,1.422242e+06,8.870218e+01,,,,105
2018-04-26 08:45:35.000000,2.638856e+07,1.844006e+07,1.240421e+02,1.422236e+06,8.870206e+01,,,,105
2018-04-26 08:45:36.000000,2.638834e+07,1.844104e+07,1.240426e+02,1.422230e+06,8.870195e+01,,,,105
2018-04-26 08:45:37.000000,2.638813e+07,1.843957e+07,1.240419e+02,1.422224e+06,8.870182e+01,,,,105
2018-04-26 08:45:38.000000,2.638793e+07,1.844037e+07,1.240423e+02,1.422218e+06,8.870171e+01,,,,105
2018-04-26 08:45:39.000000,2.638770e+07,1.843902e+07,1.240415e+02,1.422213e+06,8.870159e+01,,,,105
2018-04-26 08:45:40.000000,2.638749e+07,1.844046e+07,1.240424e+02,1.422207e+06,8.870146e+01,,,,105
2018-04-26 08:45:41.000000,2.638725e+07,1.843963e+07,1.240421e+02,1.422201e+06,8.870134e+01,,,,105
2018-04-26 08:45:42.000000,2.638702e+07,1.843937e+07,1.240421e+02,1.422196e+06,8.870122e+01,,,,105
2018-04-26 08:45:43.000000,2.638682e+07,1.843950e+07,1.240422e+02,1.422190e+06,8.870110e+01,,,,105
2018-04-26 08:45:44.000000,2.638661e+07,1.843935e+07,1.240422e+02,1.422184e+06,8.870098e+01,,,,105
2018-04-26 08:45:45.000000,2.638638e+07,1.844046e+07,1.240428e+02,1.422178e+06,8.870086e+01,,,,105
2018-04-26 08:45:46.000000,2.638614e+07,1.843823e+07,1.240415e+02,1.422173e+06,8.870074e+01,,,,105
2018-04-26 08:45:47.000000,2.638592e+07,1.843910e+07,1.240420e+02,1.422167e+06,8.870062e+01,,,,105
2018-04-26 08:45:48.000000,2.638569e+07,1.843773e+07,1.240413e+02,1.422161e+06,8.870050e+01,,,,105
2018-04-26 08:45:49.000000,2.638550e+07,1.843895e+07,1.240419e+02,1.422156e+06,8.870038e+01,,,,105
2018-04-26 08:45:50.000000,2.638528e+07,1.843751e+07,1.240411e+02,1.422149e+06,8.870026e+01,,,,105
2018-04-26 08:45:51.000000,2.638505e+07,1.843688e+07,1.240409e+02,1.422144e+06,8.870013e+01,,,,105
2018-04-26 08:45:52.000000,2.638482e+07,1.843793e+07,1.240416e+02,1.422138e+06,8.870001e+01,,,,105
2018-04-26 08:45:53.000000,2.638460e+07,1.843746e+07,1.240414e+02,1.422132e+06,8.869989e+01,,,,105
2018-04-26 08:45:54.000000,2.638438e+07,1.843856e+07,1.240421e+02,1.422127e+06,8.869977e+01,,,,105
2018-04-26 08:45:55.000000,2.638418e+07,1.843747e+07,1.240416e+02,1.422121e+06,8.869965e+01,,,,105
2018-04-26 08:45:56.000000,2.638396e+07,1.843907e+07,1.240425e+02,1.422115e+06,8.869953e+01,,,,105
2018-04-26 08:45:57.000000,2.638373e+07,1.843640e+07,1.240410e+02,1.422110e+06,8.869940e+01,,,,105
2018-04-26 08:45:58.000000,2.638350e+07,1.843770e+07,1.240417e+02,1.422103e+06,8.869929e+01,,,,105
2018-04-26 08:45:59.000000,2.638328e+07,1.843621e+07,1.240409e+02,1.422098e+06,8.869916e+01,,,,105
2018-04-26 08:46:00.000000,2.638307e+07,1.843692e+07,1.240413e+02,1.422092e+06,8.869904e+01,,,,105
2018-04-26 08:46:01.000000,2.638285e+07,1.843562e+07,1.240406e+02,1.422086e+06,8.869892e+01,,,,105
2018-04-26 08:46:02.000000,2.638262e+07,1.843494e+07,1.240403e+02,1.422080e+06,8.869880e+01,,,,105
2018-04-26 08:46:03.000000,2.638239e+07,1.843690e+07,1.240415e+02,1.422075e+06,8.869868e+01,,,,105
2018-04-26 08:46:04.000000,2.638217e+07,1.843568e+07,1.240409e+02,1.422068e+06,8.869856e+01,,,,105
2018-04-26 08:46:05.000000,2.638194e+07,1.843720e+07,1.240418e+02,1.422063e+06,8.869843e+01,,,,105
2018-04-26 08:46:06.000000,2.638174e+07,1.843568e+07,1.240411e+02,1.422057e+06,8.869831e+01,,,,105
2018-04-26 08:46:07.000000,2.638153e+07,1.843540e+07,1.240410e+02,1.422051e+06,8.869819e+01,,,,105
2018-04-26 08:46:08.000000,2.638129e+07,1.843438e+07,1.240403e+02,1.422046e+06,8.869807e+01,,,,105
2018-04-26 08:46:09.000000,2.638106e+07,1.843410e+07,1.240402e+02,1.422039e+06,8.869795e+01,,,,105
2018-04-26 08:46:10.000000,2.638084e+07,1.843522e+07,1.240408e+02,1.422034e+06,8.869782e+01,,,,105
2018-04-26 08:46:11.000000,2.638064e+07,1.843360e+07,1.240400e+02,1.422028e+06,8.869770e+01,,,,105
2018-04-26 08:46:12.000000,2.638042e+07,1.843452e+07,1.240405e+02,1.422022e+06,8.869758e+01,,,,105
2018-04-26 08:46:13.000000,2.638020e+07,1.843314e+07,1.240397e+02,1.422016e+06,8.869746e+01,,,,105
2018-04-26 08:46:14.000000,2.637996e+07,1.843491e+07,1.240409e+02,1.422011e+06,8.869734e+01,,,,105
2018-04-26 08:46:15.000000,2.637973e+07,1.843379e+07,1.240403e+02,1.422004e+06,8.869722e+01,,,,105
2018-04-26 08:46:16.000000,2.637951e+07,1.843351e+07,1.240403e+02,1.421999e+06,8.869709e+01,,,,105
2018-04-26 08:46:17.000000,2.637932e+07,1.843366e+07,1.240404e+02,1.421994e+06,8.869697e+01,,,,105
2018-04-26 08:46:18.000000,2.637909e+07,1.843350e+07,1.240404e+02,1.421987e+06,8.869685e+01,,,,105
2018-04-26 08:46:19.000000,2.637887e+07,1.843463e+07,1.240410e+02,1.421981e+06,8.869673e+01,,,,105
2018-04-26 08:46:20.000000,2.637863e+07,1.843233e+07,1.240397e+02,1.421975e+06,8.869660e+01,,,,105
2018-04-26 08:46:21.000000,2.637841e+07,1.843328e+07,1.240402e+02,1.421970e+06,8.869648e+01,,,,105
2018-04-26 08:46:22.000000,2.637820e+07,1.843167e+07,1.240393e+02,1.421964e+06,8.869636e+01,,,,105
2018-04-26 08:46:23.000000,2.637799e+07,1.843308e+07,1.240401e+02,1.421958e+06,8.869624e+01,,,,105
2018-04-26 08:46:24.000000,2.637777e+07,1.843162e+07,1.240393e+02,1.421952e+06,8.869611e+01,,,,105
2018-04-26 08:46:25.000000,2.637752e+07,1.843352e+07,1.240406e+02,1.421947e+06,8.869599e+01,,,,105
2018-04-26 08:46:26.000000,2.637729e+07,1.843227e+07,1.240400e+02,1.421940e+06,8.869587e+01,,,,105
2018-04-26 08:46:27.000000,2.637708e+07,1.843158e+07,1.240396e+02,1.421935e+06,8.869575e+01,,,,105
2018-04-26 08:46:28.000000,2.637688e+07,1.843205e+07,1.240400e+02,1.421929e+06,8.869562e+01,,,,105
2018-04-26 08:46:29.000000,2.637665e+07,1.843156e+07,1.240398e+02,1.421923e+06,8.869551e+01,,,,105
2018-04-26 08:46:30.000000,2.637643e+07,1.843324e+07,1.240407e+02,1.421917e+06,8.869538e+01,,,,105
2018-04-26 08:46:31.000000,2.637619e+07,1.843049e+07,1.240391e+02,1.421912e+06,8.869526e+01,,,,105
2018-04-26 08:46:32.000000,2.637597e+07,1.843187e+07,1.240399e+02,1.421905e+06,8.869514e+01,,,,105
2018-04-26 08:46:33.000000,2.637574e+07,1.843031e+07,1.240391e+02,1.421899e+06,8.869501e+01,,,,105
2018-04-26 08:46:34.000000,2.637555e+07,1.843108e+07,1.240395e+02,1.421893e+06,8.869489e+01,,,,105
2018-04-26 08:46:35.000000,2.637532e+07,1.842972e+07,1.240388e+02,1.421887e+06,8.869476e+01,,,,105
2018-04-26 08:46:36.000000,2.637508e+07,1.843000e+07,1.240392e+02,1.421882e+06,8.869464e+01,,,,105
2018-04-26 08:46:37.000000,2.637487e+07,1.843023e+07,1.240393e+02,1.421876e+06,8.869452e+01,,,,105
2018-04-26 08:46:38.000000,2.637464e+07,1.842970e+07,1.240391e+02,1.421870e+06,8.869440e+01,,,,105
2018-04-26 08:46:39.000000,2.637443e+07,1.843102e+07,1.240399e+02,1.421865e+06,8.869428e+01,,,,105
2018-04-26 08:46:40.000000,2.637421e+07,1.842978e+07,1.240393e+02,1.421858e+06,8.869416e+01,,,,105
2018-04-26 08:46:41.000000,2.637399e+07,1.843127e+07,1.240401e+02,1.421852e+06,8.869403e+01,,,,105
2018-04-26 08:46:42.000000,2.637374e+07,1.842864e+07,1.240386e+02,1.421847e+06,8.869391e+01,,,,105
2018-04-26 08:46:43.000000,2.637352e+07,1.842825e+07,1.240384e+02,1.421840e+06,8.869379e+01,,,,105
2018-04-26 08:46:44.000000,2.637330e+07,1.842937e+07,1.240390e+02,1.421835e+06,8.869366e+01,,,,105
2018-04-26 08:46:45.000000,2.637310e+07,1.842769e+07,1.240382e+02,1.421829e+06,8.869354e+01,,,,105
2018-04-26 08:46:46.000000,2.637287e+07,1.842867e+07,1.240387e+02,1.421823e+06,8.869343e+01,,,,105
2018-04-26 08:46:47.000000,2.637265e+07,1.842723e+07,1.240379e+02,1.421817e+06,8.869330e+01,,,,105
2018-04-26 08:46:48.000000,2.637242e+07,1.842908e+07,1.240391e+02,1.421811e+06,8.869318e+01,,,,105
2018-04-26 08:46:49.000000,2.637219e+07,1.842789e+07,1.240385e+02,1.421805e+06,8.869305e+01,,,,105
2018-04-26 08:46:50.000000,2.637198e+07,1.842958e+07,1.240396e+02,1.421800e+06,8.869293e+01,,,,105
2018-04-26 08:46:51.000000,2.637177e+07,1.842794e+07,1.240387e+02,1.421793e+06,8.869281e+01,,,,105
2018-04-26 08:46:52.000000,2.637155e+07,1.842762e+07,1.240386e+02,1.421787e+06,8.869268e+01,,,,105
2018-04-26 08:46:53.000000,2.637131e+07,1.842690e+07,1.240381e+02,1.421782e+06,8.869256e+01,,,,105
2018-04-26 08:46:54.000000,2.637108e+07,1.842630e+07,1.240378e+02,1.421775e+06,8.869244e+01,,,,105
2018-04-26 08:46:55.000000,2.637085e+07,1.842742e+07,1.240384e+02,1.421770e+06,8.869232e+01,,,,105
2018-04-26 08:46:56.000000,2.637065e+07,1.842576e+07,1.240375e+02,1.421764e+06,8.869219e+01,,,,105
2018-04-26 08:46:57.000000,2.637043e+07,1.842667e+07,1.240381e+02,1.421758e+06,8.869208e+01,,,,105
2018-04-26 08:46:58.000000,2.637021e+07,1.842535e+07,1.240374e+02,1.421752e+06,8.869195e+01,,,,105
2018-04-26 08:46:59.000000,2.636996e+07,1.842770e+07,1.240388e+02,1.421746e+06,8.869183e+01,,,,105
2018-04-26 08:47:00.000000,2.636975e+07,1.842636e+07,1.240381e+02,1.421740e+06,8.869171e+01,,,,105
2018-04-26 08:47:01.000000,2.636952e+07,1.842572e+07,1.240379e+02,1.421734e+06,8.869158e+01,,,,105
2018-04-26 08:47:02.000000,2.636931e+07,1.842618e+07,1.240382e+02,1.421728e+06,8.869146e+01,,,,105
2018-04-26 08:47:03.000000,2.636910e+07,1.842567e+07,1.240380e+02,1.421722e+06,8.869134e+01,,,,105
2018-04-26 08:47:04.000000,2.636886e+07,1.842499e+07,1.240375e+02,1.421717e+06,8.869121e+01,,,,105
2018-04-26 08:47:05.000000,2.636863e+07,1.842439e+07,1.240372e+02,1.421710e+06,8.869110e+01,,,,105
2018-04-26 08:47:06.000000,2.636841e+07,1.842605e+07,1.240381e+02,1.421704e+06,8.869097e+01,,,,105
2018-04-26 08:47:07.000000,2.636820e+07,1.842393e+07,1.240369e+02,1.421699e+06,8.869085e+01,,,,105
2018-04-26 08:47:08.000000,2.636797e+07,1.842530e+07,1.240377e+02,1.421692e+06,8.869073e+01,,,,105
2018-04-26 08:47:09.000000,2.636775e+07,1.842380e+07,1.240369e+02,1.421687e+06,8.869060e+01,,,,105
2018-04-26 08:47:10.000000,2.636752e+07,1.842413e+07,1.240374e+02,1.421681e+06,8.869048e+01,,,,105
2018-04-26 08:47:11.000000,2.636729e+07,1.842435e+07,1.240375e+02,1.421674e+06,8.869037e+01,,,,105
2018-04-26 08:47:12.000000,2.636706e+07,1.842379e+07,1.240372e+02,1.421669e+06,8.869024e+01,,,,105
2018-04-26 08:47:13.000000,2.636686e+07,1.842515e+07,1.240380e+02,1.421663e+06,8.869012e+01,,,,105
2018-04-26 08:47:14.000000,2.636665e+07,1.842385e+07,1.240374e+02,1.421657e+06,8.869000e+01,,,,105
2018-04-26 08:47:15.000000,2.636642e+07,1.842541e+07,1.240383e+02,1.421651e+06,8.868987e+01,,,,105
2018-04-26 08:47:16.000000,2.636617e+07,1.842269e+07,1.240367e+02,1.421645e+06,8.868975e+01,,,,105
2018-04-26 08:47:17.000000,2.636595e+07,1.842395e+07,1.240375e+02,1.421639e+06,8.868963e+01,,,,105
2018-04-26 08:47:18.000000,2.636574e+07,1.842206e+07,1.240364e+02,1.421633e+06,8.868950e+01,,,,105
2018-04-26 08:47:19.000000,2.636552e+07,1.842168e+07,1.240362e+02,1.421627e+06,8.868939e+01,,,,105
2018-04-26 08:47:20.000000,2.636531e+07,1.842281e+07,1.240369e+02,1.421621e+06,8.868926e+01,,,,105
2018-04-26 08:47:21.000000,2.636506e+07,1.842229e+07,1.240368e+02,1.421615e+06,8.868914e+01,,,,105
2018-04-26 08:47:22.000000,2.636483e+07,1.842333e+07,1.240374e+02,1.421609e+06,8.868902e+01,,,,105
2018-04-26 08:47:23.000000,2.636461e+07,1.842195e+07,1.240367e+02,1.421603e+06,8.868890e+01,,,,105
2018-04-26 08:47:24.000000,2.636441e+07,1.842321e+07,1.240374e+02,1.421598e+06,8.868878e+01,,,,105
2018-04-26 08:47:25.000000,2.636418e+07,1.842195e+07,1.240368e+02,1.421591e+06,8.868866e+01,,,,105
2018-04-26 08:47:26.000000,2.636396e+07,1.842172e+07,1.240368e+02,1.421585e+06,8.868853e+01,,,,105
2018-04-26 08:47:27.000000,2.636372e+07,1.842067e+07,1.240361e+02,1.421579e+06,8.868841e+01,,,,105
2018-04-26 08:47:28.000000,2.636349e+07,1.842043e+07,1.240360e+02,1.421573e+06,8.868829e+01,,,,105
2018-04-26 08:47:29.000000,2.636327e+07,1.842157e+07,1.240366e+02,1.421567e+06,8.868817e+01,,,,105
2018-04-26 08:47:30.000000,2.636307e+07,1.841986e+07,1.240357e+02,1.421561e+06,8.868805e+01,,,,105
2018-04-26 08:47:31.000000,2.636284e+07,1.842087e+07,1.240363e+02,1.421555e+06,8.868792e+01,,,,105
2018-04-26 08:47:32.000000,2.636260e+07,1.842034e+07,1.240361e+02,1.421550e+06,8.868780e+01,,,,105
2018-04-26 08:47:33.000000,2.636238e+07,1.842133e+07,1.240367e+02,1.421543e+06,8.868769e+01,,,,105
2018-04-26 08:47:34.000000,2.636215e+07,1.842005e+07,1.240361e+02,1.421537e+06,8.868756e+01,,,,105
2018-04-26 08:47:35.000000,2.636194e+07,1.842179e+07,1.240371e+02,1.421532e+06,8.868744e+01,,,,105
2018-04-26 08:47:36.000000,2.636172e+07,1.842010e+07,1.240363e+02,1.421525e+06,8.868732e+01,,,,105
2018-04-26 08:47:37.000000,2.636149e+07,1.841980e+07,1.240362e+02,1.421519e+06,8.868720e+01,,,,105
2018-04-26 08:47:38.000000,2.636125e+07,1.841907e+07,1.240357e+02,1.421514e+06,8.868708e+01,,,,105
2018-04-26 08:47:39.000000,2.636103e+07,1.841847e+07,1.240354e+02,1.421507e+06,8.868696e+01,,,,105
2018-04-26 08:47:40.000000,2.636080e+07,1.841962e+07,1.240360e+02,1.421501e+06,8.868684e+01,,,,105
2018-04-26 08:47:41.000000,2.636060e+07,1.841791e+07,1.240351e+02,1.421495e+06,8.868672e+01,,,,105
2018-04-26 08:47:42.000000,2.636038e+07,1.841944e+07,1.240360e+02,1.421489e+06,8.868660e+01,,,,105
2018-04-26 08:47:43.000000,2.636014e+07,1.841853e+07,1.240356e+02,1.421483e+06,8.868647e+01,,,,105
2018-04-26 08:47:44.000000,2.635991e+07,1.841991e+07,1.240364e+02,1.421477e+06,8.868635e+01,,,,105
2018-04-26 08:47:45.000000,2.635968e+07,1.841850e+07,1.240356e+02,1.421471e+06,8.868623e+01,,,,105
2018-04-26 08:47:46.000000,2.635948e+07,1.841823e+07,1.240357e+02,1.421465e+06,8.868611e+01,,,,105
2018-04-26 08:47:47.000000,2.635926e+07,1.841837e+07,1.240358e+02,1.421459e+06,8.868599e+01,,,,105
2018-04-26 08:47:48.000000,2.635903e+07,1.841782e+07,1.240355e+02,1.421453e+06,8.868587e+01,,,,105
2018-04-26 08:47:49.000000,2.635878e+07,1.841805e+07,1.240355e+02,1.421447e+06,8.868575e+01,,,,105
2018-04-26 08:47:50.000000,2.635856e+07,1.841661e+07,1.240347e+02,1.421441e+06,8.868563e+01,,,,105
2018-04-26 08:47:51.000000,2.635833e+07,1.841821e+07,1.240357e+02,1.421435e+06,8.868551e+01,,,,105
2018-04-26 08:47:52.000000,2.635813e+07,1.841610e+07,1.240345e+02,1.421429e+06,8.868539e+01,,,,105
2018-04-26 08:47:53.000000,2.635791e+07,1.841734e+07,1.240353e+02,1.421423e+06,8.868527e+01,,,,105
2018-04-26 08:47:54.000000,2.635768e+07,1.841594e+07,1.240345e+02,1.421417e+06,8.868515e+01,,,,105
2018-04-26 08:47:55.000000,2.635744e+07,1.841629e+07,1.240349e+02,1.421411e+06,8.868503e+01,,,,105
2018-04-26 08:47:56.000000,2.635722e+07,1.841650e+07,1.240350e+02,1.421404e+06,8.868491e+01,,,,105
2018-04-26 08:47:57.000000,2.635701e+07,1.841631e+07,1.240351e+02,1.421399e+06,8.868479e+01,,,,105
2018-04-26 08:47:58.000000,2.635679e+07,1.841734e+07,1.240357e+02,1.421392e+06,8.868467e+01,,,,105
2018-04-26 08:47:59.000000,2.635657e+07,1.841598e+07,1.240349e+02,1.421386e+06,8.868455e+01,,,,105
2018-04-26 08:48:00.000000,2.635632e+07,1.841609e+07,1.240349e+02,1.421381e+06,8.868443e+01,,,,105
2018-04-26 08:48:01.000000,2.635609e+07,1.841473e+07,1.240342e+02,1.421374e+06,8.868431e+01,,,,105
2018-04-26 08:48:02.000000,2.635587e+07,1.841612e+07,1.240350e+02,1.421368e+06,8.868419e+01,,,,105
2018-04-26 08:48:03.000000,2.635566e+07,1.841418e+07,1.240339e+02,1.421363e+06,8.868407e+01,,,,105
2018-04-26 08:48:04.000000,2.635543e+07,1.841384e+07,1.240338e+02,1.421356e+06,8.868395e+01,,,,105
2018-04-26 08:48:05.000000,2.635521e+07,1.841497e+07,1.240344e+02,1.421350e+06,8.868383e+01,,,,105
2018-04-26 08:48:06.000000,2.635497e+07,1.841443e+07,1.240343e+02,1.421345e+06,8.868371e+01,,,,105
2018-04-26 08:48:07.000000,2.635474e+07,1.841549e+07,1.240350e+02,1.421338e+06,8.868360e+01,,,,105
2018-04-26 08:48:08.000000,2.635452e+07,1.841407e+07,1.240342e+02,1.421332e+06,8.868347e+01,,,,105
2018-04-26 08:48:09.000000,2.635432e+07,1.841537e+07,1.240350e+02,1.421326e+06,8.868336e+01,,,,105
2018-04-26 08:48:10.000000,2.635409e+07,1.841407e+07,1.240343e+02,1.421320e+06,8.868324e+01,,,,105
2018-04-26 08:48:11.000000,2.635385e+07,1.841467e+07,1.240346e+02,1.421314e+06,8.868311e+01,,,,105
2018-04-26 08:48:12.000000,2.635362e+07,1.841288e+07,1.240337e+02,1.421307e+06,8.868300e+01,,,,105
2018-04-26 08:48:13.000000,2.635339e+07,1.841257e+07,1.240335e+02,1.421302e+06,8.868288e+01,,,,105
2018-04-26 08:48:14.000000,2.635318e+07,1.841243e+07,1.240334e+02,1.421296e+06,8.868276e+01,,,,105
2018-04-26 08:48:15.000000,2.635296e+07,1.841191e+07,1.240332e+02,1.421289e+06,8.868264e+01,,,,105
2018-04-26 08:48:16.000000,2.635274e+07,1.841302e+07,1.240338e+02,1.421283e+06,8.868252e+01,,,,105
2018-04-26 08:48:17.000000,2.635249e+07,1.841247e+07,1.240337e+02,1.421278e+06,8.868240e+01,,,,105
2018-04-26 08:48:18.000000,2.635227e+07,1.841347e+07,1.240343e+02,1.421271e+06,8.868229e+01,,,,105
2018-04-26 08:48:19.000000,2.635204e+07,1.841216e+07,1.240336e+02,1.421265e+06,8.868217e+01,,,,105
2018-04-26 08:48:20.000000,2.635183e+07,1.841395e+07,1.240347e+02,1.421260e+06,8.868205e+01,,,,105
2018-04-26 08:48:21.000000,2.635161e+07,1.841220e+07,1.240338e+02,1.421253e+06,8.868194e+01,,,,105
2018-04-26 08:48:22.000000,2.635138e+07,1.841193e+07,1.240337e+02,1.421247e+06,8.868181e+01,,,,105
2018-04-26 08:48:23.000000,2.635114e+07,1.841119e+07,1.240331e+02,1.421241e+06,8.868170e+01,,,,105
2018-04-26 08:48:24.000000,2.635092e+07,1.841059e+07,1.240329e+02,1.421235e+06,8.868157e+01,,,,105
2018-04-26 08:48:25.000000,2.635070e+07,1.841049e+07,1.240328e+02,1.421229e+06,8.868146e+01,,,,105
2018-04-26 08:48:26.000000,2.635048e+07,1.840993e+07,1.240325e+02,1.421222e+06,8.868134e+01,,,,105
2018-04-26 08:48:27.000000,2.635026e+07,1.841100e+07,1.240331e+02,1.421216e+06,8.868122e+01,,,,105
2018-04-26 08:48:28.000000,2.635002e+07,1.841054e+07,1.240331e+02,1.421211e+06,8.868110e+01,,,,105
2018-04-26 08:48:29.000000,2.634978e+07,1.841209e+07,1.240339e+02,1.421204e+06,8.868099e+01,,,,105
2018-04-26 08:48:30.000000,2.634956e+07,1.841060e+07,1.240332e+02,1.421198e+06,8.868087e+01,,,,105
2018-04-26 08:48:31.000000,2.634935e+07,1.841198e+07,1.240340e+02,1.421193e+06,8.868075e+01,,,,105
2018-04-26 08:48:32.000000,2.634912e+07,1.841059e+07,1.240333e+02,1.421186e+06,8.868064e+01,,,,105
2018-04-26 08:48:33.000000,2.634890e+07,1.840995e+07,1.240330e+02,1.421180e+06,8.868052e+01,,,,105
2018-04-26 08:48:34.000000,2.634866e+07,1.840925e+07,1.240325e+02,1.421174e+06,8.868040e+01,,,,105
2018-04-26 08:48:35.000000,2.634843e+07,1.840867e+07,1.240323e+02,1.421168e+06,8.868029e+01,,,,105
2018-04-26 08:48:36.000000,2.634821e+07,1.841037e+07,1.240332e+02,1.421162e+06,8.868017e+01,,,,105
2018-04-26 08:48:37.000000,2.634800e+07,1.840815e+07,1.240320e+02,1.421156e+06,8.868005e+01,,,,105
2018-04-26 08:48:38.000000,2.634777e+07,1.840961e+07,1.240329e+02,1.421149e+06,8.867993e+01,,,,105
2018-04-26 08:48:39.000000,2.634753e+07,1.840871e+07,1.240325e+02,1.421144e+06,8.867981e+01,,,,105
2018-04-26 08:48:40.000000,2.634731e+07,1.841010e+07,1.240333e+02,1.421137e+06,8.867970e+01,,,,105
2018-04-26 08:48:41.000000,2.634708e+07,1.840868e+07,1.240326e+02,1.421131e+06,8.867958e+01,,,,105
2018-04-26 08:48:42.000000,2.634687e+07,1.840842e+07,1.240326e+02,1.421126e+06,8.867947e+01,,,,105
2018-04-26 08:48:43.000000,2.634664e+07,1.840855e+07,1.240327e+02,1.421119e+06,8.867935e+01,,,,105
2018-04-26 08:48:44.000000,2.634641e+07,1.840801e+07,1.240324e+02,1.421113e+06,8.867923e+01,,,,105
2018-04-26 08:48:45.000000,2.634617e+07,1.840823e+07,1.240324e+02,1.421107e+06,8.867912e+01,,,,105
2018-04-26 08:48:46.000000,2.634595e+07,1.840678e+07,1.240317e+02,1.421100e+06,8.867901e+01,,,,105
2018-04-26 08:48:47.000000,2.634572e+07,1.840840e+07,1.240326e+02,1.421095e+06,8.867889e+01,,,,105
2018-04-26 08:48:48.000000,2.634551e+07,1.840626e+07,1.240314e+02,1.421089e+06,8.867877e+01,,,,105
2018-04-26 08:48:49.000000,2.634529e+07,1.840753e+07,1.240322e+02,1.421082e+06,8.867866e+01,,,,105
2018-04-26 08:48:50.000000,2.634506e+07,1.840610e+07,1.240314e+02,1.421076e+06,8.867854e+01,,,,105
2018-04-26 08:48:51.000000,2.634481e+07,1.840647e+07,1.240318e+02,1.421070e+06,8.867843e+01,,,,105
2018-04-26 08:48:52.000000,2.634459e+07,1.840667e+07,1.240319e+02,1.421064e+06,8.867831e+01,,,,105
2018-04-26 08:48:53.000000,2.634438e+07,1.840648e+07,1.240320e+02,1.421058e+06,8.867819e+01,,,,105
2018-04-26 08:48:54.000000,2.634416e+07,1.840751e+07,1.240326e+02,1.421051e+06,8.867808e+01,,,,105
2018-04-26 08:48:55.000000,2.634394e+07,1.840614e+07,1.240318e+02,1.421046e+06,8.867796e+01,,,,105
2018-04-26 08:48:56.000000,2.634369e+07,1.840626e+07,1.240318e+02,1.421040e+06,8.867785e+01,,,,105
2018-04-26 08:48:57.000000,2.634345e+07,1.840488e+07,1.240311e+02,1.421033e+06,8.867774e+01,,,,105
2018-04-26 08:48:58.000000,2.634323e+07,1.840630e+07,1.240319e+02,1.421027e+06,8.867762e+01,,,,105
2018-04-26 08:48:59.000000,2.634302e+07,1.840433e+07,1.240308e+02,1.421022e+06,8.867750e+01,,,,105
2018-04-26 08:49:00.000000,2.634279e+07,1.840401e+07,1.240307e+02,1.421015e+06,8.867739e+01,,,,105
2018-04-26 08:49:01.000000,2.634257e+07,1.840514e+07,1.240313e+02,1.421009e+06,8.867727e+01,,,,105
2018-04-26 08:49:02.000000,2.634232e+07,1.840459e+07,1.240312e+02,1.421003e+06,8.867716e+01,,,,105
2018-04-26 08:49:03.000000,2.634209e+07,1.840565e+07,1.240318e+02,1.420996e+06,8.867705e+01,,,,105
2018-04-26 08:49:04.000000,2.634187e+07,1.840422e+07,1.240311e+02,1.420991e+06,8.867693e+01,,,,105
2018-04-26 08:49:05.000000,2.634167e+07,1.840553e+07,1.240318e+02,1.420985e+06,8.867682e+01,,,,105
2018-04-26 08:49:06.000000,2.634143e+07,1.840421e+07,1.240312e+02,1.420978e+06,8.867670e+01,,,,105
2018-04-26 08:49:07.000000,2.634119e+07,1.840482e+07,1.240315e+02,1.420973e+06,8.867659e+01,,,,105
2018-04-26 08:49:08.000000,2.634097e+07,1.840301e+07,1.240305e+02,1.420966e+06,8.867648e+01,,,,105
2018-04-26 08:49:09.000000,2.634073e+07,1.840272e+07,1.240304e+02,1.420960e+06,8.867636e+01,,,,105
2018-04-26 08:49:10.000000,2.634052e+07,1.840257e+07,1.240303e+02,1.420954e+06,8.867625e+01,,,,105
2018-04-26 08:49:11.000000,2.634030e+07,1.840205e+07,1.240301e+02,1.420947e+06,8.867614e+01,,,,105
2018-04-26 08:49:12.000000,2.634007e+07,1.840317e+07,1.240307e+02,1.420941e+06,8.867602e+01,,,,105
2018-04-26 08:49:13.000000,2.633982e+07,1.840261e+07,1.240306e+02,1.420936e+06,8.867591e+01,,,,105
2018-04-26 08:49:14.000000,2.633960e+07,1.840362e+07,1.240312e+02,1.420929e+06,8.867580e+01,,,,105
2018-04-26 08:49:15.000000,2.633937e+07,1.840229e+07,1.240305e+02,1.420923e+06,8.867568e+01,,,,105
2018-04-26 08:49:16.000000,2.633916e+07,1.840409e+07,1.240315e+02,1.420917e+06,8.867557e+01,,,,105
2018-04-26 08:49:17.000000,2.633894e+07,1.840232e+07,1.240306e+02,1.420911e+06,8.867545e+01,,,,105
2018-04-26 08:49:18.000000,2.633869e+07,1.840285e+07,1.240309e+02,1.420905e+06,8.867534e+01,,,,105
2018-04-26 08:49:19.000000,2.633846e+07,1.840139e+07,1.240301e+02,1.420898e+06,8.867523e+01,,,,105
2018-04-26 08:49:20.000000,2.633824e+07,1.840073e+07,1.240298e+02,1.420892e+06,8.867511e+01,,,,105
2018-04-26 08:49:21.000000,2.633802e+07,1.840062e+07,1.240297e+02,1.420887e+06,8.867500e+01,,,,105
2018-04-26 08:49:22.000000,2.633780e+07,1.840007e+07,1.240294e+02,1.420880e+06,8.867489e+01,,,,105
2018-04-26 08:49:23.000000,2.633758e+07,1.840113e+07,1.240300e+02,1.420874e+06,8.867477e+01,,,,105
2018-04-26 08:49:24.000000,2.633733e+07,1.840066e+07,1.240299e+02,1.420868e+06,8.867466e+01,,,,105
2018-04-26 08:49:25.000000,2.633709e+07,1.840222e+07,1.240308e+02,1.420861e+06,8.867456e+01,,,,105
2018-04-26 08:49:26.000000,2.633687e+07,1.840072e+07,1.240300e+02,1.420856e+06,8.867444e+01,,,,105
2018-04-26 08:49:27.000000,2.633666e+07,1.840211e+07,1.240309e+02,1.420850e+06,8.867433e+01,,,,105
2018-04-26 08:49:28.000000,2.633643e+07,1.840070e+07,1.240301e+02,1.420843e+06,8.867422e+01,,,,105
2018-04-26 08:49:29.000000,2.633620e+07,1.840006e+07,1.240299e+02,1.420837e+06,8.867410e+01,,,,105
2018-04-26 08:49:30.000000,2.633596e+07,1.839937e+07,1.240294e+02,1.420831e+06,8.867399e+01,,,,105
2018-04-26 08:49:31.000000,2.633573e+07,1.839878e+07,1.240291e+02,1.420825e+06,8.867388e+01,,,,105
2018-04-26 08:49:32.000000,2.633552e+07,1.839955e+07,1.240295e+02,1.420819e+06,8.867377e+01,,,,105
2018-04-26 08:49:33.000000,2.633530e+07,1.839820e+07,1.240289e+02,1.420812e+06,8.867366e+01,,,,105
2018-04-26 08:49:34.000000,2.633507e+07,1.839974e+07,1.240297e+02,1.420806e+06,8.867354e+01,,,,105
2018-04-26 08:49:35.000000,2.633482e+07,1.839882e+07,1.240293e+02,1.420801e+06,8.867343e+01,,,,105
2018-04-26 08:49:36.000000,2.633459e+07,1.840022e+07,1.240301e+02,1.420794e+06,8.867333e+01,,,,105
2018-04-26 08:49:37.000000,2.633437e+07,1.839877e+07,1.240294e+02,1.420788e+06,8.867321e+01,,,,105
2018-04-26 08:49:38.000000,2.633415e+07,1.839853e+07,1.240294e+02,1.420783e+06,8.867310e+01,,,,105
2018-04-26 08:49:39.000000,2.633393e+07,1.839865e+07,1.240295e+02,1.420776e+06,8.867300e+01,,,,105
2018-04-26 08:49:40.000000,2.633369e+07,1.839811e+07,1.240293e+02,1.420770e+06,8.867288e+01,,,,105
2018-04-26 08:49:41.000000,2.633345e+07,1.839833e+07,1.240293e+02,1.420764e+06,8.867277e+01,,,,105
2018-04-26 08:49:42.000000,2.633323e+07,1.839688e+07,1.240285e+02,1.420757e+06,8.867266e+01,,,,105
2018-04-26 08:49:43.000000,2.633299e+07,1.839851e+07,1.240295e+02,1.420751e+06,8.867255e+01,,,,105
2018-04-26 08:49:44.000000,2.633279e+07,1.839635e+07,1.240283e+02,1.420745e+06,8.867244e+01,,,,105
2018-04-26 08:49:45.000000,2.633256e+07,1.839764e+07,1.240290e+02,1.420739e+06,8.867232e+01,,,,105
2018-04-26 08:49:46.000000,2.633231e+07,1.839686e+07,1.240287e+02,1.420733e+06,8.867222e+01,,,,105
2018-04-26 08:49:47.000000,2.633208e+07,1.839660e+07,1.240287e+02,1.420727e+06,8.867211e+01,,,,105
2018-04-26 08:49:48.000000,2.633186e+07,1.839676e+07,1.240288e+02,1.420721e+06,8.867200e+01,,,,105
2018-04-26 08:49:49.000000,2.633164e+07,1.839657e+07,1.240288e+02,1.420715e+06,8.867189e+01,,,,105
2018-04-26 08:49:50.000000,2.633141e+07,1.839670e+07,1.240289e+02,1.420708e+06,8.867178e+01,,,,105
2018-04-26 08:49:51.000000,2.633120e+07,1.839616e+07,1.240287e+02,1.420702e+06,8.867167e+01,,,,105
2018-04-26 08:49:52.000000,2.633094e+07,1.839637e+07,1.240287e+02,1.420697e+06,8.867156e+01,,,,105
2018-04-26 08:49:53.000000,2.633071e+07,1.839493e+07,1.240279e+02,1.420690e+06,8.867145e+01,,,,105
2018-04-26 08:49:54.000000,2.633048e+07,1.839654e+07,1.240288e+02,1.420684e+06,8.867134e+01,,,,105
2018-04-26 08:49:55.000000,2.633027e+07,1.839442e+07,1.240276e+02,1.420678e+06,8.867123e+01,,,,105
2018-04-26 08:49:56.000000,2.633005e+07,1.839566e+07,1.240284e+02,1.420672e+06,8.867113e+01,,,,105
2018-04-26 08:49:57.000000,2.632982e+07,1.839425e+07,1.240276e+02,1.420666e+06,8.867101e+01,,,,105
2018-04-26 08:49:58.000000,2.632957e+07,1.839461e+07,1.240281e+02,1.420660e+06,8.867091e+01,,,,105
2018-04-26 08:49:59.000000,2.632935e+07,1.839481e+07,1.240281e+02,1.420653e+06,8.867079e+01,,,,105
2018-04-26 08:50:00.000000,2.632913e+07,1.839462e+07,1.240282e+02,1.420648e+06,8.867068e+01,,,,105
2018-04-26 08:50:01.000000,2.632891e+07,1.839563e+07,1.240288e+02,1.420641e+06,8.867058e+01,,,,105
2018-04-26 08:50:02.000000,2.632868e+07,1.839427e+07,1.240280e+02,1.420635e+06,8.867047e+01,,,,105
2018-04-26 08:50:03.000000,2.632843e+07,1.839439e+07,1.240280e+02,1.420629e+06,8.867036e+01,,,,105
2018-04-26 08:50:04.000000,2.632819e+07,1.839301e+07,1.240273e+02,1.420622e+06,8.867026e+01,,,,105
2018-04-26 08:50:05.000000,2.632797e+07,1.839443e+07,1.240281e+02,1.420617e+06,8.867014e+01,,,,105
2018-04-26 08:50:06.000000,2.632776e+07,1.839246e+07,1.240270e+02,1.420611e+06,8.867004e+01,,,,105
2018-04-26 08:50:07.000000,2.632753e+07,1.839214e+07,1.240269e+02,1.420604e+06,8.866993e+01,,,,105
2018-04-26 08:50:08.000000,2.632730e+07,1.839326e+07,1.240275e+02,1.420598e+06,8.866982e+01,,,,105
2018-04-26 08:50:09.000000,2.632705e+07,1.839271e+07,1.240274e+02,1.420592e+06,8.866971e+01,,,,105
2018-04-26 08:50:10.000000,2.632682e+07,1.839376e+07,1.240280e+02,1.420586e+06,8.866961e+01,,,,105
2018-04-26 08:50:11.000000,2.632659e+07,1.839233e+07,1.240273e+02,1.420580e+06,8.866950e+01,,,,105
2018-04-26 08:50:12.000000,2.632639e+07,1.839364e+07,1.240280e+02,1.420574e+06,8.866939e+01,,,,105
2018-04-26 08:50:13.000000,2.632616e+07,1.839233e+07,1.240274e+02,1.420568e+06,8.866928e+01,,,,105
2018-04-26 08:50:14.000000,2.632591e+07,1.839293e+07,1.240277e+02,1.420562e+06,8.866917e+01,,,,105
2018-04-26 08:50:15.000000,2.632569e+07,1.839112e+07,1.240267e+02,1.420555e+06,8.866907e+01,,,,105
2018-04-26 08:50:16.000000,2.632545e+07,1.839084e+07,1.240266e+02,1.420549e+06,8.866896e+01,,,,105
2018-04-26 08:50:17.000000,2.632523e+07,1.839068e+07,1.240265e+02,1.420544e+06,8.866885e+01,,,,105
2018-04-26 08:50:18.000000,2.632501e+07,1.839017e+07,1.240263e+02,1.420537e+06,8.866875e+01,,,,105
2018-04-26 08:50:19.000000,2.632478e+07,1.839127e+07,1.240269e+02,1.420531e+06,8.866863e+01,,,,105
2018-04-26 08:50:20.000000,2.632454e+07,1.839075e+07,1.240268e+02,1.420526e+06,8.866853e+01,,,,105
2018-04-26 08:50:21.000000,2.632431e+07,1.839180e+07,1.240274e+02,1.420519e+06,8.866843e+01,,,,105
2018-04-26 08:50:22.000000,2.632407e+07,1.839039e+07,1.240267e+02,1.420513e+06,8.866831e+01,,,,105
2018-04-26 08:50:23.000000,2.632387e+07,1.839218e+07,1.240277e+02,1.420507e+06,8.866821e+01,,,,105
2018-04-26 08:50:24.000000,2.632363e+07,1.839043e+07,1.240269e+02,1.420501e+06,8.866811e+01,,,,105
2018-04-26 08:50:25.000000,2.632340e+07,1.839016e+07,1.240268e+02,1.420495e+06,8.866800e+01,,,,105
2018-04-26 08:50:26.000000,2.632316e+07,1.838909e+07,1.240261e+02,1.420489e+06,8.866789e+01,,,,105
2018-04-26 08:50:27.000000,2.632293e+07,1.838888e+07,1.240260e+02,1.420482e+06,8.866778e+01,,,,105
2018-04-26 08:50:28.000000,2.632271e+07,1.838871e+07,1.240258e+02,1.420477e+06,8.866767e+01,,,,105
2018-04-26 08:50:29.000000,2.632249e+07,1.838821e+07,1.240256e+02,1.420470e+06,8.866757e+01,,,,105
2018-04-26 08:50:30.000000,2.632226e+07,1.838928e+07,1.240263e+02,1.420464e+06,8.866746e+01,,,,105
2018-04-26 08:50:31.000000,2.632201e+07,1.838873e+07,1.240261e+02,1.420459e+06,8.866736e+01,,,,105
2018-04-26 08:50:32.000000,2.632178e+07,1.838972e+07,1.240267e+02,1.420452e+06,8.866725e+01,,,,105
2018-04-26 08:50:33.000000,2.632154e+07,1.838841e+07,1.240260e+02,1.420446e+06,8.866714e+01,,,,105
2018-04-26 08:50:34.000000,2.632133e+07,1.839016e+07,1.240271e+02,1.420440e+06,8.866704e+01,,,,105
2018-04-26 08:50:35.000000,2.632110e+07,1.838843e+07,1.240262e+02,1.420434e+06,8.866694e+01,,,,105
2018-04-26 08:50:36.000000,2.632087e+07,1.838815e+07,1.240261e+02,1.420428e+06,8.866683e+01,,,,105
2018-04-26 08:50:37.000000,2.632062e+07,1.838741e+07,1.240255e+02,1.420422e+06,8.866672e+01,,,,105
2018-04-26 08:50:38.000000,2.632039e+07,1.838680e+07,1.240253e+02,1.420415e+06,8.866661e+01,,,,105
2018-04-26 08:50:39.000000,2.632015e+07,1.838795e+07,1.240259e+02,1.420410e+06,8.866651e+01,,,,105
2018-04-26 08:50:40.000000,2.631994e+07,1.838624e+07,1.240250e+02,1.420404e+06,8.866640e+01,,,,105
2018-04-26 08:50:41.000000,2.631971e+07,1.838717e+07,1.240255e+02,1.420397e+06,8.866629e+01,,,,105
2018-04-26 08:50:42.000000,2.631946e+07,1.838672e+07,1.240255e+02,1.420392e+06,8.866619e+01,,,,105
2018-04-26 08:50:43.000000,2.631922e+07,1.838825e+07,1.240263e+02,1.420385e+06,8.866609e+01,,,,105
2018-04-26 08:50:44.000000,2.631900e+07,1.838677e+07,1.240256e+02,1.420379e+06,8.866598e+01,,,,105
2018-04-26 08:50:45.000000,2.631877e+07,1.838813e+07,1.240264e+02,1.420374e+06,8.866587e+01,,,,105
2018-04-26 08:50:46.000000,2.631853e+07,1.838675e+07,1.240258e+02,1.420367e+06,8.866577e+01,,,,105
2018-04-26 08:50:47.000000,2.631831e+07,1.838610e+07,1.240254e+02,1.420361e+06,8.866566e+01,,,,105
2018-04-26 08:50:48.000000,2.631806e+07,1.838539e+07,1.240249e+02,1.420355e+06,8.866556e+01,,,,105
2018-04-26 08:50:49.000000,2.631782e+07,1.838481e+07,1.240246e+02,1.420349e+06,8.866546e+01,,,,105
2018-04-26 08:50:50.000000,2.631759e+07,1.838593e+07,1.240253e+02,1.420343e+06,8.866535e+01,,,,105
2018-04-26 08:50:51.000000,2.631738e+07,1.838424e+07,1.240244e+02,1.420337e+06,8.866524e+01,,,,105
2018-04-26 08:50:52.000000,2.631715e+07,1.838515e+07,1.240249e+02,1.420330e+06,8.866513e+01,,,,105
2018-04-26 08:50:53.000000,2.631691e+07,1.838378e+07,1.240242e+02,1.420325e+06,8.866503e+01,,,,105
2018-04-26 08:50:54.000000,2.631666e+07,1.838617e+07,1.240257e+02,1.420319e+06,8.866493e+01,,,,105
2018-04-26 08:50:55.000000,2.631643e+07,1.838476e+07,1.240249e+02,1.420312e+06,8.866482e+01,,,,105
2018-04-26 08:50:56.000000,2.631620e+07,1.838610e+07,1.240258e+02,1.420307e+06,8.866472e+01,,,,105
2018-04-26 08:50:57.000000,2.631598e+07,1.838475e+07,1.240251e+02,1.420300e+06,8.866462e+01,,,,105
2018-04-26 08:50:58.000000,2.631575e+07,1.838409e+07,1.240248e+02,1.420294e+06,8.866451e+01,,,,105
2018-04-26 08:50:59.000000,2.631550e+07,1.838337e+07,1.240243e+02,1.420289e+06,8.866440e+01,,,,105
2018-04-26 08:51:00.000000,2.631525e+07,1.838279e+07,1.240240e+02,1.420282e+06,8.866430e+01,,,,105
2018-04-26 08:51:01.000000,2.631502e+07,1.838444e+07,1.240249e+02,1.420276e+06,8.866419e+01,,,,105
2018-04-26 08:51:02.000000,2.631481e+07,1.838226e+07,1.240237e+02,1.420271e+06,8.866409e+01,,,,105
2018-04-26 08:51:03.000000,2.631457e+07,1.838369e+07,1.240245e+02,1.420264e+06,8.866399e+01,,,,105
2018-04-26 08:51:04.000000,2.631434e+07,1.838214e+07,1.240237e+02,1.420258e+06,8.866388e+01,,,,105
2018-04-26 08:51:05.000000,2.631409e+07,1.838414e+07,1.240250e+02,1.420252e+06,8.866378e+01,,,,105
2018-04-26 08:51:06.000000,2.631385e+07,1.838276e+07,1.240243e+02,1.420246e+06,8.866367e+01,,,,105
2018-04-26 08:51:07.000000,2.631364e+07,1.838408e+07,1.240251e+02,1.420240e+06,8.866356e+01,,,,105
2018-04-26 08:51:08.000000,2.631341e+07,1.838276e+07,1.240245e+02,1.420234e+06,8.866346e+01,,,,105
2018-04-26 08:51:09.000000,2.631318e+07,1.838208e+07,1.240241e+02,1.420228e+06,8.866335e+01,,,,105
2018-04-26 08:51:10.000000,2.631293e+07,1.838138e+07,1.240237e+02,1.420222e+06,8.866325e+01,,,,105
2018-04-26 08:51:11.000000,2.631269e+07,1.838079e+07,1.240234e+02,1.420215e+06,8.866315e+01,,,,105
2018-04-26 08:51:12.000000,2.631245e+07,1.838243e+07,1.240243e+02,1.420210e+06,8.866304e+01,,,,105
2018-04-26 08:51:13.000000,2.631224e+07,1.838027e+07,1.240231e+02,1.420204e+06,8.866294e+01,,,,105
2018-04-26 08:51:14.000000,2.631200e+07,1.838166e+07,1.240238e+02,1.420197e+06,8.866284e+01,,,,105
2018-04-26 08:51:15.000000,2.631177e+07,1.838014e+07,1.240231e+02,1.420192e+06,8.866273e+01,,,,105
2018-04-26 08:51:16.000000,2.631152e+07,1.838211e+07,1.240243e+02,1.420186e+06,8.866263e+01,,,,105
2018-04-26 08:51:17.000000,2.631128e+07,1.838077e+07,1.240236e+02,1.420179e+06,8.866253e+01,,,,105
2018-04-26 08:51:18.000000,2.631105e+07,1.838011e+07,1.240234e+02,1.420174e+06,8.866242e+01,,,,105
2018-04-26 08:51:19.000000,2.631084e+07,1.838057e+07,1.240237e+02,1.420168e+06,8.866232e+01,,,,105
2018-04-26 08:51:20.000000,2.631060e+07,1.838007e+07,1.240235e+02,1.420161e+06,8.866221e+01,,,,105
2018-04-26 08:51:21.000000,2.631036e+07,1.838025e+07,1.240235e+02,1.420156e+06,8.866210e+01,,,,105
2018-04-26 08:51:22.000000,2.631013e+07,1.837885e+07,1.240228e+02,1.420149e+06,8.866201e+01,,,,105
2018-04-26 08:51:23.000000,2.630989e+07,1.838041e+07,1.240236e+02,1.420143e+06,8.866190e+01,,,,105
2018-04-26 08:51:24.000000,2.630967e+07,1.837830e+07,1.240224e+02,1.420138e+06,8.866179e+01,,,,105
2018-04-26 08:51:25.000000,2.630945e+07,1.837964e+07,1.240232e+02,1.420131e+06,8.866169e+01,,,,105
2018-04-26 08:51:26.000000,2.630920e+07,1.837814e+07,1.240224e+02,1.420125e+06,8.866158e+01,,,,105
2018-04-26 08:51:27.000000,2.630896e+07,1.838009e+07,1.240237e+02,1.420120e+06,8.866148e+01,,,,105
2018-04-26 08:51:28.000000,2.630872e+07,1.837879e+07,1.240230e+02,1.420113e+06,8.866138e+01,,,,105
2018-04-26 08:51:29.000000,2.630849e+07,1.837811e+07,1.240227e+02,1.420107e+06,8.866127e+01,,,,105
2018-04-26 08:51:30.000000,2.630828e+07,1.837857e+07,1.240231e+02,1.420101e+06,8.866117e+01,,,,105
2018-04-26 08:51:31.000000,2.630804e+07,1.837809e+07,1.240228e+02,1.420095e+06,8.866107e+01,,,,105
2018-04-26 08:51:32.000000,2.630781e+07,1.837975e+07,1.240238e+02,1.420090e+06,8.866096e+01,,,,105
2018-04-26 08:51:33.000000,2.630756e+07,1.837697e+07,1.240222e+02,1.420084e+06,8.866086e+01,,,,105
2018-04-26 08:51:34.000000,2.630733e+07,1.837839e+07,1.240230e+02,1.420077e+06,8.866075e+01,,,,105
2018-04-26 08:51:35.000000,2.630711e+07,1.837636e+07,1.240218e+02,1.420072e+06,8.866065e+01,,,,105
2018-04-26 08:51:36.000000,2.630689e+07,1.837750e+07,1.240224e+02,1.420065e+06,8.866055e+01,,,,105
2018-04-26 08:51:37.000000,2.630665e+07,1.837615e+07,1.240218e+02,1.420059e+06,8.866044e+01,,,,105
2018-04-26 08:51:38.000000,2.630640e+07,1.837646e+07,1.240222e+02,1.420054e+06,8.866034e+01,,,,105
2018-04-26 08:51:39.000000,2.630616e+07,1.837665e+07,1.240223e+02,1.420047e+06,8.866024e+01,,,,105
2018-04-26 08:51:40.000000,2.630592e+07,1.837608e+07,1.240221e+02,1.420041e+06,8.866013e+01,,,,105
2018-04-26 08:51:41.000000,2.630570e+07,1.837652e+07,1.240224e+02,1.420036e+06,8.866003e+01,,,,105
2018-04-26 08:51:42.000000,2.630547e+07,1.837605e+07,1.240222e+02,1.420029e+06,8.865993e+01,,,,105
2018-04-26 08:51:43.000000,2.630523e+07,1.837771e+07,1.240231e+02,1.420024e+06,8.865982e+01,,,,105
2018-04-26 08:51:44.000000,2.630498e+07,1.837495e+07,1.240215e+02,1.420018e+06,8.865972e+01,,,,105
2018-04-26 08:51:45.000000,2.630474e+07,1.837632e+07,1.240223e+02,1.420011e+06,8.865962e+01,,,,105
2018-04-26 08:51:46.000000,2.630451e+07,1.837473e+07,1.240215e+02,1.420006e+06,8.865951e+01,,,,105
2018-04-26 08:51:47.000000,2.630430e+07,1.837550e+07,1.240219e+02,1.420000e+06,8.865941e+01,,,,105
2018-04-26 08:51:48.000000,2.630406e+07,1.837410e+07,1.240211e+02,1.419994e+06,8.865930e+01,,,,105
2018-04-26 08:51:49.000000,2.630380e+07,1.837440e+07,1.240215e+02,1.419988e+06,8.865920e+01,,,,105
2018-04-26 08:51:50.000000,2.630357e+07,1.837459e+07,1.240216e+02,1.419981e+06,8.865910e+01,,,,105
2018-04-26 08:51:51.000000,2.630333e+07,1.837404e+07,1.240214e+02,1.419976e+06,8.865899e+01,,,,105
2018-04-26 08:51:52.000000,2.630310e+07,1.837534e+07,1.240222e+02,1.419970e+06,8.865889e+01,,,,105
2018-04-26 08:51:53.000000,2.630287e+07,1.837408e+07,1.240216e+02,1.419964e+06,8.865879e+01,,,,105
2018-04-26 08:51:54.000000,2.630263e+07,1.837560e+07,1.240224e+02,1.419958e+06,8.865868e+01,,,,105
2018-04-26 08:51:55.000000,2.630238e+07,1.837294e+07,1.240209e+02,1.419952e+06,8.865858e+01,,,,105
2018-04-26 08:51:56.000000,2.630214e+07,1.837411e+07,1.240216e+02,1.419946e+06,8.865848e+01,,,,105
2018-04-26 08:51:57.000000,2.630191e+07,1.837268e+07,1.240208e+02,1.419940e+06,8.865837e+01,,,,105
2018-04-26 08:51:58.000000,2.630168e+07,1.837343e+07,1.240212e+02,1.419934e+06,8.865827e+01,,,,105
2018-04-26 08:51:59.000000,2.630145e+07,1.837206e+07,1.240204e+02,1.419928e+06,8.865817e+01,,,,105
2018-04-26 08:52:00.000000,2.630121e+07,1.837141e+07,1.240202e+02,1.419922e+06,8.865806e+01,,,,105
2018-04-26 08:52:01.000000,2.630096e+07,1.837246e+07,1.240209e+02,1.419916e+06,8.865796e+01,,,,105
2018-04-26 08:52:02.000000,2.630072e+07,1.837197e+07,1.240207e+02,1.419910e+06,8.865785e+01,,,,105
2018-04-26 08:52:03.000000,2.630049e+07,1.837328e+07,1.240215e+02,1.419905e+06,8.865775e+01,,,,105
2018-04-26 08:52:04.000000,2.630027e+07,1.837203e+07,1.240209e+02,1.419898e+06,8.865765e+01,,,,105
2018-04-26 08:52:05.000000,2.630003e+07,1.837351e+07,1.240218e+02,1.419892e+06,8.865754e+01,,,,105
2018-04-26 08:52:06.000000,2.629977e+07,1.837090e+07,1.240203e+02,1.419887e+06,8.865744e+01,,,,105
2018-04-26 08:52:07.000000,2.629953e+07,1.837202e+07,1.240208e+02,1.419880e+06,8.865734e+01,,,,105
2018-04-26 08:52:08.000000,2.629929e+07,1.837062e+07,1.240201e+02,1.419875e+06,8.865723e+01,,,,105
2018-04-26 08:52:09.000000,2.629907e+07,1.837135e+07,1.240205e+02,1.419869e+06,8.865713e+01,,,,105
2018-04-26 08:52:10.000000,2.629884e+07,1.837000e+07,1.240198e+02,1.419863e+06,8.865703e+01,,,,105
2018-04-26 08:52:11.000000,2.629860e+07,1.836936e+07,1.240195e+02,1.419857e+06,8.865692e+01,,,,105
2018-04-26 08:52:12.000000,2.629834e+07,1.837038e+07,1.240202e+02,1.419851e+06,8.865682e+01,,,,105
2018-04-26 08:52:13.000000,2.629810e+07,1.836990e+07,1.240200e+02,1.419845e+06,8.865671e+01,,,,105
2018-04-26 08:52:14.000000,2.629786e+07,1.837160e+07,1.240210e+02,1.419839e+06,8.865661e+01,,,,105
2018-04-26 08:52:15.000000,2.629765e+07,1.836997e+07,1.240203e+02,1.419833e+06,8.865651e+01,,,,105
2018-04-26 08:52:16.000000,2.629741e+07,1.837141e+07,1.240211e+02,1.419827e+06,8.865640e+01,,,,105
2018-04-26 08:52:17.000000,2.629715e+07,1.836882e+07,1.240196e+02,1.419822e+06,8.865630e+01,,,,105
2018-04-26 08:52:18.000000,2.629691e+07,1.836993e+07,1.240201e+02,1.419815e+06,8.865620e+01,,,,105
2018-04-26 08:52:19.000000,2.629668e+07,1.836856e+07,1.240195e+02,1.419809e+06,8.865609e+01,,,,105
2018-04-26 08:52:20.000000,2.629644e+07,1.836778e+07,1.240190e+02,1.419804e+06,8.865599e+01,,,,105
2018-04-26 08:52:21.000000,2.629621e+07,1.836874e+07,1.240196e+02,1.419797e+06,8.865589e+01,,,,105
2018-04-26 08:52:22.000000,2.629597e+07,1.836727e+07,1.240188e+02,1.419792e+06,8.865578e+01,,,,105
2018-04-26 08:52:23.000000,2.629570e+07,1.836916e+07,1.240200e+02,1.419786e+06,8.865568e+01,,,,105
2018-04-26 08:52:24.000000,2.629547e+07,1.836792e+07,1.240194e+02,1.419780e+06,8.865558e+01,,,,105
2018-04-26 08:52:25.000000,2.629523e+07,1.836944e+07,1.240203e+02,1.419774e+06,8.865547e+01,,,,105
2018-04-26 08:52:26.000000,2.629501e+07,1.836790e+07,1.240196e+02,1.419768e+06,8.865537e+01,,,,105
2018-04-26 08:52:27.000000,2.629477e+07,1.836933e+07,1.240204e+02,1.419762e+06,8.865526e+01,,,,105
2018-04-26 08:52:28.000000,2.629454e+07,1.836776e+07,1.240196e+02,1.419756e+06,8.865516e+01,,,,105
2018-04-26 08:52:29.000000,2.629428e+07,1.836795e+07,1.240196e+02,1.419750e+06,8.865506e+01,,,,105
2018-04-26 08:52:30.000000,2.629404e+07,1.836649e+07,1.240188e+02,1.419745e+06,8.865495e+01,,,,105
2018-04-26 08:52:31.000000,2.629381e+07,1.836572e+07,1.240184e+02,1.419739e+06,8.865485e+01,,,,105
2018-04-26 08:52:32.000000,2.629358e+07,1.836666e+07,1.240190e+02,1.419733e+06,8.865475e+01,,,,105
2018-04-26 08:52:33.000000,2.629334e+07,1.836523e+07,1.240182e+02,1.419727e+06,8.865464e+01,,,,105
2018-04-26 08:52:34.000000,2.629308e+07,1.836708e+07,1.240194e+02,1.419722e+06,8.865454e+01,,,,105
2018-04-26 08:52:35.000000,2.629284e+07,1.836587e+07,1.240187e+02,1.419715e+06,8.865444e+01,,,,105
2018-04-26 08:52:36.000000,2.629260e+07,1.836737e+07,1.240196e+02,1.419709e+06,8.865433e+01,,,,105
2018-04-26 08:52:37.000000,2.629238e+07,1.836585e+07,1.240189e+02,1.419704e+06,8.865423e+01,,,,105
2018-04-26 08:52:38.000000,2.629215e+07,1.836726e+07,1.240197e+02,1.419697e+06,8.865413e+01,,,,105
2018-04-26 08:52:39.000000,2.629191e+07,1.836572e+07,1.240189e+02,1.419692e+06,8.865402e+01,,,,105
2018-04-26 08:52:40.000000,2.629165e+07,1.836589e+07,1.240189e+02,1.419686e+06,8.865391e+01,,,,105
2018-04-26 08:52:41.000000,2.629142e+07,1.836444e+07,1.240181e+02,1.419680e+06,8.865380e+01,,,,105
2018-04-26 08:52:42.000000,2.629119e+07,1.836368e+07,1.240177e+02,1.419675e+06,8.865370e+01,,,,105
2018-04-26 08:52:43.000000,2.629096e+07,1.836460e+07,1.240182e+02,1.419668e+06,8.865360e+01,,,,105
2018-04-26 08:52:44.000000,2.629072e+07,1.836318e+07,1.240175e+02,1.419663e+06,8.865349e+01,,,,105
2018-04-26 08:52:45.000000,2.629046e+07,1.836502e+07,1.240187e+02,1.419657e+06,8.865339e+01,,,,105
2018-04-26 08:52:46.000000,2.629023e+07,1.836384e+07,1.240181e+02,1.419651e+06,8.865329e+01,,,,105
2018-04-26 08:52:47.000000,2.628999e+07,1.836531e+07,1.240189e+02,1.419645e+06,8.865318e+01,,,,105
2018-04-26 08:52:48.000000,2.628976e+07,1.836381e+07,1.240183e+02,1.419640e+06,8.865308e+01,,,,105
2018-04-26 08:52:49.000000,2.628953e+07,1.836518e+07,1.240190e+02,1.419633e+06,8.865298e+01,,,,105
2018-04-26 08:52:50.000000,2.628929e+07,1.836366e+07,1.240182e+02,1.419628e+06,8.865287e+01,,,,105
2018-04-26 08:52:51.000000,2.628904e+07,1.836382e+07,1.240182e+02,1.419622e+06,8.865276e+01,,,,105
2018-04-26 08:52:52.000000,2.628880e+07,1.836239e+07,1.240174e+02,1.419616e+06,8.865266e+01,,,,105
2018-04-26 08:52:53.000000,2.628855e+07,1.836177e+07,1.240172e+02,1.419610e+06,8.865255e+01,,,,105
2018-04-26 08:52:54.000000,2.628834e+07,1.836254e+07,1.240176e+02,1.419604e+06,8.865245e+01,,,,105
2018-04-26 08:52:55.000000,2.628810e+07,1.836110e+07,1.240168e+02,1.419599e+06,8.865234e+01,,,,105
2018-04-26 08:52:56.000000,2.628784e+07,1.836290e+07,1.240180e+02,1.419593e+06,8.865224e+01,,,,105
2018-04-26 08:52:57.000000,2.628760e+07,1.836174e+07,1.240175e+02,1.419587e+06,8.865213e+01,,,,105
2018-04-26 08:52:58.000000,2.628736e+07,1.836319e+07,1.240183e+02,1.419581e+06,8.865202e+01,,,,105
2018-04-26 08:52:59.000000,2.628713e+07,1.836172e+07,1.240176e+02,1.419576e+06,8.865192e+01,,,,105
2018-04-26 08:53:00.000000,2.628690e+07,1.836306e+07,1.240183e+02,1.419569e+06,8.865182e+01,,,,105
2018-04-26 08:53:01.000000,2.628665e+07,1.836156e+07,1.240175e+02,1.419564e+06,8.865171e+01,,,,105
2018-04-26 08:53:02.000000,2.628640e+07,1.836172e+07,1.240175e+02,1.419559e+06,8.865161e+01,,,,105
2018-04-26 08:53:03.000000,2.628615e+07,1.836031e+07,1.240168e+02,1.419552e+06,8.865150e+01,,,,105
2018-04-26 08:53:04.000000,2.628590e+07,1.835967e+07,1.240165e+02,1.419547e+06,8.865139e+01,,,,105
2018-04-26 08:53:05.000000,2.628569e+07,1.836043e+07,1.240169e+02,1.419541e+06,8.865129e+01,,,,105
2018-04-26 08:53:06.000000,2.628545e+07,1.835902e+07,1.240161e+02,1.419535e+06,8.865119e+01,,,,105
2018-04-26 08:53:07.000000,2.628520e+07,1.836062e+07,1.240171e+02,1.419529e+06,8.865108e+01,,,,105
2018-04-26 08:53:08.000000,2.628495e+07,1.835961e+07,1.240167e+02,1.419523e+06,8.865097e+01,,,,105
2018-04-26 08:53:09.000000,2.628471e+07,1.836107e+07,1.240176e+02,1.419518e+06,8.865086e+01,,,,105
2018-04-26 08:53:10.000000,2.628448e+07,1.835964e+07,1.240169e+02,1.419513e+06,8.865076e+01,,,,105
2018-04-26 08:53:11.000000,2.628425e+07,1.836096e+07,1.240176e+02,1.419506e+06,8.865065e+01,,,,105
2018-04-26 08:53:12.000000,2.628401e+07,1.835948e+07,1.240169e+02,1.419501e+06,8.865054e+01,,,,105
2018-04-26 08:53:13.000000,2.628374e+07,1.835962e+07,1.240169e+02,1.419495e+06,8.865044e+01,,,,105
2018-04-26 08:53:14.000000,2.628349e+07,1.835821e+07,1.240162e+02,1.419489e+06,8.865034e+01,,,,105
2018-04-26 08:53:15.000000,2.628325e+07,1.835757e+07,1.240158e+02,1.419483e+06,8.865022e+01,,,,105
2018-04-26 08:53:16.000000,2.628303e+07,1.835832e+07,1.240162e+02,1.419478e+06,8.865012e+01,,,,105
2018-04-26 08:53:17.000000,2.628279e+07,1.835693e+07,1.240155e+02,1.419472e+06,8.865002e+01,,,,105
2018-04-26 08:53:18.000000,2.628254e+07,1.835852e+07,1.240164e+02,1.419466e+06,8.864990e+01,,,,105
2018-04-26 08:53:19.000000,2.628229e+07,1.835751e+07,1.240160e+02,1.419460e+06,8.864980e+01,,,,105
2018-04-26 08:53:20.000000,2.628205e+07,1.835895e+07,1.240169e+02,1.419455e+06,8.864970e+01,,,,105
2018-04-26 08:53:21.000000,2.628180e+07,1.835742e+07,1.240161e+02,1.419449e+06,8.864958e+01,,,,105
2018-04-26 08:53:22.000000,2.628158e+07,1.835885e+07,1.240169e+02,1.419443e+06,8.864948e+01,,,,105
2018-04-26 08:53:23.000000,2.628134e+07,1.835739e+07,1.240162e+02,1.419438e+06,8.864936e+01,,,,105
2018-04-26 08:53:24.000000,2.628108e+07,1.835750e+07,1.240162e+02,1.419433e+06,8.864926e+01,,,,105
2018-04-26 08:53:25.000000,2.628084e+07,1.835610e+07,1.240155e+02,1.419426e+06,8.864915e+01,,,,105
2018-04-26 08:53:26.000000,2.628059e+07,1.835545e+07,1.240152e+02,1.419421e+06,8.864904e+01,,,,105
2018-04-26 08:53:27.000000,2.628036e+07,1.835618e+07,1.240156e+02,1.419416e+06,8.864894e+01,,,,105
2018-04-26 08:53:28.000000,2.628012e+07,1.835481e+07,1.240149e+02,1.419409e+06,8.864883e+01,,,,105
2018-04-26 08:53:29.000000,2.627988e+07,1.835637e+07,1.240157e+02,1.419404e+06,8.864872e+01,,,,105
2018-04-26 08:53:30.000000,2.627962e+07,1.835540e+07,1.240153e+02,1.419399e+06,8.864861e+01,,,,105
2018-04-26 08:53:31.000000,2.627938e+07,1.835683e+07,1.240162e+02,1.419392e+06,8.864851e+01,,,,105
2018-04-26 08:53:32.000000,2.627913e+07,1.835532e+07,1.240154e+02,1.419387e+06,8.864839e+01,,,,105
2018-04-26 08:53:33.000000,2.627891e+07,1.835671e+07,1.240162e+02,1.419381e+06,8.864829e+01,,,,105
2018-04-26 08:53:34.000000,2.627867e+07,1.835529e+07,1.240155e+02,1.419375e+06,8.864818e+01,,,,105
2018-04-26 08:53:35.000000,2.627842e+07,1.835465e+07,1.240152e+02,1.419370e+06,8.864807e+01,,,,105
2018-04-26 08:53:36.000000,2.627817e+07,1.835394e+07,1.240147e+02,1.419364e+06,8.864796e+01,,,,105
2018-04-26 08:53:37.000000,2.627792e+07,1.835335e+07,1.240145e+02,1.419358e+06,8.864785e+01,,,,105
2018-04-26 08:53:38.000000,2.627769e+07,1.835320e+07,1.240144e+02,1.419353e+06,8.864774e+01,,,,105
2018-04-26 08:53:39.000000,2.627746e+07,1.835267e+07,1.240141e+02,1.419347e+06,8.864763e+01,,,,105
2018-04-26 08:53:40.000000,2.627722e+07,1.835369e+07,1.240147e+02,1.419341e+06,8.864752e+01,,,,105
2018-04-26 08:53:41.000000,2.627696e+07,1.835323e+07,1.240146e+02,1.419336e+06,8.864741e+01,,,,105
2018-04-26 08:53:42.000000,2.627671e+07,1.835476e+07,1.240155e+02,1.419330e+06,8.864730e+01,,,,105
2018-04-26 08:53:43.000000,2.627647e+07,1.835323e+07,1.240147e+02,1.419324e+06,8.864719e+01,,,,105
2018-04-26 08:53:44.000000,2.627624e+07,1.835462e+07,1.240156e+02,1.419319e+06,8.864708e+01,,,,105
2018-04-26 08:53:45.000000,2.627600e+07,1.835321e+07,1.240148e+02,1.419313e+06,8.864697e+01,,,,105
2018-04-26 08:53:46.000000,2.627576e+07,1.835257e+07,1.240146e+02,1.419308e+06,8.864686e+01,,,,105
2018-04-26 08:53:47.000000,2.627551e+07,1.835186e+07,1.240140e+02,1.419302e+06,8.864675e+01,,,,105
2018-04-26 08:53:48.000000,2.627526e+07,1.835127e+07,1.240138e+02,1.419296e+06,8.864663e+01,,,,105
2018-04-26 08:53:49.000000,2.627503e+07,1.835239e+07,1.240144e+02,1.419291e+06,8.864653e+01,,,,105
2018-04-26 08:53:50.000000,2.627481e+07,1.835070e+07,1.240135e+02,1.419285e+06,8.864642e+01,,,,105
2018-04-26 08:53:51.000000,2.627456e+07,1.835160e+07,1.240140e+02,1.419279e+06,8.864630e+01,,,,105
2018-04-26 08:53:52.000000,2.627431e+07,1.835115e+07,1.240140e+02,1.419274e+06,8.864619e+01,,,,105
2018-04-26 08:53:53.000000,2.627406e+07,1.835267e+07,1.240148e+02,1.419268e+06,8.864608e+01,,,,105
2018-04-26 08:53:54.000000,2.627383e+07,1.835118e+07,1.240140e+02,1.419263e+06,8.864597e+01,,,,105
2018-04-26 08:53:55.000000,2.627359e+07,1.835254e+07,1.240149e+02,1.419258e+06,8.864586e+01,,,,105
2018-04-26 08:53:56.000000,2.627335e+07,1.835113e+07,1.240142e+02,1.419251e+06,8.864575e+01,,,,105
2018-04-26 08:53:57.000000,2.627312e+07,1.835048e+07,1.240139e+02,1.419246e+06,8.864563e+01,,,,105
2018-04-26 08:53:58.000000,2.627287e+07,1.834977e+07,1.240134e+02,1.419241e+06,8.864552e+01,,,,105
2018-04-26 08:53:59.000000,2.627261e+07,1.834918e+07,1.240131e+02,1.419234e+06,8.864541e+01,,,,105
2018-04-26 08:54:00.000000,2.627238e+07,1.835027e+07,1.240138e+02,1.419229e+06,8.864530e+01,,,,105
2018-04-26 08:54:01.000000,2.627215e+07,1.834860e+07,1.240129e+02,1.419223e+06,8.864518e+01,,,,105
2018-04-26 08:54:02.000000,2.627191e+07,1.834948e+07,1.240134e+02,1.419218e+06,8.864507e+01,,,,105
2018-04-26 08:54:03.000000,2.627167e+07,1.834811e+07,1.240126e+02,1.419212e+06,8.864496e+01,,,,105
2018-04-26 08:54:04.000000,2.627140e+07,1.835047e+07,1.240141e+02,1.419206e+06,8.864485e+01,,,,105
2018-04-26 08:54:05.000000,2.627117e+07,1.834905e+07,1.240133e+02,1.419201e+06,8.864473e+01,,,,105
2018-04-26 08:54:06.000000,2.627094e+07,1.835039e+07,1.240142e+02,1.419196e+06,8.864461e+01,,,,105
2018-04-26 08:54:07.000000,2.627069e+07,1.834902e+07,1.240136e+02,1.419190e+06,8.864451e+01,,,,105
2018-04-26 08:54:08.000000,2.627045e+07,1.834836e+07,1.240132e+02,1.419184e+06,8.864439e+01,,,,105
2018-04-26 08:54:09.000000,2.627019e+07,1.834764e+07,1.240127e+02,1.419179e+06,8.864427e+01,,,,105
2018-04-26 08:54:10.000000,2.626994e+07,1.834705e+07,1.240124e+02,1.419173e+06,8.864416e+01,,,,105
2018-04-26 08:54:11.000000,2.626970e+07,1.834813e+07,1.240131e+02,1.419168e+06,8.864404e+01,,,,105
2018-04-26 08:54:12.000000,2.626947e+07,1.834647e+07,1.240122e+02,1.419163e+06,8.864393e+01,,,,105
2018-04-26 08:54:13.000000,2.626923e+07,1.834734e+07,1.240127e+02,1.419156e+06,8.864382e+01,,,,105
2018-04-26 08:54:14.000000,2.626899e+07,1.834599e+07,1.240120e+02,1.419151e+06,8.864370e+01,,,,105
2018-04-26 08:54:15.000000,2.626872e+07,1.834777e+07,1.240131e+02,1.419145e+06,8.864359e+01,,,,105
2018-04-26 08:54:16.000000,2.626848e+07,1.834658e+07,1.240125e+02,1.419140e+06,8.864347e+01,,,,105
2018-04-26 08:54:17.000000,2.626826e+07,1.834824e+07,1.240135e+02,1.419135e+06,8.864335e+01,,,,105
2018-04-26 08:54:18.000000,2.626802e+07,1.834660e+07,1.240127e+02,1.419129e+06,8.864324e+01,,,,105
2018-04-26 08:54:19.000000,2.626777e+07,1.834628e+07,1.240126e+02,1.419123e+06,8.864312e+01,,,,105
2018-04-26 08:54:20.000000,2.626751e+07,1.834554e+07,1.240121e+02,1.419118e+06,8.864300e+01,,,,105
2018-04-26 08:54:21.000000,2.626727e+07,1.834494e+07,1.240117e+02,1.419112e+06,8.864289e+01,,,,105
2018-04-26 08:54:22.000000,2.626702e+07,1.834601e+07,1.240124e+02,1.419107e+06,8.864277e+01,,,,105
2018-04-26 08:54:23.000000,2.626678e+07,1.834436e+07,1.240115e+02,1.419102e+06,8.864266e+01,,,,105
2018-04-26 08:54:24.000000,2.626654e+07,1.834520e+07,1.240120e+02,1.419095e+06,8.864254e+01,,,,105
2018-04-26 08:54:25.000000,2.626630e+07,1.834388e+07,1.240113e+02,1.419090e+06,8.864242e+01,,,,105
2018-04-26 08:54:26.000000,2.626603e+07,1.834564e+07,1.240124e+02,1.419085e+06,8.864231e+01,,,,105
2018-04-26 08:54:27.000000,2.626579e+07,1.834445e+07,1.240118e+02,1.419079e+06,8.864219e+01,,,,105
2018-04-26 08:54:28.000000,2.626555e+07,1.834423e+07,1.240118e+02,1.419074e+06,8.864207e+01,,,,105
2018-04-26 08:54:29.000000,2.626532e+07,1.834429e+07,1.240119e+02,1.419068e+06,8.864195e+01,,,,105
2018-04-26 08:54:30.000000,2.626508e+07,1.834415e+07,1.240119e+02,1.419062e+06,8.864183e+01,,,,105
2018-04-26 08:54:31.000000,2.626481e+07,1.834307e+07,1.240112e+02,1.419057e+06,8.864171e+01,,,,105
2018-04-26 08:54:32.000000,2.626457e+07,1.834284e+07,1.240111e+02,1.419051e+06,8.864160e+01,,,,105
2018-04-26 08:54:33.000000,2.626432e+07,1.834386e+07,1.240117e+02,1.419046e+06,8.864148e+01,,,,105
2018-04-26 08:54:34.000000,2.626409e+07,1.834228e+07,1.240108e+02,1.419041e+06,8.864136e+01,,,,105
2018-04-26 08:54:35.000000,2.626385e+07,1.834312e+07,1.240113e+02,1.419035e+06,8.864125e+01,,,,105
2018-04-26 08:54:36.000000,2.626360e+07,1.834173e+07,1.240106e+02,1.419029e+06,8.864112e+01,,,,105
2018-04-26 08:54:37.000000,2.626334e+07,1.834347e+07,1.240117e+02,1.419024e+06,8.864100e+01,,,,105
2018-04-26 08:54:38.000000,2.626308e+07,1.834232e+07,1.240111e+02,1.419018e+06,8.864089e+01,,,,105
2018-04-26 08:54:39.000000,2.626284e+07,1.834209e+07,1.240111e+02,1.419013e+06,8.864077e+01,,,,105
2018-04-26 08:54:40.000000,2.626262e+07,1.834215e+07,1.240112e+02,1.419007e+06,8.864065e+01,,,,105
2018-04-26 08:54:41.000000,2.626237e+07,1.834201e+07,1.240112e+02,1.419002e+06,8.864053e+01,,,,105
2018-04-26 08:54:42.000000,2.626212e+07,1.834211e+07,1.240113e+02,1.418996e+06,8.864041e+01,,,,105
2018-04-26 08:54:43.000000,2.626187e+07,1.834081e+07,1.240105e+02,1.418990e+06,8.864029e+01,,,,105
2018-04-26 08:54:44.000000,2.626162e+07,1.834172e+07,1.240110e+02,1.418985e+06,8.864016e+01,,,,105
2018-04-26 08:54:45.000000,2.626140e+07,1.834017e+07,1.240101e+02,1.418980e+06,8.864004e+01,,,,105
2018-04-26 08:54:46.000000,2.626115e+07,1.834100e+07,1.240106e+02,1.418974e+06,8.863993e+01,,,,105
2018-04-26 08:54:47.000000,2.626090e+07,1.833958e+07,1.240099e+02,1.418969e+06,8.863980e+01,,,,105
2018-04-26 08:54:48.000000,2.626065e+07,1.834140e+07,1.240111e+02,1.418964e+06,8.863968e+01,,,,105
2018-04-26 08:54:49.000000,2.626040e+07,1.834022e+07,1.240105e+02,1.418957e+06,8.863956e+01,,,,105
2018-04-26 08:54:50.000000,2.626015e+07,1.834169e+07,1.240113e+02,1.418952e+06,8.863944e+01,,,,105
2018-04-26 08:54:51.000000,2.625992e+07,1.834020e+07,1.240106e+02,1.418947e+06,8.863931e+01,,,,105
2018-04-26 08:54:52.000000,2.625968e+07,1.833991e+07,1.240105e+02,1.418941e+06,8.863920e+01,,,,105
2018-04-26 08:54:53.000000,2.625944e+07,1.834000e+07,1.240106e+02,1.418936e+06,8.863907e+01,,,,105
2018-04-26 08:54:54.000000,2.625917e+07,1.833871e+07,1.240098e+02,1.418930e+06,8.863895e+01,,,,105
2018-04-26 08:54:55.000000,2.625893e+07,1.833960e+07,1.240103e+02,1.418924e+06,8.863883e+01,,,,105
2018-04-26 08:54:56.000000,2.625869e+07,1.833813e+07,1.240096e+02,1.418919e+06,8.863870e+01,,,,105
2018-04-26 08:54:57.000000,2.625846e+07,1.833891e+07,1.240100e+02,1.418913e+06,8.863858e+01,,,,105
2018-04-26 08:54:58.000000,2.625822e+07,1.833749e+07,1.240092e+02,1.418908e+06,8.863846e+01,,,,105
2018-04-26 08:54:59.000000,2.625796e+07,1.833928e+07,1.240104e+02,1.418903e+06,8.863833e+01,,,,105
2018-04-26 08:55:00.000000,2.625772e+07,1.833812e+07,1.240098e+02,1.418897e+06,8.863821e+01,,,,105
2018-04-26 08:55:01.000000,2.625748e+07,1.833957e+07,1.240106e+02,1.418892e+06,8.863808e+01,,,,105
2018-04-26 08:55:02.000000,2.625725e+07,1.833810e+07,1.240100e+02,1.418887e+06,8.863796e+01,,,,105
2018-04-26 08:55:03.000000,2.625700e+07,1.833944e+07,1.240107e+02,1.418880e+06,8.863784e+01,,,,105
2018-04-26 08:55:04.000000,2.625676e+07,1.833793e+07,1.240099e+02,1.418875e+06,8.863771e+01,,,,105
2018-04-26 08:55:05.000000,2.625651e+07,1.833807e+07,1.240099e+02,1.418870e+06,8.863759e+01,,,,105
2018-04-26 08:55:06.000000,2.625626e+07,1.833666e+07,1.240092e+02,1.418864e+06,8.863747e+01,,,,105
2018-04-26 08:55:07.000000,2.625600e+07,1.833603e+07,1.240089e+02,1.418859e+06,8.863734e+01,,,,105
2018-04-26 08:55:08.000000,2.625578e+07,1.833677e+07,1.240093e+02,1.418853e+06,8.863721e+01,,,,105
2018-04-26 08:55:09.000000,2.625554e+07,1.833537e+07,1.240085e+02,1.418848e+06,8.863709e+01,,,,105
2018-04-26 08:55:10.000000,2.625529e+07,1.833697e+07,1.240094e+02,1.418842e+06,8.863696e+01,,,,105
2018-04-26 08:55:11.000000,2.625503e+07,1.833594e+07,1.240090e+02,1.418836e+06,8.863684e+01,,,,105
2018-04-26 08:55:12.000000,2.625478e+07,1.833739e+07,1.240099e+02,1.418831e+06,8.863671e+01,,,,105
2018-04-26 08:55:13.000000,2.625455e+07,1.833594e+07,1.240093e+02,1.418826e+06,8.863658e+01,,,,105
2018-04-26 08:55:14.000000,2.625431e+07,1.833726e+07,1.240100e+02,1.418820e+06,8.863646e+01,,,,105
2018-04-26 08:55:15.000000,2.625406e+07,1.833580e+07,1.240092e+02,1.418815e+06,8.863633e+01,,,,105
2018-04-26 08:55:16.000000,2.625380e+07,1.833592e+07,1.240092e+02,1.418810e+06,8.863620e+01,,,,105
2018-04-26 08:55:17.000000,2.625355e+07,1.833452e+07,1.240085e+02,1.418804e+06,8.863608e+01,,,,105
2018-04-26 08:55:18.000000,2.625330e+07,1.833388e+07,1.240082e+02,1.418798e+06,8.863595e+01,,,,105
2018-04-26 08:55:19.000000,2.625307e+07,1.833372e+07,1.240081e+02,1.418793e+06,8.863582e+01,,,,105
2018-04-26 08:55:20.000000,2.625282e+07,1.833319e+07,1.240078e+02,1.418787e+06,8.863570e+01,,,,105
2018-04-26 08:55:21.000000,2.625257e+07,1.833422e+07,1.240084e+02,1.418782e+06,8.863557e+01,,,,105
2018-04-26 08:55:22.000000,2.625231e+07,1.833372e+07,1.240083e+02,1.418776e+06,8.863544e+01,,,,105
2018-04-26 08:55:23.000000,2.625206e+07,1.833469e+07,1.240089e+02,1.418771e+06,8.863532e+01,,,,105
2018-04-26 08:55:24.000000,2.625182e+07,1.833334e+07,1.240082e+02,1.418765e+06,8.863518e+01,,,,105
2018-04-26 08:55:25.000000,2.625159e+07,1.833512e+07,1.240093e+02,1.418760e+06,8.863506e+01,,,,105
2018-04-26 08:55:26.000000,2.625134e+07,1.833332e+07,1.240083e+02,1.418754e+06,8.863493e+01,,,,105
2018-04-26 08:55:27.000000,2.625107e+07,1.833386e+07,1.240086e+02,1.418749e+06,8.863479e+01,,,,105
2018-04-26 08:55:28.000000,2.625083e+07,1.833239e+07,1.240078e+02,1.418743e+06,8.863467e+01,,,,105
2018-04-26 08:55:29.000000,2.625058e+07,1.833173e+07,1.240075e+02,1.418738e+06,8.863454e+01,,,,105
2018-04-26 08:55:30.000000,2.625034e+07,1.833156e+07,1.240074e+02,1.418733e+06,8.863441e+01,,,,105
2018-04-26 08:55:31.000000,2.625010e+07,1.833103e+07,1.240071e+02,1.418727e+06,8.863428e+01,,,,105
2018-04-26 08:55:32.000000,2.624985e+07,1.833204e+07,1.240077e+02,1.418722e+06,8.863415e+01,,,,105
2018-04-26 08:55:33.000000,2.624959e+07,1.833156e+07,1.240077e+02,1.418717e+06,8.863402e+01,,,,105
2018-04-26 08:55:34.000000,2.624933e+07,1.833252e+07,1.240082e+02,1.418710e+06,8.863389e+01,,,,105
2018-04-26 08:55:35.000000,2.624909e+07,1.833117e+07,1.240075e+02,1.418705e+06,8.863376e+01,,,,105
2018-04-26 08:55:36.000000,2.624886e+07,1.833293e+07,1.240086e+02,1.418699e+06,8.863363e+01,,,,105
2018-04-26 08:55:37.000000,2.624861e+07,1.833116e+07,1.240076e+02,1.418694e+06,8.863350e+01,,,,105
2018-04-26 08:55:38.000000,2.624836e+07,1.833092e+07,1.240076e+02,1.418689e+06,8.863337e+01,,,,105
2018-04-26 08:55:39.000000,2.624810e+07,1.832982e+07,1.240070e+02,1.418683e+06,8.863324e+01,,,,105
2018-04-26 08:55:40.000000,2.624785e+07,1.832962e+07,1.240069e+02,1.418678e+06,8.863311e+01,,,,105
2018-04-26 08:55:41.000000,2.624762e+07,1.832940e+07,1.240067e+02,1.418673e+06,8.863297e+01,,,,105
2018-04-26 08:55:42.000000,2.624737e+07,1.832892e+07,1.240065e+02,1.418666e+06,8.863284e+01,,,,105
2018-04-26 08:55:43.000000,2.624712e+07,1.832994e+07,1.240071e+02,1.418661e+06,8.863271e+01,,,,105
2018-04-26 08:55:44.000000,2.624686e+07,1.832944e+07,1.240070e+02,1.418656e+06,8.863257e+01,,,,105
2018-04-26 08:55:45.000000,2.624660e+07,1.833042e+07,1.240076e+02,1.418650e+06,8.863245e+01,,,,105
2018-04-26 08:55:46.000000,2.624636e+07,1.832903e+07,1.240068e+02,1.418645e+06,8.863231e+01,,,,105
2018-04-26 08:55:47.000000,2.624613e+07,1.833026e+07,1.240076e+02,1.418640e+06,8.863218e+01,,,,105
2018-04-26 08:55:48.000000,2.624587e+07,1.832899e+07,1.240070e+02,1.418634e+06,8.863205e+01,,,,105
2018-04-26 08:55:49.000000,2.624563e+07,1.832878e+07,1.240069e+02,1.418628e+06,8.863191e+01,,,,105
2018-04-26 08:55:50.000000,2.624537e+07,1.832768e+07,1.240063e+02,1.418622e+06,8.863178e+01,,,,105
2018-04-26 08:55:51.000000,2.624511e+07,1.832747e+07,1.240062e+02,1.418617e+06,8.863165e+01,,,,105
2018-04-26 08:55:52.000000,2.624487e+07,1.832851e+07,1.240068e+02,1.418612e+06,8.863151e+01,,,,105
2018-04-26 08:55:53.000000,2.624465e+07,1.832686e+07,1.240059e+02,1.418606e+06,8.863138e+01,,,,105
2018-04-26 08:55:54.000000,2.624439e+07,1.832780e+07,1.240064e+02,1.418601e+06,8.863124e+01,,,,105
2018-04-26 08:55:55.000000,2.624413e+07,1.832731e+07,1.240063e+02,1.418596e+06,8.863111e+01,,,,105
2018-04-26 08:55:56.000000,2.624389e+07,1.832828e+07,1.240069e+02,1.418589e+06,8.863098e+01,,,,105
2018-04-26 08:55:57.000000,2.624364e+07,1.832691e+07,1.240062e+02,1.418584e+06,8.863084e+01,,,,105
2018-04-26 08:55:58.000000,2.624341e+07,1.832811e+07,1.240069e+02,1.418579e+06,8.863070e+01,,,,105
2018-04-26 08:55:59.000000,2.624316e+07,1.832687e+07,1.240063e+02,1.418573e+06,8.863058e+01,,,,105
2018-04-26 08:56:00.000000,2.624291e+07,1.832836e+07,1.240072e+02,1.418568e+06,8.863044e+01,,,,105
2018-04-26 08:56:01.000000,2.624265e+07,1.832572e+07,1.240056e+02,1.418563e+06,8.863030e+01,,,,105
2018-04-26 08:56:02.000000,2.624240e+07,1.832687e+07,1.240063e+02,1.418557e+06,8.863017e+01,,,,105
2018-04-26 08:56:03.000000,2.624216e+07,1.832546e+07,1.240056e+02,1.418551e+06,8.863003e+01,,,,105
2018-04-26 08:56:04.000000,2.624193e+07,1.832619e+07,1.240060e+02,1.418545e+06,8.862989e+01,,,,105
2018-04-26 08:56:05.000000,2.624169e+07,1.832480e+07,1.240052e+02,1.418540e+06,8.862976e+01,,,,105
2018-04-26 08:56:06.000000,2.624142e+07,1.832511e+07,1.240056e+02,1.418535e+06,8.862963e+01,,,,105
2018-04-26 08:56:07.000000,2.624118e+07,1.832527e+07,1.240057e+02,1.418529e+06,8.862949e+01,,,,105
2018-04-26 08:56:08.000000,2.624093e+07,1.832473e+07,1.240055e+02,1.418524e+06,8.862935e+01,,,,105
2018-04-26 08:56:09.000000,2.624070e+07,1.832513e+07,1.240058e+02,1.418519e+06,8.862922e+01,,,,105
2018-04-26 08:56:10.000000,2.624047e+07,1.832468e+07,1.240056e+02,1.418512e+06,8.862908e+01,,,,105
2018-04-26 08:56:11.000000,2.624022e+07,1.832627e+07,1.240065e+02,1.418507e+06,8.862894e+01,,,,105
2018-04-26 08:56:12.000000,2.623996e+07,1.832358e+07,1.240050e+02,1.418502e+06,8.862880e+01,,,,105
2018-04-26 08:56:13.000000,2.623970e+07,1.832487e+07,1.240056e+02,1.418496e+06,8.862867e+01,,,,105
2018-04-26 08:56:14.000000,2.623946e+07,1.832334e+07,1.240049e+02,1.418491e+06,8.862853e+01,,,,105
2018-04-26 08:56:15.000000,2.623923e+07,1.832405e+07,1.240053e+02,1.418486e+06,8.862839e+01,,,,105
2018-04-26 08:56:16.000000,2.623898e+07,1.832268e+07,1.240045e+02,1.418479e+06,8.862826e+01,,,,105
2018-04-26 08:56:17.000000,2.623873e+07,1.832207e+07,1.240043e+02,1.418474e+06,8.862811e+01,,,,105
2018-04-26 08:56:18.000000,2.623847e+07,1.832306e+07,1.240049e+02,1.418468e+06,8.862797e+01,,,,105
2018-04-26 08:56:19.000000,2.623822e+07,1.832259e+07,1.240048e+02,1.418463e+06,8.862784e+01,,,,105
2018-04-26 08:56:20.000000,2.623799e+07,1.832299e+07,1.240051e+02,1.418458e+06,8.862770e+01,,,,105
2018-04-26 08:56:21.000000,2.623775e+07,1.832254e+07,1.240049e+02,1.418452e+06,8.862756e+01,,,,105
2018-04-26 08:56:22.000000,2.623750e+07,1.832411e+07,1.240058e+02,1.418446e+06,8.862742e+01,,,,105
2018-04-26 08:56:23.000000,2.623724e+07,1.832147e+07,1.240043e+02,1.418441e+06,8.862729e+01,,,,105
2018-04-26 08:56:24.000000,2.623699e+07,1.832272e+07,1.240050e+02,1.418435e+06,8.862714e+01,,,,105
2018-04-26 08:56:25.000000,2.623674e+07,1.832086e+07,1.240040e+02,1.418430e+06,8.862700e+01,,,,105
2018-04-26 08:56:26.000000,2.623651e+07,1.832202e+07,1.240046e+02,1.418425e+06,8.862686e+01,,,,105
2018-04-26 08:56:27.000000,2.623626e+07,1.832058e+07,1.240039e+02,1.418419e+06,8.862673e+01,,,,105
2018-04-26 08:56:28.000000,2.623602e+07,1.831999e+07,1.240037e+02,1.418413e+06,8.862658e+01,,,,105
2018-04-26 08:56:29.000000,2.623575e+07,1.832093e+07,1.240043e+02,1.418407e+06,8.862644e+01,,,,105
2018-04-26 08:56:30.000000,2.623551e+07,1.832053e+07,1.240042e+02,1.418402e+06,8.862631e+01,,,,105
2018-04-26 08:56:31.000000,2.623527e+07,1.832159e+07,1.240048e+02,1.418397e+06,8.862616e+01,,,,105
2018-04-26 08:56:32.000000,2.623504e+07,1.832046e+07,1.240042e+02,1.418391e+06,8.862602e+01,,,,105
2018-04-26 08:56:33.000000,2.623479e+07,1.832143e+07,1.240049e+02,1.418385e+06,8.862589e+01,,,,105
2018-04-26 08:56:34.000000,2.623452e+07,1.831932e+07,1.240037e+02,1.418380e+06,8.862574e+01,,,,105
2018-04-26 08:56:35.000000,2.623428e+07,1.832007e+07,1.240041e+02,1.418374e+06,8.862560e+01,,,,105
2018-04-26 08:56:36.000000,2.623404e+07,1.831875e+07,1.240034e+02,1.418369e+06,8.862545e+01,,,,105
2018-04-26 08:56:37.000000,2.623381e+07,1.831932e+07,1.240037e+02,1.418364e+06,8.862532e+01,,,,105
2018-04-26 08:56:38.000000,2.623356e+07,1.831807e+07,1.240030e+02,1.418358e+06,8.862518e+01,,,,105
2018-04-26 08:56:39.000000,2.623330e+07,1.831942e+07,1.240038e+02,1.418352e+06,8.862503e+01,,,,105
2018-04-26 08:56:40.000000,2.623305e+07,1.831859e+07,1.240035e+02,1.418347e+06,8.862489e+01,,,,105
2018-04-26 08:56:41.000000,2.623280e+07,1.831837e+07,1.240035e+02,1.418341e+06,8.862475e+01,,,,105
2018-04-26 08:56:42.000000,2.623254e+07,1.831847e+07,1.240036e+02,1.418336e+06,8.862461e+01,,,,105
2018-04-26 08:56:43.000000,2.623231e+07,1.831829e+07,1.240036e+02,1.418330e+06,8.862446e+01,,,,105
2018-04-26 08:56:44.000000,2.623206e+07,1.831836e+07,1.240037e+02,1.418324e+06,8.862433e+01,,,,105
2018-04-26 08:56:45.000000,2.623182e+07,1.831783e+07,1.240034e+02,1.418319e+06,8.862418e+01,,,,105
2018-04-26 08:56:46.000000,2.623155e+07,1.831800e+07,1.240034e+02,1.418313e+06,8.862404e+01,,,,105
2018-04-26 08:56:47.000000,2.623130e+07,1.831656e+07,1.240027e+02,1.418308e+06,8.862390e+01,,,,105
2018-04-26 08:56:48.000000,2.623107e+07,1.831724e+07,1.240030e+02,1.418303e+06,8.862376e+01,,,,105
2018-04-26 08:56:49.000000,2.623082e+07,1.831595e+07,1.240024e+02,1.418296e+06,8.862361e+01,,,,105
2018-04-26 08:56:50.000000,2.623058e+07,1.831726e+07,1.240031e+02,1.418291e+06,8.862346e+01,,,,105
2018-04-26 08:56:51.000000,2.623030e+07,1.831646e+07,1.240028e+02,1.418286e+06,8.862333e+01,,,,105
2018-04-26 08:56:52.000000,2.623005e+07,1.831623e+07,1.240028e+02,1.418280e+06,8.862318e+01,,,,105
2018-04-26 08:56:53.000000,2.622981e+07,1.831633e+07,1.240029e+02,1.418274e+06,8.862303e+01,,,,105
2018-04-26 08:56:54.000000,2.622957e+07,1.831615e+07,1.240029e+02,1.418269e+06,8.862289e+01,,,,105
2018-04-26 08:56:55.000000,2.622932e+07,1.831622e+07,1.240030e+02,1.418263e+06,8.862275e+01,,,,105
2018-04-26 08:56:56.000000,2.622908e+07,1.831570e+07,1.240028e+02,1.418258e+06,8.862260e+01,,,,105
2018-04-26 08:56:57.000000,2.622881e+07,1.831586e+07,1.240027e+02,1.418252e+06,8.862246e+01,,,,105
2018-04-26 08:56:58.000000,2.622857e+07,1.831444e+07,1.240020e+02,1.418246e+06,8.862232e+01,,,,105
2018-04-26 08:56:59.000000,2.622832e+07,1.831602e+07,1.240029e+02,1.418241e+06,8.862217e+01,,,,105
2018-04-26 08:57:00.000000,2.622809e+07,1.831383e+07,1.240017e+02,1.418235e+06,8.862202e+01,,,,105
2018-04-26 08:57:01.000000,2.622785e+07,1.831526e+07,1.240025e+02,1.418230e+06,8.862188e+01,,,,105
2018-04-26 08:57:02.000000,2.622758e+07,1.831434e+07,1.240021e+02,1.418224e+06,8.862174e+01,,,,105
2018-04-26 08:57:03.000000,2.622734e+07,1.831570e+07,1.240029e+02,1.418218e+06,8.862159e+01,,,,105
2018-04-26 08:57:04.000000,2.622708e+07,1.831426e+07,1.240022e+02,1.418213e+06,8.862144e+01,,,,105
2018-04-26 08:57:05.000000,2.622685e+07,1.831561e+07,1.240031e+02,1.418208e+06,8.862129e+01,,,,105
2018-04-26 08:57:06.000000,2.622661e+07,1.831423e+07,1.240024e+02,1.418201e+06,8.862115e+01,,,,105
2018-04-26 08:57:07.000000,2.622636e+07,1.831358e+07,1.240021e+02,1.418196e+06,8.862100e+01,,,,105
2018-04-26 08:57:08.000000,2.622610e+07,1.831287e+07,1.240016e+02,1.418191e+06,8.862086e+01,,,,105
2018-04-26 08:57:09.000000,2.622584e+07,1.831229e+07,1.240013e+02,1.418185e+06,8.862072e+01,,,,105
2018-04-26 08:57:10.000000,2.622560e+07,1.831335e+07,1.240019e+02,1.418179e+06,8.862057e+01,,,,105
2018-04-26 08:57:11.000000,2.622537e+07,1.831171e+07,1.240010e+02,1.418173e+06,8.862042e+01,,,,105
2018-04-26 08:57:12.000000,2.622513e+07,1.831257e+07,1.240015e+02,1.418168e+06,8.862028e+01,,,,105
2018-04-26 08:57:13.000000,2.622488e+07,1.831121e+07,1.240008e+02,1.418162e+06,8.862013e+01,,,,105
2018-04-26 08:57:14.000000,2.622461e+07,1.831300e+07,1.240020e+02,1.418156e+06,8.861998e+01,,,,105
2018-04-26 08:57:15.000000,2.622437e+07,1.831180e+07,1.240014e+02,1.418151e+06,8.861984e+01,,,,105
2018-04-26 08:57:16.000000,2.622414e+07,1.831346e+07,1.240024e+02,1.418146e+06,8.861969e+01,,,,105
2018-04-26 08:57:17.000000,2.622390e+07,1.831180e+07,1.240016e+02,1.418140e+06,8.861954e+01,,,,105
2018-04-26 08:57:18.000000,2.622365e+07,1.831152e+07,1.240015e+02,1.418134e+06,8.861939e+01,,,,105
2018-04-26 08:57:19.000000,2.622339e+07,1.831044e+07,1.240008e+02,1.418129e+06,8.861924e+01,,,,105
2018-04-26 08:57:20.000000,2.622314e+07,1.831023e+07,1.240007e+02,1.418123e+06,8.861910e+01,,,,105
2018-04-26 08:57:21.000000,2.622289e+07,1.831124e+07,1.240013e+02,1.418117e+06,8.861895e+01,,,,105
2018-04-26 08:57:22.000000,2.622266e+07,1.830965e+07,1.240004e+02,1.418112e+06,8.861880e+01,,,,105
2018-04-26 08:57:23.000000,2.622241e+07,1.831051e+07,1.240009e+02,1.418106e+06,8.861866e+01,,,,105
2018-04-26 08:57:24.000000,2.622217e+07,1.830907e+07,1.240001e+02,1.418100e+06,8.861851e+01,,,,105
2018-04-26 08:57:25.000000,2.622191e+07,1.831094e+07,1.240013e+02,1.418094e+06,8.861836e+01,,,,105
2018-04-26 08:57:26.000000,2.622166e+07,1.830968e+07,1.240007e+02,1.418089e+06,8.861822e+01,,,,105
2018-04-26 08:57:27.000000,2.622141e+07,1.831122e+07,1.240016e+02,1.418084e+06,8.861807e+01,,,,105
2018-04-26 08:57:28.000000,2.622118e+07,1.830967e+07,1.240009e+02,1.418078e+06,8.861792e+01,,,,105
2018-04-26 08:57:29.000000,2.622094e+07,1.831109e+07,1.240017e+02,1.418072e+06,8.861776e+01,,,,105
2018-04-26 08:57:30.000000,2.622068e+07,1.830854e+07,1.240002e+02,1.418067e+06,8.861762e+01,,,,105
2018-04-26 08:57:31.000000,2.622043e+07,1.830960e+07,1.240008e+02,1.418060e+06,8.861747e+01,,,,105
2018-04-26 08:57:32.000000,2.622018e+07,1.830826e+07,1.240001e+02,1.418055e+06,8.861732e+01,,,,105
2018-04-26 08:57:33.000000,2.621994e+07,1.830894e+07,1.240005e+02,1.418050e+06,8.861717e+01,,,,105
2018-04-26 08:57:34.000000,2.621970e+07,1.830759e+07,1.239998e+02,1.418044e+06,8.861703e+01,,,,105
2018-04-26 08:57:35.000000,2.621946e+07,1.830697e+07,1.239995e+02,1.418038e+06,8.861687e+01,,,,105
2018-04-26 08:57:36.000000,2.621919e+07,1.830794e+07,1.240001e+02,1.418033e+06,8.861672e+01,,,,105
2018-04-26 08:57:37.000000,2.621894e+07,1.830751e+07,1.240000e+02,1.418027e+06,8.861658e+01,,,,105
2018-04-26 08:57:38.000000,2.621869e+07,1.830912e+07,1.240009e+02,1.418021e+06,8.861643e+01,,,,105
2018-04-26 08:57:39.000000,2.621847e+07,1.830756e+07,1.240002e+02,1.418015e+06,8.861627e+01,,,,105
2018-04-26 08:57:40.000000,2.621822e+07,1.830896e+07,1.240010e+02,1.418010e+06,8.861613e+01,,,,105
2018-04-26 08:57:41.000000,2.621796e+07,1.830645e+07,1.239996e+02,1.418004e+06,8.861598e+01,,,,105
2018-04-26 08:57:42.000000,2.621772e+07,1.830747e+07,1.240001e+02,1.417998e+06,8.861583e+01,,,,105
2018-04-26 08:57:43.000000,2.621747e+07,1.830614e+07,1.239994e+02,1.417993e+06,8.861567e+01,,,,105
2018-04-26 08:57:44.000000,2.621724e+07,1.830681e+07,1.239998e+02,1.417987e+06,8.861553e+01,,,,105
2018-04-26 08:57:45.000000,2.621700e+07,1.830550e+07,1.239992e+02,1.417981e+06,8.861538e+01,,,,105
2018-04-26 08:57:46.000000,2.621675e+07,1.830486e+07,1.239988e+02,1.417976e+06,8.861522e+01,,,,105
2018-04-26 08:57:47.000000,2.621649e+07,1.830582e+07,1.239995e+02,1.417970e+06,8.861507e+01,,,,105
2018-04-26 08:57:48.000000,2.621624e+07,1.830540e+07,1.239993e+02,1.417964e+06,8.861493e+01,,,,105
2018-04-26 08:57:49.000000,2.621598e+07,1.830641e+07,1.239999e+02,1.417959e+06,8.861477e+01,,,,105
2018-04-26 08:57:50.000000,2.621576e+07,1.830540e+07,1.239995e+02,1.417953e+06,8.861462e+01,,,,105
2018-04-26 08:57:51.000000,2.621551e+07,1.830685e+07,1.240004e+02,1.417947e+06,8.861448e+01,,,,105
2018-04-26 08:57:52.000000,2.621527e+07,1.830496e+07,1.239993e+02,1.417941e+06,8.861432e+01,,,,105
2018-04-26 08:57:53.000000,2.621500e+07,1.830557e+07,1.239996e+02,1.417935e+06,8.861417e+01,,,,105
2018-04-26 08:57:54.000000,2.621475e+07,1.830370e+07,1.239986e+02,1.417930e+06,8.861402e+01,,,,105
2018-04-26 08:57:55.000000,2.621453e+07,1.830478e+07,1.239991e+02,1.417925e+06,8.861387e+01,,,,105
2018-04-26 08:57:56.000000,2.621428e+07,1.830340e+07,1.239985e+02,1.417918e+06,8.861371e+01,,,,105
2018-04-26 08:57:57.000000,2.621404e+07,1.830281e+07,1.239982e+02,1.417913e+06,8.861356e+01,,,,105
2018-04-26 08:57:58.000000,2.621377e+07,1.830372e+07,1.239988e+02,1.417908e+06,8.861342e+01,,,,105
2018-04-26 08:57:59.000000,2.621352e+07,1.830335e+07,1.239987e+02,1.417901e+06,8.861326e+01,,,,105
2018-04-26 08:58:00.000000,2.621327e+07,1.830438e+07,1.239993e+02,1.417896e+06,8.861311e+01,,,,105
2018-04-26 08:58:01.000000,2.621304e+07,1.830329e+07,1.239988e+02,1.417890e+06,8.861296e+01,,,,105
2018-04-26 08:58:02.000000,2.621280e+07,1.830422e+07,1.239994e+02,1.417884e+06,8.861281e+01,,,,105
2018-04-26 08:58:03.000000,2.621254e+07,1.830286e+07,1.239987e+02,1.417879e+06,8.861265e+01,,,,105
2018-04-26 08:58:04.000000,2.621228e+07,1.830296e+07,1.239986e+02,1.417873e+06,8.861250e+01,,,,105
2018-04-26 08:58:05.000000,2.621204e+07,1.830161e+07,1.239979e+02,1.417867e+06,8.861235e+01,,,,105
2018-04-26 08:58:06.000000,2.621179e+07,1.830298e+07,1.239987e+02,1.417861e+06,8.861219e+01,,,,105
2018-04-26 08:58:07.000000,2.621156e+07,1.830099e+07,1.239977e+02,1.417855e+06,8.861204e+01,,,,105
2018-04-26 08:58:08.000000,2.621131e+07,1.830223e+07,1.239984e+02,1.417850e+06,8.861189e+01,,,,105
2018-04-26 08:58:09.000000,2.621105e+07,1.830146e+07,1.239981e+02,1.417844e+06,8.861174e+01,,,,105
2018-04-26 08:58:10.000000,2.621080e+07,1.830123e+07,1.239981e+02,1.417838e+06,8.861158e+01,,,,105
2018-04-26 08:58:11.000000,2.621056e+07,1.830132e+07,1.239981e+02,1.417832e+06,8.861143e+01,,,,105
2018-04-26 08:58:12.000000,2.621033e+07,1.830116e+07,1.239982e+02,1.417827e+06,8.861128e+01,,,,105
2018-04-26 08:58:13.000000,2.621008e+07,1.830122e+07,1.239982e+02,1.417821e+06,8.861112e+01,,,,105
2018-04-26 08:58:14.000000,2.620983e+07,1.830071e+07,1.239980e+02,1.417815e+06,8.861097e+01,,,,105
2018-04-26 08:58:15.000000,2.620957e+07,1.830085e+07,1.239980e+02,1.417810e+06,8.861082e+01,,,,105
2018-04-26 08:58:16.000000,2.620932e+07,1.829946e+07,1.239973e+02,1.417804e+06,8.861067e+01,,,,105
2018-04-26 08:58:17.000000,2.620907e+07,1.830100e+07,1.239981e+02,1.417798e+06,8.861051e+01,,,,105
2018-04-26 08:58:18.000000,2.620884e+07,1.829887e+07,1.239970e+02,1.417792e+06,8.861035e+01,,,,105
2018-04-26 08:58:19.000000,2.620860e+07,1.830024e+07,1.239978e+02,1.417786e+06,8.861021e+01,,,,105
2018-04-26 08:58:20.000000,2.620835e+07,1.829868e+07,1.239969e+02,1.417781e+06,8.861005e+01,,,,105
2018-04-26 08:58:21.000000,2.620808e+07,1.830067e+07,1.239982e+02,1.417775e+06,8.860989e+01,,,,105
2018-04-26 08:58:22.000000,2.620783e+07,1.829929e+07,1.239975e+02,1.417769e+06,8.860974e+01,,,,105
2018-04-26 08:58:23.000000,2.620761e+07,1.830058e+07,1.239983e+02,1.417764e+06,8.860959e+01,,,,105
2018-04-26 08:58:24.000000,2.620736e+07,1.829926e+07,1.239977e+02,1.417757e+06,8.860943e+01,,,,105
2018-04-26 08:58:25.000000,2.620711e+07,1.829860e+07,1.239973e+02,1.417752e+06,8.860927e+01,,,,105
2018-04-26 08:58:26.000000,2.620685e+07,1.829790e+07,1.239969e+02,1.417746e+06,8.860913e+01,,,,105
2018-04-26 08:58:27.000000,2.620660e+07,1.829731e+07,1.239966e+02,1.417740e+06,8.860897e+01,,,,105
2018-04-26 08:58:28.000000,2.620635e+07,1.829835e+07,1.239972e+02,1.417734e+06,8.860881e+01,,,,105
2018-04-26 08:58:29.000000,2.620612e+07,1.829675e+07,1.239963e+02,1.417729e+06,8.860866e+01,,,,105
2018-04-26 08:58:30.000000,2.620587e+07,1.829757e+07,1.239968e+02,1.417723e+06,8.860851e+01,,,,105
2018-04-26 08:58:31.000000,2.620562e+07,1.829624e+07,1.239961e+02,1.417717e+06,8.860835e+01,,,,105
2018-04-26 08:58:32.000000,2.620535e+07,1.829799e+07,1.239972e+02,1.417711e+06,8.860819e+01,,,,105
2018-04-26 08:58:33.000000,2.620511e+07,1.829682e+07,1.239966e+02,1.417705e+06,8.860804e+01,,,,105
2018-04-26 08:58:34.000000,2.620486e+07,1.829662e+07,1.239966e+02,1.417700e+06,8.860788e+01,,,,105
2018-04-26 08:58:35.000000,2.620464e+07,1.829666e+07,1.239967e+02,1.417694e+06,8.860773e+01,,,,105
2018-04-26 08:58:36.000000,2.620439e+07,1.829654e+07,1.239967e+02,1.417688e+06,8.860758e+01,,,,105
2018-04-26 08:58:37.000000,2.620412e+07,1.829546e+07,1.239961e+02,1.417683e+06,8.860742e+01,,,,105
2018-04-26 08:58:38.000000,2.620388e+07,1.829524e+07,1.239960e+02,1.417676e+06,8.860726e+01,,,,105
2018-04-26 08:58:39.000000,2.620363e+07,1.829623e+07,1.239965e+02,1.417670e+06,8.860710e+01,,,,105
2018-04-26 08:58:40.000000,2.620340e+07,1.829469e+07,1.239957e+02,1.417665e+06,8.860695e+01,,,,105
2018-04-26 08:58:41.000000,2.620315e+07,1.829550e+07,1.239962e+02,1.417659e+06,8.860679e+01,,,,105
2018-04-26 08:58:42.000000,2.620290e+07,1.829410e+07,1.239954e+02,1.417653e+06,8.860663e+01,,,,105
2018-04-26 08:58:43.000000,2.620264e+07,1.829592e+07,1.239966e+02,1.417648e+06,8.860648e+01,,,,105
2018-04-26 08:58:44.000000,2.620238e+07,1.829471e+07,1.239959e+02,1.417641e+06,8.860633e+01,,,,105
2018-04-26 08:58:45.000000,2.620213e+07,1.829619e+07,1.239968e+02,1.417636e+06,8.860617e+01,,,,105
2018-04-26 08:58:46.000000,2.620190e+07,1.829466e+07,1.239961e+02,1.417630e+06,8.860601e+01,,,,105
2018-04-26 08:58:47.000000,2.620165e+07,1.829601e+07,1.239969e+02,1.417624e+06,8.860586e+01,,,,105
2018-04-26 08:58:48.000000,2.620140e+07,1.829446e+07,1.239961e+02,1.417618e+06,8.860570e+01,,,,105
2018-04-26 08:58:49.000000,2.620113e+07,1.829460e+07,1.239961e+02,1.417612e+06,8.860554e+01,,,,105
2018-04-26 08:58:50.000000,2.620088e+07,1.829316e+07,1.239953e+02,1.417606e+06,8.860539e+01,,,,105
2018-04-26 08:58:51.000000,2.620063e+07,1.829380e+07,1.239957e+02,1.417601e+06,8.860523e+01,,,,105
2018-04-26 08:58:52.000000,2.620038e+07,1.829249e+07,1.239950e+02,1.417594e+06,8.860507e+01,,,,105
2018-04-26 08:58:53.000000,2.620012e+07,1.829186e+07,1.239947e+02,1.417589e+06,8.860491e+01,,,,105
2018-04-26 08:58:54.000000,2.619985e+07,1.829279e+07,1.239954e+02,1.417584e+06,8.860476e+01,,,,105
2018-04-26 08:58:55.000000,2.619959e+07,1.829237e+07,1.239952e+02,1.417577e+06,8.860460e+01,,,,105
2018-04-26 08:58:56.000000,2.619933e+07,1.829337e+07,1.239958e+02,1.417571e+06,8.860444e+01,,,,105
2018-04-26 08:58:57.000000,2.619910e+07,1.829236e+07,1.239953e+02,1.417566e+06,8.860429e+01,,,,105
2018-04-26 08:58:58.000000,2.619884e+07,1.829380e+07,1.239962e+02,1.417559e+06,8.860413e+01,,,,105
2018-04-26 08:58:59.000000,2.619859e+07,1.829191e+07,1.239952e+02,1.417554e+06,8.860397e+01,,,,105
2018-04-26 08:59:00.000000,2.619831e+07,1.829250e+07,1.239955e+02,1.417548e+06,8.860381e+01,,,,105
2018-04-26 08:59:01.000000,2.619806e+07,1.829064e+07,1.239944e+02,1.417542e+06,8.860366e+01,,,,105
2018-04-26 08:59:02.000000,2.619781e+07,1.829201e+07,1.239952e+02,1.417536e+06,8.860350e+01,,,,105
2018-04-26 08:59:03.000000,2.619757e+07,1.829000e+07,1.239942e+02,1.417530e+06,8.860334e+01,,,,105
2018-04-26 08:59:04.000000,2.619732e+07,1.829123e+07,1.239949e+02,1.417524e+06,8.860318e+01,,,,105
2018-04-26 08:59:05.000000,2.619705e+07,1.829044e+07,1.239946e+02,1.417519e+06,8.860303e+01,,,,105
2018-04-26 08:59:06.000000,2.619679e+07,1.829021e+07,1.239946e+02,1.417512e+06,8.860286e+01,,,,105
2018-04-26 08:59:07.000000,2.619654e+07,1.829029e+07,1.239946e+02,1.417507e+06,8.860270e+01,,,,105
2018-04-26 08:59:08.000000,2.619629e+07,1.829012e+07,1.239947e+02,1.417501e+06,8.860255e+01,,,,105
2018-04-26 08:59:09.000000,2.619604e+07,1.829018e+07,1.239947e+02,1.417495e+06,8.860239e+01,,,,105
2018-04-26 08:59:10.000000,2.619578e+07,1.828966e+07,1.239945e+02,1.417489e+06,8.860223e+01,,,,105
2018-04-26 08:59:11.000000,2.619551e+07,1.828979e+07,1.239945e+02,1.417484e+06,8.860207e+01,,,,105
2018-04-26 08:59:12.000000,2.619525e+07,1.828839e+07,1.239937e+02,1.417477e+06,8.860192e+01,,,,105
2018-04-26 08:59:13.000000,2.619499e+07,1.828993e+07,1.239946e+02,1.417472e+06,8.860175e+01,,,,105
2018-04-26 08:59:14.000000,2.619476e+07,1.828780e+07,1.239935e+02,1.417466e+06,8.860159e+01,,,,105
2018-04-26 08:59:15.000000,2.619451e+07,1.828917e+07,1.239943e+02,1.417460e+06,8.860144e+01,,,,105
2018-04-26 08:59:16.000000,2.619423e+07,1.828828e+07,1.239939e+02,1.417454e+06,8.860128e+01,,,,105
2018-04-26 08:59:17.000000,2.619399e+07,1.828960e+07,1.239947e+02,1.417448e+06,8.860112e+01,,,,105
2018-04-26 08:59:18.000000,2.619373e+07,1.828817e+07,1.239939e+02,1.417442e+06,8.860096e+01,,,,105
2018-04-26 08:59:19.000000,2.619350e+07,1.828949e+07,1.239948e+02,1.417437e+06,8.860080e+01,,,,105
2018-04-26 08:59:20.000000,2.619325e+07,1.828816e+07,1.239942e+02,1.417430e+06,8.860064e+01,,,,105
2018-04-26 08:59:21.000000,2.619299e+07,1.828749e+07,1.239938e+02,1.417424e+06,8.860048e+01,,,,105
2018-04-26 08:59:22.000000,2.619272e+07,1.828678e+07,1.239933e+02,1.417419e+06,8.860033e+01,,,,105
2018-04-26 08:59:23.000000,2.619246e+07,1.828620e+07,1.239931e+02,1.417412e+06,8.860016e+01,,,,105
2018-04-26 08:59:24.000000,2.619222e+07,1.828723e+07,1.239937e+02,1.417407e+06,8.860000e+01,,,,105
2018-04-26 08:59:25.000000,2.619198e+07,1.828561e+07,1.239928e+02,1.417401e+06,8.859984e+01,,,,105
2018-04-26 08:59:26.000000,2.619172e+07,1.828644e+07,1.239933e+02,1.417394e+06,8.859969e+01,,,,105
2018-04-26 08:59:27.000000,2.619147e+07,1.828512e+07,1.239926e+02,1.417389e+06,8.859952e+01,,,,105
2018-04-26 08:59:28.000000,2.619120e+07,1.828687e+07,1.239937e+02,1.417383e+06,8.859936e+01,,,,105
2018-04-26 08:59:29.000000,2.619096e+07,1.828568e+07,1.239931e+02,1.417377e+06,8.859921e+01,,,,105
2018-04-26 08:59:30.000000,2.619072e+07,1.828730e+07,1.239941e+02,1.417371e+06,8.859904e+01,,,,105
2018-04-26 08:59:31.000000,2.619047e+07,1.828569e+07,1.239933e+02,1.417365e+06,8.859888e+01,,,,105
2018-04-26 08:59:32.000000,2.619022e+07,1.828539e+07,1.239932e+02,1.417359e+06,8.859872e+01,,,,105
2018-04-26 08:59:33.000000,2.618995e+07,1.828432e+07,1.239925e+02,1.417354e+06,8.859856e+01,,,,105
2018-04-26 08:59:34.000000,2.618970e+07,1.828410e+07,1.239924e+02,1.417347e+06,8.859840e+01,,,,105
2018-04-26 08:59:35.000000,2.618945e+07,1.828508e+07,1.239930e+02,1.417341e+06,8.859824e+01,,,,105
2018-04-26 08:59:36.000000,2.618921e+07,1.828352e+07,1.239921e+02,1.417336e+06,8.859808e+01,,,,105
2018-04-26 08:59:37.000000,2.618896e+07,1.828434e+07,1.239926e+02,1.417329e+06,8.859792e+01,,,,105
2018-04-26 08:59:38.000000,2.618870e+07,1.828293e+07,1.239919e+02,1.417324e+06,8.859775e+01,,,,105
2018-04-26 08:59:39.000000,2.618844e+07,1.828477e+07,1.239930e+02,1.417318e+06,8.859759e+01,,,,105
2018-04-26 08:59:40.000000,2.618818e+07,1.828355e+07,1.239924e+02,1.417311e+06,8.859744e+01,,,,105
2018-04-26 08:59:41.000000,2.618794e+07,1.828502e+07,1.239933e+02,1.417306e+06,8.859727e+01,,,,105
2018-04-26 08:59:42.000000,2.618770e+07,1.828350e+07,1.239926e+02,1.417300e+06,8.859711e+01,,,,105
2018-04-26 08:59:43.000000,2.618745e+07,1.828487e+07,1.239934e+02,1.417294e+06,8.859695e+01,,,,105
2018-04-26 08:59:44.000000,2.618718e+07,1.828234e+07,1.239919e+02,1.417288e+06,8.859679e+01,,,,105
2018-04-26 08:59:45.000000,2.618693e+07,1.828334e+07,1.239924e+02,1.417282e+06,8.859663e+01,,,,105
2018-04-26 08:59:46.000000,2.618668e+07,1.828198e+07,1.239918e+02,1.417276e+06,8.859647e+01,,,,105
2018-04-26 08:59:47.000000,2.618643e+07,1.828261e+07,1.239921e+02,1.417270e+06,8.859631e+01,,,,105
2018-04-26 08:59:48.000000,2.618618e+07,1.828130e+07,1.239915e+02,1.417264e+06,8.859614e+01,,,,105
2018-04-26 08:59:49.000000,2.618591e+07,1.828071e+07,1.239912e+02,1.417258e+06,8.859598e+01,,,,105
2018-04-26 08:59:50.000000,2.618564e+07,1.828162e+07,1.239918e+02,1.417253e+06,8.859582e+01,,,,105
2018-04-26 08:59:51.000000,2.618538e+07,1.828123e+07,1.239917e+02,1.417246e+06,8.859566e+01,,,,105
2018-04-26 08:59:52.000000,2.618511e+07,1.828225e+07,1.239923e+02,1.417240e+06,8.859549e+01,,,,105
2018-04-26 08:59:53.000000,2.618487e+07,1.828114e+07,1.239918e+02,1.417234e+06,8.859533e+01,,,,105
2018-04-26 08:59:54.000000,2.618461e+07,1.828205e+07,1.239924e+02,1.417228e+06,8.859517e+01,,,,105
2018-04-26 08:59:55.000000,2.618435e+07,1.828065e+07,1.239916e+02,1.417222e+06,8.859501e+01,,,,105
2018-04-26 08:59:56.000000,2.618408e+07,1.828074e+07,1.239916e+02,1.417216e+06,8.859484e+01,,,,105
2018-04-26 08:59:57.000000,2.618382e+07,1.827938e+07,1.239909e+02,1.417210e+06,8.859469e+01,,,,105
2018-04-26 08:59:58.000000,2.618357e+07,1.827991e+07,1.239912e+02,1.417205e+06,8.859452e+01,,,,105
2018-04-26 08:59:59.000000,2.618331e+07,1.827870e+07,1.239906e+02,1.417198e+06,8.859435e+01,,,,105
2018-04-26 09:00:00.000000,2.618305e+07,1.827999e+07,1.239913e+02,1.417192e+06,8.859419e+01,,,,105
2018-04-26 09:00:01.000000,2.618278e+07,1.827919e+07,1.239910e+02,1.417187e+06,8.859403e+01,,,,105
2018-04-26 09:00:02.000000,2.618251e+07,1.827895e+07,1.239910e+02,1.417180e+06,8.859387e+01,,,,105
2018-04-26 09:00:03.000000,2.618226e+07,1.827901e+07,1.239910e+02,1.417174e+06,8.859370e+01,,,,105
2018-04-26 09:00:04.000000,2.618201e+07,1.827883e+07,1.239911e+02,1.417169e+06,8.859355e+01,,,,105
2018-04-26 09:00:05.000000,2.618176e+07,1.827887e+07,1.239911e+02,1.417162e+06,8.859338e+01,,,,105
2018-04-26 09:00:06.000000,2.618149e+07,1.827835e+07,1.239909e+02,1.417156e+06,8.859321e+01,,,,105
2018-04-26 09:00:07.000000,2.618121e+07,1.827847e+07,1.239909e+02,1.417150e+06,8.859305e+01,,,,105
2018-04-26 09:00:08.000000,2.618095e+07,1.827707e+07,1.239901e+02,1.417144e+06,8.859289e+01,,,,105
2018-04-26 09:00:09.000000,2.618068e+07,1.827861e+07,1.239910e+02,1.417139e+06,8.859272e+01,,,,105
2018-04-26 09:00:10.000000,2.618044e+07,1.827644e+07,1.239899e+02,1.417133e+06,8.859256e+01,,,,105
2018-04-26 09:00:11.000000,2.618019e+07,1.827782e+07,1.239907e+02,1.417126e+06,8.859240e+01,,,,105
2018-04-26 09:00:12.000000,2.617990e+07,1.827691e+07,1.239903e+02,1.417121e+06,8.859223e+01,,,,105
2018-04-26 09:00:13.000000,2.617965e+07,1.827824e+07,1.239910e+02,1.417114e+06,8.859207e+01,,,,105
2018-04-26 09:00:14.000000,2.617938e+07,1.827679e+07,1.239903e+02,1.417108e+06,8.859191e+01,,,,105
2018-04-26 09:00:15.000000,2.617914e+07,1.827809e+07,1.239912e+02,1.417103e+06,8.859174e+01,,,,105
2018-04-26 09:00:16.000000,2.617889e+07,1.827672e+07,1.239905e+02,1.417096e+06,8.859158e+01,,,,105
2018-04-26 09:00:17.000000,2.617863e+07,1.827605e+07,1.239902e+02,1.417090e+06,8.859141e+01,,,,105
2018-04-26 09:00:18.000000,2.617835e+07,1.827531e+07,1.239897e+02,1.417085e+06,8.859125e+01,,,,105
2018-04-26 09:00:19.000000,2.617807e+07,1.827472e+07,1.239894e+02,1.417078e+06,8.859108e+01,,,,105
2018-04-26 09:00:20.000000,2.617781e+07,1.827574e+07,1.239900e+02,1.417072e+06,8.859092e+01,,,,105
2018-04-26 09:00:21.000000,2.617756e+07,1.827415e+07,1.239892e+02,1.417066e+06,8.859075e+01,,,,105
2018-04-26 09:00:22.000000,2.617730e+07,1.827499e+07,1.239896e+02,1.417060e+06,8.859059e+01,,,,105
2018-04-26 09:00:23.000000,2.617704e+07,1.827354e+07,1.239889e+02,1.417054e+06,8.859042e+01,,,,105
2018-04-26 09:00:24.000000,2.617675e+07,1.827540e+07,1.239900e+02,1.417048e+06,8.859026e+01,,,,105
2018-04-26 09:00:25.000000,2.617649e+07,1.827415e+07,1.239894e+02,1.417042e+06,8.859010e+01,,,,105
2018-04-26 09:00:26.000000,2.617625e+07,1.827528e+07,1.239901e+02,1.417037e+06,8.858993e+01,,,,105
2018-04-26 09:00:27.000000,2.617599e+07,1.827409e+07,1.239896e+02,1.417030e+06,8.858976e+01,,,,105
2018-04-26 09:00:28.000000,2.617573e+07,1.827549e+07,1.239904e+02,1.417024e+06,8.858960e+01,,,,105
2018-04-26 09:00:29.000000,2.617545e+07,1.827293e+07,1.239889e+02,1.417019e+06,8.858944e+01,,,,105
2018-04-26 09:00:30.000000,2.617519e+07,1.827400e+07,1.239895e+02,1.417012e+06,8.858927e+01,,,,105
2018-04-26 09:00:31.000000,2.617494e+07,1.827263e+07,1.239888e+02,1.417006e+06,8.858910e+01,,,,105
2018-04-26 09:00:32.000000,2.617468e+07,1.827330e+07,1.239892e+02,1.417001e+06,8.858894e+01,,,,105
2018-04-26 09:00:33.000000,2.617443e+07,1.827196e+07,1.239884e+02,1.416994e+06,8.858877e+01,,,,105
2018-04-26 09:00:34.000000,2.617417e+07,1.827135e+07,1.239882e+02,1.416988e+06,8.858860e+01,,,,105
2018-04-26 09:00:35.000000,2.617389e+07,1.827229e+07,1.239888e+02,1.416982e+06,8.858844e+01,,,,105
2018-04-26 09:00:36.000000,2.617364e+07,1.827186e+07,1.239887e+02,1.416976e+06,8.858828e+01,,,,105
2018-04-26 09:00:37.000000,2.617338e+07,1.827286e+07,1.239893e+02,1.416970e+06,8.858811e+01,,,,105
2018-04-26 09:00:38.000000,2.617314e+07,1.827182e+07,1.239888e+02,1.416964e+06,8.858794e+01,,,,105
2018-04-26 09:00:39.000000,2.617288e+07,1.827328e+07,1.239897e+02,1.416958e+06,8.858778e+01,,,,105
2018-04-26 09:00:40.000000,2.617261e+07,1.827070e+07,1.239882e+02,1.416952e+06,8.858761e+01,,,,105
2018-04-26 09:00:41.000000,2.617235e+07,1.827190e+07,1.239888e+02,1.416945e+06,8.858744e+01,,,,105
2018-04-26 09:00:42.000000,2.617210e+07,1.827010e+07,1.239879e+02,1.416940e+06,8.858728e+01,,,,105
2018-04-26 09:00:43.000000,2.617185e+07,1.827119e+07,1.239885e+02,1.416934e+06,8.858711e+01,,,,105
2018-04-26 09:00:44.000000,2.617160e+07,1.826978e+07,1.239878e+02,1.416927e+06,8.858694e+01,,,,105
2018-04-26 09:00:45.000000,2.617135e+07,1.826920e+07,1.239875e+02,1.416921e+06,8.858678e+01,,,,105
2018-04-26 09:00:46.000000,2.617107e+07,1.827011e+07,1.239881e+02,1.416916e+06,8.858662e+01,,,,105
2018-04-26 09:00:47.000000,2.617081e+07,1.826971e+07,1.239880e+02,1.416909e+06,8.858645e+01,,,,105
2018-04-26 09:00:48.000000,2.617056e+07,1.826976e+07,1.239881e+02,1.416903e+06,8.858628e+01,,,,105
2018-04-26 09:00:49.000000,2.617032e+07,1.826956e+07,1.239881e+02,1.416897e+06,8.858611e+01,,,,105
2018-04-26 09:00:50.000000,2.617007e+07,1.826960e+07,1.239882e+02,1.416891e+06,8.858595e+01,,,,105
2018-04-26 09:00:51.000000,2.616981e+07,1.826905e+07,1.239880e+02,1.416885e+06,8.858578e+01,,,,105
2018-04-26 09:00:52.000000,2.616952e+07,1.826917e+07,1.239879e+02,1.416879e+06,8.858561e+01,,,,105
2018-04-26 09:00:53.000000,2.616926e+07,1.826775e+07,1.239872e+02,1.416873e+06,8.858545e+01,,,,105
2018-04-26 09:00:54.000000,2.616901e+07,1.826838e+07,1.239875e+02,1.416867e+06,8.858528e+01,,,,105
2018-04-26 09:00:55.000000,2.616874e+07,1.826707e+07,1.239869e+02,1.416861e+06,8.858511e+01,,,,105
2018-04-26 09:00:56.000000,2.616848e+07,1.826851e+07,1.239877e+02,1.416855e+06,8.858495e+01,,,,105
2018-04-26 09:00:57.000000,2.616820e+07,1.826757e+07,1.239873e+02,1.416849e+06,8.858478e+01,,,,105
2018-04-26 09:00:58.000000,2.616794e+07,1.826891e+07,1.239881e+02,1.416842e+06,8.858461e+01,,,,105
2018-04-26 09:00:59.000000,2.616767e+07,1.826743e+07,1.239873e+02,1.416837e+06,8.858444e+01,,,,105
2018-04-26 09:01:00.000000,2.616741e+07,1.826877e+07,1.239882e+02,1.416831e+06,8.858427e+01,,,,105
2018-04-26 09:01:01.000000,2.616715e+07,1.826738e+07,1.239875e+02,1.416824e+06,8.858410e+01,,,,105
2018-04-26 09:01:02.000000,2.616688e+07,1.826674e+07,1.239872e+02,1.416818e+06,8.858393e+01,,,,105
2018-04-26 09:01:03.000000,2.616660e+07,1.826601e+07,1.239867e+02,1.416812e+06,8.858376e+01,,,,105
2018-04-26 09:01:04.000000,2.616633e+07,1.826542e+07,1.239864e+02,1.416806e+06,8.858360e+01,,,,105
2018-04-26 09:01:05.000000,2.616609e+07,1.826523e+07,1.239863e+02,1.416800e+06,8.858343e+01,,,,105
2018-04-26 09:01:06.000000,2.616583e+07,1.826474e+07,1.239861e+02,1.416794e+06,8.858326e+01,,,,105
2018-04-26 09:01:07.000000,2.616557e+07,1.826569e+07,1.239867e+02,1.416788e+06,8.858310e+01,,,,105
2018-04-26 09:01:08.000000,2.616529e+07,1.826523e+07,1.239866e+02,1.416782e+06,8.858293e+01,,,,105
2018-04-26 09:01:09.000000,2.616503e+07,1.826613e+07,1.239872e+02,1.416775e+06,8.858276e+01,,,,105
2018-04-26 09:01:10.000000,2.616476e+07,1.826477e+07,1.239864e+02,1.416770e+06,8.858259e+01,,,,105
2018-04-26 09:01:11.000000,2.616450e+07,1.826594e+07,1.239872e+02,1.416764e+06,8.858242e+01,,,,105
2018-04-26 09:01:12.000000,2.616424e+07,1.826471e+07,1.239866e+02,1.416757e+06,8.858225e+01,,,,105
2018-04-26 09:01:13.000000,2.616398e+07,1.826613e+07,1.239874e+02,1.416751e+06,8.858208e+01,,,,105
2018-04-26 09:01:14.000000,2.616370e+07,1.826352e+07,1.239859e+02,1.416746e+06,8.858192e+01,,,,105
2018-04-26 09:01:15.000000,2.616342e+07,1.826462e+07,1.239865e+02,1.416739e+06,8.858175e+01,,,,105
2018-04-26 09:01:16.000000,2.616316e+07,1.826321e+07,1.239858e+02,1.416733e+06,8.858158e+01,,,,105
2018-04-26 09:01:17.000000,2.616291e+07,1.826387e+07,1.239862e+02,1.416727e+06,8.858140e+01,,,,105
2018-04-26 09:01:18.000000,2.616265e+07,1.826247e+07,1.239854e+02,1.416721e+06,8.858124e+01,,,,105
2018-04-26 09:01:19.000000,2.616236e+07,1.826277e+07,1.239858e+02,1.416715e+06,8.858107e+01,,,,105
2018-04-26 09:01:20.000000,2.616210e+07,1.826287e+07,1.239859e+02,1.416708e+06,8.858090e+01,,,,105
2018-04-26 09:01:21.000000,2.616182e+07,1.826235e+07,1.239857e+02,1.416702e+06,8.858074e+01,,,,105
2018-04-26 09:01:22.000000,2.616157e+07,1.826271e+07,1.239860e+02,1.416697e+06,8.858056e+01,,,,105
2018-04-26 09:01:23.000000,2.616130e+07,1.826226e+07,1.239858e+02,1.416690e+06,8.858039e+01,,,,105
2018-04-26 09:01:24.000000,2.616103e+07,1.826326e+07,1.239864e+02,1.416684e+06,8.858022e+01,,,,105
2018-04-26 09:01:25.000000,2.616075e+07,1.826111e+07,1.239851e+02,1.416678e+06,8.858006e+01,,,,105
2018-04-26 09:01:26.000000,2.616049e+07,1.826187e+07,1.239856e+02,1.416672e+06,8.857989e+01,,,,105
2018-04-26 09:01:27.000000,2.616021e+07,1.826053e+07,1.239849e+02,1.416666e+06,8.857971e+01,,,,105
2018-04-26 09:01:28.000000,2.615996e+07,1.826111e+07,1.239852e+02,1.416660e+06,8.857954e+01,,,,105
2018-04-26 09:01:29.000000,2.615970e+07,1.825986e+07,1.239845e+02,1.416653e+06,8.857938e+01,,,,105
2018-04-26 09:01:30.000000,2.615943e+07,1.826120e+07,1.239853e+02,1.416647e+06,8.857921e+01,,,,105
2018-04-26 09:01:31.000000,2.615916e+07,1.826035e+07,1.239850e+02,1.416641e+06,8.857903e+01,,,,105
2018-04-26 09:01:32.000000,2.615889e+07,1.826014e+07,1.239850e+02,1.416635e+06,8.857887e+01,,,,105
2018-04-26 09:01:33.000000,2.615865e+07,1.826016e+07,1.239851e+02,1.416629e+06,8.857870e+01,,,,105
2018-04-26 09:01:34.000000,2.615838e+07,1.826003e+07,1.239851e+02,1.416623e+06,8.857852e+01,,,,105
2018-04-26 09:01:35.000000,2.615812e+07,1.826009e+07,1.239851e+02,1.416617e+06,8.857836e+01,,,,105
2018-04-26 09:01:36.000000,2.615785e+07,1.825884e+07,1.239844e+02,1.416611e+06,8.857819e+01,,,,105
2018-04-26 09:01:37.000000,2.615758e+07,1.825964e+07,1.239849e+02,1.416604e+06,8.857802e+01,,,,105
2018-04-26 09:01:38.000000,2.615732e+07,1.825825e+07,1.239841e+02,1.416598e+06,8.857784e+01,,,,105
2018-04-26 09:01:39.000000,2.615708e+07,1.825892e+07,1.239845e+02,1.416593e+06,8.857768e+01,,,,105
2018-04-26 09:01:40.000000,2.615682e+07,1.825759e+07,1.239838e+02,1.416586e+06,8.857751e+01,,,,105
2018-04-26 09:01:41.000000,2.615656e+07,1.825851e+07,1.239843e+02,1.416580e+06,8.857733e+01,,,,105
2018-04-26 09:01:42.000000,2.615628e+07,1.825806e+07,1.239843e+02,1.416574e+06,8.857716e+01,,,,105
2018-04-26 09:01:43.000000,2.615602e+07,1.825898e+07,1.239849e+02,1.416567e+06,8.857700e+01,,,,105
2018-04-26 09:01:44.000000,2.615576e+07,1.825766e+07,1.239842e+02,1.416562e+06,8.857682e+01,,,,105
2018-04-26 09:01:45.000000,2.615552e+07,1.825938e+07,1.239852e+02,1.416556e+06,8.857665e+01,,,,105
2018-04-26 09:01:46.000000,2.615526e+07,1.825763e+07,1.239843e+02,1.416549e+06,8.857649e+01,,,,105
2018-04-26 09:01:47.000000,2.615498e+07,1.825812e+07,1.239845e+02,1.416543e+06,8.857631e+01,,,,105
2018-04-26 09:01:48.000000,2.615472e+07,1.825636e+07,1.239836e+02,1.416537e+06,8.857614e+01,,,,105
2018-04-26 09:01:49.000000,2.615447e+07,1.825609e+07,1.239835e+02,1.416531e+06,8.857598e+01,,,,105
2018-04-26 09:01:50.000000,2.615422e+07,1.825585e+07,1.239833e+02,1.416525e+06,8.857580e+01,,,,105
2018-04-26 09:01:51.000000,2.615397e+07,1.825532e+07,1.239831e+02,1.416518e+06,8.857563e+01,,,,105
2018-04-26 09:01:52.000000,2.615371e+07,1.825627e+07,1.239837e+02,1.416512e+06,8.857545e+01,,,,105
2018-04-26 09:01:53.000000,2.615343e+07,1.825579e+07,1.239836e+02,1.416507e+06,8.857529e+01,,,,105
2018-04-26 09:01:54.000000,2.615316e+07,1.825672e+07,1.239842e+02,1.416500e+06,8.857512e+01,,,,105
2018-04-26 09:01:55.000000,2.615288e+07,1.825533e+07,1.239834e+02,1.416494e+06,8.857494e+01,,,,105
2018-04-26 09:01:56.000000,2.615263e+07,1.825651e+07,1.239841e+02,1.416488e+06,8.857477e+01,,,,105
2018-04-26 09:01:57.000000,2.615236e+07,1.825526e+07,1.239835e+02,1.416481e+06,8.857460e+01,,,,105
2018-04-26 09:01:58.000000,2.615210e+07,1.825671e+07,1.239844e+02,1.416475e+06,8.857443e+01,,,,105
2018-04-26 09:01:59.000000,2.615181e+07,1.825399e+07,1.239828e+02,1.416469e+06,8.857425e+01,,,,105
2018-04-26 09:02:00.000000,2.615155e+07,1.825529e+07,1.239836e+02,1.416463e+06,8.857409e+01,,,,105
2018-04-26 09:02:01.000000,2.615130e+07,1.825327e+07,1.239824e+02,1.416457e+06,8.857392e+01,,,,105
2018-04-26 09:02:02.000000,2.615103e+07,1.825451e+07,1.239831e+02,1.416450e+06,8.857374e+01,,,,105
2018-04-26 09:02:03.000000,2.615076e+07,1.825305e+07,1.239824e+02,1.416444e+06,8.857358e+01,,,,105
2018-04-26 09:02:04.000000,2.615047e+07,1.825489e+07,1.239836e+02,1.416439e+06,8.857340e+01,,,,105
2018-04-26 09:02:05.000000,2.615020e+07,1.825359e+07,1.239830e+02,1.416432e+06,8.857323e+01,,,,105
2018-04-26 09:02:06.000000,2.614994e+07,1.825300e+07,1.239827e+02,1.416426e+06,8.857305e+01,,,,105
2018-04-26 09:02:07.000000,2.614968e+07,1.825335e+07,1.239830e+02,1.416420e+06,8.857289e+01,,,,105
2018-04-26 09:02:08.000000,2.614941e+07,1.825284e+07,1.239828e+02,1.416413e+06,8.857271e+01,,,,105
2018-04-26 09:02:09.000000,2.614915e+07,1.825384e+07,1.239834e+02,1.416407e+06,8.857254e+01,,,,105
2018-04-26 09:02:10.000000,2.614887e+07,1.825164e+07,1.239821e+02,1.416401e+06,8.857237e+01,,,,105
2018-04-26 09:02:11.000000,2.614860e+07,1.825244e+07,1.239826e+02,1.416395e+06,8.857220e+01,,,,105
2018-04-26 09:02:12.000000,2.614833e+07,1.825102e+07,1.239818e+02,1.416389e+06,8.857203e+01,,,,105
2018-04-26 09:02:13.000000,2.614808e+07,1.825171e+07,1.239822e+02,1.416383e+06,8.857185e+01,,,,105
2018-04-26 09:02:14.000000,2.614781e+07,1.825033e+07,1.239815e+02,1.416376e+06,8.857169e+01,,,,105
2018-04-26 09:02:15.000000,2.614752e+07,1.825204e+07,1.239826e+02,1.416371e+06,8.857151e+01,,,,105
2018-04-26 09:02:16.000000,2.614726e+07,1.825090e+07,1.239821e+02,1.416364e+06,8.857134e+01,,,,105
2018-04-26 09:02:17.000000,2.614699e+07,1.825226e+07,1.239828e+02,1.416358e+06,8.857117e+01,,,,105
2018-04-26 09:02:18.000000,2.614673e+07,1.825081e+07,1.239822e+02,1.416352e+06,8.857100e+01,,,,105
2018-04-26 09:02:19.000000,2.614647e+07,1.825207e+07,1.239828e+02,1.416345e+06,8.857082e+01,,,,105
2018-04-26 09:02:20.000000,2.614621e+07,1.825057e+07,1.239821e+02,1.416339e+06,8.857065e+01,,,,105
2018-04-26 09:02:21.000000,2.614592e+07,1.825065e+07,1.239821e+02,1.416334e+06,8.857048e+01,,,,105
2018-04-26 09:02:22.000000,2.614564e+07,1.824925e+07,1.239813e+02,1.416327e+06,8.857031e+01,,,,105
2018-04-26 09:02:23.000000,2.614536e+07,1.824863e+07,1.239811e+02,1.416321e+06,8.857013e+01,,,,105
2018-04-26 09:02:24.000000,2.614511e+07,1.824845e+07,1.239809e+02,1.416315e+06,8.856996e+01,,,,105
2018-04-26 09:02:25.000000,2.614483e+07,1.824795e+07,1.239807e+02,1.416308e+06,8.856979e+01,,,,105
2018-04-26 09:02:26.000000,2.614456e+07,1.824895e+07,1.239813e+02,1.416302e+06,8.856961e+01,,,,105
2018-04-26 09:02:27.000000,2.614428e+07,1.824845e+07,1.239813e+02,1.416296e+06,8.856944e+01,,,,105
2018-04-26 09:02:28.000000,2.614401e+07,1.824941e+07,1.239818e+02,1.416289e+06,8.856927e+01,,,,105
2018-04-26 09:02:29.000000,2.614375e+07,1.824837e+07,1.239814e+02,1.416284e+06,8.856910e+01,,,,105
2018-04-26 09:02:30.000000,2.614349e+07,1.824922e+07,1.239819e+02,1.416277e+06,8.856892e+01,,,,105
2018-04-26 09:02:31.000000,2.614322e+07,1.824792e+07,1.239812e+02,1.416271e+06,8.856876e+01,,,,105
2018-04-26 09:02:32.000000,2.614294e+07,1.824795e+07,1.239811e+02,1.416265e+06,8.856858e+01,,,,105
2018-04-26 09:02:33.000000,2.614267e+07,1.824664e+07,1.239804e+02,1.416258e+06,8.856840e+01,,,,105
2018-04-26 09:02:34.000000,2.614241e+07,1.824792e+07,1.239812e+02,1.416252e+06,8.856823e+01,,,,105
2018-04-26 09:02:35.000000,2.614215e+07,1.824600e+07,1.239801e+02,1.416247e+06,8.856806e+01,,,,105
2018-04-26 09:02:36.000000,2.614188e+07,1.824716e+07,1.239808e+02,1.416240e+06,8.856789e+01,,,,105
2018-04-26 09:02:37.000000,2.614163e+07,1.824577e+07,1.239801e+02,1.416234e+06,8.856771e+01,,,,105
2018-04-26 09:02:38.000000,2.614134e+07,1.824613e+07,1.239805e+02,1.416228e+06,8.856754e+01,,,,105
2018-04-26 09:02:39.000000,2.614108e+07,1.824623e+07,1.239806e+02,1.416221e+06,8.856737e+01,,,,105
2018-04-26 09:02:40.000000,2.614083e+07,1.824607e+07,1.239806e+02,1.416215e+06,8.856719e+01,,,,105
2018-04-26 09:02:41.000000,2.614057e+07,1.824611e+07,1.239807e+02,1.416208e+06,8.856702e+01,,,,105
2018-04-26 09:02:42.000000,2.614032e+07,1.824561e+07,1.239805e+02,1.416202e+06,8.856685e+01,,,,105
2018-04-26 09:02:43.000000,2.614003e+07,1.824489e+07,1.239800e+02,1.416197e+06,8.856668e+01,,,,105
2018-04-26 09:02:44.000000,2.613977e+07,1.824431e+07,1.239797e+02,1.416190e+06,8.856650e+01,,,,105
2018-04-26 09:02:45.000000,2.613951e+07,1.824529e+07,1.239803e+02,1.416184e+06,8.856632e+01,,,,105
2018-04-26 09:02:46.000000,2.613926e+07,1.824371e+07,1.239794e+02,1.416178e+06,8.856616e+01,,,,105
2018-04-26 09:02:47.000000,2.613901e+07,1.824448e+07,1.239799e+02,1.416171e+06,8.856598e+01,,,,105
2018-04-26 09:02:48.000000,2.613875e+07,1.824321e+07,1.239792e+02,1.416165e+06,8.856581e+01,,,,105
2018-04-26 09:02:49.000000,2.613846e+07,1.824488e+07,1.239803e+02,1.416159e+06,8.856564e+01,,,,105
2018-04-26 09:02:50.000000,2.613820e+07,1.824374e+07,1.239797e+02,1.416152e+06,8.856546e+01,,,,105
2018-04-26 09:02:51.000000,2.613794e+07,1.824352e+07,1.239797e+02,1.416146e+06,8.856529e+01,,,,105
2018-04-26 09:02:52.000000,2.613769e+07,1.824354e+07,1.239798e+02,1.416140e+06,8.856511e+01,,,,105
2018-04-26 09:02:53.000000,2.613743e+07,1.824339e+07,1.239798e+02,1.416134e+06,8.856495e+01,,,,105
2018-04-26 09:02:54.000000,2.613715e+07,1.824230e+07,1.239791e+02,1.416128e+06,8.856477e+01,,,,105
2018-04-26 09:02:55.000000,2.613690e+07,1.824348e+07,1.239797e+02,1.416121e+06,8.856459e+01,,,,105
2018-04-26 09:02:56.000000,2.613663e+07,1.824216e+07,1.239791e+02,1.416115e+06,8.856443e+01,,,,105
2018-04-26 09:02:57.000000,2.613638e+07,1.824278e+07,1.239795e+02,1.416109e+06,8.856425e+01,,,,105
2018-04-26 09:02:58.000000,2.613611e+07,1.824149e+07,1.239788e+02,1.416102e+06,8.856407e+01,,,,105
2018-04-26 09:02:59.000000,2.613585e+07,1.824085e+07,1.239785e+02,1.416096e+06,8.856390e+01,,,,105
2018-04-26 09:03:00.000000,2.613556e+07,1.824177e+07,1.239791e+02,1.416090e+06,8.856373e+01,,,,105
2018-04-26 09:03:01.000000,2.613530e+07,1.824136e+07,1.239790e+02,1.416084e+06,8.856356e+01,,,,105
2018-04-26 09:03:02.000000,2.613502e+07,1.824232e+07,1.239795e+02,1.416078e+06,8.856338e+01,,,,105
2018-04-26 09:03:03.000000,2.613478e+07,1.824131e+07,1.239791e+02,1.416072e+06,8.856321e+01,,,,105
2018-04-26 09:03:04.000000,2.613452e+07,1.824222e+07,1.239797e+02,1.416065e+06,8.856304e+01,,,,105
2018-04-26 09:03:05.000000,2.613426e+07,1.824087e+07,1.239790e+02,1.416059e+06,8.856286e+01,,,,105
2018-04-26 09:03:06.000000,2.613398e+07,1.824093e+07,1.239789e+02,1.416053e+06,8.856268e+01,,,,105
2018-04-26 09:03:07.000000,2.613371e+07,1.823959e+07,1.239782e+02,1.416046e+06,8.856252e+01,,,,105
2018-04-26 09:03:08.000000,2.613347e+07,1.824008e+07,1.239785e+02,1.416040e+06,8.856234e+01,,,,105
2018-04-26 09:03:09.000000,2.613321e+07,1.823889e+07,1.239779e+02,1.416033e+06,8.856216e+01,,,,105
2018-04-26 09:03:10.000000,2.613294e+07,1.824014e+07,1.239786e+02,1.416027e+06,8.856200e+01,,,,105
2018-04-26 09:03:11.000000,2.613267e+07,1.823936e+07,1.239783e+02,1.416022e+06,8.856182e+01,,,,105
2018-04-26 09:03:12.000000,2.613240e+07,1.823912e+07,1.239783e+02,1.416015e+06,8.856164e+01,,,,105
2018-04-26 09:03:13.000000,2.613214e+07,1.823918e+07,1.239784e+02,1.416008e+06,8.856147e+01,,,,105
2018-04-26 09:03:14.000000,2.613188e+07,1.823901e+07,1.239784e+02,1.416003e+06,8.856130e+01,,,,105
2018-04-26 09:03:15.000000,2.613162e+07,1.823904e+07,1.239784e+02,1.415996e+06,8.856112e+01,,,,105
2018-04-26 09:03:16.000000,2.613135e+07,1.823849e+07,1.239782e+02,1.415990e+06,8.856095e+01,,,,105
2018-04-26 09:03:17.000000,2.613107e+07,1.823774e+07,1.239777e+02,1.415984e+06,8.856078e+01,,,,105
2018-04-26 09:03:18.000000,2.613080e+07,1.823715e+07,1.239774e+02,1.415977e+06,8.856061e+01,,,,105
2018-04-26 09:03:19.000000,2.613053e+07,1.823815e+07,1.239780e+02,1.415971e+06,8.856043e+01,,,,105
2018-04-26 09:03:20.000000,2.613027e+07,1.823651e+07,1.239772e+02,1.415965e+06,8.856025e+01,,,,105
2018-04-26 09:03:21.000000,2.613000e+07,1.823732e+07,1.239776e+02,1.415958e+06,8.856009e+01,,,,105
2018-04-26 09:03:22.000000,2.612971e+07,1.823692e+07,1.239776e+02,1.415952e+06,8.855991e+01,,,,105
2018-04-26 09:03:23.000000,2.612944e+07,1.823778e+07,1.239781e+02,1.415945e+06,8.855973e+01,,,,105
2018-04-26 09:03:24.000000,2.612918e+07,1.823652e+07,1.239774e+02,1.415939e+06,8.855957e+01,,,,105
2018-04-26 09:03:25.000000,2.612892e+07,1.823813e+07,1.239784e+02,1.415934e+06,8.855939e+01,,,,105
2018-04-26 09:03:26.000000,2.612866e+07,1.823647e+07,1.239776e+02,1.415927e+06,8.855921e+01,,,,105
2018-04-26 09:03:27.000000,2.612840e+07,1.823621e+07,1.239775e+02,1.415921e+06,8.855904e+01,,,,105
2018-04-26 09:03:28.000000,2.612816e+07,1.823513e+07,1.239769e+02,1.415915e+06,8.855887e+01,,,,105
2018-04-26 09:03:29.000000,2.612793e+07,1.823636e+07,1.239776e+02,1.415908e+06,8.855869e+01,,,,105
2018-04-26 09:03:30.000000,2.612770e+07,1.823499e+07,1.239768e+02,1.415902e+06,8.855852e+01,,,,105
2018-04-26 09:03:31.000000,2.612752e+07,1.823565e+07,1.239772e+02,1.415896e+06,8.855835e+01,,,,105
2018-04-26 09:03:32.000000,2.612732e+07,1.823433e+07,1.239765e+02,1.415889e+06,8.855817e+01,,,,105
2018-04-26 09:03:33.000000,2.612712e+07,1.823372e+07,1.239762e+02,1.415883e+06,8.855800e+01,,,,105
2018-04-26 09:03:34.000000,2.612692e+07,1.823466e+07,1.239769e+02,1.415877e+06,8.855782e+01,,,,105
2018-04-26 09:03:35.000000,2.612674e+07,1.823424e+07,1.239768e+02,1.415870e+06,8.855765e+01,,,,105
2018-04-26 09:03:36.000000,2.612657e+07,1.823461e+07,1.239771e+02,1.415864e+06,8.855747e+01,,,,105
2018-04-26 09:03:37.000000,2.612641e+07,1.823419e+07,1.239769e+02,1.415857e+06,8.855730e+01,,,,105
2018-04-26 09:03:38.000000,2.612624e+07,1.823518e+07,1.239775e+02,1.415851e+06,8.855713e+01,,,,105
2018-04-26 09:03:39.000000,2.612607e+07,1.823311e+07,1.239763e+02,1.415845e+06,8.855695e+01,,,,105
2018-04-26 09:03:40.000000,2.612591e+07,1.823385e+07,1.239768e+02,1.415838e+06,8.855678e+01,,,,105
2018-04-26 09:03:41.000000,2.612575e+07,1.823258e+07,1.239761e+02,1.415832e+06,8.855660e+01,,,,105
2018-04-26 09:03:42.000000,2.612562e+07,1.823314e+07,1.239764e+02,1.415827e+06,8.855643e+01,,,,105
2018-04-26 09:03:43.000000,2.612548e+07,1.823195e+07,1.239758e+02,1.415819e+06,8.855626e+01,,,,105
2018-04-26 09:03:44.000000,2.612532e+07,1.823329e+07,1.239766e+02,1.415813e+06,8.855608e+01,,,,105
2018-04-26 09:03:45.000000,2.612517e+07,1.823250e+07,1.239764e+02,1.415807e+06,8.855591e+01,,,,105
2018-04-26 09:03:46.000000,2.612503e+07,1.823392e+07,1.239773e+02,1.415801e+06,8.855574e+01,,,,105
2018-04-26 09:03:47.000000,2.612489e+07,1.823244e+07,1.239765e+02,1.415795e+06,8.855556e+01,,,,105
2018-04-26 09:03:48.000000,2.612478e+07,1.823385e+07,1.239773e+02,1.415789e+06,8.855538e+01,,,,105
2018-04-26 09:03:49.000000,2.612465e+07,1.823248e+07,1.239767e+02,1.415782e+06,8.855522e+01,,,,105
2018-04-26 09:03:50.000000,2.612450e+07,1.823257e+07,1.239767e+02,1.415776e+06,8.855504e+01,,,,105
2018-04-26 09:03:51.000000,2.612437e+07,1.823127e+07,1.239761e+02,1.415769e+06,8.855486e+01,,,,105
2018-04-26 09:03:52.000000,2.612423e+07,1.823069e+07,1.239758e+02,1.415763e+06,8.855470e+01,,,,105
2018-04-26 09:03:53.000000,2.612413e+07,1.823054e+07,1.239757e+02,1.415757e+06,8.855452e+01,,,,105
2018-04-26 09:03:54.000000,2.612401e+07,1.823012e+07,1.239755e+02,1.415750e+06,8.855434e+01,,,,105
2018-04-26 09:03:55.000000,2.612388e+07,1.823112e+07,1.239761e+02,1.415744e+06,8.855417e+01,,,,105
2018-04-26 09:03:56.000000,2.612374e+07,1.823072e+07,1.239761e+02,1.415738e+06,8.855400e+01,,,,105
2018-04-26 09:03:57.000000,2.612362e+07,1.823169e+07,1.239767e+02,1.415731e+06,8.855382e+01,,,,105
2018-04-26 09:03:58.000000,2.612349e+07,1.823037e+07,1.239761e+02,1.415725e+06,8.855365e+01,,,,105
2018-04-26 09:03:59.000000,2.612340e+07,1.823162e+07,1.239768e+02,1.415719e+06,8.855348e+01,,,,105
2018-04-26 09:04:00.000000,2.612328e+07,1.823043e+07,1.239763e+02,1.415712e+06,8.855330e+01,,,,105
2018-04-26 09:04:01.000000,2.612316e+07,1.823194e+07,1.239772e+02,1.415706e+06,8.855313e+01,,,,105
2018-04-26 09:04:02.000000,2.612303e+07,1.822932e+07,1.239757e+02,1.415700e+06,8.855295e+01,,,,105
2018-04-26 09:04:03.000000,2.612291e+07,1.823069e+07,1.239765e+02,1.415693e+06,8.855278e+01,,,,105
2018-04-26 09:04:04.000000,2.612281e+07,1.822873e+07,1.239754e+02,1.415687e+06,8.855261e+01,,,,105
2018-04-26 09:04:05.000000,2.612270e+07,1.823003e+07,1.239761e+02,1.415680e+06,8.855243e+01,,,,105
2018-04-26 09:04:06.000000,2.612258e+07,1.822865e+07,1.239755e+02,1.415674e+06,8.855226e+01,,,,105
2018-04-26 09:04:07.000000,2.612246e+07,1.823055e+07,1.239767e+02,1.415668e+06,8.855209e+01,,,,105
2018-04-26 09:04:08.000000,2.612235e+07,1.822932e+07,1.239761e+02,1.415661e+06,8.855191e+01,,,,105
2018-04-26 09:04:09.000000,2.612223e+07,1.822879e+07,1.239759e+02,1.415655e+06,8.855173e+01,,,,105
2018-04-26 09:04:10.000000,2.612215e+07,1.822889e+07,1.239761e+02,1.415650e+06,8.855157e+01,,,,105
2018-04-26 09:04:11.000000,2.612204e+07,1.822882e+07,1.239762e+02,1.415642e+06,8.855139e+01,,,,105
2018-04-26 09:04:12.000000,2.612193e+07,1.822895e+07,1.239763e+02,1.415636e+06,8.855121e+01,,,,105
2018-04-26 09:04:13.000000,2.612180e+07,1.822774e+07,1.239756e+02,1.415630e+06,8.855104e+01,,,,105
2018-04-26 09:04:14.000000,2.612169e+07,1.822865e+07,1.239761e+02,1.415624e+06,8.855087e+01,,,,105
2018-04-26 09:04:15.000000,2.612161e+07,1.822721e+07,1.239753e+02,1.415618e+06,8.855069e+01,,,,105
2018-04-26 09:04:16.000000,2.612150e+07,1.822802e+07,1.239758e+02,1.415612e+06,8.855052e+01,,,,105
2018-04-26 09:04:17.000000,2.612139e+07,1.822674e+07,1.239752e+02,1.415605e+06,8.855035e+01,,,,105
2018-04-26 09:04:18.000000,2.612127e+07,1.822770e+07,1.239759e+02,1.415599e+06,8.855017e+01,,,,105
2018-04-26 09:04:19.000000,2.612117e+07,1.822738e+07,1.239758e+02,1.415592e+06,8.855000e+01,,,,105
2018-04-26 09:04:20.000000,2.612107e+07,1.822840e+07,1.239764e+02,1.415586e+06,8.854982e+01,,,,105
2018-04-26 09:04:21.000000,2.612098e+07,1.822749e+07,1.239760e+02,1.415580e+06,8.854965e+01,,,,105
2018-04-26 09:04:22.000000,2.612088e+07,1.822895e+07,1.239769e+02,1.415573e+06,8.854948e+01,,,,105
2018-04-26 09:04:23.000000,2.612078e+07,1.822719e+07,1.239760e+02,1.415567e+06,8.854930e+01,,,,105
2018-04-26 09:04:24.000000,2.612066e+07,1.822780e+07,1.239763e+02,1.415561e+06,8.854913e+01,,,,105
2018-04-26 09:04:25.000000,2.612056e+07,1.822607e+07,1.239754e+02,1.415554e+06,8.854896e+01,,,,105
2018-04-26 09:04:26.000000,2.612046e+07,1.822745e+07,1.239762e+02,1.415548e+06,8.854878e+01,,,,105
2018-04-26 09:04:27.000000,2.612038e+07,1.822558e+07,1.239752e+02,1.415542e+06,8.854861e+01,,,,105
2018-04-26 09:04:28.000000,2.612027e+07,1.822685e+07,1.239760e+02,1.415535e+06,8.854844e+01,,,,105
2018-04-26 09:04:29.000000,2.612016e+07,1.822617e+07,1.239758e+02,1.415529e+06,8.854826e+01,,,,105
2018-04-26 09:04:30.000000,2.612006e+07,1.822601e+07,1.239758e+02,1.415522e+06,8.854809e+01,,,,105
2018-04-26 09:04:31.000000,2.611996e+07,1.822615e+07,1.239759e+02,1.415516e+06,8.854792e+01,,,,105
2018-04-26 09:04:32.000000,2.611988e+07,1.822606e+07,1.239761e+02,1.415510e+06,8.854774e+01,,,,105
2018-04-26 09:04:33.000000,2.611979e+07,1.822619e+07,1.239762e+02,1.415503e+06,8.854757e+01,,,,105
2018-04-26 09:04:34.000000,2.611969e+07,1.822576e+07,1.239760e+02,1.415497e+06,8.854739e+01,,,,105
2018-04-26 09:04:35.000000,2.611958e+07,1.822594e+07,1.239760e+02,1.415491e+06,8.854722e+01,,,,105
2018-04-26 09:04:36.000000,2.611949e+07,1.822466e+07,1.239754e+02,1.415484e+06,8.854705e+01,,,,105
2018-04-26 09:04:37.000000,2.611939e+07,1.822622e+07,1.239763e+02,1.415478e+06,8.854687e+01,,,,105
2018-04-26 09:04:38.000000,2.611931e+07,1.822420e+07,1.239752e+02,1.415472e+06,8.854670e+01,,,,105
2018-04-26 09:04:39.000000,2.611922e+07,1.822504e+07,1.239757e+02,1.415465e+06,8.854653e+01,,,,105
2018-04-26 09:04:40.000000,2.611912e+07,1.822384e+07,1.239751e+02,1.415459e+06,8.854635e+01,,,,105
2018-04-26 09:04:41.000000,2.611902e+07,1.822563e+07,1.239763e+02,1.415453e+06,8.854617e+01,,,,105
2018-04-26 09:04:42.000000,2.611892e+07,1.822454e+07,1.239758e+02,1.415446e+06,8.854601e+01,,,,105
2018-04-26 09:04:43.000000,2.611884e+07,1.822621e+07,1.239769e+02,1.415440e+06,8.854583e+01,,,,105
2018-04-26 09:04:44.000000,2.611876e+07,1.822469e+07,1.239761e+02,1.415433e+06,8.854566e+01,,,,105
2018-04-26 09:04:45.000000,2.611866e+07,1.822449e+07,1.239761e+02,1.415427e+06,8.854549e+01,,,,105
2018-04-26 09:04:46.000000,2.611855e+07,1.822350e+07,1.239755e+02,1.415421e+06,8.854531e+01,,,,105
2018-04-26 09:04:47.000000,2.611847e+07,1.822479e+07,1.239761e+02,1.415414e+06,8.854514e+01,,,,105
2018-04-26 09:04:48.000000,2.611837e+07,1.822355e+07,1.239756e+02,1.415408e+06,8.854496e+01,,,,105
2018-04-26 09:04:49.000000,2.611831e+07,1.822428e+07,1.239760e+02,1.415402e+06,8.854479e+01,,,,105
2018-04-26 09:04:50.000000,2.611822e+07,1.822306e+07,1.239753e+02,1.415395e+06,8.854462e+01,,,,105
2018-04-26 09:04:51.000000,2.611812e+07,1.822252e+07,1.239752e+02,1.415389e+06,8.854444e+01,,,,105
2018-04-26 09:04:52.000000,2.611802e+07,1.822354e+07,1.239759e+02,1.415383e+06,8.854427e+01,,,,105
2018-04-26 09:04:53.000000,2.611792e+07,1.822321e+07,1.239758e+02,1.415376e+06,8.854410e+01,,,,105
2018-04-26 09:04:54.000000,2.611784e+07,1.822428e+07,1.239765e+02,1.415370e+06,8.854392e+01,,,,105
2018-04-26 09:04:55.000000,2.611778e+07,1.822334e+07,1.239761e+02,1.415364e+06,8.854374e+01,,,,105
2018-04-26 09:04:56.000000,2.611768e+07,1.822436e+07,1.239767e+02,1.415357e+06,8.854358e+01,,,,105
2018-04-26 09:04:57.000000,2.611758e+07,1.822238e+07,1.239756e+02,1.415351e+06,8.854340e+01,,,,105
2018-04-26 09:04:58.000000,2.611750e+07,1.822318e+07,1.239761e+02,1.415344e+06,8.854323e+01,,,,105
2018-04-26 09:04:59.000000,2.611740e+07,1.822199e+07,1.239755e+02,1.415338e+06,8.854306e+01,,,,105
2018-04-26 09:05:00.000000,2.611734e+07,1.822261e+07,1.239759e+02,1.415332e+06,8.854288e+01,,,,105
2018-04-26 09:05:01.000000,2.611726e+07,1.822149e+07,1.239753e+02,1.415325e+06,8.854271e+01,,,,105
2018-04-26 09:05:02.000000,2.611716e+07,1.822288e+07,1.239761e+02,1.415319e+06,8.854253e+01,,,,105
2018-04-26 09:05:03.000000,2.611707e+07,1.822217e+07,1.239759e+02,1.415313e+06,8.854236e+01,,,,105
2018-04-26 09:05:04.000000,2.611698e+07,1.822203e+07,1.239760e+02,1.415306e+06,8.854219e+01,,,,105
2018-04-26 09:05:05.000000,2.611690e+07,1.822220e+07,1.239761e+02,1.415300e+06,8.854201e+01,,,,105
2018-04-26 09:05:06.000000,2.611683e+07,1.822213e+07,1.239762e+02,1.415294e+06,8.854184e+01,,,,105
2018-04-26 09:05:07.000000,2.611674e+07,1.822227e+07,1.239763e+02,1.415287e+06,8.854167e+01,,,,105
2018-04-26 09:05:08.000000,2.611667e+07,1.822185e+07,1.239762e+02,1.415281e+06,8.854149e+01,,,,105
2018-04-26 09:05:09.000000,2.611657e+07,1.822122e+07,1.239757e+02,1.415275e+06,8.854132e+01,,,,105
2018-04-26 09:05:10.000000,2.611648e+07,1.822074e+07,1.239756e+02,1.415268e+06,8.854115e+01,,,,105
2018-04-26 09:05:11.000000,2.611642e+07,1.822065e+07,1.239755e+02,1.415262e+06,8.854097e+01,,,,105
2018-04-26 09:05:12.000000,2.611634e+07,1.822023e+07,1.239754e+02,1.415255e+06,8.854080e+01,,,,105
2018-04-26 09:05:13.000000,2.611625e+07,1.822126e+07,1.239760e+02,1.415249e+06,8.854063e+01,,,,105
2018-04-26 09:05:14.000000,2.611615e+07,1.822093e+07,1.239760e+02,1.415243e+06,8.854046e+01,,,,105
2018-04-26 09:05:15.000000,2.611607e+07,1.822192e+07,1.239767e+02,1.415236e+06,8.854028e+01,,,,105
2018-04-26 09:05:16.000000,2.611599e+07,1.822074e+07,1.239761e+02,1.415230e+06,8.854010e+01,,,,105
2018-04-26 09:05:17.000000,2.611593e+07,1.822201e+07,1.239769e+02,1.415224e+06,8.853994e+01,,,,105
2018-04-26 09:05:18.000000,2.611585e+07,1.822089e+07,1.239763e+02,1.415217e+06,8.853976e+01,,,,105
2018-04-26 09:05:19.000000,2.611577e+07,1.822243e+07,1.239773e+02,1.415211e+06,8.853958e+01,,,,105
2018-04-26 09:05:20.000000,2.611567e+07,1.821993e+07,1.239758e+02,1.415205e+06,8.853941e+01,,,,105
2018-04-26 09:05:21.000000,2.611559e+07,1.822112e+07,1.239766e+02,1.415198e+06,8.853924e+01,,,,105
2018-04-26 09:05:22.000000,2.611551e+07,1.821982e+07,1.239759e+02,1.415192e+06,8.853907e+01,,,,105
2018-04-26 09:05:23.000000,2.611545e+07,1.822063e+07,1.239764e+02,1.415186e+06,8.853889e+01,,,,105
2018-04-26 09:05:24.000000,2.611537e+07,1.821936e+07,1.239757e+02,1.415179e+06,8.853872e+01,,,,105
2018-04-26 09:05:25.000000,2.611528e+07,1.821977e+07,1.239761e+02,1.415173e+06,8.853855e+01,,,,105
2018-04-26 09:05:26.000000,2.611520e+07,1.821999e+07,1.239764e+02,1.415166e+06,8.853837e+01,,,,105
2018-04-26 09:05:27.000000,2.611512e+07,1.821957e+07,1.239762e+02,1.415160e+06,8.853821e+01,,,,105
2018-04-26 09:05:28.000000,2.611506e+07,1.822005e+07,1.239766e+02,1.415154e+06,8.853803e+01,,,,105
2018-04-26 09:05:29.000000,2.611498e+07,1.821972e+07,1.239765e+02,1.415147e+06,8.853785e+01,,,,105
2018-04-26 09:05:30.000000,2.611490e+07,1.822086e+07,1.239772e+02,1.415141e+06,8.853768e+01,,,,105
2018-04-26 09:05:31.000000,2.611482e+07,1.821886e+07,1.239760e+02,1.415135e+06,8.853751e+01,,,,105
2018-04-26 09:05:32.000000,2.611474e+07,1.821976e+07,1.239766e+02,1.415128e+06,8.853733e+01,,,,105
2018-04-26 09:05:33.000000,2.611467e+07,1.821854e+07,1.239760e+02,1.415122e+06,8.853716e+01,,,,105
2018-04-26 09:05:34.000000,2.611462e+07,1.821923e+07,1.239764e+02,1.415116e+06,8.853699e+01,,,,105
2018-04-26 09:05:35.000000,2.611456e+07,1.821809e+07,1.239758e+02,1.415109e+06,8.853682e+01,,,,105
2018-04-26 09:05:36.000000,2.611449e+07,1.821956e+07,1.239766e+02,1.415103e+06,8.853664e+01,,,,105
2018-04-26 09:05:37.000000,2.611442e+07,1.821882e+07,1.239765e+02,1.415097e+06,8.853646e+01,,,,105
2018-04-26 09:05:38.000000,2.611435e+07,1.822034e+07,1.239774e+02,1.415090e+06,8.853630e+01,,,,105
2018-04-26 09:05:39.000000,2.611431e+07,1.821905e+07,1.239768e+02,1.415084e+06,8.853612e+01,,,,105
2018-04-26 09:05:40.000000,2.611424e+07,1.822042e+07,1.239776e+02,1.415077e+06,8.853595e+01,,,,105
2018-04-26 09:05:41.000000,2.611417e+07,1.821911e+07,1.239770e+02,1.415071e+06,8.853578e+01,,,,105
2018-04-26 09:05:42.000000,2.611409e+07,1.821929e+07,1.239770e+02,1.415066e+06,8.853560e+01,,,,105
2018-04-26 09:05:43.000000,2.611401e+07,1.821803e+07,1.239764e+02,1.415058e+06,8.853543e+01,,,,105
2018-04-26 09:05:44.000000,2.611394e+07,1.821752e+07,1.239762e+02,1.415052e+06,8.853525e+01,,,,105
2018-04-26 09:05:45.000000,2.611389e+07,1.821745e+07,1.239762e+02,1.415047e+06,8.853508e+01,,,,105
2018-04-26 09:05:46.000000,2.611383e+07,1.821703e+07,1.239760e+02,1.415040e+06,8.853491e+01,,,,105
2018-04-26 09:05:47.000000,2.611376e+07,1.821811e+07,1.239767e+02,1.415033e+06,8.853473e+01,,,,105
2018-04-26 09:05:48.000000,2.611368e+07,1.821776e+07,1.239767e+02,1.415027e+06,8.853456e+01,,,,105
2018-04-26 09:05:49.000000,2.611360e+07,1.821881e+07,1.239774e+02,1.415021e+06,8.853439e+01,,,,105
2018-04-26 09:05:50.000000,2.611354e+07,1.821760e+07,1.239768e+02,1.415015e+06,8.853421e+01,,,,105
2018-04-26 09:05:51.000000,2.611348e+07,1.821896e+07,1.239776e+02,1.415009e+06,8.853404e+01,,,,105
2018-04-26 09:05:52.000000,2.611342e+07,1.821781e+07,1.239771e+02,1.415002e+06,8.853387e+01,,,,105
2018-04-26 09:05:53.000000,2.611334e+07,1.821797e+07,1.239771e+02,1.414996e+06,8.853370e+01,,,,105
2018-04-26 09:05:54.000000,2.611327e+07,1.821678e+07,1.239765e+02,1.414989e+06,8.853352e+01,,,,105
2018-04-26 09:05:55.000000,2.611321e+07,1.821816e+07,1.239774e+02,1.414983e+06,8.853335e+01,,,,105
2018-04-26 09:05:56.000000,2.611316e+07,1.821639e+07,1.239764e+02,1.414977e+06,8.853318e+01,,,,105
2018-04-26 09:05:57.000000,2.611310e+07,1.821763e+07,1.239771e+02,1.414970e+06,8.853300e+01,,,,105
2018-04-26 09:05:58.000000,2.611304e+07,1.821638e+07,1.239765e+02,1.414964e+06,8.853283e+01,,,,105
2018-04-26 09:05:59.000000,2.611296e+07,1.821684e+07,1.239770e+02,1.414958e+06,8.853266e+01,,,,105
2018-04-26 09:06:00.000000,2.611289e+07,1.821707e+07,1.239772e+02,1.414951e+06,8.853248e+01,,,,105
2018-04-26 09:06:01.000000,2.611283e+07,1.821665e+07,1.239771e+02,1.414945e+06,8.853231e+01,,,,105
2018-04-26 09:06:02.000000,2.611278e+07,1.821717e+07,1.239775e+02,1.414939e+06,8.853213e+01,,,,105
2018-04-26 09:06:03.000000,2.611272e+07,1.821681e+07,1.239774e+02,1.414932e+06,8.853197e+01,,,,105
2018-04-26 09:06:04.000000,2.611264e+07,1.821621e+07,1.239770e+02,1.414927e+06,8.853179e+01,,,,105
2018-04-26 09:06:05.000000,2.611258e+07,1.821575e+07,1.239768e+02,1.414920e+06,8.853161e+01,,,,105
2018-04-26 09:06:06.000000,2.611251e+07,1.821683e+07,1.239775e+02,1.414914e+06,8.853145e+01,,,,105
2018-04-26 09:06:07.000000,2.611246e+07,1.821539e+07,1.239767e+02,1.414908e+06,8.853127e+01,,,,105
2018-04-26 09:06:08.000000,2.611239e+07,1.821625e+07,1.239772e+02,1.414901e+06,8.853110e+01,,,,105
2018-04-26 09:06:09.000000,2.611233e+07,1.821511e+07,1.239766e+02,1.414895e+06,8.853092e+01,,,,105
2018-04-26 09:06:10.000000,2.611224e+07,1.821689e+07,1.239778e+02,1.414889e+06,8.853075e+01,,,,105
2018-04-26 09:06:11.000000,2.611218e+07,1.821589e+07,1.239773e+02,1.414882e+06,8.853058e+01,,,,105
2018-04-26 09:06:12.000000,2.611211e+07,1.821744e+07,1.239783e+02,1.414876e+06,8.853040e+01,,,,105
2018-04-26 09:06:13.000000,2.611206e+07,1.821608e+07,1.239778e+02,1.414870e+06,8.853024e+01,,,,105
2018-04-26 09:06:14.000000,2.611200e+07,1.821752e+07,1.239786e+02,1.414863e+06,8.853006e+01,,,,105
2018-04-26 09:06:15.000000,2.611194e+07,1.821615e+07,1.239779e+02,1.414857e+06,8.852988e+01,,,,105
2018-04-26 09:06:16.000000,2.611186e+07,1.821638e+07,1.239780e+02,1.414851e+06,8.852971e+01,,,,105
2018-04-26 09:06:17.000000,2.611179e+07,1.821509e+07,1.239773e+02,1.414845e+06,8.852954e+01,,,,105
2018-04-26 09:06:18.000000,2.611174e+07,1.821581e+07,1.239777e+02,1.414839e+06,8.852937e+01,,,,105
2018-04-26 09:06:19.000000,2.611167e+07,1.821464e+07,1.239772e+02,1.414832e+06,8.852919e+01,,,,105
2018-04-26 09:06:20.000000,2.611161e+07,1.821412e+07,1.239770e+02,1.414826e+06,8.852902e+01,,,,105
2018-04-26 09:06:21.000000,2.611153e+07,1.821515e+07,1.239777e+02,1.414820e+06,8.852885e+01,,,,105
2018-04-26 09:06:22.000000,2.611146e+07,1.821488e+07,1.239777e+02,1.414813e+06,8.852867e+01,,,,105
2018-04-26 09:06:23.000000,2.611139e+07,1.821596e+07,1.239783e+02,1.414807e+06,8.852850e+01,,,,105
2018-04-26 09:06:24.000000,2.611135e+07,1.821508e+07,1.239780e+02,1.414802e+06,8.852833e+01,,,,105
2018-04-26 09:06:25.000000,2.611128e+07,1.821610e+07,1.239787e+02,1.414795e+06,8.852815e+01,,,,105
2018-04-26 09:06:26.000000,2.611122e+07,1.821487e+07,1.239781e+02,1.414789e+06,8.852798e+01,,,,105
2018-04-26 09:06:27.000000,2.611115e+07,1.821506e+07,1.239781e+02,1.414783e+06,8.852781e+01,,,,105
2018-04-26 09:06:28.000000,2.611107e+07,1.821385e+07,1.239775e+02,1.414776e+06,8.852764e+01,,,,105
2018-04-26 09:06:29.000000,2.611101e+07,1.821529e+07,1.239784e+02,1.414770e+06,8.852746e+01,,,,105
2018-04-26 09:06:30.000000,2.611096e+07,1.821345e+07,1.239774e+02,1.414764e+06,8.852729e+01,,,,105
2018-04-26 09:06:31.000000,2.611090e+07,1.821477e+07,1.239782e+02,1.414757e+06,8.852712e+01,,,,105
2018-04-26 09:06:32.000000,2.611083e+07,1.821413e+07,1.239780e+02,1.414752e+06,8.852694e+01,,,,105
2018-04-26 09:06:33.000000,2.611076e+07,1.821400e+07,1.239781e+02,1.414745e+06,8.852677e+01,,,,105
2018-04-26 09:06:34.000000,2.611069e+07,1.821419e+07,1.239783e+02,1.414739e+06,8.852660e+01,,,,105
2018-04-26 09:06:35.000000,2.611065e+07,1.821416e+07,1.239784e+02,1.414733e+06,8.852643e+01,,,,105
2018-04-26 09:06:36.000000,2.611058e+07,1.821433e+07,1.239786e+02,1.414726e+06,8.852625e+01,,,,105
2018-04-26 09:06:37.000000,2.611053e+07,1.821393e+07,1.239784e+02,1.414720e+06,8.852608e+01,,,,105
2018-04-26 09:06:38.000000,2.611045e+07,1.821334e+07,1.239780e+02,1.414715e+06,8.852591e+01,,,,105
2018-04-26 09:06:39.000000,2.611038e+07,1.821288e+07,1.239779e+02,1.414708e+06,8.852573e+01,,,,105
2018-04-26 09:06:40.000000,2.611032e+07,1.821401e+07,1.239786e+02,1.414702e+06,8.852556e+01,,,,105
2018-04-26 09:06:41.000000,2.611027e+07,1.821252e+07,1.239778e+02,1.414696e+06,8.852539e+01,,,,105
2018-04-26 09:06:42.000000,2.611021e+07,1.821344e+07,1.239784e+02,1.414689e+06,8.852522e+01,,,,105
2018-04-26 09:06:43.000000,2.611015e+07,1.821224e+07,1.239778e+02,1.414683e+06,8.852504e+01,,,,105
2018-04-26 09:06:44.000000,2.611007e+07,1.821411e+07,1.239790e+02,1.414677e+06,8.852487e+01,,,,105
2018-04-26 09:06:45.000000,2.611001e+07,1.821304e+07,1.239785e+02,1.414671e+06,8.852470e+01,,,,105
2018-04-26 09:06:46.000000,2.610997e+07,1.821478e+07,1.239796e+02,1.414665e+06,8.852453e+01,,,,105
2018-04-26 09:06:47.000000,2.610990e+07,1.821327e+07,1.239789e+02,1.414658e+06,8.852435e+01,,,,105
2018-04-26 09:06:48.000000,2.610984e+07,1.821311e+07,1.239789e+02,1.414652e+06,8.852419e+01,,,,105
2018-04-26 09:06:49.000000,2.610976e+07,1.821215e+07,1.239783e+02,1.414647e+06,8.852401e+01,,,,105
2018-04-26 09:06:50.000000,2.610970e+07,1.821351e+07,1.239791e+02,1.414640e+06,8.852383e+01,,,,105
2018-04-26 09:06:51.000000,2.610964e+07,1.821228e+07,1.239785e+02,1.414634e+06,8.852366e+01,,,,105
2018-04-26 09:06:52.000000,2.610960e+07,1.821306e+07,1.239790e+02,1.414628e+06,8.852349e+01,,,,105
2018-04-26 09:06:53.000000,2.610954e+07,1.821184e+07,1.239783e+02,1.414621e+06,8.852332e+01,,,,105
2018-04-26 09:06:54.000000,2.610948e+07,1.821135e+07,1.239782e+02,1.414615e+06,8.852314e+01,,,,105
2018-04-26 09:06:55.000000,2.610941e+07,1.821242e+07,1.239790e+02,1.414609e+06,8.852297e+01,,,,105
2018-04-26 09:06:56.000000,2.610934e+07,1.821212e+07,1.239789e+02,1.414603e+06,8.852280e+01,,,,105
2018-04-26 09:06:57.000000,2.610928e+07,1.821324e+07,1.239796e+02,1.414597e+06,8.852263e+01,,,,105
2018-04-26 09:06:58.000000,2.610924e+07,1.821233e+07,1.239793e+02,1.414591e+06,8.852245e+01,,,,105
2018-04-26 09:06:59.000000,2.610918e+07,1.821391e+07,1.239803e+02,1.414584e+06,8.852229e+01,,,,105
2018-04-26 09:07:00.000000,2.610911e+07,1.821145e+07,1.239789e+02,1.414579e+06,8.852211e+01,,,,105
2018-04-26 09:07:01.000000,2.610904e+07,1.821277e+07,1.239796e+02,1.414572e+06,8.852194e+01,,,,105
2018-04-26 09:07:02.000000,2.610898e+07,1.821110e+07,1.239788e+02,1.414566e+06,8.852177e+01,,,,105
2018-04-26 09:07:03.000000,2.610894e+07,1.821231e+07,1.239794e+02,1.414560e+06,8.852160e+01,,,,105
2018-04-26 09:07:04.000000,2.610888e+07,1.821102e+07,1.239788e+02,1.414554e+06,8.852142e+01,,,,105
2018-04-26 09:07:05.000000,2.610882e+07,1.821056e+07,1.239787e+02,1.414548e+06,8.852125e+01,,,,105
2018-04-26 09:07:06.000000,2.610875e+07,1.821158e+07,1.239794e+02,1.414542e+06,8.852108e+01,,,,105
2018-04-26 09:07:07.000000,2.610868e+07,1.821133e+07,1.239794e+02,1.414535e+06,8.852091e+01,,,,105
2018-04-26 09:07:08.000000,2.610863e+07,1.821153e+07,1.239796e+02,1.414529e+06,8.852073e+01,,,,105
2018-04-26 09:07:09.000000,2.610858e+07,1.821148e+07,1.239798e+02,1.414523e+06,8.852056e+01,,,,105
2018-04-26 09:07:10.000000,2.610853e+07,1.821167e+07,1.239799e+02,1.414517e+06,8.852039e+01,,,,105
2018-04-26 09:07:11.000000,2.610848e+07,1.821127e+07,1.239798e+02,1.414511e+06,8.852022e+01,,,,105
2018-04-26 09:07:12.000000,2.610840e+07,1.821153e+07,1.239799e+02,1.414505e+06,8.852005e+01,,,,105
2018-04-26 09:07:13.000000,2.610834e+07,1.821025e+07,1.239793e+02,1.414499e+06,8.851988e+01,,,,105
2018-04-26 09:07:14.000000,2.610830e+07,1.821101e+07,1.239797e+02,1.414493e+06,8.851971e+01,,,,105
2018-04-26 09:07:15.000000,2.610824e+07,1.820982e+07,1.239791e+02,1.414486e+06,8.851953e+01,,,,105
2018-04-26 09:07:16.000000,2.610819e+07,1.821142e+07,1.239801e+02,1.414481e+06,8.851937e+01,,,,105
2018-04-26 09:07:17.000000,2.610811e+07,1.821062e+07,1.239799e+02,1.414475e+06,8.851919e+01,,,,105
2018-04-26 09:07:18.000000,2.610805e+07,1.821210e+07,1.239807e+02,1.414468e+06,8.851902e+01,,,,105
2018-04-26 09:07:19.000000,2.610799e+07,1.821076e+07,1.239801e+02,1.414462e+06,8.851884e+01,,,,105
2018-04-26 09:07:20.000000,2.610795e+07,1.821223e+07,1.239811e+02,1.414457e+06,8.851868e+01,,,,105
2018-04-26 09:07:21.000000,2.610790e+07,1.821064e+07,1.239803e+02,1.414450e+06,8.851851e+01,,,,105
2018-04-26 09:07:22.000000,2.610784e+07,1.821053e+07,1.239804e+02,1.414444e+06,8.851833e+01,,,,105
2018-04-26 09:07:23.000000,2.610778e+07,1.820956e+07,1.239798e+02,1.414438e+06,8.851816e+01,,,,105
2018-04-26 09:07:24.000000,2.610771e+07,1.820947e+07,1.239798e+02,1.414432e+06,8.851799e+01,,,,105
2018-04-26 09:07:25.000000,2.610766e+07,1.821060e+07,1.239805e+02,1.414426e+06,8.851782e+01,,,,105
2018-04-26 09:07:26.000000,2.610762e+07,1.820911e+07,1.239798e+02,1.414420e+06,8.851765e+01,,,,105
2018-04-26 09:07:27.000000,2.610756e+07,1.821011e+07,1.239803e+02,1.414414e+06,8.851748e+01,,,,105
2018-04-26 09:07:28.000000,2.610749e+07,1.820979e+07,1.239804e+02,1.414408e+06,8.851731e+01,,,,105
2018-04-26 09:07:29.000000,2.610743e+07,1.821084e+07,1.239810e+02,1.414401e+06,8.851714e+01,,,,105
2018-04-26 09:07:30.000000,2.610738e+07,1.820963e+07,1.239804e+02,1.414396e+06,8.851697e+01,,,,105
2018-04-26 09:07:31.000000,2.610734e+07,1.821093e+07,1.239813e+02,1.414390e+06,8.851680e+01,,,,105
2018-04-26 09:07:32.000000,2.610728e+07,1.820984e+07,1.239808e+02,1.414383e+06,8.851663e+01,,,,105
2018-04-26 09:07:33.000000,2.610723e+07,1.821140e+07,1.239818e+02,1.414378e+06,8.851645e+01,,,,105
2018-04-26 09:07:34.000000,2.610717e+07,1.820888e+07,1.239803e+02,1.414372e+06,8.851629e+01,,,,105
2018-04-26 09:07:35.000000,2.610710e+07,1.821030e+07,1.239811e+02,1.414365e+06,8.851612e+01,,,,105
2018-04-26 09:07:36.000000,2.610705e+07,1.820856e+07,1.239803e+02,1.414359e+06,8.851594e+01,,,,105
2018-04-26 09:07:37.000000,2.610701e+07,1.820984e+07,1.239810e+02,1.414353e+06,8.851577e+01,,,,105
2018-04-26 09:07:38.000000,2.610696e+07,1.820850e+07,1.239804e+02,1.414347e+06,8.851561e+01,,,,105
2018-04-26 09:07:39.000000,2.610689e+07,1.821047e+07,1.239816e+02,1.414342e+06,8.851543e+01,,,,105
2018-04-26 09:07:40.000000,2.610683e+07,1.820938e+07,1.239812e+02,1.414336e+06,8.851526e+01,,,,105
2018-04-26 09:07:41.000000,2.610678e+07,1.820890e+07,1.239810e+02,1.414329e+06,8.851510e+01,,,,105
2018-04-26 09:07:42.000000,2.610674e+07,1.820940e+07,1.239814e+02,1.414324e+06,8.851492e+01,,,,105
2018-04-26 09:07:43.000000,2.610669e+07,1.820906e+07,1.239813e+02,1.414317e+06,8.851475e+01,,,,105
2018-04-26 09:07:44.000000,2.610665e+07,1.821020e+07,1.239820e+02,1.414311e+06,8.851458e+01,,,,105
2018-04-26 09:07:45.000000,2.610659e+07,1.820819e+07,1.239809e+02,1.414306e+06,8.851442e+01,,,,105
2018-04-26 09:07:46.000000,2.610654e+07,1.820910e+07,1.239815e+02,1.414299e+06,8.851424e+01,,,,105
2018-04-26 09:07:47.000000,2.610649e+07,1.820791e+07,1.239809e+02,1.414293e+06,8.851407e+01,,,,105
2018-04-26 09:07:48.000000,2.610645e+07,1.820861e+07,1.239813e+02,1.414288e+06,8.851391e+01,,,,105
2018-04-26 09:07:49.000000,2.610641e+07,1.820750e+07,1.239807e+02,1.414281e+06,8.851374e+01,,,,105
2018-04-26 09:07:50.000000,2.610636e+07,1.820897e+07,1.239817e+02,1.414275e+06,8.851357e+01,,,,105
2018-04-26 09:07:51.000000,2.610630e+07,1.820827e+07,1.239815e+02,1.414269e+06,8.851339e+01,,,,105
2018-04-26 09:07:52.000000,2.610624e+07,1.820983e+07,1.239825e+02,1.414263e+06,8.851323e+01,,,,105
2018-04-26 09:07:53.000000,2.610621e+07,1.820856e+07,1.239819e+02,1.414258e+06,8.851306e+01,,,,105
2018-04-26 09:07:54.000000,2.610616e+07,1.820996e+07,1.239827e+02,1.414251e+06,8.851289e+01,,,,105
2018-04-26 09:07:55.000000,2.610611e+07,1.820866e+07,1.239821e+02,1.414245e+06,8.851273e+01,,,,105
2018-04-26 09:07:56.000000,2.610605e+07,1.820887e+07,1.239822e+02,1.414240e+06,8.851256e+01,,,,105
2018-04-26 09:07:57.000000,2.610599e+07,1.820764e+07,1.239816e+02,1.414233e+06,8.851238e+01,,,,105
2018-04-26 09:07:58.000000,2.610594e+07,1.820713e+07,1.239814e+02,1.414228e+06,8.851221e+01,,,,105
2018-04-26 09:07:59.000000,2.610591e+07,1.820709e+07,1.239814e+02,1.414222e+06,8.851205e+01,,,,105
2018-04-26 09:08:00.000000,2.610586e+07,1.820671e+07,1.239813e+02,1.414216e+06,8.851188e+01,,,,105
2018-04-26 09:08:01.000000,2.610581e+07,1.820781e+07,1.239820e+02,1.414210e+06,8.851171e+01,,,,105
2018-04-26 09:08:02.000000,2.610575e+07,1.820748e+07,1.239820e+02,1.414204e+06,8.851154e+01,,,,105
2018-04-26 09:08:03.000000,2.610569e+07,1.820855e+07,1.239827e+02,1.414198e+06,8.851138e+01,,,,105
2018-04-26 09:08:04.000000,2.610565e+07,1.820736e+07,1.239821e+02,1.414192e+06,8.851121e+01,,,,105
2018-04-26 09:08:05.000000,2.610561e+07,1.820923e+07,1.239833e+02,1.414186e+06,8.851104e+01,,,,105
2018-04-26 09:08:06.000000,2.610556e+07,1.820760e+07,1.239825e+02,1.414180e+06,8.851088e+01,,,,105
2018-04-26 09:08:07.000000,2.610550e+07,1.820823e+07,1.239828e+02,1.414175e+06,8.851071e+01,,,,105
2018-04-26 09:08:08.000000,2.610544e+07,1.820660e+07,1.239820e+02,1.414168e+06,8.851054e+01,,,,105
2018-04-26 09:08:09.000000,2.610540e+07,1.820800e+07,1.239828e+02,1.414162e+06,8.851038e+01,,,,105
2018-04-26 09:08:10.000000,2.610536e+07,1.820624e+07,1.239819e+02,1.414157e+06,8.851020e+01,,,,105
2018-04-26 09:08:11.000000,2.610531e+07,1.820751e+07,1.239826e+02,1.414150e+06,8.851003e+01,,,,105
2018-04-26 09:08:12.000000,2.610526e+07,1.820628e+07,1.239821e+02,1.414145e+06,8.850986e+01,,,,105
2018-04-26 09:08:13.000000,2.610520e+07,1.820676e+07,1.239826e+02,1.414139e+06,8.850970e+01,,,,105
2018-04-26 09:08:14.000000,2.610514e+07,1.820701e+07,1.239828e+02,1.414133e+06,8.850953e+01,,,,105
2018-04-26 09:08:15.000000,2.610510e+07,1.820661e+07,1.239827e+02,1.414127e+06,8.850937e+01,,,,105
2018-04-26 09:08:16.000000,2.610506e+07,1.820716e+07,1.239831e+02,1.414121e+06,8.850920e+01,,,,105
2018-04-26 09:08:17.000000,2.610502e+07,1.820686e+07,1.239830e+02,1.414115e+06,8.850904e+01,,,,105
2018-04-26 09:08:18.000000,2.610497e+07,1.820861e+07,1.239841e+02,1.414109e+06,8.850887e+01,,,,105
2018-04-26 09:08:19.000000,2.610491e+07,1.820604e+07,1.239826e+02,1.414103e+06,8.850870e+01,,,,105
2018-04-26 09:08:20.000000,2.610485e+07,1.820753e+07,1.239835e+02,1.414097e+06,8.850854e+01,,,,105
2018-04-26 09:08:21.000000,2.610483e+07,1.820566e+07,1.239825e+02,1.414092e+06,8.850837e+01,,,,105
2018-04-26 09:08:22.000000,2.610480e+07,1.820706e+07,1.239833e+02,1.414086e+06,8.850820e+01,,,,105
2018-04-26 09:08:23.000000,2.610476e+07,1.820574e+07,1.239827e+02,1.414080e+06,8.850804e+01,,,,105
2018-04-26 09:08:24.000000,2.610471e+07,1.820774e+07,1.239840e+02,1.414075e+06,8.850787e+01,,,,105
2018-04-26 09:08:25.000000,2.610466e+07,1.820659e+07,1.239834e+02,1.414068e+06,8.850770e+01,,,,105
2018-04-26 09:08:26.000000,2.610463e+07,1.820614e+07,1.239833e+02,1.414062e+06,8.850753e+01,,,,105
2018-04-26 09:08:27.000000,2.610460e+07,1.820633e+07,1.239836e+02,1.414057e+06,8.850738e+01,,,,105
2018-04-26 09:08:28.000000,2.610456e+07,1.820635e+07,1.239837e+02,1.414050e+06,8.850721e+01,,,,105
2018-04-26 09:08:29.000000,2.610453e+07,1.820656e+07,1.239838e+02,1.414045e+06,8.850704e+01,,,,105
2018-04-26 09:08:30.000000,2.610447e+07,1.820542e+07,1.239832e+02,1.414039e+06,8.850687e+01,,,,105
2018-04-26 09:08:31.000000,2.610442e+07,1.820640e+07,1.239838e+02,1.414033e+06,8.850671e+01,,,,105
2018-04-26 09:08:32.000000,2.610438e+07,1.820511e+07,1.239832e+02,1.414027e+06,8.850654e+01,,,,105
2018-04-26 09:08:33.000000,2.610435e+07,1.820598e+07,1.239837e+02,1.414021e+06,8.850638e+01,,,,105
2018-04-26 09:08:34.000000,2.610431e+07,1.820474e+07,1.239830e+02,1.414016e+06,8.850622e+01,,,,105
2018-04-26 09:08:35.000000,2.610426e+07,1.820663e+07,1.239843e+02,1.414010e+06,8.850605e+01,,,,105
2018-04-26 09:08:36.000000,2.610420e+07,1.820562e+07,1.239838e+02,1.414004e+06,8.850588e+01,,,,105
2018-04-26 09:08:37.000000,2.610417e+07,1.820717e+07,1.239848e+02,1.413998e+06,8.850572e+01,,,,105
2018-04-26 09:08:38.000000,2.610413e+07,1.820586e+07,1.239843e+02,1.413993e+06,8.850556e+01,,,,105
2018-04-26 09:08:39.000000,2.610409e+07,1.820730e+07,1.239850e+02,1.413986e+06,8.850539e+01,,,,105
2018-04-26 09:08:40.000000,2.610405e+07,1.820598e+07,1.239844e+02,1.413981e+06,8.850522e+01,,,,105
2018-04-26 09:08:41.000000,2.610399e+07,1.820622e+07,1.239845e+02,1.413976e+06,8.850507e+01,,,,105
2018-04-26 09:08:42.000000,2.610394e+07,1.820496e+07,1.239839e+02,1.413969e+06,8.850490e+01,,,,105
2018-04-26 09:08:43.000000,2.610390e+07,1.820448e+07,1.239838e+02,1.413963e+06,8.850473e+01,,,,105
2018-04-26 09:08:44.000000,2.610387e+07,1.820446e+07,1.239837e+02,1.413957e+06,8.850457e+01,,,,105
2018-04-26 09:08:45.000000,2.610383e+07,1.820412e+07,1.239836e+02,1.413952e+06,8.850441e+01,,,,105
2018-04-26 09:08:46.000000,2.610379e+07,1.820528e+07,1.239843e+02,1.413946e+06,8.850424e+01,,,,105
2018-04-26 09:08:47.000000,2.610373e+07,1.820493e+07,1.239844e+02,1.413940e+06,8.850408e+01,,,,105
2018-04-26 09:08:48.000000,2.610368e+07,1.820604e+07,1.239851e+02,1.413934e+06,8.850392e+01,,,,105
2018-04-26 09:08:49.000000,2.610364e+07,1.820515e+07,1.239847e+02,1.413929e+06,8.850376e+01,,,,105
2018-04-26 09:08:50.000000,2.610361e+07,1.820617e+07,1.239853e+02,1.413923e+06,8.850359e+01,,,,105
2018-04-26 09:08:51.000000,2.610356e+07,1.820499e+07,1.239848e+02,1.413917e+06,8.850343e+01,,,,105
2018-04-26 09:08:52.000000,2.610351e+07,1.820519e+07,1.239849e+02,1.413912e+06,8.850327e+01,,,,105
2018-04-26 09:08:53.000000,2.610345e+07,1.820400e+07,1.239842e+02,1.413905e+06,8.850310e+01,,,,105
2018-04-26 09:08:54.000000,2.610341e+07,1.820546e+07,1.239852e+02,1.413900e+06,8.850294e+01,,,,105
2018-04-26 09:08:55.000000,2.610338e+07,1.820367e+07,1.239842e+02,1.413895e+06,8.850278e+01,,,,105
2018-04-26 09:08:56.000000,2.610333e+07,1.820498e+07,1.239850e+02,1.413888e+06,8.850262e+01,,,,105
2018-04-26 09:08:57.000000,2.610330e+07,1.820371e+07,1.239844e+02,1.413883e+06,8.850245e+01,,,,105
2018-04-26 09:08:58.000000,2.610324e+07,1.820422e+07,1.239849e+02,1.413877e+06,8.850229e+01,,,,105
2018-04-26 09:08:59.000000,2.610319e+07,1.820448e+07,1.239851e+02,1.413871e+06,8.850213e+01,,,,105
2018-04-26 09:09:00.000000,2.610314e+07,1.820408e+07,1.239850e+02,1.413865e+06,8.850197e+01,,,,105
2018-04-26 09:09:01.000000,2.610311e+07,1.820463e+07,1.239854e+02,1.413859e+06,8.850180e+01,,,,105
2018-04-26 09:09:02.000000,2.610307e+07,1.820429e+07,1.239853e+02,1.413854e+06,8.850164e+01,,,,105
2018-04-26 09:09:03.000000,2.610301e+07,1.820372e+07,1.239849e+02,1.413849e+06,8.850149e+01,,,,105
2018-04-26 09:09:04.000000,2.610296e+07,1.820328e+07,1.239848e+02,1.413842e+06,8.850132e+01,,,,105
2018-04-26 09:09:05.000000,2.610292e+07,1.820442e+07,1.239855e+02,1.413837e+06,8.850116e+01,,,,105
2018-04-26 09:09:06.000000,2.610289e+07,1.820297e+07,1.239847e+02,1.413832e+06,8.850100e+01,,,,105
2018-04-26 09:09:07.000000,2.610285e+07,1.820391e+07,1.239853e+02,1.413825e+06,8.850084e+01,,,,105
2018-04-26 09:09:08.000000,2.610281e+07,1.820277e+07,1.239847e+02,1.413820e+06,8.850068e+01,,,,105
2018-04-26 09:09:09.000000,2.610275e+07,1.820463e+07,1.239859e+02,1.413814e+06,8.850052e+01,,,,105
2018-04-26 09:09:10.000000,2.610270e+07,1.820362e+07,1.239855e+02,1.413808e+06,8.850036e+01,,,,105
2018-04-26 09:09:11.000000,2.610266e+07,1.820355e+07,1.239856e+02,1.413803e+06,8.850020e+01,,,,105
2018-04-26 09:09:12.000000,2.610263e+07,1.820373e+07,1.239858e+02,1.413797e+06,8.850003e+01,,,,105
2018-04-26 09:09:13.000000,2.610259e+07,1.820375e+07,1.239859e+02,1.413791e+06,8.849988e+01,,,,105
2018-04-26 09:09:14.000000,2.610254e+07,1.820283e+07,1.239853e+02,1.413786e+06,8.849972e+01,,,,105
2018-04-26 09:09:15.000000,2.610249e+07,1.820273e+07,1.239853e+02,1.413780e+06,8.849956e+01,,,,105
2018-04-26 09:09:16.000000,2.610245e+07,1.820384e+07,1.239860e+02,1.413774e+06,8.849940e+01,,,,105
2018-04-26 09:09:17.000000,2.610243e+07,1.820245e+07,1.239853e+02,1.413769e+06,8.849924e+01,,,,105
2018-04-26 09:09:18.000000,2.610238e+07,1.820338e+07,1.239858e+02,1.413762e+06,8.849908e+01,,,,105
2018-04-26 09:09:19.000000,2.610234e+07,1.820213e+07,1.239852e+02,1.413757e+06,8.849892e+01,,,,105
2018-04-26 09:09:20.000000,2.610229e+07,1.820408e+07,1.239865e+02,1.413752e+06,8.849876e+01,,,,105
2018-04-26 09:09:21.000000,2.610224e+07,1.820303e+07,1.239860e+02,1.413745e+06,8.849860e+01,,,,105
2018-04-26 09:09:22.000000,2.610221e+07,1.820463e+07,1.239870e+02,1.413740e+06,8.849844e+01,,,,105
2018-04-26 09:09:23.000000,2.610217e+07,1.820330e+07,1.239864e+02,1.413735e+06,8.849828e+01,,,,105
2018-04-26 09:09:24.000000,2.610214e+07,1.820479e+07,1.239872e+02,1.413728e+06,8.849813e+01,,,,105
2018-04-26 09:09:25.000000,2.610210e+07,1.820308e+07,1.239864e+02,1.413723e+06,8.849797e+01,,,,105
2018-04-26 09:09:26.000000,2.610204e+07,1.820383e+07,1.239868e+02,1.413717e+06,8.849781e+01,,,,105
2018-04-26 09:09:27.000000,2.610200e+07,1.820213e+07,1.239858e+02,1.413712e+06,8.849765e+01,,,,105
2018-04-26 09:09:28.000000,2.610198e+07,1.820333e+07,1.239865e+02,1.413706e+06,8.849749e+01,,,,105
2018-04-26 09:09:29.000000,2.610194e+07,1.820212e+07,1.239860e+02,1.413700e+06,8.849733e+01,,,,105
2018-04-26 09:09:30.000000,2.610191e+07,1.820166e+07,1.239858e+02,1.413695e+06,8.849717e+01,,,,105
2018-04-26 09:09:31.000000,2.610186e+07,1.820270e+07,1.239865e+02,1.413690e+06,8.849702e+01,,,,105
2018-04-26 09:09:32.000000,2.610181e+07,1.820248e+07,1.239865e+02,1.413683e+06,8.849686e+01,,,,105
2018-04-26 09:09:33.000000,2.610178e+07,1.820363e+07,1.239872e+02,1.413678e+06,8.849670e+01,,,,105
2018-04-26 09:09:34.000000,2.610176e+07,1.820271e+07,1.239868e+02,1.413673e+06,8.849655e+01,,,,105
2018-04-26 09:09:35.000000,2.610172e+07,1.820376e+07,1.239875e+02,1.413666e+06,8.849639e+01,,,,105
2018-04-26 09:09:36.000000,2.610168e+07,1.820255e+07,1.239869e+02,1.413661e+06,8.849623e+01,,,,105
2018-04-26 09:09:37.000000,2.610163e+07,1.820278e+07,1.239870e+02,1.413655e+06,8.849607e+01,,,,105
2018-04-26 09:09:38.000000,2.610159e+07,1.820159e+07,1.239863e+02,1.413649e+06,8.849592e+01,,,,105
2018-04-26 09:09:39.000000,2.610155e+07,1.820308e+07,1.239873e+02,1.413644e+06,8.849576e+01,,,,105
2018-04-26 09:09:40.000000,2.610153e+07,1.820124e+07,1.239863e+02,1.413638e+06,8.849561e+01,,,,105
2018-04-26 09:09:41.000000,2.610149e+07,1.820261e+07,1.239871e+02,1.413633e+06,8.849546e+01,,,,105
2018-04-26 09:09:42.000000,2.610144e+07,1.820199e+07,1.239869e+02,1.413628e+06,8.849530e+01,,,,105
2018-04-26 09:09:43.000000,2.610139e+07,1.820190e+07,1.239870e+02,1.413621e+06,8.849514e+01,,,,105
2018-04-26 09:09:44.000000,2.610136e+07,1.820212e+07,1.239872e+02,1.413616e+06,8.849498e+01,,,,105
2018-04-26 09:09:45.000000,2.610133e+07,1.820210e+07,1.239873e+02,1.413611e+06,8.849483e+01,,,,105
2018-04-26 09:09:46.000000,2.610129e+07,1.820230e+07,1.239875e+02,1.413604e+06,8.849468e+01,,,,105
2018-04-26 09:09:47.000000,2.610126e+07,1.820194e+07,1.239874e+02,1.413599e+06,8.849452e+01,,,,105
2018-04-26 09:09:48.000000,2.610120e+07,1.820138e+07,1.239869e+02,1.413594e+06,8.849437e+01,,,,105
2018-04-26 09:09:49.000000,2.610115e+07,1.820094e+07,1.239868e+02,1.413588e+06,8.849421e+01,,,,105
2018-04-26 09:09:50.000000,2.610112e+07,1.820213e+07,1.239875e+02,1.413582e+06,8.849405e+01,,,,105
2018-04-26 09:09:51.000000,2.610109e+07,1.820065e+07,1.239867e+02,1.413576e+06,8.849390e+01,,,,105
2018-04-26 09:09:52.000000,2.610105e+07,1.820162e+07,1.239873e+02,1.413571e+06,8.849375e+01,,,,105
2018-04-26 09:09:53.000000,2.610102e+07,1.820044e+07,1.239867e+02,1.413566e+06,8.849359e+01,,,,105
2018-04-26 09:09:54.000000,2.610096e+07,1.820235e+07,1.239879e+02,1.413560e+06,8.849344e+01,,,,105
2018-04-26 09:09:55.000000,2.610093e+07,1.820130e+07,1.239874e+02,1.413554e+06,8.849329e+01,,,,105
2018-04-26 09:09:56.000000,2.610090e+07,1.820308e+07,1.239886e+02,1.413549e+06,8.849313e+01,,,,105
2018-04-26 09:09:57.000000,2.610087e+07,1.820159e+07,1.239879e+02,1.413543e+06,8.849298e+01,,,,105
2018-04-26 09:09:58.000000,2.610083e+07,1.820146e+07,1.239879e+02,1.413538e+06,8.849282e+01,,,,105
2018-04-26 09:09:59.000000,2.610078e+07,1.820054e+07,1.239873e+02,1.413533e+06,8.849267e+01,,,,105
2018-04-26 09:10:00.000000,2.610074e+07,1.820048e+07,1.239873e+02,1.413526e+06,8.849252e+01,,,,105
2018-04-26 09:10:01.000000,2.610070e+07,1.820164e+07,1.239880e+02,1.413521e+06,8.849236e+01,,,,105
2018-04-26 09:10:02.000000,2.610068e+07,1.820023e+07,1.239872e+02,1.413516e+06,8.849221e+01,,,,105
2018-04-26 09:10:03.000000,2.610064e+07,1.820120e+07,1.239878e+02,1.413510e+06,8.849206e+01,,,,105
2018-04-26 09:10:04.000000,2.610061e+07,1.819992e+07,1.239872e+02,1.413504e+06,8.849190e+01,,,,105
2018-04-26 09:10:05.000000,2.610057e+07,1.820193e+07,1.239884e+02,1.413498e+06,8.849175e+01,,,,105
2018-04-26 09:10:06.000000,2.610053e+07,1.820085e+07,1.239879e+02,1.413493e+06,8.849161e+01,,,,105
2018-04-26 09:10:07.000000,2.610050e+07,1.820250e+07,1.239889e+02,1.413488e+06,8.849145e+01,,,,105
2018-04-26 09:10:08.000000,2.610048e+07,1.820111e+07,1.239883e+02,1.413482e+06,8.849130e+01,,,,105
2018-04-26 09:10:09.000000,2.610045e+07,1.820264e+07,1.239892e+02,1.413477e+06,8.849115e+01,,,,105
2018-04-26 09:10:10.000000,2.610041e+07,1.820026e+07,1.239879e+02,1.413472e+06,8.849100e+01,,,,105
2018-04-26 09:10:11.000000,2.610036e+07,1.820145e+07,1.239885e+02,1.413465e+06,8.849084e+01,,,,105
2018-04-26 09:10:12.000000,2.610033e+07,1.820026e+07,1.239879e+02,1.413460e+06,8.849069e+01,,,,105
2018-04-26 09:10:13.000000,2.610030e+07,1.820106e+07,1.239883e+02,1.413455e+06,8.849055e+01,,,,105
2018-04-26 09:10:14.000000,2.610028e+07,1.819989e+07,1.239877e+02,1.413449e+06,8.849039e+01,,,,105
2018-04-26 09:10:15.000000,2.610024e+07,1.819947e+07,1.239876e+02,1.413443e+06,8.849024e+01,,,,105
2018-04-26 09:10:16.000000,2.610019e+07,1.820052e+07,1.239884e+02,1.413438e+06,8.849009e+01,,,,105
2018-04-26 09:10:17.000000,2.610015e+07,1.820029e+07,1.239883e+02,1.413432e+06,8.848994e+01,,,,105
2018-04-26 09:10:18.000000,2.610012e+07,1.820147e+07,1.239890e+02,1.413427e+06,8.848979e+01,,,,105
2018-04-26 09:10:19.000000,2.610009e+07,1.820053e+07,1.239886e+02,1.413421e+06,8.848964e+01,,,,105
2018-04-26 09:10:20.000000,2.610006e+07,1.820161e+07,1.239893e+02,1.413416e+06,8.848949e+01,,,,105
2018-04-26 09:10:21.000000,2.610002e+07,1.820037e+07,1.239887e+02,1.413410e+06,8.848934e+01,,,,105
2018-04-26 09:10:22.000000,2.609997e+07,1.820062e+07,1.239887e+02,1.413405e+06,8.848919e+01,,,,105
2018-04-26 09:10:23.000000,2.609993e+07,1.819941e+07,1.239881e+02,1.413399e+06,8.848905e+01,,,,105
2018-04-26 09:10:24.000000,2.609991e+07,1.820010e+07,1.239885e+02,1.413394e+06,8.848889e+01,,,,105
2018-04-26 09:10:25.000000,2.609988e+07,1.819903e+07,1.239879e+02,1.413388e+06,8.848874e+01,,,,105
2018-04-26 09:10:26.000000,2.609984e+07,1.820048e+07,1.239888e+02,1.413383e+06,8.848859e+01,,,,105
2018-04-26 09:10:27.000000,2.609979e+07,1.819982e+07,1.239887e+02,1.413378e+06,8.848844e+01,,,,105
2018-04-26 09:10:28.000000,2.609975e+07,1.819975e+07,1.239887e+02,1.413372e+06,8.848830e+01,,,,105
2018-04-26 09:10:29.000000,2.609971e+07,1.819998e+07,1.239889e+02,1.413366e+06,8.848815e+01,,,,105
2018-04-26 09:10:30.000000,2.609969e+07,1.819997e+07,1.239890e+02,1.413361e+06,8.848800e+01,,,,105
2018-04-26 09:10:31.000000,2.609965e+07,1.820018e+07,1.239892e+02,1.413355e+06,8.848785e+01,,,,105
2018-04-26 09:10:32.000000,2.609962e+07,1.819980e+07,1.239891e+02,1.413350e+06,8.848770e+01,,,,105
2018-04-26 09:10:33.000000,2.609956e+07,1.820009e+07,1.239891e+02,1.413344e+06,8.848755e+01,,,,105
2018-04-26 09:10:34.000000,2.609953e+07,1.819883e+07,1.239885e+02,1.413339e+06,8.848741e+01,,,,105
2018-04-26 09:10:35.000000,2.609949e+07,1.820055e+07,1.239895e+02,1.413333e+06,8.848726e+01,,,,105
2018-04-26 09:10:36.000000,2.609947e+07,1.819852e+07,1.239884e+02,1.413328e+06,8.848711e+01,,,,105
2018-04-26 09:10:37.000000,2.609944e+07,1.819950e+07,1.239890e+02,1.413322e+06,8.848697e+01,,,,105
2018-04-26 09:10:38.000000,2.609939e+07,1.819923e+07,1.239890e+02,1.413317e+06,8.848682e+01,,,,105
2018-04-26 09:10:39.000000,2.609935e+07,1.820029e+07,1.239896e+02,1.413311e+06,8.848667e+01,,,,105
2018-04-26 09:10:40.000000,2.609931e+07,1.819917e+07,1.239891e+02,1.413306e+06,8.848652e+01,,,,105
2018-04-26 09:10:41.000000,2.609929e+07,1.820100e+07,1.239902e+02,1.413301e+06,8.848638e+01,,,,105
2018-04-26 09:10:42.000000,2.609926e+07,1.819945e+07,1.239895e+02,1.413295e+06,8.848624e+01,,,,105
2018-04-26 09:10:43.000000,2.609922e+07,1.819934e+07,1.239894e+02,1.413290e+06,8.848609e+01,,,,105
2018-04-26 09:10:44.000000,2.609917e+07,1.819840e+07,1.239889e+02,1.413285e+06,8.848594e+01,,,,105
2018-04-26 09:10:45.000000,2.609913e+07,1.819834e+07,1.239889e+02,1.413278e+06,8.848580e+01,,,,105
2018-04-26 09:10:46.000000,2.609909e+07,1.819949e+07,1.239895e+02,1.413273e+06,8.848565e+01,,,,105
2018-04-26 09:10:47.000000,2.609907e+07,1.819804e+07,1.239888e+02,1.413267e+06,8.848550e+01,,,,105
2018-04-26 09:10:48.000000,2.609903e+07,1.819905e+07,1.239893e+02,1.413262e+06,8.848537e+01,,,,105
2018-04-26 09:10:49.000000,2.609899e+07,1.819876e+07,1.239894e+02,1.413257e+06,8.848522e+01,,,,105
2018-04-26 09:10:50.000000,2.609895e+07,1.819983e+07,1.239899e+02,1.413251e+06,8.848507e+01,,,,105
2018-04-26 09:10:51.000000,2.609891e+07,1.819864e+07,1.239894e+02,1.413246e+06,8.848492e+01,,,,105
2018-04-26 09:10:52.000000,2.609889e+07,1.819997e+07,1.239902e+02,1.413241e+06,8.848479e+01,,,,105
2018-04-26 09:10:53.000000,2.609885e+07,1.819891e+07,1.239897e+02,1.413235e+06,8.848464e+01,,,,105
2018-04-26 09:10:54.000000,2.609882e+07,1.820050e+07,1.239907e+02,1.413229e+06,8.848449e+01,,,,105
2018-04-26 09:10:55.000000,2.609877e+07,1.819807e+07,1.239892e+02,1.413224e+06,8.848435e+01,,,,105
2018-04-26 09:10:56.000000,2.609873e+07,1.819931e+07,1.239899e+02,1.413218e+06,8.848421e+01,,,,105
2018-04-26 09:10:57.000000,2.609870e+07,1.819808e+07,1.239893e+02,1.413213e+06,8.848406e+01,,,,105
2018-04-26 09:10:58.000000,2.609867e+07,1.819892e+07,1.239898e+02,1.413208e+06,8.848392e+01,,,,105
2018-04-26 09:10:59.000000,2.609864e+07,1.819771e+07,1.239891e+02,1.413202e+06,8.848378e+01,,,,105
2018-04-26 09:11:00.000000,2.609861e+07,1.819725e+07,1.239890e+02,1.413197e+06,8.848364e+01,,,,105
2018-04-26 09:11:01.000000,2.609855e+07,1.819837e+07,1.239897e+02,1.413191e+06,8.848349e+01,,,,105
2018-04-26 09:11:02.000000,2.609852e+07,1.819808e+07,1.239897e+02,1.413186e+06,8.848336e+01,,,,105
2018-04-26 09:11:03.000000,2.609850e+07,1.819860e+07,1.239901e+02,1.413181e+06,8.848321e+01,,,,105
2018-04-26 09:11:04.000000,2.609847e+07,1.819831e+07,1.239900e+02,1.413175e+06,8.848307e+01,,,,105
2018-04-26 09:11:05.000000,2.609843e+07,1.819948e+07,1.239907e+02,1.413169e+06,8.848292e+01,,,,105
2018-04-26 09:11:06.000000,2.609839e+07,1.819751e+07,1.239895e+02,1.413164e+06,8.848279e+01,,,,105
2018-04-26 09:11:07.000000,2.609834e+07,1.819841e+07,1.239900e+02,1.413158e+06,8.848264e+01,,,,105
2018-04-26 09:11:08.000000,2.609831e+07,1.819724e+07,1.239894e+02,1.413153e+06,8.848250e+01,,,,105
2018-04-26 09:11:09.000000,2.609829e+07,1.819797e+07,1.239899e+02,1.413148e+06,8.848236e+01,,,,105
2018-04-26 09:11:10.000000,2.609826e+07,1.819688e+07,1.239892e+02,1.413142e+06,8.848222e+01,,,,105
2018-04-26 09:11:11.000000,2.609822e+07,1.819837e+07,1.239901e+02,1.413137e+06,8.848208e+01,,,,105
2018-04-26 09:11:12.000000,2.609817e+07,1.819769e+07,1.239899e+02,1.413132e+06,8.848194e+01,,,,105
2018-04-26 09:11:13.000000,2.609813e+07,1.819763e+07,1.239900e+02,1.413126e+06,8.848180e+01,,,,105
2018-04-26 09:11:14.000000,2.609810e+07,1.819787e+07,1.239902e+02,1.413121e+06,8.848166e+01,,,,105
2018-04-26 09:11:15.000000,2.609808e+07,1.819785e+07,1.239903e+02,1.413115e+06,8.848152e+01,,,,105
2018-04-26 09:11:16.000000,2.609804e+07,1.819806e+07,1.239904e+02,1.413109e+06,8.848138e+01,,,,105
2018-04-26 09:11:17.000000,2.609800e+07,1.819699e+07,1.239898e+02,1.413105e+06,8.848124e+01,,,,105
2018-04-26 09:11:18.000000,2.609796e+07,1.819792e+07,1.239903e+02,1.413098e+06,8.848110e+01,,,,105
2018-04-26 09:11:19.000000,2.609793e+07,1.819670e+07,1.239897e+02,1.413093e+06,8.848096e+01,,,,105
2018-04-26 09:11:20.000000,2.609790e+07,1.819752e+07,1.239901e+02,1.413088e+06,8.848083e+01,,,,105
2018-04-26 09:11:21.000000,2.609787e+07,1.819636e+07,1.239896e+02,1.413082e+06,8.848069e+01,,,,105
2018-04-26 09:11:22.000000,2.609784e+07,1.819801e+07,1.239905e+02,1.413077e+06,8.848054e+01,,,,105
2018-04-26 09:11:23.000000,2.609779e+07,1.819722e+07,1.239902e+02,1.413072e+06,8.848041e+01,,,,105
2018-04-26 09:11:24.000000,2.609776e+07,1.819874e+07,1.239911e+02,1.413066e+06,8.848027e+01,,,,105
2018-04-26 09:11:25.000000,2.609772e+07,1.819741e+07,1.239904e+02,1.413061e+06,8.848013e+01,,,,105
2018-04-26 09:11:26.000000,2.609770e+07,1.819894e+07,1.239914e+02,1.413055e+06,8.847999e+01,,,,105
2018-04-26 09:11:27.000000,2.609767e+07,1.819770e+07,1.239907e+02,1.413050e+06,8.847986e+01,,,,105
2018-04-26 09:11:28.000000,2.609764e+07,1.819720e+07,1.239906e+02,1.413044e+06,8.847972e+01,,,,105
2018-04-26 09:11:29.000000,2.609758e+07,1.819664e+07,1.239901e+02,1.413039e+06,8.847958e+01,,,,105
2018-04-26 09:11:30.000000,2.609755e+07,1.819621e+07,1.239900e+02,1.413033e+06,8.847945e+01,,,,105
2018-04-26 09:11:31.000000,2.609753e+07,1.819619e+07,1.239899e+02,1.413029e+06,8.847932e+01,,,,105
2018-04-26 09:11:32.000000,2.609750e+07,1.819582e+07,1.239898e+02,1.413022e+06,8.847918e+01,,,,105
2018-04-26 09:11:33.000000,2.609747e+07,1.819693e+07,1.239904e+02,1.413017e+06,8.847904e+01,,,,105
2018-04-26 09:11:34.000000,2.609742e+07,1.819665e+07,1.239904e+02,1.413012e+06,8.847891e+01,,,,105
2018-04-26 09:11:35.000000,2.609738e+07,1.819773e+07,1.239911e+02,1.413006e+06,8.847877e+01,,,,105
2018-04-26 09:11:36.000000,2.609735e+07,1.819658e+07,1.239905e+02,1.413001e+06,8.847863e+01,,,,105
2018-04-26 09:11:37.000000,2.609733e+07,1.819794e+07,1.239913e+02,1.412996e+06,8.847850e+01,,,,105
2018-04-26 09:11:38.000000,2.609730e+07,1.819686e+07,1.239908e+02,1.412990e+06,8.847837e+01,,,,105
2018-04-26 09:11:39.000000,2.609727e+07,1.819849e+07,1.239917e+02,1.412985e+06,8.847823e+01,,,,105
2018-04-26 09:11:40.000000,2.609722e+07,1.819601e+07,1.239903e+02,1.412979e+06,8.847809e+01,,,,105
2018-04-26 09:11:41.000000,2.609718e+07,1.819730e+07,1.239911e+02,1.412974e+06,8.847797e+01,,,,105
2018-04-26 09:11:42.000000,2.609715e+07,1.819603e+07,1.239904e+02,1.412969e+06,8.847783e+01,,,,105
2018-04-26 09:11:43.000000,2.609713e+07,1.819691e+07,1.239909e+02,1.412963e+06,8.847769e+01,,,,105
2018-04-26 09:11:44.000000,2.609711e+07,1.819568e+07,1.239902e+02,1.412957e+06,8.847756e+01,,,,105
2018-04-26 09:11:45.000000,2.609706e+07,1.819615e+07,1.239906e+02,1.412953e+06,8.847743e+01,,,,105
2018-04-26 09:11:46.000000,2.609702e+07,1.819643e+07,1.239909e+02,1.412946e+06,8.847730e+01,,,,105
2018-04-26 09:11:47.000000,2.609699e+07,1.819606e+07,1.239907e+02,1.412941e+06,8.847716e+01,,,,105
2018-04-26 09:11:48.000000,2.609697e+07,1.819660e+07,1.239911e+02,1.412936e+06,8.847703e+01,,,,105
2018-04-26 09:11:49.000000,2.609694e+07,1.819630e+07,1.239910e+02,1.412930e+06,8.847690e+01,,,,105
2018-04-26 09:11:50.000000,2.609691e+07,1.819803e+07,1.239920e+02,1.412925e+06,8.847676e+01,,,,105
2018-04-26 09:11:51.000000,2.609686e+07,1.819552e+07,1.239905e+02,1.412920e+06,8.847663e+01,,,,105
2018-04-26 09:11:52.000000,2.609682e+07,1.819696e+07,1.239913e+02,1.412914e+06,8.847651e+01,,,,105
2018-04-26 09:11:53.000000,2.609679e+07,1.819522e+07,1.239904e+02,1.412909e+06,8.847637e+01,,,,105
2018-04-26 09:11:54.000000,2.609678e+07,1.819654e+07,1.239911e+02,1.412903e+06,8.847624e+01,,,,105
2018-04-26 09:11:55.000000,2.609674e+07,1.819524e+07,1.239904e+02,1.412898e+06,8.847612e+01,,,,105
2018-04-26 09:11:56.000000,2.609672e+07,1.819481e+07,1.239903e+02,1.412893e+06,8.847598e+01,,,,105
2018-04-26 09:11:57.000000,2.609666e+07,1.819591e+07,1.239910e+02,1.412887e+06,8.847585e+01,,,,105
2018-04-26 09:11:58.000000,2.609663e+07,1.819566e+07,1.239910e+02,1.412882e+06,8.847572e+01,,,,105
2018-04-26 09:11:59.000000,2.609662e+07,1.819618e+07,1.239914e+02,1.412877e+06,8.847559e+01,,,,105
2018-04-26 09:12:00.000000,2.609658e+07,1.819585e+07,1.239912e+02,1.412871e+06,8.847546e+01,,,,105
2018-04-26 09:12:01.000000,2.609656e+07,1.819702e+07,1.239919e+02,1.412865e+06,8.847533e+01,,,,105
2018-04-26 09:12:02.000000,2.609651e+07,1.819503e+07,1.239907e+02,1.412860e+06,8.847520e+01,,,,105
2018-04-26 09:12:03.000000,2.609647e+07,1.819597e+07,1.239913e+02,1.412854e+06,8.847508e+01,,,,105
2018-04-26 09:12:04.000000,2.609644e+07,1.819480e+07,1.239906e+02,1.412849e+06,8.847495e+01,,,,105
2018-04-26 09:12:05.000000,2.609643e+07,1.819553e+07,1.239910e+02,1.412844e+06,8.847482e+01,,,,105
2018-04-26 09:12:06.000000,2.609640e+07,1.819443e+07,1.239904e+02,1.412838e+06,8.847470e+01,,,,105
2018-04-26 09:12:07.000000,2.609636e+07,1.819595e+07,1.239913e+02,1.412833e+06,8.847457e+01,,,,105
2018-04-26 09:12:08.000000,2.609631e+07,1.819525e+07,1.239911e+02,1.412827e+06,8.847444e+01,,,,105
2018-04-26 09:12:09.000000,2.609628e+07,1.819520e+07,1.239912e+02,1.412822e+06,8.847432e+01,,,,105
2018-04-26 09:12:10.000000,2.609625e+07,1.819545e+07,1.239913e+02,1.412817e+06,8.847419e+01,,,,105
2018-04-26 09:12:11.000000,2.609624e+07,1.819543e+07,1.239914e+02,1.412811e+06,8.847406e+01,,,,105
2018-04-26 09:12:12.000000,2.609620e+07,1.819565e+07,1.239916e+02,1.412806e+06,8.847393e+01,,,,105
2018-04-26 09:12:13.000000,2.609616e+07,1.819599e+07,1.239917e+02,1.412801e+06,8.847380e+01,,,,105
2018-04-26 09:12:14.000000,2.609612e+07,1.819478e+07,1.239911e+02,1.412795e+06,8.847368e+01,,,,105
2018-04-26 09:12:15.000000,2.609610e+07,1.819430e+07,1.239908e+02,1.412790e+06,8.847355e+01,,,,105
2018-04-26 09:12:16.000000,2.609608e+07,1.819428e+07,1.239908e+02,1.412785e+06,8.847343e+01,,,,105
2018-04-26 09:12:17.000000,2.609605e+07,1.819391e+07,1.239906e+02,1.412779e+06,8.847331e+01,,,,105
2018-04-26 09:12:18.000000,2.609602e+07,1.819506e+07,1.239912e+02,1.412774e+06,8.847318e+01,,,,105
2018-04-26 09:12:19.000000,2.609597e+07,1.819475e+07,1.239913e+02,1.412769e+06,8.847306e+01,,,,105
2018-04-26 09:12:20.000000,2.609594e+07,1.819586e+07,1.239919e+02,1.412763e+06,8.847294e+01,,,,105
2018-04-26 09:12:21.000000,2.609591e+07,1.819468e+07,1.239913e+02,1.412757e+06,8.847281e+01,,,,105
2018-04-26 09:12:22.000000,2.609590e+07,1.819658e+07,1.239924e+02,1.412752e+06,8.847269e+01,,,,105
2018-04-26 09:12:23.000000,2.609587e+07,1.819497e+07,1.239916e+02,1.412746e+06,8.847257e+01,,,,105
2018-04-26 09:12:24.000000,2.609584e+07,1.819491e+07,1.239917e+02,1.412741e+06,8.847244e+01,,,,105
2018-04-26 09:12:25.000000,2.609579e+07,1.819396e+07,1.239911e+02,1.412735e+06,8.847232e+01,,,,105
2018-04-26 09:12:26.000000,2.609576e+07,1.819392e+07,1.239910e+02,1.412730e+06,8.847220e+01,,,,105
2018-04-26 09:12:27.000000,2.609574e+07,1.819386e+07,1.239909e+02,1.412725e+06,8.847207e+01,,,,105
2018-04-26 09:12:28.000000,2.609572e+07,1.819353e+07,1.239908e+02,1.412719e+06,8.847196e+01,,,,105
2018-04-26 09:12:29.000000,2.609568e+07,1.819467e+07,1.239915e+02,1.412714e+06,8.847183e+01,,,,105
2018-04-26 09:12:30.000000,2.609563e+07,1.819437e+07,1.239915e+02,1.412709e+06,8.847171e+01,,,,105
2018-04-26 09:12:31.000000,2.609561e+07,1.819548e+07,1.239922e+02,1.412703e+06,8.847160e+01,,,,105
2018-04-26 09:12:32.000000,2.609558e+07,1.819426e+07,1.239915e+02,1.412698e+06,8.847147e+01,,,,105
2018-04-26 09:12:33.000000,2.609557e+07,1.819564e+07,1.239923e+02,1.412693e+06,8.847135e+01,,,,105
2018-04-26 09:12:34.000000,2.609553e+07,1.819454e+07,1.239918e+02,1.412687e+06,8.847124e+01,,,,105
2018-04-26 09:12:35.000000,2.609551e+07,1.819619e+07,1.239927e+02,1.412682e+06,8.847111e+01,,,,105
2018-04-26 09:12:36.000000,2.609546e+07,1.819367e+07,1.239912e+02,1.412676e+06,8.847100e+01,,,,105
2018-04-26 09:12:37.000000,2.609543e+07,1.819501e+07,1.239920e+02,1.412671e+06,8.847088e+01,,,,105
2018-04-26 09:12:38.000000,2.609541e+07,1.819330e+07,1.239910e+02,1.412666e+06,8.847076e+01,,,,105
2018-04-26 09:12:39.000000,2.609538e+07,1.819456e+07,1.239917e+02,1.412660e+06,8.847064e+01,,,,105
2018-04-26 09:12:40.000000,2.609536e+07,1.819337e+07,1.239911e+02,1.412655e+06,8.847052e+01,,,,105
2018-04-26 09:12:41.000000,2.609532e+07,1.819386e+07,1.239916e+02,1.412650e+06,8.847040e+01,,,,105
2018-04-26 09:12:42.000000,2.609528e+07,1.819415e+07,1.239918e+02,1.412644e+06,8.847029e+01,,,,105
2018-04-26 09:12:43.000000,2.609525e+07,1.819378e+07,1.239916e+02,1.412639e+06,8.847017e+01,,,,105
2018-04-26 09:12:44.000000,2.609523e+07,1.819433e+07,1.239921e+02,1.412634e+06,8.847006e+01,,,,105
2018-04-26 09:12:45.000000,2.609521e+07,1.819403e+07,1.239919e+02,1.412628e+06,8.846994e+01,,,,105
2018-04-26 09:12:46.000000,2.609518e+07,1.819577e+07,1.239929e+02,1.412622e+06,8.846982e+01,,,,105
2018-04-26 09:12:47.000000,2.609513e+07,1.819324e+07,1.239914e+02,1.412617e+06,8.846971e+01,,,,105
2018-04-26 09:12:48.000000,2.609510e+07,1.819471e+07,1.239922e+02,1.412611e+06,8.846960e+01,,,,105
2018-04-26 09:12:49.000000,2.609507e+07,1.819297e+07,1.239913e+02,1.412606e+06,8.846948e+01,,,,105
2018-04-26 09:12:50.000000,2.609506e+07,1.819430e+07,1.239920e+02,1.412601e+06,8.846937e+01,,,,105
2018-04-26 09:12:51.000000,2.609503e+07,1.819297e+07,1.239913e+02,1.412595e+06,8.846925e+01,,,,105
2018-04-26 09:12:52.000000,2.609499e+07,1.819497e+07,1.239925e+02,1.412591e+06,8.846913e+01,,,,105
2018-04-26 09:12:53.000000,2.609495e+07,1.819387e+07,1.239920e+02,1.412584e+06,8.846903e+01,,,,105
2018-04-26 09:12:54.000000,2.609493e+07,1.819342e+07,1.239918e+02,1.412579e+06,8.846891e+01,,,,105
2018-04-26 09:12:55.000000,2.609492e+07,1.819363e+07,1.239920e+02,1.412574e+06,8.846880e+01,,,,105
2018-04-26 09:12:56.000000,2.609489e+07,1.819367e+07,1.239921e+02,1.412568e+06,8.846869e+01,,,,105
2018-04-26 09:12:57.000000,2.609486e+07,1.819390e+07,1.239922e+02,1.412563e+06,8.846857e+01,,,,105
2018-04-26 09:12:58.000000,2.609481e+07,1.819279e+07,1.239916e+02,1.412558e+06,8.846846e+01,,,,105
2018-04-26 09:12:59.000000,2.609478e+07,1.819379e+07,1.239921e+02,1.412552e+06,8.846835e+01,,,,105
2018-04-26 09:13:00.000000,2.609476e+07,1.819252e+07,1.239914e+02,1.412547e+06,8.846824e+01,,,,105
2018-04-26 09:13:01.000000,2.609474e+07,1.819340e+07,1.239919e+02,1.412541e+06,8.846813e+01,,,,105
2018-04-26 09:13:02.000000,2.609472e+07,1.819219e+07,1.239912e+02,1.412536e+06,8.846802e+01,,,,105
2018-04-26 09:13:03.000000,2.609469e+07,1.819391e+07,1.239922e+02,1.412531e+06,8.846791e+01,,,,105
2018-04-26 09:13:04.000000,2.609464e+07,1.819308e+07,1.239919e+02,1.412525e+06,8.846780e+01,,,,105
2018-04-26 09:13:05.000000,2.609462e+07,1.819468e+07,1.239929e+02,1.412520e+06,8.846768e+01,,,,105
2018-04-26 09:13:06.000000,2.609460e+07,1.819342e+07,1.239923e+02,1.412515e+06,8.846758e+01,,,,105
2018-04-26 09:13:07.000000,2.609458e+07,1.819486e+07,1.239930e+02,1.412509e+06,8.846747e+01,,,,105
2018-04-26 09:13:08.000000,2.609455e+07,1.819358e+07,1.239924e+02,1.412504e+06,8.846736e+01,,,,105
2018-04-26 09:13:09.000000,2.609451e+07,1.819384e+07,1.239924e+02,1.412499e+06,8.846725e+01,,,,105
2018-04-26 09:13:10.000000,2.609448e+07,1.819261e+07,1.239918e+02,1.412493e+06,8.846715e+01,,,,105
2018-04-26 09:13:11.000000,2.609444e+07,1.819214e+07,1.239916e+02,1.412488e+06,8.846704e+01,,,,105
2018-04-26 09:13:12.000000,2.609444e+07,1.819213e+07,1.239915e+02,1.412483e+06,8.846693e+01,,,,105
2018-04-26 09:13:13.000000,2.609441e+07,1.819176e+07,1.239914e+02,1.412477e+06,8.846683e+01,,,,105
2018-04-26 09:13:14.000000,2.609438e+07,1.819292e+07,1.239920e+02,1.412472e+06,8.846672e+01,,,,105
2018-04-26 09:13:15.000000,2.609433e+07,1.819261e+07,1.239920e+02,1.412466e+06,8.846662e+01,,,,105
2018-04-26 09:13:16.000000,2.609430e+07,1.819372e+07,1.239927e+02,1.412461e+06,8.846651e+01,,,,105
2018-04-26 09:13:17.000000,2.609428e+07,1.819253e+07,1.239921e+02,1.412456e+06,8.846640e+01,,,,105
2018-04-26 09:13:18.000000,2.609427e+07,1.819447e+07,1.239932e+02,1.412450e+06,8.846630e+01,,,,105
2018-04-26 09:13:19.000000,2.609425e+07,1.819284e+07,1.239923e+02,1.412445e+06,8.846619e+01,,,,105
2018-04-26 09:13:20.000000,2.609420e+07,1.819352e+07,1.239927e+02,1.412440e+06,8.846609e+01,,,,105
2018-04-26 09:13:21.000000,2.609417e+07,1.819190e+07,1.239918e+02,1.412434e+06,8.846599e+01,,,,105
2018-04-26 09:13:22.000000,2.609415e+07,1.819180e+07,1.239918e+02,1.412429e+06,8.846588e+01,,,,105
2018-04-26 09:13:23.000000,2.609413e+07,1.819174e+07,1.239917e+02,1.412424e+06,8.846578e+01,,,,105
2018-04-26 09:13:24.000000,2.609411e+07,1.819141e+07,1.239915e+02,1.412418e+06,8.846568e+01,,,,105
2018-04-26 09:13:25.000000,2.609408e+07,1.819258e+07,1.239922e+02,1.412413e+06,8.846558e+01,,,,105
2018-04-26 09:13:26.000000,2.609403e+07,1.819227e+07,1.239922e+02,1.412408e+06,8.846548e+01,,,,105
2018-04-26 09:13:27.000000,2.609401e+07,1.819341e+07,1.239929e+02,1.412402e+06,8.846538e+01,,,,105
2018-04-26 09:13:28.000000,2.609398e+07,1.819215e+07,1.239922e+02,1.412397e+06,8.846527e+01,,,,105
2018-04-26 09:13:29.000000,2.609397e+07,1.819355e+07,1.239930e+02,1.412391e+06,8.846517e+01,,,,105
2018-04-26 09:13:30.000000,2.609394e+07,1.819245e+07,1.239924e+02,1.412386e+06,8.846507e+01,,,,105
2018-04-26 09:13:31.000000,2.609392e+07,1.819413e+07,1.239934e+02,1.412381e+06,8.846497e+01,,,,105
2018-04-26 09:13:32.000000,2.609387e+07,1.819160e+07,1.239919e+02,1.412375e+06,8.846488e+01,,,,105
2018-04-26 09:13:33.000000,2.609384e+07,1.819294e+07,1.239927e+02,1.412370e+06,8.846477e+01,,,,105
2018-04-26 09:13:34.000000,2.609384e+07,1.819122e+07,1.239917e+02,1.412365e+06,8.846467e+01,,,,105
2018-04-26 09:13:35.000000,2.609381e+07,1.819250e+07,1.239924e+02,1.412359e+06,8.846458e+01,,,,105
2018-04-26 09:13:36.000000,2.609379e+07,1.819131e+07,1.239918e+02,1.412354e+06,8.846448e+01,,,,105
2018-04-26 09:13:37.000000,2.609375e+07,1.819181e+07,1.239922e+02,1.412349e+06,8.846438e+01,,,,105
2018-04-26 09:13:38.000000,2.609371e+07,1.819210e+07,1.239925e+02,1.412343e+06,8.846429e+01,,,,105
2018-04-26 09:13:39.000000,2.609369e+07,1.819174e+07,1.239923e+02,1.412338e+06,8.846419e+01,,,,105
2018-04-26 09:13:40.000000,2.609367e+07,1.819229e+07,1.239927e+02,1.412333e+06,8.846409e+01,,,,105
2018-04-26 09:13:41.000000,2.609365e+07,1.819199e+07,1.239926e+02,1.412327e+06,8.846399e+01,,,,105
2018-04-26 09:13:42.000000,2.609362e+07,1.819375e+07,1.239935e+02,1.412322e+06,8.846390e+01,,,,105
2018-04-26 09:13:43.000000,2.609358e+07,1.819120e+07,1.239920e+02,1.412317e+06,8.846381e+01,,,,105
2018-04-26 09:13:44.000000,2.609355e+07,1.819269e+07,1.239929e+02,1.412312e+06,8.846371e+01,,,,105
2018-04-26 09:13:45.000000,2.609353e+07,1.819092e+07,1.239919e+02,1.412306e+06,8.846362e+01,,,,105
2018-04-26 09:13:46.000000,2.609352e+07,1.819229e+07,1.239926e+02,1.412301e+06,8.846352e+01,,,,105
2018-04-26 09:13:47.000000,2.609349e+07,1.819096e+07,1.239919e+02,1.412296e+06,8.846342e+01,,,,105
2018-04-26 09:13:48.000000,2.609345e+07,1.819298e+07,1.239932e+02,1.412291e+06,8.846333e+01,,,,105
2018-04-26 09:13:49.000000,2.609342e+07,1.819186e+07,1.239927e+02,1.412285e+06,8.846325e+01,,,,105
2018-04-26 09:13:50.000000,2.609340e+07,1.819141e+07,1.239924e+02,1.412280e+06,8.846315e+01,,,,105
2018-04-26 09:13:51.000000,2.609339e+07,1.819163e+07,1.239927e+02,1.412275e+06,8.846306e+01,,,,105
2018-04-26 09:13:52.000000,2.609336e+07,1.819167e+07,1.239927e+02,1.412269e+06,8.846297e+01,,,,105
2018-04-26 09:13:53.000000,2.609334e+07,1.819190e+07,1.239928e+02,1.412264e+06,8.846287e+01,,,,105
2018-04-26 09:13:54.000000,2.609329e+07,1.819080e+07,1.239922e+02,1.412259e+06,8.846279e+01,,,,105
2018-04-26 09:13:55.000000,2.609327e+07,1.819181e+07,1.239927e+02,1.412253e+06,8.846269e+01,,,,105
2018-04-26 09:13:56.000000,2.609325e+07,1.819054e+07,1.239920e+02,1.412248e+06,8.846260e+01,,,,105
2018-04-26 09:13:57.000000,2.609323e+07,1.819143e+07,1.239925e+02,1.412242e+06,8.846252e+01,,,,105
2018-04-26 09:13:58.000000,2.609321e+07,1.819021e+07,1.239918e+02,1.412237e+06,8.846242e+01,,,,105
2018-04-26 09:13:59.000000,2.609319e+07,1.819196e+07,1.239928e+02,1.412232e+06,8.846234e+01,,,,105
2018-04-26 09:14:00.000000,2.609314e+07,1.819111e+07,1.239925e+02,1.412227e+06,8.846225e+01,,,,105
2018-04-26 09:14:01.000000,2.609312e+07,1.819273e+07,1.239935e+02,1.412222e+06,8.846216e+01,,,,105
2018-04-26 09:14:02.000000,2.609310e+07,1.819144e+07,1.239929e+02,1.412217e+06,8.846207e+01,,,,105
2018-04-26 09:14:03.000000,2.609308e+07,1.819291e+07,1.239936e+02,1.412211e+06,8.846199e+01,,,,105
2018-04-26 09:14:04.000000,2.609306e+07,1.819163e+07,1.239930e+02,1.412206e+06,8.846190e+01,,,,105
2018-04-26 09:14:05.000000,2.609301e+07,1.819189e+07,1.239930e+02,1.412201e+06,8.846181e+01,,,,105
2018-04-26 09:14:06.000000,2.609299e+07,1.819066e+07,1.239923e+02,1.412195e+06,8.846173e+01,,,,105
2018-04-26 09:14:07.000000,2.609296e+07,1.819020e+07,1.239922e+02,1.412190e+06,8.846164e+01,,,,105
2018-04-26 09:14:08.000000,2.609296e+07,1.819019e+07,1.239921e+02,1.412185e+06,8.846156e+01,,,,105
2018-04-26 09:14:09.000000,2.609293e+07,1.818983e+07,1.239919e+02,1.412179e+06,8.846147e+01,,,,105
2018-04-26 09:14:10.000000,2.609291e+07,1.819099e+07,1.239926e+02,1.412174e+06,8.846138e+01,,,,105
2018-04-26 09:14:11.000000,2.609286e+07,1.819068e+07,1.239926e+02,1.412169e+06,8.846130e+01,,,,105
2018-04-26 09:14:12.000000,2.609284e+07,1.819181e+07,1.239933e+02,1.412164e+06,8.846121e+01,,,,105
2018-04-26 09:14:13.000000,2.609283e+07,1.819101e+07,1.239929e+02,1.412159e+06,8.846114e+01,,,,105
2018-04-26 09:14:14.000000,2.609281e+07,1.819256e+07,1.239938e+02,1.412153e+06,8.846106e+01,,,,105
2018-04-26 09:14:15.000000,2.609279e+07,1.819091e+07,1.239929e+02,1.412148e+06,8.846097e+01,,,,105
2018-04-26 09:14:16.000000,2.609275e+07,1.819162e+07,1.239932e+02,1.412143e+06,8.846089e+01,,,,105
2018-04-26 09:14:17.000000,2.609271e+07,1.818999e+07,1.239923e+02,1.412137e+06,8.846081e+01,,,,105
2018-04-26 09:14:18.000000,2.609270e+07,1.818990e+07,1.239923e+02,1.412132e+06,8.846072e+01,,,,105
2018-04-26 09:14:19.000000,2.609268e+07,1.818985e+07,1.239922e+02,1.412127e+06,8.846065e+01,,,,105
2018-04-26 09:14:20.000000,2.609266e+07,1.818952e+07,1.239921e+02,1.412121e+06,8.846057e+01,,,,105
2018-04-26 09:14:21.000000,2.609264e+07,1.819070e+07,1.239927e+02,1.412116e+06,8.846048e+01,,,,105
2018-04-26 09:14:22.000000,2.609259e+07,1.819038e+07,1.239927e+02,1.412111e+06,8.846041e+01,,,,105
2018-04-26 09:14:23.000000,2.609257e+07,1.819153e+07,1.239934e+02,1.412106e+06,8.846032e+01,,,,105
2018-04-26 09:14:24.000000,2.609255e+07,1.819027e+07,1.239927e+02,1.412101e+06,8.846025e+01,,,,105
2018-04-26 09:14:25.000000,2.609254e+07,1.819169e+07,1.239936e+02,1.412095e+06,8.846017e+01,,,,105
2018-04-26 09:14:26.000000,2.609251e+07,1.819056e+07,1.239930e+02,1.412090e+06,8.846009e+01,,,,105
2018-04-26 09:14:27.000000,2.609247e+07,1.819079e+07,1.239930e+02,1.412086e+06,8.846002e+01,,,,105
2018-04-26 09:14:28.000000,2.609245e+07,1.818964e+07,1.239925e+02,1.412080e+06,8.845994e+01,,,,105
2018-04-26 09:14:29.000000,2.609243e+07,1.819110e+07,1.239932e+02,1.412075e+06,8.845986e+01,,,,105
2018-04-26 09:14:30.000000,2.609242e+07,1.818935e+07,1.239922e+02,1.412070e+06,8.845979e+01,,,,105
2018-04-26 09:14:31.000000,2.609239e+07,1.819065e+07,1.239929e+02,1.412064e+06,8.845972e+01,,,,105
2018-04-26 09:14:32.000000,2.609237e+07,1.818946e+07,1.239923e+02,1.412059e+06,8.845963e+01,,,,105
2018-04-26 09:14:33.000000,2.609233e+07,1.818997e+07,1.239928e+02,1.412054e+06,8.845956e+01,,,,105
2018-04-26 09:14:34.000000,2.609231e+07,1.819026e+07,1.239930e+02,1.412048e+06,8.845948e+01,,,,105
2018-04-26 09:14:35.000000,2.609228e+07,1.818989e+07,1.239928e+02,1.412044e+06,8.845941e+01,,,,105
2018-04-26 09:14:36.000000,2.609227e+07,1.819047e+07,1.239932e+02,1.412038e+06,8.845934e+01,,,,105
2018-04-26 09:14:37.000000,2.609226e+07,1.819016e+07,1.239931e+02,1.412033e+06,8.845926e+01,,,,105
2018-04-26 09:14:38.000000,2.609223e+07,1.819193e+07,1.239941e+02,1.412028e+06,8.845919e+01,,,,105
2018-04-26 09:14:39.000000,2.609219e+07,1.818935e+07,1.239925e+02,1.412022e+06,8.845913e+01,,,,105
2018-04-26 09:14:40.000000,2.609216e+07,1.819087e+07,1.239934e+02,1.412017e+06,8.845905e+01,,,,105
2018-04-26 09:14:41.000000,2.609216e+07,1.818900e+07,1.239923e+02,1.412013e+06,8.845898e+01,,,,105
2018-04-26 09:14:42.000000,2.609214e+07,1.819046e+07,1.239931e+02,1.412007e+06,8.845891e+01,,,,105
2018-04-26 09:14:43.000000,2.609211e+07,1.818914e+07,1.239924e+02,1.412002e+06,8.845884e+01,,,,105
2018-04-26 09:14:44.000000,2.609207e+07,1.819118e+07,1.239937e+02,1.411997e+06,8.845877e+01,,,,105
2018-04-26 09:14:45.000000,2.609204e+07,1.819006e+07,1.239932e+02,1.411991e+06,8.845870e+01,,,,105
2018-04-26 09:14:46.000000,2.609202e+07,1.818962e+07,1.239929e+02,1.411987e+06,8.845863e+01,,,,105
2018-04-26 09:14:47.000000,2.609202e+07,1.819015e+07,1.239933e+02,1.411982e+06,8.845856e+01,,,,105
2018-04-26 09:14:48.000000,2.609200e+07,1.818984e+07,1.239932e+02,1.411976e+06,8.845849e+01,,,,105
2018-04-26 09:14:49.000000,2.609198e+07,1.819106e+07,1.239939e+02,1.411971e+06,8.845842e+01,,,,105
2018-04-26 09:14:50.000000,2.609193e+07,1.818902e+07,1.239926e+02,1.411966e+06,8.845836e+01,,,,105
2018-04-26 09:14:51.000000,2.609191e+07,1.819001e+07,1.239932e+02,1.411961e+06,8.845829e+01,,,,105
2018-04-26 09:14:52.000000,2.609189e+07,1.818880e+07,1.239926e+02,1.411956e+06,8.845822e+01,,,,105
2018-04-26 09:14:53.000000,2.609188e+07,1.818960e+07,1.239930e+02,1.411950e+06,8.845816e+01,,,,105
2018-04-26 09:14:54.000000,2.609186e+07,1.818847e+07,1.239923e+02,1.411945e+06,8.845809e+01,,,,105
2018-04-26 09:14:55.000000,2.609182e+07,1.819029e+07,1.239935e+02,1.411941e+06,8.845803e+01,,,,105
2018-04-26 09:14:56.000000,2.609180e+07,1.818936e+07,1.239930e+02,1.411935e+06,8.845796e+01,,,,105
2018-04-26 09:14:57.000000,2.609177e+07,1.818929e+07,1.239931e+02,1.411930e+06,8.845790e+01,,,,105
2018-04-26 09:14:58.000000,2.609177e+07,1.818950e+07,1.239932e+02,1.411926e+06,8.845784e+01,,,,105
2018-04-26 09:14:59.000000,2.609174e+07,1.818955e+07,1.239933e+02,1.411920e+06,8.845777e+01,,,,105
2018-04-26 09:15:00.000000,2.609172e+07,1.818978e+07,1.239934e+02,1.411915e+06,8.845771e+01,,,,105
2018-04-26 09:15:01.000000,2.609168e+07,1.818869e+07,1.239928e+02,1.411910e+06,8.845765e+01,,,,105
2018-04-26 09:15:02.000000,2.609166e+07,1.818970e+07,1.239933e+02,1.411904e+06,8.845758e+01,,,,105
2018-04-26 09:15:03.000000,2.609164e+07,1.818843e+07,1.239926e+02,1.411899e+06,8.845752e+01,,,,105
2018-04-26 09:15:04.000000,2.609163e+07,1.818933e+07,1.239931e+02,1.411894e+06,8.845746e+01,,,,105
2018-04-26 09:15:05.000000,2.609161e+07,1.818812e+07,1.239924e+02,1.411889e+06,8.845740e+01,,,,105
2018-04-26 09:15:06.000000,2.609159e+07,1.818987e+07,1.239934e+02,1.411884e+06,8.845734e+01,,,,105
2018-04-26 09:15:07.000000,2.609155e+07,1.818902e+07,1.239931e+02,1.411879e+06,8.845728e+01,,,,105
2018-04-26 09:15:08.000000,2.609153e+07,1.819063e+07,1.239940e+02,1.411874e+06,8.845722e+01,,,,105
2018-04-26 09:15:09.000000,2.609152e+07,1.818936e+07,1.239934e+02,1.411869e+06,8.845716e+01,,,,105
2018-04-26 09:15:10.000000,2.609150e+07,1.819083e+07,1.239942e+02,1.411864e+06,8.845710e+01,,,,105
2018-04-26 09:15:11.000000,2.609148e+07,1.818956e+07,1.239935e+02,1.411859e+06,8.845704e+01,,,,105
2018-04-26 09:15:12.000000,2.609144e+07,1.818982e+07,1.239936e+02,1.411854e+06,8.845699e+01,,,,105
2018-04-26 09:15:13.000000,2.609142e+07,1.818860e+07,1.239929e+02,1.411848e+06,8.845692e+01,,,,105
2018-04-26 09:15:14.000000,2.609139e+07,1.818813e+07,1.239927e+02,1.411844e+06,8.845687e+01,,,,105
2018-04-26 09:15:15.000000,2.609139e+07,1.818814e+07,1.239927e+02,1.411839e+06,8.845682e+01,,,,105
2018-04-26 09:15:16.000000,2.609137e+07,1.818783e+07,1.239925e+02,1.411833e+06,8.845675e+01,,,,105
2018-04-26 09:15:17.000000,2.609135e+07,1.818903e+07,1.239932e+02,1.411829e+06,8.845670e+01,,,,105
2018-04-26 09:15:18.000000,2.609131e+07,1.818869e+07,1.239932e+02,1.411823e+06,8.845664e+01,,,,105
2018-04-26 09:15:19.000000,2.609129e+07,1.818984e+07,1.239939e+02,1.411818e+06,8.845659e+01,,,,105
2018-04-26 09:15:20.000000,2.609126e+07,1.818858e+07,1.239932e+02,1.411814e+06,8.845654e+01,,,,105
2018-04-26 09:15:21.000000,2.609126e+07,1.819002e+07,1.239940e+02,1.411808e+06,8.845648e+01,,,,105
2018-04-26 09:15:22.000000,2.609123e+07,1.818889e+07,1.239934e+02,1.411803e+06,8.845643e+01,,,,105
2018-04-26 09:15:23.000000,2.609120e+07,1.818912e+07,1.239935e+02,1.411799e+06,8.845638e+01,,,,105
2018-04-26 09:15:24.000000,2.609118e+07,1.818796e+07,1.239929e+02,1.411793e+06,8.845632e+01,,,,105
2018-04-26 09:15:25.000000,2.609116e+07,1.818944e+07,1.239937e+02,1.411788e+06,8.845627e+01,,,,105
2018-04-26 09:15:26.000000,2.609115e+07,1.818768e+07,1.239927e+02,1.411783e+06,8.845622e+01,,,,105
2018-04-26 09:15:27.000000,2.609113e+07,1.818902e+07,1.239934e+02,1.411778e+06,8.845616e+01,,,,105
2018-04-26 09:15:28.000000,2.609111e+07,1.818780e+07,1.239928e+02,1.411773e+06,8.845611e+01,,,,105
2018-04-26 09:15:29.000000,2.609107e+07,1.818832e+07,1.239933e+02,1.411768e+06,8.845606e+01,,,,105
2018-04-26 09:15:30.000000,2.609105e+07,1.818863e+07,1.239934e+02,1.411763e+06,8.845601e+01,,,,105
2018-04-26 09:15:31.000000,2.609103e+07,1.818824e+07,1.239933e+02,1.411758e+06,8.845596e+01,,,,105
2018-04-26 09:15:32.000000,2.609102e+07,1.818883e+07,1.239937e+02,1.411753e+06,8.845591e+01,,,,105
2018-04-26 09:15:33.000000,2.609101e+07,1.818853e+07,1.239935e+02,1.411748e+06,8.845586e+01,,,,105
2018-04-26 09:15:34.000000,2.609098e+07,1.819032e+07,1.239945e+02,1.411743e+06,8.845582e+01,,,,105
2018-04-26 09:15:35.000000,2.609095e+07,1.818772e+07,1.239930e+02,1.411738e+06,8.845576e+01,,,,105
2018-04-26 09:15:36.000000,2.609092e+07,1.818925e+07,1.239939e+02,1.411733e+06,8.845572e+01,,,,105
2018-04-26 09:15:37.000000,2.609092e+07,1.818737e+07,1.239928e+02,1.411729e+06,8.845568e+01,,,,105
2018-04-26 09:15:38.000000,2.609090e+07,1.818884e+07,1.239935e+02,1.411723e+06,8.845562e+01,,,,105
2018-04-26 09:15:39.000000,2.609088e+07,1.818752e+07,1.239929e+02,1.411718e+06,8.845558e+01,,,,105
2018-04-26 09:15:40.000000,2.609084e+07,1.818959e+07,1.239942e+02,1.411713e+06,8.845553e+01,,,,105
2018-04-26 09:15:41.000000,2.609082e+07,1.818843e+07,1.239935e+02,1.411708e+06,8.845548e+01,,,,105
2018-04-26 09:15:42.000000,2.609080e+07,1.818801e+07,1.239934e+02,1.411703e+06,8.845544e+01,,,,105
2018-04-26 09:15:43.000000,2.609080e+07,1.818856e+07,1.239938e+02,1.411698e+06,8.845539e+01,,,,105
2018-04-26 09:15:44.000000,2.609077e+07,1.818823e+07,1.239936e+02,1.411693e+06,8.845535e+01,,,,105
2018-04-26 09:15:45.000000,2.609076e+07,1.818947e+07,1.239943e+02,1.411688e+06,8.845531e+01,,,,105
2018-04-26 09:15:46.000000,2.609071e+07,1.818743e+07,1.239931e+02,1.411683e+06,8.845526e+01,,,,105
2018-04-26 09:15:47.000000,2.609070e+07,1.818844e+07,1.239937e+02,1.411678e+06,8.845522e+01,,,,105
2018-04-26 09:15:48.000000,2.609069e+07,1.818705e+07,1.239929e+02,1.411674e+06,8.845518e+01,,,,105
2018-04-26 09:15:49.000000,2.609067e+07,1.818798e+07,1.239933e+02,1.411668e+06,8.845513e+01,,,,105
2018-04-26 09:15:50.000000,2.609065e+07,1.818688e+07,1.239928e+02,1.411663e+06,8.845509e+01,,,,105
2018-04-26 09:15:51.000000,2.609061e+07,1.818874e+07,1.239940e+02,1.411659e+06,8.845505e+01,,,,105
2018-04-26 09:15:52.000000,2.609060e+07,1.818779e+07,1.239935e+02,1.411653e+06,8.845501e+01,,,,105
2018-04-26 09:15:53.000000,2.609057e+07,1.818773e+07,1.239935e+02,1.411648e+06,8.845497e+01,,,,105
2018-04-26 09:15:54.000000,2.609057e+07,1.818793e+07,1.239937e+02,1.411643e+06,8.845492e+01,,,,105
2018-04-26 09:15:55.000000,2.609055e+07,1.818799e+07,1.239937e+02,1.411638e+06,8.845488e+01,,,,105
2018-04-26 09:15:56.000000,2.609053e+07,1.818822e+07,1.239939e+02,1.411633e+06,8.845485e+01,,,,105
2018-04-26 09:15:57.000000,2.609050e+07,1.818712e+07,1.239932e+02,1.411628e+06,8.845480e+01,,,,105
2018-04-26 09:15:58.000000,2.609047e+07,1.818816e+07,1.239937e+02,1.411623e+06,8.845477e+01,,,,105
2018-04-26 09:15:59.000000,2.609046e+07,1.818688e+07,1.239931e+02,1.411619e+06,8.845473e+01,,,,105
2018-04-26 09:16:00.000000,2.609045e+07,1.818779e+07,1.239935e+02,1.411613e+06,8.845469e+01,,,,105
2018-04-26 09:16:01.000000,2.609043e+07,1.818656e+07,1.239928e+02,1.411608e+06,8.845465e+01,,,,105
2018-04-26 09:16:02.000000,2.609039e+07,1.818849e+07,1.239940e+02,1.411604e+06,8.845461e+01,,,,105
2018-04-26 09:16:03.000000,2.609037e+07,1.818752e+07,1.239936e+02,1.411598e+06,8.845458e+01,,,,105
2018-04-26 09:16:04.000000,2.609036e+07,1.818911e+07,1.239945e+02,1.411594e+06,8.845454e+01,,,,105
2018-04-26 09:16:05.000000,2.609035e+07,1.818783e+07,1.239939e+02,1.411589e+06,8.845450e+01,,,,105
2018-04-26 09:16:06.000000,2.609033e+07,1.818931e+07,1.239946e+02,1.411583e+06,8.845447e+01,,,,105
2018-04-26 09:16:07.000000,2.609032e+07,1.818801e+07,1.239940e+02,1.411579e+06,8.845443e+01,,,,105
2018-04-26 09:16:08.000000,2.609027e+07,1.818831e+07,1.239940e+02,1.411574e+06,8.845440e+01,,,,105
2018-04-26 09:16:09.000000,2.609026e+07,1.818707e+07,1.239933e+02,1.411569e+06,8.845436e+01,,,,105
2018-04-26 09:16:10.000000,2.609023e+07,1.818662e+07,1.239932e+02,1.411564e+06,8.845433e+01,,,,105
2018-04-26 09:16:11.000000,2.609024e+07,1.818663e+07,1.239931e+02,1.411559e+06,8.845429e+01,,,,105
2018-04-26 09:16:12.000000,2.609022e+07,1.818627e+07,1.239929e+02,1.411554e+06,8.845426e+01,,,,105
2018-04-26 09:16:13.000000,2.609020e+07,1.818745e+07,1.239936e+02,1.411549e+06,8.845423e+01,,,,105
2018-04-26 09:16:14.000000,2.609016e+07,1.818713e+07,1.239936e+02,1.411544e+06,8.845419e+01,,,,105
2018-04-26 09:16:15.000000,2.609014e+07,1.818828e+07,1.239942e+02,1.411539e+06,8.845416e+01,,,,105
2018-04-26 09:16:16.000000,2.609014e+07,1.818748e+07,1.239938e+02,1.411534e+06,8.845413e+01,,,,105
2018-04-26 09:16:17.000000,2.609012e+07,1.818906e+07,1.239947e+02,1.411529e+06,8.845410e+01,,,,105
2018-04-26 09:16:18.000000,2.609010e+07,1.818740e+07,1.239938e+02,1.411524e+06,8.845407e+01,,,,105
2018-04-26 09:16:19.000000,2.609006e+07,1.818811e+07,1.239942e+02,1.411520e+06,8.845404e+01,,,,105
2018-04-26 09:16:20.000000,2.609004e+07,1.818649e+07,1.239933e+02,1.411514e+06,8.845401e+01,,,,105
2018-04-26 09:16:21.000000,2.609003e+07,1.818641e+07,1.239933e+02,1.411509e+06,8.845398e+01,,,,105
2018-04-26 09:16:22.000000,2.609002e+07,1.818636e+07,1.239932e+02,1.411504e+06,8.845395e+01,,,,105
2018-04-26 09:16:23.000000,2.609001e+07,1.818605e+07,1.239930e+02,1.411499e+06,8.845392e+01,,,,105
2018-04-26 09:16:24.000000,2.608998e+07,1.818727e+07,1.239937e+02,1.411494e+06,8.845389e+01,,,,105
2018-04-26 09:16:25.000000,2.608995e+07,1.818696e+07,1.239937e+02,1.411489e+06,8.845386e+01,,,,105
2018-04-26 09:16:26.000000,2.608993e+07,1.818812e+07,1.239944e+02,1.411484e+06,8.845383e+01,,,,105
2018-04-26 09:16:27.000000,2.608992e+07,1.818688e+07,1.239937e+02,1.411479e+06,8.845381e+01,,,,105
2018-04-26 09:16:28.000000,2.608992e+07,1.818832e+07,1.239945e+02,1.411474e+06,8.845378e+01,,,,105
2018-04-26 09:16:29.000000,2.608991e+07,1.818720e+07,1.239940e+02,1.411469e+06,8.845376e+01,,,,105
2018-04-26 09:16:30.000000,2.608988e+07,1.818743e+07,1.239940e+02,1.411465e+06,8.845373e+01,,,,105
2018-04-26 09:16:31.000000,2.608987e+07,1.818628e+07,1.239934e+02,1.411459e+06,8.845370e+01,,,,105
2018-04-26 09:16:32.000000,2.608985e+07,1.818777e+07,1.239942e+02,1.411454e+06,8.845368e+01,,,,105
2018-04-26 09:16:33.000000,2.608985e+07,1.818603e+07,1.239932e+02,1.411450e+06,8.845366e+01,,,,105
2018-04-26 09:16:34.000000,2.608984e+07,1.818736e+07,1.239939e+02,1.411444e+06,8.845363e+01,,,,105
2018-04-26 09:16:35.000000,2.608983e+07,1.818615e+07,1.239933e+02,1.411439e+06,8.845361e+01,,,,105
2018-04-26 09:16:36.000000,2.608979e+07,1.818667e+07,1.239938e+02,1.411434e+06,8.845359e+01,,,,105
2018-04-26 09:16:37.000000,2.608978e+07,1.818698e+07,1.239939e+02,1.411429e+06,8.845357e+01,,,,105
2018-04-26 09:16:38.000000,2.608976e+07,1.818661e+07,1.239938e+02,1.411425e+06,8.845355e+01,,,,105
2018-04-26 09:16:39.000000,2.608976e+07,1.818720e+07,1.239942e+02,1.411419e+06,8.845353e+01,,,,105
2018-04-26 09:16:40.000000,2.608975e+07,1.818690e+07,1.239940e+02,1.411415e+06,8.845351e+01,,,,105
2018-04-26 09:16:41.000000,2.608973e+07,1.818871e+07,1.239950e+02,1.411410e+06,8.845349e+01,,,,105
2018-04-26 09:16:42.000000,2.608970e+07,1.818611e+07,1.239935e+02,1.411404e+06,8.845347e+01,,,,105
2018-04-26 09:16:43.000000,2.608968e+07,1.818764e+07,1.239944e+02,1.411400e+06,8.845345e+01,,,,105
2018-04-26 09:16:44.000000,2.608968e+07,1.818576e+07,1.239933e+02,1.411395e+06,8.845343e+01,,,,105
2018-04-26 09:16:45.000000,2.608967e+07,1.818724e+07,1.239941e+02,1.411390e+06,8.845342e+01,,,,105
2018-04-26 09:16:46.000000,2.608965e+07,1.818593e+07,1.239934e+02,1.411385e+06,8.845340e+01,,,,105
2018-04-26 09:16:47.000000,2.608962e+07,1.818798e+07,1.239947e+02,1.411381e+06,8.845339e+01,,,,105
2018-04-26 09:16:48.000000,2.608960e+07,1.818685e+07,1.239941e+02,1.411375e+06,8.845337e+01,,,,105
2018-04-26 09:16:49.000000,2.608958e+07,1.818643e+07,1.239939e+02,1.411370e+06,8.845336e+01,,,,105
2018-04-26 09:16:50.000000,2.608959e+07,1.818698e+07,1.239943e+02,1.411365e+06,8.845335e+01,,,,105
2018-04-26 09:16:51.000000,2.608957e+07,1.818666e+07,1.239941e+02,1.411360e+06,8.845333e+01,,,,105
2018-04-26 09:16:52.000000,2.608955e+07,1.818790e+07,1.239948e+02,1.411356e+06,8.845332e+01,,,,105
2018-04-26 09:16:53.000000,2.608951e+07,1.818587e+07,1.239936e+02,1.411350e+06,8.845331e+01,,,,105
2018-04-26 09:16:54.000000,2.608950e+07,1.818687e+07,1.239942e+02,1.411346e+06,8.845330e+01,,,,105
2018-04-26 09:16:55.000000,2.608948e+07,1.818566e+07,1.239935e+02,1.411341e+06,8.845329e+01,,,,105
2018-04-26 09:16:56.000000,2.608948e+07,1.818647e+07,1.239939e+02,1.411336e+06,8.845328e+01,,,,105
2018-04-26 09:16:57.000000,2.608947e+07,1.818535e+07,1.239933e+02,1.411331e+06,8.845327e+01,,,,105
2018-04-26 09:16:58.000000,2.608943e+07,1.818719e+07,1.239945e+02,1.411327e+06,8.845327e+01,,,,105
2018-04-26 09:16:59.000000,2.608942e+07,1.818626e+07,1.239940e+02,1.411321e+06,8.845326e+01,,,,105
2018-04-26 09:17:00.000000,2.608940e+07,1.818620e+07,1.239940e+02,1.411317e+06,8.845325e+01,,,,105
2018-04-26 09:17:01.000000,2.608940e+07,1.818641e+07,1.239942e+02,1.411312e+06,8.845325e+01,,,,105
2018-04-26 09:17:02.000000,2.608938e+07,1.818647e+07,1.239942e+02,1.411307e+06,8.845324e+01,,,,105
2018-04-26 09:17:03.000000,2.608936e+07,1.818671e+07,1.239944e+02,1.411303e+06,8.845324e+01,,,,105
2018-04-26 09:17:04.000000,2.608933e+07,1.818562e+07,1.239937e+02,1.411298e+06,8.845324e+01,,,,105
2018-04-26 09:17:05.000000,2.608931e+07,1.818665e+07,1.239942e+02,1.411293e+06,8.845323e+01,,,,105
2018-04-26 09:17:06.000000,2.608930e+07,1.818538e+07,1.239936e+02,1.411288e+06,8.845323e+01,,,,105
2018-04-26 09:17:07.000000,2.608930e+07,1.818629e+07,1.239940e+02,1.411283e+06,8.845323e+01,,,,105
2018-04-26 09:17:08.000000,2.608928e+07,1.818507e+07,1.239933e+02,1.411279e+06,8.845323e+01,,,,105
2018-04-26 09:17:09.000000,2.608927e+07,1.818684e+07,1.239943e+02,1.411274e+06,8.845323e+01,,,,105
2018-04-26 09:17:10.000000,2.608923e+07,1.818600e+07,1.239940e+02,1.411269e+06,8.845323e+01,,,,105
2018-04-26 09:17:11.000000,2.608922e+07,1.818762e+07,1.239950e+02,1.411265e+06,8.845323e+01,,,,105
2018-04-26 09:17:12.000000,2.608921e+07,1.818635e+07,1.239944e+02,1.411261e+06,8.845323e+01,,,,105
2018-04-26 09:17:13.000000,2.608920e+07,1.818784e+07,1.239951e+02,1.411256e+06,8.845323e+01,,,,105
2018-04-26 09:17:14.000000,2.608919e+07,1.818656e+07,1.239945e+02,1.411251e+06,8.845323e+01,,,,105
2018-04-26 09:17:15.000000,2.608915e+07,1.818684e+07,1.239945e+02,1.411246e+06,8.845324e+01,,,,105
2018-04-26 09:17:16.000000,2.608913e+07,1.818561e+07,1.239938e+02,1.411242e+06,8.845324e+01,,,,105
2018-04-26 09:17:17.000000,2.608911e+07,1.818516e+07,1.239936e+02,1.411237e+06,8.845324e+01,,,,105
2018-04-26 09:17:18.000000,2.608912e+07,1.818517e+07,1.239936e+02,1.411233e+06,8.845325e+01,,,,105
2018-04-26 09:17:19.000000,2.608910e+07,1.818481e+07,1.239934e+02,1.411228e+06,8.845325e+01,,,,105
2018-04-26 09:17:20.000000,2.608909e+07,1.818600e+07,1.239941e+02,1.411224e+06,8.845326e+01,,,,105
2018-04-26 09:17:21.000000,2.608905e+07,1.818569e+07,1.239941e+02,1.411219e+06,8.845326e+01,,,,105
2018-04-26 09:17:22.000000,2.608903e+07,1.818684e+07,1.239947e+02,1.411215e+06,8.845327e+01,,,,105
2018-04-26 09:17:23.000000,2.608902e+07,1.818565e+07,1.239941e+02,1.411210e+06,8.845327e+01,,,,105
2018-04-26 09:17:24.000000,2.608902e+07,1.818760e+07,1.239952e+02,1.411206e+06,8.845328e+01,,,,105
2018-04-26 09:17:25.000000,2.608901e+07,1.818597e+07,1.239943e+02,1.411201e+06,8.845329e+01,,,,105
2018-04-26 09:17:26.000000,2.608897e+07,1.818669e+07,1.239947e+02,1.411197e+06,8.845330e+01,,,,105
2018-04-26 09:17:27.000000,2.608895e+07,1.818507e+07,1.239938e+02,1.411192e+06,8.845330e+01,,,,105
2018-04-26 09:17:28.000000,2.608894e+07,1.818499e+07,1.239938e+02,1.411188e+06,8.845331e+01,,,,105
2018-04-26 09:17:29.000000,2.608894e+07,1.818494e+07,1.239937e+02,1.411183e+06,8.845332e+01,,,,105
2018-04-26 09:17:30.000000,2.608893e+07,1.818463e+07,1.239935e+02,1.411179e+06,8.845333e+01,,,,105
2018-04-26 09:17:31.000000,2.608891e+07,1.818583e+07,1.239942e+02,1.411175e+06,8.845334e+01,,,,105
2018-04-26 09:17:32.000000,2.608887e+07,1.818552e+07,1.239942e+02,1.411170e+06,8.845335e+01,,,,105
2018-04-26 09:17:33.000000,2.608886e+07,1.818667e+07,1.239948e+02,1.411166e+06,8.845336e+01,,,,105
2018-04-26 09:17:34.000000,2.608884e+07,1.818543e+07,1.239942e+02,1.411162e+06,8.845337e+01,,,,105
2018-04-26 09:17:35.000000,2.608885e+07,1.818687e+07,1.239950e+02,1.411157e+06,8.845338e+01,,,,105
2018-04-26 09:17:36.000000,2.608883e+07,1.818574e+07,1.239944e+02,1.411153e+06,8.845339e+01,,,,105
2018-04-26 09:17:37.000000,2.608879e+07,1.818598e+07,1.239944e+02,1.411149e+06,8.845340e+01,,,,105
2018-04-26 09:17:38.000000,2.608878e+07,1.818485e+07,1.239938e+02,1.411144e+06,8.845341e+01,,,,105
2018-04-26 09:17:39.000000,2.608876e+07,1.818632e+07,1.239947e+02,1.411140e+06,8.845342e+01,,,,105
2018-04-26 09:17:40.000000,2.608877e+07,1.818458e+07,1.239936e+02,1.411136e+06,8.845343e+01,,,,105
2018-04-26 09:17:41.000000,2.608875e+07,1.818590e+07,1.239943e+02,1.411132e+06,8.845344e+01,,,,105
2018-04-26 09:17:42.000000,2.608874e+07,1.818470e+07,1.239937e+02,1.411128e+06,8.845345e+01,,,,105
2018-04-26 09:17:43.000000,2.608870e+07,1.818522e+07,1.239942e+02,1.411123e+06,8.845347e+01,,,,105
2018-04-26 09:17:44.000000,2.608869e+07,1.818553e+07,1.239944e+02,1.411119e+06,8.845348e+01,,,,105
2018-04-26 09:17:45.000000,2.608867e+07,1.818518e+07,1.239942e+02,1.411115e+06,8.845349e+01,,,,105
2018-04-26 09:17:46.000000,2.608867e+07,1.818576e+07,1.239946e+02,1.411110e+06,8.845350e+01,,,,105
2018-04-26 09:17:47.000000,2.608866e+07,1.818547e+07,1.239945e+02,1.411106e+06,8.845351e+01,,,,105
2018-04-26 09:17:48.000000,2.608864e+07,1.818725e+07,1.239955e+02,1.411102e+06,8.845353e+01,,,,105
2018-04-26 09:17:49.000000,2.608861e+07,1.818467e+07,1.239939e+02,1.411098e+06,8.845354e+01,,,,105
2018-04-26 09:17:50.000000,2.608859e+07,1.818621e+07,1.239948e+02,1.411094e+06,8.845355e+01,,,,105
2018-04-26 09:17:51.000000,2.608859e+07,1.818435e+07,1.239937e+02,1.411090e+06,8.845357e+01,,,,105
2018-04-26 09:17:52.000000,2.608858e+07,1.818581e+07,1.239945e+02,1.411085e+06,8.845358e+01,,,,105
2018-04-26 09:17:53.000000,2.608857e+07,1.818451e+07,1.239938e+02,1.411081e+06,8.845359e+01,,,,105
2018-04-26 09:17:54.000000,2.608853e+07,1.818656e+07,1.239951e+02,1.411077e+06,8.845361e+01,,,,105
2018-04-26 09:17:55.000000,2.608851e+07,1.818545e+07,1.239946e+02,1.411073e+06,8.845362e+01,,,,105
2018-04-26 09:17:56.000000,2.608850e+07,1.818502e+07,1.239943e+02,1.411069e+06,8.845363e+01,,,,105
2018-04-26 09:17:57.000000,2.608851e+07,1.818557e+07,1.239947e+02,1.411065e+06,8.845365e+01,,,,105
2018-04-26 09:17:58.000000,2.608849e+07,1.818526e+07,1.239945e+02,1.411061e+06,8.845366e+01,,,,105
2018-04-26 09:17:59.000000,2.608848e+07,1.818650e+07,1.239952e+02,1.411057e+06,8.845368e+01,,,,105
2018-04-26 09:18:00.000000,2.608844e+07,1.818446e+07,1.239940e+02,1.411052e+06,8.845369e+01,,,,105
2018-04-26 09:18:01.000000,2.608843e+07,1.818547e+07,1.239946e+02,1.411048e+06,8.845371e+01,,,,105
2018-04-26 09:18:02.000000,2.608842e+07,1.818427e+07,1.239939e+02,1.411045e+06,8.845372e+01,,,,105
2018-04-26 09:18:03.000000,2.608842e+07,1.818507e+07,1.239943e+02,1.411040e+06,8.845374e+01,,,,105
2018-04-26 09:18:04.000000,2.608840e+07,1.818395e+07,1.239937e+02,1.411036e+06,8.845375e+01,,,,105
2018-04-26 09:18:05.000000,2.608837e+07,1.818579e+07,1.239949e+02,1.411032e+06,8.845377e+01,,,,105
2018-04-26 09:18:06.000000,2.608836e+07,1.818487e+07,1.239944e+02,1.411028e+06,8.845378e+01,,,,105
2018-04-26 09:18:07.000000,2.608834e+07,1.818482e+07,1.239944e+02,1.411024e+06,8.845380e+01,,,,105
2018-04-26 09:18:08.000000,2.608835e+07,1.818503e+07,1.239946e+02,1.411020e+06,8.845381e+01,,,,105
2018-04-26 09:18:09.000000,2.608833e+07,1.818509e+07,1.239947e+02,1.411016e+06,8.845383e+01,,,,105
2018-04-26 09:18:10.000000,2.608831e+07,1.818534e+07,1.239948e+02,1.411012e+06,8.845384e+01,,,,105
2018-04-26 09:18:11.000000,2.608829e+07,1.818425e+07,1.239941e+02,1.411008e+06,8.845386e+01,,,,105
2018-04-26 09:18:12.000000,2.608827e+07,1.818527e+07,1.239947e+02,1.411004e+06,8.845388e+01,,,,105
2018-04-26 09:18:13.000000,2.608826e+07,1.818401e+07,1.239940e+02,1.411000e+06,8.845389e+01,,,,105
2018-04-26 09:18:14.000000,2.608826e+07,1.818493e+07,1.239944e+02,1.410996e+06,8.845391e+01,,,,105
2018-04-26 09:18:15.000000,2.608824e+07,1.818372e+07,1.239937e+02,1.410992e+06,8.845392e+01,,,,105
2018-04-26 09:18:16.000000,2.608823e+07,1.818549e+07,1.239947e+02,1.410988e+06,8.845394e+01,,,,105
2018-04-26 09:18:17.000000,2.608820e+07,1.818465e+07,1.239944e+02,1.410984e+06,8.845396e+01,,,,105
2018-04-26 09:18:18.000000,2.608819e+07,1.818628e+07,1.239954e+02,1.410980e+06,8.845397e+01,,,,105
2018-04-26 09:18:19.000000,2.608818e+07,1.818503e+07,1.239948e+02,1.410976e+06,8.845399e+01,,,,105
2018-04-26 09:18:20.000000,2.608817e+07,1.818650e+07,1.239955e+02,1.410972e+06,8.845401e+01,,,,105
2018-04-26 09:18:21.000000,2.608816e+07,1.818523e+07,1.239949e+02,1.410968e+06,8.845403e+01,,,,105
2018-04-26 09:18:22.000000,2.608813e+07,1.818550e+07,1.239949e+02,1.410964e+06,8.845405e+01,,,,105
2018-04-26 09:18:23.000000,2.608812e+07,1.818428e+07,1.239942e+02,1.410960e+06,8.845406e+01,,,,105
2018-04-26 09:18:24.000000,2.608810e+07,1.818384e+07,1.239941e+02,1.410957e+06,8.845408e+01,,,,105
2018-04-26 09:18:25.000000,2.608811e+07,1.818385e+07,1.239940e+02,1.410953e+06,8.845410e+01,,,,105
2018-04-26 09:18:26.000000,2.608809e+07,1.818350e+07,1.239938e+02,1.410949e+06,8.845412e+01,,,,105
2018-04-26 09:18:27.000000,2.608808e+07,1.818469e+07,1.239945e+02,1.410945e+06,8.845413e+01,,,,105
2018-04-26 09:18:28.000000,2.608804e+07,1.818438e+07,1.239945e+02,1.410941e+06,8.845415e+01,,,,105
2018-04-26 09:18:29.000000,2.608803e+07,1.818553e+07,1.239951e+02,1.410937e+06,8.845417e+01,,,,105
2018-04-26 09:18:30.000000,2.608802e+07,1.818434e+07,1.239945e+02,1.410933e+06,8.845419e+01,,,,105
2018-04-26 09:18:31.000000,2.608802e+07,1.818630e+07,1.239956e+02,1.410929e+06,8.845421e+01,,,,105
2018-04-26 09:18:32.000000,2.608801e+07,1.818470e+07,1.239947e+02,1.410926e+06,8.845423e+01,,,,105
2018-04-26 09:18:33.000000,2.608797e+07,1.818540e+07,1.239951e+02,1.410922e+06,8.845425e+01,,,,105
2018-04-26 09:18:34.000000,2.608796e+07,1.818378e+07,1.239942e+02,1.410918e+06,8.845427e+01,,,,105
2018-04-26 09:18:35.000000,2.608795e+07,1.818371e+07,1.239942e+02,1.410914e+06,8.845429e+01,,,,105
2018-04-26 09:18:36.000000,2.608795e+07,1.818367e+07,1.239941e+02,1.410910e+06,8.845431e+01,,,,105
2018-04-26 09:18:37.000000,2.608794e+07,1.818335e+07,1.239939e+02,1.410906e+06,8.845433e+01,,,,105
2018-04-26 09:18:38.000000,2.608793e+07,1.818455e+07,1.239946e+02,1.410903e+06,8.845435e+01,,,,105
2018-04-26 09:18:39.000000,2.608790e+07,1.818424e+07,1.239946e+02,1.410899e+06,8.845437e+01,,,,105
2018-04-26 09:18:40.000000,2.608789e+07,1.818540e+07,1.239953e+02,1.410895e+06,8.845439e+01,,,,105
2018-04-26 09:18:41.000000,2.608787e+07,1.818416e+07,1.239946e+02,1.410891e+06,8.845441e+01,,,,105
2018-04-26 09:18:42.000000,2.608788e+07,1.818560e+07,1.239954e+02,1.410887e+06,8.845443e+01,,,,105
2018-04-26 09:18:43.000000,2.608786e+07,1.818448e+07,1.239948e+02,1.410884e+06,8.845445e+01,,,,105
2018-04-26 09:18:44.000000,2.608785e+07,1.818621e+07,1.239958e+02,1.410880e+06,8.845447e+01,,,,105
2018-04-26 09:18:45.000000,2.608782e+07,1.818368e+07,1.239943e+02,1.410876e+06,8.845449e+01,,,,105
2018-04-26 09:18:46.000000,2.608780e+07,1.818505e+07,1.239951e+02,1.410873e+06,8.845451e+01,,,,105
2018-04-26 09:18:47.000000,2.608781e+07,1.818333e+07,1.239941e+02,1.410869e+06,8.845454e+01,,,,105
2018-04-26 09:18:48.000000,2.608779e+07,1.818465e+07,1.239947e+02,1.410865e+06,8.845456e+01,,,,105
2018-04-26 09:18:49.000000,2.608779e+07,1.818347e+07,1.239941e+02,1.410861e+06,8.845458e+01,,,,105
2018-04-26 09:18:50.000000,2.608775e+07,1.818399e+07,1.239946e+02,1.410857e+06,8.845460e+01,,,,105
2018-04-26 09:18:51.000000,2.608774e+07,1.818430e+07,1.239948e+02,1.410854e+06,8.845462e+01,,,,105
2018-04-26 09:18:52.000000,2.608773e+07,1.818395e+07,1.239946e+02,1.410850e+06,8.845464e+01,,,,105
2018-04-26 09:18:53.000000,2.608773e+07,1.818453e+07,1.239950e+02,1.410846e+06,8.845467e+01,,,,105
2018-04-26 09:18:54.000000,2.608772e+07,1.818424e+07,1.239949e+02,1.410843e+06,8.845469e+01,,,,105
2018-04-26 09:18:55.000000,2.608771e+07,1.818603e+07,1.239959e+02,1.410839e+06,8.845471e+01,,,,105
2018-04-26 09:18:56.000000,2.608768e+07,1.818348e+07,1.239943e+02,1.410835e+06,8.845474e+01,,,,105
2018-04-26 09:18:57.000000,2.608766e+07,1.818501e+07,1.239952e+02,1.410832e+06,8.845476e+01,,,,105
2018-04-26 09:18:58.000000,2.608765e+07,1.818324e+07,1.239943e+02,1.410828e+06,8.845478e+01,,,,105
2018-04-26 09:18:59.000000,2.608766e+07,1.818463e+07,1.239949e+02,1.410825e+06,8.845481e+01,,,,105
2018-04-26 09:19:00.000000,2.608764e+07,1.818330e+07,1.239942e+02,1.410821e+06,8.845483e+01,,,,105
2018-04-26 09:19:01.000000,2.608761e+07,1.818537e+07,1.239955e+02,1.410817e+06,8.845485e+01,,,,105
2018-04-26 09:19:02.000000,2.608760e+07,1.818426e+07,1.239950e+02,1.410814e+06,8.845488e+01,,,,105
2018-04-26 09:19:03.000000,2.608759e+07,1.818383e+07,1.239947e+02,1.410810e+06,8.845490e+01,,,,105
2018-04-26 09:19:04.000000,2.608760e+07,1.818438e+07,1.239951e+02,1.410806e+06,8.845493e+01,,,,105
2018-04-26 09:19:05.000000,2.608758e+07,1.818407e+07,1.239950e+02,1.410803e+06,8.845495e+01,,,,105
2018-04-26 09:19:06.000000,2.608757e+07,1.818530e+07,1.239956e+02,1.410800e+06,8.845497e+01,,,,105
2018-04-26 09:19:07.000000,2.608753e+07,1.818329e+07,1.239944e+02,1.410796e+06,8.845500e+01,,,,105
2018-04-26 09:19:08.000000,2.608753e+07,1.818430e+07,1.239950e+02,1.410792e+06,8.845502e+01,,,,105
2018-04-26 09:19:09.000000,2.608752e+07,1.818310e+07,1.239943e+02,1.410789e+06,8.845505e+01,,,,105
2018-04-26 09:19:10.000000,2.608752e+07,1.818390e+07,1.239947e+02,1.410785e+06,8.845507e+01,,,,105
2018-04-26 09:19:11.000000,2.608751e+07,1.818279e+07,1.239941e+02,1.410782e+06,8.845510e+01,,,,105
2018-04-26 09:19:12.000000,2.608747e+07,1.818463e+07,1.239953e+02,1.410778e+06,8.845513e+01,,,,105
2018-04-26 09:19:13.000000,2.608747e+07,1.818373e+07,1.239948e+02,1.410775e+06,8.845515e+01,,,,105
2018-04-26 09:19:14.000000,2.608745e+07,1.818366e+07,1.239948e+02,1.410771e+06,8.845518e+01,,,,105
2018-04-26 09:19:15.000000,2.608746e+07,1.818388e+07,1.239950e+02,1.410767e+06,8.845520e+01,,,,105
2018-04-26 09:19:16.000000,2.608745e+07,1.818395e+07,1.239951e+02,1.410764e+06,8.845523e+01,,,,105
2018-04-26 09:19:17.000000,2.608743e+07,1.818420e+07,1.239952e+02,1.410761e+06,8.845526e+01,,,,105
2018-04-26 09:19:18.000000,2.608741e+07,1.818311e+07,1.239945e+02,1.410757e+06,8.845528e+01,,,,105
2018-04-26 09:19:19.000000,2.608739e+07,1.818413e+07,1.239951e+02,1.410754e+06,8.845531e+01,,,,105
2018-04-26 09:19:20.000000,2.608739e+07,1.818290e+07,1.239944e+02,1.410750e+06,8.845533e+01,,,,105
2018-04-26 09:19:21.000000,2.608739e+07,1.818380e+07,1.239948e+02,1.410747e+06,8.845536e+01,,,,105
2018-04-26 09:19:22.000000,2.608738e+07,1.818260e+07,1.239941e+02,1.410743e+06,8.845539e+01,,,,105
2018-04-26 09:19:23.000000,2.608737e+07,1.818435e+07,1.239951e+02,1.410740e+06,8.845542e+01,,,,105
2018-04-26 09:19:24.000000,2.608734e+07,1.818353e+07,1.239948e+02,1.410736e+06,8.845545e+01,,,,105
2018-04-26 09:19:25.000000,2.608733e+07,1.818517e+07,1.239958e+02,1.410733e+06,8.845547e+01,,,,105
2018-04-26 09:19:26.000000,2.608733e+07,1.818392e+07,1.239952e+02,1.410730e+06,8.845550e+01,,,,105
2018-04-26 09:19:27.000000,2.608732e+07,1.818537e+07,1.239960e+02,1.410726e+06,8.845553e+01,,,,105
2018-04-26 09:19:28.000000,2.608731e+07,1.818412e+07,1.239953e+02,1.410723e+06,8.845556e+01,,,,105
2018-04-26 09:19:29.000000,2.608728e+07,1.818440e+07,1.239953e+02,1.410719e+06,8.845559e+01,,,,105
2018-04-26 09:19:30.000000,2.608727e+07,1.818321e+07,1.239947e+02,1.410716e+06,8.845561e+01,,,,105
2018-04-26 09:19:31.000000,2.608725e+07,1.818274e+07,1.239945e+02,1.410713e+06,8.845564e+01,,,,105
2018-04-26 09:19:32.000000,2.608727e+07,1.818276e+07,1.239944e+02,1.410709e+06,8.845567e+01,,,,105
2018-04-26 09:19:33.000000,2.608725e+07,1.818241e+07,1.239942e+02,1.410706e+06,8.845570e+01,,,,105
2018-04-26 09:19:34.000000,2.608724e+07,1.818360e+07,1.239949e+02,1.410703e+06,8.845573e+01,,,,105
2018-04-26 09:19:35.000000,2.608721e+07,1.818330e+07,1.239949e+02,1.410699e+06,8.845576e+01,,,,105
2018-04-26 09:19:36.000000,2.608720e+07,1.818445e+07,1.239955e+02,1.410696e+06,8.845579e+01,,,,105
2018-04-26 09:19:37.000000,2.608719e+07,1.818328e+07,1.239949e+02,1.410693e+06,8.845581e+01,,,,105
2018-04-26 09:19:38.000000,2.608720e+07,1.818523e+07,1.239960e+02,1.410690e+06,8.845585e+01,,,,105
2018-04-26 09:19:39.000000,2.608719e+07,1.818363e+07,1.239951e+02,1.410686e+06,8.845587e+01,,,,105
2018-04-26 09:19:40.000000,2.608715e+07,1.818433e+07,1.239955e+02,1.410683e+06,8.845591e+01,,,,105
2018-04-26 09:19:41.000000,2.608714e+07,1.818273e+07,1.239946e+02,1.410680e+06,8.845594e+01,,,,105
2018-04-26 09:19:42.000000,2.608714e+07,1.818265e+07,1.239946e+02,1.410677e+06,8.845596e+01,,,,105
2018-04-26 09:19:43.000000,2.608714e+07,1.818261e+07,1.239945e+02,1.410673e+06,8.845600e+01,,,,105
2018-04-26 09:19:44.000000,2.608713e+07,1.818230e+07,1.239943e+02,1.410670e+06,8.845603e+01,,,,105
2018-04-26 09:19:45.000000,2.608712e+07,1.818350e+07,1.239950e+02,1.410667e+06,8.845606e+01,,,,105
2018-04-26 09:19:46.000000,2.608709e+07,1.818320e+07,1.239950e+02,1.410663e+06,8.845609e+01,,,,105
2018-04-26 09:19:47.000000,2.608708e+07,1.818436e+07,1.239957e+02,1.410660e+06,8.845612e+01,,,,105
2018-04-26 09:19:48.000000,2.608707e+07,1.818313e+07,1.239950e+02,1.410657e+06,8.845615e+01,,,,105
2018-04-26 09:19:49.000000,2.608708e+07,1.818456e+07,1.239958e+02,1.410654e+06,8.845618e+01,,,,105
2018-04-26 09:19:50.000000,2.608706e+07,1.818348e+07,1.239952e+02,1.410651e+06,8.845621e+01,,,,105
2018-04-26 09:19:51.000000,2.608706e+07,1.818518e+07,1.239962e+02,1.410648e+06,8.845624e+01,,,,105
2018-04-26 09:19:52.000000,2.608703e+07,1.818266e+07,1.239947e+02,1.410644e+06,8.845627e+01,,,,105
2018-04-26 09:19:53.000000,2.608702e+07,1.818404e+07,1.239955e+02,1.410641e+06,8.845630e+01,,,,105
2018-04-26 09:19:54.000000,2.608703e+07,1.818233e+07,1.239944e+02,1.410638e+06,8.845634e+01,,,,105
2018-04-26 09:19:55.000000,2.608701e+07,1.818364e+07,1.239951e+02,1.410635e+06,8.845637e+01,,,,105
2018-04-26 09:19:56.000000,2.608701e+07,1.818246e+07,1.239945e+02,1.410632e+06,8.845640e+01,,,,105
2018-04-26 09:19:57.000000,2.608698e+07,1.818298e+07,1.239950e+02,1.410628e+06,8.845643e+01,,,,105
2018-04-26 09:19:58.000000,2.608697e+07,1.818330e+07,1.239952e+02,1.410626e+06,8.845646e+01,,,,105
2018-04-26 09:19:59.000000,2.608696e+07,1.818295e+07,1.239950e+02,1.410623e+06,8.845650e+01,,,,105
2018-04-26 09:20:00.000000,2.608696e+07,1.818353e+07,1.239954e+02,1.410619e+06,8.845653e+01,,,,105
2018-04-26 09:20:01.000000,2.608696e+07,1.818325e+07,1.239953e+02,1.410616e+06,8.845656e+01,,,,105
2018-04-26 09:20:02.000000,2.608694e+07,1.818505e+07,1.239963e+02,1.410613e+06,8.845659e+01,,,,105
2018-04-26 09:20:03.000000,2.608692e+07,1.818249e+07,1.239947e+02,1.410610e+06,8.845663e+01,,,,105
2018-04-26 09:20:04.000000,2.608690e+07,1.818400e+07,1.239955e+02,1.410607e+06,8.845666e+01,,,,105
2018-04-26 09:20:05.000000,2.608689e+07,1.818226e+07,1.239946e+02,1.410604e+06,8.845669e+01,,,,105
2018-04-26 09:20:06.000000,2.608691e+07,1.818366e+07,1.239953e+02,1.410601e+06,8.845673e+01,,,,105
2018-04-26 09:20:07.000000,2.608689e+07,1.818234e+07,1.239946e+02,1.410598e+06,8.845676e+01,,,,105
2018-04-26 09:20:08.000000,2.608687e+07,1.818440e+07,1.239959e+02,1.410595e+06,8.845679e+01,,,,105
2018-04-26 09:20:09.000000,2.608685e+07,1.818329e+07,1.239954e+02,1.410592e+06,8.845683e+01,,,,105
2018-04-26 09:20:10.000000,2.608684e+07,1.818281e+07,1.239951e+02,1.410589e+06,8.845686e+01,,,,105
2018-04-26 09:20:11.000000,2.608686e+07,1.818338e+07,1.239955e+02,1.410586e+06,8.845689e+01,,,,105
2018-04-26 09:20:12.000000,2.608684e+07,1.818311e+07,1.239953e+02,1.410583e+06,8.845693e+01,,,,105
2018-04-26 09:20:13.000000,2.608683e+07,1.818488e+07,1.239963e+02,1.410580e+06,8.845696e+01,,,,105
2018-04-26 09:20:14.000000,2.608681e+07,1.818238e+07,1.239948e+02,1.410577e+06,8.845699e+01,,,,105
2018-04-26 09:20:15.000000,2.608679e+07,1.818386e+07,1.239956e+02,1.410574e+06,8.845703e+01,,,,105
2018-04-26 09:20:16.000000,2.608678e+07,1.818214e+07,1.239947e+02,1.410571e+06,8.845706e+01,,,,105
2018-04-26 09:20:17.000000,2.608680e+07,1.818350e+07,1.239953e+02,1.410568e+06,8.845710e+01,,,,105
2018-04-26 09:20:18.000000,2.608678e+07,1.818222e+07,1.239947e+02,1.410565e+06,8.845713e+01,,,,105
2018-04-26 09:20:19.000000,2.608678e+07,1.818182e+07,1.239945e+02,1.410562e+06,8.845716e+01,,,,105
2018-04-26 09:20:20.000000,2.608674e+07,1.818296e+07,1.239952e+02,1.410559e+06,8.845720e+01,,,,105
2018-04-26 09:20:21.000000,2.608674e+07,1.818272e+07,1.239952e+02,1.410556e+06,8.845723e+01,,,,105
2018-04-26 09:20:22.000000,2.608675e+07,1.818328e+07,1.239956e+02,1.410553e+06,8.845727e+01,,,,105
2018-04-26 09:20:23.000000,2.608674e+07,1.818298e+07,1.239954e+02,1.410550e+06,8.845730e+01,,,,105
2018-04-26 09:20:24.000000,2.608673e+07,1.818420e+07,1.239961e+02,1.410548e+06,8.845734e+01,,,,105
2018-04-26 09:20:25.000000,2.608670e+07,1.818222e+07,1.239949e+02,1.410544e+06,8.845737e+01,,,,105
2018-04-26 09:20:26.000000,2.608669e+07,1.818321e+07,1.239954e+02,1.410542e+06,8.845741e+01,,,,105
2018-04-26 09:20:27.000000,2.608668e+07,1.818204e+07,1.239948e+02,1.410539e+06,8.845744e+01,,,,105
2018-04-26 09:20:28.000000,2.608669e+07,1.818282e+07,1.239952e+02,1.410536e+06,8.845748e+01,,,,105
2018-04-26 09:20:29.000000,2.608668e+07,1.818173e+07,1.239945e+02,1.410533e+06,8.845751e+01,,,,105
2018-04-26 09:20:30.000000,2.608667e+07,1.818330e+07,1.239954e+02,1.410530e+06,8.845755e+01,,,,105
2018-04-26 09:20:31.000000,2.608665e+07,1.818262e+07,1.239952e+02,1.410527e+06,8.845758e+01,,,,105
2018-04-26 09:20:32.000000,2.608664e+07,1.818260e+07,1.239953e+02,1.410525e+06,8.845762e+01,,,,105
2018-04-26 09:20:33.000000,2.608663e+07,1.818289e+07,1.239954e+02,1.410522e+06,8.845765e+01,,,,105
2018-04-26 09:20:34.000000,2.608664e+07,1.818289e+07,1.239955e+02,1.410519e+06,8.845769e+01,,,,105
2018-04-26 09:20:35.000000,2.608662e+07,1.818315e+07,1.239956e+02,1.410516e+06,8.845772e+01,,,,105
2018-04-26 09:20:36.000000,2.608660e+07,1.818208e+07,1.239950e+02,1.410513e+06,8.845776e+01,,,,105
2018-04-26 09:20:37.000000,2.608659e+07,1.818308e+07,1.239955e+02,1.410511e+06,8.845780e+01,,,,105
2018-04-26 09:20:38.000000,2.608658e+07,1.818188e+07,1.239948e+02,1.410508e+06,8.845783e+01,,,,105
2018-04-26 09:20:39.000000,2.608659e+07,1.818276e+07,1.239953e+02,1.410505e+06,8.845787e+01,,,,105
2018-04-26 09:20:40.000000,2.608658e+07,1.818158e+07,1.239946e+02,1.410502e+06,8.845790e+01,,,,105
2018-04-26 09:20:41.000000,2.608658e+07,1.818331e+07,1.239956e+02,1.410500e+06,8.845794e+01,,,,105
2018-04-26 09:20:42.000000,2.608655e+07,1.818252e+07,1.239953e+02,1.410497e+06,8.845798e+01,,,,105
2018-04-26 09:20:43.000000,2.608654e+07,1.818413e+07,1.239962e+02,1.410494e+06,8.845801e+01,,,,105
2018-04-26 09:20:44.000000,2.608653e+07,1.818279e+07,1.239954e+02,1.410491e+06,8.845805e+01,,,,105
2018-04-26 09:20:45.000000,2.608654e+07,1.818437e+07,1.239964e+02,1.410488e+06,8.845809e+01,,,,105
2018-04-26 09:20:46.000000,2.608653e+07,1.818313e+07,1.239957e+02,1.410486e+06,8.845812e+01,,,,105
2018-04-26 09:20:47.000000,2.608650e+07,1.818340e+07,1.239958e+02,1.410483e+06,8.845816e+01,,,,105
2018-04-26 09:20:48.000000,2.608650e+07,1.818222e+07,1.239952e+02,1.410480e+06,8.845819e+01,,,,105
2018-04-26 09:20:49.000000,2.608648e+07,1.818175e+07,1.239949e+02,1.410478e+06,8.845823e+01,,,,105
2018-04-26 09:20:50.000000,2.608650e+07,1.818177e+07,1.239948e+02,1.410475e+06,8.845827e+01,,,,105
2018-04-26 09:20:51.000000,2.608649e+07,1.818143e+07,1.239947e+02,1.410472e+06,8.845830e+01,,,,105
2018-04-26 09:20:52.000000,2.608648e+07,1.818259e+07,1.239953e+02,1.410470e+06,8.845834e+01,,,,105
2018-04-26 09:20:53.000000,2.608645e+07,1.818232e+07,1.239953e+02,1.410467e+06,8.845838e+01,,,,105
2018-04-26 09:20:54.000000,2.608644e+07,1.818346e+07,1.239960e+02,1.410464e+06,8.845841e+01,,,,105
2018-04-26 09:20:55.000000,2.608644e+07,1.818233e+07,1.239953e+02,1.410462e+06,8.845845e+01,,,,105
2018-04-26 09:20:56.000000,2.608645e+07,1.818425e+07,1.239965e+02,1.410459e+06,8.845849e+01,,,,105
2018-04-26 09:20:57.000000,2.608644e+07,1.818268e+07,1.239957e+02,1.410456e+06,8.845852e+01,,,,105
2018-04-26 09:20:58.000000,2.608643e+07,1.818263e+07,1.239956e+02,1.410454e+06,8.845856e+01,,,,105
2018-04-26 09:20:59.000000,2.608640e+07,1.818170e+07,1.239950e+02,1.410451e+06,8.845860e+01,,,,105
2018-04-26 09:21:00.000000,2.608640e+07,1.818170e+07,1.239950e+02,1.410449e+06,8.845864e+01,,,,105
2018-04-26 09:21:01.000000,2.608641e+07,1.818166e+07,1.239949e+02,1.410446e+06,8.845868e+01,,,,105
2018-04-26 09:21:02.000000,2.608640e+07,1.818137e+07,1.239948e+02,1.410443e+06,8.845871e+01,,,,105
2018-04-26 09:21:03.000000,2.608639e+07,1.818255e+07,1.239954e+02,1.410441e+06,8.845875e+01,,,,105
2018-04-26 09:21:04.000000,2.608636e+07,1.818227e+07,1.239954e+02,1.410438e+06,8.845879e+01,,,,105
2018-04-26 09:21:05.000000,2.608636e+07,1.818341e+07,1.239960e+02,1.410436e+06,8.845882e+01,,,,105
2018-04-26 09:21:06.000000,2.608635e+07,1.818221e+07,1.239954e+02,1.410433e+06,8.845886e+01,,,,105
2018-04-26 09:21:07.000000,2.608636e+07,1.818362e+07,1.239962e+02,1.410430e+06,8.845890e+01,,,,105
2018-04-26 09:21:08.000000,2.608635e+07,1.818256e+07,1.239956e+02,1.410428e+06,8.845894e+01,,,,105
2018-04-26 09:21:09.000000,2.608634e+07,1.818422e+07,1.239966e+02,1.410425e+06,8.845897e+01,,,,105
2018-04-26 09:21:10.000000,2.608632e+07,1.818177e+07,1.239951e+02,1.410423e+06,8.845901e+01,,,,105
2018-04-26 09:21:11.000000,2.608631e+07,1.818310e+07,1.239959e+02,1.410420e+06,8.845905e+01,,,,105
2018-04-26 09:21:12.000000,2.608630e+07,1.818187e+07,1.239952e+02,1.410418e+06,8.845908e+01,,,,105
2018-04-26 09:21:13.000000,2.608631e+07,1.818279e+07,1.239957e+02,1.410415e+06,8.845912e+01,,,,105
2018-04-26 09:21:14.000000,2.608631e+07,1.818158e+07,1.239950e+02,1.410413e+06,8.845916e+01,,,,105
2018-04-26 09:21:15.000000,2.608628e+07,1.818207e+07,1.239954e+02,1.410410e+06,8.845920e+01,,,,105
2018-04-26 09:21:16.000000,2.608627e+07,1.818241e+07,1.239956e+02,1.410408e+06,8.845924e+01,,,,105
2018-04-26 09:21:17.000000,2.608626e+07,1.818206e+07,1.239954e+02,1.410405e+06,8.845927e+01,,,,105
2018-04-26 09:21:18.000000,2.608627e+07,1.818264e+07,1.239958e+02,1.410402e+06,8.845931e+01,,,,105
2018-04-26 09:21:19.000000,2.608627e+07,1.818238e+07,1.239957e+02,1.410400e+06,8.845935e+01,,,,105
2018-04-26 09:21:20.000000,2.608626e+07,1.818415e+07,1.239967e+02,1.410398e+06,8.845939e+01,,,,105
2018-04-26 09:21:21.000000,2.608624e+07,1.818165e+07,1.239952e+02,1.410395e+06,8.845943e+01,,,,105
2018-04-26 09:21:22.000000,2.608622e+07,1.818312e+07,1.239959e+02,1.410393e+06,8.845946e+01,,,,105
2018-04-26 09:21:23.000000,2.608622e+07,1.818141e+07,1.239951e+02,1.410390e+06,8.845950e+01,,,,105
2018-04-26 09:21:24.000000,2.608623e+07,1.818277e+07,1.239957e+02,1.410388e+06,8.845954e+01,,,,105
2018-04-26 09:21:25.000000,2.608622e+07,1.818150e+07,1.239950e+02,1.410385e+06,8.845958e+01,,,,105
2018-04-26 09:21:26.000000,2.608622e+07,1.818110e+07,1.239949e+02,1.410383e+06,8.845962e+01,,,,105
2018-04-26 09:21:27.000000,2.608619e+07,1.818224e+07,1.239956e+02,1.410380e+06,8.845966e+01,,,,105
2018-04-26 09:21:28.000000,2.608618e+07,1.818201e+07,1.239955e+02,1.410378e+06,8.845969e+01,,,,105
2018-04-26 09:21:29.000000,2.608620e+07,1.818256e+07,1.239959e+02,1.410375e+06,8.845973e+01,,,,105
2018-04-26 09:21:30.000000,2.608619e+07,1.818228e+07,1.239958e+02,1.410373e+06,8.845977e+01,,,,105
2018-04-26 09:21:31.000000,2.608618e+07,1.818350e+07,1.239964e+02,1.410371e+06,8.845981e+01,,,,105
2018-04-26 09:21:32.000000,2.608615e+07,1.818154e+07,1.239952e+02,1.410368e+06,8.845985e+01,,,,105
2018-04-26 09:21:33.000000,2.608615e+07,1.818251e+07,1.239958e+02,1.410366e+06,8.845989e+01,,,,105
2018-04-26 09:21:34.000000,2.608614e+07,1.818135e+07,1.239951e+02,1.410364e+06,8.845992e+01,,,,105
2018-04-26 09:21:35.000000,2.608615e+07,1.818213e+07,1.239955e+02,1.410361e+06,8.845996e+01,,,,105
2018-04-26 09:21:36.000000,2.608615e+07,1.818106e+07,1.239949e+02,1.410359e+06,8.846000e+01,,,,105
2018-04-26 09:21:37.000000,2.608613e+07,1.818261e+07,1.239958e+02,1.410357e+06,8.846004e+01,,,,105
2018-04-26 09:21:38.000000,2.608612e+07,1.818194e+07,1.239956e+02,1.410354e+06,8.846008e+01,,,,105
2018-04-26 09:21:39.000000,2.608611e+07,1.818192e+07,1.239956e+02,1.410352e+06,8.846012e+01,,,,105
2018-04-26 09:21:40.000000,2.608610e+07,1.818221e+07,1.239957e+02,1.410349e+06,8.846015e+01,,,,105
2018-04-26 09:21:41.000000,2.608611e+07,1.818222e+07,1.239959e+02,1.410347e+06,8.846020e+01,,,,105
2018-04-26 09:21:42.000000,2.608610e+07,1.818248e+07,1.239960e+02,1.410345e+06,8.846023e+01,,,,105
2018-04-26 09:21:43.000000,2.608608e+07,1.818141e+07,1.239953e+02,1.410342e+06,8.846027e+01,,,,105
2018-04-26 09:21:44.000000,2.608607e+07,1.818242e+07,1.239958e+02,1.410340e+06,8.846031e+01,,,,105
2018-04-26 09:21:45.000000,2.608607e+07,1.818121e+07,1.239952e+02,1.410338e+06,8.846035e+01,,,,105
2018-04-26 09:21:46.000000,2.608607e+07,1.818209e+07,1.239956e+02,1.410335e+06,8.846039e+01,,,,105
2018-04-26 09:21:47.000000,2.608607e+07,1.818093e+07,1.239949e+02,1.410333e+06,8.846043e+01,,,,105
2018-04-26 09:21:48.000000,2.608607e+07,1.818265e+07,1.239959e+02,1.410331e+06,8.846047e+01,,,,105
2018-04-26 09:21:49.000000,2.608604e+07,1.818187e+07,1.239956e+02,1.410328e+06,8.846051e+01,,,,105
2018-04-26 09:21:50.000000,2.608604e+07,1.818348e+07,1.239965e+02,1.410326e+06,8.846054e+01,,,,105
2018-04-26 09:21:51.000000,2.608602e+07,1.818214e+07,1.239958e+02,1.410324e+06,8.846058e+01,,,,105
2018-04-26 09:21:52.000000,2.608604e+07,1.818372e+07,1.239967e+02,1.410321e+06,8.846062e+01,,,,105
2018-04-26 09:21:53.000000,2.608603e+07,1.818250e+07,1.239961e+02,1.410319e+06,8.846066e+01,,,,105
2018-04-26 09:21:54.000000,2.608603e+07,1.818204e+07,1.239959e+02,1.410317e+06,8.846070e+01,,,,105
2018-04-26 09:21:55.000000,2.608600e+07,1.818151e+07,1.239954e+02,1.410314e+06,8.846074e+01,,,,105
2018-04-26 09:21:56.000000,2.608599e+07,1.818112e+07,1.239952e+02,1.410312e+06,8.846078e+01,,,,105
2018-04-26 09:21:57.000000,2.608601e+07,1.818200e+07,1.239956e+02,1.410310e+06,8.846082e+01,,,,105
2018-04-26 09:21:58.000000,2.608600e+07,1.818085e+07,1.239951e+02,1.410308e+06,8.846086e+01,,,,105
2018-04-26 09:21:59.000000,2.608599e+07,1.818254e+07,1.239960e+02,1.410305e+06,8.846090e+01,,,,105
2018-04-26 09:22:00.000000,2.608597e+07,1.818178e+07,1.239957e+02,1.410303e+06,8.846094e+01,,,,105
2018-04-26 09:22:01.000000,2.608597e+07,1.818337e+07,1.239965e+02,1.410301e+06,8.846098e+01,,,,105
2018-04-26 09:22:02.000000,2.608595e+07,1.818206e+07,1.239959e+02,1.410299e+06,8.846101e+01,,,,105
2018-04-26 09:22:03.000000,2.608597e+07,1.818362e+07,1.239968e+02,1.410296e+06,8.846106e+01,,,,105
2018-04-26 09:22:04.000000,2.608596e+07,1.818242e+07,1.239961e+02,1.410294e+06,8.846109e+01,,,,105
2018-04-26 09:22:05.000000,2.608596e+07,1.818195e+07,1.239959e+02,1.410292e+06,8.846113e+01,,,,105
2018-04-26 09:22:06.000000,2.608593e+07,1.818143e+07,1.239955e+02,1.410289e+06,8.846117e+01,,,,105
2018-04-26 09:22:07.000000,2.608592e+07,1.818103e+07,1.239953e+02,1.410287e+06,8.846121e+01,,,,105
2018-04-26 09:22:08.000000,2.608592e+07,1.818230e+07,1.239960e+02,1.410285e+06,8.846125e+01,,,,105
2018-04-26 09:22:09.000000,2.608593e+07,1.818081e+07,1.239952e+02,1.410283e+06,8.846129e+01,,,,105
2018-04-26 09:22:10.000000,2.608593e+07,1.818187e+07,1.239957e+02,1.410281e+06,8.846133e+01,,,,105
2018-04-26 09:22:11.000000,2.608590e+07,1.818161e+07,1.239957e+02,1.410278e+06,8.846137e+01,,,,105
2018-04-26 09:22:12.000000,2.608589e+07,1.818274e+07,1.239963e+02,1.410276e+06,8.846141e+01,,,,105
2018-04-26 09:22:13.000000,2.608589e+07,1.818164e+07,1.239957e+02,1.410274e+06,8.846145e+01,,,,105
2018-04-26 09:22:14.000000,2.608590e+07,1.818353e+07,1.239969e+02,1.410272e+06,8.846149e+01,,,,105
2018-04-26 09:22:15.000000,2.608590e+07,1.818200e+07,1.239961e+02,1.410269e+06,8.846153e+01,,,,105
2018-04-26 09:22:16.000000,2.608589e+07,1.818194e+07,1.239960e+02,1.410267e+06,8.846157e+01,,,,105
2018-04-26 09:22:17.000000,2.608586e+07,1.818102e+07,1.239954e+02,1.410265e+06,8.846161e+01,,,,105
2018-04-26 09:22:18.000000,2.608586e+07,1.818101e+07,1.239954e+02,1.410263e+06,8.846165e+01,,,,105
2018-04-26 09:22:19.000000,2.608586e+07,1.818222e+07,1.239960e+02,1.410261e+06,8.846169e+01,,,,105
2018-04-26 09:22:20.000000,2.608587e+07,1.818079e+07,1.239952e+02,1.410258e+06,8.846173e+01,,,,105
2018-04-26 09:22:21.000000,2.608586e+07,1.818187e+07,1.239958e+02,1.410256e+06,8.846177e+01,,,,105
2018-04-26 09:22:22.000000,2.608586e+07,1.818057e+07,1.239951e+02,1.410254e+06,8.846181e+01,,,,105
2018-04-26 09:22:23.000000,2.608584e+07,1.818266e+07,1.239964e+02,1.410252e+06,8.846185e+01,,,,105
2018-04-26 09:22:24.000000,2.608583e+07,1.818156e+07,1.239958e+02,1.410250e+06,8.846189e+01,,,,105
2018-04-26 09:22:25.000000,2.608584e+07,1.818295e+07,1.239966e+02,1.410247e+06,8.846193e+01,,,,105
2018-04-26 09:22:26.000000,2.608583e+07,1.818191e+07,1.239961e+02,1.410245e+06,8.846197e+01,,,,105
2018-04-26 09:22:27.000000,2.608583e+07,1.818355e+07,1.239970e+02,1.410243e+06,8.846201e+01,,,,105
2018-04-26 09:22:28.000000,2.608581e+07,1.818114e+07,1.239955e+02,1.410241e+06,8.846205e+01,,,,105
2018-04-26 09:22:29.000000,2.608580e+07,1.818244e+07,1.239962e+02,1.410239e+06,8.846209e+01,,,,105
2018-04-26 09:22:30.000000,2.608580e+07,1.818124e+07,1.239956e+02,1.410237e+06,8.846213e+01,,,,105
2018-04-26 09:22:31.000000,2.608581e+07,1.818213e+07,1.239960e+02,1.410234e+06,8.846218e+01,,,,105
2018-04-26 09:22:32.000000,2.608581e+07,1.818095e+07,1.239953e+02,1.410232e+06,8.846221e+01,,,,105
2018-04-26 09:22:33.000000,2.608580e+07,1.818052e+07,1.239952e+02,1.410230e+06,8.846225e+01,,,,105
2018-04-26 09:22:34.000000,2.608578e+07,1.818170e+07,1.239959e+02,1.410228e+06,8.846230e+01,,,,105
2018-04-26 09:22:35.000000,2.608577e+07,1.818143e+07,1.239958e+02,1.410226e+06,8.846234e+01,,,,105
2018-04-26 09:22:36.000000,2.608578e+07,1.818201e+07,1.239962e+02,1.410223e+06,8.846238e+01,,,,105
2018-04-26 09:22:37.000000,2.608578e+07,1.818175e+07,1.239961e+02,1.410221e+06,8.846242e+01,,,,105
2018-04-26 09:22:38.000000,2.608577e+07,1.818351e+07,1.239971e+02,1.410219e+06,8.846246e+01,,,,105
2018-04-26 09:22:39.000000,2.608575e+07,1.818106e+07,1.239956e+02,1.410217e+06,8.846250e+01,,,,105
2018-04-26 09:22:40.000000,2.608574e+07,1.818248e+07,1.239963e+02,1.410215e+06,8.846254e+01,,,,105
2018-04-26 09:22:41.000000,2.608574e+07,1.818082e+07,1.239954e+02,1.410213e+06,8.846258e+01,,,,105
2018-04-26 09:22:42.000000,2.608576e+07,1.818216e+07,1.239961e+02,1.410211e+06,8.846263e+01,,,,105
2018-04-26 09:22:43.000000,2.608575e+07,1.818090e+07,1.239955e+02,1.410209e+06,8.846267e+01,,,,105
2018-04-26 09:22:44.000000,2.608575e+07,1.818051e+07,1.239953e+02,1.410207e+06,8.846271e+01,,,,105
2018-04-26 09:22:45.000000,2.608572e+07,1.818163e+07,1.239960e+02,1.410204e+06,8.846275e+01,,,,105
2018-04-26 09:22:46.000000,2.608571e+07,1.818142e+07,1.239959e+02,1.410202e+06,8.846279e+01,,,,105
2018-04-26 09:22:47.000000,2.608571e+07,1.818267e+07,1.239966e+02,1.410200e+06,8.846283e+01,,,,105
2018-04-26 09:22:48.000000,2.608572e+07,1.818173e+07,1.239961e+02,1.410198e+06,8.846288e+01,,,,105
2018-04-26 09:22:49.000000,2.608572e+07,1.818290e+07,1.239968e+02,1.410196e+06,8.846292e+01,,,,105
2018-04-26 09:22:50.000000,2.608569e+07,1.818097e+07,1.239956e+02,1.410194e+06,8.846296e+01,,,,105
2018-04-26 09:22:51.000000,2.608569e+07,1.818191e+07,1.239961e+02,1.410192e+06,8.846300e+01,,,,105
2018-04-26 09:22:52.000000,2.608569e+07,1.818078e+07,1.239955e+02,1.410190e+06,8.846304e+01,,,,105
2018-04-26 09:22:53.000000,2.608570e+07,1.818154e+07,1.239959e+02,1.410187e+06,8.846308e+01,,,,105
2018-04-26 09:22:54.000000,2.608570e+07,1.818049e+07,1.239953e+02,1.410185e+06,8.846313e+01,,,,105
2018-04-26 09:22:55.000000,2.608569e+07,1.818203e+07,1.239962e+02,1.410183e+06,8.846317e+01,,,,105
2018-04-26 09:22:56.000000,2.608567e+07,1.818138e+07,1.239959e+02,1.410181e+06,8.846321e+01,,,,105
2018-04-26 09:22:57.000000,2.608566e+07,1.818136e+07,1.239960e+02,1.410179e+06,8.846325e+01,,,,105
2018-04-26 09:22:58.000000,2.608566e+07,1.818164e+07,1.239961e+02,1.410177e+06,8.846329e+01,,,,105
2018-04-26 09:22:59.000000,2.608567e+07,1.818166e+07,1.239962e+02,1.410175e+06,8.846334e+01,,,,105
2018-04-26 09:23:00.000000,2.608566e+07,1.818192e+07,1.239964e+02,1.410173e+06,8.846338e+01,,,,105
2018-04-26 09:23:01.000000,2.608567e+07,1.818158e+07,1.239962e+02,1.410171e+06,8.846342e+01,,,,105
2018-04-26 09:23:02.000000,2.608564e+07,1.818193e+07,1.239962e+02,1.410168e+06,8.846347e+01,,,,105
2018-04-26 09:23:03.000000,2.608564e+07,1.818068e+07,1.239955e+02,1.410166e+06,8.846351e+01,,,,105
2018-04-26 09:23:04.000000,2.608565e+07,1.818154e+07,1.239959e+02,1.410164e+06,8.846355e+01,,,,105
2018-04-26 09:23:05.000000,2.608564e+07,1.818040e+07,1.239954e+02,1.410162e+06,8.846360e+01,,,,105
2018-04-26 09:23:06.000000,2.608564e+07,1.818210e+07,1.239963e+02,1.410160e+06,8.846364e+01,,,,105
2018-04-26 09:23:07.000000,2.608562e+07,1.818134e+07,1.239960e+02,1.410158e+06,8.846368e+01,,,,105
2018-04-26 09:23:08.000000,2.608562e+07,1.818293e+07,1.239968e+02,1.410156e+06,8.846373e+01,,,,105
2018-04-26 09:23:09.000000,2.608561e+07,1.818162e+07,1.239962e+02,1.410154e+06,8.846377e+01,,,,105
2018-04-26 09:23:10.000000,2.608562e+07,1.818319e+07,1.239971e+02,1.410151e+06,8.846381e+01,,,,105
2018-04-26 09:23:11.000000,2.608562e+07,1.818199e+07,1.239964e+02,1.410149e+06,8.846386e+01,,,,105
2018-04-26 09:23:12.000000,2.608561e+07,1.818152e+07,1.239962e+02,1.410147e+06,8.846390e+01,,,,105
2018-04-26 09:23:13.000000,2.608559e+07,1.818100e+07,1.239958e+02,1.410145e+06,8.846395e+01,,,,105
2018-04-26 09:23:14.000000,2.608558e+07,1.818061e+07,1.239956e+02,1.410143e+06,8.846399e+01,,,,105
2018-04-26 09:23:15.000000,2.608559e+07,1.818187e+07,1.239963e+02,1.410141e+06,8.846403e+01,,,,105
2018-04-26 09:23:16.000000,2.608560e+07,1.818038e+07,1.239955e+02,1.410139e+06,8.846408e+01,,,,105
2018-04-26 09:23:17.000000,2.608560e+07,1.818145e+07,1.239960e+02,1.410137e+06,8.846412e+01,,,,105
2018-04-26 09:23:18.000000,2.608557e+07,1.818121e+07,1.239960e+02,1.410135e+06,8.846416e+01,,,,105
2018-04-26 09:23:19.000000,2.608556e+07,1.818233e+07,1.239966e+02,1.410133e+06,8.846421e+01,,,,105
2018-04-26 09:23:20.000000,2.608557e+07,1.818122e+07,1.239960e+02,1.410131e+06,8.846425e+01,,,,105
2018-04-26 09:23:21.000000,2.608558e+07,1.818310e+07,1.239972e+02,1.410129e+06,8.846429e+01,,,,105
2018-04-26 09:23:22.000000,2.608558e+07,1.818160e+07,1.239964e+02,1.410127e+06,8.846434e+01,,,,105
2018-04-26 09:23:23.000000,2.608557e+07,1.818153e+07,1.239963e+02,1.410125e+06,8.846439e+01,,,,105
2018-04-26 09:23:24.000000,2.608555e+07,1.818096e+07,1.239958e+02,1.410122e+06,8.846444e+01,,,,5
2018-04-26 09:23:25.000000,2.608555e+07,1.818055e+07,1.239957e+02,1.410120e+06,8.846448e+01,,,,5
2018-04-26 09:23:26.000000,2.608554e+07,1.818181e+07,1.239963e+02,1.410118e+06,8.846452e+01,,,,5
2018-04-26 09:23:27.000000,2.608555e+07,1.818034e+07,1.239955e+02,1.410116e+06,8.846457e+01,,,,5
2018-04-26 09:23:28.000000,2.608555e+07,1.818139e+07,1.239961e+02,1.410114e+06,8.846462e+01,,,,5
2018-04-26 09:23:29.000000,2.608555e+07,1.818022e+07,1.239954e+02,1.410112e+06,8.846466e+01,,,,5
2018-04-26 09:23:30.000000,2.608552e+07,1.818220e+07,1.239966e+02,1.410110e+06,8.846471e+01,,,,5
2018-04-26 09:23:31.000000,2.608552e+07,1.818118e+07,1.239961e+02,1.410108e+06,8.846475e+01,,,,5
2018-04-26 09:23:32.000000,2.608554e+07,1.818305e+07,1.239972e+02,1.410106e+06,8.846479e+01,,,,5
2018-04-26 09:23:33.000000,2.608553e+07,1.818156e+07,1.239964e+02,1.410104e+06,8.846485e+01,,,,5
2018-04-26 09:23:34.000000,2.608553e+07,1.818148e+07,1.239964e+02,1.410102e+06,8.846489e+01,,,,5
2018-04-26 09:23:35.000000,2.608550e+07,1.818058e+07,1.239958e+02,1.410100e+06,8.846493e+01,,,,5
2018-04-26 09:23:36.000000,2.608551e+07,1.818055e+07,1.239958e+02,1.410098e+06,8.846499e+01,,,,5
2018-04-26 09:23:37.000000,2.608550e+07,1.818175e+07,1.239964e+02,1.410096e+06,8.846503e+01,,,,5
2018-04-26 09:23:38.000000,2.608552e+07,1.818036e+07,1.239956e+02,1.410094e+06,8.846508e+01,,,,5
2018-04-26 09:23:39.000000,2.608551e+07,1.818140e+07,1.239962e+02,1.410092e+06,8.846513e+01,,,,5
2018-04-26 09:23:40.000000,2.608551e+07,1.818013e+07,1.239955e+02,1.410090e+06,8.846517e+01,,,,5
2018-04-26 09:23:41.000000,2.608549e+07,1.818220e+07,1.239967e+02,1.410087e+06,8.846522e+01,,,,5
2018-04-26 09:23:42.000000,2.608548e+07,1.818114e+07,1.239961e+02,1.410085e+06,8.846527e+01,,,,5
2018-04-26 09:23:43.000000,2.608548e+07,1.818287e+07,1.239971e+02,1.410083e+06,8.846531e+01,,,,5
2018-04-26 09:23:44.000000,2.608549e+07,1.818150e+07,1.239965e+02,1.410081e+06,8.846536e+01,,,,5
2018-04-26 09:23:45.000000,2.608549e+07,1.818311e+07,1.239974e+02,1.410079e+06,8.846541e+01,,,,5
2018-04-26 09:23:46.000000,2.608547e+07,1.818074e+07,1.239960e+02,1.410077e+06,8.846545e+01,,,,5
2018-04-26 09:23:47.000000,2.608546e+07,1.818200e+07,1.239965e+02,1.410075e+06,8.846551e+01,,,,5
2018-04-26 09:23:48.000000,2.608546e+07,1.818083e+07,1.239959e+02,1.410073e+06,8.846555e+01,,,,5
2018-04-26 09:23:49.000000,2.608547e+07,1.818171e+07,1.239964e+02,1.410071e+06,8.846560e+01,,,,5
2018-04-26 09:23:50.000000,2.608548e+07,1.818054e+07,1.239957e+02,1.410069e+06,8.846565e+01,,,,5
2018-04-26 09:23:51.000000,2.608547e+07,1.818011e+07,1.239955e+02,1.410067e+06,8.846570e+01,,,,5
2018-04-26 09:23:52.000000,2.608545e+07,1.818126e+07,1.239963e+02,1.410065e+06,8.846575e+01,,,,5
2018-04-26 09:23:53.000000,2.608545e+07,1.818103e+07,1.239962e+02,1.410063e+06,8.846580e+01,,,,5
2018-04-26 09:23:54.000000,2.608544e+07,1.818225e+07,1.239968e+02,1.410061e+06,8.846585e+01,,,,5
2018-04-26 09:23:55.000000,2.608546e+07,1.818140e+07,1.239964e+02,1.410059e+06,8.846590e+01,,,,5
2018-04-26 09:23:56.000000,2.608545e+07,1.818309e+07,1.239974e+02,1.410057e+06,8.846595e+01,,,,5
2018-04-26 09:23:57.000000,2.608545e+07,1.818133e+07,1.239964e+02,1.410055e+06,8.846600e+01,,,,5
2018-04-26 09:23:58.000000,2.608543e+07,1.818215e+07,1.239968e+02,1.410053e+06,8.846605e+01,,,,5
2018-04-26 09:23:59.000000,2.608542e+07,1.818045e+07,1.239958e+02,1.410051e+06,8.846610e+01,,,,5
2018-04-26 09:24:00.000000,2.608545e+07,1.818176e+07,1.239964e+02,1.410049e+06,8.846614e+01,,,,5
2018-04-26 09:24:01.000000,2.608544e+07,1.818054e+07,1.239958e+02,1.410047e+06,8.846620e+01,,,,5
2018-04-26 09:24:02.000000,2.608544e+07,1.818012e+07,1.239956e+02,1.410045e+06,8.846625e+01,,,,5
2018-04-26 09:24:03.000000,2.608541e+07,1.818123e+07,1.239963e+02,1.410043e+06,8.846630e+01,,,,5
2018-04-26 09:24:04.000000,2.608541e+07,1.818104e+07,1.239963e+02,1.410041e+06,8.846635e+01,,,,5
2018-04-26 09:24:05.000000,2.608541e+07,1.818227e+07,1.239969e+02,1.410039e+06,8.846640e+01,,,,5
2018-04-26 09:24:06.000000,2.608542e+07,1.818137e+07,1.239965e+02,1.410037e+06,8.846645e+01,,,,5
2018-04-26 09:24:07.000000,2.608542e+07,1.818251e+07,1.239972e+02,1.410035e+06,8.846650e+01,,,,5
2018-04-26 09:24:08.000000,2.608542e+07,1.818131e+07,1.239965e+02,1.410033e+06,8.846655e+01,,,,5
2018-04-26 09:24:09.000000,2.608540e+07,1.818161e+07,1.239965e+02,1.410031e+06,8.846661e+01,,,,5
2018-04-26 09:24:10.000000,2.608540e+07,1.818042e+07,1.239959e+02,1.410029e+06,8.846666e+01,,,,5
2018-04-26 09:24:11.000000,2.608541e+07,1.818117e+07,1.239963e+02,1.410027e+06,8.846670e+01,,,,5
2018-04-26 09:24:12.000000,2.608541e+07,1.818015e+07,1.239957e+02,1.410025e+06,8.846676e+01,,,,5
2018-04-26 09:24:13.000000,2.608540e+07,1.818166e+07,1.239965e+02,1.410023e+06,8.846681e+01,,,,5
2018-04-26 09:24:14.000000,2.608539e+07,1.818104e+07,1.239963e+02,1.410021e+06,8.846686e+01,,,,5
2018-04-26 09:24:15.000000,2.608538e+07,1.818101e+07,1.239963e+02,1.410019e+06,8.846692e+01,,,,5
2018-04-26 09:24:16.000000,2.608538e+07,1.818129e+07,1.239965e+02,1.410017e+06,8.846697e+01,,,,5
2018-04-26 09:24:17.000000,2.608539e+07,1.818131e+07,1.239966e+02,1.410015e+06,8.846702e+01,,,,5
2018-04-26 09:24:18.000000,2.608539e+07,1.818157e+07,1.239967e+02,1.410013e+06,8.846708e+01,,,,5
2018-04-26 09:24:19.000000,2.608539e+07,1.818125e+07,1.239965e+02,1.410011e+06,8.846713e+01,,,,5
2018-04-26 09:24:20.000000,2.608537e+07,1.818159e+07,1.239966e+02,1.410009e+06,8.846718e+01,,,,5
2018-04-26 09:24:21.000000,2.608537e+07,1.818036e+07,1.239959e+02,1.410007e+06,8.846724e+01,,,,5
2018-04-26 09:24:22.000000,2.608536e+07,1.818212e+07,1.239969e+02,1.410005e+06,8.846729e+01,,,,5
2018-04-26 09:24:23.000000,2.608538e+07,1.818013e+07,1.239957e+02,1.410003e+06,8.846735e+01,,,,5
2018-04-26 09:24:24.000000,2.608538e+07,1.818175e+07,1.239966e+02,1.410001e+06,8.846740e+01,,,,5
2018-04-26 09:24:25.000000,2.608536e+07,1.818102e+07,1.239963e+02,1.409999e+06,8.846745e+01,,,,5
2018-04-26 09:24:26.000000,2.608536e+07,1.818257e+07,1.239972e+02,1.409997e+06,8.846751e+01,,,,5
2018-04-26 09:24:27.000000,2.608535e+07,1.818132e+07,1.239965e+02,1.409995e+06,8.846756e+01,,,,5
2018-04-26 09:24:28.000000,2.608537e+07,1.818285e+07,1.239974e+02,1.409993e+06,8.846761e+01,,,,5
2018-04-26 09:24:29.000000,2.608537e+07,1.818170e+07,1.239969e+02,1.409991e+06,8.846768e+01,,,,5
2018-04-26 09:24:30.000000,2.608536e+07,1.818121e+07,1.239966e+02,1.409989e+06,8.846773e+01,,,,5
2018-04-26 09:24:31.000000,2.608534e+07,1.818069e+07,1.239961e+02,1.409987e+06,8.846778e+01,,,,5
2018-04-26 09:24:32.000000,2.608534e+07,1.818030e+07,1.239959e+02,1.409986e+06,8.846784e+01,,,,5
2018-04-26 09:24:33.000000,2.608534e+07,1.818156e+07,1.239966e+02,1.409984e+06,8.846790e+01,,,,5
2018-04-26 09:24:34.000000,2.608535e+07,1.818009e+07,1.239958e+02,1.409982e+06,8.846796e+01,,,,5
2018-04-26 09:24:35.000000,2.608535e+07,1.818114e+07,1.239964e+02,1.409980e+06,8.846801e+01,,,,5
2018-04-26 09:24:36.000000,2.608535e+07,1.817998e+07,1.239957e+02,1.409978e+06,8.846806e+01,,,,5
2018-04-26 09:24:37.000000,2.608533e+07,1.818196e+07,1.239969e+02,1.409976e+06,8.846812e+01,,,,5
2018-04-26 09:24:38.000000,2.608533e+07,1.818094e+07,1.239964e+02,1.409974e+06,8.846818e+01,,,,5
2018-04-26 09:24:39.000000,2.608534e+07,1.818279e+07,1.239975e+02,1.409972e+06,8.846823e+01,,,,5
2018-04-26 09:24:40.000000,2.608534e+07,1.818133e+07,1.239967e+02,1.409970e+06,8.846830e+01,,,,5
2018-04-26 09:24:41.000000,2.608534e+07,1.818125e+07,1.239967e+02,1.409968e+06,8.846835e+01,,,,5
2018-04-26 09:24:42.000000,2.608532e+07,1.818068e+07,1.239963e+02,1.409966e+06,8.846840e+01,,,,5
2018-04-26 09:24:43.000000,2.608532e+07,1.818028e+07,1.239960e+02,1.409964e+06,8.846847e+01,,,,5
2018-04-26 09:24:44.000000,2.608531e+07,1.818151e+07,1.239967e+02,1.409963e+06,8.846852e+01,,,,5
2018-04-26 09:24:45.000000,2.608533e+07,1.818008e+07,1.239959e+02,1.409961e+06,8.846858e+01,,,,5
2018-04-26 09:24:46.000000,2.608533e+07,1.818109e+07,1.239964e+02,1.409959e+06,8.846864e+01,,,,5
2018-04-26 09:24:47.000000,2.608533e+07,1.817995e+07,1.239958e+02,1.409957e+06,8.846870e+01,,,,5
2018-04-26 09:24:48.000000,2.608530e+07,1.818191e+07,1.239970e+02,1.409955e+06,8.846876e+01,,,,5
2018-04-26 09:24:49.000000,2.608531e+07,1.818092e+07,1.239964e+02,1.409953e+06,8.846882e+01,,,,5
2018-04-26 09:24:50.000000,2.608530e+07,1.818091e+07,1.239965e+02,1.409951e+06,8.846887e+01,,,,5
2018-04-26 09:24:51.000000,2.608532e+07,1.818114e+07,1.239967e+02,1.409949e+06,8.846893e+01,,,,5
2018-04-26 09:24:52.000000,2.608532e+07,1.818122e+07,1.239967e+02,1.409948e+06,8.846899e+01,,,,5
2018-04-26 09:24:53.000000,2.608529e+07,1.818034e+07,1.239961e+02,1.409946e+06,8.846905e+01,,,,5
2018-04-26 09:24:54.000000,2.608530e+07,1.818029e+07,1.239961e+02,1.409944e+06,8.846911e+01,,,,5
2018-04-26 09:24:55.000000,2.608529e+07,1.818149e+07,1.239967e+02,1.409942e+06,8.846917e+01,,,,5
2018-04-26 09:24:56.000000,2.608531e+07,1.818012e+07,1.239959e+02,1.409940e+06,8.846923e+01,,,,5
2018-04-26 09:24:57.000000,2.608530e+07,1.818114e+07,1.239965e+02,1.409938e+06,8.846929e+01,,,,5
2018-04-26 09:24:58.000000,2.608530e+07,1.817991e+07,1.239958e+02,1.409937e+06,8.846935e+01,,,,5
2018-04-26 09:24:59.000000,2.608529e+07,1.818194e+07,1.239971e+02,1.409935e+06,8.846941e+01,,,,5
2018-04-26 09:25:00.000000,2.608528e+07,1.818092e+07,1.239965e+02,1.409933e+06,8.846947e+01,,,,5
2018-04-26 09:25:01.000000,2.608528e+07,1.818261e+07,1.239974e+02,1.409931e+06,8.846953e+01,,,,5
2018-04-26 09:25:02.000000,2.608530e+07,1.818127e+07,1.239968e+02,1.409929e+06,8.846959e+01,,,,5
2018-04-26 09:25:03.000000,2.608530e+07,1.818285e+07,1.239976e+02,1.409927e+06,8.846966e+01,,,,5
2018-04-26 09:25:04.000000,2.608530e+07,1.818150e+07,1.239969e+02,1.409926e+06,8.846972e+01,,,,5
2018-04-26 09:25:05.000000,2.608528e+07,1.818186e+07,1.239970e+02,1.409924e+06,8.846978e+01,,,,5
2018-04-26 09:25:06.000000,2.608528e+07,1.818062e+07,1.239963e+02,1.409922e+06,8.846984e+01,,,,5
2018-04-26 09:25:07.000000,2.608529e+07,1.818147e+07,1.239967e+02,1.409920e+06,8.846990e+01,,,,5
2018-04-26 09:25:08.000000,2.608529e+07,1.818034e+07,1.239961e+02,1.409918e+06,8.846997e+01,,,,5
2018-04-26 09:25:09.000000,2.608529e+07,1.817989e+07,1.239958e+02,1.409917e+06,8.847003e+01,,,,5
2018-04-26 09:25:10.000000,2.608527e+07,1.818103e+07,1.239966e+02,1.409915e+06,8.847008e+01,,,,5
2018-04-26 09:25:11.000000,2.608527e+07,1.818081e+07,1.239965e+02,1.409913e+06,8.847015e+01,,,,5
2018-04-26 09:25:12.000000,2.608526e+07,1.818201e+07,1.239972e+02,1.409911e+06,8.847021e+01,,,,5
2018-04-26 09:25:13.000000,2.608529e+07,1.818120e+07,1.239968e+02,1.409910e+06,8.847027e+01,,,,5
2018-04-26 09:25:14.000000,2.608528e+07,1.818285e+07,1.239977e+02,1.409908e+06,8.847034e+01,,,,5
2018-04-26 09:25:15.000000,2.608528e+07,1.818114e+07,1.239968e+02,1.409906e+06,8.847040e+01,,,,5
2018-04-26 09:25:16.000000,2.608526e+07,1.818194e+07,1.239971e+02,1.409904e+06,8.847046e+01,,,,5
2018-04-26 09:25:17.000000,2.608526e+07,1.818028e+07,1.239962e+02,1.409903e+06,8.847053e+01,,,,5
2018-04-26 09:25:18.000000,2.608526e+07,1.818026e+07,1.239962e+02,1.409901e+06,8.847059e+01,,,,5
2018-04-26 09:25:19.000000,2.608527e+07,1.818022e+07,1.239961e+02,1.409899e+06,8.847065e+01,,,,5
2018-04-26 09:25:20.000000,2.608528e+07,1.817993e+07,1.239959e+02,1.409898e+06,8.847072e+01,,,,5
2018-04-26 09:25:21.000000,2.608525e+07,1.818102e+07,1.239966e+02,1.409896e+06,8.847078e+01,,,,5
2018-04-26 09:25:22.000000,2.608525e+07,1.818085e+07,1.239966e+02,1.409894e+06,8.847085e+01,,,,5
2018-04-26 09:25:23.000000,2.608525e+07,1.818207e+07,1.239972e+02,1.409893e+06,8.847092e+01,,,,5
2018-04-26 09:25:24.000000,2.608527e+07,1.818119e+07,1.239968e+02,1.409891e+06,8.847098e+01,,,,5
2018-04-26 09:25:25.000000,2.608527e+07,1.818231e+07,1.239975e+02,1.409889e+06,8.847105e+01,,,,5
2018-04-26 09:25:26.000000,2.608526e+07,1.818114e+07,1.239968e+02,1.409888e+06,8.847111e+01,,,,5
2018-04-26 09:25:27.000000,2.608525e+07,1.818143e+07,1.239968e+02,1.409886e+06,8.847117e+01,,,,5
2018-04-26 09:25:28.000000,2.608525e+07,1.818026e+07,1.239962e+02,1.409884e+06,8.847124e+01,,,,5
2018-04-26 09:25:29.000000,2.608524e+07,1.818183e+07,1.239971e+02,1.409883e+06,8.847130e+01,,,,5
2018-04-26 09:25:30.000000,2.608526e+07,1.818003e+07,1.239960e+02,1.409881e+06,8.847137e+01,,,,5
2018-04-26 09:25:31.000000,2.608526e+07,1.818146e+07,1.239968e+02,1.409879e+06,8.847144e+01,,,,5
2018-04-26 09:25:32.000000,2.608526e+07,1.818021e+07,1.239961e+02,1.409878e+06,8.847150e+01,,,,5
2018-04-26 09:25:33.000000,2.608524e+07,1.818079e+07,1.239966e+02,1.409876e+06,8.847156e+01,,,,5
2018-04-26 09:25:34.000000,2.608524e+07,1.818112e+07,1.239968e+02,1.409874e+06,8.847164e+01,,,,5
2018-04-26 09:25:35.000000,2.608526e+07,1.818115e+07,1.239969e+02,1.409873e+06,8.847170e+01,,,,5
2018-04-26 09:25:36.000000,2.608525e+07,1.818141e+07,1.239970e+02,1.409871e+06,8.847177e+01,,,,5
2018-04-26 09:25:37.000000,2.608526e+07,1.818109e+07,1.239968e+02,1.409870e+06,8.847183e+01,,,,5
2018-04-26 09:25:38.000000,2.608523e+07,1.818142e+07,1.239969e+02,1.409868e+06,8.847190e+01,,,,5
2018-04-26 09:25:39.000000,2.608524e+07,1.818021e+07,1.239962e+02,1.409866e+06,8.847197e+01,,,,5
2018-04-26 09:25:40.000000,2.608523e+07,1.818195e+07,1.239972e+02,1.409865e+06,8.847203e+01,,,,5
2018-04-26 09:25:41.000000,2.608525e+07,1.817999e+07,1.239961e+02,1.409863e+06,8.847210e+01,,,,5
2018-04-26 09:25:42.000000,2.608525e+07,1.818158e+07,1.239969e+02,1.409862e+06,8.847217e+01,,,,5
2018-04-26 09:25:43.000000,2.608525e+07,1.818022e+07,1.239961e+02,1.409860e+06,8.847223e+01,,,,5
2018-04-26 09:25:44.000000,2.608523e+07,1.818237e+07,1.239975e+02,1.409859e+06,8.847230e+01,,,,5
2018-04-26 09:25:45.000000,2.608523e+07,1.818119e+07,1.239968e+02,1.409857e+06,8.847237e+01,,,,5
2018-04-26 09:25:46.000000,2.608525e+07,1.818269e+07,1.239977e+02,1.409856e+06,8.847244e+01,,,,5
2018-04-26 09:25:47.000000,2.608525e+07,1.818157e+07,1.239972e+02,1.409854e+06,8.847250e+01,,,,5
2018-04-26 09:25:48.000000,2.608525e+07,1.818108e+07,1.239969e+02,1.409853e+06,8.847257e+01,,,,5
2018-04-26 09:25:49.000000,2.608523e+07,1.818057e+07,1.239965e+02,1.409851e+06,8.847264e+01,,,,5
2018-04-26 09:25:50.000000,2.608522e+07,1.818018e+07,1.239962e+02,1.409850e+06,8.847271e+01,,,,5
2018-04-26 09:25:51.000000,2.608523e+07,1.818140e+07,1.239969e+02,1.409848e+06,8.847278e+01,,,,5
2018-04-26 09:25:52.000000,2.608524e+07,1.817998e+07,1.239961e+02,1.409847e+06,8.847284e+01,,,,5
2018-04-26 09:25:53.000000,2.608524e+07,1.818099e+07,1.239967e+02,1.409845e+06,8.847292e+01,,,,5
2018-04-26 09:25:54.000000,2.608524e+07,1.817988e+07,1.239960e+02,1.409844e+06,8.847298e+01,,,,5
2018-04-26 09:25:55.000000,2.608522e+07,1.818237e+07,1.239975e+02,1.409842e+06,8.847305e+01,,,,5
2018-04-26 09:25:56.000000,2.608523e+07,1.818120e+07,1.239968e+02,1.409841e+06,8.847312e+01,,,,5
2018-04-26 09:25:57.000000,2.608522e+07,1.818080e+07,1.239967e+02,1.409840e+06,8.847319e+01,,,,5
2018-04-26 09:25:58.000000,2.608524e+07,1.818139e+07,1.239971e+02,1.409838e+06,8.847325e+01,,,,5
2018-04-26 09:25:59.000000,2.608524e+07,1.818108e+07,1.239969e+02,1.409837e+06,8.847333e+01,,,,5
2018-04-26 09:26:00.000000,2.608522e+07,1.818056e+07,1.239965e+02,1.409835e+06,8.847339e+01,,,,5
2018-04-26 09:26:01.000000,2.608522e+07,1.818017e+07,1.239963e+02,1.409834e+06,8.847346e+01,,,,5
2018-04-26 09:26:02.000000,2.608522e+07,1.818139e+07,1.239970e+02,1.409833e+06,8.847354e+01,,,,5
2018-04-26 09:26:03.000000,2.608524e+07,1.817998e+07,1.239961e+02,1.409831e+06,8.847360e+01,,,,5
2018-04-26 09:26:04.000000,2.608524e+07,1.818098e+07,1.239966e+02,1.409830e+06,8.847367e+01,,,,5
2018-04-26 09:26:05.000000,2.608524e+07,1.817987e+07,1.239961e+02,1.409828e+06,8.847374e+01,,,,5
2018-04-26 09:26:06.000000,2.608521e+07,1.818179e+07,1.239973e+02,1.409827e+06,8.847381e+01,,,,5
2018-04-26 09:26:07.000000,2.608522e+07,1.818084e+07,1.239967e+02,1.409826e+06,8.847389e+01,,,,5
2018-04-26 09:26:08.000000,2.608522e+07,1.818081e+07,1.239968e+02,1.409824e+06,8.847395e+01,,,,5
2018-04-26 09:26:09.000000,2.608524e+07,1.818105e+07,1.239970e+02,1.409823e+06,8.847402e+01,,,,5
2018-04-26 09:26:10.000000,2.608523e+07,1.818113e+07,1.239970e+02,1.409822e+06,8.847409e+01,,,,5
2018-04-26 09:26:11.000000,2.608523e+07,1.818141e+07,1.239971e+02,1.409821e+06,8.847416e+01,,,,5
2018-04-26 09:26:12.000000,2.608522e+07,1.818030e+07,1.239965e+02,1.409819e+06,8.847423e+01,,,,5
2018-04-26 09:26:13.000000,2.608521e+07,1.818139e+07,1.239970e+02,1.409818e+06,8.847430e+01,,,,5
2018-04-26 09:26:14.000000,2.608524e+07,1.818005e+07,1.239962e+02,1.409817e+06,8.847437e+01,,,,5
2018-04-26 09:26:15.000000,2.608523e+07,1.818105e+07,1.239967e+02,1.409815e+06,8.847444e+01,,,,5
2018-04-26 09:26:16.000000,2.608523e+07,1.817984e+07,1.239961e+02,1.409814e+06,8.847451e+01,,,,5
2018-04-26 09:26:17.000000,2.608522e+07,1.818184e+07,1.239973e+02,1.409813e+06,8.847458e+01,,,,5
2018-04-26 09:26:18.000000,2.608521e+07,1.818086e+07,1.239968e+02,1.409812e+06,8.847465e+01,,,,5
2018-04-26 09:26:19.000000,2.608522e+07,1.818252e+07,1.239977e+02,1.409811e+06,8.847472e+01,,,,5
2018-04-26 09:26:20.000000,2.608523e+07,1.818122e+07,1.239971e+02,1.409809e+06,8.847479e+01,,,,5
2018-04-26 09:26:21.000000,2.608523e+07,1.818277e+07,1.239979e+02,1.409808e+06,8.847487e+01,,,,5
2018-04-26 09:26:22.000000,2.608524e+07,1.818146e+07,1.239972e+02,1.409807e+06,8.847493e+01,,,,5
2018-04-26 09:26:23.000000,2.608521e+07,1.818180e+07,1.239972e+02,1.409806e+06,8.847500e+01,,,,5
2018-04-26 09:26:24.000000,2.608522e+07,1.818057e+07,1.239965e+02,1.409805e+06,8.847508e+01,,,,5
2018-04-26 09:26:25.000000,2.608521e+07,1.818014e+07,1.239964e+02,1.409803e+06,8.847515e+01,,,,5
2018-04-26 09:26:26.000000,2.608524e+07,1.818018e+07,1.239963e+02,1.409802e+06,8.847521e+01,,,,5
2018-04-26 09:26:27.000000,2.608523e+07,1.817984e+07,1.239961e+02,1.409801e+06,8.847529e+01,,,,5
2018-04-26 09:26:28.000000,2.608522e+07,1.818097e+07,1.239969e+02,1.409800e+06,8.847536e+01,,,,5
2018-04-26 09:26:29.000000,2.608522e+07,1.818077e+07,1.239968e+02,1.409799e+06,8.847543e+01,,,,5
2018-04-26 09:26:30.000000,2.608521e+07,1.818196e+07,1.239974e+02,1.409798e+06,8.847550e+01,,,,5
2018-04-26 09:26:31.000000,2.608524e+07,1.818116e+07,1.239970e+02,1.409797e+06,8.847557e+01,,,,5
2018-04-26 09:26:32.000000,2.608523e+07,1.818279e+07,1.239979e+02,1.409796e+06,8.847564e+01,,,,5
2018-04-26 09:26:33.000000,2.608524e+07,1.818112e+07,1.239970e+02,1.409795e+06,8.847571e+01,,,,5
2018-04-26 09:26:34.000000,2.608521e+07,1.818189e+07,1.239974e+02,1.409793e+06,8.847578e+01,,,,5
2018-04-26 09:26:35.000000,2.608521e+07,1.818025e+07,1.239965e+02,1.409792e+06,8.847586e+01,,,,5
2018-04-26 09:26:36.000000,2.608522e+07,1.818022e+07,1.239965e+02,1.409791e+06,8.847592e+01,,,,5
2018-04-26 09:26:37.000000,2.608523e+07,1.818019e+07,1.239963e+02,1.409790e+06,8.847599e+01,,,,5
2018-04-26 09:26:38.000000,2.608524e+07,1.817991e+07,1.239962e+02,1.409789e+06,8.847607e+01,,,,5
2018-04-26 09:26:39.000000,2.608523e+07,1.818115e+07,1.239969e+02,1.409788e+06,8.847613e+01,,,,5
2018-04-26 09:26:40.000000,2.608522e+07,1.818083e+07,1.239969e+02,1.409787e+06,8.847620e+01,,,,5
2018-04-26 09:26:41.000000,2.608522e+07,1.818203e+07,1.239975e+02,1.409786e+06,8.847628e+01,,,,5
2018-04-26 09:26:42.000000,2.608524e+07,1.818117e+07,1.239971e+02,1.409785e+06,8.847634e+01,,,,5
2018-04-26 09:26:43.000000,2.608524e+07,1.818228e+07,1.239977e+02,1.409784e+06,8.847641e+01,,,,5
2018-04-26 09:26:44.000000,2.608523e+07,1.818114e+07,1.239971e+02,1.409783e+06,8.847649e+01,,,,5
2018-04-26 09:26:45.000000,2.608522e+07,1.818141e+07,1.239971e+02,1.409782e+06,8.847656e+01,,,,5
2018-04-26 09:26:46.000000,2.608522e+07,1.818026e+07,1.239964e+02,1.409782e+06,8.847663e+01,,,,5
2018-04-26 09:26:47.000000,2.608522e+07,1.818181e+07,1.239973e+02,1.409781e+06,8.847670e+01,,,,5
2018-04-26 09:26:48.000000,2.608524e+07,1.818004e+07,1.239963e+02,1.409780e+06,8.847677e+01,,,,5
2018-04-26 09:26:49.000000,2.608524e+07,1.818144e+07,1.239971e+02,1.409779e+06,8.847684e+01,,,,5
2018-04-26 09:26:50.000000,2.608524e+07,1.818021e+07,1.239964e+02,1.409778e+06,8.847691e+01,,,,5
2018-04-26 09:26:51.000000,2.608522e+07,1.818078e+07,1.239969e+02,1.409777e+06,8.847698e+01,,,,5
2018-04-26 09:26:52.000000,2.608523e+07,1.818111e+07,1.239970e+02,1.409776e+06,8.847705e+01,,,,5
2018-04-26 09:26:53.000000,2.608522e+07,1.818076e+07,1.239969e+02,1.409775e+06,8.847712e+01,,,,5
2018-04-26 09:26:54.000000,2.608524e+07,1.818138e+07,1.239973e+02,1.409775e+06,8.847719e+01,,,,5
2018-04-26 09:26:55.000000,2.608525e+07,1.818109e+07,1.239971e+02,1.409774e+06,8.847726e+01,,,,5
2018-04-26 09:26:56.000000,2.608523e+07,1.818143e+07,1.239972e+02,1.409773e+06,8.847733e+01,,,,5
2018-04-26 09:26:57.000000,2.608523e+07,1.818024e+07,1.239966e+02,1.409772e+06,8.847740e+01,,,,5
2018-04-26 09:26:58.000000,2.608523e+07,1.818194e+07,1.239974e+02,1.409771e+06,8.847747e+01,,,,5
2018-04-26 09:26:59.000000,2.608525e+07,1.818003e+07,1.239963e+02,1.409770e+06,8.847754e+01,,,,5
2018-04-26 09:27:00.000000,2.608525e+07,1.818157e+07,1.239971e+02,1.409770e+06,8.847762e+01,,,,5
2018-04-26 09:27:01.000000,2.608525e+07,1.818024e+07,1.239964e+02,1.409769e+06,8.847768e+01,,,,5
2018-04-26 09:27:02.000000,2.608523e+07,1.818237e+07,1.239978e+02,1.409768e+06,8.847775e+01,,,,5
2018-04-26 09:27:03.000000,2.608523e+07,1.818123e+07,1.239971e+02,1.409767e+06,8.847782e+01,,,,5
2018-04-26 09:27:04.000000,2.608523e+07,1.818083e+07,1.239969e+02,1.409767e+06,8.847789e+01,,,,5
2018-04-26 09:27:05.000000,2.608525e+07,1.818142e+07,1.239973e+02,1.409766e+06,8.847795e+01,,,,5
2018-04-26 09:27:06.000000,2.608525e+07,1.818111e+07,1.239971e+02,1.409765e+06,8.847803e+01,,,,5
2018-04-26 09:27:07.000000,2.608526e+07,1.818240e+07,1.239978e+02,1.409765e+06,8.847810e+01,,,,5
2018-04-26 09:27:08.000000,2.608523e+07,1.818034e+07,1.239966e+02,1.409764e+06,8.847816e+01,,,,5
2018-04-26 09:27:09.000000,2.608524e+07,1.818194e+07,1.239975e+02,1.409763e+06,8.847824e+01,,,,5
2018-04-26 09:27:10.000000,2.608526e+07,1.818006e+07,1.239964e+02,1.409763e+06,8.847830e+01,,,,5
2018-04-26 09:27:11.000000,2.608525e+07,1.818156e+07,1.239972e+02,1.409762e+06,8.847837e+01,,,,5
2018-04-26 09:27:12.000000,2.608526e+07,1.818028e+07,1.239965e+02,1.409761e+06,8.847844e+01,,,,5
2018-04-26 09:27:13.000000,2.608524e+07,1.818238e+07,1.239978e+02,1.409761e+06,8.847851e+01,,,,5
2018-04-26 09:27:14.000000,2.608524e+07,1.818125e+07,1.239972e+02,1.409760e+06,8.847858e+01,,,,5
2018-04-26 09:27:15.000000,2.608524e+07,1.818085e+07,1.239970e+02,1.409760e+06,8.847865e+01,,,,5
2018-04-26 09:27:16.000000,2.608526e+07,1.818144e+07,1.239974e+02,1.409759e+06,8.847871e+01,,,,5
2018-04-26 09:27:17.000000,2.608526e+07,1.818113e+07,1.239972e+02,1.409758e+06,8.847879e+01,,,,5
2018-04-26 09:27:18.000000,2.608527e+07,1.818240e+07,1.239979e+02,1.409758e+06,8.847885e+01,,,,5
2018-04-26 09:27:19.000000,2.608524e+07,1.818037e+07,1.239966e+02,1.409757e+06,8.847891e+01,,,,5
2018-04-26 09:27:20.000000,2.608525e+07,1.818144e+07,1.239972e+02,1.409757e+06,8.847899e+01,,,,5
2018-04-26 09:27:21.000000,2.608525e+07,1.818022e+07,1.239965e+02,1.409756e+06,8.847905e+01,,,,5
2018-04-26 09:27:22.000000,2.608527e+07,1.818106e+07,1.239969e+02,1.409756e+06,8.847912e+01,,,,5
2018-04-26 09:27:23.000000,2.608527e+07,1.817995e+07,1.239963e+02,1.409755e+06,8.847919e+01,,,,5
2018-04-26 09:27:24.000000,2.608525e+07,1.818184e+07,1.239975e+02,1.409755e+06,8.847925e+01,,,,5
2018-04-26 09:27:25.000000,2.608526e+07,1.818092e+07,1.239970e+02,1.409754e+06,8.847932e+01,,,,5
2018-04-26 09:27:26.000000,2.608525e+07,1.818088e+07,1.239970e+02,1.409754e+06,8.847939e+01,,,,5
2018-04-26 09:27:27.000000,2.608528e+07,1.818112e+07,1.239972e+02,1.409753e+06,8.847945e+01,,,,5
2018-04-26 09:27:28.000000,2.608527e+07,1.818120e+07,1.239973e+02,1.409753e+06,8.847953e+01,,,,5
2018-04-26 09:27:29.000000,2.608527e+07,1.818147e+07,1.239974e+02,1.409752e+06,8.847959e+01,,,,5
2018-04-26 09:27:30.000000,2.608526e+07,1.818039e+07,1.239967e+02,1.409752e+06,8.847965e+01,,,,5
2018-04-26 09:27:31.000000,2.608526e+07,1.818146e+07,1.239973e+02,1.409751e+06,8.847973e+01,,,,5
2018-04-26 09:27:32.000000,2.608526e+07,1.818020e+07,1.239966e+02,1.409751e+06,8.847979e+01,,,,5
2018-04-26 09:27:33.000000,2.608528e+07,1.818114e+07,1.239970e+02,1.409751e+06,8.847985e+01,,,,5
2018-04-26 09:27:34.000000,2.608528e+07,1.817994e+07,1.239963e+02,1.409750e+06,8.847992e+01,,,,5
2018-04-26 09:27:35.000000,2.608527e+07,1.818191e+07,1.239975e+02,1.409750e+06,8.847998e+01,,,,5
2018-04-26 09:27:36.000000,2.608527e+07,1.818096e+07,1.239971e+02,1.409750e+06,8.848005e+01,,,,5
2018-04-26 09:27:37.000000,2.608527e+07,1.818259e+07,1.239980e+02,1.409749e+06,8.848012e+01,,,,5
2018-04-26 09:27:38.000000,2.608528e+07,1.818132e+07,1.239974e+02,1.409749e+06,8.848018e+01,,,,5
2018-04-26 09:27:39.000000,2.608529e+07,1.818284e+07,1.239981e+02,1.409749e+06,8.848025e+01,,,,5
2018-04-26 09:27:40.000000,2.608529e+07,1.818156e+07,1.239974e+02,1.409748e+06,8.848031e+01,,,,5
2018-04-26 09:27:41.000000,2.608527e+07,1.818188e+07,1.239975e+02,1.409748e+06,8.848037e+01,,,,5
2018-04-26 09:27:42.000000,2.608528e+07,1.818068e+07,1.239968e+02,1.409748e+06,8.848044e+01,,,,5
2018-04-26 09:27:43.000000,2.608527e+07,1.818025e+07,1.239966e+02,1.409747e+06,8.848050e+01,,,,5
2018-04-26 09:27:44.000000,2.608530e+07,1.818029e+07,1.239966e+02,1.409747e+06,8.848056e+01,,,,5
2018-04-26 09:27:45.000000,2.608530e+07,1.817995e+07,1.239964e+02,1.409747e+06,8.848063e+01,,,,5
2018-04-26 09:27:46.000000,2.608530e+07,1.818117e+07,1.239970e+02,1.409747e+06,8.848069e+01,,,,5
2018-04-26 09:27:47.000000,2.608528e+07,1.818087e+07,1.239970e+02,1.409746e+06,8.848075e+01,,,,5
2018-04-26 09:27:48.000000,2.608528e+07,1.818206e+07,1.239977e+02,1.409746e+06,8.848082e+01,,,,5
2018-04-26 09:27:49.000000,2.608531e+07,1.818127e+07,1.239973e+02,1.409746e+06,8.848088e+01,,,,5
2018-04-26 09:27:50.000000,2.608531e+07,1.818288e+07,1.239982e+02,1.409746e+06,8.848095e+01,,,,5
2018-04-26 09:27:51.000000,2.608531e+07,1.818125e+07,1.239973e+02,1.409745e+06,8.848101e+01,,,,5
2018-04-26 09:27:52.000000,2.608529e+07,1.818200e+07,1.239976e+02,1.409745e+06,8.848107e+01,,,,5
2018-04-26 09:27:53.000000,2.608529e+07,1.818039e+07,1.239967e+02,1.409745e+06,8.848114e+01,,,,5
2018-04-26 09:27:54.000000,2.608530e+07,1.818034e+07,1.239967e+02,1.409745e+06,8.848120e+01,,,,5
2018-04-26 09:27:55.000000,2.608531e+07,1.818032e+07,1.239966e+02,1.409745e+06,8.848125e+01,,,,5
2018-04-26 09:27:56.000000,2.608532e+07,1.818003e+07,1.239965e+02,1.409745e+06,8.848132e+01,,,,5
2018-04-26 09:27:57.000000,2.608532e+07,1.818127e+07,1.239971e+02,1.409745e+06,8.848138e+01,,,,5
2018-04-26 09:27:58.000000,2.608530e+07,1.818096e+07,1.239971e+02,1.409744e+06,8.848144e+01,,,,5
2018-04-26 09:27:59.000000,2.608531e+07,1.818215e+07,1.239978e+02,1.409744e+06,8.848150e+01,,,,5
2018-04-26 09:28:00.000000,2.608531e+07,1.818092e+07,1.239971e+02,1.409744e+06,8.848156e+01,,,,5
2018-04-26 09:28:01.000000,2.608533e+07,1.818239e+07,1.239979e+02,1.409744e+06,8.848162e+01,,,,5
2018-04-26 09:28:02.000000,2.608532e+07,1.818128e+07,1.239973e+02,1.409744e+06,8.848168e+01,,,,5
2018-04-26 09:28:03.000000,2.608531e+07,1.818154e+07,1.239974e+02,1.409744e+06,8.848174e+01,,,,5
2018-04-26 09:28:04.000000,2.608532e+07,1.818041e+07,1.239968e+02,1.409744e+06,8.848181e+01,,,,5
2018-04-26 09:28:05.000000,2.608532e+07,1.818193e+07,1.239976e+02,1.409744e+06,8.848186e+01,,,,5
2018-04-26 09:28:06.000000,2.608534e+07,1.818021e+07,1.239965e+02,1.409744e+06,8.848192e+01,,,,5
2018-04-26 09:28:07.000000,2.608533e+07,1.818157e+07,1.239972e+02,1.409744e+06,8.848198e+01,,,,5
2018-04-26 09:28:08.000000,2.608534e+07,1.818038e+07,1.239966e+02,1.409744e+06,8.848204e+01,,,,5
2018-04-26 09:28:09.000000,2.608532e+07,1.818092e+07,1.239971e+02,1.409744e+06,8.848209e+01,,,,5
2018-04-26 09:28:10.000000,2.608533e+07,1.818126e+07,1.239973e+02,1.409744e+06,8.848216e+01,,,,5
2018-04-26 09:28:11.000000,2.608533e+07,1.818091e+07,1.239971e+02,1.409744e+06,8.848221e+01,,,,5
2018-04-26 09:28:12.000000,2.608535e+07,1.818152e+07,1.239975e+02,1.409744e+06,8.848227e+01,,,,5
2018-04-26 09:28:13.000000,2.608535e+07,1.818126e+07,1.239974e+02,1.409744e+06,8.848233e+01,,,,5
2018-04-26 09:28:14.000000,2.608535e+07,1.818309e+07,1.239983e+02,1.409744e+06,8.848238e+01,,,,5
2018-04-26 09:28:15.000000,2.608534e+07,1.818051e+07,1.239968e+02,1.409744e+06,8.848244e+01,,,,5
2018-04-26 09:28:16.000000,2.608534e+07,1.818208e+07,1.239977e+02,1.409744e+06,8.848250e+01,,,,5
2018-04-26 09:28:17.000000,2.608536e+07,1.818023e+07,1.239966e+02,1.409744e+06,8.848255e+01,,,,5
2018-04-26 09:28:18.000000,2.608536e+07,1.818172e+07,1.239974e+02,1.409744e+06,8.848261e+01,,,,5
2018-04-26 09:28:19.000000,2.608536e+07,1.818043e+07,1.239967e+02,1.409744e+06,8.848267e+01,,,,5
2018-04-26 09:28:20.000000,2.608535e+07,1.818252e+07,1.239980e+02,1.409744e+06,8.848272e+01,,,,5
2018-04-26 09:28:21.000000,2.608535e+07,1.818141e+07,1.239974e+02,1.409745e+06,8.848278e+01,,,,5
2018-04-26 09:28:22.000000,2.608535e+07,1.818101e+07,1.239972e+02,1.409745e+06,8.848283e+01,,,,5
2018-04-26 09:28:23.000000,2.608537e+07,1.818159e+07,1.239976e+02,1.409745e+06,8.848288e+01,,,,5
2018-04-26 09:28:24.000000,2.608537e+07,1.818129e+07,1.239974e+02,1.409745e+06,8.848294e+01,,,,5
2018-04-26 09:28:25.000000,2.608538e+07,1.818257e+07,1.239981e+02,1.409745e+06,8.848299e+01,,,,5
2018-04-26 09:28:26.000000,2.608536e+07,1.818054e+07,1.239968e+02,1.409745e+06,8.848305e+01,,,,5
2018-04-26 09:28:27.000000,2.608536e+07,1.818210e+07,1.239976e+02,1.409745e+06,8.848310e+01,,,,5
2018-04-26 09:28:28.000000,2.608537e+07,1.818037e+07,1.239967e+02,1.409746e+06,8.848315e+01,,,,5
2018-04-26 09:28:29.000000,2.608538e+07,1.818178e+07,1.239974e+02,1.409746e+06,8.848321e+01,,,,5
2018-04-26 09:28:30.000000,2.608539e+07,1.818048e+07,1.239967e+02,1.409746e+06,8.848326e+01,,,,5
2018-04-26 09:28:31.000000,2.608538e+07,1.818256e+07,1.239980e+02,1.409746e+06,8.848331e+01,,,,5
2018-04-26 09:28:32.000000,2.608537e+07,1.818147e+07,1.239974e+02,1.409746e+06,8.848337e+01,,,,5
2018-04-26 09:28:33.000000,2.608538e+07,1.818105e+07,1.239972e+02,1.409747e+06,8.848342e+01,,,,5
2018-04-26 09:28:34.000000,2.608540e+07,1.818162e+07,1.239976e+02,1.409747e+06,8.848346e+01,,,,5
2018-04-26 09:28:35.000000,2.608540e+07,1.818133e+07,1.239974e+02,1.409747e+06,8.848352e+01,,,,5
2018-04-26 09:28:36.000000,2.608540e+07,1.818258e+07,1.239981e+02,1.409747e+06,8.848357e+01,,,,5
2018-04-26 09:28:37.000000,2.608538e+07,1.818060e+07,1.239969e+02,1.409748e+06,8.848362e+01,,,,5
2018-04-26 09:28:38.000000,2.608539e+07,1.818162e+07,1.239975e+02,1.409748e+06,8.848368e+01,,,,5
2018-04-26 09:28:39.000000,2.608539e+07,1.818044e+07,1.239968e+02,1.409748e+06,8.848372e+01,,,,5
2018-04-26 09:28:40.000000,2.608541e+07,1.818126e+07,1.239972e+02,1.409748e+06,8.848378e+01,,,,5
2018-04-26 09:28:41.000000,2.608542e+07,1.818017e+07,1.239965e+02,1.409749e+06,8.848382e+01,,,,5
2018-04-26 09:28:42.000000,2.608541e+07,1.818178e+07,1.239974e+02,1.409749e+06,8.848387e+01,,,,5
2018-04-26 09:28:43.000000,2.608540e+07,1.818109e+07,1.239972e+02,1.409749e+06,8.848393e+01,,,,5
2018-04-26 09:28:44.000000,2.608540e+07,1.818110e+07,1.239972e+02,1.409750e+06,8.848397e+01,,,,5
2018-04-26 09:28:45.000000,2.608543e+07,1.818133e+07,1.239974e+02,1.409750e+06,8.848401e+01,,,,5
2018-04-26 09:28:46.000000,2.608543e+07,1.818142e+07,1.239975e+02,1.409750e+06,8.848407e+01,,,,5
2018-04-26 09:28:47.000000,2.608543e+07,1.818169e+07,1.239976e+02,1.409751e+06,8.848412e+01,,,,5
2018-04-26 09:28:48.000000,2.608542e+07,1.818062e+07,1.239970e+02,1.409751e+06,8.848417e+01,,,,5
2018-04-26 09:28:49.000000,2.608542e+07,1.818166e+07,1.239975e+02,1.409751e+06,8.848421e+01,,,,5
2018-04-26 09:28:50.000000,2.608542e+07,1.818045e+07,1.239968e+02,1.409752e+06,8.848426e+01,,,,5
2018-04-26 09:28:51.000000,2.608544e+07,1.818136e+07,1.239973e+02,1.409752e+06,8.848431e+01,,,,5
2018-04-26 09:28:52.000000,2.608544e+07,1.818018e+07,1.239966e+02,1.409753e+06,8.848435e+01,,,,5
2018-04-26 09:28:53.000000,2.608545e+07,1.818196e+07,1.239976e+02,1.409753e+06,8.848440e+01,,,,5
2018-04-26 09:28:54.000000,2.608543e+07,1.818115e+07,1.239972e+02,1.409753e+06,8.848445e+01,,,,5
2018-04-26 09:28:55.000000,2.608544e+07,1.818280e+07,1.239982e+02,1.409754e+06,8.848449e+01,,,,5
2018-04-26 09:28:56.000000,2.608543e+07,1.818144e+07,1.239974e+02,1.409754e+06,8.848453e+01,,,,5
2018-04-26 09:28:57.000000,2.608546e+07,1.818308e+07,1.239983e+02,1.409755e+06,8.848458e+01,,,,5
2018-04-26 09:28:58.000000,2.608546e+07,1.818182e+07,1.239977e+02,1.409755e+06,8.848462e+01,,,,5
2018-04-26 09:28:59.000000,2.608544e+07,1.818213e+07,1.239977e+02,1.409756e+06,8.848466e+01,,,,5
2018-04-26 09:29:00.000000,2.608545e+07,1.818094e+07,1.239971e+02,1.409756e+06,8.848471e+01,,,,5
2018-04-26 09:29:01.000000,2.608545e+07,1.818050e+07,1.239968e+02,1.409756e+06,8.848475e+01,,,,5
2018-04-26 09:29:02.000000,2.608547e+07,1.818053e+07,1.239968e+02,1.409757e+06,8.848480e+01,,,,5
2018-04-26 09:29:03.000000,2.608548e+07,1.818020e+07,1.239966e+02,1.409757e+06,8.848484e+01,,,,5
2018-04-26 09:29:04.000000,2.608548e+07,1.818140e+07,1.239972e+02,1.409758e+06,8.848488e+01,,,,5
2018-04-26 09:29:05.000000,2.608546e+07,1.818113e+07,1.239973e+02,1.409758e+06,8.848493e+01,,,,5
2018-04-26 09:29:06.000000,2.608546e+07,1.818229e+07,1.239979e+02,1.409759e+06,8.848497e+01,,,,5
2018-04-26 09:29:07.000000,2.608547e+07,1.818115e+07,1.239973e+02,1.409759e+06,8.848501e+01,,,,5
2018-04-26 09:29:08.000000,2.608549e+07,1.818312e+07,1.239984e+02,1.409760e+06,8.848505e+01,,,,5
2018-04-26 09:29:09.000000,2.608549e+07,1.818153e+07,1.239975e+02,1.409760e+06,8.848509e+01,,,,5
2018-04-26 09:29:10.000000,2.608547e+07,1.818225e+07,1.239978e+02,1.409761e+06,8.848513e+01,,,,5
2018-04-26 09:29:11.000000,2.608548e+07,1.818068e+07,1.239970e+02,1.409761e+06,8.848518e+01,,,,5
2018-04-26 09:29:12.000000,2.608549e+07,1.818061e+07,1.239969e+02,1.409762e+06,8.848521e+01,,,,5
2018-04-26 09:29:13.000000,2.608550e+07,1.818058e+07,1.239968e+02,1.409762e+06,8.848525e+01,,,,5
2018-04-26 09:29:14.000000,2.608551e+07,1.818030e+07,1.239967e+02,1.409763e+06,8.848530e+01,,,,5
2018-04-26 09:29:15.000000,2.608551e+07,1.818152e+07,1.239973e+02,1.409763e+06,8.848533e+01,,,,5
2018-04-26 09:29:16.000000,2.608549e+07,1.818123e+07,1.239973e+02,1.409764e+06,8.848538e+01,,,,5
2018-04-26 09:29:17.000000,2.608550e+07,1.818241e+07,1.239980e+02,1.409765e+06,8.848541e+01,,,,5
2018-04-26 09:29:18.000000,2.608550e+07,1.818121e+07,1.239973e+02,1.409765e+06,8.848545e+01,,,,5
2018-04-26 09:29:19.000000,2.608553e+07,1.818265e+07,1.239981e+02,1.409766e+06,8.848549e+01,,,,5
2018-04-26 09:29:20.000000,2.608552e+07,1.818158e+07,1.239975e+02,1.409766e+06,8.848553e+01,,,,5
2018-04-26 09:29:21.000000,2.608553e+07,1.818329e+07,1.239985e+02,1.409767e+06,8.848556e+01,,,,5
2018-04-26 09:29:22.000000,2.608552e+07,1.818080e+07,1.239970e+02,1.409768e+06,8.848560e+01,,,,5
2018-04-26 09:29:23.000000,2.608552e+07,1.818220e+07,1.239978e+02,1.409768e+06,8.848564e+01,,,,5
2018-04-26 09:29:24.000000,2.608554e+07,1.818051e+07,1.239968e+02,1.409769e+06,8.848568e+01,,,,5
2018-04-26 09:29:25.000000,2.608554e+07,1.818184e+07,1.239974e+02,1.409769e+06,8.848571e+01,,,,5
2018-04-26 09:29:26.000000,2.608555e+07,1.818068e+07,1.239968e+02,1.409770e+06,8.848575e+01,,,,5
2018-04-26 09:29:27.000000,2.608553e+07,1.818121e+07,1.239973e+02,1.409771e+06,8.848578e+01,,,,5
2018-04-26 09:29:28.000000,2.608553e+07,1.818155e+07,1.239975e+02,1.409771e+06,8.848582e+01,,,,5
2018-04-26 09:29:29.000000,2.608554e+07,1.818121e+07,1.239973e+02,1.409772e+06,8.848585e+01,,,,5
2018-04-26 09:29:30.000000,2.608556e+07,1.818182e+07,1.239977e+02,1.409772e+06,8.848589e+01,,,,5
2018-04-26 09:29:31.000000,2.608556e+07,1.818155e+07,1.239976e+02,1.409773e+06,8.848592e+01,,,,5
2018-04-26 09:29:32.000000,2.608556e+07,1.818337e+07,1.239986e+02,1.409774e+06,8.848596e+01,,,,5
2018-04-26 09:29:33.000000,2.608555e+07,1.818083e+07,1.239970e+02,1.409774e+06,8.848599e+01,,,,5
2018-04-26 09:29:34.000000,2.608555e+07,1.818236e+07,1.239978e+02,1.409775e+06,8.848602e+01,,,,5
2018-04-26 09:29:35.000000,2.608555e+07,1.818065e+07,1.239969e+02,1.409776e+06,8.848606e+01,,,,5
2018-04-26 09:29:36.000000,2.608558e+07,1.818205e+07,1.239976e+02,1.409776e+06,8.848609e+01,,,,5
2018-04-26 09:29:37.000000,2.608558e+07,1.818075e+07,1.239969e+02,1.409777e+06,8.848612e+01,,,,5
2018-04-26 09:29:38.000000,2.608557e+07,1.818281e+07,1.239981e+02,1.409778e+06,8.848616e+01,,,,5
2018-04-26 09:29:39.000000,2.608557e+07,1.818174e+07,1.239976e+02,1.409778e+06,8.848619e+01,,,,5
2018-04-26 09:29:40.000000,2.608557e+07,1.818127e+07,1.239973e+02,1.409779e+06,8.848622e+01,,,,5
2018-04-26 09:29:41.000000,2.608560e+07,1.818186e+07,1.239977e+02,1.409780e+06,8.848625e+01,,,,5
2018-04-26 09:29:42.000000,2.608560e+07,1.818160e+07,1.239976e+02,1.409780e+06,8.848628e+01,,,,5
2018-04-26 09:29:43.000000,2.608560e+07,1.818340e+07,1.239986e+02,1.409781e+06,8.848631e+01,,,,5
2018-04-26 09:29:44.000000,2.608559e+07,1.818091e+07,1.239971e+02,1.409782e+06,8.848634e+01,,,,5
2018-04-26 09:29:45.000000,2.608559e+07,1.818239e+07,1.239978e+02,1.409783e+06,8.848637e+01,,,,5
2018-04-26 09:29:46.000000,2.608559e+07,1.818070e+07,1.239969e+02,1.409783e+06,8.848640e+01,,,,5
2018-04-26 09:29:47.000000,2.608562e+07,1.818208e+07,1.239976e+02,1.409784e+06,8.848643e+01,,,,5
2018-04-26 09:29:48.000000,2.608562e+07,1.818082e+07,1.239969e+02,1.409785e+06,8.848646e+01,,,,5
2018-04-26 09:29:49.000000,2.608562e+07,1.818044e+07,1.239968e+02,1.409785e+06,8.848649e+01,,,,5
2018-04-26 09:29:50.000000,2.608560e+07,1.818159e+07,1.239975e+02,1.409786e+06,8.848652e+01,,,,5
2018-04-26 09:29:51.000000,2.608561e+07,1.818137e+07,1.239974e+02,1.409787e+06,8.848655e+01,,,,5
2018-04-26 09:29:52.000000,2.608564e+07,1.818194e+07,1.239978e+02,1.409788e+06,8.848658e+01,,,,5
2018-04-26 09:29:53.000000,2.608564e+07,1.818167e+07,1.239976e+02,1.409788e+06,8.848660e+01,,,,5
2018-04-26 09:29:54.000000,2.608564e+07,1.818291e+07,1.239983e+02,1.409789e+06,8.848663e+01,,,,5
2018-04-26 09:29:55.000000,2.608562e+07,1.818096e+07,1.239971e+02,1.409790e+06,8.848666e+01,,,,5
2018-04-26 09:29:56.000000,2.608563e+07,1.818195e+07,1.239977e+02,1.409791e+06,8.848669e+01,,,,5
2018-04-26 09:29:57.000000,2.608563e+07,1.818079e+07,1.239970e+02,1.409791e+06,8.848671e+01,,,,5
2018-04-26 09:29:58.000000,2.608566e+07,1.818159e+07,1.239974e+02,1.409792e+06,8.848674e+01,,,,5
2018-04-26 09:29:59.000000,2.608566e+07,1.818052e+07,1.239967e+02,1.409793e+06,8.848677e+01,,,,5
2018-04-26 09:30:00.000000,2.608566e+07,1.818210e+07,1.239976e+02,1.409794e+06,8.848679e+01,,,,5
2018-04-26 09:30:01.000000,2.608565e+07,1.818145e+07,1.239974e+02,1.409794e+06,8.848682e+01,,,,5
2018-04-26 09:30:02.000000,2.608565e+07,1.818144e+07,1.239975e+02,1.409795e+06,8.848684e+01,,,,5
2018-04-26 09:30:03.000000,2.608566e+07,1.818174e+07,1.239976e+02,1.409796e+06,8.848687e+01,,,,5
2018-04-26 09:30:04.000000,2.608568e+07,1.818177e+07,1.239977e+02,1.409797e+06,8.848689e+01,,,,5
2018-04-26 09:30:05.000000,2.608568e+07,1.818204e+07,1.239978e+02,1.409798e+06,8.848692e+01,,,,5
2018-04-26 09:30:06.000000,2.608567e+07,1.818098e+07,1.239972e+02,1.409798e+06,8.848694e+01,,,,5
2018-04-26 09:30:07.000000,2.608567e+07,1.818200e+07,1.239977e+02,1.409799e+06,8.848697e+01,,,,5
2018-04-26 09:30:08.000000,2.608568e+07,1.818081e+07,1.239970e+02,1.409800e+06,8.848699e+01,,,,5
2018-04-26 09:30:09.000000,2.608569e+07,1.818170e+07,1.239974e+02,1.409801e+06,8.848701e+01,,,,5
2018-04-26 09:30:10.000000,2.608570e+07,1.818055e+07,1.239968e+02,1.409801e+06,8.848704e+01,,,,5
2018-04-26 09:30:11.000000,2.608571e+07,1.818229e+07,1.239978e+02,1.409802e+06,8.848706e+01,,,,5
2018-04-26 09:30:12.000000,2.608569e+07,1.818152e+07,1.239974e+02,1.409803e+06,8.848708e+01,,,,5
2018-04-26 09:30:13.000000,2.608570e+07,1.818315e+07,1.239983e+02,1.409804e+06,8.848710e+01,,,,5
2018-04-26 09:30:14.000000,2.608569e+07,1.818181e+07,1.239976e+02,1.409805e+06,8.848712e+01,,,,5
2018-04-26 09:30:15.000000,2.608572e+07,1.818342e+07,1.239985e+02,1.409805e+06,8.848715e+01,,,,5
2018-04-26 09:30:16.000000,2.608573e+07,1.818220e+07,1.239979e+02,1.409806e+06,8.848717e+01,,,,5
2018-04-26 09:30:17.000000,2.608573e+07,1.818176e+07,1.239977e+02,1.409807e+06,8.848719e+01,,,,5
2018-04-26 09:30:18.000000,2.608571e+07,1.818125e+07,1.239972e+02,1.409808e+06,8.848721e+01,,,,5
2018-04-26 09:30:19.000000,2.608571e+07,1.818086e+07,1.239970e+02,1.409809e+06,8.848723e+01,,,,5
2018-04-26 09:30:20.000000,2.608574e+07,1.818089e+07,1.239970e+02,1.409810e+06,8.848725e+01,,,,5
2018-04-26 09:30:21.000000,2.608574e+07,1.818058e+07,1.239968e+02,1.409810e+06,8.848727e+01,,,,5
2018-04-26 09:30:22.000000,2.608575e+07,1.818176e+07,1.239974e+02,1.409811e+06,8.848729e+01,,,,5
2018-04-26 09:30:23.000000,2.608573e+07,1.818150e+07,1.239975e+02,1.409812e+06,8.848731e+01,,,,5
2018-04-26 09:30:24.000000,2.608573e+07,1.818265e+07,1.239981e+02,1.409813e+06,8.848733e+01,,,,5
2018-04-26 09:30:25.000000,2.608574e+07,1.818154e+07,1.239975e+02,1.409814e+06,8.848735e+01,,,,5
2018-04-26 09:30:26.000000,2.608576e+07,1.818346e+07,1.239986e+02,1.409814e+06,8.848737e+01,,,,5
2018-04-26 09:30:27.000000,2.608577e+07,1.818193e+07,1.239978e+02,1.409815e+06,8.848739e+01,,,,5
2018-04-26 09:30:28.000000,2.608577e+07,1.818189e+07,1.239978e+02,1.409816e+06,8.848741e+01,,,,5
2018-04-26 09:30:29.000000,2.608575e+07,1.818099e+07,1.239971e+02,1.409817e+06,8.848743e+01,,,,5
2018-04-26 09:30:30.000000,2.608576e+07,1.818099e+07,1.239971e+02,1.409818e+06,8.848744e+01,,,,5
2018-04-26 09:30:31.000000,2.608576e+07,1.818222e+07,1.239978e+02,1.409819e+06,8.848746e+01,,,,5
2018-04-26 09:30:32.000000,2.608579e+07,1.818078e+07,1.239970e+02,1.409819e+06,8.848748e+01,,,,5
2018-04-26 09:30:33.000000,2.608579e+07,1.818189e+07,1.239975e+02,1.409820e+06,8.848750e+01,,,,5
2018-04-26 09:30:34.000000,2.608578e+07,1.818162e+07,1.239975e+02,1.409821e+06,8.848752e+01,,,,5
2018-04-26 09:30:35.000000,2.608578e+07,1.818279e+07,1.239981e+02,1.409822e+06,8.848753e+01,,,,5
2018-04-26 09:30:36.000000,2.608578e+07,1.818161e+07,1.239975e+02,1.409823e+06,8.848755e+01,,,,5
2018-04-26 09:30:37.000000,2.608581e+07,1.818302e+07,1.239983e+02,1.409824e+06,8.848757e+01,,,,5
2018-04-26 09:30:38.000000,2.608581e+07,1.818198e+07,1.239977e+02,1.409824e+06,8.848758e+01,,,,5
2018-04-26 09:30:39.000000,2.608582e+07,1.818366e+07,1.239987e+02,1.409825e+06,8.848760e+01,,,,5
2018-04-26 09:30:40.000000,2.608580e+07,1.818123e+07,1.239972e+02,1.409826e+06,8.848761e+01,,,,5
2018-04-26 09:30:41.000000,2.608580e+07,1.818257e+07,1.239980e+02,1.409827e+06,8.848763e+01,,,,5
2018-04-26 09:30:42.000000,2.608581e+07,1.818135e+07,1.239973e+02,1.409828e+06,8.848764e+01,,,,5
2018-04-26 09:30:43.000000,2.608583e+07,1.818228e+07,1.239977e+02,1.409829e+06,8.848766e+01,,,,5
2018-04-26 09:30:44.000000,2.608584e+07,1.818110e+07,1.239970e+02,1.409830e+06,8.848767e+01,,,,5
2018-04-26 09:30:45.000000,2.608582e+07,1.818160e+07,1.239975e+02,1.409830e+06,8.848769e+01,,,,5
2018-04-26 09:30:46.000000,2.608583e+07,1.818194e+07,1.239977e+02,1.409831e+06,8.848770e+01,,,,5
2018-04-26 09:30:47.000000,2.608583e+07,1.818162e+07,1.239975e+02,1.409832e+06,8.848772e+01,,,,5
2018-04-26 09:30:48.000000,2.608585e+07,1.818221e+07,1.239979e+02,1.409833e+06,8.848773e+01,,,,5
2018-04-26 09:30:49.000000,2.608586e+07,1.818196e+07,1.239978e+02,1.409834e+06,8.848775e+01,,,,5
2018-04-26 09:30:50.000000,2.608586e+07,1.818375e+07,1.239987e+02,1.409835e+06,8.848776e+01,,,,5
2018-04-26 09:30:51.000000,2.608585e+07,1.818127e+07,1.239972e+02,1.409836e+06,8.848777e+01,,,,5
2018-04-26 09:30:52.000000,2.608585e+07,1.818275e+07,1.239980e+02,1.409836e+06,8.848779e+01,,,,5
2018-04-26 09:30:53.000000,2.608585e+07,1.818108e+07,1.239971e+02,1.409837e+06,8.848780e+01,,,,5
2018-04-26 09:30:54.000000,2.608588e+07,1.818244e+07,1.239978e+02,1.409838e+06,8.848781e+01,,,,5
2018-04-26 09:30:55.000000,2.608588e+07,1.818118e+07,1.239971e+02,1.409839e+06,8.848782e+01,,,,5
2018-04-26 09:30:56.000000,2.608589e+07,1.818080e+07,1.239969e+02,1.409840e+06,8.848784e+01,,,,5
2018-04-26 09:30:57.000000,2.608587e+07,1.818195e+07,1.239976e+02,1.409841e+06,8.848785e+01,,,,5
2018-04-26 09:30:58.000000,2.608588e+07,1.818174e+07,1.239976e+02,1.409841e+06,8.848786e+01,,,,5
2018-04-26 09:30:59.000000,2.608590e+07,1.818231e+07,1.239980e+02,1.409842e+06,8.848787e+01,,,,5
2018-04-26 09:31:00.000000,2.608590e+07,1.818204e+07,1.239978e+02,1.409843e+06,8.848789e+01,,,,5
2018-04-26 09:31:01.000000,2.608591e+07,1.818327e+07,1.239985e+02,1.409844e+06,8.848790e+01,,,,5
2018-04-26 09:31:02.000000,2.608589e+07,1.818133e+07,1.239972e+02,1.409845e+06,8.848791e+01,,,,5
2018-04-26 09:31:03.000000,2.608590e+07,1.818281e+07,1.239980e+02,1.409846e+06,8.848792e+01,,,,5
2018-04-26 09:31:04.000000,2.608590e+07,1.818115e+07,1.239971e+02,1.409847e+06,8.848793e+01,,,,5
2018-04-26 09:31:05.000000,2.608592e+07,1.818250e+07,1.239978e+02,1.409848e+06,8.848794e+01,,,,5
2018-04-26 09:31:06.000000,2.608593e+07,1.818126e+07,1.239972e+02,1.409848e+06,8.848795e+01,,,,5
2018-04-26 09:31:07.000000,2.608594e+07,1.818086e+07,1.239969e+02,1.409849e+06,8.848796e+01,,,,5
2018-04-26 09:31:08.000000,2.608592e+07,1.818201e+07,1.239976e+02,1.409850e+06,8.848797e+01,,,,5
2018-04-26 09:31:09.000000,2.608592e+07,1.818181e+07,1.239976e+02,1.409851e+06,8.848798e+01,,,,5
2018-04-26 09:31:10.000000,2.608593e+07,1.818307e+07,1.239983e+02,1.409852e+06,8.848799e+01,,,,5
2018-04-26 09:31:11.000000,2.608595e+07,1.818215e+07,1.239978e+02,1.409853e+06,8.848800e+01,,,,5
2018-04-26 09:31:12.000000,2.608596e+07,1.818333e+07,1.239985e+02,1.409853e+06,8.848801e+01,,,,5
2018-04-26 09:31:13.000000,2.608594e+07,1.818141e+07,1.239973e+02,1.409854e+06,8.848802e+01,,,,5
2018-04-26 09:31:14.000000,2.608595e+07,1.818236e+07,1.239978e+02,1.409855e+06,8.848803e+01,,,,5
2018-04-26 09:31:15.000000,2.608595e+07,1.818124e+07,1.239972e+02,1.409856e+06,8.848804e+01,,,,5
2018-04-26 09:31:16.000000,2.608597e+07,1.818202e+07,1.239976e+02,1.409857e+06,8.848805e+01,,,,5
2018-04-26 09:31:17.000000,2.608598e+07,1.818098e+07,1.239970e+02,1.409858e+06,8.848806e+01,,,,5
2018-04-26 09:31:18.000000,2.608598e+07,1.818252e+07,1.239978e+02,1.409858e+06,8.848807e+01,,,,5
2018-04-26 09:31:19.000000,2.608597e+07,1.818189e+07,1.239976e+02,1.409859e+06,8.848808e+01,,,,5
2018-04-26 09:31:20.000000,2.608597e+07,1.818188e+07,1.239976e+02,1.409860e+06,8.848808e+01,,,,5
2018-04-26 09:31:21.000000,2.608598e+07,1.818218e+07,1.239977e+02,1.409861e+06,8.848809e+01,,,,5
2018-04-26 09:31:22.000000,2.608600e+07,1.818221e+07,1.239979e+02,1.409862e+06,8.848810e+01,,,,5
2018-04-26 09:31:23.000000,2.608600e+07,1.818248e+07,1.239980e+02,1.409863e+06,8.848811e+01,,,,5
2018-04-26 09:31:24.000000,2.608601e+07,1.818215e+07,1.239978e+02,1.409864e+06,8.848812e+01,,,,5
2018-04-26 09:31:25.000000,2.608599e+07,1.818251e+07,1.239979e+02,1.409864e+06,8.848812e+01,,,,5
2018-04-26 09:31:26.000000,2.608600e+07,1.818128e+07,1.239972e+02,1.409865e+06,8.848813e+01,,,,5
2018-04-26 09:31:27.000000,2.608602e+07,1.818214e+07,1.239976e+02,1.409866e+06,8.848814e+01,,,,5
2018-04-26 09:31:28.000000,2.608603e+07,1.818101e+07,1.239970e+02,1.409867e+06,8.848815e+01,,,,5
2018-04-26 09:31:29.000000,2.608603e+07,1.818272e+07,1.239979e+02,1.409868e+06,8.848815e+01,,,,5
2018-04-26 09:31:30.000000,2.608602e+07,1.818198e+07,1.239976e+02,1.409869e+06,8.848816e+01,,,,5
2018-04-26 09:31:31.000000,2.608602e+07,1.818358e+07,1.239985e+02,1.409869e+06,8.848817e+01,,,,5
2018-04-26 09:31:32.000000,2.608602e+07,1.818228e+07,1.239978e+02,1.409870e+06,8.848817e+01,,,,5
2018-04-26 09:31:33.000000,2.608605e+07,1.818386e+07,1.239987e+02,1.409871e+06,8.848818e+01,,,,5
2018-04-26 09:31:34.000000,2.608606e+07,1.818268e+07,1.239981e+02,1.409872e+06,8.848819e+01,,,,5
2018-04-26 09:31:35.000000,2.608606e+07,1.818221e+07,1.239978e+02,1.409873e+06,8.848819e+01,,,,5
2018-04-26 09:31:36.000000,2.608605e+07,1.818171e+07,1.239974e+02,1.409874e+06,8.848820e+01,,,,5
2018-04-26 09:31:37.000000,2.608605e+07,1.818133e+07,1.239972e+02,1.409874e+06,8.848821e+01,,,,5
2018-04-26 09:31:38.000000,2.608606e+07,1.818260e+07,1.239979e+02,1.409875e+06,8.848821e+01,,,,5
2018-04-26 09:31:39.000000,2.608608e+07,1.818113e+07,1.239971e+02,1.409876e+06,8.848822e+01,,,,5
2018-04-26 09:31:40.000000,2.608608e+07,1.818220e+07,1.239976e+02,1.409877e+06,8.848822e+01,,,,5
2018-04-26 09:31:41.000000,2.608607e+07,1.818196e+07,1.239976e+02,1.409878e+06,8.848823e+01,,,,5
2018-04-26 09:31:42.000000,2.608607e+07,1.818310e+07,1.239982e+02,1.409878e+06,8.848824e+01,,,,5
2018-04-26 09:31:43.000000,2.608608e+07,1.818201e+07,1.239976e+02,1.409879e+06,8.848824e+01,,,,5
2018-04-26 09:31:44.000000,2.608610e+07,1.818390e+07,1.239987e+02,1.409880e+06,8.848825e+01,,,,5
2018-04-26 09:31:45.000000,2.608611e+07,1.818241e+07,1.239980e+02,1.409881e+06,8.848825e+01,,,,5
2018-04-26 09:31:46.000000,2.608611e+07,1.818235e+07,1.239979e+02,1.409882e+06,8.848826e+01,,,,5
2018-04-26 09:31:47.000000,2.608609e+07,1.818146e+07,1.239973e+02,1.409883e+06,8.848826e+01,,,,5
2018-04-26 09:31:48.000000,2.608610e+07,1.818145e+07,1.239973e+02,1.409883e+06,8.848827e+01,,,,5
2018-04-26 09:31:49.000000,2.608610e+07,1.818268e+07,1.239979e+02,1.409884e+06,8.848827e+01,,,,5
2018-04-26 09:31:50.000000,2.608613e+07,1.818126e+07,1.239971e+02,1.409885e+06,8.848828e+01,,,,5
2018-04-26 09:31:51.000000,2.608613e+07,1.818233e+07,1.239977e+02,1.409886e+06,8.848828e+01,,,,5
2018-04-26 09:31:52.000000,2.608614e+07,1.818106e+07,1.239970e+02,1.409887e+06,8.848829e+01,,,,5
2018-04-26 09:31:53.000000,2.608613e+07,1.818317e+07,1.239982e+02,1.409887e+06,8.848829e+01,,,,5
2018-04-26 09:31:54.000000,2.608613e+07,1.818209e+07,1.239976e+02,1.409888e+06,8.848830e+01,,,,5
2018-04-26 09:31:55.000000,2.608615e+07,1.818348e+07,1.239985e+02,1.409889e+06,8.848830e+01,,,,5
2018-04-26 09:31:56.000000,2.608615e+07,1.818246e+07,1.239980e+02,1.409890e+06,8.848831e+01,,,,5
2018-04-26 09:31:57.000000,2.608616e+07,1.818411e+07,1.239989e+02,1.409891e+06,8.848831e+01,,,,5
2018-04-26 09:31:58.000000,2.608615e+07,1.818172e+07,1.239974e+02,1.409891e+06,8.848831e+01,,,,5
2018-04-26 09:31:59.000000,2.608615e+07,1.818303e+07,1.239980e+02,1.409892e+06,8.848832e+01,,,,5
2018-04-26 09:32:00.000000,2.608616e+07,1.818184e+07,1.239974e+02,1.409893e+06,8.848832e+01,,,,5
2018-04-26 09:32:01.000000,2.608618e+07,1.818274e+07,1.239979e+02,1.409894e+06,8.848833e+01,,,,5
2018-04-26 09:32:02.000000,2.608619e+07,1.818158e+07,1.239972e+02,1.409894e+06,8.848833e+01,,,,5
2018-04-26 09:32:03.000000,2.608619e+07,1.818116e+07,1.239970e+02,1.409895e+06,8.848833e+01,,,,5
2018-04-26 09:32:04.000000,2.608618e+07,1.818234e+07,1.239977e+02,1.409896e+06,8.848834e+01,,,,5
2018-04-26 09:32:05.000000,2.608618e+07,1.818210e+07,1.239977e+02,1.409897e+06,8.848834e+01,,,,5
2018-04-26 09:32:06.000000,2.608618e+07,1.818334e+07,1.239983e+02,1.409898e+06,8.848835e+01,,,,5
2018-04-26 09:32:07.000000,2.608621e+07,1.818249e+07,1.239979e+02,1.409898e+06,8.848835e+01,,,,5
2018-04-26 09:32:08.000000,2.608621e+07,1.818419e+07,1.239989e+02,1.409899e+06,8.848835e+01,,,,5
2018-04-26 09:32:09.000000,2.608620e+07,1.818178e+07,1.239974e+02,1.409900e+06,8.848836e+01,,,,5
2018-04-26 09:32:10.000000,2.608620e+07,1.818321e+07,1.239981e+02,1.409901e+06,8.848836e+01,,,,5
2018-04-26 09:32:11.000000,2.608621e+07,1.818158e+07,1.239972e+02,1.409901e+06,8.848836e+01,,,,5
2018-04-26 09:32:12.000000,2.608624e+07,1.818291e+07,1.239979e+02,1.409902e+06,8.848837e+01,,,,5
2018-04-26 09:32:13.000000,2.608624e+07,1.818167e+07,1.239973e+02,1.409903e+06,8.848837e+01,,,,5
2018-04-26 09:32:14.000000,2.608624e+07,1.818129e+07,1.239971e+02,1.409904e+06,8.848837e+01,,,,5
2018-04-26 09:32:15.000000,2.608623e+07,1.818242e+07,1.239978e+02,1.409904e+06,8.848838e+01,,,,5
2018-04-26 09:32:16.000000,2.608623e+07,1.818223e+07,1.239977e+02,1.409905e+06,8.848838e+01,,,,5
2018-04-26 09:32:17.000000,2.608624e+07,1.818348e+07,1.239984e+02,1.409906e+06,8.848838e+01,,,,5
2018-04-26 09:32:18.000000,2.608626e+07,1.818257e+07,1.239979e+02,1.409907e+06,8.848839e+01,,,,5
2018-04-26 09:32:19.000000,2.608627e+07,1.818374e+07,1.239986e+02,1.409907e+06,8.848839e+01,,,,5
2018-04-26 09:32:20.000000,2.608627e+07,1.818252e+07,1.239979e+02,1.409908e+06,8.848839e+01,,,,5
2018-04-26 09:32:21.000000,2.608626e+07,1.818285e+07,1.239980e+02,1.409909e+06,8.848840e+01,,,,5
2018-04-26 09:32:22.000000,2.608626e+07,1.818166e+07,1.239973e+02,1.409910e+06,8.848840e+01,,,,5
2018-04-26 09:32:23.000000,2.608629e+07,1.818244e+07,1.239977e+02,1.409910e+06,8.848840e+01,,,,5
2018-04-26 09:32:24.000000,2.608629e+07,1.818140e+07,1.239971e+02,1.409911e+06,8.848840e+01,,,,5
2018-04-26 09:32:25.000000,2.608629e+07,1.818293e+07,1.239979e+02,1.409912e+06,8.848841e+01,,,,5
2018-04-26 09:32:26.000000,2.608628e+07,1.818231e+07,1.239977e+02,1.409913e+06,8.848841e+01,,,,5
2018-04-26 09:32:27.000000,2.608629e+07,1.818230e+07,1.239977e+02,1.409913e+06,8.848841e+01,,,,5
2018-04-26 09:32:28.000000,2.608629e+07,1.818259e+07,1.239979e+02,1.409914e+06,8.848842e+01,,,,5
2018-04-26 09:32:29.000000,2.608631e+07,1.818263e+07,1.239980e+02,1.409915e+06,8.848842e+01,,,,5
2018-04-26 09:32:30.000000,2.608632e+07,1.818290e+07,1.239981e+02,1.409915e+06,8.848842e+01,,,,5
2018-04-26 09:32:31.000000,2.608633e+07,1.818257e+07,1.239979e+02,1.409916e+06,8.848842e+01,,,,5
2018-04-26 09:32:32.000000,2.608631e+07,1.818293e+07,1.239980e+02,1.409917e+06,8.848843e+01,,,,5
2018-04-26 09:32:33.000000,2.608632e+07,1.818170e+07,1.239973e+02,1.409918e+06,8.848843e+01,,,,5
2018-04-26 09:32:34.000000,2.608634e+07,1.818256e+07,1.239977e+02,1.409918e+06,8.848843e+01,,,,5
2018-04-26 09:32:35.000000,2.608634e+07,1.818145e+07,1.239971e+02,1.409919e+06,8.848843e+01,,,,5
2018-04-26 09:32:36.000000,2.608635e+07,1.818315e+07,1.239980e+02,1.409920e+06,8.848844e+01,,,,5
2018-04-26 09:32:37.000000,2.608633e+07,1.818241e+07,1.239977e+02,1.409920e+06,8.848844e+01,,,,5
2018-04-26 09:32:38.000000,2.608634e+07,1.818398e+07,1.239986e+02,1.409921e+06,8.848844e+01,,,,5
2018-04-26 09:32:39.000000,2.608634e+07,1.818271e+07,1.239979e+02,1.409922e+06,8.848845e+01,,,,5
2018-04-26 09:32:40.000000,2.608637e+07,1.818271e+07,1.239980e+02,1.409923e+06,8.848845e+01,,,,5
2018-04-26 09:32:41.000000,2.608637e+07,1.818296e+07,1.239981e+02,1.409923e+06,8.848845e+01,,,,5
2018-04-26 09:32:42.000000,2.608637e+07,1.818265e+07,1.239980e+02,1.409924e+06,8.848845e+01,,,,5
2018-04-26 09:32:43.000000,2.608636e+07,1.818300e+07,1.239980e+02,1.409925e+06,8.848846e+01,,,,5
2018-04-26 09:32:44.000000,2.608637e+07,1.818178e+07,1.239973e+02,1.409925e+06,8.848846e+01,,,,5
2018-04-26 09:32:45.000000,2.608637e+07,1.818355e+07,1.239983e+02,1.409926e+06,8.848846e+01,,,,5
2018-04-26 09:32:46.000000,2.608640e+07,1.818157e+07,1.239972e+02,1.409927e+06,8.848846e+01,,,,5
2018-04-26 09:32:47.000000,2.608640e+07,1.818320e+07,1.239981e+02,1.409927e+06,8.848847e+01,,,,5
2018-04-26 09:32:48.000000,2.608639e+07,1.818249e+07,1.239977e+02,1.409928e+06,8.848847e+01,,,,5
2018-04-26 09:32:49.000000,2.608639e+07,1.818405e+07,1.239986e+02,1.409929e+06,8.848847e+01,,,,5
2018-04-26 09:32:50.000000,2.608639e+07,1.818279e+07,1.239979e+02,1.409929e+06,8.848847e+01,,,,5
2018-04-26 09:32:51.000000,2.608642e+07,1.818434e+07,1.239988e+02,1.409930e+06,8.848848e+01,,,,5
2018-04-26 09:32:52.000000,2.608643e+07,1.818319e+07,1.239983e+02,1.409931e+06,8.848848e+01,,,,5
2018-04-26 09:32:53.000000,2.608643e+07,1.818272e+07,1.239980e+02,1.409931e+06,8.848848e+01,,,,5
2018-04-26 09:32:54.000000,2.608642e+07,1.818221e+07,1.239975e+02,1.409932e+06,8.848848e+01,,,,5
2018-04-26 09:32:55.000000,2.608642e+07,1.818183e+07,1.239973e+02,1.409933e+06,8.848849e+01,,,,5
2018-04-26 09:32:56.000000,2.608643e+07,1.818309e+07,1.239980e+02,1.409933e+06,8.848849e+01,,,,5
2018-04-26 09:32:57.000000,2.608645e+07,1.818164e+07,1.239972e+02,1.409934e+06,8.848849e+01,,,,5
2018-04-26 09:32:58.000000,2.608645e+07,1.818269e+07,1.239977e+02,1.409935e+06,8.848850e+01,,,,5
2018-04-26 09:32:59.000000,2.608646e+07,1.818155e+07,1.239971e+02,1.409935e+06,8.848850e+01,,,,5
2018-04-26 09:33:00.000000,2.608644e+07,1.818353e+07,1.239983e+02,1.409936e+06,8.848850e+01,,,,5
2018-04-26 09:33:01.000000,2.608645e+07,1.818252e+07,1.239977e+02,1.409937e+06,8.848850e+01,,,,5
2018-04-26 09:33:02.000000,2.608647e+07,1.818438e+07,1.239989e+02,1.409937e+06,8.848851e+01,,,,5
2018-04-26 09:33:03.000000,2.608648e+07,1.818292e+07,1.239981e+02,1.409938e+06,8.848851e+01,,,,5
2018-04-26 09:33:04.000000,2.608648e+07,1.818286e+07,1.239980e+02,1.409938e+06,8.848851e+01,,,,5
2018-04-26 09:33:05.000000,2.608647e+07,1.818197e+07,1.239974e+02,1.409939e+06,8.848852e+01,,,,5
2018-04-26 09:33:06.000000,2.608648e+07,1.818194e+07,1.239974e+02,1.409940e+06,8.848852e+01,,,,5
2018-04-26 09:33:07.000000,2.608648e+07,1.818316e+07,1.239980e+02,1.409940e+06,8.848852e+01,,,,5
2018-04-26 09:33:08.000000,2.608651e+07,1.818177e+07,1.239972e+02,1.409941e+06,8.848852e+01,,,,5
2018-04-26 09:33:09.000000,2.608651e+07,1.818282e+07,1.239978e+02,1.409942e+06,8.848853e+01,,,,5
2018-04-26 09:33:10.000000,2.608651e+07,1.818158e+07,1.239971e+02,1.409942e+06,8.848853e+01,,,,5
2018-04-26 09:33:11.000000,2.608650e+07,1.818366e+07,1.239984e+02,1.409943e+06,8.848853e+01,,,,5
2018-04-26 09:33:12.000000,2.608650e+07,1.818261e+07,1.239978e+02,1.409943e+06,8.848854e+01,,,,5
2018-04-26 09:33:13.000000,2.608651e+07,1.818434e+07,1.239987e+02,1.409944e+06,8.848854e+01,,,,5
2018-04-26 09:33:14.000000,2.608653e+07,1.818299e+07,1.239981e+02,1.409945e+06,8.848854e+01,,,,5
2018-04-26 09:33:15.000000,2.608654e+07,1.818460e+07,1.239990e+02,1.409945e+06,8.848855e+01,,,,5
2018-04-26 09:33:16.000000,2.608653e+07,1.818225e+07,1.239976e+02,1.409946e+06,8.848855e+01,,,,5
2018-04-26 09:33:17.000000,2.608653e+07,1.818352e+07,1.239981e+02,1.409946e+06,8.848855e+01,,,,5
2018-04-26 09:33:18.000000,2.608653e+07,1.818236e+07,1.239975e+02,1.409947e+06,8.848856e+01,,,,5
2018-04-26 09:33:19.000000,2.608655e+07,1.818323e+07,1.239979e+02,1.409948e+06,8.848856e+01,,,,5
2018-04-26 09:33:20.000000,2.608656e+07,1.818209e+07,1.239973e+02,1.409948e+06,8.848856e+01,,,,5
2018-04-26 09:33:21.000000,2.608657e+07,1.818167e+07,1.239971e+02,1.409949e+06,8.848857e+01,,,,5
2018-04-26 09:33:22.000000,2.608655e+07,1.818283e+07,1.239978e+02,1.409949e+06,8.848857e+01,,,,5
2018-04-26 09:33:23.000000,2.608656e+07,1.818261e+07,1.239978e+02,1.409950e+06,8.848857e+01,,,,5
2018-04-26 09:33:24.000000,2.608656e+07,1.818384e+07,1.239984e+02,1.409951e+06,8.848858e+01,,,,5
2018-04-26 09:33:25.000000,2.608659e+07,1.818300e+07,1.239980e+02,1.409951e+06,8.848858e+01,,,,5
2018-04-26 09:33:26.000000,2.608659e+07,1.818467e+07,1.239989e+02,1.409952e+06,8.848858e+01,,,,5
2018-04-26 09:33:27.000000,2.608660e+07,1.818295e+07,1.239980e+02,1.409952e+06,8.848859e+01,,,,5
2018-04-26 09:33:28.000000,2.608658e+07,1.818378e+07,1.239983e+02,1.409953e+06,8.848859e+01,,,,5
2018-04-26 09:33:29.000000,2.608658e+07,1.818211e+07,1.239974e+02,1.409953e+06,8.848859e+01,,,,5
2018-04-26 09:33:30.000000,2.608661e+07,1.818340e+07,1.239980e+02,1.409954e+06,8.848860e+01,,,,5
2018-04-26 09:33:31.000000,2.608661e+07,1.818220e+07,1.239974e+02,1.409955e+06,8.848860e+01,,,,5
2018-04-26 09:33:32.000000,2.608662e+07,1.818180e+07,1.239972e+02,1.409955e+06,8.848861e+01,,,,5
2018-04-26 09:33:33.000000,2.608660e+07,1.818291e+07,1.239979e+02,1.409956e+06,8.848861e+01,,,,5
2018-04-26 09:33:34.000000,2.608661e+07,1.818274e+07,1.239978e+02,1.409956e+06,8.848861e+01,,,,5
2018-04-26 09:33:35.000000,2.608662e+07,1.818397e+07,1.239985e+02,1.409957e+06,8.848862e+01,,,,5
2018-04-26 09:33:36.000000,2.608664e+07,1.818309e+07,1.239980e+02,1.409957e+06,8.848862e+01,,,,5
2018-04-26 09:33:37.000000,2.608665e+07,1.818423e+07,1.239987e+02,1.409958e+06,8.848863e+01,,,,5
2018-04-26 09:33:38.000000,2.608665e+07,1.818304e+07,1.239980e+02,1.409959e+06,8.848863e+01,,,,5
2018-04-26 09:33:39.000000,2.608664e+07,1.818335e+07,1.239981e+02,1.409959e+06,8.848864e+01,,,,5
2018-04-26 09:33:40.000000,2.608664e+07,1.818218e+07,1.239974e+02,1.409960e+06,8.848864e+01,,,,5
2018-04-26 09:33:41.000000,2.608665e+07,1.818379e+07,1.239983e+02,1.409960e+06,8.848864e+01,,,,5
2018-04-26 09:33:42.000000,2.608667e+07,1.818197e+07,1.239972e+02,1.409961e+06,8.848865e+01,,,,5
2018-04-26 09:33:43.000000,2.608667e+07,1.818342e+07,1.239980e+02,1.409961e+06,8.848865e+01,,,,5
2018-04-26 09:33:44.000000,2.608666e+07,1.818283e+07,1.239978e+02,1.409962e+06,8.848866e+01,,,,5
2018-04-26 09:33:45.000000,2.608667e+07,1.818281e+07,1.239978e+02,1.409962e+06,8.848866e+01,,,,5
2018-04-26 09:33:46.000000,2.608667e+07,1.818310e+07,1.239980e+02,1.409963e+06,8.848867e+01,,,,5
2018-04-26 09:33:47.000000,2.608669e+07,1.818314e+07,1.239981e+02,1.409963e+06,8.848867e+01,,,,5
2018-04-26 09:33:48.000000,2.608670e+07,1.818340e+07,1.239982e+02,1.409964e+06,8.848868e+01,,,,5
2018-04-26 09:33:49.000000,2.608671e+07,1.818309e+07,1.239980e+02,1.409964e+06,8.848868e+01,,,,5
2018-04-26 09:33:50.000000,2.608669e+07,1.818344e+07,1.239981e+02,1.409965e+06,8.848869e+01,,,,5
2018-04-26 09:33:51.000000,2.608670e+07,1.818222e+07,1.239974e+02,1.409965e+06,8.848869e+01,,,,5
2018-04-26 09:33:52.000000,2.608670e+07,1.818399e+07,1.239984e+02,1.409966e+06,8.848870e+01,,,,5
2018-04-26 09:33:53.000000,2.608672e+07,1.818203e+07,1.239972e+02,1.409967e+06,8.848870e+01,,,,5
2018-04-26 09:33:54.000000,2.608673e+07,1.818363e+07,1.239981e+02,1.409967e+06,8.848871e+01,,,,5
2018-04-26 09:33:55.000000,2.608673e+07,1.818224e+07,1.239973e+02,1.409967e+06,8.848871e+01,,,,5
2018-04-26 09:33:56.000000,2.608672e+07,1.818444e+07,1.239987e+02,1.409968e+06,8.848872e+01,,,,5
2018-04-26 09:33:57.000000,2.608672e+07,1.818324e+07,1.239980e+02,1.409969e+06,8.848872e+01,,,,5
2018-04-26 09:33:58.000000,2.608675e+07,1.818477e+07,1.239989e+02,1.409969e+06,8.848873e+01,,,,5
2018-04-26 09:33:59.000000,2.608675e+07,1.818362e+07,1.239983e+02,1.409970e+06,8.848873e+01,,,,5
2018-04-26 09:34:00.000000,2.608676e+07,1.818316e+07,1.239980e+02,1.409970e+06,8.848874e+01,,,,5
2018-04-26 09:34:01.000000,2.608675e+07,1.818265e+07,1.239976e+02,1.409971e+06,8.848875e+01,,,,5
2018-04-26 09:34:02.000000,2.608674e+07,1.818226e+07,1.239974e+02,1.409971e+06,8.848875e+01,,,,5
2018-04-26 09:34:03.000000,2.608675e+07,1.818351e+07,1.239981e+02,1.409972e+06,8.848876e+01,,,,5
2018-04-26 09:34:04.000000,2.608678e+07,1.818207e+07,1.239973e+02,1.409972e+06,8.848876e+01,,,,5
2018-04-26 09:34:05.000000,2.608678e+07,1.818312e+07,1.239978e+02,1.409972e+06,8.848877e+01,,,,5
2018-04-26 09:34:06.000000,2.608679e+07,1.818199e+07,1.239972e+02,1.409973e+06,8.848877e+01,,,,5
2018-04-26 09:34:07.000000,2.608677e+07,1.818397e+07,1.239984e+02,1.409973e+06,8.848878e+01,,,,5
2018-04-26 09:34:08.000000,2.608678e+07,1.818296e+07,1.239978e+02,1.409974e+06,8.848879e+01,,,,5
2018-04-26 09:34:09.000000,2.608680e+07,1.818481e+07,1.239989e+02,1.409974e+06,8.848879e+01,,,,5
2018-04-26 09:34:10.000000,2.608681e+07,1.818338e+07,1.239981e+02,1.409975e+06,8.848880e+01,,,,5
2018-04-26 09:34:11.000000,2.608681e+07,1.818329e+07,1.239981e+02,1.409975e+06,8.848881e+01,,,,5
2018-04-26 09:34:12.000000,2.608680e+07,1.818241e+07,1.239975e+02,1.409976e+06,8.848881e+01,,,,5
2018-04-26 09:34:13.000000,2.608681e+07,1.818238e+07,1.239975e+02,1.409976e+06,8.848882e+01,,,,5
2018-04-26 09:34:14.000000,2.608681e+07,1.818359e+07,1.239981e+02,1.409977e+06,8.848883e+01,,,,5
2018-04-26 09:34:15.000000,2.608683e+07,1.818221e+07,1.239973e+02,1.409977e+06,8.848883e+01,,,,5
2018-04-26 09:34:16.000000,2.608683e+07,1.818326e+07,1.239979e+02,1.409978e+06,8.848884e+01,,,,5
2018-04-26 09:34:17.000000,2.608684e+07,1.818203e+07,1.239972e+02,1.409978e+06,8.848885e+01,,,,5
2018-04-26 09:34:18.000000,2.608683e+07,1.818409e+07,1.239984e+02,1.409979e+06,8.848885e+01,,,,5
2018-04-26 09:34:19.000000,2.608683e+07,1.818305e+07,1.239978e+02,1.409979e+06,8.848886e+01,,,,5
2018-04-26 09:34:20.000000,2.608684e+07,1.818476e+07,1.239988e+02,1.409980e+06,8.848887e+01,,,,5
2018-04-26 09:34:21.000000,2.608686e+07,1.818342e+07,1.239982e+02,1.409980e+06,8.848887e+01,,,,5
2018-04-26 09:34:22.000000,2.608686e+07,1.818503e+07,1.239990e+02,1.409980e+06,8.848888e+01,,,,5
2018-04-26 09:34:23.000000,2.608685e+07,1.818269e+07,1.239976e+02,1.409981e+06,8.848889e+01,,,,5
2018-04-26 09:34:24.000000,2.608685e+07,1.818393e+07,1.239982e+02,1.409981e+06,8.848890e+01,,,,5
2018-04-26 09:34:25.000000,2.608686e+07,1.818276e+07,1.239976e+02,1.409982e+06,8.848890e+01,,,,5
2018-04-26 09:34:26.000000,2.608687e+07,1.818362e+07,1.239980e+02,1.409982e+06,8.848891e+01,,,,5
2018-04-26 09:34:27.000000,2.608688e+07,1.818249e+07,1.239974e+02,1.409983e+06,8.848892e+01,,,,5
2018-04-26 09:34:28.000000,2.608688e+07,1.818204e+07,1.239972e+02,1.409983e+06,8.848892e+01,,,,5
2018-04-26 09:34:29.000000,2.608686e+07,1.818319e+07,1.239979e+02,1.409984e+06,8.848893e+01,,,,5
2018-04-26 09:34:30.000000,2.608686e+07,1.818297e+07,1.239978e+02,1.409984e+06,8.848894e+01,,,,5
2018-04-26 09:34:31.000000,2.608686e+07,1.818479e+07,1.239988e+02,1.409984e+06,8.848895e+01,,,,5
2018-04-26 09:34:32.000000,2.608688e+07,1.818343e+07,1.239981e+02,1.409985e+06,8.848896e+01,,,,5
2018-04-26 09:34:33.000000,2.608688e+07,1.818501e+07,1.239989e+02,1.409985e+06,8.848896e+01,,,,5
2018-04-26 09:34:34.000000,2.608688e+07,1.818367e+07,1.239982e+02,1.409986e+06,8.848897e+01,,,,5
2018-04-26 09:34:35.000000,2.608687e+07,1.818402e+07,1.239983e+02,1.409986e+06,8.848898e+01,,,,5
2018-04-26 09:34:36.000000,2.608687e+07,1.818278e+07,1.239976e+02,1.409987e+06,8.848899e+01,,,,5
2018-04-26 09:34:37.000000,2.608688e+07,1.818363e+07,1.239980e+02,1.409987e+06,8.848900e+01,,,,5
2018-04-26 09:34:38.000000,2.608689e+07,1.818252e+07,1.239974e+02,1.409987e+06,8.848900e+01,,,,5
2018-04-26 09:34:39.000000,2.608689e+07,1.818208e+07,1.239971e+02,1.409988e+06,8.848901e+01,,,,5
2018-04-26 09:34:40.000000,2.608688e+07,1.818323e+07,1.239979e+02,1.409988e+06,8.848902e+01,,,,5
2018-04-26 09:34:41.000000,2.608688e+07,1.818301e+07,1.239978e+02,1.409989e+06,8.848903e+01,,,,5
2018-04-26 09:34:42.000000,2.608688e+07,1.818422e+07,1.239984e+02,1.409989e+06,8.848904e+01,,,,5
2018-04-26 09:34:43.000000,2.608690e+07,1.818341e+07,1.239980e+02,1.409990e+06,8.848905e+01,,,,5
2018-04-26 09:34:44.000000,2.608690e+07,1.818505e+07,1.239989e+02,1.409990e+06,8.848906e+01,,,,5
2018-04-26 09:34:45.000000,2.608691e+07,1.818337e+07,1.239980e+02,1.409990e+06,8.848906e+01,,,,5
2018-04-26 09:34:46.000000,2.608689e+07,1.818418e+07,1.239984e+02,1.409991e+06,8.848907e+01,,,,5
2018-04-26 09:34:47.000000,2.608689e+07,1.818252e+07,1.239975e+02,1.409991e+06,8.848908e+01,,,,5
2018-04-26 09:34:48.000000,2.608690e+07,1.818251e+07,1.239974e+02,1.409992e+06,8.848909e+01,,,,5
2018-04-26 09:34:49.000000,2.608692e+07,1.818248e+07,1.239973e+02,1.409992e+06,8.848910e+01,,,,5
2018-04-26 09:34:50.000000,2.608693e+07,1.818219e+07,1.239972e+02,1.409992e+06,8.848911e+01,,,,5
2018-04-26 09:34:51.000000,2.608690e+07,1.818328e+07,1.239979e+02,1.409993e+06,8.848912e+01,,,,5
2018-04-26 09:34:52.000000,2.608691e+07,1.818313e+07,1.239978e+02,1.409993e+06,8.848913e+01,,,,5
2018-04-26 09:34:53.000000,2.608692e+07,1.818435e+07,1.239985e+02,1.409994e+06,8.848914e+01,,,,5
2018-04-26 09:34:54.000000,2.608694e+07,1.818348e+07,1.239981e+02,1.409994e+06,8.848915e+01,,,,5
2018-04-26 09:34:55.000000,2.608694e+07,1.818461e+07,1.239987e+02,1.409994e+06,8.848916e+01,,,,5
2018-04-26 09:34:56.000000,2.608694e+07,1.818345e+07,1.239980e+02,1.409995e+06,8.848917e+01,,,,5
2018-04-26 09:34:57.000000,2.608693e+07,1.818374e+07,1.239981e+02,1.409995e+06,8.848918e+01,,,,5
2018-04-26 09:34:58.000000,2.608694e+07,1.818258e+07,1.239974e+02,1.409996e+06,8.848919e+01,,,,5
2018-04-26 09:34:59.000000,2.608694e+07,1.818416e+07,1.239983e+02,1.409996e+06,8.848920e+01,,,,5
2018-04-26 09:35:00.000000,2.608696e+07,1.818236e+07,1.239973e+02,1.409996e+06,8.848921e+01,,,,5
2018-04-26 09:35:01.000000,2.608696e+07,1.818378e+07,1.239980e+02,1.409997e+06,8.848922e+01,,,,5
2018-04-26 09:35:02.000000,2.608697e+07,1.818255e+07,1.239973e+02,1.409997e+06,8.848923e+01,,,,5
2018-04-26 09:35:03.000000,2.608696e+07,1.818314e+07,1.239979e+02,1.409997e+06,8.848924e+01,,,,5
2018-04-26 09:35:04.000000,2.608696e+07,1.818348e+07,1.239980e+02,1.409998e+06,8.848925e+01,,,,5
2018-04-26 09:35:05.000000,2.608698e+07,1.818352e+07,1.239981e+02,1.409998e+06,8.848926e+01,,,,5
2018-04-26 09:35:06.000000,2.608698e+07,1.818378e+07,1.239982e+02,1.409999e+06,8.848927e+01,,,,5
2018-04-26 09:35:07.000000,2.608699e+07,1.818347e+07,1.239981e+02,1.409999e+06,8.848928e+01,,,,5
2018-04-26 09:35:08.000000,2.608698e+07,1.818381e+07,1.239981e+02,1.409999e+06,8.848929e+01,,,,5
2018-04-26 09:35:09.000000,2.608698e+07,1.818261e+07,1.239974e+02,1.410000e+06,8.848930e+01,,,,5
2018-04-26 09:35:10.000000,2.608698e+07,1.818434e+07,1.239984e+02,1.410000e+06,8.848931e+01,,,,5
2018-04-26 09:35:11.000000,2.608701e+07,1.818242e+07,1.239972e+02,1.410000e+06,8.848932e+01,,,,5
2018-04-26 09:35:12.000000,2.608702e+07,1.818399e+07,1.239980e+02,1.410001e+06,8.848933e+01,,,,5
2018-04-26 09:35:13.000000,2.608702e+07,1.818264e+07,1.239973e+02,1.410001e+06,8.848934e+01,,,,5
2018-04-26 09:35:14.000000,2.608701e+07,1.818480e+07,1.239987e+02,1.410002e+06,8.848935e+01,,,,5
2018-04-26 09:35:15.000000,2.608700e+07,1.818362e+07,1.239980e+02,1.410002e+06,8.848936e+01,,,,5
2018-04-26 09:35:16.000000,2.608701e+07,1.818325e+07,1.239979e+02,1.410002e+06,8.848937e+01,,,,5
2018-04-26 09:35:17.000000,2.608704e+07,1.818385e+07,1.239982e+02,1.410003e+06,8.848939e+01,,,,5
2018-04-26 09:35:18.000000,2.608704e+07,1.818354e+07,1.239981e+02,1.410003e+06,8.848940e+01,,,,5
2018-04-26 09:35:19.000000,2.608703e+07,1.818303e+07,1.239977e+02,1.410003e+06,8.848941e+01,,,,5
2018-04-26 09:35:20.000000,2.608703e+07,1.818265e+07,1.239974e+02,1.410004e+06,8.848942e+01,,,,5
2018-04-26 09:35:21.000000,2.608704e+07,1.818387e+07,1.239981e+02,1.410004e+06,8.848943e+01,,,,5
2018-04-26 09:35:22.000000,2.608706e+07,1.818246e+07,1.239973e+02,1.410004e+06,8.848944e+01,,,,5
2018-04-26 09:35:23.000000,2.608706e+07,1.818348e+07,1.239978e+02,1.410005e+06,8.848945e+01,,,,5
2018-04-26 09:35:24.000000,2.608707e+07,1.818238e+07,1.239972e+02,1.410005e+06,8.848947e+01,,,,5
2018-04-26 09:35:25.000000,2.608705e+07,1.818430e+07,1.239984e+02,1.410006e+06,8.848948e+01,,,,5
2018-04-26 09:35:26.000000,2.608706e+07,1.818334e+07,1.239978e+02,1.410006e+06,8.848949e+01,,,,5
2018-04-26 09:35:27.000000,2.608706e+07,1.818333e+07,1.239979e+02,1.410006e+06,8.848950e+01,,,,5
2018-04-26 09:35:28.000000,2.608709e+07,1.818358e+07,1.239981e+02,1.410007e+06,8.848951e+01,,,,5
2018-04-26 09:35:29.000000,2.608709e+07,1.818366e+07,1.239981e+02,1.410007e+06,8.848953e+01,,,,5
2018-04-26 09:35:30.000000,2.608709e+07,1.818394e+07,1.239982e+02,1.410007e+06,8.848954e+01,,,,5
2018-04-26 09:35:31.000000,2.608708e+07,1.818285e+07,1.239976e+02,1.410008e+06,8.848955e+01,,,,5
2018-04-26 09:35:32.000000,2.608708e+07,1.818395e+07,1.239981e+02,1.410008e+06,8.848956e+01,,,,5
2018-04-26 09:35:33.000000,2.608711e+07,1.818259e+07,1.239973e+02,1.410008e+06,8.848957e+01,,,,5
2018-04-26 09:35:34.000000,2.608711e+07,1.818361e+07,1.239978e+02,1.410009e+06,8.848959e+01,,,,5
2018-04-26 09:35:35.000000,2.608711e+07,1.818241e+07,1.239972e+02,1.410009e+06,8.848960e+01,,,,5
2018-04-26 09:35:36.000000,2.608711e+07,1.818444e+07,1.239984e+02,1.410009e+06,8.848961e+01,,,,5
2018-04-26 09:35:37.000000,2.608711e+07,1.818342e+07,1.239978e+02,1.410010e+06,8.848962e+01,,,,5
2018-04-26 09:35:38.000000,2.608711e+07,1.818510e+07,1.239988e+02,1.410010e+06,8.848963e+01,,,,5
2018-04-26 09:35:39.000000,2.608713e+07,1.818379e+07,1.239982e+02,1.410010e+06,8.848965e+01,,,,5
2018-04-26 09:35:40.000000,2.608714e+07,1.818538e+07,1.239990e+02,1.410011e+06,8.848966e+01,,,,5
2018-04-26 09:35:41.000000,2.608715e+07,1.818405e+07,1.239982e+02,1.410011e+06,8.848967e+01,,,,5
2018-04-26 09:35:42.000000,2.608713e+07,1.818440e+07,1.239983e+02,1.410011e+06,8.848969e+01,,,,5
2018-04-26 09:35:43.000000,2.608714e+07,1.818318e+07,1.239976e+02,1.410012e+06,8.848970e+01,,,,5
2018-04-26 09:35:44.000000,2.608715e+07,1.818402e+07,1.239980e+02,1.410012e+06,8.848971e+01,,,,5
2018-04-26 09:35:45.000000,2.608716e+07,1.818292e+07,1.239974e+02,1.410012e+06,8.848972e+01,,,,5
2018-04-26 09:35:46.000000,2.608717e+07,1.818247e+07,1.239972e+02,1.410013e+06,8.848974e+01,,,,5
2018-04-26 09:35:47.000000,2.608715e+07,1.818362e+07,1.239979e+02,1.410013e+06,8.848975e+01,,,,5
2018-04-26 09:35:48.000000,2.608716e+07,1.818341e+07,1.239978e+02,1.410013e+06,8.848976e+01,,,,5
2018-04-26 09:35:49.000000,2.608716e+07,1.818461e+07,1.239985e+02,1.410014e+06,8.848978e+01,,,,5
2018-04-26 09:35:50.000000,2.608719e+07,1.818381e+07,1.239981e+02,1.410014e+06,8.848979e+01,,,,5
2018-04-26 09:35:51.000000,2.608719e+07,1.818545e+07,1.239989e+02,1.410014e+06,8.848980e+01,,,,5
2018-04-26 09:35:52.000000,2.608719e+07,1.818378e+07,1.239981e+02,1.410015e+06,8.848982e+01,,,,5
2018-04-26 09:35:53.000000,2.608718e+07,1.818456e+07,1.239984e+02,1.410015e+06,8.848983e+01,,,,5
2018-04-26 09:35:54.000000,2.608718e+07,1.818291e+07,1.239975e+02,1.410015e+06,8.848984e+01,,,,5
2018-04-26 09:35:55.000000,2.608719e+07,1.818290e+07,1.239975e+02,1.410016e+06,8.848986e+01,,,,5
2018-04-26 09:35:56.000000,2.608721e+07,1.818288e+07,1.239973e+02,1.410016e+06,8.848987e+01,,,,5
2018-04-26 09:35:57.000000,2.608722e+07,1.818259e+07,1.239972e+02,1.410016e+06,8.848988e+01,,,,5
2018-04-26 09:35:58.000000,2.608720e+07,1.818368e+07,1.239979e+02,1.410017e+06,8.848990e+01,,,,5
2018-04-26 09:35:59.000000,2.608721e+07,1.818354e+07,1.239979e+02,1.410017e+06,8.848991e+01,,,,5
2018-04-26 09:36:00.000000,2.608721e+07,1.818475e+07,1.239985e+02,1.410017e+06,8.848992e+01,,,,5
2018-04-26 09:36:01.000000,2.608723e+07,1.818388e+07,1.239981e+02,1.410018e+06,8.848994e+01,,,,5
2018-04-26 09:36:02.000000,2.608724e+07,1.818499e+07,1.239987e+02,1.410018e+06,8.848995e+01,,,,5
2018-04-26 09:36:03.000000,2.608724e+07,1.818385e+07,1.239981e+02,1.410018e+06,8.848996e+01,,,,5
2018-04-26 09:36:04.000000,2.608723e+07,1.818414e+07,1.239981e+02,1.410019e+06,8.848998e+01,,,,5
2018-04-26 09:36:05.000000,2.608723e+07,1.818299e+07,1.239974e+02,1.410019e+06,8.848999e+01,,,,5
2018-04-26 09:36:06.000000,2.608724e+07,1.818456e+07,1.239983e+02,1.410019e+06,8.849001e+01,,,,5
2018-04-26 09:36:07.000000,2.608726e+07,1.818277e+07,1.239973e+02,1.410020e+06,8.849002e+01,,,,5
2018-04-26 09:36:08.000000,2.608726e+07,1.818418e+07,1.239981e+02,1.410020e+06,8.849003e+01,,,,5
2018-04-26 09:36:09.000000,2.608727e+07,1.818296e+07,1.239973e+02,1.410020e+06,8.849005e+01,,,,5
2018-04-26 09:36:10.000000,2.608726e+07,1.818354e+07,1.239979e+02,1.410021e+06,8.849006e+01,,,,5
2018-04-26 09:36:11.000000,2.608726e+07,1.818388e+07,1.239980e+02,1.410021e+06,8.849008e+01,,,,5
2018-04-26 09:36:12.000000,2.608728e+07,1.818392e+07,1.239981e+02,1.410021e+06,8.849009e+01,,,,5
2018-04-26 09:36:13.000000,2.608728e+07,1.818418e+07,1.239982e+02,1.410022e+06,8.849011e+01,,,,5
2018-04-26 09:36:14.000000,2.608729e+07,1.818387e+07,1.239981e+02,1.410022e+06,8.849012e+01,,,,5
2018-04-26 09:36:15.000000,2.608728e+07,1.818421e+07,1.239981e+02,1.410022e+06,8.849013e+01,,,,5
2018-04-26 09:36:16.000000,2.608728e+07,1.818303e+07,1.239975e+02,1.410023e+06,8.849015e+01,,,,5
2018-04-26 09:36:17.000000,2.608728e+07,1.818474e+07,1.239984e+02,1.410023e+06,8.849016e+01,,,,5
2018-04-26 09:36:18.000000,2.608731e+07,1.818283e+07,1.239973e+02,1.410023e+06,8.849018e+01,,,,5
2018-04-26 09:36:19.000000,2.608732e+07,1.818437e+07,1.239981e+02,1.410024e+06,8.849019e+01,,,,5
2018-04-26 09:36:20.000000,2.608732e+07,1.818304e+07,1.239974e+02,1.410024e+06,8.849021e+01,,,,5
2018-04-26 09:36:21.000000,2.608731e+07,1.818520e+07,1.239987e+02,1.410024e+06,8.849022e+01,,,,5
2018-04-26 09:36:22.000000,2.608731e+07,1.818403e+07,1.239980e+02,1.410025e+06,8.849024e+01,,,,5
2018-04-26 09:36:23.000000,2.608731e+07,1.818365e+07,1.239979e+02,1.410025e+06,8.849025e+01,,,,5
2018-04-26 09:36:24.000000,2.608734e+07,1.818425e+07,1.239983e+02,1.410025e+06,8.849027e+01,,,,5
2018-04-26 09:36:25.000000,2.608734e+07,1.818394e+07,1.239981e+02,1.410025e+06,8.849028e+01,,,,5
2018-04-26 09:36:26.000000,2.608733e+07,1.818343e+07,1.239977e+02,1.410026e+06,8.849029e+01,,,,5
2018-04-26 09:36:27.000000,2.608733e+07,1.818305e+07,1.239974e+02,1.410026e+06,8.849031e+01,,,,5
2018-04-26 09:36:28.000000,2.608734e+07,1.818427e+07,1.239981e+02,1.410026e+06,8.849032e+01,,,,5
2018-04-26 09:36:29.000000,2.608736e+07,1.818287e+07,1.239973e+02,1.410027e+06,8.849034e+01,,,,5
2018-04-26 09:36:30.000000,2.608736e+07,1.818388e+07,1.239978e+02,1.410027e+06,8.849035e+01,,,,5
2018-04-26 09:36:31.000000,2.608737e+07,1.818278e+07,1.239972e+02,1.410027e+06,8.849037e+01,,,,5
2018-04-26 09:36:32.000000,2.608735e+07,1.818470e+07,1.239984e+02,1.410028e+06,8.849038e+01,,,,5
2018-04-26 09:36:33.000000,2.608736e+07,1.818376e+07,1.239978e+02,1.410028e+06,8.849040e+01,,,,5
2018-04-26 09:36:34.000000,2.608736e+07,1.818373e+07,1.239979e+02,1.410028e+06,8.849041e+01,,,,5
2018-04-26 09:36:35.000000,2.608739e+07,1.818398e+07,1.239981e+02,1.410029e+06,8.849043e+01,,,,5
2018-04-26 09:36:36.000000,2.608739e+07,1.818406e+07,1.239981e+02,1.410029e+06,8.849044e+01,,,,5
2018-04-26 09:36:37.000000,2.608739e+07,1.818434e+07,1.239982e+02,1.410029e+06,8.849046e+01,,,,5
2018-04-26 09:36:38.000000,2.608738e+07,1.818325e+07,1.239976e+02,1.410030e+06,8.849047e+01,,,,5
2018-04-26 09:36:39.000000,2.608738e+07,1.818434e+07,1.239981e+02,1.410030e+06,8.849049e+01,,,,5
2018-04-26 09:36:40.000000,2.608741e+07,1.818299e+07,1.239973e+02,1.410030e+06,8.849050e+01,,,,5
2018-04-26 09:36:41.000000,2.608741e+07,1.818401e+07,1.239978e+02,1.410031e+06,8.849052e+01,,,,5
2018-04-26 09:36:42.000000,2.608741e+07,1.818281e+07,1.239972e+02,1.410031e+06,8.849053e+01,,,,5
2018-04-26 09:36:43.000000,2.608740e+07,1.818481e+07,1.239984e+02,1.410031e+06,8.849055e+01,,,,5
2018-04-26 09:36:44.000000,2.608740e+07,1.818382e+07,1.239978e+02,1.410032e+06,8.849056e+01,,,,5
2018-04-26 09:36:45.000000,2.608741e+07,1.818550e+07,1.239988e+02,1.410032e+06,8.849058e+01,,,,5
2018-04-26 09:36:46.000000,2.608743e+07,1.818421e+07,1.239982e+02,1.410032e+06,8.849059e+01,,,,5
2018-04-26 09:36:47.000000,2.608744e+07,1.818578e+07,1.239990e+02,1.410032e+06,8.849061e+01,,,,5
2018-04-26 09:36:48.000000,2.608744e+07,1.818445e+07,1.239983e+02,1.410033e+06,8.849062e+01,,,,5
2018-04-26 09:36:49.000000,2.608743e+07,1.818480e+07,1.239983e+02,1.410033e+06,8.849064e+01,,,,5
2018-04-26 09:36:50.000000,2.608743e+07,1.818358e+07,1.239976e+02,1.410033e+06,8.849065e+01,,,,5
2018-04-26 09:36:51.000000,2.608743e+07,1.818315e+07,1.239974e+02,1.410034e+06,8.849067e+01,,,,5
2018-04-26 09:36:52.000000,2.608746e+07,1.818409e+07,1.239979e+02,1.410034e+06,8.849069e+01,,,,5
2018-04-26 09:36:53.000000,2.608746e+07,1.818289e+07,1.239972e+02,1.410034e+06,8.849070e+01,,,,5
2018-04-26 09:36:54.000000,2.608744e+07,1.818487e+07,1.239984e+02,1.410035e+06,8.849072e+01,,,,5
2018-04-26 09:36:55.000000,2.608745e+07,1.818389e+07,1.239979e+02,1.410035e+06,8.849073e+01,,,,5
2018-04-26 09:36:56.000000,2.608746e+07,1.818554e+07,1.239988e+02,1.410035e+06,8.849075e+01,,,,5
2018-04-26 09:36:57.000000,2.608748e+07,1.818427e+07,1.239982e+02,1.410036e+06,8.849076e+01,,,,5
2018-04-26 09:36:58.000000,2.608748e+07,1.818582e+07,1.239989e+02,1.410036e+06,8.849078e+01,,,,5
2018-04-26 09:36:59.000000,2.608749e+07,1.818453e+07,1.239983e+02,1.410036e+06,8.849079e+01,,,,5
2018-04-26 09:37:00.000000,2.608747e+07,1.818485e+07,1.239983e+02,1.410037e+06,8.849081e+01,,,,5
2018-04-26 09:37:01.000000,2.608748e+07,1.818364e+07,1.239976e+02,1.410037e+06,8.849082e+01,,,,5
2018-04-26 09:37:02.000000,2.608748e+07,1.818322e+07,1.239974e+02,1.410037e+06,8.849084e+01,,,,5
2018-04-26 09:37:03.000000,2.608751e+07,1.818326e+07,1.239973e+02,1.410038e+06,8.849085e+01,,,,5
2018-04-26 09:37:04.000000,2.608751e+07,1.818292e+07,1.239972e+02,1.410038e+06,8.849087e+01,,,,5
2018-04-26 09:37:05.000000,2.608751e+07,1.818416e+07,1.239978e+02,1.410038e+06,8.849088e+01,,,,5
2018-04-26 09:37:06.000000,2.608750e+07,1.818386e+07,1.239978e+02,1.410039e+06,8.849090e+01,,,,5
2018-04-26 09:37:07.000000,2.608750e+07,1.818504e+07,1.239985e+02,1.410039e+06,8.849091e+01,,,,5
2018-04-26 09:37:08.000000,2.608753e+07,1.818426e+07,1.239981e+02,1.410039e+06,8.849093e+01,,,,5
2018-04-26 09:37:09.000000,2.608753e+07,1.818589e+07,1.239989e+02,1.410040e+06,8.849095e+01,,,,5
2018-04-26 09:37:10.000000,2.608754e+07,1.818425e+07,1.239981e+02,1.410040e+06,8.849096e+01,,,,5
2018-04-26 09:37:11.000000,2.608752e+07,1.818501e+07,1.239984e+02,1.410040e+06,8.849098e+01,,,,5
2018-04-26 09:37:12.000000,2.608752e+07,1.818338e+07,1.239975e+02,1.410041e+06,8.849099e+01,,,,5
2018-04-26 09:37:13.000000,2.608753e+07,1.818335e+07,1.239975e+02,1.410041e+06,8.849101e+01,,,,5
2018-04-26 09:37:14.000000,2.608755e+07,1.818333e+07,1.239973e+02,1.410041e+06,8.849102e+01,,,,5
2018-04-26 09:37:15.000000,2.608756e+07,1.818305e+07,1.239972e+02,1.410041e+06,8.849104e+01,,,,5
2018-04-26 09:37:16.000000,2.608756e+07,1.818429e+07,1.239979e+02,1.410042e+06,8.849105e+01,,,,5
2018-04-26 09:37:17.000000,2.608754e+07,1.818399e+07,1.239979e+02,1.410042e+06,8.849107e+01,,,,5
2018-04-26 09:37:18.000000,2.608755e+07,1.818519e+07,1.239985e+02,1.410042e+06,8.849108e+01,,,,5
2018-04-26 09:37:19.000000,2.608755e+07,1.818394e+07,1.239978e+02,1.410043e+06,8.849110e+01,,,,5
2018-04-26 09:37:20.000000,2.608758e+07,1.818541e+07,1.239986e+02,1.410043e+06,8.849111e+01,,,,5
2018-04-26 09:37:21.000000,2.608758e+07,1.818431e+07,1.239981e+02,1.410043e+06,8.849113e+01,,,,5
2018-04-26 09:37:22.000000,2.608757e+07,1.818458e+07,1.239981e+02,1.410044e+06,8.849115e+01,,,,5
2018-04-26 09:37:23.000000,2.608757e+07,1.818345e+07,1.239975e+02,1.410044e+06,8.849116e+01,,,,5
2018-04-26 09:37:24.000000,2.608757e+07,1.818497e+07,1.239983e+02,1.410044e+06,8.849117e+01,,,,5
2018-04-26 09:37:25.000000,2.608760e+07,1.818323e+07,1.239973e+02,1.410045e+06,8.849119e+01,,,,5
2018-04-26 09:37:26.000000,2.608760e+07,1.818462e+07,1.239980e+02,1.410045e+06,8.849121e+01,,,,5
2018-04-26 09:37:27.000000,2.608761e+07,1.818343e+07,1.239973e+02,1.410045e+06,8.849122e+01,,,,5
2018-04-26 09:37:28.000000,2.608759e+07,1.818399e+07,1.239978e+02,1.410046e+06,8.849124e+01,,,,5
2018-04-26 09:37:29.000000,2.608760e+07,1.818431e+07,1.239980e+02,1.410046e+06,8.849125e+01,,,,5
2018-04-26 09:37:30.000000,2.608760e+07,1.818397e+07,1.239978e+02,1.410046e+06,8.849127e+01,,,,5
2018-04-26 09:37:31.000000,2.608762e+07,1.818459e+07,1.239982e+02,1.410047e+06,8.849128e+01,,,,5
2018-04-26 09:37:32.000000,2.608763e+07,1.818431e+07,1.239981e+02,1.410047e+06,8.849130e+01,,,,5
2018-04-26 09:37:33.000000,2.608761e+07,1.818465e+07,1.239981e+02,1.410047e+06,8.849131e+01,,,,5
2018-04-26 09:37:34.000000,2.608762e+07,1.818348e+07,1.239975e+02,1.410048e+06,8.849133e+01,,,,5
2018-04-26 09:37:35.000000,2.608762e+07,1.818517e+07,1.239984e+02,1.410048e+06,8.849134e+01,,,,5
2018-04-26 09:37:36.000000,2.608764e+07,1.818329e+07,1.239973e+02,1.410048e+06,8.849136e+01,,,,5
2018-04-26 09:37:37.000000,2.608765e+07,1.818479e+07,1.239980e+02,1.410049e+06,8.849137e+01,,,,5
2018-04-26 09:37:38.000000,2.608765e+07,1.818349e+07,1.239973e+02,1.410049e+06,8.849139e+01,,,,5
2018-04-26 09:37:39.000000,2.608764e+07,1.818562e+07,1.239987e+02,1.410049e+06,8.849140e+01,,,,5
2018-04-26 09:37:40.000000,2.608764e+07,1.818449e+07,1.239981e+02,1.410050e+06,8.849142e+01,,,,5
2018-04-26 09:37:41.000000,2.608764e+07,1.818410e+07,1.239979e+02,1.410050e+06,8.849143e+01,,,,5
2018-04-26 09:37:42.000000,2.608767e+07,1.818469e+07,1.239982e+02,1.410050e+06,8.849145e+01,,,,5
2018-04-26 09:37:43.000000,2.608767e+07,1.818438e+07,1.239981e+02,1.410051e+06,8.849146e+01,,,,5
2018-04-26 09:37:44.000000,2.608768e+07,1.818566e+07,1.239987e+02,1.410051e+06,8.849148e+01,,,,5
2018-04-26 09:37:45.000000,2.608766e+07,1.818362e+07,1.239975e+02,1.410051e+06,8.849149e+01,,,,5
2018-04-26 09:37:46.000000,2.608767e+07,1.818470e+07,1.239981e+02,1.410052e+06,8.849151e+01,,,,5
2018-04-26 09:37:47.000000,2.608769e+07,1.818333e+07,1.239973e+02,1.410052e+06,8.849152e+01,,,,5
2018-04-26 09:37:48.000000,2.608769e+07,1.818431e+07,1.239978e+02,1.410052e+06,8.849154e+01,,,,5
2018-04-26 09:37:49.000000,2.608770e+07,1.818322e+07,1.239972e+02,1.410053e+06,8.849155e+01,,,,5
2018-04-26 09:37:50.000000,2.608768e+07,1.818511e+07,1.239984e+02,1.410053e+06,8.849157e+01,,,,5
2018-04-26 09:37:51.000000,2.608769e+07,1.818420e+07,1.239979e+02,1.410053e+06,8.849158e+01,,,,5
2018-04-26 09:37:52.000000,2.608769e+07,1.818417e+07,1.239979e+02,1.410054e+06,8.849159e+01,,,,5
2018-04-26 09:37:53.000000,2.608771e+07,1.818441e+07,1.239980e+02,1.410054e+06,8.849161e+01,,,,5
2018-04-26 09:37:54.000000,2.608772e+07,1.818449e+07,1.239981e+02,1.410055e+06,8.849162e+01,,,,5
2018-04-26 09:37:55.000000,2.608772e+07,1.818477e+07,1.239982e+02,1.410055e+06,8.849164e+01,,,,5
2018-04-26 09:37:56.000000,2.608771e+07,1.818369e+07,1.239976e+02,1.410055e+06,8.849165e+01,,,,5
2018-04-26 09:37:57.000000,2.608771e+07,1.818476e+07,1.239981e+02,1.410056e+06,8.849167e+01,,,,5
2018-04-26 09:37:58.000000,2.608772e+07,1.818351e+07,1.239974e+02,1.410056e+06,8.849168e+01,,,,5
2018-04-26 09:37:59.000000,2.608773e+07,1.818445e+07,1.239979e+02,1.410056e+06,8.849169e+01,,,,5
2018-04-26 09:38:00.000000,2.608774e+07,1.818326e+07,1.239972e+02,1.410057e+06,8.849171e+01,,,,5
2018-04-26 09:38:01.000000,2.608773e+07,1.818522e+07,1.239984e+02,1.410057e+06,8.849172e+01,,,,5
2018-04-26 09:38:02.000000,2.608773e+07,1.818427e+07,1.239979e+02,1.410057e+06,8.849174e+01,,,,5
2018-04-26 09:38:03.000000,2.608774e+07,1.818590e+07,1.239988e+02,1.410058e+06,8.849175e+01,,,,5
2018-04-26 09:38:04.000000,2.608775e+07,1.818465e+07,1.239982e+02,1.410058e+06,8.849177e+01,,,,5
2018-04-26 09:38:05.000000,2.608776e+07,1.818618e+07,1.239989e+02,1.410058e+06,8.849178e+01,,,,5
2018-04-26 09:38:06.000000,2.608777e+07,1.818490e+07,1.239982e+02,1.410059e+06,8.849179e+01,,,,5
2018-04-26 09:38:07.000000,2.608775e+07,1.818522e+07,1.239983e+02,1.410059e+06,8.849181e+01,,,,5
2018-04-26 09:38:08.000000,2.608776e+07,1.818402e+07,1.239976e+02,1.410059e+06,8.849182e+01,,,,5
2018-04-26 09:38:09.000000,2.608775e+07,1.818358e+07,1.239974e+02,1.410060e+06,8.849183e+01,,,,5
2018-04-26 09:38:10.000000,2.608778e+07,1.818363e+07,1.239973e+02,1.410060e+06,8.849185e+01,,,,5
2018-04-26 09:38:11.000000,2.608779e+07,1.818330e+07,1.239972e+02,1.410061e+06,8.849186e+01,,,,5
2018-04-26 09:38:12.000000,2.608779e+07,1.818452e+07,1.239978e+02,1.410061e+06,8.849188e+01,,,,5
2018-04-26 09:38:13.000000,2.608777e+07,1.818422e+07,1.239978e+02,1.410061e+06,8.849189e+01,,,,5
2018-04-26 09:38:14.000000,2.608778e+07,1.818541e+07,1.239985e+02,1.410062e+06,8.849190e+01,,,,5
2018-04-26 09:38:15.000000,2.608780e+07,1.818463e+07,1.239981e+02,1.410062e+06,8.849192e+01,,,,5
2018-04-26 09:38:16.000000,2.608780e+07,1.818625e+07,1.239989e+02,1.410062e+06,8.849193e+01,,,,5
2018-04-26 09:38:17.000000,2.608781e+07,1.818462e+07,1.239980e+02,1.410063e+06,8.849194e+01,,,,5
2018-04-26 09:38:18.000000,2.608779e+07,1.818537e+07,1.239984e+02,1.410063e+06,8.849196e+01,,,,5
2018-04-26 09:38:19.000000,2.608780e+07,1.818375e+07,1.239975e+02,1.410063e+06,8.849197e+01,,,,5
2018-04-26 09:38:20.000000,2.608781e+07,1.818372e+07,1.239975e+02,1.410064e+06,8.849198e+01,,,,5
2018-04-26 09:38:21.000000,2.608782e+07,1.818369e+07,1.239973e+02,1.410064e+06,8.849200e+01,,,,5
2018-04-26 09:38:22.000000,2.608783e+07,1.818341e+07,1.239972e+02,1.410064e+06,8.849201e+01,,,,5
2018-04-26 09:38:23.000000,2.608783e+07,1.818465e+07,1.239978e+02,1.410065e+06,8.849202e+01,,,,5
2018-04-26 09:38:24.000000,2.608782e+07,1.818435e+07,1.239978e+02,1.410065e+06,8.849204e+01,,,,5
2018-04-26 09:38:25.000000,2.608782e+07,1.818553e+07,1.239985e+02,1.410066e+06,8.849205e+01,,,,5
2018-04-26 09:38:26.000000,2.608782e+07,1.818430e+07,1.239978e+02,1.410066e+06,8.849206e+01,,,,5
2018-04-26 09:38:27.000000,2.608785e+07,1.818577e+07,1.239986e+02,1.410066e+06,8.849208e+01,,,,5
2018-04-26 09:38:28.000000,2.608785e+07,1.818468e+07,1.239981e+02,1.410067e+06,8.849209e+01,,,,5
2018-04-26 09:38:29.000000,2.608784e+07,1.818494e+07,1.239981e+02,1.410067e+06,8.849210e+01,,,,5
2018-04-26 09:38:30.000000,2.608784e+07,1.818381e+07,1.239975e+02,1.410067e+06,8.849211e+01,,,,5
2018-04-26 09:38:31.000000,2.608785e+07,1.818533e+07,1.239983e+02,1.410068e+06,8.849213e+01,,,,5
2018-04-26 09:38:32.000000,2.608787e+07,1.818359e+07,1.239973e+02,1.410068e+06,8.849214e+01,,,,5
2018-04-26 09:38:33.000000,2.608787e+07,1.818497e+07,1.239980e+02,1.410069e+06,8.849215e+01,,,,5
2018-04-26 09:38:34.000000,2.608788e+07,1.818379e+07,1.239973e+02,1.410069e+06,8.849216e+01,,,,5
2018-04-26 09:38:35.000000,2.608786e+07,1.818433e+07,1.239978e+02,1.410069e+06,8.849218e+01,,,,5
2018-04-26 09:38:36.000000,2.608787e+07,1.818467e+07,1.239980e+02,1.410070e+06,8.849219e+01,,,,5
2018-04-26 09:38:37.000000,2.608787e+07,1.818433e+07,1.239978e+02,1.410070e+06,8.849220e+01,,,,5
2018-04-26 09:38:38.000000,2.608789e+07,1.818494e+07,1.239982e+02,1.410070e+06,8.849221e+01,,,,5
2018-04-26 09:38:39.000000,2.608790e+07,1.818467e+07,1.239980e+02,1.410071e+06,8.849222e+01,,,,5
2018-04-26 09:38:40.000000,2.608790e+07,1.818651e+07,1.239990e+02,1.410071e+06,8.849224e+01,,,,5
2018-04-26 09:38:41.000000,2.608789e+07,1.818394e+07,1.239975e+02,1.410072e+06,8.849225e+01,,,,5
2018-04-26 09:38:42.000000,2.608789e+07,1.818550e+07,1.239984e+02,1.410072e+06,8.849226e+01,,,,5
2018-04-26 09:38:43.000000,2.608791e+07,1.818364e+07,1.239972e+02,1.410072e+06,8.849227e+01,,,,5
2018-04-26 09:38:44.000000,2.608792e+07,1.818514e+07,1.239980e+02,1.410073e+06,8.849228e+01,,,,5
2018-04-26 09:38:45.000000,2.608792e+07,1.818387e+07,1.239973e+02,1.410073e+06,8.849229e+01,,,,5
2018-04-26 09:38:46.000000,2.608791e+07,1.818597e+07,1.239987e+02,1.410073e+06,8.849231e+01,,,,5
2018-04-26 09:38:47.000000,2.608790e+07,1.818484e+07,1.239981e+02,1.410074e+06,8.849232e+01,,,,5
2018-04-26 09:38:48.000000,2.608791e+07,1.818445e+07,1.239978e+02,1.410074e+06,8.849233e+01,,,,5
2018-04-26 09:38:49.000000,2.608794e+07,1.818504e+07,1.239982e+02,1.410075e+06,8.849234e+01,,,,5
2018-04-26 09:38:50.000000,2.608794e+07,1.818473e+07,1.239980e+02,1.410075e+06,8.849235e+01,,,,5
2018-04-26 09:38:51.000000,2.608794e+07,1.818601e+07,1.239987e+02,1.410075e+06,8.849236e+01,,,,5
2018-04-26 09:38:52.000000,2.608792e+07,1.818399e+07,1.239975e+02,1.410076e+06,8.849237e+01,,,,5
2018-04-26 09:38:53.000000,2.608793e+07,1.818505e+07,1.239981e+02,1.410076e+06,8.849239e+01,,,,5
2018-04-26 09:38:54.000000,2.608794e+07,1.818384e+07,1.239974e+02,1.410077e+06,8.849240e+01,,,,5
2018-04-26 09:38:55.000000,2.608796e+07,1.818467e+07,1.239978e+02,1.410077e+06,8.849241e+01,,,,5
2018-04-26 09:38:56.000000,2.608796e+07,1.818357e+07,1.239971e+02,1.410077e+06,8.849242e+01,,,,5
2018-04-26 09:38:57.000000,2.608794e+07,1.818546e+07,1.239983e+02,1.410078e+06,8.849243e+01,,,,5
2018-04-26 09:38:58.000000,2.608795e+07,1.818455e+07,1.239978e+02,1.410078e+06,8.849244e+01,,,,5
2018-04-26 09:38:59.000000,2.608795e+07,1.818452e+07,1.239978e+02,1.410078e+06,8.849245e+01,,,,5
2018-04-26 09:39:00.000000,2.608798e+07,1.818476e+07,1.239980e+02,1.410079e+06,8.849246e+01,,,,5
2018-04-26 09:39:01.000000,2.608798e+07,1.818484e+07,1.239981e+02,1.410079e+06,8.849247e+01,,,,5
2018-04-26 09:39:02.000000,2.608798e+07,1.818511e+07,1.239982e+02,1.410080e+06,8.849248e+01,,,,5
2018-04-26 09:39:03.000000,2.608797e+07,1.818404e+07,1.239975e+02,1.410080e+06,8.849249e+01,,,,5
2018-04-26 09:39:04.000000,2.608797e+07,1.818510e+07,1.239981e+02,1.410080e+06,8.849250e+01,,,,5
2018-04-26 09:39:05.000000,2.608798e+07,1.818386e+07,1.239974e+02,1.410081e+06,8.849251e+01,,,,5
2018-04-26 09:39:06.000000,2.608800e+07,1.818480e+07,1.239978e+02,1.410081e+06,8.849252e+01,,,,5
2018-04-26 09:39:07.000000,2.608800e+07,1.818360e+07,1.239971e+02,1.410082e+06,8.849253e+01,,,,5
2018-04-26 09:39:08.000000,2.608799e+07,1.818557e+07,1.239983e+02,1.410082e+06,8.849254e+01,,,,5
2018-04-26 09:39:09.000000,2.608799e+07,1.818463e+07,1.239979e+02,1.410082e+06,8.849255e+01,,,,5
2018-04-26 09:39:10.000000,2.608800e+07,1.818625e+07,1.239988e+02,1.410083e+06,8.849256e+01,,,,5
2018-04-26 09:39:11.000000,2.608801e+07,1.818499e+07,1.239981e+02,1.410083e+06,8.849257e+01,,,,5
2018-04-26 09:39:12.000000,2.608802e+07,1.818651e+07,1.239989e+02,1.410084e+06,8.849258e+01,,,,5
2018-04-26 09:39:13.000000,2.608803e+07,1.818524e+07,1.239982e+02,1.410084e+06,8.849259e+01,,,,5
2018-04-26 09:39:14.000000,2.608801e+07,1.818556e+07,1.239983e+02,1.410084e+06,8.849260e+01,,,,5
2018-04-26 09:39:15.000000,2.608801e+07,1.818436e+07,1.239976e+02,1.410085e+06,8.849261e+01,,,,5
2018-04-26 09:39:16.000000,2.608801e+07,1.818393e+07,1.239974e+02,1.410085e+06,8.849262e+01,,,,5
2018-04-26 09:39:17.000000,2.608804e+07,1.818397e+07,1.239973e+02,1.410086e+06,8.849263e+01,,,,5
2018-04-26 09:39:18.000000,2.608804e+07,1.818364e+07,1.239971e+02,1.410086e+06,8.849263e+01,,,,5
2018-04-26 09:39:19.000000,2.608805e+07,1.818485e+07,1.239978e+02,1.410086e+06,8.849264e+01,,,,5
2018-04-26 09:39:20.000000,2.608803e+07,1.818456e+07,1.239978e+02,1.410087e+06,8.849265e+01,,,,5
2018-04-26 09:39:21.000000,2.608803e+07,1.818575e+07,1.239984e+02,1.410087e+06,8.849266e+01,,,,5
2018-04-26 09:39:22.000000,2.608806e+07,1.818497e+07,1.239980e+02,1.410088e+06,8.849267e+01,,,,5
2018-04-26 09:39:23.000000,2.608806e+07,1.818658e+07,1.239989e+02,1.410088e+06,8.849268e+01,,,,5
2018-04-26 09:39:24.000000,2.608807e+07,1.818496e+07,1.239980e+02,1.410088e+06,8.849269e+01,,,,5
2018-04-26 09:39:25.000000,2.608805e+07,1.818570e+07,1.239983e+02,1.410089e+06,8.849270e+01,,,,5
2018-04-26 09:39:26.000000,2.608805e+07,1.818410e+07,1.239975e+02,1.410089e+06,8.849270e+01,,,,5
2018-04-26 09:39:27.000000,2.608806e+07,1.818405e+07,1.239974e+02,1.410090e+06,8.849271e+01,,,,5
2018-04-26 09:39:28.000000,2.608808e+07,1.818403e+07,1.239973e+02,1.410090e+06,8.849272e+01,,,,5
2018-04-26 09:39:29.000000,2.608809e+07,1.818375e+07,1.239972e+02,1.410090e+06,8.849273e+01,,,,5
2018-04-26 09:39:30.000000,2.608808e+07,1.818498e+07,1.239978e+02,1.410091e+06,8.849273e+01,,,,5
2018-04-26 09:39:31.000000,2.608807e+07,1.818468e+07,1.239978e+02,1.410091e+06,8.849274e+01,,,,5
2018-04-26 09:39:32.000000,2.608808e+07,1.818586e+07,1.239985e+02,1.410092e+06,8.849275e+01,,,,5
2018-04-26 09:39:33.000000,2.608808e+07,1.818464e+07,1.239978e+02,1.410092e+06,8.849276e+01,,,,5
2018-04-26 09:39:34.000000,2.608810e+07,1.818611e+07,1.239986e+02,1.410093e+06,8.849277e+01,,,,5
2018-04-26 09:39:35.000000,2.608810e+07,1.818501e+07,1.239980e+02,1.410093e+06,8.849277e+01,,,,5
2018-04-26 09:39:36.000000,2.608809e+07,1.818527e+07,1.239980e+02,1.410093e+06,8.849278e+01,,,,5
2018-04-26 09:39:37.000000,2.608810e+07,1.818414e+07,1.239974e+02,1.410094e+06,8.849279e+01,,,,5
2018-04-26 09:39:38.000000,2.608810e+07,1.818566e+07,1.239983e+02,1.410094e+06,8.849279e+01,,,,5
2018-04-26 09:39:39.000000,2.608812e+07,1.818394e+07,1.239972e+02,1.410095e+06,8.849280e+01,,,,5
2018-04-26 09:39:40.000000,2.608812e+07,1.818530e+07,1.239979e+02,1.410095e+06,8.849281e+01,,,,5
2018-04-26 09:39:41.000000,2.608813e+07,1.818412e+07,1.239973e+02,1.410095e+06,8.849281e+01,,,,5
2018-04-26 09:39:42.000000,2.608811e+07,1.818467e+07,1.239978e+02,1.410096e+06,8.849282e+01,,,,5
2018-04-26 09:39:43.000000,2.608812e+07,1.818500e+07,1.239979e+02,1.410096e+06,8.849283e+01,,,,5
2018-04-26 09:39:44.000000,2.608812e+07,1.818466e+07,1.239978e+02,1.410097e+06,8.849283e+01,,,,5
2018-04-26 09:39:45.000000,2.608814e+07,1.818527e+07,1.239982e+02,1.410097e+06,8.849284e+01,,,,5
2018-04-26 09:39:46.000000,2.608815e+07,1.818501e+07,1.239980e+02,1.410097e+06,8.849285e+01,,,,5
2018-04-26 09:39:47.000000,2.608815e+07,1.818683e+07,1.239990e+02,1.410098e+06,8.849285e+01,,,,5
2018-04-26 09:39:48.000000,2.608814e+07,1.818427e+07,1.239975e+02,1.410098e+06,8.849286e+01,,,,5
2018-04-26 09:39:49.000000,2.608814e+07,1.818583e+07,1.239983e+02,1.410099e+06,8.849287e+01,,,,5
2018-04-26 09:39:50.000000,2.608816e+07,1.818399e+07,1.239972e+02,1.410099e+06,8.849287e+01,,,,5
2018-04-26 09:39:51.000000,2.608817e+07,1.818547e+07,1.239980e+02,1.410100e+06,8.849288e+01,,,,5
2018-04-26 09:39:52.000000,2.608817e+07,1.818419e+07,1.239973e+02,1.410100e+06,8.849288e+01,,,,5
2018-04-26 09:39:53.000000,2.608815e+07,1.818628e+07,1.239986e+02,1.410100e+06,8.849289e+01,,,,5
2018-04-26 09:39:54.000000,2.608815e+07,1.818517e+07,1.239980e+02,1.410101e+06,8.849289e+01,,,,5
2018-04-26 09:39:55.000000,2.608816e+07,1.818478e+07,1.239978e+02,1.410101e+06,8.849290e+01,,,,5
2018-04-26 09:39:56.000000,2.608818e+07,1.818535e+07,1.239982e+02,1.410102e+06,8.849291e+01,,,,5
2018-04-26 09:39:57.000000,2.608818e+07,1.818506e+07,1.239980e+02,1.410102e+06,8.849291e+01,,,,5
2018-04-26 09:39:58.000000,2.608819e+07,1.818633e+07,1.239987e+02,1.410103e+06,8.849291e+01,,,,5
2018-04-26 09:39:59.000000,2.608817e+07,1.818431e+07,1.239975e+02,1.410103e+06,8.849292e+01,,,,5
2018-04-26 09:40:00.000000,2.608818e+07,1.818535e+07,1.239980e+02,1.410103e+06,8.849293e+01,,,,5
2018-04-26 09:40:01.000000,2.608818e+07,1.818417e+07,1.239974e+02,1.410104e+06,8.849293e+01,,,,5
2018-04-26 09:40:02.000000,2.608820e+07,1.818500e+07,1.239978e+02,1.410104e+06,8.849293e+01,,,,5
2018-04-26 09:40:03.000000,2.608821e+07,1.818391e+07,1.239971e+02,1.410105e+06,8.849294e+01,,,,5
2018-04-26 09:40:04.000000,2.608819e+07,1.818578e+07,1.239983e+02,1.410105e+06,8.849294e+01,,,,5
2018-04-26 09:40:05.000000,2.608820e+07,1.818487e+07,1.239978e+02,1.410105e+06,8.849295e+01,,,,5
2018-04-26 09:40:06.000000,2.608820e+07,1.818484e+07,1.239978e+02,1.410106e+06,8.849295e+01,,,,5
2018-04-26 09:40:07.000000,2.608822e+07,1.818507e+07,1.239980e+02,1.410106e+06,8.849296e+01,,,,5
2018-04-26 09:40:08.000000,2.608822e+07,1.818516e+07,1.239981e+02,1.410107e+06,8.849296e+01,,,,5
2018-04-26 09:40:09.000000,2.608822e+07,1.818543e+07,1.239982e+02,1.410107e+06,8.849296e+01,,,,5
2018-04-26 09:40:10.000000,2.608822e+07,1.818437e+07,1.239975e+02,1.410108e+06,8.849297e+01,,,,5
2018-04-26 09:40:11.000000,2.608821e+07,1.818543e+07,1.239980e+02,1.410108e+06,8.849297e+01,,,,5
2018-04-26 09:40:12.000000,2.608822e+07,1.818418e+07,1.239973e+02,1.410108e+06,8.849298e+01,,,,5
2018-04-26 09:40:13.000000,2.608824e+07,1.818511e+07,1.239978e+02,1.410109e+06,8.849298e+01,,,,5
2018-04-26 09:40:14.000000,2.608824e+07,1.818392e+07,1.239971e+02,1.410109e+06,8.849298e+01,,,,5
2018-04-26 09:40:15.000000,2.608825e+07,1.818572e+07,1.239981e+02,1.410110e+06,8.849299e+01,,,,5
2018-04-26 09:40:16.000000,2.608823e+07,1.818491e+07,1.239978e+02,1.410110e+06,8.849299e+01,,,,5
2018-04-26 09:40:17.000000,2.608824e+07,1.818656e+07,1.239987e+02,1.410111e+06,8.849299e+01,,,,5
2018-04-26 09:40:18.000000,2.608825e+07,1.818531e+07,1.239981e+02,1.410111e+06,8.849300e+01,,,,5
2018-04-26 09:40:19.000000,2.608826e+07,1.818682e+07,1.239989e+02,1.410111e+06,8.849300e+01,,,,5
2018-04-26 09:40:20.000000,2.608827e+07,1.818557e+07,1.239982e+02,1.410112e+06,8.849300e+01,,,,5
2018-04-26 09:40:21.000000,2.608825e+07,1.818587e+07,1.239982e+02,1.410112e+06,8.849300e+01,,,,5
2018-04-26 09:40:22.000000,2.608825e+07,1.818468e+07,1.239975e+02,1.410113e+06,8.849301e+01,,,,5
2018-04-26 09:40:23.000000,2.608825e+07,1.818425e+07,1.239974e+02,1.410113e+06,8.849301e+01,,,,5
2018-04-26 09:40:24.000000,2.608828e+07,1.818429e+07,1.239973e+02,1.410114e+06,8.849301e+01,,,,5
2018-04-26 09:40:25.000000,2.608828e+07,1.818396e+07,1.239971e+02,1.410114e+06,8.849301e+01,,,,5
2018-04-26 09:40:26.000000,2.608829e+07,1.818517e+07,1.239977e+02,1.410114e+06,8.849302e+01,,,,5
2018-04-26 09:40:27.000000,2.608827e+07,1.818489e+07,1.239978e+02,1.410115e+06,8.849302e+01,,,,5
2018-04-26 09:40:28.000000,2.608827e+07,1.818606e+07,1.239984e+02,1.410115e+06,8.849302e+01,,,,5
2018-04-26 09:40:29.000000,2.608828e+07,1.818489e+07,1.239978e+02,1.410116e+06,8.849302e+01,,,,5
2018-04-26 09:40:30.000000,2.608830e+07,1.818687e+07,1.239989e+02,1.410116e+06,8.849302e+01,,,,5
2018-04-26 09:40:31.000000,2.608830e+07,1.818527e+07,1.239980e+02,1.410117e+06,8.849303e+01,,,,5
2018-04-26 09:40:32.000000,2.608829e+07,1.818602e+07,1.239983e+02,1.410117e+06,8.849303e+01,,,,5
2018-04-26 09:40:33.000000,2.608829e+07,1.818476e+07,1.239976e+02,1.410117e+06,8.849303e+01,,,,5
2018-04-26 09:40:34.000000,2.608830e+07,1.818430e+07,1.239973e+02,1.410118e+06,8.849303e+01,,,,5
2018-04-26 09:40:35.000000,2.608831e+07,1.818434e+07,1.239973e+02,1.410118e+06,8.849303e+01,,,,5
2018-04-26 09:40:36.000000,2.608832e+07,1.818400e+07,1.239971e+02,1.410119e+06,8.849303e+01,,,,5
2018-04-26 09:40:37.000000,2.608832e+07,1.818520e+07,1.239977e+02,1.410119e+06,8.849303e+01,,,,5
2018-04-26 09:40:38.000000,2.608831e+07,1.818493e+07,1.239977e+02,1.410120e+06,8.849303e+01,,,,5
2018-04-26 09:40:39.000000,2.608831e+07,1.818609e+07,1.239984e+02,1.410120e+06,8.849304e+01,,,,5
2018-04-26 09:40:40.000000,2.608832e+07,1.818495e+07,1.239977e+02,1.410120e+06,8.849304e+01,,,,5
2018-04-26 09:40:41.000000,2.608834e+07,1.818690e+07,1.239989e+02,1.410121e+06,8.849304e+01,,,,5
2018-04-26 09:40:42.000000,2.608834e+07,1.818534e+07,1.239980e+02,1.410121e+06,8.849304e+01,,,,5
2018-04-26 09:40:43.000000,2.608832e+07,1.818605e+07,1.239983e+02,1.410122e+06,8.849304e+01,,,,5
2018-04-26 09:40:44.000000,2.608832e+07,1.818448e+07,1.239974e+02,1.410122e+06,8.849304e+01,,,,5
2018-04-26 09:40:45.000000,2.608833e+07,1.818441e+07,1.239974e+02,1.410123e+06,8.849304e+01,,,,5
2018-04-26 09:40:46.000000,2.608835e+07,1.818439e+07,1.239973e+02,1.410123e+06,8.849304e+01,,,,5
2018-04-26 09:40:47.000000,2.608836e+07,1.818411e+07,1.239971e+02,1.410124e+06,8.849304e+01,,,,5
2018-04-26 09:40:48.000000,2.608836e+07,1.818532e+07,1.239978e+02,1.410124e+06,8.849304e+01,,,,5
2018-04-26 09:40:49.000000,2.608834e+07,1.818504e+07,1.239978e+02,1.410124e+06,8.849304e+01,,,,5
2018-04-26 09:40:50.000000,2.608835e+07,1.818621e+07,1.239984e+02,1.410125e+06,8.849304e+01,,,,5
2018-04-26 09:40:51.000000,2.608835e+07,1.818502e+07,1.239977e+02,1.410125e+06,8.849304e+01,,,,5
2018-04-26 09:40:52.000000,2.608837e+07,1.818645e+07,1.239986e+02,1.410126e+06,8.849304e+01,,,,5
2018-04-26 09:40:53.000000,2.608837e+07,1.818539e+07,1.239980e+02,1.410126e+06,8.849304e+01,,,,5
2018-04-26 09:40:54.000000,2.608838e+07,1.818709e+07,1.239989e+02,1.410126e+06,8.849304e+01,,,,5
2018-04-26 09:40:55.000000,2.608836e+07,1.818461e+07,1.239974e+02,1.410127e+06,8.849304e+01,,,,5
2018-04-26 09:40:56.000000,2.608837e+07,1.818600e+07,1.239982e+02,1.410127e+06,8.849303e+01,,,,5
2018-04-26 09:40:57.000000,2.608839e+07,1.818432e+07,1.239972e+02,1.410128e+06,8.849303e+01,,,,5
2018-04-26 09:40:58.000000,2.608839e+07,1.818562e+07,1.239979e+02,1.410128e+06,8.849303e+01,,,,5
2018-04-26 09:40:59.000000,2.608840e+07,1.818448e+07,1.239973e+02,1.410129e+06,8.849303e+01,,,,5
2018-04-26 09:41:00.000000,2.608838e+07,1.818501e+07,1.239977e+02,1.410129e+06,8.849303e+01,,,,5
2018-04-26 09:41:01.000000,2.608838e+07,1.818535e+07,1.239979e+02,1.410130e+06,8.849303e+01,,,,5
2018-04-26 09:41:02.000000,2.608839e+07,1.818502e+07,1.239977e+02,1.410130e+06,8.849303e+01,,,,5
2018-04-26 09:41:03.000000,2.608841e+07,1.818562e+07,1.239981e+02,1.410130e+06,8.849303e+01,,,,5
2018-04-26 09:41:04.000000,2.608841e+07,1.818536e+07,1.239980e+02,1.410131e+06,8.849302e+01,,,,5
2018-04-26 09:41:05.000000,2.608841e+07,1.818716e+07,1.239990e+02,1.410131e+06,8.849302e+01,,,,5
2018-04-26 09:41:06.000000,2.608840e+07,1.818464e+07,1.239974e+02,1.410132e+06,8.849302e+01,,,,5
2018-04-26 09:41:07.000000,2.608840e+07,1.818616e+07,1.239982e+02,1.410132e+06,8.849302e+01,,,,5
2018-04-26 09:41:08.000000,2.608840e+07,1.818446e+07,1.239973e+02,1.410133e+06,8.849302e+01,,,,5
2018-04-26 09:41:09.000000,2.608843e+07,1.818585e+07,1.239980e+02,1.410133e+06,8.849301e+01,,,,5
2018-04-26 09:41:10.000000,2.608843e+07,1.818455e+07,1.239973e+02,1.410133e+06,8.849301e+01,,,,5
2018-04-26 09:41:11.000000,2.608842e+07,1.818660e+07,1.239985e+02,1.410134e+06,8.849301e+01,,,,5
2018-04-26 09:41:12.000000,2.608842e+07,1.818554e+07,1.239980e+02,1.410134e+06,8.849301e+01,,,,5
2018-04-26 09:41:13.000000,2.608842e+07,1.818512e+07,1.239978e+02,1.410135e+06,8.849300e+01,,,,5
2018-04-26 09:41:14.000000,2.608845e+07,1.818569e+07,1.239982e+02,1.410135e+06,8.849300e+01,,,,5
2018-04-26 09:41:15.000000,2.608845e+07,1.818542e+07,1.239980e+02,1.410136e+06,8.849300e+01,,,,5
2018-04-26 09:41:16.000000,2.608845e+07,1.818666e+07,1.239987e+02,1.410136e+06,8.849300e+01,,,,5
2018-04-26 09:41:17.000000,2.608843e+07,1.818468e+07,1.239974e+02,1.410136e+06,8.849299e+01,,,,5
2018-04-26 09:41:18.000000,2.608844e+07,1.818569e+07,1.239980e+02,1.410137e+06,8.849299e+01,,,,5
2018-04-26 09:41:19.000000,2.608844e+07,1.818452e+07,1.239973e+02,1.410137e+06,8.849299e+01,,,,5
2018-04-26 09:41:20.000000,2.608846e+07,1.818534e+07,1.239977e+02,1.410138e+06,8.849298e+01,,,,5
2018-04-26 09:41:21.000000,2.608847e+07,1.818426e+07,1.239971e+02,1.410138e+06,8.849298e+01,,,,5
2018-04-26 09:41:22.000000,2.608847e+07,1.818586e+07,1.239980e+02,1.410139e+06,8.849298e+01,,,,5
2018-04-26 09:41:23.000000,2.608846e+07,1.818518e+07,1.239977e+02,1.410139e+06,8.849297e+01,,,,5
2018-04-26 09:41:24.000000,2.608846e+07,1.818518e+07,1.239978e+02,1.410139e+06,8.849297e+01,,,,5
2018-04-26 09:41:25.000000,2.608848e+07,1.818541e+07,1.239980e+02,1.410140e+06,8.849296e+01,,,,5
2018-04-26 09:41:26.000000,2.608848e+07,1.818550e+07,1.239980e+02,1.410140e+06,8.849296e+01,,,,5
2018-04-26 09:41:27.000000,2.608848e+07,1.818577e+07,1.239981e+02,1.410141e+06,8.849296e+01,,,,5
2018-04-26 09:41:28.000000,2.608847e+07,1.818472e+07,1.239975e+02,1.410141e+06,8.849295e+01,,,,5
2018-04-26 09:41:29.000000,2.608847e+07,1.818575e+07,1.239980e+02,1.410142e+06,8.849295e+01,,,,5
2018-04-26 09:41:30.000000,2.608848e+07,1.818454e+07,1.239973e+02,1.410142e+06,8.849294e+01,,,,5
2018-04-26 09:41:31.000000,2.608850e+07,1.818544e+07,1.239978e+02,1.410142e+06,8.849294e+01,,,,5
2018-04-26 09:41:32.000000,2.608850e+07,1.818428e+07,1.239971e+02,1.410143e+06,8.849294e+01,,,,5
2018-04-26 09:41:33.000000,2.608851e+07,1.818604e+07,1.239980e+02,1.410143e+06,8.849293e+01,,,,5
2018-04-26 09:41:34.000000,2.608849e+07,1.818524e+07,1.239977e+02,1.410144e+06,8.849293e+01,,,,5
2018-04-26 09:41:35.000000,2.608849e+07,1.818687e+07,1.239986e+02,1.410144e+06,8.849292e+01,,,,5
2018-04-26 09:41:36.000000,2.608849e+07,1.818553e+07,1.239979e+02,1.410145e+06,8.849292e+01,,,,5
2018-04-26 09:41:37.000000,2.608852e+07,1.818716e+07,1.239988e+02,1.410145e+06,8.849291e+01,,,,5
2018-04-26 09:41:38.000000,2.608852e+07,1.818592e+07,1.239981e+02,1.410145e+06,8.849291e+01,,,,5
2018-04-26 09:41:39.000000,2.608850e+07,1.818621e+07,1.239982e+02,1.410146e+06,8.849290e+01,,,,5
2018-04-26 09:41:40.000000,2.608851e+07,1.818503e+07,1.239976e+02,1.410146e+06,8.849290e+01,,,,5
2018-04-26 09:41:41.000000,2.608851e+07,1.818459e+07,1.239973e+02,1.410147e+06,8.849289e+01,,,,5
2018-04-26 09:41:42.000000,2.608853e+07,1.818462e+07,1.239972e+02,1.410147e+06,8.849289e+01,,,,5
2018-04-26 09:41:43.000000,2.608854e+07,1.818429e+07,1.239971e+02,1.410148e+06,8.849288e+01,,,,5
2018-04-26 09:41:44.000000,2.608854e+07,1.818548e+07,1.239977e+02,1.410148e+06,8.849287e+01,,,,5
2018-04-26 09:41:45.000000,2.608852e+07,1.818522e+07,1.239977e+02,1.410148e+06,8.849287e+01,,,,5
2018-04-26 09:41:46.000000,2.608852e+07,1.818637e+07,1.239984e+02,1.410149e+06,8.849286e+01,,,,5
2018-04-26 09:41:47.000000,2.608853e+07,1.818523e+07,1.239977e+02,1.410149e+06,8.849286e+01,,,,5
2018-04-26 09:41:48.000000,2.608855e+07,1.818718e+07,1.239988e+02,1.410150e+06,8.849285e+01,,,,5
2018-04-26 09:41:49.000000,2.608856e+07,1.818563e+07,1.239980e+02,1.410150e+06,8.849285e+01,,,,5
2018-04-26 09:41:50.000000,2.608856e+07,1.818560e+07,1.239980e+02,1.410150e+06,8.849284e+01,,,,5
2018-04-26 09:41:51.000000,2.608854e+07,1.818469e+07,1.239974e+02,1.410151e+06,8.849283e+01,,,,5
2018-04-26 09:41:52.000000,2.608855e+07,1.818470e+07,1.239974e+02,1.410151e+06,8.849283e+01,,,,5
2018-04-26 09:41:53.000000,2.608857e+07,1.818467e+07,1.239972e+02,1.410152e+06,8.849282e+01,,,,5
2018-04-26 09:41:54.000000,2.608857e+07,1.818439e+07,1.239971e+02,1.410152e+06,8.849281e+01,,,,5
2018-04-26 09:41:55.000000,2.608857e+07,1.818559e+07,1.239977e+02,1.410153e+06,8.849281e+01,,,,5
2018-04-26 09:41:56.000000,2.608856e+07,1.818532e+07,1.239977e+02,1.410153e+06,8.849280e+01,,,,5
2018-04-26 09:41:57.000000,2.608856e+07,1.818649e+07,1.239984e+02,1.410153e+06,8.849279e+01,,,,5
2018-04-26 09:41:58.000000,2.608856e+07,1.818530e+07,1.239977e+02,1.410154e+06,8.849279e+01,,,,5
2018-04-26 09:41:59.000000,2.608859e+07,1.818671e+07,1.239985e+02,1.410154e+06,8.849278e+01,,,,5
2018-04-26 09:42:00.000000,2.608858e+07,1.818567e+07,1.239979e+02,1.410155e+06,8.849277e+01,,,,5
2018-04-26 09:42:01.000000,2.608859e+07,1.818737e+07,1.239989e+02,1.410155e+06,8.849277e+01,,,,5
2018-04-26 09:42:02.000000,2.608858e+07,1.818491e+07,1.239974e+02,1.410155e+06,8.849276e+01,,,,5
2018-04-26 09:42:03.000000,2.608858e+07,1.818628e+07,1.239982e+02,1.410156e+06,8.849275e+01,,,,5
2018-04-26 09:42:04.000000,2.608858e+07,1.818503e+07,1.239975e+02,1.410156e+06,8.849274e+01,,,,5
2018-04-26 09:42:05.000000,2.608860e+07,1.818597e+07,1.239979e+02,1.410157e+06,8.849274e+01,,,,5
2018-04-26 09:42:06.000000,2.608861e+07,1.818478e+07,1.239972e+02,1.410157e+06,8.849273e+01,,,,5
2018-04-26 09:42:07.000000,2.608859e+07,1.818529e+07,1.239976e+02,1.410158e+06,8.849272e+01,,,,5
2018-04-26 09:42:08.000000,2.608859e+07,1.818563e+07,1.239979e+02,1.410158e+06,8.849271e+01,,,,5
2018-04-26 09:42:09.000000,2.608860e+07,1.818530e+07,1.239977e+02,1.410158e+06,8.849271e+01,,,,5
2018-04-26 09:42:10.000000,2.608861e+07,1.818590e+07,1.239981e+02,1.410159e+06,8.849270e+01,,,,5
2018-04-26 09:42:11.000000,2.608862e+07,1.818563e+07,1.239979e+02,1.410159e+06,8.849269e+01,,,,5
2018-04-26 09:42:12.000000,2.608862e+07,1.818742e+07,1.239989e+02,1.410160e+06,8.849268e+01,,,,5
2018-04-26 09:42:13.000000,2.608861e+07,1.818491e+07,1.239974e+02,1.410160e+06,8.849267e+01,,,,5
2018-04-26 09:42:14.000000,2.608861e+07,1.818643e+07,1.239982e+02,1.410160e+06,8.849267e+01,,,,5
2018-04-26 09:42:15.000000,2.608861e+07,1.818473e+07,1.239973e+02,1.410161e+06,8.849266e+01,,,,5
2018-04-26 09:42:16.000000,2.608864e+07,1.818610e+07,1.239979e+02,1.410161e+06,8.849265e+01,,,,5
2018-04-26 09:42:17.000000,2.608864e+07,1.818483e+07,1.239972e+02,1.410162e+06,8.849264e+01,,,,5
2018-04-26 09:42:18.000000,2.608864e+07,1.818446e+07,1.239971e+02,1.410162e+06,8.849263e+01,,,,5
2018-04-26 09:42:19.000000,2.608862e+07,1.818561e+07,1.239978e+02,1.410162e+06,8.849262e+01,,,,5
2018-04-26 09:42:20.000000,2.608863e+07,1.818540e+07,1.239977e+02,1.410163e+06,8.849261e+01,,,,5
2018-04-26 09:42:21.000000,2.608865e+07,1.818596e+07,1.239981e+02,1.410163e+06,8.849261e+01,,,,5
2018-04-26 09:42:22.000000,2.608865e+07,1.818569e+07,1.239979e+02,1.410164e+06,8.849260e+01,,,,5
2018-04-26 09:42:23.000000,2.608866e+07,1.818692e+07,1.239986e+02,1.410164e+06,8.849259e+01,,,,5
2018-04-26 09:42:24.000000,2.608864e+07,1.818496e+07,1.239974e+02,1.410165e+06,8.849258e+01,,,,5
2018-04-26 09:42:25.000000,2.608864e+07,1.818596e+07,1.239980e+02,1.410165e+06,8.849257e+01,,,,5
2018-04-26 09:42:26.000000,2.608865e+07,1.818481e+07,1.239973e+02,1.410165e+06,8.849256e+01,,,,5
2018-04-26 09:42:27.000000,2.608867e+07,1.818560e+07,1.239977e+02,1.410166e+06,8.849255e+01,,,,5
2018-04-26 09:42:28.000000,2.608867e+07,1.818453e+07,1.239970e+02,1.410166e+06,8.849254e+01,,,,5
2018-04-26 09:42:29.000000,2.608867e+07,1.818611e+07,1.239979e+02,1.410167e+06,8.849253e+01,,,,5
2018-04-26 09:42:30.000000,2.608866e+07,1.818545e+07,1.239977e+02,1.410167e+06,8.849252e+01,,,,5
2018-04-26 09:42:31.000000,2.608866e+07,1.818545e+07,1.239977e+02,1.410167e+06,8.849251e+01,,,,5
2018-04-26 09:42:32.000000,2.608868e+07,1.818568e+07,1.239979e+02,1.410168e+06,8.849250e+01,,,,5
2018-04-26 09:42:33.000000,2.608868e+07,1.818576e+07,1.239980e+02,1.410168e+06,8.849249e+01,,,,5
2018-04-26 09:42:34.000000,2.608869e+07,1.818604e+07,1.239981e+02,1.410169e+06,8.849249e+01,,,,5
2018-04-26 09:42:35.000000,2.608868e+07,1.818499e+07,1.239974e+02,1.410169e+06,8.849247e+01,,,,5
2018-04-26 09:42:36.000000,2.608867e+07,1.818600e+07,1.239979e+02,1.410169e+06,8.849247e+01,,,,5
2018-04-26 09:42:37.000000,2.608868e+07,1.818480e+07,1.239973e+02,1.410170e+06,8.849246e+01,,,,5
2018-04-26 09:42:38.000000,2.608870e+07,1.818570e+07,1.239977e+02,1.410170e+06,8.849245e+01,,,,5
2018-04-26 09:42:39.000000,2.608870e+07,1.818455e+07,1.239970e+02,1.410171e+06,8.849244e+01,,,,5
2018-04-26 09:42:40.000000,2.608871e+07,1.818629e+07,1.239980e+02,1.410171e+06,8.849243e+01,,,,5
2018-04-26 09:42:41.000000,2.608869e+07,1.818551e+07,1.239977e+02,1.410171e+06,8.849241e+01,,,,5
2018-04-26 09:42:42.000000,2.608870e+07,1.818714e+07,1.239986e+02,1.410172e+06,8.849240e+01,,,,5
2018-04-26 09:42:43.000000,2.608869e+07,1.818580e+07,1.239979e+02,1.410172e+06,8.849239e+01,,,,5
2018-04-26 09:42:44.000000,2.608872e+07,1.818742e+07,1.239988e+02,1.410173e+06,8.849238e+01,,,,5
2018-04-26 09:42:45.000000,2.608872e+07,1.818618e+07,1.239981e+02,1.410173e+06,8.849237e+01,,,,5
2018-04-26 09:42:46.000000,2.608870e+07,1.818647e+07,1.239981e+02,1.410173e+06,8.849236e+01,,,,5
2018-04-26 09:42:47.000000,2.608871e+07,1.818530e+07,1.239975e+02,1.410174e+06,8.849235e+01,,,,5
2018-04-26 09:42:48.000000,2.608871e+07,1.818485e+07,1.239973e+02,1.410174e+06,8.849234e+01,,,,5
2018-04-26 09:42:49.000000,2.608873e+07,1.818488e+07,1.239972e+02,1.410174e+06,8.849233e+01,,,,5
2018-04-26 09:42:50.000000,2.608874e+07,1.818456e+07,1.239970e+02,1.410175e+06,8.849232e+01,,,,5
2018-04-26 09:42:51.000000,2.608874e+07,1.818574e+07,1.239977e+02,1.410175e+06,8.849231e+01,,,,5
2018-04-26 09:42:52.000000,2.608872e+07,1.818548e+07,1.239977e+02,1.410176e+06,8.849230e+01,,,,5
2018-04-26 09:42:53.000000,2.608872e+07,1.818663e+07,1.239983e+02,1.410176e+06,8.849229e+01,,,,5
2018-04-26 09:42:54.000000,2.608873e+07,1.818550e+07,1.239977e+02,1.410176e+06,8.849228e+01,,,,5
2018-04-26 09:42:55.000000,2.608875e+07,1.818745e+07,1.239988e+02,1.410177e+06,8.849226e+01,,,,5
2018-04-26 09:42:56.000000,2.608875e+07,1.818590e+07,1.239980e+02,1.410177e+06,8.849225e+01,,,,5
2018-04-26 09:42:57.000000,2.608875e+07,1.818586e+07,1.239980e+02,1.410178e+06,8.849224e+01,,,,5
2018-04-26 09:42:58.000000,2.608874e+07,1.818495e+07,1.239973e+02,1.410178e+06,8.849223e+01,,,,5
2018-04-26 09:42:59.000000,2.608874e+07,1.818496e+07,1.239973e+02,1.410178e+06,8.849222e+01,,,,5
2018-04-26 09:43:00.000000,2.608876e+07,1.818493e+07,1.239972e+02,1.410179e+06,8.849221e+01,,,,5
2018-04-26 09:43:01.000000,2.608877e+07,1.818465e+07,1.239971e+02,1.410179e+06,8.849220e+01,,,,5
2018-04-26 09:43:02.000000,2.608877e+07,1.818585e+07,1.239977e+02,1.410179e+06,8.849218e+01,,,,5
2018-04-26 09:43:03.000000,2.608875e+07,1.818558e+07,1.239977e+02,1.410180e+06,8.849217e+01,,,,5
2018-04-26 09:43:04.000000,2.608876e+07,1.818675e+07,1.239984e+02,1.410180e+06,8.849216e+01,,,,5
2018-04-26 09:43:05.000000,2.608876e+07,1.818556e+07,1.239977e+02,1.410181e+06,8.849215e+01,,,,5
2018-04-26 09:43:06.000000,2.608878e+07,1.818697e+07,1.239985e+02,1.410181e+06,8.849214e+01,,,,5
2018-04-26 09:43:07.000000,2.608878e+07,1.818593e+07,1.239979e+02,1.410181e+06,8.849213e+01,,,,5
2018-04-26 09:43:08.000000,2.608879e+07,1.818762e+07,1.239989e+02,1.410182e+06,8.849211e+01,,,,5
2018-04-26 09:43:09.000000,2.608877e+07,1.818516e+07,1.239974e+02,1.410182e+06,8.849210e+01,,,,5
2018-04-26 09:43:10.000000,2.608877e+07,1.818651e+07,1.239981e+02,1.410183e+06,8.849209e+01,,,,5
2018-04-26 09:43:11.000000,2.608878e+07,1.818528e+07,1.239974e+02,1.410183e+06,8.849208e+01,,,,5
2018-04-26 09:43:12.000000,2.608879e+07,1.818622e+07,1.239979e+02,1.410183e+06,8.849206e+01,,,,5
2018-04-26 09:43:13.000000,2.608880e+07,1.818502e+07,1.239972e+02,1.410184e+06,8.849205e+01,,,,5
2018-04-26 09:43:14.000000,2.608878e+07,1.818554e+07,1.239976e+02,1.410184e+06,8.849204e+01,,,,5
2018-04-26 09:43:15.000000,2.608879e+07,1.818588e+07,1.239978e+02,1.410184e+06,8.849203e+01,,,,5
2018-04-26 09:43:16.000000,2.608879e+07,1.818555e+07,1.239976e+02,1.410185e+06,8.849202e+01,,,,5
2018-04-26 09:43:17.000000,2.608881e+07,1.818614e+07,1.239980e+02,1.410185e+06,8.849200e+01,,,,5
2018-04-26 09:43:18.000000,2.608882e+07,1.818589e+07,1.239979e+02,1.410186e+06,8.849199e+01,,,,5
2018-04-26 09:43:19.000000,2.608881e+07,1.818767e+07,1.239989e+02,1.410186e+06,8.849198e+01,,,,5
2018-04-26 09:43:20.000000,2.608880e+07,1.818519e+07,1.239974e+02,1.410186e+06,8.849197e+01,,,,5
2018-04-26 09:43:21.000000,2.608880e+07,1.818668e+07,1.239981e+02,1.410187e+06,8.849195e+01,,,,5
2018-04-26 09:43:22.000000,2.608880e+07,1.818498e+07,1.239972e+02,1.410187e+06,8.849194e+01,,,,5
2018-04-26 09:43:23.000000,2.608883e+07,1.818636e+07,1.239979e+02,1.410187e+06,8.849193e+01,,,,5
2018-04-26 09:43:24.000000,2.608883e+07,1.818510e+07,1.239972e+02,1.410188e+06,8.849191e+01,,,,5
2018-04-26 09:43:25.000000,2.608883e+07,1.818471e+07,1.239970e+02,1.410188e+06,8.849190e+01,,,,5
2018-04-26 09:43:26.000000,2.608881e+07,1.818586e+07,1.239977e+02,1.410188e+06,8.849189e+01,,,,5
2018-04-26 09:43:27.000000,2.608882e+07,1.818565e+07,1.239977e+02,1.410189e+06,8.849188e+01,,,,5
2018-04-26 09:43:28.000000,2.608884e+07,1.818621e+07,1.239981e+02,1.410189e+06,8.849186e+01,,,,5
2018-04-26 09:43:29.000000,2.608884e+07,1.818594e+07,1.239979e+02,1.410190e+06,8.849185e+01,,,,5
2018-04-26 09:43:30.000000,2.608885e+07,1.818717e+07,1.239986e+02,1.410190e+06,8.849184e+01,,,,5
2018-04-26 09:43:31.000000,2.608883e+07,1.818521e+07,1.239973e+02,1.410190e+06,8.849182e+01,,,,5
2018-04-26 09:43:32.000000,2.608883e+07,1.818621e+07,1.239979e+02,1.410191e+06,8.849181e+01,,,,5
2018-04-26 09:43:33.000000,2.608884e+07,1.818506e+07,1.239972e+02,1.410191e+06,8.849180e+01,,,,5
2018-04-26 09:43:34.000000,2.608886e+07,1.818585e+07,1.239976e+02,1.410191e+06,8.849178e+01,,,,5
2018-04-26 09:43:35.000000,2.608886e+07,1.818478e+07,1.239970e+02,1.410192e+06,8.849177e+01,,,,5
2018-04-26 09:43:36.000000,2.608886e+07,1.818636e+07,1.239979e+02,1.410192e+06,8.849176e+01,,,,5
2018-04-26 09:43:37.000000,2.608885e+07,1.818570e+07,1.239976e+02,1.410192e+06,8.849174e+01,,,,5
2018-04-26 09:43:38.000000,2.608885e+07,1.818570e+07,1.239977e+02,1.410193e+06,8.849173e+01,,,,5
2018-04-26 09:43:39.000000,2.608885e+07,1.818599e+07,1.239978e+02,1.410193e+06,8.849172e+01,,,,5
2018-04-26 09:43:40.000000,2.608887e+07,1.818602e+07,1.239979e+02,1.410193e+06,8.849170e+01,,,,5
2018-04-26 09:43:41.000000,2.608887e+07,1.818628e+07,1.239980e+02,1.410194e+06,8.849169e+01,,,,5
2018-04-26 09:43:42.000000,2.608886e+07,1.818523e+07,1.239974e+02,1.410194e+06,8.849167e+01,,,,5
2018-04-26 09:43:43.000000,2.608886e+07,1.818625e+07,1.239979e+02,1.410195e+06,8.849166e+01,,,,5
2018-04-26 09:43:44.000000,2.608887e+07,1.818506e+07,1.239972e+02,1.410195e+06,8.849165e+01,,,,5
2018-04-26 09:43:45.000000,2.608888e+07,1.818594e+07,1.239977e+02,1.410195e+06,8.849163e+01,,,,5
2018-04-26 09:43:46.000000,2.608889e+07,1.818479e+07,1.239970e+02,1.410196e+06,8.849162e+01,,,,5
2018-04-26 09:43:47.000000,2.608889e+07,1.818653e+07,1.239980e+02,1.410196e+06,8.849161e+01,,,,5
2018-04-26 09:43:48.000000,2.608887e+07,1.818575e+07,1.239976e+02,1.410196e+06,8.849159e+01,,,,5
2018-04-26 09:43:49.000000,2.608888e+07,1.818738e+07,1.239985e+02,1.410197e+06,8.849158e+01,,,,5
2018-04-26 09:43:50.000000,2.608888e+07,1.818604e+07,1.239978e+02,1.410197e+06,8.849156e+01,,,,5
2018-04-26 09:43:51.000000,2.608890e+07,1.818764e+07,1.239987e+02,1.410197e+06,8.849155e+01,,,,5
2018-04-26 09:43:52.000000,2.608890e+07,1.818642e+07,1.239981e+02,1.410198e+06,8.849154e+01,,,,5
2018-04-26 09:43:53.000000,2.608890e+07,1.818599e+07,1.239979e+02,1.410198e+06,8.849152e+01,,,,5
2018-04-26 09:43:54.000000,2.608889e+07,1.818548e+07,1.239974e+02,1.410198e+06,8.849151e+01,,,,5
2018-04-26 09:43:55.000000,2.608889e+07,1.818509e+07,1.239972e+02,1.410199e+06,8.849149e+01,,,,5
2018-04-26 09:43:56.000000,2.608891e+07,1.818512e+07,1.239971e+02,1.410199e+06,8.849148e+01,,,,5
2018-04-26 09:43:57.000000,2.608892e+07,1.818480e+07,1.239970e+02,1.410199e+06,8.849146e+01,,,,5
2018-04-26 09:43:58.000000,2.608892e+07,1.818597e+07,1.239976e+02,1.410200e+06,8.849145e+01,,,,5
2018-04-26 09:43:59.000000,2.608890e+07,1.818572e+07,1.239976e+02,1.410200e+06,8.849144e+01,,,,5
2018-04-26 09:44:00.000000,2.608890e+07,1.818686e+07,1.239983e+02,1.410200e+06,8.849142e+01,,,,5
2018-04-26 09:44:01.000000,2.608891e+07,1.818575e+07,1.239976e+02,1.410201e+06,8.849141e+01,,,,5
2018-04-26 09:44:02.000000,2.608893e+07,1.818768e+07,1.239987e+02,1.410201e+06,8.849139e+01,,,,5
2018-04-26 09:44:03.000000,2.608893e+07,1.818613e+07,1.239979e+02,1.410201e+06,8.849138e+01,,,,5
2018-04-26 09:44:04.000000,2.608893e+07,1.818610e+07,1.239979e+02,1.410202e+06,8.849136e+01,,,,5
2018-04-26 09:44:05.000000,2.608891e+07,1.818518e+07,1.239973e+02,1.410202e+06,8.849135e+01,,,,5
2018-04-26 09:44:06.000000,2.608892e+07,1.818519e+07,1.239973e+02,1.410202e+06,8.849133e+01,,,,5
2018-04-26 09:44:07.000000,2.608894e+07,1.818516e+07,1.239971e+02,1.410203e+06,8.849132e+01,,,,5
2018-04-26 09:44:08.000000,2.608895e+07,1.818488e+07,1.239970e+02,1.410203e+06,8.849131e+01,,,,5
2018-04-26 09:44:09.000000,2.608894e+07,1.818608e+07,1.239977e+02,1.410203e+06,8.849129e+01,,,,5
2018-04-26 09:44:10.000000,2.608893e+07,1.818581e+07,1.239977e+02,1.410204e+06,8.849128e+01,,,,5
2018-04-26 09:44:11.000000,2.608893e+07,1.818697e+07,1.239983e+02,1.410204e+06,8.849126e+01,,,,5
2018-04-26 09:44:12.000000,2.608893e+07,1.818579e+07,1.239976e+02,1.410204e+06,8.849125e+01,,,,5
2018-04-26 09:44:13.000000,2.608896e+07,1.818720e+07,1.239984e+02,1.410205e+06,8.849123e+01,,,,5
2018-04-26 09:44:14.000000,2.608895e+07,1.818616e+07,1.239979e+02,1.410205e+06,8.849122e+01,,,,5
2018-04-26 09:44:15.000000,2.608896e+07,1.818783e+07,1.239988e+02,1.410205e+06,8.849120e+01,,,,5
2018-04-26 09:44:16.000000,2.608895e+07,1.818540e+07,1.239973e+02,1.410206e+06,8.849119e+01,,,,5
2018-04-26 09:44:17.000000,2.608895e+07,1.818674e+07,1.239981e+02,1.410206e+06,8.849117e+01,,,,5
2018-04-26 09:44:18.000000,2.608895e+07,1.818552e+07,1.239974e+02,1.410206e+06,8.849116e+01,,,,5
2018-04-26 09:44:19.000000,2.608897e+07,1.818644e+07,1.239978e+02,1.410207e+06,8.849114e+01,,,,5
2018-04-26 09:44:20.000000,2.608897e+07,1.818526e+07,1.239971e+02,1.410207e+06,8.849113e+01,,,,5
2018-04-26 09:44:21.000000,2.608896e+07,1.818577e+07,1.239976e+02,1.410207e+06,8.849111e+01,,,,5
2018-04-26 09:44:22.000000,2.608896e+07,1.818611e+07,1.239978e+02,1.410208e+06,8.849110e+01,,,,5
2018-04-26 09:44:23.000000,2.608896e+07,1.818578e+07,1.239976e+02,1.410208e+06,8.849108e+01,,,,5
2018-04-26 09:44:24.000000,2.608898e+07,1.818637e+07,1.239980e+02,1.410208e+06,8.849107e+01,,,,5
2018-04-26 09:44:25.000000,2.608899e+07,1.818612e+07,1.239978e+02,1.410209e+06,8.849105e+01,,,,5
2018-04-26 09:44:26.000000,2.608899e+07,1.818790e+07,1.239988e+02,1.410209e+06,8.849104e+01,,,,5
2018-04-26 09:44:27.000000,2.608897e+07,1.818542e+07,1.239973e+02,1.410209e+06,8.849102e+01,,,,5
2018-04-26 09:44:28.000000,2.608897e+07,1.818689e+07,1.239981e+02,1.410210e+06,8.849101e+01,,,,5
2018-04-26 09:44:29.000000,2.608897e+07,1.818521e+07,1.239972e+02,1.410210e+06,8.849099e+01,,,,5
2018-04-26 09:44:30.000000,2.608900e+07,1.818658e+07,1.239978e+02,1.410210e+06,8.849098e+01,,,,5
2018-04-26 09:44:31.000000,2.608900e+07,1.818532e+07,1.239971e+02,1.410210e+06,8.849096e+01,,,,5
2018-04-26 09:44:32.000000,2.608900e+07,1.818494e+07,1.239970e+02,1.410211e+06,8.849095e+01,,,,5
2018-04-26 09:44:33.000000,2.608898e+07,1.818609e+07,1.239977e+02,1.410211e+06,8.849093e+01,,,,5
2018-04-26 09:44:34.000000,2.608899e+07,1.818587e+07,1.239976e+02,1.410211e+06,8.849091e+01,,,,5
2018-04-26 09:44:35.000000,2.608901e+07,1.818644e+07,1.239980e+02,1.410212e+06,8.849090e+01,,,,5
2018-04-26 09:44:36.000000,2.608901e+07,1.818616e+07,1.239978e+02,1.410212e+06,8.849088e+01,,,,5
2018-04-26 09:44:37.000000,2.608902e+07,1.818739e+07,1.239985e+02,1.410212e+06,8.849087e+01,,,,5
2018-04-26 09:44:38.000000,2.608899e+07,1.818545e+07,1.239973e+02,1.410213e+06,8.849085e+01,,,,5
2018-04-26 09:44:39.000000,2.608900e+07,1.818643e+07,1.239979e+02,1.410213e+06,8.849084e+01,,,,5
2018-04-26 09:44:40.000000,2.608900e+07,1.818528e+07,1.239972e+02,1.410213e+06,8.849082e+01,,,,5
2018-04-26 09:44:41.000000,2.608902e+07,1.818607e+07,1.239976e+02,1.410214e+06,8.849081e+01,,,,5
2018-04-26 09:44:42.000000,2.608903e+07,1.818502e+07,1.239969e+02,1.410214e+06,8.849079e+01,,,,5
2018-04-26 09:44:43.000000,2.608902e+07,1.818658e+07,1.239978e+02,1.410214e+06,8.849078e+01,,,,5
2018-04-26 09:44:44.000000,2.608902e+07,1.818592e+07,1.239976e+02,1.410214e+06,8.849076e+01,,,,5
2018-04-26 09:44:45.000000,2.608901e+07,1.818591e+07,1.239976e+02,1.410215e+06,8.849074e+01,,,,5
2018-04-26 09:44:46.000000,2.608902e+07,1.818621e+07,1.239978e+02,1.410215e+06,8.849073e+01,,,,5
2018-04-26 09:44:47.000000,2.608904e+07,1.818623e+07,1.239979e+02,1.410215e+06,8.849071e+01,,,,5
2018-04-26 09:44:48.000000,2.608904e+07,1.818650e+07,1.239980e+02,1.410216e+06,8.849070e+01,,,,5
2018-04-26 09:44:49.000000,2.608903e+07,1.818546e+07,1.239973e+02,1.410216e+06,8.849068e+01,,,,5
2018-04-26 09:44:50.000000,2.608903e+07,1.818646e+07,1.239978e+02,1.410216e+06,8.849067e+01,,,,5
2018-04-26 09:44:51.000000,2.608903e+07,1.818528e+07,1.239972e+02,1.410217e+06,8.849065e+01,,,,5
2018-04-26 09:44:52.000000,2.608905e+07,1.818616e+07,1.239976e+02,1.410217e+06,8.849063e+01,,,,5
2018-04-26 09:44:53.000000,2.608905e+07,1.818501e+07,1.239969e+02,1.410217e+06,8.849062e+01,,,,5
2018-04-26 09:44:54.000000,2.608906e+07,1.818674e+07,1.239979e+02,1.410217e+06,8.849060e+01,,,,5
2018-04-26 09:44:55.000000,2.608904e+07,1.818598e+07,1.239976e+02,1.410218e+06,8.849059e+01,,,,5
2018-04-26 09:44:56.000000,2.608904e+07,1.818759e+07,1.239985e+02,1.410218e+06,8.849057e+01,,,,5
2018-04-26 09:44:57.000000,2.608904e+07,1.818626e+07,1.239978e+02,1.410218e+06,8.849056e+01,,,,5
2018-04-26 09:44:58.000000,2.608906e+07,1.818786e+07,1.239987e+02,1.410219e+06,8.849054e+01,,,,5
2018-04-26 09:44:59.000000,2.608907e+07,1.818665e+07,1.239980e+02,1.410219e+06,8.849052e+01,,,,5
2018-04-26 09:45:00.000000,2.608907e+07,1.818620e+07,1.239978e+02,1.410219e+06,8.849051e+01,,,,5
2018-04-26 09:45:01.000000,2.608905e+07,1.818569e+07,1.239973e+02,1.410219e+06,8.849049e+01,,,,5
2018-04-26 09:45:02.000000,2.608905e+07,1.818530e+07,1.239972e+02,1.410220e+06,8.849048e+01,,,,5
2018-04-26 09:45:03.000000,2.608908e+07,1.818533e+07,1.239971e+02,1.410220e+06,8.849046e+01,,,,5
2018-04-26 09:45:04.000000,2.608908e+07,1.818501e+07,1.239969e+02,1.410220e+06,8.849044e+01,,,,5
2018-04-26 09:45:05.000000,2.608908e+07,1.818618e+07,1.239976e+02,1.410221e+06,8.849043e+01,,,,5
2018-04-26 09:45:06.000000,2.608906e+07,1.818593e+07,1.239976e+02,1.410221e+06,8.849041e+01,,,,5
2018-04-26 09:45:07.000000,2.608906e+07,1.818707e+07,1.239982e+02,1.410221e+06,8.849040e+01,,,,5
2018-04-26 09:45:08.000000,2.608907e+07,1.818596e+07,1.239976e+02,1.410221e+06,8.849038e+01,,,,5
2018-04-26 09:45:09.000000,2.608909e+07,1.818787e+07,1.239987e+02,1.410222e+06,8.849037e+01,,,,5
2018-04-26 09:45:10.000000,2.608909e+07,1.818635e+07,1.239979e+02,1.410222e+06,8.849035e+01,,,,5
2018-04-26 09:45:11.000000,2.608909e+07,1.818631e+07,1.239979e+02,1.410222e+06,8.849033e+01,,,,5
2018-04-26 09:45:12.000000,2.608907e+07,1.818540e+07,1.239972e+02,1.410223e+06,8.849032e+01,,,,5
2018-04-26 09:45:13.000000,2.608908e+07,1.818540e+07,1.239972e+02,1.410223e+06,8.849030e+01,,,,5
2018-04-26 09:45:14.000000,2.608908e+07,1.818663e+07,1.239978e+02,1.410223e+06,8.849029e+01,,,,5
2018-04-26 09:45:15.000000,2.608910e+07,1.818519e+07,1.239971e+02,1.410223e+06,8.849027e+01,,,,5
2018-04-26 09:45:16.000000,2.608910e+07,1.818628e+07,1.239976e+02,1.410224e+06,8.849025e+01,,,,5
2018-04-26 09:45:17.000000,2.608909e+07,1.818602e+07,1.239976e+02,1.410224e+06,8.849024e+01,,,,5
2018-04-26 09:45:18.000000,2.608909e+07,1.818718e+07,1.239982e+02,1.410224e+06,8.849022e+01,,,,5
2018-04-26 09:45:19.000000,2.608909e+07,1.818601e+07,1.239976e+02,1.410225e+06,8.849021e+01,,,,5
2018-04-26 09:45:20.000000,2.608912e+07,1.818741e+07,1.239984e+02,1.410225e+06,8.849019e+01,,,,5
2018-04-26 09:45:21.000000,2.608911e+07,1.818637e+07,1.239978e+02,1.410225e+06,8.849017e+01,,,,5
2018-04-26 09:45:22.000000,2.608912e+07,1.818804e+07,1.239988e+02,1.410225e+06,8.849016e+01,,,,5
2018-04-26 09:45:23.000000,2.608910e+07,1.818563e+07,1.239973e+02,1.410226e+06,8.849014e+01,,,,5
2018-04-26 09:45:24.000000,2.608910e+07,1.818695e+07,1.239980e+02,1.410226e+06,8.849013e+01,,,,5
2018-04-26 09:45:25.000000,2.608911e+07,1.818573e+07,1.239973e+02,1.410226e+06,8.849011e+01,,,,5
2018-04-26 09:45:26.000000,2.608912e+07,1.818665e+07,1.239978e+02,1.410226e+06,8.849009e+01,,,,5
2018-04-26 09:45:27.000000,2.608913e+07,1.818547e+07,1.239971e+02,1.410227e+06,8.849008e+01,,,,5
2018-04-26 09:45:28.000000,2.608913e+07,1.818506e+07,1.239969e+02,1.410227e+06,8.849006e+01,,,,5
2018-04-26 09:45:29.000000,2.608912e+07,1.818625e+07,1.239976e+02,1.410227e+06,8.849005e+01,,,,5
2018-04-26 09:45:30.000000,2.608912e+07,1.818598e+07,1.239976e+02,1.410227e+06,8.849003e+01,,,,5
2018-04-26 09:45:31.000000,2.608913e+07,1.818657e+07,1.239980e+02,1.410228e+06,8.849001e+01,,,,5
2018-04-26 09:45:32.000000,2.608914e+07,1.818632e+07,1.239978e+02,1.410228e+06,8.849000e+01,,,,5
2018-04-26 09:45:33.000000,2.608914e+07,1.818808e+07,1.239988e+02,1.410228e+06,8.848998e+01,,,,5
2018-04-26 09:45:34.000000,2.608913e+07,1.818562e+07,1.239973e+02,1.410229e+06,8.848996e+01,,,,5
2018-04-26 09:45:35.000000,2.608913e+07,1.818709e+07,1.239980e+02,1.410229e+06,8.848995e+01,,,,5
2018-04-26 09:45:36.000000,2.608913e+07,1.818543e+07,1.239971e+02,1.410229e+06,8.848993e+01,,,,5
2018-04-26 09:45:37.000000,2.608915e+07,1.818678e+07,1.239978e+02,1.410229e+06,8.848992e+01,,,,5
2018-04-26 09:45:38.000000,2.608915e+07,1.818552e+07,1.239971e+02,1.410230e+06,8.848990e+01,,,,5
2018-04-26 09:45:39.000000,2.608916e+07,1.818514e+07,1.239969e+02,1.410230e+06,8.848989e+01,,,,5
2018-04-26 09:45:40.000000,2.608914e+07,1.818628e+07,1.239976e+02,1.410230e+06,8.848987e+01,,,,5
2018-04-26 09:45:41.000000,2.608914e+07,1.818607e+07,1.239976e+02,1.410230e+06,8.848985e+01,,,,5
2018-04-26 09:45:42.000000,2.608916e+07,1.818663e+07,1.239980e+02,1.410231e+06,8.848984e+01,,,,5
2018-04-26 09:45:43.000000,2.608916e+07,1.818636e+07,1.239978e+02,1.410231e+06,8.848982e+01,,,,5
2018-04-26 09:45:44.000000,2.608917e+07,1.818759e+07,1.239985e+02,1.410231e+06,8.848981e+01,,,,5
2018-04-26 09:45:45.000000,2.608915e+07,1.818565e+07,1.239972e+02,1.410231e+06,8.848979e+01,,,,5
2018-04-26 09:45:46.000000,2.608915e+07,1.818661e+07,1.239977e+02,1.410232e+06,8.848977e+01,,,,5
2018-04-26 09:45:47.000000,2.608915e+07,1.818548e+07,1.239971e+02,1.410232e+06,8.848976e+01,,,,5
2018-04-26 09:45:48.000000,2.608917e+07,1.818627e+07,1.239975e+02,1.410232e+06,8.848974e+01,,,,5
2018-04-26 09:45:49.000000,2.608918e+07,1.818522e+07,1.239969e+02,1.410232e+06,8.848972e+01,,,,5
2018-04-26 09:45:50.000000,2.608917e+07,1.818676e+07,1.239978e+02,1.410233e+06,8.848971e+01,,,,5
2018-04-26 09:45:51.000000,2.608916e+07,1.818612e+07,1.239975e+02,1.410233e+06,8.848969e+01,,,,5
2018-04-26 09:45:52.000000,2.608916e+07,1.818611e+07,1.239976e+02,1.410233e+06,8.848968e+01,,,,5
2018-04-26 09:45:53.000000,2.608917e+07,1.818640e+07,1.239977e+02,1.410233e+06,8.848966e+01,,,,5
2018-04-26 09:45:54.000000,2.608919e+07,1.818643e+07,1.239978e+02,1.410234e+06,8.848964e+01,,,,5
2018-04-26 09:45:55.000000,2.608919e+07,1.818670e+07,1.239979e+02,1.410234e+06,8.848963e+01,,,,5
2018-04-26 09:45:56.000000,2.608918e+07,1.818565e+07,1.239973e+02,1.410234e+06,8.848961e+01,,,,5
2018-04-26 09:45:57.000000,2.608917e+07,1.818665e+07,1.239977e+02,1.410234e+06,8.848960e+01,,,,5
2018-04-26 09:45:58.000000,2.608918e+07,1.818547e+07,1.239971e+02,1.410235e+06,8.848958e+01,,,,5
2018-04-26 09:45:59.000000,2.608919e+07,1.818635e+07,1.239975e+02,1.410235e+06,8.848956e+01,,,,5
2018-04-26 09:46:00.000000,2.608920e+07,1.818522e+07,1.239970e+02,1.410235e+06,8.848955e+01,,,,5
2018-04-26 09:46:01.000000,2.608920e+07,1.818694e+07,1.239979e+02,1.410235e+06,8.848953e+01,,,,5
2018-04-26 09:46:02.000000,2.608918e+07,1.818617e+07,1.239975e+02,1.410236e+06,8.848952e+01,,,,5
2018-04-26 09:46:03.000000,2.608919e+07,1.818777e+07,1.239984e+02,1.410236e+06,8.848950e+01,,,,5
2018-04-26 09:46:04.000000,2.608919e+07,1.818646e+07,1.239977e+02,1.410236e+06,8.848948e+01,,,,5
2018-04-26 09:46:05.000000,2.608921e+07,1.818805e+07,1.239986e+02,1.410236e+06,8.848947e+01,,,,5
2018-04-26 09:46:06.000000,2.608921e+07,1.818684e+07,1.239980e+02,1.410237e+06,8.848945e+01,,,,5
2018-04-26 09:46:07.000000,2.608921e+07,1.818640e+07,1.239978e+02,1.410237e+06,8.848944e+01,,,,5
2018-04-26 09:46:08.000000,2.608920e+07,1.818588e+07,1.239973e+02,1.410237e+06,8.848942e+01,,,,5
2018-04-26 09:46:09.000000,2.608920e+07,1.818550e+07,1.239971e+02,1.410237e+06,8.848940e+01,,,,5
2018-04-26 09:46:10.000000,2.608922e+07,1.818552e+07,1.239971e+02,1.410238e+06,8.848939e+01,,,,5
2018-04-26 09:46:11.000000,2.608922e+07,1.818520e+07,1.239969e+02,1.410238e+06,8.848937e+01,,,,5
2018-04-26 09:46:12.000000,2.608922e+07,1.818637e+07,1.239975e+02,1.410238e+06,8.848936e+01,,,,5
2018-04-26 09:46:13.000000,2.608921e+07,1.818612e+07,1.239975e+02,1.410238e+06,8.848934e+01,,,,5
2018-04-26 09:46:14.000000,2.608921e+07,1.818725e+07,1.239981e+02,1.410239e+06,8.848932e+01,,,,5
2018-04-26 09:46:15.000000,2.608921e+07,1.818615e+07,1.239975e+02,1.410239e+06,8.848931e+01,,,,5
2018-04-26 09:46:16.000000,2.608923e+07,1.818806e+07,1.239986e+02,1.410239e+06,8.848929e+01,,,,5
2018-04-26 09:46:17.000000,2.608924e+07,1.818654e+07,1.239979e+02,1.410239e+06,8.848928e+01,,,,5
2018-04-26 09:46:18.000000,2.608923e+07,1.818649e+07,1.239978e+02,1.410239e+06,8.848926e+01,,,,5
2018-04-26 09:46:19.000000,2.608922e+07,1.818559e+07,1.239972e+02,1.410240e+06,8.848924e+01,,,,5
2018-04-26 09:46:20.000000,2.608922e+07,1.818559e+07,1.239972e+02,1.410240e+06,8.848923e+01,,,,5
2018-04-26 09:46:21.000000,2.608922e+07,1.818681e+07,1.239978e+02,1.410240e+06,8.848921e+01,,,,5
2018-04-26 09:46:22.000000,2.608925e+07,1.818537e+07,1.239970e+02,1.410240e+06,8.848920e+01,,,,5
2018-04-26 09:46:23.000000,2.608924e+07,1.818647e+07,1.239976e+02,1.410241e+06,8.848918e+01,,,,5
2018-04-26 09:46:24.000000,2.608923e+07,1.818622e+07,1.239976e+02,1.410241e+06,8.848916e+01,,,,5
2018-04-26 09:46:25.000000,2.608923e+07,1.818736e+07,1.239982e+02,1.410241e+06,8.848915e+01,,,,5
2018-04-26 09:46:26.000000,2.608923e+07,1.818619e+07,1.239975e+02,1.410241e+06,8.848913e+01,,,,5
2018-04-26 09:46:27.000000,2.608926e+07,1.818758e+07,1.239983e+02,1.410242e+06,8.848912e+01,,,,5
2018-04-26 09:46:28.000000,2.608925e+07,1.818655e+07,1.239978e+02,1.410242e+06,8.848910e+01,,,,5
2018-04-26 09:46:29.000000,2.608926e+07,1.818822e+07,1.239987e+02,1.410242e+06,8.848909e+01,,,,5
2018-04-26 09:46:30.000000,2.608924e+07,1.818581e+07,1.239972e+02,1.410242e+06,8.848907e+01,,,,5
2018-04-26 09:46:31.000000,2.608924e+07,1.818712e+07,1.239979e+02,1.410242e+06,8.848905e+01,,,,5
2018-04-26 09:46:32.000000,2.608925e+07,1.818591e+07,1.239973e+02,1.410243e+06,8.848904e+01,,,,5
2018-04-26 09:46:33.000000,2.608926e+07,1.818683e+07,1.239977e+02,1.410243e+06,8.848902e+01,,,,5
2018-04-26 09:46:34.000000,2.608927e+07,1.818566e+07,1.239970e+02,1.410243e+06,8.848901e+01,,,,5
2018-04-26 09:46:35.000000,2.608927e+07,1.818524e+07,1.239969e+02,1.410243e+06,8.848899e+01,,,,5
2018-04-26 09:46:36.000000,2.608925e+07,1.818643e+07,1.239976e+02,1.410244e+06,8.848898e+01,,,,5
2018-04-26 09:46:37.000000,2.608925e+07,1.818617e+07,1.239975e+02,1.410244e+06,8.848896e+01,,,,5
2018-04-26 09:46:38.000000,2.608927e+07,1.818675e+07,1.239979e+02,1.410244e+06,8.848894e+01,,,,5
2018-04-26 09:46:39.000000,2.608928e+07,1.818650e+07,1.239977e+02,1.410244e+06,8.848893e+01,,,,5
2018-04-26 09:46:40.000000,2.608928e+07,1.818826e+07,1.239987e+02,1.410244e+06,8.848891e+01,,,,5
2018-04-26 09:46:41.000000,2.608926e+07,1.818582e+07,1.239973e+02,1.410245e+06,8.848890e+01,,,,5
2018-04-26 09:46:42.000000,2.608926e+07,1.818727e+07,1.239980e+02,1.410245e+06,8.848888e+01,,,,5
2018-04-26 09:46:43.000000,2.608926e+07,1.818561e+07,1.239971e+02,1.410245e+06,8.848887e+01,,,,5
2018-04-26 09:46:44.000000,2.608929e+07,1.818695e+07,1.239977e+02,1.410245e+06,8.848885e+01,,,,5
2018-04-26 09:46:45.000000,2.608929e+07,1.818570e+07,1.239970e+02,1.410245e+06,8.848883e+01,,,,5
2018-04-26 09:46:46.000000,2.608929e+07,1.818532e+07,1.239969e+02,1.410246e+06,8.848882e+01,,,,5
2018-04-26 09:46:47.000000,2.608927e+07,1.818645e+07,1.239976e+02,1.410246e+06,8.848880e+01,,,,5
2018-04-26 09:46:48.000000,2.608927e+07,1.818626e+07,1.239975e+02,1.410246e+06,8.848879e+01,,,,5
2018-04-26 09:46:49.000000,2.608928e+07,1.818751e+07,1.239982e+02,1.410246e+06,8.848877e+01,,,,5
2018-04-26 09:46:50.000000,2.608930e+07,1.818658e+07,1.239977e+02,1.410247e+06,8.848876e+01,,,,5
2018-04-26 09:46:51.000000,2.608930e+07,1.818775e+07,1.239984e+02,1.410247e+06,8.848874e+01,,,,5
2018-04-26 09:46:52.000000,2.608928e+07,1.818582e+07,1.239972e+02,1.410247e+06,8.848872e+01,,,,5
2018-04-26 09:46:53.000000,2.608929e+07,1.818679e+07,1.239977e+02,1.410247e+06,8.848871e+01,,,,5
2018-04-26 09:46:54.000000,2.608929e+07,1.818566e+07,1.239971e+02,1.410247e+06,8.848869e+01,,,,5
2018-04-26 09:46:55.000000,2.608931e+07,1.818644e+07,1.239975e+02,1.410248e+06,8.848868e+01,,,,5
2018-04-26 09:46:56.000000,2.608931e+07,1.818539e+07,1.239968e+02,1.410248e+06,8.848866e+01,,,,5
2018-04-26 09:46:57.000000,2.608931e+07,1.818694e+07,1.239977e+02,1.410248e+06,8.848865e+01,,,,5
2018-04-26 09:46:58.000000,2.608930e+07,1.818630e+07,1.239975e+02,1.410248e+06,8.848863e+01,,,,5
2018-04-26 09:46:59.000000,2.608930e+07,1.818628e+07,1.239975e+02,1.410248e+06,8.848862e+01,,,,5
2018-04-26 09:47:00.000000,2.608930e+07,1.818657e+07,1.239977e+02,1.410249e+06,8.848860e+01,,,,5
2018-04-26 09:47:01.000000,2.608932e+07,1.818660e+07,1.239978e+02,1.410249e+06,8.848859e+01,,,,5
2018-04-26 09:47:02.000000,2.608932e+07,1.818687e+07,1.239979e+02,1.410249e+06,8.848857e+01,,,,5
2018-04-26 09:47:03.000000,2.608932e+07,1.818653e+07,1.239977e+02,1.410249e+06,8.848856e+01,,,,5
2018-04-26 09:47:04.000000,2.608930e+07,1.818689e+07,1.239978e+02,1.410249e+06,8.848854e+01,,,,5
2018-04-26 09:47:05.000000,2.608931e+07,1.818566e+07,1.239971e+02,1.410250e+06,8.848853e+01,,,,5
2018-04-26 09:47:06.000000,2.608932e+07,1.818652e+07,1.239975e+02,1.410250e+06,8.848851e+01,,,,5
2018-04-26 09:47:07.000000,2.608933e+07,1.818539e+07,1.239969e+02,1.410250e+06,8.848849e+01,,,,5
2018-04-26 09:47:08.000000,2.608933e+07,1.818709e+07,1.239978e+02,1.410250e+06,8.848848e+01,,,,5
2018-04-26 09:47:09.000000,2.608931e+07,1.818634e+07,1.239975e+02,1.410250e+06,8.848846e+01,,,,5
2018-04-26 09:47:10.000000,2.608932e+07,1.818793e+07,1.239983e+02,1.410251e+06,8.848845e+01,,,,5
2018-04-26 09:47:11.000000,2.608931e+07,1.818664e+07,1.239977e+02,1.410251e+06,8.848843e+01,,,,5
2018-04-26 09:47:12.000000,2.608934e+07,1.818822e+07,1.239986e+02,1.410251e+06,8.848842e+01,,,,5
2018-04-26 09:47:13.000000,2.608934e+07,1.818701e+07,1.239979e+02,1.410251e+06,8.848840e+01,,,,5
2018-04-26 09:47:14.000000,2.608934e+07,1.818656e+07,1.239977e+02,1.410251e+06,8.848839e+01,,,,5
2018-04-26 09:47:15.000000,2.608933e+07,1.818606e+07,1.239972e+02,1.410252e+06,8.848837e+01,,,,5
2018-04-26 09:47:16.000000,2.608932e+07,1.818567e+07,1.239971e+02,1.410252e+06,8.848836e+01,,,,5
2018-04-26 09:47:17.000000,2.608935e+07,1.818569e+07,1.239970e+02,1.410252e+06,8.848834e+01,,,,5
2018-04-26 09:47:18.000000,2.608935e+07,1.818537e+07,1.239968e+02,1.410252e+06,8.848833e+01,,,,5
2018-04-26 09:47:19.000000,2.608935e+07,1.818654e+07,1.239975e+02,1.410252e+06,8.848831e+01,,,,5
2018-04-26 09:47:20.000000,2.608933e+07,1.818629e+07,1.239975e+02,1.410253e+06,8.848830e+01,,,,5
2018-04-26 09:47:21.000000,2.608933e+07,1.818742e+07,1.239981e+02,1.410253e+06,8.848828e+01,,,,5
2018-04-26 09:47:22.000000,2.608934e+07,1.818633e+07,1.239975e+02,1.410253e+06,8.848827e+01,,,,5
2018-04-26 09:47:23.000000,2.608936e+07,1.818822e+07,1.239986e+02,1.410253e+06,8.848825e+01,,,,5
2018-04-26 09:47:24.000000,2.608936e+07,1.818671e+07,1.239978e+02,1.410253e+06,8.848824e+01,,,,5
2018-04-26 09:47:25.000000,2.608936e+07,1.818666e+07,1.239978e+02,1.410254e+06,8.848822e+01,,,,5
2018-04-26 09:47:26.000000,2.608934e+07,1.818575e+07,1.239971e+02,1.410254e+06,8.848821e+01,,,,5
2018-04-26 09:47:27.000000,2.608935e+07,1.818575e+07,1.239971e+02,1.410254e+06,8.848819e+01,,,,5
2018-04-26 09:47:28.000000,2.608935e+07,1.818696e+07,1.239977e+02,1.410254e+06,8.848818e+01,,,,5
2018-04-26 09:47:29.000000,2.608937e+07,1.818554e+07,1.239970e+02,1.410254e+06,8.848816e+01,,,,5
2018-04-26 09:47:30.000000,2.608937e+07,1.818663e+07,1.239975e+02,1.410254e+06,8.848815e+01,,,,5
2018-04-26 09:47:31.000000,2.608935e+07,1.818638e+07,1.239975e+02,1.410255e+06,8.848813e+01,,,,5
2018-04-26 09:47:32.000000,2.608936e+07,1.818750e+07,1.239981e+02,1.410255e+06,8.848812e+01,,,,5
2018-04-26 09:47:33.000000,2.608935e+07,1.818635e+07,1.239975e+02,1.410255e+06,8.848810e+01,,,,5
2018-04-26 09:47:34.000000,2.608938e+07,1.818774e+07,1.239983e+02,1.410255e+06,8.848809e+01,,,,5
2018-04-26 09:47:35.000000,2.608937e+07,1.818672e+07,1.239978e+02,1.410255e+06,8.848807e+01,,,,5
2018-04-26 09:47:36.000000,2.608938e+07,1.818838e+07,1.239987e+02,1.410256e+06,8.848806e+01,,,,5
2018-04-26 09:47:37.000000,2.608936e+07,1.818597e+07,1.239972e+02,1.410256e+06,8.848804e+01,,,,5
2018-04-26 09:47:38.000000,2.608936e+07,1.818728e+07,1.239978e+02,1.410256e+06,8.848803e+01,,,,5
2018-04-26 09:47:39.000000,2.608937e+07,1.818609e+07,1.239972e+02,1.410256e+06,8.848801e+01,,,,5
2018-04-26 09:47:40.000000,2.608938e+07,1.818699e+07,1.239977e+02,1.410256e+06,8.848800e+01,,,,5
2018-04-26 09:47:41.000000,2.608939e+07,1.818582e+07,1.239970e+02,1.410257e+06,8.848799e+01,,,,5
2018-04-26 09:47:42.000000,2.608939e+07,1.818539e+07,1.239968e+02,1.410257e+06,8.848797e+01,,,,5
2018-04-26 09:47:43.000000,2.608937e+07,1.818657e+07,1.239975e+02,1.410257e+06,8.848796e+01,,,,5
2018-04-26 09:47:44.000000,2.608937e+07,1.818632e+07,1.239975e+02,1.410257e+06,8.848794e+01,,,,5
2018-04-26 09:47:45.000000,2.608939e+07,1.818691e+07,1.239979e+02,1.410257e+06,8.848793e+01,,,,5
2018-04-26 09:47:46.000000,2.608940e+07,1.818666e+07,1.239977e+02,1.410257e+06,8.848791e+01,,,,5
2018-04-26 09:47:47.000000,2.608940e+07,1.818842e+07,1.239987e+02,1.410258e+06,8.848790e+01,,,,5
2018-04-26 09:47:48.000000,2.608938e+07,1.818598e+07,1.239972e+02,1.410258e+06,8.848788e+01,,,,5
2018-04-26 09:47:49.000000,2.608938e+07,1.818742e+07,1.239979e+02,1.410258e+06,8.848787e+01,,,,5
2018-04-26 09:47:50.000000,2.608938e+07,1.818576e+07,1.239970e+02,1.410258e+06,8.848785e+01,,,,5
2018-04-26 09:47:51.000000,2.608941e+07,1.818710e+07,1.239977e+02,1.410258e+06,8.848784e+01,,,,5
2018-04-26 09:47:52.000000,2.608941e+07,1.818587e+07,1.239971e+02,1.410258e+06,8.848783e+01,,,,5
2018-04-26 09:47:53.000000,2.608941e+07,1.818547e+07,1.239968e+02,1.410259e+06,8.848781e+01,,,,5
2018-04-26 09:47:54.000000,2.608939e+07,1.818661e+07,1.239975e+02,1.410259e+06,8.848780e+01,,,,5
2018-04-26 09:47:55.000000,2.608939e+07,1.818641e+07,1.239975e+02,1.410259e+06,8.848778e+01,,,,5
2018-04-26 09:47:56.000000,2.608940e+07,1.818766e+07,1.239981e+02,1.410259e+06,8.848777e+01,,,,5
2018-04-26 09:47:57.000000,2.608941e+07,1.818674e+07,1.239977e+02,1.410259e+06,8.848775e+01,,,,5
2018-04-26 09:47:58.000000,2.608942e+07,1.818791e+07,1.239984e+02,1.410260e+06,8.848774e+01,,,,5
2018-04-26 09:47:59.000000,2.608940e+07,1.818600e+07,1.239972e+02,1.410260e+06,8.848772e+01,,,,5
2018-04-26 09:48:00.000000,2.608940e+07,1.818694e+07,1.239976e+02,1.410260e+06,8.848771e+01,,,,5
2018-04-26 09:48:01.000000,2.608940e+07,1.818582e+07,1.239970e+02,1.410260e+06,8.848770e+01,,,,5
2018-04-26 09:48:02.000000,2.608942e+07,1.818658e+07,1.239974e+02,1.410260e+06,8.848768e+01,,,,5
2018-04-26 09:48:03.000000,2.608943e+07,1.818554e+07,1.239968e+02,1.410260e+06,8.848767e+01,,,,5
2018-04-26 09:48:04.000000,2.608942e+07,1.818709e+07,1.239977e+02,1.410261e+06,8.848766e+01,,,,5
2018-04-26 09:48:05.000000,2.608941e+07,1.818645e+07,1.239974e+02,1.410261e+06,8.848764e+01,,,,5
2018-04-26 09:48:06.000000,2.608941e+07,1.818643e+07,1.239975e+02,1.410261e+06,8.848763e+01,,,,5
2018-04-26 09:48:07.000000,2.608941e+07,1.818673e+07,1.239976e+02,1.410261e+06,8.848761e+01,,,,5
2018-04-26 09:48:08.000000,2.608943e+07,1.818675e+07,1.239977e+02,1.410261e+06,8.848760e+01,,,,5
2018-04-26 09:48:09.000000,2.608943e+07,1.818702e+07,1.239978e+02,1.410261e+06,8.848758e+01,,,,5
2018-04-26 09:48:10.000000,2.608944e+07,1.818668e+07,1.239977e+02,1.410262e+06,8.848757e+01,,,,5
2018-04-26 09:48:11.000000,2.608942e+07,1.818704e+07,1.239977e+02,1.410262e+06,8.848756e+01,,,,5
2018-04-26 09:48:12.000000,2.608942e+07,1.818580e+07,1.239970e+02,1.410262e+06,8.848754e+01,,,,5
2018-04-26 09:48:13.000000,2.608944e+07,1.818667e+07,1.239974e+02,1.410262e+06,8.848753e+01,,,,5
2018-04-26 09:48:14.000000,2.608944e+07,1.818554e+07,1.239969e+02,1.410262e+06,8.848751e+01,,,,5
2018-04-26 09:48:15.000000,2.608945e+07,1.818723e+07,1.239978e+02,1.410262e+06,8.848750e+01,,,,5
2018-04-26 09:48:16.000000,2.608943e+07,1.818650e+07,1.239974e+02,1.410263e+06,8.848749e+01,,,,5
2018-04-26 09:48:17.000000,2.608943e+07,1.818808e+07,1.239983e+02,1.410263e+06,8.848747e+01,,,,5
2018-04-26 09:48:18.000000,2.608943e+07,1.818679e+07,1.239976e+02,1.410263e+06,8.848746e+01,,,,5
2018-04-26 09:48:19.000000,2.608945e+07,1.818835e+07,1.239985e+02,1.410263e+06,8.848745e+01,,,,5
2018-04-26 09:48:20.000000,2.608945e+07,1.818716e+07,1.239979e+02,1.410263e+06,8.848743e+01,,,,5
2018-04-26 09:48:21.000000,2.608945e+07,1.818671e+07,1.239977e+02,1.410263e+06,8.848742e+01,,,,5
2018-04-26 09:48:22.000000,2.608944e+07,1.818620e+07,1.239972e+02,1.410264e+06,8.848740e+01,,,,5
2018-04-26 09:48:23.000000,2.608943e+07,1.818581e+07,1.239970e+02,1.410264e+06,8.848739e+01,,,,5
2018-04-26 09:48:24.000000,2.608944e+07,1.818708e+07,1.239977e+02,1.410264e+06,8.848738e+01,,,,5
2018-04-26 09:48:25.000000,2.608946e+07,1.818561e+07,1.239969e+02,1.410264e+06,8.848736e+01,,,,5
2018-04-26 09:48:26.000000,2.608946e+07,1.818667e+07,1.239974e+02,1.410264e+06,8.848735e+01,,,,5
2018-04-26 09:48:27.000000,2.608944e+07,1.818643e+07,1.239974e+02,1.410264e+06,8.848734e+01,,,,5
2018-04-26 09:48:28.000000,2.608944e+07,1.818756e+07,1.239980e+02,1.410264e+06,8.848732e+01,,,,5
2018-04-26 09:48:29.000000,2.608945e+07,1.818647e+07,1.239974e+02,1.410265e+06,8.848731e+01,,,,5
2018-04-26 09:48:30.000000,2.608947e+07,1.818837e+07,1.239985e+02,1.410265e+06,8.848730e+01,,,,5
2018-04-26 09:48:31.000000,2.608947e+07,1.818685e+07,1.239978e+02,1.410265e+06,8.848728e+01,,,,5
2018-04-26 09:48:32.000000,2.608947e+07,1.818680e+07,1.239977e+02,1.410265e+06,8.848727e+01,,,,5
2018-04-26 09:48:33.000000,2.608945e+07,1.818590e+07,1.239971e+02,1.410265e+06,8.848726e+01,,,,5
2018-04-26 09:48:34.000000,2.608946e+07,1.818589e+07,1.239971e+02,1.410265e+06,8.848724e+01,,,,5
2018-04-26 09:48:35.000000,2.608946e+07,1.818711e+07,1.239977e+02,1.410266e+06,8.848723e+01,,,,5
2018-04-26 09:48:36.000000,2.608948e+07,1.818569e+07,1.239969e+02,1.410266e+06,8.848722e+01,,,,5
2018-04-26 09:48:37.000000,2.608947e+07,1.818677e+07,1.239975e+02,1.410266e+06,8.848720e+01,,,,5
2018-04-26 09:48:38.000000,2.608948e+07,1.818549e+07,1.239968e+02,1.410266e+06,8.848719e+01,,,,5
2018-04-26 09:48:39.000000,2.608946e+07,1.818758e+07,1.239980e+02,1.410266e+06,8.848718e+01,,,,5
2018-04-26 09:48:40.000000,2.608946e+07,1.818650e+07,1.239974e+02,1.410266e+06,8.848716e+01,,,,5
2018-04-26 09:48:41.000000,2.608949e+07,1.818788e+07,1.239982e+02,1.410266e+06,8.848715e+01,,,,5
2018-04-26 09:48:42.000000,2.608948e+07,1.818687e+07,1.239977e+02,1.410267e+06,8.848714e+01,,,,5
2018-04-26 09:48:43.000000,2.608949e+07,1.818850e+07,1.239986e+02,1.410267e+06,8.848713e+01,,,,5
2018-04-26 09:48:44.000000,2.608947e+07,1.818611e+07,1.239971e+02,1.410267e+06,8.848711e+01,,,,5
2018-04-26 09:48:45.000000,2.608947e+07,1.818742e+07,1.239978e+02,1.410267e+06,8.848710e+01,,,,5
2018-04-26 09:48:46.000000,2.608947e+07,1.818623e+07,1.239972e+02,1.410267e+06,8.848709e+01,,,,5
2018-04-26 09:48:47.000000,2.608949e+07,1.818713e+07,1.239976e+02,1.410267e+06,8.848707e+01,,,,5
2018-04-26 09:48:48.000000,2.608950e+07,1.818596e+07,1.239969e+02,1.410268e+06,8.848706e+01,,,,5
2018-04-26 09:48:49.000000,2.608950e+07,1.818553e+07,1.239968e+02,1.410268e+06,8.848705e+01,,,,5
2018-04-26 09:48:50.000000,2.608948e+07,1.818670e+07,1.239975e+02,1.410268e+06,8.848703e+01,,,,5
2018-04-26 09:48:51.000000,2.608948e+07,1.818647e+07,1.239974e+02,1.410268e+06,8.848702e+01,,,,5
2018-04-26 09:48:52.000000,2.608948e+07,1.818770e+07,1.239980e+02,1.410268e+06,8.848701e+01,,,,5
2018-04-26 09:48:53.000000,2.608950e+07,1.818684e+07,1.239976e+02,1.410268e+06,8.848700e+01,,,,5
2018-04-26 09:48:54.000000,2.608950e+07,1.818855e+07,1.239986e+02,1.410268e+06,8.848698e+01,,,,5
2018-04-26 09:48:55.000000,2.608949e+07,1.818611e+07,1.239972e+02,1.410269e+06,8.848697e+01,,,,5
2018-04-26 09:48:56.000000,2.608949e+07,1.818755e+07,1.239979e+02,1.410269e+06,8.848696e+01,,,,5
2018-04-26 09:48:57.000000,2.608949e+07,1.818592e+07,1.239970e+02,1.410269e+06,8.848695e+01,,,,5
2018-04-26 09:48:58.000000,2.608951e+07,1.818724e+07,1.239976e+02,1.410269e+06,8.848693e+01,,,,5
2018-04-26 09:48:59.000000,2.608951e+07,1.818600e+07,1.239969e+02,1.410269e+06,8.848692e+01,,,,5
2018-04-26 09:49:00.000000,2.608951e+07,1.818562e+07,1.239968e+02,1.410269e+06,8.848691e+01,,,,5
2018-04-26 09:49:01.000000,2.608949e+07,1.818674e+07,1.239975e+02,1.410269e+06,8.848689e+01,,,,5
2018-04-26 09:49:02.000000,2.608950e+07,1.818655e+07,1.239974e+02,1.410270e+06,8.848688e+01,,,,5
2018-04-26 09:49:03.000000,2.608950e+07,1.818779e+07,1.239981e+02,1.410270e+06,8.848687e+01,,,,5
2018-04-26 09:49:04.000000,2.608952e+07,1.818687e+07,1.239976e+02,1.410270e+06,8.848686e+01,,,,5
2018-04-26 09:49:05.000000,2.608952e+07,1.818804e+07,1.239983e+02,1.410270e+06,8.848684e+01,,,,5
2018-04-26 09:49:06.000000,2.608950e+07,1.818613e+07,1.239971e+02,1.410270e+06,8.848683e+01,,,,5
2018-04-26 09:49:07.000000,2.608950e+07,1.818705e+07,1.239976e+02,1.410270e+06,8.848682e+01,,,,5
2018-04-26 09:49:08.000000,2.608951e+07,1.818595e+07,1.239970e+02,1.410270e+06,8.848681e+01,,,,5
2018-04-26 09:49:09.000000,2.608952e+07,1.818672e+07,1.239974e+02,1.410271e+06,8.848679e+01,,,,5
2018-04-26 09:49:10.000000,2.608953e+07,1.818568e+07,1.239968e+02,1.410271e+06,8.848678e+01,,,,5
2018-04-26 09:49:11.000000,2.608952e+07,1.818722e+07,1.239976e+02,1.410271e+06,8.848677e+01,,,,5
2018-04-26 09:49:12.000000,2.608951e+07,1.818658e+07,1.239974e+02,1.410271e+06,8.848676e+01,,,,5
2018-04-26 09:49:13.000000,2.608951e+07,1.818657e+07,1.239974e+02,1.410271e+06,8.848675e+01,,,,5
2018-04-26 09:49:14.000000,2.608951e+07,1.818685e+07,1.239976e+02,1.410271e+06,8.848673e+01,,,,5
2018-04-26 09:49:15.000000,2.608953e+07,1.818688e+07,1.239977e+02,1.410271e+06,8.848672e+01,,,,5
2018-04-26 09:49:16.000000,2.608953e+07,1.818715e+07,1.239978e+02,1.410271e+06,8.848671e+01,,,,5
2018-04-26 09:49:17.000000,2.608954e+07,1.818681e+07,1.239976e+02,1.410272e+06,8.848670e+01,,,,5
2018-04-26 09:49:18.000000,2.608952e+07,1.818717e+07,1.239977e+02,1.410272e+06,8.848669e+01,,,,5
2018-04-26 09:49:19.000000,2.608952e+07,1.818594e+07,1.239970e+02,1.410272e+06,8.848667e+01,,,,5
2018-04-26 09:49:20.000000,2.608954e+07,1.818679e+07,1.239974e+02,1.410272e+06,8.848666e+01,,,,5
2018-04-26 09:49:21.000000,2.608954e+07,1.818567e+07,1.239968e+02,1.410272e+06,8.848665e+01,,,,5
2018-04-26 09:49:22.000000,2.608955e+07,1.818736e+07,1.239977e+02,1.410272e+06,8.848664e+01,,,,5
2018-04-26 09:49:23.000000,2.608952e+07,1.818662e+07,1.239974e+02,1.410272e+06,8.848663e+01,,,,5
2018-04-26 09:49:24.000000,2.608953e+07,1.818819e+07,1.239982e+02,1.410273e+06,8.848661e+01,,,,5
2018-04-26 09:49:25.000000,2.608952e+07,1.818692e+07,1.239976e+02,1.410273e+06,8.848660e+01,,,,5
2018-04-26 09:49:26.000000,2.608955e+07,1.818848e+07,1.239985e+02,1.410273e+06,8.848659e+01,,,,5
2018-04-26 09:49:27.000000,2.608955e+07,1.818730e+07,1.239978e+02,1.410273e+06,8.848658e+01,,,,5
2018-04-26 09:49:28.000000,2.608955e+07,1.818684e+07,1.239976e+02,1.410273e+06,8.848657e+01,,,,5
2018-04-26 09:49:29.000000,2.608953e+07,1.818633e+07,1.239971e+02,1.410273e+06,8.848655e+01,,,,5
2018-04-26 09:49:30.000000,2.608953e+07,1.818594e+07,1.239970e+02,1.410273e+06,8.848654e+01,,,,5
2018-04-26 09:49:31.000000,2.608954e+07,1.818720e+07,1.239976e+02,1.410273e+06,8.848653e+01,,,,5
2018-04-26 09:49:32.000000,2.608956e+07,1.818573e+07,1.239968e+02,1.410274e+06,8.848652e+01,,,,5
2018-04-26 09:49:33.000000,2.608956e+07,1.818680e+07,1.239974e+02,1.410274e+06,8.848651e+01,,,,5
2018-04-26 09:49:34.000000,2.608954e+07,1.818657e+07,1.239974e+02,1.410274e+06,8.848650e+01,,,,5
2018-04-26 09:49:35.000000,2.608954e+07,1.818769e+07,1.239980e+02,1.410274e+06,8.848649e+01,,,,5
2018-04-26 09:49:36.000000,2.608955e+07,1.818660e+07,1.239974e+02,1.410274e+06,8.848647e+01,,,,5
2018-04-26 09:49:37.000000,2.608956e+07,1.818847e+07,1.239985e+02,1.410274e+06,8.848646e+01,,,,5
2018-04-26 09:49:38.000000,2.608957e+07,1.818698e+07,1.239977e+02,1.410274e+06,8.848645e+01,,,,5
2018-04-26 09:49:39.000000,2.608956e+07,1.818692e+07,1.239977e+02,1.410274e+06,8.848644e+01,,,,5
2018-04-26 09:49:40.000000,2.608955e+07,1.818603e+07,1.239970e+02,1.410275e+06,8.848643e+01,,,,5
2018-04-26 09:49:41.000000,2.608955e+07,1.818602e+07,1.239970e+02,1.410275e+06,8.848642e+01,,,,5
2018-04-26 09:49:42.000000,2.608955e+07,1.818723e+07,1.239976e+02,1.410275e+06,8.848641e+01,,,,5
2018-04-26 09:49:43.000000,2.608957e+07,1.818581e+07,1.239969e+02,1.410275e+06,8.848639e+01,,,,5
2018-04-26 09:49:44.000000,2.608957e+07,1.818687e+07,1.239974e+02,1.410275e+06,8.848638e+01,,,,5
2018-04-26 09:49:45.000000,2.608957e+07,1.818561e+07,1.239967e+02,1.410275e+06,8.848637e+01,,,,5
2018-04-26 09:49:46.000000,2.608956e+07,1.818771e+07,1.239980e+02,1.410275e+06,8.848636e+01,,,,5
2018-04-26 09:49:47.000000,2.608956e+07,1.818663e+07,1.239974e+02,1.410275e+06,8.848635e+01,,,,5
2018-04-26 09:49:48.000000,2.608958e+07,1.818799e+07,1.239982e+02,1.410276e+06,8.848634e+01,,,,5
2018-04-26 09:49:49.000000,2.608957e+07,1.818699e+07,1.239977e+02,1.410276e+06,8.848633e+01,,,,5
2018-04-26 09:49:50.000000,2.608958e+07,1.818862e+07,1.239986e+02,1.410276e+06,8.848632e+01,,,,5
2018-04-26 09:49:51.000000,2.608956e+07,1.818626e+07,1.239972e+02,1.410276e+06,8.848630e+01,,,,5
2018-04-26 09:49:52.000000,2.608956e+07,1.818754e+07,1.239977e+02,1.410276e+06,8.848629e+01,,,,5
2018-04-26 09:49:53.000000,2.608957e+07,1.818635e+07,1.239971e+02,1.410276e+06,8.848628e+01,,,,5
2018-04-26 09:49:54.000000,2.608958e+07,1.818724e+07,1.239976e+02,1.410276e+06,8.848627e+01,,,,5
2018-04-26 09:49:55.000000,2.608959e+07,1.818608e+07,1.239969e+02,1.410276e+06,8.848626e+01,,,,5
2018-04-26 09:49:56.000000,2.608959e+07,1.818565e+07,1.239967e+02,1.410277e+06,8.848625e+01,,,,5
2018-04-26 09:49:57.000000,2.608957e+07,1.818682e+07,1.239974e+02,1.410277e+06,8.848624e+01,,,,5
2018-04-26 09:49:58.000000,2.608957e+07,1.818659e+07,1.239974e+02,1.410277e+06,8.848623e+01,,,,5
2018-04-26 09:49:59.000000,2.608957e+07,1.818782e+07,1.239980e+02,1.410277e+06,8.848622e+01,,,,5
2018-04-26 09:50:00.000000,2.608960e+07,1.818696e+07,1.239976e+02,1.410277e+06,8.848621e+01,,,,5
2018-04-26 09:50:01.000000,2.608959e+07,1.818865e+07,1.239986e+02,1.410277e+06,8.848620e+01,,,,5
2018-04-26 09:50:02.000000,2.608958e+07,1.818624e+07,1.239971e+02,1.410277e+06,8.848619e+01,,,,5
2018-04-26 09:50:03.000000,2.608958e+07,1.818767e+07,1.239978e+02,1.410277e+06,8.848618e+01,,,,5
2018-04-26 09:50:04.000000,2.608958e+07,1.818604e+07,1.239969e+02,1.410278e+06,8.848617e+01,,,,5
2018-04-26 09:50:05.000000,2.608960e+07,1.818735e+07,1.239976e+02,1.410278e+06,8.848615e+01,,,,5
2018-04-26 09:50:06.000000,2.608960e+07,1.818612e+07,1.239970e+02,1.410278e+06,8.848614e+01,,,,5
2018-04-26 09:50:07.000000,2.608960e+07,1.818573e+07,1.239967e+02,1.410278e+06,8.848613e+01,,,,5
2018-04-26 09:50:08.000000,2.608958e+07,1.818685e+07,1.239974e+02,1.410278e+06,8.848612e+01,,,,5
2018-04-26 09:50:09.000000,2.608958e+07,1.818666e+07,1.239974e+02,1.410278e+06,8.848611e+01,,,,5
2018-04-26 09:50:10.000000,2.608959e+07,1.818791e+07,1.239980e+02,1.410278e+06,8.848610e+01,,,,5
2018-04-26 09:50:11.000000,2.608961e+07,1.818699e+07,1.239976e+02,1.410278e+06,8.848609e+01,,,,5
2018-04-26 09:50:12.000000,2.608961e+07,1.818815e+07,1.239983e+02,1.410278e+06,8.848608e+01,,,,5
2018-04-26 09:50:13.000000,2.608960e+07,1.818694e+07,1.239976e+02,1.410279e+06,8.848607e+01,,,,5
2018-04-26 09:50:14.000000,2.608959e+07,1.818725e+07,1.239976e+02,1.410279e+06,8.848606e+01,,,,5
2018-04-26 09:50:15.000000,2.608959e+07,1.818607e+07,1.239969e+02,1.410279e+06,8.848605e+01,,,,5
2018-04-26 09:50:16.000000,2.608961e+07,1.818683e+07,1.239973e+02,1.410279e+06,8.848604e+01,,,,5
2018-04-26 09:50:17.000000,2.608961e+07,1.818580e+07,1.239967e+02,1.410279e+06,8.848603e+01,,,,5
2018-04-26 09:50:18.000000,2.608961e+07,1.818732e+07,1.239976e+02,1.410279e+06,8.848602e+01,,,,5
2018-04-26 09:50:19.000000,2.608960e+07,1.818670e+07,1.239973e+02,1.410279e+06,8.848601e+01,,,,5
2018-04-26 09:50:20.000000,2.608960e+07,1.818668e+07,1.239974e+02,1.410279e+06,8.848600e+01,,,,5
2018-04-26 09:50:21.000000,2.608960e+07,1.818696e+07,1.239975e+02,1.410279e+06,8.848599e+01,,,,5
2018-04-26 09:50:22.000000,2.608962e+07,1.818700e+07,1.239976e+02,1.410280e+06,8.848598e+01,,,,5
2018-04-26 09:50:23.000000,2.608962e+07,1.818726e+07,1.239977e+02,1.410280e+06,8.848597e+01,,,,5
2018-04-26 09:50:24.000000,2.608962e+07,1.818693e+07,1.239976e+02,1.410280e+06,8.848596e+01,,,,5
2018-04-26 09:50:25.000000,2.608960e+07,1.818728e+07,1.239976e+02,1.410280e+06,8.848595e+01,,,,5
2018-04-26 09:50:26.000000,2.608961e+07,1.818605e+07,1.239969e+02,1.410280e+06,8.848594e+01,,,,5
2018-04-26 09:50:27.000000,2.608960e+07,1.818784e+07,1.239979e+02,1.410280e+06,8.848593e+01,,,,5
2018-04-26 09:50:28.000000,2.608962e+07,1.818584e+07,1.239968e+02,1.410280e+06,8.848592e+01,,,,5
2018-04-26 09:50:29.000000,2.608963e+07,1.818747e+07,1.239977e+02,1.410280e+06,8.848591e+01,,,,5
2018-04-26 09:50:30.000000,2.608961e+07,1.818674e+07,1.239973e+02,1.410280e+06,8.848590e+01,,,,5
2018-04-26 09:50:31.000000,2.608961e+07,1.818830e+07,1.239982e+02,1.410281e+06,8.848589e+01,,,,5
2018-04-26 09:50:32.000000,2.608961e+07,1.818704e+07,1.239975e+02,1.410281e+06,8.848588e+01,,,,5
2018-04-26 09:50:33.000000,2.608963e+07,1.818859e+07,1.239984e+02,1.410281e+06,8.848587e+01,,,,5
2018-04-26 09:50:34.000000,2.608964e+07,1.818741e+07,1.239978e+02,1.410281e+06,8.848586e+01,,,,5
2018-04-26 09:50:35.000000,2.608963e+07,1.818696e+07,1.239976e+02,1.410281e+06,8.848585e+01,,,,5
2018-04-26 09:50:36.000000,2.608962e+07,1.818644e+07,1.239971e+02,1.410281e+06,8.848584e+01,,,,5
2018-04-26 09:50:37.000000,2.608961e+07,1.818605e+07,1.239969e+02,1.410281e+06,8.848583e+01,,,,5
2018-04-26 09:50:38.000000,2.608962e+07,1.818731e+07,1.239976e+02,1.410281e+06,8.848582e+01,,,,5
2018-04-26 09:50:39.000000,2.608964e+07,1.818585e+07,1.239968e+02,1.410281e+06,8.848581e+01,,,,5
2018-04-26 09:50:40.000000,2.608964e+07,1.818691e+07,1.239973e+02,1.410281e+06,8.848580e+01,,,,5
2018-04-26 09:50:41.000000,2.608962e+07,1.818667e+07,1.239973e+02,1.410282e+06,8.848579e+01,,,,5
2018-04-26 09:50:42.000000,2.608962e+07,1.818778e+07,1.239979e+02,1.410282e+06,8.848579e+01,,,,5
2018-04-26 09:50:43.000000,2.608963e+07,1.818670e+07,1.239973e+02,1.410282e+06,8.848578e+01,,,,5
2018-04-26 09:50:44.000000,2.608964e+07,1.818858e+07,1.239984e+02,1.410282e+06,8.848577e+01,,,,5
2018-04-26 09:50:45.000000,2.608965e+07,1.818710e+07,1.239977e+02,1.410282e+06,8.848576e+01,,,,5
2018-04-26 09:50:46.000000,2.608965e+07,1.818703e+07,1.239976e+02,1.410282e+06,8.848575e+01,,,,5
2018-04-26 09:50:47.000000,2.608963e+07,1.818614e+07,1.239970e+02,1.410282e+06,8.848574e+01,,,,5
2018-04-26 09:50:48.000000,2.608963e+07,1.818612e+07,1.239970e+02,1.410282e+06,8.848573e+01,,,,5
2018-04-26 09:50:49.000000,2.608963e+07,1.818732e+07,1.239976e+02,1.410282e+06,8.848572e+01,,,,5
2018-04-26 09:50:50.000000,2.608965e+07,1.818592e+07,1.239968e+02,1.410282e+06,8.848571e+01,,,,5
2018-04-26 09:50:51.000000,2.608965e+07,1.818698e+07,1.239974e+02,1.410283e+06,8.848570e+01,,,,5
2018-04-26 09:50:52.000000,2.608965e+07,1.818573e+07,1.239967e+02,1.410283e+06,8.848569e+01,,,,5
2018-04-26 09:50:53.000000,2.608964e+07,1.818781e+07,1.239979e+02,1.410283e+06,8.848568e+01,,,,5
2018-04-26 09:50:54.000000,2.608964e+07,1.818673e+07,1.239973e+02,1.410283e+06,8.848568e+01,,,,5
2018-04-26 09:50:55.000000,2.608966e+07,1.818809e+07,1.239981e+02,1.410283e+06,8.848567e+01,,,,5
2018-04-26 09:50:56.000000,2.608966e+07,1.818711e+07,1.239977e+02,1.410283e+06,8.848566e+01,,,,5
2018-04-26 09:50:57.000000,2.608966e+07,1.818873e+07,1.239985e+02,1.410283e+06,8.848565e+01,,,,5
2018-04-26 09:50:58.000000,2.608964e+07,1.818637e+07,1.239971e+02,1.410283e+06,8.848564e+01,,,,5
2018-04-26 09:50:59.000000,2.608964e+07,1.818762e+07,1.239977e+02,1.410283e+06,8.848563e+01,,,,5
2018-04-26 09:51:00.000000,2.608965e+07,1.818646e+07,1.239971e+02,1.410283e+06,8.848562e+01,,,,5
2018-04-26 09:51:01.000000,2.608966e+07,1.818734e+07,1.239975e+02,1.410284e+06,8.848561e+01,,,,5
2018-04-26 09:51:02.000000,2.608967e+07,1.818619e+07,1.239968e+02,1.410284e+06,8.848560e+01,,,,5
2018-04-26 09:51:03.000000,2.608967e+07,1.818576e+07,1.239967e+02,1.410284e+06,8.848560e+01,,,,5
2018-04-26 09:51:04.000000,2.608965e+07,1.818692e+07,1.239974e+02,1.410284e+06,8.848559e+01,,,,5
2018-04-26 09:51:05.000000,2.608965e+07,1.818669e+07,1.239973e+02,1.410284e+06,8.848558e+01,,,,5
2018-04-26 09:51:06.000000,2.608965e+07,1.818791e+07,1.239980e+02,1.410284e+06,8.848557e+01,,,,5
2018-04-26 09:51:07.000000,2.608967e+07,1.818706e+07,1.239976e+02,1.410284e+06,8.848556e+01,,,,5
2018-04-26 09:51:08.000000,2.608967e+07,1.818875e+07,1.239985e+02,1.410284e+06,8.848555e+01,,,,5
2018-04-26 09:51:09.000000,2.608966e+07,1.818637e+07,1.239971e+02,1.410284e+06,8.848554e+01,,,,5
2018-04-26 09:51:10.000000,2.608965e+07,1.818776e+07,1.239978e+02,1.410284e+06,8.848554e+01,,,,5
2018-04-26 09:51:11.000000,2.608965e+07,1.818614e+07,1.239969e+02,1.410285e+06,8.848553e+01,,,,5
2018-04-26 09:51:12.000000,2.608968e+07,1.818745e+07,1.239975e+02,1.410285e+06,8.848552e+01,,,,5
2018-04-26 09:51:13.000000,2.608968e+07,1.818624e+07,1.239969e+02,1.410285e+06,8.848551e+01,,,,5
2018-04-26 09:51:14.000000,2.608968e+07,1.818583e+07,1.239967e+02,1.410285e+06,8.848550e+01,,,,5
2018-04-26 09:51:15.000000,2.608966e+07,1.818695e+07,1.239974e+02,1.410285e+06,8.848549e+01,,,,5
2018-04-26 09:51:16.000000,2.608966e+07,1.818676e+07,1.239973e+02,1.410285e+06,8.848549e+01,,,,5
2018-04-26 09:51:17.000000,2.608967e+07,1.818801e+07,1.239980e+02,1.410285e+06,8.848548e+01,,,,5
2018-04-26 09:51:18.000000,2.608968e+07,1.818709e+07,1.239975e+02,1.410285e+06,8.848547e+01,,,,5
2018-04-26 09:51:19.000000,2.608969e+07,1.818823e+07,1.239982e+02,1.410285e+06,8.848546e+01,,,,5
2018-04-26 09:51:20.000000,2.608968e+07,1.818704e+07,1.239975e+02,1.410285e+06,8.848545e+01,,,,5
2018-04-26 09:51:21.000000,2.608967e+07,1.818735e+07,1.239976e+02,1.410285e+06,8.848544e+01,,,,5
2018-04-26 09:51:22.000000,2.608967e+07,1.818617e+07,1.239969e+02,1.410286e+06,8.848544e+01,,,,5
2018-04-26 09:51:23.000000,2.608969e+07,1.818692e+07,1.239973e+02,1.410286e+06,8.848543e+01,,,,5
2018-04-26 09:51:24.000000,2.608969e+07,1.818590e+07,1.239967e+02,1.410286e+06,8.848542e+01,,,,5
2018-04-26 09:51:25.000000,2.608969e+07,1.818741e+07,1.239975e+02,1.410286e+06,8.848541e+01,,,,5
2018-04-26 09:51:26.000000,2.608968e+07,1.818680e+07,1.239973e+02,1.410286e+06,8.848540e+01,,,,5
2018-04-26 09:51:27.000000,2.608967e+07,1.818678e+07,1.239973e+02,1.410286e+06,8.848540e+01,,,,5
2018-04-26 09:51:28.000000,2.608968e+07,1.818706e+07,1.239975e+02,1.410286e+06,8.848539e+01,,,,5
2018-04-26 09:51:29.000000,2.608969e+07,1.818709e+07,1.239976e+02,1.410286e+06,8.848538e+01,,,,5
2018-04-26 09:51:30.000000,2.608969e+07,1.818735e+07,1.239977e+02,1.410286e+06,8.848537e+01,,,,5
2018-04-26 09:51:31.000000,2.608970e+07,1.818702e+07,1.239975e+02,1.410286e+06,8.848537e+01,,,,5
2018-04-26 09:51:32.000000,2.608968e+07,1.818738e+07,1.239976e+02,1.410286e+06,8.848536e+01,,,,5
2018-04-26 09:51:33.000000,2.608968e+07,1.818616e+07,1.239969e+02,1.410286e+06,8.848535e+01,,,,5
2018-04-26 09:51:34.000000,2.608968e+07,1.818793e+07,1.239979e+02,1.410287e+06,8.848534e+01,,,,5
2018-04-26 09:51:35.000000,2.608970e+07,1.818594e+07,1.239967e+02,1.410287e+06,8.848533e+01,,,,5
2018-04-26 09:51:36.000000,2.608970e+07,1.818755e+07,1.239976e+02,1.410287e+06,8.848533e+01,,,,5
2018-04-26 09:51:37.000000,2.608968e+07,1.818683e+07,1.239973e+02,1.410287e+06,8.848532e+01,,,,5
2018-04-26 09:51:38.000000,2.608969e+07,1.818840e+07,1.239981e+02,1.410287e+06,8.848531e+01,,,,5
2018-04-26 09:51:39.000000,2.608968e+07,1.818714e+07,1.239975e+02,1.410287e+06,8.848530e+01,,,,5
2018-04-26 09:51:40.000000,2.608971e+07,1.818867e+07,1.239984e+02,1.410287e+06,8.848530e+01,,,,5
2018-04-26 09:51:41.000000,2.608971e+07,1.818751e+07,1.239978e+02,1.410287e+06,8.848529e+01,,,,5
2018-04-26 09:51:42.000000,2.608971e+07,1.818705e+07,1.239975e+02,1.410287e+06,8.848528e+01,,,,5
2018-04-26 09:51:43.000000,2.608969e+07,1.818653e+07,1.239971e+02,1.410287e+06,8.848527e+01,,,,5
2018-04-26 09:51:44.000000,2.608969e+07,1.818615e+07,1.239969e+02,1.410287e+06,8.848527e+01,,,,5
2018-04-26 09:51:45.000000,2.608969e+07,1.818740e+07,1.239976e+02,1.410288e+06,8.848526e+01,,,,5
2018-04-26 09:51:46.000000,2.608971e+07,1.818595e+07,1.239967e+02,1.410288e+06,8.848525e+01,,,,5
2018-04-26 09:51:47.000000,2.608971e+07,1.818699e+07,1.239973e+02,1.410288e+06,8.848524e+01,,,,5
2018-04-26 09:51:48.000000,2.608971e+07,1.818584e+07,1.239966e+02,1.410288e+06,8.848524e+01,,,,5
2018-04-26 09:51:49.000000,2.608969e+07,1.818782e+07,1.239978e+02,1.410288e+06,8.848523e+01,,,,5
2018-04-26 09:51:50.000000,2.608970e+07,1.818681e+07,1.239973e+02,1.410288e+06,8.848522e+01,,,,5
2018-04-26 09:51:51.000000,2.608972e+07,1.818867e+07,1.239984e+02,1.410288e+06,8.848522e+01,,,,5
2018-04-26 09:51:52.000000,2.608972e+07,1.818720e+07,1.239976e+02,1.410288e+06,8.848521e+01,,,,5
2018-04-26 09:51:53.000000,2.608972e+07,1.818712e+07,1.239976e+02,1.410288e+06,8.848520e+01,,,,5
2018-04-26 09:51:54.000000,2.608970e+07,1.818623e+07,1.239970e+02,1.410288e+06,8.848519e+01,,,,5
2018-04-26 09:51:55.000000,2.608971e+07,1.818622e+07,1.239969e+02,1.410288e+06,8.848519e+01,,,,5
2018-04-26 09:51:56.000000,2.608970e+07,1.818741e+07,1.239976e+02,1.410288e+06,8.848518e+01,,,,5
2018-04-26 09:51:57.000000,2.608972e+07,1.818602e+07,1.239968e+02,1.410289e+06,8.848517e+01,,,,5
2018-04-26 09:51:58.000000,2.608972e+07,1.818707e+07,1.239973e+02,1.410289e+06,8.848517e+01,,,,5
2018-04-26 09:51:59.000000,2.608972e+07,1.818582e+07,1.239966e+02,1.410289e+06,8.848516e+01,,,,5
2018-04-26 09:52:00.000000,2.608971e+07,1.818788e+07,1.239979e+02,1.410289e+06,8.848515e+01,,,,5
2018-04-26 09:52:01.000000,2.608971e+07,1.818682e+07,1.239973e+02,1.410289e+06,8.848515e+01,,,,5
2018-04-26 09:52:02.000000,2.608971e+07,1.818856e+07,1.239982e+02,1.410289e+06,8.848514e+01,,,,5
2018-04-26 09:52:03.000000,2.608972e+07,1.818720e+07,1.239976e+02,1.410289e+06,8.848513e+01,,,,5
2018-04-26 09:52:04.000000,2.608973e+07,1.818881e+07,1.239985e+02,1.410289e+06,8.848513e+01,,,,5
2018-04-26 09:52:05.000000,2.608971e+07,1.818646e+07,1.239971e+02,1.410289e+06,8.848512e+01,,,,5
2018-04-26 09:52:06.000000,2.608971e+07,1.818771e+07,1.239976e+02,1.410289e+06,8.848511e+01,,,,5
2018-04-26 09:52:07.000000,2.608971e+07,1.818656e+07,1.239970e+02,1.410289e+06,8.848510e+01,,,,5
2018-04-26 09:52:08.000000,2.608973e+07,1.818743e+07,1.239975e+02,1.410289e+06,8.848510e+01,,,,5
2018-04-26 09:52:09.000000,2.608974e+07,1.818628e+07,1.239968e+02,1.410289e+06,8.848509e+01,,,,5
2018-04-26 09:52:10.000000,2.608974e+07,1.818586e+07,1.239966e+02,1.410290e+06,8.848509e+01,,,,5
2018-04-26 09:52:11.000000,2.608972e+07,1.818701e+07,1.239973e+02,1.410290e+06,8.848508e+01,,,,5
2018-04-26 09:52:12.000000,2.608972e+07,1.818678e+07,1.239973e+02,1.410290e+06,8.848507e+01,,,,5
2018-04-26 09:52:13.000000,2.608972e+07,1.818800e+07,1.239979e+02,1.410290e+06,8.848507e+01,,,,5
2018-04-26 09:52:14.000000,2.608974e+07,1.818716e+07,1.239975e+02,1.410290e+06,8.848506e+01,,,,5
2018-04-26 09:52:15.000000,2.608974e+07,1.818884e+07,1.239985e+02,1.410290e+06,8.848505e+01,,,,5
2018-04-26 09:52:16.000000,2.608972e+07,1.818645e+07,1.239970e+02,1.410290e+06,8.848505e+01,,,,5
2018-04-26 09:52:17.000000,2.608972e+07,1.818784e+07,1.239977e+02,1.410290e+06,8.848504e+01,,,,5
2018-04-26 09:52:18.000000,2.608972e+07,1.818623e+07,1.239968e+02,1.410290e+06,8.848503e+01,,,,5
2018-04-26 09:52:19.000000,2.608975e+07,1.818754e+07,1.239975e+02,1.410290e+06,8.848503e+01,,,,5
2018-04-26 09:52:20.000000,2.608974e+07,1.818633e+07,1.239969e+02,1.410290e+06,8.848502e+01,,,,5
2018-04-26 09:52:21.000000,2.608975e+07,1.818592e+07,1.239967e+02,1.410290e+06,8.848501e+01,,,,5
2018-04-26 09:52:22.000000,2.608972e+07,1.818703e+07,1.239973e+02,1.410290e+06,8.848501e+01,,,,5
2018-04-26 09:52:23.000000,2.608973e+07,1.818685e+07,1.239973e+02,1.410291e+06,8.848500e+01,,,,5
2018-04-26 09:52:24.000000,2.608973e+07,1.818807e+07,1.239980e+02,1.410291e+06,8.848500e+01,,,,5
2018-04-26 09:52:25.000000,2.608975e+07,1.818718e+07,1.239975e+02,1.410291e+06,8.848499e+01,,,,5
2018-04-26 09:52:26.000000,2.608975e+07,1.818832e+07,1.239982e+02,1.410291e+06,8.848498e+01,,,,5
2018-04-26 09:52:27.000000,2.608975e+07,1.818713e+07,1.239975e+02,1.410291e+06,8.848498e+01,,,,5
2018-04-26 09:52:28.000000,2.608973e+07,1.818744e+07,1.239975e+02,1.410291e+06,8.848497e+01,,,,5
2018-04-26 09:52:29.000000,2.608974e+07,1.818626e+07,1.239969e+02,1.410291e+06,8.848497e+01,,,,5
2018-04-26 09:52:30.000000,2.608975e+07,1.818701e+07,1.239972e+02,1.410291e+06,8.848496e+01,,,,5
2018-04-26 09:52:31.000000,2.608976e+07,1.818599e+07,1.239967e+02,1.410291e+06,8.848495e+01,,,,5
2018-04-26 09:52:32.000000,2.608975e+07,1.818750e+07,1.239975e+02,1.410291e+06,8.848495e+01,,,,5
2018-04-26 09:52:33.000000,2.608974e+07,1.818689e+07,1.239973e+02,1.410291e+06,8.848494e+01,,,,5
2018-04-26 09:52:34.000000,2.608974e+07,1.818686e+07,1.239973e+02,1.410291e+06,8.848494e+01,,,,5
2018-04-26 09:52:35.000000,2.608974e+07,1.818714e+07,1.239974e+02,1.410291e+06,8.848493e+01,,,,5
2018-04-26 09:52:36.000000,2.608976e+07,1.818718e+07,1.239975e+02,1.410292e+06,8.848492e+01,,,,5
2018-04-26 09:52:37.000000,2.608976e+07,1.818743e+07,1.239977e+02,1.410292e+06,8.848492e+01,,,,5
2018-04-26 09:52:38.000000,2.608976e+07,1.818712e+07,1.239975e+02,1.410292e+06,8.848491e+01,,,,5
2018-04-26 09:52:39.000000,2.608974e+07,1.818746e+07,1.239975e+02,1.410292e+06,8.848491e+01,,,,5
2018-04-26 09:52:40.000000,2.608975e+07,1.818624e+07,1.239968e+02,1.410292e+06,8.848490e+01,,,,5
2018-04-26 09:52:41.000000,2.608974e+07,1.818800e+07,1.239978e+02,1.410292e+06,8.848489e+01,,,,5
2018-04-26 09:52:42.000000,2.608976e+07,1.818602e+07,1.239967e+02,1.410292e+06,8.848489e+01,,,,5
2018-04-26 09:52:43.000000,2.608977e+07,1.818763e+07,1.239976e+02,1.410292e+06,8.848488e+01,,,,5
2018-04-26 09:52:44.000000,2.608975e+07,1.818692e+07,1.239972e+02,1.410292e+06,8.848488e+01,,,,5
2018-04-26 09:52:45.000000,2.608975e+07,1.818848e+07,1.239981e+02,1.410292e+06,8.848487e+01,,,,5
2018-04-26 09:52:46.000000,2.608975e+07,1.818722e+07,1.239974e+02,1.410292e+06,8.848487e+01,,,,5
2018-04-26 09:52:47.000000,2.608977e+07,1.818875e+07,1.239983e+02,1.410292e+06,8.848486e+01,,,,5
2018-04-26 09:52:48.000000,2.608977e+07,1.818760e+07,1.239978e+02,1.410292e+06,8.848486e+01,,,,5
2018-04-26 09:52:49.000000,2.608977e+07,1.818713e+07,1.239975e+02,1.410292e+06,8.848485e+01,,,,5
2018-04-26 09:52:50.000000,2.608975e+07,1.818662e+07,1.239970e+02,1.410293e+06,8.848484e+01,,,,5
2018-04-26 09:52:51.000000,2.608975e+07,1.818623e+07,1.239968e+02,1.410293e+06,8.848484e+01,,,,5
2018-04-26 09:52:52.000000,2.608976e+07,1.818748e+07,1.239975e+02,1.410293e+06,8.848483e+01,,,,5
2018-04-26 09:52:53.000000,2.608977e+07,1.818603e+07,1.239967e+02,1.410293e+06,8.848483e+01,,,,5
2018-04-26 09:52:54.000000,2.608978e+07,1.818707e+07,1.239972e+02,1.410293e+06,8.848482e+01,,,,5
2018-04-26 09:52:55.000000,2.608978e+07,1.818593e+07,1.239966e+02,1.410293e+06,8.848482e+01,,,,5
2018-04-26 09:52:56.000000,2.608975e+07,1.818790e+07,1.239978e+02,1.410293e+06,8.848481e+01,,,,5
2018-04-26 09:52:57.000000,2.608976e+07,1.818689e+07,1.239972e+02,1.410293e+06,8.848481e+01,,,,5
2018-04-26 09:52:58.000000,2.608978e+07,1.818873e+07,1.239984e+02,1.410293e+06,8.848480e+01,,,,5
2018-04-26 09:52:59.000000,2.608978e+07,1.818728e+07,1.239976e+02,1.410293e+06,8.848480e+01,,,,5
2018-04-26 09:53:00.000000,2.608978e+07,1.818721e+07,1.239975e+02,1.410293e+06,8.848479e+01,,,,5
2018-04-26 09:53:01.000000,2.608976e+07,1.818632e+07,1.239969e+02,1.410293e+06,8.848479e+01,,,,5
2018-04-26 09:53:02.000000,2.608977e+07,1.818629e+07,1.239969e+02,1.410293e+06,8.848478e+01,,,,5
2018-04-26 09:53:03.000000,2.608976e+07,1.818749e+07,1.239975e+02,1.410293e+06,8.848478e+01,,,,5
2018-04-26 09:53:04.000000,2.608979e+07,1.818610e+07,1.239967e+02,1.410293e+06,8.848477e+01,,,,5
2018-04-26 09:53:05.000000,2.608978e+07,1.818714e+07,1.239973e+02,1.410294e+06,8.848477e+01,,,,5
2018-04-26 09:53:06.000000,2.608978e+07,1.818590e+07,1.239966e+02,1.410294e+06,8.848476e+01,,,,5
2018-04-26 09:53:07.000000,2.608977e+07,1.818796e+07,1.239978e+02,1.410294e+06,8.848476e+01,,,,5
2018-04-26 09:53:08.000000,2.608977e+07,1.818692e+07,1.239972e+02,1.410294e+06,8.848475e+01,,,,5
2018-04-26 09:53:09.000000,2.608977e+07,1.818864e+07,1.239982e+02,1.410294e+06,8.848475e+01,,,,5
2018-04-26 09:53:10.000000,2.608978e+07,1.818728e+07,1.239976e+02,1.410294e+06,8.848474e+01,,,,5
2018-04-26 09:53:11.000000,2.608979e+07,1.818889e+07,1.239984e+02,1.410294e+06,8.848474e+01,,,,5
2018-04-26 09:53:12.000000,2.608977e+07,1.818654e+07,1.239970e+02,1.410294e+06,8.848473e+01,,,,5
2018-04-26 09:53:13.000000,2.608977e+07,1.818779e+07,1.239976e+02,1.410294e+06,8.848473e+01,,,,5
2018-04-26 09:53:14.000000,2.608977e+07,1.818663e+07,1.239970e+02,1.410294e+06,8.848472e+01,,,,5
2018-04-26 09:53:15.000000,2.608979e+07,1.818750e+07,1.239974e+02,1.410294e+06,8.848472e+01,,,,5
2018-04-26 09:53:16.000000,2.608980e+07,1.818636e+07,1.239968e+02,1.410294e+06,8.848471e+01,,,,5
2018-04-26 09:53:17.000000,2.608980e+07,1.818593e+07,1.239966e+02,1.410294e+06,8.848471e+01,,,,5
2018-04-26 09:53:18.000000,2.608978e+07,1.818708e+07,1.239973e+02,1.410294e+06,8.848470e+01,,,,5
2018-04-26 09:53:19.000000,2.608978e+07,1.818686e+07,1.239972e+02,1.410295e+06,8.848470e+01,,,,5
2018-04-26 09:53:20.000000,2.608977e+07,1.818808e+07,1.239979e+02,1.410295e+06,8.848469e+01,,,,5
2018-04-26 09:53:21.000000,2.608980e+07,1.818724e+07,1.239975e+02,1.410295e+06,8.848469e+01,,,,5
2018-04-26 09:53:22.000000,2.608980e+07,1.818890e+07,1.239984e+02,1.410295e+06,8.848468e+01,,,,5
2018-04-26 09:53:23.000000,2.608980e+07,1.818717e+07,1.239975e+02,1.410295e+06,8.848468e+01,,,,5
2018-04-26 09:53:24.000000,2.608978e+07,1.818799e+07,1.239978e+02,1.410295e+06,8.848467e+01,,,,5
2018-04-26 09:53:25.000000,2.608978e+07,1.818632e+07,1.239968e+02,1.410295e+06,8.848467e+01,,,,5
2018-04-26 09:53:26.000000,2.608980e+07,1.818760e+07,1.239974e+02,1.410295e+06,8.848466e+01,,,,5
2018-04-26 09:53:27.000000,2.608980e+07,1.818640e+07,1.239968e+02,1.410295e+06,8.848466e+01,,,,5
2018-04-26 09:53:28.000000,2.608981e+07,1.818600e+07,1.239966e+02,1.410295e+06,8.848466e+01,,,,5
2018-04-26 09:53:29.000000,2.608978e+07,1.818711e+07,1.239973e+02,1.410295e+06,8.848465e+01,,,,5
2018-04-26 09:53:30.000000,2.608979e+07,1.818692e+07,1.239973e+02,1.410295e+06,8.848465e+01,,,,5
2018-04-26 09:53:31.000000,2.608979e+07,1.818815e+07,1.239979e+02,1.410295e+06,8.848464e+01,,,,5
2018-04-26 09:53:32.000000,2.608981e+07,1.818726e+07,1.239975e+02,1.410295e+06,8.848464e+01,,,,5
2018-04-26 09:53:33.000000,2.608981e+07,1.818840e+07,1.239981e+02,1.410295e+06,8.848463e+01,,,,5
2018-04-26 09:53:34.000000,2.608980e+07,1.818721e+07,1.239975e+02,1.410296e+06,8.848463e+01,,,,5
2018-04-26 09:53:35.000000,2.608979e+07,1.818751e+07,1.239975e+02,1.410296e+06,8.848462e+01,,,,5
2018-04-26 09:53:36.000000,2.608979e+07,1.818629e+07,1.239968e+02,1.410296e+06,8.848462e+01,,,,5
2018-04-26 09:53:37.000000,2.608979e+07,1.818808e+07,1.239978e+02,1.410296e+06,8.848462e+01,,,,5
2018-04-26 09:53:38.000000,2.608981e+07,1.818608e+07,1.239967e+02,1.410296e+06,8.848461e+01,,,,5
2018-04-26 09:53:39.000000,2.608981e+07,1.818770e+07,1.239975e+02,1.410296e+06,8.848461e+01,,,,5
2018-04-26 09:53:40.000000,2.608979e+07,1.818698e+07,1.239972e+02,1.410296e+06,8.848460e+01,,,,5
2018-04-26 09:53:41.000000,2.608980e+07,1.818854e+07,1.239981e+02,1.410296e+06,8.848460e+01,,,,5
2018-04-26 09:53:42.000000,2.608979e+07,1.818728e+07,1.239974e+02,1.410296e+06,8.848460e+01,,,,5
2018-04-26 09:53:43.000000,2.608982e+07,1.818883e+07,1.239983e+02,1.410296e+06,8.848459e+01,,,,5
2018-04-26 09:53:44.000000,2.608982e+07,1.818765e+07,1.239977e+02,1.410296e+06,8.848459e+01,,,,5
2018-04-26 09:53:45.000000,2.608982e+07,1.818720e+07,1.239975e+02,1.410296e+06,8.848458e+01,,,,5
2018-04-26 09:53:46.000000,2.608980e+07,1.818668e+07,1.239970e+02,1.410296e+06,8.848458e+01,,,,5
2018-04-26 09:53:47.000000,2.608980e+07,1.818629e+07,1.239968e+02,1.410296e+06,8.848457e+01,,,,5
2018-04-26 09:53:48.000000,2.608980e+07,1.818754e+07,1.239975e+02,1.410296e+06,8.848457e+01,,,,5
2018-04-26 09:53:49.000000,2.608982e+07,1.818609e+07,1.239967e+02,1.410296e+06,8.848457e+01,,,,5
2018-04-26 09:53:50.000000,2.608982e+07,1.818714e+07,1.239972e+02,1.410297e+06,8.848456e+01,,,,5
2018-04-26 09:53:51.000000,2.608982e+07,1.818598e+07,1.239966e+02,1.410297e+06,8.848456e+01,,,,5
2018-04-26 09:53:52.000000,2.608980e+07,1.818796e+07,1.239977e+02,1.410297e+06,8.848455e+01,,,,5
2018-04-26 09:53:53.000000,2.608981e+07,1.818694e+07,1.239972e+02,1.410297e+06,8.848455e+01,,,,5
2018-04-26 09:53:54.000000,2.608982e+07,1.818881e+07,1.239983e+02,1.410297e+06,8.848455e+01,,,,5
2018-04-26 09:53:55.000000,2.608983e+07,1.818734e+07,1.239975e+02,1.410297e+06,8.848454e+01,,,,5
2018-04-26 09:53:56.000000,2.608983e+07,1.818727e+07,1.239975e+02,1.410297e+06,8.848454e+01,,,,5
2018-04-26 09:53:57.000000,2.608981e+07,1.818637e+07,1.239969e+02,1.410297e+06,8.848453e+01,,,,5
2018-04-26 09:53:58.000000,2.608981e+07,1.818636e+07,1.239969e+02,1.410297e+06,8.848453e+01,,,,5
2018-04-26 09:53:59.000000,2.608981e+07,1.818755e+07,1.239975e+02,1.410297e+06,8.848453e+01,,,,5
2018-04-26 09:54:00.000000,2.608983e+07,1.818615e+07,1.239967e+02,1.410297e+06,8.848452e+01,,,,5
2018-04-26 09:54:01.000000,2.608983e+07,1.818721e+07,1.239972e+02,1.410297e+06,8.848452e+01,,,,5
2018-04-26 09:54:02.000000,2.608983e+07,1.818596e+07,1.239965e+02,1.410297e+06,8.848452e+01,,,,5
2018-04-26 09:54:03.000000,2.608982e+07,1.818804e+07,1.239978e+02,1.410297e+06,8.848451e+01,,,,5
2018-04-26 09:54:04.000000,2.608981e+07,1.818696e+07,1.239972e+02,1.410297e+06,8.848451e+01,,,,5
2018-04-26 09:54:05.000000,2.608984e+07,1.818832e+07,1.239980e+02,1.410297e+06,8.848450e+01,,,,5
2018-04-26 09:54:06.000000,2.608983e+07,1.818734e+07,1.239975e+02,1.410298e+06,8.848450e+01,,,,5
2018-04-26 09:54:07.000000,2.608984e+07,1.818896e+07,1.239984e+02,1.410298e+06,8.848450e+01,,,,5
2018-04-26 09:54:08.000000,2.608982e+07,1.818660e+07,1.239970e+02,1.410298e+06,8.848449e+01,,,,5
2018-04-26 09:54:09.000000,2.608982e+07,1.818785e+07,1.239976e+02,1.410298e+06,8.848449e+01,,,,5
2018-04-26 09:54:10.000000,2.608982e+07,1.818668e+07,1.239970e+02,1.410298e+06,8.848449e+01,,,,5
2018-04-26 09:54:11.000000,2.608983e+07,1.818757e+07,1.239974e+02,1.410298e+06,8.848448e+01,,,,5
2018-04-26 09:54:12.000000,2.608984e+07,1.818642e+07,1.239967e+02,1.410298e+06,8.848448e+01,,,,5
2018-04-26 09:54:13.000000,2.608984e+07,1.818599e+07,1.239965e+02,1.410298e+06,8.848448e+01,,,,5
2018-04-26 09:54:14.000000,2.608982e+07,1.818715e+07,1.239973e+02,1.410298e+06,8.848447e+01,,,,5
2018-04-26 09:54:15.000000,2.608982e+07,1.818691e+07,1.239972e+02,1.410298e+06,8.848447e+01,,,,5
2018-04-26 09:54:16.000000,2.608982e+07,1.818813e+07,1.239978e+02,1.410298e+06,8.848447e+01,,,,5
2018-04-26 09:54:17.000000,2.608985e+07,1.818729e+07,1.239974e+02,1.410298e+06,8.848446e+01,,,,5
2018-04-26 09:54:18.000000,2.608984e+07,1.818898e+07,1.239984e+02,1.410298e+06,8.848446e+01,,,,5
2018-04-26 09:54:19.000000,2.608983e+07,1.818659e+07,1.239970e+02,1.410298e+06,8.848445e+01,,,,5
2018-04-26 09:54:20.000000,2.608982e+07,1.818798e+07,1.239977e+02,1.410298e+06,8.848445e+01,,,,5
2018-04-26 09:54:21.000000,2.608982e+07,1.818636e+07,1.239968e+02,1.410298e+06,8.848445e+01,,,,5
2018-04-26 09:54:22.000000,2.608985e+07,1.818767e+07,1.239974e+02,1.410299e+06,8.848444e+01,,,,5
2018-04-26 09:54:23.000000,2.608985e+07,1.818646e+07,1.239968e+02,1.410299e+06,8.848444e+01,,,,5
2018-04-26 09:54:24.000000,2.608985e+07,1.818606e+07,1.239966e+02,1.410299e+06,8.848444e+01,,,,5
2018-04-26 09:54:25.000000,2.608983e+07,1.818717e+07,1.239973e+02,1.410299e+06,8.848443e+01,,,,5
2018-04-26 09:54:26.000000,2.608983e+07,1.818698e+07,1.239972e+02,1.410299e+06,8.848443e+01,,,,5
2018-04-26 09:54:27.000000,2.608983e+07,1.818823e+07,1.239979e+02,1.410299e+06,8.848443e+01,,,,5
2018-04-26 09:54:28.000000,2.608985e+07,1.818731e+07,1.239974e+02,1.410299e+06,8.848442e+01,,,,5
2018-04-26 09:54:29.000000,2.608985e+07,1.818845e+07,1.239981e+02,1.410299e+06,8.848442e+01,,,,5
2018-04-26 09:54:30.000000,2.608985e+07,1.818726e+07,1.239974e+02,1.410299e+06,8.848442e+01,,,,5
2018-04-26 09:54:31.000000,2.608984e+07,1.818757e+07,1.239975e+02,1.410299e+06,8.848441e+01,,,,5
2018-04-26 09:54:32.000000,2.608984e+07,1.818639e+07,1.239968e+02,1.410299e+06,8.848441e+01,,,,5
2018-04-26 09:54:33.000000,2.608985e+07,1.818713e+07,1.239972e+02,1.410299e+06,8.848441e+01,,,,5
2018-04-26 09:54:34.000000,2.608986e+07,1.818611e+07,1.239966e+02,1.410299e+06,8.848440e+01,,,,5
2018-04-26 09:54:35.000000,2.608985e+07,1.818763e+07,1.239974e+02,1.410299e+06,8.848440e+01,,,,5
2018-04-26 09:54:36.000000,2.608984e+07,1.818702e+07,1.239972e+02,1.410299e+06,8.848440e+01,,,,5
2018-04-26 09:54:37.000000,2.608984e+07,1.818699e+07,1.239972e+02,1.410299e+06,8.848440e+01,,,,5
2018-04-26 09:54:38.000000,2.608984e+07,1.818727e+07,1.239973e+02,1.410299e+06,8.848439e+01,,,,5
2018-04-26 09:54:39.000000,2.608986e+07,1.818731e+07,1.239975e+02,1.410300e+06,8.848439e+01,,,,5
2018-04-26 09:54:40.000000,2.608986e+07,1.818756e+07,1.239976e+02,1.410300e+06,8.848439e+01,,,,5
2018-04-26 09:54:41.000000,2.608986e+07,1.818724e+07,1.239974e+02,1.410300e+06,8.848438e+01,,,,5
2018-04-26 09:54:42.000000,2.608984e+07,1.818759e+07,1.239975e+02,1.410300e+06,8.848438e+01,,,,5
2018-04-26 09:54:43.000000,2.608984e+07,1.818637e+07,1.239968e+02,1.410300e+06,8.848438e+01,,,,5
2018-04-26 09:54:44.000000,2.608984e+07,1.818814e+07,1.239977e+02,1.410300e+06,8.848437e+01,,,,5
2018-04-26 09:54:45.000000,2.608986e+07,1.818615e+07,1.239966e+02,1.410300e+06,8.848437e+01,,,,5
2018-04-26 09:54:46.000000,2.608987e+07,1.818776e+07,1.239975e+02,1.410300e+06,8.848437e+01,,,,5
2018-04-26 09:54:47.000000,2.608984e+07,1.818705e+07,1.239972e+02,1.410300e+06,8.848436e+01,,,,5
2018-04-26 09:54:48.000000,2.608985e+07,1.818861e+07,1.239980e+02,1.410300e+06,8.848436e+01,,,,5
2018-04-26 09:54:49.000000,2.608984e+07,1.818735e+07,1.239974e+02,1.410300e+06,8.848436e+01,,,,5
2018-04-26 09:54:50.000000,2.608987e+07,1.818888e+07,1.239983e+02,1.410300e+06,8.848436e+01,,,,5
2018-04-26 09:54:51.000000,2.608987e+07,1.818772e+07,1.239977e+02,1.410300e+06,8.848435e+01,,,,5
2018-04-26 09:54:52.000000,2.608987e+07,1.818726e+07,1.239974e+02,1.410300e+06,8.848435e+01,,,,5
2018-04-26 09:54:53.000000,2.608985e+07,1.818674e+07,1.239969e+02,1.410300e+06,8.848435e+01,,,,5
2018-04-26 09:54:54.000000,2.608985e+07,1.818635e+07,1.239968e+02,1.410300e+06,8.848434e+01,,,,5
2018-04-26 09:54:55.000000,2.608985e+07,1.818761e+07,1.239974e+02,1.410300e+06,8.848434e+01,,,,5
2018-04-26 09:54:56.000000,2.608987e+07,1.818615e+07,1.239966e+02,1.410300e+06,8.848434e+01,,,,5
2018-04-26 09:54:57.000000,2.608987e+07,1.818720e+07,1.239972e+02,1.410301e+06,8.848434e+01,,,,5
2018-04-26 09:54:58.000000,2.608987e+07,1.818604e+07,1.239965e+02,1.410301e+06,8.848433e+01,,,,5
2018-04-26 09:54:59.000000,2.608985e+07,1.818802e+07,1.239977e+02,1.410301e+06,8.848433e+01,,,,5
2018-04-26 09:55:00.000000,2.608986e+07,1.818701e+07,1.239972e+02,1.410301e+06,8.848433e+01,,,,5
2018-04-26 09:55:01.000000,2.608987e+07,1.818887e+07,1.239983e+02,1.410301e+06,8.848432e+01,,,,5
2018-04-26 09:55:02.000000,2.608988e+07,1.818740e+07,1.239975e+02,1.410301e+06,8.848432e+01,,,,5
2018-04-26 09:55:03.000000,2.608987e+07,1.818733e+07,1.239975e+02,1.410301e+06,8.848432e+01,,,,5
2018-04-26 09:55:04.000000,2.608985e+07,1.818644e+07,1.239968e+02,1.410301e+06,8.848432e+01,,,,5
2018-04-26 09:55:05.000000,2.608986e+07,1.818641e+07,1.239968e+02,1.410301e+06,8.848431e+01,,,,5
2018-04-26 09:55:06.000000,2.608986e+07,1.818761e+07,1.239974e+02,1.410301e+06,8.848431e+01,,,,5
2018-04-26 09:55:07.000000,2.608988e+07,1.818622e+07,1.239967e+02,1.410301e+06,8.848431e+01,,,,5
2018-04-26 09:55:08.000000,2.608987e+07,1.818727e+07,1.239972e+02,1.410301e+06,8.848431e+01,,,,5
2018-04-26 09:55:09.000000,2.608988e+07,1.818602e+07,1.239965e+02,1.410301e+06,8.848430e+01,,,,5
2018-04-26 09:55:10.000000,2.608986e+07,1.818808e+07,1.239978e+02,1.410301e+06,8.848430e+01,,,,5
2018-04-26 09:55:11.000000,2.608986e+07,1.818702e+07,1.239972e+02,1.410301e+06,8.848430e+01,,,,5
2018-04-26 09:55:12.000000,2.608986e+07,1.818876e+07,1.239981e+02,1.410301e+06,8.848430e+01,,,,5
2018-04-26 09:55:13.000000,2.608988e+07,1.818740e+07,1.239975e+02,1.410301e+06,8.848429e+01,,,,5
2018-04-26 09:55:14.000000,2.608988e+07,1.818901e+07,1.239984e+02,1.410301e+06,8.848429e+01,,,,5
2018-04-26 09:55:15.000000,2.608986e+07,1.818666e+07,1.239970e+02,1.410301e+06,8.848429e+01,,,,5
2018-04-26 09:55:16.000000,2.608986e+07,1.818791e+07,1.239975e+02,1.410302e+06,8.848429e+01,,,,5
2018-04-26 09:55:17.000000,2.608987e+07,1.818675e+07,1.239969e+02,1.410302e+06,8.848428e+01,,,,5
2018-04-26 09:55:18.000000,2.608988e+07,1.818763e+07,1.239974e+02,1.410302e+06,8.848428e+01,,,,5
2018-04-26 09:55:19.000000,2.608989e+07,1.818648e+07,1.239967e+02,1.410302e+06,8.848428e+01,,,,5
2018-04-26 09:55:20.000000,2.608989e+07,1.818605e+07,1.239965e+02,1.410302e+06,8.848428e+01,,,,5
2018-04-26 09:55:21.000000,2.608987e+07,1.818720e+07,1.239972e+02,1.410302e+06,8.848427e+01,,,,5
2018-04-26 09:55:22.000000,2.608987e+07,1.818697e+07,1.239972e+02,1.410302e+06,8.848427e+01,,,,5
2018-04-26 09:55:23.000000,2.608986e+07,1.818819e+07,1.239978e+02,1.410302e+06,8.848427e+01,,,,5
2018-04-26 09:55:24.000000,2.608989e+07,1.818735e+07,1.239974e+02,1.410302e+06,8.848427e+01,,,,5
2018-04-26 09:55:25.000000,2.608989e+07,1.818903e+07,1.239984e+02,1.410302e+06,8.848426e+01,,,,5
2018-04-26 09:55:26.000000,2.608989e+07,1.818729e+07,1.239974e+02,1.410302e+06,8.848426e+01,,,,5
2018-04-26 09:55:27.000000,2.608987e+07,1.818811e+07,1.239977e+02,1.410302e+06,8.848426e+01,,,,5
2018-04-26 09:55:28.000000,2.608987e+07,1.818642e+07,1.239967e+02,1.410302e+06,8.848426e+01,,,,5
2018-04-26 09:55:29.000000,2.608989e+07,1.818773e+07,1.239974e+02,1.410302e+06,8.848425e+01,,,,5
2018-04-26 09:55:30.000000,2.608989e+07,1.818652e+07,1.239968e+02,1.410302e+06,8.848425e+01,,,,5
2018-04-26 09:55:31.000000,2.608989e+07,1.818611e+07,1.239965e+02,1.410302e+06,8.848425e+01,,,,5
2018-04-26 09:55:32.000000,2.608987e+07,1.818722e+07,1.239972e+02,1.410302e+06,8.848425e+01,,,,5
2018-04-26 09:55:33.000000,2.608987e+07,1.818704e+07,1.239972e+02,1.410302e+06,8.848424e+01,,,,5
2018-04-26 09:55:34.000000,2.608988e+07,1.818826e+07,1.239978e+02,1.410302e+06,8.848424e+01,,,,5
2018-04-26 09:55:35.000000,2.608989e+07,1.818737e+07,1.239974e+02,1.410302e+06,8.848424e+01,,,,5
2018-04-26 09:55:36.000000,2.608990e+07,1.818851e+07,1.239981e+02,1.410303e+06,8.848424e+01,,,,5
2018-04-26 09:55:37.000000,2.608989e+07,1.818732e+07,1.239974e+02,1.410303e+06,8.848424e+01,,,,5
2018-04-26 09:55:38.000000,2.608988e+07,1.818762e+07,1.239974e+02,1.410303e+06,8.848423e+01,,,,5
2018-04-26 09:55:39.000000,2.608988e+07,1.818645e+07,1.239967e+02,1.410303e+06,8.848423e+01,,,,5
2018-04-26 09:55:40.000000,2.608990e+07,1.818719e+07,1.239971e+02,1.410303e+06,8.848423e+01,,,,5
2018-04-26 09:55:41.000000,2.608990e+07,1.818618e+07,1.239965e+02,1.410303e+06,8.848423e+01,,,,5
2018-04-26 09:55:42.000000,2.608989e+07,1.818769e+07,1.239974e+02,1.410303e+06,8.848422e+01,,,,5
2018-04-26 09:55:43.000000,2.608988e+07,1.818708e+07,1.239971e+02,1.410303e+06,8.848422e+01,,,,5
2018-04-26 09:55:44.000000,2.608988e+07,1.818705e+07,1.239972e+02,1.410303e+06,8.848422e+01,,,,5
2018-04-26 09:55:45.000000,2.608988e+07,1.818733e+07,1.239973e+02,1.410303e+06,8.848422e+01,,,,5
2018-04-26 09:55:46.000000,2.608990e+07,1.818736e+07,1.239974e+02,1.410303e+06,8.848422e+01,,,,5
2018-04-26 09:55:47.000000,2.608990e+07,1.818762e+07,1.239975e+02,1.410303e+06,8.848421e+01,,,,5
2018-04-26 09:55:48.000000,2.608991e+07,1.818730e+07,1.239974e+02,1.410303e+06,8.848421e+01,,,,5
2018-04-26 09:55:49.000000,2.608988e+07,1.818764e+07,1.239974e+02,1.410303e+06,8.848421e+01,,,,5
2018-04-26 09:55:50.000000,2.608989e+07,1.818643e+07,1.239967e+02,1.410303e+06,8.848421e+01,,,,5
2018-04-26 09:55:51.000000,2.608988e+07,1.818818e+07,1.239977e+02,1.410303e+06,8.848421e+01,,,,5
2018-04-26 09:55:52.000000,2.608990e+07,1.818620e+07,1.239966e+02,1.410303e+06,8.848420e+01,,,,5
2018-04-26 09:55:53.000000,2.608991e+07,1.818782e+07,1.239975e+02,1.410303e+06,8.848420e+01,,,,5
2018-04-26 09:55:54.000000,2.608989e+07,1.818711e+07,1.239971e+02,1.410303e+06,8.848420e+01,,,,5
2018-04-26 09:55:55.000000,2.608989e+07,1.818864e+07,1.239980e+02,1.410303e+06,8.848420e+01,,,,5
2018-04-26 09:55:56.000000,2.608988e+07,1.818741e+07,1.239973e+02,1.410303e+06,8.848420e+01,,,,5
2018-04-26 09:55:57.000000,2.608991e+07,1.818893e+07,1.239982e+02,1.410303e+06,8.848419e+01,,,,5
2018-04-26 09:55:58.000000,2.608991e+07,1.818778e+07,1.239977e+02,1.410304e+06,8.848419e+01,,,,5
2018-04-26 09:55:59.000000,2.608991e+07,1.818731e+07,1.239974e+02,1.410304e+06,8.848419e+01,,,,5
2018-04-26 09:56:00.000000,2.608989e+07,1.818680e+07,1.239969e+02,1.410304e+06,8.848419e+01,,,,5
2018-04-26 09:56:01.000000,2.608989e+07,1.818641e+07,1.239967e+02,1.410304e+06,8.848419e+01,,,,5
2018-04-26 09:56:02.000000,2.608989e+07,1.818766e+07,1.239974e+02,1.410304e+06,8.848418e+01,,,,5
2018-04-26 09:56:03.000000,2.608991e+07,1.818621e+07,1.239966e+02,1.410304e+06,8.848418e+01,,,,5
2018-04-26 09:56:04.000000,2.608991e+07,1.818725e+07,1.239971e+02,1.410304e+06,8.848418e+01,,,,5
2018-04-26 09:56:05.000000,2.608991e+07,1.818611e+07,1.239965e+02,1.410304e+06,8.848418e+01,,,,5
2018-04-26 09:56:06.000000,2.608989e+07,1.818808e+07,1.239977e+02,1.410304e+06,8.848418e+01,,,,5
2018-04-26 09:56:07.000000,2.608990e+07,1.818706e+07,1.239971e+02,1.410304e+06,8.848417e+01,,,,5
2018-04-26 09:56:08.000000,2.608991e+07,1.818891e+07,1.239983e+02,1.410304e+06,8.848417e+01,,,,5
2018-04-26 09:56:09.000000,2.608992e+07,1.818745e+07,1.239975e+02,1.410304e+06,8.848417e+01,,,,5
2018-04-26 09:56:10.000000,2.608991e+07,1.818738e+07,1.239974e+02,1.410304e+06,8.848417e+01,,,,5
2018-04-26 09:56:11.000000,2.608989e+07,1.818649e+07,1.239968e+02,1.410304e+06,8.848417e+01,,,,5
2018-04-26 09:56:12.000000,2.608990e+07,1.818646e+07,1.239968e+02,1.410304e+06,8.848417e+01,,,,5
2018-04-26 09:56:13.000000,2.608990e+07,1.818766e+07,1.239974e+02,1.410304e+06,8.848416e+01,,,,5
2018-04-26 09:56:14.000000,2.608992e+07,1.818628e+07,1.239966e+02,1.410304e+06,8.848416e+01,,,,5
2018-04-26 09:56:15.000000,2.608991e+07,1.818731e+07,1.239972e+02,1.410304e+06,8.848416e+01,,,,5
2018-04-26 09:56:16.000000,2.608992e+07,1.818607e+07,1.239965e+02,1.410304e+06,8.848416e+01,,,,5
2018-04-26 09:56:17.000000,2.608990e+07,1.818814e+07,1.239977e+02,1.410304e+06,8.848416e+01,,,,5
2018-04-26 09:56:18.000000,2.608990e+07,1.818709e+07,1.239971e+02,1.410304e+06,8.848415e+01,,,,5
2018-04-26 09:56:19.000000,2.608990e+07,1.818881e+07,1.239981e+02,1.410304e+06,8.848415e+01,,,,5
2018-04-26 09:56:20.000000,2.608992e+07,1.818745e+07,1.239975e+02,1.410304e+06,8.848415e+01,,,,5
2018-04-26 09:56:21.000000,2.608992e+07,1.818906e+07,1.239983e+02,1.410305e+06,8.848415e+01,,,,5
2018-04-26 09:56:22.000000,2.608990e+07,1.818673e+07,1.239969e+02,1.410305e+06,8.848415e+01,,,,5
2018-04-26 09:56:23.000000,2.608990e+07,1.818796e+07,1.239975e+02,1.410305e+06,8.848415e+01,,,,5
2018-04-26 09:56:24.000000,2.608991e+07,1.818680e+07,1.239969e+02,1.410305e+06,8.848414e+01,,,,5
2018-04-26 09:56:25.000000,2.608992e+07,1.818767e+07,1.239973e+02,1.410305e+06,8.848414e+01,,,,5
2018-04-26 09:56:26.000000,2.608993e+07,1.818653e+07,1.239967e+02,1.410305e+06,8.848414e+01,,,,5
2018-04-26 09:56:27.000000,2.608993e+07,1.818610e+07,1.239965e+02,1.410305e+06,8.848414e+01,,,,5
2018-04-26 09:56:28.000000,2.608991e+07,1.818725e+07,1.239972e+02,1.410305e+06,8.848414e+01,,,,5
2018-04-26 09:56:29.000000,2.608991e+07,1.818702e+07,1.239971e+02,1.410305e+06,8.848414e+01,,,,5
2018-04-26 09:56:30.000000,2.608990e+07,1.818824e+07,1.239978e+02,1.410305e+06,8.848413e+01,,,,5
2018-04-26 09:56:31.000000,2.608993e+07,1.818740e+07,1.239974e+02,1.410305e+06,8.848413e+01,,,,5
2018-04-26 09:56:32.000000,2.608993e+07,1.818907e+07,1.239983e+02,1.410305e+06,8.848413e+01,,,,5
2018-04-26 09:56:33.000000,2.608993e+07,1.818734e+07,1.239974e+02,1.410305e+06,8.848413e+01,,,,5
2018-04-26 09:56:34.000000,2.608991e+07,1.818816e+07,1.239977e+02,1.410305e+06,8.848413e+01,,,,5
2018-04-26 09:56:35.000000,2.608991e+07,1.818649e+07,1.239967e+02,1.410305e+06,8.848413e+01,,,,5
2018-04-26 09:56:36.000000,2.608993e+07,1.818777e+07,1.239973e+02,1.410305e+06,8.848413e+01,,,,5
2018-04-26 09:56:37.000000,2.608993e+07,1.818657e+07,1.239967e+02,1.410305e+06,8.848412e+01,,,,5
2018-04-26 09:56:38.000000,2.608993e+07,1.818616e+07,1.239965e+02,1.410305e+06,8.848412e+01,,,,5
2018-04-26 09:56:39.000000,2.608991e+07,1.818726e+07,1.239972e+02,1.410305e+06,8.848412e+01,,,,5
2018-04-26 09:56:40.000000,2.608991e+07,1.818709e+07,1.239972e+02,1.410305e+06,8.848412e+01,,,,5
2018-04-26 09:56:41.000000,2.608992e+07,1.818831e+07,1.239978e+02,1.410305e+06,8.848412e+01,,,,5
2018-04-26 09:56:42.000000,2.608993e+07,1.818743e+07,1.239974e+02,1.410305e+06,8.848412e+01,,,,5
2018-04-26 09:56:43.000000,2.608993e+07,1.818856e+07,1.239980e+02,1.410305e+06,8.848411e+01,,,,5
2018-04-26 09:56:44.000000,2.608993e+07,1.818737e+07,1.239974e+02,1.410305e+06,8.848411e+01,,,,5
2018-04-26 09:56:45.000000,2.608992e+07,1.818767e+07,1.239974e+02,1.410305e+06,8.848411e+01,,,,5
2018-04-26 09:56:46.000000,2.608992e+07,1.818652e+07,1.239967e+02,1.410305e+06,8.848411e+01,,,,5
2018-04-26 09:56:47.000000,2.608992e+07,1.818810e+07,1.239976e+02,1.410305e+06,8.848411e+01,,,,5
2018-04-26 09:56:48.000000,2.608994e+07,1.818628e+07,1.239966e+02,1.410306e+06,8.848411e+01,,,,5
2018-04-26 09:56:49.000000,2.608993e+07,1.818771e+07,1.239973e+02,1.410306e+06,8.848411e+01,,,,5
2018-04-26 09:56:50.000000,2.608992e+07,1.818713e+07,1.239971e+02,1.410306e+06,8.848410e+01,,,,5
2018-04-26 09:56:51.000000,2.608992e+07,1.818710e+07,1.239972e+02,1.410306e+06,8.848410e+01,,,,5
2018-04-26 09:56:52.000000,2.608992e+07,1.818738e+07,1.239973e+02,1.410306e+06,8.848410e+01,,,,5
2018-04-26 09:56:53.000000,2.608994e+07,1.818741e+07,1.239974e+02,1.410306e+06,8.848410e+01,,,,5
2018-04-26 09:56:54.000000,2.608994e+07,1.818767e+07,1.239975e+02,1.410306e+06,8.848410e+01,,,,5
2018-04-26 09:56:55.000000,2.608994e+07,1.818735e+07,1.239974e+02,1.410306e+06,8.848410e+01,,,,5
2018-04-26 09:56:56.000000,2.608992e+07,1.818768e+07,1.239974e+02,1.410306e+06,8.848410e+01,,,,5
2018-04-26 09:56:57.000000,2.608992e+07,1.818647e+07,1.239967e+02,1.410306e+06,8.848410e+01,,,,5
2018-04-26 09:56:58.000000,2.608992e+07,1.818823e+07,1.239977e+02,1.410306e+06,8.848409e+01,,,,5
2018-04-26 09:56:59.000000,2.608994e+07,1.818627e+07,1.239965e+02,1.410306e+06,8.848409e+01,,,,5
2018-04-26 09:57:00.000000,2.608994e+07,1.818786e+07,1.239974e+02,1.410306e+06,8.848409e+01,,,,5
2018-04-26 09:57:01.000000,2.608994e+07,1.818648e+07,1.239966e+02,1.410306e+06,8.848409e+01,,,,5
2018-04-26 09:57:02.000000,2.608993e+07,1.818867e+07,1.239980e+02,1.410306e+06,8.848409e+01,,,,5
2018-04-26 09:57:03.000000,2.608992e+07,1.818746e+07,1.239973e+02,1.410306e+06,8.848409e+01,,,,5
2018-04-26 09:57:04.000000,2.608994e+07,1.818898e+07,1.239982e+02,1.410306e+06,8.848409e+01,,,,5
2018-04-26 09:57:05.000000,2.608995e+07,1.818783e+07,1.239976e+02,1.410306e+06,8.848409e+01,,,,5
2018-04-26 09:57:06.000000,2.608994e+07,1.818736e+07,1.239973e+02,1.410306e+06,8.848408e+01,,,,5
2018-04-26 09:57:07.000000,2.608993e+07,1.818684e+07,1.239969e+02,1.410306e+06,8.848408e+01,,,,5
2018-04-26 09:57:08.000000,2.608992e+07,1.818645e+07,1.239967e+02,1.410306e+06,8.848408e+01,,,,5
2018-04-26 09:57:09.000000,2.608993e+07,1.818769e+07,1.239974e+02,1.410306e+06,8.848408e+01,,,,5
2018-04-26 09:57:10.000000,2.608995e+07,1.818625e+07,1.239966e+02,1.410306e+06,8.848408e+01,,,,5
2018-04-26 09:57:11.000000,2.608995e+07,1.818730e+07,1.239971e+02,1.410306e+06,8.848408e+01,,,,5
2018-04-26 09:57:12.000000,2.608995e+07,1.818615e+07,1.239965e+02,1.410306e+06,8.848408e+01,,,,5
2018-04-26 09:57:13.000000,2.608993e+07,1.818810e+07,1.239976e+02,1.410306e+06,8.848408e+01,,,,5
2018-04-26 09:57:14.000000,2.608993e+07,1.818711e+07,1.239971e+02,1.410306e+06,8.848407e+01,,,,5
2018-04-26 09:57:15.000000,2.608995e+07,1.818895e+07,1.239982e+02,1.410306e+06,8.848407e+01,,,,5
2018-04-26 09:57:16.000000,2.608995e+07,1.818752e+07,1.239974e+02,1.410306e+06,8.848407e+01,,,,5
2018-04-26 09:57:17.000000,2.608995e+07,1.818743e+07,1.239974e+02,1.410306e+06,8.848407e+01,,,,5
2018-04-26 09:57:18.000000,2.608993e+07,1.818654e+07,1.239968e+02,1.410307e+06,8.848407e+01,,,,5
2018-04-26 09:57:19.000000,2.608994e+07,1.818651e+07,1.239967e+02,1.410307e+06,8.848407e+01,,,,5
2018-04-26 09:57:20.000000,2.608993e+07,1.818770e+07,1.239974e+02,1.410307e+06,8.848407e+01,,,,5
2018-04-26 09:57:21.000000,2.608995e+07,1.818633e+07,1.239966e+02,1.410307e+06,8.848407e+01,,,,5
2018-04-26 09:57:22.000000,2.608995e+07,1.818736e+07,1.239971e+02,1.410307e+06,8.848407e+01,,,,5
2018-04-26 09:57:23.000000,2.608995e+07,1.818614e+07,1.239964e+02,1.410307e+06,8.848406e+01,,,,5
2018-04-26 09:57:24.000000,2.608994e+07,1.818818e+07,1.239977e+02,1.410307e+06,8.848406e+01,,,,5
2018-04-26 09:57:25.000000,2.608993e+07,1.818714e+07,1.239971e+02,1.410307e+06,8.848406e+01,,,,5
2018-04-26 09:57:26.000000,2.608994e+07,1.818883e+07,1.239980e+02,1.410307e+06,8.848406e+01,,,,5
2018-04-26 09:57:27.000000,2.608995e+07,1.818750e+07,1.239974e+02,1.410307e+06,8.848406e+01,,,,5
2018-04-26 09:57:28.000000,2.608996e+07,1.818910e+07,1.239983e+02,1.410307e+06,8.848406e+01,,,,5
2018-04-26 09:57:29.000000,2.608994e+07,1.818677e+07,1.239969e+02,1.410307e+06,8.848406e+01,,,,5
2018-04-26 09:57:30.000000,2.608994e+07,1.818799e+07,1.239975e+02,1.410307e+06,8.848406e+01,,,,5
2018-04-26 09:57:31.000000,2.608994e+07,1.818685e+07,1.239969e+02,1.410307e+06,8.848406e+01,,,,5
2018-04-26 09:57:32.000000,2.608995e+07,1.818771e+07,1.239973e+02,1.410307e+06,8.848406e+01,,,,5
2018-04-26 09:57:33.000000,2.608996e+07,1.818659e+07,1.239967e+02,1.410307e+06,8.848405e+01,,,,5
2018-04-26 09:57:34.000000,2.608996e+07,1.818615e+07,1.239964e+02,1.410307e+06,8.848405e+01,,,,5
2018-04-26 09:57:35.000000,2.608994e+07,1.818729e+07,1.239972e+02,1.410307e+06,8.848405e+01,,,,5
2018-04-26 09:57:36.000000,2.608994e+07,1.818707e+07,1.239971e+02,1.410307e+06,8.848405e+01,,,,5
2018-04-26 09:57:37.000000,2.608994e+07,1.818827e+07,1.239977e+02,1.410307e+06,8.848405e+01,,,,5
2018-04-26 09:57:38.000000,2.608996e+07,1.818745e+07,1.239973e+02,1.410307e+06,8.848405e+01,,,,5
2018-04-26 09:57:39.000000,2.608996e+07,1.818911e+07,1.239982e+02,1.410307e+06,8.848405e+01,,,,5
2018-04-26 09:57:40.000000,2.608996e+07,1.818741e+07,1.239973e+02,1.410307e+06,8.848405e+01,,,,5
2018-04-26 09:57:41.000000,2.608994e+07,1.818821e+07,1.239976e+02,1.410307e+06,8.848405e+01,,,,5
2018-04-26 09:57:42.000000,2.608994e+07,1.818653e+07,1.239967e+02,1.410307e+06,8.848405e+01,,,,5
2018-04-26 09:57:43.000000,2.608997e+07,1.818780e+07,1.239973e+02,1.410307e+06,8.848405e+01,,,,5
2018-04-26 09:57:44.000000,2.608996e+07,1.818661e+07,1.239967e+02,1.410307e+06,8.848404e+01,,,,5
2018-04-26 09:57:45.000000,2.608997e+07,1.818621e+07,1.239965e+02,1.410307e+06,8.848404e+01,,,,5
2018-04-26 09:57:46.000000,2.608994e+07,1.818730e+07,1.239972e+02,1.410307e+06,8.848404e+01,,,,5
2018-04-26 09:57:47.000000,2.608995e+07,1.818713e+07,1.239971e+02,1.410307e+06,8.848404e+01,,,,5
2018-04-26 09:57:48.000000,2.608995e+07,1.818836e+07,1.239978e+02,1.410307e+06,8.848404e+01,,,,5
2018-04-26 09:57:49.000000,2.608996e+07,1.818747e+07,1.239973e+02,1.410307e+06,8.848404e+01,,,,5
2018-04-26 09:57:50.000000,2.608997e+07,1.818859e+07,1.239980e+02,1.410307e+06,8.848404e+01,,,,5
2018-04-26 09:57:51.000000,2.608996e+07,1.818741e+07,1.239973e+02,1.410307e+06,8.848404e+01,,,,5
2018-04-26 09:57:52.000000,2.608995e+07,1.818772e+07,1.239973e+02,1.410307e+06,8.848404e+01,,,,5
2018-04-26 09:57:53.000000,2.608995e+07,1.818656e+07,1.239967e+02,1.410307e+06,8.848404e+01,,,,5
2018-04-26 09:57:54.000000,2.608995e+07,1.818812e+07,1.239976e+02,1.410307e+06,8.848404e+01,,,,5
2018-04-26 09:57:55.000000,2.608997e+07,1.818632e+07,1.239965e+02,1.410308e+06,8.848404e+01,,,,5
2018-04-26 09:57:56.000000,2.608996e+07,1.818776e+07,1.239973e+02,1.410308e+06,8.848403e+01,,,,5
2018-04-26 09:57:57.000000,2.608995e+07,1.818717e+07,1.239971e+02,1.410308e+06,8.848403e+01,,,,5
2018-04-26 09:57:58.000000,2.608995e+07,1.818714e+07,1.239971e+02,1.410308e+06,8.848403e+01,,,,5
2018-04-26 09:57:59.000000,2.608995e+07,1.818742e+07,1.239972e+02,1.410308e+06,8.848403e+01,,,,5
2018-04-26 09:58:00.000000,2.608997e+07,1.818745e+07,1.239974e+02,1.410308e+06,8.848403e+01,,,,5
2018-04-26 09:58:01.000000,2.608997e+07,1.818771e+07,1.239975e+02,1.410308e+06,8.848403e+01,,,,5
2018-04-26 09:58:02.000000,2.608997e+07,1.818739e+07,1.239973e+02,1.410308e+06,8.848403e+01,,,,5
2018-04-26 09:58:03.000000,2.608995e+07,1.818772e+07,1.239973e+02,1.410308e+06,8.848403e+01,,,,5
2018-04-26 09:58:04.000000,2.608996e+07,1.818653e+07,1.239967e+02,1.410308e+06,8.848403e+01,,,,5
2018-04-26 09:58:05.000000,2.608995e+07,1.818827e+07,1.239976e+02,1.410308e+06,8.848403e+01,,,,5
2018-04-26 09:58:06.000000,2.608997e+07,1.818631e+07,1.239965e+02,1.410308e+06,8.848403e+01,,,,5
2018-04-26 09:58:07.000000,2.608998e+07,1.818789e+07,1.239973e+02,1.410308e+06,8.848403e+01,,,,5
2018-04-26 09:58:08.000000,2.608997e+07,1.818652e+07,1.239966e+02,1.410308e+06,8.848403e+01,,,,5
2018-04-26 09:58:09.000000,2.608996e+07,1.818871e+07,1.239979e+02,1.410308e+06,8.848402e+01,,,,5
2018-04-26 09:58:10.000000,2.608995e+07,1.818750e+07,1.239973e+02,1.410308e+06,8.848402e+01,,,,5
2018-04-26 09:58:11.000000,2.608998e+07,1.818902e+07,1.239982e+02,1.410308e+06,8.848402e+01,,,,5
2018-04-26 09:58:12.000000,2.608998e+07,1.818787e+07,1.239976e+02,1.410308e+06,8.848402e+01,,,,5
2018-04-26 09:58:13.000000,2.608998e+07,1.818740e+07,1.239973e+02,1.410308e+06,8.848402e+01,,,,5
2018-04-26 09:58:14.000000,2.608996e+07,1.818689e+07,1.239969e+02,1.410308e+06,8.848402e+01,,,,5
2018-04-26 09:58:15.000000,2.608995e+07,1.818649e+07,1.239967e+02,1.410308e+06,8.848402e+01,,,,5
2018-04-26 09:58:16.000000,2.608996e+07,1.818773e+07,1.239973e+02,1.410308e+06,8.848402e+01,,,,5
2018-04-26 09:58:17.000000,2.608998e+07,1.818631e+07,1.239965e+02,1.410308e+06,8.848402e+01,,,,5
2018-04-26 09:58:18.000000,2.608998e+07,1.818733e+07,1.239971e+02,1.410308e+06,8.848402e+01,,,,5
2018-04-26 09:58:19.000000,2.608998e+07,1.818619e+07,1.239964e+02,1.410308e+06,8.848402e+01,,,,5
2018-04-26 09:58:20.000000,2.608996e+07,1.818814e+07,1.239976e+02,1.410308e+06,8.848402e+01,,,,5
2018-04-26 09:58:21.000000,2.608996e+07,1.818716e+07,1.239971e+02,1.410308e+06,8.848402e+01,,,,5
2018-04-26 09:58:22.000000,2.608996e+07,1.818715e+07,1.239971e+02,1.410308e+06,8.848402e+01,,,,5
2018-04-26 09:58:23.000000,2.608998e+07,1.818739e+07,1.239973e+02,1.410308e+06,8.848402e+01,,,,5
2018-04-26 09:58:24.000000,2.608998e+07,1.818747e+07,1.239974e+02,1.410308e+06,8.848401e+01,,,,5
2018-04-26 09:58:25.000000,2.608996e+07,1.818658e+07,1.239967e+02,1.410308e+06,8.848401e+01,,,,5
2018-04-26 09:58:26.000000,2.608997e+07,1.818655e+07,1.239967e+02,1.410308e+06,8.848401e+01,,,,5
2018-04-26 09:58:27.000000,2.608996e+07,1.818774e+07,1.239973e+02,1.410308e+06,8.848401e+01,,,,5
2018-04-26 09:58:28.000000,2.608998e+07,1.818637e+07,1.239966e+02,1.410308e+06,8.848401e+01,,,,5
2018-04-26 09:58:29.000000,2.608998e+07,1.818740e+07,1.239971e+02,1.410308e+06,8.848401e+01,,,,5
2018-04-26 09:58:30.000000,2.608998e+07,1.818618e+07,1.239964e+02,1.410308e+06,8.848401e+01,,,,5
2018-04-26 09:58:31.000000,2.608997e+07,1.818820e+07,1.239977e+02,1.410308e+06,8.848401e+01,,,,5
2018-04-26 09:58:32.000000,2.608996e+07,1.818718e+07,1.239971e+02,1.410308e+06,8.848401e+01,,,,5
2018-04-26 09:58:33.000000,2.608997e+07,1.818887e+07,1.239980e+02,1.410308e+06,8.848401e+01,,,,5
2018-04-26 09:58:34.000000,2.608998e+07,1.818755e+07,1.239974e+02,1.410308e+06,8.848401e+01,,,,5
2018-04-26 09:58:35.000000,2.608999e+07,1.818914e+07,1.239983e+02,1.410308e+06,8.848401e+01,,,,5
2018-04-26 09:58:36.000000,2.608999e+07,1.818778e+07,1.239975e+02,1.410308e+06,8.848401e+01,,,,5
2018-04-26 09:58:37.000000,2.608997e+07,1.818814e+07,1.239975e+02,1.410308e+06,8.848401e+01,,,,5
2018-04-26 09:58:38.000000,2.608997e+07,1.818690e+07,1.239968e+02,1.410309e+06,8.848401e+01,,,,5
2018-04-26 09:58:39.000000,2.608998e+07,1.818775e+07,1.239972e+02,1.410309e+06,8.848401e+01,,,,5
2018-04-26 09:58:40.000000,2.608999e+07,1.818663e+07,1.239967e+02,1.410309e+06,8.848401e+01,,,,5
2018-04-26 09:58:41.000000,2.608999e+07,1.818619e+07,1.239964e+02,1.410309e+06,8.848400e+01,,,,5
2018-04-26 09:58:42.000000,2.608997e+07,1.818733e+07,1.239971e+02,1.410309e+06,8.848400e+01,,,,5
2018-04-26 09:58:43.000000,2.608997e+07,1.818711e+07,1.239971e+02,1.410309e+06,8.848400e+01,,,,5
2018-04-26 09:58:44.000000,2.608997e+07,1.818831e+07,1.239977e+02,1.410309e+06,8.848400e+01,,,,5
2018-04-26 09:58:45.000000,2.608999e+07,1.818749e+07,1.239973e+02,1.410309e+06,8.848400e+01,,,,5
2018-04-26 09:58:46.000000,2.608999e+07,1.818915e+07,1.239982e+02,1.410309e+06,8.848400e+01,,,,5
2018-04-26 09:58:47.000000,2.608999e+07,1.818744e+07,1.239973e+02,1.410309e+06,8.848400e+01,,,,5
2018-04-26 09:58:48.000000,2.608997e+07,1.818824e+07,1.239976e+02,1.410309e+06,8.848400e+01,,,,5
2018-04-26 09:58:49.000000,2.608997e+07,1.818657e+07,1.239966e+02,1.410309e+06,8.848400e+01,,,,5
2018-04-26 09:58:50.000000,2.608998e+07,1.818657e+07,1.239967e+02,1.410309e+06,8.848400e+01,,,,5
2018-04-26 09:58:51.000000,2.608999e+07,1.818654e+07,1.239966e+02,1.410309e+06,8.848400e+01,,,,5
2018-04-26 09:58:52.000000,2.608999e+07,1.818624e+07,1.239964e+02,1.410309e+06,8.848400e+01,,,,5
2018-04-26 09:58:53.000000,2.608997e+07,1.818734e+07,1.239971e+02,1.410309e+06,8.848400e+01,,,,5
2018-04-26 09:58:54.000000,2.608997e+07,1.818717e+07,1.239971e+02,1.410309e+06,8.848400e+01,,,,5
2018-04-26 09:58:55.000000,2.608998e+07,1.818838e+07,1.239977e+02,1.410309e+06,8.848400e+01,,,,5
2018-04-26 09:58:56.000000,2.608999e+07,1.818751e+07,1.239973e+02,1.410309e+06,8.848400e+01,,,,5
2018-04-26 09:58:57.000000,2.609000e+07,1.818863e+07,1.239980e+02,1.410309e+06,8.848400e+01,,,,5
2018-04-26 09:58:58.000000,2.608999e+07,1.818747e+07,1.239973e+02,1.410309e+06,8.848400e+01,,,,5
2018-04-26 09:58:59.000000,2.608998e+07,1.818775e+07,1.239973e+02,1.410309e+06,8.848400e+01,,,,5
2018-04-26 09:59:00.000000,2.608998e+07,1.818660e+07,1.239966e+02,1.410309e+06,8.848399e+01,,,,5
2018-04-26 09:59:01.000000,2.608998e+07,1.818816e+07,1.239975e+02,1.410309e+06,8.848399e+01,,,,5
2018-04-26 09:59:02.000000,2.609000e+07,1.818636e+07,1.239965e+02,1.410309e+06,8.848399e+01,,,,5
2018-04-26 09:59:03.000000,2.608999e+07,1.818779e+07,1.239973e+02,1.410309e+06,8.848399e+01,,,,5
2018-04-26 09:59:04.000000,2.608998e+07,1.818720e+07,1.239970e+02,1.410309e+06,8.848399e+01,,,,5
2018-04-26 09:59:05.000000,2.608998e+07,1.818718e+07,1.239971e+02,1.410309e+06,8.848399e+01,,,,5
2018-04-26 09:59:06.000000,2.608998e+07,1.818746e+07,1.239972e+02,1.410309e+06,8.848399e+01,,,,5
2018-04-26 09:59:07.000000,2.609000e+07,1.818749e+07,1.239973e+02,1.410309e+06,8.848399e+01,,,,5
2018-04-26 09:59:08.000000,2.609000e+07,1.818774e+07,1.239974e+02,1.410309e+06,8.848399e+01,,,,5
2018-04-26 09:59:09.000000,2.609000e+07,1.818743e+07,1.239973e+02,1.410309e+06,8.848399e+01,,,,5
2018-04-26 09:59:10.000000,2.608998e+07,1.818776e+07,1.239973e+02,1.410309e+06,8.848399e+01,,,,5
2018-04-26 09:59:11.000000,2.608998e+07,1.818656e+07,1.239966e+02,1.410309e+06,8.848399e+01,,,,5
2018-04-26 09:59:12.000000,2.608998e+07,1.818829e+07,1.239976e+02,1.410309e+06,8.848399e+01,,,,5
2018-04-26 09:59:13.000000,2.609000e+07,1.818635e+07,1.239965e+02,1.410309e+06,8.848399e+01,,,,5
2018-04-26 09:59:14.000000,2.609000e+07,1.818792e+07,1.239973e+02,1.410309e+06,8.848399e+01,,,,5
2018-04-26 09:59:15.000000,2.609000e+07,1.818657e+07,1.239966e+02,1.410309e+06,8.848399e+01,,,,5
2018-04-26 09:59:16.000000,2.608999e+07,1.818874e+07,1.239979e+02,1.410309e+06,8.848399e+01,,,,5
2018-04-26 09:59:17.000000,2.608998e+07,1.818754e+07,1.239972e+02,1.410309e+06,8.848399e+01,,,,5
2018-04-26 09:59:18.000000,2.609000e+07,1.818904e+07,1.239981e+02,1.410309e+06,8.848399e+01,,,,5
2018-04-26 09:59:19.000000,2.609000e+07,1.818791e+07,1.239976e+02,1.410309e+06,8.848399e+01,,,,5
2018-04-26 09:59:20.000000,2.609000e+07,1.818744e+07,1.239973e+02,1.410309e+06,8.848399e+01,,,,5
2018-04-26 09:59:21.000000,2.608999e+07,1.818693e+07,1.239969e+02,1.410309e+06,8.848398e+01,,,,5
2018-04-26 09:59:22.000000,2.608998e+07,1.818654e+07,1.239966e+02,1.410309e+06,8.848398e+01,,,,5
2018-04-26 09:59:23.000000,2.608999e+07,1.818776e+07,1.239973e+02,1.410309e+06,8.848398e+01,,,,5
2018-04-26 09:59:24.000000,2.609001e+07,1.818635e+07,1.239965e+02,1.410309e+06,8.848398e+01,,,,5
2018-04-26 09:59:25.000000,2.609001e+07,1.818735e+07,1.239970e+02,1.410309e+06,8.848398e+01,,,,5
2018-04-26 09:59:26.000000,2.609001e+07,1.818623e+07,1.239964e+02,1.410309e+06,8.848398e+01,,,,5
2018-04-26 09:59:27.000000,2.608998e+07,1.818818e+07,1.239976e+02,1.410309e+06,8.848398e+01,,,,5
2018-04-26 09:59:28.000000,2.608999e+07,1.818720e+07,1.239970e+02,1.410309e+06,8.848398e+01,,,,5
2018-04-26 09:59:29.000000,2.608999e+07,1.818719e+07,1.239971e+02,1.410310e+06,8.848398e+01,,,,5
2018-04-26 09:59:30.000000,2.609001e+07,1.818742e+07,1.239973e+02,1.410310e+06,8.848398e+01,,,,5
2018-04-26 09:59:31.000000,2.609001e+07,1.818750e+07,1.239973e+02,1.410310e+06,8.848398e+01,,,,5
2018-04-26 09:59:32.000000,2.608999e+07,1.818662e+07,1.239967e+02,1.410310e+06,8.848398e+01,,,,5
2018-04-26 09:59:33.000000,2.608999e+07,1.818658e+07,1.239967e+02,1.410310e+06,8.848398e+01,,,,5
2018-04-26 09:59:34.000000,2.608999e+07,1.818777e+07,1.239973e+02,1.410310e+06,8.848398e+01,,,,5
2018-04-26 09:59:35.000000,2.609001e+07,1.818641e+07,1.239965e+02,1.410310e+06,8.848398e+01,,,,5
2018-04-26 09:59:36.000000,2.609001e+07,1.818743e+07,1.239971e+02,1.410310e+06,8.848398e+01,,,,5
2018-04-26 09:59:37.000000,2.609001e+07,1.818621e+07,1.239964e+02,1.410310e+06,8.848398e+01,,,,5
2018-04-26 09:59:38.000000,2.608999e+07,1.818823e+07,1.239976e+02,1.410310e+06,8.848398e+01,,,,5
2018-04-26 09:59:39.000000,2.608999e+07,1.818722e+07,1.239970e+02,1.410310e+06,8.848398e+01,,,,5
2018-04-26 09:59:40.000000,2.608999e+07,1.818891e+07,1.239980e+02,1.410310e+06,8.848398e+01,,,,5
2018-04-26 09:59:41.000000,2.609001e+07,1.818758e+07,1.239974e+02,1.410310e+06,8.848398e+01,,,,5
2018-04-26 09:59:42.000000,2.609001e+07,1.818916e+07,1.239982e+02,1.410310e+06,8.848398e+01,,,,5
2018-04-26 09:59:43.000000,2.609001e+07,1.818782e+07,1.239975e+02,1.410310e+06,8.848397e+01,,,,5
2018-04-26 09:59:44.000000,2.608999e+07,1.818817e+07,1.239975e+02,1.410310e+06,8.848397e+01,,,,5
2018-04-26 09:59:45.000000,2.609000e+07,1.818694e+07,1.239968e+02,1.410310e+06,8.848397e+01,,,,5
2018-04-26 09:59:46.000000,2.609001e+07,1.818777e+07,1.239972e+02,1.410310e+06,8.848397e+01,,,,5
2018-04-26 09:59:47.000000,2.609002e+07,1.818666e+07,1.239967e+02,1.410310e+06,8.848397e+01,,,,5
2018-04-26 09:59:48.000000,2.609001e+07,1.818627e+07,1.239964e+02,1.410310e+06,8.848397e+01,,,,5
2018-04-26 09:59:49.000000,2.609000e+07,1.818737e+07,1.239971e+02,1.410310e+06,8.848397e+01,,,,5
2018-04-26 09:59:50.000000,2.609000e+07,1.818720e+07,1.239971e+02,1.410310e+06,8.848397e+01,,,,5
2018-04-26 09:59:51.000000,2.609000e+07,1.818842e+07,1.239977e+02,1.410310e+06,8.848397e+01,,,,5
2018-04-26 09:59:52.000000,2.609001e+07,1.818753e+07,1.239973e+02,1.410310e+06,8.848397e+01,,,,5
2018-04-26 09:59:53.000000,2.609002e+07,1.818867e+07,1.239979e+02,1.410310e+06,8.848397e+01,,,,5
2018-04-26 09:59:54.000000,2.609001e+07,1.818748e+07,1.239973e+02,1.410310e+06,8.848397e+01,,,,5
2018-04-26 09:59:55.000000,2.609000e+07,1.818778e+07,1.239973e+02,1.410310e+06,8.848397e+01,,,,5
2018-04-26 09:59:56.000000,2.609000e+07,1.818662e+07,1.239966e+02,1.410310e+06,8.848397e+01,,,,5
2018-04-26 09:59:57.000000,2.609000e+07,1.818821e+07,1.239975e+02,1.410310e+06,8.848397e+01,,,,5
2018-04-26 09:59:58.000000,2.609002e+07,1.818639e+07,1.239965e+02,1.410310e+06,8.848397e+01,,,,5
2018-04-26 09:59:59.000000,2.609001e+07,1.818782e+07,1.239973e+02,1.410310e+06,8.848397e+01,,,,5
2018-04-26 10:00:00.000000,2.609000e+07,1.818723e+07,1.239970e+02,1.410310e+06,8.848397e+01,,,,5
2018-04-26 10:00:01.000000,2.609000e+07,1.818720e+07,1.239971e+02,1.410310e+06,8.848397e+01,,,,5
2018-04-26 10:00:02.000000,2.609000e+07,1.818748e+07,1.239972e+02,1.410310e+06,8.848397e+01,,,,5
2018-04-26 10:00:03.000000,2.609002e+07,1.818752e+07,1.239973e+02,1.410310e+06,8.848396e+01,,,,5
2018-04-26 10:00:04.000000,2.609002e+07,1.818777e+07,1.239974e+02,1.410310e+06,8.848396e+01,,,,5
2018-04-26 10:00:05.000000,2.609002e+07,1.818746e+07,1.239973e+02,1.410310e+06,8.848396e+01,,,,5
2018-04-26 10:00:06.000000,2.609000e+07,1.818779e+07,1.239973e+02,1.410310e+06,8.848396e+01,,,,5
2018-04-26 10:00:07.000000,2.609000e+07,1.818658e+07,1.239966e+02,1.410310e+06,8.848396e+01,,,,5
2018-04-26 10:00:08.000000,2.609000e+07,1.818833e+07,1.239976e+02,1.410310e+06,8.848396e+01,,,,5
2018-04-26 10:00:09.000000,2.609002e+07,1.818638e+07,1.239965e+02,1.410310e+06,8.848396e+01,,,,5
2018-04-26 10:00:10.000000,2.609003e+07,1.818797e+07,1.239973e+02,1.410310e+06,8.848396e+01,,,,5
2018-04-26 10:00:11.000000,2.609002e+07,1.818658e+07,1.239965e+02,1.410310e+06,8.848396e+01,,,,5
2018-04-26 10:00:12.000000,2.609001e+07,1.818877e+07,1.239979e+02,1.410310e+06,8.848396e+01,,,,5
2018-04-26 10:00:13.000000,2.609000e+07,1.818757e+07,1.239972e+02,1.410310e+06,8.848396e+01,,,,5
2018-04-26 10:00:14.000000,2.609002e+07,1.818908e+07,1.239981e+02,1.410310e+06,8.848396e+01,,,,5
2018-04-26 10:00:15.000000,2.609003e+07,1.818793e+07,1.239975e+02,1.410310e+06,8.848396e+01,,,,5
2018-04-26 10:00:16.000000,2.609002e+07,1.818747e+07,1.239973e+02,1.410310e+06,8.848396e+01,,,,5
2018-04-26 10:00:17.000000,2.609001e+07,1.818695e+07,1.239968e+02,1.410310e+06,8.848396e+01,,,,5
2018-04-26 10:00:18.000000,2.609000e+07,1.818656e+07,1.239966e+02,1.410310e+06,8.848396e+01,,,,5
2018-04-26 10:00:19.000000,2.609001e+07,1.818779e+07,1.239973e+02,1.410310e+06,8.848396e+01,,,,5
2018-04-26 10:00:20.000000,2.609003e+07,1.818638e+07,1.239965e+02,1.410310e+06,8.848396e+01,,,,5
2018-04-26 10:00:21.000000,2.609003e+07,1.818740e+07,1.239970e+02,1.410310e+06,8.848395e+01,,,,5
2018-04-26 10:00:22.000000,2.609003e+07,1.818626e+07,1.239964e+02,1.410310e+06,8.848395e+01,,,,5
2018-04-26 10:00:23.000000,2.609000e+07,1.818820e+07,1.239976e+02,1.410310e+06,8.848395e+01,,,,5
2018-04-26 10:00:24.000000,2.609001e+07,1.818721e+07,1.239970e+02,1.410310e+06,8.848395e+01,,,,5
2018-04-26 10:00:25.000000,2.609001e+07,1.818721e+07,1.239971e+02,1.410310e+06,8.848395e+01,,,,5
2018-04-26 10:00:26.000000,2.609003e+07,1.818745e+07,1.239972e+02,1.410310e+06,8.848395e+01,,,,5
2018-04-26 10:00:27.000000,2.609003e+07,1.818753e+07,1.239973e+02,1.410310e+06,8.848395e+01,,,,5
2018-04-26 10:00:28.000000,2.609001e+07,1.818664e+07,1.239967e+02,1.410311e+06,8.848395e+01,,,,5
2018-04-26 10:00:29.000000,2.609001e+07,1.818661e+07,1.239967e+02,1.410311e+06,8.848395e+01,,,,5
2018-04-26 10:00:30.000000,2.609001e+07,1.818780e+07,1.239973e+02,1.410311e+06,8.848395e+01,,,,5
2018-04-26 10:00:31.000000,2.609003e+07,1.818643e+07,1.239965e+02,1.410311e+06,8.848395e+01,,,,5
2018-04-26 10:00:32.000000,2.609003e+07,1.818746e+07,1.239970e+02,1.410311e+06,8.848395e+01,,,,5
2018-04-26 10:00:33.000000,2.609003e+07,1.818624e+07,1.239963e+02,1.410311e+06,8.848395e+01,,,,5
2018-04-26 10:00:34.000000,2.609001e+07,1.818828e+07,1.239976e+02,1.410311e+06,8.848395e+01,,,,5
2018-04-26 10:00:35.000000,2.609001e+07,1.818724e+07,1.239970e+02,1.410311e+06,8.848395e+01,,,,5
2018-04-26 10:00:36.000000,2.609001e+07,1.818893e+07,1.239980e+02,1.410311e+06,8.848395e+01,,,,5
2018-04-26 10:00:37.000000,2.609003e+07,1.818761e+07,1.239974e+02,1.410311e+06,8.848394e+01,,,,5
2018-04-26 10:00:38.000000,2.609003e+07,1.818920e+07,1.239982e+02,1.410311e+06,8.848394e+01,,,,5
2018-04-26 10:00:39.000000,2.609001e+07,1.818687e+07,1.239968e+02,1.410311e+06,8.848394e+01,,,,5
2018-04-26 10:00:40.000000,2.609001e+07,1.818808e+07,1.239974e+02,1.410311e+06,8.848394e+01,,,,5
2018-04-26 10:00:41.000000,2.609002e+07,1.818695e+07,1.239968e+02,1.410311e+06,8.848394e+01,,,,5
2018-04-26 10:00:42.000000,2.609003e+07,1.818781e+07,1.239972e+02,1.410311e+06,8.848394e+01,,,,5
2018-04-26 10:00:43.000000,2.609004e+07,1.818669e+07,1.239966e+02,1.410311e+06,8.848394e+01,,,,5
2018-04-26 10:00:44.000000,2.609003e+07,1.818625e+07,1.239964e+02,1.410311e+06,8.848394e+01,,,,5
2018-04-26 10:00:45.000000,2.609002e+07,1.818739e+07,1.239971e+02,1.410311e+06,8.848394e+01,,,,5
2018-04-26 10:00:46.000000,2.609002e+07,1.818717e+07,1.239970e+02,1.410311e+06,8.848394e+01,,,,5
2018-04-26 10:00:47.000000,2.609001e+07,1.818836e+07,1.239976e+02,1.410311e+06,8.848394e+01,,,,5
2018-04-26 10:00:48.000000,2.609004e+07,1.818755e+07,1.239972e+02,1.410311e+06,8.848394e+01,,,,5
2018-04-26 10:00:49.000000,2.609003e+07,1.818921e+07,1.239981e+02,1.410311e+06,8.848394e+01,,,,5
2018-04-26 10:00:50.000000,2.609004e+07,1.818750e+07,1.239972e+02,1.410311e+06,8.848394e+01,,,,5
2018-04-26 10:00:51.000000,2.609002e+07,1.818830e+07,1.239976e+02,1.410311e+06,8.848393e+01,,,,5
2018-04-26 10:00:52.000000,2.609002e+07,1.818663e+07,1.239966e+02,1.410311e+06,8.848393e+01,,,,5
2018-04-26 10:00:53.000000,2.609004e+07,1.818790e+07,1.239972e+02,1.410311e+06,8.848393e+01,,,,5
2018-04-26 10:00:54.000000,2.609004e+07,1.818672e+07,1.239966e+02,1.410311e+06,8.848393e+01,,,,5
2018-04-26 10:00:55.000000,2.609004e+07,1.818630e+07,1.239964e+02,1.410311e+06,8.848393e+01,,,,5
2018-04-26 10:00:56.000000,2.609002e+07,1.818740e+07,1.239971e+02,1.410311e+06,8.848393e+01,,,,5
2018-04-26 10:00:57.000000,2.609002e+07,1.818723e+07,1.239970e+02,1.410311e+06,8.848393e+01,,,,5
2018-04-26 10:00:58.000000,2.609002e+07,1.818845e+07,1.239977e+02,1.410311e+06,8.848393e+01,,,,5
2018-04-26 10:00:59.000000,2.609004e+07,1.818756e+07,1.239972e+02,1.410311e+06,8.848393e+01,,,,5
2018-04-26 10:01:00.000000,2.609004e+07,1.818869e+07,1.239979e+02,1.410311e+06,8.848393e+01,,,,5
2018-04-26 10:01:01.000000,2.609003e+07,1.818751e+07,1.239972e+02,1.410311e+06,8.848393e+01,,,,5
2018-04-26 10:01:02.000000,2.609002e+07,1.818781e+07,1.239973e+02,1.410311e+06,8.848393e+01,,,,5
2018-04-26 10:01:03.000000,2.609002e+07,1.818665e+07,1.239966e+02,1.410311e+06,8.848393e+01,,,,5
2018-04-26 10:01:04.000000,2.609002e+07,1.818821e+07,1.239975e+02,1.410311e+06,8.848392e+01,,,,5
2018-04-26 10:01:05.000000,2.609004e+07,1.818641e+07,1.239964e+02,1.410311e+06,8.848392e+01,,,,5
2018-04-26 10:01:06.000000,2.609004e+07,1.818785e+07,1.239972e+02,1.410311e+06,8.848392e+01,,,,5
2018-04-26 10:01:07.000000,2.609002e+07,1.818726e+07,1.239970e+02,1.410311e+06,8.848392e+01,,,,5
2018-04-26 10:01:08.000000,2.609002e+07,1.818723e+07,1.239970e+02,1.410311e+06,8.848392e+01,,,,5
2018-04-26 10:01:09.000000,2.609002e+07,1.818751e+07,1.239972e+02,1.410311e+06,8.848392e+01,,,,5
2018-04-26 10:01:10.000000,2.609004e+07,1.818755e+07,1.239973e+02,1.410311e+06,8.848392e+01,,,,5
2018-04-26 10:01:11.000000,2.609004e+07,1.818780e+07,1.239974e+02,1.410311e+06,8.848392e+01,,,,5
2018-04-26 10:01:12.000000,2.609004e+07,1.818748e+07,1.239972e+02,1.410311e+06,8.848392e+01,,,,5
2018-04-26 10:01:13.000000,2.609002e+07,1.818782e+07,1.239973e+02,1.410311e+06,8.848392e+01,,,,5
2018-04-26 10:01:14.000000,2.609003e+07,1.818662e+07,1.239966e+02,1.410311e+06,8.848392e+01,,,,5
2018-04-26 10:01:15.000000,2.609002e+07,1.818836e+07,1.239976e+02,1.410311e+06,8.848392e+01,,,,5
2018-04-26 10:01:16.000000,2.609004e+07,1.818640e+07,1.239964e+02,1.410311e+06,8.848391e+01,,,,5
2018-04-26 10:01:17.000000,2.609005e+07,1.818798e+07,1.239972e+02,1.410311e+06,8.848391e+01,,,,5
2018-04-26 10:01:18.000000,2.609004e+07,1.818661e+07,1.239965e+02,1.410311e+06,8.848391e+01,,,,5
2018-04-26 10:01:19.000000,2.609003e+07,1.818880e+07,1.239978e+02,1.410311e+06,8.848391e+01,,,,5
2018-04-26 10:01:20.000000,2.609002e+07,1.818759e+07,1.239972e+02,1.410311e+06,8.848391e+01,,,,5
2018-04-26 10:01:21.000000,2.609004e+07,1.818909e+07,1.239981e+02,1.410311e+06,8.848391e+01,,,,5
2018-04-26 10:01:22.000000,2.609005e+07,1.818797e+07,1.239975e+02,1.410311e+06,8.848391e+01,,,,5
2018-04-26 10:01:23.000000,2.609004e+07,1.818749e+07,1.239972e+02,1.410311e+06,8.848391e+01,,,,5
2018-04-26 10:01:24.000000,2.609003e+07,1.818698e+07,1.239968e+02,1.410311e+06,8.848391e+01,,,,5
2018-04-26 10:01:25.000000,2.609002e+07,1.818658e+07,1.239966e+02,1.410311e+06,8.848391e+01,,,,5
2018-04-26 10:01:26.000000,2.609003e+07,1.818782e+07,1.239973e+02,1.410311e+06,8.848391e+01,,,,5
2018-04-26 10:01:27.000000,2.609005e+07,1.818640e+07,1.239964e+02,1.410311e+06,8.848390e+01,,,,5
2018-04-26 10:01:28.000000,2.609005e+07,1.818741e+07,1.239970e+02,1.410311e+06,8.848390e+01,,,,5
2018-04-26 10:01:29.000000,2.609005e+07,1.818628e+07,1.239963e+02,1.410311e+06,8.848390e+01,,,,5
2018-04-26 10:01:30.000000,2.609003e+07,1.818823e+07,1.239975e+02,1.410311e+06,8.848390e+01,,,,5
2018-04-26 10:01:31.000000,2.609003e+07,1.818725e+07,1.239970e+02,1.410311e+06,8.848390e+01,,,,5
2018-04-26 10:01:32.000000,2.609003e+07,1.818724e+07,1.239970e+02,1.410311e+06,8.848390e+01,,,,5
2018-04-26 10:01:33.000000,2.609005e+07,1.818748e+07,1.239972e+02,1.410311e+06,8.848390e+01,,,,5
2018-04-26 10:01:34.000000,2.609005e+07,1.818755e+07,1.239973e+02,1.410311e+06,8.848390e+01,,,,5
2018-04-26 10:01:35.000000,2.609003e+07,1.818667e+07,1.239967e+02,1.410311e+06,8.848390e+01,,,,5
2018-04-26 10:01:36.000000,2.609003e+07,1.818663e+07,1.239966e+02,1.410311e+06,8.848390e+01,,,,5
2018-04-26 10:01:37.000000,2.609003e+07,1.818782e+07,1.239973e+02,1.410311e+06,8.848389e+01,,,,5
2018-04-26 10:01:38.000000,2.609005e+07,1.818647e+07,1.239965e+02,1.410311e+06,8.848389e+01,,,,5
2018-04-26 10:01:39.000000,2.609005e+07,1.818749e+07,1.239970e+02,1.410311e+06,8.848389e+01,,,,5
2018-04-26 10:01:40.000000,2.609005e+07,1.818626e+07,1.239963e+02,1.410311e+06,8.848389e+01,,,,5
2018-04-26 10:01:41.000000,2.609003e+07,1.818829e+07,1.239976e+02,1.410311e+06,8.848389e+01,,,,5
2018-04-26 10:01:42.000000,2.609003e+07,1.818727e+07,1.239970e+02,1.410312e+06,8.848389e+01,,,,5
2018-04-26 10:01:43.000000,2.609003e+07,1.818896e+07,1.239979e+02,1.410312e+06,8.848389e+01,,,,5
2018-04-26 10:01:44.000000,2.609005e+07,1.818763e+07,1.239973e+02,1.410312e+06,8.848389e+01,,,,5
2018-04-26 10:01:45.000000,2.609005e+07,1.818921e+07,1.239981e+02,1.410312e+06,8.848389e+01,,,,5
2018-04-26 10:01:46.000000,2.609005e+07,1.818787e+07,1.239974e+02,1.410312e+06,8.848388e+01,,,,5
2018-04-26 10:01:47.000000,2.609003e+07,1.818822e+07,1.239975e+02,1.410312e+06,8.848388e+01,,,,5
2018-04-26 10:01:48.000000,2.609003e+07,1.818698e+07,1.239967e+02,1.410312e+06,8.848388e+01,,,,5
2018-04-26 10:01:49.000000,2.609005e+07,1.818784e+07,1.239971e+02,1.410312e+06,8.848388e+01,,,,5
2018-04-26 10:01:50.000000,2.609005e+07,1.818672e+07,1.239966e+02,1.410312e+06,8.848388e+01,,,,5
2018-04-26 10:01:51.000000,2.609005e+07,1.818627e+07,1.239963e+02,1.410312e+06,8.848388e+01,,,,5
2018-04-26 10:01:52.000000,2.609004e+07,1.818742e+07,1.239970e+02,1.410312e+06,8.848388e+01,,,,5
2018-04-26 10:01:53.000000,2.609003e+07,1.818719e+07,1.239970e+02,1.410312e+06,8.848388e+01,,,,5
2018-04-26 10:01:54.000000,2.609003e+07,1.818839e+07,1.239976e+02,1.410312e+06,8.848388e+01,,,,5
2018-04-26 10:01:55.000000,2.609006e+07,1.818758e+07,1.239972e+02,1.410312e+06,8.848387e+01,,,,5
2018-04-26 10:01:56.000000,2.609005e+07,1.818923e+07,1.239981e+02,1.410312e+06,8.848387e+01,,,,5
2018-04-26 10:01:57.000000,2.609006e+07,1.818753e+07,1.239972e+02,1.410312e+06,8.848387e+01,,,,5
2018-04-26 10:01:58.000000,2.609003e+07,1.818833e+07,1.239975e+02,1.410312e+06,8.848387e+01,,,,5
2018-04-26 10:01:59.000000,2.609003e+07,1.818666e+07,1.239966e+02,1.410312e+06,8.848387e+01,,,,5
2018-04-26 10:02:00.000000,2.609004e+07,1.818665e+07,1.239966e+02,1.410312e+06,8.848387e+01,,,,5
2018-04-26 10:02:01.000000,2.609005e+07,1.818662e+07,1.239965e+02,1.410312e+06,8.848387e+01,,,,5
2018-04-26 10:02:02.000000,2.609006e+07,1.818633e+07,1.239964e+02,1.410312e+06,8.848387e+01,,,,5
2018-04-26 10:02:03.000000,2.609003e+07,1.818742e+07,1.239971e+02,1.410312e+06,8.848386e+01,,,,5
2018-04-26 10:02:04.000000,2.609004e+07,1.818725e+07,1.239970e+02,1.410312e+06,8.848386e+01,,,,5
2018-04-26 10:02:05.000000,2.609004e+07,1.818846e+07,1.239977e+02,1.410312e+06,8.848386e+01,,,,5
2018-04-26 10:02:06.000000,2.609006e+07,1.818759e+07,1.239972e+02,1.410312e+06,8.848386e+01,,,,5
2018-04-26 10:02:07.000000,2.609006e+07,1.818871e+07,1.239979e+02,1.410312e+06,8.848386e+01,,,,5
2018-04-26 10:02:08.000000,2.609005e+07,1.818755e+07,1.239972e+02,1.410312e+06,8.848386e+01,,,,5
2018-04-26 10:02:09.000000,2.609004e+07,1.818783e+07,1.239972e+02,1.410312e+06,8.848386e+01,,,,5
2018-04-26 10:02:10.000000,2.609004e+07,1.818668e+07,1.239966e+02,1.410312e+06,8.848386e+01,,,,5
2018-04-26 10:02:11.000000,2.609004e+07,1.818824e+07,1.239974e+02,1.410312e+06,8.848386e+01,,,,5
2018-04-26 10:02:12.000000,2.609006e+07,1.818645e+07,1.239964e+02,1.410312e+06,8.848385e+01,,,,5
2018-04-26 10:02:13.000000,2.609005e+07,1.818787e+07,1.239972e+02,1.410312e+06,8.848385e+01,,,,5
2018-04-26 10:02:14.000000,2.609004e+07,1.818728e+07,1.239970e+02,1.410312e+06,8.848385e+01,,,,5
2018-04-26 10:02:15.000000,2.609004e+07,1.818726e+07,1.239970e+02,1.410312e+06,8.848385e+01,,,,5
2018-04-26 10:02:16.000000,2.609004e+07,1.818753e+07,1.239971e+02,1.410312e+06,8.848385e+01,,,,5
2018-04-26 10:02:17.000000,2.609006e+07,1.818757e+07,1.239973e+02,1.410312e+06,8.848385e+01,,,,5
2018-04-26 10:02:18.000000,2.609006e+07,1.818782e+07,1.239974e+02,1.410312e+06,8.848385e+01,,,,5
2018-04-26 10:02:19.000000,2.609006e+07,1.818751e+07,1.239972e+02,1.410312e+06,8.848384e+01,,,,5
2018-04-26 10:02:20.000000,2.609004e+07,1.818784e+07,1.239972e+02,1.410312e+06,8.848384e+01,,,,5
2018-04-26 10:02:21.000000,2.609004e+07,1.818664e+07,1.239965e+02,1.410312e+06,8.848384e+01,,,,5
2018-04-26 10:02:22.000000,2.609004e+07,1.818836e+07,1.239975e+02,1.410312e+06,8.848384e+01,,,,5
2018-04-26 10:02:23.000000,2.609006e+07,1.818643e+07,1.239964e+02,1.410312e+06,8.848384e+01,,,,5
2018-04-26 10:02:24.000000,2.609006e+07,1.818800e+07,1.239972e+02,1.410312e+06,8.848384e+01,,,,5
2018-04-26 10:02:25.000000,2.609006e+07,1.818665e+07,1.239965e+02,1.410312e+06,8.848384e+01,,,,5
2018-04-26 10:02:26.000000,2.609005e+07,1.818881e+07,1.239978e+02,1.410312e+06,8.848384e+01,,,,5
2018-04-26 10:02:27.000000,2.609004e+07,1.818762e+07,1.239971e+02,1.410312e+06,8.848383e+01,,,,5
2018-04-26 10:02:28.000000,2.609006e+07,1.818912e+07,1.239981e+02,1.410312e+06,8.848383e+01,,,,5
2018-04-26 10:02:29.000000,2.609006e+07,1.818800e+07,1.239975e+02,1.410312e+06,8.848383e+01,,,,5
2018-04-26 10:02:30.000000,2.609006e+07,1.818751e+07,1.239972e+02,1.410312e+06,8.848383e+01,,,,5
2018-04-26 10:02:31.000000,2.609005e+07,1.818701e+07,1.239968e+02,1.410312e+06,8.848383e+01,,,,5
2018-04-26 10:02:32.000000,2.609004e+07,1.818662e+07,1.239966e+02,1.410312e+06,8.848383e+01,,,,5
2018-04-26 10:02:33.000000,2.609005e+07,1.818784e+07,1.239972e+02,1.410312e+06,8.848383e+01,,,,5
2018-04-26 10:02:34.000000,2.609006e+07,1.818642e+07,1.239964e+02,1.410312e+06,8.848382e+01,,,,5
2018-04-26 10:02:35.000000,2.609006e+07,1.818743e+07,1.239969e+02,1.410312e+06,8.848382e+01,,,,5
2018-04-26 10:02:36.000000,2.609006e+07,1.818631e+07,1.239963e+02,1.410312e+06,8.848382e+01,,,,5
2018-04-26 10:02:37.000000,2.609004e+07,1.818825e+07,1.239975e+02,1.410312e+06,8.848382e+01,,,,5
2018-04-26 10:02:38.000000,2.609005e+07,1.818727e+07,1.239970e+02,1.410312e+06,8.848382e+01,,,,5
2018-04-26 10:02:39.000000,2.609005e+07,1.818726e+07,1.239970e+02,1.410312e+06,8.848382e+01,,,,5
2018-04-26 10:02:40.000000,2.609007e+07,1.818750e+07,1.239972e+02,1.410312e+06,8.848382e+01,,,,5
2018-04-26 10:02:41.000000,2.609006e+07,1.818758e+07,1.239972e+02,1.410312e+06,8.848381e+01,,,,5
2018-04-26 10:02:42.000000,2.609004e+07,1.818670e+07,1.239966e+02,1.410312e+06,8.848381e+01,,,,5
2018-04-26 10:02:43.000000,2.609005e+07,1.818666e+07,1.239966e+02,1.410312e+06,8.848381e+01,,,,5
2018-04-26 10:02:44.000000,2.609005e+07,1.818785e+07,1.239972e+02,1.410312e+06,8.848381e+01,,,,5
2018-04-26 10:02:45.000000,2.609007e+07,1.818649e+07,1.239964e+02,1.410312e+06,8.848381e+01,,,,5
2018-04-26 10:02:46.000000,2.609006e+07,1.818750e+07,1.239969e+02,1.410312e+06,8.848381e+01,,,,5
2018-04-26 10:02:47.000000,2.609007e+07,1.818628e+07,1.239963e+02,1.410312e+06,8.848381e+01,,,,5
2018-04-26 10:02:48.000000,2.609005e+07,1.818831e+07,1.239975e+02,1.410312e+06,8.848380e+01,,,,5
2018-04-26 10:02:49.000000,2.609005e+07,1.818730e+07,1.239970e+02,1.410312e+06,8.848380e+01,,,,5
2018-04-26 10:02:50.000000,2.609005e+07,1.818898e+07,1.239979e+02,1.410312e+06,8.848380e+01,,,,5
2018-04-26 10:02:51.000000,2.609006e+07,1.818766e+07,1.239973e+02,1.410312e+06,8.848380e+01,,,,5
2018-04-26 10:02:52.000000,2.609007e+07,1.818923e+07,1.239981e+02,1.410312e+06,8.848380e+01,,,,5
2018-04-26 10:02:53.000000,2.609007e+07,1.818789e+07,1.239974e+02,1.410312e+06,8.848380e+01,,,,5
2018-04-26 10:02:54.000000,2.609005e+07,1.818824e+07,1.239974e+02,1.410312e+06,8.848380e+01,,,,5
2018-04-26 10:02:55.000000,2.609005e+07,1.818700e+07,1.239967e+02,1.410312e+06,8.848379e+01,,,,5
2018-04-26 10:02:56.000000,2.609007e+07,1.818785e+07,1.239971e+02,1.410312e+06,8.848379e+01,,,,5
2018-04-26 10:02:57.000000,2.609007e+07,1.818674e+07,1.239966e+02,1.410312e+06,8.848379e+01,,,,5
2018-04-26 10:02:58.000000,2.609007e+07,1.818629e+07,1.239963e+02,1.410312e+06,8.848379e+01,,,,5
2018-04-26 10:02:59.000000,2.609005e+07,1.818743e+07,1.239970e+02,1.410312e+06,8.848379e+01,,,,5
2018-04-26 10:03:00.000000,2.609005e+07,1.818721e+07,1.239969e+02,1.410312e+06,8.848379e+01,,,,5
2018-04-26 10:03:01.000000,2.609005e+07,1.818841e+07,1.239976e+02,1.410312e+06,8.848378e+01,,,,5
2018-04-26 10:03:02.000000,2.609007e+07,1.818760e+07,1.239972e+02,1.410312e+06,8.848378e+01,,,,5
2018-04-26 10:03:03.000000,2.609007e+07,1.818924e+07,1.239981e+02,1.410312e+06,8.848378e+01,,,,5
2018-04-26 10:03:04.000000,2.609007e+07,1.818755e+07,1.239972e+02,1.410312e+06,8.848378e+01,,,,5
2018-04-26 10:03:05.000000,2.609005e+07,1.818835e+07,1.239975e+02,1.410312e+06,8.848378e+01,,,,5
2018-04-26 10:03:06.000000,2.609005e+07,1.818669e+07,1.239966e+02,1.410312e+06,8.848378e+01,,,,5
2018-04-26 10:03:07.000000,2.609006e+07,1.818667e+07,1.239966e+02,1.410312e+06,8.848378e+01,,,,5
2018-04-26 10:03:08.000000,2.609007e+07,1.818664e+07,1.239965e+02,1.410312e+06,8.848377e+01,,,,5
2018-04-26 10:03:09.000000,2.609007e+07,1.818635e+07,1.239963e+02,1.410312e+06,8.848377e+01,,,,5
2018-04-26 10:03:10.000000,2.609005e+07,1.818744e+07,1.239970e+02,1.410312e+06,8.848377e+01,,,,5
2018-04-26 10:03:11.000000,2.609005e+07,1.818727e+07,1.239970e+02,1.410312e+06,8.848377e+01,,,,5
2018-04-26 10:03:12.000000,2.609006e+07,1.818849e+07,1.239976e+02,1.410312e+06,8.848377e+01,,,,5
2018-04-26 10:03:13.000000,2.609007e+07,1.818762e+07,1.239972e+02,1.410312e+06,8.848377e+01,,,,5
2018-04-26 10:03:14.000000,2.609008e+07,1.818873e+07,1.239979e+02,1.410312e+06,8.848376e+01,,,,5
2018-04-26 10:03:15.000000,2.609007e+07,1.818757e+07,1.239972e+02,1.410312e+06,8.848376e+01,,,,5
2018-04-26 10:03:16.000000,2.609006e+07,1.818785e+07,1.239972e+02,1.410312e+06,8.848376e+01,,,,5
2018-04-26 10:03:17.000000,2.609006e+07,1.818670e+07,1.239965e+02,1.410312e+06,8.848376e+01,,,,5
2018-04-26 10:03:18.000000,2.609006e+07,1.818826e+07,1.239974e+02,1.410312e+06,8.848376e+01,,,,5
2018-04-26 10:03:19.000000,2.609007e+07,1.818647e+07,1.239964e+02,1.410312e+06,8.848376e+01,,,,5
2018-04-26 10:03:20.000000,2.609007e+07,1.818787e+07,1.239972e+02,1.410312e+06,8.848375e+01,,,,5
2018-04-26 10:03:21.000000,2.609008e+07,1.818664e+07,1.239965e+02,1.410312e+06,8.848375e+01,,,,5
2018-04-26 10:03:22.000000,2.609006e+07,1.818723e+07,1.239970e+02,1.410312e+06,8.848375e+01,,,,5
2018-04-26 10:03:23.000000,2.609006e+07,1.818756e+07,1.239971e+02,1.410312e+06,8.848375e+01,,,,5
2018-04-26 10:03:24.000000,2.609007e+07,1.818759e+07,1.239972e+02,1.410312e+06,8.848375e+01,,,,5
2018-04-26 10:03:25.000000,2.609007e+07,1.818784e+07,1.239973e+02,1.410312e+06,8.848375e+01,,,,5
2018-04-26 10:03:26.000000,2.609008e+07,1.818753e+07,1.239972e+02,1.410312e+06,8.848375e+01,,,,5
2018-04-26 10:03:27.000000,2.609006e+07,1.818786e+07,1.239972e+02,1.410312e+06,8.848374e+01,,,,5
2018-04-26 10:03:28.000000,2.609006e+07,1.818666e+07,1.239965e+02,1.410312e+06,8.848374e+01,,,,5
2018-04-26 10:03:29.000000,2.609006e+07,1.818838e+07,1.239975e+02,1.410312e+06,8.848374e+01,,,,5
2018-04-26 10:03:30.000000,2.609008e+07,1.818647e+07,1.239964e+02,1.410312e+06,8.848374e+01,,,,5
2018-04-26 10:03:31.000000,2.609008e+07,1.818802e+07,1.239972e+02,1.410312e+06,8.848374e+01,,,,5
2018-04-26 10:03:32.000000,2.609008e+07,1.818667e+07,1.239965e+02,1.410312e+06,8.848374e+01,,,,5
2018-04-26 10:03:33.000000,2.609006e+07,1.818881e+07,1.239978e+02,1.410312e+06,8.848373e+01,,,,5
2018-04-26 10:03:34.000000,2.609006e+07,1.818764e+07,1.239971e+02,1.410312e+06,8.848373e+01,,,,5
2018-04-26 10:03:35.000000,2.609006e+07,1.818726e+07,1.239970e+02,1.410312e+06,8.848373e+01,,,,5
2018-04-26 10:03:36.000000,2.609008e+07,1.818785e+07,1.239974e+02,1.410312e+06,8.848373e+01,,,,5
2018-04-26 10:03:37.000000,2.609008e+07,1.818754e+07,1.239972e+02,1.410312e+06,8.848373e+01,,,,5
2018-04-26 10:03:38.000000,2.609006e+07,1.818703e+07,1.239968e+02,1.410312e+06,8.848373e+01,,,,5
2018-04-26 10:03:39.000000,2.609006e+07,1.818664e+07,1.239965e+02,1.410312e+06,8.848372e+01,,,,5
2018-04-26 10:03:40.000000,2.609006e+07,1.818785e+07,1.239972e+02,1.410312e+06,8.848372e+01,,,,5
2018-04-26 10:03:41.000000,2.609008e+07,1.818644e+07,1.239964e+02,1.410312e+06,8.848372e+01,,,,5
2018-04-26 10:03:42.000000,2.609008e+07,1.818745e+07,1.239969e+02,1.410312e+06,8.848372e+01,,,,5
2018-04-26 10:03:43.000000,2.609008e+07,1.818635e+07,1.239963e+02,1.410312e+06,8.848372e+01,,,,5
2018-04-26 10:03:44.000000,2.609006e+07,1.818827e+07,1.239975e+02,1.410312e+06,8.848372e+01,,,,5
2018-04-26 10:03:45.000000,2.609006e+07,1.818729e+07,1.239969e+02,1.410312e+06,8.848371e+01,,,,5
2018-04-26 10:03:46.000000,2.609006e+07,1.818728e+07,1.239970e+02,1.410312e+06,8.848371e+01,,,,5
2018-04-26 10:03:47.000000,2.609008e+07,1.818752e+07,1.239972e+02,1.410312e+06,8.848371e+01,,,,5
2018-04-26 10:03:48.000000,2.609008e+07,1.818760e+07,1.239972e+02,1.410312e+06,8.848371e+01,,,,5
2018-04-26 10:03:49.000000,2.609008e+07,1.818787e+07,1.239973e+02,1.410312e+06,8.848371e+01,,,,5
2018-04-26 10:03:50.000000,2.609007e+07,1.818678e+07,1.239967e+02,1.410312e+06,8.848371e+01,,,,5
2018-04-26 10:03:51.000000,2.609006e+07,1.818787e+07,1.239972e+02,1.410312e+06,8.848370e+01,,,,5
2018-04-26 10:03:52.000000,2.609008e+07,1.818651e+07,1.239964e+02,1.410312e+06,8.848370e+01,,,,5
2018-04-26 10:03:53.000000,2.609008e+07,1.818752e+07,1.239969e+02,1.410312e+06,8.848370e+01,,,,5
2018-04-26 10:03:54.000000,2.609008e+07,1.818631e+07,1.239963e+02,1.410312e+06,8.848370e+01,,,,5
2018-04-26 10:03:55.000000,2.609007e+07,1.818833e+07,1.239975e+02,1.410312e+06,8.848370e+01,,,,5
2018-04-26 10:03:56.000000,2.609006e+07,1.818732e+07,1.239969e+02,1.410312e+06,8.848370e+01,,,,5
2018-04-26 10:03:57.000000,2.609007e+07,1.818898e+07,1.239979e+02,1.410312e+06,8.848369e+01,,,,5
2018-04-26 10:03:58.000000,2.609008e+07,1.818767e+07,1.239973e+02,1.410312e+06,8.848369e+01,,,,5
2018-04-26 10:03:59.000000,2.609008e+07,1.818925e+07,1.239981e+02,1.410312e+06,8.848369e+01,,,,5
2018-04-26 10:04:00.000000,2.609009e+07,1.818792e+07,1.239974e+02,1.410312e+06,8.848369e+01,,,,5
2018-04-26 10:04:01.000000,2.609006e+07,1.818826e+07,1.239974e+02,1.410312e+06,8.848369e+01,,,,5
2018-04-26 10:04:02.000000,2.609007e+07,1.818702e+07,1.239967e+02,1.410312e+06,8.848368e+01,,,,5
2018-04-26 10:04:03.000000,2.609008e+07,1.818787e+07,1.239971e+02,1.410312e+06,8.848368e+01,,,,5
2018-04-26 10:04:04.000000,2.609009e+07,1.818677e+07,1.239966e+02,1.410312e+06,8.848368e+01,,,,5
2018-04-26 10:04:05.000000,2.609008e+07,1.818631e+07,1.239963e+02,1.410312e+06,8.848368e+01,,,,5
2018-04-26 10:04:06.000000,2.609007e+07,1.818745e+07,1.239970e+02,1.410312e+06,8.848368e+01,,,,5
2018-04-26 10:04:07.000000,2.609007e+07,1.818724e+07,1.239969e+02,1.410312e+06,8.848368e+01,,,,5
2018-04-26 10:04:08.000000,2.609006e+07,1.818843e+07,1.239976e+02,1.410312e+06,8.848367e+01,,,,5
2018-04-26 10:04:09.000000,2.609009e+07,1.818762e+07,1.239972e+02,1.410312e+06,8.848367e+01,,,,5
2018-04-26 10:04:10.000000,2.609008e+07,1.818926e+07,1.239980e+02,1.410312e+06,8.848367e+01,,,,5
2018-04-26 10:04:11.000000,2.609009e+07,1.818759e+07,1.239972e+02,1.410312e+06,8.848367e+01,,,,5
2018-04-26 10:04:12.000000,2.609007e+07,1.818837e+07,1.239975e+02,1.410312e+06,8.848367e+01,,,,5
2018-04-26 10:04:13.000000,2.609006e+07,1.818671e+07,1.239966e+02,1.410312e+06,8.848367e+01,,,,5
2018-04-26 10:04:14.000000,2.609007e+07,1.818669e+07,1.239966e+02,1.410312e+06,8.848366e+01,,,,5
2018-04-26 10:04:15.000000,2.609008e+07,1.818666e+07,1.239964e+02,1.410312e+06,8.848366e+01,,,,5
2018-04-26 10:04:16.000000,2.609009e+07,1.818637e+07,1.239963e+02,1.410312e+06,8.848366e+01,,,,5
2018-04-26 10:04:17.000000,2.609006e+07,1.818745e+07,1.239970e+02,1.410312e+06,8.848366e+01,,,,5
2018-04-26 10:04:18.000000,2.609007e+07,1.818729e+07,1.239970e+02,1.410312e+06,8.848366e+01,,,,5
2018-04-26 10:04:19.000000,2.609007e+07,1.818850e+07,1.239976e+02,1.410312e+06,8.848366e+01,,,,5
2018-04-26 10:04:20.000000,2.609009e+07,1.818764e+07,1.239972e+02,1.410312e+06,8.848365e+01,,,,5
2018-04-26 10:04:21.000000,2.609009e+07,1.818874e+07,1.239978e+02,1.410312e+06,8.848365e+01,,,,5
2018-04-26 10:04:22.000000,2.609008e+07,1.818759e+07,1.239972e+02,1.410312e+06,8.848365e+01,,,,5
2018-04-26 10:04:23.000000,2.609007e+07,1.818787e+07,1.239972e+02,1.410312e+06,8.848365e+01,,,,5
2018-04-26 10:04:24.000000,2.609007e+07,1.818673e+07,1.239965e+02,1.410312e+06,8.848365e+01,,,,5
2018-04-26 10:04:25.000000,2.609007e+07,1.818828e+07,1.239974e+02,1.410312e+06,8.848365e+01,,,,5
2018-04-26 10:04:26.000000,2.609009e+07,1.818649e+07,1.239964e+02,1.410312e+06,8.848364e+01,,,,5
2018-04-26 10:04:27.000000,2.609008e+07,1.818789e+07,1.239971e+02,1.410312e+06,8.848364e+01,,,,5
2018-04-26 10:04:28.000000,2.609009e+07,1.818667e+07,1.239964e+02,1.410312e+06,8.848364e+01,,,,5
2018-04-26 10:04:29.000000,2.609007e+07,1.818724e+07,1.239970e+02,1.410312e+06,8.848364e+01,,,,5
2018-04-26 10:04:30.000000,2.609007e+07,1.818757e+07,1.239971e+02,1.410312e+06,8.848364e+01,,,,5
2018-04-26 10:04:31.000000,2.609009e+07,1.818761e+07,1.239972e+02,1.410312e+06,8.848364e+01,,,,5
2018-04-26 10:04:32.000000,2.609009e+07,1.818786e+07,1.239973e+02,1.410312e+06,8.848363e+01,,,,5
2018-04-26 10:04:33.000000,2.609009e+07,1.818755e+07,1.239972e+02,1.410312e+06,8.848363e+01,,,,5
2018-04-26 10:04:34.000000,2.609007e+07,1.818788e+07,1.239972e+02,1.410311e+06,8.848363e+01,,,,5
2018-04-26 10:04:35.000000,2.609007e+07,1.818668e+07,1.239965e+02,1.410311e+06,8.848363e+01,,,,5
2018-04-26 10:04:36.000000,2.609007e+07,1.818840e+07,1.239975e+02,1.410311e+06,8.848363e+01,,,,5
2018-04-26 10:04:37.000000,2.609009e+07,1.818648e+07,1.239963e+02,1.410311e+06,8.848362e+01,,,,5
2018-04-26 10:04:38.000000,2.609009e+07,1.818802e+07,1.239971e+02,1.410311e+06,8.848362e+01,,,,5
2018-04-26 10:04:39.000000,2.609009e+07,1.818669e+07,1.239964e+02,1.410311e+06,8.848362e+01,,,,5
2018-04-26 10:04:40.000000,2.609007e+07,1.818883e+07,1.239978e+02,1.410311e+06,8.848362e+01,,,,5
2018-04-26 10:04:41.000000,2.609007e+07,1.818767e+07,1.239971e+02,1.410311e+06,8.848362e+01,,,,5
2018-04-26 10:04:42.000000,2.609007e+07,1.818728e+07,1.239969e+02,1.410311e+06,8.848362e+01,,,,5
2018-04-26 10:04:43.000000,2.609009e+07,1.818787e+07,1.239973e+02,1.410311e+06,8.848361e+01,,,,5
2018-04-26 10:04:44.000000,2.609009e+07,1.818756e+07,1.239972e+02,1.410311e+06,8.848361e+01,,,,5
2018-04-26 10:04:45.000000,2.609007e+07,1.818704e+07,1.239968e+02,1.410311e+06,8.848361e+01,,,,5
2018-04-26 10:04:46.000000,2.609007e+07,1.818665e+07,1.239965e+02,1.410311e+06,8.848361e+01,,,,5
2018-04-26 10:04:47.000000,2.609007e+07,1.818787e+07,1.239972e+02,1.410311e+06,8.848361e+01,,,,5
2018-04-26 10:04:48.000000,2.609009e+07,1.818647e+07,1.239964e+02,1.410311e+06,8.848361e+01,,,,5
2018-04-26 10:04:49.000000,2.609009e+07,1.818747e+07,1.239969e+02,1.410311e+06,8.848360e+01,,,,5
2018-04-26 10:04:50.000000,2.609009e+07,1.818636e+07,1.239963e+02,1.410311e+06,8.848360e+01,,,,5
2018-04-26 10:04:51.000000,2.609007e+07,1.818827e+07,1.239974e+02,1.410311e+06,8.848360e+01,,,,5
2018-04-26 10:04:52.000000,2.609008e+07,1.818731e+07,1.239969e+02,1.410311e+06,8.848360e+01,,,,5
2018-04-26 10:04:53.000000,2.609007e+07,1.818730e+07,1.239970e+02,1.410311e+06,8.848360e+01,,,,5
2018-04-26 10:04:54.000000,2.609010e+07,1.818754e+07,1.239971e+02,1.410311e+06,8.848360e+01,,,,5
2018-04-26 10:04:55.000000,2.609009e+07,1.818761e+07,1.239972e+02,1.410311e+06,8.848359e+01,,,,5
2018-04-26 10:04:56.000000,2.609009e+07,1.818789e+07,1.239973e+02,1.410311e+06,8.848359e+01,,,,5
2018-04-26 10:04:57.000000,2.609008e+07,1.818679e+07,1.239967e+02,1.410311e+06,8.848359e+01,,,,5
2018-04-26 10:04:58.000000,2.609007e+07,1.818787e+07,1.239972e+02,1.410311e+06,8.848359e+01,,,,5
2018-04-26 10:04:59.000000,2.609010e+07,1.818653e+07,1.239964e+02,1.410311e+06,8.848359e+01,,,,5
2018-04-26 10:05:00.000000,2.609009e+07,1.818754e+07,1.239969e+02,1.410311e+06,8.848359e+01,,,,5
2018-04-26 10:05:01.000000,2.609009e+07,1.818633e+07,1.239962e+02,1.410311e+06,8.848358e+01,,,,5
2018-04-26 10:05:02.000000,2.609008e+07,1.818832e+07,1.239975e+02,1.410311e+06,8.848358e+01,,,,5
2018-04-26 10:05:03.000000,2.609008e+07,1.818733e+07,1.239969e+02,1.410311e+06,8.848358e+01,,,,5
2018-04-26 10:05:04.000000,2.609008e+07,1.818900e+07,1.239979e+02,1.410311e+06,8.848358e+01,,,,5
2018-04-26 10:05:05.000000,2.609009e+07,1.818771e+07,1.239972e+02,1.410311e+06,8.848358e+01,,,,5
2018-04-26 10:05:06.000000,2.609010e+07,1.818927e+07,1.239980e+02,1.410311e+06,8.848358e+01,,,,5
2018-04-26 10:05:07.000000,2.609010e+07,1.818758e+07,1.239971e+02,1.410311e+06,8.848357e+01,,,,5
2018-04-26 10:05:08.000000,2.609008e+07,1.818838e+07,1.239975e+02,1.410311e+06,8.848357e+01,,,,5
2018-04-26 10:05:09.000000,2.609008e+07,1.818671e+07,1.239965e+02,1.410311e+06,8.848357e+01,,,,5
2018-04-26 10:05:10.000000,2.609008e+07,1.818671e+07,1.239966e+02,1.410311e+06,8.848357e+01,,,,5
2018-04-26 10:05:11.000000,2.609010e+07,1.818668e+07,1.239964e+02,1.410311e+06,8.848357e+01,,,,5
2018-04-26 10:05:12.000000,2.609010e+07,1.818638e+07,1.239963e+02,1.410311e+06,8.848357e+01,,,,5
2018-04-26 10:05:13.000000,2.609008e+07,1.818747e+07,1.239970e+02,1.410311e+06,8.848356e+01,,,,5
2018-04-26 10:05:14.000000,2.609008e+07,1.818731e+07,1.239969e+02,1.410311e+06,8.848356e+01,,,,5
2018-04-26 10:05:15.000000,2.609008e+07,1.818852e+07,1.239976e+02,1.410311e+06,8.848356e+01,,,,5
2018-04-26 10:05:16.000000,2.609010e+07,1.818764e+07,1.239971e+02,1.410311e+06,8.848356e+01,,,,5
2018-04-26 10:05:17.000000,2.609010e+07,1.818876e+07,1.239978e+02,1.410311e+06,8.848356e+01,,,,5
2018-04-26 10:05:18.000000,2.609010e+07,1.818761e+07,1.239971e+02,1.410311e+06,8.848356e+01,,,,5
2018-04-26 10:05:19.000000,2.609008e+07,1.818789e+07,1.239972e+02,1.410311e+06,8.848355e+01,,,,5
2018-04-26 10:05:20.000000,2.609008e+07,1.818673e+07,1.239965e+02,1.410311e+06,8.848355e+01,,,,5
2018-04-26 10:05:21.000000,2.609008e+07,1.818829e+07,1.239974e+02,1.410311e+06,8.848355e+01,,,,5
2018-04-26 10:05:22.000000,2.609010e+07,1.818650e+07,1.239963e+02,1.410311e+06,8.848355e+01,,,,5
2018-04-26 10:05:23.000000,2.609010e+07,1.818793e+07,1.239971e+02,1.410311e+06,8.848355e+01,,,,5
2018-04-26 10:05:24.000000,2.609010e+07,1.818668e+07,1.239964e+02,1.410311e+06,8.848355e+01,,,,5
2018-04-26 10:05:25.000000,2.609008e+07,1.818726e+07,1.239969e+02,1.410311e+06,8.848354e+01,,,,5
2018-04-26 10:05:26.000000,2.609008e+07,1.818759e+07,1.239971e+02,1.410311e+06,8.848354e+01,,,,5
2018-04-26 10:05:27.000000,2.609010e+07,1.818762e+07,1.239972e+02,1.410311e+06,8.848354e+01,,,,5
2018-04-26 10:05:28.000000,2.609010e+07,1.818788e+07,1.239973e+02,1.410311e+06,8.848354e+01,,,,5
2018-04-26 10:05:29.000000,2.609010e+07,1.818756e+07,1.239971e+02,1.410311e+06,8.848354e+01,,,,5
2018-04-26 10:05:30.000000,2.609008e+07,1.818789e+07,1.239972e+02,1.410311e+06,8.848353e+01,,,,5
2018-04-26 10:05:31.000000,2.609009e+07,1.818669e+07,1.239965e+02,1.410311e+06,8.848353e+01,,,,5
2018-04-26 10:05:32.000000,2.609008e+07,1.818842e+07,1.239975e+02,1.410311e+06,8.848353e+01,,,,5
2018-04-26 10:05:33.000000,2.609010e+07,1.818648e+07,1.239963e+02,1.410311e+06,8.848353e+01,,,,5
2018-04-26 10:05:34.000000,2.609011e+07,1.818805e+07,1.239971e+02,1.410311e+06,8.848353e+01,,,,5
2018-04-26 10:05:35.000000,2.609010e+07,1.818670e+07,1.239964e+02,1.410311e+06,8.848353e+01,,,,5
2018-04-26 10:05:36.000000,2.609009e+07,1.818887e+07,1.239977e+02,1.410311e+06,8.848353e+01,,,,5
2018-04-26 10:05:37.000000,2.609008e+07,1.818767e+07,1.239971e+02,1.410311e+06,8.848352e+01,,,,5
2018-04-26 10:05:38.000000,2.609010e+07,1.818917e+07,1.239980e+02,1.410311e+06,8.848352e+01,,,,5
2018-04-26 10:05:39.000000,2.609011e+07,1.818805e+07,1.239974e+02,1.410311e+06,8.848352e+01,,,,5
2018-04-26 10:05:40.000000,2.609010e+07,1.818757e+07,1.239971e+02,1.410311e+06,8.848352e+01,,,,5
2018-04-26 10:05:41.000000,2.609009e+07,1.818706e+07,1.239967e+02,1.410311e+06,8.848352e+01,,,,5
2018-04-26 10:05:42.000000,2.609008e+07,1.818667e+07,1.239965e+02,1.410310e+06,8.848352e+01,,,,5
2018-04-26 10:05:43.000000,2.609009e+07,1.818789e+07,1.239972e+02,1.410310e+06,8.848351e+01,,,,5
2018-04-26 10:05:44.000000,2.609010e+07,1.818648e+07,1.239963e+02,1.410310e+06,8.848351e+01,,,,5
2018-04-26 10:05:45.000000,2.609010e+07,1.818748e+07,1.239969e+02,1.410310e+06,8.848351e+01,,,,5
2018-04-26 10:05:46.000000,2.609010e+07,1.818638e+07,1.239962e+02,1.410310e+06,8.848351e+01,,,,5
2018-04-26 10:05:47.000000,2.609008e+07,1.818831e+07,1.239974e+02,1.410310e+06,8.848351e+01,,,,5
2018-04-26 10:05:48.000000,2.609009e+07,1.818732e+07,1.239969e+02,1.410310e+06,8.848351e+01,,,,5
2018-04-26 10:05:49.000000,2.609009e+07,1.818732e+07,1.239969e+02,1.410310e+06,8.848350e+01,,,,5
2018-04-26 10:05:50.000000,2.609011e+07,1.818755e+07,1.239971e+02,1.410310e+06,8.848350e+01,,,,5
2018-04-26 10:05:51.000000,2.609010e+07,1.818763e+07,1.239972e+02,1.410310e+06,8.848350e+01,,,,5
2018-04-26 10:05:52.000000,2.609008e+07,1.818675e+07,1.239966e+02,1.410310e+06,8.848350e+01,,,,5
2018-04-26 10:05:53.000000,2.609009e+07,1.818671e+07,1.239965e+02,1.410310e+06,8.848350e+01,,,,5
2018-04-26 10:05:54.000000,2.609009e+07,1.818790e+07,1.239972e+02,1.410310e+06,8.848350e+01,,,,5
2018-04-26 10:05:55.000000,2.609011e+07,1.818654e+07,1.239964e+02,1.410310e+06,8.848349e+01,,,,5
2018-04-26 10:05:56.000000,2.609010e+07,1.818755e+07,1.239969e+02,1.410310e+06,8.848349e+01,,,,5
2018-04-26 10:05:57.000000,2.609010e+07,1.818634e+07,1.239962e+02,1.410310e+06,8.848349e+01,,,,5
2018-04-26 10:05:58.000000,2.609009e+07,1.818836e+07,1.239975e+02,1.410310e+06,8.848349e+01,,,,5
2018-04-26 10:05:59.000000,2.609009e+07,1.818735e+07,1.239969e+02,1.410310e+06,8.848349e+01,,,,5
2018-04-26 10:06:00.000000,2.609009e+07,1.818903e+07,1.239978e+02,1.410310e+06,8.848349e+01,,,,5
2018-04-26 10:06:01.000000,2.609010e+07,1.818771e+07,1.239972e+02,1.410310e+06,8.848348e+01,,,,5
2018-04-26 10:06:02.000000,2.609011e+07,1.818928e+07,1.239980e+02,1.410310e+06,8.848348e+01,,,,5
2018-04-26 10:06:03.000000,2.609011e+07,1.818795e+07,1.239973e+02,1.410310e+06,8.848348e+01,,,,5
2018-04-26 10:06:04.000000,2.609009e+07,1.818829e+07,1.239974e+02,1.410310e+06,8.848348e+01,,,,5
2018-04-26 10:06:05.000000,2.609009e+07,1.818706e+07,1.239967e+02,1.410310e+06,8.848348e+01,,,,5
2018-04-26 10:06:06.000000,2.609010e+07,1.818790e+07,1.239971e+02,1.410310e+06,8.848348e+01,,,,5
2018-04-26 10:06:07.000000,2.609011e+07,1.818679e+07,1.239965e+02,1.410310e+06,8.848347e+01,,,,5
2018-04-26 10:06:08.000000,2.609011e+07,1.818634e+07,1.239962e+02,1.410310e+06,8.848347e+01,,,,5
2018-04-26 10:06:09.000000,2.609009e+07,1.818748e+07,1.239969e+02,1.410310e+06,8.848347e+01,,,,5
2018-04-26 10:06:10.000000,2.609009e+07,1.818726e+07,1.239969e+02,1.410310e+06,8.848347e+01,,,,5
2018-04-26 10:06:11.000000,2.609009e+07,1.818846e+07,1.239975e+02,1.410310e+06,8.848347e+01,,,,5
2018-04-26 10:06:12.000000,2.609011e+07,1.818765e+07,1.239971e+02,1.410310e+06,8.848347e+01,,,,5
2018-04-26 10:06:13.000000,2.609011e+07,1.818928e+07,1.239980e+02,1.410310e+06,8.848346e+01,,,,5
2018-04-26 10:06:14.000000,2.609011e+07,1.818760e+07,1.239971e+02,1.410310e+06,8.848346e+01,,,,5
2018-04-26 10:06:15.000000,2.609009e+07,1.818840e+07,1.239974e+02,1.410310e+06,8.848346e+01,,,,5
2018-04-26 10:06:16.000000,2.609009e+07,1.818674e+07,1.239965e+02,1.410310e+06,8.848346e+01,,,,5
2018-04-26 10:06:17.000000,2.609009e+07,1.818672e+07,1.239965e+02,1.410310e+06,8.848346e+01,,,,5
2018-04-26 10:06:18.000000,2.609011e+07,1.818669e+07,1.239964e+02,1.410310e+06,8.848346e+01,,,,5
2018-04-26 10:06:19.000000,2.609011e+07,1.818640e+07,1.239963e+02,1.410310e+06,8.848345e+01,,,,5
2018-04-26 10:06:20.000000,2.609009e+07,1.818748e+07,1.239970e+02,1.410310e+06,8.848345e+01,,,,5
2018-04-26 10:06:21.000000,2.609009e+07,1.818732e+07,1.239969e+02,1.410310e+06,8.848345e+01,,,,5
2018-04-26 10:06:22.000000,2.609009e+07,1.818853e+07,1.239976e+02,1.410310e+06,8.848345e+01,,,,5
2018-04-26 10:06:23.000000,2.609011e+07,1.818767e+07,1.239972e+02,1.410310e+06,8.848345e+01,,,,5
2018-04-26 10:06:24.000000,2.609011e+07,1.818878e+07,1.239978e+02,1.410310e+06,8.848345e+01,,,,5
2018-04-26 10:06:25.000000,2.609011e+07,1.818762e+07,1.239971e+02,1.410310e+06,8.848344e+01,,,,5
2018-04-26 10:06:26.000000,2.609009e+07,1.818790e+07,1.239971e+02,1.410310e+06,8.848344e+01,,,,5
2018-04-26 10:06:27.000000,2.609009e+07,1.818674e+07,1.239965e+02,1.410310e+06,8.848344e+01,,,,5
2018-04-26 10:06:28.000000,2.609009e+07,1.818831e+07,1.239973e+02,1.410310e+06,8.848344e+01,,,,5
2018-04-26 10:06:29.000000,2.609011e+07,1.818652e+07,1.239963e+02,1.410310e+06,8.848344e+01,,,,5
2018-04-26 10:06:30.000000,2.609011e+07,1.818792e+07,1.239971e+02,1.410310e+06,8.848344e+01,,,,5
2018-04-26 10:06:31.000000,2.609011e+07,1.818669e+07,1.239964e+02,1.410310e+06,8.848343e+01,,,,5
2018-04-26 10:06:32.000000,2.609009e+07,1.818727e+07,1.239969e+02,1.410310e+06,8.848343e+01,,,,5
2018-04-26 10:06:33.000000,2.609009e+07,1.818760e+07,1.239970e+02,1.410310e+06,8.848343e+01,,,,5
2018-04-26 10:06:34.000000,2.609011e+07,1.818764e+07,1.239972e+02,1.410310e+06,8.848343e+01,,,,5
2018-04-26 10:06:35.000000,2.609011e+07,1.818789e+07,1.239973e+02,1.410310e+06,8.848343e+01,,,,5
2018-04-26 10:06:36.000000,2.609012e+07,1.818758e+07,1.239971e+02,1.410310e+06,8.848343e+01,,,,5
2018-04-26 10:06:37.000000,2.609009e+07,1.818791e+07,1.239971e+02,1.410309e+06,8.848342e+01,,,,5
2018-04-26 10:06:38.000000,2.609010e+07,1.818671e+07,1.239965e+02,1.410309e+06,8.848342e+01,,,,5
2018-04-26 10:06:39.000000,2.609009e+07,1.818843e+07,1.239974e+02,1.410309e+06,8.848342e+01,,,,5
2018-04-26 10:06:40.000000,2.609011e+07,1.818651e+07,1.239963e+02,1.410309e+06,8.848342e+01,,,,5
2018-04-26 10:06:41.000000,2.609012e+07,1.818807e+07,1.239971e+02,1.410309e+06,8.848342e+01,,,,5
2018-04-26 10:06:42.000000,2.609011e+07,1.818672e+07,1.239964e+02,1.410309e+06,8.848342e+01,,,,5
2018-04-26 10:06:43.000000,2.609010e+07,1.818886e+07,1.239977e+02,1.410309e+06,8.848341e+01,,,,5
2018-04-26 10:06:44.000000,2.609009e+07,1.818768e+07,1.239970e+02,1.410309e+06,8.848341e+01,,,,5
2018-04-26 10:06:45.000000,2.609009e+07,1.818731e+07,1.239969e+02,1.410309e+06,8.848341e+01,,,,5
2018-04-26 10:06:46.000000,2.609012e+07,1.818790e+07,1.239973e+02,1.410309e+06,8.848341e+01,,,,5
2018-04-26 10:06:47.000000,2.609011e+07,1.818759e+07,1.239971e+02,1.410309e+06,8.848341e+01,,,,5
2018-04-26 10:06:48.000000,2.609010e+07,1.818707e+07,1.239967e+02,1.410309e+06,8.848341e+01,,,,5
2018-04-26 10:06:49.000000,2.609009e+07,1.818668e+07,1.239965e+02,1.410309e+06,8.848340e+01,,,,5
2018-04-26 10:06:50.000000,2.609010e+07,1.818790e+07,1.239971e+02,1.410309e+06,8.848340e+01,,,,5
2018-04-26 10:06:51.000000,2.609012e+07,1.818649e+07,1.239963e+02,1.410309e+06,8.848340e+01,,,,5
2018-04-26 10:06:52.000000,2.609011e+07,1.818749e+07,1.239969e+02,1.410309e+06,8.848340e+01,,,,5
2018-04-26 10:06:53.000000,2.609012e+07,1.818639e+07,1.239962e+02,1.410309e+06,8.848340e+01,,,,5
2018-04-26 10:06:54.000000,2.609009e+07,1.818830e+07,1.239974e+02,1.410309e+06,8.848340e+01,,,,5
2018-04-26 10:06:55.000000,2.609010e+07,1.818734e+07,1.239969e+02,1.410309e+06,8.848339e+01,,,,5
2018-04-26 10:06:56.000000,2.609010e+07,1.818733e+07,1.239969e+02,1.410309e+06,8.848339e+01,,,,5
2018-04-26 10:06:57.000000,2.609012e+07,1.818756e+07,1.239971e+02,1.410309e+06,8.848339e+01,,,,5
2018-04-26 10:06:58.000000,2.609011e+07,1.818764e+07,1.239972e+02,1.410309e+06,8.848339e+01,,,,5
2018-04-26 10:06:59.000000,2.609011e+07,1.818792e+07,1.239973e+02,1.410309e+06,8.848339e+01,,,,5
2018-04-26 10:07:00.000000,2.609010e+07,1.818682e+07,1.239966e+02,1.410309e+06,8.848339e+01,,,,5
2018-04-26 10:07:01.000000,2.609010e+07,1.818791e+07,1.239971e+02,1.410309e+06,8.848338e+01,,,,5
2018-04-26 10:07:02.000000,2.609012e+07,1.818655e+07,1.239964e+02,1.410309e+06,8.848338e+01,,,,5
2018-04-26 10:07:03.000000,2.609011e+07,1.818756e+07,1.239969e+02,1.410309e+06,8.848338e+01,,,,5
2018-04-26 10:07:04.000000,2.609011e+07,1.818636e+07,1.239962e+02,1.410309e+06,8.848338e+01,,,,5
2018-04-26 10:07:05.000000,2.609010e+07,1.818837e+07,1.239975e+02,1.410309e+06,8.848338e+01,,,,5
2018-04-26 10:07:06.000000,2.609010e+07,1.818736e+07,1.239969e+02,1.410309e+06,8.848338e+01,,,,5
2018-04-26 10:07:07.000000,2.609010e+07,1.818902e+07,1.239978e+02,1.410309e+06,8.848337e+01,,,,5
2018-04-26 10:07:08.000000,2.609011e+07,1.818772e+07,1.239972e+02,1.410309e+06,8.848337e+01,,,,5
2018-04-26 10:07:09.000000,2.609012e+07,1.818929e+07,1.239980e+02,1.410309e+06,8.848337e+01,,,,5
2018-04-26 10:07:10.000000,2.609012e+07,1.818796e+07,1.239973e+02,1.410309e+06,8.848337e+01,,,,5
2018-04-26 10:07:11.000000,2.609010e+07,1.818831e+07,1.239973e+02,1.410309e+06,8.848337e+01,,,,5
2018-04-26 10:07:12.000000,2.609010e+07,1.818708e+07,1.239966e+02,1.410309e+06,8.848337e+01,,,,5
2018-04-26 10:07:13.000000,2.609011e+07,1.818791e+07,1.239970e+02,1.410309e+06,8.848336e+01,,,,5
2018-04-26 10:07:14.000000,2.609012e+07,1.818681e+07,1.239965e+02,1.410309e+06,8.848336e+01,,,,5
2018-04-26 10:07:15.000000,2.609012e+07,1.818635e+07,1.239962e+02,1.410309e+06,8.848336e+01,,,,5
2018-04-26 10:07:16.000000,2.609010e+07,1.818749e+07,1.239969e+02,1.410309e+06,8.848336e+01,,,,5
2018-04-26 10:07:17.000000,2.609010e+07,1.818728e+07,1.239969e+02,1.410309e+06,8.848336e+01,,,,5
2018-04-26 10:07:18.000000,2.609010e+07,1.818847e+07,1.239975e+02,1.410309e+06,8.848336e+01,,,,5
2018-04-26 10:07:19.000000,2.609012e+07,1.818766e+07,1.239971e+02,1.410309e+06,8.848335e+01,,,,5
2018-04-26 10:07:20.000000,2.609012e+07,1.818930e+07,1.239980e+02,1.410309e+06,8.848335e+01,,,,5
2018-04-26 10:07:21.000000,2.609012e+07,1.818763e+07,1.239971e+02,1.410309e+06,8.848335e+01,,,,5
2018-04-26 10:07:22.000000,2.609010e+07,1.818841e+07,1.239974e+02,1.410309e+06,8.848335e+01,,,,5
2018-04-26 10:07:23.000000,2.609010e+07,1.818675e+07,1.239965e+02,1.410309e+06,8.848335e+01,,,,5
2018-04-26 10:07:24.000000,2.609010e+07,1.818673e+07,1.239965e+02,1.410309e+06,8.848335e+01,,,,5
2018-04-26 10:07:25.000000,2.609012e+07,1.818670e+07,1.239964e+02,1.410309e+06,8.848334e+01,,,,5
2018-04-26 10:07:26.000000,2.609012e+07,1.818641e+07,1.239962e+02,1.410309e+06,8.848334e+01,,,,5
2018-04-26 10:07:27.000000,2.609010e+07,1.818749e+07,1.239969e+02,1.410309e+06,8.848334e+01,,,,5
2018-04-26 10:07:28.000000,2.609010e+07,1.818734e+07,1.239969e+02,1.410309e+06,8.848334e+01,,,,5
2018-04-26 10:07:29.000000,2.609010e+07,1.818855e+07,1.239975e+02,1.410309e+06,8.848334e+01,,,,5
2018-04-26 10:07:30.000000,2.609012e+07,1.818768e+07,1.239971e+02,1.410309e+06,8.848333e+01,,,,5
2018-04-26 10:07:31.000000,2.609012e+07,1.818878e+07,1.239977e+02,1.410309e+06,8.848333e+01,,,,5
2018-04-26 10:07:32.000000,2.609012e+07,1.818763e+07,1.239971e+02,1.410309e+06,8.848333e+01,,,,5
2018-04-26 10:07:33.000000,2.609010e+07,1.818791e+07,1.239971e+02,1.410308e+06,8.848333e+01,,,,5
2018-04-26 10:07:34.000000,2.609010e+07,1.818677e+07,1.239964e+02,1.410308e+06,8.848333e+01,,,,5
2018-04-26 10:07:35.000000,2.609010e+07,1.818832e+07,1.239973e+02,1.410308e+06,8.848333e+01,,,,5
2018-04-26 10:07:36.000000,2.609012e+07,1.818653e+07,1.239963e+02,1.410308e+06,8.848332e+01,,,,5
2018-04-26 10:07:37.000000,2.609012e+07,1.818793e+07,1.239971e+02,1.410308e+06,8.848332e+01,,,,5
2018-04-26 10:07:38.000000,2.609012e+07,1.818671e+07,1.239964e+02,1.410308e+06,8.848332e+01,,,,5
2018-04-26 10:07:39.000000,2.609010e+07,1.818729e+07,1.239969e+02,1.410308e+06,8.848332e+01,,,,5
2018-04-26 10:07:40.000000,2.609010e+07,1.818761e+07,1.239970e+02,1.410308e+06,8.848332e+01,,,,5
2018-04-26 10:07:41.000000,2.609012e+07,1.818765e+07,1.239971e+02,1.410308e+06,8.848331e+01,,,,5
2018-04-26 10:07:42.000000,2.609012e+07,1.818790e+07,1.239973e+02,1.410308e+06,8.848331e+01,,,,5
2018-04-26 10:07:43.000000,2.609012e+07,1.818759e+07,1.239971e+02,1.410308e+06,8.848331e+01,,,,5
2018-04-26 10:07:44.000000,2.609010e+07,1.818792e+07,1.239971e+02,1.410308e+06,8.848331e+01,,,,5
2018-04-26 10:07:45.000000,2.609011e+07,1.818674e+07,1.239965e+02,1.410308e+06,8.848331e+01,,,,5
2018-04-26 10:07:46.000000,2.609010e+07,1.818844e+07,1.239974e+02,1.410308e+06,8.848331e+01,,,,5
2018-04-26 10:07:47.000000,2.609012e+07,1.818653e+07,1.239963e+02,1.410308e+06,8.848330e+01,,,,5
2018-04-26 10:07:48.000000,2.609013e+07,1.818806e+07,1.239971e+02,1.410308e+06,8.848330e+01,,,,5
2018-04-26 10:07:49.000000,2.609012e+07,1.818673e+07,1.239964e+02,1.410308e+06,8.848330e+01,,,,5
2018-04-26 10:07:50.000000,2.609011e+07,1.818887e+07,1.239977e+02,1.410308e+06,8.848330e+01,,,,5
2018-04-26 10:07:51.000000,2.609010e+07,1.818771e+07,1.239970e+02,1.410308e+06,8.848330e+01,,,,5
2018-04-26 10:07:52.000000,2.609010e+07,1.818732e+07,1.239969e+02,1.410308e+06,8.848329e+01,,,,5
2018-04-26 10:07:53.000000,2.609013e+07,1.818791e+07,1.239973e+02,1.410308e+06,8.848329e+01,,,,5
2018-04-26 10:07:54.000000,2.609012e+07,1.818760e+07,1.239971e+02,1.410308e+06,8.848329e+01,,,,5
2018-04-26 10:07:55.000000,2.609011e+07,1.818708e+07,1.239967e+02,1.410308e+06,8.848329e+01,,,,5
2018-04-26 10:07:56.000000,2.609010e+07,1.818669e+07,1.239964e+02,1.410308e+06,8.848329e+01,,,,5
2018-04-26 10:07:57.000000,2.609011e+07,1.818791e+07,1.239971e+02,1.410308e+06,8.848329e+01,,,,5
2018-04-26 10:07:58.000000,2.609012e+07,1.818651e+07,1.239963e+02,1.410308e+06,8.848328e+01,,,,5
2018-04-26 10:07:59.000000,2.609012e+07,1.818751e+07,1.239968e+02,1.410308e+06,8.848328e+01,,,,5
2018-04-26 10:08:00.000000,2.609012e+07,1.818640e+07,1.239962e+02,1.410308e+06,8.848328e+01,,,,5
2018-04-26 10:08:01.000000,2.609010e+07,1.818831e+07,1.239974e+02,1.410308e+06,8.848328e+01,,,,5
2018-04-26 10:08:02.000000,2.609011e+07,1.818737e+07,1.239968e+02,1.410308e+06,8.848328e+01,,,,5
2018-04-26 10:08:03.000000,2.609011e+07,1.818734e+07,1.239969e+02,1.410308e+06,8.848327e+01,,,,5
2018-04-26 10:08:04.000000,2.609013e+07,1.818758e+07,1.239971e+02,1.410308e+06,8.848327e+01,,,,5
2018-04-26 10:08:05.000000,2.609012e+07,1.818765e+07,1.239971e+02,1.410308e+06,8.848327e+01,,,,5
2018-04-26 10:08:06.000000,2.609012e+07,1.818793e+07,1.239972e+02,1.410308e+06,8.848327e+01,,,,5
2018-04-26 10:08:07.000000,2.609011e+07,1.818683e+07,1.239966e+02,1.410308e+06,8.848327e+01,,,,5
2018-04-26 10:08:08.000000,2.609011e+07,1.818791e+07,1.239971e+02,1.410308e+06,8.848326e+01,,,,5
2018-04-26 10:08:09.000000,2.609013e+07,1.818657e+07,1.239963e+02,1.410308e+06,8.848326e+01,,,,5
2018-04-26 10:08:10.000000,2.609012e+07,1.818757e+07,1.239968e+02,1.410308e+06,8.848326e+01,,,,5
2018-04-26 10:08:11.000000,2.609012e+07,1.818637e+07,1.239962e+02,1.410308e+06,8.848326e+01,,,,5
2018-04-26 10:08:12.000000,2.609011e+07,1.818836e+07,1.239974e+02,1.410308e+06,8.848326e+01,,,,5
2018-04-26 10:08:13.000000,2.609011e+07,1.818737e+07,1.239968e+02,1.410308e+06,8.848325e+01,,,,5
2018-04-26 10:08:14.000000,2.609011e+07,1.818904e+07,1.239978e+02,1.410308e+06,8.848325e+01,,,,5
2018-04-26 10:08:15.000000,2.609012e+07,1.818775e+07,1.239972e+02,1.410308e+06,8.848325e+01,,,,5
2018-04-26 10:08:16.000000,2.609013e+07,1.818930e+07,1.239980e+02,1.410308e+06,8.848325e+01,,,,5
2018-04-26 10:08:17.000000,2.609013e+07,1.818797e+07,1.239973e+02,1.410308e+06,8.848325e+01,,,,5
2018-04-26 10:08:18.000000,2.609011e+07,1.818832e+07,1.239973e+02,1.410308e+06,8.848324e+01,,,,5
2018-04-26 10:08:19.000000,2.609011e+07,1.818710e+07,1.239966e+02,1.410308e+06,8.848324e+01,,,,5
2018-04-26 10:08:20.000000,2.609010e+07,1.818667e+07,1.239964e+02,1.410308e+06,8.848324e+01,,,,5
2018-04-26 10:08:21.000000,2.609013e+07,1.818671e+07,1.239964e+02,1.410308e+06,8.848324e+01,,,,5
2018-04-26 10:08:22.000000,2.609013e+07,1.818637e+07,1.239962e+02,1.410308e+06,8.848324e+01,,,,5
2018-04-26 10:08:23.000000,2.609011e+07,1.818750e+07,1.239969e+02,1.410308e+06,8.848323e+01,,,,5
2018-04-26 10:08:24.000000,2.609011e+07,1.818730e+07,1.239968e+02,1.410308e+06,8.848323e+01,,,,5
2018-04-26 10:08:25.000000,2.609011e+07,1.818848e+07,1.239975e+02,1.410308e+06,8.848323e+01,,,,5
2018-04-26 10:08:26.000000,2.609013e+07,1.818768e+07,1.239971e+02,1.410308e+06,8.848323e+01,,,,5
2018-04-26 10:08:27.000000,2.609013e+07,1.818932e+07,1.239980e+02,1.410308e+06,8.848323e+01,,,,5
2018-04-26 10:08:28.000000,2.609013e+07,1.818764e+07,1.239971e+02,1.410308e+06,8.848322e+01,,,,5
2018-04-26 10:08:29.000000,2.609011e+07,1.818841e+07,1.239974e+02,1.410308e+06,8.848322e+01,,,,5
2018-04-26 10:08:30.000000,2.609011e+07,1.818677e+07,1.239965e+02,1.410308e+06,8.848322e+01,,,,5
2018-04-26 10:08:31.000000,2.609011e+07,1.818675e+07,1.239965e+02,1.410308e+06,8.848322e+01,,,,5
2018-04-26 10:08:32.000000,2.609013e+07,1.818672e+07,1.239964e+02,1.410308e+06,8.848321e+01,,,,5
2018-04-26 10:08:33.000000,2.609013e+07,1.818642e+07,1.239962e+02,1.410308e+06,8.848321e+01,,,,5
2018-04-26 10:08:34.000000,2.609013e+07,1.818767e+07,1.239969e+02,1.410308e+06,8.848321e+01,,,,5
2018-04-26 10:08:35.000000,2.609011e+07,1.818736e+07,1.239969e+02,1.410308e+06,8.848321e+01,,,,5
2018-04-26 10:08:36.000000,2.609011e+07,1.818855e+07,1.239975e+02,1.410308e+06,8.848321e+01,,,,5
2018-04-26 10:08:37.000000,2.609013e+07,1.818769e+07,1.239971e+02,1.410308e+06,8.848320e+01,,,,5
2018-04-26 10:08:38.000000,2.609013e+07,1.818879e+07,1.239977e+02,1.410307e+06,8.848320e+01,,,,5
2018-04-26 10:08:39.000000,2.609013e+07,1.818765e+07,1.239971e+02,1.410307e+06,8.848320e+01,,,,5
2018-04-26 10:08:40.000000,2.609011e+07,1.818793e+07,1.239971e+02,1.410307e+06,8.848320e+01,,,,5
2018-04-26 10:08:41.000000,2.609011e+07,1.818678e+07,1.239964e+02,1.410307e+06,8.848320e+01,,,,5
2018-04-26 10:08:42.000000,2.609011e+07,1.818832e+07,1.239973e+02,1.410307e+06,8.848319e+01,,,,5
2018-04-26 10:08:43.000000,2.609013e+07,1.818655e+07,1.239963e+02,1.410307e+06,8.848319e+01,,,,5
2018-04-26 10:08:44.000000,2.609013e+07,1.818795e+07,1.239971e+02,1.410307e+06,8.848319e+01,,,,5
2018-04-26 10:08:45.000000,2.609013e+07,1.818673e+07,1.239964e+02,1.410307e+06,8.848319e+01,,,,5
2018-04-26 10:08:46.000000,2.609011e+07,1.818730e+07,1.239969e+02,1.410307e+06,8.848318e+01,,,,5
2018-04-26 10:08:47.000000,2.609011e+07,1.818763e+07,1.239970e+02,1.410307e+06,8.848318e+01,,,,5
2018-04-26 10:08:48.000000,2.609011e+07,1.818727e+07,1.239968e+02,1.410307e+06,8.848318e+01,,,,5
2018-04-26 10:08:49.000000,2.609013e+07,1.818789e+07,1.239972e+02,1.410307e+06,8.848318e+01,,,,5
2018-04-26 10:08:50.000000,2.609013e+07,1.818760e+07,1.239971e+02,1.410307e+06,8.848318e+01,,,,5
2018-04-26 10:08:51.000000,2.609011e+07,1.818793e+07,1.239971e+02,1.410307e+06,8.848317e+01,,,,5
2018-04-26 10:08:52.000000,2.609011e+07,1.818675e+07,1.239965e+02,1.410307e+06,8.848317e+01,,,,5
2018-04-26 10:08:53.000000,2.609011e+07,1.818843e+07,1.239974e+02,1.410307e+06,8.848317e+01,,,,5
2018-04-26 10:08:54.000000,2.609013e+07,1.818654e+07,1.239963e+02,1.410307e+06,8.848317e+01,,,,5
2018-04-26 10:08:55.000000,2.609013e+07,1.818807e+07,1.239970e+02,1.410307e+06,8.848316e+01,,,,5
2018-04-26 10:08:56.000000,2.609013e+07,1.818675e+07,1.239964e+02,1.410307e+06,8.848316e+01,,,,5
2018-04-26 10:08:57.000000,2.609012e+07,1.818888e+07,1.239977e+02,1.410307e+06,8.848316e+01,,,,5
2018-04-26 10:08:58.000000,2.609011e+07,1.818772e+07,1.239970e+02,1.410307e+06,8.848316e+01,,,,5
2018-04-26 10:08:59.000000,2.609011e+07,1.818733e+07,1.239969e+02,1.410307e+06,8.848315e+01,,,,5
2018-04-26 10:09:00.000000,2.609013e+07,1.818792e+07,1.239973e+02,1.410307e+06,8.848315e+01,,,,5
2018-04-26 10:09:01.000000,2.609013e+07,1.818761e+07,1.239971e+02,1.410307e+06,8.848315e+01,,,,5
2018-04-26 10:09:02.000000,2.609011e+07,1.818710e+07,1.239967e+02,1.410307e+06,8.848315e+01,,,,5
2018-04-26 10:09:03.000000,2.609011e+07,1.818671e+07,1.239964e+02,1.410307e+06,8.848315e+01,,,,5
2018-04-26 10:09:04.000000,2.609012e+07,1.818792e+07,1.239971e+02,1.410307e+06,8.848314e+01,,,,5
2018-04-26 10:09:05.000000,2.609013e+07,1.818652e+07,1.239963e+02,1.410307e+06,8.848314e+01,,,,5
2018-04-26 10:09:06.000000,2.609013e+07,1.818751e+07,1.239968e+02,1.410307e+06,8.848314e+01,,,,5
2018-04-26 10:09:07.000000,2.609013e+07,1.818641e+07,1.239962e+02,1.410307e+06,8.848314e+01,,,,5
2018-04-26 10:09:08.000000,2.609011e+07,1.818832e+07,1.239974e+02,1.410307e+06,8.848313e+01,,,,5
2018-04-26 10:09:09.000000,2.609012e+07,1.818738e+07,1.239968e+02,1.410307e+06,8.848313e+01,,,,5
2018-04-26 10:09:10.000000,2.609011e+07,1.818735e+07,1.239969e+02,1.410307e+06,8.848313e+01,,,,5
2018-04-26 10:09:11.000000,2.609013e+07,1.818759e+07,1.239971e+02,1.410307e+06,8.848313e+01,,,,5
2018-04-26 10:09:12.000000,2.609013e+07,1.818767e+07,1.239971e+02,1.410307e+06,8.848312e+01,,,,5
2018-04-26 10:09:13.000000,2.609013e+07,1.818794e+07,1.239972e+02,1.410307e+06,8.848312e+01,,,,5
2018-04-26 10:09:14.000000,2.609012e+07,1.818684e+07,1.239966e+02,1.410307e+06,8.848312e+01,,,,5
2018-04-26 10:09:15.000000,2.609011e+07,1.818792e+07,1.239971e+02,1.410307e+06,8.848312e+01,,,,5
2018-04-26 10:09:16.000000,2.609014e+07,1.818659e+07,1.239963e+02,1.410307e+06,8.848311e+01,,,,5
2018-04-26 10:09:17.000000,2.609013e+07,1.818759e+07,1.239968e+02,1.410307e+06,8.848311e+01,,,,5
2018-04-26 10:09:18.000000,2.609013e+07,1.818638e+07,1.239962e+02,1.410307e+06,8.848311e+01,,,,5
2018-04-26 10:09:19.000000,2.609012e+07,1.818838e+07,1.239974e+02,1.410307e+06,8.848311e+01,,,,5
2018-04-26 10:09:20.000000,2.609011e+07,1.818740e+07,1.239969e+02,1.410307e+06,8.848310e+01,,,,5
2018-04-26 10:09:21.000000,2.609012e+07,1.818905e+07,1.239978e+02,1.410307e+06,8.848310e+01,,,,5
2018-04-26 10:09:22.000000,2.609013e+07,1.818776e+07,1.239972e+02,1.410307e+06,8.848310e+01,,,,5
2018-04-26 10:09:23.000000,2.609014e+07,1.818930e+07,1.239979e+02,1.410307e+06,8.848310e+01,,,,5
2018-04-26 10:09:24.000000,2.609014e+07,1.818800e+07,1.239972e+02,1.410307e+06,8.848309e+01,,,,5
2018-04-26 10:09:25.000000,2.609012e+07,1.818833e+07,1.239973e+02,1.410307e+06,8.848309e+01,,,,5
2018-04-26 10:09:26.000000,2.609012e+07,1.818711e+07,1.239966e+02,1.410307e+06,8.848309e+01,,,,5
2018-04-26 10:09:27.000000,2.609011e+07,1.818668e+07,1.239964e+02,1.410307e+06,8.848308e+01,,,,5
2018-04-26 10:09:28.000000,2.609014e+07,1.818672e+07,1.239963e+02,1.410307e+06,8.848308e+01,,,,5
2018-04-26 10:09:29.000000,2.609014e+07,1.818638e+07,1.239962e+02,1.410307e+06,8.848308e+01,,,,5
2018-04-26 10:09:30.000000,2.609012e+07,1.818750e+07,1.239969e+02,1.410307e+06,8.848308e+01,,,,5
2018-04-26 10:09:31.000000,2.609012e+07,1.818731e+07,1.239968e+02,1.410307e+06,8.848307e+01,,,,5
2018-04-26 10:09:32.000000,2.609011e+07,1.818849e+07,1.239975e+02,1.410307e+06,8.848307e+01,,,,5
2018-04-26 10:09:33.000000,2.609014e+07,1.818769e+07,1.239971e+02,1.410307e+06,8.848307e+01,,,,5
2018-04-26 10:09:34.000000,2.609014e+07,1.818932e+07,1.239979e+02,1.410307e+06,8.848307e+01,,,,5
2018-04-26 10:09:35.000000,2.609014e+07,1.818765e+07,1.239970e+02,1.410307e+06,8.848306e+01,,,,5
2018-04-26 10:09:36.000000,2.609012e+07,1.818842e+07,1.239974e+02,1.410307e+06,8.848306e+01,,,,5
2018-04-26 10:09:37.000000,2.609012e+07,1.818679e+07,1.239965e+02,1.410307e+06,8.848306e+01,,,,5
2018-04-26 10:09:38.000000,2.609012e+07,1.818676e+07,1.239965e+02,1.410307e+06,8.848306e+01,,,,5
2018-04-26 10:09:39.000000,2.609014e+07,1.818673e+07,1.239963e+02,1.410307e+06,8.848305e+01,,,,5
2018-04-26 10:09:40.000000,2.609014e+07,1.818644e+07,1.239962e+02,1.410307e+06,8.848305e+01,,,,5
2018-04-26 10:09:41.000000,2.609013e+07,1.818768e+07,1.239969e+02,1.410307e+06,8.848305e+01,,,,5
2018-04-26 10:09:42.000000,2.609012e+07,1.818737e+07,1.239968e+02,1.410307e+06,8.848304e+01,,,,5
2018-04-26 10:09:43.000000,2.609012e+07,1.818856e+07,1.239975e+02,1.410307e+06,8.848304e+01,,,,5
2018-04-26 10:09:44.000000,2.609014e+07,1.818770e+07,1.239971e+02,1.410307e+06,8.848304e+01,,,,5
2018-04-26 10:09:45.000000,2.609014e+07,1.818881e+07,1.239977e+02,1.410307e+06,8.848304e+01,,,,5
2018-04-26 10:09:46.000000,2.609013e+07,1.818767e+07,1.239971e+02,1.410307e+06,8.848303e+01,,,,5
2018-04-26 10:09:47.000000,2.609012e+07,1.818794e+07,1.239971e+02,1.410307e+06,8.848303e+01,,,,5
2018-04-26 10:09:48.000000,2.609012e+07,1.818679e+07,1.239964e+02,1.410307e+06,8.848303e+01,,,,5
2018-04-26 10:09:49.000000,2.609012e+07,1.818833e+07,1.239973e+02,1.410307e+06,8.848302e+01,,,,5
2018-04-26 10:09:50.000000,2.609014e+07,1.818657e+07,1.239963e+02,1.410307e+06,8.848302e+01,,,,5
2018-04-26 10:09:51.000000,2.609013e+07,1.818796e+07,1.239970e+02,1.410307e+06,8.848302e+01,,,,5
2018-04-26 10:09:52.000000,2.609014e+07,1.818674e+07,1.239963e+02,1.410307e+06,8.848302e+01,,,,5
2018-04-26 10:09:53.000000,2.609012e+07,1.818731e+07,1.239969e+02,1.410307e+06,8.848301e+01,,,,5
2018-04-26 10:09:54.000000,2.609012e+07,1.818763e+07,1.239970e+02,1.410307e+06,8.848301e+01,,,,5
2018-04-26 10:09:55.000000,2.609012e+07,1.818728e+07,1.239968e+02,1.410307e+06,8.848301e+01,,,,5
2018-04-26 10:09:56.000000,2.609014e+07,1.818790e+07,1.239972e+02,1.410307e+06,8.848300e+01,,,,5
2018-04-26 10:09:57.000000,2.609014e+07,1.818761e+07,1.239970e+02,1.410307e+06,8.848300e+01,,,,5
2018-04-26 10:09:58.000000,2.609012e+07,1.818794e+07,1.239971e+02,1.410307e+06,8.848300e+01,,,,5
2018-04-26 10:09:59.000000,2.609012e+07,1.818676e+07,1.239965e+02,1.410307e+06,8.848299e+01,,,,5
2018-04-26 10:10:00.000000,2.609012e+07,1.818845e+07,1.239974e+02,1.410307e+06,8.848299e+01,,,,5
2018-04-26 10:10:01.000000,2.609014e+07,1.818655e+07,1.239962e+02,1.410307e+06,8.848299e+01,,,,5
2018-04-26 10:10:02.000000,2.609014e+07,1.818752e+07,1.239968e+02,1.410307e+06,8.848299e+01,,,,5
2018-04-26 10:10:03.000000,2.609014e+07,1.818642e+07,1.239962e+02,1.410307e+06,8.848298e+01,,,,5
2018-04-26 10:10:04.000000,2.609012e+07,1.818833e+07,1.239973e+02,1.410307e+06,8.848298e+01,,,,5
2018-04-26 10:10:05.000000,2.609012e+07,1.818737e+07,1.239968e+02,1.410307e+06,8.848298e+01,,,,5
2018-04-26 10:10:06.000000,2.609012e+07,1.818736e+07,1.239969e+02,1.410307e+06,8.848297e+01,,,,5
2018-04-26 10:10:07.000000,2.609014e+07,1.818760e+07,1.239970e+02,1.410307e+06,8.848297e+01,,,,5
2018-04-26 10:10:08.000000,2.609014e+07,1.818768e+07,1.239971e+02,1.410307e+06,8.848297e+01,,,,5
2018-04-26 10:10:09.000000,2.609014e+07,1.818795e+07,1.239972e+02,1.410307e+06,8.848296e+01,,,,5
2018-04-26 10:10:10.000000,2.609013e+07,1.818686e+07,1.239966e+02,1.410307e+06,8.848296e+01,,,,5
2018-04-26 10:10:11.000000,2.609012e+07,1.818793e+07,1.239971e+02,1.410307e+06,8.848296e+01,,,,5
2018-04-26 10:10:12.000000,2.609014e+07,1.818659e+07,1.239963e+02,1.410307e+06,8.848295e+01,,,,5
2018-04-26 10:10:13.000000,2.609014e+07,1.818760e+07,1.239968e+02,1.410307e+06,8.848295e+01,,,,5
2018-04-26 10:10:14.000000,2.609014e+07,1.818639e+07,1.239961e+02,1.410307e+06,8.848295e+01,,,,5
2018-04-26 10:10:15.000000,2.609013e+07,1.818841e+07,1.239974e+02,1.410307e+06,8.848295e+01,,,,5
2018-04-26 10:10:16.000000,2.609012e+07,1.818740e+07,1.239968e+02,1.410307e+06,8.848294e+01,,,,5
2018-04-26 10:10:17.000000,2.609013e+07,1.818906e+07,1.239978e+02,1.410307e+06,8.848294e+01,,,,5
2018-04-26 10:10:18.000000,2.609014e+07,1.818775e+07,1.239971e+02,1.410307e+06,8.848294e+01,,,,5
2018-04-26 10:10:19.000000,2.609014e+07,1.818933e+07,1.239979e+02,1.410307e+06,8.848293e+01,,,,5
2018-04-26 10:10:20.000000,2.609015e+07,1.818800e+07,1.239972e+02,1.410307e+06,8.848293e+01,,,,5
2018-04-26 10:10:21.000000,2.609012e+07,1.818834e+07,1.239973e+02,1.410306e+06,8.848293e+01,,,,5
2018-04-26 10:10:22.000000,2.609013e+07,1.818711e+07,1.239966e+02,1.410306e+06,8.848292e+01,,,,5
2018-04-26 10:10:23.000000,2.609012e+07,1.818669e+07,1.239964e+02,1.410306e+06,8.848292e+01,,,,5
2018-04-26 10:10:24.000000,2.609015e+07,1.818673e+07,1.239963e+02,1.410306e+06,8.848292e+01,,,,5
2018-04-26 10:10:25.000000,2.609014e+07,1.818639e+07,1.239961e+02,1.410306e+06,8.848291e+01,,,,5
2018-04-26 10:10:26.000000,2.609013e+07,1.818752e+07,1.239969e+02,1.410306e+06,8.848291e+01,,,,5
2018-04-26 10:10:27.000000,2.609013e+07,1.818732e+07,1.239968e+02,1.410306e+06,8.848291e+01,,,,5
2018-04-26 10:10:28.000000,2.609012e+07,1.818850e+07,1.239974e+02,1.410306e+06,8.848290e+01,,,,5
2018-04-26 10:10:29.000000,2.609015e+07,1.818770e+07,1.239970e+02,1.410306e+06,8.848290e+01,,,,5
2018-04-26 10:10:30.000000,2.609014e+07,1.818934e+07,1.239979e+02,1.410306e+06,8.848290e+01,,,,5
2018-04-26 10:10:31.000000,2.609015e+07,1.818766e+07,1.239970e+02,1.410306e+06,8.848289e+01,,,,5
2018-04-26 10:10:32.000000,2.609012e+07,1.818844e+07,1.239974e+02,1.410306e+06,8.848289e+01,,,,5
2018-04-26 10:10:33.000000,2.609012e+07,1.818678e+07,1.239965e+02,1.410306e+06,8.848289e+01,,,,5
2018-04-26 10:10:34.000000,2.609013e+07,1.818677e+07,1.239964e+02,1.410306e+06,8.848288e+01,,,,5
2018-04-26 10:10:35.000000,2.609014e+07,1.818674e+07,1.239963e+02,1.410306e+06,8.848288e+01,,,,5
2018-04-26 10:10:36.000000,2.609015e+07,1.818644e+07,1.239962e+02,1.410306e+06,8.848288e+01,,,,5
2018-04-26 10:10:37.000000,2.609012e+07,1.818753e+07,1.239969e+02,1.410306e+06,8.848287e+01,,,,5
2018-04-26 10:10:38.000000,2.609013e+07,1.818738e+07,1.239968e+02,1.410306e+06,8.848287e+01,,,,5
2018-04-26 10:10:39.000000,2.609013e+07,1.818858e+07,1.239975e+02,1.410306e+06,8.848287e+01,,,,5
2018-04-26 10:10:40.000000,2.609015e+07,1.818771e+07,1.239971e+02,1.410306e+06,8.848286e+01,,,,5
2018-04-26 10:10:41.000000,2.609015e+07,1.818882e+07,1.239976e+02,1.410306e+06,8.848286e+01,,,,5
2018-04-26 10:10:42.000000,2.609014e+07,1.818767e+07,1.239970e+02,1.410306e+06,8.848285e+01,,,,5
2018-04-26 10:10:43.000000,2.609013e+07,1.818795e+07,1.239971e+02,1.410306e+06,8.848285e+01,,,,5
2018-04-26 10:10:44.000000,2.609013e+07,1.818680e+07,1.239964e+02,1.410306e+06,8.848285e+01,,,,5
2018-04-26 10:10:45.000000,2.609013e+07,1.818834e+07,1.239973e+02,1.410306e+06,8.848284e+01,,,,5
2018-04-26 10:10:46.000000,2.609015e+07,1.818657e+07,1.239962e+02,1.410306e+06,8.848284e+01,,,,5
2018-04-26 10:10:47.000000,2.609014e+07,1.818797e+07,1.239970e+02,1.410306e+06,8.848284e+01,,,,5
2018-04-26 10:10:48.000000,2.609015e+07,1.818675e+07,1.239963e+02,1.410306e+06,8.848283e+01,,,,5
2018-04-26 10:10:49.000000,2.609013e+07,1.818732e+07,1.239968e+02,1.410306e+06,8.848283e+01,,,,5
2018-04-26 10:10:50.000000,2.609013e+07,1.818765e+07,1.239970e+02,1.410306e+06,8.848283e+01,,,,5
2018-04-26 10:10:51.000000,2.609015e+07,1.818768e+07,1.239971e+02,1.410306e+06,8.848282e+01,,,,5
2018-04-26 10:10:52.000000,2.609014e+07,1.818794e+07,1.239972e+02,1.410306e+06,8.848282e+01,,,,5
2018-04-26 10:10:53.000000,2.609015e+07,1.818762e+07,1.239970e+02,1.410306e+06,8.848282e+01,,,,5
2018-04-26 10:10:54.000000,2.609013e+07,1.818795e+07,1.239971e+02,1.410306e+06,8.848281e+01,,,,5
2018-04-26 10:10:55.000000,2.609013e+07,1.818677e+07,1.239965e+02,1.410306e+06,8.848281e+01,,,,5
2018-04-26 10:10:56.000000,2.609013e+07,1.818848e+07,1.239974e+02,1.410306e+06,8.848280e+01,,,,5
2018-04-26 10:10:57.000000,2.609015e+07,1.818656e+07,1.239962e+02,1.410306e+06,8.848280e+01,,,,5
2018-04-26 10:10:58.000000,2.609015e+07,1.818809e+07,1.239970e+02,1.410306e+06,8.848280e+01,,,,5
2018-04-26 10:10:59.000000,2.609015e+07,1.818676e+07,1.239963e+02,1.410306e+06,8.848279e+01,,,,5
2018-04-26 10:11:00.000000,2.609013e+07,1.818891e+07,1.239976e+02,1.410306e+06,8.848279e+01,,,,5
2018-04-26 10:11:01.000000,2.609013e+07,1.818774e+07,1.239970e+02,1.410306e+06,8.848279e+01,,,,5
2018-04-26 10:11:02.000000,2.609013e+07,1.818735e+07,1.239968e+02,1.410306e+06,8.848278e+01,,,,5
2018-04-26 10:11:03.000000,2.609015e+07,1.818794e+07,1.239972e+02,1.410306e+06,8.848278e+01,,,,5
2018-04-26 10:11:04.000000,2.609015e+07,1.818764e+07,1.239970e+02,1.410306e+06,8.848277e+01,,,,5
2018-04-26 10:11:05.000000,2.609013e+07,1.818712e+07,1.239966e+02,1.410306e+06,8.848277e+01,,,,5
2018-04-26 10:11:06.000000,2.609013e+07,1.818673e+07,1.239964e+02,1.410306e+06,8.848277e+01,,,,5
2018-04-26 10:11:07.000000,2.609013e+07,1.818794e+07,1.239971e+02,1.410306e+06,8.848276e+01,,,,5
2018-04-26 10:11:08.000000,2.609015e+07,1.818655e+07,1.239962e+02,1.410306e+06,8.848276e+01,,,,5
2018-04-26 10:11:09.000000,2.609015e+07,1.818754e+07,1.239968e+02,1.410306e+06,8.848276e+01,,,,5
2018-04-26 10:11:10.000000,2.609015e+07,1.818644e+07,1.239961e+02,1.410306e+06,8.848275e+01,,,,5
2018-04-26 10:11:11.000000,2.609013e+07,1.818834e+07,1.239973e+02,1.410306e+06,8.848275e+01,,,,5
2018-04-26 10:11:12.000000,2.609013e+07,1.818740e+07,1.239968e+02,1.410306e+06,8.848274e+01,,,,5
2018-04-26 10:11:13.000000,2.609013e+07,1.818737e+07,1.239968e+02,1.410306e+06,8.848274e+01,,,,5
2018-04-26 10:11:14.000000,2.609015e+07,1.818761e+07,1.239970e+02,1.410306e+06,8.848274e+01,,,,5
2018-04-26 10:11:15.000000,2.609015e+07,1.818769e+07,1.239971e+02,1.410306e+06,8.848273e+01,,,,5
2018-04-26 10:11:16.000000,2.609015e+07,1.818796e+07,1.239972e+02,1.410306e+06,8.848273e+01,,,,5
2018-04-26 10:11:17.000000,2.609013e+07,1.818687e+07,1.239965e+02,1.410306e+06,8.848272e+01,,,,5
2018-04-26 10:11:18.000000,2.609013e+07,1.818795e+07,1.239971e+02,1.410306e+06,8.848272e+01,,,,5
2018-04-26 10:11:19.000000,2.609015e+07,1.818661e+07,1.239963e+02,1.410306e+06,8.848272e+01,,,,5
2018-04-26 10:11:20.000000,2.609015e+07,1.818761e+07,1.239968e+02,1.410306e+06,8.848271e+01,,,,5
2018-04-26 10:11:21.000000,2.609015e+07,1.818640e+07,1.239961e+02,1.410306e+06,8.848271e+01,,,,5
2018-04-26 10:11:22.000000,2.609014e+07,1.818840e+07,1.239974e+02,1.410306e+06,8.848270e+01,,,,5
2018-04-26 10:11:23.000000,2.609013e+07,1.818741e+07,1.239968e+02,1.410306e+06,8.848270e+01,,,,5
2018-04-26 10:11:24.000000,2.609013e+07,1.818907e+07,1.239977e+02,1.410306e+06,8.848270e+01,,,,5
2018-04-26 10:11:25.000000,2.609015e+07,1.818778e+07,1.239971e+02,1.410306e+06,8.848269e+01,,,,5
2018-04-26 10:11:26.000000,2.609015e+07,1.818934e+07,1.239979e+02,1.410306e+06,8.848269e+01,,,,5
2018-04-26 10:11:27.000000,2.609015e+07,1.818801e+07,1.239972e+02,1.410306e+06,8.848268e+01,,,,5
2018-04-26 10:11:28.000000,2.609013e+07,1.818835e+07,1.239973e+02,1.410306e+06,8.848268e+01,,,,5
2018-04-26 10:11:29.000000,2.609013e+07,1.818713e+07,1.239965e+02,1.410306e+06,8.848268e+01,,,,5
2018-04-26 10:11:30.000000,2.609013e+07,1.818670e+07,1.239964e+02,1.410306e+06,8.848267e+01,,,,5
2018-04-26 10:11:31.000000,2.609015e+07,1.818674e+07,1.239963e+02,1.410306e+06,8.848267e+01,,,,5
2018-04-26 10:11:32.000000,2.609015e+07,1.818640e+07,1.239961e+02,1.410306e+06,8.848266e+01,,,,5
2018-04-26 10:11:33.000000,2.609013e+07,1.818753e+07,1.239968e+02,1.410306e+06,8.848266e+01,,,,5
2018-04-26 10:11:34.000000,2.609013e+07,1.818733e+07,1.239968e+02,1.410306e+06,8.848265e+01,,,,5
2018-04-26 10:11:35.000000,2.609013e+07,1.818851e+07,1.239974e+02,1.410306e+06,8.848265e+01,,,,5
2018-04-26 10:11:36.000000,2.609016e+07,1.818771e+07,1.239970e+02,1.410306e+06,8.848265e+01,,,,5
2018-04-26 10:11:37.000000,2.609015e+07,1.818934e+07,1.239979e+02,1.410306e+06,8.848264e+01,,,,5
2018-04-26 10:11:38.000000,2.609015e+07,1.818767e+07,1.239970e+02,1.410306e+06,8.848264e+01,,,,5
2018-04-26 10:11:39.000000,2.609013e+07,1.818844e+07,1.239973e+02,1.410306e+06,8.848263e+01,,,,5
2018-04-26 10:11:40.000000,2.609013e+07,1.818680e+07,1.239964e+02,1.410306e+06,8.848263e+01,,,,5
2018-04-26 10:11:41.000000,2.609014e+07,1.818678e+07,1.239964e+02,1.410306e+06,8.848262e+01,,,,5
2018-04-26 10:11:42.000000,2.609015e+07,1.818675e+07,1.239963e+02,1.410306e+06,8.848262e+01,,,,5
2018-04-26 10:11:43.000000,2.609016e+07,1.818645e+07,1.239962e+02,1.410306e+06,8.848262e+01,,,,5
2018-04-26 10:11:44.000000,2.609015e+07,1.818770e+07,1.239968e+02,1.410306e+06,8.848261e+01,,,,5
2018-04-26 10:11:45.000000,2.609013e+07,1.818739e+07,1.239968e+02,1.410306e+06,8.848261e+01,,,,5
2018-04-26 10:11:46.000000,2.609014e+07,1.818858e+07,1.239975e+02,1.410306e+06,8.848260e+01,,,,5
2018-04-26 10:11:47.000000,2.609015e+07,1.818772e+07,1.239971e+02,1.410306e+06,8.848260e+01,,,,5
2018-04-26 10:11:48.000000,2.609016e+07,1.818883e+07,1.239976e+02,1.410306e+06,8.848259e+01,,,,5
2018-04-26 10:11:49.000000,2.609015e+07,1.818769e+07,1.239970e+02,1.410306e+06,8.848259e+01,,,,5
2018-04-26 10:11:50.000000,2.609014e+07,1.818796e+07,1.239970e+02,1.410306e+06,8.848259e+01,,,,5
2018-04-26 10:11:51.000000,2.609014e+07,1.818681e+07,1.239964e+02,1.410306e+06,8.848258e+01,,,,5
2018-04-26 10:11:52.000000,2.609014e+07,1.818835e+07,1.239972e+02,1.410306e+06,8.848258e+01,,,,5
2018-04-26 10:11:53.000000,2.609016e+07,1.818659e+07,1.239962e+02,1.410306e+06,8.848257e+01,,,,5
2018-04-26 10:11:54.000000,2.609015e+07,1.818798e+07,1.239970e+02,1.410306e+06,8.848257e+01,,,,5
2018-04-26 10:11:55.000000,2.609016e+07,1.818676e+07,1.239963e+02,1.410306e+06,8.848256e+01,,,,5
2018-04-26 10:11:56.000000,2.609014e+07,1.818733e+07,1.239968e+02,1.410306e+06,8.848256e+01,,,,5
2018-04-26 10:11:57.000000,2.609014e+07,1.818766e+07,1.239969e+02,1.410306e+06,8.848255e+01,,,,5
2018-04-26 10:11:58.000000,2.609014e+07,1.818730e+07,1.239968e+02,1.410306e+06,8.848255e+01,,,,5
2018-04-26 10:11:59.000000,2.609015e+07,1.818792e+07,1.239972e+02,1.410306e+06,8.848255e+01,,,,5
2018-04-26 10:12:00.000000,2.609016e+07,1.818763e+07,1.239970e+02,1.410306e+06,8.848254e+01,,,,5
2018-04-26 10:12:01.000000,2.609014e+07,1.818796e+07,1.239970e+02,1.410306e+06,8.848254e+01,,,,5
2018-04-26 10:12:02.000000,2.609014e+07,1.818678e+07,1.239964e+02,1.410306e+06,8.848253e+01,,,,5
2018-04-26 10:12:03.000000,2.609014e+07,1.818847e+07,1.239973e+02,1.410306e+06,8.848253e+01,,,,5
2018-04-26 10:12:04.000000,2.609015e+07,1.818657e+07,1.239962e+02,1.410306e+06,8.848252e+01,,,,5
2018-04-26 10:12:05.000000,2.609016e+07,1.818810e+07,1.239970e+02,1.410306e+06,8.848252e+01,,,,5
2018-04-26 10:12:06.000000,2.609015e+07,1.818678e+07,1.239963e+02,1.410306e+06,8.848251e+01,,,,5
2018-04-26 10:12:07.000000,2.609014e+07,1.818892e+07,1.239976e+02,1.410306e+06,8.848251e+01,,,,5
2018-04-26 10:12:08.000000,2.609013e+07,1.818775e+07,1.239969e+02,1.410306e+06,8.848250e+01,,,,5
2018-04-26 10:12:09.000000,2.609014e+07,1.818736e+07,1.239968e+02,1.410306e+06,8.848250e+01,,,,5
2018-04-26 10:12:10.000000,2.609016e+07,1.818795e+07,1.239972e+02,1.410306e+06,8.848249e+01,,,,5
2018-04-26 10:12:11.000000,2.609016e+07,1.818765e+07,1.239970e+02,1.410306e+06,8.848249e+01,,,,5
2018-04-26 10:12:12.000000,2.609014e+07,1.818713e+07,1.239966e+02,1.410306e+06,8.848249e+01,,,,5
2018-04-26 10:12:13.000000,2.609013e+07,1.818674e+07,1.239964e+02,1.410306e+06,8.848248e+01,,,,5
2018-04-26 10:12:14.000000,2.609014e+07,1.818795e+07,1.239970e+02,1.410306e+06,8.848248e+01,,,,5
2018-04-26 10:12:15.000000,2.609016e+07,1.818656e+07,1.239962e+02,1.410306e+06,8.848247e+01,,,,5
2018-04-26 10:12:16.000000,2.609016e+07,1.818754e+07,1.239967e+02,1.410306e+06,8.848247e+01,,,,5
2018-04-26 10:12:17.000000,2.609016e+07,1.818645e+07,1.239961e+02,1.410306e+06,8.848246e+01,,,,5
2018-04-26 10:12:18.000000,2.609014e+07,1.818835e+07,1.239973e+02,1.410306e+06,8.848246e+01,,,,5
2018-04-26 10:12:19.000000,2.609014e+07,1.818741e+07,1.239968e+02,1.410306e+06,8.848245e+01,,,,5
2018-04-26 10:12:20.000000,2.609014e+07,1.818738e+07,1.239968e+02,1.410306e+06,8.848245e+01,,,,5
2018-04-26 10:12:21.000000,2.609016e+07,1.818762e+07,1.239970e+02,1.410306e+06,8.848244e+01,,,,5
2018-04-26 10:12:22.000000,2.609016e+07,1.818770e+07,1.239971e+02,1.410306e+06,8.848244e+01,,,,5
2018-04-26 10:12:23.000000,2.609015e+07,1.818797e+07,1.239972e+02,1.410306e+06,8.848243e+01,,,,5
2018-04-26 10:12:24.000000,2.609014e+07,1.818688e+07,1.239965e+02,1.410306e+06,8.848243e+01,,,,5
2018-04-26 10:12:25.000000,2.609014e+07,1.818796e+07,1.239970e+02,1.410306e+06,8.848242e+01,,,,5
2018-04-26 10:12:26.000000,2.609016e+07,1.818662e+07,1.239963e+02,1.410306e+06,8.848242e+01,,,,5
2018-04-26 10:12:27.000000,2.609016e+07,1.818760e+07,1.239967e+02,1.410306e+06,8.848241e+01,,,,5
2018-04-26 10:12:28.000000,2.609016e+07,1.818641e+07,1.239961e+02,1.410306e+06,8.848241e+01,,,,5
2018-04-26 10:12:29.000000,2.609014e+07,1.818841e+07,1.239974e+02,1.410306e+06,8.848240e+01,,,,5
2018-04-26 10:12:30.000000,2.609014e+07,1.818743e+07,1.239969e+02,1.410306e+06,8.848240e+01,,,,5
2018-04-26 10:12:31.000000,2.609014e+07,1.818908e+07,1.239977e+02,1.410306e+06,8.848239e+01,,,,5
2018-04-26 10:12:32.000000,2.609016e+07,1.818779e+07,1.239971e+02,1.410306e+06,8.848239e+01,,,,5
2018-04-26 10:12:33.000000,2.609016e+07,1.818933e+07,1.239979e+02,1.410306e+06,8.848238e+01,,,,5
2018-04-26 10:12:34.000000,2.609016e+07,1.818803e+07,1.239972e+02,1.410306e+06,8.848238e+01,,,,5
2018-04-26 10:12:35.000000,2.609014e+07,1.818836e+07,1.239972e+02,1.410306e+06,8.848237e+01,,,,5
2018-04-26 10:12:36.000000,2.609014e+07,1.818714e+07,1.239965e+02,1.410306e+06,8.848237e+01,,,,5
2018-04-26 10:12:37.000000,2.609014e+07,1.818671e+07,1.239964e+02,1.410306e+06,8.848236e+01,,,,5
2018-04-26 10:12:38.000000,2.609016e+07,1.818675e+07,1.239963e+02,1.410306e+06,8.848236e+01,,,,5
2018-04-26 10:12:39.000000,2.609016e+07,1.818641e+07,1.239961e+02,1.410306e+06,8.848235e+01,,,,5
2018-04-26 10:12:40.000000,2.609014e+07,1.818754e+07,1.239968e+02,1.410306e+06,8.848235e+01,,,,5
2018-04-26 10:12:41.000000,2.609014e+07,1.818734e+07,1.239968e+02,1.410306e+06,8.848234e+01,,,,5
2018-04-26 10:12:42.000000,2.609014e+07,1.818852e+07,1.239974e+02,1.410306e+06,8.848234e+01,,,,5
2018-04-26 10:12:43.000000,2.609016e+07,1.818772e+07,1.239970e+02,1.410306e+06,8.848233e+01,,,,5
2018-04-26 10:12:44.000000,2.609016e+07,1.818934e+07,1.239979e+02,1.410306e+06,8.848233e+01,,,,5
2018-04-26 10:12:45.000000,2.609016e+07,1.818768e+07,1.239970e+02,1.410306e+06,8.848232e+01,,,,5
2018-04-26 10:12:46.000000,2.609014e+07,1.818845e+07,1.239973e+02,1.410306e+06,8.848232e+01,,,,5
2018-04-26 10:12:47.000000,2.609014e+07,1.818682e+07,1.239964e+02,1.410306e+06,8.848231e+01,,,,5
2018-04-26 10:12:48.000000,2.609015e+07,1.818679e+07,1.239964e+02,1.410306e+06,8.848231e+01,,,,5
2018-04-26 10:12:49.000000,2.609016e+07,1.818676e+07,1.239963e+02,1.410306e+06,8.848230e+01,,,,5
2018-04-26 10:12:50.000000,2.609016e+07,1.818647e+07,1.239961e+02,1.410306e+06,8.848230e+01,,,,5
2018-04-26 10:12:51.000000,2.609016e+07,1.818771e+07,1.239968e+02,1.410306e+06,8.848229e+01,,,,5
2018-04-26 10:12:52.000000,2.609014e+07,1.818740e+07,1.239968e+02,1.410306e+06,8.848229e+01,,,,5
2018-04-26 10:12:53.000000,2.609015e+07,1.818859e+07,1.239974e+02,1.410306e+06,8.848228e+01,,,,5
2018-04-26 10:12:54.000000,2.609016e+07,1.818774e+07,1.239970e+02,1.410306e+06,8.848228e+01,,,,5
2018-04-26 10:12:55.000000,2.609016e+07,1.818883e+07,1.239976e+02,1.410306e+06,8.848227e+01,,,,5
2018-04-26 10:12:56.000000,2.609016e+07,1.818770e+07,1.239970e+02,1.410306e+06,8.848227e+01,,,,5
2018-04-26 10:12:57.000000,2.609014e+07,1.818797e+07,1.239970e+02,1.410306e+06,8.848226e+01,,,,5
2018-04-26 10:12:58.000000,2.609014e+07,1.818682e+07,1.239963e+02,1.410306e+06,8.848226e+01,,,,5
2018-04-26 10:12:59.000000,2.609014e+07,1.818836e+07,1.239972e+02,1.410306e+06,8.848225e+01,,,,5
2018-04-26 10:13:00.000000,2.609016e+07,1.818660e+07,1.239962e+02,1.410306e+06,8.848225e+01,,,,5
2018-04-26 10:13:01.000000,2.609016e+07,1.818798e+07,1.239969e+02,1.410306e+06,8.848224e+01,,,,5
2018-04-26 10:13:02.000000,2.609016e+07,1.818677e+07,1.239963e+02,1.410306e+06,8.848224e+01,,,,5
2018-04-26 10:13:03.000000,2.609014e+07,1.818734e+07,1.239968e+02,1.410306e+06,8.848223e+01,,,,5
2018-04-26 10:13:04.000000,2.609015e+07,1.818766e+07,1.239969e+02,1.410306e+06,8.848223e+01,,,,5
2018-04-26 10:13:05.000000,2.609014e+07,1.818731e+07,1.239967e+02,1.410306e+06,8.848222e+01,,,,5
2018-04-26 10:13:06.000000,2.609016e+07,1.818793e+07,1.239972e+02,1.410306e+06,8.848221e+01,,,,5
2018-04-26 10:13:07.000000,2.609017e+07,1.818764e+07,1.239970e+02,1.410306e+06,8.848221e+01,,,,5
2018-04-26 10:13:08.000000,2.609014e+07,1.818797e+07,1.239970e+02,1.410306e+06,8.848220e+01,,,,5
2018-04-26 10:13:09.000000,2.609015e+07,1.818679e+07,1.239964e+02,1.410306e+06,8.848220e+01,,,,5
2018-04-26 10:13:10.000000,2.609014e+07,1.818848e+07,1.239973e+02,1.410306e+06,8.848219e+01,,,,5
2018-04-26 10:13:11.000000,2.609016e+07,1.818660e+07,1.239962e+02,1.410306e+06,8.848219e+01,,,,5
2018-04-26 10:13:12.000000,2.609017e+07,1.818811e+07,1.239970e+02,1.410306e+06,8.848218e+01,,,,5
2018-04-26 10:13:13.000000,2.609016e+07,1.818679e+07,1.239963e+02,1.410306e+06,8.848218e+01,,,,5
2018-04-26 10:13:14.000000,2.609015e+07,1.818891e+07,1.239976e+02,1.410306e+06,8.848217e+01,,,,5
2018-04-26 10:13:15.000000,2.609014e+07,1.818777e+07,1.239969e+02,1.410306e+06,8.848217e+01,,,,5
2018-04-26 10:13:16.000000,2.609014e+07,1.818737e+07,1.239968e+02,1.410306e+06,8.848216e+01,,,,5
2018-04-26 10:13:17.000000,2.609017e+07,1.818796e+07,1.239972e+02,1.410306e+06,8.848215e+01,,,,5
2018-04-26 10:13:18.000000,2.609016e+07,1.818766e+07,1.239970e+02,1.410306e+06,8.848215e+01,,,,5
2018-04-26 10:13:19.000000,2.609017e+07,1.818893e+07,1.239977e+02,1.410306e+06,8.848214e+01,,,,5
2018-04-26 10:13:20.000000,2.609014e+07,1.818688e+07,1.239964e+02,1.410306e+06,8.848214e+01,,,,5
2018-04-26 10:13:21.000000,2.609015e+07,1.818795e+07,1.239970e+02,1.410306e+06,8.848213e+01,,,,5
2018-04-26 10:13:22.000000,2.609017e+07,1.818657e+07,1.239962e+02,1.410306e+06,8.848213e+01,,,,5
2018-04-26 10:13:23.000000,2.609017e+07,1.818755e+07,1.239967e+02,1.410306e+06,8.848212e+01,,,,5
2018-04-26 10:13:24.000000,2.609017e+07,1.818647e+07,1.239961e+02,1.410306e+06,8.848212e+01,,,,5
2018-04-26 10:13:25.000000,2.609014e+07,1.818836e+07,1.239973e+02,1.410306e+06,8.848211e+01,,,,5
2018-04-26 10:13:26.000000,2.609015e+07,1.818742e+07,1.239967e+02,1.410306e+06,8.848211e+01,,,,5
2018-04-26 10:13:27.000000,2.609015e+07,1.818739e+07,1.239968e+02,1.410306e+06,8.848210e+01,,,,5
2018-04-26 10:13:28.000000,2.609017e+07,1.818763e+07,1.239970e+02,1.410306e+06,8.848209e+01,,,,5
2018-04-26 10:13:29.000000,2.609016e+07,1.818771e+07,1.239970e+02,1.410306e+06,8.848209e+01,,,,5
2018-04-26 10:13:30.000000,2.609016e+07,1.818798e+07,1.239971e+02,1.410306e+06,8.848208e+01,,,,5
2018-04-26 10:13:31.000000,2.609015e+07,1.818690e+07,1.239965e+02,1.410306e+06,8.848208e+01,,,,5
2018-04-26 10:13:32.000000,2.609015e+07,1.818797e+07,1.239970e+02,1.410306e+06,8.848207e+01,,,,5
2018-04-26 10:13:33.000000,2.609015e+07,1.818670e+07,1.239963e+02,1.410306e+06,8.848207e+01,,,,5
2018-04-26 10:13:34.000000,2.609016e+07,1.818764e+07,1.239968e+02,1.410306e+06,8.848206e+01,,,,5
2018-04-26 10:13:35.000000,2.609016e+07,1.818644e+07,1.239961e+02,1.410306e+06,8.848205e+01,,,,5
2018-04-26 10:13:36.000000,2.609015e+07,1.818842e+07,1.239973e+02,1.410306e+06,8.848205e+01,,,,5
2018-04-26 10:13:37.000000,2.609015e+07,1.818744e+07,1.239968e+02,1.410306e+06,8.848204e+01,,,,5
2018-04-26 10:13:38.000000,2.609015e+07,1.818907e+07,1.239977e+02,1.410306e+06,8.848204e+01,,,,5
2018-04-26 10:13:39.000000,2.609016e+07,1.818780e+07,1.239971e+02,1.410306e+06,8.848203e+01,,,,5
2018-04-26 10:13:40.000000,2.609017e+07,1.818934e+07,1.239978e+02,1.410306e+06,8.848203e+01,,,,5
2018-04-26 10:13:41.000000,2.609017e+07,1.818805e+07,1.239972e+02,1.410306e+06,8.848202e+01,,,,5
2018-04-26 10:13:42.000000,2.609015e+07,1.818837e+07,1.239972e+02,1.410306e+06,8.848201e+01,,,,5
2018-04-26 10:13:43.000000,2.609015e+07,1.818715e+07,1.239965e+02,1.410306e+06,8.848201e+01,,,,5
2018-04-26 10:13:44.000000,2.609014e+07,1.818672e+07,1.239963e+02,1.410306e+06,8.848200e+01,,,,5
2018-04-26 10:13:45.000000,2.609017e+07,1.818676e+07,1.239963e+02,1.410306e+06,8.848200e+01,,,,5
2018-04-26 10:13:46.000000,2.609017e+07,1.818642e+07,1.239961e+02,1.410306e+06,8.848199e+01,,,,5
2018-04-26 10:13:47.000000,2.609017e+07,1.818764e+07,1.239967e+02,1.410306e+06,8.848199e+01,,,,5
2018-04-26 10:13:48.000000,2.609015e+07,1.818734e+07,1.239967e+02,1.410306e+06,8.848198e+01,,,,5
2018-04-26 10:13:49.000000,2.609015e+07,1.818853e+07,1.239974e+02,1.410306e+06,8.848197e+01,,,,5
2018-04-26 10:13:50.000000,2.609017e+07,1.818773e+07,1.239970e+02,1.410306e+06,8.848197e+01,,,,5
2018-04-26 10:13:51.000000,2.609017e+07,1.818935e+07,1.239979e+02,1.410306e+06,8.848196e+01,,,,5
2018-04-26 10:13:52.000000,2.609017e+07,1.818771e+07,1.239970e+02,1.410306e+06,8.848196e+01,,,,5
2018-04-26 10:13:53.000000,2.609015e+07,1.818846e+07,1.239973e+02,1.410306e+06,8.848195e+01,,,,5
2018-04-26 10:13:54.000000,2.609015e+07,1.818683e+07,1.239964e+02,1.410306e+06,8.848194e+01,,,,5
2018-04-26 10:13:55.000000,2.609015e+07,1.818680e+07,1.239964e+02,1.410306e+06,8.848194e+01,,,,5
2018-04-26 10:13:56.000000,2.609017e+07,1.818677e+07,1.239963e+02,1.410306e+06,8.848193e+01,,,,5
2018-04-26 10:13:57.000000,2.609017e+07,1.818648e+07,1.239961e+02,1.410306e+06,8.848193e+01,,,,5
2018-04-26 10:13:58.000000,2.609017e+07,1.818771e+07,1.239968e+02,1.410306e+06,8.848192e+01,,,,5
2018-04-26 10:13:59.000000,2.609015e+07,1.818741e+07,1.239968e+02,1.410306e+06,8.848191e+01,,,,5
2018-04-26 10:14:00.000000,2.609015e+07,1.818860e+07,1.239974e+02,1.410306e+06,8.848191e+01,,,,5
2018-04-26 10:14:01.000000,2.609017e+07,1.818775e+07,1.239970e+02,1.410306e+06,8.848190e+01,,,,5
2018-04-26 10:14:02.000000,2.609017e+07,1.818883e+07,1.239976e+02,1.410306e+06,8.848190e+01,,,,5
2018-04-26 10:14:03.000000,2.609017e+07,1.818771e+07,1.239970e+02,1.410306e+06,8.848189e+01,,,,5
2018-04-26 10:14:04.000000,2.609015e+07,1.818798e+07,1.239970e+02,1.410306e+06,8.848188e+01,,,,5
2018-04-26 10:14:05.000000,2.609015e+07,1.818684e+07,1.239964e+02,1.410306e+06,8.848188e+01,,,,5
2018-04-26 10:14:06.000000,2.609015e+07,1.818837e+07,1.239972e+02,1.410306e+06,8.848187e+01,,,,5
2018-04-26 10:14:07.000000,2.609017e+07,1.818661e+07,1.239962e+02,1.410306e+06,8.848187e+01,,,,5
2018-04-26 10:14:08.000000,2.609017e+07,1.818799e+07,1.239969e+02,1.410306e+06,8.848186e+01,,,,5
2018-04-26 10:14:09.000000,2.609017e+07,1.818680e+07,1.239963e+02,1.410306e+06,8.848186e+01,,,,5
2018-04-26 10:14:10.000000,2.609015e+07,1.818735e+07,1.239968e+02,1.410306e+06,8.848185e+01,,,,5
2018-04-26 10:14:11.000000,2.609015e+07,1.818767e+07,1.239969e+02,1.410306e+06,8.848184e+01,,,,5
2018-04-26 10:14:12.000000,2.609015e+07,1.818732e+07,1.239967e+02,1.410306e+06,8.848184e+01,,,,5
2018-04-26 10:14:13.000000,2.609017e+07,1.818794e+07,1.239971e+02,1.410306e+06,8.848183e+01,,,,5
2018-04-26 10:14:14.000000,2.609017e+07,1.818765e+07,1.239970e+02,1.410306e+06,8.848182e+01,,,,5
2018-04-26 10:14:15.000000,2.609015e+07,1.818798e+07,1.239970e+02,1.410306e+06,8.848182e+01,,,,5
2018-04-26 10:14:16.000000,2.609015e+07,1.818680e+07,1.239964e+02,1.410306e+06,8.848181e+01,,,,5
2018-04-26 10:14:17.000000,2.609015e+07,1.818849e+07,1.239973e+02,1.410306e+06,8.848181e+01,,,,5
2018-04-26 10:14:18.000000,2.609017e+07,1.818661e+07,1.239962e+02,1.410306e+06,8.848180e+01,,,,5
2018-04-26 10:14:19.000000,2.609017e+07,1.818811e+07,1.239970e+02,1.410306e+06,8.848179e+01,,,,5
2018-04-26 10:14:20.000000,2.609017e+07,1.818680e+07,1.239963e+02,1.410306e+06,8.848179e+01,,,,5
2018-04-26 10:14:21.000000,2.609015e+07,1.818892e+07,1.239976e+02,1.410306e+06,8.848178e+01,,,,5
2018-04-26 10:14:22.000000,2.609015e+07,1.818779e+07,1.239969e+02,1.410306e+06,8.848178e+01,,,,5
2018-04-26 10:14:23.000000,2.609015e+07,1.818738e+07,1.239968e+02,1.410306e+06,8.848177e+01,,,,5
2018-04-26 10:14:24.000000,2.609017e+07,1.818797e+07,1.239972e+02,1.410306e+06,8.848176e+01,,,,5
2018-04-26 10:14:25.000000,2.609017e+07,1.818767e+07,1.239970e+02,1.410306e+06,8.848176e+01,,,,5
2018-04-26 10:14:26.000000,2.609017e+07,1.818893e+07,1.239976e+02,1.410306e+06,8.848175e+01,,,,5
2018-04-26 10:14:27.000000,2.609015e+07,1.818690e+07,1.239964e+02,1.410306e+06,8.848174e+01,,,,5
2018-04-26 10:14:28.000000,2.609015e+07,1.818796e+07,1.239970e+02,1.410306e+06,8.848174e+01,,,,5
2018-04-26 10:14:29.000000,2.609017e+07,1.818659e+07,1.239962e+02,1.410306e+06,8.848173e+01,,,,5
2018-04-26 10:14:30.000000,2.609017e+07,1.818756e+07,1.239967e+02,1.410306e+06,8.848173e+01,,,,5
2018-04-26 10:14:31.000000,2.609017e+07,1.818648e+07,1.239961e+02,1.410306e+06,8.848172e+01,,,,5
2018-04-26 10:14:32.000000,2.609015e+07,1.818835e+07,1.239973e+02,1.410306e+06,8.848171e+01,,,,5
2018-04-26 10:14:33.000000,2.609016e+07,1.818743e+07,1.239967e+02,1.410306e+06,8.848171e+01,,,,5
2018-04-26 10:14:34.000000,2.609015e+07,1.818740e+07,1.239968e+02,1.410306e+06,8.848170e+01,,,,5
2018-04-26 10:14:35.000000,2.609017e+07,1.818764e+07,1.239970e+02,1.410306e+06,8.848169e+01,,,,5
2018-04-26 10:14:36.000000,2.609017e+07,1.818772e+07,1.239970e+02,1.410306e+06,8.848169e+01,,,,5
2018-04-26 10:14:37.000000,2.609017e+07,1.818799e+07,1.239971e+02,1.410306e+06,8.848168e+01,,,,5
2018-04-26 10:14:38.000000,2.609016e+07,1.818690e+07,1.239965e+02,1.410306e+06,8.848167e+01,,,,5
2018-04-26 10:14:39.000000,2.609015e+07,1.818797e+07,1.239970e+02,1.410306e+06,8.848167e+01,,,,5
2018-04-26 10:14:40.000000,2.609016e+07,1.818671e+07,1.239963e+02,1.410306e+06,8.848166e+01,,,,5
2018-04-26 10:14:41.000000,2.609017e+07,1.818765e+07,1.239968e+02,1.410306e+06,8.848166e+01,,,,5
2018-04-26 10:14:42.000000,2.609017e+07,1.818645e+07,1.239961e+02,1.410306e+06,8.848165e+01,,,,5
2018-04-26 10:14:43.000000,2.609016e+07,1.818843e+07,1.239973e+02,1.410306e+06,8.848164e+01,,,,5
2018-04-26 10:14:44.000000,2.609015e+07,1.818745e+07,1.239968e+02,1.410306e+06,8.848164e+01,,,,5
2018-04-26 10:14:45.000000,2.609016e+07,1.818908e+07,1.239977e+02,1.410306e+06,8.848163e+01,,,,5
2018-04-26 10:14:46.000000,2.609017e+07,1.818782e+07,1.239971e+02,1.410306e+06,8.848162e+01,,,,5
2018-04-26 10:14:47.000000,2.609017e+07,1.818935e+07,1.239978e+02,1.410306e+06,8.848162e+01,,,,5
2018-04-26 10:14:48.000000,2.609018e+07,1.818770e+07,1.239970e+02,1.410306e+06,8.848161e+01,,,,5
2018-04-26 10:14:49.000000,2.609016e+07,1.818847e+07,1.239973e+02,1.410306e+06,8.848160e+01,,,,5
2018-04-26 10:14:50.000000,2.609016e+07,1.818683e+07,1.239964e+02,1.410306e+06,8.848160e+01,,,,5
2018-04-26 10:14:51.000000,2.609016e+07,1.818681e+07,1.239964e+02,1.410306e+06,8.848159e+01,,,,5
2018-04-26 10:14:52.000000,2.609017e+07,1.818678e+07,1.239962e+02,1.410306e+06,8.848158e+01,,,,5
2018-04-26 10:14:53.000000,2.609018e+07,1.818649e+07,1.239961e+02,1.410306e+06,8.848158e+01,,,,5
2018-04-26 10:14:54.000000,2.609017e+07,1.818773e+07,1.239968e+02,1.410306e+06,8.848157e+01,,,,5
2018-04-26 10:14:55.000000,2.609016e+07,1.818742e+07,1.239968e+02,1.410306e+06,8.848157e+01,,,,5
2018-04-26 10:14:56.000000,2.609016e+07,1.818861e+07,1.239974e+02,1.410306e+06,8.848156e+01,,,,5
2018-04-26 10:14:57.000000,2.609018e+07,1.818775e+07,1.239970e+02,1.410306e+06,8.848155e+01,,,,5
2018-04-26 10:14:58.000000,2.609018e+07,1.818886e+07,1.239976e+02,1.410306e+06,8.848155e+01,,,,5
2018-04-26 10:14:59.000000,2.609017e+07,1.818772e+07,1.239970e+02,1.410306e+06,8.848154e+01,,,,5
2018-04-26 10:15:00.000000,2.609016e+07,1.818799e+07,1.239970e+02,1.410306e+06,8.848153e+01,,,,5
2018-04-26 10:15:01.000000,2.609016e+07,1.818684e+07,1.239963e+02,1.410306e+06,8.848153e+01,,,,5
2018-04-26 10:15:02.000000,2.609016e+07,1.818838e+07,1.239972e+02,1.410306e+06,8.848152e+01,,,,5
2018-04-26 10:15:03.000000,2.609018e+07,1.818662e+07,1.239962e+02,1.410306e+06,8.848151e+01,,,,5
2018-04-26 10:15:04.000000,2.609017e+07,1.818801e+07,1.239969e+02,1.410306e+06,8.848151e+01,,,,5
2018-04-26 10:15:05.000000,2.609018e+07,1.818679e+07,1.239962e+02,1.410306e+06,8.848150e+01,,,,5
2018-04-26 10:15:06.000000,2.609016e+07,1.818736e+07,1.239968e+02,1.410306e+06,8.848149e+01,,,,5
2018-04-26 10:15:07.000000,2.609016e+07,1.818769e+07,1.239969e+02,1.410306e+06,8.848149e+01,,,,5
2018-04-26 10:15:08.000000,2.609016e+07,1.818733e+07,1.239967e+02,1.410306e+06,8.848148e+01,,,,5
2018-04-26 10:15:09.000000,2.609017e+07,1.818795e+07,1.239971e+02,1.410306e+06,8.848147e+01,,,,5
2018-04-26 10:15:10.000000,2.609018e+07,1.818766e+07,1.239970e+02,1.410306e+06,8.848147e+01,,,,5
2018-04-26 10:15:11.000000,2.609016e+07,1.818799e+07,1.239970e+02,1.410306e+06,8.848146e+01,,,,5
2018-04-26 10:15:12.000000,2.609016e+07,1.818681e+07,1.239964e+02,1.410306e+06,8.848145e+01,,,,5
2018-04-26 10:15:13.000000,2.609016e+07,1.818850e+07,1.239973e+02,1.410306e+06,8.848145e+01,,,,5
2018-04-26 10:15:14.000000,2.609018e+07,1.818660e+07,1.239962e+02,1.410306e+06,8.848144e+01,,,,5
2018-04-26 10:15:15.000000,2.609018e+07,1.818813e+07,1.239969e+02,1.410306e+06,8.848143e+01,,,,5
2018-04-26 10:15:16.000000,2.609018e+07,1.818681e+07,1.239962e+02,1.410306e+06,8.848143e+01,,,,5
2018-04-26 10:15:17.000000,2.609016e+07,1.818895e+07,1.239976e+02,1.410306e+06,8.848142e+01,,,,5
2018-04-26 10:15:18.000000,2.609016e+07,1.818778e+07,1.239969e+02,1.410306e+06,8.848141e+01,,,,5
2018-04-26 10:15:19.000000,2.609016e+07,1.818739e+07,1.239968e+02,1.410306e+06,8.848141e+01,,,,5
2018-04-26 10:15:20.000000,2.609018e+07,1.818798e+07,1.239971e+02,1.410306e+06,8.848140e+01,,,,5
2018-04-26 10:15:21.000000,2.609018e+07,1.818768e+07,1.239970e+02,1.410306e+06,8.848139e+01,,,,5
2018-04-26 10:15:22.000000,2.609018e+07,1.818895e+07,1.239976e+02,1.410306e+06,8.848139e+01,,,,5
2018-04-26 10:15:23.000000,2.609016e+07,1.818690e+07,1.239964e+02,1.410306e+06,8.848138e+01,,,,5
2018-04-26 10:15:24.000000,2.609016e+07,1.818798e+07,1.239970e+02,1.410306e+06,8.848137e+01,,,,5
2018-04-26 10:15:25.000000,2.609018e+07,1.818659e+07,1.239962e+02,1.410306e+06,8.848137e+01,,,,5
2018-04-26 10:15:26.000000,2.609018e+07,1.818757e+07,1.239967e+02,1.410306e+06,8.848136e+01,,,,5
2018-04-26 10:15:27.000000,2.609018e+07,1.818649e+07,1.239961e+02,1.410306e+06,8.848135e+01,,,,5
2018-04-26 10:15:28.000000,2.609016e+07,1.818838e+07,1.239973e+02,1.410306e+06,8.848135e+01,,,,5
2018-04-26 10:15:29.000000,2.609016e+07,1.818744e+07,1.239967e+02,1.410306e+06,8.848134e+01,,,,5
2018-04-26 10:15:30.000000,2.609016e+07,1.818741e+07,1.239968e+02,1.410306e+06,8.848133e+01,,,,5
2018-04-26 10:15:31.000000,2.609018e+07,1.818765e+07,1.239969e+02,1.410306e+06,8.848133e+01,,,,5
2018-04-26 10:15:32.000000,2.609018e+07,1.818773e+07,1.239970e+02,1.410306e+06,8.848132e+01,,,,5
2018-04-26 10:15:33.000000,2.609018e+07,1.818800e+07,1.239971e+02,1.410306e+06,8.848131e+01,,,,5
2018-04-26 10:15:34.000000,2.609016e+07,1.818690e+07,1.239965e+02,1.410306e+06,8.848130e+01,,,,5
2018-04-26 10:15:35.000000,2.609016e+07,1.818798e+07,1.239970e+02,1.410306e+06,8.848130e+01,,,,5
2018-04-26 10:15:36.000000,2.609018e+07,1.818665e+07,1.239962e+02,1.410306e+06,8.848129e+01,,,,5
2018-04-26 10:15:37.000000,2.609018e+07,1.818764e+07,1.239967e+02,1.410306e+06,8.848128e+01,,,,5
2018-04-26 10:15:38.000000,2.609018e+07,1.818644e+07,1.239960e+02,1.410306e+06,8.848128e+01,,,,5
2018-04-26 10:15:39.000000,2.609016e+07,1.818844e+07,1.239973e+02,1.410306e+06,8.848127e+01,,,,5
2018-04-26 10:15:40.000000,2.609016e+07,1.818746e+07,1.239968e+02,1.410306e+06,8.848126e+01,,,,5
2018-04-26 10:15:41.000000,2.609016e+07,1.818911e+07,1.239977e+02,1.410306e+06,8.848126e+01,,,,5
2018-04-26 10:15:42.000000,2.609018e+07,1.818782e+07,1.239971e+02,1.410306e+06,8.848125e+01,,,,5
2018-04-26 10:15:43.000000,2.609018e+07,1.818936e+07,1.239978e+02,1.410306e+06,8.848124e+01,,,,5
2018-04-26 10:15:44.000000,2.609018e+07,1.818807e+07,1.239971e+02,1.410306e+06,8.848124e+01,,,,5
2018-04-26 10:15:45.000000,2.609016e+07,1.818839e+07,1.239972e+02,1.410306e+06,8.848123e+01,,,,5
2018-04-26 10:15:46.000000,2.609016e+07,1.818717e+07,1.239965e+02,1.410306e+06,8.848122e+01,,,,5
2018-04-26 10:15:47.000000,2.609016e+07,1.818674e+07,1.239963e+02,1.410306e+06,8.848122e+01,,,,5
2018-04-26 10:15:48.000000,2.609018e+07,1.818678e+07,1.239962e+02,1.410306e+06,8.848121e+01,,,,5
2018-04-26 10:15:49.000000,2.609018e+07,1.818644e+07,1.239961e+02,1.410306e+06,8.848120e+01,,,,5
2018-04-26 10:15:50.000000,2.609016e+07,1.818756e+07,1.239968e+02,1.410306e+06,8.848119e+01,,,,5
2018-04-26 10:15:51.000000,2.609016e+07,1.818737e+07,1.239967e+02,1.410306e+06,8.848119e+01,,,,5
2018-04-26 10:15:52.000000,2.609016e+07,1.818855e+07,1.239973e+02,1.410306e+06,8.848118e+01,,,,5
2018-04-26 10:15:53.000000,2.609019e+07,1.818775e+07,1.239969e+02,1.410306e+06,8.848117e+01,,,,5
2018-04-26 10:15:54.000000,2.609018e+07,1.818937e+07,1.239978e+02,1.410306e+06,8.848117e+01,,,,5
2018-04-26 10:15:55.000000,2.609018e+07,1.818771e+07,1.239969e+02,1.410306e+06,8.848116e+01,,,,5
2018-04-26 10:15:56.000000,2.609016e+07,1.818848e+07,1.239973e+02,1.410306e+06,8.848115e+01,,,,5
2018-04-26 10:15:57.000000,2.609016e+07,1.818685e+07,1.239964e+02,1.410306e+06,8.848115e+01,,,,5
2018-04-26 10:15:58.000000,2.609017e+07,1.818682e+07,1.239964e+02,1.410306e+06,8.848114e+01,,,,5
2018-04-26 10:15:59.000000,2.609018e+07,1.818679e+07,1.239962e+02,1.410306e+06,8.848113e+01,,,,5
2018-04-26 10:16:00.000000,2.609019e+07,1.818650e+07,1.239961e+02,1.410306e+06,8.848112e+01,,,,5
2018-04-26 10:16:01.000000,2.609018e+07,1.818773e+07,1.239967e+02,1.410306e+06,8.848112e+01,,,,5
2018-04-26 10:16:02.000000,2.609016e+07,1.818743e+07,1.239967e+02,1.410306e+06,8.848111e+01,,,,5
2018-04-26 10:16:03.000000,2.609017e+07,1.818862e+07,1.239974e+02,1.410306e+06,8.848110e+01,,,,5
2018-04-26 10:16:04.000000,2.609018e+07,1.818777e+07,1.239970e+02,1.410306e+06,8.848110e+01,,,,5
2018-04-26 10:16:05.000000,2.609019e+07,1.818885e+07,1.239975e+02,1.410306e+06,8.848109e+01,,,,5
2018-04-26 10:16:06.000000,2.609018e+07,1.818773e+07,1.239969e+02,1.410306e+06,8.848108e+01,,,,5
2018-04-26 10:16:07.000000,2.609017e+07,1.818800e+07,1.239970e+02,1.410306e+06,8.848107e+01,,,,5
2018-04-26 10:16:08.000000,2.609017e+07,1.818685e+07,1.239963e+02,1.410306e+06,8.848107e+01,,,,5
2018-04-26 10:16:09.000000,2.609016e+07,1.818839e+07,1.239972e+02,1.410306e+06,8.848106e+01,,,,5
2018-04-26 10:16:10.000000,2.609018e+07,1.818663e+07,1.239962e+02,1.410306e+06,8.848105e+01,,,,5
2018-04-26 10:16:11.000000,2.609018e+07,1.818801e+07,1.239968e+02,1.410306e+06,8.848105e+01,,,,5
2018-04-26 10:16:12.000000,2.609019e+07,1.818680e+07,1.239962e+02,1.410306e+06,8.848104e+01,,,,5
2018-04-26 10:16:13.000000,2.609017e+07,1.818737e+07,1.239967e+02,1.410306e+06,8.848103e+01,,,,5
2018-04-26 10:16:14.000000,2.609017e+07,1.818769e+07,1.239969e+02,1.410306e+06,8.848103e+01,,,,5
2018-04-26 10:16:15.000000,2.609017e+07,1.818734e+07,1.239967e+02,1.410306e+06,8.848102e+01,,,,5
2018-04-26 10:16:16.000000,2.609018e+07,1.818796e+07,1.239971e+02,1.410306e+06,8.848101e+01,,,,5
2018-04-26 10:16:17.000000,2.609019e+07,1.818767e+07,1.239969e+02,1.410306e+06,8.848100e+01,,,,5
2018-04-26 10:16:18.000000,2.609016e+07,1.818800e+07,1.239970e+02,1.410306e+06,8.848100e+01,,,,5
2018-04-26 10:16:19.000000,2.609017e+07,1.818682e+07,1.239964e+02,1.410306e+06,8.848099e+01,,,,5
2018-04-26 10:16:20.000000,2.609016e+07,1.818850e+07,1.239973e+02,1.410306e+06,8.848098e+01,,,,5
2018-04-26 10:16:21.000000,2.609018e+07,1.818663e+07,1.239961e+02,1.410306e+06,8.848097e+01,,,,5
2018-04-26 10:16:22.000000,2.609019e+07,1.818814e+07,1.239969e+02,1.410306e+06,8.848097e+01,,,,5
2018-04-26 10:16:23.000000,2.609018e+07,1.818682e+07,1.239962e+02,1.410306e+06,8.848096e+01,,,,5
2018-04-26 10:16:24.000000,2.609017e+07,1.818893e+07,1.239976e+02,1.410306e+06,8.848095e+01,,,,5
2018-04-26 10:16:25.000000,2.609016e+07,1.818780e+07,1.239969e+02,1.410306e+06,8.848095e+01,,,,5
2018-04-26 10:16:26.000000,2.609017e+07,1.818740e+07,1.239967e+02,1.410306e+06,8.848094e+01,,,,5
2018-04-26 10:16:27.000000,2.609019e+07,1.818799e+07,1.239971e+02,1.410306e+06,8.848093e+01,,,,5
2018-04-26 10:16:28.000000,2.609018e+07,1.818768e+07,1.239969e+02,1.410306e+06,8.848092e+01,,,,5
2018-04-26 10:16:29.000000,2.609019e+07,1.818896e+07,1.239976e+02,1.410306e+06,8.848092e+01,,,,5
2018-04-26 10:16:30.000000,2.609016e+07,1.818691e+07,1.239964e+02,1.410306e+06,8.848091e+01,,,,5
2018-04-26 10:16:31.000000,2.609017e+07,1.818798e+07,1.239970e+02,1.410306e+06,8.848090e+01,,,,5
2018-04-26 10:16:32.000000,2.609019e+07,1.818659e+07,1.239961e+02,1.410306e+06,8.848090e+01,,,,5
2018-04-26 10:16:33.000000,2.609019e+07,1.818758e+07,1.239966e+02,1.410306e+06,8.848089e+01,,,,5
2018-04-26 10:16:34.000000,2.609019e+07,1.818649e+07,1.239960e+02,1.410306e+06,8.848088e+01,,,,5
2018-04-26 10:16:35.000000,2.609016e+07,1.818837e+07,1.239972e+02,1.410306e+06,8.848087e+01,,,,5
2018-04-26 10:16:36.000000,2.609017e+07,1.818745e+07,1.239967e+02,1.410306e+06,8.848087e+01,,,,5
2018-04-26 10:16:37.000000,2.609017e+07,1.818742e+07,1.239967e+02,1.410306e+06,8.848086e+01,,,,5
2018-04-26 10:16:38.000000,2.609019e+07,1.818766e+07,1.239969e+02,1.410306e+06,8.848085e+01,,,,5
2018-04-26 10:16:39.000000,2.609019e+07,1.818773e+07,1.239970e+02,1.410306e+06,8.848084e+01,,,,5
2018-04-26 10:16:40.000000,2.609018e+07,1.818801e+07,1.239971e+02,1.410306e+06,8.848084e+01,,,,5
2018-04-26 10:16:41.000000,2.609017e+07,1.818692e+07,1.239964e+02,1.410306e+06,8.848083e+01,,,,5
2018-04-26 10:16:42.000000,2.609017e+07,1.818799e+07,1.239970e+02,1.410306e+06,8.848082e+01,,,,5
2018-04-26 10:16:43.000000,2.609017e+07,1.818672e+07,1.239963e+02,1.410306e+06,8.848082e+01,,,,5
2018-04-26 10:16:44.000000,2.609018e+07,1.818766e+07,1.239967e+02,1.410306e+06,8.848081e+01,,,,5
2018-04-26 10:16:45.000000,2.609019e+07,1.818647e+07,1.239960e+02,1.410306e+06,8.848080e+01,,,,5
2018-04-26 10:16:46.000000,2.609017e+07,1.818844e+07,1.239973e+02,1.410306e+06,8.848079e+01,,,,5
2018-04-26 10:16:47.000000,2.609017e+07,1.818746e+07,1.239968e+02,1.410306e+06,8.848079e+01,,,,5
2018-04-26 10:16:48.000000,2.609017e+07,1.818910e+07,1.239976e+02,1.410306e+06,8.848078e+01,,,,5
2018-04-26 10:16:49.000000,2.609018e+07,1.818783e+07,1.239970e+02,1.410305e+06,8.848077e+01,,,,5
2018-04-26 10:16:50.000000,2.609019e+07,1.818937e+07,1.239978e+02,1.410305e+06,8.848076e+01,,,,5
2018-04-26 10:16:51.000000,2.609019e+07,1.818807e+07,1.239971e+02,1.410305e+06,8.848076e+01,,,,5
2018-04-26 10:16:52.000000,2.609017e+07,1.818839e+07,1.239972e+02,1.410305e+06,8.848075e+01,,,,5
2018-04-26 10:16:53.000000,2.609017e+07,1.818718e+07,1.239965e+02,1.410305e+06,8.848074e+01,,,,5
2018-04-26 10:16:54.000000,2.609017e+07,1.818675e+07,1.239963e+02,1.410305e+06,8.848073e+01,,,,5
2018-04-26 10:16:55.000000,2.609019e+07,1.818679e+07,1.239962e+02,1.410305e+06,8.848073e+01,,,,5
2018-04-26 10:16:56.000000,2.609019e+07,1.818645e+07,1.239960e+02,1.410305e+06,8.848072e+01,,,,5
2018-04-26 10:16:57.000000,2.609019e+07,1.818767e+07,1.239967e+02,1.410305e+06,8.848071e+01,,,,5
2018-04-26 10:16:58.000000,2.609017e+07,1.818737e+07,1.239967e+02,1.410305e+06,8.848070e+01,,,,5
2018-04-26 10:16:59.000000,2.609017e+07,1.818855e+07,1.239973e+02,1.410305e+06,8.848070e+01,,,,5
2018-04-26 10:17:00.000000,2.609019e+07,1.818776e+07,1.239969e+02,1.410305e+06,8.848069e+01,,,,5
2018-04-26 10:17:01.000000,2.609019e+07,1.818938e+07,1.239978e+02,1.410305e+06,8.848068e+01,,,,5
2018-04-26 10:17:02.000000,2.609019e+07,1.818774e+07,1.239969e+02,1.410305e+06,8.848067e+01,,,,5
2018-04-26 10:17:03.000000,2.609017e+07,1.818849e+07,1.239972e+02,1.410305e+06,8.848067e+01,,,,5
2018-04-26 10:17:04.000000,2.609017e+07,1.818686e+07,1.239964e+02,1.410305e+06,8.848066e+01,,,,5
2018-04-26 10:17:05.000000,2.609017e+07,1.818683e+07,1.239963e+02,1.410305e+06,8.848065e+01,,,,5
2018-04-26 10:17:06.000000,2.609019e+07,1.818680e+07,1.239962e+02,1.410305e+06,8.848064e+01,,,,5
2018-04-26 10:17:07.000000,2.609019e+07,1.818651e+07,1.239961e+02,1.410305e+06,8.848064e+01,,,,5
2018-04-26 10:17:08.000000,2.609019e+07,1.818774e+07,1.239967e+02,1.410305e+06,8.848063e+01,,,,5
2018-04-26 10:17:09.000000,2.609017e+07,1.818743e+07,1.239967e+02,1.410305e+06,8.848062e+01,,,,5
2018-04-26 10:17:10.000000,2.609017e+07,1.818863e+07,1.239974e+02,1.410305e+06,8.848061e+01,,,,5
2018-04-26 10:17:11.000000,2.609019e+07,1.818778e+07,1.239970e+02,1.410305e+06,8.848061e+01,,,,5
2018-04-26 10:17:12.000000,2.609019e+07,1.818885e+07,1.239975e+02,1.410305e+06,8.848060e+01,,,,5
2018-04-26 10:17:13.000000,2.609019e+07,1.818773e+07,1.239969e+02,1.410305e+06,8.848059e+01,,,,5
2018-04-26 10:17:14.000000,2.609017e+07,1.818800e+07,1.239969e+02,1.410305e+06,8.848058e+01,,,,5
2018-04-26 10:17:15.000000,2.609017e+07,1.818687e+07,1.239963e+02,1.410305e+06,8.848058e+01,,,,5
2018-04-26 10:17:16.000000,2.609017e+07,1.818840e+07,1.239972e+02,1.410305e+06,8.848057e+01,,,,5
2018-04-26 10:17:17.000000,2.609019e+07,1.818664e+07,1.239961e+02,1.410305e+06,8.848056e+01,,,,5
2018-04-26 10:17:18.000000,2.609019e+07,1.818801e+07,1.239968e+02,1.410305e+06,8.848055e+01,,,,5
2018-04-26 10:17:19.000000,2.609019e+07,1.818682e+07,1.239962e+02,1.410305e+06,8.848055e+01,,,,5
2018-04-26 10:17:20.000000,2.609017e+07,1.818738e+07,1.239967e+02,1.410305e+06,8.848054e+01,,,,5
2018-04-26 10:17:21.000000,2.609017e+07,1.818770e+07,1.239968e+02,1.410305e+06,8.848053e+01,,,,5
2018-04-26 10:17:22.000000,2.609017e+07,1.818735e+07,1.239967e+02,1.410305e+06,8.848052e+01,,,,5
2018-04-26 10:17:23.000000,2.609019e+07,1.818796e+07,1.239971e+02,1.410305e+06,8.848052e+01,,,,5
2018-04-26 10:17:24.000000,2.609019e+07,1.818768e+07,1.239969e+02,1.410305e+06,8.848051e+01,,,,5
2018-04-26 10:17:25.000000,2.609017e+07,1.818801e+07,1.239970e+02,1.410305e+06,8.848050e+01,,,,5
2018-04-26 10:17:26.000000,2.609017e+07,1.818684e+07,1.239964e+02,1.410305e+06,8.848049e+01,,,,5
2018-04-26 10:17:27.000000,2.609017e+07,1.818851e+07,1.239972e+02,1.410305e+06,8.848049e+01,,,,5
2018-04-26 10:17:28.000000,2.609019e+07,1.818664e+07,1.239961e+02,1.410305e+06,8.848048e+01,,,,5
2018-04-26 10:17:29.000000,2.609019e+07,1.818814e+07,1.239969e+02,1.410305e+06,8.848047e+01,,,,5
2018-04-26 10:17:30.000000,2.609019e+07,1.818683e+07,1.239962e+02,1.410305e+06,8.848046e+01,,,,5
2018-04-26 10:17:31.000000,2.609017e+07,1.818894e+07,1.239975e+02,1.410305e+06,8.848046e+01,,,,5
2018-04-26 10:17:32.000000,2.609017e+07,1.818782e+07,1.239969e+02,1.410305e+06,8.848045e+01,,,,5
2018-04-26 10:17:33.000000,2.609017e+07,1.818741e+07,1.239967e+02,1.410305e+06,8.848044e+01,,,,5
2018-04-26 10:17:34.000000,2.609019e+07,1.818800e+07,1.239971e+02,1.410305e+06,8.848043e+01,,,,5
2018-04-26 10:17:35.000000,2.609019e+07,1.818769e+07,1.239969e+02,1.410305e+06,8.848043e+01,,,,5
2018-04-26 10:17:36.000000,2.609019e+07,1.818896e+07,1.239976e+02,1.410305e+06,8.848042e+01,,,,5
2018-04-26 10:17:37.000000,2.609017e+07,1.818692e+07,1.239964e+02,1.410305e+06,8.848041e+01,,,,5
2018-04-26 10:17:38.000000,2.609017e+07,1.818799e+07,1.239969e+02,1.410305e+06,8.848040e+01,,,,5
2018-04-26 10:17:39.000000,2.609019e+07,1.818662e+07,1.239961e+02,1.410305e+06,8.848039e+01,,,,5
2018-04-26 10:17:40.000000,2.609019e+07,1.818759e+07,1.239966e+02,1.410305e+06,8.848039e+01,,,,5
2018-04-26 10:17:41.000000,2.609019e+07,1.818650e+07,1.239960e+02,1.410305e+06,8.848038e+01,,,,5
2018-04-26 10:17:42.000000,2.609017e+07,1.818838e+07,1.239972e+02,1.410305e+06,8.848037e+01,,,,5
2018-04-26 10:17:43.000000,2.609018e+07,1.818747e+07,1.239967e+02,1.410305e+06,8.848036e+01,,,,5
2018-04-26 10:17:44.000000,2.609017e+07,1.818743e+07,1.239967e+02,1.410305e+06,8.848036e+01,,,,5
2018-04-26 10:17:45.000000,2.609019e+07,1.818767e+07,1.239969e+02,1.410305e+06,8.848035e+01,,,,5
2018-04-26 10:17:46.000000,2.609019e+07,1.818774e+07,1.239970e+02,1.410305e+06,8.848034e+01,,,,5
2018-04-26 10:17:47.000000,2.609019e+07,1.818802e+07,1.239971e+02,1.410305e+06,8.848033e+01,,,,5
2018-04-26 10:17:48.000000,2.609018e+07,1.818693e+07,1.239964e+02,1.410305e+06,8.848033e+01,,,,5
2018-04-26 10:17:49.000000,2.609017e+07,1.818799e+07,1.239969e+02,1.410305e+06,8.848032e+01,,,,5
2018-04-26 10:17:50.000000,2.609018e+07,1.818673e+07,1.239963e+02,1.410305e+06,8.848031e+01,,,,5
2018-04-26 10:17:51.000000,2.609019e+07,1.818767e+07,1.239967e+02,1.410305e+06,8.848030e+01,,,,5
2018-04-26 10:17:52.000000,2.609019e+07,1.818648e+07,1.239960e+02,1.410305e+06,8.848029e+01,,,,5
2018-04-26 10:17:53.000000,2.609018e+07,1.818843e+07,1.239972e+02,1.410305e+06,8.848029e+01,,,,5
2018-04-26 10:17:54.000000,2.609017e+07,1.818748e+07,1.239968e+02,1.410305e+06,8.848028e+01,,,,5
2018-04-26 10:17:55.000000,2.609018e+07,1.818910e+07,1.239976e+02,1.410305e+06,8.848027e+01,,,,5
2018-04-26 10:17:56.000000,2.609019e+07,1.818785e+07,1.239970e+02,1.410305e+06,8.848026e+01,,,,5
2018-04-26 10:17:57.000000,2.609019e+07,1.818937e+07,1.239978e+02,1.410305e+06,8.848026e+01,,,,5
2018-04-26 10:17:58.000000,2.609020e+07,1.818808e+07,1.239971e+02,1.410305e+06,8.848025e+01,,,,5
2018-04-26 10:17:59.000000,2.609017e+07,1.818839e+07,1.239971e+02,1.410305e+06,8.848024e+01,,,,5
2018-04-26 10:18:00.000000,2.609018e+07,1.818720e+07,1.239964e+02,1.410305e+06,8.848023e+01,,,,5
2018-04-26 10:18:01.000000,2.609017e+07,1.818676e+07,1.239963e+02,1.410305e+06,8.848023e+01,,,,5
2018-04-26 10:18:02.000000,2.609020e+07,1.818680e+07,1.239962e+02,1.410305e+06,8.848022e+01,,,,5
2018-04-26 10:18:03.000000,2.609019e+07,1.818646e+07,1.239960e+02,1.410305e+06,8.848021e+01,,,,5
2018-04-26 10:18:04.000000,2.609019e+07,1.818768e+07,1.239967e+02,1.410305e+06,8.848020e+01,,,,5
2018-04-26 10:18:05.000000,2.609018e+07,1.818737e+07,1.239967e+02,1.410305e+06,8.848019e+01,,,,5
2018-04-26 10:18:06.000000,2.609017e+07,1.818855e+07,1.239973e+02,1.410305e+06,8.848019e+01,,,,5
2018-04-26 10:18:07.000000,2.609020e+07,1.818777e+07,1.239969e+02,1.410305e+06,8.848018e+01,,,,5
2018-04-26 10:18:08.000000,2.609019e+07,1.818938e+07,1.239978e+02,1.410305e+06,8.848017e+01,,,,5
2018-04-26 10:18:09.000000,2.609020e+07,1.818775e+07,1.239969e+02,1.410305e+06,8.848016e+01,,,,5
2018-04-26 10:18:10.000000,2.609017e+07,1.818849e+07,1.239972e+02,1.410305e+06,8.848015e+01,,,,5
2018-04-26 10:18:11.000000,2.609017e+07,1.818687e+07,1.239963e+02,1.410305e+06,8.848015e+01,,,,5
2018-04-26 10:18:12.000000,2.609018e+07,1.818683e+07,1.239963e+02,1.410305e+06,8.848014e+01,,,,5
2018-04-26 10:18:13.000000,2.609019e+07,1.818680e+07,1.239962e+02,1.410305e+06,8.848013e+01,,,,5
2018-04-26 10:18:14.000000,2.609020e+07,1.818652e+07,1.239961e+02,1.410305e+06,8.848012e+01,,,,5
2018-04-26 10:18:15.000000,2.609019e+07,1.818775e+07,1.239967e+02,1.410305e+06,8.848012e+01,,,,5
2018-04-26 10:18:16.000000,2.609018e+07,1.818744e+07,1.239967e+02,1.410305e+06,8.848011e+01,,,,5
2018-04-26 10:18:17.000000,2.609018e+07,1.818861e+07,1.239974e+02,1.410305e+06,8.848010e+01,,,,5
2018-04-26 10:18:18.000000,2.609018e+07,1.818738e+07,1.239967e+02,1.410305e+06,8.848009e+01,,,,5
2018-04-26 10:18:19.000000,2.609020e+07,1.818885e+07,1.239975e+02,1.410305e+06,8.848008e+01,,,,5
2018-04-26 10:18:20.000000,2.609019e+07,1.818775e+07,1.239969e+02,1.410305e+06,8.848008e+01,,,,5
2018-04-26 10:18:21.000000,2.609018e+07,1.818801e+07,1.239969e+02,1.410305e+06,8.848007e+01,,,,5
2018-04-26 10:18:22.000000,2.609018e+07,1.818688e+07,1.239963e+02,1.410305e+06,8.848006e+01,,,,5
2018-04-26 10:18:23.000000,2.609018e+07,1.818839e+07,1.239971e+02,1.410305e+06,8.848005e+01,,,,5
2018-04-26 10:18:24.000000,2.609020e+07,1.818665e+07,1.239961e+02,1.410305e+06,8.848004e+01,,,,5
2018-04-26 10:18:25.000000,2.609019e+07,1.818802e+07,1.239968e+02,1.410305e+06,8.848004e+01,,,,5
2018-04-26 10:18:26.000000,2.609020e+07,1.818683e+07,1.239962e+02,1.410305e+06,8.848003e+01,,,,5
2018-04-26 10:18:27.000000,2.609018e+07,1.818737e+07,1.239967e+02,1.410305e+06,8.848002e+01,,,,5
2018-04-26 10:18:28.000000,2.609018e+07,1.818770e+07,1.239968e+02,1.410305e+06,8.848001e+01,,,,5
2018-04-26 10:18:29.000000,2.609018e+07,1.818736e+07,1.239967e+02,1.410305e+06,8.848001e+01,,,,5
2018-04-26 10:18:30.000000,2.609019e+07,1.818797e+07,1.239971e+02,1.410305e+06,8.848000e+01,,,,5
2018-04-26 10:18:31.000000,2.609020e+07,1.818769e+07,1.239969e+02,1.410305e+06,8.847999e+01,,,,5
2018-04-26 10:18:32.000000,2.609020e+07,1.818952e+07,1.239979e+02,1.410305e+06,8.847998e+01,,,,5
2018-04-26 10:18:33.000000,2.609018e+07,1.818695e+07,1.239963e+02,1.410305e+06,8.847997e+01,,,,5
2018-04-26 10:18:34.000000,2.609018e+07,1.818850e+07,1.239972e+02,1.410305e+06,8.847997e+01,,,,5
2018-04-26 10:18:35.000000,2.609020e+07,1.818664e+07,1.239961e+02,1.410305e+06,8.847996e+01,,,,5
2018-04-26 10:18:36.000000,2.609020e+07,1.818814e+07,1.239969e+02,1.410305e+06,8.847995e+01,,,,5
2018-04-26 10:18:37.000000,2.609020e+07,1.818686e+07,1.239962e+02,1.410305e+06,8.847994e+01,,,,5
2018-04-26 10:18:38.000000,2.609018e+07,1.818895e+07,1.239975e+02,1.410305e+06,8.847993e+01,,,,5
2018-04-26 10:18:39.000000,2.609018e+07,1.818782e+07,1.239968e+02,1.410305e+06,8.847993e+01,,,,5
2018-04-26 10:18:40.000000,2.609018e+07,1.818742e+07,1.239967e+02,1.410305e+06,8.847992e+01,,,,5
2018-04-26 10:18:41.000000,2.609020e+07,1.818801e+07,1.239971e+02,1.410305e+06,8.847991e+01,,,,5
2018-04-26 10:18:42.000000,2.609020e+07,1.818770e+07,1.239969e+02,1.410305e+06,8.847990e+01,,,,5
2018-04-26 10:18:43.000000,2.609020e+07,1.818896e+07,1.239976e+02,1.410305e+06,8.847989e+01,,,,5
2018-04-26 10:18:44.000000,2.609018e+07,1.818694e+07,1.239964e+02,1.410305e+06,8.847989e+01,,,,5
2018-04-26 10:18:45.000000,2.609018e+07,1.818800e+07,1.239969e+02,1.410305e+06,8.847988e+01,,,,5
2018-04-26 10:18:46.000000,2.609018e+07,1.818679e+07,1.239963e+02,1.410305e+06,8.847987e+01,,,,5
2018-04-26 10:18:47.000000,2.609020e+07,1.818761e+07,1.239966e+02,1.410305e+06,8.847986e+01,,,,5
2018-04-26 10:18:48.000000,2.609020e+07,1.818651e+07,1.239960e+02,1.410305e+06,8.847985e+01,,,,5
2018-04-26 10:18:49.000000,2.609018e+07,1.818839e+07,1.239972e+02,1.410305e+06,8.847985e+01,,,,5
2018-04-26 10:18:50.000000,2.609018e+07,1.818748e+07,1.239967e+02,1.410305e+06,8.847984e+01,,,,5
2018-04-26 10:18:51.000000,2.609018e+07,1.818744e+07,1.239967e+02,1.410305e+06,8.847983e+01,,,,5
2018-04-26 10:18:52.000000,2.609020e+07,1.818767e+07,1.239969e+02,1.410305e+06,8.847982e+01,,,,5
2018-04-26 10:18:53.000000,2.609020e+07,1.818775e+07,1.239969e+02,1.410305e+06,8.847981e+01,,,,5
2018-04-26 10:18:54.000000,2.609020e+07,1.818801e+07,1.239971e+02,1.410305e+06,8.847981e+01,,,,5
2018-04-26 10:18:55.000000,2.609018e+07,1.818694e+07,1.239964e+02,1.410305e+06,8.847980e+01,,,,5
2018-04-26 10:18:56.000000,2.609018e+07,1.818800e+07,1.239969e+02,1.410305e+06,8.847979e+01,,,,5
2018-04-26 10:18:57.000000,2.609018e+07,1.818675e+07,1.239962e+02,1.410305e+06,8.847978e+01,,,,5
2018-04-26 10:18:58.000000,2.609020e+07,1.818768e+07,1.239967e+02,1.410305e+06,8.847977e+01,,,,5
2018-04-26 10:18:59.000000,2.609020e+07,1.818649e+07,1.239960e+02,1.410305e+06,8.847977e+01,,,,5
2018-04-26 10:19:00.000000,2.609018e+07,1.818844e+07,1.239972e+02,1.410305e+06,8.847976e+01,,,,5
2018-04-26 10:19:01.000000,2.609018e+07,1.818750e+07,1.239968e+02,1.410305e+06,8.847975e+01,,,,5
2018-04-26 10:19:02.000000,2.609018e+07,1.818911e+07,1.239976e+02,1.410305e+06,8.847974e+01,,,,5
2018-04-26 10:19:03.000000,2.609020e+07,1.818786e+07,1.239970e+02,1.410305e+06,8.847973e+01,,,,5
2018-04-26 10:19:04.000000,2.609020e+07,1.818936e+07,1.239978e+02,1.410305e+06,8.847973e+01,,,,5
2018-04-26 10:19:05.000000,2.609020e+07,1.818809e+07,1.239971e+02,1.410305e+06,8.847972e+01,,,,5
2018-04-26 10:19:06.000000,2.609018e+07,1.818840e+07,1.239971e+02,1.410305e+06,8.847971e+01,,,,5
2018-04-26 10:19:07.000000,2.609018e+07,1.818720e+07,1.239964e+02,1.410305e+06,8.847970e+01,,,,5
2018-04-26 10:19:08.000000,2.609018e+07,1.818677e+07,1.239962e+02,1.410305e+06,8.847969e+01,,,,5
2018-04-26 10:19:09.000000,2.609020e+07,1.818681e+07,1.239962e+02,1.410305e+06,8.847969e+01,,,,5
2018-04-26 10:19:10.000000,2.609020e+07,1.818647e+07,1.239960e+02,1.410305e+06,8.847968e+01,,,,5
2018-04-26 10:19:11.000000,2.609020e+07,1.818768e+07,1.239966e+02,1.410305e+06,8.847967e+01,,,,5
2018-04-26 10:19:12.000000,2.609018e+07,1.818738e+07,1.239966e+02,1.410305e+06,8.847966e+01,,,,5
2018-04-26 10:19:13.000000,2.609018e+07,1.818856e+07,1.239973e+02,1.410305e+06,8.847965e+01,,,,5
2018-04-26 10:19:14.000000,2.609020e+07,1.818778e+07,1.239969e+02,1.410305e+06,8.847965e+01,,,,5
2018-04-26 10:19:15.000000,2.609020e+07,1.818938e+07,1.239978e+02,1.410305e+06,8.847964e+01,,,,5
2018-04-26 10:19:16.000000,2.609020e+07,1.818776e+07,1.239969e+02,1.410305e+06,8.847963e+01,,,,5
2018-04-26 10:19:17.000000,2.609018e+07,1.818849e+07,1.239972e+02,1.410305e+06,8.847962e+01,,,,5
2018-04-26 10:19:18.000000,2.609018e+07,1.818689e+07,1.239963e+02,1.410305e+06,8.847961e+01,,,,5
2018-04-26 10:19:19.000000,2.609018e+07,1.818684e+07,1.239963e+02,1.410305e+06,8.847961e+01,,,,5
2018-04-26 10:19:20.000000,2.609020e+07,1.818681e+07,1.239962e+02,1.410305e+06,8.847960e+01,,,,5
2018-04-26 10:19:21.000000,2.609020e+07,1.818652e+07,1.239960e+02,1.410305e+06,8.847959e+01,,,,5
2018-04-26 10:19:22.000000,2.609020e+07,1.818775e+07,1.239967e+02,1.410305e+06,8.847958e+01,,,,5
2018-04-26 10:19:23.000000,2.609018e+07,1.818745e+07,1.239967e+02,1.410305e+06,8.847957e+01,,,,5
2018-04-26 10:19:24.000000,2.609018e+07,1.818771e+07,1.239968e+02,1.410305e+06,8.847956e+01,,,,5
2018-04-26 10:19:25.000000,2.609018e+07,1.818736e+07,1.239966e+02,1.410305e+06,8.847956e+01,,,,5
2018-04-26 10:19:26.000000,2.609020e+07,1.818798e+07,1.239970e+02,1.410305e+06,8.847955e+01,,,,5
2018-04-26 10:19:27.000000,2.609020e+07,1.818769e+07,1.239969e+02,1.410305e+06,8.847954e+01,,,,5
2018-04-26 10:19:28.000000,2.609018e+07,1.818802e+07,1.239969e+02,1.410305e+06,8.847953e+01,,,,5
2018-04-26 10:19:29.000000,2.609019e+07,1.818685e+07,1.239963e+02,1.410305e+06,8.847952e+01,,,,5
2018-04-26 10:19:30.000000,2.609018e+07,1.818853e+07,1.239972e+02,1.410305e+06,8.847952e+01,,,,5
2018-04-26 10:19:31.000000,2.609020e+07,1.818665e+07,1.239961e+02,1.410305e+06,8.847951e+01,,,,5
2018-04-26 10:19:32.000000,2.609021e+07,1.818816e+07,1.239969e+02,1.410305e+06,8.847950e+01,,,,5
2018-04-26 10:19:33.000000,2.609020e+07,1.818684e+07,1.239962e+02,1.410305e+06,8.847949e+01,,,,5
2018-04-26 10:19:34.000000,2.609019e+07,1.818896e+07,1.239975e+02,1.410305e+06,8.847948e+01,,,,5
2018-04-26 10:19:35.000000,2.609018e+07,1.818783e+07,1.239968e+02,1.410305e+06,8.847948e+01,,,,5
2018-04-26 10:19:36.000000,2.609018e+07,1.818742e+07,1.239967e+02,1.410305e+06,8.847947e+01,,,,5
2018-04-26 10:19:37.000000,2.609021e+07,1.818801e+07,1.239971e+02,1.410305e+06,8.847946e+01,,,,5
2018-04-26 10:19:38.000000,2.609020e+07,1.818771e+07,1.239969e+02,1.410305e+06,8.847945e+01,,,,5
2018-04-26 10:19:39.000000,2.609021e+07,1.818898e+07,1.239976e+02,1.410305e+06,8.847944e+01,,,,5
2018-04-26 10:19:40.000000,2.609018e+07,1.818693e+07,1.239963e+02,1.410305e+06,8.847943e+01,,,,5
2018-04-26 10:19:41.000000,2.609019e+07,1.818800e+07,1.239969e+02,1.410304e+06,8.847943e+01,,,,5
2018-04-26 10:19:42.000000,2.609020e+07,1.818662e+07,1.239961e+02,1.410304e+06,8.847942e+01,,,,5
2018-04-26 10:19:43.000000,2.609020e+07,1.818760e+07,1.239966e+02,1.410304e+06,8.847941e+01,,,,5
2018-04-26 10:19:44.000000,2.609020e+07,1.818652e+07,1.239960e+02,1.410304e+06,8.847940e+01,,,,5
2018-04-26 10:19:45.000000,2.609018e+07,1.818839e+07,1.239972e+02,1.410304e+06,8.847939e+01,,,,5
2018-04-26 10:19:46.000000,2.609019e+07,1.818747e+07,1.239966e+02,1.410304e+06,8.847939e+01,,,,5
2018-04-26 10:19:47.000000,2.609019e+07,1.818744e+07,1.239967e+02,1.410304e+06,8.847938e+01,,,,5
2018-04-26 10:19:48.000000,2.609021e+07,1.818768e+07,1.239969e+02,1.410304e+06,8.847937e+01,,,,5
2018-04-26 10:19:49.000000,2.609020e+07,1.818776e+07,1.239969e+02,1.410304e+06,8.847936e+01,,,,5
2018-04-26 10:19:50.000000,2.609020e+07,1.818803e+07,1.239970e+02,1.410304e+06,8.847935e+01,,,,5
2018-04-26 10:19:51.000000,2.609019e+07,1.818695e+07,1.239964e+02,1.410304e+06,8.847934e+01,,,,5
2018-04-26 10:19:52.000000,2.609018e+07,1.818801e+07,1.239969e+02,1.410304e+06,8.847934e+01,,,,5
2018-04-26 10:19:53.000000,2.609019e+07,1.818675e+07,1.239962e+02,1.410304e+06,8.847933e+01,,,,5
2018-04-26 10:19:54.000000,2.609020e+07,1.818769e+07,1.239967e+02,1.410304e+06,8.847932e+01,,,,5
2018-04-26 10:19:55.000000,2.609020e+07,1.818649e+07,1.239960e+02,1.410304e+06,8.847931e+01,,,,5
2018-04-26 10:19:56.000000,2.609019e+07,1.818847e+07,1.239972e+02,1.410304e+06,8.847930e+01,,,,5
2018-04-26 10:19:57.000000,2.609019e+07,1.818749e+07,1.239967e+02,1.410304e+06,8.847930e+01,,,,5
2018-04-26 10:19:58.000000,2.609019e+07,1.818912e+07,1.239976e+02,1.410304e+06,8.847929e+01,,,,5
2018-04-26 10:19:59.000000,2.609020e+07,1.818785e+07,1.239970e+02,1.410304e+06,8.847928e+01,,,,5
2018-04-26 10:20:00.000000,2.609021e+07,1.818939e+07,1.239977e+02,1.410304e+06,8.847927e+01,,,,5
2018-04-26 10:20:01.000000,2.609021e+07,1.818810e+07,1.239971e+02,1.410304e+06,8.847926e+01,,,,5
2018-04-26 10:20:02.000000,2.609019e+07,1.818841e+07,1.239971e+02,1.410304e+06,8.847925e+01,,,,5
2018-04-26 10:20:03.000000,2.609019e+07,1.818720e+07,1.239964e+02,1.410304e+06,8.847925e+01,,,,5
2018-04-26 10:20:04.000000,2.609018e+07,1.818677e+07,1.239962e+02,1.410304e+06,8.847924e+01,,,,5
2018-04-26 10:20:05.000000,2.609021e+07,1.818681e+07,1.239962e+02,1.410304e+06,8.847923e+01,,,,5
2018-04-26 10:20:06.000000,2.609021e+07,1.818647e+07,1.239960e+02,1.410304e+06,8.847922e+01,,,,5
2018-04-26 10:20:07.000000,2.609021e+07,1.818769e+07,1.239966e+02,1.410304e+06,8.847921e+01,,,,5
2018-04-26 10:20:08.000000,2.609019e+07,1.818739e+07,1.239966e+02,1.410304e+06,8.847920e+01,,,,5
2018-04-26 10:20:09.000000,2.609018e+07,1.818857e+07,1.239973e+02,1.410304e+06,8.847920e+01,,,,5
2018-04-26 10:20:10.000000,2.609021e+07,1.818779e+07,1.239969e+02,1.410304e+06,8.847919e+01,,,,5
2018-04-26 10:20:11.000000,2.609021e+07,1.818940e+07,1.239978e+02,1.410304e+06,8.847918e+01,,,,5
2018-04-26 10:20:12.000000,2.609021e+07,1.818776e+07,1.239969e+02,1.410304e+06,8.847917e+01,,,,5
2018-04-26 10:20:13.000000,2.609019e+07,1.818851e+07,1.239972e+02,1.410304e+06,8.847916e+01,,,,5
2018-04-26 10:20:14.000000,2.609019e+07,1.818688e+07,1.239963e+02,1.410304e+06,8.847915e+01,,,,5
2018-04-26 10:20:15.000000,2.609019e+07,1.818685e+07,1.239963e+02,1.410304e+06,8.847915e+01,,,,5
2018-04-26 10:20:16.000000,2.609020e+07,1.818682e+07,1.239962e+02,1.410304e+06,8.847914e+01,,,,5
2018-04-26 10:20:17.000000,2.609021e+07,1.818653e+07,1.239960e+02,1.410304e+06,8.847913e+01,,,,5
2018-04-26 10:20:18.000000,2.609020e+07,1.818776e+07,1.239967e+02,1.410304e+06,8.847912e+01,,,,5
2018-04-26 10:20:19.000000,2.609019e+07,1.818746e+07,1.239967e+02,1.410304e+06,8.847911e+01,,,,5
2018-04-26 10:20:20.000000,2.609019e+07,1.818865e+07,1.239973e+02,1.410304e+06,8.847911e+01,,,,5
2018-04-26 10:20:21.000000,2.609019e+07,1.818740e+07,1.239966e+02,1.410304e+06,8.847910e+01,,,,5
2018-04-26 10:20:22.000000,2.609021e+07,1.818886e+07,1.239975e+02,1.410304e+06,8.847909e+01,,,,5
2018-04-26 10:20:23.000000,2.609020e+07,1.818776e+07,1.239969e+02,1.410304e+06,8.847908e+01,,,,5
2018-04-26 10:20:24.000000,2.609019e+07,1.818803e+07,1.239969e+02,1.410304e+06,8.847907e+01,,,,5
2018-04-26 10:20:25.000000,2.609019e+07,1.818689e+07,1.239963e+02,1.410304e+06,8.847906e+01,,,,5
2018-04-26 10:20:26.000000,2.609019e+07,1.818840e+07,1.239971e+02,1.410304e+06,8.847906e+01,,,,5
2018-04-26 10:20:27.000000,2.609021e+07,1.818666e+07,1.239961e+02,1.410304e+06,8.847905e+01,,,,5
2018-04-26 10:20:28.000000,2.609020e+07,1.818804e+07,1.239968e+02,1.410304e+06,8.847904e+01,,,,5
2018-04-26 10:20:29.000000,2.609021e+07,1.818685e+07,1.239962e+02,1.410304e+06,8.847903e+01,,,,5
2018-04-26 10:20:30.000000,2.609019e+07,1.818740e+07,1.239967e+02,1.410304e+06,8.847902e+01,,,,5
2018-04-26 10:20:31.000000,2.609019e+07,1.818772e+07,1.239968e+02,1.410304e+06,8.847901e+01,,,,5
2018-04-26 10:20:32.000000,2.609019e+07,1.818737e+07,1.239966e+02,1.410304e+06,8.847901e+01,,,,5
2018-04-26 10:20:33.000000,2.609020e+07,1.818798e+07,1.239970e+02,1.410304e+06,8.847900e+01,,,,5
2018-04-26 10:20:34.000000,2.609021e+07,1.818770e+07,1.239969e+02,1.410304e+06,8.847899e+01,,,,5
2018-04-26 10:20:35.000000,2.609019e+07,1.818803e+07,1.239969e+02,1.410304e+06,8.847898e+01,,,,5
2018-04-26 10:20:36.000000,2.609019e+07,1.818686e+07,1.239963e+02,1.410304e+06,8.847897e+01,,,,5
2018-04-26 10:20:37.000000,2.609019e+07,1.818853e+07,1.239972e+02,1.410304e+06,8.847896e+01,,,,5
2018-04-26 10:20:38.000000,2.609021e+07,1.818666e+07,1.239961e+02,1.410304e+06,8.847895e+01,,,,5
2018-04-26 10:20:39.000000,2.609021e+07,1.818816e+07,1.239968e+02,1.410304e+06,8.847895e+01,,,,5
2018-04-26 10:20:40.000000,2.609021e+07,1.818685e+07,1.239962e+02,1.410304e+06,8.847894e+01,,,,5
2018-04-26 10:20:41.000000,2.609019e+07,1.818896e+07,1.239975e+02,1.410304e+06,8.847893e+01,,,,5
2018-04-26 10:20:42.000000,2.609019e+07,1.818784e+07,1.239968e+02,1.410304e+06,8.847892e+01,,,,5
2018-04-26 10:20:43.000000,2.609019e+07,1.818744e+07,1.239967e+02,1.410304e+06,8.847891e+01,,,,5
2018-04-26 10:20:44.000000,2.609021e+07,1.818802e+07,1.239971e+02,1.410304e+06,8.847890e+01,,,,5
2018-04-26 10:20:45.000000,2.609021e+07,1.818771e+07,1.239969e+02,1.410304e+06,8.847890e+01,,,,5
2018-04-26 10:20:46.000000,2.609021e+07,1.818898e+07,1.239975e+02,1.410304e+06,8.847889e+01,,,,5
2018-04-26 10:20:47.000000,2.609019e+07,1.818695e+07,1.239963e+02,1.410304e+06,8.847888e+01,,,,5
2018-04-26 10:20:48.000000,2.609019e+07,1.818801e+07,1.239969e+02,1.410304e+06,8.847887e+01,,,,5
2018-04-26 10:20:49.000000,2.609021e+07,1.818664e+07,1.239961e+02,1.410304e+06,8.847886e+01,,,,5
2018-04-26 10:20:50.000000,2.609021e+07,1.818761e+07,1.239966e+02,1.410304e+06,8.847885e+01,,,,5
2018-04-26 10:20:51.000000,2.609021e+07,1.818652e+07,1.239960e+02,1.410304e+06,8.847885e+01,,,,5
2018-04-26 10:20:52.000000,2.609019e+07,1.818840e+07,1.239972e+02,1.410304e+06,8.847884e+01,,,,5
2018-04-26 10:20:53.000000,2.609019e+07,1.818749e+07,1.239967e+02,1.410304e+06,8.847883e+01,,,,5
2018-04-26 10:20:54.000000,2.609019e+07,1.818745e+07,1.239967e+02,1.410304e+06,8.847882e+01,,,,5
2018-04-26 10:20:55.000000,2.609021e+07,1.818769e+07,1.239969e+02,1.410304e+06,8.847881e+01,,,,5
2018-04-26 10:20:56.000000,2.609021e+07,1.818776e+07,1.239969e+02,1.410304e+06,8.847880e+01,,,,5
2018-04-26 10:20:57.000000,2.609021e+07,1.818804e+07,1.239970e+02,1.410304e+06,8.847880e+01,,,,5
2018-04-26 10:20:58.000000,2.609019e+07,1.818695e+07,1.239964e+02,1.410304e+06,8.847879e+01,,,,5
2018-04-26 10:20:59.000000,2.609019e+07,1.818801e+07,1.239969e+02,1.410304e+06,8.847878e+01,,,,5
2018-04-26 10:21:00.000000,2.609019e+07,1.818676e+07,1.239962e+02,1.410304e+06,8.847877e+01,,,,5
2018-04-26 10:21:01.000000,2.609021e+07,1.818769e+07,1.239967e+02,1.410304e+06,8.847876e+01,,,,5
2018-04-26 10:21:02.000000,2.609021e+07,1.818650e+07,1.239960e+02,1.410304e+06,8.847875e+01,,,,5
2018-04-26 10:21:03.000000,2.609019e+07,1.818845e+07,1.239972e+02,1.410304e+06,8.847874e+01,,,,5
2018-04-26 10:21:04.000000,2.609019e+07,1.818750e+07,1.239967e+02,1.410304e+06,8.847874e+01,,,,5
2018-04-26 10:21:05.000000,2.609019e+07,1.818913e+07,1.239976e+02,1.410304e+06,8.847873e+01,,,,5
2018-04-26 10:21:06.000000,2.609021e+07,1.818787e+07,1.239970e+02,1.410304e+06,8.847872e+01,,,,5
2018-04-26 10:21:07.000000,2.609021e+07,1.818939e+07,1.239977e+02,1.410304e+06,8.847871e+01,,,,5
2018-04-26 10:21:08.000000,2.609021e+07,1.818810e+07,1.239970e+02,1.410304e+06,8.847870e+01,,,,5
2018-04-26 10:21:09.000000,2.609019e+07,1.818842e+07,1.239971e+02,1.410304e+06,8.847869e+01,,,,5
2018-04-26 10:21:10.000000,2.609019e+07,1.818722e+07,1.239964e+02,1.410304e+06,8.847869e+01,,,,5
2018-04-26 10:21:11.000000,2.609019e+07,1.818678e+07,1.239962e+02,1.410304e+06,8.847868e+01,,,,5
2018-04-26 10:21:12.000000,2.609021e+07,1.818682e+07,1.239961e+02,1.410304e+06,8.847867e+01,,,,5
2018-04-26 10:21:13.000000,2.609021e+07,1.818648e+07,1.239960e+02,1.410304e+06,8.847866e+01,,,,5
2018-04-26 10:21:14.000000,2.609021e+07,1.818770e+07,1.239966e+02,1.410304e+06,8.847865e+01,,,,5
2018-04-26 10:21:15.000000,2.609019e+07,1.818739e+07,1.239966e+02,1.410304e+06,8.847864e+01,,,,5
2018-04-26 10:21:16.000000,2.609019e+07,1.818857e+07,1.239973e+02,1.410304e+06,8.847864e+01,,,,5
2018-04-26 10:21:17.000000,2.609021e+07,1.818779e+07,1.239969e+02,1.410304e+06,8.847863e+01,,,,5
2018-04-26 10:21:18.000000,2.609021e+07,1.818939e+07,1.239977e+02,1.410304e+06,8.847862e+01,,,,5
2018-04-26 10:21:19.000000,2.609021e+07,1.818777e+07,1.239968e+02,1.410304e+06,8.847861e+01,,,,5
2018-04-26 10:21:20.000000,2.609019e+07,1.818851e+07,1.239972e+02,1.410304e+06,8.847860e+01,,,,5
2018-04-26 10:21:21.000000,2.609019e+07,1.818689e+07,1.239963e+02,1.410304e+06,8.847859e+01,,,,5
2018-04-26 10:21:22.000000,2.609020e+07,1.818685e+07,1.239963e+02,1.410304e+06,8.847858e+01,,,,5
2018-04-26 10:21:23.000000,2.609021e+07,1.818682e+07,1.239961e+02,1.410304e+06,8.847858e+01,,,,5
2018-04-26 10:21:24.000000,2.609021e+07,1.818654e+07,1.239960e+02,1.410304e+06,8.847857e+01,,,,5
2018-04-26 10:21:25.000000,2.609021e+07,1.818777e+07,1.239967e+02,1.410304e+06,8.847856e+01,,,,5
2018-04-26 10:21:26.000000,2.609019e+07,1.818746e+07,1.239967e+02,1.410304e+06,8.847855e+01,,,,5
2018-04-26 10:21:27.000000,2.609020e+07,1.818863e+07,1.239973e+02,1.410304e+06,8.847854e+01,,,,5
2018-04-26 10:21:28.000000,2.609019e+07,1.818740e+07,1.239966e+02,1.410304e+06,8.847853e+01,,,,5
2018-04-26 10:21:29.000000,2.609021e+07,1.818887e+07,1.239974e+02,1.410304e+06,8.847852e+01,,,,5
2018-04-26 10:21:30.000000,2.609021e+07,1.818777e+07,1.239969e+02,1.410304e+06,8.847852e+01,,,,5
2018-04-26 10:21:31.000000,2.609019e+07,1.818803e+07,1.239969e+02,1.410304e+06,8.847851e+01,,,,5
2018-04-26 10:21:32.000000,2.609019e+07,1.818690e+07,1.239963e+02,1.410304e+06,8.847850e+01,,,,5
2018-04-26 10:21:33.000000,2.609019e+07,1.818841e+07,1.239971e+02,1.410304e+06,8.847849e+01,,,,5
2018-04-26 10:21:34.000000,2.609021e+07,1.818669e+07,1.239961e+02,1.410304e+06,8.847848e+01,,,,5
2018-04-26 10:21:35.000000,2.609021e+07,1.818804e+07,1.239967e+02,1.410304e+06,8.847847e+01,,,,5
2018-04-26 10:21:36.000000,2.609021e+07,1.818685e+07,1.239961e+02,1.410304e+06,8.847847e+01,,,,5
2018-04-26 10:21:37.000000,2.609019e+07,1.818739e+07,1.239966e+02,1.410304e+06,8.847846e+01,,,,5
2018-04-26 10:21:38.000000,2.609019e+07,1.818772e+07,1.239968e+02,1.410304e+06,8.847845e+01,,,,5
2018-04-26 10:21:39.000000,2.609019e+07,1.818738e+07,1.239966e+02,1.410304e+06,8.847844e+01,,,,5
2018-04-26 10:21:40.000000,2.609021e+07,1.818799e+07,1.239970e+02,1.410304e+06,8.847843e+01,,,,5
2018-04-26 10:21:41.000000,2.609022e+07,1.818771e+07,1.239969e+02,1.410304e+06,8.847842e+01,,,,5
2018-04-26 10:21:42.000000,2.609021e+07,1.818954e+07,1.239978e+02,1.410304e+06,8.847841e+01,,,,5
2018-04-26 10:21:43.000000,2.609020e+07,1.818697e+07,1.239963e+02,1.410304e+06,8.847841e+01,,,,5
2018-04-26 10:21:44.000000,2.609019e+07,1.818852e+07,1.239972e+02,1.410304e+06,8.847840e+01,,,,5
2018-04-26 10:21:45.000000,2.609021e+07,1.818666e+07,1.239960e+02,1.410304e+06,8.847839e+01,,,,5
2018-04-26 10:21:46.000000,2.609022e+07,1.818816e+07,1.239968e+02,1.410304e+06,8.847838e+01,,,,5
2018-04-26 10:21:47.000000,2.609021e+07,1.818688e+07,1.239961e+02,1.410304e+06,8.847837e+01,,,,5
2018-04-26 10:21:48.000000,2.609020e+07,1.818897e+07,1.239975e+02,1.410304e+06,8.847836e+01,,,,5
2018-04-26 10:21:49.000000,2.609019e+07,1.818784e+07,1.239968e+02,1.410304e+06,8.847835e+01,,,,5
2018-04-26 10:21:50.000000,2.609019e+07,1.818745e+07,1.239966e+02,1.410304e+06,8.847835e+01,,,,5
2018-04-26 10:21:51.000000,2.609021e+07,1.818802e+07,1.239970e+02,1.410304e+06,8.847834e+01,,,,5
2018-04-26 10:21:52.000000,2.609021e+07,1.818772e+07,1.239968e+02,1.410304e+06,8.847833e+01,,,,5
2018-04-26 10:21:53.000000,2.609021e+07,1.818898e+07,1.239975e+02,1.410304e+06,8.847832e+01,,,,5
2018-04-26 10:21:54.000000,2.609019e+07,1.818696e+07,1.239963e+02,1.410304e+06,8.847831e+01,,,,5
2018-04-26 10:21:55.000000,2.609020e+07,1.818801e+07,1.239969e+02,1.410304e+06,8.847830e+01,,,,5
2018-04-26 10:21:56.000000,2.609020e+07,1.818681e+07,1.239962e+02,1.410304e+06,8.847829e+01,,,,5
2018-04-26 10:21:57.000000,2.609021e+07,1.818763e+07,1.239966e+02,1.410304e+06,8.847829e+01,,,,5
2018-04-26 10:21:58.000000,2.609021e+07,1.818653e+07,1.239960e+02,1.410304e+06,8.847828e+01,,,,5
2018-04-26 10:21:59.000000,2.609019e+07,1.818841e+07,1.239971e+02,1.410304e+06,8.847827e+01,,,,5
2018-04-26 10:22:00.000000,2.609020e+07,1.818749e+07,1.239966e+02,1.410304e+06,8.847826e+01,,,,5
2018-04-26 10:22:01.000000,2.609019e+07,1.818746e+07,1.239967e+02,1.410304e+06,8.847825e+01,,,,5
2018-04-26 10:22:02.000000,2.609021e+07,1.818769e+07,1.239968e+02,1.410304e+06,8.847824e+01,,,,5
2018-04-26 10:22:03.000000,2.609021e+07,1.818777e+07,1.239969e+02,1.410304e+06,8.847823e+01,,,,5
2018-04-26 10:22:04.000000,2.609021e+07,1.818803e+07,1.239970e+02,1.410304e+06,8.847823e+01,,,,5
2018-04-26 10:22:05.000000,2.609020e+07,1.818696e+07,1.239964e+02,1.410303e+06,8.847822e+01,,,,5
2018-04-26 10:22:06.000000,2.609019e+07,1.818802e+07,1.239969e+02,1.410303e+06,8.847821e+01,,,,5
2018-04-26 10:22:07.000000,2.609020e+07,1.818677e+07,1.239962e+02,1.410303e+06,8.847820e+01,,,,5
2018-04-26 10:22:08.000000,2.609021e+07,1.818770e+07,1.239966e+02,1.410303e+06,8.847819e+01,,,,5
2018-04-26 10:22:09.000000,2.609021e+07,1.818651e+07,1.239959e+02,1.410303e+06,8.847818e+01,,,,5
2018-04-26 10:22:10.000000,2.609020e+07,1.818846e+07,1.239971e+02,1.410303e+06,8.847817e+01,,,,5
2018-04-26 10:22:11.000000,2.609019e+07,1.818752e+07,1.239967e+02,1.410303e+06,8.847816e+01,,,,5
2018-04-26 10:22:12.000000,2.609020e+07,1.818913e+07,1.239976e+02,1.410303e+06,8.847816e+01,,,,5
2018-04-26 10:22:13.000000,2.609021e+07,1.818788e+07,1.239969e+02,1.410303e+06,8.847815e+01,,,,5
2018-04-26 10:22:14.000000,2.609021e+07,1.818938e+07,1.239977e+02,1.410303e+06,8.847814e+01,,,,5
2018-04-26 10:22:15.000000,2.609022e+07,1.818811e+07,1.239970e+02,1.410303e+06,8.847813e+01,,,,5
2018-04-26 10:22:16.000000,2.609020e+07,1.818842e+07,1.239971e+02,1.410303e+06,8.847812e+01,,,,5
2018-04-26 10:22:17.000000,2.609020e+07,1.818722e+07,1.239964e+02,1.410303e+06,8.847811e+01,,,,5
2018-04-26 10:22:18.000000,2.609019e+07,1.818679e+07,1.239962e+02,1.410303e+06,8.847811e+01,,,,5
2018-04-26 10:22:19.000000,2.609022e+07,1.818683e+07,1.239961e+02,1.410303e+06,8.847810e+01,,,,5
2018-04-26 10:22:20.000000,2.609022e+07,1.818649e+07,1.239959e+02,1.410303e+06,8.847809e+01,,,,5
2018-04-26 10:22:21.000000,2.609021e+07,1.818769e+07,1.239966e+02,1.410303e+06,8.847808e+01,,,,5
2018-04-26 10:22:22.000000,2.609020e+07,1.818740e+07,1.239966e+02,1.410303e+06,8.847807e+01,,,,5
2018-04-26 10:22:23.000000,2.609019e+07,1.818858e+07,1.239972e+02,1.410303e+06,8.847806e+01,,,,5
2018-04-26 10:22:24.000000,2.609022e+07,1.818780e+07,1.239968e+02,1.410303e+06,8.847805e+01,,,,5
2018-04-26 10:22:25.000000,2.609021e+07,1.818939e+07,1.239977e+02,1.410303e+06,8.847804e+01,,,,5
2018-04-26 10:22:26.000000,2.609022e+07,1.818777e+07,1.239968e+02,1.410303e+06,8.847804e+01,,,,5
2018-04-26 10:22:27.000000,2.609019e+07,1.818851e+07,1.239972e+02,1.410303e+06,8.847803e+01,,,,5
2018-04-26 10:22:28.000000,2.609019e+07,1.818691e+07,1.239963e+02,1.410303e+06,8.847802e+01,,,,5
2018-04-26 10:22:29.000000,2.609020e+07,1.818686e+07,1.239962e+02,1.410303e+06,8.847801e+01,,,,5
2018-04-26 10:22:30.000000,2.609021e+07,1.818683e+07,1.239961e+02,1.410303e+06,8.847800e+01,,,,5
2018-04-26 10:22:31.000000,2.609022e+07,1.818654e+07,1.239960e+02,1.410303e+06,8.847799e+01,,,,5
2018-04-26 10:22:32.000000,2.609021e+07,1.818777e+07,1.239966e+02,1.410303e+06,8.847798e+01,,,,5
2018-04-26 10:22:33.000000,2.609020e+07,1.818747e+07,1.239966e+02,1.410303e+06,8.847797e+01,,,,5
2018-04-26 10:22:34.000000,2.609020e+07,1.818864e+07,1.239973e+02,1.410303e+06,8.847797e+01,,,,5
2018-04-26 10:22:35.000000,2.609020e+07,1.818742e+07,1.239966e+02,1.410303e+06,8.847796e+01,,,,5
2018-04-26 10:22:36.000000,2.609022e+07,1.818888e+07,1.239974e+02,1.410303e+06,8.847795e+01,,,,5
2018-04-26 10:22:37.000000,2.609021e+07,1.818778e+07,1.239968e+02,1.410303e+06,8.847794e+01,,,,5
2018-04-26 10:22:38.000000,2.609020e+07,1.818803e+07,1.239969e+02,1.410303e+06,8.847793e+01,,,,5
2018-04-26 10:22:39.000000,2.609020e+07,1.818690e+07,1.239963e+02,1.410303e+06,8.847792e+01,,,,5
2018-04-26 10:22:40.000000,2.609020e+07,1.818841e+07,1.239971e+02,1.410303e+06,8.847791e+01,,,,5
2018-04-26 10:22:41.000000,2.609022e+07,1.818669e+07,1.239960e+02,1.410303e+06,8.847790e+01,,,,5
2018-04-26 10:22:42.000000,2.609021e+07,1.818803e+07,1.239967e+02,1.410303e+06,8.847790e+01,,,,5
2018-04-26 10:22:43.000000,2.609022e+07,1.818686e+07,1.239961e+02,1.410303e+06,8.847789e+01,,,,5
2018-04-26 10:22:44.000000,2.609020e+07,1.818740e+07,1.239966e+02,1.410303e+06,8.847788e+01,,,,5
2018-04-26 10:22:45.000000,2.609020e+07,1.818773e+07,1.239968e+02,1.410303e+06,8.847787e+01,,,,5
2018-04-26 10:22:46.000000,2.609020e+07,1.818738e+07,1.239966e+02,1.410303e+06,8.847786e+01,,,,5
2018-04-26 10:22:47.000000,2.609021e+07,1.818799e+07,1.239970e+02,1.410303e+06,8.847785e+01,,,,5
2018-04-26 10:22:48.000000,2.609022e+07,1.818772e+07,1.239968e+02,1.410303e+06,8.847784e+01,,,,5
2018-04-26 10:22:49.000000,2.609022e+07,1.818954e+07,1.239978e+02,1.410303e+06,8.847784e+01,,,,5
2018-04-26 10:22:50.000000,2.609020e+07,1.818697e+07,1.239963e+02,1.410303e+06,8.847783e+01,,,,5
2018-04-26 10:22:51.000000,2.609020e+07,1.818853e+07,1.239972e+02,1.410303e+06,8.847782e+01,,,,5
2018-04-26 10:22:52.000000,2.609021e+07,1.818669e+07,1.239960e+02,1.410303e+06,8.847781e+01,,,,5
2018-04-26 10:22:53.000000,2.609022e+07,1.818816e+07,1.239968e+02,1.410303e+06,8.847780e+01,,,,5
2018-04-26 10:22:54.000000,2.609022e+07,1.818688e+07,1.239961e+02,1.410303e+06,8.847779e+01,,,,5
2018-04-26 10:22:55.000000,2.609020e+07,1.818895e+07,1.239974e+02,1.410303e+06,8.847778e+01,,,,5
2018-04-26 10:22:56.000000,2.609019e+07,1.818785e+07,1.239968e+02,1.410303e+06,8.847777e+01,,,,5
2018-04-26 10:22:57.000000,2.609020e+07,1.818745e+07,1.239966e+02,1.410303e+06,8.847777e+01,,,,5
2018-04-26 10:22:58.000000,2.609022e+07,1.818802e+07,1.239970e+02,1.410303e+06,8.847776e+01,,,,5
2018-04-26 10:22:59.000000,2.609022e+07,1.818772e+07,1.239968e+02,1.410303e+06,8.847775e+01,,,,5
2018-04-26 10:23:00.000000,2.609022e+07,1.818899e+07,1.239975e+02,1.410303e+06,8.847774e+01,,,,5
2018-04-26 10:23:01.000000,2.609019e+07,1.818697e+07,1.239963e+02,1.410303e+06,8.847773e+01,,,,5
2018-04-26 10:23:02.000000,2.609020e+07,1.818800e+07,1.239969e+02,1.410303e+06,8.847772e+01,,,,5
2018-04-26 10:23:03.000000,2.609020e+07,1.818681e+07,1.239962e+02,1.410303e+06,8.847771e+01,,,,5
2018-04-26 10:23:04.000000,2.609022e+07,1.818764e+07,1.239966e+02,1.410303e+06,8.847770e+01,,,,5
2018-04-26 10:23:05.000000,2.609022e+07,1.818654e+07,1.239959e+02,1.410303e+06,8.847770e+01,,,,5
2018-04-26 10:23:06.000000,2.609020e+07,1.818841e+07,1.239971e+02,1.410303e+06,8.847769e+01,,,,5
2018-04-26 10:23:07.000000,2.609020e+07,1.818750e+07,1.239966e+02,1.410303e+06,8.847768e+01,,,,5
2018-04-26 10:23:08.000000,2.609020e+07,1.818746e+07,1.239966e+02,1.410303e+06,8.847767e+01,,,,5
2018-04-26 10:23:09.000000,2.609022e+07,1.818769e+07,1.239968e+02,1.410303e+06,8.847766e+01,,,,5
2018-04-26 10:23:10.000000,2.609022e+07,1.818777e+07,1.239969e+02,1.410303e+06,8.847765e+01,,,,5
2018-04-26 10:23:11.000000,2.609021e+07,1.818804e+07,1.239970e+02,1.410303e+06,8.847764e+01,,,,5
2018-04-26 10:23:12.000000,2.609020e+07,1.818697e+07,1.239963e+02,1.410303e+06,8.847763e+01,,,,5
2018-04-26 10:23:13.000000,2.609020e+07,1.818802e+07,1.239969e+02,1.410303e+06,8.847763e+01,,,,5
2018-04-26 10:23:14.000000,2.609020e+07,1.818677e+07,1.239962e+02,1.410303e+06,8.847762e+01,,,,5
2018-04-26 10:23:15.000000,2.609022e+07,1.818770e+07,1.239966e+02,1.410303e+06,8.847761e+01,,,,5
2018-04-26 10:23:16.000000,2.609022e+07,1.818652e+07,1.239959e+02,1.410303e+06,8.847760e+01,,,,5
2018-04-26 10:23:17.000000,2.609022e+07,1.818830e+07,1.239969e+02,1.410303e+06,8.847759e+01,,,,5
2018-04-26 10:23:18.000000,2.609020e+07,1.818748e+07,1.239966e+02,1.410303e+06,8.847758e+01,,,,5
2018-04-26 10:23:19.000000,2.609020e+07,1.818913e+07,1.239975e+02,1.410303e+06,8.847757e+01,,,,5
2018-04-26 10:23:20.000000,2.609021e+07,1.818788e+07,1.239969e+02,1.410303e+06,8.847756e+01,,,,5
2018-04-26 10:23:21.000000,2.609022e+07,1.818938e+07,1.239977e+02,1.410303e+06,8.847756e+01,,,,5
2018-04-26 10:23:22.000000,2.609022e+07,1.818812e+07,1.239970e+02,1.410303e+06,8.847755e+01,,,,5
2018-04-26 10:23:23.000000,2.609020e+07,1.818843e+07,1.239971e+02,1.410303e+06,8.847754e+01,,,,5
2018-04-26 10:23:24.000000,2.609020e+07,1.818723e+07,1.239964e+02,1.410303e+06,8.847753e+01,,,,5
2018-04-26 10:23:25.000000,2.609020e+07,1.818680e+07,1.239962e+02,1.410303e+06,8.847752e+01,,,,5
2018-04-26 10:23:26.000000,2.609022e+07,1.818683e+07,1.239961e+02,1.410303e+06,8.847751e+01,,,,5
2018-04-26 10:23:27.000000,2.609022e+07,1.818650e+07,1.239959e+02,1.410303e+06,8.847750e+01,,,,5
2018-04-26 10:23:28.000000,2.609022e+07,1.818770e+07,1.239966e+02,1.410303e+06,8.847749e+01,,,,5
2018-04-26 10:23:29.000000,2.609020e+07,1.818742e+07,1.239966e+02,1.410303e+06,8.847748e+01,,,,5
2018-04-26 10:23:30.000000,2.609020e+07,1.818858e+07,1.239972e+02,1.410303e+06,8.847748e+01,,,,5
2018-04-26 10:23:31.000000,2.609020e+07,1.818741e+07,1.239966e+02,1.410303e+06,8.847747e+01,,,,5
2018-04-26 10:23:32.000000,2.609022e+07,1.818938e+07,1.239977e+02,1.410303e+06,8.847746e+01,,,,5
2018-04-26 10:23:33.000000,2.609022e+07,1.818780e+07,1.239968e+02,1.410303e+06,8.847745e+01,,,,5
2018-04-26 10:23:34.000000,2.609020e+07,1.818852e+07,1.239971e+02,1.410303e+06,8.847744e+01,,,,5
2018-04-26 10:23:35.000000,2.609020e+07,1.818692e+07,1.239963e+02,1.410303e+06,8.847743e+01,,,,5
2018-04-26 10:23:36.000000,2.609020e+07,1.818686e+07,1.239962e+02,1.410303e+06,8.847742e+01,,,,5
2018-04-26 10:23:37.000000,2.609022e+07,1.818683e+07,1.239961e+02,1.410303e+06,8.847741e+01,,,,5
2018-04-26 10:23:38.000000,2.609022e+07,1.818655e+07,1.239960e+02,1.410303e+06,8.847741e+01,,,,5
2018-04-26 10:23:39.000000,2.609022e+07,1.818776e+07,1.239966e+02,1.410303e+06,8.847740e+01,,,,5
2018-04-26 10:23:40.000000,2.609020e+07,1.818747e+07,1.239966e+02,1.410303e+06,8.847739e+01,,,,5
2018-04-26 10:23:41.000000,2.609020e+07,1.818865e+07,1.239973e+02,1.410303e+06,8.847738e+01,,,,5
2018-04-26 10:23:42.000000,2.609020e+07,1.818742e+07,1.239966e+02,1.410303e+06,8.847737e+01,,,,5
2018-04-26 10:23:43.000000,2.609022e+07,1.818887e+07,1.239974e+02,1.410303e+06,8.847736e+01,,,,5
2018-04-26 10:23:44.000000,2.609022e+07,1.818778e+07,1.239968e+02,1.410303e+06,8.847735e+01,,,,5
2018-04-26 10:23:45.000000,2.609020e+07,1.818803e+07,1.239968e+02,1.410303e+06,8.847734e+01,,,,5
2018-04-26 10:23:46.000000,2.609020e+07,1.818692e+07,1.239963e+02,1.410303e+06,8.847733e+01,,,,5
2018-04-26 10:23:47.000000,2.609020e+07,1.818842e+07,1.239970e+02,1.410303e+06,8.847733e+01,,,,5
2018-04-26 10:23:48.000000,2.609022e+07,1.818670e+07,1.239960e+02,1.410303e+06,8.847732e+01,,,,5
2018-04-26 10:23:49.000000,2.609022e+07,1.818803e+07,1.239967e+02,1.410303e+06,8.847731e+01,,,,5
2018-04-26 10:23:50.000000,2.609022e+07,1.818687e+07,1.239961e+02,1.410303e+06,8.847730e+01,,,,5
2018-04-26 10:23:51.000000,2.609020e+07,1.818740e+07,1.239966e+02,1.410303e+06,8.847729e+01,,,,5
2018-04-26 10:23:52.000000,2.609020e+07,1.818773e+07,1.239967e+02,1.410303e+06,8.847728e+01,,,,5
2018-04-26 10:23:53.000000,2.609020e+07,1.818740e+07,1.239966e+02,1.410303e+06,8.847727e+01,,,,5
2018-04-26 10:23:54.000000,2.609022e+07,1.818799e+07,1.239970e+02,1.410303e+06,8.847726e+01,,,,5
2018-04-26 10:23:55.000000,2.609022e+07,1.818773e+07,1.239968e+02,1.410303e+06,8.847726e+01,,,,5
2018-04-26 10:23:56.000000,2.609022e+07,1.818899e+07,1.239975e+02,1.410303e+06,8.847725e+01,,,,5
2018-04-26 10:23:57.000000,2.609020e+07,1.818696e+07,1.239963e+02,1.410303e+06,8.847724e+01,,,,5
2018-04-26 10:23:58.000000,2.609020e+07,1.818803e+07,1.239968e+02,1.410303e+06,8.847723e+01,,,,5
2018-04-26 10:23:59.000000,2.609022e+07,1.818666e+07,1.239960e+02,1.410303e+06,8.847722e+01,,,,5
2018-04-26 10:24:00.000000,2.609022e+07,1.818761e+07,1.239965e+02,1.410303e+06,8.847721e+01,,,,5
2018-04-26 10:24:01.000000,2.609022e+07,1.818654e+07,1.239959e+02,1.410303e+06,8.847720e+01,,,,5
2018-04-26 10:24:02.000000,2.609020e+07,1.818842e+07,1.239971e+02,1.410303e+06,8.847719e+01,,,,5
2018-04-26 10:24:03.000000,2.609021e+07,1.818751e+07,1.239966e+02,1.410303e+06,8.847718e+01,,,,5
2018-04-26 10:24:04.000000,2.609020e+07,1.818747e+07,1.239966e+02,1.410303e+06,8.847718e+01,,,,5
2018-04-26 10:24:05.000000,2.609022e+07,1.818770e+07,1.239968e+02,1.410303e+06,8.847717e+01,,,,5
2018-04-26 10:24:06.000000,2.609022e+07,1.818778e+07,1.239969e+02,1.410303e+06,8.847716e+01,,,,5
2018-04-26 10:24:07.000000,2.609022e+07,1.818804e+07,1.239970e+02,1.410303e+06,8.847715e+01,,,,5
2018-04-26 10:24:08.000000,2.609021e+07,1.818697e+07,1.239963e+02,1.410303e+06,8.847714e+01,,,,5
2018-04-26 10:24:09.000000,2.609020e+07,1.818803e+07,1.239968e+02,1.410303e+06,8.847713e+01,,,,5
2018-04-26 10:24:10.000000,2.609021e+07,1.818678e+07,1.239961e+02,1.410303e+06,8.847712e+01,,,,5
2018-04-26 10:24:11.000000,2.609022e+07,1.818771e+07,1.239966e+02,1.410303e+06,8.847711e+01,,,,5
2018-04-26 10:24:12.000000,2.609022e+07,1.818652e+07,1.239959e+02,1.410303e+06,8.847710e+01,,,,5
2018-04-26 10:24:13.000000,2.609021e+07,1.818847e+07,1.239971e+02,1.410303e+06,8.847709e+01,,,,5
2018-04-26 10:24:14.000000,2.609020e+07,1.818752e+07,1.239967e+02,1.410303e+06,8.847709e+01,,,,5
2018-04-26 10:24:15.000000,2.609021e+07,1.818914e+07,1.239975e+02,1.410303e+06,8.847708e+01,,,,5
2018-04-26 10:24:16.000000,2.609022e+07,1.818789e+07,1.239969e+02,1.410303e+06,8.847707e+01,,,,5
2018-04-26 10:24:17.000000,2.609022e+07,1.818939e+07,1.239977e+02,1.410303e+06,8.847706e+01,,,,5
2018-04-26 10:24:18.000000,2.609023e+07,1.818812e+07,1.239970e+02,1.410303e+06,8.847705e+01,,,,5
2018-04-26 10:24:19.000000,2.609020e+07,1.818843e+07,1.239970e+02,1.410303e+06,8.847704e+01,,,,5
2018-04-26 10:24:20.000000,2.609021e+07,1.818723e+07,1.239963e+02,1.410303e+06,8.847703e+01,,,,5
2018-04-26 10:24:21.000000,2.609020e+07,1.818679e+07,1.239962e+02,1.410303e+06,8.847702e+01,,,,5
2018-04-26 10:24:22.000000,2.609023e+07,1.818684e+07,1.239961e+02,1.410303e+06,8.847701e+01,,,,5
2018-04-26 10:24:23.000000,2.609022e+07,1.818650e+07,1.239959e+02,1.410303e+06,8.847701e+01,,,,5
2018-04-26 10:24:24.000000,2.609022e+07,1.818771e+07,1.239966e+02,1.410303e+06,8.847700e+01,,,,5
2018-04-26 10:24:25.000000,2.609020e+07,1.818741e+07,1.239966e+02,1.410303e+06,8.847699e+01,,,,5
2018-04-26 10:24:26.000000,2.609020e+07,1.818859e+07,1.239972e+02,1.410303e+06,8.847698e+01,,,,5
2018-04-26 10:24:27.000000,2.609023e+07,1.818781e+07,1.239968e+02,1.410303e+06,8.847697e+01,,,,5
2018-04-26 10:24:28.000000,2.609022e+07,1.818941e+07,1.239977e+02,1.410303e+06,8.847696e+01,,,,5
2018-04-26 10:24:29.000000,2.609023e+07,1.818779e+07,1.239968e+02,1.410303e+06,8.847695e+01,,,,5
2018-04-26 10:24:30.000000,2.609020e+07,1.818853e+07,1.239971e+02,1.410303e+06,8.847694e+01,,,,5
2018-04-26 10:24:31.000000,2.609020e+07,1.818691e+07,1.239962e+02,1.410303e+06,8.847693e+01,,,,5
2018-04-26 10:24:32.000000,2.609021e+07,1.818687e+07,1.239962e+02,1.410303e+06,8.847693e+01,,,,5
2018-04-26 10:24:33.000000,2.609022e+07,1.818684e+07,1.239961e+02,1.410303e+06,8.847692e+01,,,,5
2018-04-26 10:24:34.000000,2.609023e+07,1.818656e+07,1.239960e+02,1.410303e+06,8.847691e+01,,,,5
2018-04-26 10:24:35.000000,2.609022e+07,1.818778e+07,1.239966e+02,1.410303e+06,8.847690e+01,,,,5
2018-04-26 10:24:36.000000,2.609020e+07,1.818748e+07,1.239966e+02,1.410303e+06,8.847689e+01,,,,5
2018-04-26 10:24:37.000000,2.609021e+07,1.818865e+07,1.239973e+02,1.410303e+06,8.847688e+01,,,,5
2018-04-26 10:24:38.000000,2.609020e+07,1.818742e+07,1.239966e+02,1.410303e+06,8.847687e+01,,,,5
2018-04-26 10:24:39.000000,2.609023e+07,1.818889e+07,1.239974e+02,1.410302e+06,8.847686e+01,,,,5
2018-04-26 10:24:40.000000,2.609022e+07,1.818779e+07,1.239968e+02,1.410302e+06,8.847685e+01,,,,5
2018-04-26 10:24:41.000000,2.609021e+07,1.818805e+07,1.239968e+02,1.410302e+06,8.847684e+01,,,,5
2018-04-26 10:24:42.000000,2.609021e+07,1.818691e+07,1.239962e+02,1.410302e+06,8.847684e+01,,,,5
2018-04-26 10:24:43.000000,2.609021e+07,1.818843e+07,1.239970e+02,1.410302e+06,8.847683e+01,,,,5
2018-04-26 10:24:44.000000,2.609023e+07,1.818670e+07,1.239960e+02,1.410302e+06,8.847682e+01,,,,5
2018-04-26 10:24:45.000000,2.609022e+07,1.818806e+07,1.239967e+02,1.410302e+06,8.847681e+01,,,,5
2018-04-26 10:24:46.000000,2.609023e+07,1.818687e+07,1.239961e+02,1.410302e+06,8.847680e+01,,,,5
2018-04-26 10:24:47.000000,2.609021e+07,1.818741e+07,1.239966e+02,1.410302e+06,8.847679e+01,,,,5
2018-04-26 10:24:48.000000,2.609021e+07,1.818774e+07,1.239967e+02,1.410302e+06,8.847678e+01,,,,5
2018-04-26 10:24:49.000000,2.609021e+07,1.818739e+07,1.239966e+02,1.410302e+06,8.847677e+01,,,,5
2018-04-26 10:24:50.000000,2.609022e+07,1.818800e+07,1.239970e+02,1.410302e+06,8.847676e+01,,,,5
2018-04-26 10:24:51.000000,2.609023e+07,1.818773e+07,1.239968e+02,1.410302e+06,8.847676e+01,,,,5
2018-04-26 10:24:52.000000,2.609022e+07,1.818955e+07,1.239978e+02,1.410302e+06,8.847675e+01,,,,5
2018-04-26 10:24:53.000000,2.609021e+07,1.818698e+07,1.239962e+02,1.410302e+06,8.847674e+01,,,,5
2018-04-26 10:24:54.000000,2.609020e+07,1.818854e+07,1.239971e+02,1.410302e+06,8.847673e+01,,,,5
2018-04-26 10:24:55.000000,2.609022e+07,1.818668e+07,1.239960e+02,1.410302e+06,8.847672e+01,,,,5
2018-04-26 10:24:56.000000,2.609023e+07,1.818818e+07,1.239968e+02,1.410302e+06,8.847671e+01,,,,5
2018-04-26 10:24:57.000000,2.609022e+07,1.818689e+07,1.239961e+02,1.410302e+06,8.847670e+01,,,,5
2018-04-26 10:24:58.000000,2.609021e+07,1.818899e+07,1.239974e+02,1.410302e+06,8.847669e+01,,,,5
2018-04-26 10:24:59.000000,2.609020e+07,1.818786e+07,1.239968e+02,1.410302e+06,8.847668e+01,,,,5
2018-04-26 10:25:00.000000,2.609021e+07,1.818746e+07,1.239966e+02,1.410302e+06,8.847668e+01,,,,5
2018-04-26 10:25:01.000000,2.609023e+07,1.818803e+07,1.239970e+02,1.410302e+06,8.847667e+01,,,,5
2018-04-26 10:25:02.000000,2.609022e+07,1.818774e+07,1.239968e+02,1.410302e+06,8.847666e+01,,,,5
2018-04-26 10:25:03.000000,2.609023e+07,1.818900e+07,1.239975e+02,1.410302e+06,8.847665e+01,,,,5
2018-04-26 10:25:04.000000,2.609020e+07,1.818698e+07,1.239962e+02,1.410302e+06,8.847664e+01,,,,5
2018-04-26 10:25:05.000000,2.609021e+07,1.818803e+07,1.239968e+02,1.410302e+06,8.847663e+01,,,,5
2018-04-26 10:25:06.000000,2.609021e+07,1.818682e+07,1.239962e+02,1.410302e+06,8.847662e+01,,,,5
2018-04-26 10:25:07.000000,2.609023e+07,1.818765e+07,1.239965e+02,1.410302e+06,8.847661e+01,,,,5
2018-04-26 10:25:08.000000,2.609023e+07,1.818656e+07,1.239959e+02,1.410302e+06,8.847660e+01,,,,5
2018-04-26 10:25:09.000000,2.609020e+07,1.818842e+07,1.239971e+02,1.410302e+06,8.847659e+01,,,,5
2018-04-26 10:25:10.000000,2.609021e+07,1.818751e+07,1.239966e+02,1.410302e+06,8.847658e+01,,,,5
2018-04-26 10:25:11.000000,2.609021e+07,1.818747e+07,1.239966e+02,1.410302e+06,8.847658e+01,,,,5
2018-04-26 10:25:12.000000,2.609023e+07,1.818771e+07,1.239968e+02,1.410302e+06,8.847657e+01,,,,5
2018-04-26 10:25:13.000000,2.609022e+07,1.818779e+07,1.239968e+02,1.410302e+06,8.847656e+01,,,,5
2018-04-26 10:25:14.000000,2.609022e+07,1.818805e+07,1.239970e+02,1.410302e+06,8.847655e+01,,,,5
2018-04-26 10:25:15.000000,2.609021e+07,1.818697e+07,1.239963e+02,1.410302e+06,8.847654e+01,,,,5
2018-04-26 10:25:16.000000,2.609021e+07,1.818803e+07,1.239968e+02,1.410302e+06,8.847653e+01,,,,5
2018-04-26 10:25:17.000000,2.609021e+07,1.818679e+07,1.239961e+02,1.410302e+06,8.847652e+01,,,,5
2018-04-26 10:25:18.000000,2.609022e+07,1.818772e+07,1.239966e+02,1.410302e+06,8.847651e+01,,,,5
2018-04-26 10:25:19.000000,2.609022e+07,1.818652e+07,1.239959e+02,1.410302e+06,8.847650e+01,,,,5
2018-04-26 10:25:20.000000,2.609023e+07,1.818831e+07,1.239969e+02,1.410302e+06,8.847650e+01,,,,5
2018-04-26 10:25:21.000000,2.609021e+07,1.818749e+07,1.239965e+02,1.410302e+06,8.847649e+01,,,,5
2018-04-26 10:25:22.000000,2.609021e+07,1.818915e+07,1.239975e+02,1.410302e+06,8.847648e+01,,,,5
2018-04-26 10:25:23.000000,2.609022e+07,1.818789e+07,1.239969e+02,1.410302e+06,8.847647e+01,,,,5
2018-04-26 10:25:24.000000,2.609023e+07,1.818940e+07,1.239977e+02,1.410302e+06,8.847646e+01,,,,5
2018-04-26 10:25:25.000000,2.609023e+07,1.818814e+07,1.239970e+02,1.410302e+06,8.847645e+01,,,,5
2018-04-26 10:25:26.000000,2.609021e+07,1.818844e+07,1.239970e+02,1.410302e+06,8.847644e+01,,,,5
2018-04-26 10:25:27.000000,2.609021e+07,1.818724e+07,1.239963e+02,1.410302e+06,8.847643e+01,,,,5
2018-04-26 10:25:28.000000,2.609020e+07,1.818681e+07,1.239961e+02,1.410302e+06,8.847642e+01,,,,5
2018-04-26 10:25:29.000000,2.609023e+07,1.818684e+07,1.239961e+02,1.410302e+06,8.847641e+01,,,,5
2018-04-26 10:25:30.000000,2.609023e+07,1.818651e+07,1.239959e+02,1.410302e+06,8.847640e+01,,,,5
2018-04-26 10:25:31.000000,2.609023e+07,1.818771e+07,1.239965e+02,1.410302e+06,8.847640e+01,,,,5
2018-04-26 10:25:32.000000,2.609021e+07,1.818742e+07,1.239965e+02,1.410302e+06,8.847639e+01,,,,5
2018-04-26 10:25:33.000000,2.609021e+07,1.818859e+07,1.239972e+02,1.410302e+06,8.847638e+01,,,,5
2018-04-26 10:25:34.000000,2.609023e+07,1.818782e+07,1.239968e+02,1.410302e+06,8.847637e+01,,,,5
2018-04-26 10:25:35.000000,2.609023e+07,1.818940e+07,1.239977e+02,1.410302e+06,8.847636e+01,,,,5
2018-04-26 10:25:36.000000,2.609023e+07,1.818779e+07,1.239968e+02,1.410302e+06,8.847635e+01,,,,5
2018-04-26 10:25:37.000000,2.609021e+07,1.818853e+07,1.239971e+02,1.410302e+06,8.847634e+01,,,,5
2018-04-26 10:25:38.000000,2.609021e+07,1.818693e+07,1.239962e+02,1.410302e+06,8.847633e+01,,,,5
2018-04-26 10:25:39.000000,2.609021e+07,1.818688e+07,1.239962e+02,1.410302e+06,8.847632e+01,,,,5
2018-04-26 10:25:40.000000,2.609023e+07,1.818685e+07,1.239961e+02,1.410302e+06,8.847631e+01,,,,5
2018-04-26 10:25:41.000000,2.609023e+07,1.818656e+07,1.239959e+02,1.410302e+06,8.847630e+01,,,,5
2018-04-26 10:25:42.000000,2.609022e+07,1.818777e+07,1.239966e+02,1.410302e+06,8.847630e+01,,,,5
2018-04-26 10:25:43.000000,2.609021e+07,1.818748e+07,1.239966e+02,1.410302e+06,8.847629e+01,,,,5
2018-04-26 10:25:44.000000,2.609021e+07,1.818866e+07,1.239972e+02,1.410302e+06,8.847628e+01,,,,5
2018-04-26 10:25:45.000000,2.609021e+07,1.818744e+07,1.239965e+02,1.410302e+06,8.847627e+01,,,,5
2018-04-26 10:25:46.000000,2.609023e+07,1.818889e+07,1.239974e+02,1.410302e+06,8.847626e+01,,,,5
2018-04-26 10:25:47.000000,2.609022e+07,1.818779e+07,1.239968e+02,1.410302e+06,8.847625e+01,,,,5
2018-04-26 10:25:48.000000,2.609021e+07,1.818804e+07,1.239968e+02,1.410302e+06,8.847624e+01,,,,5
2018-04-26 10:25:49.000000,2.609021e+07,1.818692e+07,1.239962e+02,1.410302e+06,8.847623e+01,,,,5
2018-04-26 10:25:50.000000,2.609021e+07,1.818843e+07,1.239970e+02,1.410302e+06,8.847622e+01,,,,5
2018-04-26 10:25:51.000000,2.609023e+07,1.818671e+07,1.239960e+02,1.410302e+06,8.847621e+01,,,,5
2018-04-26 10:25:52.000000,2.609022e+07,1.818804e+07,1.239967e+02,1.410302e+06,8.847620e+01,,,,5
2018-04-26 10:25:53.000000,2.609023e+07,1.818687e+07,1.239961e+02,1.410302e+06,8.847620e+01,,,,5
2018-04-26 10:25:54.000000,2.609021e+07,1.818741e+07,1.239966e+02,1.410302e+06,8.847619e+01,,,,5
2018-04-26 10:25:55.000000,2.609021e+07,1.818774e+07,1.239967e+02,1.410302e+06,8.847618e+01,,,,5
2018-04-26 10:25:56.000000,2.609021e+07,1.818740e+07,1.239965e+02,1.410302e+06,8.847617e+01,,,,5
2018-04-26 10:25:57.000000,2.609023e+07,1.818801e+07,1.239969e+02,1.410302e+06,8.847616e+01,,,,5
2018-04-26 10:25:58.000000,2.609023e+07,1.818774e+07,1.239968e+02,1.410302e+06,8.847615e+01,,,,5
2018-04-26 10:25:59.000000,2.609023e+07,1.818954e+07,1.239978e+02,1.410302e+06,8.847614e+01,,,,5
2018-04-26 10:26:00.000000,2.609021e+07,1.818699e+07,1.239962e+02,1.410302e+06,8.847613e+01,,,,5
2018-04-26 10:26:01.000000,2.609021e+07,1.818854e+07,1.239971e+02,1.410302e+06,8.847612e+01,,,,5
2018-04-26 10:26:02.000000,2.609023e+07,1.818670e+07,1.239960e+02,1.410302e+06,8.847611e+01,,,,5
2018-04-26 10:26:03.000000,2.609023e+07,1.818818e+07,1.239968e+02,1.410302e+06,8.847610e+01,,,,5
2018-04-26 10:26:04.000000,2.609023e+07,1.818690e+07,1.239961e+02,1.410302e+06,8.847610e+01,,,,5
2018-04-26 10:26:05.000000,2.609021e+07,1.818897e+07,1.239974e+02,1.410302e+06,8.847609e+01,,,,5
2018-04-26 10:26:06.000000,2.609021e+07,1.818786e+07,1.239968e+02,1.410302e+06,8.847608e+01,,,,5
2018-04-26 10:26:07.000000,2.609021e+07,1.818747e+07,1.239966e+02,1.410302e+06,8.847607e+01,,,,5
2018-04-26 10:26:08.000000,2.609023e+07,1.818804e+07,1.239970e+02,1.410302e+06,8.847606e+01,,,,5
2018-04-26 10:26:09.000000,2.609023e+07,1.818774e+07,1.239968e+02,1.410302e+06,8.847605e+01,,,,5
2018-04-26 10:26:10.000000,2.609023e+07,1.818900e+07,1.239975e+02,1.410302e+06,8.847604e+01,,,,5
2018-04-26 10:26:11.000000,2.609021e+07,1.818698e+07,1.239962e+02,1.410302e+06,8.847603e+01,,,,5
2018-04-26 10:26:12.000000,2.609021e+07,1.818802e+07,1.239968e+02,1.410302e+06,8.847602e+01,,,,5
2018-04-26 10:26:13.000000,2.609021e+07,1.818683e+07,1.239961e+02,1.410302e+06,8.847601e+01,,,,5
2018-04-26 10:26:14.000000,2.609023e+07,1.818765e+07,1.239965e+02,1.410302e+06,8.847600e+01,,,,5
2018-04-26 10:26:15.000000,2.609023e+07,1.818656e+07,1.239959e+02,1.410302e+06,8.847600e+01,,,,5
2018-04-26 10:26:16.000000,2.609021e+07,1.818841e+07,1.239971e+02,1.410302e+06,8.847599e+01,,,,5
2018-04-26 10:26:17.000000,2.609021e+07,1.818752e+07,1.239966e+02,1.410302e+06,8.847598e+01,,,,5
2018-04-26 10:26:18.000000,2.609021e+07,1.818748e+07,1.239966e+02,1.410302e+06,8.847597e+01,,,,5
2018-04-26 10:26:19.000000,2.609023e+07,1.818770e+07,1.239968e+02,1.410302e+06,8.847596e+01,,,,5
2018-04-26 10:26:20.000000,2.609023e+07,1.818779e+07,1.239968e+02,1.410302e+06,8.847595e+01,,,,5
2018-04-26 10:26:21.000000,2.609023e+07,1.818805e+07,1.239969e+02,1.410302e+06,8.847594e+01,,,,5
2018-04-26 10:26:22.000000,2.609021e+07,1.818699e+07,1.239963e+02,1.410302e+06,8.847593e+01,,,,5
2018-04-26 10:26:23.000000,2.609021e+07,1.818804e+07,1.239968e+02,1.410302e+06,8.847592e+01,,,,5
2018-04-26 10:26:24.000000,2.609021e+07,1.818679e+07,1.239961e+02,1.410302e+06,8.847591e+01,,,,5
2018-04-26 10:26:25.000000,2.609023e+07,1.818772e+07,1.239966e+02,1.410302e+06,8.847590e+01,,,,5
2018-04-26 10:26:26.000000,2.609023e+07,1.818654e+07,1.239959e+02,1.410302e+06,8.847590e+01,,,,5
2018-04-26 10:26:27.000000,2.609023e+07,1.818832e+07,1.239969e+02,1.410302e+06,8.847589e+01,,,,5
2018-04-26 10:26:28.000000,2.609021e+07,1.818750e+07,1.239965e+02,1.410302e+06,8.847588e+01,,,,5
2018-04-26 10:26:29.000000,2.609021e+07,1.818914e+07,1.239975e+02,1.410302e+06,8.847587e+01,,,,5
2018-04-26 10:26:30.000000,2.609023e+07,1.818790e+07,1.239969e+02,1.410302e+06,8.847586e+01,,,,5
2018-04-26 10:26:31.000000,2.609023e+07,1.818940e+07,1.239976e+02,1.410302e+06,8.847585e+01,,,,5
2018-04-26 10:26:32.000000,2.609023e+07,1.818814e+07,1.239970e+02,1.410302e+06,8.847584e+01,,,,5
2018-04-26 10:26:33.000000,2.609021e+07,1.818844e+07,1.239970e+02,1.410302e+06,8.847583e+01,,,,5
2018-04-26 10:26:34.000000,2.609021e+07,1.818724e+07,1.239963e+02,1.410302e+06,8.847582e+01,,,,5
2018-04-26 10:26:35.000000,2.609021e+07,1.818681e+07,1.239961e+02,1.410302e+06,8.847581e+01,,,,5
2018-04-26 10:26:36.000000,2.609023e+07,1.818685e+07,1.239961e+02,1.410302e+06,8.847580e+01,,,,5
2018-04-26 10:26:37.000000,2.609023e+07,1.818651e+07,1.239959e+02,1.410302e+06,8.847580e+01,,,,5
2018-04-26 10:26:38.000000,2.609023e+07,1.818771e+07,1.239965e+02,1.410302e+06,8.847579e+01,,,,5
2018-04-26 10:26:39.000000,2.609021e+07,1.818743e+07,1.239965e+02,1.410302e+06,8.847578e+01,,,,5
2018-04-26 10:26:40.000000,2.609021e+07,1.818860e+07,1.239972e+02,1.410302e+06,8.847577e+01,,,,5
2018-04-26 10:26:41.000000,2.609021e+07,1.818743e+07,1.239965e+02,1.410302e+06,8.847576e+01,,,,5
2018-04-26 10:26:42.000000,2.609023e+07,1.818940e+07,1.239976e+02,1.410302e+06,8.847575e+01,,,,5
2018-04-26 10:26:43.000000,2.609023e+07,1.818781e+07,1.239968e+02,1.410302e+06,8.847574e+01,,,,5
2018-04-26 10:26:44.000000,2.609021e+07,1.818853e+07,1.239971e+02,1.410302e+06,8.847573e+01,,,,5
2018-04-26 10:26:45.000000,2.609021e+07,1.818693e+07,1.239962e+02,1.410302e+06,8.847572e+01,,,,5
2018-04-26 10:26:46.000000,2.609022e+07,1.818688e+07,1.239962e+02,1.410302e+06,8.847571e+01,,,,5
2018-04-26 10:26:47.000000,2.609023e+07,1.818685e+07,1.239961e+02,1.410302e+06,8.847570e+01,,,,5
2018-04-26 10:26:48.000000,2.609023e+07,1.818656e+07,1.239959e+02,1.410302e+06,8.847569e+01,,,,5
2018-04-26 10:26:49.000000,2.609023e+07,1.818777e+07,1.239966e+02,1.410302e+06,8.847569e+01,,,,5
2018-04-26 10:26:50.000000,2.609021e+07,1.818749e+07,1.239966e+02,1.410302e+06,8.847568e+01,,,,5
2018-04-26 10:26:51.000000,2.609021e+07,1.818866e+07,1.239972e+02,1.410302e+06,8.847567e+01,,,,5
2018-04-26 10:26:52.000000,2.609021e+07,1.818744e+07,1.239965e+02,1.410302e+06,8.847566e+01,,,,5
2018-04-26 10:26:53.000000,2.609023e+07,1.818889e+07,1.239973e+02,1.410302e+06,8.847565e+01,,,,5
2018-04-26 10:26:54.000000,2.609023e+07,1.818780e+07,1.239968e+02,1.410302e+06,8.847564e+01,,,,5
2018-04-26 10:26:55.000000,2.609023e+07,1.818953e+07,1.239977e+02,1.410302e+06,8.847563e+01,,,,5
2018-04-26 10:26:56.000000,2.609021e+07,1.818703e+07,1.239962e+02,1.410302e+06,8.847562e+01,,,,5
2018-04-26 10:26:57.000000,2.609021e+07,1.818843e+07,1.239970e+02,1.410302e+06,8.847561e+01,,,,5
2018-04-26 10:26:58.000000,2.609023e+07,1.818671e+07,1.239960e+02,1.410302e+06,8.847560e+01,,,,5
2018-04-26 10:26:59.000000,2.609023e+07,1.818805e+07,1.239967e+02,1.410302e+06,8.847559e+01,,,,5
2018-04-26 10:27:00.000000,2.609023e+07,1.818689e+07,1.239961e+02,1.410302e+06,8.847559e+01,,,,5
2018-04-26 10:27:01.000000,2.609021e+07,1.818742e+07,1.239966e+02,1.410302e+06,8.847558e+01,,,,5
2018-04-26 10:27:02.000000,2.609021e+07,1.818775e+07,1.239967e+02,1.410302e+06,8.847557e+01,,,,5
2018-04-26 10:27:03.000000,2.609021e+07,1.818741e+07,1.239965e+02,1.410302e+06,8.847556e+01,,,,5
2018-04-26 10:27:04.000000,2.609023e+07,1.818801e+07,1.239969e+02,1.410302e+06,8.847555e+01,,,,5
2018-04-26 10:27:05.000000,2.609023e+07,1.818774e+07,1.239968e+02,1.410302e+06,8.847554e+01,,,,5
2018-04-26 10:27:06.000000,2.609023e+07,1.818954e+07,1.239977e+02,1.410302e+06,8.847553e+01,,,,5
2018-04-26 10:27:07.000000,2.609022e+07,1.818701e+07,1.239962e+02,1.410302e+06,8.847552e+01,,,,5
2018-04-26 10:27:08.000000,2.609021e+07,1.818854e+07,1.239971e+02,1.410302e+06,8.847551e+01,,,,5
2018-04-26 10:27:09.000000,2.609023e+07,1.818671e+07,1.239960e+02,1.410302e+06,8.847550e+01,,,,5
2018-04-26 10:27:10.000000,2.609023e+07,1.818817e+07,1.239967e+02,1.410302e+06,8.847549e+01,,,,5
2018-04-26 10:27:11.000000,2.609023e+07,1.818690e+07,1.239960e+02,1.410302e+06,8.847548e+01,,,,5
2018-04-26 10:27:12.000000,2.609022e+07,1.818897e+07,1.239973e+02,1.410302e+06,8.847547e+01,,,,5
2018-04-26 10:27:13.000000,2.609021e+07,1.818788e+07,1.239968e+02,1.410302e+06,8.847547e+01,,,,5
2018-04-26 10:27:14.000000,2.609021e+07,1.818747e+07,1.239966e+02,1.410302e+06,8.847546e+01,,,,5
2018-04-26 10:27:15.000000,2.609023e+07,1.818804e+07,1.239969e+02,1.410302e+06,8.847545e+01,,,,5
2018-04-26 10:27:16.000000,2.609023e+07,1.818774e+07,1.239968e+02,1.410302e+06,8.847544e+01,,,,5
2018-04-26 10:27:17.000000,2.609023e+07,1.818899e+07,1.239974e+02,1.410302e+06,8.847543e+01,,,,5
2018-04-26 10:27:18.000000,2.609021e+07,1.818700e+07,1.239962e+02,1.410302e+06,8.847542e+01,,,,5
2018-04-26 10:27:19.000000,2.609021e+07,1.818802e+07,1.239968e+02,1.410302e+06,8.847541e+01,,,,5
2018-04-26 10:27:20.000000,2.609022e+07,1.818684e+07,1.239961e+02,1.410302e+06,8.847540e+01,,,,5
2018-04-26 10:27:21.000000,2.609023e+07,1.818766e+07,1.239965e+02,1.410301e+06,8.847539e+01,,,,5
2018-04-26 10:27:22.000000,2.609023e+07,1.818656e+07,1.239959e+02,1.410301e+06,8.847538e+01,,,,5
2018-04-26 10:27:23.000000,2.609021e+07,1.818841e+07,1.239971e+02,1.410301e+06,8.847537e+01,,,,5
2018-04-26 10:27:24.000000,2.609022e+07,1.818753e+07,1.239966e+02,1.410301e+06,8.847537e+01,,,,5
2018-04-26 10:27:25.000000,2.609021e+07,1.818748e+07,1.239966e+02,1.410301e+06,8.847536e+01,,,,5
2018-04-26 10:27:26.000000,2.609023e+07,1.818771e+07,1.239968e+02,1.410301e+06,8.847535e+01,,,,5
2018-04-26 10:27:27.000000,2.609023e+07,1.818779e+07,1.239968e+02,1.410301e+06,8.847534e+01,,,,5
2018-04-26 10:27:28.000000,2.609023e+07,1.818806e+07,1.239969e+02,1.410301e+06,8.847533e+01,,,,5
2018-04-26 10:27:29.000000,2.609022e+07,1.818699e+07,1.239963e+02,1.410301e+06,8.847532e+01,,,,5
2018-04-26 10:27:30.000000,2.609021e+07,1.818802e+07,1.239968e+02,1.410301e+06,8.847531e+01,,,,5
2018-04-26 10:27:31.000000,2.609022e+07,1.818679e+07,1.239961e+02,1.410301e+06,8.847530e+01,,,,5
2018-04-26 10:27:32.000000,2.609023e+07,1.818772e+07,1.239966e+02,1.410301e+06,8.847529e+01,,,,5
2018-04-26 10:27:33.000000,2.609023e+07,1.818654e+07,1.239959e+02,1.410301e+06,8.847528e+01,,,,5
2018-04-26 10:27:34.000000,2.609024e+07,1.818830e+07,1.239968e+02,1.410301e+06,8.847527e+01,,,,5
2018-04-26 10:27:35.000000,2.609021e+07,1.818750e+07,1.239965e+02,1.410301e+06,8.847526e+01,,,,5
2018-04-26 10:27:36.000000,2.609022e+07,1.818914e+07,1.239975e+02,1.410301e+06,8.847526e+01,,,,5
2018-04-26 10:27:37.000000,2.609023e+07,1.818791e+07,1.239969e+02,1.410301e+06,8.847525e+01,,,,5
2018-04-26 10:27:38.000000,2.609023e+07,1.818940e+07,1.239976e+02,1.410301e+06,8.847524e+01,,,,5
2018-04-26 10:27:39.000000,2.609024e+07,1.818814e+07,1.239969e+02,1.410301e+06,8.847523e+01,,,,5
2018-04-26 10:27:40.000000,2.609021e+07,1.818844e+07,1.239970e+02,1.410301e+06,8.847522e+01,,,,5
2018-04-26 10:27:41.000000,2.609022e+07,1.818727e+07,1.239964e+02,1.410301e+06,8.847521e+01,,,,5
2018-04-26 10:27:42.000000,2.609021e+07,1.818682e+07,1.239961e+02,1.410301e+06,8.847520e+01,,,,5
2018-04-26 10:27:43.000000,2.609024e+07,1.818685e+07,1.239960e+02,1.410301e+06,8.847519e+01,,,,5
2018-04-26 10:27:44.000000,2.609023e+07,1.818651e+07,1.239959e+02,1.410301e+06,8.847518e+01,,,,5
2018-04-26 10:27:45.000000,2.609023e+07,1.818772e+07,1.239965e+02,1.410301e+06,8.847517e+01,,,,5
2018-04-26 10:27:46.000000,2.609021e+07,1.818743e+07,1.239965e+02,1.410301e+06,8.847516e+01,,,,5
2018-04-26 10:27:47.000000,2.609021e+07,1.818858e+07,1.239972e+02,1.410301e+06,8.847515e+01,,,,5
2018-04-26 10:27:48.000000,2.609022e+07,1.818743e+07,1.239965e+02,1.410301e+06,8.847515e+01,,,,5
2018-04-26 10:27:49.000000,2.609023e+07,1.818940e+07,1.239976e+02,1.410301e+06,8.847514e+01,,,,5
2018-04-26 10:27:50.000000,2.609024e+07,1.818782e+07,1.239967e+02,1.410301e+06,8.847513e+01,,,,5
2018-04-26 10:27:51.000000,2.609021e+07,1.818853e+07,1.239971e+02,1.410301e+06,8.847512e+01,,,,5
2018-04-26 10:27:52.000000,2.609021e+07,1.818694e+07,1.239962e+02,1.410301e+06,8.847511e+01,,,,5
2018-04-26 10:27:53.000000,2.609022e+07,1.818688e+07,1.239962e+02,1.410301e+06,8.847510e+01,,,,5
2018-04-26 10:27:54.000000,2.609023e+07,1.818685e+07,1.239960e+02,1.410301e+06,8.847509e+01,,,,5
2018-04-26 10:27:55.000000,2.609024e+07,1.818657e+07,1.239959e+02,1.410301e+06,8.847508e+01,,,,5
2018-04-26 10:27:56.000000,2.609023e+07,1.818778e+07,1.239966e+02,1.410301e+06,8.847507e+01,,,,5
2018-04-26 10:27:57.000000,2.609021e+07,1.818749e+07,1.239965e+02,1.410301e+06,8.847506e+01,,,,5
2018-04-26 10:27:58.000000,2.609022e+07,1.818865e+07,1.239972e+02,1.410301e+06,8.847505e+01,,,,5
2018-04-26 10:27:59.000000,2.609021e+07,1.818744e+07,1.239965e+02,1.410301e+06,8.847504e+01,,,,5
2018-04-26 10:28:00.000000,2.609024e+07,1.818889e+07,1.239973e+02,1.410301e+06,8.847504e+01,,,,5
2018-04-26 10:28:01.000000,2.609023e+07,1.818782e+07,1.239968e+02,1.410301e+06,8.847503e+01,,,,5
2018-04-26 10:28:02.000000,2.609023e+07,1.818953e+07,1.239977e+02,1.410301e+06,8.847502e+01,,,,5
2018-04-26 10:28:03.000000,2.609022e+07,1.818703e+07,1.239962e+02,1.410301e+06,8.847501e+01,,,,5
2018-04-26 10:28:04.000000,2.609022e+07,1.818842e+07,1.239970e+02,1.410301e+06,8.847500e+01,,,,5
2018-04-26 10:28:05.000000,2.609023e+07,1.818672e+07,1.239960e+02,1.410301e+06,8.847499e+01,,,,5
2018-04-26 10:28:06.000000,2.609023e+07,1.818805e+07,1.239966e+02,1.410301e+06,8.847498e+01,,,,5
2018-04-26 10:28:07.000000,2.609024e+07,1.818689e+07,1.239960e+02,1.410301e+06,8.847497e+01,,,,5
2018-04-26 10:28:08.000000,2.609022e+07,1.818742e+07,1.239965e+02,1.410301e+06,8.847496e+01,,,,5
2018-04-26 10:28:09.000000,2.609022e+07,1.818775e+07,1.239967e+02,1.410301e+06,8.847495e+01,,,,5
2018-04-26 10:28:10.000000,2.609022e+07,1.818742e+07,1.239965e+02,1.410301e+06,8.847494e+01,,,,5
2018-04-26 10:28:11.000000,2.609023e+07,1.818801e+07,1.239969e+02,1.410301e+06,8.847493e+01,,,,5
2018-04-26 10:28:12.000000,2.609024e+07,1.818774e+07,1.239967e+02,1.410301e+06,8.847493e+01,,,,5
2018-04-26 10:28:13.000000,2.609023e+07,1.818954e+07,1.239977e+02,1.410301e+06,8.847492e+01,,,,5
2018-04-26 10:28:14.000000,2.609022e+07,1.818702e+07,1.239962e+02,1.410301e+06,8.847491e+01,,,,5
2018-04-26 10:28:15.000000,2.609021e+07,1.818853e+07,1.239970e+02,1.410301e+06,8.847490e+01,,,,5
2018-04-26 10:28:16.000000,2.609021e+07,1.818681e+07,1.239961e+02,1.410301e+06,8.847489e+01,,,,5
2018-04-26 10:28:17.000000,2.609024e+07,1.818821e+07,1.239967e+02,1.410301e+06,8.847488e+01,,,,5
2018-04-26 10:28:18.000000,2.609023e+07,1.818691e+07,1.239960e+02,1.410301e+06,8.847487e+01,,,,5
2018-04-26 10:28:19.000000,2.609022e+07,1.818898e+07,1.239973e+02,1.410301e+06,8.847486e+01,,,,5
2018-04-26 10:28:20.000000,2.609021e+07,1.818789e+07,1.239968e+02,1.410301e+06,8.847485e+01,,,,5
2018-04-26 10:28:21.000000,2.609022e+07,1.818747e+07,1.239965e+02,1.410301e+06,8.847484e+01,,,,5
2018-04-26 10:28:22.000000,2.609024e+07,1.818771e+07,1.239967e+02,1.410301e+06,8.847483e+01,,,,5
2018-04-26 10:28:23.000000,2.609023e+07,1.818780e+07,1.239968e+02,1.410301e+06,8.847482e+01,,,,5
2018-04-26 10:28:24.000000,2.609024e+07,1.818806e+07,1.239969e+02,1.410301e+06,8.847482e+01,,,,5
2018-04-26 10:28:25.000000,2.609022e+07,1.818700e+07,1.239963e+02,1.410301e+06,8.847481e+01,,,,5
2018-04-26 10:28:26.000000,2.609022e+07,1.818805e+07,1.239968e+02,1.410301e+06,8.847480e+01,,,,5
2018-04-26 10:28:27.000000,2.609022e+07,1.818680e+07,1.239961e+02,1.410301e+06,8.847479e+01,,,,5
2018-04-26 10:28:28.000000,2.609023e+07,1.818773e+07,1.239965e+02,1.410301e+06,8.847478e+01,,,,5
2018-04-26 10:28:29.000000,2.609023e+07,1.818653e+07,1.239958e+02,1.410301e+06,8.847477e+01,,,,5
2018-04-26 10:28:30.000000,2.609024e+07,1.818833e+07,1.239968e+02,1.410301e+06,8.847476e+01,,,,5
2018-04-26 10:28:31.000000,2.609022e+07,1.818751e+07,1.239965e+02,1.410301e+06,8.847475e+01,,,,5
2018-04-26 10:28:32.000000,2.609022e+07,1.818915e+07,1.239975e+02,1.410301e+06,8.847474e+01,,,,5
2018-04-26 10:28:33.000000,2.609023e+07,1.818790e+07,1.239968e+02,1.410301e+06,8.847473e+01,,,,5
2018-04-26 10:28:34.000000,2.609024e+07,1.818941e+07,1.239976e+02,1.410301e+06,8.847472e+01,,,,5
2018-04-26 10:28:35.000000,2.609024e+07,1.818815e+07,1.239969e+02,1.410301e+06,8.847471e+01,,,,5
2018-04-26 10:28:36.000000,2.609022e+07,1.818845e+07,1.239970e+02,1.410301e+06,8.847470e+01,,,,5
2018-04-26 10:28:37.000000,2.609022e+07,1.818725e+07,1.239963e+02,1.410301e+06,8.847470e+01,,,,5
2018-04-26 10:28:38.000000,2.609021e+07,1.818682e+07,1.239961e+02,1.410301e+06,8.847469e+01,,,,5
2018-04-26 10:28:39.000000,2.609024e+07,1.818685e+07,1.239960e+02,1.410301e+06,8.847468e+01,,,,5
2018-04-26 10:28:40.000000,2.609024e+07,1.818652e+07,1.239959e+02,1.410301e+06,8.847467e+01,,,,5
2018-04-26 10:28:41.000000,2.609024e+07,1.818772e+07,1.239965e+02,1.410301e+06,8.847466e+01,,,,5
2018-04-26 10:28:42.000000,2.609022e+07,1.818744e+07,1.239965e+02,1.410301e+06,8.847465e+01,,,,5
2018-04-26 10:28:43.000000,2.609022e+07,1.818861e+07,1.239971e+02,1.410301e+06,8.847464e+01,,,,5
2018-04-26 10:28:44.000000,2.609024e+07,1.818783e+07,1.239967e+02,1.410301e+06,8.847463e+01,,,,5
2018-04-26 10:28:45.000000,2.609024e+07,1.818942e+07,1.239976e+02,1.410301e+06,8.847462e+01,,,,5
2018-04-26 10:28:46.000000,2.609024e+07,1.818780e+07,1.239967e+02,1.410301e+06,8.847461e+01,,,,5
2018-04-26 10:28:47.000000,2.609022e+07,1.818854e+07,1.239971e+02,1.410301e+06,8.847460e+01,,,,5
2018-04-26 10:28:48.000000,2.609022e+07,1.818694e+07,1.239962e+02,1.410301e+06,8.847459e+01,,,,5
2018-04-26 10:28:49.000000,2.609022e+07,1.818689e+07,1.239961e+02,1.410301e+06,8.847459e+01,,,,5
2018-04-26 10:28:50.000000,2.609024e+07,1.818686e+07,1.239960e+02,1.410301e+06,8.847458e+01,,,,5
2018-04-26 10:28:51.000000,2.609024e+07,1.818657e+07,1.239959e+02,1.410301e+06,8.847457e+01,,,,5
2018-04-26 10:28:52.000000,2.609023e+07,1.818778e+07,1.239965e+02,1.410301e+06,8.847456e+01,,,,5
2018-04-26 10:28:53.000000,2.609022e+07,1.818750e+07,1.239965e+02,1.410301e+06,8.847455e+01,,,,5
2018-04-26 10:28:54.000000,2.609022e+07,1.818867e+07,1.239972e+02,1.410301e+06,8.847454e+01,,,,5
2018-04-26 10:28:55.000000,2.609022e+07,1.818745e+07,1.239965e+02,1.410301e+06,8.847453e+01,,,,5
2018-04-26 10:28:56.000000,2.609024e+07,1.818890e+07,1.239973e+02,1.410301e+06,8.847452e+01,,,,5
2018-04-26 10:28:57.000000,2.609023e+07,1.818781e+07,1.239967e+02,1.410301e+06,8.847451e+01,,,,5
2018-04-26 10:28:58.000000,2.609022e+07,1.818806e+07,1.239968e+02,1.410301e+06,8.847450e+01,,,,5
2018-04-26 10:28:59.000000,2.609022e+07,1.818694e+07,1.239962e+02,1.410301e+06,8.847449e+01,,,,5
2018-04-26 10:29:00.000000,2.609022e+07,1.818844e+07,1.239970e+02,1.410301e+06,8.847448e+01,,,,5
2018-04-26 10:29:01.000000,2.609024e+07,1.818672e+07,1.239959e+02,1.410301e+06,8.847447e+01,,,,5
2018-04-26 10:29:02.000000,2.609023e+07,1.818806e+07,1.239966e+02,1.410301e+06,8.847447e+01,,,,5
2018-04-26 10:29:03.000000,2.609024e+07,1.818689e+07,1.239960e+02,1.410301e+06,8.847446e+01,,,,5
2018-04-26 10:29:04.000000,2.609022e+07,1.818743e+07,1.239965e+02,1.410301e+06,8.847445e+01,,,,5
2018-04-26 10:29:05.000000,2.609022e+07,1.818776e+07,1.239967e+02,1.410301e+06,8.847444e+01,,,,5
2018-04-26 10:29:06.000000,2.609022e+07,1.818742e+07,1.239965e+02,1.410301e+06,8.847443e+01,,,,5
2018-04-26 10:29:07.000000,2.609024e+07,1.818801e+07,1.239969e+02,1.410301e+06,8.847442e+01,,,,5
2018-04-26 10:29:08.000000,2.609024e+07,1.818775e+07,1.239967e+02,1.410301e+06,8.847441e+01,,,,5
2018-04-26 10:29:09.000000,2.609024e+07,1.818955e+07,1.239977e+02,1.410301e+06,8.847440e+01,,,,5
2018-04-26 10:29:10.000000,2.609022e+07,1.818700e+07,1.239962e+02,1.410301e+06,8.847439e+01,,,,5
2018-04-26 10:29:11.000000,2.609022e+07,1.818855e+07,1.239971e+02,1.410301e+06,8.847438e+01,,,,5
2018-04-26 10:29:12.000000,2.609024e+07,1.818672e+07,1.239959e+02,1.410301e+06,8.847437e+01,,,,5
2018-04-26 10:29:13.000000,2.609024e+07,1.818819e+07,1.239967e+02,1.410301e+06,8.847436e+01,,,,5
2018-04-26 10:29:14.000000,2.609024e+07,1.818691e+07,1.239960e+02,1.410301e+06,8.847436e+01,,,,5
2018-04-26 10:29:15.000000,2.609022e+07,1.818898e+07,1.239973e+02,1.410301e+06,8.847435e+01,,,,5
2018-04-26 10:29:16.000000,2.609022e+07,1.818789e+07,1.239968e+02,1.410301e+06,8.847434e+01,,,,5
2018-04-26 10:29:17.000000,2.609022e+07,1.818748e+07,1.239965e+02,1.410301e+06,8.847433e+01,,,,5
2018-04-26 10:29:18.000000,2.609024e+07,1.818805e+07,1.239969e+02,1.410301e+06,8.847432e+01,,,,5
2018-04-26 10:29:19.000000,2.609024e+07,1.818775e+07,1.239967e+02,1.410301e+06,8.847431e+01,,,,5
2018-04-26 10:29:20.000000,2.609024e+07,1.818902e+07,1.239974e+02,1.410301e+06,8.847430e+01,,,,5
2018-04-26 10:29:21.000000,2.609022e+07,1.818699e+07,1.239962e+02,1.410301e+06,8.847429e+01,,,,5
2018-04-26 10:29:22.000000,2.609022e+07,1.818803e+07,1.239968e+02,1.410301e+06,8.847428e+01,,,,5
2018-04-26 10:29:23.000000,2.609022e+07,1.818685e+07,1.239961e+02,1.410301e+06,8.847427e+01,,,,5
2018-04-26 10:29:24.000000,2.609024e+07,1.818766e+07,1.239965e+02,1.410301e+06,8.847426e+01,,,,5
2018-04-26 10:29:25.000000,2.609024e+07,1.818657e+07,1.239958e+02,1.410301e+06,8.847426e+01,,,,5
2018-04-26 10:29:26.000000,2.609022e+07,1.818842e+07,1.239970e+02,1.410301e+06,8.847425e+01,,,,5
2018-04-26 10:29:27.000000,2.609022e+07,1.818753e+07,1.239965e+02,1.410301e+06,8.847424e+01,,,,5
2018-04-26 10:29:28.000000,2.609022e+07,1.818749e+07,1.239965e+02,1.410301e+06,8.847423e+01,,,,5
2018-04-26 10:29:29.000000,2.609024e+07,1.818772e+07,1.239967e+02,1.410301e+06,8.847422e+01,,,,5
2018-04-26 10:29:30.000000,2.609024e+07,1.818780e+07,1.239968e+02,1.410301e+06,8.847421e+01,,,,5
2018-04-26 10:29:31.000000,2.609024e+07,1.818806e+07,1.239969e+02,1.410301e+06,8.847420e+01,,,,5
2018-04-26 10:29:32.000000,2.609022e+07,1.818700e+07,1.239962e+02,1.410301e+06,8.847419e+01,,,,5
2018-04-26 10:29:33.000000,2.609022e+07,1.818803e+07,1.239968e+02,1.410301e+06,8.847418e+01,,,,5
2018-04-26 10:29:34.000000,2.609022e+07,1.818680e+07,1.239961e+02,1.410301e+06,8.847417e+01,,,,5
2018-04-26 10:29:35.000000,2.609024e+07,1.818773e+07,1.239965e+02,1.410301e+06,8.847416e+01,,,,5
2018-04-26 10:29:36.000000,2.609024e+07,1.818655e+07,1.239958e+02,1.410301e+06,8.847415e+01,,,,5
2018-04-26 10:29:37.000000,2.609024e+07,1.818833e+07,1.239968e+02,1.410301e+06,8.847415e+01,,,,5
2018-04-26 10:29:38.000000,2.609022e+07,1.818751e+07,1.239965e+02,1.410301e+06,8.847414e+01,,,,5
2018-04-26 10:29:39.000000,2.609022e+07,1.818915e+07,1.239974e+02,1.410301e+06,8.847413e+01,,,,5
2018-04-26 10:29:40.000000,2.609024e+07,1.818791e+07,1.239968e+02,1.410301e+06,8.847412e+01,,,,5
2018-04-26 10:29:41.000000,2.609024e+07,1.818941e+07,1.239976e+02,1.410301e+06,8.847411e+01,,,,5
2018-04-26 10:29:42.000000,2.609024e+07,1.818815e+07,1.239969e+02,1.410301e+06,8.847410e+01,,,,5
2018-04-26 10:29:43.000000,2.609022e+07,1.818845e+07,1.239970e+02,1.410301e+06,8.847409e+01,,,,5
2018-04-26 10:29:44.000000,2.609022e+07,1.818726e+07,1.239963e+02,1.410301e+06,8.847408e+01,,,,5
2018-04-26 10:29:45.000000,2.609022e+07,1.818683e+07,1.239961e+02,1.410301e+06,8.847407e+01,,,,5
2018-04-26 10:29:46.000000,2.609024e+07,1.818686e+07,1.239960e+02,1.410301e+06,8.847406e+01,,,,5
2018-04-26 10:29:47.000000,2.609024e+07,1.818652e+07,1.239958e+02,1.410301e+06,8.847405e+01,,,,5
2018-04-26 10:29:48.000000,2.609024e+07,1.818773e+07,1.239965e+02,1.410301e+06,8.847404e+01,,,,5
2018-04-26 10:29:49.000000,2.609022e+07,1.818744e+07,1.239965e+02,1.410301e+06,8.847403e+01,,,,5
2018-04-26 10:29:50.000000,2.609022e+07,1.818859e+07,1.239971e+02,1.410301e+06,8.847403e+01,,,,5
2018-04-26 10:29:51.000000,2.609022e+07,1.818744e+07,1.239965e+02,1.410301e+06,8.847402e+01,,,,5
2018-04-26 10:29:52.000000,2.609024e+07,1.818941e+07,1.239976e+02,1.410301e+06,8.847401e+01,,,,5
2018-04-26 10:29:53.000000,2.609024e+07,1.818783e+07,1.239967e+02,1.410301e+06,8.847400e+01,,,,5
2018-04-26 10:29:54.000000,2.609022e+07,1.818855e+07,1.239970e+02,1.410301e+06,8.847399e+01,,,,5
2018-04-26 10:29:55.000000,2.609022e+07,1.818695e+07,1.239962e+02,1.410300e+06,8.847398e+01,,,,5
2018-04-26 10:29:56.000000,2.609022e+07,1.818689e+07,1.239961e+02,1.410300e+06,8.847397e+01,,,,5
2018-04-26 10:29:57.000000,2.609024e+07,1.818686e+07,1.239960e+02,1.410300e+06,8.847396e+01,,,,5
2018-04-26 10:29:58.000000,2.609024e+07,1.818658e+07,1.239959e+02,1.410300e+06,8.847395e+01,,,,5
2018-04-26 10:29:59.000000,2.609024e+07,1.818778e+07,1.239965e+02,1.410300e+06,8.847394e+01,,,,5
2018-04-26 10:30:00.000000,2.609022e+07,1.818750e+07,1.239965e+02,1.410300e+06,8.847393e+01,,,,5
2018-04-26 10:30:01.000000,2.609022e+07,1.818867e+07,1.239972e+02,1.410300e+06,8.847392e+01,,,,5
2018-04-26 10:30:02.000000,2.609022e+07,1.818745e+07,1.239965e+02,1.410300e+06,8.847392e+01,,,,5
2018-04-26 10:30:03.000000,2.609024e+07,1.818890e+07,1.239973e+02,1.410300e+06,8.847391e+01,,,,5
2018-04-26 10:30:04.000000,2.609024e+07,1.818781e+07,1.239967e+02,1.410300e+06,8.847390e+01,,,,5
2018-04-26 10:30:05.000000,2.609024e+07,1.818954e+07,1.239977e+02,1.410300e+06,8.847389e+01,,,,5
2018-04-26 10:30:06.000000,2.609022e+07,1.818704e+07,1.239962e+02,1.410300e+06,8.847388e+01,,,,5
2018-04-26 10:30:07.000000,2.609022e+07,1.818842e+07,1.239970e+02,1.410300e+06,8.847387e+01,,,,5
2018-04-26 10:30:08.000000,2.609024e+07,1.818672e+07,1.239959e+02,1.410300e+06,8.847386e+01,,,,5
2018-04-26 10:30:09.000000,2.609024e+07,1.818806e+07,1.239966e+02,1.410300e+06,8.847385e+01,,,,5
2018-04-26 10:30:10.000000,2.609024e+07,1.818690e+07,1.239960e+02,1.410300e+06,8.847384e+01,,,,5
2018-04-26 10:30:11.000000,2.609022e+07,1.818743e+07,1.239965e+02,1.410300e+06,8.847383e+01,,,,5
2018-04-26 10:30:12.000000,2.609022e+07,1.818776e+07,1.239966e+02,1.410300e+06,8.847382e+01,,,,5
2018-04-26 10:30:13.000000,2.609022e+07,1.818742e+07,1.239965e+02,1.410300e+06,8.847382e+01,,,,5
2018-04-26 10:30:14.000000,2.609024e+07,1.818802e+07,1.239969e+02,1.410300e+06,8.847381e+01,,,,5
2018-04-26 10:30:15.000000,2.609024e+07,1.818775e+07,1.239967e+02,1.410300e+06,8.847380e+01,,,,5
2018-04-26 10:30:16.000000,2.609024e+07,1.818955e+07,1.239977e+02,1.410300e+06,8.847379e+01,,,,5
2018-04-26 10:30:17.000000,2.609022e+07,1.818702e+07,1.239962e+02,1.410300e+06,8.847378e+01,,,,5
2018-04-26 10:30:18.000000,2.609022e+07,1.818856e+07,1.239970e+02,1.410300e+06,8.847377e+01,,,,5
2018-04-26 10:30:19.000000,2.609022e+07,1.818682e+07,1.239961e+02,1.410300e+06,8.847376e+01,,,,5
2018-04-26 10:30:20.000000,2.609024e+07,1.818822e+07,1.239967e+02,1.410300e+06,8.847375e+01,,,,5
2018-04-26 10:30:21.000000,2.609024e+07,1.818691e+07,1.239960e+02,1.410300e+06,8.847374e+01,,,,5
2018-04-26 10:30:22.000000,2.609022e+07,1.818899e+07,1.239973e+02,1.410300e+06,8.847373e+01,,,,5
2018-04-26 10:30:23.000000,2.609022e+07,1.818790e+07,1.239968e+02,1.410300e+06,8.847372e+01,,,,5
2018-04-26 10:30:24.000000,2.609022e+07,1.818748e+07,1.239965e+02,1.410300e+06,8.847371e+01,,,,5
2018-04-26 10:30:25.000000,2.609024e+07,1.818805e+07,1.239969e+02,1.410300e+06,8.847370e+01,,,,5
2018-04-26 10:30:26.000000,2.609024e+07,1.818776e+07,1.239967e+02,1.410300e+06,8.847370e+01,,,,5
2018-04-26 10:30:27.000000,2.609024e+07,1.818900e+07,1.239974e+02,1.410300e+06,8.847369e+01,,,,5
2018-04-26 10:30:28.000000,2.609022e+07,1.818701e+07,1.239962e+02,1.410300e+06,8.847368e+01,,,,5
2018-04-26 10:30:29.000000,2.609022e+07,1.818803e+07,1.239967e+02,1.410300e+06,8.847367e+01,,,,5
2018-04-26 10:30:30.000000,2.609022e+07,1.818685e+07,1.239961e+02,1.410300e+06,8.847366e+01,,,,5
2018-04-26 10:30:31.000000,2.609024e+07,1.818767e+07,1.239965e+02,1.410300e+06,8.847365e+01,,,,5
2018-04-26 10:30:32.000000,2.609024e+07,1.818658e+07,1.239958e+02,1.410300e+06,8.847364e+01,,,,5
2018-04-26 10:30:33.000000,2.609022e+07,1.818842e+07,1.239970e+02,1.410300e+06,8.847363e+01,,,,5
2018-04-26 10:30:34.000000,2.609023e+07,1.818754e+07,1.239965e+02,1.410300e+06,8.847362e+01,,,,5
2018-04-26 10:30:35.000000,2.609022e+07,1.818749e+07,1.239965e+02,1.410300e+06,8.847361e+01,,,,5
2018-04-26 10:30:36.000000,2.609024e+07,1.818772e+07,1.239967e+02,1.410300e+06,8.847360e+01,,,,5
2018-04-26 10:30:37.000000,2.609024e+07,1.818781e+07,1.239968e+02,1.410300e+06,8.847360e+01,,,,5
2018-04-26 10:30:38.000000,2.609024e+07,1.818807e+07,1.239969e+02,1.410300e+06,8.847359e+01,,,,5
2018-04-26 10:30:39.000000,2.609023e+07,1.818700e+07,1.239962e+02,1.410300e+06,8.847358e+01,,,,5
2018-04-26 10:30:40.000000,2.609022e+07,1.818803e+07,1.239967e+02,1.410300e+06,8.847357e+01,,,,5
2018-04-26 10:30:41.000000,2.609023e+07,1.818683e+07,1.239960e+02,1.410300e+06,8.847356e+01,,,,5
2018-04-26 10:30:42.000000,2.609024e+07,1.818773e+07,1.239965e+02,1.410300e+06,8.847355e+01,,,,5
2018-04-26 10:30:43.000000,2.609024e+07,1.818655e+07,1.239958e+02,1.410300e+06,8.847354e+01,,,,5
2018-04-26 10:30:44.000000,2.609024e+07,1.818831e+07,1.239968e+02,1.410300e+06,8.847353e+01,,,,5
2018-04-26 10:30:45.000000,2.609022e+07,1.818751e+07,1.239965e+02,1.410300e+06,8.847352e+01,,,,5
2018-04-26 10:30:46.000000,2.609023e+07,1.818916e+07,1.239974e+02,1.410300e+06,8.847351e+01,,,,5
2018-04-26 10:30:47.000000,2.609024e+07,1.818792e+07,1.239968e+02,1.410300e+06,8.847350e+01,,,,5
2018-04-26 10:30:48.000000,2.609024e+07,1.818941e+07,1.239976e+02,1.410300e+06,8.847349e+01,,,,5
2018-04-26 10:30:49.000000,2.609024e+07,1.818815e+07,1.239969e+02,1.410300e+06,8.847349e+01,,,,5
2018-04-26 10:30:50.000000,2.609022e+07,1.818846e+07,1.239969e+02,1.410300e+06,8.847348e+01,,,,5
2018-04-26 10:30:51.000000,2.609022e+07,1.818728e+07,1.239963e+02,1.410300e+06,8.847347e+01,,,,5
2018-04-26 10:30:52.000000,2.609022e+07,1.818683e+07,1.239961e+02,1.410300e+06,8.847346e+01,,,,5
2018-04-26 10:30:53.000000,2.609024e+07,1.818686e+07,1.239960e+02,1.410300e+06,8.847345e+01,,,,5
2018-04-26 10:30:54.000000,2.609024e+07,1.818653e+07,1.239958e+02,1.410300e+06,8.847344e+01,,,,5
2018-04-26 10:30:55.000000,2.609024e+07,1.818773e+07,1.239965e+02,1.410300e+06,8.847343e+01,,,,5
2018-04-26 10:30:56.000000,2.609022e+07,1.818745e+07,1.239965e+02,1.410300e+06,8.847342e+01,,,,5
2018-04-26 10:30:57.000000,2.609022e+07,1.818860e+07,1.239971e+02,1.410300e+06,8.847341e+01,,,,5
2018-04-26 10:30:58.000000,2.609023e+07,1.818745e+07,1.239965e+02,1.410300e+06,8.847340e+01,,,,5
2018-04-26 10:30:59.000000,2.609024e+07,1.818941e+07,1.239976e+02,1.410300e+06,8.847339e+01,,,,5
2018-04-26 10:31:00.000000,2.609024e+07,1.818783e+07,1.239967e+02,1.410300e+06,8.847339e+01,,,,5
2018-04-26 10:31:01.000000,2.609022e+07,1.818854e+07,1.239970e+02,1.410300e+06,8.847338e+01,,,,5
2018-04-26 10:31:02.000000,2.609022e+07,1.818695e+07,1.239961e+02,1.410300e+06,8.847337e+01,,,,5
2018-04-26 10:31:03.000000,2.609023e+07,1.818689e+07,1.239961e+02,1.410300e+06,8.847336e+01,,,,5
2018-04-26 10:31:04.000000,2.609024e+07,1.818686e+07,1.239960e+02,1.410300e+06,8.847335e+01,,,,5
2018-04-26 10:31:05.000000,2.609024e+07,1.818658e+07,1.239959e+02,1.410300e+06,8.847334e+01,,,,5
2018-04-26 10:31:06.000000,2.609024e+07,1.818779e+07,1.239965e+02,1.410300e+06,8.847333e+01,,,,5
2018-04-26 10:31:07.000000,2.609022e+07,1.818750e+07,1.239965e+02,1.410300e+06,8.847332e+01,,,,5
2018-04-26 10:31:08.000000,2.609023e+07,1.818867e+07,1.239972e+02,1.410300e+06,8.847331e+01,,,,5
2018-04-26 10:31:09.000000,2.609022e+07,1.818745e+07,1.239965e+02,1.410300e+06,8.847330e+01,,,,5
2018-04-26 10:31:10.000000,2.609024e+07,1.818890e+07,1.239973e+02,1.410300e+06,8.847329e+01,,,,5
2018-04-26 10:31:11.000000,2.609024e+07,1.818783e+07,1.239967e+02,1.410300e+06,8.847329e+01,,,,5
2018-04-26 10:31:12.000000,2.609024e+07,1.818955e+07,1.239977e+02,1.410300e+06,8.847328e+01,,,,5
2018-04-26 10:31:13.000000,2.609023e+07,1.818705e+07,1.239962e+02,1.410300e+06,8.847327e+01,,,,5
2018-04-26 10:31:14.000000,2.609022e+07,1.818843e+07,1.239969e+02,1.410300e+06,8.847326e+01,,,,5
2018-04-26 10:31:15.000000,2.609024e+07,1.818675e+07,1.239959e+02,1.410300e+06,8.847325e+01,,,,5
2018-04-26 10:31:16.000000,2.609024e+07,1.818806e+07,1.239966e+02,1.410300e+06,8.847324e+01,,,,5
2018-04-26 10:31:17.000000,2.609024e+07,1.818690e+07,1.239960e+02,1.410300e+06,8.847323e+01,,,,5
2018-04-26 10:31:18.000000,2.609022e+07,1.818743e+07,1.239964e+02,1.410300e+06,8.847322e+01,,,,5
2018-04-26 10:31:19.000000,2.609023e+07,1.818776e+07,1.239966e+02,1.410300e+06,8.847321e+01,,,,5
2018-04-26 10:31:20.000000,2.609022e+07,1.818743e+07,1.239965e+02,1.410300e+06,8.847320e+01,,,,5
2018-04-26 10:31:21.000000,2.609024e+07,1.818802e+07,1.239969e+02,1.410300e+06,8.847319e+01,,,,5
2018-04-26 10:31:22.000000,2.609025e+07,1.818776e+07,1.239967e+02,1.410300e+06,8.847319e+01,,,,5
2018-04-26 10:31:23.000000,2.609024e+07,1.818955e+07,1.239977e+02,1.410300e+06,8.847318e+01,,,,5
2018-04-26 10:31:24.000000,2.609023e+07,1.818703e+07,1.239961e+02,1.410300e+06,8.847317e+01,,,,5
2018-04-26 10:31:25.000000,2.609022e+07,1.818854e+07,1.239969e+02,1.410300e+06,8.847316e+01,,,,5
2018-04-26 10:31:26.000000,2.609022e+07,1.818682e+07,1.239960e+02,1.410300e+06,8.847315e+01,,,,5
2018-04-26 10:31:27.000000,2.609025e+07,1.818822e+07,1.239967e+02,1.410300e+06,8.847314e+01,,,,5
2018-04-26 10:31:28.000000,2.609024e+07,1.818693e+07,1.239960e+02,1.410300e+06,8.847313e+01,,,,5
2018-04-26 10:31:29.000000,2.609023e+07,1.818899e+07,1.239973e+02,1.410300e+06,8.847312e+01,,,,5
2018-04-26 10:31:30.000000,2.609022e+07,1.818790e+07,1.239967e+02,1.410300e+06,8.847311e+01,,,,5
2018-04-26 10:31:31.000000,2.609022e+07,1.818748e+07,1.239965e+02,1.410300e+06,8.847310e+01,,,,5
2018-04-26 10:31:32.000000,2.609025e+07,1.818805e+07,1.239969e+02,1.410300e+06,8.847309e+01,,,,5
2018-04-26 10:31:33.000000,2.609024e+07,1.818776e+07,1.239967e+02,1.410300e+06,8.847309e+01,,,,5
2018-04-26 10:31:34.000000,2.609025e+07,1.818900e+07,1.239974e+02,1.410300e+06,8.847308e+01,,,,5
2018-04-26 10:31:35.000000,2.609022e+07,1.818702e+07,1.239962e+02,1.410300e+06,8.847307e+01,,,,5
2018-04-26 10:31:36.000000,2.609023e+07,1.818803e+07,1.239967e+02,1.410300e+06,8.847306e+01,,,,5
2018-04-26 10:31:37.000000,2.609023e+07,1.818686e+07,1.239961e+02,1.410300e+06,8.847305e+01,,,,5
2018-04-26 10:31:38.000000,2.609024e+07,1.818767e+07,1.239964e+02,1.410300e+06,8.847304e+01,,,,5
2018-04-26 10:31:39.000000,2.609024e+07,1.818658e+07,1.239958e+02,1.410300e+06,8.847303e+01,,,,5
2018-04-26 10:31:40.000000,2.609024e+07,1.818818e+07,1.239967e+02,1.410300e+06,8.847302e+01,,,,5
2018-04-26 10:31:41.000000,2.609023e+07,1.818749e+07,1.239965e+02,1.410300e+06,8.847301e+01,,,,5
2018-04-26 10:31:42.000000,2.609023e+07,1.818749e+07,1.239965e+02,1.410300e+06,8.847300e+01,,,,5
2018-04-26 10:31:43.000000,2.609025e+07,1.818772e+07,1.239967e+02,1.410300e+06,8.847299e+01,,,,5
2018-04-26 10:31:44.000000,2.609024e+07,1.818781e+07,1.239967e+02,1.410300e+06,8.847299e+01,,,,5
2018-04-26 10:31:45.000000,2.609024e+07,1.818807e+07,1.239969e+02,1.410300e+06,8.847298e+01,,,,5
2018-04-26 10:31:46.000000,2.609023e+07,1.818701e+07,1.239962e+02,1.410300e+06,8.847297e+01,,,,5
2018-04-26 10:31:47.000000,2.609022e+07,1.818804e+07,1.239967e+02,1.410300e+06,8.847296e+01,,,,5
2018-04-26 10:31:48.000000,2.609023e+07,1.818683e+07,1.239960e+02,1.410300e+06,8.847295e+01,,,,5
2018-04-26 10:31:49.000000,2.609024e+07,1.818773e+07,1.239965e+02,1.410300e+06,8.847294e+01,,,,5
2018-04-26 10:31:50.000000,2.609024e+07,1.818655e+07,1.239958e+02,1.410300e+06,8.847293e+01,,,,5
2018-04-26 10:31:51.000000,2.609025e+07,1.818832e+07,1.239968e+02,1.410300e+06,8.847292e+01,,,,5
2018-04-26 10:31:52.000000,2.609022e+07,1.818752e+07,1.239965e+02,1.410300e+06,8.847291e+01,,,,5
2018-04-26 10:31:53.000000,2.609023e+07,1.818916e+07,1.239974e+02,1.410300e+06,8.847290e+01,,,,5
2018-04-26 10:31:54.000000,2.609022e+07,1.818779e+07,1.239966e+02,1.410300e+06,8.847290e+01,,,,5
2018-04-26 10:31:55.000000,2.609024e+07,1.818942e+07,1.239976e+02,1.410300e+06,8.847289e+01,,,,5
2018-04-26 10:31:56.000000,2.609025e+07,1.818817e+07,1.239969e+02,1.410300e+06,8.847288e+01,,,,5
2018-04-26 10:31:57.000000,2.609023e+07,1.818846e+07,1.239969e+02,1.410300e+06,8.847287e+01,,,,5
2018-04-26 10:31:58.000000,2.609023e+07,1.818728e+07,1.239963e+02,1.410300e+06,8.847286e+01,,,,5
2018-04-26 10:31:59.000000,2.609022e+07,1.818683e+07,1.239960e+02,1.410300e+06,8.847285e+01,,,,5
2018-04-26 10:32:00.000000,2.609025e+07,1.818686e+07,1.239960e+02,1.410300e+06,8.847284e+01,,,,5
2018-04-26 10:32:01.000000,2.609024e+07,1.818653e+07,1.239958e+02,1.410300e+06,8.847283e+01,,,,5
2018-04-26 10:32:02.000000,2.609024e+07,1.818771e+07,1.239964e+02,1.410300e+06,8.847282e+01,,,,5
2018-04-26 10:32:03.000000,2.609023e+07,1.818745e+07,1.239964e+02,1.410300e+06,8.847281e+01,,,,5
2018-04-26 10:32:04.000000,2.609022e+07,1.818860e+07,1.239971e+02,1.410300e+06,8.847280e+01,,,,5
2018-04-26 10:32:05.000000,2.609023e+07,1.818745e+07,1.239964e+02,1.410300e+06,8.847280e+01,,,,5
2018-04-26 10:32:06.000000,2.609024e+07,1.818940e+07,1.239976e+02,1.410300e+06,8.847279e+01,,,,5
2018-04-26 10:32:07.000000,2.609025e+07,1.818783e+07,1.239967e+02,1.410300e+06,8.847278e+01,,,,5
2018-04-26 10:32:08.000000,2.609022e+07,1.818854e+07,1.239970e+02,1.410300e+06,8.847277e+01,,,,5
2018-04-26 10:32:09.000000,2.609022e+07,1.818697e+07,1.239961e+02,1.410300e+06,8.847276e+01,,,,5
2018-04-26 10:32:10.000000,2.609023e+07,1.818690e+07,1.239961e+02,1.410300e+06,8.847275e+01,,,,5
2018-04-26 10:32:11.000000,2.609024e+07,1.818687e+07,1.239960e+02,1.410300e+06,8.847274e+01,,,,5
2018-04-26 10:32:12.000000,2.609025e+07,1.818658e+07,1.239958e+02,1.410300e+06,8.847273e+01,,,,5
2018-04-26 10:32:13.000000,2.609024e+07,1.818779e+07,1.239965e+02,1.410300e+06,8.847272e+01,,,,5
2018-04-26 10:32:14.000000,2.609023e+07,1.818751e+07,1.239965e+02,1.410300e+06,8.847271e+01,,,,5
2018-04-26 10:32:15.000000,2.609023e+07,1.818867e+07,1.239971e+02,1.410300e+06,8.847270e+01,,,,5
2018-04-26 10:32:16.000000,2.609022e+07,1.818748e+07,1.239964e+02,1.410300e+06,8.847270e+01,,,,5
2018-04-26 10:32:17.000000,2.609025e+07,1.818890e+07,1.239973e+02,1.410300e+06,8.847269e+01,,,,5
2018-04-26 10:32:18.000000,2.609024e+07,1.818783e+07,1.239967e+02,1.410300e+06,8.847268e+01,,,,5
2018-04-26 10:32:19.000000,2.609025e+07,1.818953e+07,1.239976e+02,1.410300e+06,8.847267e+01,,,,5
2018-04-26 10:32:20.000000,2.609023e+07,1.818705e+07,1.239961e+02,1.410299e+06,8.847266e+01,,,,5
2018-04-26 10:32:21.000000,2.609023e+07,1.818843e+07,1.239969e+02,1.410299e+06,8.847265e+01,,,,5
2018-04-26 10:32:22.000000,2.609025e+07,1.818675e+07,1.239959e+02,1.410299e+06,8.847264e+01,,,,5
2018-04-26 10:32:23.000000,2.609024e+07,1.818804e+07,1.239966e+02,1.410299e+06,8.847263e+01,,,,5
2018-04-26 10:32:24.000000,2.609025e+07,1.818690e+07,1.239960e+02,1.410299e+06,8.847262e+01,,,,5
2018-04-26 10:32:25.000000,2.609023e+07,1.818743e+07,1.239964e+02,1.410299e+06,8.847261e+01,,,,5
2018-04-26 10:32:26.000000,2.609023e+07,1.818777e+07,1.239966e+02,1.410299e+06,8.847261e+01,,,,5
2018-04-26 10:32:27.000000,2.609023e+07,1.818743e+07,1.239964e+02,1.410299e+06,8.847260e+01,,,,5
2018-04-26 10:32:28.000000,2.609024e+07,1.818802e+07,1.239968e+02,1.410299e+06,8.847259e+01,,,,5
2018-04-26 10:32:29.000000,2.609025e+07,1.818776e+07,1.239967e+02,1.410299e+06,8.847258e+01,,,,5
2018-04-26 10:32:30.000000,2.609024e+07,1.818956e+07,1.239977e+02,1.410299e+06,8.847257e+01,,,,5
2018-04-26 10:32:31.000000,2.609023e+07,1.818703e+07,1.239961e+02,1.410299e+06,8.847256e+01,,,,5
2018-04-26 10:32:32.000000,2.609022e+07,1.818854e+07,1.239969e+02,1.410299e+06,8.847255e+01,,,,5
2018-04-26 10:32:33.000000,2.609022e+07,1.818684e+07,1.239960e+02,1.410299e+06,8.847254e+01,,,,5
2018-04-26 10:32:34.000000,2.609025e+07,1.818823e+07,1.239967e+02,1.410299e+06,8.847253e+01,,,,5
2018-04-26 10:32:35.000000,2.609024e+07,1.818693e+07,1.239960e+02,1.410299e+06,8.847252e+01,,,,5
2018-04-26 10:32:36.000000,2.609023e+07,1.818897e+07,1.239972e+02,1.410299e+06,8.847251e+01,,,,5
2018-04-26 10:32:37.000000,2.609022e+07,1.818790e+07,1.239967e+02,1.410299e+06,8.847251e+01,,,,5
2018-04-26 10:32:38.000000,2.609023e+07,1.818749e+07,1.239965e+02,1.410299e+06,8.847250e+01,,,,5
2018-04-26 10:32:39.000000,2.609025e+07,1.818805e+07,1.239969e+02,1.410299e+06,8.847249e+01,,,,5
2018-04-26 10:32:40.000000,2.609024e+07,1.818777e+07,1.239967e+02,1.410299e+06,8.847248e+01,,,,5
2018-04-26 10:32:41.000000,2.609025e+07,1.818900e+07,1.239974e+02,1.410299e+06,8.847247e+01,,,,5
2018-04-26 10:32:42.000000,2.609022e+07,1.818702e+07,1.239961e+02,1.410299e+06,8.847246e+01,,,,5
2018-04-26 10:32:43.000000,2.609023e+07,1.818803e+07,1.239967e+02,1.410299e+06,8.847245e+01,,,,5
2018-04-26 10:32:44.000000,2.609023e+07,1.818681e+07,1.239960e+02,1.410299e+06,8.847244e+01,,,,5
2018-04-26 10:32:45.000000,2.609025e+07,1.818774e+07,1.239965e+02,1.410299e+06,8.847243e+01,,,,5
2018-04-26 10:32:46.000000,2.609025e+07,1.818656e+07,1.239958e+02,1.410299e+06,8.847243e+01,,,,5
2018-04-26 10:32:47.000000,2.609025e+07,1.818834e+07,1.239968e+02,1.410299e+06,8.847242e+01,,,,5
2018-04-26 10:32:48.000000,2.609023e+07,1.818752e+07,1.239964e+02,1.410299e+06,8.847241e+01,,,,5
2018-04-26 10:32:49.000000,2.609023e+07,1.818916e+07,1.239974e+02,1.410299e+06,8.847240e+01,,,,5
2018-04-26 10:32:50.000000,2.609024e+07,1.818793e+07,1.239968e+02,1.410299e+06,8.847239e+01,,,,5
2018-04-26 10:32:51.000000,2.609025e+07,1.818942e+07,1.239975e+02,1.410299e+06,8.847238e+01,,,,5
2018-04-26 10:32:52.000000,2.609025e+07,1.818816e+07,1.239969e+02,1.410299e+06,8.847237e+01,,,,5
2018-04-26 10:32:53.000000,2.609023e+07,1.818846e+07,1.239969e+02,1.410299e+06,8.847236e+01,,,,5
2018-04-26 10:32:54.000000,2.609023e+07,1.818726e+07,1.239962e+02,1.410299e+06,8.847235e+01,,,,5
2018-04-26 10:32:55.000000,2.609022e+07,1.818684e+07,1.239960e+02,1.410299e+06,8.847234e+01,,,,5
2018-04-26 10:32:56.000000,2.609025e+07,1.818687e+07,1.239960e+02,1.410299e+06,8.847233e+01,,,,5
2018-04-26 10:32:57.000000,2.609025e+07,1.818653e+07,1.239958e+02,1.410299e+06,8.847233e+01,,,,5
2018-04-26 10:32:58.000000,2.609025e+07,1.818774e+07,1.239964e+02,1.410299e+06,8.847232e+01,,,,5
2018-04-26 10:32:59.000000,2.609023e+07,1.818745e+07,1.239964e+02,1.410299e+06,8.847231e+01,,,,5
2018-04-26 10:33:00.000000,2.609023e+07,1.818860e+07,1.239971e+02,1.410299e+06,8.847230e+01,,,,5
2018-04-26 10:33:01.000000,2.609023e+07,1.818745e+07,1.239964e+02,1.410299e+06,8.847229e+01,,,,5
2018-04-26 10:33:02.000000,2.609025e+07,1.818942e+07,1.239976e+02,1.410299e+06,8.847228e+01,,,,5
2018-04-26 10:33:03.000000,2.609025e+07,1.818784e+07,1.239967e+02,1.410299e+06,8.847227e+01,,,,5
2018-04-26 10:33:04.000000,2.609023e+07,1.818856e+07,1.239970e+02,1.410299e+06,8.847226e+01,,,,5
2018-04-26 10:33:05.000000,2.609023e+07,1.818695e+07,1.239961e+02,1.410299e+06,8.847225e+01,,,,5
2018-04-26 10:33:06.000000,2.609023e+07,1.818690e+07,1.239961e+02,1.410299e+06,8.847225e+01,,,,5
2018-04-26 10:33:07.000000,2.609025e+07,1.818687e+07,1.239960e+02,1.410299e+06,8.847224e+01,,,,5
2018-04-26 10:33:08.000000,2.609025e+07,1.818659e+07,1.239958e+02,1.410299e+06,8.847223e+01,,,,5
2018-04-26 10:33:09.000000,2.609024e+07,1.818779e+07,1.239965e+02,1.410299e+06,8.847222e+01,,,,5
2018-04-26 10:33:10.000000,2.609023e+07,1.818751e+07,1.239965e+02,1.410299e+06,8.847221e+01,,,,5
2018-04-26 10:33:11.000000,2.609023e+07,1.818868e+07,1.239971e+02,1.410299e+06,8.847220e+01,,,,5
2018-04-26 10:33:12.000000,2.609023e+07,1.818746e+07,1.239964e+02,1.410299e+06,8.847219e+01,,,,5
2018-04-26 10:33:13.000000,2.609025e+07,1.818891e+07,1.239973e+02,1.410299e+06,8.847218e+01,,,,5
2018-04-26 10:33:14.000000,2.609024e+07,1.818784e+07,1.239967e+02,1.410299e+06,8.847217e+01,,,,5
2018-04-26 10:33:15.000000,2.609025e+07,1.818955e+07,1.239976e+02,1.410299e+06,8.847217e+01,,,,5
2018-04-26 10:33:16.000000,2.609023e+07,1.818705e+07,1.239961e+02,1.410299e+06,8.847216e+01,,,,5
2018-04-26 10:33:17.000000,2.609023e+07,1.818843e+07,1.239969e+02,1.410299e+06,8.847215e+01,,,,5
2018-04-26 10:33:18.000000,2.609025e+07,1.818673e+07,1.239959e+02,1.410299e+06,8.847214e+01,,,,5
2018-04-26 10:33:19.000000,2.609024e+07,1.818807e+07,1.239966e+02,1.410299e+06,8.847213e+01,,,,5
2018-04-26 10:33:20.000000,2.609025e+07,1.818691e+07,1.239960e+02,1.410299e+06,8.847212e+01,,,,5
2018-04-26 10:33:21.000000,2.609023e+07,1.818744e+07,1.239965e+02,1.410299e+06,8.847211e+01,,,,5
2018-04-26 10:33:22.000000,2.609023e+07,1.818777e+07,1.239966e+02,1.410299e+06,8.847210e+01,,,,5
2018-04-26 10:33:23.000000,2.609023e+07,1.818743e+07,1.239964e+02,1.410299e+06,8.847209e+01,,,,5
2018-04-26 10:33:24.000000,2.609025e+07,1.818803e+07,1.239968e+02,1.410299e+06,8.847208e+01,,,,5
2018-04-26 10:33:25.000000,2.609025e+07,1.818776e+07,1.239967e+02,1.410299e+06,8.847208e+01,,,,5
2018-04-26 10:33:26.000000,2.609025e+07,1.818956e+07,1.239976e+02,1.410299e+06,8.847207e+01,,,,5
2018-04-26 10:33:27.000000,2.609023e+07,1.818703e+07,1.239961e+02,1.410299e+06,8.847206e+01,,,,5
2018-04-26 10:33:28.000000,2.609023e+07,1.818857e+07,1.239970e+02,1.410299e+06,8.847205e+01,,,,5
2018-04-26 10:33:29.000000,2.609023e+07,1.818683e+07,1.239960e+02,1.410299e+06,8.847204e+01,,,,5
2018-04-26 10:33:30.000000,2.609025e+07,1.818823e+07,1.239967e+02,1.410299e+06,8.847203e+01,,,,5
2018-04-26 10:33:31.000000,2.609025e+07,1.818693e+07,1.239960e+02,1.410299e+06,8.847202e+01,,,,5
2018-04-26 10:33:32.000000,2.609023e+07,1.818899e+07,1.239973e+02,1.410299e+06,8.847201e+01,,,,5
2018-04-26 10:33:33.000000,2.609023e+07,1.818790e+07,1.239967e+02,1.410299e+06,8.847200e+01,,,,5
2018-04-26 10:33:34.000000,2.609023e+07,1.818749e+07,1.239965e+02,1.410299e+06,8.847200e+01,,,,5
2018-04-26 10:33:35.000000,2.609025e+07,1.818806e+07,1.239969e+02,1.410299e+06,8.847199e+01,,,,5
2018-04-26 10:33:36.000000,2.609025e+07,1.818777e+07,1.239967e+02,1.410299e+06,8.847198e+01,,,,5
2018-04-26 10:33:37.000000,2.609025e+07,1.818901e+07,1.239973e+02,1.410299e+06,8.847197e+01,,,,5
2018-04-26 10:33:38.000000,2.609023e+07,1.818702e+07,1.239961e+02,1.410299e+06,8.847196e+01,,,,5
2018-04-26 10:33:39.000000,2.609023e+07,1.818804e+07,1.239967e+02,1.410299e+06,8.847195e+01,,,,5
2018-04-26 10:33:40.000000,2.609023e+07,1.818686e+07,1.239960e+02,1.410299e+06,8.847194e+01,,,,5
2018-04-26 10:33:41.000000,2.609025e+07,1.818768e+07,1.239964e+02,1.410299e+06,8.847193e+01,,,,5
2018-04-26 10:33:42.000000,2.609025e+07,1.818658e+07,1.239958e+02,1.410299e+06,8.847192e+01,,,,5
2018-04-26 10:33:43.000000,2.609023e+07,1.818843e+07,1.239970e+02,1.410299e+06,8.847191e+01,,,,5
2018-04-26 10:33:44.000000,2.609023e+07,1.818755e+07,1.239965e+02,1.410299e+06,8.847191e+01,,,,5
2018-04-26 10:33:45.000000,2.609023e+07,1.818750e+07,1.239965e+02,1.410299e+06,8.847190e+01,,,,5
2018-04-26 10:33:46.000000,2.609025e+07,1.818773e+07,1.239967e+02,1.410299e+06,8.847189e+01,,,,5
2018-04-26 10:33:47.000000,2.609025e+07,1.818781e+07,1.239967e+02,1.410299e+06,8.847188e+01,,,,5
2018-04-26 10:33:48.000000,2.609025e+07,1.818808e+07,1.239968e+02,1.410299e+06,8.847187e+01,,,,5
2018-04-26 10:33:49.000000,2.609023e+07,1.818701e+07,1.239962e+02,1.410299e+06,8.847186e+01,,,,5
2018-04-26 10:33:50.000000,2.609023e+07,1.818804e+07,1.239967e+02,1.410299e+06,8.847185e+01,,,,5
2018-04-26 10:33:51.000000,2.609023e+07,1.818683e+07,1.239960e+02,1.410299e+06,8.847184e+01,,,,5
2018-04-26 10:33:52.000000,2.609025e+07,1.818773e+07,1.239965e+02,1.410299e+06,8.847183e+01,,,,5
2018-04-26 10:33:53.000000,2.609025e+07,1.818656e+07,1.239958e+02,1.410299e+06,8.847183e+01,,,,5
2018-04-26 10:33:54.000000,2.609025e+07,1.818832e+07,1.239967e+02,1.410299e+06,8.847182e+01,,,,5
2018-04-26 10:33:55.000000,2.609023e+07,1.818752e+07,1.239964e+02,1.410299e+06,8.847181e+01,,,,5
2018-04-26 10:33:56.000000,2.609023e+07,1.818917e+07,1.239974e+02,1.410299e+06,8.847180e+01,,,,5
2018-04-26 10:33:57.000000,2.609025e+07,1.818793e+07,1.239968e+02,1.410299e+06,8.847179e+01,,,,5
2018-04-26 10:33:58.000000,2.609025e+07,1.818940e+07,1.239975e+02,1.410299e+06,8.847178e+01,,,,5
2018-04-26 10:33:59.000000,2.609025e+07,1.818817e+07,1.239968e+02,1.410299e+06,8.847177e+01,,,,5
2018-04-26 10:34:00.000000,2.609023e+07,1.818847e+07,1.239969e+02,1.410299e+06,8.847176e+01,,,,5
2018-04-26 10:34:01.000000,2.609023e+07,1.818729e+07,1.239963e+02,1.410299e+06,8.847175e+01,,,,5
2018-04-26 10:34:02.000000,2.609023e+07,1.818684e+07,1.239960e+02,1.410299e+06,8.847175e+01,,,,5
2018-04-26 10:34:03.000000,2.609025e+07,1.818687e+07,1.239959e+02,1.410299e+06,8.847174e+01,,,,5
2018-04-26 10:34:04.000000,2.609025e+07,1.818653e+07,1.239958e+02,1.410299e+06,8.847173e+01,,,,5
2018-04-26 10:34:05.000000,2.609025e+07,1.818772e+07,1.239964e+02,1.410299e+06,8.847172e+01,,,,5
2018-04-26 10:34:06.000000,2.609023e+07,1.818745e+07,1.239964e+02,1.410299e+06,8.847171e+01,,,,5
2018-04-26 10:34:07.000000,2.609023e+07,1.818860e+07,1.239971e+02,1.410299e+06,8.847170e+01,,,,5
2018-04-26 10:34:08.000000,2.609023e+07,1.818746e+07,1.239964e+02,1.410299e+06,8.847169e+01,,,,5
2018-04-26 10:34:09.000000,2.609025e+07,1.818942e+07,1.239975e+02,1.410299e+06,8.847168e+01,,,,5
2018-04-26 10:34:10.000000,2.609025e+07,1.818784e+07,1.239967e+02,1.410299e+06,8.847167e+01,,,,5
2018-04-26 10:34:11.000000,2.609023e+07,1.818855e+07,1.239970e+02,1.410299e+06,8.847167e+01,,,,5
2018-04-26 10:34:12.000000,2.609023e+07,1.818696e+07,1.239961e+02,1.410299e+06,8.847166e+01,,,,5
2018-04-26 10:34:13.000000,2.609023e+07,1.818690e+07,1.239961e+02,1.410299e+06,8.847165e+01,,,,5
2018-04-26 10:34:14.000000,2.609025e+07,1.818687e+07,1.239959e+02,1.410299e+06,8.847164e+01,,,,5
2018-04-26 10:34:15.000000,2.609025e+07,1.818659e+07,1.239958e+02,1.410299e+06,8.847163e+01,,,,5
2018-04-26 10:34:16.000000,2.609025e+07,1.818779e+07,1.239965e+02,1.410299e+06,8.847162e+01,,,,5
2018-04-26 10:34:17.000000,2.609023e+07,1.818751e+07,1.239965e+02,1.410299e+06,8.847161e+01,,,,5
2018-04-26 10:34:18.000000,2.609023e+07,1.818867e+07,1.239971e+02,1.410299e+06,8.847160e+01,,,,5
2018-04-26 10:34:19.000000,2.609023e+07,1.818746e+07,1.239964e+02,1.410299e+06,8.847160e+01,,,,5
2018-04-26 10:34:20.000000,2.609025e+07,1.818891e+07,1.239972e+02,1.410299e+06,8.847159e+01,,,,5
2018-04-26 10:34:21.000000,2.609025e+07,1.818784e+07,1.239967e+02,1.410299e+06,8.847158e+01,,,,5
2018-04-26 10:34:22.000000,2.609025e+07,1.818953e+07,1.239976e+02,1.410299e+06,8.847157e+01,,,,5
2018-04-26 10:34:23.000000,2.609023e+07,1.818705e+07,1.239961e+02,1.410299e+06,8.847156e+01,,,,5
2018-04-26 10:34:24.000000,2.609023e+07,1.818844e+07,1.239969e+02,1.410299e+06,8.847155e+01,,,,5
2018-04-26 10:34:25.000000,2.609025e+07,1.818676e+07,1.239959e+02,1.410299e+06,8.847154e+01,,,,5
2018-04-26 10:34:26.000000,2.609025e+07,1.818807e+07,1.239965e+02,1.410299e+06,8.847153e+01,,,,5
2018-04-26 10:34:27.000000,2.609025e+07,1.818691e+07,1.239959e+02,1.410299e+06,8.847152e+01,,,,5
2018-04-26 10:34:28.000000,2.609023e+07,1.818744e+07,1.239964e+02,1.410299e+06,8.847151e+01,,,,5
2018-04-26 10:34:29.000000,2.609023e+07,1.818777e+07,1.239966e+02,1.410299e+06,8.847151e+01,,,,5
2018-04-26 10:34:30.000000,2.609023e+07,1.818744e+07,1.239964e+02,1.410299e+06,8.847150e+01,,,,5
2018-04-26 10:34:31.000000,2.609025e+07,1.818803e+07,1.239968e+02,1.410299e+06,8.847149e+01,,,,5
2018-04-26 10:34:32.000000,2.609025e+07,1.818776e+07,1.239967e+02,1.410299e+06,8.847148e+01,,,,5
2018-04-26 10:34:33.000000,2.609025e+07,1.818956e+07,1.239976e+02,1.410299e+06,8.847147e+01,,,,5
2018-04-26 10:34:34.000000,2.609023e+07,1.818704e+07,1.239961e+02,1.410299e+06,8.847146e+01,,,,5
2018-04-26 10:34:35.000000,2.609023e+07,1.818855e+07,1.239969e+02,1.410299e+06,8.847145e+01,,,,5
2018-04-26 10:34:36.000000,2.609023e+07,1.818683e+07,1.239960e+02,1.410298e+06,8.847145e+01,,,,5
2018-04-26 10:34:37.000000,2.609025e+07,1.818823e+07,1.239966e+02,1.410298e+06,8.847144e+01,,,,5
2018-04-26 10:34:38.000000,2.609025e+07,1.818693e+07,1.239959e+02,1.410298e+06,8.847143e+01,,,,5
2018-04-26 10:34:39.000000,2.609023e+07,1.818900e+07,1.239972e+02,1.410298e+06,8.847142e+01,,,,5
2018-04-26 10:34:40.000000,2.609023e+07,1.818791e+07,1.239967e+02,1.410298e+06,8.847141e+01,,,,5
2018-04-26 10:34:41.000000,2.609023e+07,1.818749e+07,1.239964e+02,1.410298e+06,8.847140e+01,,,,5
2018-04-26 10:34:42.000000,2.609025e+07,1.818805e+07,1.239968e+02,1.410298e+06,8.847139e+01,,,,5
2018-04-26 10:34:43.000000,2.609025e+07,1.818777e+07,1.239967e+02,1.410298e+06,8.847138e+01,,,,5
2018-04-26 10:34:44.000000,2.609025e+07,1.818901e+07,1.239973e+02,1.410298e+06,8.847137e+01,,,,5
2018-04-26 10:34:45.000000,2.609023e+07,1.818703e+07,1.239961e+02,1.410298e+06,8.847136e+01,,,,5
2018-04-26 10:34:46.000000,2.609023e+07,1.818804e+07,1.239967e+02,1.410298e+06,8.847136e+01,,,,5
2018-04-26 10:34:47.000000,2.609023e+07,1.818687e+07,1.239960e+02,1.410298e+06,8.847135e+01,,,,5
2018-04-26 10:34:48.000000,2.609025e+07,1.818768e+07,1.239964e+02,1.410298e+06,8.847134e+01,,,,5
2018-04-26 10:34:49.000000,2.609025e+07,1.818660e+07,1.239958e+02,1.410298e+06,8.847133e+01,,,,5
2018-04-26 10:34:50.000000,2.609025e+07,1.818819e+07,1.239966e+02,1.410298e+06,8.847132e+01,,,,5
2018-04-26 10:34:51.000000,2.609023e+07,1.818750e+07,1.239964e+02,1.410298e+06,8.847131e+01,,,,5
2018-04-26 10:34:52.000000,2.609023e+07,1.818750e+07,1.239965e+02,1.410298e+06,8.847130e+01,,,,5
2018-04-26 10:34:53.000000,2.609025e+07,1.818773e+07,1.239966e+02,1.410298e+06,8.847129e+01,,,,5
2018-04-26 10:34:54.000000,2.609025e+07,1.818782e+07,1.239967e+02,1.410298e+06,8.847129e+01,,,,5
2018-04-26 10:34:55.000000,2.609025e+07,1.818808e+07,1.239968e+02,1.410298e+06,8.847128e+01,,,,5
2018-04-26 10:34:56.000000,2.609024e+07,1.818701e+07,1.239962e+02,1.410298e+06,8.847127e+01,,,,5
2018-04-26 10:34:57.000000,2.609023e+07,1.818804e+07,1.239967e+02,1.410298e+06,8.847126e+01,,,,5
2018-04-26 10:34:58.000000,2.609023e+07,1.818684e+07,1.239960e+02,1.410298e+06,8.847125e+01,,,,5
2018-04-26 10:34:59.000000,2.609025e+07,1.818774e+07,1.239964e+02,1.410298e+06,8.847124e+01,,,,5
2018-04-26 10:35:00.000000,2.609025e+07,1.818656e+07,1.239957e+02,1.410298e+06,8.847123e+01,,,,5
2018-04-26 10:35:01.000000,2.609025e+07,1.818832e+07,1.239967e+02,1.410298e+06,8.847123e+01,,,,5
2018-04-26 10:35:02.000000,2.609023e+07,1.818752e+07,1.239964e+02,1.410298e+06,8.847122e+01,,,,5
2018-04-26 10:35:03.000000,2.609023e+07,1.818916e+07,1.239974e+02,1.410298e+06,8.847121e+01,,,,5
2018-04-26 10:35:04.000000,2.609023e+07,1.818780e+07,1.239966e+02,1.410298e+06,8.847120e+01,,,,5
2018-04-26 10:35:05.000000,2.609025e+07,1.818943e+07,1.239975e+02,1.410298e+06,8.847119e+01,,,,5
2018-04-26 10:35:06.000000,2.609025e+07,1.818818e+07,1.239968e+02,1.410298e+06,8.847118e+01,,,,5
2018-04-26 10:35:07.000000,2.609023e+07,1.818847e+07,1.239969e+02,1.410298e+06,8.847117e+01,,,,5
2018-04-26 10:35:08.000000,2.609023e+07,1.818729e+07,1.239963e+02,1.410298e+06,8.847116e+01,,,,5
2018-04-26 10:35:09.000000,2.609023e+07,1.818684e+07,1.239960e+02,1.410298e+06,8.847115e+01,,,,5
2018-04-26 10:35:10.000000,2.609025e+07,1.818687e+07,1.239959e+02,1.410298e+06,8.847115e+01,,,,5
2018-04-26 10:35:11.000000,2.609025e+07,1.818654e+07,1.239958e+02,1.410298e+06,8.847114e+01,,,,5
2018-04-26 10:35:12.000000,2.609025e+07,1.818772e+07,1.239964e+02,1.410298e+06,8.847113e+01,,,,5
2018-04-26 10:35:13.000000,2.609023e+07,1.818746e+07,1.239964e+02,1.410298e+06,8.847112e+01,,,,5
2018-04-26 10:35:14.000000,2.609023e+07,1.818861e+07,1.239970e+02,1.410298e+06,8.847111e+01,,,,5
2018-04-26 10:35:15.000000,2.609023e+07,1.818746e+07,1.239964e+02,1.410298e+06,8.847110e+01,,,,5
2018-04-26 10:35:16.000000,2.609025e+07,1.818940e+07,1.239975e+02,1.410298e+06,8.847109e+01,,,,5
2018-04-26 10:35:17.000000,2.609025e+07,1.818784e+07,1.239966e+02,1.410298e+06,8.847108e+01,,,,5
2018-04-26 10:35:18.000000,2.609025e+07,1.818782e+07,1.239967e+02,1.410298e+06,8.847108e+01,,,,5
2018-04-26 10:35:19.000000,2.609023e+07,1.818690e+07,1.239961e+02,1.410298e+06,8.847107e+01,,,,5
2018-04-26 10:35:20.000000,2.609024e+07,1.818691e+07,1.239961e+02,1.410298e+06,8.847106e+01,,,,5
2018-04-26 10:35:21.000000,2.609025e+07,1.818688e+07,1.239959e+02,1.410298e+06,8.847105e+01,,,,5
2018-04-26 10:35:22.000000,2.609025e+07,1.818659e+07,1.239958e+02,1.410298e+06,8.847104e+01,,,,5
2018-04-26 10:35:23.000000,2.609025e+07,1.818779e+07,1.239964e+02,1.410298e+06,8.847103e+01,,,,5
2018-04-26 10:35:24.000000,2.609023e+07,1.818751e+07,1.239964e+02,1.410298e+06,8.847102e+01,,,,5
2018-04-26 10:35:25.000000,2.609024e+07,1.818868e+07,1.239971e+02,1.410298e+06,8.847101e+01,,,,5
2018-04-26 10:35:26.000000,2.609023e+07,1.818748e+07,1.239964e+02,1.410298e+06,8.847101e+01,,,,5
2018-04-26 10:35:27.000000,2.609025e+07,1.818891e+07,1.239972e+02,1.410298e+06,8.847100e+01,,,,5
2018-04-26 10:35:28.000000,2.609025e+07,1.818784e+07,1.239966e+02,1.410298e+06,8.847099e+01,,,,5
2018-04-26 10:35:29.000000,2.609025e+07,1.818954e+07,1.239976e+02,1.410298e+06,8.847098e+01,,,,5
2018-04-26 10:35:30.000000,2.609023e+07,1.818706e+07,1.239961e+02,1.410298e+06,8.847097e+01,,,,5
2018-04-26 10:35:31.000000,2.609023e+07,1.818844e+07,1.239969e+02,1.410298e+06,8.847096e+01,,,,5
2018-04-26 10:35:32.000000,2.609025e+07,1.818676e+07,1.239959e+02,1.410298e+06,8.847095e+01,,,,5
2018-04-26 10:35:33.000000,2.609025e+07,1.818805e+07,1.239965e+02,1.410298e+06,8.847094e+01,,,,5
2018-04-26 10:35:34.000000,2.609025e+07,1.818691e+07,1.239959e+02,1.410298e+06,8.847094e+01,,,,5
2018-04-26 10:35:35.000000,2.609023e+07,1.818744e+07,1.239963e+02,1.410298e+06,8.847093e+01,,,,5
2018-04-26 10:35:36.000000,2.609023e+07,1.818777e+07,1.239966e+02,1.410298e+06,8.847092e+01,,,,5
2018-04-26 10:35:37.000000,2.609023e+07,1.818744e+07,1.239964e+02,1.410298e+06,8.847091e+01,,,,5
2018-04-26 10:35:38.000000,2.609025e+07,1.818803e+07,1.239968e+02,1.410298e+06,8.847090e+01,,,,5
2018-04-26 10:35:39.000000,2.609025e+07,1.818777e+07,1.239966e+02,1.410298e+06,8.847089e+01,,,,5
2018-04-26 10:35:40.000000,2.609025e+07,1.818954e+07,1.239976e+02,1.410298e+06,8.847088e+01,,,,5
2018-04-26 10:35:41.000000,2.609023e+07,1.818704e+07,1.239961e+02,1.410298e+06,8.847087e+01,,,,5
2018-04-26 10:35:42.000000,2.609023e+07,1.818855e+07,1.239969e+02,1.410298e+06,8.847087e+01,,,,5
2018-04-26 10:35:43.000000,2.609023e+07,1.818685e+07,1.239960e+02,1.410298e+06,8.847086e+01,,,,5
2018-04-26 10:35:44.000000,2.609025e+07,1.818823e+07,1.239966e+02,1.410298e+06,8.847085e+01,,,,5
2018-04-26 10:35:45.000000,2.609025e+07,1.818694e+07,1.239959e+02,1.410298e+06,8.847084e+01,,,,5
2018-04-26 10:35:46.000000,2.609024e+07,1.818898e+07,1.239972e+02,1.410298e+06,8.847083e+01,,,,5
2018-04-26 10:35:47.000000,2.609023e+07,1.818791e+07,1.239967e+02,1.410298e+06,8.847082e+01,,,,5
2018-04-26 10:35:48.000000,2.609023e+07,1.818749e+07,1.239964e+02,1.410298e+06,8.847081e+01,,,,5
2018-04-26 10:35:49.000000,2.609025e+07,1.818806e+07,1.239968e+02,1.410298e+06,8.847080e+01,,,,5
2018-04-26 10:35:50.000000,2.609025e+07,1.818778e+07,1.239966e+02,1.410298e+06,8.847080e+01,,,,5
2018-04-26 10:35:51.000000,2.609025e+07,1.818901e+07,1.239973e+02,1.410298e+06,8.847079e+01,,,,5
2018-04-26 10:35:52.000000,2.609023e+07,1.818703e+07,1.239961e+02,1.410298e+06,8.847078e+01,,,,5
2018-04-26 10:35:53.000000,2.609023e+07,1.818803e+07,1.239967e+02,1.410298e+06,8.847077e+01,,,,5
2018-04-26 10:35:54.000000,2.609023e+07,1.818687e+07,1.239960e+02,1.410298e+06,8.847076e+01,,,,5
2018-04-26 10:35:55.000000,2.609025e+07,1.818768e+07,1.239964e+02,1.410298e+06,8.847075e+01,,,,5
2018-04-26 10:35:56.000000,2.609025e+07,1.818660e+07,1.239957e+02,1.410298e+06,8.847074e+01,,,,5
2018-04-26 10:35:57.000000,2.609025e+07,1.818817e+07,1.239966e+02,1.410298e+06,8.847074e+01,,,,5
2018-04-26 10:35:58.000000,2.609024e+07,1.818751e+07,1.239964e+02,1.410298e+06,8.847073e+01,,,,5
2018-04-26 10:35:59.000000,2.609023e+07,1.818750e+07,1.239964e+02,1.410298e+06,8.847072e+01,,,,5
2018-04-26 10:36:00.000000,2.609025e+07,1.818773e+07,1.239966e+02,1.410298e+06,8.847071e+01,,,,5
2018-04-26 10:36:01.000000,2.609025e+07,1.818782e+07,1.239967e+02,1.410298e+06,8.847070e+01,,,,5
2018-04-26 10:36:02.000000,2.609025e+07,1.818808e+07,1.239968e+02,1.410298e+06,8.847069e+01,,,,5
2018-04-26 10:36:03.000000,2.609024e+07,1.818703e+07,1.239961e+02,1.410298e+06,8.847068e+01,,,,5
2018-04-26 10:36:04.000000,2.609023e+07,1.818805e+07,1.239967e+02,1.410298e+06,8.847068e+01,,,,5
2018-04-26 10:36:05.000000,2.609024e+07,1.818684e+07,1.239960e+02,1.410298e+06,8.847067e+01,,,,5
2018-04-26 10:36:06.000000,2.609025e+07,1.818774e+07,1.239964e+02,1.410298e+06,8.847066e+01,,,,5
2018-04-26 10:36:07.000000,2.609025e+07,1.818657e+07,1.239957e+02,1.410298e+06,8.847065e+01,,,,5
2018-04-26 10:36:08.000000,2.609025e+07,1.818833e+07,1.239967e+02,1.410298e+06,8.847064e+01,,,,5
2018-04-26 10:36:09.000000,2.609023e+07,1.818753e+07,1.239964e+02,1.410298e+06,8.847063e+01,,,,5
2018-04-26 10:36:10.000000,2.609024e+07,1.818915e+07,1.239973e+02,1.410298e+06,8.847062e+01,,,,5
2018-04-26 10:36:11.000000,2.609023e+07,1.818780e+07,1.239966e+02,1.410298e+06,8.847062e+01,,,,5
2018-04-26 10:36:12.000000,2.609025e+07,1.818943e+07,1.239975e+02,1.410298e+06,8.847061e+01,,,,5
2018-04-26 10:36:13.000000,2.609025e+07,1.818819e+07,1.239968e+02,1.410298e+06,8.847060e+01,,,,5
2018-04-26 10:36:14.000000,2.609023e+07,1.818847e+07,1.239969e+02,1.410298e+06,8.847059e+01,,,,5
2018-04-26 10:36:15.000000,2.609023e+07,1.818729e+07,1.239963e+02,1.410298e+06,8.847058e+01,,,,5
2018-04-26 10:36:16.000000,2.609023e+07,1.818684e+07,1.239960e+02,1.410298e+06,8.847057e+01,,,,5
2018-04-26 10:36:17.000000,2.609025e+07,1.818687e+07,1.239959e+02,1.410298e+06,8.847056e+01,,,,5
2018-04-26 10:36:18.000000,2.609025e+07,1.818654e+07,1.239957e+02,1.410298e+06,8.847055e+01,,,,5
2018-04-26 10:36:19.000000,2.609025e+07,1.818772e+07,1.239964e+02,1.410298e+06,8.847055e+01,,,,5
2018-04-26 10:36:20.000000,2.609023e+07,1.818746e+07,1.239964e+02,1.410298e+06,8.847054e+01,,,,5
2018-04-26 10:36:21.000000,2.609023e+07,1.818861e+07,1.239970e+02,1.410298e+06,8.847053e+01,,,,5
2018-04-26 10:36:22.000000,2.609024e+07,1.818746e+07,1.239964e+02,1.410298e+06,8.847052e+01,,,,5
2018-04-26 10:36:23.000000,2.609025e+07,1.818941e+07,1.239975e+02,1.410298e+06,8.847051e+01,,,,5
2018-04-26 10:36:24.000000,2.609025e+07,1.818786e+07,1.239967e+02,1.410298e+06,8.847050e+01,,,,5
2018-04-26 10:36:25.000000,2.609025e+07,1.818782e+07,1.239967e+02,1.410298e+06,8.847049e+01,,,,5
2018-04-26 10:36:26.000000,2.609023e+07,1.818690e+07,1.239961e+02,1.410298e+06,8.847048e+01,,,,5
2018-04-26 10:36:27.000000,2.609024e+07,1.818691e+07,1.239960e+02,1.410298e+06,8.847048e+01,,,,5
2018-04-26 10:36:28.000000,2.609025e+07,1.818688e+07,1.239959e+02,1.410298e+06,8.847047e+01,,,,5
2018-04-26 10:36:29.000000,2.609025e+07,1.818659e+07,1.239958e+02,1.410298e+06,8.847046e+01,,,,5
2018-04-26 10:36:30.000000,2.609025e+07,1.818779e+07,1.239964e+02,1.410298e+06,8.847045e+01,,,,5
2018-04-26 10:36:31.000000,2.609023e+07,1.818752e+07,1.239964e+02,1.410298e+06,8.847044e+01,,,,5
2018-04-26 10:36:32.000000,2.609024e+07,1.818868e+07,1.239971e+02,1.410298e+06,8.847043e+01,,,,5
2018-04-26 10:36:33.000000,2.609023e+07,1.818749e+07,1.239964e+02,1.410298e+06,8.847043e+01,,,,5
2018-04-26 10:36:34.000000,2.609025e+07,1.818889e+07,1.239972e+02,1.410298e+06,8.847042e+01,,,,5
2018-04-26 10:36:35.000000,2.609025e+07,1.818784e+07,1.239966e+02,1.410298e+06,8.847041e+01,,,,5
2018-04-26 10:36:36.000000,2.609025e+07,1.818954e+07,1.239976e+02,1.410298e+06,8.847040e+01,,,,5
2018-04-26 10:36:37.000000,2.609024e+07,1.818708e+07,1.239961e+02,1.410298e+06,8.847039e+01,,,,5
2018-04-26 10:36:38.000000,2.609023e+07,1.818844e+07,1.239969e+02,1.410298e+06,8.847038e+01,,,,5
2018-04-26 10:36:39.000000,2.609024e+07,1.818719e+07,1.239962e+02,1.410298e+06,8.847037e+01,,,,5
2018-04-26 10:36:40.000000,2.609025e+07,1.818812e+07,1.239966e+02,1.410298e+06,8.847036e+01,,,,5
2018-04-26 10:36:41.000000,2.609025e+07,1.818692e+07,1.239959e+02,1.410298e+06,8.847036e+01,,,,5
2018-04-26 10:36:42.000000,2.609023e+07,1.818744e+07,1.239963e+02,1.410298e+06,8.847035e+01,,,,5
2018-04-26 10:36:43.000000,2.609024e+07,1.818777e+07,1.239965e+02,1.410298e+06,8.847034e+01,,,,5
2018-04-26 10:36:44.000000,2.609023e+07,1.818744e+07,1.239964e+02,1.410298e+06,8.847033e+01,,,,5
2018-04-26 10:36:45.000000,2.609025e+07,1.818803e+07,1.239968e+02,1.410298e+06,8.847032e+01,,,,5
2018-04-26 10:36:46.000000,2.609026e+07,1.818777e+07,1.239966e+02,1.410298e+06,8.847031e+01,,,,5
2018-04-26 10:36:47.000000,2.609025e+07,1.818955e+07,1.239976e+02,1.410298e+06,8.847030e+01,,,,5
2018-04-26 10:36:48.000000,2.609024e+07,1.818707e+07,1.239961e+02,1.410297e+06,8.847030e+01,,,,5
2018-04-26 10:36:49.000000,2.609023e+07,1.818855e+07,1.239969e+02,1.410297e+06,8.847029e+01,,,,5
2018-04-26 10:36:50.000000,2.609023e+07,1.818685e+07,1.239960e+02,1.410297e+06,8.847028e+01,,,,5
2018-04-26 10:36:51.000000,2.609026e+07,1.818822e+07,1.239966e+02,1.410297e+06,8.847027e+01,,,,5
2018-04-26 10:36:52.000000,2.609025e+07,1.818694e+07,1.239959e+02,1.410297e+06,8.847026e+01,,,,5
2018-04-26 10:36:53.000000,2.609025e+07,1.818657e+07,1.239958e+02,1.410297e+06,8.847025e+01,,,,5
2018-04-26 10:36:54.000000,2.609023e+07,1.818771e+07,1.239965e+02,1.410297e+06,8.847024e+01,,,,5
2018-04-26 10:36:55.000000,2.609023e+07,1.818750e+07,1.239964e+02,1.410297e+06,8.847024e+01,,,,5
2018-04-26 10:36:56.000000,2.609025e+07,1.818806e+07,1.239968e+02,1.410297e+06,8.847023e+01,,,,5
2018-04-26 10:36:57.000000,2.609025e+07,1.818778e+07,1.239966e+02,1.410297e+06,8.847022e+01,,,,5
2018-04-26 10:36:58.000000,2.609025e+07,1.818900e+07,1.239973e+02,1.410297e+06,8.847021e+01,,,,5
2018-04-26 10:36:59.000000,2.609023e+07,1.818704e+07,1.239961e+02,1.410297e+06,8.847020e+01,,,,5
2018-04-26 10:37:00.000000,2.609024e+07,1.818804e+07,1.239966e+02,1.410297e+06,8.847019e+01,,,,5
2018-04-26 10:37:01.000000,2.609024e+07,1.818689e+07,1.239960e+02,1.410297e+06,8.847018e+01,,,,5
2018-04-26 10:37:02.000000,2.609025e+07,1.818768e+07,1.239964e+02,1.410297e+06,8.847018e+01,,,,5
2018-04-26 10:37:03.000000,2.609025e+07,1.818660e+07,1.239957e+02,1.410297e+06,8.847017e+01,,,,5
2018-04-26 10:37:04.000000,2.609025e+07,1.818817e+07,1.239966e+02,1.410297e+06,8.847016e+01,,,,5
2018-04-26 10:37:05.000000,2.609024e+07,1.818752e+07,1.239964e+02,1.410297e+06,8.847015e+01,,,,5
2018-04-26 10:37:06.000000,2.609023e+07,1.818917e+07,1.239973e+02,1.410297e+06,8.847014e+01,,,,5
2018-04-26 10:37:07.000000,2.609025e+07,1.818794e+07,1.239967e+02,1.410297e+06,8.847013e+01,,,,5
2018-04-26 10:37:08.000000,2.609026e+07,1.818941e+07,1.239975e+02,1.410297e+06,8.847012e+01,,,,5
2018-04-26 10:37:09.000000,2.609025e+07,1.818818e+07,1.239968e+02,1.410297e+06,8.847012e+01,,,,5
2018-04-26 10:37:10.000000,2.609023e+07,1.818847e+07,1.239969e+02,1.410297e+06,8.847011e+01,,,,5
2018-04-26 10:37:11.000000,2.609024e+07,1.818729e+07,1.239962e+02,1.410297e+06,8.847010e+01,,,,5
2018-04-26 10:37:12.000000,2.609023e+07,1.818684e+07,1.239960e+02,1.410297e+06,8.847009e+01,,,,5
2018-04-26 10:37:13.000000,2.609026e+07,1.818688e+07,1.239959e+02,1.410297e+06,8.847008e+01,,,,5
2018-04-26 10:37:14.000000,2.609025e+07,1.818654e+07,1.239957e+02,1.410297e+06,8.847007e+01,,,,5
2018-04-26 10:37:15.000000,2.609025e+07,1.818772e+07,1.239964e+02,1.410297e+06,8.847007e+01,,,,5
2018-04-26 10:37:16.000000,2.609024e+07,1.818746e+07,1.239964e+02,1.410297e+06,8.847006e+01,,,,5
2018-04-26 10:37:17.000000,2.609023e+07,1.818861e+07,1.239970e+02,1.410297e+06,8.847005e+01,,,,5
2018-04-26 10:37:18.000000,2.609024e+07,1.818747e+07,1.239964e+02,1.410297e+06,8.847004e+01,,,,5
2018-04-26 10:37:19.000000,2.609025e+07,1.818943e+07,1.239975e+02,1.410297e+06,8.847003e+01,,,,5
2018-04-26 10:37:20.000000,2.609026e+07,1.818784e+07,1.239966e+02,1.410297e+06,8.847002e+01,,,,5
2018-04-26 10:37:21.000000,2.609023e+07,1.818855e+07,1.239969e+02,1.410297e+06,8.847001e+01,,,,5
2018-04-26 10:37:22.000000,2.609023e+07,1.818698e+07,1.239961e+02,1.410297e+06,8.847001e+01,,,,5
2018-04-26 10:37:23.000000,2.609024e+07,1.818691e+07,1.239960e+02,1.410297e+06,8.847000e+01,,,,5
2018-04-26 10:37:24.000000,2.609025e+07,1.818688e+07,1.239959e+02,1.410297e+06,8.846999e+01,,,,5
2018-04-26 10:37:25.000000,2.609026e+07,1.818659e+07,1.239958e+02,1.410297e+06,8.846998e+01,,,,5
2018-04-26 10:37:26.000000,2.609025e+07,1.818780e+07,1.239964e+02,1.410297e+06,8.846997e+01,,,,5
2018-04-26 10:37:27.000000,2.609024e+07,1.818752e+07,1.239964e+02,1.410297e+06,8.846996e+01,,,,5
2018-04-26 10:37:28.000000,2.609024e+07,1.818868e+07,1.239971e+02,1.410297e+06,8.846995e+01,,,,5
2018-04-26 10:37:29.000000,2.609024e+07,1.818747e+07,1.239964e+02,1.410297e+06,8.846995e+01,,,,5
2018-04-26 10:37:30.000000,2.609026e+07,1.818892e+07,1.239972e+02,1.410297e+06,8.846994e+01,,,,5
2018-04-26 10:37:31.000000,2.609025e+07,1.818785e+07,1.239966e+02,1.410297e+06,8.846993e+01,,,,5
2018-04-26 10:37:32.000000,2.609026e+07,1.818954e+07,1.239976e+02,1.410297e+06,8.846992e+01,,,,5
2018-04-26 10:37:33.000000,2.609024e+07,1.818706e+07,1.239961e+02,1.410297e+06,8.846991e+01,,,,5
2018-04-26 10:37:34.000000,2.609024e+07,1.818844e+07,1.239968e+02,1.410297e+06,8.846990e+01,,,,5
2018-04-26 10:37:35.000000,2.609026e+07,1.818676e+07,1.239958e+02,1.410297e+06,8.846989e+01,,,,5
2018-04-26 10:37:36.000000,2.609025e+07,1.818808e+07,1.239965e+02,1.410297e+06,8.846989e+01,,,,5
2018-04-26 10:37:37.000000,2.609026e+07,1.818692e+07,1.239959e+02,1.410297e+06,8.846988e+01,,,,5
2018-04-26 10:37:38.000000,2.609024e+07,1.818745e+07,1.239963e+02,1.410297e+06,8.846987e+01,,,,5
2018-04-26 10:37:39.000000,2.609024e+07,1.818778e+07,1.239965e+02,1.410297e+06,8.846986e+01,,,,5
2018-04-26 10:37:40.000000,2.609024e+07,1.818744e+07,1.239964e+02,1.410297e+06,8.846985e+01,,,,5
2018-04-26 10:37:41.000000,2.609025e+07,1.818803e+07,1.239968e+02,1.410297e+06,8.846984e+01,,,,5
2018-04-26 10:37:42.000000,2.609026e+07,1.818777e+07,1.239966e+02,1.410297e+06,8.846984e+01,,,,5
2018-04-26 10:37:43.000000,2.609025e+07,1.818957e+07,1.239976e+02,1.410297e+06,8.846983e+01,,,,5
2018-04-26 10:37:44.000000,2.609024e+07,1.818704e+07,1.239960e+02,1.410297e+06,8.846982e+01,,,,5
2018-04-26 10:37:45.000000,2.609023e+07,1.818855e+07,1.239968e+02,1.410297e+06,8.846981e+01,,,,5
2018-04-26 10:37:46.000000,2.609023e+07,1.818683e+07,1.239959e+02,1.410297e+06,8.846980e+01,,,,5
2018-04-26 10:37:47.000000,2.609026e+07,1.818824e+07,1.239966e+02,1.410297e+06,8.846979e+01,,,,5
2018-04-26 10:37:48.000000,2.609025e+07,1.818694e+07,1.239959e+02,1.410297e+06,8.846978e+01,,,,5
2018-04-26 10:37:49.000000,2.609024e+07,1.818898e+07,1.239971e+02,1.410297e+06,8.846978e+01,,,,5
2018-04-26 10:37:50.000000,2.609023e+07,1.818792e+07,1.239966e+02,1.410297e+06,8.846977e+01,,,,5
2018-04-26 10:37:51.000000,2.609024e+07,1.818750e+07,1.239964e+02,1.410297e+06,8.846976e+01,,,,5
2018-04-26 10:37:52.000000,2.609026e+07,1.818806e+07,1.239968e+02,1.410297e+06,8.846975e+01,,,,5
2018-04-26 10:37:53.000000,2.609025e+07,1.818777e+07,1.239966e+02,1.410297e+06,8.846974e+01,,,,5
2018-04-26 10:37:54.000000,2.609026e+07,1.818902e+07,1.239973e+02,1.410297e+06,8.846973e+01,,,,5
2018-04-26 10:37:55.000000,2.609023e+07,1.818704e+07,1.239961e+02,1.410297e+06,8.846973e+01,,,,5
2018-04-26 10:37:56.000000,2.609024e+07,1.818804e+07,1.239966e+02,1.410297e+06,8.846972e+01,,,,5
2018-04-26 10:37:57.000000,2.609024e+07,1.818687e+07,1.239960e+02,1.410297e+06,8.846971e+01,,,,5
2018-04-26 10:37:58.000000,2.609026e+07,1.818769e+07,1.239964e+02,1.410297e+06,8.846970e+01,,,,5
2018-04-26 10:37:59.000000,2.609026e+07,1.818660e+07,1.239957e+02,1.410297e+06,8.846969e+01,,,,5
2018-04-26 10:38:00.000000,2.609025e+07,1.818820e+07,1.239966e+02,1.410297e+06,8.846968e+01,,,,5
2018-04-26 10:38:01.000000,2.609024e+07,1.818751e+07,1.239964e+02,1.410297e+06,8.846967e+01,,,,5
2018-04-26 10:38:02.000000,2.609024e+07,1.818751e+07,1.239964e+02,1.410297e+06,8.846967e+01,,,,5
2018-04-26 10:38:03.000000,2.609026e+07,1.818774e+07,1.239966e+02,1.410297e+06,8.846966e+01,,,,5
2018-04-26 10:38:04.000000,2.609025e+07,1.818782e+07,1.239967e+02,1.410297e+06,8.846965e+01,,,,5
2018-04-26 10:38:05.000000,2.609025e+07,1.818809e+07,1.239968e+02,1.410297e+06,8.846964e+01,,,,5
2018-04-26 10:38:06.000000,2.609024e+07,1.818703e+07,1.239961e+02,1.410297e+06,8.846963e+01,,,,5
2018-04-26 10:38:07.000000,2.609024e+07,1.818805e+07,1.239966e+02,1.410297e+06,8.846962e+01,,,,5
2018-04-26 10:38:08.000000,2.609024e+07,1.818684e+07,1.239959e+02,1.410297e+06,8.846962e+01,,,,5
2018-04-26 10:38:09.000000,2.609025e+07,1.818774e+07,1.239964e+02,1.410297e+06,8.846961e+01,,,,5
2018-04-26 10:38:10.000000,2.609025e+07,1.818657e+07,1.239957e+02,1.410297e+06,8.846960e+01,,,,5
2018-04-26 10:38:11.000000,2.609026e+07,1.818833e+07,1.239967e+02,1.410297e+06,8.846959e+01,,,,5
2018-04-26 10:38:12.000000,2.609024e+07,1.818753e+07,1.239964e+02,1.410297e+06,8.846958e+01,,,,5
2018-04-26 10:38:13.000000,2.609024e+07,1.818915e+07,1.239973e+02,1.410297e+06,8.846957e+01,,,,5
2018-04-26 10:38:14.000000,2.609023e+07,1.818781e+07,1.239965e+02,1.410297e+06,8.846957e+01,,,,5
2018-04-26 10:38:15.000000,2.609026e+07,1.818943e+07,1.239975e+02,1.410297e+06,8.846956e+01,,,,5
2018-04-26 10:38:16.000000,2.609026e+07,1.818819e+07,1.239968e+02,1.410297e+06,8.846955e+01,,,,5
2018-04-26 10:38:17.000000,2.609024e+07,1.818847e+07,1.239968e+02,1.410297e+06,8.846954e+01,,,,5
2018-04-26 10:38:18.000000,2.609024e+07,1.818730e+07,1.239962e+02,1.410297e+06,8.846953e+01,,,,5
2018-04-26 10:38:19.000000,2.609023e+07,1.818685e+07,1.239960e+02,1.410297e+06,8.846952e+01,,,,5
2018-04-26 10:38:20.000000,2.609026e+07,1.818688e+07,1.239959e+02,1.410297e+06,8.846951e+01,,,,5
2018-04-26 10:38:21.000000,2.609026e+07,1.818654e+07,1.239957e+02,1.410297e+06,8.846951e+01,,,,5
2018-04-26 10:38:22.000000,2.609026e+07,1.818773e+07,1.239963e+02,1.410297e+06,8.846950e+01,,,,5
2018-04-26 10:38:23.000000,2.609024e+07,1.818746e+07,1.239964e+02,1.410297e+06,8.846949e+01,,,,5
2018-04-26 10:38:24.000000,2.609023e+07,1.818861e+07,1.239970e+02,1.410297e+06,8.846948e+01,,,,5
2018-04-26 10:38:25.000000,2.609024e+07,1.818747e+07,1.239964e+02,1.410297e+06,8.846947e+01,,,,5
2018-04-26 10:38:26.000000,2.609026e+07,1.818941e+07,1.239975e+02,1.410297e+06,8.846946e+01,,,,5
2018-04-26 10:38:27.000000,2.609026e+07,1.818785e+07,1.239966e+02,1.410297e+06,8.846946e+01,,,,5
2018-04-26 10:38:28.000000,2.609025e+07,1.818782e+07,1.239967e+02,1.410297e+06,8.846945e+01,,,,5
2018-04-26 10:38:29.000000,2.609024e+07,1.818690e+07,1.239960e+02,1.410297e+06,8.846944e+01,,,,5
2018-04-26 10:38:30.000000,2.609024e+07,1.818691e+07,1.239960e+02,1.410297e+06,8.846943e+01,,,,5
2018-04-26 10:38:31.000000,2.609025e+07,1.818688e+07,1.239959e+02,1.410297e+06,8.846942e+01,,,,5
2018-04-26 10:38:32.000000,2.609026e+07,1.818660e+07,1.239957e+02,1.410297e+06,8.846941e+01,,,,5
2018-04-26 10:38:33.000000,2.609025e+07,1.818779e+07,1.239964e+02,1.410297e+06,8.846941e+01,,,,5
2018-04-26 10:38:34.000000,2.609024e+07,1.818752e+07,1.239964e+02,1.410297e+06,8.846940e+01,,,,5
2018-04-26 10:38:35.000000,2.609024e+07,1.818868e+07,1.239970e+02,1.410297e+06,8.846939e+01,,,,5
2018-04-26 10:38:36.000000,2.609024e+07,1.818749e+07,1.239964e+02,1.410297e+06,8.846938e+01,,,,5
2018-04-26 10:38:37.000000,2.609026e+07,1.818892e+07,1.239972e+02,1.410297e+06,8.846937e+01,,,,5
2018-04-26 10:38:38.000000,2.609025e+07,1.818785e+07,1.239966e+02,1.410297e+06,8.846936e+01,,,,5
2018-04-26 10:38:39.000000,2.609026e+07,1.818954e+07,1.239976e+02,1.410297e+06,8.846936e+01,,,,5
2018-04-26 10:38:40.000000,2.609024e+07,1.818708e+07,1.239961e+02,1.410297e+06,8.846935e+01,,,,5
2018-04-26 10:38:41.000000,2.609024e+07,1.818844e+07,1.239968e+02,1.410297e+06,8.846934e+01,,,,5
2018-04-26 10:38:42.000000,2.609026e+07,1.818676e+07,1.239958e+02,1.410297e+06,8.846933e+01,,,,5
2018-04-26 10:38:43.000000,2.609025e+07,1.818806e+07,1.239965e+02,1.410297e+06,8.846932e+01,,,,5
2018-04-26 10:38:44.000000,2.609026e+07,1.818692e+07,1.239959e+02,1.410297e+06,8.846931e+01,,,,5
2018-04-26 10:38:45.000000,2.609024e+07,1.818745e+07,1.239963e+02,1.410297e+06,8.846931e+01,,,,5
2018-04-26 10:38:46.000000,2.609024e+07,1.818778e+07,1.239965e+02,1.410297e+06,8.846930e+01,,,,5
2018-04-26 10:38:47.000000,2.609024e+07,1.818744e+07,1.239963e+02,1.410297e+06,8.846929e+01,,,,5
2018-04-26 10:38:48.000000,2.609025e+07,1.818804e+07,1.239968e+02,1.410297e+06,8.846928e+01,,,,5
2018-04-26 10:38:49.000000,2.609026e+07,1.818777e+07,1.239966e+02,1.410297e+06,8.846927e+01,,,,5
2018-04-26 10:38:50.000000,2.609026e+07,1.818955e+07,1.239976e+02,1.410297e+06,8.846926e+01,,,,5
2018-04-26 10:38:51.000000,2.609024e+07,1.818704e+07,1.239960e+02,1.410297e+06,8.846926e+01,,,,5
2018-04-26 10:38:52.000000,2.609024e+07,1.818856e+07,1.239968e+02,1.410297e+06,8.846925e+01,,,,5
2018-04-26 10:38:53.000000,2.609024e+07,1.818686e+07,1.239959e+02,1.410297e+06,8.846924e+01,,,,5
2018-04-26 10:38:54.000000,2.609026e+07,1.818824e+07,1.239966e+02,1.410297e+06,8.846923e+01,,,,5
2018-04-26 10:38:55.000000,2.609026e+07,1.818694e+07,1.239959e+02,1.410297e+06,8.846922e+01,,,,5
2018-04-26 10:38:56.000000,2.609024e+07,1.818898e+07,1.239971e+02,1.410297e+06,8.846921e+01,,,,5
2018-04-26 10:38:57.000000,2.609023e+07,1.818793e+07,1.239966e+02,1.410297e+06,8.846921e+01,,,,5
2018-04-26 10:38:58.000000,2.609024e+07,1.818750e+07,1.239964e+02,1.410297e+06,8.846920e+01,,,,5
2018-04-26 10:38:59.000000,2.609026e+07,1.818806e+07,1.239968e+02,1.410297e+06,8.846919e+01,,,,5
2018-04-26 10:39:00.000000,2.609026e+07,1.818778e+07,1.239966e+02,1.410296e+06,8.846918e+01,,,,5
2018-04-26 10:39:01.000000,2.609026e+07,1.818902e+07,1.239973e+02,1.410296e+06,8.846917e+01,,,,5
2018-04-26 10:39:02.000000,2.609023e+07,1.818704e+07,1.239960e+02,1.410296e+06,8.846916e+01,,,,5
2018-04-26 10:39:03.000000,2.609024e+07,1.818804e+07,1.239966e+02,1.410296e+06,8.846916e+01,,,,5
2018-04-26 10:39:04.000000,2.609024e+07,1.818687e+07,1.239959e+02,1.410296e+06,8.846915e+01,,,,5
2018-04-26 10:39:05.000000,2.609026e+07,1.818769e+07,1.239963e+02,1.410296e+06,8.846914e+01,,,,5
2018-04-26 10:39:06.000000,2.609026e+07,1.818660e+07,1.239957e+02,1.410296e+06,8.846913e+01,,,,5
2018-04-26 10:39:07.000000,2.609025e+07,1.818818e+07,1.239966e+02,1.410296e+06,8.846912e+01,,,,5
2018-04-26 10:39:08.000000,2.609024e+07,1.818752e+07,1.239963e+02,1.410296e+06,8.846911e+01,,,,5
2018-04-26 10:39:09.000000,2.609024e+07,1.818751e+07,1.239964e+02,1.410296e+06,8.846911e+01,,,,5
2018-04-26 10:39:10.000000,2.609026e+07,1.818774e+07,1.239966e+02,1.410296e+06,8.846910e+01,,,,5
2018-04-26 10:39:11.000000,2.609026e+07,1.818782e+07,1.239966e+02,1.410296e+06,8.846909e+01,,,,5
2018-04-26 10:39:12.000000,2.609025e+07,1.818809e+07,1.239968e+02,1.410296e+06,8.846908e+01,,,,5
2018-04-26 10:39:13.000000,2.609024e+07,1.818703e+07,1.239961e+02,1.410296e+06,8.846907e+01,,,,5
2018-04-26 10:39:14.000000,2.609024e+07,1.818804e+07,1.239966e+02,1.410296e+06,8.846906e+01,,,,5
2018-04-26 10:39:15.000000,2.609024e+07,1.818684e+07,1.239959e+02,1.410296e+06,8.846906e+01,,,,5
2018-04-26 10:39:16.000000,2.609025e+07,1.818774e+07,1.239964e+02,1.410296e+06,8.846905e+01,,,,5
2018-04-26 10:39:17.000000,2.609026e+07,1.818658e+07,1.239957e+02,1.410296e+06,8.846904e+01,,,,5
2018-04-26 10:39:18.000000,2.609026e+07,1.818833e+07,1.239967e+02,1.410296e+06,8.846903e+01,,,,5
2018-04-26 10:39:19.000000,2.609024e+07,1.818753e+07,1.239963e+02,1.410296e+06,8.846902e+01,,,,5
2018-04-26 10:39:20.000000,2.609024e+07,1.818915e+07,1.239972e+02,1.410296e+06,8.846902e+01,,,,5
2018-04-26 10:39:21.000000,2.609023e+07,1.818781e+07,1.239965e+02,1.410296e+06,8.846901e+01,,,,5
2018-04-26 10:39:22.000000,2.609026e+07,1.818943e+07,1.239974e+02,1.410296e+06,8.846900e+01,,,,5
2018-04-26 10:39:23.000000,2.609026e+07,1.818819e+07,1.239968e+02,1.410296e+06,8.846899e+01,,,,5
2018-04-26 10:39:24.000000,2.609024e+07,1.818847e+07,1.239968e+02,1.410296e+06,8.846898e+01,,,,5
2018-04-26 10:39:25.000000,2.609024e+07,1.818730e+07,1.239962e+02,1.410296e+06,8.846897e+01,,,,5
2018-04-26 10:39:26.000000,2.609023e+07,1.818685e+07,1.239959e+02,1.410296e+06,8.846897e+01,,,,5
2018-04-26 10:39:27.000000,2.609026e+07,1.818688e+07,1.239959e+02,1.410296e+06,8.846896e+01,,,,5
2018-04-26 10:39:28.000000,2.609026e+07,1.818654e+07,1.239957e+02,1.410296e+06,8.846895e+01,,,,5
2018-04-26 10:39:29.000000,2.609026e+07,1.818773e+07,1.239963e+02,1.410296e+06,8.846894e+01,,,,5
2018-04-26 10:39:30.000000,2.609024e+07,1.818746e+07,1.239963e+02,1.410296e+06,8.846893e+01,,,,5
2018-04-26 10:39:31.000000,2.609023e+07,1.818860e+07,1.239970e+02,1.410296e+06,8.846892e+01,,,,5
2018-04-26 10:39:32.000000,2.609024e+07,1.818747e+07,1.239963e+02,1.410296e+06,8.846892e+01,,,,5
2018-04-26 10:39:33.000000,2.609026e+07,1.818941e+07,1.239975e+02,1.410296e+06,8.846891e+01,,,,5
2018-04-26 10:39:34.000000,2.609026e+07,1.818786e+07,1.239967e+02,1.410296e+06,8.846890e+01,,,,5
2018-04-26 10:39:35.000000,2.609026e+07,1.818782e+07,1.239966e+02,1.410296e+06,8.846889e+01,,,,5
2018-04-26 10:39:36.000000,2.609024e+07,1.818691e+07,1.239960e+02,1.410296e+06,8.846888e+01,,,,5
2018-04-26 10:39:37.000000,2.609024e+07,1.818691e+07,1.239960e+02,1.410296e+06,8.846887e+01,,,,5
2018-04-26 10:39:38.000000,2.609026e+07,1.818688e+07,1.239959e+02,1.410296e+06,8.846887e+01,,,,5
2018-04-26 10:39:39.000000,2.609026e+07,1.818660e+07,1.239957e+02,1.410296e+06,8.846886e+01,,,,5
2018-04-26 10:39:40.000000,2.609025e+07,1.818779e+07,1.239964e+02,1.410296e+06,8.846885e+01,,,,5
2018-04-26 10:39:41.000000,2.609024e+07,1.818752e+07,1.239964e+02,1.410296e+06,8.846884e+01,,,,5
2018-04-26 10:39:42.000000,2.609024e+07,1.818868e+07,1.239970e+02,1.410296e+06,8.846883e+01,,,,5
2018-04-26 10:39:43.000000,2.609024e+07,1.818749e+07,1.239963e+02,1.410296e+06,8.846883e+01,,,,5
2018-04-26 10:39:44.000000,2.609026e+07,1.818890e+07,1.239972e+02,1.410296e+06,8.846882e+01,,,,5
2018-04-26 10:39:45.000000,2.609025e+07,1.818785e+07,1.239966e+02,1.410296e+06,8.846881e+01,,,,5
2018-04-26 10:39:46.000000,2.609026e+07,1.818954e+07,1.239975e+02,1.410296e+06,8.846880e+01,,,,5
2018-04-26 10:39:47.000000,2.609024e+07,1.818708e+07,1.239960e+02,1.410296e+06,8.846879e+01,,,,5
2018-04-26 10:39:48.000000,2.609024e+07,1.818842e+07,1.239968e+02,1.410296e+06,8.846878e+01,,,,5
2018-04-26 10:39:49.000000,2.609024e+07,1.818720e+07,1.239961e+02,1.410296e+06,8.846878e+01,,,,5
2018-04-26 10:39:50.000000,2.609025e+07,1.818813e+07,1.239966e+02,1.410296e+06,8.846877e+01,,,,5
2018-04-26 10:39:51.000000,2.609026e+07,1.818694e+07,1.239959e+02,1.410296e+06,8.846876e+01,,,,5
2018-04-26 10:39:52.000000,2.609024e+07,1.818745e+07,1.239963e+02,1.410296e+06,8.846875e+01,,,,5
2018-04-26 10:39:53.000000,2.609024e+07,1.818778e+07,1.239965e+02,1.410296e+06,8.846874e+01,,,,5
2018-04-26 10:39:54.000000,2.609024e+07,1.818744e+07,1.239963e+02,1.410296e+06,8.846874e+01,,,,5
2018-04-26 10:39:55.000000,2.609025e+07,1.818804e+07,1.239967e+02,1.410296e+06,8.846873e+01,,,,5
2018-04-26 10:39:56.000000,2.609026e+07,1.818777e+07,1.239966e+02,1.410296e+06,8.846872e+01,,,,5
2018-04-26 10:39:57.000000,2.609026e+07,1.818955e+07,1.239976e+02,1.410296e+06,8.846871e+01,,,,5
2018-04-26 10:39:58.000000,2.609024e+07,1.818707e+07,1.239961e+02,1.410296e+06,8.846870e+01,,,,5
2018-04-26 10:39:59.000000,2.609024e+07,1.818856e+07,1.239968e+02,1.410296e+06,8.846869e+01,,,,5
2018-04-26 10:40:00.000000,2.609024e+07,1.818686e+07,1.239959e+02,1.410296e+06,8.846869e+01,,,,5
2018-04-26 10:40:01.000000,2.609026e+07,1.818822e+07,1.239966e+02,1.410296e+06,8.846868e+01,,,,5
2018-04-26 10:40:02.000000,2.609026e+07,1.818694e+07,1.239959e+02,1.410296e+06,8.846867e+01,,,,5
2018-04-26 10:40:03.000000,2.609026e+07,1.818658e+07,1.239957e+02,1.410296e+06,8.846866e+01,,,,5
2018-04-26 10:40:04.000000,2.609024e+07,1.818772e+07,1.239964e+02,1.410296e+06,8.846865e+01,,,,5
2018-04-26 10:40:05.000000,2.609024e+07,1.818750e+07,1.239964e+02,1.410296e+06,8.846864e+01,,,,5
2018-04-26 10:40:06.000000,2.609026e+07,1.818806e+07,1.239968e+02,1.410296e+06,8.846864e+01,,,,5
2018-04-26 10:40:07.000000,2.609026e+07,1.818779e+07,1.239966e+02,1.410296e+06,8.846863e+01,,,,5
2018-04-26 10:40:08.000000,2.609026e+07,1.818901e+07,1.239973e+02,1.410296e+06,8.846862e+01,,,,5
2018-04-26 10:40:09.000000,2.609023e+07,1.818705e+07,1.239960e+02,1.410296e+06,8.846861e+01,,,,5
2018-04-26 10:40:10.000000,2.609024e+07,1.818804e+07,1.239966e+02,1.410296e+06,8.846860e+01,,,,5
2018-04-26 10:40:11.000000,2.609024e+07,1.818689e+07,1.239959e+02,1.410296e+06,8.846860e+01,,,,5
2018-04-26 10:40:12.000000,2.609026e+07,1.818768e+07,1.239963e+02,1.410296e+06,8.846859e+01,,,,5
2018-04-26 10:40:13.000000,2.609026e+07,1.818660e+07,1.239957e+02,1.410296e+06,8.846858e+01,,,,5
2018-04-26 10:40:14.000000,2.609025e+07,1.818818e+07,1.239966e+02,1.410296e+06,8.846857e+01,,,,5
2018-04-26 10:40:15.000000,2.609024e+07,1.818752e+07,1.239963e+02,1.410296e+06,8.846856e+01,,,,5
2018-04-26 10:40:16.000000,2.609024e+07,1.818751e+07,1.239964e+02,1.410296e+06,8.846855e+01,,,,5
2018-04-26 10:40:17.000000,2.609024e+07,1.818780e+07,1.239965e+02,1.410296e+06,8.846855e+01,,,,5
2018-04-26 10:40:18.000000,2.609026e+07,1.818782e+07,1.239966e+02,1.410296e+06,8.846854e+01,,,,5
2018-04-26 10:40:19.000000,2.609025e+07,1.818809e+07,1.239967e+02,1.410296e+06,8.846853e+01,,,,5
2018-04-26 10:40:20.000000,2.609024e+07,1.818703e+07,1.239961e+02,1.410296e+06,8.846852e+01,,,,5
2018-04-26 10:40:21.000000,2.609024e+07,1.818804e+07,1.239966e+02,1.410296e+06,8.846851e+01,,,,5
2018-04-26 10:40:22.000000,2.609024e+07,1.818685e+07,1.239959e+02,1.410296e+06,8.846851e+01,,,,5
2018-04-26 10:40:23.000000,2.609025e+07,1.818773e+07,1.239964e+02,1.410296e+06,8.846850e+01,,,,5
2018-04-26 10:40:24.000000,2.609026e+07,1.818658e+07,1.239957e+02,1.410296e+06,8.846849e+01,,,,5
2018-04-26 10:40:25.000000,2.609026e+07,1.818831e+07,1.239967e+02,1.410296e+06,8.846848e+01,,,,5
2018-04-26 10:40:26.000000,2.609024e+07,1.818753e+07,1.239963e+02,1.410296e+06,8.846847e+01,,,,5
2018-04-26 10:40:27.000000,2.609024e+07,1.818916e+07,1.239972e+02,1.410296e+06,8.846847e+01,,,,5
2018-04-26 10:40:28.000000,2.609024e+07,1.818782e+07,1.239965e+02,1.410296e+06,8.846846e+01,,,,5
2018-04-26 10:40:29.000000,2.609026e+07,1.818943e+07,1.239974e+02,1.410296e+06,8.846845e+01,,,,5
2018-04-26 10:40:30.000000,2.609026e+07,1.818819e+07,1.239968e+02,1.410296e+06,8.846844e+01,,,,5
2018-04-26 10:40:31.000000,2.609024e+07,1.818848e+07,1.239968e+02,1.410296e+06,8.846843e+01,,,,5
2018-04-26 10:40:32.000000,2.609024e+07,1.818731e+07,1.239962e+02,1.410296e+06,8.846842e+01,,,,5
2018-04-26 10:40:33.000000,2.609024e+07,1.818685e+07,1.239959e+02,1.410296e+06,8.846842e+01,,,,5
2018-04-26 10:40:34.000000,2.609026e+07,1.818688e+07,1.239959e+02,1.410296e+06,8.846841e+01,,,,5
2018-04-26 10:40:35.000000,2.609026e+07,1.818655e+07,1.239957e+02,1.410296e+06,8.846840e+01,,,,5
2018-04-26 10:40:36.000000,2.609026e+07,1.818773e+07,1.239963e+02,1.410296e+06,8.846839e+01,,,,5
2018-04-26 10:40:37.000000,2.609024e+07,1.818746e+07,1.239963e+02,1.410296e+06,8.846838e+01,,,,5
2018-04-26 10:40:38.000000,2.609024e+07,1.818860e+07,1.239970e+02,1.410296e+06,8.846838e+01,,,,5
2018-04-26 10:40:39.000000,2.609024e+07,1.818749e+07,1.239963e+02,1.410296e+06,8.846837e+01,,,,5
2018-04-26 10:40:40.000000,2.609026e+07,1.818941e+07,1.239974e+02,1.410296e+06,8.846836e+01,,,,5
2018-04-26 10:40:41.000000,2.609026e+07,1.818786e+07,1.239966e+02,1.410296e+06,8.846835e+01,,,,5
2018-04-26 10:40:42.000000,2.609026e+07,1.818782e+07,1.239966e+02,1.410296e+06,8.846834e+01,,,,5
2018-04-26 10:40:43.000000,2.609024e+07,1.818691e+07,1.239960e+02,1.410296e+06,8.846834e+01,,,,5
2018-04-26 10:40:44.000000,2.609024e+07,1.818691e+07,1.239960e+02,1.410296e+06,8.846833e+01,,,,5
2018-04-26 10:40:45.000000,2.609026e+07,1.818688e+07,1.239959e+02,1.410296e+06,8.846832e+01,,,,5
2018-04-26 10:40:46.000000,2.609026e+07,1.818660e+07,1.239957e+02,1.410296e+06,8.846831e+01,,,,5
2018-04-26 10:40:47.000000,2.609025e+07,1.818779e+07,1.239964e+02,1.410296e+06,8.846830e+01,,,,5
2018-04-26 10:40:48.000000,2.609024e+07,1.818752e+07,1.239964e+02,1.410296e+06,8.846829e+01,,,,5
2018-04-26 10:40:49.000000,2.609024e+07,1.818867e+07,1.239970e+02,1.410296e+06,8.846829e+01,,,,5
2018-04-26 10:40:50.000000,2.609024e+07,1.818749e+07,1.239963e+02,1.410296e+06,8.846828e+01,,,,5
2018-04-26 10:40:51.000000,2.609026e+07,1.818890e+07,1.239971e+02,1.410296e+06,8.846827e+01,,,,5
2018-04-26 10:40:52.000000,2.609025e+07,1.818786e+07,1.239966e+02,1.410296e+06,8.846826e+01,,,,5
2018-04-26 10:40:53.000000,2.609026e+07,1.818954e+07,1.239975e+02,1.410296e+06,8.846825e+01,,,,5
2018-04-26 10:40:54.000000,2.609024e+07,1.818708e+07,1.239960e+02,1.410296e+06,8.846825e+01,,,,5
2018-04-26 10:40:55.000000,2.609024e+07,1.818843e+07,1.239968e+02,1.410296e+06,8.846824e+01,,,,5
2018-04-26 10:40:56.000000,2.609024e+07,1.818721e+07,1.239961e+02,1.410296e+06,8.846823e+01,,,,5
2018-04-26 10:40:57.000000,2.609025e+07,1.818813e+07,1.239966e+02,1.410296e+06,8.846822e+01,,,,5
2018-04-26 10:40:58.000000,2.609026e+07,1.818694e+07,1.239958e+02,1.410296e+06,8.846821e+01,,,,5
2018-04-26 10:40:59.000000,2.609024e+07,1.818744e+07,1.239963e+02,1.410296e+06,8.846821e+01,,,,5
2018-04-26 10:41:00.000000,2.609024e+07,1.818778e+07,1.239965e+02,1.410296e+06,8.846820e+01,,,,5
2018-04-26 10:41:01.000000,2.609024e+07,1.818744e+07,1.239963e+02,1.410296e+06,8.846819e+01,,,,5
2018-04-26 10:41:02.000000,2.609025e+07,1.818803e+07,1.239967e+02,1.410296e+06,8.846818e+01,,,,5
2018-04-26 10:41:03.000000,2.609026e+07,1.818777e+07,1.239966e+02,1.410296e+06,8.846817e+01,,,,5
2018-04-26 10:41:04.000000,2.609026e+07,1.818955e+07,1.239975e+02,1.410296e+06,8.846817e+01,,,,5
2018-04-26 10:41:05.000000,2.609024e+07,1.818707e+07,1.239960e+02,1.410296e+06,8.846816e+01,,,,5
2018-04-26 10:41:06.000000,2.609024e+07,1.818854e+07,1.239968e+02,1.410296e+06,8.846815e+01,,,,5
2018-04-26 10:41:07.000000,2.609024e+07,1.818686e+07,1.239959e+02,1.410296e+06,8.846814e+01,,,,5
2018-04-26 10:41:08.000000,2.609026e+07,1.818822e+07,1.239965e+02,1.410296e+06,8.846813e+01,,,,5
2018-04-26 10:41:09.000000,2.609026e+07,1.818696e+07,1.239958e+02,1.410296e+06,8.846813e+01,,,,5
2018-04-26 10:41:10.000000,2.609026e+07,1.818658e+07,1.239957e+02,1.410296e+06,8.846812e+01,,,,5
2018-04-26 10:41:11.000000,2.609024e+07,1.818772e+07,1.239964e+02,1.410296e+06,8.846811e+01,,,,5
2018-04-26 10:41:12.000000,2.609024e+07,1.818750e+07,1.239964e+02,1.410295e+06,8.846810e+01,,,,5
2018-04-26 10:41:13.000000,2.609026e+07,1.818806e+07,1.239967e+02,1.410295e+06,8.846809e+01,,,,5
2018-04-26 10:41:14.000000,2.609026e+07,1.818779e+07,1.239966e+02,1.410295e+06,8.846809e+01,,,,5
2018-04-26 10:41:15.000000,2.609026e+07,1.818901e+07,1.239972e+02,1.410295e+06,8.846808e+01,,,,5
2018-04-26 10:41:16.000000,2.609024e+07,1.818707e+07,1.239960e+02,1.410295e+06,8.846807e+01,,,,5
2018-04-26 10:41:17.000000,2.609024e+07,1.818804e+07,1.239966e+02,1.410295e+06,8.846806e+01,,,,5
2018-04-26 10:41:18.000000,2.609024e+07,1.818689e+07,1.239959e+02,1.410295e+06,8.846805e+01,,,,5
2018-04-26 10:41:19.000000,2.609026e+07,1.818768e+07,1.239963e+02,1.410295e+06,8.846804e+01,,,,5
2018-04-26 10:41:20.000000,2.609026e+07,1.818661e+07,1.239957e+02,1.410295e+06,8.846804e+01,,,,5
2018-04-26 10:41:21.000000,2.609025e+07,1.818818e+07,1.239965e+02,1.410295e+06,8.846803e+01,,,,5
2018-04-26 10:41:22.000000,2.609024e+07,1.818752e+07,1.239963e+02,1.410295e+06,8.846802e+01,,,,5
2018-04-26 10:41:23.000000,2.609024e+07,1.818751e+07,1.239964e+02,1.410295e+06,8.846801e+01,,,,5
2018-04-26 10:41:24.000000,2.609024e+07,1.818780e+07,1.239965e+02,1.410295e+06,8.846801e+01,,,,5
2018-04-26 10:41:25.000000,2.609026e+07,1.818783e+07,1.239966e+02,1.410295e+06,8.846800e+01,,,,5
2018-04-26 10:41:26.000000,2.609026e+07,1.818809e+07,1.239967e+02,1.410295e+06,8.846799e+01,,,,5
2018-04-26 10:41:27.000000,2.609024e+07,1.818847e+07,1.239968e+02,1.410295e+06,8.846798e+01,,,,5
2018-04-26 10:41:28.000000,2.609024e+07,1.818730e+07,1.239962e+02,1.410295e+06,8.846797e+01,,,,5
2018-04-26 10:41:29.000000,2.609024e+07,1.818685e+07,1.239959e+02,1.410295e+06,8.846797e+01,,,,5
2018-04-26 10:41:30.000000,2.609026e+07,1.818688e+07,1.239958e+02,1.410295e+06,8.846796e+01,,,,5
2018-04-26 10:41:31.000000,2.609026e+07,1.818655e+07,1.239957e+02,1.410295e+06,8.846795e+01,,,,5
2018-04-26 10:41:32.000000,2.609026e+07,1.818773e+07,1.239963e+02,1.410295e+06,8.846794e+01,,,,5
2018-04-26 10:41:33.000000,2.609024e+07,1.818747e+07,1.239963e+02,1.410295e+06,8.846793e+01,,,,5
2018-04-26 10:41:34.000000,2.609024e+07,1.818861e+07,1.239970e+02,1.410295e+06,8.846792e+01,,,,5
2018-04-26 10:41:35.000000,2.609024e+07,1.818747e+07,1.239963e+02,1.410295e+06,8.846792e+01,,,,5
2018-04-26 10:41:36.000000,2.609026e+07,1.818942e+07,1.239974e+02,1.410295e+06,8.846791e+01,,,,5
2018-04-26 10:41:37.000000,2.609026e+07,1.818785e+07,1.239965e+02,1.410295e+06,8.846790e+01,,,,5
2018-04-26 10:41:38.000000,2.609026e+07,1.818783e+07,1.239966e+02,1.410295e+06,8.846789e+01,,,,5
2018-04-26 10:41:39.000000,2.609024e+07,1.818691e+07,1.239960e+02,1.410295e+06,8.846788e+01,,,,5
2018-04-26 10:41:40.000000,2.609024e+07,1.818692e+07,1.239960e+02,1.410295e+06,8.846788e+01,,,,5
2018-04-26 10:41:41.000000,2.609026e+07,1.818689e+07,1.239958e+02,1.410295e+06,8.846787e+01,,,,5
2018-04-26 10:41:42.000000,2.609026e+07,1.818660e+07,1.239957e+02,1.410295e+06,8.846786e+01,,,,5
2018-04-26 10:41:43.000000,2.609026e+07,1.818780e+07,1.239964e+02,1.410295e+06,8.846785e+01,,,,5
2018-04-26 10:41:44.000000,2.609024e+07,1.818753e+07,1.239964e+02,1.410295e+06,8.846784e+01,,,,5
2018-04-26 10:41:45.000000,2.609024e+07,1.818869e+07,1.239970e+02,1.410295e+06,8.846784e+01,,,,5
2018-04-26 10:41:46.000000,2.609024e+07,1.818750e+07,1.239963e+02,1.410295e+06,8.846783e+01,,,,5
2018-04-26 10:41:47.000000,2.609026e+07,1.818892e+07,1.239971e+02,1.410295e+06,8.846782e+01,,,,5
2018-04-26 10:41:48.000000,2.609026e+07,1.818785e+07,1.239966e+02,1.410295e+06,8.846781e+01,,,,5
2018-04-26 10:41:49.000000,2.609026e+07,1.818955e+07,1.239975e+02,1.410295e+06,8.846781e+01,,,,5
2018-04-26 10:41:50.000000,2.609024e+07,1.818709e+07,1.239960e+02,1.410295e+06,8.846780e+01,,,,5
2018-04-26 10:41:51.000000,2.609024e+07,1.818845e+07,1.239968e+02,1.410295e+06,8.846779e+01,,,,5
2018-04-26 10:41:52.000000,2.609024e+07,1.818720e+07,1.239961e+02,1.410295e+06,8.846778e+01,,,,5
2018-04-26 10:41:53.000000,2.609026e+07,1.818813e+07,1.239965e+02,1.410295e+06,8.846777e+01,,,,5
2018-04-26 10:41:54.000000,2.609026e+07,1.818692e+07,1.239958e+02,1.410295e+06,8.846777e+01,,,,5
2018-04-26 10:41:55.000000,2.609024e+07,1.818745e+07,1.239963e+02,1.410295e+06,8.846776e+01,,,,5
2018-04-26 10:41:56.000000,2.609024e+07,1.818778e+07,1.239965e+02,1.410295e+06,8.846775e+01,,,,5
2018-04-26 10:41:57.000000,2.609024e+07,1.818745e+07,1.239963e+02,1.410295e+06,8.846774e+01,,,,5
2018-04-26 10:41:58.000000,2.609026e+07,1.818804e+07,1.239967e+02,1.410295e+06,8.846773e+01,,,,5
2018-04-26 10:41:59.000000,2.609026e+07,1.818778e+07,1.239966e+02,1.410295e+06,8.846773e+01,,,,5
2018-04-26 10:42:00.000000,2.609026e+07,1.818956e+07,1.239975e+02,1.410295e+06,8.846772e+01,,,,5
2018-04-26 10:42:01.000000,2.609024e+07,1.818705e+07,1.239960e+02,1.410295e+06,8.846771e+01,,,,5
2018-04-26 10:42:02.000000,2.609024e+07,1.818856e+07,1.239968e+02,1.410295e+06,8.846770e+01,,,,5
2018-04-26 10:42:03.000000,2.609024e+07,1.818686e+07,1.239959e+02,1.410295e+06,8.846769e+01,,,,5
2018-04-26 10:42:04.000000,2.609026e+07,1.818825e+07,1.239965e+02,1.410295e+06,8.846769e+01,,,,5
2018-04-26 10:42:05.000000,2.609026e+07,1.818695e+07,1.239958e+02,1.410295e+06,8.846768e+01,,,,5
2018-04-26 10:42:06.000000,2.609024e+07,1.818899e+07,1.239971e+02,1.410295e+06,8.846767e+01,,,,5
2018-04-26 10:42:07.000000,2.609024e+07,1.818793e+07,1.239966e+02,1.410295e+06,8.846766e+01,,,,5
2018-04-26 10:42:08.000000,2.609024e+07,1.818751e+07,1.239963e+02,1.410295e+06,8.846765e+01,,,,5
2018-04-26 10:42:09.000000,2.609026e+07,1.818807e+07,1.239967e+02,1.410295e+06,8.846765e+01,,,,5
2018-04-26 10:42:10.000000,2.609026e+07,1.818779e+07,1.239965e+02,1.410295e+06,8.846764e+01,,,,5
2018-04-26 10:42:11.000000,2.609026e+07,1.818902e+07,1.239972e+02,1.410295e+06,8.846763e+01,,,,5
2018-04-26 10:42:12.000000,2.609024e+07,1.818704e+07,1.239960e+02,1.410295e+06,8.846762e+01,,,,5
2018-04-26 10:42:13.000000,2.609024e+07,1.818804e+07,1.239966e+02,1.410295e+06,8.846761e+01,,,,5
2018-04-26 10:42:14.000000,2.609024e+07,1.818690e+07,1.239959e+02,1.410295e+06,8.846761e+01,,,,5
2018-04-26 10:42:15.000000,2.609026e+07,1.818769e+07,1.239963e+02,1.410295e+06,8.846760e+01,,,,5
2018-04-26 10:42:16.000000,2.609026e+07,1.818661e+07,1.239957e+02,1.410295e+06,8.846759e+01,,,,5
2018-04-26 10:42:17.000000,2.609026e+07,1.818818e+07,1.239965e+02,1.410295e+06,8.846758e+01,,,,5
2018-04-26 10:42:18.000000,2.609024e+07,1.818752e+07,1.239963e+02,1.410295e+06,8.846757e+01,,,,5
2018-04-26 10:42:19.000000,2.609024e+07,1.818752e+07,1.239964e+02,1.410295e+06,8.846757e+01,,,,5
2018-04-26 10:42:20.000000,2.609026e+07,1.818774e+07,1.239965e+02,1.410295e+06,8.846756e+01,,,,5
2018-04-26 10:42:21.000000,2.609026e+07,1.818783e+07,1.239966e+02,1.410295e+06,8.846755e+01,,,,5
2018-04-26 10:42:22.000000,2.609026e+07,1.818809e+07,1.239967e+02,1.410295e+06,8.846754e+01,,,,5
2018-04-26 10:42:23.000000,2.609024e+07,1.818704e+07,1.239961e+02,1.410295e+06,8.846754e+01,,,,5
2018-04-26 10:42:24.000000,2.609024e+07,1.818805e+07,1.239966e+02,1.410295e+06,8.846753e+01,,,,5
2018-04-26 10:42:25.000000,2.609024e+07,1.818685e+07,1.239959e+02,1.410295e+06,8.846752e+01,,,,5
2018-04-26 10:42:26.000000,2.609026e+07,1.818775e+07,1.239963e+02,1.410295e+06,8.846751e+01,,,,5
2018-04-26 10:42:27.000000,2.609026e+07,1.818658e+07,1.239956e+02,1.410295e+06,8.846750e+01,,,,5
2018-04-26 10:42:28.000000,2.609026e+07,1.818834e+07,1.239966e+02,1.410295e+06,8.846750e+01,,,,5
2018-04-26 10:42:29.000000,2.609024e+07,1.818754e+07,1.239963e+02,1.410295e+06,8.846749e+01,,,,5
2018-04-26 10:42:30.000000,2.609024e+07,1.818916e+07,1.239972e+02,1.410295e+06,8.846748e+01,,,,5
2018-04-26 10:42:31.000000,2.609024e+07,1.818782e+07,1.239965e+02,1.410295e+06,8.846747e+01,,,,5
2018-04-26 10:42:32.000000,2.609026e+07,1.818944e+07,1.239974e+02,1.410295e+06,8.846746e+01,,,,5
2018-04-26 10:42:33.000000,2.609026e+07,1.818820e+07,1.239967e+02,1.410295e+06,8.846746e+01,,,,5
2018-04-26 10:42:34.000000,2.609024e+07,1.818848e+07,1.239968e+02,1.410295e+06,8.846745e+01,,,,5
2018-04-26 10:42:35.000000,2.609024e+07,1.818730e+07,1.239962e+02,1.410295e+06,8.846744e+01,,,,5
2018-04-26 10:42:36.000000,2.609024e+07,1.818685e+07,1.239959e+02,1.410295e+06,8.846743e+01,,,,5
2018-04-26 10:42:37.000000,2.609026e+07,1.818688e+07,1.239958e+02,1.410295e+06,8.846742e+01,,,,5
2018-04-26 10:42:38.000000,2.609026e+07,1.818655e+07,1.239957e+02,1.410295e+06,8.846742e+01,,,,5
2018-04-26 10:42:39.000000,2.609026e+07,1.818773e+07,1.239963e+02,1.410295e+06,8.846741e+01,,,,5
2018-04-26 10:42:40.000000,2.609024e+07,1.818747e+07,1.239963e+02,1.410295e+06,8.846740e+01,,,,5
2018-04-26 10:42:41.000000,2.609024e+07,1.818861e+07,1.239969e+02,1.410295e+06,8.846739e+01,,,,5
2018-04-26 10:42:42.000000,2.609024e+07,1.818747e+07,1.239963e+02,1.410295e+06,8.846739e+01,,,,5
2018-04-26 10:42:43.000000,2.609026e+07,1.818942e+07,1.239974e+02,1.410295e+06,8.846738e+01,,,,5
2018-04-26 10:42:44.000000,2.609026e+07,1.818787e+07,1.239966e+02,1.410295e+06,8.846737e+01,,,,5
2018-04-26 10:42:45.000000,2.609026e+07,1.818783e+07,1.239966e+02,1.410295e+06,8.846736e+01,,,,5
2018-04-26 10:42:46.000000,2.609024e+07,1.818691e+07,1.239960e+02,1.410295e+06,8.846735e+01,,,,5
2018-04-26 10:42:47.000000,2.609025e+07,1.818692e+07,1.239959e+02,1.410295e+06,8.846735e+01,,,,5
2018-04-26 10:42:48.000000,2.609026e+07,1.818689e+07,1.239958e+02,1.410295e+06,8.846734e+01,,,,5
2018-04-26 10:42:49.000000,2.609026e+07,1.818660e+07,1.239957e+02,1.410295e+06,8.846733e+01,,,,5
2018-04-26 10:42:50.000000,2.609026e+07,1.818780e+07,1.239963e+02,1.410295e+06,8.846732e+01,,,,5
2018-04-26 10:42:51.000000,2.609024e+07,1.818753e+07,1.239963e+02,1.410295e+06,8.846731e+01,,,,5
2018-04-26 10:42:52.000000,2.609024e+07,1.818869e+07,1.239970e+02,1.410295e+06,8.846731e+01,,,,5
2018-04-26 10:42:53.000000,2.609024e+07,1.818750e+07,1.239963e+02,1.410295e+06,8.846730e+01,,,,5
2018-04-26 10:42:54.000000,2.609026e+07,1.818890e+07,1.239971e+02,1.410295e+06,8.846729e+01,,,,5
2018-04-26 10:42:55.000000,2.609026e+07,1.818785e+07,1.239965e+02,1.410295e+06,8.846728e+01,,,,5
2018-04-26 10:42:56.000000,2.609026e+07,1.818955e+07,1.239975e+02,1.410295e+06,8.846728e+01,,,,5
2018-04-26 10:42:57.000000,2.609024e+07,1.818709e+07,1.239960e+02,1.410295e+06,8.846727e+01,,,,5
2018-04-26 10:42:58.000000,2.609024e+07,1.818843e+07,1.239968e+02,1.410295e+06,8.846726e+01,,,,5
2018-04-26 10:42:59.000000,2.609024e+07,1.818720e+07,1.239961e+02,1.410295e+06,8.846725e+01,,,,5
2018-04-26 10:43:00.000000,2.609026e+07,1.818813e+07,1.239965e+02,1.410295e+06,8.846724e+01,,,,5
2018-04-26 10:43:01.000000,2.609026e+07,1.818694e+07,1.239958e+02,1.410295e+06,8.846724e+01,,,,5
2018-04-26 10:43:02.000000,2.609024e+07,1.818745e+07,1.239962e+02,1.410295e+06,8.846723e+01,,,,5
2018-04-26 10:43:03.000000,2.609024e+07,1.818778e+07,1.239965e+02,1.410295e+06,8.846722e+01,,,,5
2018-04-26 10:43:04.000000,2.609024e+07,1.818745e+07,1.239963e+02,1.410295e+06,8.846721e+01,,,,5
2018-04-26 10:43:05.000000,2.609026e+07,1.818803e+07,1.239967e+02,1.410295e+06,8.846721e+01,,,,5
2018-04-26 10:43:06.000000,2.609026e+07,1.818778e+07,1.239965e+02,1.410295e+06,8.846720e+01,,,,5
2018-04-26 10:43:07.000000,2.609026e+07,1.818956e+07,1.239975e+02,1.410295e+06,8.846719e+01,,,,5
2018-04-26 10:43:08.000000,2.609024e+07,1.818708e+07,1.239960e+02,1.410295e+06,8.846718e+01,,,,5
2018-04-26 10:43:09.000000,2.609024e+07,1.818856e+07,1.239968e+02,1.410295e+06,8.846717e+01,,,,5
2018-04-26 10:43:10.000000,2.609024e+07,1.818686e+07,1.239959e+02,1.410295e+06,8.846717e+01,,,,5
2018-04-26 10:43:11.000000,2.609026e+07,1.818823e+07,1.239965e+02,1.410295e+06,8.846716e+01,,,,5
2018-04-26 10:43:12.000000,2.609026e+07,1.818695e+07,1.239958e+02,1.410295e+06,8.846715e+01,,,,5
2018-04-26 10:43:13.000000,2.609026e+07,1.818658e+07,1.239957e+02,1.410295e+06,8.846714e+01,,,,5
2018-04-26 10:43:14.000000,2.609024e+07,1.818772e+07,1.239964e+02,1.410295e+06,8.846714e+01,,,,5
2018-04-26 10:43:15.000000,2.609024e+07,1.818751e+07,1.239963e+02,1.410295e+06,8.846713e+01,,,,5
2018-04-26 10:43:16.000000,2.609026e+07,1.818807e+07,1.239967e+02,1.410295e+06,8.846712e+01,,,,5
2018-04-26 10:43:17.000000,2.609026e+07,1.818779e+07,1.239965e+02,1.410295e+06,8.846711e+01,,,,5
2018-04-26 10:43:18.000000,2.609026e+07,1.818901e+07,1.239972e+02,1.410295e+06,8.846710e+01,,,,5
2018-04-26 10:43:19.000000,2.609024e+07,1.818705e+07,1.239960e+02,1.410295e+06,8.846710e+01,,,,5
2018-04-26 10:43:20.000000,2.609024e+07,1.818804e+07,1.239966e+02,1.410295e+06,8.846709e+01,,,,5
2018-04-26 10:43:21.000000,2.609024e+07,1.818690e+07,1.239959e+02,1.410295e+06,8.846708e+01,,,,5
2018-04-26 10:43:22.000000,2.609026e+07,1.818768e+07,1.239963e+02,1.410295e+06,8.846707e+01,,,,5
2018-04-26 10:43:23.000000,2.609026e+07,1.818661e+07,1.239956e+02,1.410295e+06,8.846707e+01,,,,5
2018-04-26 10:43:24.000000,2.609026e+07,1.818818e+07,1.239965e+02,1.410295e+06,8.846706e+01,,,,5
2018-04-26 10:43:25.000000,2.609024e+07,1.818752e+07,1.239963e+02,1.410294e+06,8.846705e+01,,,,5
2018-04-26 10:43:26.000000,2.609024e+07,1.818752e+07,1.239963e+02,1.410294e+06,8.846704e+01,,,,5
2018-04-26 10:43:27.000000,2.609024e+07,1.818780e+07,1.239965e+02,1.410294e+06,8.846703e+01,,,,5
2018-04-26 10:43:28.000000,2.609026e+07,1.818783e+07,1.239966e+02,1.410294e+06,8.846703e+01,,,,5
2018-04-26 10:43:29.000000,2.609026e+07,1.818809e+07,1.239967e+02,1.410294e+06,8.846702e+01,,,,5
2018-04-26 10:43:30.000000,2.609025e+07,1.818704e+07,1.239960e+02,1.410294e+06,8.846701e+01,,,,5
2018-04-26 10:43:31.000000,2.609024e+07,1.818805e+07,1.239965e+02,1.410294e+06,8.846700e+01,,,,5
2018-04-26 10:43:32.000000,2.609024e+07,1.818686e+07,1.239959e+02,1.410294e+06,8.846700e+01,,,,5
2018-04-26 10:43:33.000000,2.609026e+07,1.818774e+07,1.239963e+02,1.410294e+06,8.846699e+01,,,,5
2018-04-26 10:43:34.000000,2.609026e+07,1.818658e+07,1.239956e+02,1.410294e+06,8.846698e+01,,,,5
2018-04-26 10:43:35.000000,2.609026e+07,1.818832e+07,1.239966e+02,1.410294e+06,8.846697e+01,,,,5
2018-04-26 10:43:36.000000,2.609024e+07,1.818754e+07,1.239963e+02,1.410294e+06,8.846696e+01,,,,5
2018-04-26 10:43:37.000000,2.609024e+07,1.818916e+07,1.239972e+02,1.410294e+06,8.846696e+01,,,,5
2018-04-26 10:43:38.000000,2.609024e+07,1.818782e+07,1.239965e+02,1.410294e+06,8.846695e+01,,,,5
2018-04-26 10:43:39.000000,2.609026e+07,1.818942e+07,1.239974e+02,1.410294e+06,8.846694e+01,,,,5
2018-04-26 10:43:40.000000,2.609026e+07,1.818820e+07,1.239967e+02,1.410294e+06,8.846693e+01,,,,5
2018-04-26 10:43:41.000000,2.609024e+07,1.818848e+07,1.239968e+02,1.410294e+06,8.846693e+01,,,,5
2018-04-26 10:43:42.000000,2.609024e+07,1.818731e+07,1.239962e+02,1.410294e+06,8.846692e+01,,,,5
2018-04-26 10:43:43.000000,2.609024e+07,1.818685e+07,1.239959e+02,1.410294e+06,8.846691e+01,,,,5
2018-04-26 10:43:44.000000,2.609026e+07,1.818688e+07,1.239958e+02,1.410294e+06,8.846690e+01,,,,5
2018-04-26 10:43:45.000000,2.609026e+07,1.818656e+07,1.239956e+02,1.410294e+06,8.846689e+01,,,,5
2018-04-26 10:43:46.000000,2.609026e+07,1.818773e+07,1.239963e+02,1.410294e+06,8.846689e+01,,,,5
2018-04-26 10:43:47.000000,2.609024e+07,1.818747e+07,1.239963e+02,1.410294e+06,8.846688e+01,,,,5
2018-04-26 10:43:48.000000,2.609024e+07,1.818861e+07,1.239969e+02,1.410294e+06,8.846687e+01,,,,5
2018-04-26 10:43:49.000000,2.609024e+07,1.818749e+07,1.239963e+02,1.410294e+06,8.846686e+01,,,,5
2018-04-26 10:43:50.000000,2.609026e+07,1.818942e+07,1.239974e+02,1.410294e+06,8.846686e+01,,,,5
2018-04-26 10:43:51.000000,2.609026e+07,1.818787e+07,1.239966e+02,1.410294e+06,8.846685e+01,,,,5
2018-04-26 10:43:52.000000,2.609026e+07,1.818783e+07,1.239966e+02,1.410294e+06,8.846684e+01,,,,5
2018-04-26 10:43:53.000000,2.609024e+07,1.818691e+07,1.239960e+02,1.410294e+06,8.846683e+01,,,,5
2018-04-26 10:43:54.000000,2.609025e+07,1.818692e+07,1.239959e+02,1.410294e+06,8.846683e+01,,,,5
2018-04-26 10:43:55.000000,2.609026e+07,1.818689e+07,1.239958e+02,1.410294e+06,8.846682e+01,,,,5
2018-04-26 10:43:56.000000,2.609026e+07,1.818661e+07,1.239957e+02,1.410294e+06,8.846681e+01,,,,5
2018-04-26 10:43:57.000000,2.609026e+07,1.818780e+07,1.239963e+02,1.410294e+06,8.846680e+01,,,,5
2018-04-26 10:43:58.000000,2.609024e+07,1.818753e+07,1.239963e+02,1.410294e+06,8.846679e+01,,,,5
2018-04-26 10:43:59.000000,2.609025e+07,1.818868e+07,1.239969e+02,1.410294e+06,8.846679e+01,,,,5
2018-04-26 10:44:00.000000,2.609024e+07,1.818750e+07,1.239963e+02,1.410294e+06,8.846678e+01,,,,5
2018-04-26 10:44:01.000000,2.609026e+07,1.818890e+07,1.239971e+02,1.410294e+06,8.846677e+01,,,,5
2018-04-26 10:44:02.000000,2.609026e+07,1.818786e+07,1.239965e+02,1.410294e+06,8.846676e+01,,,,5
2018-04-26 10:44:03.000000,2.609026e+07,1.818955e+07,1.239975e+02,1.410294e+06,8.846676e+01,,,,5
2018-04-26 10:44:04.000000,2.609024e+07,1.818709e+07,1.239960e+02,1.410294e+06,8.846675e+01,,,,5
2018-04-26 10:44:05.000000,2.609024e+07,1.818843e+07,1.239968e+02,1.410294e+06,8.846674e+01,,,,5
2018-04-26 10:44:06.000000,2.609024e+07,1.818721e+07,1.239961e+02,1.410294e+06,8.846673e+01,,,,5
2018-04-26 10:44:07.000000,2.609026e+07,1.818813e+07,1.239965e+02,1.410294e+06,8.846673e+01,,,,5
2018-04-26 10:44:08.000000,2.609026e+07,1.818694e+07,1.239958e+02,1.410294e+06,8.846672e+01,,,,5
2018-04-26 10:44:09.000000,2.609024e+07,1.818745e+07,1.239962e+02,1.410294e+06,8.846671e+01,,,,5
2018-04-26 10:44:10.000000,2.609024e+07,1.818778e+07,1.239964e+02,1.410294e+06,8.846670e+01,,,,5
2018-04-26 10:44:11.000000,2.609024e+07,1.818745e+07,1.239963e+02,1.410294e+06,8.846670e+01,,,,5
2018-04-26 10:44:12.000000,2.609026e+07,1.818803e+07,1.239967e+02,1.410294e+06,8.846669e+01,,,,5
2018-04-26 10:44:13.000000,2.609026e+07,1.818778e+07,1.239965e+02,1.410294e+06,8.846668e+01,,,,5
2018-04-26 10:44:14.000000,2.609026e+07,1.818956e+07,1.239975e+02,1.410294e+06,8.846667e+01,,,,5
2018-04-26 10:44:15.000000,2.609024e+07,1.818708e+07,1.239960e+02,1.410294e+06,8.846666e+01,,,,5
2018-04-26 10:44:16.000000,2.609024e+07,1.818854e+07,1.239967e+02,1.410294e+06,8.846666e+01,,,,5
2018-04-26 10:44:17.000000,2.609024e+07,1.818686e+07,1.239959e+02,1.410294e+06,8.846665e+01,,,,5
2018-04-26 10:44:18.000000,2.609026e+07,1.818823e+07,1.239965e+02,1.410294e+06,8.846664e+01,,,,5
2018-04-26 10:44:19.000000,2.609026e+07,1.818697e+07,1.239958e+02,1.410294e+06,8.846663e+01,,,,5
2018-04-26 10:44:20.000000,2.609026e+07,1.818658e+07,1.239957e+02,1.410294e+06,8.846663e+01,,,,5
2018-04-26 10:44:21.000000,2.609024e+07,1.818772e+07,1.239964e+02,1.410294e+06,8.846662e+01,,,,5
2018-04-26 10:44:22.000000,2.609024e+07,1.818751e+07,1.239963e+02,1.410294e+06,8.846661e+01,,,,5
2018-04-26 10:44:23.000000,2.609026e+07,1.818807e+07,1.239967e+02,1.410294e+06,8.846660e+01,,,,5
2018-04-26 10:44:24.000000,2.609026e+07,1.818779e+07,1.239965e+02,1.410294e+06,8.846660e+01,,,,5
2018-04-26 10:44:25.000000,2.609026e+07,1.818901e+07,1.239972e+02,1.410294e+06,8.846659e+01,,,,5
2018-04-26 10:44:26.000000,2.609024e+07,1.818707e+07,1.239960e+02,1.410294e+06,8.846658e+01,,,,5
2018-04-26 10:44:27.000000,2.609024e+07,1.818805e+07,1.239965e+02,1.410294e+06,8.846657e+01,,,,5
2018-04-26 10:44:28.000000,2.609024e+07,1.818690e+07,1.239959e+02,1.410294e+06,8.846657e+01,,,,5
2018-04-26 10:44:29.000000,2.609026e+07,1.818768e+07,1.239963e+02,1.410294e+06,8.846656e+01,,,,5
2018-04-26 10:44:30.000000,2.609026e+07,1.818663e+07,1.239956e+02,1.410294e+06,8.846655e+01,,,,5
2018-04-26 10:44:31.000000,2.609026e+07,1.818818e+07,1.239965e+02,1.410294e+06,8.846654e+01,,,,5
2018-04-26 10:44:32.000000,2.609025e+07,1.818753e+07,1.239963e+02,1.410294e+06,8.846653e+01,,,,5
2018-04-26 10:44:33.000000,2.609024e+07,1.818752e+07,1.239963e+02,1.410294e+06,8.846653e+01,,,,5
2018-04-26 10:44:34.000000,2.609024e+07,1.818780e+07,1.239964e+02,1.410294e+06,8.846652e+01,,,,5
2018-04-26 10:44:35.000000,2.609026e+07,1.818783e+07,1.239966e+02,1.410294e+06,8.846651e+01,,,,5
2018-04-26 10:44:36.000000,2.609026e+07,1.818809e+07,1.239967e+02,1.410294e+06,8.846650e+01,,,,5
2018-04-26 10:44:37.000000,2.609025e+07,1.818704e+07,1.239960e+02,1.410294e+06,8.846650e+01,,,,5
2018-04-26 10:44:38.000000,2.609024e+07,1.818805e+07,1.239965e+02,1.410294e+06,8.846649e+01,,,,5
2018-04-26 10:44:39.000000,2.609024e+07,1.818686e+07,1.239959e+02,1.410294e+06,8.846648e+01,,,,5
2018-04-26 10:44:40.000000,2.609026e+07,1.818774e+07,1.239963e+02,1.410294e+06,8.846647e+01,,,,5
2018-04-26 10:44:41.000000,2.609026e+07,1.818658e+07,1.239956e+02,1.410294e+06,8.846647e+01,,,,5
2018-04-26 10:44:42.000000,2.609026e+07,1.818832e+07,1.239966e+02,1.410294e+06,8.846646e+01,,,,5
2018-04-26 10:44:43.000000,2.609024e+07,1.818755e+07,1.239963e+02,1.410294e+06,8.846645e+01,,,,5
2018-04-26 10:44:44.000000,2.609024e+07,1.818916e+07,1.239972e+02,1.410294e+06,8.846644e+01,,,,5
2018-04-26 10:44:45.000000,2.609024e+07,1.818782e+07,1.239965e+02,1.410294e+06,8.846644e+01,,,,5
2018-04-26 10:44:46.000000,2.609026e+07,1.818942e+07,1.239974e+02,1.410294e+06,8.846643e+01,,,,5
2018-04-26 10:44:47.000000,2.609026e+07,1.818821e+07,1.239967e+02,1.410294e+06,8.846642e+01,,,,5
2018-04-26 10:44:48.000000,2.609026e+07,1.818776e+07,1.239965e+02,1.410294e+06,8.846641e+01,,,,5
2018-04-26 10:44:49.000000,2.609024e+07,1.818724e+07,1.239960e+02,1.410294e+06,8.846640e+01,,,,5
2018-04-26 10:44:50.000000,2.609024e+07,1.818686e+07,1.239959e+02,1.410294e+06,8.846640e+01,,,,5
2018-04-26 10:44:51.000000,2.609026e+07,1.818688e+07,1.239958e+02,1.410294e+06,8.846639e+01,,,,5
2018-04-26 10:44:52.000000,2.609026e+07,1.818656e+07,1.239956e+02,1.410294e+06,8.846638e+01,,,,5
2018-04-26 10:44:53.000000,2.609026e+07,1.818772e+07,1.239963e+02,1.410294e+06,8.846637e+01,,,,5
2018-04-26 10:44:54.000000,2.609024e+07,1.818747e+07,1.239963e+02,1.410294e+06,8.846637e+01,,,,5
2018-04-26 10:44:55.000000,2.609024e+07,1.818861e+07,1.239969e+02,1.410294e+06,8.846636e+01,,,,5
2018-04-26 10:44:56.000000,2.609025e+07,1.818750e+07,1.239963e+02,1.410294e+06,8.846635e+01,,,,5
2018-04-26 10:44:57.000000,2.609026e+07,1.818940e+07,1.239974e+02,1.410294e+06,8.846634e+01,,,,5
2018-04-26 10:44:58.000000,2.609026e+07,1.818787e+07,1.239966e+02,1.410294e+06,8.846634e+01,,,,5
2018-04-26 10:44:59.000000,2.609026e+07,1.818783e+07,1.239966e+02,1.410294e+06,8.846633e+01,,,,5
2018-04-26 10:45:00.000000,2.609024e+07,1.818692e+07,1.239959e+02,1.410294e+06,8.846632e+01,,,,5
2018-04-26 10:45:01.000000,2.609025e+07,1.818692e+07,1.239959e+02,1.410294e+06,8.846631e+01,,,,5
2018-04-26 10:45:02.000000,2.609024e+07,1.818814e+07,1.239965e+02,1.410294e+06,8.846631e+01,,,,5
2018-04-26 10:45:03.000000,2.609026e+07,1.818670e+07,1.239958e+02,1.410294e+06,8.846630e+01,,,,5
2018-04-26 10:45:04.000000,2.609026e+07,1.818779e+07,1.239963e+02,1.410294e+06,8.846629e+01,,,,5
2018-04-26 10:45:05.000000,2.609024e+07,1.818753e+07,1.239963e+02,1.410294e+06,8.846628e+01,,,,5
2018-04-26 10:45:06.000000,2.609025e+07,1.818868e+07,1.239969e+02,1.410294e+06,8.846628e+01,,,,5
2018-04-26 10:45:07.000000,2.609024e+07,1.818751e+07,1.239963e+02,1.410294e+06,8.846627e+01,,,,5
2018-04-26 10:45:08.000000,2.609026e+07,1.818890e+07,1.239971e+02,1.410294e+06,8.846626e+01,,,,5
2018-04-26 10:45:09.000000,2.609026e+07,1.818786e+07,1.239965e+02,1.410294e+06,8.846625e+01,,,,5
2018-04-26 10:45:10.000000,2.609026e+07,1.818953e+07,1.239975e+02,1.410294e+06,8.846625e+01,,,,5
2018-04-26 10:45:11.000000,2.609024e+07,1.818710e+07,1.239960e+02,1.410294e+06,8.846624e+01,,,,5
2018-04-26 10:45:12.000000,2.609024e+07,1.818843e+07,1.239967e+02,1.410294e+06,8.846623e+01,,,,5
2018-04-26 10:45:13.000000,2.609024e+07,1.818721e+07,1.239960e+02,1.410294e+06,8.846622e+01,,,,5
2018-04-26 10:45:14.000000,2.609026e+07,1.818812e+07,1.239965e+02,1.410294e+06,8.846622e+01,,,,5
2018-04-26 10:45:15.000000,2.609026e+07,1.818694e+07,1.239958e+02,1.410294e+06,8.846621e+01,,,,5
2018-04-26 10:45:16.000000,2.609026e+07,1.818653e+07,1.239956e+02,1.410294e+06,8.846620e+01,,,,5
2018-04-26 10:45:17.000000,2.609024e+07,1.818772e+07,1.239963e+02,1.410294e+06,8.846619e+01,,,,5
2018-04-26 10:45:18.000000,2.609024e+07,1.818745e+07,1.239963e+02,1.410294e+06,8.846619e+01,,,,5
2018-04-26 10:45:19.000000,2.609026e+07,1.818803e+07,1.239967e+02,1.410294e+06,8.846618e+01,,,,5
2018-04-26 10:45:20.000000,2.609026e+07,1.818778e+07,1.239965e+02,1.410294e+06,8.846617e+01,,,,5
2018-04-26 10:45:21.000000,2.609026e+07,1.818954e+07,1.239975e+02,1.410294e+06,8.846616e+01,,,,5
2018-04-26 10:45:22.000000,2.609024e+07,1.818708e+07,1.239960e+02,1.410294e+06,8.846616e+01,,,,5
2018-04-26 10:45:23.000000,2.609024e+07,1.818854e+07,1.239967e+02,1.410294e+06,8.846615e+01,,,,5
2018-04-26 10:45:24.000000,2.609024e+07,1.818688e+07,1.239958e+02,1.410294e+06,8.846614e+01,,,,5
2018-04-26 10:45:25.000000,2.609026e+07,1.818823e+07,1.239965e+02,1.410294e+06,8.846613e+01,,,,5
2018-04-26 10:45:26.000000,2.609026e+07,1.818697e+07,1.239958e+02,1.410294e+06,8.846613e+01,,,,5
2018-04-26 10:45:27.000000,2.609026e+07,1.818658e+07,1.239957e+02,1.410294e+06,8.846612e+01,,,,5
2018-04-26 10:45:28.000000,2.609024e+07,1.818772e+07,1.239963e+02,1.410294e+06,8.846611e+01,,,,5
2018-04-26 10:45:29.000000,2.609024e+07,1.818751e+07,1.239963e+02,1.410294e+06,8.846610e+01,,,,5
2018-04-26 10:45:30.000000,2.609026e+07,1.818807e+07,1.239967e+02,1.410294e+06,8.846609e+01,,,,5
2018-04-26 10:45:31.000000,2.609026e+07,1.818779e+07,1.239965e+02,1.410294e+06,8.846609e+01,,,,5
2018-04-26 10:45:32.000000,2.609026e+07,1.818901e+07,1.239972e+02,1.410294e+06,8.846608e+01,,,,5
2018-04-26 10:45:33.000000,2.609024e+07,1.818707e+07,1.239960e+02,1.410294e+06,8.846607e+01,,,,5
2018-04-26 10:45:34.000000,2.609024e+07,1.818804e+07,1.239965e+02,1.410294e+06,8.846607e+01,,,,5
2018-04-26 10:45:35.000000,2.609024e+07,1.818690e+07,1.239959e+02,1.410294e+06,8.846606e+01,,,,5
2018-04-26 10:45:36.000000,2.609026e+07,1.818768e+07,1.239963e+02,1.410294e+06,8.846605e+01,,,,5
2018-04-26 10:45:37.000000,2.609026e+07,1.818663e+07,1.239956e+02,1.410294e+06,8.846604e+01,,,,5
2018-04-26 10:45:38.000000,2.609026e+07,1.818817e+07,1.239965e+02,1.410293e+06,8.846604e+01,,,,5
2018-04-26 10:45:39.000000,2.609025e+07,1.818753e+07,1.239963e+02,1.410293e+06,8.846603e+01,,,,5
2018-04-26 10:45:40.000000,2.609024e+07,1.818752e+07,1.239963e+02,1.410293e+06,8.846602e+01,,,,5
2018-04-26 10:45:41.000000,2.609024e+07,1.818781e+07,1.239964e+02,1.410293e+06,8.846601e+01,,,,5
2018-04-26 10:45:42.000000,2.609026e+07,1.818783e+07,1.239966e+02,1.410293e+06,8.846601e+01,,,,5
2018-04-26 10:45:43.000000,2.609026e+07,1.818809e+07,1.239967e+02,1.410293e+06,8.846600e+01,,,,5
2018-04-26 10:45:44.000000,2.609025e+07,1.818846e+07,1.239967e+02,1.410293e+06,8.846599e+01,,,,5
2018-04-26 10:45:45.000000,2.609024e+07,1.818730e+07,1.239961e+02,1.410293e+06,8.846598e+01,,,,5
2018-04-26 10:45:46.000000,2.609025e+07,1.818685e+07,1.239959e+02,1.410293e+06,8.846598e+01,,,,5
2018-04-26 10:45:47.000000,2.609026e+07,1.818688e+07,1.239958e+02,1.410293e+06,8.846597e+01,,,,5
2018-04-26 10:45:48.000000,2.609026e+07,1.818656e+07,1.239956e+02,1.410293e+06,8.846596e+01,,,,5
2018-04-26 10:45:49.000000,2.609026e+07,1.818773e+07,1.239962e+02,1.410293e+06,8.846595e+01,,,,5
2018-04-26 10:45:50.000000,2.609024e+07,1.818747e+07,1.239963e+02,1.410293e+06,8.846595e+01,,,,5
2018-04-26 10:45:51.000000,2.609024e+07,1.818861e+07,1.239969e+02,1.410293e+06,8.846594e+01,,,,5
2018-04-26 10:45:52.000000,2.609025e+07,1.818748e+07,1.239963e+02,1.410293e+06,8.846593e+01,,,,5
2018-04-26 10:45:53.000000,2.609026e+07,1.818942e+07,1.239974e+02,1.410293e+06,8.846592e+01,,,,5
2018-04-26 10:45:54.000000,2.609026e+07,1.818787e+07,1.239966e+02,1.410293e+06,8.846592e+01,,,,5
2018-04-26 10:45:55.000000,2.609026e+07,1.818783e+07,1.239966e+02,1.410293e+06,8.846591e+01,,,,5
2018-04-26 10:45:56.000000,2.609024e+07,1.818691e+07,1.239959e+02,1.410293e+06,8.846590e+01,,,,5
2018-04-26 10:45:57.000000,2.609025e+07,1.818692e+07,1.239959e+02,1.410293e+06,8.846589e+01,,,,5
2018-04-26 10:45:58.000000,2.609026e+07,1.818689e+07,1.239958e+02,1.410293e+06,8.846589e+01,,,,5
2018-04-26 10:45:59.000000,2.609027e+07,1.818660e+07,1.239956e+02,1.410293e+06,8.846588e+01,,,,5
2018-04-26 10:46:00.000000,2.609026e+07,1.818780e+07,1.239963e+02,1.410293e+06,8.846587e+01,,,,5
2018-04-26 10:46:01.000000,2.609024e+07,1.818753e+07,1.239963e+02,1.410293e+06,8.846586e+01,,,,5
2018-04-26 10:46:02.000000,2.609025e+07,1.818869e+07,1.239969e+02,1.410293e+06,8.846586e+01,,,,5
2018-04-26 10:46:03.000000,2.609024e+07,1.818750e+07,1.239963e+02,1.410293e+06,8.846585e+01,,,,5
2018-04-26 10:46:04.000000,2.609026e+07,1.818891e+07,1.239971e+02,1.410293e+06,8.846584e+01,,,,5
2018-04-26 10:46:05.000000,2.609026e+07,1.818787e+07,1.239965e+02,1.410293e+06,8.846583e+01,,,,5
2018-04-26 10:46:06.000000,2.609026e+07,1.818955e+07,1.239975e+02,1.410293e+06,8.846583e+01,,,,5
2018-04-26 10:46:07.000000,2.609025e+07,1.818709e+07,1.239960e+02,1.410293e+06,8.846582e+01,,,,5
2018-04-26 10:46:08.000000,2.609024e+07,1.818843e+07,1.239967e+02,1.410293e+06,8.846581e+01,,,,5
2018-04-26 10:46:09.000000,2.609025e+07,1.818720e+07,1.239960e+02,1.410293e+06,8.846580e+01,,,,5
2018-04-26 10:46:10.000000,2.609026e+07,1.818814e+07,1.239965e+02,1.410293e+06,8.846580e+01,,,,5
2018-04-26 10:46:11.000000,2.609027e+07,1.818694e+07,1.239958e+02,1.410293e+06,8.846579e+01,,,,5
2018-04-26 10:46:12.000000,2.609024e+07,1.818746e+07,1.239962e+02,1.410293e+06,8.846578e+01,,,,5
2018-04-26 10:46:13.000000,2.609025e+07,1.818779e+07,1.239964e+02,1.410293e+06,8.846577e+01,,,,5
2018-04-26 10:46:14.000000,2.609024e+07,1.818745e+07,1.239962e+02,1.410293e+06,8.846577e+01,,,,5
2018-04-26 10:46:15.000000,2.609026e+07,1.818803e+07,1.239966e+02,1.410293e+06,8.846576e+01,,,,5
2018-04-26 10:46:16.000000,2.609027e+07,1.818778e+07,1.239965e+02,1.410293e+06,8.846575e+01,,,,5
2018-04-26 10:46:17.000000,2.609026e+07,1.818956e+07,1.239975e+02,1.410293e+06,8.846574e+01,,,,5
2018-04-26 10:46:18.000000,2.609025e+07,1.818708e+07,1.239960e+02,1.410293e+06,8.846574e+01,,,,5
2018-04-26 10:46:19.000000,2.609024e+07,1.818856e+07,1.239967e+02,1.410293e+06,8.846573e+01,,,,5
2018-04-26 10:46:20.000000,2.609024e+07,1.818686e+07,1.239958e+02,1.410293e+06,8.846572e+01,,,,5
2018-04-26 10:46:21.000000,2.609027e+07,1.818823e+07,1.239965e+02,1.410293e+06,8.846571e+01,,,,5
2018-04-26 10:46:22.000000,2.609026e+07,1.818697e+07,1.239958e+02,1.410293e+06,8.846571e+01,,,,5
2018-04-26 10:46:23.000000,2.609027e+07,1.818658e+07,1.239956e+02,1.410293e+06,8.846570e+01,,,,5
2018-04-26 10:46:24.000000,2.609024e+07,1.818773e+07,1.239963e+02,1.410293e+06,8.846569e+01,,,,5
2018-04-26 10:46:25.000000,2.609024e+07,1.818751e+07,1.239963e+02,1.410293e+06,8.846569e+01,,,,5
2018-04-26 10:46:26.000000,2.609027e+07,1.818807e+07,1.239967e+02,1.410293e+06,8.846568e+01,,,,5
2018-04-26 10:46:27.000000,2.609026e+07,1.818779e+07,1.239965e+02,1.410293e+06,8.846567e+01,,,,5
2018-04-26 10:46:28.000000,2.609027e+07,1.818902e+07,1.239972e+02,1.410293e+06,8.846566e+01,,,,5
2018-04-26 10:46:29.000000,2.609024e+07,1.818705e+07,1.239959e+02,1.410293e+06,8.846566e+01,,,,5
2018-04-26 10:46:30.000000,2.609025e+07,1.818805e+07,1.239965e+02,1.410293e+06,8.846565e+01,,,,5
2018-04-26 10:46:31.000000,2.609025e+07,1.818690e+07,1.239958e+02,1.410293e+06,8.846564e+01,,,,5
2018-04-26 10:46:32.000000,2.609026e+07,1.818768e+07,1.239962e+02,1.410293e+06,8.846563e+01,,,,5
2018-04-26 10:46:33.000000,2.609026e+07,1.818661e+07,1.239956e+02,1.410293e+06,8.846563e+01,,,,5
2018-04-26 10:46:34.000000,2.609026e+07,1.818819e+07,1.239965e+02,1.410293e+06,8.846562e+01,,,,5
2018-04-26 10:46:35.000000,2.609025e+07,1.818753e+07,1.239962e+02,1.410293e+06,8.846561e+01,,,,5
2018-04-26 10:46:36.000000,2.609024e+07,1.818752e+07,1.239963e+02,1.410293e+06,8.846560e+01,,,,5
2018-04-26 10:46:37.000000,2.609025e+07,1.818781e+07,1.239964e+02,1.410293e+06,8.846560e+01,,,,5
2018-04-26 10:46:38.000000,2.609026e+07,1.818783e+07,1.239965e+02,1.410293e+06,8.846559e+01,,,,5
2018-04-26 10:46:39.000000,2.609026e+07,1.818809e+07,1.239967e+02,1.410293e+06,8.846558e+01,,,,5
2018-04-26 10:46:40.000000,2.609025e+07,1.818704e+07,1.239960e+02,1.410293e+06,8.846557e+01,,,,5
2018-04-26 10:46:41.000000,2.609024e+07,1.818805e+07,1.239965e+02,1.410293e+06,8.846557e+01,,,,5
2018-04-26 10:46:42.000000,2.609025e+07,1.818686e+07,1.239958e+02,1.410293e+06,8.846556e+01,,,,5
2018-04-26 10:46:43.000000,2.609026e+07,1.818774e+07,1.239963e+02,1.410293e+06,8.846555e+01,,,,5
2018-04-26 10:46:44.000000,2.609026e+07,1.818659e+07,1.239956e+02,1.410293e+06,8.846555e+01,,,,5
2018-04-26 10:46:45.000000,2.609027e+07,1.818832e+07,1.239966e+02,1.410293e+06,8.846554e+01,,,,5
2018-04-26 10:46:46.000000,2.609024e+07,1.818754e+07,1.239962e+02,1.410293e+06,8.846553e+01,,,,5
2018-04-26 10:46:47.000000,2.609025e+07,1.818916e+07,1.239971e+02,1.410293e+06,8.846552e+01,,,,5
2018-04-26 10:46:48.000000,2.609024e+07,1.818783e+07,1.239964e+02,1.410293e+06,8.846552e+01,,,,5
2018-04-26 10:46:49.000000,2.609026e+07,1.818942e+07,1.239973e+02,1.410293e+06,8.846551e+01,,,,5
2018-04-26 10:46:50.000000,2.609027e+07,1.818820e+07,1.239967e+02,1.410293e+06,8.846550e+01,,,,5
2018-04-26 10:46:51.000000,2.609026e+07,1.818776e+07,1.239965e+02,1.410293e+06,8.846549e+01,,,,5
2018-04-26 10:46:52.000000,2.609025e+07,1.818724e+07,1.239960e+02,1.410293e+06,8.846549e+01,,,,5
2018-04-26 10:46:53.000000,2.609024e+07,1.818685e+07,1.239958e+02,1.410293e+06,8.846548e+01,,,,5
2018-04-26 10:46:54.000000,2.609027e+07,1.818688e+07,1.239958e+02,1.410293e+06,8.846547e+01,,,,5
2018-04-26 10:46:55.000000,2.609026e+07,1.818656e+07,1.239956e+02,1.410293e+06,8.846546e+01,,,,5
2018-04-26 10:46:56.000000,2.609026e+07,1.818772e+07,1.239962e+02,1.410293e+06,8.846546e+01,,,,5
2018-04-26 10:46:57.000000,2.609024e+07,1.818747e+07,1.239962e+02,1.410293e+06,8.846545e+01,,,,5
2018-04-26 10:46:58.000000,2.609024e+07,1.818861e+07,1.239969e+02,1.410293e+06,8.846544e+01,,,,5
2018-04-26 10:46:59.000000,2.609025e+07,1.818750e+07,1.239962e+02,1.410293e+06,8.846544e+01,,,,5
2018-04-26 10:47:00.000000,2.609026e+07,1.818942e+07,1.239974e+02,1.410293e+06,8.846543e+01,,,,5
2018-04-26 10:47:01.000000,2.609026e+07,1.818787e+07,1.239966e+02,1.410293e+06,8.846542e+01,,,,5
2018-04-26 10:47:02.000000,2.609026e+07,1.818783e+07,1.239965e+02,1.410293e+06,8.846541e+01,,,,5
2018-04-26 10:47:03.000000,2.609024e+07,1.818691e+07,1.239959e+02,1.410293e+06,8.846541e+01,,,,5
2018-04-26 10:47:04.000000,2.609025e+07,1.818692e+07,1.239959e+02,1.410293e+06,8.846540e+01,,,,5
2018-04-26 10:47:05.000000,2.609026e+07,1.818689e+07,1.239958e+02,1.410293e+06,8.846539e+01,,,,5
2018-04-26 10:47:06.000000,2.609027e+07,1.818661e+07,1.239956e+02,1.410293e+06,8.846538e+01,,,,5
2018-04-26 10:47:07.000000,2.609026e+07,1.818780e+07,1.239963e+02,1.410293e+06,8.846538e+01,,,,5
2018-04-26 10:47:08.000000,2.609024e+07,1.818753e+07,1.239963e+02,1.410293e+06,8.846537e+01,,,,5
2018-04-26 10:47:09.000000,2.609025e+07,1.818868e+07,1.239969e+02,1.410293e+06,8.846536e+01,,,,5
2018-04-26 10:47:10.000000,2.609024e+07,1.818750e+07,1.239962e+02,1.410293e+06,8.846535e+01,,,,5
2018-04-26 10:47:11.000000,2.609027e+07,1.818891e+07,1.239971e+02,1.410293e+06,8.846535e+01,,,,5
2018-04-26 10:47:12.000000,2.609026e+07,1.818787e+07,1.239965e+02,1.410293e+06,8.846534e+01,,,,5
2018-04-26 10:47:13.000000,2.609026e+07,1.818953e+07,1.239974e+02,1.410293e+06,8.846533e+01,,,,5
2018-04-26 10:47:14.000000,2.609025e+07,1.818710e+07,1.239959e+02,1.410293e+06,8.846533e+01,,,,5
2018-04-26 10:47:15.000000,2.609024e+07,1.818843e+07,1.239967e+02,1.410293e+06,8.846532e+01,,,,5
2018-04-26 10:47:16.000000,2.609025e+07,1.818721e+07,1.239960e+02,1.410293e+06,8.846531e+01,,,,5
2018-04-26 10:47:17.000000,2.609026e+07,1.818813e+07,1.239965e+02,1.410293e+06,8.846530e+01,,,,5
2018-04-26 10:47:18.000000,2.609027e+07,1.818694e+07,1.239958e+02,1.410293e+06,8.846530e+01,,,,5
2018-04-26 10:47:19.000000,2.609024e+07,1.818745e+07,1.239962e+02,1.410293e+06,8.846529e+01,,,,5
2018-04-26 10:47:20.000000,2.609025e+07,1.818779e+07,1.239964e+02,1.410293e+06,8.846528e+01,,,,5
2018-04-26 10:47:21.000000,2.609024e+07,1.818745e+07,1.239962e+02,1.410293e+06,8.846527e+01,,,,5
2018-04-26 10:47:22.000000,2.609026e+07,1.818804e+07,1.239966e+02,1.410293e+06,8.846527e+01,,,,5
2018-04-26 10:47:23.000000,2.609027e+07,1.818779e+07,1.239965e+02,1.410293e+06,8.846526e+01,,,,5
2018-04-26 10:47:24.000000,2.609026e+07,1.818956e+07,1.239975e+02,1.410293e+06,8.846525e+01,,,,5
2018-04-26 10:47:25.000000,2.609025e+07,1.818708e+07,1.239960e+02,1.410293e+06,8.846524e+01,,,,5
2018-04-26 10:47:26.000000,2.609024e+07,1.818854e+07,1.239967e+02,1.410293e+06,8.846524e+01,,,,5
2018-04-26 10:47:27.000000,2.609024e+07,1.818686e+07,1.239958e+02,1.410293e+06,8.846523e+01,,,,5
2018-04-26 10:47:28.000000,2.609027e+07,1.818823e+07,1.239965e+02,1.410293e+06,8.846522e+01,,,,5
2018-04-26 10:47:29.000000,2.609026e+07,1.818697e+07,1.239958e+02,1.410293e+06,8.846522e+01,,,,5
2018-04-26 10:47:30.000000,2.609027e+07,1.818658e+07,1.239956e+02,1.410293e+06,8.846521e+01,,,,5
2018-04-26 10:47:31.000000,2.609024e+07,1.818773e+07,1.239963e+02,1.410293e+06,8.846520e+01,,,,5
2018-04-26 10:47:32.000000,2.609024e+07,1.818751e+07,1.239963e+02,1.410293e+06,8.846519e+01,,,,5
2018-04-26 10:47:33.000000,2.609027e+07,1.818807e+07,1.239967e+02,1.410293e+06,8.846519e+01,,,,5
2018-04-26 10:47:34.000000,2.609026e+07,1.818779e+07,1.239965e+02,1.410293e+06,8.846518e+01,,,,5
2018-04-26 10:47:35.000000,2.609027e+07,1.818902e+07,1.239972e+02,1.410293e+06,8.846517e+01,,,,5
2018-04-26 10:47:36.000000,2.609024e+07,1.818707e+07,1.239959e+02,1.410293e+06,8.846516e+01,,,,5
2018-04-26 10:47:37.000000,2.609025e+07,1.818805e+07,1.239965e+02,1.410293e+06,8.846516e+01,,,,5
2018-04-26 10:47:38.000000,2.609025e+07,1.818690e+07,1.239958e+02,1.410293e+06,8.846515e+01,,,,5
2018-04-26 10:47:39.000000,2.609026e+07,1.818769e+07,1.239962e+02,1.410293e+06,8.846514e+01,,,,5
2018-04-26 10:47:40.000000,2.609026e+07,1.818663e+07,1.239956e+02,1.410293e+06,8.846514e+01,,,,5
2018-04-26 10:47:41.000000,2.609026e+07,1.818819e+07,1.239965e+02,1.410293e+06,8.846513e+01,,,,5
2018-04-26 10:47:42.000000,2.609025e+07,1.818753e+07,1.239962e+02,1.410293e+06,8.846512e+01,,,,5
2018-04-26 10:47:43.000000,2.609024e+07,1.818752e+07,1.239963e+02,1.410293e+06,8.846511e+01,,,,5
2018-04-26 10:47:44.000000,2.609025e+07,1.818781e+07,1.239964e+02,1.410293e+06,8.846511e+01,,,,5
2018-04-26 10:47:45.000000,2.609026e+07,1.818783e+07,1.239965e+02,1.410293e+06,8.846510e+01,,,,5
2018-04-26 10:47:46.000000,2.609026e+07,1.818810e+07,1.239966e+02,1.410293e+06,8.846509e+01,,,,5
2018-04-26 10:47:47.000000,2.609025e+07,1.818705e+07,1.239960e+02,1.410293e+06,8.846509e+01,,,,5
2018-04-26 10:47:48.000000,2.609024e+07,1.818805e+07,1.239965e+02,1.410293e+06,8.846508e+01,,,,5
2018-04-26 10:47:49.000000,2.609025e+07,1.818686e+07,1.239958e+02,1.410293e+06,8.846507e+01,,,,5
2018-04-26 10:47:50.000000,2.609026e+07,1.818774e+07,1.239962e+02,1.410293e+06,8.846506e+01,,,,5
2018-04-26 10:47:51.000000,2.609026e+07,1.818659e+07,1.239956e+02,1.410293e+06,8.846506e+01,,,,5
2018-04-26 10:47:52.000000,2.609027e+07,1.818832e+07,1.239966e+02,1.410292e+06,8.846505e+01,,,,5
2018-04-26 10:47:53.000000,2.609024e+07,1.818755e+07,1.239962e+02,1.410292e+06,8.846504e+01,,,,5
2018-04-26 10:47:54.000000,2.609025e+07,1.818916e+07,1.239971e+02,1.410292e+06,8.846503e+01,,,,5
2018-04-26 10:47:55.000000,2.609024e+07,1.818783e+07,1.239964e+02,1.410292e+06,8.846503e+01,,,,5
2018-04-26 10:47:56.000000,2.609026e+07,1.818942e+07,1.239973e+02,1.410292e+06,8.846502e+01,,,,5
2018-04-26 10:47:57.000000,2.609027e+07,1.818821e+07,1.239967e+02,1.410292e+06,8.846501e+01,,,,5
2018-04-26 10:47:58.000000,2.609026e+07,1.818776e+07,1.239965e+02,1.410292e+06,8.846501e+01,,,,5
2018-04-26 10:47:59.000000,2.609025e+07,1.818724e+07,1.239960e+02,1.410292e+06,8.846500e+01,,,,5
2018-04-26 10:48:00.000000,2.609024e+07,1.818686e+07,1.239958e+02,1.410292e+06,8.846499e+01,,,,5
2018-04-26 10:48:01.000000,2.609027e+07,1.818688e+07,1.239958e+02,1.410292e+06,8.846498e+01,,,,5
2018-04-26 10:48:02.000000,2.609026e+07,1.818656e+07,1.239956e+02,1.410292e+06,8.846498e+01,,,,5
2018-04-26 10:48:03.000000,2.609026e+07,1.818773e+07,1.239962e+02,1.410292e+06,8.846497e+01,,,,5
2018-04-26 10:48:04.000000,2.609024e+07,1.818747e+07,1.239962e+02,1.410292e+06,8.846496e+01,,,,5
2018-04-26 10:48:05.000000,2.609024e+07,1.818861e+07,1.239969e+02,1.410292e+06,8.846496e+01,,,,5
2018-04-26 10:48:06.000000,2.609025e+07,1.818750e+07,1.239962e+02,1.410292e+06,8.846495e+01,,,,5
2018-04-26 10:48:07.000000,2.609026e+07,1.818940e+07,1.239973e+02,1.410292e+06,8.846494e+01,,,,5
2018-04-26 10:48:08.000000,2.609027e+07,1.818788e+07,1.239965e+02,1.410292e+06,8.846493e+01,,,,5
2018-04-26 10:48:09.000000,2.609026e+07,1.818783e+07,1.239965e+02,1.410292e+06,8.846493e+01,,,,5
2018-04-26 10:48:10.000000,2.609024e+07,1.818692e+07,1.239959e+02,1.410292e+06,8.846492e+01,,,,5
2018-04-26 10:48:11.000000,2.609025e+07,1.818692e+07,1.239959e+02,1.410292e+06,8.846491e+01,,,,5
2018-04-26 10:48:12.000000,2.609024e+07,1.818814e+07,1.239965e+02,1.410292e+06,8.846491e+01,,,,5
2018-04-26 10:48:13.000000,2.609027e+07,1.818670e+07,1.239957e+02,1.410292e+06,8.846490e+01,,,,5
2018-04-26 10:48:14.000000,2.609026e+07,1.818779e+07,1.239963e+02,1.410292e+06,8.846489e+01,,,,5
2018-04-26 10:48:15.000000,2.609024e+07,1.818753e+07,1.239963e+02,1.410292e+06,8.846488e+01,,,,5
2018-04-26 10:48:16.000000,2.609025e+07,1.818868e+07,1.239969e+02,1.410292e+06,8.846488e+01,,,,5
2018-04-26 10:48:17.000000,2.609024e+07,1.818751e+07,1.239962e+02,1.410292e+06,8.846487e+01,,,,5
2018-04-26 10:48:18.000000,2.609027e+07,1.818891e+07,1.239970e+02,1.410292e+06,8.846486e+01,,,,5
2018-04-26 10:48:19.000000,2.609026e+07,1.818787e+07,1.239965e+02,1.410292e+06,8.846486e+01,,,,5
2018-04-26 10:48:20.000000,2.609026e+07,1.818953e+07,1.239974e+02,1.410292e+06,8.846485e+01,,,,5
2018-04-26 10:48:21.000000,2.609025e+07,1.818712e+07,1.239959e+02,1.410292e+06,8.846484e+01,,,,5
2018-04-26 10:48:22.000000,2.609024e+07,1.818843e+07,1.239967e+02,1.410292e+06,8.846483e+01,,,,5
2018-04-26 10:48:23.000000,2.609025e+07,1.818721e+07,1.239960e+02,1.410292e+06,8.846483e+01,,,,5
2018-04-26 10:48:24.000000,2.609026e+07,1.818813e+07,1.239965e+02,1.410292e+06,8.846482e+01,,,,5
2018-04-26 10:48:25.000000,2.609027e+07,1.818695e+07,1.239958e+02,1.410292e+06,8.846481e+01,,,,5
2018-04-26 10:48:26.000000,2.609026e+07,1.818653e+07,1.239956e+02,1.410292e+06,8.846481e+01,,,,5
2018-04-26 10:48:27.000000,2.609025e+07,1.818772e+07,1.239963e+02,1.410292e+06,8.846480e+01,,,,5
2018-04-26 10:48:28.000000,2.609024e+07,1.818745e+07,1.239962e+02,1.410292e+06,8.846479e+01,,,,5
2018-04-26 10:48:29.000000,2.609026e+07,1.818804e+07,1.239966e+02,1.410292e+06,8.846478e+01,,,,5
2018-04-26 10:48:30.000000,2.609027e+07,1.818779e+07,1.239965e+02,1.410292e+06,8.846478e+01,,,,5
2018-04-26 10:48:31.000000,2.609026e+07,1.818954e+07,1.239974e+02,1.410292e+06,8.846477e+01,,,,5
2018-04-26 10:48:32.000000,2.609025e+07,1.818708e+07,1.239959e+02,1.410292e+06,8.846476e+01,,,,5
2018-04-26 10:48:33.000000,2.609024e+07,1.818854e+07,1.239967e+02,1.410292e+06,8.846475e+01,,,,5
2018-04-26 10:48:34.000000,2.609024e+07,1.818688e+07,1.239958e+02,1.410292e+06,8.846475e+01,,,,5
2018-04-26 10:48:35.000000,2.609027e+07,1.818823e+07,1.239964e+02,1.410292e+06,8.846474e+01,,,,5
2018-04-26 10:48:36.000000,2.609026e+07,1.818697e+07,1.239957e+02,1.410292e+06,8.846473e+01,,,,5
2018-04-26 10:48:37.000000,2.609027e+07,1.818658e+07,1.239956e+02,1.410292e+06,8.846473e+01,,,,5
2018-04-26 10:48:38.000000,2.609024e+07,1.818772e+07,1.239963e+02,1.410292e+06,8.846472e+01,,,,5
2018-04-26 10:48:39.000000,2.609024e+07,1.818751e+07,1.239963e+02,1.410292e+06,8.846471e+01,,,,5
2018-04-26 10:48:40.000000,2.609027e+07,1.818807e+07,1.239966e+02,1.410292e+06,8.846470e+01,,,,5
2018-04-26 10:48:41.000000,2.609026e+07,1.818779e+07,1.239965e+02,1.410292e+06,8.846470e+01,,,,5
2018-04-26 10:48:42.000000,2.609027e+07,1.818902e+07,1.239971e+02,1.410292e+06,8.846469e+01,,,,5
2018-04-26 10:48:43.000000,2.609024e+07,1.818707e+07,1.239959e+02,1.410292e+06,8.846468e+01,,,,5
2018-04-26 10:48:44.000000,2.609025e+07,1.818804e+07,1.239964e+02,1.410292e+06,8.846468e+01,,,,5
2018-04-26 10:48:45.000000,2.609025e+07,1.818690e+07,1.239958e+02,1.410292e+06,8.846467e+01,,,,5
2018-04-26 10:48:46.000000,2.609026e+07,1.818769e+07,1.239962e+02,1.410292e+06,8.846466e+01,,,,5
2018-04-26 10:48:47.000000,2.609026e+07,1.818663e+07,1.239956e+02,1.410292e+06,8.846465e+01,,,,5
2018-04-26 10:48:48.000000,2.609026e+07,1.818818e+07,1.239965e+02,1.410292e+06,8.846465e+01,,,,5
2018-04-26 10:48:49.000000,2.609025e+07,1.818753e+07,1.239962e+02,1.410292e+06,8.846464e+01,,,,5
2018-04-26 10:48:50.000000,2.609025e+07,1.818752e+07,1.239963e+02,1.410292e+06,8.846463e+01,,,,5
2018-04-26 10:48:51.000000,2.609025e+07,1.818781e+07,1.239964e+02,1.410292e+06,8.846463e+01,,,,5
2018-04-26 10:48:52.000000,2.609026e+07,1.818783e+07,1.239965e+02,1.410292e+06,8.846462e+01,,,,5
2018-04-26 10:48:53.000000,2.609026e+07,1.818810e+07,1.239966e+02,1.410292e+06,8.846461e+01,,,,5
2018-04-26 10:48:54.000000,2.609025e+07,1.818705e+07,1.239960e+02,1.410292e+06,8.846460e+01,,,,5
2018-04-26 10:48:55.000000,2.609024e+07,1.818804e+07,1.239964e+02,1.410292e+06,8.846460e+01,,,,5
2018-04-26 10:48:56.000000,2.609025e+07,1.818686e+07,1.239958e+02,1.410292e+06,8.846459e+01,,,,5
2018-04-26 10:48:57.000000,2.609026e+07,1.818774e+07,1.239962e+02,1.410292e+06,8.846458e+01,,,,5
2018-04-26 10:48:58.000000,2.609026e+07,1.818661e+07,1.239957e+02,1.410292e+06,8.846458e+01,,,,5
2018-04-26 10:48:59.000000,2.609027e+07,1.818832e+07,1.239965e+02,1.410292e+06,8.846457e+01,,,,5
2018-04-26 10:49:00.000000,2.609024e+07,1.818755e+07,1.239962e+02,1.410292e+06,8.846456e+01,,,,5
2018-04-26 10:49:01.000000,2.609025e+07,1.818914e+07,1.239971e+02,1.410292e+06,8.846456e+01,,,,5
2018-04-26 10:49:02.000000,2.609024e+07,1.818784e+07,1.239964e+02,1.410292e+06,8.846455e+01,,,,5
2018-04-26 10:49:03.000000,2.609026e+07,1.818942e+07,1.239973e+02,1.410292e+06,8.846454e+01,,,,5
2018-04-26 10:49:04.000000,2.609027e+07,1.818821e+07,1.239966e+02,1.410292e+06,8.846453e+01,,,,5
2018-04-26 10:49:05.000000,2.609026e+07,1.818776e+07,1.239965e+02,1.410292e+06,8.846453e+01,,,,5
2018-04-26 10:49:06.000000,2.609025e+07,1.818724e+07,1.239960e+02,1.410292e+06,8.846452e+01,,,,5
2018-04-26 10:49:07.000000,2.609024e+07,1.818686e+07,1.239958e+02,1.410292e+06,8.846451e+01,,,,5
2018-04-26 10:49:08.000000,2.609027e+07,1.818688e+07,1.239957e+02,1.410292e+06,8.846451e+01,,,,5
2018-04-26 10:49:09.000000,2.609026e+07,1.818656e+07,1.239956e+02,1.410292e+06,8.846450e+01,,,,5
2018-04-26 10:49:10.000000,2.609026e+07,1.818773e+07,1.239962e+02,1.410292e+06,8.846449e+01,,,,5
2018-04-26 10:49:11.000000,2.609024e+07,1.818747e+07,1.239962e+02,1.410292e+06,8.846448e+01,,,,5
2018-04-26 10:49:12.000000,2.609024e+07,1.818860e+07,1.239968e+02,1.410292e+06,8.846448e+01,,,,5
2018-04-26 10:49:13.000000,2.609025e+07,1.818750e+07,1.239962e+02,1.410292e+06,8.846447e+01,,,,5
2018-04-26 10:49:14.000000,2.609026e+07,1.818940e+07,1.239973e+02,1.410292e+06,8.846446e+01,,,,5
2018-04-26 10:49:15.000000,2.609027e+07,1.818789e+07,1.239965e+02,1.410292e+06,8.846446e+01,,,,5
2018-04-26 10:49:16.000000,2.609026e+07,1.818783e+07,1.239965e+02,1.410292e+06,8.846445e+01,,,,5
2018-04-26 10:49:17.000000,2.609024e+07,1.818692e+07,1.239959e+02,1.410292e+06,8.846444e+01,,,,5
2018-04-26 10:49:18.000000,2.609025e+07,1.818692e+07,1.239959e+02,1.410292e+06,8.846444e+01,,,,5
2018-04-26 10:49:19.000000,2.609024e+07,1.818814e+07,1.239965e+02,1.410292e+06,8.846443e+01,,,,5
2018-04-26 10:49:20.000000,2.609027e+07,1.818670e+07,1.239957e+02,1.410292e+06,8.846442e+01,,,,5
2018-04-26 10:49:21.000000,2.609026e+07,1.818779e+07,1.239963e+02,1.410292e+06,8.846441e+01,,,,5
2018-04-26 10:49:22.000000,2.609024e+07,1.818754e+07,1.239963e+02,1.410292e+06,8.846441e+01,,,,5
2018-04-26 10:49:23.000000,2.609025e+07,1.818868e+07,1.239969e+02,1.410292e+06,8.846440e+01,,,,5
2018-04-26 10:49:24.000000,2.609024e+07,1.818751e+07,1.239962e+02,1.410292e+06,8.846439e+01,,,,5
2018-04-26 10:49:25.000000,2.609027e+07,1.818890e+07,1.239970e+02,1.410292e+06,8.846439e+01,,,,5
2018-04-26 10:49:26.000000,2.609026e+07,1.818787e+07,1.239965e+02,1.410292e+06,8.846438e+01,,,,5
2018-04-26 10:49:27.000000,2.609026e+07,1.818953e+07,1.239974e+02,1.410292e+06,8.846437e+01,,,,5
2018-04-26 10:49:28.000000,2.609025e+07,1.818712e+07,1.239959e+02,1.410292e+06,8.846436e+01,,,,5
2018-04-26 10:49:29.000000,2.609024e+07,1.818842e+07,1.239966e+02,1.410292e+06,8.846436e+01,,,,5
2018-04-26 10:49:30.000000,2.609025e+07,1.818721e+07,1.239960e+02,1.410292e+06,8.846435e+01,,,,5
2018-04-26 10:49:31.000000,2.609026e+07,1.818813e+07,1.239964e+02,1.410292e+06,8.846434e+01,,,,5
2018-04-26 10:49:32.000000,2.609027e+07,1.818696e+07,1.239957e+02,1.410292e+06,8.846434e+01,,,,5
2018-04-26 10:49:33.000000,2.609026e+07,1.818653e+07,1.239956e+02,1.410292e+06,8.846433e+01,,,,5
2018-04-26 10:49:34.000000,2.609025e+07,1.818772e+07,1.239963e+02,1.410292e+06,8.846432e+01,,,,5
2018-04-26 10:49:35.000000,2.609024e+07,1.818746e+07,1.239962e+02,1.410292e+06,8.846432e+01,,,,5
2018-04-26 10:49:36.000000,2.609026e+07,1.818804e+07,1.239966e+02,1.410292e+06,8.846431e+01,,,,5
2018-04-26 10:49:37.000000,2.609027e+07,1.818779e+07,1.239965e+02,1.410292e+06,8.846430e+01,,,,5
2018-04-26 10:49:38.000000,2.609026e+07,1.818954e+07,1.239974e+02,1.410292e+06,8.846429e+01,,,,5
2018-04-26 10:49:39.000000,2.609025e+07,1.818710e+07,1.239960e+02,1.410292e+06,8.846429e+01,,,,5
2018-04-26 10:49:40.000000,2.609024e+07,1.818854e+07,1.239967e+02,1.410292e+06,8.846428e+01,,,,5
2018-04-26 10:49:41.000000,2.609024e+07,1.818688e+07,1.239958e+02,1.410292e+06,8.846427e+01,,,,5
2018-04-26 10:49:42.000000,2.609027e+07,1.818822e+07,1.239964e+02,1.410292e+06,8.846427e+01,,,,5
2018-04-26 10:49:43.000000,2.609026e+07,1.818697e+07,1.239957e+02,1.410292e+06,8.846426e+01,,,,5
2018-04-26 10:49:44.000000,2.609027e+07,1.818658e+07,1.239956e+02,1.410292e+06,8.846425e+01,,,,5
2018-04-26 10:49:45.000000,2.609024e+07,1.818772e+07,1.239963e+02,1.410292e+06,8.846425e+01,,,,5
2018-04-26 10:49:46.000000,2.609024e+07,1.818752e+07,1.239962e+02,1.410292e+06,8.846424e+01,,,,5
2018-04-26 10:49:47.000000,2.609025e+07,1.818877e+07,1.239969e+02,1.410292e+06,8.846423e+01,,,,5
2018-04-26 10:49:48.000000,2.609026e+07,1.818783e+07,1.239964e+02,1.410292e+06,8.846422e+01,,,,5
2018-04-26 10:49:49.000000,2.609027e+07,1.818901e+07,1.239971e+02,1.410292e+06,8.846422e+01,,,,5
2018-04-26 10:49:50.000000,2.609024e+07,1.818707e+07,1.239959e+02,1.410292e+06,8.846421e+01,,,,5
2018-04-26 10:49:51.000000,2.609025e+07,1.818804e+07,1.239964e+02,1.410292e+06,8.846420e+01,,,,5
2018-04-26 10:49:52.000000,2.609025e+07,1.818691e+07,1.239958e+02,1.410292e+06,8.846420e+01,,,,5
2018-04-26 10:49:53.000000,2.609026e+07,1.818769e+07,1.239962e+02,1.410292e+06,8.846419e+01,,,,5
2018-04-26 10:49:54.000000,2.609026e+07,1.818663e+07,1.239956e+02,1.410292e+06,8.846418e+01,,,,5
2018-04-26 10:49:55.000000,2.609026e+07,1.818818e+07,1.239964e+02,1.410292e+06,8.846418e+01,,,,5
2018-04-26 10:49:56.000000,2.609025e+07,1.818754e+07,1.239962e+02,1.410292e+06,8.846417e+01,,,,5
2018-04-26 10:49:57.000000,2.609025e+07,1.818752e+07,1.239963e+02,1.410292e+06,8.846416e+01,,,,5
2018-04-26 10:49:58.000000,2.609025e+07,1.818781e+07,1.239964e+02,1.410292e+06,8.846415e+01,,,,5
2018-04-26 10:49:59.000000,2.609026e+07,1.818783e+07,1.239965e+02,1.410292e+06,8.846415e+01,,,,5
2018-04-26 10:50:00.000000,2.609026e+07,1.818810e+07,1.239966e+02,1.410292e+06,8.846414e+01,,,,5
2018-04-26 10:50:01.000000,2.609027e+07,1.818776e+07,1.239964e+02,1.410292e+06,8.846413e+01,,,,5
2018-04-26 10:50:02.000000,2.609024e+07,1.818725e+07,1.239960e+02,1.410292e+06,8.846413e+01,,,,5
2018-04-26 10:50:03.000000,2.609025e+07,1.818686e+07,1.239958e+02,1.410292e+06,8.846412e+01,,,,5
2018-04-26 10:50:04.000000,2.609027e+07,1.818689e+07,1.239957e+02,1.410292e+06,8.846411e+01,,,,5
2018-04-26 10:50:05.000000,2.609026e+07,1.818656e+07,1.239956e+02,1.410292e+06,8.846411e+01,,,,5
2018-04-26 10:50:06.000000,2.609026e+07,1.818773e+07,1.239962e+02,1.410292e+06,8.846410e+01,,,,5
2018-04-26 10:50:07.000000,2.609025e+07,1.818747e+07,1.239962e+02,1.410292e+06,8.846409e+01,,,,5
2018-04-26 10:50:08.000000,2.609024e+07,1.818861e+07,1.239968e+02,1.410291e+06,8.846408e+01,,,,5
2018-04-26 10:50:09.000000,2.609025e+07,1.818750e+07,1.239962e+02,1.410291e+06,8.846408e+01,,,,5
2018-04-26 10:50:10.000000,2.609026e+07,1.818942e+07,1.239973e+02,1.410291e+06,8.846407e+01,,,,5
2018-04-26 10:50:11.000000,2.609027e+07,1.818787e+07,1.239965e+02,1.410291e+06,8.846406e+01,,,,5
2018-04-26 10:50:12.000000,2.609026e+07,1.818783e+07,1.239965e+02,1.410291e+06,8.846406e+01,,,,5
2018-04-26 10:50:13.000000,2.609024e+07,1.818693e+07,1.239959e+02,1.410291e+06,8.846405e+01,,,,5
2018-04-26 10:50:14.000000,2.609025e+07,1.818692e+07,1.239959e+02,1.410291e+06,8.846404e+01,,,,5
2018-04-26 10:50:15.000000,2.609025e+07,1.818814e+07,1.239965e+02,1.410291e+06,8.846404e+01,,,,5
2018-04-26 10:50:16.000000,2.609027e+07,1.818670e+07,1.239957e+02,1.410291e+06,8.846403e+01,,,,5
2018-04-26 10:50:17.000000,2.609026e+07,1.818780e+07,1.239962e+02,1.410291e+06,8.846402e+01,,,,5
2018-04-26 10:50:18.000000,2.609025e+07,1.818753e+07,1.239962e+02,1.410291e+06,8.846401e+01,,,,5
2018-04-26 10:50:19.000000,2.609025e+07,1.818868e+07,1.239968e+02,1.410291e+06,8.846401e+01,,,,5
2018-04-26 10:50:20.000000,2.609025e+07,1.818751e+07,1.239962e+02,1.410291e+06,8.846400e+01,,,,5
2018-04-26 10:50:21.000000,2.609027e+07,1.818891e+07,1.239970e+02,1.410291e+06,8.846399e+01,,,,5
2018-04-26 10:50:22.000000,2.609026e+07,1.818787e+07,1.239964e+02,1.410291e+06,8.846399e+01,,,,5
2018-04-26 10:50:23.000000,2.609027e+07,1.818953e+07,1.239974e+02,1.410291e+06,8.846398e+01,,,,5
2018-04-26 10:50:24.000000,2.609025e+07,1.818710e+07,1.239959e+02,1.410291e+06,8.846397e+01,,,,5
2018-04-26 10:50:25.000000,2.609025e+07,1.818843e+07,1.239967e+02,1.410291e+06,8.846397e+01,,,,5
2018-04-26 10:50:26.000000,2.609025e+07,1.818722e+07,1.239960e+02,1.410291e+06,8.846396e+01,,,,5
2018-04-26 10:50:27.000000,2.609026e+07,1.818814e+07,1.239964e+02,1.410291e+06,8.846395e+01,,,,5
2018-04-26 10:50:28.000000,2.609027e+07,1.818694e+07,1.239957e+02,1.410291e+06,8.846395e+01,,,,5
2018-04-26 10:50:29.000000,2.609025e+07,1.818745e+07,1.239961e+02,1.410291e+06,8.846394e+01,,,,5
2018-04-26 10:50:30.000000,2.609025e+07,1.818779e+07,1.239964e+02,1.410291e+06,8.846393e+01,,,,5
2018-04-26 10:50:31.000000,2.609025e+07,1.818745e+07,1.239962e+02,1.410291e+06,8.846393e+01,,,,5
2018-04-26 10:50:32.000000,2.609026e+07,1.818804e+07,1.239966e+02,1.410291e+06,8.846392e+01,,,,5
2018-04-26 10:50:33.000000,2.609027e+07,1.818779e+07,1.239964e+02,1.410291e+06,8.846391e+01,,,,5
2018-04-26 10:50:34.000000,2.609026e+07,1.818956e+07,1.239974e+02,1.410291e+06,8.846390e+01,,,,5
2018-04-26 10:50:35.000000,2.609025e+07,1.818708e+07,1.239959e+02,1.410291e+06,8.846390e+01,,,,5
2018-04-26 10:50:36.000000,2.609024e+07,1.818855e+07,1.239967e+02,1.410291e+06,8.846389e+01,,,,5
2018-04-26 10:50:37.000000,2.609024e+07,1.818689e+07,1.239958e+02,1.410291e+06,8.846388e+01,,,,5
2018-04-26 10:50:38.000000,2.609027e+07,1.818823e+07,1.239964e+02,1.410291e+06,8.846388e+01,,,,5
2018-04-26 10:50:39.000000,2.609026e+07,1.818697e+07,1.239957e+02,1.410291e+06,8.846387e+01,,,,5
2018-04-26 10:50:40.000000,2.609027e+07,1.818659e+07,1.239956e+02,1.410291e+06,8.846386e+01,,,,5
2018-04-26 10:50:41.000000,2.609024e+07,1.818773e+07,1.239963e+02,1.410291e+06,8.846386e+01,,,,5
2018-04-26 10:50:42.000000,2.609025e+07,1.818751e+07,1.239962e+02,1.410291e+06,8.846385e+01,,,,5
2018-04-26 10:50:43.000000,2.609027e+07,1.818807e+07,1.239966e+02,1.410291e+06,8.846384e+01,,,,5
2018-04-26 10:50:44.000000,2.609026e+07,1.818780e+07,1.239964e+02,1.410291e+06,8.846384e+01,,,,5
2018-04-26 10:50:45.000000,2.609027e+07,1.818902e+07,1.239971e+02,1.410291e+06,8.846383e+01,,,,5
2018-04-26 10:50:46.000000,2.609024e+07,1.818708e+07,1.239959e+02,1.410291e+06,8.846382e+01,,,,5
2018-04-26 10:50:47.000000,2.609025e+07,1.818804e+07,1.239964e+02,1.410291e+06,8.846381e+01,,,,5
2018-04-26 10:50:48.000000,2.609025e+07,1.818690e+07,1.239958e+02,1.410291e+06,8.846381e+01,,,,5
2018-04-26 10:50:49.000000,2.609027e+07,1.818769e+07,1.239962e+02,1.410291e+06,8.846380e+01,,,,5
2018-04-26 10:50:50.000000,2.609027e+07,1.818663e+07,1.239955e+02,1.410291e+06,8.846379e+01,,,,5
2018-04-26 10:50:51.000000,2.609026e+07,1.818819e+07,1.239964e+02,1.410291e+06,8.846379e+01,,,,5
2018-04-26 10:50:52.000000,2.609025e+07,1.818753e+07,1.239962e+02,1.410291e+06,8.846378e+01,,,,5
2018-04-26 10:50:53.000000,2.609025e+07,1.818752e+07,1.239962e+02,1.410291e+06,8.846377e+01,,,,5
2018-04-26 10:50:54.000000,2.609025e+07,1.818781e+07,1.239964e+02,1.410291e+06,8.846377e+01,,,,5
2018-04-26 10:50:55.000000,2.609026e+07,1.818783e+07,1.239965e+02,1.410291e+06,8.846376e+01,,,,5
2018-04-26 10:50:56.000000,2.609026e+07,1.818810e+07,1.239966e+02,1.410291e+06,8.846375e+01,,,,5
2018-04-26 10:50:57.000000,2.609025e+07,1.818705e+07,1.239959e+02,1.410291e+06,8.846375e+01,,,,5
2018-04-26 10:50:58.000000,2.609025e+07,1.818805e+07,1.239964e+02,1.410291e+06,8.846374e+01,,,,5
2018-04-26 10:50:59.000000,2.609025e+07,1.818686e+07,1.239958e+02,1.410291e+06,8.846373e+01,,,,5
2018-04-26 10:51:00.000000,2.609026e+07,1.818774e+07,1.239962e+02,1.410291e+06,8.846372e+01,,,,5
2018-04-26 10:51:01.000000,2.609026e+07,1.818659e+07,1.239955e+02,1.410291e+06,8.846372e+01,,,,5
2018-04-26 10:51:02.000000,2.609027e+07,1.818832e+07,1.239965e+02,1.410291e+06,8.846371e+01,,,,5
2018-04-26 10:51:03.000000,2.609025e+07,1.818755e+07,1.239962e+02,1.410291e+06,8.846370e+01,,,,5
2018-04-26 10:51:04.000000,2.609025e+07,1.818914e+07,1.239970e+02,1.410291e+06,8.846370e+01,,,,5
2018-04-26 10:51:05.000000,2.609024e+07,1.818784e+07,1.239964e+02,1.410291e+06,8.846369e+01,,,,5
2018-04-26 10:51:06.000000,2.609027e+07,1.818942e+07,1.239973e+02,1.410291e+06,8.846368e+01,,,,5
2018-04-26 10:51:07.000000,2.609027e+07,1.818821e+07,1.239966e+02,1.410291e+06,8.846368e+01,,,,5
2018-04-26 10:51:08.000000,2.609026e+07,1.818777e+07,1.239964e+02,1.410291e+06,8.846367e+01,,,,5
2018-04-26 10:51:09.000000,2.609025e+07,1.818725e+07,1.239960e+02,1.410291e+06,8.846366e+01,,,,5
2018-04-26 10:51:10.000000,2.609024e+07,1.818686e+07,1.239958e+02,1.410291e+06,8.846366e+01,,,,5
2018-04-26 10:51:11.000000,2.609027e+07,1.818689e+07,1.239957e+02,1.410291e+06,8.846365e+01,,,,5
2018-04-26 10:51:12.000000,2.609027e+07,1.818656e+07,1.239955e+02,1.410291e+06,8.846364e+01,,,,5
2018-04-26 10:51:13.000000,2.609027e+07,1.818773e+07,1.239962e+02,1.410291e+06,8.846364e+01,,,,5
2018-04-26 10:51:14.000000,2.609025e+07,1.818747e+07,1.239962e+02,1.410291e+06,8.846363e+01,,,,5
2018-04-26 10:51:15.000000,2.609024e+07,1.818861e+07,1.239968e+02,1.410291e+06,8.846362e+01,,,,5
2018-04-26 10:51:16.000000,2.609025e+07,1.818750e+07,1.239962e+02,1.410291e+06,8.846362e+01,,,,5
2018-04-26 10:51:17.000000,2.609026e+07,1.818940e+07,1.239973e+02,1.410291e+06,8.846361e+01,,,,5
2018-04-26 10:51:18.000000,2.609027e+07,1.818788e+07,1.239965e+02,1.410291e+06,8.846360e+01,,,,5
2018-04-26 10:51:19.000000,2.609026e+07,1.818783e+07,1.239965e+02,1.410291e+06,8.846360e+01,,,,5
2018-04-26 10:51:20.000000,2.609024e+07,1.818693e+07,1.239959e+02,1.410291e+06,8.846359e+01,,,,5
2018-04-26 10:51:21.000000,2.609025e+07,1.818692e+07,1.239958e+02,1.410291e+06,8.846358e+01,,,,5
2018-04-26 10:51:22.000000,2.609025e+07,1.818814e+07,1.239965e+02,1.410291e+06,8.846358e+01,,,,5
2018-04-26 10:51:23.000000,2.609027e+07,1.818670e+07,1.239957e+02,1.410291e+06,8.846357e+01,,,,5
2018-04-26 10:51:24.000000,2.609026e+07,1.818779e+07,1.239962e+02,1.410291e+06,8.846356e+01,,,,5
2018-04-26 10:51:25.000000,2.609025e+07,1.818753e+07,1.239962e+02,1.410291e+06,8.846355e+01,,,,5
2018-04-26 10:51:26.000000,2.609025e+07,1.818868e+07,1.239968e+02,1.410291e+06,8.846355e+01,,,,5
2018-04-26 10:51:27.000000,2.609025e+07,1.818751e+07,1.239962e+02,1.410291e+06,8.846354e+01,,,,5
2018-04-26 10:51:28.000000,2.609027e+07,1.818891e+07,1.239970e+02,1.410291e+06,8.846353e+01,,,,5
2018-04-26 10:51:29.000000,2.609026e+07,1.818787e+07,1.239964e+02,1.410291e+06,8.846353e+01,,,,5
2018-04-26 10:51:30.000000,2.609027e+07,1.818953e+07,1.239974e+02,1.410291e+06,8.846352e+01,,,,5
2018-04-26 10:51:31.000000,2.609025e+07,1.818712e+07,1.239959e+02,1.410291e+06,8.846351e+01,,,,5
2018-04-26 10:51:32.000000,2.609025e+07,1.818843e+07,1.239967e+02,1.410291e+06,8.846351e+01,,,,5
2018-04-26 10:51:33.000000,2.609025e+07,1.818722e+07,1.239960e+02,1.410291e+06,8.846350e+01,,,,5
2018-04-26 10:51:34.000000,2.609026e+07,1.818813e+07,1.239964e+02,1.410291e+06,8.846349e+01,,,,5
2018-04-26 10:51:35.000000,2.609027e+07,1.818695e+07,1.239957e+02,1.410291e+06,8.846349e+01,,,,5
2018-04-26 10:51:36.000000,2.609027e+07,1.818653e+07,1.239955e+02,1.410291e+06,8.846348e+01,,,,5
2018-04-26 10:51:37.000000,2.609025e+07,1.818772e+07,1.239963e+02,1.410291e+06,8.846347e+01,,,,5
2018-04-26 10:51:38.000000,2.609025e+07,1.818746e+07,1.239962e+02,1.410291e+06,8.846347e+01,,,,5
2018-04-26 10:51:39.000000,2.609026e+07,1.818804e+07,1.239966e+02,1.410291e+06,8.846346e+01,,,,5
2018-04-26 10:51:40.000000,2.609027e+07,1.818779e+07,1.239964e+02,1.410291e+06,8.846345e+01,,,,5
2018-04-26 10:51:41.000000,2.609026e+07,1.818954e+07,1.239974e+02,1.410291e+06,8.846345e+01,,,,5
2018-04-26 10:51:42.000000,2.609025e+07,1.818708e+07,1.239959e+02,1.410291e+06,8.846344e+01,,,,5
2018-04-26 10:51:43.000000,2.609024e+07,1.818855e+07,1.239966e+02,1.410291e+06,8.846343e+01,,,,5
2018-04-26 10:51:44.000000,2.609024e+07,1.818689e+07,1.239958e+02,1.410291e+06,8.846343e+01,,,,5
2018-04-26 10:51:45.000000,2.609027e+07,1.818823e+07,1.239964e+02,1.410291e+06,8.846342e+01,,,,5
2018-04-26 10:51:46.000000,2.609026e+07,1.818697e+07,1.239957e+02,1.410291e+06,8.846341e+01,,,,5
2018-04-26 10:51:47.000000,2.609027e+07,1.818659e+07,1.239956e+02,1.410291e+06,8.846340e+01,,,,5
2018-04-26 10:51:48.000000,2.609024e+07,1.818772e+07,1.239963e+02,1.410291e+06,8.846340e+01,,,,5
2018-04-26 10:51:49.000000,2.609025e+07,1.818751e+07,1.239962e+02,1.410291e+06,8.846339e+01,,,,5
2018-04-26 10:51:50.000000,2.609025e+07,1.818877e+07,1.239969e+02,1.410291e+06,8.846338e+01,,,,5
2018-04-26 10:51:51.000000,2.609026e+07,1.818783e+07,1.239964e+02,1.410291e+06,8.846338e+01,,,,5
2018-04-26 10:51:52.000000,2.609027e+07,1.818902e+07,1.239971e+02,1.410291e+06,8.846337e+01,,,,5
2018-04-26 10:51:53.000000,2.609024e+07,1.818708e+07,1.239959e+02,1.410291e+06,8.846336e+01,,,,5
2018-04-26 10:51:54.000000,2.609025e+07,1.818804e+07,1.239964e+02,1.410291e+06,8.846336e+01,,,,5
2018-04-26 10:51:55.000000,2.609025e+07,1.818691e+07,1.239958e+02,1.410291e+06,8.846335e+01,,,,5
2018-04-26 10:51:56.000000,2.609027e+07,1.818769e+07,1.239962e+02,1.410291e+06,8.846334e+01,,,,5
2018-04-26 10:51:57.000000,2.609027e+07,1.818663e+07,1.239955e+02,1.410291e+06,8.846334e+01,,,,5
2018-04-26 10:51:58.000000,2.609026e+07,1.818818e+07,1.239964e+02,1.410291e+06,8.846333e+01,,,,5
2018-04-26 10:51:59.000000,2.609025e+07,1.818753e+07,1.239962e+02,1.410291e+06,8.846332e+01,,,,5
2018-04-26 10:52:00.000000,2.609025e+07,1.818752e+07,1.239962e+02,1.410291e+06,8.846332e+01,,,,5
2018-04-26 10:52:01.000000,2.609025e+07,1.818781e+07,1.239963e+02,1.410291e+06,8.846331e+01,,,,5
2018-04-26 10:52:02.000000,2.609026e+07,1.818783e+07,1.239965e+02,1.410291e+06,8.846330e+01,,,,5
2018-04-26 10:52:03.000000,2.609026e+07,1.818810e+07,1.239966e+02,1.410291e+06,8.846330e+01,,,,5
2018-04-26 10:52:04.000000,2.609025e+07,1.818705e+07,1.239959e+02,1.410291e+06,8.846329e+01,,,,5
2018-04-26 10:52:05.000000,2.609025e+07,1.818804e+07,1.239964e+02,1.410291e+06,8.846328e+01,,,,5
2018-04-26 10:52:06.000000,2.609025e+07,1.818686e+07,1.239958e+02,1.410291e+06,8.846328e+01,,,,5
2018-04-26 10:52:07.000000,2.609026e+07,1.818774e+07,1.239962e+02,1.410291e+06,8.846327e+01,,,,5
2018-04-26 10:52:08.000000,2.609026e+07,1.818661e+07,1.239956e+02,1.410291e+06,8.846326e+01,,,,5
2018-04-26 10:52:09.000000,2.609027e+07,1.818832e+07,1.239965e+02,1.410291e+06,8.846326e+01,,,,5
2018-04-26 10:52:10.000000,2.609025e+07,1.818755e+07,1.239962e+02,1.410291e+06,8.846325e+01,,,,5
2018-04-26 10:52:11.000000,2.609025e+07,1.818914e+07,1.239970e+02,1.410291e+06,8.846324e+01,,,,5
2018-04-26 10:52:12.000000,2.609024e+07,1.818785e+07,1.239964e+02,1.410291e+06,8.846324e+01,,,,5
2018-04-26 10:52:13.000000,2.609027e+07,1.818942e+07,1.239973e+02,1.410291e+06,8.846323e+01,,,,5
2018-04-26 10:52:14.000000,2.609027e+07,1.818821e+07,1.239966e+02,1.410291e+06,8.846322e+01,,,,5
2018-04-26 10:52:15.000000,2.609026e+07,1.818776e+07,1.239964e+02,1.410291e+06,8.846322e+01,,,,5
2018-04-26 10:52:16.000000,2.609025e+07,1.818725e+07,1.239959e+02,1.410291e+06,8.846321e+01,,,,5
2018-04-26 10:52:17.000000,2.609024e+07,1.818686e+07,1.239958e+02,1.410291e+06,8.846320e+01,,,,5
2018-04-26 10:52:18.000000,2.609027e+07,1.818689e+07,1.239957e+02,1.410291e+06,8.846319e+01,,,,5
2018-04-26 10:52:19.000000,2.609027e+07,1.818656e+07,1.239955e+02,1.410291e+06,8.846319e+01,,,,5
2018-04-26 10:52:20.000000,2.609027e+07,1.818773e+07,1.239962e+02,1.410291e+06,8.846318e+01,,,,5
2018-04-26 10:52:21.000000,2.609025e+07,1.818747e+07,1.239962e+02,1.410291e+06,8.846317e+01,,,,5
2018-04-26 10:52:22.000000,2.609024e+07,1.818860e+07,1.239968e+02,1.410291e+06,8.846317e+01,,,,5
2018-04-26 10:52:23.000000,2.609025e+07,1.818750e+07,1.239962e+02,1.410291e+06,8.846316e+01,,,,5
2018-04-26 10:52:24.000000,2.609026e+07,1.818940e+07,1.239973e+02,1.410291e+06,8.846315e+01,,,,5
2018-04-26 10:52:25.000000,2.609027e+07,1.818789e+07,1.239965e+02,1.410291e+06,8.846315e+01,,,,5
2018-04-26 10:52:26.000000,2.609026e+07,1.818783e+07,1.239965e+02,1.410290e+06,8.846314e+01,,,,5
2018-04-26 10:52:27.000000,2.609024e+07,1.818693e+07,1.239959e+02,1.410290e+06,8.846313e+01,,,,5
2018-04-26 10:52:28.000000,2.609025e+07,1.818692e+07,1.239958e+02,1.410290e+06,8.846313e+01,,,,5
2018-04-26 10:52:29.000000,2.609025e+07,1.818813e+07,1.239964e+02,1.410290e+06,8.846312e+01,,,,5
2018-04-26 10:52:30.000000,2.609027e+07,1.818671e+07,1.239957e+02,1.410290e+06,8.846311e+01,,,,5
2018-04-26 10:52:31.000000,2.609026e+07,1.818779e+07,1.239962e+02,1.410290e+06,8.846311e+01,,,,5
2018-04-26 10:52:32.000000,2.609025e+07,1.818754e+07,1.239962e+02,1.410290e+06,8.846310e+01,,,,5
2018-04-26 10:52:33.000000,2.609025e+07,1.818868e+07,1.239968e+02,1.410290e+06,8.846309e+01,,,,5
2018-04-26 10:52:34.000000,2.609025e+07,1.818751e+07,1.239962e+02,1.410290e+06,8.846309e+01,,,,5
2018-04-26 10:52:35.000000,2.609027e+07,1.818890e+07,1.239970e+02,1.410290e+06,8.846308e+01,,,,5
2018-04-26 10:52:36.000000,2.609026e+07,1.818787e+07,1.239964e+02,1.410290e+06,8.846307e+01,,,,5
2018-04-26 10:52:37.000000,2.609027e+07,1.818953e+07,1.239974e+02,1.410290e+06,8.846307e+01,,,,5
2018-04-26 10:52:38.000000,2.609025e+07,1.818712e+07,1.239959e+02,1.410290e+06,8.846306e+01,,,,5
2018-04-26 10:52:39.000000,2.609025e+07,1.818842e+07,1.239965e+02,1.410290e+06,8.846305e+01,,,,5
2018-04-26 10:52:40.000000,2.609025e+07,1.818722e+07,1.239959e+02,1.410290e+06,8.846305e+01,,,,5
2018-04-26 10:52:41.000000,2.609026e+07,1.818813e+07,1.239964e+02,1.410290e+06,8.846304e+01,,,,5
2018-04-26 10:52:42.000000,2.609027e+07,1.818696e+07,1.239957e+02,1.410290e+06,8.846303e+01,,,,5
2018-04-26 10:52:43.000000,2.609027e+07,1.818653e+07,1.239955e+02,1.410290e+06,8.846303e+01,,,,5
2018-04-26 10:52:44.000000,2.609025e+07,1.818772e+07,1.239962e+02,1.410290e+06,8.846302e+01,,,,5
2018-04-26 10:52:45.000000,2.609025e+07,1.818746e+07,1.239962e+02,1.410290e+06,8.846301e+01,,,,5
2018-04-26 10:52:46.000000,2.609026e+07,1.818804e+07,1.239966e+02,1.410290e+06,8.846301e+01,,,,5
2018-04-26 10:52:47.000000,2.609027e+07,1.818779e+07,1.239964e+02,1.410290e+06,8.846300e+01,,,,5
2018-04-26 10:52:48.000000,2.609026e+07,1.818954e+07,1.239974e+02,1.410290e+06,8.846299e+01,,,,5
2018-04-26 10:52:49.000000,2.609025e+07,1.818710e+07,1.239959e+02,1.410290e+06,8.846299e+01,,,,5
2018-04-26 10:52:50.000000,2.609024e+07,1.818855e+07,1.239966e+02,1.410290e+06,8.846298e+01,,,,5
2018-04-26 10:52:51.000000,2.609024e+07,1.818689e+07,1.239957e+02,1.410290e+06,8.846297e+01,,,,5
2018-04-26 10:52:52.000000,2.609027e+07,1.818822e+07,1.239964e+02,1.410290e+06,8.846297e+01,,,,5
2018-04-26 10:52:53.000000,2.609026e+07,1.818697e+07,1.239957e+02,1.410290e+06,8.846296e+01,,,,5
2018-04-26 10:52:54.000000,2.609027e+07,1.818659e+07,1.239956e+02,1.410290e+06,8.846295e+01,,,,5
2018-04-26 10:52:55.000000,2.609024e+07,1.818772e+07,1.239962e+02,1.410290e+06,8.846295e+01,,,,5
2018-04-26 10:52:56.000000,2.609025e+07,1.818752e+07,1.239962e+02,1.410290e+06,8.846294e+01,,,,5
2018-04-26 10:52:57.000000,2.609025e+07,1.818877e+07,1.239969e+02,1.410290e+06,8.846293e+01,,,,5
2018-04-26 10:52:58.000000,2.609026e+07,1.818783e+07,1.239964e+02,1.410290e+06,8.846293e+01,,,,5
2018-04-26 10:52:59.000000,2.609027e+07,1.818901e+07,1.239971e+02,1.410290e+06,8.846292e+01,,,,5
2018-04-26 10:53:00.000000,2.609024e+07,1.818708e+07,1.239959e+02,1.410290e+06,8.846291e+01,,,,5
2018-04-26 10:53:01.000000,2.609025e+07,1.818804e+07,1.239964e+02,1.410290e+06,8.846291e+01,,,,5
2018-04-26 10:53:02.000000,2.609025e+07,1.818691e+07,1.239958e+02,1.410290e+06,8.846290e+01,,,,5
2018-04-26 10:53:03.000000,2.609027e+07,1.818768e+07,1.239962e+02,1.410290e+06,8.846289e+01,,,,5
2018-04-26 10:53:04.000000,2.609027e+07,1.818663e+07,1.239955e+02,1.410290e+06,8.846289e+01,,,,5
2018-04-26 10:53:05.000000,2.609026e+07,1.818818e+07,1.239964e+02,1.410290e+06,8.846288e+01,,,,5
2018-04-26 10:53:06.000000,2.609025e+07,1.818754e+07,1.239962e+02,1.410290e+06,8.846287e+01,,,,5
2018-04-26 10:53:07.000000,2.609025e+07,1.818752e+07,1.239962e+02,1.410290e+06,8.846287e+01,,,,5
2018-04-26 10:53:08.000000,2.609025e+07,1.818781e+07,1.239963e+02,1.410290e+06,8.846286e+01,,,,5
2018-04-26 10:53:09.000000,2.609026e+07,1.818783e+07,1.239965e+02,1.410290e+06,8.846285e+01,,,,5
2018-04-26 10:53:10.000000,2.609026e+07,1.818810e+07,1.239966e+02,1.410290e+06,8.846285e+01,,,,5
2018-04-26 10:53:11.000000,2.609027e+07,1.818776e+07,1.239964e+02,1.410290e+06,8.846284e+01,,,,5
2018-04-26 10:53:12.000000,2.609025e+07,1.818811e+07,1.239964e+02,1.410290e+06,8.846283e+01,,,,5
2018-04-26 10:53:13.000000,2.609025e+07,1.818688e+07,1.239957e+02,1.410290e+06,8.846283e+01,,,,5
2018-04-26 10:53:14.000000,2.609026e+07,1.818774e+07,1.239961e+02,1.410290e+06,8.846282e+01,,,,5
2018-04-26 10:53:15.000000,2.609026e+07,1.818661e+07,1.239956e+02,1.410290e+06,8.846281e+01,,,,5
2018-04-26 10:53:16.000000,2.609027e+07,1.818830e+07,1.239965e+02,1.410290e+06,8.846281e+01,,,,5
2018-04-26 10:53:17.000000,2.609025e+07,1.818755e+07,1.239962e+02,1.410290e+06,8.846280e+01,,,,5
2018-04-26 10:53:18.000000,2.609025e+07,1.818914e+07,1.239970e+02,1.410290e+06,8.846279e+01,,,,5
2018-04-26 10:53:19.000000,2.609024e+07,1.818785e+07,1.239963e+02,1.410290e+06,8.846279e+01,,,,5
2018-04-26 10:53:20.000000,2.609027e+07,1.818941e+07,1.239973e+02,1.410290e+06,8.846278e+01,,,,5
2018-04-26 10:53:21.000000,2.609027e+07,1.818822e+07,1.239966e+02,1.410290e+06,8.846277e+01,,,,5
2018-04-26 10:53:22.000000,2.609026e+07,1.818776e+07,1.239964e+02,1.410290e+06,8.846277e+01,,,,5
2018-04-26 10:53:23.000000,2.609025e+07,1.818726e+07,1.239959e+02,1.410290e+06,8.846276e+01,,,,5
2018-04-26 10:53:24.000000,2.609024e+07,1.818687e+07,1.239958e+02,1.410290e+06,8.846276e+01,,,,5
2018-04-26 10:53:25.000000,2.609025e+07,1.818813e+07,1.239964e+02,1.410290e+06,8.846275e+01,,,,5
2018-04-26 10:53:26.000000,2.609027e+07,1.818665e+07,1.239956e+02,1.410290e+06,8.846274e+01,,,,5
2018-04-26 10:53:27.000000,2.609027e+07,1.818773e+07,1.239962e+02,1.410290e+06,8.846274e+01,,,,5
2018-04-26 10:53:28.000000,2.609025e+07,1.818747e+07,1.239962e+02,1.410290e+06,8.846273e+01,,,,5
2018-04-26 10:53:29.000000,2.609024e+07,1.818860e+07,1.239968e+02,1.410290e+06,8.846272e+01,,,,5
2018-04-26 10:53:30.000000,2.609025e+07,1.818751e+07,1.239962e+02,1.410290e+06,8.846272e+01,,,,5
2018-04-26 10:53:31.000000,2.609026e+07,1.818940e+07,1.239973e+02,1.410290e+06,8.846271e+01,,,,5
2018-04-26 10:53:32.000000,2.609027e+07,1.818789e+07,1.239965e+02,1.410290e+06,8.846270e+01,,,,5
2018-04-26 10:53:33.000000,2.609026e+07,1.818783e+07,1.239965e+02,1.410290e+06,8.846270e+01,,,,5
2018-04-26 10:53:34.000000,2.609024e+07,1.818693e+07,1.239958e+02,1.410290e+06,8.846269e+01,,,,5
2018-04-26 10:53:35.000000,2.609025e+07,1.818692e+07,1.239958e+02,1.410290e+06,8.846268e+01,,,,5
2018-04-26 10:53:36.000000,2.609025e+07,1.818813e+07,1.239964e+02,1.410290e+06,8.846268e+01,,,,5
2018-04-26 10:53:37.000000,2.609027e+07,1.818671e+07,1.239957e+02,1.410290e+06,8.846267e+01,,,,5
2018-04-26 10:53:38.000000,2.609026e+07,1.818779e+07,1.239962e+02,1.410290e+06,8.846266e+01,,,,5
2018-04-26 10:53:39.000000,2.609025e+07,1.818754e+07,1.239962e+02,1.410290e+06,8.846266e+01,,,,5
2018-04-26 10:53:40.000000,2.609025e+07,1.818866e+07,1.239968e+02,1.410290e+06,8.846265e+01,,,,5
2018-04-26 10:53:41.000000,2.609025e+07,1.818751e+07,1.239962e+02,1.410290e+06,8.846264e+01,,,,5
2018-04-26 10:53:42.000000,2.609027e+07,1.818890e+07,1.239970e+02,1.410290e+06,8.846264e+01,,,,5
2018-04-26 10:53:43.000000,2.609026e+07,1.818788e+07,1.239965e+02,1.410290e+06,8.846263e+01,,,,5
2018-04-26 10:53:44.000000,2.609027e+07,1.818953e+07,1.239974e+02,1.410290e+06,8.846262e+01,,,,5
2018-04-26 10:53:45.000000,2.609025e+07,1.818712e+07,1.239959e+02,1.410290e+06,8.846262e+01,,,,5
2018-04-26 10:53:46.000000,2.609025e+07,1.818842e+07,1.239965e+02,1.410290e+06,8.846261e+01,,,,5
2018-04-26 10:53:47.000000,2.609025e+07,1.818724e+07,1.239959e+02,1.410290e+06,8.846260e+01,,,,5
2018-04-26 10:53:48.000000,2.609026e+07,1.818813e+07,1.239964e+02,1.410290e+06,8.846260e+01,,,,5
2018-04-26 10:53:49.000000,2.609027e+07,1.818696e+07,1.239957e+02,1.410290e+06,8.846259e+01,,,,5
2018-04-26 10:53:50.000000,2.609027e+07,1.818653e+07,1.239955e+02,1.410290e+06,8.846258e+01,,,,5
2018-04-26 10:53:51.000000,2.609025e+07,1.818771e+07,1.239962e+02,1.410290e+06,8.846258e+01,,,,5
2018-04-26 10:53:52.000000,2.609025e+07,1.818746e+07,1.239962e+02,1.410290e+06,8.846257e+01,,,,5
2018-04-26 10:53:53.000000,2.609026e+07,1.818804e+07,1.239966e+02,1.410290e+06,8.846256e+01,,,,5
2018-04-26 10:53:54.000000,2.609027e+07,1.818779e+07,1.239964e+02,1.410290e+06,8.846256e+01,,,,5
2018-04-26 10:53:55.000000,2.609026e+07,1.818954e+07,1.239974e+02,1.410290e+06,8.846255e+01,,,,5
2018-04-26 10:53:56.000000,2.609025e+07,1.818710e+07,1.239959e+02,1.410290e+06,8.846254e+01,,,,5
2018-04-26 10:53:57.000000,2.609024e+07,1.818854e+07,1.239966e+02,1.410290e+06,8.846254e+01,,,,5
2018-04-26 10:53:58.000000,2.609024e+07,1.818689e+07,1.239957e+02,1.410290e+06,8.846253e+01,,,,5
2018-04-26 10:53:59.000000,2.609027e+07,1.818822e+07,1.239964e+02,1.410290e+06,8.846252e+01,,,,5
2018-04-26 10:54:00.000000,2.609026e+07,1.818698e+07,1.239958e+02,1.410290e+06,8.846252e+01,,,,5
2018-04-26 10:54:01.000000,2.609027e+07,1.818658e+07,1.239955e+02,1.410290e+06,8.846251e+01,,,,5
2018-04-26 10:54:02.000000,2.609024e+07,1.818772e+07,1.239962e+02,1.410290e+06,8.846250e+01,,,,5
2018-04-26 10:54:03.000000,2.609025e+07,1.818752e+07,1.239962e+02,1.410290e+06,8.846250e+01,,,,5
2018-04-26 10:54:04.000000,2.609025e+07,1.818876e+07,1.239968e+02,1.410290e+06,8.846249e+01,,,,5
2018-04-26 10:54:05.000000,2.609026e+07,1.818784e+07,1.239964e+02,1.410290e+06,8.846249e+01,,,,5
2018-04-26 10:54:06.000000,2.609027e+07,1.818901e+07,1.239971e+02,1.410290e+06,8.846248e+01,,,,5
2018-04-26 10:54:07.000000,2.609024e+07,1.818710e+07,1.239959e+02,1.410290e+06,8.846247e+01,,,,5
2018-04-26 10:54:08.000000,2.609025e+07,1.818804e+07,1.239963e+02,1.410290e+06,8.846247e+01,,,,5
2018-04-26 10:54:09.000000,2.609025e+07,1.818691e+07,1.239957e+02,1.410290e+06,8.846246e+01,,,,5
2018-04-26 10:54:10.000000,2.609027e+07,1.818768e+07,1.239961e+02,1.410290e+06,8.846245e+01,,,,5
2018-04-26 10:54:11.000000,2.609027e+07,1.818664e+07,1.239955e+02,1.410290e+06,8.846245e+01,,,,5
2018-04-26 10:54:12.000000,2.609026e+07,1.818818e+07,1.239964e+02,1.410290e+06,8.846244e+01,,,,5
2018-04-26 10:54:13.000000,2.609025e+07,1.818754e+07,1.239962e+02,1.410290e+06,8.846243e+01,,,,5
2018-04-26 10:54:14.000000,2.609025e+07,1.818752e+07,1.239962e+02,1.410290e+06,8.846243e+01,,,,5
2018-04-26 10:54:15.000000,2.609025e+07,1.818781e+07,1.239963e+02,1.410290e+06,8.846242e+01,,,,5
2018-04-26 10:54:16.000000,2.609026e+07,1.818783e+07,1.239964e+02,1.410290e+06,8.846241e+01,,,,5
2018-04-26 10:54:17.000000,2.609026e+07,1.818810e+07,1.239966e+02,1.410290e+06,8.846241e+01,,,,5
2018-04-26 10:54:18.000000,2.609027e+07,1.818776e+07,1.239964e+02,1.410290e+06,8.846240e+01,,,,5
2018-04-26 10:54:19.000000,2.609025e+07,1.818725e+07,1.239959e+02,1.410290e+06,8.846239e+01,,,,5
2018-04-26 10:54:20.000000,2.609025e+07,1.818686e+07,1.239957e+02,1.410290e+06,8.846239e+01,,,,5
2018-04-26 10:54:21.000000,2.609027e+07,1.818689e+07,1.239957e+02,1.410290e+06,8.846238e+01,,,,5
2018-04-26 10:54:22.000000,2.609026e+07,1.818656e+07,1.239955e+02,1.410290e+06,8.846237e+01,,,,5
2018-04-26 10:54:23.000000,2.609027e+07,1.818773e+07,1.239961e+02,1.410290e+06,8.846237e+01,,,,5
2018-04-26 10:54:24.000000,2.609025e+07,1.818747e+07,1.239961e+02,1.410290e+06,8.846236e+01,,,,5
2018-04-26 10:54:25.000000,2.609024e+07,1.818861e+07,1.239968e+02,1.410290e+06,8.846235e+01,,,,5
2018-04-26 10:54:26.000000,2.609025e+07,1.818750e+07,1.239961e+02,1.410290e+06,8.846235e+01,,,,5
2018-04-26 10:54:27.000000,2.609027e+07,1.818940e+07,1.239973e+02,1.410290e+06,8.846234e+01,,,,5
2018-04-26 10:54:28.000000,2.609027e+07,1.818789e+07,1.239965e+02,1.410290e+06,8.846234e+01,,,,5
2018-04-26 10:54:29.000000,2.609026e+07,1.818784e+07,1.239964e+02,1.410290e+06,8.846233e+01,,,,5
2018-04-26 10:54:30.000000,2.609025e+07,1.818693e+07,1.239958e+02,1.410290e+06,8.846232e+01,,,,5
2018-04-26 10:54:31.000000,2.609025e+07,1.818692e+07,1.239958e+02,1.410290e+06,8.846232e+01,,,,5
2018-04-26 10:54:32.000000,2.609025e+07,1.818814e+07,1.239964e+02,1.410290e+06,8.846231e+01,,,,5
2018-04-26 10:54:33.000000,2.609027e+07,1.818670e+07,1.239956e+02,1.410290e+06,8.846230e+01,,,,5
2018-04-26 10:54:34.000000,2.609026e+07,1.818779e+07,1.239962e+02,1.410290e+06,8.846230e+01,,,,5
2018-04-26 10:54:35.000000,2.609025e+07,1.818753e+07,1.239962e+02,1.410290e+06,8.846229e+01,,,,5
2018-04-26 10:54:36.000000,2.609025e+07,1.818868e+07,1.239968e+02,1.410290e+06,8.846228e+01,,,,5
2018-04-26 10:54:37.000000,2.609025e+07,1.818751e+07,1.239961e+02,1.410290e+06,8.846228e+01,,,,5
2018-04-26 10:54:38.000000,2.609027e+07,1.818890e+07,1.239970e+02,1.410290e+06,8.846227e+01,,,,5
2018-04-26 10:54:39.000000,2.609026e+07,1.818787e+07,1.239964e+02,1.410290e+06,8.846226e+01,,,,5
2018-04-26 10:54:40.000000,2.609027e+07,1.818953e+07,1.239974e+02,1.410290e+06,8.846226e+01,,,,5
2018-04-26 10:54:41.000000,2.609025e+07,1.818712e+07,1.239959e+02,1.410290e+06,8.846225e+01,,,,5
2018-04-26 10:54:42.000000,2.609025e+07,1.818844e+07,1.239966e+02,1.410290e+06,8.846224e+01,,,,5
2018-04-26 10:54:43.000000,2.609025e+07,1.818722e+07,1.239959e+02,1.410290e+06,8.846224e+01,,,,5
2018-04-26 10:54:44.000000,2.609026e+07,1.818813e+07,1.239964e+02,1.410290e+06,8.846223e+01,,,,5
2018-04-26 10:54:45.000000,2.609027e+07,1.818696e+07,1.239957e+02,1.410290e+06,8.846223e+01,,,,5
2018-04-26 10:54:46.000000,2.609027e+07,1.818653e+07,1.239955e+02,1.410289e+06,8.846222e+01,,,,5
2018-04-26 10:54:47.000000,2.609025e+07,1.818772e+07,1.239962e+02,1.410289e+06,8.846221e+01,,,,5
2018-04-26 10:54:48.000000,2.609025e+07,1.818746e+07,1.239961e+02,1.410289e+06,8.846221e+01,,,,5
2018-04-26 10:54:49.000000,2.609026e+07,1.818804e+07,1.239965e+02,1.410289e+06,8.846220e+01,,,,5
2018-04-26 10:54:50.000000,2.609027e+07,1.818779e+07,1.239964e+02,1.410289e+06,8.846219e+01,,,,5
2018-04-26 10:54:51.000000,2.609027e+07,1.818954e+07,1.239974e+02,1.410289e+06,8.846219e+01,,,,5
2018-04-26 10:54:52.000000,2.609025e+07,1.818708e+07,1.239959e+02,1.410289e+06,8.846218e+01,,,,5
2018-04-26 10:54:53.000000,2.609025e+07,1.818855e+07,1.239966e+02,1.410289e+06,8.846217e+01,,,,5
2018-04-26 10:54:54.000000,2.609025e+07,1.818689e+07,1.239957e+02,1.410289e+06,8.846217e+01,,,,5
2018-04-26 10:54:55.000000,2.609027e+07,1.818822e+07,1.239964e+02,1.410289e+06,8.846216e+01,,,,5
2018-04-26 10:54:56.000000,2.609027e+07,1.818697e+07,1.239957e+02,1.410289e+06,8.846215e+01,,,,5
2018-04-26 10:54:57.000000,2.609027e+07,1.818659e+07,1.239955e+02,1.410289e+06,8.846215e+01,,,,5
2018-04-26 10:54:58.000000,2.609024e+07,1.818772e+07,1.239962e+02,1.410289e+06,8.846214e+01,,,,5
2018-04-26 10:54:59.000000,2.609025e+07,1.818751e+07,1.239962e+02,1.410289e+06,8.846213e+01,,,,5
2018-04-26 10:55:00.000000,2.609025e+07,1.818877e+07,1.239968e+02,1.410289e+06,8.846213e+01,,,,5
2018-04-26 10:55:01.000000,2.609027e+07,1.818784e+07,1.239964e+02,1.410289e+06,8.846212e+01,,,,5
2018-04-26 10:55:02.000000,2.609027e+07,1.818901e+07,1.239971e+02,1.410289e+06,8.846212e+01,,,,5
2018-04-26 10:55:03.000000,2.609024e+07,1.818708e+07,1.239958e+02,1.410289e+06,8.846211e+01,,,,5
2018-04-26 10:55:04.000000,2.609025e+07,1.818804e+07,1.239963e+02,1.410289e+06,8.846210e+01,,,,5
2018-04-26 10:55:05.000000,2.609025e+07,1.818691e+07,1.239957e+02,1.410289e+06,8.846210e+01,,,,5
2018-04-26 10:55:06.000000,2.609027e+07,1.818769e+07,1.239961e+02,1.410289e+06,8.846209e+01,,,,5
2018-04-26 10:55:07.000000,2.609027e+07,1.818664e+07,1.239955e+02,1.410289e+06,8.846208e+01,,,,5
2018-04-26 10:55:08.000000,2.609026e+07,1.818818e+07,1.239964e+02,1.410289e+06,8.846208e+01,,,,5
2018-04-26 10:55:09.000000,2.609025e+07,1.818753e+07,1.239961e+02,1.410289e+06,8.846207e+01,,,,5
2018-04-26 10:55:10.000000,2.609025e+07,1.818752e+07,1.239962e+02,1.410289e+06,8.846206e+01,,,,5
2018-04-26 10:55:11.000000,2.609025e+07,1.818781e+07,1.239963e+02,1.410289e+06,8.846206e+01,,,,5
2018-04-26 10:55:12.000000,2.609027e+07,1.818783e+07,1.239964e+02,1.410289e+06,8.846205e+01,,,,5
2018-04-26 10:55:13.000000,2.609026e+07,1.818810e+07,1.239965e+02,1.410289e+06,8.846204e+01,,,,5
2018-04-26 10:55:14.000000,2.609027e+07,1.818776e+07,1.239964e+02,1.410289e+06,8.846204e+01,,,,5
2018-04-26 10:55:15.000000,2.609025e+07,1.818811e+07,1.239964e+02,1.410289e+06,8.846203e+01,,,,5
2018-04-26 10:55:16.000000,2.609025e+07,1.818686e+07,1.239957e+02,1.410289e+06,8.846203e+01,,,,5
2018-04-26 10:55:17.000000,2.609026e+07,1.818774e+07,1.239961e+02,1.410289e+06,8.846202e+01,,,,5
2018-04-26 10:55:18.000000,2.609026e+07,1.818661e+07,1.239956e+02,1.410289e+06,8.846201e+01,,,,5
2018-04-26 10:55:19.000000,2.609027e+07,1.818830e+07,1.239965e+02,1.410289e+06,8.846201e+01,,,,5
2018-04-26 10:55:20.000000,2.609025e+07,1.818755e+07,1.239961e+02,1.410289e+06,8.846200e+01,,,,5
2018-04-26 10:55:21.000000,2.609025e+07,1.818915e+07,1.239970e+02,1.410289e+06,8.846199e+01,,,,5
2018-04-26 10:55:22.000000,2.609024e+07,1.818785e+07,1.239963e+02,1.410289e+06,8.846199e+01,,,,5
2018-04-26 10:55:23.000000,2.609027e+07,1.818942e+07,1.239972e+02,1.410289e+06,8.846198e+01,,,,5
2018-04-26 10:55:24.000000,2.609027e+07,1.818821e+07,1.239966e+02,1.410289e+06,8.846197e+01,,,,5
2018-04-26 10:55:25.000000,2.609027e+07,1.818777e+07,1.239964e+02,1.410289e+06,8.846197e+01,,,,5
2018-04-26 10:55:26.000000,2.609025e+07,1.818725e+07,1.239959e+02,1.410289e+06,8.846196e+01,,,,5
2018-04-26 10:55:27.000000,2.609024e+07,1.818686e+07,1.239957e+02,1.410289e+06,8.846195e+01,,,,5
2018-04-26 10:55:28.000000,2.609027e+07,1.818689e+07,1.239957e+02,1.410289e+06,8.846195e+01,,,,5
2018-04-26 10:55:29.000000,2.609027e+07,1.818656e+07,1.239955e+02,1.410289e+06,8.846194e+01,,,,5
2018-04-26 10:55:30.000000,2.609027e+07,1.818773e+07,1.239961e+02,1.410289e+06,8.846194e+01,,,,5
2018-04-26 10:55:31.000000,2.609025e+07,1.818747e+07,1.239961e+02,1.410289e+06,8.846193e+01,,,,5
2018-04-26 10:55:32.000000,2.609024e+07,1.818860e+07,1.239967e+02,1.410289e+06,8.846192e+01,,,,5
2018-04-26 10:55:33.000000,2.609025e+07,1.818750e+07,1.239961e+02,1.410289e+06,8.846192e+01,,,,5
2018-04-26 10:55:34.000000,2.609027e+07,1.818940e+07,1.239973e+02,1.410289e+06,8.846191e+01,,,,5
2018-04-26 10:55:35.000000,2.609027e+07,1.818789e+07,1.239965e+02,1.410289e+06,8.846190e+01,,,,5
2018-04-26 10:55:36.000000,2.609027e+07,1.818783e+07,1.239964e+02,1.410289e+06,8.846190e+01,,,,5
2018-04-26 10:55:37.000000,2.609025e+07,1.818693e+07,1.239958e+02,1.410289e+06,8.846189e+01,,,,5
2018-04-26 10:55:38.000000,2.609025e+07,1.818692e+07,1.239958e+02,1.410289e+06,8.846188e+01,,,,5
2018-04-26 10:55:39.000000,2.609025e+07,1.818813e+07,1.239964e+02,1.410289e+06,8.846188e+01,,,,5
2018-04-26 10:55:40.000000,2.609027e+07,1.818671e+07,1.239956e+02,1.410289e+06,8.846187e+01,,,,5
2018-04-26 10:55:41.000000,2.609026e+07,1.818779e+07,1.239962e+02,1.410289e+06,8.846187e+01,,,,5
2018-04-26 10:55:42.000000,2.609025e+07,1.818754e+07,1.239962e+02,1.410289e+06,8.846186e+01,,,,5
2018-04-26 10:55:43.000000,2.609025e+07,1.818868e+07,1.239968e+02,1.410289e+06,8.846185e+01,,,,5
2018-04-26 10:55:44.000000,2.609025e+07,1.818751e+07,1.239961e+02,1.410289e+06,8.846185e+01,,,,5
2018-04-26 10:55:45.000000,2.609027e+07,1.818890e+07,1.239970e+02,1.410289e+06,8.846184e+01,,,,5
2018-04-26 10:55:46.000000,2.609026e+07,1.818788e+07,1.239965e+02,1.410289e+06,8.846183e+01,,,,5
2018-04-26 10:55:47.000000,2.609027e+07,1.818953e+07,1.239973e+02,1.410289e+06,8.846183e+01,,,,5
2018-04-26 10:55:48.000000,2.609025e+07,1.818712e+07,1.239958e+02,1.410289e+06,8.846182e+01,,,,5
2018-04-26 10:55:49.000000,2.609025e+07,1.818842e+07,1.239965e+02,1.410289e+06,8.846181e+01,,,,5
2018-04-26 10:55:50.000000,2.609025e+07,1.818722e+07,1.239959e+02,1.410289e+06,8.846181e+01,,,,5
2018-04-26 10:55:51.000000,2.609026e+07,1.818813e+07,1.239964e+02,1.410289e+06,8.846180e+01,,,,5
2018-04-26 10:55:52.000000,2.609027e+07,1.818696e+07,1.239957e+02,1.410289e+06,8.846180e+01,,,,5
2018-04-26 10:55:53.000000,2.609027e+07,1.818653e+07,1.239955e+02,1.410289e+06,8.846179e+01,,,,5
2018-04-26 10:55:54.000000,2.609025e+07,1.818771e+07,1.239962e+02,1.410289e+06,8.846178e+01,,,,5
2018-04-26 10:55:55.000000,2.609025e+07,1.818746e+07,1.239961e+02,1.410289e+06,8.846178e+01,,,,5
2018-04-26 10:55:56.000000,2.609026e+07,1.818804e+07,1.239965e+02,1.410289e+06,8.846177e+01,,,,5
2018-04-26 10:55:57.000000,2.609027e+07,1.818779e+07,1.239964e+02,1.410289e+06,8.846176e+01,,,,5
2018-04-26 10:55:58.000000,2.609027e+07,1.818954e+07,1.239973e+02,1.410289e+06,8.846176e+01,,,,5
2018-04-26 10:55:59.000000,2.609025e+07,1.818710e+07,1.239959e+02,1.410289e+06,8.846175e+01,,,,5
2018-04-26 10:56:00.000000,2.609025e+07,1.818855e+07,1.239966e+02,1.410289e+06,8.846174e+01,,,,5
2018-04-26 10:56:01.000000,2.609025e+07,1.818689e+07,1.239957e+02,1.410289e+06,8.846174e+01,,,,5
2018-04-26 10:56:02.000000,2.609027e+07,1.818822e+07,1.239964e+02,1.410289e+06,8.846173e+01,,,,5
2018-04-26 10:56:03.000000,2.609026e+07,1.818698e+07,1.239958e+02,1.410289e+06,8.846173e+01,,,,5
2018-04-26 10:56:04.000000,2.609027e+07,1.818659e+07,1.239955e+02,1.410289e+06,8.846172e+01,,,,5
2018-04-26 10:56:05.000000,2.609024e+07,1.818772e+07,1.239962e+02,1.410289e+06,8.846171e+01,,,,5
2018-04-26 10:56:06.000000,2.609025e+07,1.818752e+07,1.239962e+02,1.410289e+06,8.846171e+01,,,,5
2018-04-26 10:56:07.000000,2.609025e+07,1.818877e+07,1.239968e+02,1.410289e+06,8.846170e+01,,,,5
2018-04-26 10:56:08.000000,2.609027e+07,1.818784e+07,1.239964e+02,1.410289e+06,8.846169e+01,,,,5
2018-04-26 10:56:09.000000,2.609027e+07,1.818901e+07,1.239970e+02,1.410289e+06,8.846169e+01,,,,5
2018-04-26 10:56:10.000000,2.609024e+07,1.818708e+07,1.239958e+02,1.410289e+06,8.846168e+01,,,,5
2018-04-26 10:56:11.000000,2.609025e+07,1.818804e+07,1.239963e+02,1.410289e+06,8.846167e+01,,,,5
2018-04-26 10:56:12.000000,2.609025e+07,1.818691e+07,1.239957e+02,1.410289e+06,8.846167e+01,,,,5
2018-04-26 10:56:13.000000,2.609027e+07,1.818768e+07,1.239961e+02,1.410289e+06,8.846166e+01,,,,5
2018-04-26 10:56:14.000000,2.609027e+07,1.818663e+07,1.239955e+02,1.410289e+06,8.846166e+01,,,,5
2018-04-26 10:56:15.000000,2.609026e+07,1.818818e+07,1.239964e+02,1.410289e+06,8.846165e+01,,,,5
2018-04-26 10:56:16.000000,2.609025e+07,1.818754e+07,1.239961e+02,1.410289e+06,8.846164e+01,,,,5
2018-04-26 10:56:17.000000,2.609025e+07,1.818752e+07,1.239962e+02,1.410289e+06,8.846164e+01,,,,5
2018-04-26 10:56:18.000000,2.609025e+07,1.818781e+07,1.239963e+02,1.410289e+06,8.846163e+01,,,,5
2018-04-26 10:56:19.000000,2.609026e+07,1.818783e+07,1.239964e+02,1.410289e+06,8.846162e+01,,,,5
2018-04-26 10:56:20.000000,2.609026e+07,1.818810e+07,1.239965e+02,1.410289e+06,8.846162e+01,,,,5
2018-04-26 10:56:21.000000,2.609027e+07,1.818776e+07,1.239964e+02,1.410289e+06,8.846161e+01,,,,5
2018-04-26 10:56:22.000000,2.609025e+07,1.818811e+07,1.239964e+02,1.410289e+06,8.846160e+01,,,,5
2018-04-26 10:56:23.000000,2.609025e+07,1.818688e+07,1.239957e+02,1.410289e+06,8.846160e+01,,,,5
2018-04-26 10:56:24.000000,2.609026e+07,1.818774e+07,1.239961e+02,1.410289e+06,8.846159e+01,,,,5
2018-04-26 10:56:25.000000,2.609026e+07,1.818661e+07,1.239956e+02,1.410289e+06,8.846159e+01,,,,5
2018-04-26 10:56:26.000000,2.609027e+07,1.818830e+07,1.239965e+02,1.410289e+06,8.846158e+01,,,,5
2018-04-26 10:56:27.000000,2.609025e+07,1.818755e+07,1.239961e+02,1.410289e+06,8.846157e+01,,,,5
2018-04-26 10:56:28.000000,2.609025e+07,1.818914e+07,1.239970e+02,1.410289e+06,8.846157e+01,,,,5
2018-04-26 10:56:29.000000,2.609024e+07,1.818785e+07,1.239963e+02,1.410289e+06,8.846156e+01,,,,5
2018-04-26 10:56:30.000000,2.609027e+07,1.818941e+07,1.239972e+02,1.410289e+06,8.846155e+01,,,,5
2018-04-26 10:56:31.000000,2.609027e+07,1.818822e+07,1.239966e+02,1.410289e+06,8.846155e+01,,,,5
2018-04-26 10:56:32.000000,2.609027e+07,1.818777e+07,1.239964e+02,1.410289e+06,8.846154e+01,,,,5
2018-04-26 10:56:33.000000,2.609025e+07,1.818726e+07,1.239959e+02,1.410289e+06,8.846154e+01,,,,5
2018-04-26 10:56:34.000000,2.609024e+07,1.818687e+07,1.239957e+02,1.410289e+06,8.846153e+01,,,,5
2018-04-26 10:56:35.000000,2.609025e+07,1.818813e+07,1.239964e+02,1.410289e+06,8.846152e+01,,,,5
2018-04-26 10:56:36.000000,2.609027e+07,1.818665e+07,1.239956e+02,1.410289e+06,8.846152e+01,,,,5
2018-04-26 10:56:37.000000,2.609027e+07,1.818772e+07,1.239961e+02,1.410289e+06,8.846151e+01,,,,5
2018-04-26 10:56:38.000000,2.609025e+07,1.818747e+07,1.239961e+02,1.410289e+06,8.846150e+01,,,,5
2018-04-26 10:56:39.000000,2.609024e+07,1.818860e+07,1.239967e+02,1.410289e+06,8.846150e+01,,,,5
2018-04-26 10:56:40.000000,2.609025e+07,1.818751e+07,1.239961e+02,1.410289e+06,8.846149e+01,,,,5
2018-04-26 10:56:41.000000,2.609027e+07,1.818940e+07,1.239972e+02,1.410289e+06,8.846149e+01,,,,5
2018-04-26 10:56:42.000000,2.609027e+07,1.818789e+07,1.239965e+02,1.410289e+06,8.846148e+01,,,,5
2018-04-26 10:56:43.000000,2.609026e+07,1.818783e+07,1.239964e+02,1.410289e+06,8.846147e+01,,,,5
2018-04-26 10:56:44.000000,2.609025e+07,1.818693e+07,1.239958e+02,1.410289e+06,8.846147e+01,,,,5
2018-04-26 10:56:45.000000,2.609025e+07,1.818692e+07,1.239958e+02,1.410289e+06,8.846146e+01,,,,5
2018-04-26 10:56:46.000000,2.609025e+07,1.818813e+07,1.239964e+02,1.410289e+06,8.846145e+01,,,,5
2018-04-26 10:56:47.000000,2.609027e+07,1.818672e+07,1.239956e+02,1.410289e+06,8.846145e+01,,,,5
2018-04-26 10:56:48.000000,2.609026e+07,1.818779e+07,1.239962e+02,1.410289e+06,8.846144e+01,,,,5
2018-04-26 10:56:49.000000,2.609026e+07,1.818651e+07,1.239955e+02,1.410289e+06,8.846144e+01,,,,5
2018-04-26 10:56:50.000000,2.609025e+07,1.818860e+07,1.239967e+02,1.410289e+06,8.846143e+01,,,,5
2018-04-26 10:56:51.000000,2.609025e+07,1.818751e+07,1.239961e+02,1.410289e+06,8.846142e+01,,,,5
2018-04-26 10:56:52.000000,2.609027e+07,1.818890e+07,1.239969e+02,1.410289e+06,8.846142e+01,,,,5
2018-04-26 10:56:53.000000,2.609026e+07,1.818788e+07,1.239964e+02,1.410289e+06,8.846141e+01,,,,5
2018-04-26 10:56:54.000000,2.609027e+07,1.818951e+07,1.239973e+02,1.410289e+06,8.846140e+01,,,,5
2018-04-26 10:56:55.000000,2.609025e+07,1.818712e+07,1.239958e+02,1.410289e+06,8.846140e+01,,,,5
2018-04-26 10:56:56.000000,2.609025e+07,1.818842e+07,1.239965e+02,1.410289e+06,8.846139e+01,,,,5
2018-04-26 10:56:57.000000,2.609025e+07,1.818724e+07,1.239959e+02,1.410289e+06,8.846139e+01,,,,5
2018-04-26 10:56:58.000000,2.609026e+07,1.818813e+07,1.239964e+02,1.410289e+06,8.846138e+01,,,,5
2018-04-26 10:56:59.000000,2.609027e+07,1.818696e+07,1.239956e+02,1.410289e+06,8.846137e+01,,,,5
2018-04-26 10:57:00.000000,2.609027e+07,1.818653e+07,1.239955e+02,1.410289e+06,8.846137e+01,,,,5
2018-04-26 10:57:01.000000,2.609025e+07,1.818771e+07,1.239962e+02,1.410289e+06,8.846136e+01,,,,5
2018-04-26 10:57:02.000000,2.609025e+07,1.818746e+07,1.239961e+02,1.410289e+06,8.846135e+01,,,,5
2018-04-26 10:57:03.000000,2.609026e+07,1.818804e+07,1.239965e+02,1.410289e+06,8.846135e+01,,,,5
2018-04-26 10:57:04.000000,2.609027e+07,1.818779e+07,1.239964e+02,1.410289e+06,8.846134e+01,,,,5
2018-04-26 10:57:05.000000,2.609027e+07,1.818954e+07,1.239973e+02,1.410289e+06,8.846134e+01,,,,5
2018-04-26 10:57:06.000000,2.609025e+07,1.818710e+07,1.239959e+02,1.410289e+06,8.846133e+01,,,,5
2018-04-26 10:57:07.000000,2.609025e+07,1.818854e+07,1.239966e+02,1.410289e+06,8.846132e+01,,,,5
2018-04-26 10:57:08.000000,2.609024e+07,1.818689e+07,1.239957e+02,1.410289e+06,8.846132e+01,,,,5
2018-04-26 10:57:09.000000,2.609027e+07,1.818822e+07,1.239963e+02,1.410288e+06,8.846131e+01,,,,5
2018-04-26 10:57:10.000000,2.609026e+07,1.818698e+07,1.239956e+02,1.410288e+06,8.846130e+01,,,,5
2018-04-26 10:57:11.000000,2.609027e+07,1.818660e+07,1.239955e+02,1.410288e+06,8.846130e+01,,,,5
2018-04-26 10:57:12.000000,2.609024e+07,1.818772e+07,1.239962e+02,1.410288e+06,8.846129e+01,,,,5
2018-04-26 10:57:13.000000,2.609025e+07,1.818752e+07,1.239962e+02,1.410288e+06,8.846129e+01,,,,5
2018-04-26 10:57:14.000000,2.609025e+07,1.818876e+07,1.239968e+02,1.410288e+06,8.846128e+01,,,,5
2018-04-26 10:57:15.000000,2.609026e+07,1.818784e+07,1.239964e+02,1.410288e+06,8.846127e+01,,,,5
2018-04-26 10:57:16.000000,2.609027e+07,1.818901e+07,1.239970e+02,1.410288e+06,8.846127e+01,,,,5
2018-04-26 10:57:17.000000,2.609024e+07,1.818710e+07,1.239958e+02,1.410288e+06,8.846126e+01,,,,5
2018-04-26 10:57:18.000000,2.609025e+07,1.818804e+07,1.239963e+02,1.410288e+06,8.846125e+01,,,,5
2018-04-26 10:57:19.000000,2.609025e+07,1.818691e+07,1.239957e+02,1.410288e+06,8.846125e+01,,,,5
2018-04-26 10:57:20.000000,2.609027e+07,1.818768e+07,1.239961e+02,1.410288e+06,8.846124e+01,,,,5
2018-04-26 10:57:21.000000,2.609027e+07,1.818664e+07,1.239955e+02,1.410288e+06,8.846124e+01,,,,5
2018-04-26 10:57:22.000000,2.609026e+07,1.818818e+07,1.239963e+02,1.410288e+06,8.846123e+01,,,,5
2018-04-26 10:57:23.000000,2.609025e+07,1.818754e+07,1.239961e+02,1.410288e+06,8.846122e+01,,,,5
2018-04-26 10:57:24.000000,2.609025e+07,1.818752e+07,1.239962e+02,1.410288e+06,8.846122e+01,,,,5
2018-04-26 10:57:25.000000,2.609025e+07,1.818781e+07,1.239963e+02,1.410288e+06,8.846121e+01,,,,5
2018-04-26 10:57:26.000000,2.609026e+07,1.818783e+07,1.239964e+02,1.410288e+06,8.846120e+01,,,,5
2018-04-26 10:57:27.000000,2.609026e+07,1.818810e+07,1.239965e+02,1.410288e+06,8.846120e+01,,,,5
2018-04-26 10:57:28.000000,2.609027e+07,1.818776e+07,1.239964e+02,1.410288e+06,8.846119e+01,,,,5
2018-04-26 10:57:29.000000,2.609025e+07,1.818811e+07,1.239964e+02,1.410288e+06,8.846119e+01,,,,5
2018-04-26 10:57:30.000000,2.609025e+07,1.818688e+07,1.239957e+02,1.410288e+06,8.846118e+01,,,,5
2018-04-26 10:57:31.000000,2.609026e+07,1.818773e+07,1.239961e+02,1.410288e+06,8.846117e+01,,,,5
2018-04-26 10:57:32.000000,2.609026e+07,1.818661e+07,1.239955e+02,1.410288e+06,8.846117e+01,,,,5
2018-04-26 10:57:33.000000,2.609027e+07,1.818830e+07,1.239964e+02,1.410288e+06,8.846116e+01,,,,5
2018-04-26 10:57:34.000000,2.609025e+07,1.818756e+07,1.239961e+02,1.410288e+06,8.846115e+01,,,,5
2018-04-26 10:57:35.000000,2.609025e+07,1.818914e+07,1.239970e+02,1.410288e+06,8.846115e+01,,,,5
2018-04-26 10:57:36.000000,2.609024e+07,1.818785e+07,1.239963e+02,1.410288e+06,8.846114e+01,,,,5
2018-04-26 10:57:37.000000,2.609027e+07,1.818941e+07,1.239972e+02,1.410288e+06,8.846114e+01,,,,5
2018-04-26 10:57:38.000000,2.609027e+07,1.818823e+07,1.239965e+02,1.410288e+06,8.846113e+01,,,,5
2018-04-26 10:57:39.000000,2.609026e+07,1.818776e+07,1.239964e+02,1.410288e+06,8.846112e+01,,,,5
2018-04-26 10:57:40.000000,2.609025e+07,1.818726e+07,1.239959e+02,1.410288e+06,8.846112e+01,,,,5
2018-04-26 10:57:41.000000,2.609024e+07,1.818687e+07,1.239957e+02,1.410288e+06,8.846111e+01,,,,5
2018-04-26 10:57:42.000000,2.609025e+07,1.818813e+07,1.239964e+02,1.410288e+06,8.846111e+01,,,,5
2018-04-26 10:57:43.000000,2.609027e+07,1.818665e+07,1.239956e+02,1.410288e+06,8.846110e+01,,,,5
2018-04-26 10:57:44.000000,2.609027e+07,1.818772e+07,1.239961e+02,1.410288e+06,8.846109e+01,,,,5
2018-04-26 10:57:45.000000,2.609025e+07,1.818748e+07,1.239961e+02,1.410288e+06,8.846109e+01,,,,5
2018-04-26 10:57:46.000000,2.609024e+07,1.818860e+07,1.239967e+02,1.410288e+06,8.846108e+01,,,,5
2018-04-26 10:57:47.000000,2.609025e+07,1.818751e+07,1.239961e+02,1.410288e+06,8.846107e+01,,,,5
2018-04-26 10:57:48.000000,2.609026e+07,1.818938e+07,1.239972e+02,1.410288e+06,8.846107e+01,,,,5
2018-04-26 10:57:49.000000,2.609027e+07,1.818789e+07,1.239964e+02,1.410288e+06,8.846106e+01,,,,5
2018-04-26 10:57:50.000000,2.609026e+07,1.818783e+07,1.239964e+02,1.410288e+06,8.846106e+01,,,,5
2018-04-26 10:57:51.000000,2.609024e+07,1.818694e+07,1.239958e+02,1.410288e+06,8.846105e+01,,,,5
2018-04-26 10:57:52.000000,2.609025e+07,1.818692e+07,1.239958e+02,1.410288e+06,8.846104e+01,,,,5
2018-04-26 10:57:53.000000,2.609025e+07,1.818813e+07,1.239964e+02,1.410288e+06,8.846104e+01,,,,5
2018-04-26 10:57:54.000000,2.609027e+07,1.818672e+07,1.239956e+02,1.410288e+06,8.846103e+01,,,,5
2018-04-26 10:57:55.000000,2.609026e+07,1.818777e+07,1.239961e+02,1.410288e+06,8.846102e+01,,,,5
2018-04-26 10:57:56.000000,2.609026e+07,1.818651e+07,1.239954e+02,1.410288e+06,8.846102e+01,,,,5
2018-04-26 10:57:57.000000,2.609025e+07,1.818860e+07,1.239967e+02,1.410288e+06,8.846101e+01,,,,5
2018-04-26 10:57:58.000000,2.609025e+07,1.818752e+07,1.239961e+02,1.410288e+06,8.846101e+01,,,,5
2018-04-26 10:57:59.000000,2.609027e+07,1.818890e+07,1.239969e+02,1.410288e+06,8.846100e+01,,,,5
2018-04-26 10:58:00.000000,2.609026e+07,1.818788e+07,1.239964e+02,1.410288e+06,8.846099e+01,,,,5
2018-04-26 10:58:01.000000,2.609027e+07,1.818951e+07,1.239973e+02,1.410288e+06,8.846099e+01,,,,5
2018-04-26 10:58:02.000000,2.609025e+07,1.818715e+07,1.239959e+02,1.410288e+06,8.846098e+01,,,,5
2018-04-26 10:58:03.000000,2.609025e+07,1.818842e+07,1.239965e+02,1.410288e+06,8.846098e+01,,,,5
2018-04-26 10:58:04.000000,2.609025e+07,1.818724e+07,1.239959e+02,1.410288e+06,8.846097e+01,,,,5
2018-04-26 10:58:05.000000,2.609026e+07,1.818812e+07,1.239963e+02,1.410288e+06,8.846096e+01,,,,5
2018-04-26 10:58:06.000000,2.609027e+07,1.818696e+07,1.239956e+02,1.410288e+06,8.846096e+01,,,,5
2018-04-26 10:58:07.000000,2.609027e+07,1.818653e+07,1.239955e+02,1.410288e+06,8.846095e+01,,,,5
2018-04-26 10:58:08.000000,2.609025e+07,1.818770e+07,1.239962e+02,1.410288e+06,8.846094e+01,,,,5
2018-04-26 10:58:09.000000,2.609025e+07,1.818746e+07,1.239961e+02,1.410288e+06,8.846094e+01,,,,5
2018-04-26 10:58:10.000000,2.609024e+07,1.818869e+07,1.239967e+02,1.410288e+06,8.846093e+01,,,,5
2018-04-26 10:58:11.000000,2.609027e+07,1.818783e+07,1.239963e+02,1.410288e+06,8.846093e+01,,,,5
2018-04-26 10:58:12.000000,2.609026e+07,1.818952e+07,1.239973e+02,1.410288e+06,8.846092e+01,,,,5
2018-04-26 10:58:13.000000,2.609025e+07,1.818711e+07,1.239959e+02,1.410288e+06,8.846091e+01,,,,5
2018-04-26 10:58:14.000000,2.609024e+07,1.818854e+07,1.239966e+02,1.410288e+06,8.846091e+01,,,,5
2018-04-26 10:58:15.000000,2.609024e+07,1.818691e+07,1.239957e+02,1.410288e+06,8.846090e+01,,,,5
2018-04-26 10:58:16.000000,2.609027e+07,1.818822e+07,1.239963e+02,1.410288e+06,8.846089e+01,,,,5
2018-04-26 10:58:17.000000,2.609026e+07,1.818698e+07,1.239956e+02,1.410288e+06,8.846089e+01,,,,5
2018-04-26 10:58:18.000000,2.609027e+07,1.818659e+07,1.239955e+02,1.410288e+06,8.846088e+01,,,,5
2018-04-26 10:58:19.000000,2.609024e+07,1.818771e+07,1.239962e+02,1.410288e+06,8.846088e+01,,,,5
2018-04-26 10:58:20.000000,2.609025e+07,1.818752e+07,1.239961e+02,1.410288e+06,8.846087e+01,,,,5
2018-04-26 10:58:21.000000,2.609025e+07,1.818876e+07,1.239968e+02,1.410288e+06,8.846086e+01,,,,5
2018-04-26 10:58:22.000000,2.609026e+07,1.818784e+07,1.239963e+02,1.410288e+06,8.846086e+01,,,,5
2018-04-26 10:58:23.000000,2.609027e+07,1.818901e+07,1.239970e+02,1.410288e+06,8.846085e+01,,,,5
2018-04-26 10:58:24.000000,2.609026e+07,1.818779e+07,1.239963e+02,1.410288e+06,8.846085e+01,,,,5
2018-04-26 10:58:25.000000,2.609025e+07,1.818810e+07,1.239964e+02,1.410288e+06,8.846084e+01,,,,5
2018-04-26 10:58:26.000000,2.609025e+07,1.818691e+07,1.239957e+02,1.410288e+06,8.846083e+01,,,,5
2018-04-26 10:58:27.000000,2.609027e+07,1.818768e+07,1.239961e+02,1.410288e+06,8.846083e+01,,,,5
2018-04-26 10:58:28.000000,2.609027e+07,1.818664e+07,1.239955e+02,1.410288e+06,8.846082e+01,,,,5
2018-04-26 10:58:29.000000,2.609026e+07,1.818816e+07,1.239963e+02,1.410288e+06,8.846082e+01,,,,5
2018-04-26 10:58:30.000000,2.609025e+07,1.818754e+07,1.239961e+02,1.410288e+06,8.846081e+01,,,,5
2018-04-26 10:58:31.000000,2.609025e+07,1.818752e+07,1.239961e+02,1.410288e+06,8.846080e+01,,,,5
2018-04-26 10:58:32.000000,2.609025e+07,1.818780e+07,1.239963e+02,1.410288e+06,8.846080e+01,,,,5
2018-04-26 10:58:33.000000,2.609026e+07,1.818783e+07,1.239964e+02,1.410288e+06,8.846079e+01,,,,5
2018-04-26 10:58:34.000000,2.609026e+07,1.818810e+07,1.239965e+02,1.410288e+06,8.846079e+01,,,,5
2018-04-26 10:58:35.000000,2.609027e+07,1.818776e+07,1.239963e+02,1.410288e+06,8.846078e+01,,,,5
2018-04-26 10:58:36.000000,2.609025e+07,1.818726e+07,1.239959e+02,1.410288e+06,8.846077e+01,,,,5
2018-04-26 10:58:37.000000,2.609025e+07,1.818687e+07,1.239957e+02,1.410288e+06,8.846077e+01,,,,5
2018-04-26 10:58:38.000000,2.609027e+07,1.818689e+07,1.239956e+02,1.410288e+06,8.846076e+01,,,,5
2018-04-26 10:58:39.000000,2.609027e+07,1.818656e+07,1.239955e+02,1.410288e+06,8.846075e+01,,,,5
2018-04-26 10:58:40.000000,2.609027e+07,1.818773e+07,1.239961e+02,1.410288e+06,8.846075e+01,,,,5
2018-04-26 10:58:41.000000,2.609025e+07,1.818747e+07,1.239961e+02,1.410288e+06,8.846074e+01,,,,5
2018-04-26 10:58:42.000000,2.609024e+07,1.818860e+07,1.239967e+02,1.410288e+06,8.846074e+01,,,,5
2018-04-26 10:58:43.000000,2.609025e+07,1.818750e+07,1.239961e+02,1.410288e+06,8.846073e+01,,,,5
2018-04-26 10:58:44.000000,2.609027e+07,1.818940e+07,1.239972e+02,1.410288e+06,8.846072e+01,,,,5
2018-04-26 10:58:45.000000,2.609027e+07,1.818789e+07,1.239964e+02,1.410288e+06,8.846072e+01,,,,5
2018-04-26 10:58:46.000000,2.609027e+07,1.818784e+07,1.239964e+02,1.410288e+06,8.846071e+01,,,,5
2018-04-26 10:58:47.000000,2.609025e+07,1.818693e+07,1.239958e+02,1.410288e+06,8.846071e+01,,,,5
2018-04-26 10:58:48.000000,2.609025e+07,1.818692e+07,1.239957e+02,1.410288e+06,8.846070e+01,,,,5
2018-04-26 10:58:49.000000,2.609025e+07,1.818813e+07,1.239964e+02,1.410288e+06,8.846069e+01,,,,5
2018-04-26 10:58:50.000000,2.609027e+07,1.818671e+07,1.239956e+02,1.410288e+06,8.846069e+01,,,,5
2018-04-26 10:58:51.000000,2.609026e+07,1.818779e+07,1.239961e+02,1.410288e+06,8.846068e+01,,,,5
2018-04-26 10:58:52.000000,2.609025e+07,1.818754e+07,1.239961e+02,1.410288e+06,8.846067e+01,,,,5
2018-04-26 10:58:53.000000,2.609025e+07,1.818866e+07,1.239967e+02,1.410288e+06,8.846067e+01,,,,5
2018-04-26 10:58:54.000000,2.609025e+07,1.818751e+07,1.239961e+02,1.410288e+06,8.846066e+01,,,,5
2018-04-26 10:58:55.000000,2.609027e+07,1.818890e+07,1.239969e+02,1.410288e+06,8.846066e+01,,,,5
2018-04-26 10:58:56.000000,2.609026e+07,1.818788e+07,1.239964e+02,1.410288e+06,8.846065e+01,,,,5
2018-04-26 10:58:57.000000,2.609027e+07,1.818953e+07,1.239973e+02,1.410288e+06,8.846065e+01,,,,5
2018-04-26 10:58:58.000000,2.609025e+07,1.818712e+07,1.239958e+02,1.410288e+06,8.846064e+01,,,,5
2018-04-26 10:58:59.000000,2.609025e+07,1.818843e+07,1.239965e+02,1.410288e+06,8.846063e+01,,,,5
2018-04-26 10:59:00.000000,2.609025e+07,1.818722e+07,1.239959e+02,1.410288e+06,8.846063e+01,,,,5
2018-04-26 10:59:01.000000,2.609026e+07,1.818813e+07,1.239963e+02,1.410288e+06,8.846062e+01,,,,5
2018-04-26 10:59:02.000000,2.609027e+07,1.818696e+07,1.239956e+02,1.410288e+06,8.846061e+01,,,,5
2018-04-26 10:59:03.000000,2.609027e+07,1.818653e+07,1.239954e+02,1.410288e+06,8.846061e+01,,,,5
2018-04-26 10:59:04.000000,2.609025e+07,1.818771e+07,1.239962e+02,1.410288e+06,8.846060e+01,,,,5
2018-04-26 10:59:05.000000,2.609025e+07,1.818746e+07,1.239961e+02,1.410288e+06,8.846060e+01,,,,5
2018-04-26 10:59:06.000000,2.609026e+07,1.818804e+07,1.239965e+02,1.410288e+06,8.846059e+01,,,,5
2018-04-26 10:59:07.000000,2.609027e+07,1.818779e+07,1.239963e+02,1.410288e+06,8.846058e+01,,,,5
2018-04-26 10:59:08.000000,2.609027e+07,1.818954e+07,1.239973e+02,1.410288e+06,8.846058e+01,,,,5
2018-04-26 10:59:09.000000,2.609025e+07,1.818710e+07,1.239959e+02,1.410288e+06,8.846057e+01,,,,5
2018-04-26 10:59:10.000000,2.609025e+07,1.818854e+07,1.239966e+02,1.410288e+06,8.846057e+01,,,,5
2018-04-26 10:59:11.000000,2.609025e+07,1.818689e+07,1.239957e+02,1.410288e+06,8.846056e+01,,,,5
2018-04-26 10:59:12.000000,2.609027e+07,1.818822e+07,1.239963e+02,1.410288e+06,8.846055e+01,,,,5
2018-04-26 10:59:13.000000,2.609027e+07,1.818698e+07,1.239956e+02,1.410288e+06,8.846055e+01,,,,5
2018-04-26 10:59:14.000000,2.609027e+07,1.818659e+07,1.239955e+02,1.410288e+06,8.846054e+01,,,,5
2018-04-26 10:59:15.000000,2.609024e+07,1.818772e+07,1.239962e+02,1.410288e+06,8.846054e+01,,,,5
2018-04-26 10:59:16.000000,2.609025e+07,1.818752e+07,1.239961e+02,1.410288e+06,8.846053e+01,,,,5
2018-04-26 10:59:17.000000,2.609025e+07,1.818877e+07,1.239968e+02,1.410288e+06,8.846052e+01,,,,5
2018-04-26 10:59:18.000000,2.609027e+07,1.818784e+07,1.239963e+02,1.410288e+06,8.846052e+01,,,,5
2018-04-26 10:59:19.000000,2.609027e+07,1.818901e+07,1.239970e+02,1.410288e+06,8.846051e+01,,,,5
2018-04-26 10:59:20.000000,2.609024e+07,1.818710e+07,1.239958e+02,1.410288e+06,8.846051e+01,,,,5
2018-04-26 10:59:21.000000,2.609025e+07,1.818804e+07,1.239963e+02,1.410288e+06,8.846050e+01,,,,5
2018-04-26 10:59:22.000000,2.609025e+07,1.818691e+07,1.239957e+02,1.410288e+06,8.846049e+01,,,,5
2018-04-26 10:59:23.000000,2.609027e+07,1.818768e+07,1.239961e+02,1.410288e+06,8.846049e+01,,,,5
2018-04-26 10:59:24.000000,2.609027e+07,1.818664e+07,1.239954e+02,1.410288e+06,8.846048e+01,,,,5
2018-04-26 10:59:25.000000,2.609026e+07,1.818818e+07,1.239963e+02,1.410288e+06,8.846048e+01,,,,5
2018-04-26 10:59:26.000000,2.609025e+07,1.818754e+07,1.239961e+02,1.410288e+06,8.846047e+01,,,,5
2018-04-26 10:59:27.000000,2.609025e+07,1.818752e+07,1.239961e+02,1.410288e+06,8.846046e+01,,,,5
2018-04-26 10:59:28.000000,2.609025e+07,1.818781e+07,1.239963e+02,1.410288e+06,8.846046e+01,,,,5
2018-04-26 10:59:29.000000,2.609027e+07,1.818784e+07,1.239964e+02,1.410288e+06,8.846045e+01,,,,5
2018-04-26 10:59:30.000000,2.609026e+07,1.818810e+07,1.239965e+02,1.410288e+06,8.846045e+01,,,,5
2018-04-26 10:59:31.000000,2.609027e+07,1.818776e+07,1.239963e+02,1.410288e+06,8.846044e+01,,,,5
2018-04-26 10:59:32.000000,2.609025e+07,1.818811e+07,1.239964e+02,1.410288e+06,8.846043e+01,,,,5
2018-04-26 10:59:33.000000,2.609025e+07,1.818688e+07,1.239957e+02,1.410288e+06,8.846043e+01,,,,5
2018-04-26 10:59:34.000000,2.609026e+07,1.818774e+07,1.239961e+02,1.410288e+06,8.846042e+01,,,,5
2018-04-26 10:59:35.000000,2.609027e+07,1.818661e+07,1.239955e+02,1.410288e+06,8.846042e+01,,,,5
2018-04-26 10:59:36.000000,2.609027e+07,1.818830e+07,1.239964e+02,1.410287e+06,8.846041e+01,,,,5
2018-04-26 10:59:37.000000,2.609025e+07,1.818756e+07,1.239961e+02,1.410287e+06,8.846040e+01,,,,5
2018-04-26 10:59:38.000000,2.609025e+07,1.818915e+07,1.239969e+02,1.410287e+06,8.846040e+01,,,,5
2018-04-26 10:59:39.000000,2.609024e+07,1.818785e+07,1.239963e+02,1.410287e+06,8.846039e+01,,,,5
2018-04-26 10:59:40.000000,2.609027e+07,1.818941e+07,1.239972e+02,1.410287e+06,8.846038e+01,,,,5
2018-04-26 10:59:41.000000,2.609027e+07,1.818822e+07,1.239965e+02,1.410287e+06,8.846038e+01,,,,5
2018-04-26 10:59:42.000000,2.609027e+07,1.818777e+07,1.239963e+02,1.410287e+06,8.846037e+01,,,,5
2018-04-26 10:59:43.000000,2.609025e+07,1.818726e+07,1.239959e+02,1.410287e+06,8.846037e+01,,,,5
2018-04-26 10:59:44.000000,2.609024e+07,1.818687e+07,1.239957e+02,1.410287e+06,8.846036e+01,,,,5
2018-04-26 10:59:45.000000,2.609025e+07,1.818813e+07,1.239964e+02,1.410287e+06,8.846036e+01,,,,5
2018-04-26 10:59:46.000000,2.609027e+07,1.818665e+07,1.239955e+02,1.410287e+06,8.846035e+01,,,,5
2018-04-26 10:59:47.000000,2.609027e+07,1.818772e+07,1.239961e+02,1.410287e+06,8.846034e+01,,,,5
2018-04-26 10:59:48.000000,2.609025e+07,1.818747e+07,1.239961e+02,1.410287e+06,8.846034e+01,,,,5
2018-04-26 10:59:49.000000,2.609024e+07,1.818860e+07,1.239967e+02,1.410287e+06,8.846033e+01,,,,5
2018-04-26 10:59:50.000000,2.609025e+07,1.818751e+07,1.239961e+02,1.410287e+06,8.846033e+01,,,,5
2018-04-26 10:59:51.000000,2.609027e+07,1.818940e+07,1.239972e+02,1.410287e+06,8.846032e+01,,,,5
2018-04-26 10:59:52.000000,2.609027e+07,1.818789e+07,1.239964e+02,1.410287e+06,8.846031e+01,,,,5
2018-04-26 10:59:53.000000,2.609027e+07,1.818783e+07,1.239964e+02,1.410287e+06,8.846031e+01,,,,5
2018-04-26 10:59:54.000000,2.609025e+07,1.818694e+07,1.239958e+02,1.410287e+06,8.846030e+01,,,,5
2018-04-26 10:59:55.000000,2.609025e+07,1.818692e+07,1.239957e+02,1.410287e+06,8.846030e+01,,,,5
2018-04-26 10:59:56.000000,2.609025e+07,1.818813e+07,1.239964e+02,1.410287e+06,8.846029e+01,,,,5
2018-04-26 10:59:57.000000,2.609027e+07,1.818672e+07,1.239956e+02,1.410287e+06,8.846028e+01,,,,5
2018-04-26 10:59:58.000000,2.609026e+07,1.818779e+07,1.239961e+02,1.410287e+06,8.846028e+01,,,,5
2018-04-26 10:59:59.000000,2.609027e+07,1.818651e+07,1.239954e+02,1.410287e+06,8.846027e+01,,,,5
2018-04-26 11:00:00.000000,2.609025e+07,1.818860e+07,1.239967e+02,1.410287e+06,8.846026e+01,,,,5
2018-04-26 11:00:01.000000,2.609025e+07,1.818752e+07,1.239961e+02,1.410287e+06,8.846026e+01,,,,5
2018-04-26 11:00:02.000000,2.609027e+07,1.818890e+07,1.239969e+02,1.410287e+06,8.846025e+01,,,,5
2018-04-26 11:00:03.000000,2.609026e+07,1.818788e+07,1.239964e+02,1.410287e+06,8.846025e+01,,,,5
2018-04-26 11:00:04.000000,2.609027e+07,1.818951e+07,1.239973e+02,1.410287e+06,8.846024e+01,,,,5
2018-04-26 11:00:05.000000,2.609025e+07,1.818712e+07,1.239958e+02,1.410287e+06,8.846023e+01,,,,5
2018-04-26 11:00:06.000000,2.609025e+07,1.818842e+07,1.239965e+02,1.410287e+06,8.846023e+01,,,,5
2018-04-26 11:00:07.000000,2.609025e+07,1.818724e+07,1.239959e+02,1.410287e+06,8.846022e+01,,,,5
2018-04-26 11:00:08.000000,2.609026e+07,1.818813e+07,1.239963e+02,1.410287e+06,8.846022e+01,,,,5
2018-04-26 11:00:09.000000,2.609027e+07,1.818696e+07,1.239956e+02,1.410287e+06,8.846021e+01,,,,5
2018-04-26 11:00:10.000000,2.609027e+07,1.818653e+07,1.239954e+02,1.410287e+06,8.846021e+01,,,,5
2018-04-26 11:00:11.000000,2.609025e+07,1.818770e+07,1.239961e+02,1.410287e+06,8.846020e+01,,,,5
2018-04-26 11:00:12.000000,2.609025e+07,1.818746e+07,1.239961e+02,1.410287e+06,8.846019e+01,,,,5
2018-04-26 11:00:13.000000,2.609026e+07,1.818804e+07,1.239965e+02,1.410287e+06,8.846019e+01,,,,5
2018-04-26 11:00:14.000000,2.609027e+07,1.818779e+07,1.239963e+02,1.410287e+06,8.846018e+01,,,,5
2018-04-26 11:00:15.000000,2.609027e+07,1.818954e+07,1.239973e+02,1.410287e+06,8.846018e+01,,,,5
2018-04-26 11:00:16.000000,2.609025e+07,1.818710e+07,1.239959e+02,1.410287e+06,8.846017e+01,,,,5
2018-04-26 11:00:17.000000,2.609025e+07,1.818854e+07,1.239965e+02,1.410287e+06,8.846016e+01,,,,5
2018-04-26 11:00:18.000000,2.609025e+07,1.818691e+07,1.239957e+02,1.410287e+06,8.846016e+01,,,,5
2018-04-26 11:00:19.000000,2.609027e+07,1.818822e+07,1.239963e+02,1.410287e+06,8.846015e+01,,,,5
2018-04-26 11:00:20.000000,2.609027e+07,1.818698e+07,1.239956e+02,1.410287e+06,8.846015e+01,,,,5
2018-04-26 11:00:21.000000,2.609027e+07,1.818660e+07,1.239955e+02,1.410287e+06,8.846014e+01,,,,5
2018-04-26 11:00:22.000000,2.609024e+07,1.818772e+07,1.239962e+02,1.410287e+06,8.846013e+01,,,,5
2018-04-26 11:00:23.000000,2.609025e+07,1.818752e+07,1.239961e+02,1.410287e+06,8.846013e+01,,,,5
2018-04-26 11:00:24.000000,2.609025e+07,1.818876e+07,1.239968e+02,1.410287e+06,8.846012e+01,,,,5
2018-04-26 11:00:25.000000,2.609027e+07,1.818784e+07,1.239963e+02,1.410287e+06,8.846012e+01,,,,5
2018-04-26 11:00:26.000000,2.609027e+07,1.818901e+07,1.239970e+02,1.410287e+06,8.846011e+01,,,,5
2018-04-26 11:00:27.000000,2.609024e+07,1.818710e+07,1.239958e+02,1.410287e+06,8.846010e+01,,,,5
2018-04-26 11:00:28.000000,2.609025e+07,1.818802e+07,1.239963e+02,1.410287e+06,8.846010e+01,,,,5
2018-04-26 11:00:29.000000,2.609025e+07,1.818691e+07,1.239957e+02,1.410287e+06,8.846009e+01,,,,5
2018-04-26 11:00:30.000000,2.609027e+07,1.818768e+07,1.239961e+02,1.410287e+06,8.846009e+01,,,,5
2018-04-26 11:00:31.000000,2.609027e+07,1.818664e+07,1.239955e+02,1.410287e+06,8.846008e+01,,,,5
2018-04-26 11:00:32.000000,2.609026e+07,1.818818e+07,1.239963e+02,1.410287e+06,8.846007e+01,,,,5
2018-04-26 11:00:33.000000,2.609025e+07,1.818754e+07,1.239961e+02,1.410287e+06,8.846007e+01,,,,5
2018-04-26 11:00:34.000000,2.609025e+07,1.818752e+07,1.239961e+02,1.410287e+06,8.846006e+01,,,,5
2018-04-26 11:00:35.000000,2.609025e+07,1.818780e+07,1.239962e+02,1.410287e+06,8.846006e+01,,,,5
2018-04-26 11:00:36.000000,2.609027e+07,1.818783e+07,1.239964e+02,1.410287e+06,8.846005e+01,,,,5
2018-04-26 11:00:37.000000,2.609026e+07,1.818810e+07,1.239965e+02,1.410287e+06,8.846004e+01,,,,5
2018-04-26 11:00:38.000000,2.609027e+07,1.818776e+07,1.239963e+02,1.410287e+06,8.846004e+01,,,,5
2018-04-26 11:00:39.000000,2.609025e+07,1.818811e+07,1.239963e+02,1.410287e+06,8.846003e+01,,,,5
2018-04-26 11:00:40.000000,2.609025e+07,1.818688e+07,1.239957e+02,1.410287e+06,8.846003e+01,,,,5
2018-04-26 11:00:41.000000,2.609026e+07,1.818773e+07,1.239961e+02,1.410287e+06,8.846002e+01,,,,5
2018-04-26 11:00:42.000000,2.609026e+07,1.818661e+07,1.239955e+02,1.410287e+06,8.846002e+01,,,,5
2018-04-26 11:00:43.000000,2.609027e+07,1.818830e+07,1.239964e+02,1.410287e+06,8.846001e+01,,,,5
2018-04-26 11:00:44.000000,2.609025e+07,1.818756e+07,1.239961e+02,1.410287e+06,8.846000e+01,,,,5
2018-04-26 11:00:45.000000,2.609025e+07,1.818912e+07,1.239969e+02,1.410287e+06,8.846000e+01,,,,5
2018-04-26 11:00:46.000000,2.609024e+07,1.818785e+07,1.239963e+02,1.410287e+06,8.845999e+01,,,,5
2018-04-26 11:00:47.000000,2.609027e+07,1.818941e+07,1.239972e+02,1.410287e+06,8.845999e+01,,,,5
2018-04-26 11:00:48.000000,2.609027e+07,1.818823e+07,1.239965e+02,1.410287e+06,8.845998e+01,,,,5
2018-04-26 11:00:49.000000,2.609027e+07,1.818777e+07,1.239963e+02,1.410287e+06,8.845997e+01,,,,5
2018-04-26 11:00:50.000000,2.609025e+07,1.818726e+07,1.239958e+02,1.410287e+06,8.845997e+01,,,,5
2018-04-26 11:00:51.000000,2.609024e+07,1.818687e+07,1.239957e+02,1.410287e+06,8.845996e+01,,,,5
2018-04-26 11:00:52.000000,2.609025e+07,1.818812e+07,1.239963e+02,1.410287e+06,8.845996e+01,,,,5
2018-04-26 11:00:53.000000,2.609027e+07,1.818665e+07,1.239955e+02,1.410287e+06,8.845995e+01,,,,5
2018-04-26 11:00:54.000000,2.609027e+07,1.818772e+07,1.239961e+02,1.410287e+06,8.845994e+01,,,,5
2018-04-26 11:00:55.000000,2.609025e+07,1.818748e+07,1.239961e+02,1.410287e+06,8.845994e+01,,,,5
2018-04-26 11:00:56.000000,2.609024e+07,1.818860e+07,1.239967e+02,1.410287e+06,8.845993e+01,,,,5
2018-04-26 11:00:57.000000,2.609025e+07,1.818751e+07,1.239961e+02,1.410287e+06,8.845993e+01,,,,5
2018-04-26 11:00:58.000000,2.609027e+07,1.818938e+07,1.239972e+02,1.410287e+06,8.845992e+01,,,,5
2018-04-26 11:00:59.000000,2.609027e+07,1.818789e+07,1.239964e+02,1.410287e+06,8.845991e+01,,,,5
2018-04-26 11:01:00.000000,2.609026e+07,1.818783e+07,1.239964e+02,1.410287e+06,8.845991e+01,,,,5
2018-04-26 11:01:01.000000,2.609025e+07,1.818694e+07,1.239958e+02,1.410287e+06,8.845990e+01,,,,5
2018-04-26 11:01:02.000000,2.609025e+07,1.818692e+07,1.239957e+02,1.410287e+06,8.845990e+01,,,,5
2018-04-26 11:01:03.000000,2.609025e+07,1.818813e+07,1.239963e+02,1.410287e+06,8.845989e+01,,,,5
2018-04-26 11:01:04.000000,2.609027e+07,1.818672e+07,1.239956e+02,1.410287e+06,8.845989e+01,,,,5
2018-04-26 11:01:05.000000,2.609026e+07,1.818777e+07,1.239961e+02,1.410287e+06,8.845988e+01,,,,5
2018-04-26 11:01:06.000000,2.609026e+07,1.818651e+07,1.239954e+02,1.410287e+06,8.845987e+01,,,,5
2018-04-26 11:01:07.000000,2.609025e+07,1.818860e+07,1.239967e+02,1.410287e+06,8.845987e+01,,,,5
2018-04-26 11:01:08.000000,2.609025e+07,1.818752e+07,1.239961e+02,1.410287e+06,8.845986e+01,,,,5
2018-04-26 11:01:09.000000,2.609027e+07,1.818890e+07,1.239969e+02,1.410287e+06,8.845986e+01,,,,5
2018-04-26 11:01:10.000000,2.609026e+07,1.818788e+07,1.239964e+02,1.410287e+06,8.845985e+01,,,,5
2018-04-26 11:01:11.000000,2.609027e+07,1.818951e+07,1.239973e+02,1.410287e+06,8.845984e+01,,,,5
2018-04-26 11:01:12.000000,2.609025e+07,1.818715e+07,1.239959e+02,1.410287e+06,8.845984e+01,,,,5
2018-04-26 11:01:13.000000,2.609025e+07,1.818842e+07,1.239964e+02,1.410287e+06,8.845983e+01,,,,5
2018-04-26 11:01:14.000000,2.609025e+07,1.818724e+07,1.239958e+02,1.410287e+06,8.845983e+01,,,,5
2018-04-26 11:01:15.000000,2.609026e+07,1.818812e+07,1.239963e+02,1.410287e+06,8.845982e+01,,,,5
2018-04-26 11:01:16.000000,2.609027e+07,1.818696e+07,1.239956e+02,1.410287e+06,8.845981e+01,,,,5
2018-04-26 11:01:17.000000,2.609027e+07,1.818653e+07,1.239954e+02,1.410287e+06,8.845981e+01,,,,5
2018-04-26 11:01:18.000000,2.609025e+07,1.818770e+07,1.239961e+02,1.410287e+06,8.845980e+01,,,,5
2018-04-26 11:01:19.000000,2.609025e+07,1.818746e+07,1.239961e+02,1.410287e+06,8.845980e+01,,,,5
2018-04-26 11:01:20.000000,2.609024e+07,1.818869e+07,1.239967e+02,1.410287e+06,8.845979e+01,,,,5
2018-04-26 11:01:21.000000,2.609027e+07,1.818783e+07,1.239963e+02,1.410287e+06,8.845979e+01,,,,5
2018-04-26 11:01:22.000000,2.609027e+07,1.818952e+07,1.239973e+02,1.410287e+06,8.845978e+01,,,,5
2018-04-26 11:01:23.000000,2.609025e+07,1.818711e+07,1.239958e+02,1.410287e+06,8.845977e+01,,,,5
2018-04-26 11:01:24.000000,2.609025e+07,1.818854e+07,1.239965e+02,1.410287e+06,8.845977e+01,,,,5
2018-04-26 11:01:25.000000,2.609025e+07,1.818691e+07,1.239956e+02,1.410287e+06,8.845976e+01,,,,5
2018-04-26 11:01:26.000000,2.609027e+07,1.818822e+07,1.239963e+02,1.410287e+06,8.845976e+01,,,,5
2018-04-26 11:01:27.000000,2.609026e+07,1.818698e+07,1.239956e+02,1.410287e+06,8.845975e+01,,,,5
2018-04-26 11:01:28.000000,2.609027e+07,1.818660e+07,1.239955e+02,1.410287e+06,8.845974e+01,,,,5
2018-04-26 11:01:29.000000,2.609024e+07,1.818771e+07,1.239961e+02,1.410287e+06,8.845974e+01,,,,5
2018-04-26 11:01:30.000000,2.609025e+07,1.818752e+07,1.239961e+02,1.410287e+06,8.845973e+01,,,,5
2018-04-26 11:01:31.000000,2.609025e+07,1.818876e+07,1.239968e+02,1.410287e+06,8.845973e+01,,,,5
2018-04-26 11:01:32.000000,2.609027e+07,1.818784e+07,1.239963e+02,1.410287e+06,8.845972e+01,,,,5
2018-04-26 11:01:33.000000,2.609027e+07,1.818901e+07,1.239970e+02,1.410287e+06,8.845972e+01,,,,5
2018-04-26 11:01:34.000000,2.609026e+07,1.818779e+07,1.239963e+02,1.410287e+06,8.845971e+01,,,,5
2018-04-26 11:01:35.000000,2.609025e+07,1.818810e+07,1.239963e+02,1.410287e+06,8.845970e+01,,,,5
2018-04-26 11:01:36.000000,2.609025e+07,1.818692e+07,1.239957e+02,1.410287e+06,8.845970e+01,,,,5
2018-04-26 11:01:37.000000,2.609027e+07,1.818768e+07,1.239961e+02,1.410287e+06,8.845969e+01,,,,5
2018-04-26 11:01:38.000000,2.609027e+07,1.818664e+07,1.239955e+02,1.410287e+06,8.845969e+01,,,,5
2018-04-26 11:01:39.000000,2.609026e+07,1.818816e+07,1.239963e+02,1.410287e+06,8.845968e+01,,,,5
2018-04-26 11:01:40.000000,2.609025e+07,1.818754e+07,1.239961e+02,1.410287e+06,8.845967e+01,,,,5
2018-04-26 11:01:41.000000,2.609025e+07,1.818752e+07,1.239961e+02,1.410287e+06,8.845967e+01,,,,5
2018-04-26 11:01:42.000000,2.609025e+07,1.818780e+07,1.239962e+02,1.410287e+06,8.845966e+01,,,,5
2018-04-26 11:01:43.000000,2.609026e+07,1.818783e+07,1.239964e+02,1.410287e+06,8.845966e+01,,,,5
2018-04-26 11:01:44.000000,2.609026e+07,1.818810e+07,1.239965e+02,1.410287e+06,8.845965e+01,,,,5
2018-04-26 11:01:45.000000,2.609027e+07,1.818776e+07,1.239963e+02,1.410287e+06,8.845965e+01,,,,5
2018-04-26 11:01:46.000000,2.609025e+07,1.818811e+07,1.239963e+02,1.410287e+06,8.845964e+01,,,,5
2018-04-26 11:01:47.000000,2.609025e+07,1.818688e+07,1.239956e+02,1.410287e+06,8.845963e+01,,,,5
2018-04-26 11:01:48.000000,2.609025e+07,1.818867e+07,1.239966e+02,1.410287e+06,8.845963e+01,,,,5
2018-04-26 11:01:49.000000,2.609026e+07,1.818667e+07,1.239955e+02,1.410287e+06,8.845962e+01,,,,5
2018-04-26 11:01:50.000000,2.609027e+07,1.818830e+07,1.239964e+02,1.410287e+06,8.845962e+01,,,,5
2018-04-26 11:01:51.000000,2.609025e+07,1.818756e+07,1.239961e+02,1.410287e+06,8.845961e+01,,,,5
2018-04-26 11:01:52.000000,2.609025e+07,1.818912e+07,1.239969e+02,1.410287e+06,8.845960e+01,,,,5
2018-04-26 11:01:53.000000,2.609024e+07,1.818786e+07,1.239962e+02,1.410287e+06,8.845960e+01,,,,5
2018-04-26 11:01:54.000000,2.609027e+07,1.818941e+07,1.239972e+02,1.410287e+06,8.845959e+01,,,,5
2018-04-26 11:01:55.000000,2.609027e+07,1.818823e+07,1.239965e+02,1.410287e+06,8.845959e+01,,,,5
2018-04-26 11:01:56.000000,2.609026e+07,1.818777e+07,1.239963e+02,1.410287e+06,8.845958e+01,,,,5
2018-04-26 11:01:57.000000,2.609025e+07,1.818726e+07,1.239958e+02,1.410287e+06,8.845957e+01,,,,5
2018-04-26 11:01:58.000000,2.609024e+07,1.818687e+07,1.239957e+02,1.410287e+06,8.845957e+01,,,,5
2018-04-26 11:01:59.000000,2.609025e+07,1.818812e+07,1.239963e+02,1.410287e+06,8.845956e+01,,,,5
2018-04-26 11:02:00.000000,2.609027e+07,1.818665e+07,1.239955e+02,1.410287e+06,8.845956e+01,,,,5
2018-04-26 11:02:01.000000,2.609027e+07,1.818772e+07,1.239960e+02,1.410287e+06,8.845955e+01,,,,5
2018-04-26 11:02:02.000000,2.609025e+07,1.818748e+07,1.239961e+02,1.410287e+06,8.845955e+01,,,,5
2018-04-26 11:02:03.000000,2.609024e+07,1.818859e+07,1.239967e+02,1.410287e+06,8.845954e+01,,,,5
2018-04-26 11:02:04.000000,2.609025e+07,1.818751e+07,1.239961e+02,1.410287e+06,8.845953e+01,,,,5
2018-04-26 11:02:05.000000,2.609027e+07,1.818938e+07,1.239972e+02,1.410286e+06,8.845953e+01,,,,5
2018-04-26 11:02:06.000000,2.609027e+07,1.818791e+07,1.239964e+02,1.410286e+06,8.845952e+01,,,,5
2018-04-26 11:02:07.000000,2.609026e+07,1.818783e+07,1.239964e+02,1.410286e+06,8.845952e+01,,,,5
2018-04-26 11:02:08.000000,2.609024e+07,1.818694e+07,1.239957e+02,1.410286e+06,8.845951e+01,,,,5
2018-04-26 11:02:09.000000,2.609025e+07,1.818692e+07,1.239957e+02,1.410286e+06,8.845951e+01,,,,5
2018-04-26 11:02:10.000000,2.609025e+07,1.818811e+07,1.239963e+02,1.410286e+06,8.845950e+01,,,,5
2018-04-26 11:02:11.000000,2.609027e+07,1.818671e+07,1.239955e+02,1.410286e+06,8.845949e+01,,,,5
2018-04-26 11:02:12.000000,2.609026e+07,1.818777e+07,1.239961e+02,1.410286e+06,8.845949e+01,,,,5
2018-04-26 11:02:13.000000,2.609026e+07,1.818652e+07,1.239954e+02,1.410286e+06,8.845948e+01,,,,5
2018-04-26 11:02:14.000000,2.609025e+07,1.818860e+07,1.239967e+02,1.410286e+06,8.845948e+01,,,,5
2018-04-26 11:02:15.000000,2.609025e+07,1.818752e+07,1.239961e+02,1.410286e+06,8.845947e+01,,,,5
2018-04-26 11:02:16.000000,2.609027e+07,1.818888e+07,1.239969e+02,1.410286e+06,8.845946e+01,,,,5
2018-04-26 11:02:17.000000,2.609026e+07,1.818788e+07,1.239964e+02,1.410286e+06,8.845946e+01,,,,5
2018-04-26 11:02:18.000000,2.609027e+07,1.818951e+07,1.239973e+02,1.410286e+06,8.845945e+01,,,,5
2018-04-26 11:02:19.000000,2.609025e+07,1.818715e+07,1.239959e+02,1.410286e+06,8.845945e+01,,,,5
2018-04-26 11:02:20.000000,2.609025e+07,1.818840e+07,1.239964e+02,1.410286e+06,8.845944e+01,,,,5
2018-04-26 11:02:21.000000,2.609025e+07,1.818724e+07,1.239958e+02,1.410286e+06,8.845944e+01,,,,5
2018-04-26 11:02:22.000000,2.609026e+07,1.818812e+07,1.239963e+02,1.410286e+06,8.845943e+01,,,,5
2018-04-26 11:02:23.000000,2.609027e+07,1.818697e+07,1.239956e+02,1.410286e+06,8.845942e+01,,,,5
2018-04-26 11:02:24.000000,2.609027e+07,1.818653e+07,1.239954e+02,1.410286e+06,8.845942e+01,,,,5
2018-04-26 11:02:25.000000,2.609025e+07,1.818770e+07,1.239961e+02,1.410286e+06,8.845941e+01,,,,5
2018-04-26 11:02:26.000000,2.609025e+07,1.818746e+07,1.239961e+02,1.410286e+06,8.845941e+01,,,,5
2018-04-26 11:02:27.000000,2.609024e+07,1.818868e+07,1.239967e+02,1.410286e+06,8.845940e+01,,,,5
2018-04-26 11:02:28.000000,2.609027e+07,1.818783e+07,1.239963e+02,1.410286e+06,8.845940e+01,,,,5
2018-04-26 11:02:29.000000,2.609026e+07,1.818952e+07,1.239973e+02,1.410286e+06,8.845939e+01,,,,5
2018-04-26 11:02:30.000000,2.609025e+07,1.818713e+07,1.239958e+02,1.410286e+06,8.845938e+01,,,,5
2018-04-26 11:02:31.000000,2.609025e+07,1.818853e+07,1.239965e+02,1.410286e+06,8.845938e+01,,,,5
2018-04-26 11:02:32.000000,2.609024e+07,1.818690e+07,1.239956e+02,1.410286e+06,8.845937e+01,,,,5
2018-04-26 11:02:33.000000,2.609027e+07,1.818821e+07,1.239963e+02,1.410286e+06,8.845937e+01,,,,5
2018-04-26 11:02:34.000000,2.609026e+07,1.818698e+07,1.239957e+02,1.410286e+06,8.845936e+01,,,,5
2018-04-26 11:02:35.000000,2.609027e+07,1.818659e+07,1.239954e+02,1.410286e+06,8.845936e+01,,,,5
2018-04-26 11:02:36.000000,2.609024e+07,1.818771e+07,1.239961e+02,1.410286e+06,8.845935e+01,,,,5
2018-04-26 11:02:37.000000,2.609025e+07,1.818752e+07,1.239961e+02,1.410286e+06,8.845934e+01,,,,5
2018-04-26 11:02:38.000000,2.609025e+07,1.818876e+07,1.239967e+02,1.410286e+06,8.845934e+01,,,,5
2018-04-26 11:02:39.000000,2.609026e+07,1.818784e+07,1.239963e+02,1.410286e+06,8.845933e+01,,,,5
2018-04-26 11:02:40.000000,2.609027e+07,1.818899e+07,1.239970e+02,1.410286e+06,8.845933e+01,,,,5
2018-04-26 11:02:41.000000,2.609026e+07,1.818779e+07,1.239963e+02,1.410286e+06,8.845932e+01,,,,5
2018-04-26 11:02:42.000000,2.609025e+07,1.818810e+07,1.239963e+02,1.410286e+06,8.845931e+01,,,,5
2018-04-26 11:02:43.000000,2.609025e+07,1.818692e+07,1.239956e+02,1.410286e+06,8.845931e+01,,,,5
2018-04-26 11:02:44.000000,2.609027e+07,1.818767e+07,1.239960e+02,1.410286e+06,8.845930e+01,,,,5
2018-04-26 11:02:45.000000,2.609027e+07,1.818664e+07,1.239954e+02,1.410286e+06,8.845930e+01,,,,5
2018-04-26 11:02:46.000000,2.609026e+07,1.818816e+07,1.239963e+02,1.410286e+06,8.845929e+01,,,,5
2018-04-26 11:02:47.000000,2.609025e+07,1.818755e+07,1.239961e+02,1.410286e+06,8.845929e+01,,,,5
2018-04-26 11:02:48.000000,2.609025e+07,1.818752e+07,1.239961e+02,1.410286e+06,8.845928e+01,,,,5
2018-04-26 11:02:49.000000,2.609025e+07,1.818780e+07,1.239962e+02,1.410286e+06,8.845927e+01,,,,5
2018-04-26 11:02:50.000000,2.609026e+07,1.818783e+07,1.239963e+02,1.410286e+06,8.845927e+01,,,,5
2018-04-26 11:02:51.000000,2.609026e+07,1.818810e+07,1.239965e+02,1.410286e+06,8.845926e+01,,,,5
2018-04-26 11:02:52.000000,2.609027e+07,1.818776e+07,1.239963e+02,1.410286e+06,8.845926e+01,,,,5
2018-04-26 11:02:53.000000,2.609025e+07,1.818726e+07,1.239958e+02,1.410286e+06,8.845925e+01,,,,5
2018-04-26 11:02:54.000000,2.609025e+07,1.818687e+07,1.239956e+02,1.410286e+06,8.845925e+01,,,,5
2018-04-26 11:02:55.000000,2.609025e+07,1.818813e+07,1.239963e+02,1.410286e+06,8.845924e+01,,,,5
2018-04-26 11:02:56.000000,2.609027e+07,1.818665e+07,1.239955e+02,1.410286e+06,8.845923e+01,,,,5
2018-04-26 11:02:57.000000,2.609027e+07,1.818772e+07,1.239960e+02,1.410286e+06,8.845923e+01,,,,5
2018-04-26 11:02:58.000000,2.609025e+07,1.818747e+07,1.239960e+02,1.410286e+06,8.845922e+01,,,,5
2018-04-26 11:02:59.000000,2.609024e+07,1.818860e+07,1.239966e+02,1.410286e+06,8.845922e+01,,,,5
2018-04-26 11:03:00.000000,2.609025e+07,1.818751e+07,1.239960e+02,1.410286e+06,8.845921e+01,,,,5
2018-04-26 11:03:01.000000,2.609027e+07,1.818938e+07,1.239972e+02,1.410286e+06,8.845921e+01,,,,5
2018-04-26 11:03:02.000000,2.609027e+07,1.818789e+07,1.239964e+02,1.410286e+06,8.845920e+01,,,,5
2018-04-26 11:03:03.000000,2.609027e+07,1.818784e+07,1.239963e+02,1.410286e+06,8.845919e+01,,,,5
2018-04-26 11:03:04.000000,2.609025e+07,1.818694e+07,1.239957e+02,1.410286e+06,8.845919e+01,,,,5
2018-04-26 11:03:05.000000,2.609025e+07,1.818692e+07,1.239957e+02,1.410286e+06,8.845918e+01,,,,5
2018-04-26 11:03:06.000000,2.609025e+07,1.818813e+07,1.239963e+02,1.410286e+06,8.845918e+01,,,,5
2018-04-26 11:03:07.000000,2.609027e+07,1.818672e+07,1.239955e+02,1.410286e+06,8.845917e+01,,,,5
2018-04-26 11:03:08.000000,2.609026e+07,1.818779e+07,1.239961e+02,1.410286e+06,8.845917e+01,,,,5
2018-04-26 11:03:09.000000,2.609027e+07,1.818651e+07,1.239954e+02,1.410286e+06,8.845916e+01,,,,5
2018-04-26 11:03:10.000000,2.609025e+07,1.818860e+07,1.239966e+02,1.410286e+06,8.845915e+01,,,,5
2018-04-26 11:03:11.000000,2.609025e+07,1.818752e+07,1.239960e+02,1.410286e+06,8.845915e+01,,,,5
2018-04-26 11:03:12.000000,2.609027e+07,1.818890e+07,1.239969e+02,1.410286e+06,8.845914e+01,,,,5
2018-04-26 11:03:13.000000,2.609026e+07,1.818788e+07,1.239964e+02,1.410286e+06,8.845914e+01,,,,5
2018-04-26 11:03:14.000000,2.609027e+07,1.818951e+07,1.239973e+02,1.410286e+06,8.845913e+01,,,,5
2018-04-26 11:03:15.000000,2.609025e+07,1.818712e+07,1.239958e+02,1.410286e+06,8.845913e+01,,,,5
2018-04-26 11:03:16.000000,2.609025e+07,1.818843e+07,1.239964e+02,1.410286e+06,8.845912e+01,,,,5
2018-04-26 11:03:17.000000,2.609025e+07,1.818724e+07,1.239958e+02,1.410286e+06,8.845911e+01,,,,5
2018-04-26 11:03:18.000000,2.609026e+07,1.818812e+07,1.239963e+02,1.410286e+06,8.845911e+01,,,,5
2018-04-26 11:03:19.000000,2.609027e+07,1.818696e+07,1.239956e+02,1.410286e+06,8.845910e+01,,,,5
2018-04-26 11:03:20.000000,2.609027e+07,1.818653e+07,1.239954e+02,1.410286e+06,8.845910e+01,,,,5
2018-04-26 11:03:21.000000,2.609025e+07,1.818770e+07,1.239961e+02,1.410286e+06,8.845909e+01,,,,5
2018-04-26 11:03:22.000000,2.609025e+07,1.818746e+07,1.239960e+02,1.410286e+06,8.845909e+01,,,,5
2018-04-26 11:03:23.000000,2.609024e+07,1.818869e+07,1.239967e+02,1.410286e+06,8.845908e+01,,,,5
2018-04-26 11:03:24.000000,2.609027e+07,1.818783e+07,1.239963e+02,1.410286e+06,8.845907e+01,,,,5
2018-04-26 11:03:25.000000,2.609027e+07,1.818954e+07,1.239973e+02,1.410286e+06,8.845907e+01,,,,5
2018-04-26 11:03:26.000000,2.609025e+07,1.818710e+07,1.239958e+02,1.410286e+06,8.845906e+01,,,,5
2018-04-26 11:03:27.000000,2.609025e+07,1.818854e+07,1.239965e+02,1.410286e+06,8.845906e+01,,,,5
2018-04-26 11:03:28.000000,2.609025e+07,1.818691e+07,1.239956e+02,1.410286e+06,8.845905e+01,,,,5
2018-04-26 11:03:29.000000,2.609027e+07,1.818822e+07,1.239963e+02,1.410286e+06,8.845905e+01,,,,5
2018-04-26 11:03:30.000000,2.609027e+07,1.818698e+07,1.239956e+02,1.410286e+06,8.845904e+01,,,,5
2018-04-26 11:03:31.000000,2.609027e+07,1.818660e+07,1.239954e+02,1.410286e+06,8.845903e+01,,,,5
2018-04-26 11:03:32.000000,2.609024e+07,1.818772e+07,1.239961e+02,1.410286e+06,8.845903e+01,,,,5
2018-04-26 11:03:33.000000,2.609025e+07,1.818752e+07,1.239961e+02,1.410286e+06,8.845902e+01,,,,5
2018-04-26 11:03:34.000000,2.609025e+07,1.818876e+07,1.239967e+02,1.410286e+06,8.845902e+01,,,,5
2018-04-26 11:03:35.000000,2.609027e+07,1.818785e+07,1.239963e+02,1.410286e+06,8.845901e+01,,,,5
2018-04-26 11:03:36.000000,2.609027e+07,1.818901e+07,1.239970e+02,1.410286e+06,8.845901e+01,,,,5
2018-04-26 11:03:37.000000,2.609024e+07,1.818710e+07,1.239958e+02,1.410286e+06,8.845900e+01,,,,5
2018-04-26 11:03:38.000000,2.609025e+07,1.818802e+07,1.239962e+02,1.410286e+06,8.845899e+01,,,,5
2018-04-26 11:03:39.000000,2.609025e+07,1.818691e+07,1.239956e+02,1.410286e+06,8.845899e+01,,,,5
2018-04-26 11:03:40.000000,2.609027e+07,1.818768e+07,1.239960e+02,1.410286e+06,8.845898e+01,,,,5
2018-04-26 11:03:41.000000,2.609027e+07,1.818664e+07,1.239954e+02,1.410286e+06,8.845898e+01,,,,5
2018-04-26 11:03:42.000000,2.609026e+07,1.818818e+07,1.239963e+02,1.410286e+06,8.845897e+01,,,,5
2018-04-26 11:03:43.000000,2.609025e+07,1.818754e+07,1.239960e+02,1.410286e+06,8.845897e+01,,,,5
2018-04-26 11:03:44.000000,2.609025e+07,1.818752e+07,1.239961e+02,1.410286e+06,8.845896e+01,,,,5
2018-04-26 11:03:45.000000,2.609025e+07,1.818780e+07,1.239962e+02,1.410286e+06,8.845896e+01,,,,5
2018-04-26 11:03:46.000000,2.609027e+07,1.818783e+07,1.239963e+02,1.410286e+06,8.845895e+01,,,,5
2018-04-26 11:03:47.000000,2.609026e+07,1.818810e+07,1.239964e+02,1.410286e+06,8.845894e+01,,,,5
2018-04-26 11:03:48.000000,2.609027e+07,1.818776e+07,1.239963e+02,1.410286e+06,8.845894e+01,,,,5
2018-04-26 11:03:49.000000,2.609025e+07,1.818811e+07,1.239963e+02,1.410286e+06,8.845893e+01,,,,5
2018-04-26 11:03:50.000000,2.609025e+07,1.818688e+07,1.239956e+02,1.410286e+06,8.845893e+01,,,,5
2018-04-26 11:03:51.000000,2.609026e+07,1.818773e+07,1.239960e+02,1.410286e+06,8.845892e+01,,,,5
2018-04-26 11:03:52.000000,2.609027e+07,1.818662e+07,1.239955e+02,1.410286e+06,8.845892e+01,,,,5
2018-04-26 11:03:53.000000,2.609027e+07,1.818830e+07,1.239964e+02,1.410286e+06,8.845891e+01,,,,5
2018-04-26 11:03:54.000000,2.609025e+07,1.818756e+07,1.239960e+02,1.410286e+06,8.845890e+01,,,,5
2018-04-26 11:03:55.000000,2.609025e+07,1.818912e+07,1.239969e+02,1.410286e+06,8.845890e+01,,,,5
2018-04-26 11:03:56.000000,2.609024e+07,1.818785e+07,1.239962e+02,1.410286e+06,8.845889e+01,,,,5
2018-04-26 11:03:57.000000,2.609027e+07,1.818941e+07,1.239971e+02,1.410286e+06,8.845889e+01,,,,5
2018-04-26 11:03:58.000000,2.609027e+07,1.818823e+07,1.239965e+02,1.410286e+06,8.845888e+01,,,,5
2018-04-26 11:03:59.000000,2.609027e+07,1.818777e+07,1.239963e+02,1.410286e+06,8.845888e+01,,,,5
2018-04-26 11:04:00.000000,2.609025e+07,1.818726e+07,1.239958e+02,1.410286e+06,8.845887e+01,,,,5
2018-04-26 11:04:01.000000,2.609024e+07,1.818687e+07,1.239956e+02,1.410286e+06,8.845886e+01,,,,5
2018-04-26 11:04:02.000000,2.609025e+07,1.818812e+07,1.239963e+02,1.410286e+06,8.845886e+01,,,,5
2018-04-26 11:04:03.000000,2.609027e+07,1.818665e+07,1.239955e+02,1.410286e+06,8.845885e+01,,,,5
2018-04-26 11:04:04.000000,2.609027e+07,1.818772e+07,1.239960e+02,1.410286e+06,8.845885e+01,,,,5
2018-04-26 11:04:05.000000,2.609025e+07,1.818748e+07,1.239960e+02,1.410286e+06,8.845884e+01,,,,5
2018-04-26 11:04:06.000000,2.609024e+07,1.818860e+07,1.239966e+02,1.410286e+06,8.845884e+01,,,,5
2018-04-26 11:04:07.000000,2.609025e+07,1.818751e+07,1.239960e+02,1.410286e+06,8.845883e+01,,,,5
2018-04-26 11:04:08.000000,2.609027e+07,1.818938e+07,1.239972e+02,1.410286e+06,8.845883e+01,,,,5
2018-04-26 11:04:09.000000,2.609027e+07,1.818791e+07,1.239964e+02,1.410286e+06,8.845882e+01,,,,5
2018-04-26 11:04:10.000000,2.609027e+07,1.818783e+07,1.239963e+02,1.410286e+06,8.845881e+01,,,,5
2018-04-26 11:04:11.000000,2.609025e+07,1.818694e+07,1.239957e+02,1.410286e+06,8.845881e+01,,,,5
2018-04-26 11:04:12.000000,2.609025e+07,1.818692e+07,1.239957e+02,1.410286e+06,8.845880e+01,,,,5
2018-04-26 11:04:13.000000,2.609025e+07,1.818813e+07,1.239963e+02,1.410286e+06,8.845880e+01,,,,5
2018-04-26 11:04:14.000000,2.609027e+07,1.818672e+07,1.239955e+02,1.410286e+06,8.845879e+01,,,,5
2018-04-26 11:04:15.000000,2.609026e+07,1.818777e+07,1.239961e+02,1.410286e+06,8.845879e+01,,,,5
2018-04-26 11:04:16.000000,2.609026e+07,1.818651e+07,1.239954e+02,1.410286e+06,8.845878e+01,,,,5
2018-04-26 11:04:17.000000,2.609025e+07,1.818860e+07,1.239966e+02,1.410286e+06,8.845877e+01,,,,5
2018-04-26 11:04:18.000000,2.609025e+07,1.818752e+07,1.239960e+02,1.410286e+06,8.845877e+01,,,,5
2018-04-26 11:04:19.000000,2.609027e+07,1.818888e+07,1.239969e+02,1.410286e+06,8.845876e+01,,,,5
2018-04-26 11:04:20.000000,2.609026e+07,1.818788e+07,1.239964e+02,1.410286e+06,8.845876e+01,,,,5
2018-04-26 11:04:21.000000,2.609027e+07,1.818951e+07,1.239972e+02,1.410286e+06,8.845875e+01,,,,5
2018-04-26 11:04:22.000000,2.609025e+07,1.818715e+07,1.239958e+02,1.410286e+06,8.845875e+01,,,,5
2018-04-26 11:04:23.000000,2.609025e+07,1.818842e+07,1.239964e+02,1.410286e+06,8.845874e+01,,,,5
2018-04-26 11:04:24.000000,2.609025e+07,1.818724e+07,1.239958e+02,1.410286e+06,8.845874e+01,,,,5
2018-04-26 11:04:25.000000,2.609026e+07,1.818812e+07,1.239963e+02,1.410286e+06,8.845873e+01,,,,5
2018-04-26 11:04:26.000000,2.609027e+07,1.818697e+07,1.239956e+02,1.410286e+06,8.845872e+01,,,,5
2018-04-26 11:04:27.000000,2.609027e+07,1.818653e+07,1.239954e+02,1.410286e+06,8.845872e+01,,,,5
2018-04-26 11:04:28.000000,2.609025e+07,1.818770e+07,1.239961e+02,1.410286e+06,8.845871e+01,,,,5
2018-04-26 11:04:29.000000,2.609025e+07,1.818746e+07,1.239960e+02,1.410286e+06,8.845871e+01,,,,5
2018-04-26 11:04:30.000000,2.609024e+07,1.818869e+07,1.239967e+02,1.410286e+06,8.845870e+01,,,,5
2018-04-26 11:04:31.000000,2.609027e+07,1.818783e+07,1.239963e+02,1.410286e+06,8.845870e+01,,,,5
2018-04-26 11:04:32.000000,2.609027e+07,1.818952e+07,1.239972e+02,1.410286e+06,8.845869e+01,,,,5
2018-04-26 11:04:33.000000,2.609025e+07,1.818711e+07,1.239958e+02,1.410286e+06,8.845868e+01,,,,5
2018-04-26 11:04:34.000000,2.609025e+07,1.818854e+07,1.239965e+02,1.410286e+06,8.845868e+01,,,,5
2018-04-26 11:04:35.000000,2.609025e+07,1.818691e+07,1.239956e+02,1.410286e+06,8.845867e+01,,,,5
2018-04-26 11:04:36.000000,2.609027e+07,1.818821e+07,1.239963e+02,1.410286e+06,8.845867e+01,,,,5
2018-04-26 11:04:37.000000,2.609027e+07,1.818698e+07,1.239957e+02,1.410286e+06,8.845866e+01,,,,5
2018-04-26 11:04:38.000000,2.609027e+07,1.818660e+07,1.239954e+02,1.410286e+06,8.845866e+01,,,,5
2018-04-26 11:04:39.000000,2.609024e+07,1.818771e+07,1.239961e+02,1.410285e+06,8.845865e+01,,,,5
2018-04-26 11:04:40.000000,2.609025e+07,1.818752e+07,1.239961e+02,1.410285e+06,8.845865e+01,,,,5
2018-04-26 11:04:41.000000,2.609025e+07,1.818876e+07,1.239967e+02,1.410285e+06,8.845864e+01,,,,5
2018-04-26 11:04:42.000000,2.609027e+07,1.818784e+07,1.239963e+02,1.410285e+06,8.845863e+01,,,,5
2018-04-26 11:04:43.000000,2.609027e+07,1.818899e+07,1.239970e+02,1.410285e+06,8.845863e+01,,,,5
2018-04-26 11:04:44.000000,2.609026e+07,1.818779e+07,1.239963e+02,1.410285e+06,8.845862e+01,,,,5
2018-04-26 11:04:45.000000,2.609025e+07,1.818810e+07,1.239963e+02,1.410285e+06,8.845862e+01,,,,5
2018-04-26 11:04:46.000000,2.609025e+07,1.818692e+07,1.239956e+02,1.410285e+06,8.845861e+01,,,,5
2018-04-26 11:04:47.000000,2.609027e+07,1.818768e+07,1.239960e+02,1.410285e+06,8.845861e+01,,,,5
2018-04-26 11:04:48.000000,2.609027e+07,1.818664e+07,1.239954e+02,1.410285e+06,8.845860e+01,,,,5
2018-04-26 11:04:49.000000,2.609026e+07,1.818816e+07,1.239963e+02,1.410285e+06,8.845860e+01,,,,5
2018-04-26 11:04:50.000000,2.609025e+07,1.818754e+07,1.239960e+02,1.410285e+06,8.845859e+01,,,,5
2018-04-26 11:04:51.000000,2.609025e+07,1.818752e+07,1.239961e+02,1.410285e+06,8.845858e+01,,,,5
2018-04-26 11:04:52.000000,2.609025e+07,1.818780e+07,1.239962e+02,1.410285e+06,8.845858e+01,,,,5
2018-04-26 11:04:53.000000,2.609026e+07,1.818783e+07,1.239963e+02,1.410285e+06,8.845857e+01,,,,5
2018-04-26 11:04:54.000000,2.609026e+07,1.818810e+07,1.239964e+02,1.410285e+06,8.845857e+01,,,,5
2018-04-26 11:04:55.000000,2.609027e+07,1.818776e+07,1.239963e+02,1.410285e+06,8.845856e+01,,,,5
2018-04-26 11:04:56.000000,2.609025e+07,1.818811e+07,1.239963e+02,1.410285e+06,8.845856e+01,,,,5
2018-04-26 11:04:57.000000,2.609025e+07,1.818688e+07,1.239956e+02,1.410285e+06,8.845855e+01,,,,5
2018-04-26 11:04:58.000000,2.609025e+07,1.818867e+07,1.239966e+02,1.410285e+06,8.845855e+01,,,,5
2018-04-26 11:04:59.000000,2.609026e+07,1.818667e+07,1.239955e+02,1.410285e+06,8.845854e+01,,,,5
2018-04-26 11:05:00.000000,2.609027e+07,1.818828e+07,1.239964e+02,1.410285e+06,8.845853e+01,,,,5
2018-04-26 11:05:01.000000,2.609025e+07,1.818756e+07,1.239960e+02,1.410285e+06,8.845853e+01,,,,5
2018-04-26 11:05:02.000000,2.609025e+07,1.818912e+07,1.239969e+02,1.410285e+06,8.845852e+01,,,,5
2018-04-26 11:05:03.000000,2.609024e+07,1.818786e+07,1.239962e+02,1.410285e+06,8.845852e+01,,,,5
2018-04-26 11:05:04.000000,2.609027e+07,1.818941e+07,1.239971e+02,1.410285e+06,8.845851e+01,,,,5
2018-04-26 11:05:05.000000,2.609027e+07,1.818823e+07,1.239965e+02,1.410285e+06,8.845851e+01,,,,5
2018-04-26 11:05:06.000000,2.609027e+07,1.818777e+07,1.239963e+02,1.410285e+06,8.845850e+01,,,,5
2018-04-26 11:05:07.000000,2.609025e+07,1.818726e+07,1.239958e+02,1.410285e+06,8.845850e+01,,,,5
2018-04-26 11:05:08.000000,2.609024e+07,1.818687e+07,1.239956e+02,1.410285e+06,8.845849e+01,,,,5
2018-04-26 11:05:09.000000,2.609025e+07,1.818812e+07,1.239963e+02,1.410285e+06,8.845848e+01,,,,5
2018-04-26 11:05:10.000000,2.609027e+07,1.818666e+07,1.239955e+02,1.410285e+06,8.845848e+01,,,,5
2018-04-26 11:05:11.000000,2.609027e+07,1.818772e+07,1.239960e+02,1.410285e+06,8.845847e+01,,,,5
2018-04-26 11:05:12.000000,2.609025e+07,1.818748e+07,1.239960e+02,1.410285e+06,8.845847e+01,,,,5
2018-04-26 11:05:13.000000,2.609024e+07,1.818859e+07,1.239966e+02,1.410285e+06,8.845846e+01,,,,5
2018-04-26 11:05:14.000000,2.609025e+07,1.818751e+07,1.239960e+02,1.410285e+06,8.845846e+01,,,,5
2018-04-26 11:05:15.000000,2.609027e+07,1.818938e+07,1.239971e+02,1.410285e+06,8.845845e+01,,,,5
2018-04-26 11:05:16.000000,2.609027e+07,1.818791e+07,1.239964e+02,1.410285e+06,8.845845e+01,,,,5
2018-04-26 11:05:17.000000,2.609026e+07,1.818783e+07,1.239963e+02,1.410285e+06,8.845844e+01,,,,5
2018-04-26 11:05:18.000000,2.609025e+07,1.818694e+07,1.239957e+02,1.410285e+06,8.845843e+01,,,,5
2018-04-26 11:05:19.000000,2.609025e+07,1.818692e+07,1.239957e+02,1.410285e+06,8.845843e+01,,,,5
2018-04-26 11:05:20.000000,2.609025e+07,1.818811e+07,1.239963e+02,1.410285e+06,8.845842e+01,,,,5
2018-04-26 11:05:21.000000,2.609027e+07,1.818672e+07,1.239955e+02,1.410285e+06,8.845842e+01,,,,5
2018-04-26 11:05:22.000000,2.609026e+07,1.818777e+07,1.239961e+02,1.410285e+06,8.845841e+01,,,,5
2018-04-26 11:05:23.000000,2.609026e+07,1.818652e+07,1.239954e+02,1.410285e+06,8.845841e+01,,,,5
2018-04-26 11:05:24.000000,2.609025e+07,1.818860e+07,1.239966e+02,1.410285e+06,8.845840e+01,,,,5
2018-04-26 11:05:25.000000,2.609025e+07,1.818752e+07,1.239960e+02,1.410285e+06,8.845840e+01,,,,5
2018-04-26 11:05:26.000000,2.609027e+07,1.818888e+07,1.239968e+02,1.410285e+06,8.845839e+01,,,,5
2018-04-26 11:05:27.000000,2.609026e+07,1.818790e+07,1.239964e+02,1.410285e+06,8.845838e+01,,,,5
2018-04-26 11:05:28.000000,2.609027e+07,1.818951e+07,1.239972e+02,1.410285e+06,8.845838e+01,,,,5
2018-04-26 11:05:29.000000,2.609025e+07,1.818715e+07,1.239958e+02,1.410285e+06,8.845837e+01,,,,5
2018-04-26 11:05:30.000000,2.609025e+07,1.818840e+07,1.239964e+02,1.410285e+06,8.845837e+01,,,,5
2018-04-26 11:05:31.000000,2.609025e+07,1.818724e+07,1.239958e+02,1.410285e+06,8.845836e+01,,,,5
2018-04-26 11:05:32.000000,2.609026e+07,1.818812e+07,1.239963e+02,1.410285e+06,8.845836e+01,,,,5
2018-04-26 11:05:33.000000,2.609027e+07,1.818697e+07,1.239956e+02,1.410285e+06,8.845835e+01,,,,5
2018-04-26 11:05:34.000000,2.609027e+07,1.818654e+07,1.239954e+02,1.410285e+06,8.845835e+01,,,,5
2018-04-26 11:05:35.000000,2.609025e+07,1.818770e+07,1.239961e+02,1.410285e+06,8.845834e+01,,,,5
2018-04-26 11:05:36.000000,2.609025e+07,1.818746e+07,1.239960e+02,1.410285e+06,8.845833e+01,,,,5
2018-04-26 11:05:37.000000,2.609024e+07,1.818868e+07,1.239967e+02,1.410285e+06,8.845833e+01,,,,5
2018-04-26 11:05:38.000000,2.609027e+07,1.818783e+07,1.239963e+02,1.410285e+06,8.845832e+01,,,,5
2018-04-26 11:05:39.000000,2.609027e+07,1.818952e+07,1.239972e+02,1.410285e+06,8.845832e+01,,,,5
2018-04-26 11:05:40.000000,2.609025e+07,1.818713e+07,1.239958e+02,1.410285e+06,8.845831e+01,,,,5
2018-04-26 11:05:41.000000,2.609025e+07,1.818853e+07,1.239965e+02,1.410285e+06,8.845831e+01,,,,5
2018-04-26 11:05:42.000000,2.609024e+07,1.818690e+07,1.239956e+02,1.410285e+06,8.845830e+01,,,,5
2018-04-26 11:05:43.000000,2.609027e+07,1.818821e+07,1.239962e+02,1.410285e+06,8.845830e+01,,,,5
2018-04-26 11:05:44.000000,2.609026e+07,1.818700e+07,1.239956e+02,1.410285e+06,8.845829e+01,,,,5
2018-04-26 11:05:45.000000,2.609027e+07,1.818659e+07,1.239954e+02,1.410285e+06,8.845829e+01,,,,5
2018-04-26 11:05:46.000000,2.609024e+07,1.818771e+07,1.239961e+02,1.410285e+06,8.845828e+01,,,,5
2018-04-26 11:05:47.000000,2.609025e+07,1.818752e+07,1.239961e+02,1.410285e+06,8.845827e+01,,,,5
2018-04-26 11:05:48.000000,2.609025e+07,1.818876e+07,1.239967e+02,1.410285e+06,8.845827e+01,,,,5
2018-04-26 11:05:49.000000,2.609026e+07,1.818784e+07,1.239963e+02,1.410285e+06,8.845826e+01,,,,5
2018-04-26 11:05:50.000000,2.609027e+07,1.818899e+07,1.239969e+02,1.410285e+06,8.845826e+01,,,,5
2018-04-26 11:05:51.000000,2.609026e+07,1.818780e+07,1.239963e+02,1.410285e+06,8.845825e+01,,,,5
2018-04-26 11:05:52.000000,2.609025e+07,1.818810e+07,1.239963e+02,1.410285e+06,8.845825e+01,,,,5
2018-04-26 11:05:53.000000,2.609025e+07,1.818692e+07,1.239956e+02,1.410285e+06,8.845824e+01,,,,5
2018-04-26 11:05:54.000000,2.609027e+07,1.818767e+07,1.239960e+02,1.410285e+06,8.845824e+01,,,,5
2018-04-26 11:05:55.000000,2.609027e+07,1.818664e+07,1.239954e+02,1.410285e+06,8.845823e+01,,,,5
2018-04-26 11:05:56.000000,2.609026e+07,1.818816e+07,1.239962e+02,1.410285e+06,8.845822e+01,,,,5
2018-04-26 11:05:57.000000,2.609025e+07,1.818755e+07,1.239960e+02,1.410285e+06,8.845822e+01,,,,5
2018-04-26 11:05:58.000000,2.609025e+07,1.818752e+07,1.239961e+02,1.410285e+06,8.845821e+01,,,,5
2018-04-26 11:05:59.000000,2.609025e+07,1.818780e+07,1.239962e+02,1.410285e+06,8.845821e+01,,,,5
2018-04-26 11:06:00.000000,2.609026e+07,1.818783e+07,1.239963e+02,1.410285e+06,8.845820e+01,,,,5
2018-04-26 11:06:01.000000,2.609026e+07,1.818809e+07,1.239964e+02,1.410285e+06,8.845820e+01,,,,5
2018-04-26 11:06:02.000000,2.609027e+07,1.818776e+07,1.239963e+02,1.410285e+06,8.845819e+01,,,,5
2018-04-26 11:06:03.000000,2.609025e+07,1.818811e+07,1.239963e+02,1.410285e+06,8.845819e+01,,,,5
2018-04-26 11:06:04.000000,2.609025e+07,1.818689e+07,1.239956e+02,1.410285e+06,8.845818e+01,,,,5
2018-04-26 11:06:05.000000,2.609025e+07,1.818866e+07,1.239966e+02,1.410285e+06,8.845818e+01,,,,5
2018-04-26 11:06:06.000000,2.609026e+07,1.818667e+07,1.239955e+02,1.410285e+06,8.845817e+01,,,,5
2018-04-26 11:06:07.000000,2.609027e+07,1.818828e+07,1.239963e+02,1.410285e+06,8.845816e+01,,,,5
2018-04-26 11:06:08.000000,2.609025e+07,1.818756e+07,1.239960e+02,1.410285e+06,8.845816e+01,,,,5
2018-04-26 11:06:09.000000,2.609025e+07,1.818912e+07,1.239969e+02,1.410285e+06,8.845815e+01,,,,5
2018-04-26 11:06:10.000000,2.609024e+07,1.818786e+07,1.239962e+02,1.410285e+06,8.845815e+01,,,,5
2018-04-26 11:06:11.000000,2.609027e+07,1.818939e+07,1.239971e+02,1.410285e+06,8.845814e+01,,,,5
2018-04-26 11:06:12.000000,2.609027e+07,1.818823e+07,1.239965e+02,1.410285e+06,8.845814e+01,,,,5
2018-04-26 11:06:13.000000,2.609026e+07,1.818777e+07,1.239963e+02,1.410285e+06,8.845813e+01,,,,5
2018-04-26 11:06:14.000000,2.609025e+07,1.818725e+07,1.239958e+02,1.410285e+06,8.845813e+01,,,,5
2018-04-26 11:06:15.000000,2.609024e+07,1.818686e+07,1.239956e+02,1.410285e+06,8.845812e+01,,,,5
2018-04-26 11:06:16.000000,2.609025e+07,1.818812e+07,1.239963e+02,1.410285e+06,8.845812e+01,,,,5
2018-04-26 11:06:17.000000,2.609027e+07,1.818666e+07,1.239955e+02,1.410285e+06,8.845811e+01,,,,5
2018-04-26 11:06:18.000000,2.609027e+07,1.818771e+07,1.239960e+02,1.410285e+06,8.845810e+01,,,,5
2018-04-26 11:06:19.000000,2.609027e+07,1.818655e+07,1.239954e+02,1.410285e+06,8.845810e+01,,,,5
2018-04-26 11:06:20.000000,2.609024e+07,1.818853e+07,1.239966e+02,1.410285e+06,8.845809e+01,,,,5
2018-04-26 11:06:21.000000,2.609025e+07,1.818752e+07,1.239960e+02,1.410285e+06,8.845809e+01,,,,5
2018-04-26 11:06:22.000000,2.609026e+07,1.818938e+07,1.239971e+02,1.410285e+06,8.845808e+01,,,,5
2018-04-26 11:06:23.000000,2.609027e+07,1.818791e+07,1.239963e+02,1.410285e+06,8.845808e+01,,,,5
2018-04-26 11:06:24.000000,2.609026e+07,1.818783e+07,1.239963e+02,1.410285e+06,8.845807e+01,,,,5
2018-04-26 11:06:25.000000,2.609024e+07,1.818693e+07,1.239957e+02,1.410285e+06,8.845807e+01,,,,5
2018-04-26 11:06:26.000000,2.609025e+07,1.818692e+07,1.239957e+02,1.410285e+06,8.845806e+01,,,,5
2018-04-26 11:06:27.000000,2.609025e+07,1.818811e+07,1.239963e+02,1.410285e+06,8.845806e+01,,,,5
2018-04-26 11:06:28.000000,2.609027e+07,1.818672e+07,1.239955e+02,1.410285e+06,8.845805e+01,,,,5
2018-04-26 11:06:29.000000,2.609026e+07,1.818777e+07,1.239960e+02,1.410285e+06,8.845804e+01,,,,5
2018-04-26 11:06:30.000000,2.609026e+07,1.818652e+07,1.239953e+02,1.410285e+06,8.845804e+01,,,,5
2018-04-26 11:06:31.000000,2.609025e+07,1.818858e+07,1.239966e+02,1.410285e+06,8.845803e+01,,,,5
2018-04-26 11:06:32.000000,2.609025e+07,1.818752e+07,1.239960e+02,1.410285e+06,8.845803e+01,,,,5
2018-04-26 11:06:33.000000,2.609025e+07,1.818925e+07,1.239970e+02,1.410285e+06,8.845802e+01,,,,5
2018-04-26 11:06:34.000000,2.609026e+07,1.818790e+07,1.239964e+02,1.410285e+06,8.845802e+01,,,,5
2018-04-26 11:06:35.000000,2.609027e+07,1.818950e+07,1.239972e+02,1.410285e+06,8.845801e+01,,,,5
2018-04-26 11:06:36.000000,2.609025e+07,1.818715e+07,1.239958e+02,1.410285e+06,8.845801e+01,,,,5
2018-04-26 11:06:37.000000,2.609025e+07,1.818840e+07,1.239964e+02,1.410285e+06,8.845800e+01,,,,5
2018-04-26 11:06:38.000000,2.609025e+07,1.818724e+07,1.239958e+02,1.410285e+06,8.845800e+01,,,,5
2018-04-26 11:06:39.000000,2.609026e+07,1.818812e+07,1.239962e+02,1.410285e+06,8.845799e+01,,,,5
2018-04-26 11:06:40.000000,2.609027e+07,1.818697e+07,1.239955e+02,1.410285e+06,8.845798e+01,,,,5
2018-04-26 11:06:41.000000,2.609027e+07,1.818654e+07,1.239954e+02,1.410285e+06,8.845798e+01,,,,5
2018-04-26 11:06:42.000000,2.609025e+07,1.818770e+07,1.239961e+02,1.410285e+06,8.845797e+01,,,,5
2018-04-26 11:06:43.000000,2.609025e+07,1.818746e+07,1.239960e+02,1.410285e+06,8.845797e+01,,,,5
2018-04-26 11:06:44.000000,2.609024e+07,1.818868e+07,1.239966e+02,1.410285e+06,8.845796e+01,,,,5
2018-04-26 11:06:45.000000,2.609027e+07,1.818784e+07,1.239962e+02,1.410285e+06,8.845796e+01,,,,5
2018-04-26 11:06:46.000000,2.609026e+07,1.818952e+07,1.239972e+02,1.410285e+06,8.845795e+01,,,,5
2018-04-26 11:06:47.000000,2.609027e+07,1.818778e+07,1.239962e+02,1.410285e+06,8.845795e+01,,,,5
2018-04-26 11:06:48.000000,2.609024e+07,1.818859e+07,1.239966e+02,1.410285e+06,8.845794e+01,,,,5
2018-04-26 11:06:49.000000,2.609024e+07,1.818690e+07,1.239956e+02,1.410285e+06,8.845794e+01,,,,5
2018-04-26 11:06:50.000000,2.609027e+07,1.818821e+07,1.239962e+02,1.410285e+06,8.845793e+01,,,,5
2018-04-26 11:06:51.000000,2.609026e+07,1.818700e+07,1.239956e+02,1.410285e+06,8.845792e+01,,,,5
2018-04-26 11:06:52.000000,2.609027e+07,1.818659e+07,1.239954e+02,1.410285e+06,8.845792e+01,,,,5
2018-04-26 11:06:53.000000,2.609024e+07,1.818770e+07,1.239961e+02,1.410285e+06,8.845791e+01,,,,5
2018-04-26 11:06:54.000000,2.609025e+07,1.818752e+07,1.239960e+02,1.410285e+06,8.845791e+01,,,,5
2018-04-26 11:06:55.000000,2.609025e+07,1.818874e+07,1.239967e+02,1.410285e+06,8.845790e+01,,,,5
2018-04-26 11:06:56.000000,2.609026e+07,1.818784e+07,1.239962e+02,1.410285e+06,8.845790e+01,,,,5
2018-04-26 11:06:57.000000,2.609027e+07,1.818899e+07,1.239969e+02,1.410285e+06,8.845789e+01,,,,5
2018-04-26 11:06:58.000000,2.609026e+07,1.818780e+07,1.239962e+02,1.410285e+06,8.845789e+01,,,,5
2018-04-26 11:06:59.000000,2.609025e+07,1.818810e+07,1.239963e+02,1.410285e+06,8.845788e+01,,,,5
2018-04-26 11:07:00.000000,2.609025e+07,1.818692e+07,1.239956e+02,1.410285e+06,8.845788e+01,,,,5
2018-04-26 11:07:01.000000,2.609027e+07,1.818767e+07,1.239960e+02,1.410285e+06,8.845787e+01,,,,5
2018-04-26 11:07:02.000000,2.609027e+07,1.818665e+07,1.239955e+02,1.410285e+06,8.845787e+01,,,,5
2018-04-26 11:07:03.000000,2.609026e+07,1.818816e+07,1.239962e+02,1.410285e+06,8.845786e+01,,,,5
2018-04-26 11:07:04.000000,2.609025e+07,1.818755e+07,1.239960e+02,1.410285e+06,8.845785e+01,,,,5
2018-04-26 11:07:05.000000,2.609025e+07,1.818752e+07,1.239961e+02,1.410285e+06,8.845785e+01,,,,5
2018-04-26 11:07:06.000000,2.609025e+07,1.818780e+07,1.239962e+02,1.410285e+06,8.845784e+01,,,,5
2018-04-26 11:07:07.000000,2.609026e+07,1.818783e+07,1.239963e+02,1.410285e+06,8.845784e+01,,,,5
2018-04-26 11:07:08.000000,2.609026e+07,1.818809e+07,1.239964e+02,1.410285e+06,8.845783e+01,,,,5
2018-04-26 11:07:09.000000,2.609027e+07,1.818777e+07,1.239962e+02,1.410285e+06,8.845783e+01,,,,5
2018-04-26 11:07:10.000000,2.609025e+07,1.818726e+07,1.239958e+02,1.410285e+06,8.845782e+01,,,,5
2018-04-26 11:07:11.000000,2.609025e+07,1.818687e+07,1.239956e+02,1.410285e+06,8.845782e+01,,,,5
2018-04-26 11:07:12.000000,2.609025e+07,1.818812e+07,1.239963e+02,1.410285e+06,8.845781e+01,,,,5
2018-04-26 11:07:13.000000,2.609027e+07,1.818665e+07,1.239955e+02,1.410285e+06,8.845781e+01,,,,5
2018-04-26 11:07:14.000000,2.609027e+07,1.818772e+07,1.239960e+02,1.410285e+06,8.845780e+01,,,,5
2018-04-26 11:07:15.000000,2.609025e+07,1.818748e+07,1.239960e+02,1.410285e+06,8.845779e+01,,,,5
2018-04-26 11:07:16.000000,2.609024e+07,1.818860e+07,1.239966e+02,1.410285e+06,8.845779e+01,,,,5
2018-04-26 11:07:17.000000,2.609025e+07,1.818751e+07,1.239960e+02,1.410284e+06,8.845778e+01,,,,5
2018-04-26 11:07:18.000000,2.609027e+07,1.818938e+07,1.239971e+02,1.410284e+06,8.845778e+01,,,,5
2018-04-26 11:07:19.000000,2.609027e+07,1.818791e+07,1.239963e+02,1.410284e+06,8.845777e+01,,,,5
2018-04-26 11:07:20.000000,2.609027e+07,1.818783e+07,1.239963e+02,1.410284e+06,8.845777e+01,,,,5
2018-04-26 11:07:21.000000,2.609025e+07,1.818694e+07,1.239957e+02,1.410284e+06,8.845776e+01,,,,5
2018-04-26 11:07:22.000000,2.609025e+07,1.818692e+07,1.239956e+02,1.410284e+06,8.845776e+01,,,,5
2018-04-26 11:07:23.000000,2.609025e+07,1.818813e+07,1.239963e+02,1.410284e+06,8.845775e+01,,,,5
2018-04-26 11:07:24.000000,2.609027e+07,1.818672e+07,1.239955e+02,1.410284e+06,8.845775e+01,,,,5
2018-04-26 11:07:25.000000,2.609026e+07,1.818777e+07,1.239960e+02,1.410284e+06,8.845774e+01,,,,5
2018-04-26 11:07:26.000000,2.609026e+07,1.818652e+07,1.239953e+02,1.410284e+06,8.845774e+01,,,,5
2018-04-26 11:07:27.000000,2.609025e+07,1.818860e+07,1.239966e+02,1.410284e+06,8.845773e+01,,,,5
2018-04-26 11:07:28.000000,2.609025e+07,1.818752e+07,1.239960e+02,1.410284e+06,8.845773e+01,,,,5
2018-04-26 11:07:29.000000,2.609027e+07,1.818888e+07,1.239968e+02,1.410284e+06,8.845772e+01,,,,5
2018-04-26 11:07:30.000000,2.609026e+07,1.818788e+07,1.239963e+02,1.410284e+06,8.845771e+01,,,,5
2018-04-26 11:07:31.000000,2.609027e+07,1.818951e+07,1.239972e+02,1.410284e+06,8.845771e+01,,,,5
2018-04-26 11:07:32.000000,2.609025e+07,1.818715e+07,1.239958e+02,1.410284e+06,8.845770e+01,,,,5
2018-04-26 11:07:33.000000,2.609025e+07,1.818842e+07,1.239964e+02,1.410284e+06,8.845770e+01,,,,5
2018-04-26 11:07:34.000000,2.609025e+07,1.818724e+07,1.239958e+02,1.410284e+06,8.845769e+01,,,,5
2018-04-26 11:07:35.000000,2.609026e+07,1.818812e+07,1.239962e+02,1.410284e+06,8.845769e+01,,,,5
2018-04-26 11:07:36.000000,2.609027e+07,1.818697e+07,1.239955e+02,1.410284e+06,8.845768e+01,,,,5
2018-04-26 11:07:37.000000,2.609027e+07,1.818653e+07,1.239953e+02,1.410284e+06,8.845768e+01,,,,5
2018-04-26 11:07:38.000000,2.609025e+07,1.818770e+07,1.239961e+02,1.410284e+06,8.845767e+01,,,,5
2018-04-26 11:07:39.000000,2.609025e+07,1.818746e+07,1.239960e+02,1.410284e+06,8.845767e+01,,,,5
2018-04-26 11:07:40.000000,2.609024e+07,1.818869e+07,1.239966e+02,1.410284e+06,8.845766e+01,,,,5
2018-04-26 11:07:41.000000,2.609027e+07,1.818783e+07,1.239962e+02,1.410284e+06,8.845766e+01,,,,5
2018-04-26 11:07:42.000000,2.609027e+07,1.818952e+07,1.239972e+02,1.410284e+06,8.845765e+01,,,,5
2018-04-26 11:07:43.000000,2.609025e+07,1.818713e+07,1.239958e+02,1.410284e+06,8.845764e+01,,,,5
2018-04-26 11:07:44.000000,2.609025e+07,1.818853e+07,1.239965e+02,1.410284e+06,8.845764e+01,,,,5
2018-04-26 11:07:45.000000,2.609025e+07,1.818691e+07,1.239956e+02,1.410284e+06,8.845763e+01,,,,5
2018-04-26 11:07:46.000000,2.609027e+07,1.818821e+07,1.239962e+02,1.410284e+06,8.845763e+01,,,,5
2018-04-26 11:07:47.000000,2.609027e+07,1.818698e+07,1.239956e+02,1.410284e+06,8.845762e+01,,,,5
2018-04-26 11:07:48.000000,2.609027e+07,1.818660e+07,1.239954e+02,1.410284e+06,8.845762e+01,,,,5
2018-04-26 11:07:49.000000,2.609024e+07,1.818771e+07,1.239961e+02,1.410284e+06,8.845761e+01,,,,5
2018-04-26 11:07:50.000000,2.609025e+07,1.818752e+07,1.239960e+02,1.410284e+06,8.845761e+01,,,,5
2018-04-26 11:07:51.000000,2.609025e+07,1.818876e+07,1.239967e+02,1.410284e+06,8.845760e+01,,,,5
2018-04-26 11:07:52.000000,2.609027e+07,1.818784e+07,1.239962e+02,1.410284e+06,8.845760e+01,,,,5
2018-04-26 11:07:53.000000,2.609027e+07,1.818899e+07,1.239969e+02,1.410284e+06,8.845759e+01,,,,5
2018-04-26 11:07:54.000000,2.609026e+07,1.818779e+07,1.239962e+02,1.410284e+06,8.845759e+01,,,,5
2018-04-26 11:07:55.000000,2.609025e+07,1.818810e+07,1.239963e+02,1.410284e+06,8.845758e+01,,,,5
2018-04-26 11:07:56.000000,2.609025e+07,1.818692e+07,1.239956e+02,1.410284e+06,8.845758e+01,,,,5
2018-04-26 11:07:57.000000,2.609027e+07,1.818768e+07,1.239960e+02,1.410284e+06,8.845757e+01,,,,5
2018-04-26 11:07:58.000000,2.609027e+07,1.818664e+07,1.239954e+02,1.410284e+06,8.845756e+01,,,,5
2018-04-26 11:07:59.000000,2.609026e+07,1.818816e+07,1.239962e+02,1.410284e+06,8.845756e+01,,,,5
2018-04-26 11:08:00.000000,2.609025e+07,1.818755e+07,1.239960e+02,1.410284e+06,8.845755e+01,,,,5
2018-04-26 11:08:01.000000,2.609025e+07,1.818752e+07,1.239960e+02,1.410284e+06,8.845755e+01,,,,5
2018-04-26 11:08:02.000000,2.609025e+07,1.818780e+07,1.239962e+02,1.410284e+06,8.845754e+01,,,,5
2018-04-26 11:08:03.000000,2.609027e+07,1.818783e+07,1.239963e+02,1.410284e+06,8.845754e+01,,,,5
2018-04-26 11:08:04.000000,2.609026e+07,1.818810e+07,1.239964e+02,1.410284e+06,8.845753e+01,,,,5
2018-04-26 11:08:05.000000,2.609027e+07,1.818776e+07,1.239962e+02,1.410284e+06,8.845753e+01,,,,5
2018-04-26 11:08:06.000000,2.609025e+07,1.818811e+07,1.239963e+02,1.410284e+06,8.845752e+01,,,,5
2018-04-26 11:08:07.000000,2.609025e+07,1.818688e+07,1.239956e+02,1.410284e+06,8.845752e+01,,,,5
2018-04-26 11:08:08.000000,2.609025e+07,1.818867e+07,1.239966e+02,1.410284e+06,8.845751e+01,,,,5
2018-04-26 11:08:09.000000,2.609026e+07,1.818667e+07,1.239954e+02,1.410284e+06,8.845751e+01,,,,5
2018-04-26 11:08:10.000000,2.609027e+07,1.818828e+07,1.239963e+02,1.410284e+06,8.845750e+01,,,,5
2018-04-26 11:08:11.000000,2.609025e+07,1.818756e+07,1.239960e+02,1.410284e+06,8.845749e+01,,,,5
2018-04-26 11:08:12.000000,2.609025e+07,1.818912e+07,1.239968e+02,1.410284e+06,8.845749e+01,,,,5
2018-04-26 11:08:13.000000,2.609024e+07,1.818786e+07,1.239962e+02,1.410284e+06,8.845748e+01,,,,5
2018-04-26 11:08:14.000000,2.609027e+07,1.818941e+07,1.239971e+02,1.410284e+06,8.845748e+01,,,,5
2018-04-26 11:08:15.000000,2.609027e+07,1.818823e+07,1.239964e+02,1.410284e+06,8.845747e+01,,,,5
2018-04-26 11:08:16.000000,2.609027e+07,1.818777e+07,1.239962e+02,1.410284e+06,8.845747e+01,,,,5
2018-04-26 11:08:17.000000,2.609025e+07,1.818726e+07,1.239958e+02,1.410284e+06,8.845746e+01,,,,5
2018-04-26 11:08:18.000000,2.609024e+07,1.818687e+07,1.239956e+02,1.410284e+06,8.845746e+01,,,,5
2018-04-26 11:08:19.000000,2.609025e+07,1.818812e+07,1.239963e+02,1.410284e+06,8.845745e+01,,,,5
2018-04-26 11:08:20.000000,2.609027e+07,1.818666e+07,1.239954e+02,1.410284e+06,8.845745e+01,,,,5
2018-04-26 11:08:21.000000,2.609027e+07,1.818772e+07,1.239960e+02,1.410284e+06,8.845744e+01,,,,5
2018-04-26 11:08:22.000000,2.609027e+07,1.818655e+07,1.239953e+02,1.410284e+06,8.845744e+01,,,,5
2018-04-26 11:08:23.000000,2.609024e+07,1.818853e+07,1.239965e+02,1.410284e+06,8.845743e+01,,,,5
2018-04-26 11:08:24.000000,2.609025e+07,1.818751e+07,1.239960e+02,1.410284e+06,8.845743e+01,,,,5
2018-04-26 11:08:25.000000,2.609027e+07,1.818938e+07,1.239971e+02,1.410284e+06,8.845742e+01,,,,5
2018-04-26 11:08:26.000000,2.609027e+07,1.818791e+07,1.239963e+02,1.410284e+06,8.845742e+01,,,,5
2018-04-26 11:08:27.000000,2.609026e+07,1.818783e+07,1.239963e+02,1.410284e+06,8.845741e+01,,,,5
2018-04-26 11:08:28.000000,2.609025e+07,1.818693e+07,1.239957e+02,1.410284e+06,8.845740e+01,,,,5
2018-04-26 11:08:29.000000,2.609025e+07,1.818692e+07,1.239956e+02,1.410284e+06,8.845740e+01,,,,5
2018-04-26 11:08:30.000000,2.609025e+07,1.818811e+07,1.239963e+02,1.410284e+06,8.845739e+01,,,,5
2018-04-26 11:08:31.000000,2.609027e+07,1.818672e+07,1.239955e+02,1.410284e+06,8.845739e+01,,,,5
2018-04-26 11:08:32.000000,2.609026e+07,1.818777e+07,1.239960e+02,1.410284e+06,8.845738e+01,,,,5
2018-04-26 11:08:33.000000,2.609026e+07,1.818652e+07,1.239953e+02,1.410284e+06,8.845738e+01,,,,5
2018-04-26 11:08:34.000000,2.609025e+07,1.818858e+07,1.239966e+02,1.410284e+06,8.845737e+01,,,,5
2018-04-26 11:08:35.000000,2.609025e+07,1.818752e+07,1.239960e+02,1.410284e+06,8.845737e+01,,,,5
2018-04-26 11:08:36.000000,2.609027e+07,1.818888e+07,1.239968e+02,1.410284e+06,8.845736e+01,,,,5
2018-04-26 11:08:37.000000,2.609026e+07,1.818790e+07,1.239963e+02,1.410284e+06,8.845736e+01,,,,5
2018-04-26 11:08:38.000000,2.609027e+07,1.818951e+07,1.239972e+02,1.410284e+06,8.845735e+01,,,,5
2018-04-26 11:08:39.000000,2.609025e+07,1.818715e+07,1.239958e+02,1.410284e+06,8.845735e+01,,,,5
2018-04-26 11:08:40.000000,2.609025e+07,1.818840e+07,1.239964e+02,1.410284e+06,8.845734e+01,,,,5
2018-04-26 11:08:41.000000,2.609025e+07,1.818724e+07,1.239958e+02,1.410284e+06,8.845734e+01,,,,5
2018-04-26 11:08:42.000000,2.609026e+07,1.818812e+07,1.239962e+02,1.410284e+06,8.845733e+01,,,,5
2018-04-26 11:08:43.000000,2.609027e+07,1.818697e+07,1.239955e+02,1.410284e+06,8.845733e+01,,,,5
2018-04-26 11:08:44.000000,2.609027e+07,1.818654e+07,1.239953e+02,1.410284e+06,8.845732e+01,,,,5
2018-04-26 11:08:45.000000,2.609025e+07,1.818770e+07,1.239961e+02,1.410284e+06,8.845732e+01,,,,5
2018-04-26 11:08:46.000000,2.609025e+07,1.818746e+07,1.239960e+02,1.410284e+06,8.845731e+01,,,,5
2018-04-26 11:08:47.000000,2.609024e+07,1.818868e+07,1.239966e+02,1.410284e+06,8.845730e+01,,,,5
2018-04-26 11:08:48.000000,2.609027e+07,1.818783e+07,1.239962e+02,1.410284e+06,8.845730e+01,,,,5
2018-04-26 11:08:49.000000,2.609027e+07,1.818952e+07,1.239972e+02,1.410284e+06,8.845729e+01,,,,5
2018-04-26 11:08:50.000000,2.609025e+07,1.818713e+07,1.239958e+02,1.410284e+06,8.845729e+01,,,,5
2018-04-26 11:08:51.000000,2.609025e+07,1.818852e+07,1.239964e+02,1.410284e+06,8.845728e+01,,,,5
2018-04-26 11:08:52.000000,2.609025e+07,1.818690e+07,1.239956e+02,1.410284e+06,8.845728e+01,,,,5
2018-04-26 11:08:53.000000,2.609027e+07,1.818821e+07,1.239962e+02,1.410284e+06,8.845727e+01,,,,5
2018-04-26 11:08:54.000000,2.609026e+07,1.818700e+07,1.239956e+02,1.410284e+06,8.845727e+01,,,,5
2018-04-26 11:08:55.000000,2.609027e+07,1.818659e+07,1.239954e+02,1.410284e+06,8.845726e+01,,,,5
2018-04-26 11:08:56.000000,2.609024e+07,1.818771e+07,1.239961e+02,1.410284e+06,8.845726e+01,,,,5
2018-04-26 11:08:57.000000,2.609025e+07,1.818752e+07,1.239960e+02,1.410284e+06,8.845725e+01,,,,5
2018-04-26 11:08:58.000000,2.609025e+07,1.818876e+07,1.239967e+02,1.410284e+06,8.845725e+01,,,,5
2018-04-26 11:08:59.000000,2.609027e+07,1.818784e+07,1.239962e+02,1.410284e+06,8.845724e+01,,,,5
2018-04-26 11:09:00.000000,2.609027e+07,1.818899e+07,1.239969e+02,1.410284e+06,8.845724e+01,,,,5
2018-04-26 11:09:01.000000,2.609026e+07,1.818780e+07,1.239962e+02,1.410284e+06,8.845723e+01,,,,5
2018-04-26 11:09:02.000000,2.609025e+07,1.818810e+07,1.239962e+02,1.410284e+06,8.845723e+01,,,,5
2018-04-26 11:09:03.000000,2.609025e+07,1.818692e+07,1.239956e+02,1.410284e+06,8.845722e+01,,,,5
2018-04-26 11:09:04.000000,2.609027e+07,1.818767e+07,1.239960e+02,1.410284e+06,8.845721e+01,,,,5
2018-04-26 11:09:05.000000,2.609027e+07,1.818664e+07,1.239954e+02,1.410284e+06,8.845721e+01,,,,5
2018-04-26 11:09:06.000000,2.609026e+07,1.818816e+07,1.239962e+02,1.410284e+06,8.845720e+01,,,,5
2018-04-26 11:09:07.000000,2.609025e+07,1.818755e+07,1.239960e+02,1.410284e+06,8.845720e+01,,,,5
2018-04-26 11:09:08.000000,2.609025e+07,1.818752e+07,1.239960e+02,1.410284e+06,8.845719e+01,,,,5
2018-04-26 11:09:09.000000,2.609025e+07,1.818780e+07,1.239961e+02,1.410284e+06,8.845719e+01,,,,5
2018-04-26 11:09:10.000000,2.609026e+07,1.818783e+07,1.239963e+02,1.410284e+06,8.845718e+01,,,,5
2018-04-26 11:09:11.000000,2.609026e+07,1.818809e+07,1.239964e+02,1.410284e+06,8.845718e+01,,,,5
2018-04-26 11:09:12.000000,2.609027e+07,1.818776e+07,1.239962e+02,1.410284e+06,8.845717e+01,,,,5
2018-04-26 11:09:13.000000,2.609025e+07,1.818811e+07,1.239963e+02,1.410284e+06,8.845717e+01,,,,5
2018-04-26 11:09:14.000000,2.609025e+07,1.818689e+07,1.239956e+02,1.410284e+06,8.845716e+01,,,,5
2018-04-26 11:09:15.000000,2.609025e+07,1.818866e+07,1.239965e+02,1.410284e+06,8.845716e+01,,,,5
2018-04-26 11:09:16.000000,2.609026e+07,1.818667e+07,1.239954e+02,1.410284e+06,8.845715e+01,,,,5
2018-04-26 11:09:17.000000,2.609027e+07,1.818828e+07,1.239963e+02,1.410284e+06,8.845715e+01,,,,5
2018-04-26 11:09:18.000000,2.609025e+07,1.818757e+07,1.239960e+02,1.410284e+06,8.845714e+01,,,,5
2018-04-26 11:09:19.000000,2.609025e+07,1.818912e+07,1.239968e+02,1.410284e+06,8.845714e+01,,,,5
2018-04-26 11:09:20.000000,2.609024e+07,1.818786e+07,1.239962e+02,1.410284e+06,8.845713e+01,,,,5
2018-04-26 11:09:21.000000,2.609027e+07,1.818939e+07,1.239971e+02,1.410284e+06,8.845713e+01,,,,5
2018-04-26 11:09:22.000000,2.609027e+07,1.818823e+07,1.239965e+02,1.410284e+06,8.845712e+01,,,,5
2018-04-26 11:09:23.000000,2.609026e+07,1.818777e+07,1.239962e+02,1.410284e+06,8.845712e+01,,,,5
2018-04-26 11:09:24.000000,2.609025e+07,1.818725e+07,1.239957e+02,1.410284e+06,8.845711e+01,,,,5
2018-04-26 11:09:25.000000,2.609024e+07,1.818686e+07,1.239956e+02,1.410284e+06,8.845711e+01,,,,5
2018-04-26 11:09:26.000000,2.609025e+07,1.818812e+07,1.239962e+02,1.410284e+06,8.845710e+01,,,,5
2018-04-26 11:09:27.000000,2.609027e+07,1.818666e+07,1.239954e+02,1.410284e+06,8.845709e+01,,,,5
2018-04-26 11:09:28.000000,2.609027e+07,1.818771e+07,1.239960e+02,1.410284e+06,8.845709e+01,,,,5
2018-04-26 11:09:29.000000,2.609027e+07,1.818655e+07,1.239953e+02,1.410284e+06,8.845708e+01,,,,5
2018-04-26 11:09:30.000000,2.609024e+07,1.818853e+07,1.239965e+02,1.410284e+06,8.845708e+01,,,,5
2018-04-26 11:09:31.000000,2.609025e+07,1.818752e+07,1.239960e+02,1.410284e+06,8.845707e+01,,,,5
2018-04-26 11:09:32.000000,2.609026e+07,1.818938e+07,1.239971e+02,1.410284e+06,8.845707e+01,,,,5
2018-04-26 11:09:33.000000,2.609027e+07,1.818791e+07,1.239963e+02,1.410284e+06,8.845706e+01,,,,5
2018-04-26 11:09:34.000000,2.609026e+07,1.818783e+07,1.239963e+02,1.410284e+06,8.845706e+01,,,,5
2018-04-26 11:09:35.000000,2.609024e+07,1.818694e+07,1.239957e+02,1.410284e+06,8.845705e+01,,,,5
2018-04-26 11:09:36.000000,2.609025e+07,1.818691e+07,1.239956e+02,1.410284e+06,8.845705e+01,,,,5
2018-04-26 11:09:37.000000,2.609025e+07,1.818811e+07,1.239962e+02,1.410284e+06,8.845704e+01,,,,5
2018-04-26 11:09:38.000000,2.609027e+07,1.818672e+07,1.239955e+02,1.410284e+06,8.845704e+01,,,,5
2018-04-26 11:09:39.000000,2.609026e+07,1.818777e+07,1.239960e+02,1.410284e+06,8.845703e+01,,,,5
2018-04-26 11:09:40.000000,2.609026e+07,1.818652e+07,1.239953e+02,1.410284e+06,8.845703e+01,,,,5
2018-04-26 11:09:41.000000,2.609025e+07,1.818858e+07,1.239966e+02,1.410284e+06,8.845702e+01,,,,5
2018-04-26 11:09:42.000000,2.609025e+07,1.818754e+07,1.239960e+02,1.410284e+06,8.845702e+01,,,,5
2018-04-26 11:09:43.000000,2.609025e+07,1.818925e+07,1.239969e+02,1.410284e+06,8.845701e+01,,,,5
2018-04-26 11:09:44.000000,2.609026e+07,1.818790e+07,1.239963e+02,1.410284e+06,8.845701e+01,,,,5
2018-04-26 11:09:45.000000,2.609027e+07,1.818950e+07,1.239972e+02,1.410284e+06,8.845700e+01,,,,5
2018-04-26 11:09:46.000000,2.609025e+07,1.818715e+07,1.239958e+02,1.410284e+06,8.845700e+01,,,,5
2018-04-26 11:09:47.000000,2.609025e+07,1.818840e+07,1.239963e+02,1.410284e+06,8.845699e+01,,,,5
2018-04-26 11:09:48.000000,2.609025e+07,1.818724e+07,1.239957e+02,1.410284e+06,8.845699e+01,,,,5
2018-04-26 11:09:49.000000,2.609026e+07,1.818812e+07,1.239962e+02,1.410284e+06,8.845698e+01,,,,5
2018-04-26 11:09:50.000000,2.609027e+07,1.818697e+07,1.239955e+02,1.410284e+06,8.845697e+01,,,,5
2018-04-26 11:09:51.000000,2.609027e+07,1.818654e+07,1.239953e+02,1.410284e+06,8.845697e+01,,,,5
2018-04-26 11:09:52.000000,2.609025e+07,1.818769e+07,1.239960e+02,1.410284e+06,8.845696e+01,,,,5
2018-04-26 11:09:53.000000,2.609025e+07,1.818746e+07,1.239960e+02,1.410284e+06,8.845696e+01,,,,5
2018-04-26 11:09:54.000000,2.609024e+07,1.818868e+07,1.239966e+02,1.410284e+06,8.845695e+01,,,,5
2018-04-26 11:09:55.000000,2.609027e+07,1.818784e+07,1.239962e+02,1.410284e+06,8.845695e+01,,,,5
2018-04-26 11:09:56.000000,2.609026e+07,1.818952e+07,1.239972e+02,1.410284e+06,8.845694e+01,,,,5
2018-04-26 11:09:57.000000,2.609027e+07,1.818778e+07,1.239962e+02,1.410284e+06,8.845694e+01,,,,5
2018-04-26 11:09:58.000000,2.609024e+07,1.818859e+07,1.239965e+02,1.410284e+06,8.845693e+01,,,,5
2018-04-26 11:09:59.000000,2.609024e+07,1.818692e+07,1.239956e+02,1.410284e+06,8.845693e+01,,,,5
2018-04-26 11:10:00.000000,2.609027e+07,1.818820e+07,1.239962e+02,1.410283e+06,8.845692e+01,,,,5
2018-04-26 11:10:01.000000,2.609026e+07,1.818700e+07,1.239956e+02,1.410283e+06,8.845692e+01,,,,5
2018-04-26 11:10:02.000000,2.609027e+07,1.818659e+07,1.239954e+02,1.410283e+06,8.845691e+01,,,,5
2018-04-26 11:10:03.000000,2.609024e+07,1.818770e+07,1.239960e+02,1.410283e+06,8.845691e+01,,,,5
2018-04-26 11:10:04.000000,2.609025e+07,1.818752e+07,1.239960e+02,1.410283e+06,8.845690e+01,,,,5
2018-04-26 11:10:05.000000,2.609025e+07,1.818874e+07,1.239967e+02,1.410283e+06,8.845690e+01,,,,5
2018-04-26 11:10:06.000000,2.609026e+07,1.818784e+07,1.239962e+02,1.410283e+06,8.845689e+01,,,,5
2018-04-26 11:10:07.000000,2.609027e+07,1.818899e+07,1.239969e+02,1.410283e+06,8.845689e+01,,,,5
2018-04-26 11:10:08.000000,2.609026e+07,1.818780e+07,1.239962e+02,1.410283e+06,8.845688e+01,,,,5
2018-04-26 11:10:09.000000,2.609025e+07,1.818810e+07,1.239962e+02,1.410283e+06,8.845688e+01,,,,5
2018-04-26 11:10:10.000000,2.609025e+07,1.818692e+07,1.239956e+02,1.410283e+06,8.845687e+01,,,,5
2018-04-26 11:10:11.000000,2.609027e+07,1.818766e+07,1.239960e+02,1.410283e+06,8.845687e+01,,,,5
2018-04-26 11:10:12.000000,2.609027e+07,1.818665e+07,1.239954e+02,1.410283e+06,8.845686e+01,,,,5
2018-04-26 11:10:13.000000,2.609026e+07,1.818816e+07,1.239962e+02,1.410283e+06,8.845686e+01,,,,5
2018-04-26 11:10:14.000000,2.609025e+07,1.818755e+07,1.239960e+02,1.410283e+06,8.845685e+01,,,,5
2018-04-26 11:10:15.000000,2.609025e+07,1.818752e+07,1.239960e+02,1.410283e+06,8.845685e+01,,,,5
2018-04-26 11:10:16.000000,2.609025e+07,1.818780e+07,1.239961e+02,1.410283e+06,8.845684e+01,,,,5
2018-04-26 11:10:17.000000,2.609026e+07,1.818783e+07,1.239963e+02,1.410283e+06,8.845683e+01,,,,5
2018-04-26 11:10:18.000000,2.609026e+07,1.818809e+07,1.239964e+02,1.410283e+06,8.845683e+01,,,,5
2018-04-26 11:10:19.000000,2.609027e+07,1.818777e+07,1.239962e+02,1.410283e+06,8.845682e+01,,,,5
2018-04-26 11:10:20.000000,2.609025e+07,1.818811e+07,1.239962e+02,1.410283e+06,8.845682e+01,,,,5
2018-04-26 11:10:21.000000,2.609025e+07,1.818689e+07,1.239955e+02,1.410283e+06,8.845681e+01,,,,5
2018-04-26 11:10:22.000000,2.609024e+07,1.818864e+07,1.239965e+02,1.410283e+06,8.845681e+01,,,,5
2018-04-26 11:10:23.000000,2.609026e+07,1.818667e+07,1.239954e+02,1.410283e+06,8.845680e+01,,,,5
2018-04-26 11:10:24.000000,2.609027e+07,1.818828e+07,1.239963e+02,1.410283e+06,8.845680e+01,,,,5
2018-04-26 11:10:25.000000,2.609025e+07,1.818757e+07,1.239960e+02,1.410283e+06,8.845679e+01,,,,5
2018-04-26 11:10:26.000000,2.609025e+07,1.818910e+07,1.239968e+02,1.410283e+06,8.845679e+01,,,,5
2018-04-26 11:10:27.000000,2.609024e+07,1.818787e+07,1.239961e+02,1.410283e+06,8.845678e+01,,,,5
2018-04-26 11:10:28.000000,2.609027e+07,1.818939e+07,1.239971e+02,1.410283e+06,8.845678e+01,,,,5
2018-04-26 11:10:29.000000,2.609027e+07,1.818824e+07,1.239965e+02,1.410283e+06,8.845677e+01,,,,5
2018-04-26 11:10:30.000000,2.609026e+07,1.818777e+07,1.239962e+02,1.410283e+06,8.845677e+01,,,,5
2018-04-26 11:10:31.000000,2.609025e+07,1.818725e+07,1.239957e+02,1.410283e+06,8.845676e+01,,,,5
2018-04-26 11:10:32.000000,2.609024e+07,1.818686e+07,1.239956e+02,1.410283e+06,8.845676e+01,,,,5
2018-04-26 11:10:33.000000,2.609025e+07,1.818810e+07,1.239962e+02,1.410283e+06,8.845675e+01,,,,5
2018-04-26 11:10:34.000000,2.609027e+07,1.818666e+07,1.239954e+02,1.410283e+06,8.845675e+01,,,,5
2018-04-26 11:10:35.000000,2.609027e+07,1.818770e+07,1.239960e+02,1.410283e+06,8.845674e+01,,,,5
2018-04-26 11:10:36.000000,2.609027e+07,1.818656e+07,1.239953e+02,1.410283e+06,8.845674e+01,,,,5
2018-04-26 11:10:37.000000,2.609024e+07,1.818853e+07,1.239965e+02,1.410283e+06,8.845673e+01,,,,5
2018-04-26 11:10:38.000000,2.609025e+07,1.818752e+07,1.239960e+02,1.410283e+06,8.845673e+01,,,,5
2018-04-26 11:10:39.000000,2.609026e+07,1.818936e+07,1.239971e+02,1.410283e+06,8.845672e+01,,,,5
2018-04-26 11:10:40.000000,2.609027e+07,1.818790e+07,1.239963e+02,1.410283e+06,8.845672e+01,,,,5
2018-04-26 11:10:41.000000,2.609026e+07,1.818783e+07,1.239963e+02,1.410283e+06,8.845671e+01,,,,5
2018-04-26 11:10:42.000000,2.609024e+07,1.818694e+07,1.239956e+02,1.410283e+06,8.845671e+01,,,,5
2018-04-26 11:10:43.000000,2.609025e+07,1.818691e+07,1.239956e+02,1.410283e+06,8.845670e+01,,,,5
2018-04-26 11:10:44.000000,2.609025e+07,1.818811e+07,1.239962e+02,1.410283e+06,8.845670e+01,,,,5
2018-04-26 11:10:45.000000,2.609027e+07,1.818672e+07,1.239955e+02,1.410283e+06,8.845669e+01,,,,5
2018-04-26 11:10:46.000000,2.609026e+07,1.818776e+07,1.239960e+02,1.410283e+06,8.845669e+01,,,,5
2018-04-26 11:10:47.000000,2.609026e+07,1.818652e+07,1.239953e+02,1.410283e+06,8.845668e+01,,,,5
2018-04-26 11:10:48.000000,2.609025e+07,1.818858e+07,1.239966e+02,1.410283e+06,8.845668e+01,,,,5
2018-04-26 11:10:49.000000,2.609025e+07,1.818754e+07,1.239960e+02,1.410283e+06,8.845667e+01,,,,5
2018-04-26 11:10:50.000000,2.609025e+07,1.818923e+07,1.239969e+02,1.410283e+06,8.845667e+01,,,,5
2018-04-26 11:10:51.000000,2.609026e+07,1.818790e+07,1.239963e+02,1.410283e+06,8.845666e+01,,,,5
2018-04-26 11:10:52.000000,2.609027e+07,1.818950e+07,1.239972e+02,1.410283e+06,8.845666e+01,,,,5
2018-04-26 11:10:53.000000,2.609025e+07,1.818717e+07,1.239958e+02,1.410283e+06,8.845665e+01,,,,5
2018-04-26 11:10:54.000000,2.609025e+07,1.818840e+07,1.239963e+02,1.410283e+06,8.845664e+01,,,,5
2018-04-26 11:10:55.000000,2.609025e+07,1.818724e+07,1.239957e+02,1.410283e+06,8.845664e+01,,,,5
2018-04-26 11:10:56.000000,2.609026e+07,1.818811e+07,1.239961e+02,1.410283e+06,8.845663e+01,,,,5
2018-04-26 11:10:57.000000,2.609027e+07,1.818697e+07,1.239955e+02,1.410283e+06,8.845663e+01,,,,5
2018-04-26 11:10:58.000000,2.609027e+07,1.818654e+07,1.239953e+02,1.410283e+06,8.845662e+01,,,,5
2018-04-26 11:10:59.000000,2.609025e+07,1.818769e+07,1.239960e+02,1.410283e+06,8.845662e+01,,,,5
2018-04-26 11:11:00.000000,2.609025e+07,1.818746e+07,1.239960e+02,1.410283e+06,8.845661e+01,,,,5
2018-04-26 11:11:01.000000,2.609024e+07,1.818868e+07,1.239966e+02,1.410283e+06,8.845661e+01,,,,5
2018-04-26 11:11:02.000000,2.609027e+07,1.818784e+07,1.239962e+02,1.410283e+06,8.845660e+01,,,,5
2018-04-26 11:11:03.000000,2.609026e+07,1.818950e+07,1.239971e+02,1.410283e+06,8.845660e+01,,,,5
2018-04-26 11:11:04.000000,2.609027e+07,1.818777e+07,1.239962e+02,1.410283e+06,8.845659e+01,,,,5
2018-04-26 11:11:05.000000,2.609024e+07,1.818859e+07,1.239965e+02,1.410283e+06,8.845659e+01,,,,5
2018-04-26 11:11:06.000000,2.609024e+07,1.818692e+07,1.239955e+02,1.410283e+06,8.845658e+01,,,,5
2018-04-26 11:11:07.000000,2.609027e+07,1.818820e+07,1.239962e+02,1.410283e+06,8.845658e+01,,,,5
2018-04-26 11:11:08.000000,2.609026e+07,1.818700e+07,1.239956e+02,1.410283e+06,8.845657e+01,,,,5
2018-04-26 11:11:09.000000,2.609027e+07,1.818659e+07,1.239953e+02,1.410283e+06,8.845657e+01,,,,5
2018-04-26 11:11:10.000000,2.609024e+07,1.818769e+07,1.239960e+02,1.410283e+06,8.845656e+01,,,,5
2018-04-26 11:11:11.000000,2.609025e+07,1.818752e+07,1.239960e+02,1.410283e+06,8.845656e+01,,,,5
2018-04-26 11:11:12.000000,2.609025e+07,1.818874e+07,1.239967e+02,1.410283e+06,8.845655e+01,,,,5
2018-04-26 11:11:13.000000,2.609026e+07,1.818785e+07,1.239962e+02,1.410283e+06,8.845655e+01,,,,5
2018-04-26 11:11:14.000000,2.609027e+07,1.818899e+07,1.239969e+02,1.410283e+06,8.845654e+01,,,,5
2018-04-26 11:11:15.000000,2.609026e+07,1.818780e+07,1.239962e+02,1.410283e+06,8.845654e+01,,,,5
2018-04-26 11:11:16.000000,2.609025e+07,1.818810e+07,1.239962e+02,1.410283e+06,8.845653e+01,,,,5
2018-04-26 11:11:17.000000,2.609025e+07,1.818694e+07,1.239956e+02,1.410283e+06,8.845653e+01,,,,5
2018-04-26 11:11:18.000000,2.609025e+07,1.818852e+07,1.239964e+02,1.410283e+06,8.845652e+01,,,,5
2018-04-26 11:11:19.000000,2.609027e+07,1.818670e+07,1.239954e+02,1.410283e+06,8.845652e+01,,,,5
2018-04-26 11:11:20.000000,2.609026e+07,1.818814e+07,1.239962e+02,1.410283e+06,8.845651e+01,,,,5
2018-04-26 11:11:21.000000,2.609025e+07,1.818755e+07,1.239960e+02,1.410283e+06,8.845651e+01,,,,5
2018-04-26 11:11:22.000000,2.609025e+07,1.818752e+07,1.239960e+02,1.410283e+06,8.845650e+01,,,,5
2018-04-26 11:11:23.000000,2.609025e+07,1.818780e+07,1.239961e+02,1.410283e+06,8.845650e+01,,,,5
2018-04-26 11:11:24.000000,2.609026e+07,1.818783e+07,1.239962e+02,1.410283e+06,8.845649e+01,,,,5
2018-04-26 11:11:25.000000,2.609026e+07,1.818808e+07,1.239964e+02,1.410283e+06,8.845649e+01,,,,5
2018-04-26 11:11:26.000000,2.609027e+07,1.818777e+07,1.239962e+02,1.410283e+06,8.845648e+01,,,,5
2018-04-26 11:11:27.000000,2.609024e+07,1.818725e+07,1.239957e+02,1.410283e+06,8.845648e+01,,,,5
2018-04-26 11:11:28.000000,2.609025e+07,1.818686e+07,1.239956e+02,1.410283e+06,8.845647e+01,,,,5
2018-04-26 11:11:29.000000,2.609025e+07,1.818812e+07,1.239962e+02,1.410283e+06,8.845647e+01,,,,5
2018-04-26 11:11:30.000000,2.609026e+07,1.818666e+07,1.239954e+02,1.410283e+06,8.845646e+01,,,,5
2018-04-26 11:11:31.000000,2.609027e+07,1.818771e+07,1.239959e+02,1.410283e+06,8.845646e+01,,,,5
2018-04-26 11:11:32.000000,2.609027e+07,1.818655e+07,1.239953e+02,1.410283e+06,8.845645e+01,,,,5
2018-04-26 11:11:33.000000,2.609024e+07,1.818853e+07,1.239965e+02,1.410283e+06,8.845645e+01,,,,5
2018-04-26 11:11:34.000000,2.609025e+07,1.818752e+07,1.239960e+02,1.410283e+06,8.845644e+01,,,,5
2018-04-26 11:11:35.000000,2.609026e+07,1.818938e+07,1.239971e+02,1.410283e+06,8.845644e+01,,,,5
2018-04-26 11:11:36.000000,2.609027e+07,1.818791e+07,1.239963e+02,1.410283e+06,8.845643e+01,,,,5
2018-04-26 11:11:37.000000,2.609026e+07,1.818783e+07,1.239962e+02,1.410283e+06,8.845643e+01,,,,5
2018-04-26 11:11:38.000000,2.609024e+07,1.818693e+07,1.239956e+02,1.410283e+06,8.845642e+01,,,,5
2018-04-26 11:11:39.000000,2.609025e+07,1.818692e+07,1.239956e+02,1.410283e+06,8.845642e+01,,,,5
2018-04-26 11:11:40.000000,2.609025e+07,1.818811e+07,1.239962e+02,1.410283e+06,8.845641e+01,,,,5
2018-04-26 11:11:41.000000,2.609027e+07,1.818672e+07,1.239954e+02,1.410283e+06,8.845641e+01,,,,5
2018-04-26 11:11:42.000000,2.609026e+07,1.818777e+07,1.239960e+02,1.410283e+06,8.845640e+01,,,,5
2018-04-26 11:11:43.000000,2.609026e+07,1.818652e+07,1.239953e+02,1.410283e+06,8.845640e+01,,,,5
2018-04-26 11:11:44.000000,2.609025e+07,1.818858e+07,1.239965e+02,1.410283e+06,8.845639e+01,,,,5
2018-04-26 11:11:45.000000,2.609025e+07,1.818752e+07,1.239960e+02,1.410283e+06,8.845639e+01,,,,5
2018-04-26 11:11:46.000000,2.609025e+07,1.818925e+07,1.239969e+02,1.410283e+06,8.845638e+01,,,,5
2018-04-26 11:11:47.000000,2.609026e+07,1.818790e+07,1.239963e+02,1.410283e+06,8.845638e+01,,,,5
2018-04-26 11:11:48.000000,2.609027e+07,1.818951e+07,1.239972e+02,1.410283e+06,8.845637e+01,,,,5
2018-04-26 11:11:49.000000,2.609025e+07,1.818715e+07,1.239957e+02,1.410283e+06,8.845636e+01,,,,5
2018-04-26 11:11:50.000000,2.609025e+07,1.818840e+07,1.239963e+02,1.410283e+06,8.845636e+01,,,,5
2018-04-26 11:11:51.000000,2.609025e+07,1.818724e+07,1.239957e+02,1.410283e+06,8.845636e+01,,,,5
2018-04-26 11:11:52.000000,2.609026e+07,1.818812e+07,1.239962e+02,1.410283e+06,8.845635e+01,,,,5
2018-04-26 11:11:53.000000,2.609027e+07,1.818697e+07,1.239955e+02,1.410283e+06,8.845634e+01,,,,5
2018-04-26 11:11:54.000000,2.609027e+07,1.818654e+07,1.239953e+02,1.410283e+06,8.845634e+01,,,,5
2018-04-26 11:11:55.000000,2.609025e+07,1.818770e+07,1.239960e+02,1.410283e+06,8.845633e+01,,,,5
2018-04-26 11:11:56.000000,2.609025e+07,1.818746e+07,1.239959e+02,1.410283e+06,8.845633e+01,,,,5
2018-04-26 11:11:57.000000,2.609024e+07,1.818868e+07,1.239966e+02,1.410283e+06,8.845633e+01,,,,5
2018-04-26 11:11:58.000000,2.609027e+07,1.818783e+07,1.239962e+02,1.410283e+06,8.845632e+01,,,,5
2018-04-26 11:11:59.000000,2.609027e+07,1.818952e+07,1.239972e+02,1.410283e+06,8.845631e+01,,,,5
2018-04-26 11:12:00.000000,2.609025e+07,1.818713e+07,1.239957e+02,1.410283e+06,8.845631e+01,,,,5
2018-04-26 11:12:01.000000,2.609025e+07,1.818851e+07,1.239964e+02,1.410283e+06,8.845630e+01,,,,5
2018-04-26 11:12:02.000000,2.609024e+07,1.818690e+07,1.239955e+02,1.410283e+06,8.845630e+01,,,,5
2018-04-26 11:12:03.000000,2.609027e+07,1.818821e+07,1.239962e+02,1.410283e+06,8.845629e+01,,,,5
2018-04-26 11:12:04.000000,2.609026e+07,1.818700e+07,1.239956e+02,1.410283e+06,8.845629e+01,,,,5
2018-04-26 11:12:05.000000,2.609027e+07,1.818659e+07,1.239953e+02,1.410283e+06,8.845628e+01,,,,5
2018-04-26 11:12:06.000000,2.609024e+07,1.818771e+07,1.239960e+02,1.410283e+06,8.845628e+01,,,,5
2018-04-26 11:12:07.000000,2.609025e+07,1.818752e+07,1.239960e+02,1.410283e+06,8.845627e+01,,,,5
2018-04-26 11:12:08.000000,2.609025e+07,1.818874e+07,1.239966e+02,1.410283e+06,8.845627e+01,,,,5
2018-04-26 11:12:09.000000,2.609026e+07,1.818784e+07,1.239962e+02,1.410283e+06,8.845626e+01,,,,5
2018-04-26 11:12:10.000000,2.609027e+07,1.818899e+07,1.239969e+02,1.410283e+06,8.845626e+01,,,,5
2018-04-26 11:12:11.000000,2.609026e+07,1.818780e+07,1.239962e+02,1.410283e+06,8.845625e+01,,,,5
2018-04-26 11:12:12.000000,2.609025e+07,1.818810e+07,1.239962e+02,1.410283e+06,8.845625e+01,,,,5
2018-04-26 11:12:13.000000,2.609025e+07,1.818692e+07,1.239955e+02,1.410283e+06,8.845624e+01,,,,5
2018-04-26 11:12:14.000000,2.609027e+07,1.818767e+07,1.239959e+02,1.410283e+06,8.845624e+01,,,,5
2018-04-26 11:12:15.000000,2.609027e+07,1.818664e+07,1.239953e+02,1.410283e+06,8.845623e+01,,,,5
2018-04-26 11:12:16.000000,2.609026e+07,1.818816e+07,1.239962e+02,1.410283e+06,8.845623e+01,,,,5
2018-04-26 11:12:17.000000,2.609025e+07,1.818755e+07,1.239959e+02,1.410283e+06,8.845622e+01,,,,5
2018-04-26 11:12:18.000000,2.609025e+07,1.818752e+07,1.239960e+02,1.410283e+06,8.845622e+01,,,,5
2018-04-26 11:12:19.000000,2.609025e+07,1.818780e+07,1.239961e+02,1.410283e+06,8.845621e+01,,,,5
2018-04-26 11:12:20.000000,2.609026e+07,1.818783e+07,1.239962e+02,1.410283e+06,8.845621e+01,,,,5
2018-04-26 11:12:21.000000,2.609026e+07,1.818809e+07,1.239963e+02,1.410283e+06,8.845620e+01,,,,5
2018-04-26 11:12:22.000000,2.609027e+07,1.818776e+07,1.239962e+02,1.410283e+06,8.845620e+01,,,,5
2018-04-26 11:12:23.000000,2.609025e+07,1.818811e+07,1.239962e+02,1.410283e+06,8.845619e+01,,,,5
2018-04-26 11:12:24.000000,2.609025e+07,1.818689e+07,1.239955e+02,1.410283e+06,8.845619e+01,,,,5
2018-04-26 11:12:25.000000,2.609025e+07,1.818864e+07,1.239965e+02,1.410283e+06,8.845618e+01,,,,5
2018-04-26 11:12:26.000000,2.609026e+07,1.818667e+07,1.239954e+02,1.410283e+06,8.845618e+01,,,,5
2018-04-26 11:12:27.000000,2.609027e+07,1.818828e+07,1.239963e+02,1.410283e+06,8.845617e+01,,,,5
2018-04-26 11:12:28.000000,2.609025e+07,1.818757e+07,1.239959e+02,1.410283e+06,8.845617e+01,,,,5
2018-04-26 11:12:29.000000,2.609025e+07,1.818912e+07,1.239968e+02,1.410283e+06,8.845616e+01,,,,5
2018-04-26 11:12:30.000000,2.609024e+07,1.818786e+07,1.239961e+02,1.410283e+06,8.845616e+01,,,,5
2018-04-26 11:12:31.000000,2.609027e+07,1.818939e+07,1.239970e+02,1.410283e+06,8.845615e+01,,,,5
2018-04-26 11:12:32.000000,2.609027e+07,1.818823e+07,1.239964e+02,1.410283e+06,8.845615e+01,,,,5
2018-04-26 11:12:33.000000,2.609026e+07,1.818777e+07,1.239962e+02,1.410283e+06,8.845614e+01,,,,5
2018-04-26 11:12:34.000000,2.609025e+07,1.818725e+07,1.239957e+02,1.410283e+06,8.845614e+01,,,,5
2018-04-26 11:12:35.000000,2.609024e+07,1.818686e+07,1.239955e+02,1.410283e+06,8.845613e+01,,,,5
2018-04-26 11:12:36.000000,2.609025e+07,1.818812e+07,1.239962e+02,1.410283e+06,8.845613e+01,,,,5
2018-04-26 11:12:37.000000,2.609027e+07,1.818666e+07,1.239954e+02,1.410283e+06,8.845612e+01,,,,5
2018-04-26 11:12:38.000000,2.609027e+07,1.818770e+07,1.239959e+02,1.410283e+06,8.845612e+01,,,,5
2018-04-26 11:12:39.000000,2.609027e+07,1.818655e+07,1.239953e+02,1.410283e+06,8.845611e+01,,,,5
2018-04-26 11:12:40.000000,2.609024e+07,1.818853e+07,1.239965e+02,1.410283e+06,8.845611e+01,,,,5
2018-04-26 11:12:41.000000,2.609025e+07,1.818752e+07,1.239959e+02,1.410283e+06,8.845610e+01,,,,5
2018-04-26 11:12:42.000000,2.609026e+07,1.818936e+07,1.239971e+02,1.410283e+06,8.845610e+01,,,,5
2018-04-26 11:12:43.000000,2.609027e+07,1.818790e+07,1.239963e+02,1.410283e+06,8.845609e+01,,,,5
2018-04-26 11:12:44.000000,2.609026e+07,1.818783e+07,1.239962e+02,1.410283e+06,8.845609e+01,,,,5
2018-04-26 11:12:45.000000,2.609024e+07,1.818694e+07,1.239956e+02,1.410283e+06,8.845608e+01,,,,5
2018-04-26 11:12:46.000000,2.609025e+07,1.818691e+07,1.239956e+02,1.410283e+06,8.845608e+01,,,,5
2018-04-26 11:12:47.000000,2.609025e+07,1.818811e+07,1.239962e+02,1.410282e+06,8.845607e+01,,,,5
2018-04-26 11:12:48.000000,2.609027e+07,1.818672e+07,1.239954e+02,1.410282e+06,8.845607e+01,,,,5
2018-04-26 11:12:49.000000,2.609026e+07,1.818777e+07,1.239960e+02,1.410282e+06,8.845606e+01,,,,5
2018-04-26 11:12:50.000000,2.609026e+07,1.818652e+07,1.239953e+02,1.410282e+06,8.845606e+01,,,,5
2018-04-26 11:12:51.000000,2.609025e+07,1.818858e+07,1.239965e+02,1.410282e+06,8.845605e+01,,,,5
2018-04-26 11:12:52.000000,2.609025e+07,1.818754e+07,1.239959e+02,1.410282e+06,8.845605e+01,,,,5
2018-04-26 11:12:53.000000,2.609025e+07,1.818925e+07,1.239969e+02,1.410282e+06,8.845604e+01,,,,5
2018-04-26 11:12:54.000000,2.609026e+07,1.818790e+07,1.239963e+02,1.410282e+06,8.845604e+01,,,,5
2018-04-26 11:12:55.000000,2.609027e+07,1.818950e+07,1.239971e+02,1.410282e+06,8.845603e+01,,,,5
2018-04-26 11:12:56.000000,2.609025e+07,1.818715e+07,1.239957e+02,1.410282e+06,8.845603e+01,,,,5
2018-04-26 11:12:57.000000,2.609025e+07,1.818840e+07,1.239963e+02,1.410282e+06,8.845602e+01,,,,5
2018-04-26 11:12:58.000000,2.609025e+07,1.818724e+07,1.239957e+02,1.410282e+06,8.845602e+01,,,,5
2018-04-26 11:12:59.000000,2.609026e+07,1.818811e+07,1.239961e+02,1.410282e+06,8.845601e+01,,,,5
2018-04-26 11:13:00.000000,2.609027e+07,1.818697e+07,1.239955e+02,1.410282e+06,8.845601e+01,,,,5
2018-04-26 11:13:01.000000,2.609027e+07,1.818654e+07,1.239953e+02,1.410282e+06,8.845600e+01,,,,5
2018-04-26 11:13:02.000000,2.609025e+07,1.818769e+07,1.239960e+02,1.410282e+06,8.845600e+01,,,,5
2018-04-26 11:13:03.000000,2.609025e+07,1.818746e+07,1.239959e+02,1.410282e+06,8.845599e+01,,,,5
2018-04-26 11:13:04.000000,2.609024e+07,1.818868e+07,1.239966e+02,1.410282e+06,8.845599e+01,,,,5
2018-04-26 11:13:05.000000,2.609027e+07,1.818784e+07,1.239962e+02,1.410282e+06,8.845598e+01,,,,5
2018-04-26 11:13:06.000000,2.609026e+07,1.818952e+07,1.239972e+02,1.410282e+06,8.845598e+01,,,,5
2018-04-26 11:13:07.000000,2.609027e+07,1.818777e+07,1.239962e+02,1.410282e+06,8.845597e+01,,,,5
2018-04-26 11:13:08.000000,2.609024e+07,1.818859e+07,1.239965e+02,1.410282e+06,8.845597e+01,,,,5
2018-04-26 11:13:09.000000,2.609024e+07,1.818692e+07,1.239955e+02,1.410282e+06,8.845596e+01,,,,5
2018-04-26 11:13:10.000000,2.609027e+07,1.818820e+07,1.239962e+02,1.410282e+06,8.845596e+01,,,,5
2018-04-26 11:13:11.000000,2.609026e+07,1.818700e+07,1.239956e+02,1.410282e+06,8.845595e+01,,,,5
2018-04-26 11:13:12.000000,2.609027e+07,1.818659e+07,1.239953e+02,1.410282e+06,8.845595e+01,,,,5
2018-04-26 11:13:13.000000,2.609024e+07,1.818770e+07,1.239960e+02,1.410282e+06,8.845594e+01,,,,5
2018-04-26 11:13:14.000000,2.609025e+07,1.818752e+07,1.239960e+02,1.410282e+06,8.845594e+01,,,,5
2018-04-26 11:13:15.000000,2.609025e+07,1.818874e+07,1.239966e+02,1.410282e+06,8.845594e+01,,,,5
2018-04-26 11:13:16.000000,2.609026e+07,1.818785e+07,1.239962e+02,1.410282e+06,8.845593e+01,,,,5
2018-04-26 11:13:17.000000,2.609027e+07,1.818899e+07,1.239969e+02,1.410282e+06,8.845593e+01,,,,5
2018-04-26 11:13:18.000000,2.609026e+07,1.818780e+07,1.239962e+02,1.410282e+06,8.845592e+01,,,,5
2018-04-26 11:13:19.000000,2.609025e+07,1.818810e+07,1.239962e+02,1.410282e+06,8.845591e+01,,,,5
2018-04-26 11:13:20.000000,2.609025e+07,1.818692e+07,1.239955e+02,1.410282e+06,8.845591e+01,,,,5
2018-04-26 11:13:21.000000,2.609025e+07,1.818852e+07,1.239964e+02,1.410282e+06,8.845591e+01,,,,5
2018-04-26 11:13:22.000000,2.609027e+07,1.818670e+07,1.239954e+02,1.410282e+06,8.845590e+01,,,,5
2018-04-26 11:13:23.000000,2.609026e+07,1.818816e+07,1.239962e+02,1.410282e+06,8.845590e+01,,,,5
2018-04-26 11:13:24.000000,2.609025e+07,1.818755e+07,1.239959e+02,1.410282e+06,8.845589e+01,,,,5
2018-04-26 11:13:25.000000,2.609025e+07,1.818752e+07,1.239960e+02,1.410282e+06,8.845589e+01,,,,5
2018-04-26 11:13:26.000000,2.609025e+07,1.818780e+07,1.239961e+02,1.410282e+06,8.845588e+01,,,,5
2018-04-26 11:13:27.000000,2.609026e+07,1.818783e+07,1.239962e+02,1.410282e+06,8.845588e+01,,,,5
2018-04-26 11:13:28.000000,2.609026e+07,1.818808e+07,1.239963e+02,1.410282e+06,8.845587e+01,,,,5
2018-04-26 11:13:29.000000,2.609027e+07,1.818777e+07,1.239962e+02,1.410282e+06,8.845587e+01,,,,5
2018-04-26 11:13:30.000000,2.609025e+07,1.818811e+07,1.239962e+02,1.410282e+06,8.845586e+01,,,,5
2018-04-26 11:13:31.000000,2.609025e+07,1.818689e+07,1.239955e+02,1.410282e+06,8.845586e+01,,,,5
2018-04-26 11:13:32.000000,2.609024e+07,1.818864e+07,1.239965e+02,1.410282e+06,8.845585e+01,,,,5
2018-04-26 11:13:33.000000,2.609026e+07,1.818669e+07,1.239954e+02,1.410282e+06,8.845585e+01,,,,5
2018-04-26 11:13:34.000000,2.609027e+07,1.818828e+07,1.239963e+02,1.410282e+06,8.845584e+01,,,,5
2018-04-26 11:13:35.000000,2.609025e+07,1.818757e+07,1.239959e+02,1.410282e+06,8.845584e+01,,,,5
2018-04-26 11:13:36.000000,2.609025e+07,1.818910e+07,1.239968e+02,1.410282e+06,8.845583e+01,,,,5
2018-04-26 11:13:37.000000,2.609024e+07,1.818787e+07,1.239961e+02,1.410282e+06,8.845583e+01,,,,5
2018-04-26 11:13:38.000000,2.609027e+07,1.818939e+07,1.239970e+02,1.410282e+06,8.845582e+01,,,,5
2018-04-26 11:13:39.000000,2.609027e+07,1.818824e+07,1.239965e+02,1.410282e+06,8.845582e+01,,,,5
2018-04-26 11:13:40.000000,2.609026e+07,1.818777e+07,1.239962e+02,1.410282e+06,8.845581e+01,,,,5
2018-04-26 11:13:41.000000,2.609025e+07,1.818725e+07,1.239957e+02,1.410282e+06,8.845581e+01,,,,5
2018-04-26 11:13:42.000000,2.609024e+07,1.818686e+07,1.239955e+02,1.410282e+06,8.845580e+01,,,,5
2018-04-26 11:13:43.000000,2.609025e+07,1.818810e+07,1.239962e+02,1.410282e+06,8.845580e+01,,,,5
2018-04-26 11:13:44.000000,2.609027e+07,1.818666e+07,1.239954e+02,1.410282e+06,8.845579e+01,,,,5
2018-04-26 11:13:45.000000,2.609027e+07,1.818770e+07,1.239959e+02,1.410282e+06,8.845579e+01,,,,5
2018-04-26 11:13:46.000000,2.609027e+07,1.818656e+07,1.239953e+02,1.410282e+06,8.845578e+01,,,,5
2018-04-26 11:13:47.000000,2.609024e+07,1.818853e+07,1.239965e+02,1.410282e+06,8.845578e+01,,,,5
2018-04-26 11:13:48.000000,2.609025e+07,1.818752e+07,1.239959e+02,1.410282e+06,8.845577e+01,,,,5
2018-04-26 11:13:49.000000,2.609026e+07,1.818936e+07,1.239970e+02,1.410282e+06,8.845577e+01,,,,5
2018-04-26 11:13:50.000000,2.609027e+07,1.818792e+07,1.239963e+02,1.410282e+06,8.845576e+01,,,,5
2018-04-26 11:13:51.000000,2.609026e+07,1.818783e+07,1.239962e+02,1.410282e+06,8.845576e+01,,,,5
2018-04-26 11:13:52.000000,2.609024e+07,1.818694e+07,1.239956e+02,1.410282e+06,8.845575e+01,,,,5
2018-04-26 11:13:53.000000,2.609025e+07,1.818691e+07,1.239956e+02,1.410282e+06,8.845575e+01,,,,5
2018-04-26 11:13:54.000000,2.609025e+07,1.818811e+07,1.239962e+02,1.410282e+06,8.845574e+01,,,,5
2018-04-26 11:13:55.000000,2.609027e+07,1.818672e+07,1.239954e+02,1.410282e+06,8.845574e+01,,,,5
2018-04-26 11:13:56.000000,2.609026e+07,1.818776e+07,1.239960e+02,1.410282e+06,8.845573e+01,,,,5
2018-04-26 11:13:57.000000,2.609026e+07,1.818652e+07,1.239953e+02,1.410282e+06,8.845573e+01,,,,5
2018-04-26 11:13:58.000000,2.609025e+07,1.818858e+07,1.239965e+02,1.410282e+06,8.845572e+01,,,,5
2018-04-26 11:13:59.000000,2.609025e+07,1.818754e+07,1.239959e+02,1.410282e+06,8.845572e+01,,,,5
2018-04-26 11:14:00.000000,2.609025e+07,1.818923e+07,1.239969e+02,1.410282e+06,8.845571e+01,,,,5
2018-04-26 11:14:01.000000,2.609026e+07,1.818790e+07,1.239963e+02,1.410282e+06,8.845571e+01,,,,5
2018-04-26 11:14:02.000000,2.609027e+07,1.818950e+07,1.239971e+02,1.410282e+06,8.845570e+01,,,,5
2018-04-26 11:14:03.000000,2.609025e+07,1.818717e+07,1.239957e+02,1.410282e+06,8.845570e+01,,,,5
2018-04-26 11:14:04.000000,2.609025e+07,1.818840e+07,1.239963e+02,1.410282e+06,8.845569e+01,,,,5
2018-04-26 11:14:05.000000,2.609025e+07,1.818724e+07,1.239957e+02,1.410282e+06,8.845569e+01,,,,5
2018-04-26 11:14:06.000000,2.609026e+07,1.818811e+07,1.239961e+02,1.410282e+06,8.845568e+01,,,,5
2018-04-26 11:14:07.000000,2.609027e+07,1.818699e+07,1.239956e+02,1.410282e+06,8.845568e+01,,,,5
2018-04-26 11:14:08.000000,2.609027e+07,1.818654e+07,1.239953e+02,1.410282e+06,8.845567e+01,,,,5
2018-04-26 11:14:09.000000,2.609025e+07,1.818769e+07,1.239960e+02,1.410282e+06,8.845567e+01,,,,5
2018-04-26 11:14:10.000000,2.609025e+07,1.818746e+07,1.239959e+02,1.410282e+06,8.845566e+01,,,,5
2018-04-26 11:14:11.000000,2.609024e+07,1.818868e+07,1.239966e+02,1.410282e+06,8.845566e+01,,,,5
2018-04-26 11:14:12.000000,2.609027e+07,1.818784e+07,1.239962e+02,1.410282e+06,8.845565e+01,,,,5
2018-04-26 11:14:13.000000,2.609026e+07,1.818950e+07,1.239971e+02,1.410282e+06,8.845565e+01,,,,5
2018-04-26 11:14:14.000000,2.609027e+07,1.818777e+07,1.239962e+02,1.410282e+06,8.845564e+01,,,,5
2018-04-26 11:14:15.000000,2.609024e+07,1.818859e+07,1.239965e+02,1.410282e+06,8.845564e+01,,,,5
2018-04-26 11:14:16.000000,2.609024e+07,1.818692e+07,1.239955e+02,1.410282e+06,8.845563e+01,,,,5
2018-04-26 11:14:17.000000,2.609027e+07,1.818819e+07,1.239961e+02,1.410282e+06,8.845563e+01,,,,5
2018-04-26 11:14:18.000000,2.609026e+07,1.818700e+07,1.239956e+02,1.410282e+06,8.845563e+01,,,,5
2018-04-26 11:14:19.000000,2.609027e+07,1.818659e+07,1.239953e+02,1.410282e+06,8.845562e+01,,,,5
2018-04-26 11:14:20.000000,2.609024e+07,1.818769e+07,1.239960e+02,1.410282e+06,8.845562e+01,,,,5
2018-04-26 11:14:21.000000,2.609025e+07,1.818752e+07,1.239960e+02,1.410282e+06,8.845561e+01,,,,5
2018-04-26 11:14:22.000000,2.609025e+07,1.818874e+07,1.239966e+02,1.410282e+06,8.845561e+01,,,,5
2018-04-26 11:14:23.000000,2.609026e+07,1.818785e+07,1.239962e+02,1.410282e+06,8.845560e+01,,,,5
2018-04-26 11:14:24.000000,2.609027e+07,1.818897e+07,1.239968e+02,1.410282e+06,8.845560e+01,,,,5
2018-04-26 11:14:25.000000,2.609026e+07,1.818780e+07,1.239962e+02,1.410282e+06,8.845559e+01,,,,5
2018-04-26 11:14:26.000000,2.609025e+07,1.818810e+07,1.239962e+02,1.410282e+06,8.845559e+01,,,,5
2018-04-26 11:14:27.000000,2.609025e+07,1.818694e+07,1.239955e+02,1.410282e+06,8.845558e+01,,,,5
2018-04-26 11:14:28.000000,2.609025e+07,1.818852e+07,1.239964e+02,1.410282e+06,8.845558e+01,,,,5
2018-04-26 11:14:29.000000,2.609027e+07,1.818670e+07,1.239954e+02,1.410282e+06,8.845557e+01,,,,5
2018-04-26 11:14:30.000000,2.609026e+07,1.818814e+07,1.239962e+02,1.410282e+06,8.845557e+01,,,,5
2018-04-26 11:14:31.000000,2.609025e+07,1.818755e+07,1.239959e+02,1.410282e+06,8.845556e+01,,,,5
2018-04-26 11:14:32.000000,2.609025e+07,1.818752e+07,1.239960e+02,1.410282e+06,8.845556e+01,,,,5
2018-04-26 11:14:33.000000,2.609025e+07,1.818780e+07,1.239961e+02,1.410282e+06,8.845555e+01,,,,5
2018-04-26 11:14:34.000000,2.609026e+07,1.818783e+07,1.239962e+02,1.410282e+06,8.845555e+01,,,,5
2018-04-26 11:14:35.000000,2.609026e+07,1.818808e+07,1.239963e+02,1.410282e+06,8.845554e+01,,,,5
2018-04-26 11:14:36.000000,2.609027e+07,1.818777e+07,1.239962e+02,1.410282e+06,8.845554e+01,,,,5
2018-04-26 11:14:37.000000,2.609024e+07,1.818810e+07,1.239962e+02,1.410282e+06,8.845553e+01,,,,5
2018-04-26 11:14:38.000000,2.609025e+07,1.818689e+07,1.239955e+02,1.410282e+06,8.845553e+01,,,,5
2018-04-26 11:14:39.000000,2.609024e+07,1.818864e+07,1.239965e+02,1.410282e+06,8.845552e+01,,,,5
2018-04-26 11:14:40.000000,2.609026e+07,1.818669e+07,1.239954e+02,1.410282e+06,8.845552e+01,,,,5
2018-04-26 11:14:41.000000,2.609027e+07,1.818826e+07,1.239962e+02,1.410282e+06,8.845551e+01,,,,5
2018-04-26 11:14:42.000000,2.609026e+07,1.818689e+07,1.239954e+02,1.410282e+06,8.845551e+01,,,,5
2018-04-26 11:14:43.000000,2.609025e+07,1.818908e+07,1.239968e+02,1.410282e+06,8.845550e+01,,,,5
2018-04-26 11:14:44.000000,2.609024e+07,1.818787e+07,1.239961e+02,1.410282e+06,8.845550e+01,,,,5
2018-04-26 11:14:45.000000,2.609026e+07,1.818939e+07,1.239970e+02,1.410282e+06,8.845549e+01,,,,5
2018-04-26 11:14:46.000000,2.609027e+07,1.818824e+07,1.239964e+02,1.410282e+06,8.845549e+01,,,,5
2018-04-26 11:14:47.000000,2.609026e+07,1.818777e+07,1.239962e+02,1.410282e+06,8.845548e+01,,,,5
2018-04-26 11:14:48.000000,2.609025e+07,1.818725e+07,1.239957e+02,1.410282e+06,8.845548e+01,,,,5
2018-04-26 11:14:49.000000,2.609024e+07,1.818686e+07,1.239955e+02,1.410282e+06,8.845547e+01,,,,5
2018-04-26 11:14:50.000000,2.609025e+07,1.818810e+07,1.239962e+02,1.410282e+06,8.845547e+01,,,,5
2018-04-26 11:14:51.000000,2.609026e+07,1.818668e+07,1.239954e+02,1.410282e+06,8.845546e+01,,,,5
2018-04-26 11:14:52.000000,2.609026e+07,1.818770e+07,1.239959e+02,1.410282e+06,8.845546e+01,,,,5
2018-04-26 11:14:53.000000,2.609026e+07,1.818656e+07,1.239953e+02,1.410282e+06,8.845546e+01,,,,5
2018-04-26 11:14:54.000000,2.609024e+07,1.818851e+07,1.239965e+02,1.410282e+06,8.845545e+01,,,,5
2018-04-26 11:14:55.000000,2.609025e+07,1.818752e+07,1.239959e+02,1.410282e+06,8.845545e+01,,,,5
2018-04-26 11:14:56.000000,2.609025e+07,1.818752e+07,1.239960e+02,1.410282e+06,8.845544e+01,,,,5
2018-04-26 11:14:57.000000,2.609027e+07,1.818775e+07,1.239962e+02,1.410282e+06,8.845544e+01,,,,5
2018-04-26 11:14:58.000000,2.609026e+07,1.818783e+07,1.239962e+02,1.410282e+06,8.845543e+01,,,,5
2018-04-26 11:14:59.000000,2.609024e+07,1.818694e+07,1.239956e+02,1.410282e+06,8.845543e+01,,,,5
2018-04-26 11:15:00.000000,2.609025e+07,1.818691e+07,1.239956e+02,1.410282e+06,8.845542e+01,,,,5
2018-04-26 11:15:01.000000,2.609024e+07,1.818810e+07,1.239962e+02,1.410282e+06,8.845542e+01,,,,5
2018-04-26 11:15:02.000000,2.609027e+07,1.818673e+07,1.239954e+02,1.410282e+06,8.845541e+01,,,,5
2018-04-26 11:15:03.000000,2.609026e+07,1.818776e+07,1.239960e+02,1.410282e+06,8.845541e+01,,,,5
2018-04-26 11:15:04.000000,2.609026e+07,1.818654e+07,1.239953e+02,1.410282e+06,8.845540e+01,,,,5
2018-04-26 11:15:05.000000,2.609025e+07,1.818858e+07,1.239965e+02,1.410282e+06,8.845540e+01,,,,5
2018-04-26 11:15:06.000000,2.609024e+07,1.818754e+07,1.239959e+02,1.410282e+06,8.845539e+01,,,,5
2018-04-26 11:15:07.000000,2.609025e+07,1.818923e+07,1.239969e+02,1.410282e+06,8.845539e+01,,,,5
2018-04-26 11:15:08.000000,2.609026e+07,1.818790e+07,1.239963e+02,1.410282e+06,8.845538e+01,,,,5
2018-04-26 11:15:09.000000,2.609026e+07,1.818949e+07,1.239971e+02,1.410282e+06,8.845538e+01,,,,5
2018-04-26 11:15:10.000000,2.609025e+07,1.818717e+07,1.239957e+02,1.410282e+06,8.845537e+01,,,,5
2018-04-26 11:15:11.000000,2.609025e+07,1.818838e+07,1.239963e+02,1.410282e+06,8.845537e+01,,,,5
2018-04-26 11:15:12.000000,2.609025e+07,1.818724e+07,1.239957e+02,1.410282e+06,8.845536e+01,,,,5
2018-04-26 11:15:13.000000,2.609026e+07,1.818810e+07,1.239961e+02,1.410282e+06,8.845536e+01,,,,5
2018-04-26 11:15:14.000000,2.609027e+07,1.818698e+07,1.239955e+02,1.410282e+06,8.845535e+01,,,,5
2018-04-26 11:15:15.000000,2.609026e+07,1.818654e+07,1.239953e+02,1.410282e+06,8.845535e+01,,,,5
2018-04-26 11:15:16.000000,2.609025e+07,1.818769e+07,1.239960e+02,1.410282e+06,8.845534e+01,,,,5
2018-04-26 11:15:17.000000,2.609025e+07,1.818746e+07,1.239959e+02,1.410282e+06,8.845534e+01,,,,5
2018-04-26 11:15:18.000000,2.609024e+07,1.818866e+07,1.239966e+02,1.410282e+06,8.845533e+01,,,,5
2018-04-26 11:15:19.000000,2.609027e+07,1.818784e+07,1.239962e+02,1.410282e+06,8.845533e+01,,,,5
2018-04-26 11:15:20.000000,2.609026e+07,1.818950e+07,1.239971e+02,1.410282e+06,8.845532e+01,,,,5
2018-04-26 11:15:21.000000,2.609027e+07,1.818779e+07,1.239961e+02,1.410282e+06,8.845532e+01,,,,5
2018-04-26 11:15:22.000000,2.609024e+07,1.818859e+07,1.239965e+02,1.410282e+06,8.845531e+01,,,,5
2018-04-26 11:15:23.000000,2.609024e+07,1.818692e+07,1.239955e+02,1.410282e+06,8.845531e+01,,,,5
2018-04-26 11:15:24.000000,2.609027e+07,1.818819e+07,1.239961e+02,1.410282e+06,8.845531e+01,,,,5
2018-04-26 11:15:25.000000,2.609026e+07,1.818701e+07,1.239955e+02,1.410282e+06,8.845530e+01,,,,5
2018-04-26 11:15:26.000000,2.609027e+07,1.818659e+07,1.239953e+02,1.410282e+06,8.845530e+01,,,,5
2018-04-26 11:15:27.000000,2.609024e+07,1.818768e+07,1.239960e+02,1.410282e+06,8.845529e+01,,,,5
2018-04-26 11:15:28.000000,2.609024e+07,1.818752e+07,1.239960e+02,1.410282e+06,8.845529e+01,,,,5
2018-04-26 11:15:29.000000,2.609025e+07,1.818874e+07,1.239966e+02,1.410282e+06,8.845528e+01,,,,5
2018-04-26 11:15:30.000000,2.609026e+07,1.818785e+07,1.239962e+02,1.410282e+06,8.845528e+01,,,,5
2018-04-26 11:15:31.000000,2.609027e+07,1.818897e+07,1.239968e+02,1.410282e+06,8.845527e+01,,,,5
2018-04-26 11:15:32.000000,2.609026e+07,1.818779e+07,1.239962e+02,1.410282e+06,8.845527e+01,,,,5
2018-04-26 11:15:33.000000,2.609025e+07,1.818810e+07,1.239962e+02,1.410282e+06,8.845526e+01,,,,5
2018-04-26 11:15:34.000000,2.609025e+07,1.818694e+07,1.239955e+02,1.410282e+06,8.845526e+01,,,,5
2018-04-26 11:15:35.000000,2.609025e+07,1.818850e+07,1.239964e+02,1.410282e+06,8.845525e+01,,,,5
2018-04-26 11:15:36.000000,2.609026e+07,1.818670e+07,1.239954e+02,1.410282e+06,8.845525e+01,,,,5
2018-04-26 11:15:37.000000,2.609026e+07,1.818813e+07,1.239961e+02,1.410282e+06,8.845524e+01,,,,5
2018-04-26 11:15:38.000000,2.609025e+07,1.818755e+07,1.239959e+02,1.410282e+06,8.845524e+01,,,,5
2018-04-26 11:15:39.000000,2.609025e+07,1.818752e+07,1.239960e+02,1.410282e+06,8.845523e+01,,,,5
2018-04-26 11:15:40.000000,2.609025e+07,1.818780e+07,1.239961e+02,1.410282e+06,8.845523e+01,,,,5
2018-04-26 11:15:41.000000,2.609026e+07,1.818783e+07,1.239962e+02,1.410281e+06,8.845522e+01,,,,5
2018-04-26 11:15:42.000000,2.609026e+07,1.818808e+07,1.239963e+02,1.410281e+06,8.845522e+01,,,,5
2018-04-26 11:15:43.000000,2.609027e+07,1.818777e+07,1.239962e+02,1.410281e+06,8.845521e+01,,,,5
2018-04-26 11:15:44.000000,2.609024e+07,1.818725e+07,1.239957e+02,1.410281e+06,8.845521e+01,,,,5
2018-04-26 11:15:45.000000,2.609025e+07,1.818686e+07,1.239955e+02,1.410281e+06,8.845520e+01,,,,5
2018-04-26 11:15:46.000000,2.609025e+07,1.818812e+07,1.239962e+02,1.410281e+06,8.845520e+01,,,,5
2018-04-26 11:15:47.000000,2.609026e+07,1.818666e+07,1.239954e+02,1.410281e+06,8.845519e+01,,,,5
2018-04-26 11:15:48.000000,2.609026e+07,1.818770e+07,1.239959e+02,1.410281e+06,8.845519e+01,,,,5
2018-04-26 11:15:49.000000,2.609027e+07,1.818655e+07,1.239953e+02,1.410281e+06,8.845519e+01,,,,5
2018-04-26 11:15:50.000000,2.609024e+07,1.818853e+07,1.239964e+02,1.410281e+06,8.845518e+01,,,,5
2018-04-26 11:15:51.000000,2.609025e+07,1.818752e+07,1.239959e+02,1.410281e+06,8.845518e+01,,,,5
2018-04-26 11:15:52.000000,2.609026e+07,1.818936e+07,1.239970e+02,1.410281e+06,8.845517e+01,,,,5
2018-04-26 11:15:53.000000,2.609027e+07,1.818790e+07,1.239962e+02,1.410281e+06,8.845517e+01,,,,5
2018-04-26 11:15:54.000000,2.609026e+07,1.818783e+07,1.239962e+02,1.410281e+06,8.845516e+01,,,,5
2018-04-26 11:15:55.000000,2.609024e+07,1.818694e+07,1.239956e+02,1.410281e+06,8.845516e+01,,,,5
2018-04-26 11:15:56.000000,2.609025e+07,1.818691e+07,1.239956e+02,1.410281e+06,8.845515e+01,,,,5
2018-04-26 11:15:57.000000,2.609025e+07,1.818811e+07,1.239962e+02,1.410281e+06,8.845515e+01,,,,5
2018-04-26 11:15:58.000000,2.609027e+07,1.818672e+07,1.239954e+02,1.410281e+06,8.845514e+01,,,,5
2018-04-26 11:15:59.000000,2.609026e+07,1.818776e+07,1.239959e+02,1.410281e+06,8.845514e+01,,,,5
2018-04-26 11:16:00.000000,2.609026e+07,1.818652e+07,1.239952e+02,1.410281e+06,8.845513e+01,,,,5
2018-04-26 11:16:01.000000,2.609025e+07,1.818858e+07,1.239965e+02,1.410281e+06,8.845513e+01,,,,5
2018-04-26 11:16:02.000000,2.609025e+07,1.818754e+07,1.239959e+02,1.410281e+06,8.845512e+01,,,,5
2018-04-26 11:16:03.000000,2.609025e+07,1.818925e+07,1.239969e+02,1.410281e+06,8.845512e+01,,,,5
2018-04-26 11:16:04.000000,2.609026e+07,1.818790e+07,1.239963e+02,1.410281e+06,8.845511e+01,,,,5
2018-04-26 11:16:05.000000,2.609027e+07,1.818950e+07,1.239971e+02,1.410281e+06,8.845511e+01,,,,5
2018-04-26 11:16:06.000000,2.609025e+07,1.818715e+07,1.239957e+02,1.410281e+06,8.845510e+01,,,,5
2018-04-26 11:16:07.000000,2.609025e+07,1.818840e+07,1.239963e+02,1.410281e+06,8.845510e+01,,,,5
2018-04-26 11:16:08.000000,2.609025e+07,1.818724e+07,1.239957e+02,1.410281e+06,8.845510e+01,,,,5
2018-04-26 11:16:09.000000,2.609026e+07,1.818811e+07,1.239961e+02,1.410281e+06,8.845509e+01,,,,5
2018-04-26 11:16:10.000000,2.609027e+07,1.818697e+07,1.239954e+02,1.410281e+06,8.845509e+01,,,,5
2018-04-26 11:16:11.000000,2.609027e+07,1.818654e+07,1.239953e+02,1.410281e+06,8.845508e+01,,,,5
2018-04-26 11:16:12.000000,2.609025e+07,1.818769e+07,1.239960e+02,1.410281e+06,8.845508e+01,,,,5
2018-04-26 11:16:13.000000,2.609025e+07,1.818746e+07,1.239959e+02,1.410281e+06,8.845507e+01,,,,5
2018-04-26 11:16:14.000000,2.609024e+07,1.818868e+07,1.239965e+02,1.410281e+06,8.845507e+01,,,,5
2018-04-26 11:16:15.000000,2.609027e+07,1.818784e+07,1.239961e+02,1.410281e+06,8.845506e+01,,,,5
2018-04-26 11:16:16.000000,2.609026e+07,1.818950e+07,1.239970e+02,1.410281e+06,8.845506e+01,,,,5
2018-04-26 11:16:17.000000,2.609027e+07,1.818777e+07,1.239961e+02,1.410281e+06,8.845505e+01,,,,5
2018-04-26 11:16:18.000000,2.609024e+07,1.818859e+07,1.239965e+02,1.410281e+06,8.845505e+01,,,,5
2018-04-26 11:16:19.000000,2.609024e+07,1.818692e+07,1.239955e+02,1.410281e+06,8.845504e+01,,,,5
2018-04-26 11:16:20.000000,2.609027e+07,1.818820e+07,1.239961e+02,1.410281e+06,8.845504e+01,,,,5
2018-04-26 11:16:21.000000,2.609026e+07,1.818700e+07,1.239955e+02,1.410281e+06,8.845503e+01,,,,5
2018-04-26 11:16:22.000000,2.609027e+07,1.818659e+07,1.239953e+02,1.410281e+06,8.845503e+01,,,,5
2018-04-26 11:16:23.000000,2.609024e+07,1.818770e+07,1.239960e+02,1.410281e+06,8.845502e+01,,,,5
2018-04-26 11:16:24.000000,2.609025e+07,1.818752e+07,1.239959e+02,1.410281e+06,8.845502e+01,,,,5
2018-04-26 11:16:25.000000,2.609025e+07,1.818874e+07,1.239966e+02,1.410281e+06,8.845501e+01,,,,5
2018-04-26 11:16:26.000000,2.609026e+07,1.818785e+07,1.239961e+02,1.410281e+06,8.845501e+01,,,,5
2018-04-26 11:16:27.000000,2.609027e+07,1.818898e+07,1.239968e+02,1.410281e+06,8.845500e+01,,,,5
2018-04-26 11:16:28.000000,2.609026e+07,1.818780e+07,1.239961e+02,1.410281e+06,8.845500e+01,,,,5
2018-04-26 11:16:29.000000,2.609025e+07,1.818810e+07,1.239962e+02,1.410281e+06,8.845500e+01,,,,5
2018-04-26 11:16:30.000000,2.609025e+07,1.818692e+07,1.239955e+02,1.410281e+06,8.845499e+01,,,,5
2018-04-26 11:16:31.000000,2.609025e+07,1.818852e+07,1.239964e+02,1.410281e+06,8.845499e+01,,,,5
2018-04-26 11:16:32.000000,2.609027e+07,1.818670e+07,1.239954e+02,1.410281e+06,8.845498e+01,,,,5
2018-04-26 11:16:33.000000,2.609026e+07,1.818814e+07,1.239961e+02,1.410281e+06,8.845498e+01,,,,5
2018-04-26 11:16:34.000000,2.609025e+07,1.818755e+07,1.239959e+02,1.410281e+06,8.845497e+01,,,,5
2018-04-26 11:16:35.000000,2.609025e+07,1.818752e+07,1.239960e+02,1.410281e+06,8.845497e+01,,,,5
2018-04-26 11:16:36.000000,2.609025e+07,1.818780e+07,1.239961e+02,1.410281e+06,8.845496e+01,,,,5
2018-04-26 11:16:37.000000,2.609026e+07,1.818783e+07,1.239962e+02,1.410281e+06,8.845496e+01,,,,5
2018-04-26 11:16:38.000000,2.609026e+07,1.818808e+07,1.239963e+02,1.410281e+06,8.845495e+01,,,,5
2018-04-26 11:16:39.000000,2.609027e+07,1.818777e+07,1.239961e+02,1.410281e+06,8.845495e+01,,,,5
2018-04-26 11:16:40.000000,2.609025e+07,1.818811e+07,1.239962e+02,1.410281e+06,8.845494e+01,,,,5
2018-04-26 11:16:41.000000,2.609025e+07,1.818689e+07,1.239955e+02,1.410281e+06,8.845494e+01,,,,5
2018-04-26 11:16:42.000000,2.609024e+07,1.818864e+07,1.239965e+02,1.410281e+06,8.845493e+01,,,,5
2018-04-26 11:16:43.000000,2.609026e+07,1.818669e+07,1.239953e+02,1.410281e+06,8.845493e+01,,,,5
2018-04-26 11:16:44.000000,2.609027e+07,1.818828e+07,1.239962e+02,1.410281e+06,8.845492e+01,,,,5
2018-04-26 11:16:45.000000,2.609026e+07,1.818689e+07,1.239954e+02,1.410281e+06,8.845492e+01,,,,5
2018-04-26 11:16:46.000000,2.609025e+07,1.818908e+07,1.239968e+02,1.410281e+06,8.845491e+01,,,,5
2018-04-26 11:16:47.000000,2.609024e+07,1.818787e+07,1.239961e+02,1.410281e+06,8.845491e+01,,,,5
2018-04-26 11:16:48.000000,2.609027e+07,1.818939e+07,1.239970e+02,1.410281e+06,8.845491e+01,,,,5
2018-04-26 11:16:49.000000,2.609027e+07,1.818824e+07,1.239964e+02,1.410281e+06,8.845490e+01,,,,5
2018-04-26 11:16:50.000000,2.609026e+07,1.818777e+07,1.239961e+02,1.410281e+06,8.845490e+01,,,,5
2018-04-26 11:16:51.000000,2.609025e+07,1.818725e+07,1.239957e+02,1.410281e+06,8.845489e+01,,,,5
2018-04-26 11:16:52.000000,2.609024e+07,1.818686e+07,1.239955e+02,1.410281e+06,8.845489e+01,,,,5
2018-04-26 11:16:53.000000,2.609025e+07,1.818810e+07,1.239962e+02,1.410281e+06,8.845488e+01,,,,5
2018-04-26 11:16:54.000000,2.609027e+07,1.818666e+07,1.239953e+02,1.410281e+06,8.845488e+01,,,,5
2018-04-26 11:16:55.000000,2.609027e+07,1.818770e+07,1.239959e+02,1.410281e+06,8.845487e+01,,,,5
2018-04-26 11:16:56.000000,2.609027e+07,1.818656e+07,1.239952e+02,1.410281e+06,8.845487e+01,,,,5
2018-04-26 11:16:57.000000,2.609024e+07,1.818853e+07,1.239964e+02,1.410281e+06,8.845486e+01,,,,5
2018-04-26 11:16:58.000000,2.609025e+07,1.818752e+07,1.239959e+02,1.410281e+06,8.845486e+01,,,,5
2018-04-26 11:16:59.000000,2.609026e+07,1.818936e+07,1.239970e+02,1.410281e+06,8.845485e+01,,,,5
2018-04-26 11:17:00.000000,2.609027e+07,1.818792e+07,1.239962e+02,1.410281e+06,8.845485e+01,,,,5
2018-04-26 11:17:01.000000,2.609026e+07,1.818783e+07,1.239962e+02,1.410281e+06,8.845484e+01,,,,5
2018-04-26 11:17:02.000000,2.609024e+07,1.818694e+07,1.239956e+02,1.410281e+06,8.845484e+01,,,,5
2018-04-26 11:17:03.000000,2.609025e+07,1.818691e+07,1.239955e+02,1.410281e+06,8.845483e+01,,,,5
2018-04-26 11:17:04.000000,2.609025e+07,1.818811e+07,1.239962e+02,1.410281e+06,8.845483e+01,,,,5
2018-04-26 11:17:05.000000,2.609027e+07,1.818672e+07,1.239954e+02,1.410281e+06,8.845483e+01,,,,5
2018-04-26 11:17:06.000000,2.609026e+07,1.818776e+07,1.239959e+02,1.410281e+06,8.845482e+01,,,,5
2018-04-26 11:17:07.000000,2.609026e+07,1.818654e+07,1.239952e+02,1.410281e+06,8.845482e+01,,,,5
2018-04-26 11:17:08.000000,2.609025e+07,1.818858e+07,1.239965e+02,1.410281e+06,8.845481e+01,,,,5
2018-04-26 11:17:09.000000,2.609024e+07,1.818754e+07,1.239959e+02,1.410281e+06,8.845481e+01,,,,5
2018-04-26 11:17:10.000000,2.609025e+07,1.818923e+07,1.239969e+02,1.410281e+06,8.845480e+01,,,,5
2018-04-26 11:17:11.000000,2.609026e+07,1.818790e+07,1.239962e+02,1.410281e+06,8.845480e+01,,,,5
2018-04-26 11:17:12.000000,2.609026e+07,1.818950e+07,1.239971e+02,1.410281e+06,8.845479e+01,,,,5
2018-04-26 11:17:13.000000,2.609025e+07,1.818717e+07,1.239957e+02,1.410281e+06,8.845479e+01,,,,5
2018-04-26 11:17:14.000000,2.609025e+07,1.818840e+07,1.239963e+02,1.410281e+06,8.845478e+01,,,,5
2018-04-26 11:17:15.000000,2.609025e+07,1.818724e+07,1.239957e+02,1.410281e+06,8.845478e+01,,,,5
2018-04-26 11:17:16.000000,2.609026e+07,1.818811e+07,1.239961e+02,1.410281e+06,8.845477e+01,,,,5
2018-04-26 11:17:17.000000,2.609027e+07,1.818698e+07,1.239955e+02,1.410281e+06,8.845477e+01,,,,5
2018-04-26 11:17:18.000000,2.609027e+07,1.818654e+07,1.239952e+02,1.410281e+06,8.845476e+01,,,,5
2018-04-26 11:17:19.000000,2.609025e+07,1.818768e+07,1.239960e+02,1.410281e+06,8.845476e+01,,,,5
2018-04-26 11:17:20.000000,2.609025e+07,1.818746e+07,1.239959e+02,1.410281e+06,8.845476e+01,,,,5
2018-04-26 11:17:21.000000,2.609024e+07,1.818868e+07,1.239965e+02,1.410281e+06,8.845475e+01,,,,5
2018-04-26 11:17:22.000000,2.609027e+07,1.818784e+07,1.239961e+02,1.410281e+06,8.845475e+01,,,,5
2018-04-26 11:17:23.000000,2.609026e+07,1.818950e+07,1.239970e+02,1.410281e+06,8.845474e+01,,,,5
2018-04-26 11:17:24.000000,2.609027e+07,1.818779e+07,1.239961e+02,1.410281e+06,8.845474e+01,,,,5
2018-04-26 11:17:25.000000,2.609024e+07,1.818859e+07,1.239965e+02,1.410281e+06,8.845473e+01,,,,5
2018-04-26 11:17:26.000000,2.609024e+07,1.818692e+07,1.239955e+02,1.410281e+06,8.845473e+01,,,,5
2018-04-26 11:17:27.000000,2.609027e+07,1.818819e+07,1.239961e+02,1.410281e+06,8.845472e+01,,,,5
2018-04-26 11:17:28.000000,2.609026e+07,1.818700e+07,1.239955e+02,1.410281e+06,8.845472e+01,,,,5
2018-04-26 11:17:29.000000,2.609027e+07,1.818659e+07,1.239953e+02,1.410281e+06,8.845471e+01,,,,5
2018-04-26 11:17:30.000000,2.609024e+07,1.818768e+07,1.239960e+02,1.410281e+06,8.845471e+01,,,,5
2018-04-26 11:17:31.000000,2.609025e+07,1.818752e+07,1.239959e+02,1.410281e+06,8.845470e+01,,,,5
2018-04-26 11:17:32.000000,2.609025e+07,1.818874e+07,1.239966e+02,1.410281e+06,8.845470e+01,,,,5
2018-04-26 11:17:33.000000,2.609026e+07,1.818785e+07,1.239961e+02,1.410281e+06,8.845469e+01,,,,5
2018-04-26 11:17:34.000000,2.609027e+07,1.818897e+07,1.239968e+02,1.410281e+06,8.845469e+01,,,,5
2018-04-26 11:17:35.000000,2.609026e+07,1.818779e+07,1.239961e+02,1.410281e+06,8.845469e+01,,,,5
2018-04-26 11:17:36.000000,2.609025e+07,1.818810e+07,1.239962e+02,1.410281e+06,8.845468e+01,,,,5
2018-04-26 11:17:37.000000,2.609025e+07,1.818694e+07,1.239955e+02,1.410281e+06,8.845468e+01,,,,5
2018-04-26 11:17:38.000000,2.609025e+07,1.818852e+07,1.239964e+02,1.410281e+06,8.845467e+01,,,,5
2018-04-26 11:17:39.000000,2.609026e+07,1.818670e+07,1.239953e+02,1.410281e+06,8.845467e+01,,,,5
2018-04-26 11:17:40.000000,2.609026e+07,1.818813e+07,1.239961e+02,1.410281e+06,8.845466e+01,,,,5
2018-04-26 11:17:41.000000,2.609025e+07,1.818755e+07,1.239959e+02,1.410281e+06,8.845466e+01,,,,5
2018-04-26 11:17:42.000000,2.609025e+07,1.818752e+07,1.239959e+02,1.410281e+06,8.845465e+01,,,,5
2018-04-26 11:17:43.000000,2.609025e+07,1.818779e+07,1.239961e+02,1.410281e+06,8.845465e+01,,,,5
2018-04-26 11:17:44.000000,2.609026e+07,1.818783e+07,1.239962e+02,1.410281e+06,8.845464e+01,,,,5
2018-04-26 11:17:45.000000,2.609026e+07,1.818808e+07,1.239963e+02,1.410281e+06,8.845464e+01,,,,5
2018-04-26 11:17:46.000000,2.609027e+07,1.818777e+07,1.239961e+02,1.410281e+06,8.845463e+01,,,,5
2018-04-26 11:17:47.000000,2.609024e+07,1.818810e+07,1.239962e+02,1.410281e+06,8.845463e+01,,,,5
2018-04-26 11:17:48.000000,2.609025e+07,1.818689e+07,1.239955e+02,1.410281e+06,8.845462e+01,,,,5
2018-04-26 11:17:49.000000,2.609024e+07,1.818864e+07,1.239965e+02,1.410281e+06,8.845462e+01,,,,5
2018-04-26 11:17:50.000000,2.609026e+07,1.818669e+07,1.239953e+02,1.410281e+06,8.845462e+01,,,,5
2018-04-26 11:17:51.000000,2.609027e+07,1.818826e+07,1.239961e+02,1.410281e+06,8.845461e+01,,,,5
2018-04-26 11:17:52.000000,2.609026e+07,1.818689e+07,1.239954e+02,1.410281e+06,8.845461e+01,,,,5
2018-04-26 11:17:53.000000,2.609025e+07,1.818908e+07,1.239967e+02,1.410281e+06,8.845460e+01,,,,5
2018-04-26 11:17:54.000000,2.609024e+07,1.818787e+07,1.239961e+02,1.410281e+06,8.845460e+01,,,,5
2018-04-26 11:17:55.000000,2.609026e+07,1.818939e+07,1.239970e+02,1.410281e+06,8.845459e+01,,,,5
2018-04-26 11:17:56.000000,2.609027e+07,1.818824e+07,1.239964e+02,1.410281e+06,8.845459e+01,,,,5
2018-04-26 11:17:57.000000,2.609026e+07,1.818777e+07,1.239961e+02,1.410281e+06,8.845458e+01,,,,5
2018-04-26 11:17:58.000000,2.609025e+07,1.818726e+07,1.239957e+02,1.410281e+06,8.845458e+01,,,,5
2018-04-26 11:17:59.000000,2.609024e+07,1.818686e+07,1.239955e+02,1.410281e+06,8.845457e+01,,,,5
2018-04-26 11:18:00.000000,2.609025e+07,1.818810e+07,1.239962e+02,1.410281e+06,8.845457e+01,,,,5
2018-04-26 11:18:01.000000,2.609026e+07,1.818668e+07,1.239953e+02,1.410281e+06,8.845456e+01,,,,5
2018-04-26 11:18:02.000000,2.609026e+07,1.818770e+07,1.239959e+02,1.410281e+06,8.845456e+01,,,,5
2018-04-26 11:18:03.000000,2.609026e+07,1.818656e+07,1.239952e+02,1.410281e+06,8.845456e+01,,,,5
2018-04-26 11:18:04.000000,2.609024e+07,1.818851e+07,1.239964e+02,1.410281e+06,8.845455e+01,,,,5
2018-04-26 11:18:05.000000,2.609025e+07,1.818752e+07,1.239959e+02,1.410281e+06,8.845455e+01,,,,5
2018-04-26 11:18:06.000000,2.609025e+07,1.818752e+07,1.239959e+02,1.410281e+06,8.845454e+01,,,,5
2018-04-26 11:18:07.000000,2.609027e+07,1.818775e+07,1.239961e+02,1.410281e+06,8.845454e+01,,,,5
2018-04-26 11:18:08.000000,2.609026e+07,1.818783e+07,1.239962e+02,1.410281e+06,8.845453e+01,,,,5
2018-04-26 11:18:09.000000,2.609024e+07,1.818694e+07,1.239956e+02,1.410281e+06,8.845453e+01,,,,5
2018-04-26 11:18:10.000000,2.609025e+07,1.818691e+07,1.239955e+02,1.410281e+06,8.845452e+01,,,,5
2018-04-26 11:18:11.000000,2.609024e+07,1.818810e+07,1.239962e+02,1.410281e+06,8.845452e+01,,,,5
2018-04-26 11:18:12.000000,2.609027e+07,1.818673e+07,1.239954e+02,1.410281e+06,8.845451e+01,,,,5
2018-04-26 11:18:13.000000,2.609026e+07,1.818776e+07,1.239959e+02,1.410281e+06,8.845451e+01,,,,5
2018-04-26 11:18:14.000000,2.609026e+07,1.818653e+07,1.239952e+02,1.410281e+06,8.845450e+01,,,,5
2018-04-26 11:18:15.000000,2.609025e+07,1.818858e+07,1.239965e+02,1.410281e+06,8.845450e+01,,,,5
2018-04-26 11:18:16.000000,2.609024e+07,1.818754e+07,1.239959e+02,1.410281e+06,8.845449e+01,,,,5
2018-04-26 11:18:17.000000,2.609025e+07,1.818923e+07,1.239968e+02,1.410281e+06,8.845449e+01,,,,5
2018-04-26 11:18:18.000000,2.609026e+07,1.818790e+07,1.239962e+02,1.410281e+06,8.845449e+01,,,,5
2018-04-26 11:18:19.000000,2.609026e+07,1.818949e+07,1.239971e+02,1.410281e+06,8.845448e+01,,,,5
2018-04-26 11:18:20.000000,2.609027e+07,1.818814e+07,1.239963e+02,1.410281e+06,8.845448e+01,,,,5
2018-04-26 11:18:21.000000,2.609025e+07,1.818849e+07,1.239964e+02,1.410281e+06,8.845447e+01,,,,5
2018-04-26 11:18:22.000000,2.609025e+07,1.818724e+07,1.239957e+02,1.410281e+06,8.845447e+01,,,,5
2018-04-26 11:18:23.000000,2.609026e+07,1.818810e+07,1.239961e+02,1.410281e+06,8.845446e+01,,,,5
2018-04-26 11:18:24.000000,2.609027e+07,1.818698e+07,1.239955e+02,1.410281e+06,8.845446e+01,,,,5
2018-04-26 11:18:25.000000,2.609026e+07,1.818654e+07,1.239952e+02,1.410281e+06,8.845445e+01,,,,5
2018-04-26 11:18:26.000000,2.609025e+07,1.818768e+07,1.239959e+02,1.410281e+06,8.845445e+01,,,,5
2018-04-26 11:18:27.000000,2.609025e+07,1.818746e+07,1.239959e+02,1.410281e+06,8.845444e+01,,,,5
2018-04-26 11:18:28.000000,2.609024e+07,1.818866e+07,1.239965e+02,1.410281e+06,8.845444e+01,,,,5
2018-04-26 11:18:29.000000,2.609027e+07,1.818784e+07,1.239961e+02,1.410281e+06,8.845443e+01,,,,5
2018-04-26 11:18:30.000000,2.609026e+07,1.818950e+07,1.239970e+02,1.410281e+06,8.845443e+01,,,,5
2018-04-26 11:18:31.000000,2.609027e+07,1.818779e+07,1.239961e+02,1.410281e+06,8.845443e+01,,,,5
2018-04-26 11:18:32.000000,2.609024e+07,1.818859e+07,1.239964e+02,1.410281e+06,8.845442e+01,,,,5
2018-04-26 11:18:33.000000,2.609024e+07,1.818692e+07,1.239955e+02,1.410281e+06,8.845442e+01,,,,5
2018-04-26 11:18:34.000000,2.609027e+07,1.818819e+07,1.239961e+02,1.410281e+06,8.845441e+01,,,,5
2018-04-26 11:18:35.000000,2.609026e+07,1.818701e+07,1.239955e+02,1.410281e+06,8.845441e+01,,,,5
2018-04-26 11:18:36.000000,2.609027e+07,1.818659e+07,1.239953e+02,1.410281e+06,8.845440e+01,,,,5
2018-04-26 11:18:37.000000,2.609024e+07,1.818768e+07,1.239960e+02,1.410281e+06,8.845440e+01,,,,5
2018-04-26 11:18:38.000000,2.609024e+07,1.818752e+07,1.239959e+02,1.410281e+06,8.845439e+01,,,,5
2018-04-26 11:18:39.000000,2.609025e+07,1.818874e+07,1.239966e+02,1.410281e+06,8.845439e+01,,,,5
2018-04-26 11:18:40.000000,2.609026e+07,1.818785e+07,1.239961e+02,1.410280e+06,8.845438e+01,,,,5
2018-04-26 11:18:41.000000,2.609027e+07,1.818897e+07,1.239968e+02,1.410280e+06,8.845438e+01,,,,5
2018-04-26 11:18:42.000000,2.609026e+07,1.818781e+07,1.239961e+02,1.410280e+06,8.845438e+01,,,,5
2018-04-26 11:18:43.000000,2.609025e+07,1.818809e+07,1.239961e+02,1.410280e+06,8.845437e+01,,,,5
2018-04-26 11:18:44.000000,2.609025e+07,1.818694e+07,1.239955e+02,1.410280e+06,8.845437e+01,,,,5
2018-04-26 11:18:45.000000,2.609024e+07,1.818850e+07,1.239964e+02,1.410280e+06,8.845436e+01,,,,5
2018-04-26 11:18:46.000000,2.609026e+07,1.818670e+07,1.239953e+02,1.410280e+06,8.845436e+01,,,,5
2018-04-26 11:18:47.000000,2.609026e+07,1.818813e+07,1.239961e+02,1.410280e+06,8.845435e+01,,,,5
2018-04-26 11:18:48.000000,2.609025e+07,1.818754e+07,1.239959e+02,1.410280e+06,8.845435e+01,,,,5
2018-04-26 11:18:49.000000,2.609025e+07,1.818752e+07,1.239959e+02,1.410280e+06,8.845434e+01,,,,5
2018-04-26 11:18:50.000000,2.609025e+07,1.818779e+07,1.239960e+02,1.410280e+06,8.845434e+01,,,,5
2018-04-26 11:18:51.000000,2.609026e+07,1.818783e+07,1.239962e+02,1.410280e+06,8.845433e+01,,,,5
2018-04-26 11:18:52.000000,2.609026e+07,1.818808e+07,1.239963e+02,1.410280e+06,8.845433e+01,,,,5
2018-04-26 11:18:53.000000,2.609027e+07,1.818777e+07,1.239961e+02,1.410280e+06,8.845432e+01,,,,5
2018-04-26 11:18:54.000000,2.609024e+07,1.818810e+07,1.239962e+02,1.410280e+06,8.845432e+01,,,,5
2018-04-26 11:18:55.000000,2.609025e+07,1.818690e+07,1.239955e+02,1.410280e+06,8.845432e+01,,,,5
2018-04-26 11:18:56.000000,2.609024e+07,1.818864e+07,1.239964e+02,1.410280e+06,8.845431e+01,,,,5
2018-04-26 11:18:57.000000,2.609026e+07,1.818668e+07,1.239953e+02,1.410280e+06,8.845431e+01,,,,5
2018-04-26 11:18:58.000000,2.609027e+07,1.818826e+07,1.239961e+02,1.410280e+06,8.845430e+01,,,,5
2018-04-26 11:18:59.000000,2.609026e+07,1.818691e+07,1.239954e+02,1.410280e+06,8.845430e+01,,,,5
2018-04-26 11:19:00.000000,2.609025e+07,1.818907e+07,1.239967e+02,1.410280e+06,8.845429e+01,,,,5
2018-04-26 11:19:01.000000,2.609024e+07,1.818787e+07,1.239961e+02,1.410280e+06,8.845429e+01,,,,5
2018-04-26 11:19:02.000000,2.609026e+07,1.818937e+07,1.239970e+02,1.410280e+06,8.845428e+01,,,,5
2018-04-26 11:19:03.000000,2.609027e+07,1.818825e+07,1.239964e+02,1.410280e+06,8.845428e+01,,,,5
2018-04-26 11:19:04.000000,2.609026e+07,1.818777e+07,1.239961e+02,1.410280e+06,8.845427e+01,,,,5
2018-04-26 11:19:05.000000,2.609025e+07,1.818726e+07,1.239957e+02,1.410280e+06,8.845427e+01,,,,5
2018-04-26 11:19:06.000000,2.609024e+07,1.818686e+07,1.239955e+02,1.410280e+06,8.845426e+01,,,,5
2018-04-26 11:19:07.000000,2.609025e+07,1.818809e+07,1.239961e+02,1.410280e+06,8.845426e+01,,,,5
2018-04-26 11:19:08.000000,2.609026e+07,1.818668e+07,1.239953e+02,1.410280e+06,8.845426e+01,,,,5
2018-04-26 11:19:09.000000,2.609026e+07,1.818768e+07,1.239959e+02,1.410280e+06,8.845425e+01,,,,5
2018-04-26 11:19:10.000000,2.609026e+07,1.818656e+07,1.239952e+02,1.410280e+06,8.845425e+01,,,,5
2018-04-26 11:19:11.000000,2.609024e+07,1.818851e+07,1.239964e+02,1.410280e+06,8.845424e+01,,,,5
2018-04-26 11:19:12.000000,2.609025e+07,1.818752e+07,1.239959e+02,1.410280e+06,8.845424e+01,,,,5
2018-04-26 11:19:13.000000,2.609024e+07,1.818751e+07,1.239959e+02,1.410280e+06,8.845423e+01,,,,5
2018-04-26 11:19:14.000000,2.609027e+07,1.818775e+07,1.239961e+02,1.410280e+06,8.845423e+01,,,,5
2018-04-26 11:19:15.000000,2.609026e+07,1.818783e+07,1.239962e+02,1.410280e+06,8.845422e+01,,,,5
2018-04-26 11:19:16.000000,2.609024e+07,1.818695e+07,1.239956e+02,1.410280e+06,8.845422e+01,,,,5
2018-04-26 11:19:17.000000,2.609025e+07,1.818691e+07,1.239955e+02,1.410280e+06,8.845421e+01,,,,5
2018-04-26 11:19:18.000000,2.609024e+07,1.818810e+07,1.239961e+02,1.410280e+06,8.845421e+01,,,,5
2018-04-26 11:19:19.000000,2.609027e+07,1.818674e+07,1.239954e+02,1.410280e+06,8.845421e+01,,,,5
2018-04-26 11:19:20.000000,2.609026e+07,1.818776e+07,1.239959e+02,1.410280e+06,8.845420e+01,,,,5
2018-04-26 11:19:21.000000,2.609026e+07,1.818653e+07,1.239952e+02,1.410280e+06,8.845420e+01,,,,5
2018-04-26 11:19:22.000000,2.609025e+07,1.818856e+07,1.239965e+02,1.410280e+06,8.845419e+01,,,,5
2018-04-26 11:19:23.000000,2.609024e+07,1.818754e+07,1.239959e+02,1.410280e+06,8.845419e+01,,,,5
2018-04-26 11:19:24.000000,2.609025e+07,1.818923e+07,1.239968e+02,1.410280e+06,8.845418e+01,,,,5
2018-04-26 11:19:25.000000,2.609026e+07,1.818790e+07,1.239962e+02,1.410280e+06,8.845418e+01,,,,5
2018-04-26 11:19:26.000000,2.609026e+07,1.818948e+07,1.239970e+02,1.410280e+06,8.845417e+01,,,,5
2018-04-26 11:19:27.000000,2.609027e+07,1.818814e+07,1.239963e+02,1.410280e+06,8.845417e+01,,,,5
2018-04-26 11:19:28.000000,2.609024e+07,1.818849e+07,1.239963e+02,1.410280e+06,8.845416e+01,,,,5
2018-04-26 11:19:29.000000,2.609025e+07,1.818726e+07,1.239956e+02,1.410280e+06,8.845416e+01,,,,5
2018-04-26 11:19:30.000000,2.609026e+07,1.818810e+07,1.239960e+02,1.410280e+06,8.845416e+01,,,,5
2018-04-26 11:19:31.000000,2.609027e+07,1.818698e+07,1.239955e+02,1.410280e+06,8.845415e+01,,,,5
2018-04-26 11:19:32.000000,2.609026e+07,1.818654e+07,1.239952e+02,1.410280e+06,8.845415e+01,,,,5
2018-04-26 11:19:33.000000,2.609025e+07,1.818767e+07,1.239959e+02,1.410280e+06,8.845414e+01,,,,5
2018-04-26 11:19:34.000000,2.609024e+07,1.818746e+07,1.239959e+02,1.410280e+06,8.845414e+01,,,,5
2018-04-26 11:19:35.000000,2.609024e+07,1.818866e+07,1.239965e+02,1.410280e+06,8.845413e+01,,,,5
2018-04-26 11:19:36.000000,2.609027e+07,1.818785e+07,1.239961e+02,1.410280e+06,8.845413e+01,,,,5
2018-04-26 11:19:37.000000,2.609026e+07,1.818950e+07,1.239970e+02,1.410280e+06,8.845412e+01,,,,5
2018-04-26 11:19:38.000000,2.609026e+07,1.818779e+07,1.239961e+02,1.410280e+06,8.845412e+01,,,,5
2018-04-26 11:19:39.000000,2.609024e+07,1.818859e+07,1.239964e+02,1.410280e+06,8.845411e+01,,,,5
2018-04-26 11:19:40.000000,2.609024e+07,1.818692e+07,1.239954e+02,1.410280e+06,8.845411e+01,,,,5
2018-04-26 11:19:41.000000,2.609025e+07,1.818692e+07,1.239955e+02,1.410280e+06,8.845411e+01,,,,5
2018-04-26 11:19:42.000000,2.609026e+07,1.818689e+07,1.239954e+02,1.410280e+06,8.845410e+01,,,,5
2018-04-26 11:19:43.000000,2.609027e+07,1.818659e+07,1.239953e+02,1.410280e+06,8.845410e+01,,,,5
2018-04-26 11:19:44.000000,2.609024e+07,1.818768e+07,1.239959e+02,1.410280e+06,8.845409e+01,,,,5
2018-04-26 11:19:45.000000,2.609024e+07,1.818751e+07,1.239959e+02,1.410280e+06,8.845409e+01,,,,5
2018-04-26 11:19:46.000000,2.609025e+07,1.818873e+07,1.239966e+02,1.410280e+06,8.845408e+01,,,,5
2018-04-26 11:19:47.000000,2.609026e+07,1.818785e+07,1.239961e+02,1.410280e+06,8.845408e+01,,,,5
2018-04-26 11:19:48.000000,2.609027e+07,1.818897e+07,1.239968e+02,1.410280e+06,8.845407e+01,,,,5
2018-04-26 11:19:49.000000,2.609026e+07,1.818781e+07,1.239961e+02,1.410280e+06,8.845407e+01,,,,5
2018-04-26 11:19:50.000000,2.609025e+07,1.818809e+07,1.239961e+02,1.410280e+06,8.845406e+01,,,,5
2018-04-26 11:19:51.000000,2.609025e+07,1.818694e+07,1.239955e+02,1.410280e+06,8.845406e+01,,,,5
2018-04-26 11:19:52.000000,2.609024e+07,1.818850e+07,1.239963e+02,1.410280e+06,8.845406e+01,,,,5
2018-04-26 11:19:53.000000,2.609026e+07,1.818671e+07,1.239953e+02,1.410280e+06,8.845405e+01,,,,5
2018-04-26 11:19:54.000000,2.609026e+07,1.818813e+07,1.239961e+02,1.410280e+06,8.845405e+01,,,,5
2018-04-26 11:19:55.000000,2.609027e+07,1.818688e+07,1.239954e+02,1.410280e+06,8.845404e+01,,,,5
2018-04-26 11:19:56.000000,2.609024e+07,1.818746e+07,1.239959e+02,1.410280e+06,8.845404e+01,,,,5
2018-04-26 11:19:57.000000,2.609025e+07,1.818779e+07,1.239960e+02,1.410280e+06,8.845403e+01,,,,5
2018-04-26 11:19:58.000000,2.609026e+07,1.818783e+07,1.239962e+02,1.410280e+06,8.845403e+01,,,,5
2018-04-26 11:19:59.000000,2.609026e+07,1.818808e+07,1.239963e+02,1.410280e+06,8.845402e+01,,,,5
2018-04-26 11:20:00.000000,2.609027e+07,1.818777e+07,1.239961e+02,1.410280e+06,8.845402e+01,,,,5
2018-04-26 11:20:01.000000,2.609024e+07,1.818725e+07,1.239956e+02,1.410280e+06,8.845402e+01,,,,5
2018-04-26 11:20:02.000000,2.609025e+07,1.818686e+07,1.239955e+02,1.410280e+06,8.845401e+01,,,,5
2018-04-26 11:20:03.000000,2.609025e+07,1.818809e+07,1.239961e+02,1.410280e+06,8.845401e+01,,,,5
2018-04-26 11:20:04.000000,2.609026e+07,1.818666e+07,1.239953e+02,1.410280e+06,8.845400e+01,,,,5
2018-04-26 11:20:05.000000,2.609026e+07,1.818770e+07,1.239959e+02,1.410280e+06,8.845400e+01,,,,5
2018-04-26 11:20:06.000000,2.609026e+07,1.818656e+07,1.239952e+02,1.410280e+06,8.845399e+01,,,,5
2018-04-26 11:20:07.000000,2.609024e+07,1.818851e+07,1.239964e+02,1.410280e+06,8.845399e+01,,,,5
2018-04-26 11:20:08.000000,2.609025e+07,1.818751e+07,1.239959e+02,1.410280e+06,8.845398e+01,,,,5
2018-04-26 11:20:09.000000,2.609026e+07,1.818936e+07,1.239970e+02,1.410280e+06,8.845398e+01,,,,5
2018-04-26 11:20:10.000000,2.609027e+07,1.818792e+07,1.239962e+02,1.410280e+06,8.845397e+01,,,,5
2018-04-26 11:20:11.000000,2.609026e+07,1.818783e+07,1.239962e+02,1.410280e+06,8.845397e+01,,,,5
2018-04-26 11:20:12.000000,2.609024e+07,1.818694e+07,1.239955e+02,1.410280e+06,8.845397e+01,,,,5
2018-04-26 11:20:13.000000,2.609025e+07,1.818691e+07,1.239955e+02,1.410280e+06,8.845396e+01,,,,5
2018-04-26 11:20:14.000000,2.609024e+07,1.818811e+07,1.239961e+02,1.410280e+06,8.845396e+01,,,,5
2018-04-26 11:20:15.000000,2.609027e+07,1.818672e+07,1.239954e+02,1.410280e+06,8.845395e+01,,,,5
2018-04-26 11:20:16.000000,2.609026e+07,1.818776e+07,1.239959e+02,1.410280e+06,8.845395e+01,,,,5
2018-04-26 11:20:17.000000,2.609026e+07,1.818654e+07,1.239952e+02,1.410280e+06,8.845394e+01,,,,5
2018-04-26 11:20:18.000000,2.609025e+07,1.818858e+07,1.239965e+02,1.410280e+06,8.845394e+01,,,,5
2018-04-26 11:20:19.000000,2.609024e+07,1.818754e+07,1.239959e+02,1.410280e+06,8.845393e+01,,,,5
2018-04-26 11:20:20.000000,2.609025e+07,1.818923e+07,1.239968e+02,1.410280e+06,8.845393e+01,,,,5
2018-04-26 11:20:21.000000,2.609026e+07,1.818789e+07,1.239962e+02,1.410280e+06,8.845393e+01,,,,5
2018-04-26 11:20:22.000000,2.609026e+07,1.818950e+07,1.239971e+02,1.410280e+06,8.845392e+01,,,,5
2018-04-26 11:20:23.000000,2.609025e+07,1.818717e+07,1.239957e+02,1.410280e+06,8.845392e+01,,,,5
2018-04-26 11:20:24.000000,2.609025e+07,1.818838e+07,1.239962e+02,1.410280e+06,8.845391e+01,,,,5
2018-04-26 11:20:25.000000,2.609025e+07,1.818724e+07,1.239956e+02,1.410280e+06,8.845391e+01,,,,5
2018-04-26 11:20:26.000000,2.609026e+07,1.818810e+07,1.239960e+02,1.410280e+06,8.845390e+01,,,,5
2018-04-26 11:20:27.000000,2.609027e+07,1.818698e+07,1.239955e+02,1.410280e+06,8.845390e+01,,,,5
2018-04-26 11:20:28.000000,2.609026e+07,1.818654e+07,1.239952e+02,1.410280e+06,8.845389e+01,,,,5
2018-04-26 11:20:29.000000,2.609025e+07,1.818768e+07,1.239959e+02,1.410280e+06,8.845389e+01,,,,5
2018-04-26 11:20:30.000000,2.609025e+07,1.818746e+07,1.239959e+02,1.410280e+06,8.845389e+01,,,,5
2018-04-26 11:20:31.000000,2.609024e+07,1.818868e+07,1.239965e+02,1.410280e+06,8.845388e+01,,,,5
2018-04-26 11:20:32.000000,2.609027e+07,1.818784e+07,1.239961e+02,1.410280e+06,8.845388e+01,,,,5
2018-04-26 11:20:33.000000,2.609026e+07,1.818950e+07,1.239970e+02,1.410280e+06,8.845387e+01,,,,5
2018-04-26 11:20:34.000000,2.609027e+07,1.818779e+07,1.239961e+02,1.410280e+06,8.845387e+01,,,,5
2018-04-26 11:20:35.000000,2.609024e+07,1.818859e+07,1.239964e+02,1.410280e+06,8.845386e+01,,,,5
2018-04-26 11:20:36.000000,2.609024e+07,1.818692e+07,1.239954e+02,1.410280e+06,8.845386e+01,,,,5
2018-04-26 11:20:37.000000,2.609027e+07,1.818819e+07,1.239961e+02,1.410280e+06,8.845385e+01,,,,5
2018-04-26 11:20:38.000000,2.609026e+07,1.818700e+07,1.239955e+02,1.410280e+06,8.845385e+01,,,,5
2018-04-26 11:20:39.000000,2.609027e+07,1.818659e+07,1.239953e+02,1.410280e+06,8.845384e+01,,,,5
2018-04-26 11:20:40.000000,2.609024e+07,1.818768e+07,1.239959e+02,1.410280e+06,8.845384e+01,,,,5
2018-04-26 11:20:41.000000,2.609025e+07,1.818752e+07,1.239959e+02,1.410280e+06,8.845384e+01,,,,5
2018-04-26 11:20:42.000000,2.609025e+07,1.818874e+07,1.239966e+02,1.410280e+06,8.845383e+01,,,,5
2018-04-26 11:20:43.000000,2.609026e+07,1.818785e+07,1.239961e+02,1.410280e+06,8.845383e+01,,,,5
2018-04-26 11:20:44.000000,2.609027e+07,1.818897e+07,1.239968e+02,1.410280e+06,8.845382e+01,,,,5
2018-04-26 11:20:45.000000,2.609026e+07,1.818779e+07,1.239961e+02,1.410280e+06,8.845382e+01,,,,5
2018-04-26 11:20:46.000000,2.609025e+07,1.818809e+07,1.239961e+02,1.410280e+06,8.845381e+01,,,,5
2018-04-26 11:20:47.000000,2.609025e+07,1.818694e+07,1.239955e+02,1.410280e+06,8.845381e+01,,,,5
2018-04-26 11:20:48.000000,2.609025e+07,1.818852e+07,1.239963e+02,1.410280e+06,8.845380e+01,,,,5
2018-04-26 11:20:49.000000,2.609026e+07,1.818670e+07,1.239953e+02,1.410280e+06,8.845380e+01,,,,5
2018-04-26 11:20:50.000000,2.609026e+07,1.818813e+07,1.239961e+02,1.410280e+06,8.845380e+01,,,,5
2018-04-26 11:20:51.000000,2.609025e+07,1.818754e+07,1.239959e+02,1.410280e+06,8.845379e+01,,,,5
2018-04-26 11:20:52.000000,2.609025e+07,1.818752e+07,1.239959e+02,1.410280e+06,8.845379e+01,,,,5
2018-04-26 11:20:53.000000,2.609025e+07,1.818779e+07,1.239960e+02,1.410280e+06,8.845378e+01,,,,5
2018-04-26 11:20:54.000000,2.609026e+07,1.818783e+07,1.239962e+02,1.410280e+06,8.845378e+01,,,,5
2018-04-26 11:20:55.000000,2.609026e+07,1.818808e+07,1.239963e+02,1.410280e+06,8.845377e+01,,,,5
2018-04-26 11:20:56.000000,2.609027e+07,1.818777e+07,1.239961e+02,1.410280e+06,8.845377e+01,,,,5
2018-04-26 11:20:57.000000,2.609024e+07,1.818810e+07,1.239961e+02,1.410280e+06,8.845376e+01,,,,5
2018-04-26 11:20:58.000000,2.609025e+07,1.818690e+07,1.239954e+02,1.410280e+06,8.845376e+01,,,,5
2018-04-26 11:20:59.000000,2.609024e+07,1.818864e+07,1.239964e+02,1.410280e+06,8.845376e+01,,,,5
2018-04-26 11:21:00.000000,2.609026e+07,1.818668e+07,1.239953e+02,1.410280e+06,8.845375e+01,,,,5
2018-04-26 11:21:01.000000,2.609027e+07,1.818826e+07,1.239961e+02,1.410280e+06,8.845375e+01,,,,5
2018-04-26 11:21:02.000000,2.609026e+07,1.818689e+07,1.239954e+02,1.410280e+06,8.845374e+01,,,,5
2018-04-26 11:21:03.000000,2.609025e+07,1.818908e+07,1.239967e+02,1.410280e+06,8.845374e+01,,,,5
2018-04-26 11:21:04.000000,2.609024e+07,1.818787e+07,1.239960e+02,1.410280e+06,8.845373e+01,,,,5
2018-04-26 11:21:05.000000,2.609026e+07,1.818939e+07,1.239970e+02,1.410280e+06,8.845373e+01,,,,5
2018-04-26 11:21:06.000000,2.609027e+07,1.818824e+07,1.239964e+02,1.410280e+06,8.845372e+01,,,,5
2018-04-26 11:21:07.000000,2.609026e+07,1.818777e+07,1.239961e+02,1.410280e+06,8.845372e+01,,,,5
2018-04-26 11:21:08.000000,2.609025e+07,1.818726e+07,1.239957e+02,1.410280e+06,8.845372e+01,,,,5
2018-04-26 11:21:09.000000,2.609024e+07,1.818686e+07,1.239954e+02,1.410280e+06,8.845371e+01,,,,5
2018-04-26 11:21:10.000000,2.609025e+07,1.818809e+07,1.239961e+02,1.410280e+06,8.845371e+01,,,,5
2018-04-26 11:21:11.000000,2.609026e+07,1.818668e+07,1.239953e+02,1.410280e+06,8.845370e+01,,,,5
2018-04-26 11:21:12.000000,2.609026e+07,1.818770e+07,1.239958e+02,1.410280e+06,8.845370e+01,,,,5
2018-04-26 11:21:13.000000,2.609026e+07,1.818656e+07,1.239952e+02,1.410280e+06,8.845369e+01,,,,5
2018-04-26 11:21:14.000000,2.609024e+07,1.818851e+07,1.239964e+02,1.410280e+06,8.845369e+01,,,,5
2018-04-26 11:21:15.000000,2.609025e+07,1.818752e+07,1.239959e+02,1.410280e+06,8.845368e+01,,,,5
2018-04-26 11:21:16.000000,2.609025e+07,1.818752e+07,1.239959e+02,1.410280e+06,8.845368e+01,,,,5
2018-04-26 11:21:17.000000,2.609027e+07,1.818775e+07,1.239961e+02,1.410280e+06,8.845368e+01,,,,5
2018-04-26 11:21:18.000000,2.609026e+07,1.818783e+07,1.239961e+02,1.410280e+06,8.845367e+01,,,,5
2018-04-26 11:21:19.000000,2.609024e+07,1.818694e+07,1.239955e+02,1.410280e+06,8.845367e+01,,,,5
2018-04-26 11:21:20.000000,2.609025e+07,1.818691e+07,1.239955e+02,1.410280e+06,8.845366e+01,,,,5
2018-04-26 11:21:21.000000,2.609024e+07,1.818810e+07,1.239961e+02,1.410280e+06,8.845366e+01,,,,5
2018-04-26 11:21:22.000000,2.609027e+07,1.818673e+07,1.239953e+02,1.410280e+06,8.845365e+01,,,,5
2018-04-26 11:21:23.000000,2.609026e+07,1.818776e+07,1.239959e+02,1.410280e+06,8.845365e+01,,,,5
2018-04-26 11:21:24.000000,2.609026e+07,1.818653e+07,1.239952e+02,1.410280e+06,8.845364e+01,,,,5
2018-04-26 11:21:25.000000,2.609025e+07,1.818856e+07,1.239964e+02,1.410280e+06,8.845364e+01,,,,5
2018-04-26 11:21:26.000000,2.609024e+07,1.818754e+07,1.239959e+02,1.410280e+06,8.845364e+01,,,,5
2018-04-26 11:21:27.000000,2.609025e+07,1.818923e+07,1.239968e+02,1.410280e+06,8.845363e+01,,,,5
2018-04-26 11:21:28.000000,2.609026e+07,1.818790e+07,1.239962e+02,1.410280e+06,8.845363e+01,,,,5
2018-04-26 11:21:29.000000,2.609026e+07,1.818949e+07,1.239971e+02,1.410280e+06,8.845362e+01,,,,5
2018-04-26 11:21:30.000000,2.609027e+07,1.818814e+07,1.239963e+02,1.410280e+06,8.845362e+01,,,,5
2018-04-26 11:21:31.000000,2.609024e+07,1.818849e+07,1.239963e+02,1.410280e+06,8.845361e+01,,,,5
2018-04-26 11:21:32.000000,2.609025e+07,1.818726e+07,1.239956e+02,1.410280e+06,8.845361e+01,,,,5
2018-04-26 11:21:33.000000,2.609026e+07,1.818810e+07,1.239960e+02,1.410280e+06,8.845360e+01,,,,5
2018-04-26 11:21:34.000000,2.609027e+07,1.818698e+07,1.239955e+02,1.410280e+06,8.845360e+01,,,,5
2018-04-26 11:21:35.000000,2.609026e+07,1.818654e+07,1.239952e+02,1.410280e+06,8.845360e+01,,,,5
2018-04-26 11:21:36.000000,2.609025e+07,1.818768e+07,1.239959e+02,1.410280e+06,8.845359e+01,,,,5
2018-04-26 11:21:37.000000,2.609024e+07,1.818746e+07,1.239958e+02,1.410280e+06,8.845359e+01,,,,5
2018-04-26 11:21:38.000000,2.609024e+07,1.818866e+07,1.239965e+02,1.410280e+06,8.845358e+01,,,,5
2018-04-26 11:21:39.000000,2.609027e+07,1.818784e+07,1.239961e+02,1.410280e+06,8.845358e+01,,,,5
2018-04-26 11:21:40.000000,2.609026e+07,1.818950e+07,1.239970e+02,1.410280e+06,8.845357e+01,,,,5
2018-04-26 11:21:41.000000,2.609027e+07,1.818779e+07,1.239961e+02,1.410280e+06,8.845357e+01,,,,5
2018-04-26 11:21:42.000000,2.609024e+07,1.818859e+07,1.239964e+02,1.410280e+06,8.845357e+01,,,,5
2018-04-26 11:21:43.000000,2.609024e+07,1.818692e+07,1.239954e+02,1.410280e+06,8.845356e+01,,,,5
2018-04-26 11:21:44.000000,2.609025e+07,1.818692e+07,1.239955e+02,1.410280e+06,8.845356e+01,,,,5
2018-04-26 11:21:45.000000,2.609026e+07,1.818689e+07,1.239954e+02,1.410280e+06,8.845355e+01,,,,5
2018-04-26 11:21:46.000000,2.609027e+07,1.818659e+07,1.239952e+02,1.410279e+06,8.845355e+01,,,,5
2018-04-26 11:21:47.000000,2.609024e+07,1.818768e+07,1.239959e+02,1.410279e+06,8.845354e+01,,,,5
2018-04-26 11:21:48.000000,2.609024e+07,1.818752e+07,1.239959e+02,1.410279e+06,8.845354e+01,,,,5
2018-04-26 11:21:49.000000,2.609025e+07,1.818873e+07,1.239965e+02,1.410279e+06,8.845353e+01,,,,5
2018-04-26 11:21:50.000000,2.609026e+07,1.818785e+07,1.239961e+02,1.410279e+06,8.845353e+01,,,,5
2018-04-26 11:21:51.000000,2.609027e+07,1.818897e+07,1.239968e+02,1.410279e+06,8.845353e+01,,,,5
2018-04-26 11:21:52.000000,2.609026e+07,1.818781e+07,1.239961e+02,1.410279e+06,8.845352e+01,,,,5
2018-04-26 11:21:53.000000,2.609025e+07,1.818809e+07,1.239961e+02,1.410279e+06,8.845352e+01,,,,5
2018-04-26 11:21:54.000000,2.609025e+07,1.818694e+07,1.239954e+02,1.410279e+06,8.845351e+01,,,,5
2018-04-26 11:21:55.000000,2.609024e+07,1.818850e+07,1.239963e+02,1.410279e+06,8.845351e+01,,,,5
2018-04-26 11:21:56.000000,2.609026e+07,1.818670e+07,1.239953e+02,1.410279e+06,8.845350e+01,,,,5
2018-04-26 11:21:57.000000,2.609026e+07,1.818813e+07,1.239961e+02,1.410279e+06,8.845350e+01,,,,5
2018-04-26 11:21:58.000000,2.609025e+07,1.818754e+07,1.239958e+02,1.410279e+06,8.845349e+01,,,,5
2018-04-26 11:21:59.000000,2.609024e+07,1.818751e+07,1.239959e+02,1.410279e+06,8.845349e+01,,,,5
2018-04-26 11:22:00.000000,2.609025e+07,1.818779e+07,1.239960e+02,1.410279e+06,8.845349e+01,,,,5
2018-04-26 11:22:01.000000,2.609026e+07,1.818783e+07,1.239961e+02,1.410279e+06,8.845348e+01,,,,5
2018-04-26 11:22:02.000000,2.609026e+07,1.818808e+07,1.239962e+02,1.410279e+06,8.845348e+01,,,,5
2018-04-26 11:22:03.000000,2.609027e+07,1.818777e+07,1.239961e+02,1.410279e+06,8.845347e+01,,,,5
2018-04-26 11:22:04.000000,2.609024e+07,1.818810e+07,1.239961e+02,1.410279e+06,8.845347e+01,,,,5
2018-04-26 11:22:05.000000,2.609025e+07,1.818690e+07,1.239954e+02,1.410279e+06,8.845346e+01,,,,5
2018-04-26 11:22:06.000000,2.609024e+07,1.818862e+07,1.239964e+02,1.410279e+06,8.845346e+01,,,,5
2018-04-26 11:22:07.000000,2.609026e+07,1.818668e+07,1.239953e+02,1.410279e+06,8.845346e+01,,,,5
2018-04-26 11:22:08.000000,2.609027e+07,1.818826e+07,1.239961e+02,1.410279e+06,8.845345e+01,,,,5
2018-04-26 11:22:09.000000,2.609026e+07,1.818691e+07,1.239954e+02,1.410279e+06,8.845345e+01,,,,5
2018-04-26 11:22:10.000000,2.609025e+07,1.818907e+07,1.239967e+02,1.410279e+06,8.845344e+01,,,,5
2018-04-26 11:22:11.000000,2.609024e+07,1.818787e+07,1.239960e+02,1.410279e+06,8.845344e+01,,,,5
2018-04-26 11:22:12.000000,2.609026e+07,1.818937e+07,1.239969e+02,1.410279e+06,8.845343e+01,,,,5
2018-04-26 11:22:13.000000,2.609027e+07,1.818825e+07,1.239964e+02,1.410279e+06,8.845343e+01,,,,5
2018-04-26 11:22:14.000000,2.609026e+07,1.818777e+07,1.239961e+02,1.410279e+06,8.845342e+01,,,,5
2018-04-26 11:22:15.000000,2.609025e+07,1.818726e+07,1.239957e+02,1.410279e+06,8.845342e+01,,,,5
2018-04-26 11:22:16.000000,2.609024e+07,1.818687e+07,1.239954e+02,1.410279e+06,8.845342e+01,,,,5
2018-04-26 11:22:17.000000,2.609025e+07,1.818809e+07,1.239961e+02,1.410279e+06,8.845341e+01,,,,5
2018-04-26 11:22:18.000000,2.609026e+07,1.818668e+07,1.239953e+02,1.410279e+06,8.845341e+01,,,,5
2018-04-26 11:22:19.000000,2.609026e+07,1.818768e+07,1.239958e+02,1.410279e+06,8.845340e+01,,,,5
2018-04-26 11:22:20.000000,2.609026e+07,1.818656e+07,1.239952e+02,1.410279e+06,8.845340e+01,,,,5
2018-04-26 11:22:21.000000,2.609024e+07,1.818851e+07,1.239964e+02,1.410279e+06,8.845339e+01,,,,5
2018-04-26 11:22:22.000000,2.609025e+07,1.818752e+07,1.239958e+02,1.410279e+06,8.845339e+01,,,,5
2018-04-26 11:22:23.000000,2.609024e+07,1.818751e+07,1.239959e+02,1.410279e+06,8.845339e+01,,,,5
2018-04-26 11:22:24.000000,2.609026e+07,1.818775e+07,1.239961e+02,1.410279e+06,8.845338e+01,,,,5
2018-04-26 11:22:25.000000,2.609026e+07,1.818783e+07,1.239961e+02,1.410279e+06,8.845338e+01,,,,5
2018-04-26 11:22:26.000000,2.609024e+07,1.818695e+07,1.239955e+02,1.410279e+06,8.845337e+01,,,,5
2018-04-26 11:22:27.000000,2.609025e+07,1.818691e+07,1.239955e+02,1.410279e+06,8.845337e+01,,,,5
2018-04-26 11:22:28.000000,2.609024e+07,1.818810e+07,1.239961e+02,1.410279e+06,8.845336e+01,,,,5
2018-04-26 11:22:29.000000,2.609027e+07,1.818674e+07,1.239953e+02,1.410279e+06,8.845336e+01,,,,5
2018-04-26 11:22:30.000000,2.609026e+07,1.818776e+07,1.239959e+02,1.410279e+06,8.845335e+01,,,,5
2018-04-26 11:22:31.000000,2.609026e+07,1.818653e+07,1.239952e+02,1.410279e+06,8.845335e+01,,,,5
2018-04-26 11:22:32.000000,2.609025e+07,1.818856e+07,1.239964e+02,1.410279e+06,8.845335e+01,,,,5
2018-04-26 11:22:33.000000,2.609024e+07,1.818755e+07,1.239958e+02,1.410279e+06,8.845334e+01,,,,5
2018-04-26 11:22:34.000000,2.609025e+07,1.818923e+07,1.239968e+02,1.410279e+06,8.845334e+01,,,,5
2018-04-26 11:22:35.000000,2.609026e+07,1.818790e+07,1.239962e+02,1.410279e+06,8.845333e+01,,,,5
2018-04-26 11:22:36.000000,2.609026e+07,1.818948e+07,1.239970e+02,1.410279e+06,8.845333e+01,,,,5
2018-04-26 11:22:37.000000,2.609027e+07,1.818814e+07,1.239963e+02,1.410279e+06,8.845332e+01,,,,5
2018-04-26 11:22:38.000000,2.609024e+07,1.818849e+07,1.239963e+02,1.410279e+06,8.845332e+01,,,,5
2018-04-26 11:22:39.000000,2.609025e+07,1.818726e+07,1.239956e+02,1.410279e+06,8.845332e+01,,,,5
2018-04-26 11:22:40.000000,2.609026e+07,1.818810e+07,1.239960e+02,1.410279e+06,8.845331e+01,,,,5
2018-04-26 11:22:41.000000,2.609027e+07,1.818698e+07,1.239955e+02,1.410279e+06,8.845331e+01,,,,5
2018-04-26 11:22:42.000000,2.609026e+07,1.818654e+07,1.239952e+02,1.410279e+06,8.845330e+01,,,,5
2018-04-26 11:22:43.000000,2.609025e+07,1.818767e+07,1.239959e+02,1.410279e+06,8.845330e+01,,,,5
2018-04-26 11:22:44.000000,2.609024e+07,1.818746e+07,1.239958e+02,1.410279e+06,8.845329e+01,,,,5
2018-04-26 11:22:45.000000,2.609024e+07,1.818866e+07,1.239965e+02,1.410279e+06,8.845329e+01,,,,5
2018-04-26 11:22:46.000000,2.609027e+07,1.818785e+07,1.239961e+02,1.410279e+06,8.845329e+01,,,,5
2018-04-26 11:22:47.000000,2.609026e+07,1.818949e+07,1.239970e+02,1.410279e+06,8.845328e+01,,,,5
2018-04-26 11:22:48.000000,2.609026e+07,1.818779e+07,1.239961e+02,1.410279e+06,8.845328e+01,,,,5
2018-04-26 11:22:49.000000,2.609024e+07,1.818859e+07,1.239964e+02,1.410279e+06,8.845327e+01,,,,5
2018-04-26 11:22:50.000000,2.609024e+07,1.818693e+07,1.239955e+02,1.410279e+06,8.845327e+01,,,,5
2018-04-26 11:22:51.000000,2.609025e+07,1.818692e+07,1.239955e+02,1.410279e+06,8.845326e+01,,,,5
2018-04-26 11:22:52.000000,2.609026e+07,1.818689e+07,1.239954e+02,1.410279e+06,8.845326e+01,,,,5
2018-04-26 11:22:53.000000,2.609027e+07,1.818659e+07,1.239952e+02,1.410279e+06,8.845326e+01,,,,5
2018-04-26 11:22:54.000000,2.609024e+07,1.818768e+07,1.239959e+02,1.410279e+06,8.845325e+01,,,,5
2018-04-26 11:22:55.000000,2.609024e+07,1.818751e+07,1.239959e+02,1.410279e+06,8.845325e+01,,,,5
2018-04-26 11:22:56.000000,2.609025e+07,1.818873e+07,1.239965e+02,1.410279e+06,8.845324e+01,,,,5
2018-04-26 11:22:57.000000,2.609026e+07,1.818785e+07,1.239961e+02,1.410279e+06,8.845324e+01,,,,5
2018-04-26 11:22:58.000000,2.609026e+07,1.818897e+07,1.239968e+02,1.410279e+06,8.845323e+01,,,,5
2018-04-26 11:22:59.000000,2.609026e+07,1.818781e+07,1.239961e+02,1.410279e+06,8.845323e+01,,,,5
2018-04-26 11:23:00.000000,2.609025e+07,1.818809e+07,1.239961e+02,1.410279e+06,8.845322e+01,,,,5
2018-04-26 11:23:01.000000,2.609025e+07,1.818694e+07,1.239954e+02,1.410279e+06,8.845322e+01,,,,5
2018-04-26 11:23:02.000000,2.609024e+07,1.818850e+07,1.239963e+02,1.410279e+06,8.845322e+01,,,,5
2018-04-26 11:23:03.000000,2.609026e+07,1.818671e+07,1.239953e+02,1.410279e+06,8.845321e+01,,,,5
2018-04-26 11:23:04.000000,2.609026e+07,1.818813e+07,1.239961e+02,1.410279e+06,8.845321e+01,,,,5
2018-04-26 11:23:05.000000,2.609026e+07,1.818688e+07,1.239954e+02,1.410279e+06,8.845320e+01,,,,5
2018-04-26 11:23:06.000000,2.609024e+07,1.818746e+07,1.239959e+02,1.410279e+06,8.845320e+01,,,,5
2018-04-26 11:23:07.000000,2.609025e+07,1.818779e+07,1.239960e+02,1.410279e+06,8.845319e+01,,,,5
2018-04-26 11:23:08.000000,2.609026e+07,1.818783e+07,1.239961e+02,1.410279e+06,8.845319e+01,,,,5
2018-04-26 11:23:09.000000,2.609026e+07,1.818808e+07,1.239962e+02,1.410279e+06,8.845319e+01,,,,5
2018-04-26 11:23:10.000000,2.609027e+07,1.818777e+07,1.239961e+02,1.410279e+06,8.845318e+01,,,,5
2018-04-26 11:23:11.000000,2.609024e+07,1.818810e+07,1.239961e+02,1.410279e+06,8.845318e+01,,,,5
2018-04-26 11:23:12.000000,2.609025e+07,1.818690e+07,1.239954e+02,1.410279e+06,8.845317e+01,,,,5
2018-04-26 11:23:13.000000,2.609024e+07,1.818862e+07,1.239964e+02,1.410279e+06,8.845317e+01,,,,5
2018-04-26 11:23:14.000000,2.609026e+07,1.818668e+07,1.239953e+02,1.410279e+06,8.845316e+01,,,,5
2018-04-26 11:23:15.000000,2.609027e+07,1.818825e+07,1.239961e+02,1.410279e+06,8.845316e+01,,,,5
2018-04-26 11:23:16.000000,2.609026e+07,1.818691e+07,1.239954e+02,1.410279e+06,8.845316e+01,,,,5
2018-04-26 11:23:17.000000,2.609025e+07,1.818905e+07,1.239967e+02,1.410279e+06,8.845315e+01,,,,5
2018-04-26 11:23:18.000000,2.609024e+07,1.818787e+07,1.239960e+02,1.410279e+06,8.845315e+01,,,,5
2018-04-26 11:23:19.000000,2.609024e+07,1.818749e+07,1.239959e+02,1.410279e+06,8.845314e+01,,,,5
2018-04-26 11:23:20.000000,2.609026e+07,1.818809e+07,1.239963e+02,1.410279e+06,8.845314e+01,,,,5
2018-04-26 11:23:21.000000,2.609026e+07,1.818777e+07,1.239961e+02,1.410279e+06,8.845313e+01,,,,5
2018-04-26 11:23:22.000000,2.609025e+07,1.818726e+07,1.239957e+02,1.410279e+06,8.845313e+01,,,,5
2018-04-26 11:23:23.000000,2.609024e+07,1.818687e+07,1.239954e+02,1.410279e+06,8.845313e+01,,,,5
2018-04-26 11:23:24.000000,2.609025e+07,1.818808e+07,1.239961e+02,1.410279e+06,8.845312e+01,,,,5
2018-04-26 11:23:25.000000,2.609026e+07,1.818668e+07,1.239953e+02,1.410279e+06,8.845312e+01,,,,5
2018-04-26 11:23:26.000000,2.609026e+07,1.818768e+07,1.239958e+02,1.410279e+06,8.845311e+01,,,,5
2018-04-26 11:23:27.000000,2.609026e+07,1.818658e+07,1.239952e+02,1.410279e+06,8.845311e+01,,,,5
2018-04-26 11:23:28.000000,2.609024e+07,1.818850e+07,1.239964e+02,1.410279e+06,8.845310e+01,,,,5
2018-04-26 11:23:29.000000,2.609025e+07,1.818752e+07,1.239958e+02,1.410279e+06,8.845310e+01,,,,5
2018-04-26 11:23:30.000000,2.609024e+07,1.818751e+07,1.239959e+02,1.410279e+06,8.845310e+01,,,,5
2018-04-26 11:23:31.000000,2.609026e+07,1.818775e+07,1.239961e+02,1.410279e+06,8.845309e+01,,,,5
2018-04-26 11:23:32.000000,2.609026e+07,1.818783e+07,1.239961e+02,1.410279e+06,8.845309e+01,,,,5
2018-04-26 11:23:33.000000,2.609024e+07,1.818695e+07,1.239955e+02,1.410279e+06,8.845308e+01,,,,5
2018-04-26 11:23:34.000000,2.609025e+07,1.818690e+07,1.239955e+02,1.410279e+06,8.845308e+01,,,,5
2018-04-26 11:23:35.000000,2.609024e+07,1.818810e+07,1.239961e+02,1.410279e+06,8.845307e+01,,,,5
2018-04-26 11:23:36.000000,2.609026e+07,1.818674e+07,1.239953e+02,1.410279e+06,8.845307e+01,,,,5
2018-04-26 11:23:37.000000,2.609026e+07,1.818775e+07,1.239958e+02,1.410279e+06,8.845307e+01,,,,5
2018-04-26 11:23:38.000000,2.609026e+07,1.818653e+07,1.239952e+02,1.410279e+06,8.845306e+01,,,,5
2018-04-26 11:23:39.000000,2.609025e+07,1.818856e+07,1.239964e+02,1.410279e+06,8.845306e+01,,,,5
2018-04-26 11:23:40.000000,2.609024e+07,1.818754e+07,1.239958e+02,1.410279e+06,8.845305e+01,,,,5
2018-04-26 11:23:41.000000,2.609025e+07,1.818921e+07,1.239968e+02,1.410279e+06,8.845305e+01,,,,5
2018-04-26 11:23:42.000000,2.609026e+07,1.818790e+07,1.239962e+02,1.410279e+06,8.845304e+01,,,,5
2018-04-26 11:23:43.000000,2.609026e+07,1.818948e+07,1.239970e+02,1.410279e+06,8.845304e+01,,,,5
2018-04-26 11:23:44.000000,2.609026e+07,1.818814e+07,1.239963e+02,1.410279e+06,8.845304e+01,,,,5
2018-04-26 11:23:45.000000,2.609024e+07,1.818849e+07,1.239963e+02,1.410279e+06,8.845303e+01,,,,5
2018-04-26 11:23:46.000000,2.609025e+07,1.818726e+07,1.239956e+02,1.410279e+06,8.845303e+01,,,,5
2018-04-26 11:23:47.000000,2.609026e+07,1.818809e+07,1.239960e+02,1.410279e+06,8.845302e+01,,,,5
2018-04-26 11:23:48.000000,2.609026e+07,1.818698e+07,1.239955e+02,1.410279e+06,8.845302e+01,,,,5
2018-04-26 11:23:49.000000,2.609026e+07,1.818654e+07,1.239952e+02,1.410279e+06,8.845301e+01,,,,5
2018-04-26 11:23:50.000000,2.609024e+07,1.818767e+07,1.239959e+02,1.410279e+06,8.845301e+01,,,,5
2018-04-26 11:23:51.000000,2.609024e+07,1.818747e+07,1.239958e+02,1.410279e+06,8.845301e+01,,,,5
2018-04-26 11:23:52.000000,2.609024e+07,1.818865e+07,1.239965e+02,1.410279e+06,8.845300e+01,,,,5
2018-04-26 11:23:53.000000,2.609027e+07,1.818784e+07,1.239961e+02,1.410279e+06,8.845300e+01,,,,5
2018-04-26 11:23:54.000000,2.609026e+07,1.818948e+07,1.239969e+02,1.410279e+06,8.845299e+01,,,,5
2018-04-26 11:23:55.000000,2.609026e+07,1.818779e+07,1.239961e+02,1.410279e+06,8.845299e+01,,,,5
2018-04-26 11:23:56.000000,2.609024e+07,1.818859e+07,1.239964e+02,1.410279e+06,8.845298e+01,,,,5
2018-04-26 11:23:57.000000,2.609024e+07,1.818693e+07,1.239955e+02,1.410279e+06,8.845298e+01,,,,5
2018-04-26 11:23:58.000000,2.609025e+07,1.818691e+07,1.239955e+02,1.410279e+06,8.845298e+01,,,,5
2018-04-26 11:23:59.000000,2.609026e+07,1.818688e+07,1.239954e+02,1.410279e+06,8.845297e+01,,,,5
2018-04-26 11:24:00.000000,2.609026e+07,1.818659e+07,1.239952e+02,1.410279e+06,8.845297e+01,,,,5
2018-04-26 11:24:01.000000,2.609024e+07,1.818767e+07,1.239959e+02,1.410279e+06,8.845296e+01,,,,5
2018-04-26 11:24:02.000000,2.609024e+07,1.818751e+07,1.239959e+02,1.410279e+06,8.845296e+01,,,,5
2018-04-26 11:24:03.000000,2.609025e+07,1.818873e+07,1.239965e+02,1.410279e+06,8.845295e+01,,,,5
2018-04-26 11:24:04.000000,2.609026e+07,1.818786e+07,1.239961e+02,1.410279e+06,8.845295e+01,,,,5
2018-04-26 11:24:05.000000,2.609026e+07,1.818897e+07,1.239967e+02,1.410279e+06,8.845295e+01,,,,5
2018-04-26 11:24:06.000000,2.609026e+07,1.818781e+07,1.239961e+02,1.410279e+06,8.845294e+01,,,,5
2018-04-26 11:24:07.000000,2.609024e+07,1.818809e+07,1.239961e+02,1.410279e+06,8.845294e+01,,,,5
2018-04-26 11:24:08.000000,2.609025e+07,1.818695e+07,1.239954e+02,1.410279e+06,8.845293e+01,,,,5
2018-04-26 11:24:09.000000,2.609024e+07,1.818850e+07,1.239963e+02,1.410279e+06,8.845293e+01,,,,5
2018-04-26 11:24:10.000000,2.609026e+07,1.818671e+07,1.239953e+02,1.410279e+06,8.845292e+01,,,,5
2018-04-26 11:24:11.000000,2.609026e+07,1.818811e+07,1.239961e+02,1.410279e+06,8.845292e+01,,,,5
2018-04-26 11:24:12.000000,2.609026e+07,1.818688e+07,1.239953e+02,1.410279e+06,8.845292e+01,,,,5
2018-04-26 11:24:13.000000,2.609024e+07,1.818746e+07,1.239959e+02,1.410279e+06,8.845291e+01,,,,5
2018-04-26 11:24:14.000000,2.609024e+07,1.818779e+07,1.239960e+02,1.410279e+06,8.845291e+01,,,,5
2018-04-26 11:24:15.000000,2.609026e+07,1.818783e+07,1.239961e+02,1.410279e+06,8.845290e+01,,,,5
2018-04-26 11:24:16.000000,2.609026e+07,1.818808e+07,1.239962e+02,1.410279e+06,8.845290e+01,,,,5
2018-04-26 11:24:17.000000,2.609027e+07,1.818776e+07,1.239961e+02,1.410279e+06,8.845289e+01,,,,5
2018-04-26 11:24:18.000000,2.609024e+07,1.818726e+07,1.239957e+02,1.410279e+06,8.845289e+01,,,,5
2018-04-26 11:24:19.000000,2.609025e+07,1.818686e+07,1.239954e+02,1.410279e+06,8.845289e+01,,,,5
2018-04-26 11:24:20.000000,2.609025e+07,1.818809e+07,1.239961e+02,1.410279e+06,8.845288e+01,,,,5
2018-04-26 11:24:21.000000,2.609026e+07,1.818668e+07,1.239953e+02,1.410279e+06,8.845288e+01,,,,5
2018-04-26 11:24:22.000000,2.609026e+07,1.818770e+07,1.239958e+02,1.410279e+06,8.845287e+01,,,,5
2018-04-26 11:24:23.000000,2.609026e+07,1.818656e+07,1.239952e+02,1.410279e+06,8.845287e+01,,,,5
2018-04-26 11:24:24.000000,2.609024e+07,1.818850e+07,1.239964e+02,1.410279e+06,8.845286e+01,,,,5
2018-04-26 11:24:25.000000,2.609025e+07,1.818752e+07,1.239958e+02,1.410279e+06,8.845286e+01,,,,5
2018-04-26 11:24:26.000000,2.609024e+07,1.818752e+07,1.239959e+02,1.410279e+06,8.845286e+01,,,,5
2018-04-26 11:24:27.000000,2.609026e+07,1.818775e+07,1.239961e+02,1.410279e+06,8.845285e+01,,,,5
2018-04-26 11:24:28.000000,2.609026e+07,1.818783e+07,1.239961e+02,1.410279e+06,8.845285e+01,,,,5
2018-04-26 11:24:29.000000,2.609024e+07,1.818694e+07,1.239955e+02,1.410279e+06,8.845284e+01,,,,5
2018-04-26 11:24:30.000000,2.609025e+07,1.818691e+07,1.239955e+02,1.410279e+06,8.845284e+01,,,,5
2018-04-26 11:24:31.000000,2.609024e+07,1.818810e+07,1.239961e+02,1.410279e+06,8.845284e+01,,,,5
2018-04-26 11:24:32.000000,2.609027e+07,1.818674e+07,1.239953e+02,1.410279e+06,8.845283e+01,,,,5
2018-04-26 11:24:33.000000,2.609026e+07,1.818776e+07,1.239959e+02,1.410279e+06,8.845283e+01,,,,5
2018-04-26 11:24:34.000000,2.609026e+07,1.818653e+07,1.239952e+02,1.410279e+06,8.845282e+01,,,,5
2018-04-26 11:24:35.000000,2.609025e+07,1.818856e+07,1.239964e+02,1.410279e+06,8.845282e+01,,,,5
2018-04-26 11:24:36.000000,2.609024e+07,1.818754e+07,1.239958e+02,1.410279e+06,8.845281e+01,,,,5
2018-04-26 11:24:37.000000,2.609025e+07,1.818923e+07,1.239968e+02,1.410279e+06,8.845281e+01,,,,5
2018-04-26 11:24:38.000000,2.609026e+07,1.818790e+07,1.239962e+02,1.410279e+06,8.845281e+01,,,,5
2018-04-26 11:24:39.000000,2.609026e+07,1.818949e+07,1.239970e+02,1.410279e+06,8.845280e+01,,,,5
2018-04-26 11:24:40.000000,2.609027e+07,1.818814e+07,1.239962e+02,1.410279e+06,8.845280e+01,,,,5
2018-04-26 11:24:41.000000,2.609024e+07,1.818849e+07,1.239963e+02,1.410279e+06,8.845279e+01,,,,5
2018-04-26 11:24:42.000000,2.609025e+07,1.818726e+07,1.239956e+02,1.410279e+06,8.845279e+01,,,,5
2018-04-26 11:24:43.000000,2.609026e+07,1.818810e+07,1.239960e+02,1.410279e+06,8.845278e+01,,,,5
2018-04-26 11:24:44.000000,2.609027e+07,1.818698e+07,1.239954e+02,1.410279e+06,8.845278e+01,,,,5
2018-04-26 11:24:45.000000,2.609026e+07,1.818654e+07,1.239952e+02,1.410279e+06,8.845278e+01,,,,5
2018-04-26 11:24:46.000000,2.609025e+07,1.818768e+07,1.239959e+02,1.410279e+06,8.845277e+01,,,,5
2018-04-26 11:24:47.000000,2.609024e+07,1.818746e+07,1.239958e+02,1.410279e+06,8.845277e+01,,,,5
2018-04-26 11:24:48.000000,2.609024e+07,1.818866e+07,1.239965e+02,1.410279e+06,8.845276e+01,,,,5
2018-04-26 11:24:49.000000,2.609027e+07,1.818785e+07,1.239961e+02,1.410279e+06,8.845276e+01,,,,5
2018-04-26 11:24:50.000000,2.609026e+07,1.818950e+07,1.239970e+02,1.410279e+06,8.845275e+01,,,,5
2018-04-26 11:24:51.000000,2.609026e+07,1.818779e+07,1.239961e+02,1.410279e+06,8.845275e+01,,,,5
2018-04-26 11:24:52.000000,2.609024e+07,1.818859e+07,1.239964e+02,1.410279e+06,8.845275e+01,,,,5
2018-04-26 11:24:53.000000,2.609024e+07,1.818692e+07,1.239954e+02,1.410279e+06,8.845274e+01,,,,5
2018-04-26 11:24:54.000000,2.609025e+07,1.818692e+07,1.239955e+02,1.410279e+06,8.845274e+01,,,,5
2018-04-26 11:24:55.000000,2.609026e+07,1.818689e+07,1.239953e+02,1.410279e+06,8.845273e+01,,,,5
2018-04-26 11:24:56.000000,2.609027e+07,1.818659e+07,1.239952e+02,1.410279e+06,8.845273e+01,,,,5
2018-04-26 11:24:57.000000,2.609024e+07,1.818768e+07,1.239959e+02,1.410279e+06,8.845272e+01,,,,5
2018-04-26 11:24:58.000000,2.609024e+07,1.818751e+07,1.239959e+02,1.410279e+06,8.845272e+01,,,,5
2018-04-26 11:24:59.000000,2.609025e+07,1.818873e+07,1.239965e+02,1.410278e+06,8.845272e+01,,,,5
2018-04-26 11:25:00.000000,2.609026e+07,1.818785e+07,1.239961e+02,1.410278e+06,8.845271e+01,,,,5
2018-04-26 11:25:01.000000,2.609027e+07,1.818897e+07,1.239967e+02,1.410278e+06,8.845271e+01,,,,5
2018-04-26 11:25:02.000000,2.609026e+07,1.818781e+07,1.239961e+02,1.410278e+06,8.845270e+01,,,,5
2018-04-26 11:25:03.000000,2.609025e+07,1.818809e+07,1.239961e+02,1.410278e+06,8.845270e+01,,,,5
2018-04-26 11:25:04.000000,2.609025e+07,1.818694e+07,1.239954e+02,1.410278e+06,8.845270e+01,,,,5
2018-04-26 11:25:05.000000,2.609024e+07,1.818850e+07,1.239963e+02,1.410278e+06,8.845269e+01,,,,5
2018-04-26 11:25:06.000000,2.609026e+07,1.818671e+07,1.239953e+02,1.410278e+06,8.845269e+01,,,,5
2018-04-26 11:25:07.000000,2.609026e+07,1.818813e+07,1.239960e+02,1.410278e+06,8.845268e+01,,,,5
2018-04-26 11:25:08.000000,2.609025e+07,1.818754e+07,1.239958e+02,1.410278e+06,8.845268e+01,,,,5
2018-04-26 11:25:09.000000,2.609024e+07,1.818751e+07,1.239959e+02,1.410278e+06,8.845267e+01,,,,5
2018-04-26 11:25:10.000000,2.609025e+07,1.818779e+07,1.239960e+02,1.410278e+06,8.845267e+01,,,,5
2018-04-26 11:25:11.000000,2.609026e+07,1.818783e+07,1.239961e+02,1.410278e+06,8.845267e+01,,,,5
2018-04-26 11:25:12.000000,2.609026e+07,1.818808e+07,1.239962e+02,1.410278e+06,8.845266e+01,,,,5
2018-04-26 11:25:13.000000,2.609027e+07,1.818777e+07,1.239961e+02,1.410278e+06,8.845266e+01,,,,5
2018-04-26 11:25:14.000000,2.609024e+07,1.818810e+07,1.239961e+02,1.410278e+06,8.845265e+01,,,,5
2018-04-26 11:25:15.000000,2.609025e+07,1.818690e+07,1.239954e+02,1.410278e+06,8.845265e+01,,,,5
2018-04-26 11:25:16.000000,2.609024e+07,1.818862e+07,1.239964e+02,1.410278e+06,8.845265e+01,,,,5
2018-04-26 11:25:17.000000,2.609026e+07,1.818668e+07,1.239953e+02,1.410278e+06,8.845264e+01,,,,5
2018-04-26 11:25:18.000000,2.609027e+07,1.818826e+07,1.239961e+02,1.410278e+06,8.845264e+01,,,,5
2018-04-26 11:25:19.000000,2.609026e+07,1.818691e+07,1.239953e+02,1.410278e+06,8.845263e+01,,,,5
2018-04-26 11:25:20.000000,2.609025e+07,1.818907e+07,1.239967e+02,1.410278e+06,8.845263e+01,,,,5
2018-04-26 11:25:21.000000,2.609024e+07,1.818787e+07,1.239960e+02,1.410278e+06,8.845262e+01,,,,5
2018-04-26 11:25:22.000000,2.609026e+07,1.818937e+07,1.239969e+02,1.410278e+06,8.845262e+01,,,,5
2018-04-26 11:25:23.000000,2.609027e+07,1.818826e+07,1.239963e+02,1.410278e+06,8.845262e+01,,,,5
2018-04-26 11:25:24.000000,2.609026e+07,1.818777e+07,1.239961e+02,1.410278e+06,8.845261e+01,,,,5
2018-04-26 11:25:25.000000,2.609025e+07,1.818726e+07,1.239957e+02,1.410278e+06,8.845261e+01,,,,5
2018-04-26 11:25:26.000000,2.609024e+07,1.818687e+07,1.239954e+02,1.410278e+06,8.845260e+01,,,,5
2018-04-26 11:25:27.000000,2.609025e+07,1.818809e+07,1.239961e+02,1.410278e+06,8.845260e+01,,,,5
2018-04-26 11:25:28.000000,2.609026e+07,1.818668e+07,1.239953e+02,1.410278e+06,8.845259e+01,,,,5
2018-04-26 11:25:29.000000,2.609026e+07,1.818768e+07,1.239958e+02,1.410278e+06,8.845259e+01,,,,5
2018-04-26 11:25:30.000000,2.609026e+07,1.818656e+07,1.239952e+02,1.410278e+06,8.845259e+01,,,,5
2018-04-26 11:25:31.000000,2.609024e+07,1.818850e+07,1.239964e+02,1.410278e+06,8.845258e+01,,,,5
2018-04-26 11:25:32.000000,2.609025e+07,1.818752e+07,1.239958e+02,1.410278e+06,8.845258e+01,,,,5
2018-04-26 11:25:33.000000,2.609024e+07,1.818751e+07,1.239959e+02,1.410278e+06,8.845257e+01,,,,5
2018-04-26 11:25:34.000000,2.609026e+07,1.818775e+07,1.239960e+02,1.410278e+06,8.845257e+01,,,,5
2018-04-26 11:25:35.000000,2.609026e+07,1.818783e+07,1.239961e+02,1.410278e+06,8.845257e+01,,,,5
2018-04-26 11:25:36.000000,2.609024e+07,1.818695e+07,1.239955e+02,1.410278e+06,8.845256e+01,,,,5
2018-04-26 11:25:37.000000,2.609025e+07,1.818691e+07,1.239955e+02,1.410278e+06,8.845256e+01,,,,5
2018-04-26 11:25:38.000000,2.609024e+07,1.818810e+07,1.239961e+02,1.410278e+06,8.845255e+01,,,,5
2018-04-26 11:25:39.000000,2.609027e+07,1.818674e+07,1.239953e+02,1.410278e+06,8.845255e+01,,,,5
2018-04-26 11:25:40.000000,2.609026e+07,1.818775e+07,1.239958e+02,1.410278e+06,8.845254e+01,,,,5
2018-04-26 11:25:41.000000,2.609026e+07,1.818653e+07,1.239951e+02,1.410278e+06,8.845254e+01,,,,5
2018-04-26 11:25:42.000000,2.609025e+07,1.818856e+07,1.239964e+02,1.410278e+06,8.845254e+01,,,,5
2018-04-26 11:25:43.000000,2.609024e+07,1.818754e+07,1.239958e+02,1.410278e+06,8.845253e+01,,,,5
2018-04-26 11:25:44.000000,2.609025e+07,1.818923e+07,1.239968e+02,1.410278e+06,8.845253e+01,,,,5
2018-04-26 11:25:45.000000,2.609026e+07,1.818790e+07,1.239962e+02,1.410278e+06,8.845252e+01,,,,5
2018-04-26 11:25:46.000000,2.609026e+07,1.818948e+07,1.239970e+02,1.410278e+06,8.845252e+01,,,,5
2018-04-26 11:25:47.000000,2.609026e+07,1.818814e+07,1.239962e+02,1.410278e+06,8.845252e+01,,,,5
2018-04-26 11:25:48.000000,2.609024e+07,1.818849e+07,1.239963e+02,1.410278e+06,8.845251e+01,,,,5
2018-04-26 11:25:49.000000,2.609025e+07,1.818726e+07,1.239956e+02,1.410278e+06,8.845251e+01,,,,5
2018-04-26 11:25:50.000000,2.609026e+07,1.818809e+07,1.239960e+02,1.410278e+06,8.845250e+01,,,,5
2018-04-26 11:25:51.000000,2.609026e+07,1.818698e+07,1.239954e+02,1.410278e+06,8.845250e+01,,,,5
2018-04-26 11:25:52.000000,2.609026e+07,1.818654e+07,1.239952e+02,1.410278e+06,8.845250e+01,,,,5
2018-04-26 11:25:53.000000,2.609025e+07,1.818767e+07,1.239959e+02,1.410278e+06,8.845249e+01,,,,5
2018-04-26 11:25:54.000000,2.609024e+07,1.818746e+07,1.239958e+02,1.410278e+06,8.845249e+01,,,,5
2018-04-26 11:25:55.000000,2.609024e+07,1.818865e+07,1.239964e+02,1.410278e+06,8.845248e+01,,,,5
2018-04-26 11:25:56.000000,2.609027e+07,1.818785e+07,1.239961e+02,1.410278e+06,8.845248e+01,,,,5
2018-04-26 11:25:57.000000,2.609026e+07,1.818948e+07,1.239969e+02,1.410278e+06,8.845247e+01,,,,5
2018-04-26 11:25:58.000000,2.609026e+07,1.818779e+07,1.239960e+02,1.410278e+06,8.845247e+01,,,,5
2018-04-26 11:25:59.000000,2.609024e+07,1.818859e+07,1.239964e+02,1.410278e+06,8.845247e+01,,,,5
2018-04-26 11:26:00.000000,2.609024e+07,1.818693e+07,1.239955e+02,1.410278e+06,8.845246e+01,,,,5
2018-04-26 11:26:01.000000,2.609025e+07,1.818691e+07,1.239955e+02,1.410278e+06,8.845246e+01,,,,5
2018-04-26 11:26:02.000000,2.609026e+07,1.818688e+07,1.239953e+02,1.410278e+06,8.845245e+01,,,,5
2018-04-26 11:26:03.000000,2.609026e+07,1.818659e+07,1.239952e+02,1.410278e+06,8.845245e+01,,,,5
2018-04-26 11:26:04.000000,2.609024e+07,1.818768e+07,1.239959e+02,1.410278e+06,8.845244e+01,,,,5
2018-04-26 11:26:05.000000,2.609024e+07,1.818751e+07,1.239958e+02,1.410278e+06,8.845244e+01,,,,5
2018-04-26 11:26:06.000000,2.609025e+07,1.818873e+07,1.239965e+02,1.410278e+06,8.845244e+01,,,,5
2018-04-26 11:26:07.000000,2.609026e+07,1.818786e+07,1.239961e+02,1.410278e+06,8.845243e+01,,,,5
2018-04-26 11:26:08.000000,2.609026e+07,1.818897e+07,1.239967e+02,1.410278e+06,8.845243e+01,,,,5
2018-04-26 11:26:09.000000,2.609026e+07,1.818781e+07,1.239960e+02,1.410278e+06,8.845242e+01,,,,5
2018-04-26 11:26:10.000000,2.609025e+07,1.818809e+07,1.239961e+02,1.410278e+06,8.845242e+01,,,,5
2018-04-26 11:26:11.000000,2.609025e+07,1.818694e+07,1.239954e+02,1.410278e+06,8.845242e+01,,,,5
2018-04-26 11:26:12.000000,2.609024e+07,1.818850e+07,1.239963e+02,1.410278e+06,8.845241e+01,,,,5
2018-04-26 11:26:13.000000,2.609026e+07,1.818671e+07,1.239953e+02,1.410278e+06,8.845241e+01,,,,5
2018-04-26 11:26:14.000000,2.609026e+07,1.818811e+07,1.239960e+02,1.410278e+06,8.845240e+01,,,,5
2018-04-26 11:26:15.000000,2.609026e+07,1.818688e+07,1.239953e+02,1.410278e+06,8.845240e+01,,,,5
2018-04-26 11:26:16.000000,2.609024e+07,1.818746e+07,1.239959e+02,1.410278e+06,8.845240e+01,,,,5
2018-04-26 11:26:17.000000,2.609024e+07,1.818779e+07,1.239960e+02,1.410278e+06,8.845239e+01,,,,5
2018-04-26 11:26:18.000000,2.609026e+07,1.818783e+07,1.239961e+02,1.410278e+06,8.845239e+01,,,,5
2018-04-26 11:26:19.000000,2.609026e+07,1.818808e+07,1.239962e+02,1.410278e+06,8.845238e+01,,,,5
2018-04-26 11:26:20.000000,2.609027e+07,1.818776e+07,1.239960e+02,1.410278e+06,8.845238e+01,,,,5
2018-04-26 11:26:21.000000,2.609024e+07,1.818809e+07,1.239961e+02,1.410278e+06,8.845237e+01,,,,5
2018-04-26 11:26:22.000000,2.609025e+07,1.818690e+07,1.239954e+02,1.410278e+06,8.845237e+01,,,,5
2018-04-26 11:26:23.000000,2.609024e+07,1.818862e+07,1.239964e+02,1.410278e+06,8.845237e+01,,,,5
2018-04-26 11:26:24.000000,2.609026e+07,1.818670e+07,1.239952e+02,1.410278e+06,8.845236e+01,,,,5
2018-04-26 11:26:25.000000,2.609027e+07,1.818825e+07,1.239960e+02,1.410278e+06,8.845236e+01,,,,5
2018-04-26 11:26:26.000000,2.609026e+07,1.818690e+07,1.239953e+02,1.410278e+06,8.845235e+01,,,,5
2018-04-26 11:26:27.000000,2.609025e+07,1.818905e+07,1.239967e+02,1.410278e+06,8.845235e+01,,,,5
2018-04-26 11:26:28.000000,2.609024e+07,1.818787e+07,1.239960e+02,1.410278e+06,8.845235e+01,,,,5
2018-04-26 11:26:29.000000,2.609024e+07,1.818749e+07,1.239958e+02,1.410278e+06,8.845234e+01,,,,5
2018-04-26 11:26:30.000000,2.609026e+07,1.818808e+07,1.239962e+02,1.410278e+06,8.845234e+01,,,,5
2018-04-26 11:26:31.000000,2.609026e+07,1.818778e+07,1.239960e+02,1.410278e+06,8.845233e+01,,,,5
2018-04-26 11:26:32.000000,2.609025e+07,1.818726e+07,1.239956e+02,1.410278e+06,8.845233e+01,,,,5
2018-04-26 11:26:33.000000,2.609024e+07,1.818687e+07,1.239954e+02,1.410278e+06,8.845233e+01,,,,5
2018-04-26 11:26:34.000000,2.609025e+07,1.818808e+07,1.239961e+02,1.410278e+06,8.845232e+01,,,,5
2018-04-26 11:26:35.000000,2.609026e+07,1.818668e+07,1.239953e+02,1.410278e+06,8.845232e+01,,,,5
2018-04-26 11:26:36.000000,2.609026e+07,1.818768e+07,1.239958e+02,1.410278e+06,8.845231e+01,,,,5
2018-04-26 11:26:37.000000,2.609026e+07,1.818658e+07,1.239952e+02,1.410278e+06,8.845231e+01,,,,5
2018-04-26 11:26:38.000000,2.609024e+07,1.818850e+07,1.239963e+02,1.410278e+06,8.845230e+01,,,,5
2018-04-26 11:26:39.000000,2.609025e+07,1.818752e+07,1.239958e+02,1.410278e+06,8.845230e+01,,,,5
2018-04-26 11:26:40.000000,2.609024e+07,1.818751e+07,1.239958e+02,1.410278e+06,8.845230e+01,,,,5
2018-04-26 11:26:41.000000,2.609026e+07,1.818775e+07,1.239960e+02,1.410278e+06,8.845229e+01,,,,5
2018-04-26 11:26:42.000000,2.609026e+07,1.818783e+07,1.239961e+02,1.410278e+06,8.845229e+01,,,,5
2018-04-26 11:26:43.000000,2.609026e+07,1.818810e+07,1.239962e+02,1.410278e+06,8.845228e+01,,,,5
2018-04-26 11:26:44.000000,2.609025e+07,1.818700e+07,1.239955e+02,1.410278e+06,8.845228e+01,,,,5
2018-04-26 11:26:45.000000,2.609024e+07,1.818809e+07,1.239961e+02,1.410278e+06,8.845228e+01,,,,5
2018-04-26 11:26:46.000000,2.609026e+07,1.818674e+07,1.239953e+02,1.410278e+06,8.845227e+01,,,,5
2018-04-26 11:26:47.000000,2.609026e+07,1.818775e+07,1.239958e+02,1.410278e+06,8.845227e+01,,,,5
2018-04-26 11:26:48.000000,2.609026e+07,1.818654e+07,1.239951e+02,1.410278e+06,8.845226e+01,,,,5
2018-04-26 11:26:49.000000,2.609025e+07,1.818855e+07,1.239964e+02,1.410278e+06,8.845226e+01,,,,5
2018-04-26 11:26:50.000000,2.609024e+07,1.818754e+07,1.239958e+02,1.410278e+06,8.845226e+01,,,,5
2018-04-26 11:26:51.000000,2.609025e+07,1.818921e+07,1.239968e+02,1.410278e+06,8.845225e+01,,,,5
2018-04-26 11:26:52.000000,2.609026e+07,1.818790e+07,1.239961e+02,1.410278e+06,8.845225e+01,,,,5
2018-04-26 11:26:53.000000,2.609026e+07,1.818947e+07,1.239969e+02,1.410278e+06,8.845224e+01,,,,5
2018-04-26 11:26:54.000000,2.609026e+07,1.818814e+07,1.239962e+02,1.410278e+06,8.845224e+01,,,,5
2018-04-26 11:26:55.000000,2.609024e+07,1.818849e+07,1.239963e+02,1.410278e+06,8.845223e+01,,,,5
2018-04-26 11:26:56.000000,2.609024e+07,1.818726e+07,1.239956e+02,1.410278e+06,8.845223e+01,,,,5
2018-04-26 11:26:57.000000,2.609026e+07,1.818809e+07,1.239960e+02,1.410278e+06,8.845223e+01,,,,5
2018-04-26 11:26:58.000000,2.609026e+07,1.818699e+07,1.239954e+02,1.410278e+06,8.845222e+01,,,,5
2018-04-26 11:26:59.000000,2.609026e+07,1.818654e+07,1.239951e+02,1.410278e+06,8.845222e+01,,,,5
2018-04-26 11:27:00.000000,2.609024e+07,1.818767e+07,1.239959e+02,1.410278e+06,8.845221e+01,,,,5
2018-04-26 11:27:01.000000,2.609024e+07,1.818747e+07,1.239958e+02,1.410278e+06,8.845221e+01,,,,5
2018-04-26 11:27:02.000000,2.609024e+07,1.818865e+07,1.239964e+02,1.410278e+06,8.845221e+01,,,,5
2018-04-26 11:27:03.000000,2.609027e+07,1.818784e+07,1.239960e+02,1.410278e+06,8.845220e+01,,,,5
2018-04-26 11:27:04.000000,2.609026e+07,1.818948e+07,1.239969e+02,1.410278e+06,8.845220e+01,,,,5
2018-04-26 11:27:05.000000,2.609026e+07,1.818781e+07,1.239960e+02,1.410278e+06,8.845219e+01,,,,5
2018-04-26 11:27:06.000000,2.609024e+07,1.818859e+07,1.239964e+02,1.410278e+06,8.845219e+01,,,,5
2018-04-26 11:27:07.000000,2.609024e+07,1.818693e+07,1.239955e+02,1.410278e+06,8.845219e+01,,,,5
2018-04-26 11:27:08.000000,2.609025e+07,1.818691e+07,1.239954e+02,1.410278e+06,8.845218e+01,,,,5
2018-04-26 11:27:09.000000,2.609026e+07,1.818688e+07,1.239953e+02,1.410278e+06,8.845218e+01,,,,5
2018-04-26 11:27:10.000000,2.609026e+07,1.818659e+07,1.239952e+02,1.410278e+06,8.845217e+01,,,,5
2018-04-26 11:27:11.000000,2.609024e+07,1.818767e+07,1.239959e+02,1.410278e+06,8.845217e+01,,,,5
2018-04-26 11:27:12.000000,2.609024e+07,1.818751e+07,1.239958e+02,1.410278e+06,8.845217e+01,,,,5
2018-04-26 11:27:13.000000,2.609025e+07,1.818872e+07,1.239965e+02,1.410278e+06,8.845216e+01,,,,5
2018-04-26 11:27:14.000000,2.609026e+07,1.818786e+07,1.239961e+02,1.410278e+06,8.845216e+01,,,,5
2018-04-26 11:27:15.000000,2.609026e+07,1.818896e+07,1.239966e+02,1.410278e+06,8.845215e+01,,,,5
2018-04-26 11:27:16.000000,2.609026e+07,1.818781e+07,1.239960e+02,1.410278e+06,8.845215e+01,,,,5
2018-04-26 11:27:17.000000,2.609024e+07,1.818809e+07,1.239961e+02,1.410278e+06,8.845214e+01,,,,5
2018-04-26 11:27:18.000000,2.609024e+07,1.818694e+07,1.239954e+02,1.410278e+06,8.845214e+01,,,,5
2018-04-26 11:27:19.000000,2.609024e+07,1.818850e+07,1.239963e+02,1.410278e+06,8.845214e+01,,,,5
2018-04-26 11:27:20.000000,2.609026e+07,1.818671e+07,1.239952e+02,1.410278e+06,8.845213e+01,,,,5
2018-04-26 11:27:21.000000,2.609026e+07,1.818811e+07,1.239960e+02,1.410278e+06,8.845213e+01,,,,5
2018-04-26 11:27:22.000000,2.609026e+07,1.818689e+07,1.239953e+02,1.410278e+06,8.845212e+01,,,,5
2018-04-26 11:27:23.000000,2.609024e+07,1.818746e+07,1.239958e+02,1.410278e+06,8.845212e+01,,,,5
2018-04-26 11:27:24.000000,2.609024e+07,1.818779e+07,1.239960e+02,1.410278e+06,8.845212e+01,,,,5
2018-04-26 11:27:25.000000,2.609026e+07,1.818783e+07,1.239961e+02,1.410278e+06,8.845211e+01,,,,5
2018-04-26 11:27:26.000000,2.609026e+07,1.818808e+07,1.239962e+02,1.410278e+06,8.845211e+01,,,,5
2018-04-26 11:27:27.000000,2.609026e+07,1.818776e+07,1.239960e+02,1.410278e+06,8.845210e+01,,,,5
2018-04-26 11:27:28.000000,2.609024e+07,1.818809e+07,1.239961e+02,1.410278e+06,8.845210e+01,,,,5
2018-04-26 11:27:29.000000,2.609025e+07,1.818689e+07,1.239954e+02,1.410278e+06,8.845210e+01,,,,5
2018-04-26 11:27:30.000000,2.609024e+07,1.818862e+07,1.239964e+02,1.410278e+06,8.845209e+01,,,,5
2018-04-26 11:27:31.000000,2.609026e+07,1.818670e+07,1.239952e+02,1.410278e+06,8.845209e+01,,,,5
2018-04-26 11:27:32.000000,2.609026e+07,1.818823e+07,1.239960e+02,1.410278e+06,8.845208e+01,,,,5
2018-04-26 11:27:33.000000,2.609026e+07,1.818690e+07,1.239953e+02,1.410278e+06,8.845208e+01,,,,5
2018-04-26 11:27:34.000000,2.609025e+07,1.818905e+07,1.239966e+02,1.410278e+06,8.845208e+01,,,,5
2018-04-26 11:27:35.000000,2.609024e+07,1.818788e+07,1.239960e+02,1.410278e+06,8.845207e+01,,,,5
2018-04-26 11:27:36.000000,2.609024e+07,1.818749e+07,1.239958e+02,1.410278e+06,8.845207e+01,,,,5
2018-04-26 11:27:37.000000,2.609026e+07,1.818808e+07,1.239962e+02,1.410278e+06,8.845206e+01,,,,5
2018-04-26 11:27:38.000000,2.609026e+07,1.818778e+07,1.239960e+02,1.410278e+06,8.845206e+01,,,,5
2018-04-26 11:27:39.000000,2.609024e+07,1.818726e+07,1.239956e+02,1.410278e+06,8.845206e+01,,,,5
2018-04-26 11:27:40.000000,2.609024e+07,1.818687e+07,1.239954e+02,1.410278e+06,8.845205e+01,,,,5
2018-04-26 11:27:41.000000,2.609024e+07,1.818808e+07,1.239961e+02,1.410278e+06,8.845205e+01,,,,5
2018-04-26 11:27:42.000000,2.609026e+07,1.818668e+07,1.239952e+02,1.410278e+06,8.845204e+01,,,,5
2018-04-26 11:27:43.000000,2.609026e+07,1.818768e+07,1.239958e+02,1.410278e+06,8.845204e+01,,,,5
2018-04-26 11:27:44.000000,2.609026e+07,1.818658e+07,1.239951e+02,1.410278e+06,8.845204e+01,,,,5
2018-04-26 11:27:45.000000,2.609024e+07,1.818848e+07,1.239963e+02,1.410278e+06,8.845203e+01,,,,5
2018-04-26 11:27:46.000000,2.609025e+07,1.818752e+07,1.239958e+02,1.410278e+06,8.845203e+01,,,,5
2018-04-26 11:27:47.000000,2.609024e+07,1.818751e+07,1.239958e+02,1.410278e+06,8.845202e+01,,,,5
2018-04-26 11:27:48.000000,2.609026e+07,1.818775e+07,1.239960e+02,1.410278e+06,8.845202e+01,,,,5
2018-04-26 11:27:49.000000,2.609026e+07,1.818782e+07,1.239961e+02,1.410278e+06,8.845201e+01,,,,5
2018-04-26 11:27:50.000000,2.609026e+07,1.818810e+07,1.239962e+02,1.410278e+06,8.845201e+01,,,,5
2018-04-26 11:27:51.000000,2.609025e+07,1.818700e+07,1.239955e+02,1.410278e+06,8.845201e+01,,,,5
2018-04-26 11:27:52.000000,2.609024e+07,1.818808e+07,1.239961e+02,1.410278e+06,8.845200e+01,,,,5
2018-04-26 11:27:53.000000,2.609026e+07,1.818674e+07,1.239953e+02,1.410278e+06,8.845200e+01,,,,5
2018-04-26 11:27:54.000000,2.609026e+07,1.818774e+07,1.239958e+02,1.410278e+06,8.845199e+01,,,,5
2018-04-26 11:27:55.000000,2.609026e+07,1.818654e+07,1.239951e+02,1.410278e+06,8.845199e+01,,,,5
2018-04-26 11:27:56.000000,2.609025e+07,1.818855e+07,1.239964e+02,1.410278e+06,8.845199e+01,,,,5
2018-04-26 11:27:57.000000,2.609024e+07,1.818754e+07,1.239958e+02,1.410278e+06,8.845198e+01,,,,5
2018-04-26 11:27:58.000000,2.609025e+07,1.818921e+07,1.239967e+02,1.410278e+06,8.845198e+01,,,,5
2018-04-26 11:27:59.000000,2.609026e+07,1.818792e+07,1.239961e+02,1.410278e+06,8.845197e+01,,,,5
2018-04-26 11:28:00.000000,2.609026e+07,1.818947e+07,1.239969e+02,1.410278e+06,8.845197e+01,,,,5
2018-04-26 11:28:01.000000,2.609026e+07,1.818814e+07,1.239962e+02,1.410278e+06,8.845197e+01,,,,5
2018-04-26 11:28:02.000000,2.609024e+07,1.818849e+07,1.239963e+02,1.410278e+06,8.845196e+01,,,,5
2018-04-26 11:28:03.000000,2.609024e+07,1.818726e+07,1.239956e+02,1.410278e+06,8.845196e+01,,,,5
2018-04-26 11:28:04.000000,2.609024e+07,1.818684e+07,1.239954e+02,1.410278e+06,8.845195e+01,,,,5
2018-04-26 11:28:05.000000,2.609026e+07,1.818688e+07,1.239953e+02,1.410278e+06,8.845195e+01,,,,5
2018-04-26 11:28:06.000000,2.609026e+07,1.818654e+07,1.239951e+02,1.410278e+06,8.845195e+01,,,,5
2018-04-26 11:28:07.000000,2.609024e+07,1.818767e+07,1.239959e+02,1.410278e+06,8.845194e+01,,,,5
2018-04-26 11:28:08.000000,2.609024e+07,1.818746e+07,1.239958e+02,1.410278e+06,8.845194e+01,,,,5
2018-04-26 11:28:09.000000,2.609024e+07,1.818864e+07,1.239964e+02,1.410278e+06,8.845193e+01,,,,5
2018-04-26 11:28:10.000000,2.609026e+07,1.818784e+07,1.239960e+02,1.410278e+06,8.845193e+01,,,,5
2018-04-26 11:28:11.000000,2.609026e+07,1.818948e+07,1.239969e+02,1.410278e+06,8.845193e+01,,,,5
2018-04-26 11:28:12.000000,2.609026e+07,1.818781e+07,1.239960e+02,1.410278e+06,8.845192e+01,,,,5
2018-04-26 11:28:13.000000,2.609024e+07,1.818859e+07,1.239963e+02,1.410278e+06,8.845192e+01,,,,5
2018-04-26 11:28:14.000000,2.609024e+07,1.818693e+07,1.239954e+02,1.410278e+06,8.845191e+01,,,,5
2018-04-26 11:28:15.000000,2.609025e+07,1.818691e+07,1.239954e+02,1.410278e+06,8.845191e+01,,,,5
2018-04-26 11:28:16.000000,2.609026e+07,1.818688e+07,1.239953e+02,1.410278e+06,8.845191e+01,,,,5
2018-04-26 11:28:17.000000,2.609026e+07,1.818659e+07,1.239952e+02,1.410278e+06,8.845190e+01,,,,5
2018-04-26 11:28:18.000000,2.609026e+07,1.818783e+07,1.239958e+02,1.410278e+06,8.845190e+01,,,,5
2018-04-26 11:28:19.000000,2.609024e+07,1.818752e+07,1.239958e+02,1.410278e+06,8.845189e+01,,,,5
2018-04-26 11:28:20.000000,2.609025e+07,1.818872e+07,1.239965e+02,1.410278e+06,8.845189e+01,,,,5
2018-04-26 11:28:21.000000,2.609026e+07,1.818786e+07,1.239961e+02,1.410277e+06,8.845189e+01,,,,5
2018-04-26 11:28:22.000000,2.609026e+07,1.818896e+07,1.239966e+02,1.410277e+06,8.845188e+01,,,,5
2018-04-26 11:28:23.000000,2.609026e+07,1.818782e+07,1.239960e+02,1.410277e+06,8.845188e+01,,,,5
2018-04-26 11:28:24.000000,2.609024e+07,1.818809e+07,1.239961e+02,1.410277e+06,8.845187e+01,,,,5
2018-04-26 11:28:25.000000,2.609024e+07,1.818694e+07,1.239954e+02,1.410277e+06,8.845187e+01,,,,5
2018-04-26 11:28:26.000000,2.609024e+07,1.818849e+07,1.239963e+02,1.410277e+06,8.845187e+01,,,,5
2018-04-26 11:28:27.000000,2.609026e+07,1.818671e+07,1.239952e+02,1.410277e+06,8.845186e+01,,,,5
2018-04-26 11:28:28.000000,2.609026e+07,1.818811e+07,1.239960e+02,1.410277e+06,8.845186e+01,,,,5
2018-04-26 11:28:29.000000,2.609026e+07,1.818689e+07,1.239953e+02,1.410277e+06,8.845185e+01,,,,5
2018-04-26 11:28:30.000000,2.609024e+07,1.818746e+07,1.239958e+02,1.410277e+06,8.845185e+01,,,,5
2018-04-26 11:28:31.000000,2.609024e+07,1.818779e+07,1.239959e+02,1.410277e+06,8.845185e+01,,,,5
2018-04-26 11:28:32.000000,2.609026e+07,1.818782e+07,1.239961e+02,1.410277e+06,8.845184e+01,,,,5
2018-04-26 11:28:33.000000,2.609026e+07,1.818808e+07,1.239962e+02,1.410277e+06,8.845184e+01,,,,5
2018-04-26 11:28:34.000000,2.609026e+07,1.818776e+07,1.239960e+02,1.410277e+06,8.845183e+01,,,,5
2018-04-26 11:28:35.000000,2.609024e+07,1.818726e+07,1.239956e+02,1.410277e+06,8.845183e+01,,,,5
2018-04-26 11:28:36.000000,2.609025e+07,1.818687e+07,1.239954e+02,1.410277e+06,8.845183e+01,,,,5
2018-04-26 11:28:37.000000,2.609025e+07,1.818809e+07,1.239960e+02,1.410277e+06,8.845182e+01,,,,5
2018-04-26 11:28:38.000000,2.609026e+07,1.818668e+07,1.239952e+02,1.410277e+06,8.845182e+01,,,,5
2018-04-26 11:28:39.000000,2.609026e+07,1.818768e+07,1.239958e+02,1.410277e+06,8.845181e+01,,,,5
2018-04-26 11:28:40.000000,2.609026e+07,1.818658e+07,1.239951e+02,1.410277e+06,8.845181e+01,,,,5
2018-04-26 11:28:41.000000,2.609024e+07,1.818850e+07,1.239963e+02,1.410277e+06,8.845181e+01,,,,5
2018-04-26 11:28:42.000000,2.609025e+07,1.818752e+07,1.239958e+02,1.410277e+06,8.845180e+01,,,,5
2018-04-26 11:28:43.000000,2.609024e+07,1.818751e+07,1.239958e+02,1.410277e+06,8.845180e+01,,,,5
2018-04-26 11:28:44.000000,2.609026e+07,1.818775e+07,1.239960e+02,1.410277e+06,8.845179e+01,,,,5
2018-04-26 11:28:45.000000,2.609026e+07,1.818783e+07,1.239961e+02,1.410277e+06,8.845179e+01,,,,5
2018-04-26 11:28:46.000000,2.609024e+07,1.818695e+07,1.239955e+02,1.410277e+06,8.845179e+01,,,,5
2018-04-26 11:28:47.000000,2.609025e+07,1.818690e+07,1.239954e+02,1.410277e+06,8.845178e+01,,,,5
2018-04-26 11:28:48.000000,2.609024e+07,1.818809e+07,1.239961e+02,1.410277e+06,8.845178e+01,,,,5
2018-04-26 11:28:49.000000,2.609026e+07,1.818674e+07,1.239953e+02,1.410277e+06,8.845177e+01,,,,5
2018-04-26 11:28:50.000000,2.609026e+07,1.818775e+07,1.239958e+02,1.410277e+06,8.845177e+01,,,,5
2018-04-26 11:28:51.000000,2.609026e+07,1.818653e+07,1.239951e+02,1.410277e+06,8.845177e+01,,,,5
2018-04-26 11:28:52.000000,2.609025e+07,1.818855e+07,1.239964e+02,1.410277e+06,8.845176e+01,,,,5
2018-04-26 11:28:53.000000,2.609024e+07,1.818754e+07,1.239958e+02,1.410277e+06,8.845176e+01,,,,5
2018-04-26 11:28:54.000000,2.609025e+07,1.818923e+07,1.239967e+02,1.410277e+06,8.845175e+01,,,,5
2018-04-26 11:28:55.000000,2.609026e+07,1.818790e+07,1.239961e+02,1.410277e+06,8.845175e+01,,,,5
2018-04-26 11:28:56.000000,2.609026e+07,1.818948e+07,1.239969e+02,1.410277e+06,8.845175e+01,,,,5
2018-04-26 11:28:57.000000,2.609026e+07,1.818814e+07,1.239962e+02,1.410277e+06,8.845174e+01,,,,5
2018-04-26 11:28:58.000000,2.609024e+07,1.818849e+07,1.239963e+02,1.410277e+06,8.845174e+01,,,,5
2018-04-26 11:28:59.000000,2.609025e+07,1.818726e+07,1.239955e+02,1.410277e+06,8.845173e+01,,,,5
2018-04-26 11:29:00.000000,2.609026e+07,1.818809e+07,1.239959e+02,1.410277e+06,8.845173e+01,,,,5
2018-04-26 11:29:01.000000,2.609026e+07,1.818698e+07,1.239954e+02,1.410277e+06,8.845173e+01,,,,5
2018-04-26 11:29:02.000000,2.609026e+07,1.818654e+07,1.239951e+02,1.410277e+06,8.845172e+01,,,,5
2018-04-26 11:29:03.000000,2.609024e+07,1.818767e+07,1.239958e+02,1.410277e+06,8.845172e+01,,,,5
2018-04-26 11:29:04.000000,2.609024e+07,1.818746e+07,1.239958e+02,1.410277e+06,8.845171e+01,,,,5
2018-04-26 11:29:05.000000,2.609024e+07,1.818865e+07,1.239964e+02,1.410277e+06,8.845171e+01,,,,5
2018-04-26 11:29:06.000000,2.609027e+07,1.818784e+07,1.239960e+02,1.410277e+06,8.845171e+01,,,,5
2018-04-26 11:29:07.000000,2.609026e+07,1.818948e+07,1.239969e+02,1.410277e+06,8.845170e+01,,,,5
2018-04-26 11:29:08.000000,2.609026e+07,1.818779e+07,1.239960e+02,1.410277e+06,8.845170e+01,,,,5
2018-04-26 11:29:09.000000,2.609024e+07,1.818859e+07,1.239963e+02,1.410277e+06,8.845169e+01,,,,5
2018-04-26 11:29:10.000000,2.609024e+07,1.818693e+07,1.239954e+02,1.410277e+06,8.845169e+01,,,,5
2018-04-26 11:29:11.000000,2.609025e+07,1.818691e+07,1.239954e+02,1.410277e+06,8.845169e+01,,,,5
2018-04-26 11:29:12.000000,2.609026e+07,1.818688e+07,1.239953e+02,1.410277e+06,8.845168e+01,,,,5
2018-04-26 11:29:13.000000,2.609026e+07,1.818659e+07,1.239952e+02,1.410277e+06,8.845168e+01,,,,5
2018-04-26 11:29:14.000000,2.609024e+07,1.818767e+07,1.239959e+02,1.410277e+06,8.845167e+01,,,,5
2018-04-26 11:29:15.000000,2.609024e+07,1.818751e+07,1.239958e+02,1.410277e+06,8.845167e+01,,,,5
2018-04-26 11:29:16.000000,2.609025e+07,1.818872e+07,1.239965e+02,1.410277e+06,8.845167e+01,,,,5
2018-04-26 11:29:17.000000,2.609026e+07,1.818786e+07,1.239961e+02,1.410277e+06,8.845166e+01,,,,5
2018-04-26 11:29:18.000000,2.609026e+07,1.818897e+07,1.239967e+02,1.410277e+06,8.845166e+01,,,,5
2018-04-26 11:29:19.000000,2.609026e+07,1.818781e+07,1.239960e+02,1.410277e+06,8.845165e+01,,,,5
2018-04-26 11:29:20.000000,2.609025e+07,1.818809e+07,1.239960e+02,1.410277e+06,8.845165e+01,,,,5
2018-04-26 11:29:21.000000,2.609025e+07,1.818694e+07,1.239954e+02,1.410277e+06,8.845165e+01,,,,5
2018-04-26 11:29:22.000000,2.609024e+07,1.818850e+07,1.239962e+02,1.410277e+06,8.845164e+01,,,,5
2018-04-26 11:29:23.000000,2.609026e+07,1.818671e+07,1.239952e+02,1.410277e+06,8.845164e+01,,,,5
2018-04-26 11:29:24.000000,2.609026e+07,1.818811e+07,1.239960e+02,1.410277e+06,8.845163e+01,,,,5
2018-04-26 11:29:25.000000,2.609026e+07,1.818688e+07,1.239953e+02,1.410277e+06,8.845163e+01,,,,5
2018-04-26 11:29:26.000000,2.609024e+07,1.818746e+07,1.239958e+02,1.410277e+06,8.845163e+01,,,,5
2018-04-26 11:29:27.000000,2.609024e+07,1.818779e+07,1.239959e+02,1.410277e+06,8.845162e+01,,,,5
2018-04-26 11:29:28.000000,2.609026e+07,1.818783e+07,1.239961e+02,1.410277e+06,8.845162e+01,,,,5
2018-04-26 11:29:29.000000,2.609026e+07,1.818808e+07,1.239962e+02,1.410277e+06,8.845161e+01,,,,5
2018-04-26 11:29:30.000000,2.609027e+07,1.818776e+07,1.239960e+02,1.410277e+06,8.845161e+01,,,,5
2018-04-26 11:29:31.000000,2.609024e+07,1.818809e+07,1.239960e+02,1.410277e+06,8.845161e+01,,,,5
2018-04-26 11:29:32.000000,2.609025e+07,1.818690e+07,1.239954e+02,1.410277e+06,8.845160e+01,,,,5
2018-04-26 11:29:33.000000,2.609024e+07,1.818862e+07,1.239963e+02,1.410277e+06,8.845160e+01,,,,5
2018-04-26 11:29:34.000000,2.609026e+07,1.818670e+07,1.239952e+02,1.410277e+06,8.845159e+01,,,,5
2018-04-26 11:29:35.000000,2.609027e+07,1.818825e+07,1.239960e+02,1.410277e+06,8.845159e+01,,,,5
2018-04-26 11:29:36.000000,2.609026e+07,1.818690e+07,1.239953e+02,1.410277e+06,8.845159e+01,,,,5
2018-04-26 11:29:37.000000,2.609025e+07,1.818905e+07,1.239966e+02,1.410277e+06,8.845158e+01,,,,5
2018-04-26 11:29:38.000000,2.609024e+07,1.818787e+07,1.239960e+02,1.410277e+06,8.845158e+01,,,,5
2018-04-26 11:29:39.000000,2.609024e+07,1.818749e+07,1.239958e+02,1.410277e+06,8.845158e+01,,,,5
2018-04-26 11:29:40.000000,2.609026e+07,1.818808e+07,1.239962e+02,1.410277e+06,8.845157e+01,,,,5
2018-04-26 11:29:41.000000,2.609026e+07,1.818778e+07,1.239960e+02,1.410277e+06,8.845157e+01,,,,5
2018-04-26 11:29:42.000000,2.609024e+07,1.818726e+07,1.239956e+02,1.410277e+06,8.845156e+01,,,,5
2018-04-26 11:29:43.000000,2.609024e+07,1.818687e+07,1.239954e+02,1.410277e+06,8.845156e+01,,,,5
2018-04-26 11:29:44.000000,2.609024e+07,1.818808e+07,1.239960e+02,1.410277e+06,8.845156e+01,,,,5
2018-04-26 11:29:45.000000,2.609026e+07,1.818668e+07,1.239952e+02,1.410277e+06,8.845155e+01,,,,5
2018-04-26 11:29:46.000000,2.609026e+07,1.818768e+07,1.239958e+02,1.410277e+06,8.845155e+01,,,,5
2018-04-26 11:29:47.000000,2.609026e+07,1.818658e+07,1.239951e+02,1.410277e+06,8.845154e+01,,,,5
2018-04-26 11:29:48.000000,2.609024e+07,1.818848e+07,1.239963e+02,1.410277e+06,8.845154e+01,,,,5
2018-04-26 11:29:49.000000,2.609025e+07,1.818752e+07,1.239958e+02,1.410277e+06,8.845154e+01,,,,5
2018-04-26 11:29:50.000000,2.609024e+07,1.818751e+07,1.239958e+02,1.410277e+06,8.845153e+01,,,,5
2018-04-26 11:29:51.000000,2.609026e+07,1.818775e+07,1.239960e+02,1.410277e+06,8.845153e+01,,,,5
2018-04-26 11:29:52.000000,2.609026e+07,1.818783e+07,1.239961e+02,1.410277e+06,8.845152e+01,,,,5
2018-04-26 11:29:53.000000,2.609026e+07,1.818810e+07,1.239962e+02,1.410277e+06,8.845152e+01,,,,5
2018-04-26 11:29:54.000000,2.609025e+07,1.818700e+07,1.239955e+02,1.410277e+06,8.845152e+01,,,,5
2018-04-26 11:29:55.000000,2.609024e+07,1.818809e+07,1.239960e+02,1.410277e+06,8.845151e+01,,,,5
2018-04-26 11:29:56.000000,2.609026e+07,1.818674e+07,1.239953e+02,1.410277e+06,8.845151e+01,,,,5
2018-04-26 11:29:57.000000,2.609026e+07,1.818774e+07,1.239958e+02,1.410277e+06,8.845150e+01,,,,5
2018-04-26 11:29:58.000000,2.609026e+07,1.818654e+07,1.239951e+02,1.410277e+06,8.845150e+01,,,,5
2018-04-26 11:29:59.000000,2.609025e+07,1.818855e+07,1.239964e+02,1.410277e+06,8.845150e+01,,,,5
2018-04-26 11:30:00.000000,2.609024e+07,1.818754e+07,1.239958e+02,1.410277e+06,8.845149e+01,,,,5
2018-04-26 11:30:01.000000,2.609025e+07,1.818921e+07,1.239967e+02,1.410277e+06,8.845149e+01,,,,5
2018-04-26 11:30:02.000000,2.609026e+07,1.818790e+07,1.239961e+02,1.410277e+06,8.845148e+01,,,,5
2018-04-26 11:30:03.000000,2.609026e+07,1.818947e+07,1.239969e+02,1.410277e+06,8.845148e+01,,,,5
2018-04-26 11:30:04.000000,2.609026e+07,1.818814e+07,1.239962e+02,1.410277e+06,8.845148e+01,,,,5
2018-04-26 11:30:05.000000,2.609024e+07,1.818849e+07,1.239962e+02,1.410277e+06,8.845147e+01,,,,5
2018-04-26 11:30:06.000000,2.609024e+07,1.818726e+07,1.239955e+02,1.410277e+06,8.845147e+01,,,,5
2018-04-26 11:30:07.000000,2.609026e+07,1.818809e+07,1.239959e+02,1.410277e+06,8.845146e+01,,,,5
2018-04-26 11:30:08.000000,2.609026e+07,1.818699e+07,1.239954e+02,1.410277e+06,8.845146e+01,,,,5
2018-04-26 11:30:09.000000,2.609026e+07,1.818653e+07,1.239951e+02,1.410277e+06,8.845146e+01,,,,5
2018-04-26 11:30:10.000000,2.609024e+07,1.818767e+07,1.239958e+02,1.410277e+06,8.845145e+01,,,,5
2018-04-26 11:30:11.000000,2.609024e+07,1.818746e+07,1.239958e+02,1.410277e+06,8.845145e+01,,,,5
2018-04-26 11:30:12.000000,2.609024e+07,1.818865e+07,1.239964e+02,1.410277e+06,8.845145e+01,,,,5
2018-04-26 11:30:13.000000,2.609026e+07,1.818784e+07,1.239960e+02,1.410277e+06,8.845144e+01,,,,5
2018-04-26 11:30:14.000000,2.609026e+07,1.818948e+07,1.239969e+02,1.410277e+06,8.845144e+01,,,,5
2018-04-26 11:30:15.000000,2.609026e+07,1.818781e+07,1.239960e+02,1.410277e+06,8.845143e+01,,,,5
2018-04-26 11:30:16.000000,2.609024e+07,1.818859e+07,1.239963e+02,1.410277e+06,8.845143e+01,,,,5
2018-04-26 11:30:17.000000,2.609024e+07,1.818693e+07,1.239954e+02,1.410277e+06,8.845143e+01,,,,5
2018-04-26 11:30:18.000000,2.609025e+07,1.818691e+07,1.239954e+02,1.410277e+06,8.845142e+01,,,,5
2018-04-26 11:30:19.000000,2.609026e+07,1.818688e+07,1.239953e+02,1.410277e+06,8.845142e+01,,,,5
2018-04-26 11:30:20.000000,2.609026e+07,1.818659e+07,1.239952e+02,1.410277e+06,8.845141e+01,,,,5
2018-04-26 11:30:21.000000,2.609024e+07,1.818767e+07,1.239958e+02,1.410277e+06,8.845141e+01,,,,5
2018-04-26 11:30:22.000000,2.609024e+07,1.818752e+07,1.239958e+02,1.410277e+06,8.845141e+01,,,,5
2018-04-26 11:30:23.000000,2.609025e+07,1.818872e+07,1.239965e+02,1.410277e+06,8.845140e+01,,,,5
2018-04-26 11:30:24.000000,2.609026e+07,1.818786e+07,1.239961e+02,1.410277e+06,8.845140e+01,,,,5
2018-04-26 11:30:25.000000,2.609026e+07,1.818896e+07,1.239966e+02,1.410277e+06,8.845139e+01,,,,5
2018-04-26 11:30:26.000000,2.609026e+07,1.818781e+07,1.239960e+02,1.410277e+06,8.845139e+01,,,,5
2018-04-26 11:30:27.000000,2.609024e+07,1.818809e+07,1.239960e+02,1.410277e+06,8.845139e+01,,,,5
2018-04-26 11:30:28.000000,2.609024e+07,1.818694e+07,1.239954e+02,1.410277e+06,8.845138e+01,,,,5
2018-04-26 11:30:29.000000,2.609024e+07,1.818850e+07,1.239962e+02,1.410277e+06,8.845138e+01,,,,5
2018-04-26 11:30:30.000000,2.609026e+07,1.818671e+07,1.239952e+02,1.410277e+06,8.845137e+01,,,,5
2018-04-26 11:30:31.000000,2.609026e+07,1.818811e+07,1.239960e+02,1.410277e+06,8.845137e+01,,,,5
2018-04-26 11:30:32.000000,2.609026e+07,1.818689e+07,1.239953e+02,1.410277e+06,8.845137e+01,,,,5
2018-04-26 11:30:33.000000,2.609024e+07,1.818746e+07,1.239958e+02,1.410277e+06,8.845136e+01,,,,5
2018-04-26 11:30:34.000000,2.609024e+07,1.818779e+07,1.239959e+02,1.410277e+06,8.845136e+01,,,,5
2018-04-26 11:30:35.000000,2.609026e+07,1.818782e+07,1.239961e+02,1.410277e+06,8.845136e+01,,,,5
2018-04-26 11:30:36.000000,2.609026e+07,1.818808e+07,1.239962e+02,1.410277e+06,8.845135e+01,,,,5
2018-04-26 11:30:37.000000,2.609026e+07,1.818776e+07,1.239960e+02,1.410277e+06,8.845135e+01,,,,5
2018-04-26 11:30:38.000000,2.609024e+07,1.818809e+07,1.239960e+02,1.410277e+06,8.845134e+01,,,,5
2018-04-26 11:30:39.000000,2.609025e+07,1.818691e+07,1.239954e+02,1.410277e+06,8.845134e+01,,,,5
2018-04-26 11:30:40.000000,2.609024e+07,1.818862e+07,1.239963e+02,1.410277e+06,8.845134e+01,,,,5
2018-04-26 11:30:41.000000,2.609026e+07,1.818670e+07,1.239952e+02,1.410277e+06,8.845133e+01,,,,5
2018-04-26 11:30:42.000000,2.609026e+07,1.818823e+07,1.239960e+02,1.410277e+06,8.845133e+01,,,,5
2018-04-26 11:30:43.000000,2.609026e+07,1.818690e+07,1.239953e+02,1.410277e+06,8.845132e+01,,,,5
2018-04-26 11:30:44.000000,2.609025e+07,1.818905e+07,1.239966e+02,1.410277e+06,8.845132e+01,,,,5
2018-04-26 11:30:45.000000,2.609024e+07,1.818788e+07,1.239959e+02,1.410277e+06,8.845132e+01,,,,5
2018-04-26 11:30:46.000000,2.609024e+07,1.818749e+07,1.239958e+02,1.410277e+06,8.845131e+01,,,,5
2018-04-26 11:30:47.000000,2.609026e+07,1.818808e+07,1.239962e+02,1.410277e+06,8.845131e+01,,,,5
2018-04-26 11:30:48.000000,2.609026e+07,1.818778e+07,1.239960e+02,1.410277e+06,8.845130e+01,,,,5
2018-04-26 11:30:49.000000,2.609024e+07,1.818726e+07,1.239956e+02,1.410277e+06,8.845130e+01,,,,5
2018-04-26 11:30:50.000000,2.609024e+07,1.818687e+07,1.239954e+02,1.410277e+06,8.845130e+01,,,,5
2018-04-26 11:30:51.000000,2.609024e+07,1.818808e+07,1.239960e+02,1.410277e+06,8.845129e+01,,,,5
2018-04-26 11:30:52.000000,2.609026e+07,1.818668e+07,1.239952e+02,1.410277e+06,8.845129e+01,,,,5
2018-04-26 11:30:53.000000,2.609026e+07,1.818768e+07,1.239957e+02,1.410277e+06,8.845129e+01,,,,5
2018-04-26 11:30:54.000000,2.609026e+07,1.818657e+07,1.239951e+02,1.410277e+06,8.845128e+01,,,,5
2018-04-26 11:30:55.000000,2.609024e+07,1.818848e+07,1.239963e+02,1.410277e+06,8.845128e+01,,,,5
2018-04-26 11:30:56.000000,2.609025e+07,1.818754e+07,1.239958e+02,1.410277e+06,8.845127e+01,,,,5
2018-04-26 11:30:57.000000,2.609024e+07,1.818751e+07,1.239958e+02,1.410277e+06,8.845127e+01,,,,5
2018-04-26 11:30:58.000000,2.609026e+07,1.818775e+07,1.239960e+02,1.410277e+06,8.845127e+01,,,,5
2018-04-26 11:30:59.000000,2.609026e+07,1.818782e+07,1.239961e+02,1.410277e+06,8.845126e+01,,,,5
2018-04-26 11:31:00.000000,2.609026e+07,1.818810e+07,1.239962e+02,1.410277e+06,8.845126e+01,,,,5
2018-04-26 11:31:01.000000,2.609025e+07,1.818700e+07,1.239955e+02,1.410277e+06,8.845125e+01,,,,5
2018-04-26 11:31:02.000000,2.609024e+07,1.818808e+07,1.239960e+02,1.410277e+06,8.845125e+01,,,,5
2018-04-26 11:31:03.000000,2.609026e+07,1.818674e+07,1.239952e+02,1.410277e+06,8.845125e+01,,,,5
2018-04-26 11:31:04.000000,2.609026e+07,1.818774e+07,1.239957e+02,1.410277e+06,8.845124e+01,,,,5
2018-04-26 11:31:05.000000,2.609026e+07,1.818654e+07,1.239951e+02,1.410277e+06,8.845124e+01,,,,5
2018-04-26 11:31:06.000000,2.609025e+07,1.818853e+07,1.239964e+02,1.410277e+06,8.845123e+01,,,,5
2018-04-26 11:31:07.000000,2.609024e+07,1.818754e+07,1.239958e+02,1.410277e+06,8.845123e+01,,,,5
2018-04-26 11:31:08.000000,2.609024e+07,1.818920e+07,1.239967e+02,1.410277e+06,8.845123e+01,,,,5
2018-04-26 11:31:09.000000,2.609026e+07,1.818792e+07,1.239961e+02,1.410277e+06,8.845122e+01,,,,5
2018-04-26 11:31:10.000000,2.609026e+07,1.818947e+07,1.239969e+02,1.410277e+06,8.845122e+01,,,,5
2018-04-26 11:31:11.000000,2.609026e+07,1.818814e+07,1.239962e+02,1.410277e+06,8.845122e+01,,,,5
2018-04-26 11:31:12.000000,2.609024e+07,1.818848e+07,1.239962e+02,1.410277e+06,8.845121e+01,,,,5
2018-04-26 11:31:13.000000,2.609024e+07,1.818727e+07,1.239955e+02,1.410277e+06,8.845121e+01,,,,5
2018-04-26 11:31:14.000000,2.609024e+07,1.818684e+07,1.239954e+02,1.410277e+06,8.845120e+01,,,,5
2018-04-26 11:31:15.000000,2.609026e+07,1.818688e+07,1.239953e+02,1.410277e+06,8.845120e+01,,,,5
2018-04-26 11:31:16.000000,2.609026e+07,1.818654e+07,1.239951e+02,1.410277e+06,8.845120e+01,,,,5
2018-04-26 11:31:17.000000,2.609024e+07,1.818767e+07,1.239958e+02,1.410277e+06,8.845119e+01,,,,5
2018-04-26 11:31:18.000000,2.609024e+07,1.818746e+07,1.239958e+02,1.410277e+06,8.845119e+01,,,,5
2018-04-26 11:31:19.000000,2.609024e+07,1.818864e+07,1.239964e+02,1.410277e+06,8.845118e+01,,,,5
2018-04-26 11:31:20.000000,2.609026e+07,1.818784e+07,1.239960e+02,1.410277e+06,8.845118e+01,,,,5
2018-04-26 11:31:21.000000,2.609026e+07,1.818948e+07,1.239969e+02,1.410277e+06,8.845118e+01,,,,5
2018-04-26 11:31:22.000000,2.609026e+07,1.818781e+07,1.239960e+02,1.410277e+06,8.845117e+01,,,,5
2018-04-26 11:31:23.000000,2.609024e+07,1.818858e+07,1.239963e+02,1.410277e+06,8.845117e+01,,,,5
2018-04-26 11:31:24.000000,2.609024e+07,1.818694e+07,1.239954e+02,1.410277e+06,8.845117e+01,,,,5
2018-04-26 11:31:25.000000,2.609025e+07,1.818691e+07,1.239954e+02,1.410277e+06,8.845116e+01,,,,5
2018-04-26 11:31:26.000000,2.609026e+07,1.818688e+07,1.239953e+02,1.410277e+06,8.845116e+01,,,,5
2018-04-26 11:31:27.000000,2.609026e+07,1.818659e+07,1.239951e+02,1.410277e+06,8.845115e+01,,,,5
2018-04-26 11:31:28.000000,2.609026e+07,1.818783e+07,1.239958e+02,1.410277e+06,8.845115e+01,,,,5
2018-04-26 11:31:29.000000,2.609024e+07,1.818752e+07,1.239958e+02,1.410277e+06,8.845115e+01,,,,5
2018-04-26 11:31:30.000000,2.609025e+07,1.818871e+07,1.239964e+02,1.410277e+06,8.845114e+01,,,,5
2018-04-26 11:31:31.000000,2.609026e+07,1.818785e+07,1.239960e+02,1.410277e+06,8.845114e+01,,,,5
2018-04-26 11:31:32.000000,2.609026e+07,1.818896e+07,1.239966e+02,1.410277e+06,8.845113e+01,,,,5
2018-04-26 11:31:33.000000,2.609026e+07,1.818782e+07,1.239960e+02,1.410277e+06,8.845113e+01,,,,5
2018-04-26 11:31:34.000000,2.609024e+07,1.818809e+07,1.239960e+02,1.410277e+06,8.845113e+01,,,,5
2018-04-26 11:31:35.000000,2.609024e+07,1.818694e+07,1.239954e+02,1.410277e+06,8.845112e+01,,,,5
2018-04-26 11:31:36.000000,2.609024e+07,1.818848e+07,1.239962e+02,1.410277e+06,8.845112e+01,,,,5
2018-04-26 11:31:37.000000,2.609026e+07,1.818671e+07,1.239952e+02,1.410277e+06,8.845112e+01,,,,5
2018-04-26 11:31:38.000000,2.609026e+07,1.818811e+07,1.239960e+02,1.410277e+06,8.845111e+01,,,,5
2018-04-26 11:31:39.000000,2.609026e+07,1.818689e+07,1.239953e+02,1.410277e+06,8.845111e+01,,,,5
2018-04-26 11:31:40.000000,2.609024e+07,1.818746e+07,1.239958e+02,1.410277e+06,8.845110e+01,,,,5
2018-04-26 11:31:41.000000,2.609024e+07,1.818779e+07,1.239959e+02,1.410277e+06,8.845110e+01,,,,5
2018-04-26 11:31:42.000000,2.609024e+07,1.818743e+07,1.239957e+02,1.410277e+06,8.845110e+01,,,,5
2018-04-26 11:31:43.000000,2.609026e+07,1.818805e+07,1.239962e+02,1.410277e+06,8.845109e+01,,,,5
2018-04-26 11:31:44.000000,2.609026e+07,1.818776e+07,1.239960e+02,1.410277e+06,8.845109e+01,,,,5
2018-04-26 11:31:45.000000,2.609024e+07,1.818809e+07,1.239960e+02,1.410277e+06,8.845108e+01,,,,5
2018-04-26 11:31:46.000000,2.609024e+07,1.818691e+07,1.239954e+02,1.410277e+06,8.845108e+01,,,,5
2018-04-26 11:31:47.000000,2.609024e+07,1.818860e+07,1.239963e+02,1.410277e+06,8.845108e+01,,,,5
2018-04-26 11:31:48.000000,2.609026e+07,1.818670e+07,1.239952e+02,1.410277e+06,8.845107e+01,,,,5
2018-04-26 11:31:49.000000,2.609026e+07,1.818823e+07,1.239960e+02,1.410277e+06,8.845107e+01,,,,5
2018-04-26 11:31:50.000000,2.609026e+07,1.818691e+07,1.239953e+02,1.410277e+06,8.845107e+01,,,,5
2018-04-26 11:31:51.000000,2.609024e+07,1.818904e+07,1.239966e+02,1.410276e+06,8.845106e+01,,,,5
2018-04-26 11:31:52.000000,2.609024e+07,1.818788e+07,1.239959e+02,1.410276e+06,8.845106e+01,,,,5
2018-04-26 11:31:53.000000,2.609024e+07,1.818749e+07,1.239958e+02,1.410276e+06,8.845105e+01,,,,5
2018-04-26 11:31:54.000000,2.609026e+07,1.818808e+07,1.239962e+02,1.410276e+06,8.845105e+01,,,,5
2018-04-26 11:31:55.000000,2.609026e+07,1.818777e+07,1.239960e+02,1.410276e+06,8.845105e+01,,,,5
2018-04-26 11:31:56.000000,2.609024e+07,1.818726e+07,1.239956e+02,1.410276e+06,8.845104e+01,,,,5
2018-04-26 11:31:57.000000,2.609024e+07,1.818687e+07,1.239953e+02,1.410276e+06,8.845104e+01,,,,5
2018-04-26 11:31:58.000000,2.609024e+07,1.818808e+07,1.239960e+02,1.410276e+06,8.845104e+01,,,,5
2018-04-26 11:31:59.000000,2.609026e+07,1.818668e+07,1.239952e+02,1.410276e+06,8.845103e+01,,,,5
2018-04-26 11:32:00.000000,2.609026e+07,1.818767e+07,1.239957e+02,1.410276e+06,8.845103e+01,,,,5
2018-04-26 11:32:01.000000,2.609026e+07,1.818657e+07,1.239951e+02,1.410276e+06,8.845102e+01,,,,5
2018-04-26 11:32:02.000000,2.609024e+07,1.818848e+07,1.239963e+02,1.410276e+06,8.845102e+01,,,,5
2018-04-26 11:32:03.000000,2.609024e+07,1.818754e+07,1.239957e+02,1.410276e+06,8.845102e+01,,,,5
2018-04-26 11:32:04.000000,2.609024e+07,1.818751e+07,1.239958e+02,1.410276e+06,8.845101e+01,,,,5
2018-04-26 11:32:05.000000,2.609026e+07,1.818775e+07,1.239960e+02,1.410276e+06,8.845101e+01,,,,5
2018-04-26 11:32:06.000000,2.609026e+07,1.818782e+07,1.239960e+02,1.410276e+06,8.845100e+01,,,,5
2018-04-26 11:32:07.000000,2.609026e+07,1.818810e+07,1.239962e+02,1.410276e+06,8.845100e+01,,,,5
2018-04-26 11:32:08.000000,2.609025e+07,1.818700e+07,1.239955e+02,1.410276e+06,8.845100e+01,,,,5
2018-04-26 11:32:09.000000,2.609024e+07,1.818808e+07,1.239960e+02,1.410276e+06,8.845099e+01,,,,5
2018-04-26 11:32:10.000000,2.609026e+07,1.818675e+07,1.239952e+02,1.410276e+06,8.845099e+01,,,,5
2018-04-26 11:32:11.000000,2.609026e+07,1.818774e+07,1.239957e+02,1.410276e+06,8.845099e+01,,,,5
2018-04-26 11:32:12.000000,2.609026e+07,1.818654e+07,1.239951e+02,1.410276e+06,8.845098e+01,,,,5
2018-04-26 11:32:13.000000,2.609024e+07,1.818853e+07,1.239963e+02,1.410276e+06,8.845098e+01,,,,5
2018-04-26 11:32:14.000000,2.609024e+07,1.818755e+07,1.239958e+02,1.410276e+06,8.845097e+01,,,,5
2018-04-26 11:32:15.000000,2.609024e+07,1.818920e+07,1.239967e+02,1.410276e+06,8.845097e+01,,,,5
2018-04-26 11:32:16.000000,2.609026e+07,1.818792e+07,1.239961e+02,1.410276e+06,8.845097e+01,,,,5
2018-04-26 11:32:17.000000,2.609026e+07,1.818945e+07,1.239969e+02,1.410276e+06,8.845096e+01,,,,5
2018-04-26 11:32:18.000000,2.609026e+07,1.818815e+07,1.239962e+02,1.410276e+06,8.845096e+01,,,,5
2018-04-26 11:32:19.000000,2.609024e+07,1.818848e+07,1.239962e+02,1.410276e+06,8.845095e+01,,,,5
2018-04-26 11:32:20.000000,2.609024e+07,1.818727e+07,1.239955e+02,1.410276e+06,8.845095e+01,,,,5
2018-04-26 11:32:21.000000,2.609024e+07,1.818684e+07,1.239953e+02,1.410276e+06,8.845095e+01,,,,5
2018-04-26 11:32:22.000000,2.609026e+07,1.818688e+07,1.239953e+02,1.410276e+06,8.845094e+01,,,,5
2018-04-26 11:32:23.000000,2.609026e+07,1.818654e+07,1.239951e+02,1.410276e+06,8.845094e+01,,,,5
2018-04-26 11:32:24.000000,2.609024e+07,1.818766e+07,1.239958e+02,1.410276e+06,8.845094e+01,,,,5
2018-04-26 11:32:25.000000,2.609024e+07,1.818746e+07,1.239957e+02,1.410276e+06,8.845093e+01,,,,5
2018-04-26 11:32:26.000000,2.609024e+07,1.818864e+07,1.239964e+02,1.410276e+06,8.845093e+01,,,,5
2018-04-26 11:32:27.000000,2.609026e+07,1.818784e+07,1.239960e+02,1.410276e+06,8.845092e+01,,,,5
2018-04-26 11:32:28.000000,2.609026e+07,1.818947e+07,1.239969e+02,1.410276e+06,8.845092e+01,,,,5
2018-04-26 11:32:29.000000,2.609026e+07,1.818781e+07,1.239960e+02,1.410276e+06,8.845092e+01,,,,5
2018-04-26 11:32:30.000000,2.609024e+07,1.818858e+07,1.239963e+02,1.410276e+06,8.845091e+01,,,,5
2018-04-26 11:32:31.000000,2.609024e+07,1.818695e+07,1.239954e+02,1.410276e+06,8.845091e+01,,,,5
2018-04-26 11:32:32.000000,2.609025e+07,1.818691e+07,1.239954e+02,1.410276e+06,8.845091e+01,,,,5
2018-04-26 11:32:33.000000,2.609026e+07,1.818688e+07,1.239953e+02,1.410276e+06,8.845090e+01,,,,5
2018-04-26 11:32:34.000000,2.609026e+07,1.818659e+07,1.239951e+02,1.410276e+06,8.845090e+01,,,,5
2018-04-26 11:32:35.000000,2.609026e+07,1.818783e+07,1.239958e+02,1.410276e+06,8.845089e+01,,,,5
2018-04-26 11:32:36.000000,2.609024e+07,1.818752e+07,1.239958e+02,1.410276e+06,8.845089e+01,,,,5
2018-04-26 11:32:37.000000,2.609024e+07,1.818871e+07,1.239964e+02,1.410276e+06,8.845089e+01,,,,5
2018-04-26 11:32:38.000000,2.609026e+07,1.818785e+07,1.239960e+02,1.410276e+06,8.845088e+01,,,,5
2018-04-26 11:32:39.000000,2.609026e+07,1.818896e+07,1.239966e+02,1.410276e+06,8.845088e+01,,,,5
2018-04-26 11:32:40.000000,2.609026e+07,1.818782e+07,1.239960e+02,1.410276e+06,8.845088e+01,,,,5
2018-04-26 11:32:41.000000,2.609024e+07,1.818809e+07,1.239960e+02,1.410276e+06,8.845087e+01,,,,5
2018-04-26 11:32:42.000000,2.609024e+07,1.818694e+07,1.239953e+02,1.410276e+06,8.845087e+01,,,,5
2018-04-26 11:32:43.000000,2.609024e+07,1.818848e+07,1.239962e+02,1.410276e+06,8.845086e+01,,,,5
2018-04-26 11:32:44.000000,2.609026e+07,1.818672e+07,1.239952e+02,1.410276e+06,8.845086e+01,,,,5
2018-04-26 11:32:45.000000,2.609026e+07,1.818811e+07,1.239960e+02,1.410276e+06,8.845086e+01,,,,5
2018-04-26 11:32:46.000000,2.609026e+07,1.818689e+07,1.239953e+02,1.410276e+06,8.845085e+01,,,,5
2018-04-26 11:32:47.000000,2.609024e+07,1.818746e+07,1.239958e+02,1.410276e+06,8.845085e+01,,,,5
2018-04-26 11:32:48.000000,2.609024e+07,1.818778e+07,1.239959e+02,1.410276e+06,8.845084e+01,,,,5
2018-04-26 11:32:49.000000,2.609024e+07,1.818743e+07,1.239957e+02,1.410276e+06,8.845084e+01,,,,5
2018-04-26 11:32:50.000000,2.609026e+07,1.818805e+07,1.239961e+02,1.410276e+06,8.845084e+01,,,,5
2018-04-26 11:32:51.000000,2.609026e+07,1.818776e+07,1.239960e+02,1.410276e+06,8.845083e+01,,,,5
2018-04-26 11:32:52.000000,2.609024e+07,1.818726e+07,1.239956e+02,1.410276e+06,8.845083e+01,,,,5
2018-04-26 11:32:53.000000,2.609024e+07,1.818687e+07,1.239953e+02,1.410276e+06,8.845083e+01,,,,5
2018-04-26 11:32:54.000000,2.609024e+07,1.818808e+07,1.239960e+02,1.410276e+06,8.845082e+01,,,,5
2018-04-26 11:32:55.000000,2.609026e+07,1.818667e+07,1.239952e+02,1.410276e+06,8.845082e+01,,,,5
2018-04-26 11:32:56.000000,2.609026e+07,1.818768e+07,1.239957e+02,1.410276e+06,8.845081e+01,,,,5
2018-04-26 11:32:57.000000,2.609026e+07,1.818658e+07,1.239951e+02,1.410276e+06,8.845081e+01,,,,5
2018-04-26 11:32:58.000000,2.609024e+07,1.818848e+07,1.239963e+02,1.410276e+06,8.845081e+01,,,,5
2018-04-26 11:32:59.000000,2.609025e+07,1.818752e+07,1.239957e+02,1.410276e+06,8.845080e+01,,,,5
2018-04-26 11:33:00.000000,2.609024e+07,1.818751e+07,1.239958e+02,1.410276e+06,8.845080e+01,,,,5
2018-04-26 11:33:01.000000,2.609026e+07,1.818775e+07,1.239960e+02,1.410276e+06,8.845080e+01,,,,5
2018-04-26 11:33:02.000000,2.609026e+07,1.818783e+07,1.239960e+02,1.410276e+06,8.845079e+01,,,,5
2018-04-26 11:33:03.000000,2.609026e+07,1.818810e+07,1.239961e+02,1.410276e+06,8.845079e+01,,,,5
2018-04-26 11:33:04.000000,2.609025e+07,1.818700e+07,1.239955e+02,1.410276e+06,8.845078e+01,,,,5
2018-04-26 11:33:05.000000,2.609024e+07,1.818808e+07,1.239960e+02,1.410276e+06,8.845078e+01,,,,5
2018-04-26 11:33:06.000000,2.609026e+07,1.818674e+07,1.239952e+02,1.410276e+06,8.845078e+01,,,,5
2018-04-26 11:33:07.000000,2.609026e+07,1.818774e+07,1.239957e+02,1.410276e+06,8.845077e+01,,,,5
2018-04-26 11:33:08.000000,2.609026e+07,1.818654e+07,1.239951e+02,1.410276e+06,8.845077e+01,,,,5
2018-04-26 11:33:09.000000,2.609025e+07,1.818855e+07,1.239963e+02,1.410276e+06,8.845077e+01,,,,5
2018-04-26 11:33:10.000000,2.609024e+07,1.818754e+07,1.239957e+02,1.410276e+06,8.845076e+01,,,,5
2018-04-26 11:33:11.000000,2.609025e+07,1.818921e+07,1.239967e+02,1.410276e+06,8.845076e+01,,,,5
2018-04-26 11:33:12.000000,2.609026e+07,1.818790e+07,1.239961e+02,1.410276e+06,8.845075e+01,,,,5
2018-04-26 11:33:13.000000,2.609026e+07,1.818947e+07,1.239969e+02,1.410276e+06,8.845075e+01,,,,5
2018-04-26 11:33:14.000000,2.609026e+07,1.818814e+07,1.239962e+02,1.410276e+06,8.845075e+01,,,,5
2018-04-26 11:33:15.000000,2.609024e+07,1.818849e+07,1.239962e+02,1.410276e+06,8.845074e+01,,,,5
2018-04-26 11:33:16.000000,2.609024e+07,1.818726e+07,1.239955e+02,1.410276e+06,8.845074e+01,,,,5
2018-04-26 11:33:17.000000,2.609024e+07,1.818684e+07,1.239953e+02,1.410276e+06,8.845074e+01,,,,5
2018-04-26 11:33:18.000000,2.609026e+07,1.818688e+07,1.239953e+02,1.410276e+06,8.845073e+01,,,,5
2018-04-26 11:33:19.000000,2.609026e+07,1.818653e+07,1.239951e+02,1.410276e+06,8.845073e+01,,,,5
2018-04-26 11:33:20.000000,2.609024e+07,1.818767e+07,1.239958e+02,1.410276e+06,8.845072e+01,,,,5
2018-04-26 11:33:21.000000,2.609024e+07,1.818746e+07,1.239957e+02,1.410276e+06,8.845072e+01,,,,5
2018-04-26 11:33:22.000000,2.609024e+07,1.818864e+07,1.239964e+02,1.410276e+06,8.845072e+01,,,,5
2018-04-26 11:33:23.000000,2.609026e+07,1.818784e+07,1.239960e+02,1.410276e+06,8.845071e+01,,,,5
2018-04-26 11:33:24.000000,2.609026e+07,1.818948e+07,1.239969e+02,1.410276e+06,8.845071e+01,,,,5
2018-04-26 11:33:25.000000,2.609026e+07,1.818781e+07,1.239960e+02,1.410276e+06,8.845071e+01,,,,5
2018-04-26 11:33:26.000000,2.609024e+07,1.818859e+07,1.239963e+02,1.410276e+06,8.845070e+01,,,,5
2018-04-26 11:33:27.000000,2.609024e+07,1.818693e+07,1.239954e+02,1.410276e+06,8.845070e+01,,,,5
2018-04-26 11:33:28.000000,2.609025e+07,1.818691e+07,1.239954e+02,1.410276e+06,8.845069e+01,,,,5
2018-04-26 11:33:29.000000,2.609026e+07,1.818688e+07,1.239953e+02,1.410276e+06,8.845069e+01,,,,5
2018-04-26 11:33:30.000000,2.609026e+07,1.818659e+07,1.239951e+02,1.410276e+06,8.845069e+01,,,,5
2018-04-26 11:33:31.000000,2.609024e+07,1.818767e+07,1.239958e+02,1.410276e+06,8.845068e+01,,,,5
2018-04-26 11:33:32.000000,2.609024e+07,1.818752e+07,1.239958e+02,1.410276e+06,8.845068e+01,,,,5
2018-04-26 11:33:33.000000,2.609025e+07,1.818872e+07,1.239964e+02,1.410276e+06,8.845068e+01,,,,5
2018-04-26 11:33:34.000000,2.609026e+07,1.818786e+07,1.239960e+02,1.410276e+06,8.845067e+01,,,,5
2018-04-26 11:33:35.000000,2.609026e+07,1.818896e+07,1.239966e+02,1.410276e+06,8.845067e+01,,,,5
2018-04-26 11:33:36.000000,2.609026e+07,1.818781e+07,1.239960e+02,1.410276e+06,8.845066e+01,,,,5
2018-04-26 11:33:37.000000,2.609024e+07,1.818809e+07,1.239960e+02,1.410276e+06,8.845066e+01,,,,5
2018-04-26 11:33:38.000000,2.609024e+07,1.818694e+07,1.239953e+02,1.410276e+06,8.845066e+01,,,,5
2018-04-26 11:33:39.000000,2.609024e+07,1.818848e+07,1.239962e+02,1.410276e+06,8.845065e+01,,,,5
2018-04-26 11:33:40.000000,2.609026e+07,1.818671e+07,1.239952e+02,1.410276e+06,8.845065e+01,,,,5
2018-04-26 11:33:41.000000,2.609026e+07,1.818811e+07,1.239960e+02,1.410276e+06,8.845065e+01,,,,5
2018-04-26 11:33:42.000000,2.609026e+07,1.818689e+07,1.239953e+02,1.410276e+06,8.845064e+01,,,,5
2018-04-26 11:33:43.000000,2.609024e+07,1.818746e+07,1.239958e+02,1.410276e+06,8.845064e+01,,,,5
2018-04-26 11:33:44.000000,2.609024e+07,1.818779e+07,1.239959e+02,1.410276e+06,8.845063e+01,,,,5
2018-04-26 11:33:45.000000,2.609026e+07,1.818782e+07,1.239960e+02,1.410276e+06,8.845063e+01,,,,5
2018-04-26 11:33:46.000000,2.609026e+07,1.818808e+07,1.239961e+02,1.410276e+06,8.845063e+01,,,,5
2018-04-26 11:33:47.000000,2.609026e+07,1.818776e+07,1.239960e+02,1.410276e+06,8.845062e+01,,,,5
2018-04-26 11:33:48.000000,2.609024e+07,1.818809e+07,1.239960e+02,1.410276e+06,8.845062e+01,,,,5
2018-04-26 11:33:49.000000,2.609024e+07,1.818691e+07,1.239954e+02,1.410276e+06,8.845062e+01,,,,5
2018-04-26 11:33:50.000000,2.609024e+07,1.818862e+07,1.239963e+02,1.410276e+06,8.845061e+01,,,,5
2018-04-26 11:33:51.000000,2.609026e+07,1.818670e+07,1.239952e+02,1.410276e+06,8.845061e+01,,,,5
2018-04-26 11:33:52.000000,2.609026e+07,1.818823e+07,1.239960e+02,1.410276e+06,8.845060e+01,,,,5
2018-04-26 11:33:53.000000,2.609026e+07,1.818690e+07,1.239953e+02,1.410276e+06,8.845060e+01,,,,5
2018-04-26 11:33:54.000000,2.609024e+07,1.818904e+07,1.239966e+02,1.410276e+06,8.845060e+01,,,,5
2018-04-26 11:33:55.000000,2.609024e+07,1.818788e+07,1.239959e+02,1.410276e+06,8.845059e+01,,,,5
2018-04-26 11:33:56.000000,2.609024e+07,1.818749e+07,1.239958e+02,1.410276e+06,8.845059e+01,,,,5
2018-04-26 11:33:57.000000,2.609026e+07,1.818808e+07,1.239962e+02,1.410276e+06,8.845059e+01,,,,5
2018-04-26 11:33:58.000000,2.609026e+07,1.818778e+07,1.239960e+02,1.410276e+06,8.845058e+01,,,,5
2018-04-26 11:33:59.000000,2.609024e+07,1.818726e+07,1.239956e+02,1.410276e+06,8.845058e+01,,,,5
2018-04-26 11:34:00.000000,2.609024e+07,1.818687e+07,1.239953e+02,1.410276e+06,8.845057e+01,,,,5
2018-04-26 11:34:01.000000,2.609024e+07,1.818808e+07,1.239960e+02,1.410276e+06,8.845057e+01,,,,5
2018-04-26 11:34:02.000000,2.609026e+07,1.818668e+07,1.239952e+02,1.410276e+06,8.845057e+01,,,,5
2018-04-26 11:34:03.000000,2.609026e+07,1.818768e+07,1.239957e+02,1.410276e+06,8.845056e+01,,,,5
2018-04-26 11:34:04.000000,2.609026e+07,1.818657e+07,1.239951e+02,1.410276e+06,8.845056e+01,,,,5
2018-04-26 11:34:05.000000,2.609024e+07,1.818848e+07,1.239963e+02,1.410276e+06,8.845056e+01,,,,5
2018-04-26 11:34:06.000000,2.609025e+07,1.818754e+07,1.239957e+02,1.410276e+06,8.845055e+01,,,,5
2018-04-26 11:34:07.000000,2.609024e+07,1.818751e+07,1.239958e+02,1.410276e+06,8.845055e+01,,,,5
2018-04-26 11:34:08.000000,2.609026e+07,1.818775e+07,1.239960e+02,1.410276e+06,8.845054e+01,,,,5
2018-04-26 11:34:09.000000,2.609026e+07,1.818782e+07,1.239960e+02,1.410276e+06,8.845054e+01,,,,5
2018-04-26 11:34:10.000000,2.609026e+07,1.818810e+07,1.239961e+02,1.410276e+06,8.845054e+01,,,,5
2018-04-26 11:34:11.000000,2.609025e+07,1.818700e+07,1.239955e+02,1.410276e+06,8.845053e+01,,,,5
2018-04-26 11:34:12.000000,2.609024e+07,1.818808e+07,1.239960e+02,1.410276e+06,8.845053e+01,,,,5
2018-04-26 11:34:13.000000,2.609026e+07,1.818675e+07,1.239952e+02,1.410276e+06,8.845053e+01,,,,5
2018-04-26 11:34:14.000000,2.609026e+07,1.818774e+07,1.239957e+02,1.410276e+06,8.845052e+01,,,,5
2018-04-26 11:34:15.000000,2.609026e+07,1.818654e+07,1.239951e+02,1.410276e+06,8.845052e+01,,,,5
2018-04-26 11:34:16.000000,2.609025e+07,1.818853e+07,1.239963e+02,1.410276e+06,8.845052e+01,,,,5
2018-04-26 11:34:17.000000,2.609024e+07,1.818754e+07,1.239957e+02,1.410276e+06,8.845051e+01,,,,5
2018-04-26 11:34:18.000000,2.609024e+07,1.818920e+07,1.239967e+02,1.410276e+06,8.845051e+01,,,,5
2018-04-26 11:34:19.000000,2.609026e+07,1.818792e+07,1.239961e+02,1.410276e+06,8.845050e+01,,,,5
2018-04-26 11:34:20.000000,2.609026e+07,1.818947e+07,1.239969e+02,1.410276e+06,8.845050e+01,,,,5
2018-04-26 11:34:21.000000,2.609026e+07,1.818814e+07,1.239962e+02,1.410276e+06,8.845050e+01,,,,5
2018-04-26 11:34:22.000000,2.609024e+07,1.818848e+07,1.239962e+02,1.410276e+06,8.845049e+01,,,,5
2018-04-26 11:34:23.000000,2.609024e+07,1.818727e+07,1.239955e+02,1.410276e+06,8.845049e+01,,,,5
2018-04-26 11:34:24.000000,2.609024e+07,1.818684e+07,1.239953e+02,1.410276e+06,8.845049e+01,,,,5
2018-04-26 11:34:25.000000,2.609026e+07,1.818688e+07,1.239953e+02,1.410276e+06,8.845048e+01,,,,5
2018-04-26 11:34:26.000000,2.609026e+07,1.818654e+07,1.239951e+02,1.410276e+06,8.845048e+01,,,,5
2018-04-26 11:34:27.000000,2.609024e+07,1.818767e+07,1.239958e+02,1.410276e+06,8.845047e+01,,,,5
2018-04-26 11:34:28.000000,2.609024e+07,1.818746e+07,1.239957e+02,1.410276e+06,8.845047e+01,,,,5
2018-04-26 11:34:29.000000,2.609024e+07,1.818864e+07,1.239964e+02,1.410276e+06,8.845047e+01,,,,5
2018-04-26 11:34:30.000000,2.609026e+07,1.818784e+07,1.239960e+02,1.410276e+06,8.845046e+01,,,,5
2018-04-26 11:34:31.000000,2.609026e+07,1.818947e+07,1.239968e+02,1.410276e+06,8.845046e+01,,,,5
2018-04-26 11:34:32.000000,2.609026e+07,1.818781e+07,1.239960e+02,1.410276e+06,8.845046e+01,,,,5
2018-04-26 11:34:33.000000,2.609024e+07,1.818858e+07,1.239963e+02,1.410276e+06,8.845045e+01,,,,5
2018-04-26 11:34:34.000000,2.609024e+07,1.818694e+07,1.239954e+02,1.410276e+06,8.845045e+01,,,,5
2018-04-26 11:34:35.000000,2.609025e+07,1.818691e+07,1.239954e+02,1.410276e+06,8.845045e+01,,,,5
2018-04-26 11:34:36.000000,2.609026e+07,1.818688e+07,1.239953e+02,1.410276e+06,8.845044e+01,,,,5
2018-04-26 11:34:37.000000,2.609026e+07,1.818659e+07,1.239951e+02,1.410276e+06,8.845044e+01,,,,5
2018-04-26 11:34:38.000000,2.609026e+07,1.818783e+07,1.239958e+02,1.410276e+06,8.845043e+01,,,,5
2018-04-26 11:34:39.000000,2.609024e+07,1.818752e+07,1.239958e+02,1.410276e+06,8.845043e+01,,,,5
2018-04-26 11:34:40.000000,2.609024e+07,1.818871e+07,1.239964e+02,1.410276e+06,8.845043e+01,,,,5
2018-04-26 11:34:41.000000,2.609026e+07,1.818785e+07,1.239960e+02,1.410276e+06,8.845042e+01,,,,5
2018-04-26 11:34:42.000000,2.609026e+07,1.818896e+07,1.239966e+02,1.410276e+06,8.845042e+01,,,,5
2018-04-26 11:34:43.000000,2.609026e+07,1.818782e+07,1.239960e+02,1.410276e+06,8.845042e+01,,,,5
2018-04-26 11:34:44.000000,2.609024e+07,1.818809e+07,1.239960e+02,1.410276e+06,8.845041e+01,,,,5
2018-04-26 11:34:45.000000,2.609024e+07,1.818694e+07,1.239953e+02,1.410276e+06,8.845041e+01,,,,5
2018-04-26 11:34:46.000000,2.609024e+07,1.818848e+07,1.239962e+02,1.410276e+06,8.845040e+01,,,,5
2018-04-26 11:34:47.000000,2.609026e+07,1.818672e+07,1.239952e+02,1.410276e+06,8.845040e+01,,,,5
2018-04-26 11:34:48.000000,2.609026e+07,1.818811e+07,1.239960e+02,1.410276e+06,8.845040e+01,,,,5
2018-04-26 11:34:49.000000,2.609026e+07,1.818689e+07,1.239952e+02,1.410276e+06,8.845039e+01,,,,5
2018-04-26 11:34:50.000000,2.609024e+07,1.818746e+07,1.239958e+02,1.410276e+06,8.845039e+01,,,,5
2018-04-26 11:34:51.000000,2.609024e+07,1.818779e+07,1.239959e+02,1.410276e+06,8.845039e+01,,,,5
2018-04-26 11:34:52.000000,2.609024e+07,1.818743e+07,1.239957e+02,1.410276e+06,8.845038e+01,,,,5
2018-04-26 11:34:53.000000,2.609026e+07,1.818805e+07,1.239961e+02,1.410276e+06,8.845038e+01,,,,5
2018-04-26 11:34:54.000000,2.609026e+07,1.818776e+07,1.239960e+02,1.410276e+06,8.845038e+01,,,,5
2018-04-26 11:34:55.000000,2.609024e+07,1.818809e+07,1.239960e+02,1.410276e+06,8.845037e+01,,,,5
2018-04-26 11:34:56.000000,2.609024e+07,1.818691e+07,1.239954e+02,1.410276e+06,8.845037e+01,,,,5
2018-04-26 11:34:57.000000,2.609024e+07,1.818860e+07,1.239963e+02,1.410276e+06,8.845036e+01,,,,5
2018-04-26 11:34:58.000000,2.609026e+07,1.818670e+07,1.239952e+02,1.410276e+06,8.845036e+01,,,,5
2018-04-26 11:34:59.000000,2.609026e+07,1.818823e+07,1.239959e+02,1.410276e+06,8.845036e+01,,,,5
2018-04-26 11:35:00.000000,2.609026e+07,1.818691e+07,1.239952e+02,1.410276e+06,8.845035e+01,,,,5
2018-04-26 11:35:01.000000,2.609024e+07,1.818904e+07,1.239966e+02,1.410276e+06,8.845035e+01,,,,5
2018-04-26 11:35:02.000000,2.609024e+07,1.818788e+07,1.239959e+02,1.410276e+06,8.845035e+01,,,,5
2018-04-26 11:35:03.000000,2.609024e+07,1.818749e+07,1.239958e+02,1.410276e+06,8.845034e+01,,,,5
2018-04-26 11:35:04.000000,2.609026e+07,1.818808e+07,1.239961e+02,1.410276e+06,8.845034e+01,,,,5
2018-04-26 11:35:05.000000,2.609026e+07,1.818777e+07,1.239960e+02,1.410276e+06,8.845033e+01,,,,5
2018-04-26 11:35:06.000000,2.609024e+07,1.818726e+07,1.239956e+02,1.410276e+06,8.845033e+01,,,,5
2018-04-26 11:35:07.000000,2.609024e+07,1.818687e+07,1.239953e+02,1.410276e+06,8.845033e+01,,,,5
2018-04-26 11:35:08.000000,2.609024e+07,1.818808e+07,1.239960e+02,1.410276e+06,8.845032e+01,,,,5
2018-04-26 11:35:09.000000,2.609026e+07,1.818668e+07,1.239952e+02,1.410276e+06,8.845032e+01,,,,5
2018-04-26 11:35:10.000000,2.609026e+07,1.818767e+07,1.239957e+02,1.410276e+06,8.845032e+01,,,,5
2018-04-26 11:35:11.000000,2.609026e+07,1.818657e+07,1.239951e+02,1.410276e+06,8.845031e+01,,,,5
2018-04-26 11:35:12.000000,2.609024e+07,1.818848e+07,1.239963e+02,1.410276e+06,8.845031e+01,,,,5
2018-04-26 11:35:13.000000,2.609024e+07,1.818754e+07,1.239957e+02,1.410276e+06,8.845031e+01,,,,5
2018-04-26 11:35:14.000000,2.609024e+07,1.818751e+07,1.239958e+02,1.410276e+06,8.845030e+01,,,,5
2018-04-26 11:35:15.000000,2.609026e+07,1.818775e+07,1.239960e+02,1.410276e+06,8.845030e+01,,,,5
2018-04-26 11:35:16.000000,2.609026e+07,1.818782e+07,1.239960e+02,1.410276e+06,8.845029e+01,,,,5
2018-04-26 11:35:17.000000,2.609026e+07,1.818810e+07,1.239961e+02,1.410276e+06,8.845029e+01,,,,5
2018-04-26 11:35:18.000000,2.609025e+07,1.818700e+07,1.239955e+02,1.410276e+06,8.845029e+01,,,,5
2018-04-26 11:35:19.000000,2.609024e+07,1.818808e+07,1.239960e+02,1.410276e+06,8.845028e+01,,,,5
2018-04-26 11:35:20.000000,2.609026e+07,1.818674e+07,1.239952e+02,1.410276e+06,8.845028e+01,,,,5
2018-04-26 11:35:21.000000,2.609026e+07,1.818772e+07,1.239957e+02,1.410276e+06,8.845028e+01,,,,5
2018-04-26 11:35:22.000000,2.609026e+07,1.818654e+07,1.239951e+02,1.410276e+06,8.845027e+01,,,,5
2018-04-26 11:35:23.000000,2.609024e+07,1.818853e+07,1.239963e+02,1.410276e+06,8.845027e+01,,,,5
2018-04-26 11:35:24.000000,2.609024e+07,1.818755e+07,1.239958e+02,1.410276e+06,8.845027e+01,,,,5
2018-04-26 11:35:25.000000,2.609024e+07,1.818920e+07,1.239967e+02,1.410276e+06,8.845026e+01,,,,5
2018-04-26 11:35:26.000000,2.609026e+07,1.818792e+07,1.239961e+02,1.410276e+06,8.845026e+01,,,,5
2018-04-26 11:35:27.000000,2.609026e+07,1.818945e+07,1.239968e+02,1.410276e+06,8.845025e+01,,,,5
2018-04-26 11:35:28.000000,2.609026e+07,1.818815e+07,1.239961e+02,1.410276e+06,8.845025e+01,,,,5
2018-04-26 11:35:29.000000,2.609024e+07,1.818848e+07,1.239962e+02,1.410276e+06,8.845025e+01,,,,5
2018-04-26 11:35:30.000000,2.609024e+07,1.818726e+07,1.239955e+02,1.410276e+06,8.845024e+01,,,,5
2018-04-26 11:35:31.000000,2.609024e+07,1.818684e+07,1.239953e+02,1.410275e+06,8.845024e+01,,,,5
2018-04-26 11:35:32.000000,2.609026e+07,1.818688e+07,1.239952e+02,1.410275e+06,8.845024e+01,,,,5
2018-04-26 11:35:33.000000,2.609026e+07,1.818654e+07,1.239951e+02,1.410275e+06,8.845023e+01,,,,5
2018-04-26 11:35:34.000000,2.609024e+07,1.818766e+07,1.239958e+02,1.410275e+06,8.845023e+01,,,,5
2018-04-26 11:35:35.000000,2.609024e+07,1.818746e+07,1.239957e+02,1.410275e+06,8.845023e+01,,,,5
2018-04-26 11:35:36.000000,2.609024e+07,1.818864e+07,1.239964e+02,1.410275e+06,8.845022e+01,,,,5
2018-04-26 11:35:37.000000,2.609026e+07,1.818784e+07,1.239960e+02,1.410275e+06,8.845022e+01,,,,5
2018-04-26 11:35:38.000000,2.609026e+07,1.818946e+07,1.239968e+02,1.410275e+06,8.845021e+01,,,,5
2018-04-26 11:35:39.000000,2.609026e+07,1.818781e+07,1.239959e+02,1.410275e+06,8.845021e+01,,,,5
2018-04-26 11:35:40.000000,2.609024e+07,1.818857e+07,1.239963e+02,1.410275e+06,8.845021e+01,,,,5
2018-04-26 11:35:41.000000,2.609024e+07,1.818694e+07,1.239954e+02,1.410275e+06,8.845020e+01,,,,5
2018-04-26 11:35:42.000000,2.609024e+07,1.818691e+07,1.239954e+02,1.410275e+06,8.845020e+01,,,,5
2018-04-26 11:35:43.000000,2.609026e+07,1.818688e+07,1.239952e+02,1.410275e+06,8.845020e+01,,,,5
2018-04-26 11:35:44.000000,2.609026e+07,1.818659e+07,1.239951e+02,1.410275e+06,8.845019e+01,,,,5
2018-04-26 11:35:45.000000,2.609026e+07,1.818783e+07,1.239958e+02,1.410275e+06,8.845019e+01,,,,5
2018-04-26 11:35:46.000000,2.609024e+07,1.818752e+07,1.239958e+02,1.410275e+06,8.845019e+01,,,,5
2018-04-26 11:35:47.000000,2.609024e+07,1.818871e+07,1.239964e+02,1.410275e+06,8.845018e+01,,,,5
2018-04-26 11:35:48.000000,2.609026e+07,1.818786e+07,1.239960e+02,1.410275e+06,8.845018e+01,,,,5
2018-04-26 11:35:49.000000,2.609026e+07,1.818895e+07,1.239966e+02,1.410275e+06,8.845017e+01,,,,5
2018-04-26 11:35:50.000000,2.609026e+07,1.818782e+07,1.239960e+02,1.410275e+06,8.845017e+01,,,,5
2018-04-26 11:35:51.000000,2.609024e+07,1.818809e+07,1.239960e+02,1.410275e+06,8.845017e+01,,,,5
2018-04-26 11:35:52.000000,2.609024e+07,1.818694e+07,1.239953e+02,1.410275e+06,8.845016e+01,,,,5
2018-04-26 11:35:53.000000,2.609024e+07,1.818848e+07,1.239962e+02,1.410275e+06,8.845016e+01,,,,5
2018-04-26 11:35:54.000000,2.609026e+07,1.818672e+07,1.239952e+02,1.410275e+06,8.845016e+01,,,,5
2018-04-26 11:35:55.000000,2.609026e+07,1.818810e+07,1.239959e+02,1.410275e+06,8.845015e+01,,,,5
2018-04-26 11:35:56.000000,2.609026e+07,1.818689e+07,1.239952e+02,1.410275e+06,8.845015e+01,,,,5
2018-04-26 11:35:57.000000,2.609024e+07,1.818746e+07,1.239958e+02,1.410275e+06,8.845015e+01,,,,5
2018-04-26 11:35:58.000000,2.609024e+07,1.818778e+07,1.239959e+02,1.410275e+06,8.845014e+01,,,,5
2018-04-26 11:35:59.000000,2.609024e+07,1.818743e+07,1.239957e+02,1.410275e+06,8.845014e+01,,,,5
2018-04-26 11:36:00.000000,2.609026e+07,1.818805e+07,1.239961e+02,1.410275e+06,8.845013e+01,,,,5
2018-04-26 11:36:01.000000,2.609026e+07,1.818776e+07,1.239960e+02,1.410275e+06,8.845013e+01,,,,5
2018-04-26 11:36:02.000000,2.609024e+07,1.818809e+07,1.239960e+02,1.410275e+06,8.845013e+01,,,,5
2018-04-26 11:36:03.000000,2.609024e+07,1.818691e+07,1.239954e+02,1.410275e+06,8.845012e+01,,,,5
2018-04-26 11:36:04.000000,2.609024e+07,1.818859e+07,1.239963e+02,1.410275e+06,8.845012e+01,,,,5
2018-04-26 11:36:05.000000,2.609026e+07,1.818672e+07,1.239951e+02,1.410275e+06,8.845012e+01,,,,5
2018-04-26 11:36:06.000000,2.609026e+07,1.818823e+07,1.239959e+02,1.410275e+06,8.845011e+01,,,,5
2018-04-26 11:36:07.000000,2.609026e+07,1.818691e+07,1.239952e+02,1.410275e+06,8.845011e+01,,,,5
2018-04-26 11:36:08.000000,2.609024e+07,1.818902e+07,1.239966e+02,1.410275e+06,8.845011e+01,,,,5
2018-04-26 11:36:09.000000,2.609024e+07,1.818789e+07,1.239959e+02,1.410275e+06,8.845010e+01,,,,5
2018-04-26 11:36:10.000000,2.609024e+07,1.818749e+07,1.239957e+02,1.410275e+06,8.845010e+01,,,,5
2018-04-26 11:36:11.000000,2.609026e+07,1.818808e+07,1.239961e+02,1.410275e+06,8.845009e+01,,,,5
2018-04-26 11:36:12.000000,2.609026e+07,1.818777e+07,1.239960e+02,1.410275e+06,8.845009e+01,,,,5
2018-04-26 11:36:13.000000,2.609026e+07,1.818905e+07,1.239966e+02,1.410275e+06,8.845009e+01,,,,5
2018-04-26 11:36:14.000000,2.609024e+07,1.818699e+07,1.239954e+02,1.410275e+06,8.845008e+01,,,,5
2018-04-26 11:36:15.000000,2.609024e+07,1.818807e+07,1.239960e+02,1.410275e+06,8.845008e+01,,,,5
2018-04-26 11:36:16.000000,2.609026e+07,1.818668e+07,1.239952e+02,1.410275e+06,8.845008e+01,,,,5
2018-04-26 11:36:17.000000,2.609026e+07,1.818767e+07,1.239957e+02,1.410275e+06,8.845007e+01,,,,5
2018-04-26 11:36:18.000000,2.609026e+07,1.818658e+07,1.239951e+02,1.410275e+06,8.845007e+01,,,,5
2018-04-26 11:36:19.000000,2.609024e+07,1.818848e+07,1.239963e+02,1.410275e+06,8.845007e+01,,,,5
2018-04-26 11:36:20.000000,2.609024e+07,1.818754e+07,1.239957e+02,1.410275e+06,8.845006e+01,,,,5
2018-04-26 11:36:21.000000,2.609024e+07,1.818751e+07,1.239958e+02,1.410275e+06,8.845006e+01,,,,5
2018-04-26 11:36:22.000000,2.609026e+07,1.818775e+07,1.239959e+02,1.410275e+06,8.845006e+01,,,,5
2018-04-26 11:36:23.000000,2.609026e+07,1.818782e+07,1.239960e+02,1.410275e+06,8.845005e+01,,,,5
2018-04-26 11:36:24.000000,2.609026e+07,1.818810e+07,1.239961e+02,1.410275e+06,8.845005e+01,,,,5
2018-04-26 11:36:25.000000,2.609024e+07,1.818701e+07,1.239955e+02,1.410275e+06,8.845004e+01,,,,5
2018-04-26 11:36:26.000000,2.609024e+07,1.818808e+07,1.239960e+02,1.410275e+06,8.845004e+01,,,,5
2018-04-26 11:36:27.000000,2.609024e+07,1.818681e+07,1.239953e+02,1.410275e+06,8.845004e+01,,,,5
2018-04-26 11:36:28.000000,2.609026e+07,1.818775e+07,1.239957e+02,1.410275e+06,8.845003e+01,,,,5
2018-04-26 11:36:29.000000,2.609026e+07,1.818656e+07,1.239950e+02,1.410275e+06,8.845003e+01,,,,5
2018-04-26 11:36:30.000000,2.609024e+07,1.818853e+07,1.239963e+02,1.410275e+06,8.845003e+01,,,,5
2018-04-26 11:36:31.000000,2.609024e+07,1.818755e+07,1.239958e+02,1.410275e+06,8.845002e+01,,,,5
2018-04-26 11:36:32.000000,2.609024e+07,1.818918e+07,1.239967e+02,1.410275e+06,8.845002e+01,,,,5
2018-04-26 11:36:33.000000,2.609026e+07,1.818792e+07,1.239961e+02,1.410275e+06,8.845002e+01,,,,5
2018-04-26 11:36:34.000000,2.609026e+07,1.818945e+07,1.239968e+02,1.410275e+06,8.845001e+01,,,,5
2018-04-26 11:36:35.000000,2.609026e+07,1.818816e+07,1.239961e+02,1.410275e+06,8.845001e+01,,,,5
2018-04-26 11:36:36.000000,2.609024e+07,1.818848e+07,1.239962e+02,1.410275e+06,8.845000e+01,,,,5
2018-04-26 11:36:37.000000,2.609024e+07,1.818726e+07,1.239955e+02,1.410275e+06,8.845000e+01,,,,5
2018-04-26 11:36:38.000000,2.609024e+07,1.818683e+07,1.239953e+02,1.410275e+06,8.845000e+01,,,,5
2018-04-26 11:36:39.000000,2.609026e+07,1.818688e+07,1.239952e+02,1.410275e+06,8.844999e+01,,,,5
2018-04-26 11:36:40.000000,2.609026e+07,1.818654e+07,1.239951e+02,1.410275e+06,8.844999e+01,,,,5
2018-04-26 11:36:41.000000,2.609024e+07,1.818766e+07,1.239958e+02,1.410275e+06,8.844999e+01,,,,5
2018-04-26 11:36:42.000000,2.609024e+07,1.818746e+07,1.239957e+02,1.410275e+06,8.844998e+01,,,,5
2018-04-26 11:36:43.000000,2.609024e+07,1.818864e+07,1.239963e+02,1.410275e+06,8.844998e+01,,,,5
2018-04-26 11:36:44.000000,2.609026e+07,1.818784e+07,1.239959e+02,1.410275e+06,8.844998e+01,,,,5
2018-04-26 11:36:45.000000,2.609026e+07,1.818946e+07,1.239968e+02,1.410275e+06,8.844997e+01,,,,5
2018-04-26 11:36:46.000000,2.609026e+07,1.818782e+07,1.239959e+02,1.410275e+06,8.844997e+01,,,,5
2018-04-26 11:36:47.000000,2.609024e+07,1.818857e+07,1.239963e+02,1.410275e+06,8.844997e+01,,,,5
2018-04-26 11:36:48.000000,2.609024e+07,1.818694e+07,1.239954e+02,1.410275e+06,8.844996e+01,,,,5
2018-04-26 11:36:49.000000,2.609024e+07,1.818691e+07,1.239954e+02,1.410275e+06,8.844996e+01,,,,5
2018-04-26 11:36:50.000000,2.609026e+07,1.818688e+07,1.239952e+02,1.410275e+06,8.844995e+01,,,,5
2018-04-26 11:36:51.000000,2.609026e+07,1.818659e+07,1.239951e+02,1.410275e+06,8.844995e+01,,,,5
2018-04-26 11:36:52.000000,2.609026e+07,1.818782e+07,1.239957e+02,1.410275e+06,8.844995e+01,,,,5
2018-04-26 11:36:53.000000,2.609024e+07,1.818752e+07,1.239957e+02,1.410275e+06,8.844994e+01,,,,5
2018-04-26 11:36:54.000000,2.609024e+07,1.818871e+07,1.239964e+02,1.410275e+06,8.844994e+01,,,,5
2018-04-26 11:36:55.000000,2.609026e+07,1.818786e+07,1.239960e+02,1.410275e+06,8.844994e+01,,,,5
2018-04-26 11:36:56.000000,2.609026e+07,1.818894e+07,1.239965e+02,1.410275e+06,8.844993e+01,,,,5
2018-04-26 11:36:57.000000,2.609026e+07,1.818782e+07,1.239959e+02,1.410275e+06,8.844993e+01,,,,5
2018-04-26 11:36:58.000000,2.609024e+07,1.818809e+07,1.239960e+02,1.410275e+06,8.844993e+01,,,,5
2018-04-26 11:36:59.000000,2.609024e+07,1.818695e+07,1.239954e+02,1.410275e+06,8.844992e+01,,,,5
2018-04-26 11:37:00.000000,2.609024e+07,1.818848e+07,1.239962e+02,1.410275e+06,8.844992e+01,,,,5
2018-04-26 11:37:01.000000,2.609026e+07,1.818672e+07,1.239952e+02,1.410275e+06,8.844992e+01,,,,5
2018-04-26 11:37:02.000000,2.609026e+07,1.818810e+07,1.239959e+02,1.410275e+06,8.844991e+01,,,,5
2018-04-26 11:37:03.000000,2.609026e+07,1.818691e+07,1.239952e+02,1.410275e+06,8.844991e+01,,,,5
2018-04-26 11:37:04.000000,2.609024e+07,1.818746e+07,1.239957e+02,1.410275e+06,8.844990e+01,,,,5
2018-04-26 11:37:05.000000,2.609024e+07,1.818778e+07,1.239959e+02,1.410275e+06,8.844990e+01,,,,5
2018-04-26 11:37:06.000000,2.609024e+07,1.818743e+07,1.239957e+02,1.410275e+06,8.844990e+01,,,,5
2018-04-26 11:37:07.000000,2.609026e+07,1.818805e+07,1.239961e+02,1.410275e+06,8.844989e+01,,,,5
2018-04-26 11:37:08.000000,2.609026e+07,1.818776e+07,1.239959e+02,1.410275e+06,8.844989e+01,,,,5
2018-04-26 11:37:09.000000,2.609024e+07,1.818725e+07,1.239955e+02,1.410275e+06,8.844989e+01,,,,5
2018-04-26 11:37:10.000000,2.609024e+07,1.818687e+07,1.239953e+02,1.410275e+06,8.844988e+01,,,,5
2018-04-26 11:37:11.000000,2.609024e+07,1.818808e+07,1.239960e+02,1.410275e+06,8.844988e+01,,,,5
2018-04-26 11:37:12.000000,2.609026e+07,1.818668e+07,1.239952e+02,1.410275e+06,8.844988e+01,,,,5
2018-04-26 11:37:13.000000,2.609026e+07,1.818767e+07,1.239957e+02,1.410275e+06,8.844987e+01,,,,5
2018-04-26 11:37:14.000000,2.609026e+07,1.818657e+07,1.239951e+02,1.410275e+06,8.844987e+01,,,,5
2018-04-26 11:37:15.000000,2.609024e+07,1.818848e+07,1.239962e+02,1.410275e+06,8.844987e+01,,,,5
2018-04-26 11:37:16.000000,2.609024e+07,1.818754e+07,1.239957e+02,1.410275e+06,8.844986e+01,,,,5
2018-04-26 11:37:17.000000,2.609024e+07,1.818751e+07,1.239958e+02,1.410275e+06,8.844986e+01,,,,5
2018-04-26 11:37:18.000000,2.609026e+07,1.818775e+07,1.239959e+02,1.410275e+06,8.844985e+01,,,,5
2018-04-26 11:37:19.000000,2.609026e+07,1.818782e+07,1.239960e+02,1.410275e+06,8.844985e+01,,,,5
2018-04-26 11:37:20.000000,2.609026e+07,1.818810e+07,1.239961e+02,1.410275e+06,8.844985e+01,,,,5
2018-04-26 11:37:21.000000,2.609025e+07,1.818700e+07,1.239954e+02,1.410275e+06,8.844984e+01,,,,5
2018-04-26 11:37:22.000000,2.609024e+07,1.818808e+07,1.239960e+02,1.410275e+06,8.844984e+01,,,,5
2018-04-26 11:37:23.000000,2.609026e+07,1.818675e+07,1.239952e+02,1.410275e+06,8.844984e+01,,,,5
2018-04-26 11:37:24.000000,2.609026e+07,1.818774e+07,1.239957e+02,1.410275e+06,8.844983e+01,,,,5
2018-04-26 11:37:25.000000,2.609026e+07,1.818654e+07,1.239950e+02,1.410275e+06,8.844983e+01,,,,5
2018-04-26 11:37:26.000000,2.609024e+07,1.818853e+07,1.239963e+02,1.410275e+06,8.844983e+01,,,,5
2018-04-26 11:37:27.000000,2.609024e+07,1.818754e+07,1.239957e+02,1.410275e+06,8.844982e+01,,,,5
2018-04-26 11:37:28.000000,2.609024e+07,1.818920e+07,1.239967e+02,1.410275e+06,8.844982e+01,,,,5
2018-04-26 11:37:29.000000,2.609026e+07,1.818792e+07,1.239960e+02,1.410275e+06,8.844982e+01,,,,5
2018-04-26 11:37:30.000000,2.609026e+07,1.818945e+07,1.239968e+02,1.410275e+06,8.844981e+01,,,,5
2018-04-26 11:37:31.000000,2.609026e+07,1.818815e+07,1.239961e+02,1.410275e+06,8.844981e+01,,,,5
2018-04-26 11:37:32.000000,2.609024e+07,1.818848e+07,1.239962e+02,1.410275e+06,8.844981e+01,,,,5
2018-04-26 11:37:33.000000,2.609024e+07,1.818727e+07,1.239955e+02,1.410275e+06,8.844980e+01,,,,5
2018-04-26 11:37:34.000000,2.609024e+07,1.818684e+07,1.239953e+02,1.410275e+06,8.844980e+01,,,,5
2018-04-26 11:37:35.000000,2.609026e+07,1.818688e+07,1.239952e+02,1.410275e+06,8.844979e+01,,,,5
2018-04-26 11:37:36.000000,2.609026e+07,1.818654e+07,1.239951e+02,1.410275e+06,8.844979e+01,,,,5
2018-04-26 11:37:37.000000,2.609024e+07,1.818767e+07,1.239958e+02,1.410275e+06,8.844979e+01,,,,5
2018-04-26 11:37:38.000000,2.609024e+07,1.818746e+07,1.239957e+02,1.410275e+06,8.844978e+01,,,,5
2018-04-26 11:37:39.000000,2.609024e+07,1.818864e+07,1.239963e+02,1.410275e+06,8.844978e+01,,,,5
2018-04-26 11:37:40.000000,2.609026e+07,1.818784e+07,1.239959e+02,1.410275e+06,8.844978e+01,,,,5
2018-04-26 11:37:41.000000,2.609026e+07,1.818947e+07,1.239968e+02,1.410275e+06,8.844977e+01,,,,5
2018-04-26 11:37:42.000000,2.609026e+07,1.818781e+07,1.239959e+02,1.410275e+06,8.844977e+01,,,,5
2018-04-26 11:37:43.000000,2.609024e+07,1.818858e+07,1.239963e+02,1.410275e+06,8.844977e+01,,,,5
2018-04-26 11:37:44.000000,2.609024e+07,1.818693e+07,1.239954e+02,1.410275e+06,8.844976e+01,,,,5
2018-04-26 11:37:45.000000,2.609025e+07,1.818691e+07,1.239953e+02,1.410275e+06,8.844976e+01,,,,5
2018-04-26 11:37:46.000000,2.609026e+07,1.818688e+07,1.239952e+02,1.410275e+06,8.844976e+01,,,,5
2018-04-26 11:37:47.000000,2.609026e+07,1.818660e+07,1.239951e+02,1.410275e+06,8.844975e+01,,,,5
2018-04-26 11:37:48.000000,2.609026e+07,1.818783e+07,1.239957e+02,1.410275e+06,8.844975e+01,,,,5
2018-04-26 11:37:49.000000,2.609024e+07,1.818752e+07,1.239957e+02,1.410275e+06,8.844974e+01,,,,5
2018-04-26 11:37:50.000000,2.609024e+07,1.818871e+07,1.239964e+02,1.410275e+06,8.844974e+01,,,,5
2018-04-26 11:37:51.000000,2.609026e+07,1.818785e+07,1.239960e+02,1.410275e+06,8.844974e+01,,,,5
2018-04-26 11:37:52.000000,2.609026e+07,1.818896e+07,1.239965e+02,1.410275e+06,8.844973e+01,,,,5
2018-04-26 11:37:53.000000,2.609026e+07,1.818782e+07,1.239959e+02,1.410275e+06,8.844973e+01,,,,5
2018-04-26 11:37:54.000000,2.609024e+07,1.818809e+07,1.239960e+02,1.410275e+06,8.844973e+01,,,,5
2018-04-26 11:37:55.000000,2.609024e+07,1.818694e+07,1.239953e+02,1.410275e+06,8.844972e+01,,,,5
2018-04-26 11:37:56.000000,2.609024e+07,1.818848e+07,1.239962e+02,1.410275e+06,8.844972e+01,,,,5
2018-04-26 11:37:57.000000,2.609026e+07,1.818672e+07,1.239951e+02,1.410275e+06,8.844972e+01,,,,5
2018-04-26 11:37:58.000000,2.609026e+07,1.818811e+07,1.239959e+02,1.410275e+06,8.844971e+01,,,,5
2018-04-26 11:37:59.000000,2.609026e+07,1.818689e+07,1.239952e+02,1.410275e+06,8.844971e+01,,,,5
2018-04-26 11:38:00.000000,2.609024e+07,1.818746e+07,1.239957e+02,1.410275e+06,8.844971e+01,,,,5
2018-04-26 11:38:01.000000,2.609024e+07,1.818779e+07,1.239959e+02,1.410275e+06,8.844970e+01,,,,5
2018-04-26 11:38:02.000000,2.609024e+07,1.818743e+07,1.239957e+02,1.410275e+06,8.844970e+01,,,,5
2018-04-26 11:38:03.000000,2.609026e+07,1.818805e+07,1.239961e+02,1.410275e+06,8.844970e+01,,,,5
2018-04-26 11:38:04.000000,2.609026e+07,1.818776e+07,1.239959e+02,1.410275e+06,8.844969e+01,,,,5
2018-04-26 11:38:05.000000,2.609024e+07,1.818809e+07,1.239960e+02,1.410275e+06,8.844969e+01,,,,5
2018-04-26 11:38:06.000000,2.609024e+07,1.818691e+07,1.239954e+02,1.410275e+06,8.844969e+01,,,,5
2018-04-26 11:38:07.000000,2.609024e+07,1.818860e+07,1.239963e+02,1.410275e+06,8.844968e+01,,,,5
2018-04-26 11:38:08.000000,2.609026e+07,1.818670e+07,1.239951e+02,1.410275e+06,8.844968e+01,,,,5
2018-04-26 11:38:09.000000,2.609026e+07,1.818823e+07,1.239959e+02,1.410275e+06,8.844967e+01,,,,5
2018-04-26 11:38:10.000000,2.609026e+07,1.818691e+07,1.239952e+02,1.410275e+06,8.844967e+01,,,,5
2018-04-26 11:38:11.000000,2.609024e+07,1.818904e+07,1.239966e+02,1.410275e+06,8.844967e+01,,,,5
2018-04-26 11:38:12.000000,2.609024e+07,1.818788e+07,1.239959e+02,1.410275e+06,8.844966e+01,,,,5
2018-04-26 11:38:13.000000,2.609024e+07,1.818749e+07,1.239957e+02,1.410275e+06,8.844966e+01,,,,5
2018-04-26 11:38:14.000000,2.609026e+07,1.818808e+07,1.239961e+02,1.410275e+06,8.844966e+01,,,,5
2018-04-26 11:38:15.000000,2.609026e+07,1.818777e+07,1.239959e+02,1.410275e+06,8.844965e+01,,,,5
2018-04-26 11:38:16.000000,2.609026e+07,1.818905e+07,1.239966e+02,1.410275e+06,8.844965e+01,,,,5
2018-04-26 11:38:17.000000,2.609024e+07,1.818700e+07,1.239954e+02,1.410275e+06,8.844965e+01,,,,5
2018-04-26 11:38:18.000000,2.609024e+07,1.818808e+07,1.239960e+02,1.410275e+06,8.844964e+01,,,,5
2018-04-26 11:38:19.000000,2.609026e+07,1.818668e+07,1.239951e+02,1.410275e+06,8.844964e+01,,,,5
2018-04-26 11:38:20.000000,2.609026e+07,1.818767e+07,1.239956e+02,1.410275e+06,8.844964e+01,,,,5
2018-04-26 11:38:21.000000,2.609026e+07,1.818658e+07,1.239950e+02,1.410275e+06,8.844963e+01,,,,5
2018-04-26 11:38:22.000000,2.609024e+07,1.818848e+07,1.239962e+02,1.410275e+06,8.844963e+01,,,,5
2018-04-26 11:38:23.000000,2.609024e+07,1.818754e+07,1.239957e+02,1.410275e+06,8.844963e+01,,,,5
2018-04-26 11:38:24.000000,2.609024e+07,1.818751e+07,1.239957e+02,1.410275e+06,8.844962e+01,,,,5
2018-04-26 11:38:25.000000,2.609026e+07,1.818775e+07,1.239959e+02,1.410275e+06,8.844962e+01,,,,5
2018-04-26 11:38:26.000000,2.609026e+07,1.818782e+07,1.239960e+02,1.410275e+06,8.844961e+01,,,,5
2018-04-26 11:38:27.000000,2.609026e+07,1.818810e+07,1.239961e+02,1.410275e+06,8.844961e+01,,,,5
2018-04-26 11:38:28.000000,2.609024e+07,1.818700e+07,1.239954e+02,1.410275e+06,8.844961e+01,,,,5
2018-04-26 11:38:29.000000,2.609024e+07,1.818808e+07,1.239960e+02,1.410275e+06,8.844960e+01,,,,5
2018-04-26 11:38:30.000000,2.609026e+07,1.818674e+07,1.239952e+02,1.410275e+06,8.844960e+01,,,,5
2018-04-26 11:38:31.000000,2.609026e+07,1.818772e+07,1.239956e+02,1.410275e+06,8.844960e+01,,,,5
2018-04-26 11:38:32.000000,2.609026e+07,1.818654e+07,1.239950e+02,1.410275e+06,8.844959e+01,,,,5
2018-04-26 11:38:33.000000,2.609024e+07,1.818853e+07,1.239963e+02,1.410275e+06,8.844959e+01,,,,5
2018-04-26 11:38:34.000000,2.609024e+07,1.818755e+07,1.239958e+02,1.410275e+06,8.844959e+01,,,,5
2018-04-26 11:38:35.000000,2.609024e+07,1.818920e+07,1.239966e+02,1.410275e+06,8.844958e+01,,,,5
2018-04-26 11:38:36.000000,2.609026e+07,1.818792e+07,1.239960e+02,1.410275e+06,8.844958e+01,,,,5
2018-04-26 11:38:37.000000,2.609026e+07,1.818945e+07,1.239968e+02,1.410275e+06,8.844958e+01,,,,5
2018-04-26 11:38:38.000000,2.609026e+07,1.818816e+07,1.239961e+02,1.410275e+06,8.844957e+01,,,,5
2018-04-26 11:38:39.000000,2.609024e+07,1.818848e+07,1.239962e+02,1.410275e+06,8.844957e+01,,,,5
2018-04-26 11:38:40.000000,2.609024e+07,1.818726e+07,1.239955e+02,1.410275e+06,8.844957e+01,,,,5
2018-04-26 11:38:41.000000,2.609024e+07,1.818683e+07,1.239953e+02,1.410275e+06,8.844956e+01,,,,5
2018-04-26 11:38:42.000000,2.609026e+07,1.818688e+07,1.239952e+02,1.410275e+06,8.844956e+01,,,,5
2018-04-26 11:38:43.000000,2.609026e+07,1.818654e+07,1.239950e+02,1.410275e+06,8.844956e+01,,,,5
2018-04-26 11:38:44.000000,2.609024e+07,1.818766e+07,1.239958e+02,1.410275e+06,8.844955e+01,,,,5
2018-04-26 11:38:45.000000,2.609024e+07,1.818746e+07,1.239957e+02,1.410275e+06,8.844955e+01,,,,5
2018-04-26 11:38:46.000000,2.609024e+07,1.818864e+07,1.239963e+02,1.410275e+06,8.844955e+01,,,,5
2018-04-26 11:38:47.000000,2.609026e+07,1.818784e+07,1.239959e+02,1.410275e+06,8.844954e+01,,,,5
2018-04-26 11:38:48.000000,2.609026e+07,1.818946e+07,1.239968e+02,1.410275e+06,8.844954e+01,,,,5
2018-04-26 11:38:49.000000,2.609026e+07,1.818780e+07,1.239959e+02,1.410275e+06,8.844953e+01,,,,5
2018-04-26 11:38:50.000000,2.609024e+07,1.818857e+07,1.239962e+02,1.410275e+06,8.844953e+01,,,,5
2018-04-26 11:38:51.000000,2.609024e+07,1.818694e+07,1.239954e+02,1.410275e+06,8.844953e+01,,,,5
2018-04-26 11:38:52.000000,2.609024e+07,1.818691e+07,1.239953e+02,1.410275e+06,8.844952e+01,,,,5
2018-04-26 11:38:53.000000,2.609026e+07,1.818688e+07,1.239952e+02,1.410275e+06,8.844952e+01,,,,5
2018-04-26 11:38:54.000000,2.609026e+07,1.818659e+07,1.239951e+02,1.410275e+06,8.844952e+01,,,,5
2018-04-26 11:38:55.000000,2.609026e+07,1.818782e+07,1.239957e+02,1.410275e+06,8.844951e+01,,,,5
2018-04-26 11:38:56.000000,2.609024e+07,1.818752e+07,1.239957e+02,1.410275e+06,8.844951e+01,,,,5
2018-04-26 11:38:57.000000,2.609024e+07,1.818871e+07,1.239964e+02,1.410275e+06,8.844951e+01,,,,5
2018-04-26 11:38:58.000000,2.609026e+07,1.818786e+07,1.239960e+02,1.410275e+06,8.844950e+01,,,,5
2018-04-26 11:38:59.000000,2.609026e+07,1.818895e+07,1.239965e+02,1.410275e+06,8.844950e+01,,,,5
2018-04-26 11:39:00.000000,2.609026e+07,1.818782e+07,1.239959e+02,1.410275e+06,8.844950e+01,,,,5
2018-04-26 11:39:01.000000,2.609024e+07,1.818809e+07,1.239960e+02,1.410275e+06,8.844949e+01,,,,5
2018-04-26 11:39:02.000000,2.609024e+07,1.818694e+07,1.239953e+02,1.410275e+06,8.844949e+01,,,,5
2018-04-26 11:39:03.000000,2.609024e+07,1.818848e+07,1.239962e+02,1.410275e+06,8.844949e+01,,,,5
2018-04-26 11:39:04.000000,2.609026e+07,1.818672e+07,1.239951e+02,1.410275e+06,8.844948e+01,,,,5
2018-04-26 11:39:05.000000,2.609026e+07,1.818810e+07,1.239958e+02,1.410275e+06,8.844948e+01,,,,5
2018-04-26 11:39:06.000000,2.609026e+07,1.818689e+07,1.239952e+02,1.410275e+06,8.844948e+01,,,,5
2018-04-26 11:39:07.000000,2.609024e+07,1.818746e+07,1.239957e+02,1.410275e+06,8.844947e+01,,,,5
2018-04-26 11:39:08.000000,2.609024e+07,1.818778e+07,1.239959e+02,1.410275e+06,8.844947e+01,,,,5
2018-04-26 11:39:09.000000,2.609024e+07,1.818743e+07,1.239957e+02,1.410275e+06,8.844947e+01,,,,5
2018-04-26 11:39:10.000000,2.609026e+07,1.818804e+07,1.239961e+02,1.410275e+06,8.844946e+01,,,,5
2018-04-26 11:39:11.000000,2.609026e+07,1.818776e+07,1.239959e+02,1.410275e+06,8.844946e+01,,,,5
2018-04-26 11:39:12.000000,2.609024e+07,1.818809e+07,1.239960e+02,1.410275e+06,8.844945e+01,,,,5
2018-04-26 11:39:13.000000,2.609024e+07,1.818691e+07,1.239954e+02,1.410275e+06,8.844945e+01,,,,5
2018-04-26 11:39:14.000000,2.609024e+07,1.818859e+07,1.239962e+02,1.410275e+06,8.844945e+01,,,,5
2018-04-26 11:39:15.000000,2.609026e+07,1.818672e+07,1.239951e+02,1.410275e+06,8.844944e+01,,,,5
2018-04-26 11:39:16.000000,2.609026e+07,1.818823e+07,1.239959e+02,1.410275e+06,8.844944e+01,,,,5
2018-04-26 11:39:17.000000,2.609026e+07,1.818691e+07,1.239952e+02,1.410275e+06,8.844944e+01,,,,5
2018-04-26 11:39:18.000000,2.609024e+07,1.818902e+07,1.239965e+02,1.410275e+06,8.844943e+01,,,,5
2018-04-26 11:39:19.000000,2.609024e+07,1.818789e+07,1.239959e+02,1.410275e+06,8.844943e+01,,,,5
2018-04-26 11:39:20.000000,2.609024e+07,1.818749e+07,1.239957e+02,1.410275e+06,8.844943e+01,,,,5
2018-04-26 11:39:21.000000,2.609026e+07,1.818808e+07,1.239961e+02,1.410275e+06,8.844942e+01,,,,5
2018-04-26 11:39:22.000000,2.609026e+07,1.818777e+07,1.239959e+02,1.410274e+06,8.844942e+01,,,,5
2018-04-26 11:39:23.000000,2.609026e+07,1.818905e+07,1.239966e+02,1.410274e+06,8.844942e+01,,,,5
2018-04-26 11:39:24.000000,2.609024e+07,1.818699e+07,1.239954e+02,1.410274e+06,8.844941e+01,,,,5
2018-04-26 11:39:25.000000,2.609024e+07,1.818807e+07,1.239960e+02,1.410274e+06,8.844941e+01,,,,5
2018-04-26 11:39:26.000000,2.609026e+07,1.818668e+07,1.239951e+02,1.410274e+06,8.844941e+01,,,,5
2018-04-26 11:39:27.000000,2.609026e+07,1.818766e+07,1.239956e+02,1.410274e+06,8.844940e+01,,,,5
2018-04-26 11:39:28.000000,2.609026e+07,1.818658e+07,1.239950e+02,1.410274e+06,8.844940e+01,,,,5
2018-04-26 11:39:29.000000,2.609024e+07,1.818846e+07,1.239962e+02,1.410274e+06,8.844940e+01,,,,5
2018-04-26 11:39:30.000000,2.609024e+07,1.818754e+07,1.239957e+02,1.410274e+06,8.844939e+01,,,,5
2018-04-26 11:39:31.000000,2.609024e+07,1.818751e+07,1.239957e+02,1.410274e+06,8.844939e+01,,,,5
2018-04-26 11:39:32.000000,2.609026e+07,1.818774e+07,1.239959e+02,1.410274e+06,8.844939e+01,,,,5
2018-04-26 11:39:33.000000,2.609026e+07,1.818782e+07,1.239960e+02,1.410274e+06,8.844938e+01,,,,5
2018-04-26 11:39:34.000000,2.609026e+07,1.818809e+07,1.239961e+02,1.410274e+06,8.844938e+01,,,,5
2018-04-26 11:39:35.000000,2.609024e+07,1.818701e+07,1.239954e+02,1.410274e+06,8.844938e+01,,,,5
2018-04-26 11:39:36.000000,2.609024e+07,1.818808e+07,1.239960e+02,1.410274e+06,8.844937e+01,,,,5
2018-04-26 11:39:37.000000,2.609024e+07,1.818681e+07,1.239953e+02,1.410274e+06,8.844937e+01,,,,5
2018-04-26 11:39:38.000000,2.609026e+07,1.818775e+07,1.239957e+02,1.410274e+06,8.844936e+01,,,,5
2018-04-26 11:39:39.000000,2.609026e+07,1.818656e+07,1.239950e+02,1.410274e+06,8.844936e+01,,,,5
2018-04-26 11:39:40.000000,2.609024e+07,1.818853e+07,1.239963e+02,1.410274e+06,8.844936e+01,,,,5
2018-04-26 11:39:41.000000,2.609024e+07,1.818755e+07,1.239958e+02,1.410274e+06,8.844935e+01,,,,5
2018-04-26 11:39:42.000000,2.609024e+07,1.818918e+07,1.239966e+02,1.410274e+06,8.844935e+01,,,,5
2018-04-26 11:39:43.000000,2.609026e+07,1.818792e+07,1.239960e+02,1.410274e+06,8.844935e+01,,,,5
2018-04-26 11:39:44.000000,2.609026e+07,1.818945e+07,1.239968e+02,1.410274e+06,8.844934e+01,,,,5
2018-04-26 11:39:45.000000,2.609026e+07,1.818816e+07,1.239961e+02,1.410274e+06,8.844934e+01,,,,5
2018-04-26 11:39:46.000000,2.609024e+07,1.818847e+07,1.239962e+02,1.410274e+06,8.844934e+01,,,,5
2018-04-26 11:39:47.000000,2.609024e+07,1.818726e+07,1.239954e+02,1.410274e+06,8.844933e+01,,,,5
2018-04-26 11:39:48.000000,2.609024e+07,1.818683e+07,1.239953e+02,1.410274e+06,8.844933e+01,,,,5
2018-04-26 11:39:49.000000,2.609026e+07,1.818688e+07,1.239952e+02,1.410274e+06,8.844933e+01,,,,5
2018-04-26 11:39:50.000000,2.609026e+07,1.818654e+07,1.239950e+02,1.410274e+06,8.844932e+01,,,,5
2018-04-26 11:39:51.000000,2.609026e+07,1.818775e+07,1.239957e+02,1.410274e+06,8.844932e+01,,,,5
2018-04-26 11:39:52.000000,2.609024e+07,1.818745e+07,1.239957e+02,1.410274e+06,8.844932e+01,,,,5
2018-04-26 11:39:53.000000,2.609024e+07,1.818864e+07,1.239963e+02,1.410274e+06,8.844931e+01,,,,5
2018-04-26 11:39:54.000000,2.609026e+07,1.818784e+07,1.239959e+02,1.410274e+06,8.844931e+01,,,,5
2018-04-26 11:39:55.000000,2.609026e+07,1.818946e+07,1.239968e+02,1.410274e+06,8.844931e+01,,,,5
2018-04-26 11:39:56.000000,2.609026e+07,1.818782e+07,1.239959e+02,1.410274e+06,8.844930e+01,,,,5
2018-04-26 11:39:57.000000,2.609024e+07,1.818857e+07,1.239962e+02,1.410274e+06,8.844930e+01,,,,5
2018-04-26 11:39:58.000000,2.609024e+07,1.818694e+07,1.239954e+02,1.410274e+06,8.844930e+01,,,,5
2018-04-26 11:39:59.000000,2.609024e+07,1.818691e+07,1.239953e+02,1.410274e+06,8.844929e+01,,,,5
2018-04-26 11:40:00.000000,2.609026e+07,1.818688e+07,1.239952e+02,1.410274e+06,8.844929e+01,,,,5
2018-04-26 11:40:01.000000,2.609026e+07,1.818659e+07,1.239951e+02,1.410274e+06,8.844929e+01,,,,5
2018-04-26 11:40:02.000000,2.609026e+07,1.818782e+07,1.239957e+02,1.410274e+06,8.844928e+01,,,,5
2018-04-26 11:40:03.000000,2.609024e+07,1.818752e+07,1.239957e+02,1.410274e+06,8.844928e+01,,,,5
2018-04-26 11:40:04.000000,2.609024e+07,1.818871e+07,1.239964e+02,1.410274e+06,8.844928e+01,,,,5
2018-04-26 11:40:05.000000,2.609026e+07,1.818786e+07,1.239960e+02,1.410274e+06,8.844927e+01,,,,5
2018-04-26 11:40:06.000000,2.609026e+07,1.818893e+07,1.239965e+02,1.410274e+06,8.844927e+01,,,,5
2018-04-26 11:40:07.000000,2.609026e+07,1.818782e+07,1.239959e+02,1.410274e+06,8.844927e+01,,,,5
2018-04-26 11:40:08.000000,2.609024e+07,1.818809e+07,1.239959e+02,1.410274e+06,8.844926e+01,,,,5
2018-04-26 11:40:09.000000,2.609024e+07,1.818695e+07,1.239953e+02,1.410274e+06,8.844926e+01,,,,5
2018-04-26 11:40:10.000000,2.609024e+07,1.818848e+07,1.239962e+02,1.410274e+06,8.844926e+01,,,,5
2018-04-26 11:40:11.000000,2.609026e+07,1.818672e+07,1.239951e+02,1.410274e+06,8.844925e+01,,,,5
2018-04-26 11:40:12.000000,2.609026e+07,1.818810e+07,1.239958e+02,1.410274e+06,8.844925e+01,,,,5
2018-04-26 11:40:13.000000,2.609026e+07,1.818691e+07,1.239952e+02,1.410274e+06,8.844925e+01,,,,5
2018-04-26 11:40:14.000000,2.609024e+07,1.818746e+07,1.239957e+02,1.410274e+06,8.844924e+01,,,,5
2018-04-26 11:40:15.000000,2.609024e+07,1.818778e+07,1.239958e+02,1.410274e+06,8.844924e+01,,,,5
2018-04-26 11:40:16.000000,2.609024e+07,1.818743e+07,1.239957e+02,1.410274e+06,8.844923e+01,,,,5
2018-04-26 11:40:17.000000,2.609026e+07,1.818804e+07,1.239961e+02,1.410274e+06,8.844923e+01,,,,5
2018-04-26 11:40:18.000000,2.609026e+07,1.818776e+07,1.239959e+02,1.410274e+06,8.844923e+01,,,,5
2018-04-26 11:40:19.000000,2.609024e+07,1.818809e+07,1.239959e+02,1.410274e+06,8.844922e+01,,,,5
2018-04-26 11:40:20.000000,2.609024e+07,1.818692e+07,1.239954e+02,1.410274e+06,8.844922e+01,,,,5
2018-04-26 11:40:21.000000,2.609024e+07,1.818859e+07,1.239962e+02,1.410274e+06,8.844922e+01,,,,5
2018-04-26 11:40:22.000000,2.609026e+07,1.818672e+07,1.239951e+02,1.410274e+06,8.844921e+01,,,,5
2018-04-26 11:40:23.000000,2.609026e+07,1.818822e+07,1.239959e+02,1.410274e+06,8.844921e+01,,,,5
2018-04-26 11:40:24.000000,2.609026e+07,1.818691e+07,1.239952e+02,1.410274e+06,8.844921e+01,,,,5
2018-04-26 11:40:25.000000,2.609024e+07,1.818902e+07,1.239965e+02,1.410274e+06,8.844920e+01,,,,5
2018-04-26 11:40:26.000000,2.609024e+07,1.818790e+07,1.239959e+02,1.410274e+06,8.844920e+01,,,,5
2018-04-26 11:40:27.000000,2.609024e+07,1.818749e+07,1.239957e+02,1.410274e+06,8.844920e+01,,,,5
2018-04-26 11:40:28.000000,2.609026e+07,1.818808e+07,1.239961e+02,1.410274e+06,8.844919e+01,,,,5
2018-04-26 11:40:29.000000,2.609026e+07,1.818777e+07,1.239959e+02,1.410274e+06,8.844919e+01,,,,5
2018-04-26 11:40:30.000000,2.609026e+07,1.818903e+07,1.239966e+02,1.410274e+06,8.844919e+01,,,,5
2018-04-26 11:40:31.000000,2.609024e+07,1.818700e+07,1.239954e+02,1.410274e+06,8.844918e+01,,,,5
2018-04-26 11:40:32.000000,2.609024e+07,1.818807e+07,1.239959e+02,1.410274e+06,8.844918e+01,,,,5
2018-04-26 11:40:33.000000,2.609026e+07,1.818670e+07,1.239951e+02,1.410274e+06,8.844918e+01,,,,5
2018-04-26 11:40:34.000000,2.609026e+07,1.818766e+07,1.239956e+02,1.410274e+06,8.844917e+01,,,,5
2018-04-26 11:40:35.000000,2.609026e+07,1.818658e+07,1.239950e+02,1.410274e+06,8.844917e+01,,,,5
2018-04-26 11:40:36.000000,2.609024e+07,1.818846e+07,1.239962e+02,1.410274e+06,8.844917e+01,,,,5
2018-04-26 11:40:37.000000,2.609024e+07,1.818755e+07,1.239957e+02,1.410274e+06,8.844916e+01,,,,5
2018-04-26 11:40:38.000000,2.609024e+07,1.818751e+07,1.239957e+02,1.410274e+06,8.844916e+01,,,,5
2018-04-26 11:40:39.000000,2.609026e+07,1.818774e+07,1.239959e+02,1.410274e+06,8.844916e+01,,,,5
2018-04-26 11:40:40.000000,2.609026e+07,1.818782e+07,1.239960e+02,1.410274e+06,8.844915e+01,,,,5
2018-04-26 11:40:41.000000,2.609026e+07,1.818809e+07,1.239961e+02,1.410274e+06,8.844915e+01,,,,5
2018-04-26 11:40:42.000000,2.609024e+07,1.818701e+07,1.239954e+02,1.410274e+06,8.844915e+01,,,,5
2018-04-26 11:40:43.000000,2.609024e+07,1.818807e+07,1.239959e+02,1.410274e+06,8.844914e+01,,,,5
2018-04-26 11:40:44.000000,2.609024e+07,1.818681e+07,1.239952e+02,1.410274e+06,8.844914e+01,,,,5
2018-04-26 11:40:45.000000,2.609026e+07,1.818775e+07,1.239957e+02,1.410274e+06,8.844914e+01,,,,5
2018-04-26 11:40:46.000000,2.609026e+07,1.818656e+07,1.239950e+02,1.410274e+06,8.844913e+01,,,,5
2018-04-26 11:40:47.000000,2.609024e+07,1.818851e+07,1.239962e+02,1.410274e+06,8.844913e+01,,,,5
2018-04-26 11:40:48.000000,2.609024e+07,1.818756e+07,1.239958e+02,1.410274e+06,8.844913e+01,,,,5
2018-04-26 11:40:49.000000,2.609024e+07,1.818918e+07,1.239966e+02,1.410274e+06,8.844912e+01,,,,5
2018-04-26 11:40:50.000000,2.609025e+07,1.818792e+07,1.239960e+02,1.410274e+06,8.844912e+01,,,,5
2018-04-26 11:40:51.000000,2.609026e+07,1.818945e+07,1.239968e+02,1.410274e+06,8.844912e+01,,,,5
2018-04-26 11:40:52.000000,2.609026e+07,1.818816e+07,1.239961e+02,1.410274e+06,8.844911e+01,,,,5
2018-04-26 11:40:53.000000,2.609024e+07,1.818847e+07,1.239961e+02,1.410274e+06,8.844911e+01,,,,5
2018-04-26 11:40:54.000000,2.609024e+07,1.818727e+07,1.239954e+02,1.410274e+06,8.844911e+01,,,,5
2018-04-26 11:40:55.000000,2.609024e+07,1.818683e+07,1.239953e+02,1.410274e+06,8.844910e+01,,,,5
2018-04-26 11:40:56.000000,2.609026e+07,1.818687e+07,1.239952e+02,1.410274e+06,8.844910e+01,,,,5
2018-04-26 11:40:57.000000,2.609026e+07,1.818654e+07,1.239950e+02,1.410274e+06,8.844910e+01,,,,5
2018-04-26 11:40:58.000000,2.609026e+07,1.818775e+07,1.239957e+02,1.410274e+06,8.844909e+01,,,,5
2018-04-26 11:40:59.000000,2.609024e+07,1.818745e+07,1.239957e+02,1.410274e+06,8.844909e+01,,,,5
2018-04-26 11:41:00.000000,2.609024e+07,1.818863e+07,1.239963e+02,1.410274e+06,8.844909e+01,,,,5
2018-04-26 11:41:01.000000,2.609026e+07,1.818785e+07,1.239959e+02,1.410274e+06,8.844908e+01,,,,5
2018-04-26 11:41:02.000000,2.609026e+07,1.818946e+07,1.239968e+02,1.410274e+06,8.844908e+01,,,,5
2018-04-26 11:41:03.000000,2.609026e+07,1.818782e+07,1.239959e+02,1.410274e+06,8.844908e+01,,,,5
2018-04-26 11:41:04.000000,2.609024e+07,1.818856e+07,1.239962e+02,1.410274e+06,8.844907e+01,,,,5
2018-04-26 11:41:05.000000,2.609024e+07,1.818694e+07,1.239953e+02,1.410274e+06,8.844907e+01,,,,5
2018-04-26 11:41:06.000000,2.609024e+07,1.818691e+07,1.239953e+02,1.410274e+06,8.844907e+01,,,,5
2018-04-26 11:41:07.000000,2.609026e+07,1.818688e+07,1.239952e+02,1.410274e+06,8.844906e+01,,,,5
2018-04-26 11:41:08.000000,2.609026e+07,1.818659e+07,1.239951e+02,1.410274e+06,8.844906e+01,,,,5
2018-04-26 11:41:09.000000,2.609026e+07,1.818782e+07,1.239957e+02,1.410274e+06,8.844906e+01,,,,5
2018-04-26 11:41:10.000000,2.609024e+07,1.818752e+07,1.239957e+02,1.410274e+06,8.844905e+01,,,,5
2018-04-26 11:41:11.000000,2.609024e+07,1.818869e+07,1.239964e+02,1.410274e+06,8.844905e+01,,,,5
2018-04-26 11:41:12.000000,2.609024e+07,1.818746e+07,1.239957e+02,1.410274e+06,8.844905e+01,,,,5
2018-04-26 11:41:13.000000,2.609026e+07,1.818892e+07,1.239965e+02,1.410274e+06,8.844904e+01,,,,5
2018-04-26 11:41:14.000000,2.609025e+07,1.818782e+07,1.239959e+02,1.410274e+06,8.844904e+01,,,,5
2018-04-26 11:41:15.000000,2.609024e+07,1.818808e+07,1.239959e+02,1.410274e+06,8.844903e+01,,,,5
2018-04-26 11:41:16.000000,2.609024e+07,1.818695e+07,1.239953e+02,1.410274e+06,8.844903e+01,,,,5
2018-04-26 11:41:17.000000,2.609024e+07,1.818846e+07,1.239961e+02,1.410274e+06,8.844903e+01,,,,5
2018-04-26 11:41:18.000000,2.609026e+07,1.818672e+07,1.239951e+02,1.410274e+06,8.844902e+01,,,,5
2018-04-26 11:41:19.000000,2.609025e+07,1.818809e+07,1.239958e+02,1.410274e+06,8.844902e+01,,,,5
2018-04-26 11:41:20.000000,2.609026e+07,1.818690e+07,1.239952e+02,1.410274e+06,8.844902e+01,,,,5
2018-04-26 11:41:21.000000,2.609024e+07,1.818745e+07,1.239957e+02,1.410274e+06,8.844901e+01,,,,5
2018-04-26 11:41:22.000000,2.609024e+07,1.818778e+07,1.239958e+02,1.410274e+06,8.844901e+01,,,,5
2018-04-26 11:41:23.000000,2.609024e+07,1.818743e+07,1.239957e+02,1.410274e+06,8.844901e+01,,,,5
2018-04-26 11:41:24.000000,2.609026e+07,1.818804e+07,1.239961e+02,1.410274e+06,8.844900e+01,,,,5
2018-04-26 11:41:25.000000,2.609026e+07,1.818776e+07,1.239959e+02,1.410274e+06,8.844900e+01,,,,5
2018-04-26 11:41:26.000000,2.609026e+07,1.818904e+07,1.239966e+02,1.410274e+06,8.844900e+01,,,,5
2018-04-26 11:41:27.000000,2.609024e+07,1.818699e+07,1.239954e+02,1.410274e+06,8.844899e+01,,,,5
2018-04-26 11:41:28.000000,2.609024e+07,1.818807e+07,1.239959e+02,1.410274e+06,8.844899e+01,,,,5
2018-04-26 11:41:29.000000,2.609026e+07,1.818668e+07,1.239951e+02,1.410274e+06,8.844899e+01,,,,5
2018-04-26 11:41:30.000000,2.609026e+07,1.818766e+07,1.239956e+02,1.410274e+06,8.844898e+01,,,,5
2018-04-26 11:41:31.000000,2.609026e+07,1.818658e+07,1.239950e+02,1.410274e+06,8.844898e+01,,,,5
2018-04-26 11:41:32.000000,2.609024e+07,1.818848e+07,1.239962e+02,1.410274e+06,8.844898e+01,,,,5
2018-04-26 11:41:33.000000,2.609024e+07,1.818754e+07,1.239957e+02,1.410274e+06,8.844897e+01,,,,5
2018-04-26 11:41:34.000000,2.609024e+07,1.818751e+07,1.239957e+02,1.410274e+06,8.844897e+01,,,,5
2018-04-26 11:41:35.000000,2.609026e+07,1.818774e+07,1.239959e+02,1.410274e+06,8.844897e+01,,,,5
2018-04-26 11:41:36.000000,2.609026e+07,1.818782e+07,1.239960e+02,1.410274e+06,8.844896e+01,,,,5
2018-04-26 11:41:37.000000,2.609026e+07,1.818809e+07,1.239961e+02,1.410274e+06,8.844896e+01,,,,5
2018-04-26 11:41:38.000000,2.609024e+07,1.818701e+07,1.239954e+02,1.410274e+06,8.844896e+01,,,,5
2018-04-26 11:41:39.000000,2.609024e+07,1.818808e+07,1.239959e+02,1.410274e+06,8.844895e+01,,,,5
2018-04-26 11:41:40.000000,2.609026e+07,1.818674e+07,1.239952e+02,1.410274e+06,8.844895e+01,,,,5
2018-04-26 11:41:41.000000,2.609026e+07,1.818772e+07,1.239956e+02,1.410274e+06,8.844895e+01,,,,5
2018-04-26 11:41:42.000000,2.609026e+07,1.818654e+07,1.239950e+02,1.410274e+06,8.844894e+01,,,,5
2018-04-26 11:41:43.000000,2.609024e+07,1.818853e+07,1.239963e+02,1.410274e+06,8.844894e+01,,,,5
2018-04-26 11:41:44.000000,2.609024e+07,1.818755e+07,1.239958e+02,1.410274e+06,8.844894e+01,,,,5
2018-04-26 11:41:45.000000,2.609024e+07,1.818918e+07,1.239966e+02,1.410274e+06,8.844893e+01,,,,5
2018-04-26 11:41:46.000000,2.609026e+07,1.818792e+07,1.239960e+02,1.410274e+06,8.844893e+01,,,,5
2018-04-26 11:41:47.000000,2.609026e+07,1.818945e+07,1.239968e+02,1.410274e+06,8.844893e+01,,,,5
2018-04-26 11:41:48.000000,2.609026e+07,1.818816e+07,1.239961e+02,1.410274e+06,8.844892e+01,,,,5
2018-04-26 11:41:49.000000,2.609024e+07,1.818848e+07,1.239961e+02,1.410274e+06,8.844892e+01,,,,5
2018-04-26 11:41:50.000000,2.609024e+07,1.818726e+07,1.239954e+02,1.410274e+06,8.844892e+01,,,,5
2018-04-26 11:41:51.000000,2.609024e+07,1.818683e+07,1.239953e+02,1.410274e+06,8.844891e+01,,,,5
2018-04-26 11:41:52.000000,2.609026e+07,1.818688e+07,1.239952e+02,1.410274e+06,8.844891e+01,,,,5
2018-04-26 11:41:53.000000,2.609026e+07,1.818654e+07,1.239950e+02,1.410274e+06,8.844891e+01,,,,5
2018-04-26 11:41:54.000000,2.609024e+07,1.818766e+07,1.239957e+02,1.410274e+06,8.844890e+01,,,,5
2018-04-26 11:41:55.000000,2.609024e+07,1.818746e+07,1.239957e+02,1.410274e+06,8.844890e+01,,,,5
2018-04-26 11:41:56.000000,2.609024e+07,1.818864e+07,1.239963e+02,1.410274e+06,8.844890e+01,,,,5
2018-04-26 11:41:57.000000,2.609026e+07,1.818784e+07,1.239959e+02,1.410274e+06,8.844889e+01,,,,5
2018-04-26 11:41:58.000000,2.609026e+07,1.818946e+07,1.239968e+02,1.410274e+06,8.844889e+01,,,,5
2018-04-26 11:41:59.000000,2.609026e+07,1.818780e+07,1.239959e+02,1.410274e+06,8.844889e+01,,,,5
2018-04-26 11:42:00.000000,2.609024e+07,1.818857e+07,1.239962e+02,1.410274e+06,8.844888e+01,,,,5
2018-04-26 11:42:01.000000,2.609024e+07,1.818694e+07,1.239953e+02,1.410274e+06,8.844888e+01,,,,5
2018-04-26 11:42:02.000000,2.609024e+07,1.818691e+07,1.239953e+02,1.410274e+06,8.844888e+01,,,,5
2018-04-26 11:42:03.000000,2.609026e+07,1.818688e+07,1.239952e+02,1.410274e+06,8.844887e+01,,,,5
2018-04-26 11:42:04.000000,2.609026e+07,1.818659e+07,1.239951e+02,1.410274e+06,8.844887e+01,,,,5
2018-04-26 11:42:05.000000,2.609026e+07,1.818782e+07,1.239957e+02,1.410274e+06,8.844887e+01,,,,5
2018-04-26 11:42:06.000000,2.609024e+07,1.818752e+07,1.239957e+02,1.410274e+06,8.844886e+01,,,,5
2018-04-26 11:42:07.000000,2.609024e+07,1.818871e+07,1.239964e+02,1.410274e+06,8.844886e+01,,,,5
2018-04-26 11:42:08.000000,2.609026e+07,1.818786e+07,1.239960e+02,1.410274e+06,8.844886e+01,,,,5
2018-04-26 11:42:09.000000,2.609026e+07,1.818894e+07,1.239965e+02,1.410274e+06,8.844885e+01,,,,5
2018-04-26 11:42:10.000000,2.609026e+07,1.818782e+07,1.239959e+02,1.410274e+06,8.844885e+01,,,,5
2018-04-26 11:42:11.000000,2.609024e+07,1.818809e+07,1.239959e+02,1.410274e+06,8.844885e+01,,,,5
2018-04-26 11:42:12.000000,2.609024e+07,1.818695e+07,1.239953e+02,1.410274e+06,8.844884e+01,,,,5
2018-04-26 11:42:13.000000,2.609024e+07,1.818848e+07,1.239961e+02,1.410274e+06,8.844884e+01,,,,5
2018-04-26 11:42:14.000000,2.609026e+07,1.818672e+07,1.239951e+02,1.410274e+06,8.844884e+01,,,,5
2018-04-26 11:42:15.000000,2.609026e+07,1.818810e+07,1.239958e+02,1.410274e+06,8.844883e+01,,,,5
2018-04-26 11:42:16.000000,2.609026e+07,1.818689e+07,1.239952e+02,1.410274e+06,8.844883e+01,,,,5
2018-04-26 11:42:17.000000,2.609024e+07,1.818746e+07,1.239957e+02,1.410274e+06,8.844883e+01,,,,5
2018-04-26 11:42:18.000000,2.609024e+07,1.818778e+07,1.239958e+02,1.410274e+06,8.844882e+01,,,,5
2018-04-26 11:42:19.000000,2.609024e+07,1.818743e+07,1.239957e+02,1.410274e+06,8.844882e+01,,,,5
2018-04-26 11:42:20.000000,2.609026e+07,1.818804e+07,1.239961e+02,1.410274e+06,8.844882e+01,,,,5
2018-04-26 11:42:21.000000,2.609026e+07,1.818776e+07,1.239959e+02,1.410274e+06,8.844881e+01,,,,5
2018-04-26 11:42:22.000000,2.609024e+07,1.818809e+07,1.239959e+02,1.410274e+06,8.844881e+01,,,,5
2018-04-26 11:42:23.000000,2.609024e+07,1.818691e+07,1.239953e+02,1.410274e+06,8.844881e+01,,,,5
2018-04-26 11:42:24.000000,2.609024e+07,1.818859e+07,1.239962e+02,1.410274e+06,8.844880e+01,,,,5
2018-04-26 11:42:25.000000,2.609026e+07,1.818672e+07,1.239951e+02,1.410274e+06,8.844880e+01,,,,5
2018-04-26 11:42:26.000000,2.609026e+07,1.818823e+07,1.239959e+02,1.410274e+06,8.844880e+01,,,,5
2018-04-26 11:42:27.000000,2.609026e+07,1.818691e+07,1.239952e+02,1.410274e+06,8.844879e+01,,,,5
2018-04-26 11:42:28.000000,2.609024e+07,1.818902e+07,1.239965e+02,1.410274e+06,8.844879e+01,,,,5
2018-04-26 11:42:29.000000,2.609024e+07,1.818790e+07,1.239959e+02,1.410274e+06,8.844879e+01,,,,5
2018-04-26 11:42:30.000000,2.609024e+07,1.818749e+07,1.239957e+02,1.410274e+06,8.844878e+01,,,,5
2018-04-26 11:42:31.000000,2.609026e+07,1.818808e+07,1.239961e+02,1.410274e+06,8.844878e+01,,,,5
2018-04-26 11:42:32.000000,2.609026e+07,1.818777e+07,1.239959e+02,1.410274e+06,8.844878e+01,,,,5
2018-04-26 11:42:33.000000,2.609026e+07,1.818904e+07,1.239966e+02,1.410274e+06,8.844877e+01,,,,5
2018-04-26 11:42:34.000000,2.609024e+07,1.818699e+07,1.239953e+02,1.410274e+06,8.844877e+01,,,,5
2018-04-26 11:42:35.000000,2.609024e+07,1.818807e+07,1.239959e+02,1.410274e+06,8.844877e+01,,,,5
2018-04-26 11:42:36.000000,2.609026e+07,1.818668e+07,1.239951e+02,1.410274e+06,8.844876e+01,,,,5
2018-04-26 11:42:37.000000,2.609026e+07,1.818766e+07,1.239956e+02,1.410274e+06,8.844876e+01,,,,5
2018-04-26 11:42:38.000000,2.609026e+07,1.818658e+07,1.239950e+02,1.410274e+06,8.844876e+01,,,,5
2018-04-26 11:42:39.000000,2.609024e+07,1.818846e+07,1.239962e+02,1.410274e+06,8.844875e+01,,,,5
2018-04-26 11:42:40.000000,2.609024e+07,1.818754e+07,1.239957e+02,1.410274e+06,8.844875e+01,,,,5
2018-04-26 11:42:41.000000,2.609024e+07,1.818751e+07,1.239957e+02,1.410274e+06,8.844875e+01,,,,5
2018-04-26 11:42:42.000000,2.609026e+07,1.818774e+07,1.239959e+02,1.410274e+06,8.844874e+01,,,,5
2018-04-26 11:42:43.000000,2.609026e+07,1.818782e+07,1.239959e+02,1.410274e+06,8.844874e+01,,,,5
2018-04-26 11:42:44.000000,2.609026e+07,1.818809e+07,1.239961e+02,1.410274e+06,8.844874e+01,,,,5
2018-04-26 11:42:45.000000,2.609024e+07,1.818701e+07,1.239954e+02,1.410274e+06,8.844873e+01,,,,5
2018-04-26 11:42:46.000000,2.609024e+07,1.818807e+07,1.239959e+02,1.410274e+06,8.844873e+01,,,,5
2018-04-26 11:42:47.000000,2.609024e+07,1.818681e+07,1.239952e+02,1.410274e+06,8.844873e+01,,,,5
2018-04-26 11:42:48.000000,2.609026e+07,1.818775e+07,1.239957e+02,1.410274e+06,8.844872e+01,,,,5
2018-04-26 11:42:49.000000,2.609026e+07,1.818656e+07,1.239950e+02,1.410274e+06,8.844872e+01,,,,5
2018-04-26 11:42:50.000000,2.609024e+07,1.818853e+07,1.239962e+02,1.410274e+06,8.844872e+01,,,,5
2018-04-26 11:42:51.000000,2.609024e+07,1.818755e+07,1.239957e+02,1.410274e+06,8.844871e+01,,,,5
2018-04-26 11:42:52.000000,2.609024e+07,1.818918e+07,1.239966e+02,1.410274e+06,8.844871e+01,,,,5
2018-04-26 11:42:53.000000,2.609026e+07,1.818792e+07,1.239960e+02,1.410274e+06,8.844871e+01,,,,5
2018-04-26 11:42:54.000000,2.609026e+07,1.818945e+07,1.239968e+02,1.410274e+06,8.844871e+01,,,,5
2018-04-26 11:42:55.000000,2.609026e+07,1.818816e+07,1.239961e+02,1.410274e+06,8.844870e+01,,,,5
2018-04-26 11:42:56.000000,2.609024e+07,1.818847e+07,1.239961e+02,1.410274e+06,8.844870e+01,,,,5
2018-04-26 11:42:57.000000,2.609024e+07,1.818726e+07,1.239954e+02,1.410274e+06,8.844870e+01,,,,5
2018-04-26 11:42:58.000000,2.609024e+07,1.818683e+07,1.239952e+02,1.410274e+06,8.844869e+01,,,,5
2018-04-26 11:42:59.000000,2.609026e+07,1.818688e+07,1.239952e+02,1.410274e+06,8.844869e+01,,,,5
2018-04-26 11:43:00.000000,2.609026e+07,1.818654e+07,1.239950e+02,1.410274e+06,8.844869e+01,,,,5
2018-04-26 11:43:01.000000,2.609026e+07,1.818775e+07,1.239956e+02,1.410274e+06,8.844868e+01,,,,5
2018-04-26 11:43:02.000000,2.609024e+07,1.818745e+07,1.239956e+02,1.410274e+06,8.844868e+01,,,,5
2018-04-26 11:43:03.000000,2.609024e+07,1.818863e+07,1.239963e+02,1.410274e+06,8.844868e+01,,,,5
2018-04-26 11:43:04.000000,2.609026e+07,1.818785e+07,1.239959e+02,1.410274e+06,8.844867e+01,,,,5
2018-04-26 11:43:05.000000,2.609026e+07,1.818946e+07,1.239968e+02,1.410274e+06,8.844867e+01,,,,5
2018-04-26 11:43:06.000000,2.609026e+07,1.818782e+07,1.239959e+02,1.410274e+06,8.844867e+01,,,,5
2018-04-26 11:43:07.000000,2.609024e+07,1.818857e+07,1.239962e+02,1.410274e+06,8.844866e+01,,,,5
2018-04-26 11:43:08.000000,2.609024e+07,1.818694e+07,1.239953e+02,1.410274e+06,8.844866e+01,,,,5
2018-04-26 11:43:09.000000,2.609024e+07,1.818691e+07,1.239953e+02,1.410274e+06,8.844866e+01,,,,5
2018-04-26 11:43:10.000000,2.609026e+07,1.818688e+07,1.239952e+02,1.410274e+06,8.844865e+01,,,,5
2018-04-26 11:43:11.000000,2.609026e+07,1.818659e+07,1.239950e+02,1.410274e+06,8.844865e+01,,,,5
2018-04-26 11:43:12.000000,2.609026e+07,1.818782e+07,1.239957e+02,1.410274e+06,8.844865e+01,,,,5
2018-04-26 11:43:13.000000,2.609024e+07,1.818752e+07,1.239957e+02,1.410274e+06,8.844864e+01,,,,5
2018-04-26 11:43:14.000000,2.609024e+07,1.818871e+07,1.239963e+02,1.410274e+06,8.844864e+01,,,,5
2018-04-26 11:43:15.000000,2.609024e+07,1.818746e+07,1.239956e+02,1.410274e+06,8.844864e+01,,,,5
2018-04-26 11:43:16.000000,2.609026e+07,1.818892e+07,1.239965e+02,1.410274e+06,8.844863e+01,,,,5
2018-04-26 11:43:17.000000,2.609026e+07,1.818781e+07,1.239959e+02,1.410274e+06,8.844863e+01,,,,5
2018-04-26 11:43:18.000000,2.609024e+07,1.818808e+07,1.239959e+02,1.410274e+06,8.844863e+01,,,,5
2018-04-26 11:43:19.000000,2.609024e+07,1.818695e+07,1.239953e+02,1.410274e+06,8.844862e+01,,,,5
2018-04-26 11:43:20.000000,2.609024e+07,1.818846e+07,1.239961e+02,1.410274e+06,8.844862e+01,,,,5
2018-04-26 11:43:21.000000,2.609026e+07,1.818672e+07,1.239951e+02,1.410274e+06,8.844862e+01,,,,5
2018-04-26 11:43:22.000000,2.609025e+07,1.818810e+07,1.239958e+02,1.410274e+06,8.844861e+01,,,,5
2018-04-26 11:43:23.000000,2.609026e+07,1.818690e+07,1.239952e+02,1.410274e+06,8.844861e+01,,,,5
2018-04-26 11:43:24.000000,2.609024e+07,1.818746e+07,1.239957e+02,1.410274e+06,8.844861e+01,,,,5
2018-04-26 11:43:25.000000,2.609024e+07,1.818778e+07,1.239958e+02,1.410273e+06,8.844860e+01,,,,5
2018-04-26 11:43:26.000000,2.609024e+07,1.818743e+07,1.239956e+02,1.410273e+06,8.844860e+01,,,,5
2018-04-26 11:43:27.000000,2.609026e+07,1.818804e+07,1.239960e+02,1.410273e+06,8.844860e+01,,,,5
2018-04-26 11:43:28.000000,2.609026e+07,1.818776e+07,1.239959e+02,1.410273e+06,8.844859e+01,,,,5
2018-04-26 11:43:29.000000,2.609024e+07,1.818809e+07,1.239959e+02,1.410273e+06,8.844859e+01,,,,5
2018-04-26 11:43:30.000000,2.609024e+07,1.818692e+07,1.239953e+02,1.410273e+06,8.844859e+01,,,,5
2018-04-26 11:43:31.000000,2.609024e+07,1.818859e+07,1.239962e+02,1.410273e+06,8.844858e+01,,,,5
2018-04-26 11:43:32.000000,2.609026e+07,1.818672e+07,1.239951e+02,1.410273e+06,8.844858e+01,,,,5
2018-04-26 11:43:33.000000,2.609026e+07,1.818822e+07,1.239959e+02,1.410273e+06,8.844858e+01,,,,5
2018-04-26 11:43:34.000000,2.609026e+07,1.818691e+07,1.239952e+02,1.410273e+06,8.844857e+01,,,,5
2018-04-26 11:43:35.000000,2.609024e+07,1.818902e+07,1.239965e+02,1.410273e+06,8.844857e+01,,,,5
2018-04-26 11:43:36.000000,2.609024e+07,1.818789e+07,1.239959e+02,1.410273e+06,8.844857e+01,,,,5
2018-04-26 11:43:37.000000,2.609024e+07,1.818750e+07,1.239957e+02,1.410273e+06,8.844856e+01,,,,5
2018-04-26 11:43:38.000000,2.609026e+07,1.818808e+07,1.239961e+02,1.410273e+06,8.844856e+01,,,,5
2018-04-26 11:43:39.000000,2.609026e+07,1.818777e+07,1.239959e+02,1.410273e+06,8.844856e+01,,,,5
2018-04-26 11:43:40.000000,2.609026e+07,1.818903e+07,1.239966e+02,1.410273e+06,8.844855e+01,,,,5
2018-04-26 11:43:41.000000,2.609024e+07,1.818700e+07,1.239953e+02,1.410273e+06,8.844855e+01,,,,5
2018-04-26 11:43:42.000000,2.609024e+07,1.818807e+07,1.239959e+02,1.410273e+06,8.844855e+01,,,,5
2018-04-26 11:43:43.000000,2.609026e+07,1.818670e+07,1.239951e+02,1.410273e+06,8.844854e+01,,,,5
2018-04-26 11:43:44.000000,2.609026e+07,1.818766e+07,1.239956e+02,1.410273e+06,8.844854e+01,,,,5
2018-04-26 11:43:45.000000,2.609026e+07,1.818658e+07,1.239950e+02,1.410273e+06,8.844854e+01,,,,5
2018-04-26 11:43:46.000000,2.609024e+07,1.818846e+07,1.239962e+02,1.410273e+06,8.844853e+01,,,,5
2018-04-26 11:43:47.000000,2.609024e+07,1.818755e+07,1.239957e+02,1.410273e+06,8.844853e+01,,,,5
2018-04-26 11:43:48.000000,2.609024e+07,1.818751e+07,1.239957e+02,1.410273e+06,8.844853e+01,,,,5
2018-04-26 11:43:49.000000,2.609026e+07,1.818774e+07,1.239959e+02,1.410273e+06,8.844852e+01,,,,5
2018-04-26 11:43:50.000000,2.609026e+07,1.818782e+07,1.239959e+02,1.410273e+06,8.844852e+01,,,,5
2018-04-26 11:43:51.000000,2.609026e+07,1.818809e+07,1.239960e+02,1.410273e+06,8.844852e+01,,,,5
2018-04-26 11:43:52.000000,2.609024e+07,1.818701e+07,1.239954e+02,1.410273e+06,8.844852e+01,,,,5
2018-04-26 11:43:53.000000,2.609024e+07,1.818807e+07,1.239959e+02,1.410273e+06,8.844851e+01,,,,5
2018-04-26 11:43:54.000000,2.609024e+07,1.818682e+07,1.239952e+02,1.410273e+06,8.844851e+01,,,,5
2018-04-26 11:43:55.000000,2.609026e+07,1.818775e+07,1.239957e+02,1.410273e+06,8.844851e+01,,,,5
2018-04-26 11:43:56.000000,2.609026e+07,1.818655e+07,1.239950e+02,1.410273e+06,8.844850e+01,,,,5
2018-04-26 11:43:57.000000,2.609024e+07,1.818851e+07,1.239962e+02,1.410273e+06,8.844850e+01,,,,5
2018-04-26 11:43:58.000000,2.609024e+07,1.818756e+07,1.239957e+02,1.410273e+06,8.844850e+01,,,,5
2018-04-26 11:43:59.000000,2.609024e+07,1.818918e+07,1.239966e+02,1.410273e+06,8.844849e+01,,,,5
2018-04-26 11:44:00.000000,2.609025e+07,1.818792e+07,1.239960e+02,1.410273e+06,8.844849e+01,,,,5
2018-04-26 11:44:01.000000,2.609026e+07,1.818945e+07,1.239967e+02,1.410273e+06,8.844849e+01,,,,5
2018-04-26 11:44:02.000000,2.609026e+07,1.818816e+07,1.239961e+02,1.410273e+06,8.844848e+01,,,,5
2018-04-26 11:44:03.000000,2.609024e+07,1.818847e+07,1.239961e+02,1.410273e+06,8.844848e+01,,,,5
2018-04-26 11:44:04.000000,2.609024e+07,1.818727e+07,1.239954e+02,1.410273e+06,8.844848e+01,,,,5
2018-04-26 11:44:05.000000,2.609024e+07,1.818683e+07,1.239952e+02,1.410273e+06,8.844847e+01,,,,5
2018-04-26 11:44:06.000000,2.609026e+07,1.818687e+07,1.239952e+02,1.410273e+06,8.844847e+01,,,,5
2018-04-26 11:44:07.000000,2.609026e+07,1.818654e+07,1.239950e+02,1.410273e+06,8.844847e+01,,,,5
2018-04-26 11:44:08.000000,2.609026e+07,1.818775e+07,1.239956e+02,1.410273e+06,8.844846e+01,,,,5
2018-04-26 11:44:09.000000,2.609024e+07,1.818745e+07,1.239956e+02,1.410273e+06,8.844846e+01,,,,5
2018-04-26 11:44:10.000000,2.609024e+07,1.818863e+07,1.239963e+02,1.410273e+06,8.844846e+01,,,,5
2018-04-26 11:44:11.000000,2.609026e+07,1.818785e+07,1.239959e+02,1.410273e+06,8.844845e+01,,,,5
2018-04-26 11:44:12.000000,2.609026e+07,1.818945e+07,1.239968e+02,1.410273e+06,8.844845e+01,,,,5
2018-04-26 11:44:13.000000,2.609026e+07,1.818782e+07,1.239959e+02,1.410273e+06,8.844845e+01,,,,5
2018-04-26 11:44:14.000000,2.609024e+07,1.818856e+07,1.239962e+02,1.410273e+06,8.844844e+01,,,,5
2018-04-26 11:44:15.000000,2.609024e+07,1.818694e+07,1.239953e+02,1.410273e+06,8.844844e+01,,,,5
2018-04-26 11:44:16.000000,2.609024e+07,1.818691e+07,1.239953e+02,1.410273e+06,8.844844e+01,,,,5
2018-04-26 11:44:17.000000,2.609026e+07,1.818688e+07,1.239952e+02,1.410273e+06,8.844843e+01,,,,5
2018-04-26 11:44:18.000000,2.609026e+07,1.818659e+07,1.239950e+02,1.410273e+06,8.844843e+01,,,,5
2018-04-26 11:44:19.000000,2.609026e+07,1.818782e+07,1.239957e+02,1.410273e+06,8.844843e+01,,,,5
2018-04-26 11:44:20.000000,2.609024e+07,1.818752e+07,1.239957e+02,1.410273e+06,8.844842e+01,,,,5
2018-04-26 11:44:21.000000,2.609024e+07,1.818869e+07,1.239963e+02,1.410273e+06,8.844842e+01,,,,5
2018-04-26 11:44:22.000000,2.609024e+07,1.818746e+07,1.239956e+02,1.410273e+06,8.844842e+01,,,,5
2018-04-26 11:44:23.000000,2.609026e+07,1.818892e+07,1.239965e+02,1.410273e+06,8.844841e+01,,,,5
2018-04-26 11:44:24.000000,2.609025e+07,1.818782e+07,1.239959e+02,1.410273e+06,8.844841e+01,,,,5
2018-04-26 11:44:25.000000,2.609024e+07,1.818808e+07,1.239959e+02,1.410273e+06,8.844841e+01,,,,5
2018-04-26 11:44:26.000000,2.609024e+07,1.818695e+07,1.239953e+02,1.410273e+06,8.844841e+01,,,,5
2018-04-26 11:44:27.000000,2.609024e+07,1.818846e+07,1.239961e+02,1.410273e+06,8.844840e+01,,,,5
2018-04-26 11:44:28.000000,2.609026e+07,1.818674e+07,1.239951e+02,1.410273e+06,8.844840e+01,,,,5
2018-04-26 11:44:29.000000,2.609025e+07,1.818809e+07,1.239958e+02,1.410273e+06,8.844840e+01,,,,5
2018-04-26 11:44:30.000000,2.609026e+07,1.818690e+07,1.239952e+02,1.410273e+06,8.844839e+01,,,,5
2018-04-26 11:44:31.000000,2.609024e+07,1.818745e+07,1.239957e+02,1.410273e+06,8.844839e+01,,,,5
2018-04-26 11:44:32.000000,2.609024e+07,1.818778e+07,1.239958e+02,1.410273e+06,8.844839e+01,,,,5
2018-04-26 11:44:33.000000,2.609024e+07,1.818743e+07,1.239956e+02,1.410273e+06,8.844838e+01,,,,5
2018-04-26 11:44:34.000000,2.609026e+07,1.818804e+07,1.239960e+02,1.410273e+06,8.844838e+01,,,,5
2018-04-26 11:44:35.000000,2.609026e+07,1.818776e+07,1.239959e+02,1.410273e+06,8.844838e+01,,,,5
2018-04-26 11:44:36.000000,2.609026e+07,1.818959e+07,1.239969e+02,1.410273e+06,8.844837e+01,,,,5
2018-04-26 11:44:37.000000,2.609024e+07,1.818702e+07,1.239953e+02,1.410273e+06,8.844837e+01,,,,5
2018-04-26 11:44:38.000000,2.609024e+07,1.818857e+07,1.239962e+02,1.410273e+06,8.844837e+01,,,,5
2018-04-26 11:44:39.000000,2.609026e+07,1.818671e+07,1.239951e+02,1.410273e+06,8.844836e+01,,,,5
2018-04-26 11:44:40.000000,2.609026e+07,1.818821e+07,1.239959e+02,1.410273e+06,8.844836e+01,,,,5
2018-04-26 11:44:41.000000,2.609026e+07,1.818693e+07,1.239952e+02,1.410273e+06,8.844836e+01,,,,5
2018-04-26 11:44:42.000000,2.609024e+07,1.818902e+07,1.239965e+02,1.410273e+06,8.844835e+01,,,,5
2018-04-26 11:44:43.000000,2.609024e+07,1.818789e+07,1.239959e+02,1.410273e+06,8.844835e+01,,,,5
2018-04-26 11:44:44.000000,2.609024e+07,1.818750e+07,1.239957e+02,1.410273e+06,8.844835e+01,,,,5
2018-04-26 11:44:45.000000,2.609026e+07,1.818807e+07,1.239961e+02,1.410273e+06,8.844834e+01,,,,5
2018-04-26 11:44:46.000000,2.609026e+07,1.818777e+07,1.239959e+02,1.410273e+06,8.844834e+01,,,,5
2018-04-26 11:44:47.000000,2.609026e+07,1.818903e+07,1.239966e+02,1.410273e+06,8.844834e+01,,,,5
2018-04-26 11:44:48.000000,2.609024e+07,1.818701e+07,1.239953e+02,1.410273e+06,8.844833e+01,,,,5
2018-04-26 11:44:49.000000,2.609024e+07,1.818806e+07,1.239959e+02,1.410273e+06,8.844833e+01,,,,5
2018-04-26 11:44:50.000000,2.609024e+07,1.818686e+07,1.239952e+02,1.410273e+06,8.844833e+01,,,,5
2018-04-26 11:44:51.000000,2.609026e+07,1.818768e+07,1.239956e+02,1.410273e+06,8.844832e+01,,,,5
2018-04-26 11:44:52.000000,2.609026e+07,1.818658e+07,1.239950e+02,1.410273e+06,8.844832e+01,,,,5
2018-04-26 11:44:53.000000,2.609024e+07,1.818846e+07,1.239962e+02,1.410273e+06,8.844832e+01,,,,5
2018-04-26 11:44:54.000000,2.609024e+07,1.818754e+07,1.239957e+02,1.410273e+06,8.844832e+01,,,,5
2018-04-26 11:44:55.000000,2.609024e+07,1.818751e+07,1.239957e+02,1.410273e+06,8.844831e+01,,,,5
2018-04-26 11:44:56.000000,2.609026e+07,1.818774e+07,1.239959e+02,1.410273e+06,8.844831e+01,,,,5
2018-04-26 11:44:57.000000,2.609026e+07,1.818782e+07,1.239959e+02,1.410273e+06,8.844831e+01,,,,5
2018-04-26 11:44:58.000000,2.609025e+07,1.818808e+07,1.239960e+02,1.410273e+06,8.844830e+01,,,,5
2018-04-26 11:44:59.000000,2.609024e+07,1.818701e+07,1.239954e+02,1.410273e+06,8.844830e+01,,,,5
2018-04-26 11:45:00.000000,2.609024e+07,1.818807e+07,1.239959e+02,1.410273e+06,8.844830e+01,,,,5
2018-04-26 11:45:01.000000,2.609024e+07,1.818682e+07,1.239952e+02,1.410273e+06,8.844829e+01,,,,5
2018-04-26 11:45:02.000000,2.609026e+07,1.818775e+07,1.239957e+02,1.410273e+06,8.844829e+01,,,,5
2018-04-26 11:45:03.000000,2.609026e+07,1.818655e+07,1.239950e+02,1.410273e+06,8.844829e+01,,,,5
2018-04-26 11:45:04.000000,2.609024e+07,1.818851e+07,1.239962e+02,1.410273e+06,8.844828e+01,,,,5
2018-04-26 11:45:05.000000,2.609024e+07,1.818757e+07,1.239957e+02,1.410273e+06,8.844828e+01,,,,5
2018-04-26 11:45:06.000000,2.609024e+07,1.818918e+07,1.239966e+02,1.410273e+06,8.844828e+01,,,,5
2018-04-26 11:45:07.000000,2.609025e+07,1.818792e+07,1.239960e+02,1.410273e+06,8.844827e+01,,,,5
2018-04-26 11:45:08.000000,2.609026e+07,1.818943e+07,1.239967e+02,1.410273e+06,8.844827e+01,,,,5
2018-04-26 11:45:09.000000,2.609026e+07,1.818816e+07,1.239961e+02,1.410273e+06,8.844827e+01,,,,5
2018-04-26 11:45:10.000000,2.609024e+07,1.818847e+07,1.239961e+02,1.410273e+06,8.844826e+01,,,,5
2018-04-26 11:45:11.000000,2.609024e+07,1.818727e+07,1.239954e+02,1.410273e+06,8.844826e+01,,,,5
2018-04-26 11:45:12.000000,2.609024e+07,1.818684e+07,1.239952e+02,1.410273e+06,8.844826e+01,,,,5
2018-04-26 11:45:13.000000,2.609026e+07,1.818687e+07,1.239952e+02,1.410273e+06,8.844825e+01,,,,5
2018-04-26 11:45:14.000000,2.609026e+07,1.818654e+07,1.239950e+02,1.410273e+06,8.844825e+01,,,,5
2018-04-26 11:45:15.000000,2.609026e+07,1.818774e+07,1.239956e+02,1.410273e+06,8.844825e+01,,,,5
2018-04-26 11:45:16.000000,2.609024e+07,1.818745e+07,1.239956e+02,1.410273e+06,8.844824e+01,,,,5
2018-04-26 11:45:17.000000,2.609024e+07,1.818863e+07,1.239963e+02,1.410273e+06,8.844824e+01,,,,5
2018-04-26 11:45:18.000000,2.609026e+07,1.818785e+07,1.239959e+02,1.410273e+06,8.844824e+01,,,,5
2018-04-26 11:45:19.000000,2.609026e+07,1.818944e+07,1.239967e+02,1.410273e+06,8.844824e+01,,,,5
2018-04-26 11:45:20.000000,2.609026e+07,1.818782e+07,1.239959e+02,1.410273e+06,8.844823e+01,,,,5
2018-04-26 11:45:21.000000,2.609024e+07,1.818856e+07,1.239962e+02,1.410273e+06,8.844823e+01,,,,5
2018-04-26 11:45:22.000000,2.609024e+07,1.818696e+07,1.239953e+02,1.410273e+06,8.844823e+01,,,,5
2018-04-26 11:45:23.000000,2.609024e+07,1.818691e+07,1.239953e+02,1.410273e+06,8.844822e+01,,,,5
2018-04-26 11:45:24.000000,2.609026e+07,1.818688e+07,1.239952e+02,1.410273e+06,8.844822e+01,,,,5
2018-04-26 11:45:25.000000,2.609026e+07,1.818659e+07,1.239950e+02,1.410273e+06,8.844822e+01,,,,5
2018-04-26 11:45:26.000000,2.609025e+07,1.818782e+07,1.239957e+02,1.410273e+06,8.844821e+01,,,,5
2018-04-26 11:45:27.000000,2.609024e+07,1.818751e+07,1.239957e+02,1.410273e+06,8.844821e+01,,,,5
2018-04-26 11:45:28.000000,2.609024e+07,1.818869e+07,1.239963e+02,1.410273e+06,8.844821e+01,,,,5
2018-04-26 11:45:29.000000,2.609024e+07,1.818747e+07,1.239956e+02,1.410273e+06,8.844820e+01,,,,5
2018-04-26 11:45:30.000000,2.609026e+07,1.818892e+07,1.239964e+02,1.410273e+06,8.844820e+01,,,,5
2018-04-26 11:45:31.000000,2.609025e+07,1.818782e+07,1.239959e+02,1.410273e+06,8.844820e+01,,,,5
2018-04-26 11:45:32.000000,2.609024e+07,1.818807e+07,1.239959e+02,1.410273e+06,8.844819e+01,,,,5
2018-04-26 11:45:33.000000,2.609024e+07,1.818695e+07,1.239953e+02,1.410273e+06,8.844819e+01,,,,5
2018-04-26 11:45:34.000000,2.609024e+07,1.818846e+07,1.239961e+02,1.410273e+06,8.844819e+01,,,,5
2018-04-26 11:45:35.000000,2.609026e+07,1.818674e+07,1.239951e+02,1.410273e+06,8.844818e+01,,,,5
2018-04-26 11:45:36.000000,2.609025e+07,1.818807e+07,1.239958e+02,1.410273e+06,8.844818e+01,,,,5
2018-04-26 11:45:37.000000,2.609026e+07,1.818690e+07,1.239952e+02,1.410273e+06,8.844818e+01,,,,5
2018-04-26 11:45:38.000000,2.609024e+07,1.818744e+07,1.239957e+02,1.410273e+06,8.844817e+01,,,,5
2018-04-26 11:45:39.000000,2.609024e+07,1.818777e+07,1.239958e+02,1.410273e+06,8.844817e+01,,,,5
2018-04-26 11:45:40.000000,2.609024e+07,1.818743e+07,1.239956e+02,1.410273e+06,8.844817e+01,,,,5
2018-04-26 11:45:41.000000,2.609025e+07,1.818804e+07,1.239960e+02,1.410273e+06,8.844817e+01,,,,5
2018-04-26 11:45:42.000000,2.609026e+07,1.818777e+07,1.239959e+02,1.410273e+06,8.844816e+01,,,,5
2018-04-26 11:45:43.000000,2.609026e+07,1.818959e+07,1.239968e+02,1.410273e+06,8.844816e+01,,,,5
2018-04-26 11:45:44.000000,2.609024e+07,1.818702e+07,1.239953e+02,1.410273e+06,8.844816e+01,,,,5
2018-04-26 11:45:45.000000,2.609024e+07,1.818857e+07,1.239962e+02,1.410273e+06,8.844815e+01,,,,5
2018-04-26 11:45:46.000000,2.609026e+07,1.818673e+07,1.239951e+02,1.410273e+06,8.844815e+01,,,,5
2018-04-26 11:45:47.000000,2.609026e+07,1.818766e+07,1.239956e+02,1.410273e+06,8.844815e+01,,,,5
2018-04-26 11:45:48.000000,2.609026e+07,1.818658e+07,1.239950e+02,1.410273e+06,8.844814e+01,,,,5
2018-04-26 11:45:49.000000,2.609024e+07,1.818846e+07,1.239962e+02,1.410273e+06,8.844814e+01,,,,5
2018-04-26 11:45:50.000000,2.609024e+07,1.818754e+07,1.239956e+02,1.410273e+06,8.844814e+01,,,,5
2018-04-26 11:45:51.000000,2.609024e+07,1.818751e+07,1.239957e+02,1.410273e+06,8.844813e+01,,,,5
2018-04-26 11:45:52.000000,2.609026e+07,1.818774e+07,1.239959e+02,1.410273e+06,8.844813e+01,,,,5
2018-04-26 11:45:53.000000,2.609026e+07,1.818782e+07,1.239959e+02,1.410273e+06,8.844813e+01,,,,5
2018-04-26 11:45:54.000000,2.609026e+07,1.818809e+07,1.239960e+02,1.410273e+06,8.844812e+01,,,,5
2018-04-26 11:45:55.000000,2.609024e+07,1.818701e+07,1.239954e+02,1.410273e+06,8.844812e+01,,,,5
2018-04-26 11:45:56.000000,2.609024e+07,1.818807e+07,1.239959e+02,1.410273e+06,8.844812e+01,,,,5
2018-04-26 11:45:57.000000,2.609024e+07,1.818681e+07,1.239952e+02,1.410273e+06,8.844812e+01,,,,5
2018-04-26 11:45:58.000000,2.609026e+07,1.818775e+07,1.239957e+02,1.410273e+06,8.844811e+01,,,,5
2018-04-26 11:45:59.000000,2.609026e+07,1.818656e+07,1.239950e+02,1.410273e+06,8.844811e+01,,,,5
2018-04-26 11:46:00.000000,2.609024e+07,1.818853e+07,1.239962e+02,1.410273e+06,8.844811e+01,,,,5
2018-04-26 11:46:01.000000,2.609024e+07,1.818755e+07,1.239957e+02,1.410273e+06,8.844810e+01,,,,5
2018-04-26 11:46:02.000000,2.609024e+07,1.818918e+07,1.239966e+02,1.410273e+06,8.844810e+01,,,,5
2018-04-26 11:46:03.000000,2.609025e+07,1.818792e+07,1.239960e+02,1.410273e+06,8.844810e+01,,,,5
2018-04-26 11:46:04.000000,2.609026e+07,1.818945e+07,1.239967e+02,1.410273e+06,8.844809e+01,,,,5
2018-04-26 11:46:05.000000,2.609026e+07,1.818816e+07,1.239961e+02,1.410273e+06,8.844809e+01,,,,5
2018-04-26 11:46:06.000000,2.609024e+07,1.818847e+07,1.239961e+02,1.410273e+06,8.844809e+01,,,,5
2018-04-26 11:46:07.000000,2.609024e+07,1.818726e+07,1.239954e+02,1.410273e+06,8.844808e+01,,,,5
2018-04-26 11:46:08.000000,2.609024e+07,1.818683e+07,1.239952e+02,1.410273e+06,8.844808e+01,,,,5
2018-04-26 11:46:09.000000,2.609026e+07,1.818687e+07,1.239951e+02,1.410273e+06,8.844808e+01,,,,5
2018-04-26 11:46:10.000000,2.609026e+07,1.818654e+07,1.239950e+02,1.410273e+06,8.844807e+01,,,,5
2018-04-26 11:46:11.000000,2.609026e+07,1.818775e+07,1.239956e+02,1.410273e+06,8.844807e+01,,,,5
2018-04-26 11:46:12.000000,2.609024e+07,1.818745e+07,1.239956e+02,1.410273e+06,8.844807e+01,,,,5
2018-04-26 11:46:13.000000,2.609024e+07,1.818863e+07,1.239963e+02,1.410273e+06,8.844806e+01,,,,5
2018-04-26 11:46:14.000000,2.609026e+07,1.818785e+07,1.239959e+02,1.410273e+06,8.844806e+01,,,,5
2018-04-26 11:46:15.000000,2.609026e+07,1.818946e+07,1.239967e+02,1.410273e+06,8.844806e+01,,,,5
2018-04-26 11:46:16.000000,2.609026e+07,1.818782e+07,1.239959e+02,1.410273e+06,8.844806e+01,,,,5
2018-04-26 11:46:17.000000,2.609024e+07,1.818857e+07,1.239962e+02,1.410273e+06,8.844805e+01,,,,5
2018-04-26 11:46:18.000000,2.609024e+07,1.818694e+07,1.239953e+02,1.410273e+06,8.844805e+01,,,,5
2018-04-26 11:46:19.000000,2.609024e+07,1.818691e+07,1.239953e+02,1.410273e+06,8.844805e+01,,,,5
2018-04-26 11:46:20.000000,2.609026e+07,1.818688e+07,1.239951e+02,1.410273e+06,8.844804e+01,,,,5
2018-04-26 11:46:21.000000,2.609026e+07,1.818659e+07,1.239950e+02,1.410273e+06,8.844804e+01,,,,5
2018-04-26 11:46:22.000000,2.609026e+07,1.818782e+07,1.239957e+02,1.410273e+06,8.844804e+01,,,,5
2018-04-26 11:46:23.000000,2.609024e+07,1.818752e+07,1.239957e+02,1.410273e+06,8.844803e+01,,,,5
2018-04-26 11:46:24.000000,2.609024e+07,1.818871e+07,1.239963e+02,1.410273e+06,8.844803e+01,,,,5
2018-04-26 11:46:25.000000,2.609024e+07,1.818746e+07,1.239956e+02,1.410273e+06,8.844803e+01,,,,5
2018-04-26 11:46:26.000000,2.609026e+07,1.818892e+07,1.239964e+02,1.410273e+06,8.844802e+01,,,,5
2018-04-26 11:46:27.000000,2.609025e+07,1.818782e+07,1.239959e+02,1.410273e+06,8.844802e+01,,,,5
2018-04-26 11:46:28.000000,2.609024e+07,1.818808e+07,1.239959e+02,1.410273e+06,8.844802e+01,,,,5
2018-04-26 11:46:29.000000,2.609024e+07,1.818695e+07,1.239953e+02,1.410273e+06,8.844801e+01,,,,5
2018-04-26 11:46:30.000000,2.609024e+07,1.818846e+07,1.239961e+02,1.410273e+06,8.844801e+01,,,,5
2018-04-26 11:46:31.000000,2.609026e+07,1.818672e+07,1.239951e+02,1.410273e+06,8.844801e+01,,,,5
2018-04-26 11:46:32.000000,2.609025e+07,1.818809e+07,1.239958e+02,1.410273e+06,8.844800e+01,,,,5
2018-04-26 11:46:33.000000,2.609026e+07,1.818690e+07,1.239951e+02,1.410273e+06,8.844800e+01,,,,5
2018-04-26 11:46:34.000000,2.609024e+07,1.818746e+07,1.239956e+02,1.410273e+06,8.844800e+01,,,,5
2018-04-26 11:46:35.000000,2.609024e+07,1.818778e+07,1.239958e+02,1.410273e+06,8.844800e+01,,,,5
2018-04-26 11:46:36.000000,2.609024e+07,1.818743e+07,1.239956e+02,1.410273e+06,8.844799e+01,,,,5
2018-04-26 11:46:37.000000,2.609026e+07,1.818804e+07,1.239960e+02,1.410273e+06,8.844799e+01,,,,5
2018-04-26 11:46:38.000000,2.609026e+07,1.818776e+07,1.239959e+02,1.410273e+06,8.844799e+01,,,,5
2018-04-26 11:46:39.000000,2.609024e+07,1.818809e+07,1.239959e+02,1.410273e+06,8.844798e+01,,,,5
2018-04-26 11:46:40.000000,2.609024e+07,1.818692e+07,1.239953e+02,1.410273e+06,8.844798e+01,,,,5
2018-04-26 11:46:41.000000,2.609024e+07,1.818859e+07,1.239962e+02,1.410273e+06,8.844798e+01,,,,5
2018-04-26 11:46:42.000000,2.609026e+07,1.818672e+07,1.239951e+02,1.410273e+06,8.844797e+01,,,,5
2018-04-26 11:46:43.000000,2.609026e+07,1.818822e+07,1.239958e+02,1.410273e+06,8.844797e+01,,,,5
2018-04-26 11:46:44.000000,2.609026e+07,1.818693e+07,1.239951e+02,1.410273e+06,8.844797e+01,,,,5
2018-04-26 11:46:45.000000,2.609024e+07,1.818902e+07,1.239965e+02,1.410273e+06,8.844796e+01,,,,5
2018-04-26 11:46:46.000000,2.609024e+07,1.818789e+07,1.239959e+02,1.410273e+06,8.844796e+01,,,,5
2018-04-26 11:46:47.000000,2.609024e+07,1.818750e+07,1.239957e+02,1.410273e+06,8.844796e+01,,,,5
2018-04-26 11:46:48.000000,2.609026e+07,1.818808e+07,1.239960e+02,1.410273e+06,8.844795e+01,,,,5
2018-04-26 11:46:49.000000,2.609026e+07,1.818777e+07,1.239959e+02,1.410273e+06,8.844795e+01,,,,5
2018-04-26 11:46:50.000000,2.609026e+07,1.818903e+07,1.239965e+02,1.410273e+06,8.844795e+01,,,,5
2018-04-26 11:46:51.000000,2.609024e+07,1.818700e+07,1.239953e+02,1.410273e+06,8.844795e+01,,,,5
2018-04-26 11:46:52.000000,2.609024e+07,1.818806e+07,1.239959e+02,1.410273e+06,8.844794e+01,,,,5
2018-04-26 11:46:53.000000,2.609026e+07,1.818670e+07,1.239951e+02,1.410273e+06,8.844794e+01,,,,5
2018-04-26 11:46:54.000000,2.609026e+07,1.818765e+07,1.239955e+02,1.410273e+06,8.844794e+01,,,,5
2018-04-26 11:46:55.000000,2.609026e+07,1.818658e+07,1.239950e+02,1.410273e+06,8.844793e+01,,,,5
2018-04-26 11:46:56.000000,2.609024e+07,1.818846e+07,1.239962e+02,1.410273e+06,8.844793e+01,,,,5
2018-04-26 11:46:57.000000,2.609024e+07,1.818754e+07,1.239957e+02,1.410273e+06,8.844793e+01,,,,5
2018-04-26 11:46:58.000000,2.609024e+07,1.818751e+07,1.239957e+02,1.410273e+06,8.844792e+01,,,,5
2018-04-26 11:46:59.000000,2.609026e+07,1.818774e+07,1.239959e+02,1.410273e+06,8.844792e+01,,,,5
2018-04-26 11:47:00.000000,2.609026e+07,1.818782e+07,1.239959e+02,1.410273e+06,8.844792e+01,,,,5
2018-04-26 11:47:01.000000,2.609026e+07,1.818808e+07,1.239960e+02,1.410273e+06,8.844791e+01,,,,5
2018-04-26 11:47:02.000000,2.609024e+07,1.818701e+07,1.239954e+02,1.410273e+06,8.844791e+01,,,,5
2018-04-26 11:47:03.000000,2.609024e+07,1.818807e+07,1.239959e+02,1.410273e+06,8.844791e+01,,,,5
2018-04-26 11:47:04.000000,2.609024e+07,1.818682e+07,1.239952e+02,1.410273e+06,8.844790e+01,,,,5
2018-04-26 11:47:05.000000,2.609026e+07,1.818775e+07,1.239957e+02,1.410273e+06,8.844790e+01,,,,5
2018-04-26 11:47:06.000000,2.609026e+07,1.818655e+07,1.239950e+02,1.410273e+06,8.844790e+01,,,,5
2018-04-26 11:47:07.000000,2.609024e+07,1.818851e+07,1.239962e+02,1.410273e+06,8.844790e+01,,,,5
2018-04-26 11:47:08.000000,2.609024e+07,1.818756e+07,1.239957e+02,1.410273e+06,8.844789e+01,,,,5
2018-04-26 11:47:09.000000,2.609024e+07,1.818918e+07,1.239966e+02,1.410273e+06,8.844789e+01,,,,5
2018-04-26 11:47:10.000000,2.609025e+07,1.818792e+07,1.239960e+02,1.410273e+06,8.844789e+01,,,,5
2018-04-26 11:47:11.000000,2.609026e+07,1.818943e+07,1.239967e+02,1.410273e+06,8.844788e+01,,,,5
2018-04-26 11:47:12.000000,2.609026e+07,1.818816e+07,1.239960e+02,1.410273e+06,8.844788e+01,,,,5
2018-04-26 11:47:13.000000,2.609024e+07,1.818847e+07,1.239961e+02,1.410273e+06,8.844788e+01,,,,5
2018-04-26 11:47:14.000000,2.609024e+07,1.818727e+07,1.239954e+02,1.410273e+06,8.844787e+01,,,,5
2018-04-26 11:47:15.000000,2.609024e+07,1.818683e+07,1.239952e+02,1.410273e+06,8.844787e+01,,,,5
2018-04-26 11:47:16.000000,2.609026e+07,1.818687e+07,1.239951e+02,1.410273e+06,8.844787e+01,,,,5
2018-04-26 11:47:17.000000,2.609026e+07,1.818654e+07,1.239950e+02,1.410273e+06,8.844786e+01,,,,5
2018-04-26 11:47:18.000000,2.609026e+07,1.818774e+07,1.239956e+02,1.410273e+06,8.844786e+01,,,,5
2018-04-26 11:47:19.000000,2.609024e+07,1.818745e+07,1.239956e+02,1.410273e+06,8.844786e+01,,,,5
2018-04-26 11:47:20.000000,2.609024e+07,1.818863e+07,1.239963e+02,1.410273e+06,8.844786e+01,,,,5
2018-04-26 11:47:21.000000,2.609026e+07,1.818785e+07,1.239959e+02,1.410273e+06,8.844785e+01,,,,5
2018-04-26 11:47:22.000000,2.609026e+07,1.818945e+07,1.239967e+02,1.410273e+06,8.844785e+01,,,,5
2018-04-26 11:47:23.000000,2.609026e+07,1.818782e+07,1.239958e+02,1.410273e+06,8.844785e+01,,,,5
2018-04-26 11:47:24.000000,2.609024e+07,1.818856e+07,1.239962e+02,1.410273e+06,8.844784e+01,,,,5
2018-04-26 11:47:25.000000,2.609024e+07,1.818694e+07,1.239953e+02,1.410273e+06,8.844784e+01,,,,5
2018-04-26 11:47:26.000000,2.609024e+07,1.818691e+07,1.239953e+02,1.410273e+06,8.844784e+01,,,,5
2018-04-26 11:47:27.000000,2.609026e+07,1.818688e+07,1.239951e+02,1.410273e+06,8.844783e+01,,,,5
2018-04-26 11:47:28.000000,2.609026e+07,1.818659e+07,1.239950e+02,1.410273e+06,8.844783e+01,,,,5
2018-04-26 11:47:29.000000,2.609026e+07,1.818782e+07,1.239957e+02,1.410273e+06,8.844783e+01,,,,5
2018-04-26 11:47:30.000000,2.609024e+07,1.818752e+07,1.239957e+02,1.410273e+06,8.844782e+01,,,,5
2018-04-26 11:47:31.000000,2.609024e+07,1.818869e+07,1.239963e+02,1.410273e+06,8.844782e+01,,,,5
2018-04-26 11:47:32.000000,2.609024e+07,1.818746e+07,1.239956e+02,1.410273e+06,8.844782e+01,,,,5
2018-04-26 11:47:33.000000,2.609026e+07,1.818892e+07,1.239964e+02,1.410273e+06,8.844781e+01,,,,5
2018-04-26 11:47:34.000000,2.609025e+07,1.818782e+07,1.239959e+02,1.410273e+06,8.844781e+01,,,,5
2018-04-26 11:47:35.000000,2.609024e+07,1.818808e+07,1.239959e+02,1.410273e+06,8.844781e+01,,,,5
2018-04-26 11:47:36.000000,2.609024e+07,1.818695e+07,1.239953e+02,1.410273e+06,8.844781e+01,,,,5
2018-04-26 11:47:37.000000,2.609024e+07,1.818846e+07,1.239961e+02,1.410273e+06,8.844780e+01,,,,5
2018-04-26 11:47:38.000000,2.609026e+07,1.818674e+07,1.239951e+02,1.410273e+06,8.844780e+01,,,,5
2018-04-26 11:47:39.000000,2.609025e+07,1.818809e+07,1.239957e+02,1.410273e+06,8.844780e+01,,,,5
2018-04-26 11:47:40.000000,2.609026e+07,1.818690e+07,1.239951e+02,1.410273e+06,8.844779e+01,,,,5
2018-04-26 11:47:41.000000,2.609024e+07,1.818745e+07,1.239956e+02,1.410272e+06,8.844779e+01,,,,5
2018-04-26 11:47:42.000000,2.609024e+07,1.818778e+07,1.239958e+02,1.410272e+06,8.844779e+01,,,,5
2018-04-26 11:47:43.000000,2.609024e+07,1.818743e+07,1.239956e+02,1.410272e+06,8.844778e+01,,,,5
2018-04-26 11:47:44.000000,2.609025e+07,1.818804e+07,1.239960e+02,1.410272e+06,8.844778e+01,,,,5
2018-04-26 11:47:45.000000,2.609026e+07,1.818777e+07,1.239959e+02,1.410272e+06,8.844778e+01,,,,5
2018-04-26 11:47:46.000000,2.609026e+07,1.818959e+07,1.239968e+02,1.410272e+06,8.844777e+01,,,,5
2018-04-26 11:47:47.000000,2.609024e+07,1.818702e+07,1.239953e+02,1.410272e+06,8.844777e+01,,,,5
2018-04-26 11:47:48.000000,2.609024e+07,1.818857e+07,1.239962e+02,1.410272e+06,8.844777e+01,,,,5
2018-04-26 11:47:49.000000,2.609026e+07,1.818671e+07,1.239950e+02,1.410272e+06,8.844777e+01,,,,5
2018-04-26 11:47:50.000000,2.609026e+07,1.818821e+07,1.239958e+02,1.410272e+06,8.844776e+01,,,,5
2018-04-26 11:47:51.000000,2.609026e+07,1.818693e+07,1.239951e+02,1.410272e+06,8.844776e+01,,,,5
2018-04-26 11:47:52.000000,2.609024e+07,1.818902e+07,1.239965e+02,1.410272e+06,8.844776e+01,,,,5
2018-04-26 11:47:53.000000,2.609024e+07,1.818789e+07,1.239959e+02,1.410272e+06,8.844775e+01,,,,5
2018-04-26 11:47:54.000000,2.609024e+07,1.818750e+07,1.239956e+02,1.410272e+06,8.844775e+01,,,,5
2018-04-26 11:47:55.000000,2.609026e+07,1.818807e+07,1.239960e+02,1.410272e+06,8.844775e+01,,,,5
2018-04-26 11:47:56.000000,2.609026e+07,1.818777e+07,1.239959e+02,1.410272e+06,8.844774e+01,,,,5
2018-04-26 11:47:57.000000,2.609026e+07,1.818903e+07,1.239965e+02,1.410272e+06,8.844774e+01,,,,5
2018-04-26 11:47:58.000000,2.609024e+07,1.818701e+07,1.239953e+02,1.410272e+06,8.844774e+01,,,,5
2018-04-26 11:47:59.000000,2.609024e+07,1.818806e+07,1.239959e+02,1.410272e+06,8.844773e+01,,,,5
2018-04-26 11:48:00.000000,2.609024e+07,1.818686e+07,1.239952e+02,1.410272e+06,8.844773e+01,,,,5
2018-04-26 11:48:01.000000,2.609026e+07,1.818768e+07,1.239956e+02,1.410272e+06,8.844773e+01,,,,5
2018-04-26 11:48:02.000000,2.609026e+07,1.818659e+07,1.239950e+02,1.410272e+06,8.844773e+01,,,,5
2018-04-26 11:48:03.000000,2.609024e+07,1.818846e+07,1.239961e+02,1.410272e+06,8.844772e+01,,,,5
2018-04-26 11:48:04.000000,2.609024e+07,1.818754e+07,1.239956e+02,1.410272e+06,8.844772e+01,,,,5
2018-04-26 11:48:05.000000,2.609024e+07,1.818750e+07,1.239957e+02,1.410272e+06,8.844772e+01,,,,5
2018-04-26 11:48:06.000000,2.609026e+07,1.818774e+07,1.239958e+02,1.410272e+06,8.844771e+01,,,,5
2018-04-26 11:48:07.000000,2.609026e+07,1.818782e+07,1.239959e+02,1.410272e+06,8.844771e+01,,,,5
2018-04-26 11:48:08.000000,2.609025e+07,1.818808e+07,1.239960e+02,1.410272e+06,8.844771e+01,,,,5
2018-04-26 11:48:09.000000,2.609024e+07,1.818701e+07,1.239954e+02,1.410272e+06,8.844770e+01,,,,5
2018-04-26 11:48:10.000000,2.609024e+07,1.818807e+07,1.239959e+02,1.410272e+06,8.844770e+01,,,,5
2018-04-26 11:48:11.000000,2.609024e+07,1.818682e+07,1.239952e+02,1.410272e+06,8.844770e+01,,,,5
2018-04-26 11:48:12.000000,2.609025e+07,1.818775e+07,1.239956e+02,1.410272e+06,8.844769e+01,,,,5
2018-04-26 11:48:13.000000,2.609026e+07,1.818655e+07,1.239949e+02,1.410272e+06,8.844769e+01,,,,5
2018-04-26 11:48:14.000000,2.609026e+07,1.818835e+07,1.239959e+02,1.410272e+06,8.844769e+01,,,,5
2018-04-26 11:48:15.000000,2.609024e+07,1.818753e+07,1.239956e+02,1.410272e+06,8.844769e+01,,,,5
2018-04-26 11:48:16.000000,2.609024e+07,1.818918e+07,1.239966e+02,1.410272e+06,8.844768e+01,,,,5
2018-04-26 11:48:17.000000,2.609025e+07,1.818792e+07,1.239960e+02,1.410272e+06,8.844768e+01,,,,5
2018-04-26 11:48:18.000000,2.609026e+07,1.818943e+07,1.239967e+02,1.410272e+06,8.844768e+01,,,,5
2018-04-26 11:48:19.000000,2.609026e+07,1.818817e+07,1.239960e+02,1.410272e+06,8.844767e+01,,,,5
2018-04-26 11:48:20.000000,2.609024e+07,1.818847e+07,1.239961e+02,1.410272e+06,8.844767e+01,,,,5
2018-04-26 11:48:21.000000,2.609024e+07,1.818727e+07,1.239954e+02,1.410272e+06,8.844767e+01,,,,5
2018-04-26 11:48:22.000000,2.609024e+07,1.818684e+07,1.239952e+02,1.410272e+06,8.844766e+01,,,,5
2018-04-26 11:48:23.000000,2.609026e+07,1.818687e+07,1.239951e+02,1.410272e+06,8.844766e+01,,,,5
2018-04-26 11:48:24.000000,2.609026e+07,1.818654e+07,1.239950e+02,1.410272e+06,8.844766e+01,,,,5
2018-04-26 11:48:25.000000,2.609026e+07,1.818774e+07,1.239956e+02,1.410272e+06,8.844766e+01,,,,5
2018-04-26 11:48:26.000000,2.609024e+07,1.818745e+07,1.239956e+02,1.410272e+06,8.844765e+01,,,,5
2018-04-26 11:48:27.000000,2.609024e+07,1.818863e+07,1.239962e+02,1.410272e+06,8.844765e+01,,,,5
2018-04-26 11:48:28.000000,2.609026e+07,1.818785e+07,1.239958e+02,1.410272e+06,8.844765e+01,,,,5
2018-04-26 11:48:29.000000,2.609026e+07,1.818944e+07,1.239967e+02,1.410272e+06,8.844764e+01,,,,5
2018-04-26 11:48:30.000000,2.609026e+07,1.818782e+07,1.239958e+02,1.410272e+06,8.844764e+01,,,,5
2018-04-26 11:48:31.000000,2.609024e+07,1.818856e+07,1.239962e+02,1.410272e+06,8.844764e+01,,,,5
2018-04-26 11:48:32.000000,2.609024e+07,1.818696e+07,1.239953e+02,1.410272e+06,8.844763e+01,,,,5
2018-04-26 11:48:33.000000,2.609024e+07,1.818691e+07,1.239953e+02,1.410272e+06,8.844763e+01,,,,5
2018-04-26 11:48:34.000000,2.609026e+07,1.818688e+07,1.239951e+02,1.410272e+06,8.844763e+01,,,,5
2018-04-26 11:48:35.000000,2.609026e+07,1.818659e+07,1.239950e+02,1.410272e+06,8.844762e+01,,,,5
2018-04-26 11:48:36.000000,2.609025e+07,1.818780e+07,1.239956e+02,1.410272e+06,8.844762e+01,,,,5
2018-04-26 11:48:37.000000,2.609024e+07,1.818751e+07,1.239956e+02,1.410272e+06,8.844762e+01,,,,5
2018-04-26 11:48:38.000000,2.609024e+07,1.818869e+07,1.239963e+02,1.410272e+06,8.844762e+01,,,,5
2018-04-26 11:48:39.000000,2.609024e+07,1.818747e+07,1.239956e+02,1.410272e+06,8.844761e+01,,,,5
2018-04-26 11:48:40.000000,2.609026e+07,1.818892e+07,1.239964e+02,1.410272e+06,8.844761e+01,,,,5
2018-04-26 11:48:41.000000,2.609025e+07,1.818782e+07,1.239958e+02,1.410272e+06,8.844761e+01,,,,5
2018-04-26 11:48:42.000000,2.609024e+07,1.818807e+07,1.239959e+02,1.410272e+06,8.844760e+01,,,,5
2018-04-26 11:48:43.000000,2.609024e+07,1.818695e+07,1.239953e+02,1.410272e+06,8.844760e+01,,,,5
2018-04-26 11:48:44.000000,2.609024e+07,1.818846e+07,1.239961e+02,1.410272e+06,8.844760e+01,,,,5
2018-04-26 11:48:45.000000,2.609026e+07,1.818674e+07,1.239951e+02,1.410272e+06,8.844759e+01,,,,5
2018-04-26 11:48:46.000000,2.609025e+07,1.818807e+07,1.239957e+02,1.410272e+06,8.844759e+01,,,,5
2018-04-26 11:48:47.000000,2.609026e+07,1.818690e+07,1.239951e+02,1.410272e+06,8.844759e+01,,,,5
2018-04-26 11:48:48.000000,2.609024e+07,1.818744e+07,1.239956e+02,1.410272e+06,8.844758e+01,,,,5
2018-04-26 11:48:49.000000,2.609024e+07,1.818777e+07,1.239958e+02,1.410272e+06,8.844758e+01,,,,5
2018-04-26 11:48:50.000000,2.609024e+07,1.818743e+07,1.239956e+02,1.410272e+06,8.844758e+01,,,,5
2018-04-26 11:48:51.000000,2.609025e+07,1.818804e+07,1.239960e+02,1.410272e+06,8.844758e+01,,,,5
2018-04-26 11:48:52.000000,2.609026e+07,1.818777e+07,1.239958e+02,1.410272e+06,8.844757e+01,,,,5
2018-04-26 11:48:53.000000,2.609026e+07,1.818956e+07,1.239968e+02,1.410272e+06,8.844757e+01,,,,5
2018-04-26 11:48:54.000000,2.609024e+07,1.818702e+07,1.239953e+02,1.410272e+06,8.844757e+01,,,,5
2018-04-26 11:48:55.000000,2.609024e+07,1.818857e+07,1.239962e+02,1.410272e+06,8.844756e+01,,,,5
2018-04-26 11:48:56.000000,2.609026e+07,1.818673e+07,1.239950e+02,1.410272e+06,8.844756e+01,,,,5
2018-04-26 11:48:57.000000,2.609026e+07,1.818820e+07,1.239958e+02,1.410272e+06,8.844756e+01,,,,5
2018-04-26 11:48:58.000000,2.609026e+07,1.818693e+07,1.239951e+02,1.410272e+06,8.844755e+01,,,,5
2018-04-26 11:48:59.000000,2.609024e+07,1.818900e+07,1.239964e+02,1.410272e+06,8.844755e+01,,,,5
2018-04-26 11:49:00.000000,2.609024e+07,1.818789e+07,1.239959e+02,1.410272e+06,8.844755e+01,,,,5
2018-04-26 11:49:01.000000,2.609024e+07,1.818749e+07,1.239956e+02,1.410272e+06,8.844755e+01,,,,5
2018-04-26 11:49:02.000000,2.609026e+07,1.818807e+07,1.239960e+02,1.410272e+06,8.844754e+01,,,,5
2018-04-26 11:49:03.000000,2.609026e+07,1.818777e+07,1.239958e+02,1.410272e+06,8.844754e+01,,,,5
2018-04-26 11:49:04.000000,2.609026e+07,1.818903e+07,1.239965e+02,1.410272e+06,8.844754e+01,,,,5
2018-04-26 11:49:05.000000,2.609023e+07,1.818701e+07,1.239953e+02,1.410272e+06,8.844753e+01,,,,5
2018-04-26 11:49:06.000000,2.609024e+07,1.818804e+07,1.239959e+02,1.410272e+06,8.844753e+01,,,,5
2018-04-26 11:49:07.000000,2.609024e+07,1.818686e+07,1.239952e+02,1.410272e+06,8.844753e+01,,,,5
2018-04-26 11:49:08.000000,2.609026e+07,1.818768e+07,1.239956e+02,1.410272e+06,8.844752e+01,,,,5
2018-04-26 11:49:09.000000,2.609026e+07,1.818659e+07,1.239950e+02,1.410272e+06,8.844752e+01,,,,5
2018-04-26 11:49:10.000000,2.609023e+07,1.818844e+07,1.239961e+02,1.410272e+06,8.844752e+01,,,,5
2018-04-26 11:49:11.000000,2.609024e+07,1.818754e+07,1.239956e+02,1.410272e+06,8.844752e+01,,,,5
2018-04-26 11:49:12.000000,2.609024e+07,1.818750e+07,1.239956e+02,1.410272e+06,8.844751e+01,,,,5
2018-04-26 11:49:13.000000,2.609026e+07,1.818773e+07,1.239958e+02,1.410272e+06,8.844751e+01,,,,5
2018-04-26 11:49:14.000000,2.609026e+07,1.818782e+07,1.239959e+02,1.410272e+06,8.844751e+01,,,,5
2018-04-26 11:49:15.000000,2.609025e+07,1.818808e+07,1.239960e+02,1.410272e+06,8.844750e+01,,,,5
2018-04-26 11:49:16.000000,2.609024e+07,1.818702e+07,1.239953e+02,1.410272e+06,8.844750e+01,,,,5
2018-04-26 11:49:17.000000,2.609024e+07,1.818807e+07,1.239959e+02,1.410272e+06,8.844750e+01,,,,5
2018-04-26 11:49:18.000000,2.609024e+07,1.818682e+07,1.239952e+02,1.410272e+06,8.844749e+01,,,,5
2018-04-26 11:49:19.000000,2.609025e+07,1.818775e+07,1.239956e+02,1.410272e+06,8.844749e+01,,,,5
2018-04-26 11:49:20.000000,2.609026e+07,1.818656e+07,1.239949e+02,1.410272e+06,8.844749e+01,,,,5
2018-04-26 11:49:21.000000,2.609026e+07,1.818834e+07,1.239959e+02,1.410272e+06,8.844749e+01,,,,5
2018-04-26 11:49:22.000000,2.609024e+07,1.818752e+07,1.239956e+02,1.410272e+06,8.844748e+01,,,,5
2018-04-26 11:49:23.000000,2.609024e+07,1.818917e+07,1.239966e+02,1.410272e+06,8.844748e+01,,,,5
2018-04-26 11:49:24.000000,2.609025e+07,1.818792e+07,1.239959e+02,1.410272e+06,8.844748e+01,,,,5
2018-04-26 11:49:25.000000,2.609026e+07,1.818943e+07,1.239967e+02,1.410272e+06,8.844747e+01,,,,5
2018-04-26 11:49:26.000000,2.609026e+07,1.818817e+07,1.239960e+02,1.410272e+06,8.844747e+01,,,,5
2018-04-26 11:49:27.000000,2.609024e+07,1.818847e+07,1.239961e+02,1.410272e+06,8.844747e+01,,,,5
2018-04-26 11:49:28.000000,2.609024e+07,1.818727e+07,1.239954e+02,1.410272e+06,8.844746e+01,,,,5
2018-04-26 11:49:29.000000,2.609023e+07,1.818684e+07,1.239952e+02,1.410272e+06,8.844746e+01,,,,5
2018-04-26 11:49:30.000000,2.609026e+07,1.818687e+07,1.239951e+02,1.410272e+06,8.844746e+01,,,,5
2018-04-26 11:49:31.000000,2.609026e+07,1.818654e+07,1.239949e+02,1.410272e+06,8.844746e+01,,,,5
2018-04-26 11:49:32.000000,2.609026e+07,1.818774e+07,1.239956e+02,1.410272e+06,8.844745e+01,,,,5
2018-04-26 11:49:33.000000,2.609024e+07,1.818746e+07,1.239956e+02,1.410272e+06,8.844745e+01,,,,5
2018-04-26 11:49:34.000000,2.609023e+07,1.818862e+07,1.239962e+02,1.410272e+06,8.844745e+01,,,,5
2018-04-26 11:49:35.000000,2.609024e+07,1.818745e+07,1.239956e+02,1.410272e+06,8.844744e+01,,,,5
2018-04-26 11:49:36.000000,2.609026e+07,1.818942e+07,1.239967e+02,1.410272e+06,8.844744e+01,,,,5
2018-04-26 11:49:37.000000,2.609026e+07,1.818784e+07,1.239958e+02,1.410272e+06,8.844744e+01,,,,5
2018-04-26 11:49:38.000000,2.609024e+07,1.818856e+07,1.239962e+02,1.410272e+06,8.844743e+01,,,,5
2018-04-26 11:49:39.000000,2.609024e+07,1.818696e+07,1.239953e+02,1.410272e+06,8.844743e+01,,,,5
2018-04-26 11:49:40.000000,2.609024e+07,1.818690e+07,1.239952e+02,1.410272e+06,8.844743e+01,,,,5
2018-04-26 11:49:41.000000,2.609026e+07,1.818688e+07,1.239951e+02,1.410272e+06,8.844742e+01,,,,5
2018-04-26 11:49:42.000000,2.609026e+07,1.818659e+07,1.239950e+02,1.410272e+06,8.844742e+01,,,,5
2018-04-26 11:49:43.000000,2.609025e+07,1.818780e+07,1.239956e+02,1.410272e+06,8.844742e+01,,,,5
2018-04-26 11:49:44.000000,2.609024e+07,1.818751e+07,1.239956e+02,1.410272e+06,8.844742e+01,,,,5
2018-04-26 11:49:45.000000,2.609024e+07,1.818869e+07,1.239963e+02,1.410272e+06,8.844741e+01,,,,5
2018-04-26 11:49:46.000000,2.609024e+07,1.818746e+07,1.239956e+02,1.410272e+06,8.844741e+01,,,,5
2018-04-26 11:49:47.000000,2.609026e+07,1.818891e+07,1.239964e+02,1.410272e+06,8.844741e+01,,,,5
2018-04-26 11:49:48.000000,2.609025e+07,1.818782e+07,1.239958e+02,1.410272e+06,8.844740e+01,,,,5
2018-04-26 11:49:49.000000,2.609026e+07,1.818956e+07,1.239968e+02,1.410272e+06,8.844740e+01,,,,5
2018-04-26 11:49:50.000000,2.609024e+07,1.818706e+07,1.239953e+02,1.410272e+06,8.844740e+01,,,,5
2018-04-26 11:49:51.000000,2.609024e+07,1.818846e+07,1.239961e+02,1.410272e+06,8.844740e+01,,,,5
2018-04-26 11:49:52.000000,2.609026e+07,1.818674e+07,1.239950e+02,1.410272e+06,8.844739e+01,,,,5
2018-04-26 11:49:53.000000,2.609025e+07,1.818807e+07,1.239957e+02,1.410272e+06,8.844739e+01,,,,5
2018-04-26 11:49:54.000000,2.609026e+07,1.818691e+07,1.239951e+02,1.410272e+06,8.844739e+01,,,,5
2018-04-26 11:49:55.000000,2.609024e+07,1.818744e+07,1.239956e+02,1.410272e+06,8.844738e+01,,,,5
2018-04-26 11:49:56.000000,2.609024e+07,1.818777e+07,1.239958e+02,1.410272e+06,8.844738e+01,,,,5
2018-04-26 11:49:57.000000,2.609024e+07,1.818744e+07,1.239956e+02,1.410272e+06,8.844738e+01,,,,5
2018-04-26 11:49:58.000000,2.609025e+07,1.818803e+07,1.239960e+02,1.410272e+06,8.844737e+01,,,,5
2018-04-26 11:49:59.000000,2.609026e+07,1.818777e+07,1.239958e+02,1.410272e+06,8.844737e+01,,,,5
2018-04-26 11:50:00.000000,2.609026e+07,1.818956e+07,1.239968e+02,1.410272e+06,8.844737e+01,,,,5
2018-04-26 11:50:01.000000,2.609024e+07,1.818704e+07,1.239953e+02,1.410272e+06,8.844737e+01,,,,5
2018-04-26 11:50:02.000000,2.609024e+07,1.818857e+07,1.239962e+02,1.410272e+06,8.844736e+01,,,,5
2018-04-26 11:50:03.000000,2.609026e+07,1.818673e+07,1.239950e+02,1.410272e+06,8.844736e+01,,,,5
2018-04-26 11:50:04.000000,2.609026e+07,1.818764e+07,1.239955e+02,1.410272e+06,8.844736e+01,,,,5
2018-04-26 11:50:05.000000,2.609026e+07,1.818658e+07,1.239949e+02,1.410272e+06,8.844735e+01,,,,5
2018-04-26 11:50:06.000000,2.609024e+07,1.818845e+07,1.239961e+02,1.410272e+06,8.844735e+01,,,,5
2018-04-26 11:50:07.000000,2.609024e+07,1.818754e+07,1.239956e+02,1.410272e+06,8.844735e+01,,,,5
2018-04-26 11:50:08.000000,2.609024e+07,1.818751e+07,1.239956e+02,1.410272e+06,8.844734e+01,,,,5
2018-04-26 11:50:09.000000,2.609026e+07,1.818774e+07,1.239958e+02,1.410272e+06,8.844734e+01,,,,5
2018-04-26 11:50:10.000000,2.609026e+07,1.818782e+07,1.239959e+02,1.410272e+06,8.844734e+01,,,,5
2018-04-26 11:50:11.000000,2.609025e+07,1.818808e+07,1.239960e+02,1.410272e+06,8.844734e+01,,,,5
2018-04-26 11:50:12.000000,2.609024e+07,1.818701e+07,1.239953e+02,1.410272e+06,8.844733e+01,,,,5
2018-04-26 11:50:13.000000,2.609024e+07,1.818807e+07,1.239959e+02,1.410272e+06,8.844733e+01,,,,5
2018-04-26 11:50:14.000000,2.609024e+07,1.818682e+07,1.239952e+02,1.410272e+06,8.844733e+01,,,,5
2018-04-26 11:50:15.000000,2.609025e+07,1.818775e+07,1.239956e+02,1.410272e+06,8.844732e+01,,,,5
2018-04-26 11:50:16.000000,2.609026e+07,1.818655e+07,1.239949e+02,1.410272e+06,8.844732e+01,,,,5
2018-04-26 11:50:17.000000,2.609024e+07,1.818851e+07,1.239961e+02,1.410272e+06,8.844732e+01,,,,5
2018-04-26 11:50:18.000000,2.609024e+07,1.818757e+07,1.239957e+02,1.410272e+06,8.844731e+01,,,,5
2018-04-26 11:50:19.000000,2.609024e+07,1.818918e+07,1.239965e+02,1.410272e+06,8.844731e+01,,,,5
2018-04-26 11:50:20.000000,2.609025e+07,1.818792e+07,1.239959e+02,1.410272e+06,8.844731e+01,,,,5
2018-04-26 11:50:21.000000,2.609026e+07,1.818943e+07,1.239967e+02,1.410272e+06,8.844731e+01,,,,5
2018-04-26 11:50:22.000000,2.609026e+07,1.818816e+07,1.239960e+02,1.410272e+06,8.844730e+01,,,,5
2018-04-26 11:50:23.000000,2.609024e+07,1.818847e+07,1.239961e+02,1.410272e+06,8.844730e+01,,,,5
2018-04-26 11:50:24.000000,2.609024e+07,1.818727e+07,1.239954e+02,1.410272e+06,8.844730e+01,,,,5
2018-04-26 11:50:25.000000,2.609024e+07,1.818683e+07,1.239952e+02,1.410272e+06,8.844729e+01,,,,5
2018-04-26 11:50:26.000000,2.609026e+07,1.818687e+07,1.239951e+02,1.410272e+06,8.844729e+01,,,,5
2018-04-26 11:50:27.000000,2.609026e+07,1.818654e+07,1.239949e+02,1.410272e+06,8.844729e+01,,,,5
2018-04-26 11:50:28.000000,2.609026e+07,1.818774e+07,1.239956e+02,1.410272e+06,8.844728e+01,,,,5
2018-04-26 11:50:29.000000,2.609024e+07,1.818745e+07,1.239956e+02,1.410272e+06,8.844728e+01,,,,5
2018-04-26 11:50:30.000000,2.609024e+07,1.818863e+07,1.239962e+02,1.410272e+06,8.844728e+01,,,,5
2018-04-26 11:50:31.000000,2.609026e+07,1.818785e+07,1.239958e+02,1.410272e+06,8.844728e+01,,,,5
2018-04-26 11:50:32.000000,2.609026e+07,1.818945e+07,1.239967e+02,1.410272e+06,8.844727e+01,,,,5
2018-04-26 11:50:33.000000,2.609026e+07,1.818782e+07,1.239958e+02,1.410272e+06,8.844727e+01,,,,5
2018-04-26 11:50:34.000000,2.609024e+07,1.818856e+07,1.239961e+02,1.410272e+06,8.844727e+01,,,,5
2018-04-26 11:50:35.000000,2.609024e+07,1.818696e+07,1.239953e+02,1.410272e+06,8.844726e+01,,,,5
2018-04-26 11:50:36.000000,2.609024e+07,1.818691e+07,1.239952e+02,1.410272e+06,8.844726e+01,,,,5
2018-04-26 11:50:37.000000,2.609026e+07,1.818688e+07,1.239951e+02,1.410272e+06,8.844726e+01,,,,5
2018-04-26 11:50:38.000000,2.609026e+07,1.818659e+07,1.239950e+02,1.410272e+06,8.844726e+01,,,,5
2018-04-26 11:50:39.000000,2.609025e+07,1.818782e+07,1.239956e+02,1.410272e+06,8.844725e+01,,,,5
2018-04-26 11:50:40.000000,2.609024e+07,1.818752e+07,1.239956e+02,1.410272e+06,8.844725e+01,,,,5
2018-04-26 11:50:41.000000,2.609024e+07,1.818869e+07,1.239963e+02,1.410272e+06,8.844725e+01,,,,5
2018-04-26 11:50:42.000000,2.609024e+07,1.818746e+07,1.239956e+02,1.410272e+06,8.844724e+01,,,,5
2018-04-26 11:50:43.000000,2.609026e+07,1.818892e+07,1.239964e+02,1.410272e+06,8.844724e+01,,,,5
2018-04-26 11:50:44.000000,2.609025e+07,1.818782e+07,1.239958e+02,1.410272e+06,8.844724e+01,,,,5
2018-04-26 11:50:45.000000,2.609024e+07,1.818807e+07,1.239959e+02,1.410272e+06,8.844723e+01,,,,5
2018-04-26 11:50:46.000000,2.609024e+07,1.818695e+07,1.239953e+02,1.410272e+06,8.844723e+01,,,,5
2018-04-26 11:50:47.000000,2.609024e+07,1.818846e+07,1.239961e+02,1.410272e+06,8.844723e+01,,,,5
2018-04-26 11:50:48.000000,2.609026e+07,1.818674e+07,1.239950e+02,1.410272e+06,8.844723e+01,,,,5
2018-04-26 11:50:49.000000,2.609025e+07,1.818809e+07,1.239957e+02,1.410272e+06,8.844722e+01,,,,5
2018-04-26 11:50:50.000000,2.609026e+07,1.818690e+07,1.239951e+02,1.410272e+06,8.844722e+01,,,,5
2018-04-26 11:50:51.000000,2.609024e+07,1.818744e+07,1.239956e+02,1.410272e+06,8.844722e+01,,,,5
2018-04-26 11:50:52.000000,2.609024e+07,1.818777e+07,1.239958e+02,1.410272e+06,8.844721e+01,,,,5
2018-04-26 11:50:53.000000,2.609024e+07,1.818743e+07,1.239956e+02,1.410272e+06,8.844721e+01,,,,5
2018-04-26 11:50:54.000000,2.609025e+07,1.818804e+07,1.239960e+02,1.410272e+06,8.844721e+01,,,,5
2018-04-26 11:50:55.000000,2.609026e+07,1.818777e+07,1.239958e+02,1.410272e+06,8.844720e+01,,,,5
2018-04-26 11:50:56.000000,2.609026e+07,1.818959e+07,1.239968e+02,1.410272e+06,8.844720e+01,,,,5
2018-04-26 11:50:57.000000,2.609024e+07,1.818702e+07,1.239953e+02,1.410272e+06,8.844720e+01,,,,5
2018-04-26 11:50:58.000000,2.609024e+07,1.818857e+07,1.239961e+02,1.410272e+06,8.844720e+01,,,,5
2018-04-26 11:50:59.000000,2.609026e+07,1.818671e+07,1.239950e+02,1.410272e+06,8.844719e+01,,,,5
2018-04-26 11:51:00.000000,2.609026e+07,1.818821e+07,1.239958e+02,1.410272e+06,8.844719e+01,,,,5
2018-04-26 11:51:01.000000,2.609026e+07,1.818693e+07,1.239951e+02,1.410272e+06,8.844719e+01,,,,5
2018-04-26 11:51:02.000000,2.609024e+07,1.818900e+07,1.239964e+02,1.410272e+06,8.844718e+01,,,,5
2018-04-26 11:51:03.000000,2.609024e+07,1.818789e+07,1.239958e+02,1.410272e+06,8.844718e+01,,,,5
2018-04-26 11:51:04.000000,2.609024e+07,1.818749e+07,1.239956e+02,1.410272e+06,8.844718e+01,,,,5
2018-04-26 11:51:05.000000,2.609026e+07,1.818807e+07,1.239960e+02,1.410272e+06,8.844718e+01,,,,5
2018-04-26 11:51:06.000000,2.609026e+07,1.818777e+07,1.239958e+02,1.410272e+06,8.844717e+01,,,,5
2018-04-26 11:51:07.000000,2.609026e+07,1.818903e+07,1.239965e+02,1.410272e+06,8.844717e+01,,,,5
2018-04-26 11:51:08.000000,2.609024e+07,1.818701e+07,1.239953e+02,1.410272e+06,8.844717e+01,,,,5
2018-04-26 11:51:09.000000,2.609024e+07,1.818804e+07,1.239959e+02,1.410272e+06,8.844716e+01,,,,5
2018-04-26 11:51:10.000000,2.609024e+07,1.818686e+07,1.239952e+02,1.410272e+06,8.844716e+01,,,,5
2018-04-26 11:51:11.000000,2.609026e+07,1.818768e+07,1.239956e+02,1.410272e+06,8.844716e+01,,,,5
2018-04-26 11:51:12.000000,2.609026e+07,1.818659e+07,1.239949e+02,1.410272e+06,8.844715e+01,,,,5
2018-04-26 11:51:13.000000,2.609024e+07,1.818846e+07,1.239961e+02,1.410272e+06,8.844715e+01,,,,5
2018-04-26 11:51:14.000000,2.609024e+07,1.818754e+07,1.239956e+02,1.410272e+06,8.844715e+01,,,,5
2018-04-26 11:51:15.000000,2.609024e+07,1.818750e+07,1.239956e+02,1.410272e+06,8.844715e+01,,,,5
2018-04-26 11:51:16.000000,2.609026e+07,1.818774e+07,1.239958e+02,1.410272e+06,8.844714e+01,,,,5
2018-04-26 11:51:17.000000,2.609026e+07,1.818782e+07,1.239959e+02,1.410272e+06,8.844714e+01,,,,5
2018-04-26 11:51:18.000000,2.609025e+07,1.818808e+07,1.239960e+02,1.410272e+06,8.844714e+01,,,,5
2018-04-26 11:51:19.000000,2.609024e+07,1.818702e+07,1.239953e+02,1.410272e+06,8.844713e+01,,,,5
2018-04-26 11:51:20.000000,2.609024e+07,1.818807e+07,1.239959e+02,1.410272e+06,8.844713e+01,,,,5
2018-04-26 11:51:21.000000,2.609024e+07,1.818682e+07,1.239952e+02,1.410272e+06,8.844713e+01,,,,5
2018-04-26 11:51:22.000000,2.609025e+07,1.818775e+07,1.239956e+02,1.410272e+06,8.844713e+01,,,,5
2018-04-26 11:51:23.000000,2.609026e+07,1.818655e+07,1.239949e+02,1.410272e+06,8.844712e+01,,,,5
2018-04-26 11:51:24.000000,2.609026e+07,1.818835e+07,1.239959e+02,1.410272e+06,8.844712e+01,,,,5
2018-04-26 11:51:25.000000,2.609024e+07,1.818753e+07,1.239956e+02,1.410272e+06,8.844712e+01,,,,5
2018-04-26 11:51:26.000000,2.609024e+07,1.818917e+07,1.239965e+02,1.410272e+06,8.844711e+01,,,,5
2018-04-26 11:51:27.000000,2.609025e+07,1.818792e+07,1.239959e+02,1.410272e+06,8.844711e+01,,,,5
2018-04-26 11:51:28.000000,2.609026e+07,1.818943e+07,1.239967e+02,1.410272e+06,8.844711e+01,,,,5
2018-04-26 11:51:29.000000,2.609026e+07,1.818817e+07,1.239960e+02,1.410272e+06,8.844710e+01,,,,5
2018-04-26 11:51:30.000000,2.609024e+07,1.818847e+07,1.239961e+02,1.410272e+06,8.844710e+01,,,,5
2018-04-26 11:51:31.000000,2.609024e+07,1.818727e+07,1.239954e+02,1.410272e+06,8.844710e+01,,,,5
2018-04-26 11:51:32.000000,2.609023e+07,1.818684e+07,1.239952e+02,1.410272e+06,8.844710e+01,,,,5
2018-04-26 11:51:33.000000,2.609026e+07,1.818687e+07,1.239951e+02,1.410272e+06,8.844709e+01,,,,5
2018-04-26 11:51:34.000000,2.609026e+07,1.818654e+07,1.239949e+02,1.410272e+06,8.844709e+01,,,,5
2018-04-26 11:51:35.000000,2.609026e+07,1.818774e+07,1.239956e+02,1.410272e+06,8.844709e+01,,,,5
2018-04-26 11:51:36.000000,2.609024e+07,1.818746e+07,1.239956e+02,1.410272e+06,8.844708e+01,,,,5
2018-04-26 11:51:37.000000,2.609024e+07,1.818862e+07,1.239962e+02,1.410272e+06,8.844708e+01,,,,5
2018-04-26 11:51:38.000000,2.609026e+07,1.818785e+07,1.239958e+02,1.410272e+06,8.844708e+01,,,,5
2018-04-26 11:51:39.000000,2.609026e+07,1.818943e+07,1.239967e+02,1.410272e+06,8.844708e+01,,,,5
2018-04-26 11:51:40.000000,2.609026e+07,1.818782e+07,1.239958e+02,1.410272e+06,8.844707e+01,,,,5
2018-04-26 11:51:41.000000,2.609024e+07,1.818856e+07,1.239961e+02,1.410272e+06,8.844707e+01,,,,5
2018-04-26 11:51:42.000000,2.609024e+07,1.818696e+07,1.239953e+02,1.410272e+06,8.844707e+01,,,,5
2018-04-26 11:51:43.000000,2.609024e+07,1.818691e+07,1.239952e+02,1.410272e+06,8.844706e+01,,,,5
2018-04-26 11:51:44.000000,2.609026e+07,1.818688e+07,1.239951e+02,1.410272e+06,8.844706e+01,,,,5
2018-04-26 11:51:45.000000,2.609026e+07,1.818659e+07,1.239950e+02,1.410272e+06,8.844706e+01,,,,5
2018-04-26 11:51:46.000000,2.609025e+07,1.818780e+07,1.239956e+02,1.410272e+06,8.844706e+01,,,,5
2018-04-26 11:51:47.000000,2.609024e+07,1.818751e+07,1.239956e+02,1.410272e+06,8.844705e+01,,,,5
2018-04-26 11:51:48.000000,2.609024e+07,1.818869e+07,1.239963e+02,1.410272e+06,8.844705e+01,,,,5
2018-04-26 11:51:49.000000,2.609024e+07,1.818746e+07,1.239956e+02,1.410272e+06,8.844705e+01,,,,5
2018-04-26 11:51:50.000000,2.609026e+07,1.818892e+07,1.239964e+02,1.410272e+06,8.844704e+01,,,,5
2018-04-26 11:51:51.000000,2.609025e+07,1.818782e+07,1.239958e+02,1.410272e+06,8.844704e+01,,,,5
2018-04-26 11:51:52.000000,2.609024e+07,1.818807e+07,1.239958e+02,1.410272e+06,8.844704e+01,,,,5
2018-04-26 11:51:53.000000,2.609024e+07,1.818696e+07,1.239952e+02,1.410272e+06,8.844703e+01,,,,5
2018-04-26 11:51:54.000000,2.609024e+07,1.818846e+07,1.239961e+02,1.410272e+06,8.844703e+01,,,,5
2018-04-26 11:51:55.000000,2.609026e+07,1.818674e+07,1.239950e+02,1.410272e+06,8.844703e+01,,,,5
2018-04-26 11:51:56.000000,2.609025e+07,1.818807e+07,1.239957e+02,1.410272e+06,8.844703e+01,,,,5
2018-04-26 11:51:57.000000,2.609026e+07,1.818690e+07,1.239951e+02,1.410272e+06,8.844702e+01,,,,5
2018-04-26 11:51:58.000000,2.609024e+07,1.818744e+07,1.239956e+02,1.410272e+06,8.844702e+01,,,,5
2018-04-26 11:51:59.000000,2.609024e+07,1.818777e+07,1.239957e+02,1.410272e+06,8.844702e+01,,,,5
2018-04-26 11:52:00.000000,2.609024e+07,1.818743e+07,1.239956e+02,1.410272e+06,8.844701e+01,,,,5
2018-04-26 11:52:01.000000,2.609025e+07,1.818804e+07,1.239960e+02,1.410272e+06,8.844701e+01,,,,5
2018-04-26 11:52:02.000000,2.609026e+07,1.818777e+07,1.239958e+02,1.410272e+06,8.844701e+01,,,,5
2018-04-26 11:52:03.000000,2.609026e+07,1.818956e+07,1.239968e+02,1.410272e+06,8.844701e+01,,,,5
2018-04-26 11:52:04.000000,2.609024e+07,1.818702e+07,1.239953e+02,1.410272e+06,8.844700e+01,,,,5
2018-04-26 11:52:05.000000,2.609024e+07,1.818857e+07,1.239961e+02,1.410272e+06,8.844700e+01,,,,5
2018-04-26 11:52:06.000000,2.609026e+07,1.818673e+07,1.239950e+02,1.410272e+06,8.844700e+01,,,,5
2018-04-26 11:52:07.000000,2.609026e+07,1.818820e+07,1.239958e+02,1.410272e+06,8.844699e+01,,,,5
2018-04-26 11:52:08.000000,2.609026e+07,1.818692e+07,1.239951e+02,1.410272e+06,8.844699e+01,,,,5
2018-04-26 11:52:09.000000,2.609024e+07,1.818900e+07,1.239964e+02,1.410272e+06,8.844699e+01,,,,5
2018-04-26 11:52:10.000000,2.609024e+07,1.818791e+07,1.239959e+02,1.410272e+06,8.844699e+01,,,,5
2018-04-26 11:52:11.000000,2.609024e+07,1.818749e+07,1.239956e+02,1.410272e+06,8.844698e+01,,,,5
2018-04-26 11:52:12.000000,2.609026e+07,1.818807e+07,1.239960e+02,1.410272e+06,8.844698e+01,,,,5
2018-04-26 11:52:13.000000,2.609026e+07,1.818777e+07,1.239958e+02,1.410271e+06,8.844698e+01,,,,5
2018-04-26 11:52:14.000000,2.609026e+07,1.818903e+07,1.239965e+02,1.410271e+06,8.844697e+01,,,,5
2018-04-26 11:52:15.000000,2.609023e+07,1.818701e+07,1.239953e+02,1.410271e+06,8.844697e+01,,,,5
2018-04-26 11:52:16.000000,2.609024e+07,1.818804e+07,1.239958e+02,1.410271e+06,8.844697e+01,,,,5
2018-04-26 11:52:17.000000,2.609024e+07,1.818686e+07,1.239952e+02,1.410271e+06,8.844697e+01,,,,5
2018-04-26 11:52:18.000000,2.609026e+07,1.818768e+07,1.239956e+02,1.410271e+06,8.844696e+01,,,,5
2018-04-26 11:52:19.000000,2.609026e+07,1.818659e+07,1.239949e+02,1.410271e+06,8.844696e+01,,,,5
2018-04-26 11:52:20.000000,2.609023e+07,1.818843e+07,1.239961e+02,1.410271e+06,8.844696e+01,,,,5
2018-04-26 11:52:21.000000,2.609024e+07,1.818754e+07,1.239956e+02,1.410271e+06,8.844695e+01,,,,5
2018-04-26 11:52:22.000000,2.609024e+07,1.818750e+07,1.239956e+02,1.410271e+06,8.844695e+01,,,,5
2018-04-26 11:52:23.000000,2.609026e+07,1.818773e+07,1.239958e+02,1.410271e+06,8.844695e+01,,,,5
2018-04-26 11:52:24.000000,2.609026e+07,1.818782e+07,1.239959e+02,1.410271e+06,8.844694e+01,,,,5
2018-04-26 11:52:25.000000,2.609025e+07,1.818808e+07,1.239960e+02,1.410271e+06,8.844694e+01,,,,5
2018-04-26 11:52:26.000000,2.609024e+07,1.818701e+07,1.239953e+02,1.410271e+06,8.844694e+01,,,,5
2018-04-26 11:52:27.000000,2.609024e+07,1.818804e+07,1.239958e+02,1.410271e+06,8.844694e+01,,,,5
2018-04-26 11:52:28.000000,2.609024e+07,1.818682e+07,1.239952e+02,1.410271e+06,8.844693e+01,,,,5
2018-04-26 11:52:29.000000,2.609025e+07,1.818775e+07,1.239956e+02,1.410271e+06,8.844693e+01,,,,5
2018-04-26 11:52:30.000000,2.609026e+07,1.818656e+07,1.239949e+02,1.410271e+06,8.844693e+01,,,,5
2018-04-26 11:52:31.000000,2.609026e+07,1.818834e+07,1.239959e+02,1.410271e+06,8.844692e+01,,,,5
2018-04-26 11:52:32.000000,2.609024e+07,1.818752e+07,1.239956e+02,1.410271e+06,8.844692e+01,,,,5
2018-04-26 11:52:33.000000,2.609024e+07,1.818917e+07,1.239965e+02,1.410271e+06,8.844692e+01,,,,5
2018-04-26 11:52:34.000000,2.609025e+07,1.818792e+07,1.239959e+02,1.410271e+06,8.844692e+01,,,,5
2018-04-26 11:52:35.000000,2.609026e+07,1.818943e+07,1.239967e+02,1.410271e+06,8.844691e+01,,,,5
2018-04-26 11:52:36.000000,2.609026e+07,1.818817e+07,1.239960e+02,1.410271e+06,8.844691e+01,,,,5
2018-04-26 11:52:37.000000,2.609024e+07,1.818847e+07,1.239960e+02,1.410271e+06,8.844691e+01,,,,5
2018-04-26 11:52:38.000000,2.609024e+07,1.818727e+07,1.239953e+02,1.410271e+06,8.844690e+01,,,,5
2018-04-26 11:52:39.000000,2.609023e+07,1.818684e+07,1.239952e+02,1.410271e+06,8.844690e+01,,,,5
2018-04-26 11:52:40.000000,2.609026e+07,1.818687e+07,1.239951e+02,1.410271e+06,8.844690e+01,,,,5
2018-04-26 11:52:41.000000,2.609026e+07,1.818654e+07,1.239949e+02,1.410271e+06,8.844690e+01,,,,5
2018-04-26 11:52:42.000000,2.609026e+07,1.818774e+07,1.239956e+02,1.410271e+06,8.844689e+01,,,,5
2018-04-26 11:52:43.000000,2.609024e+07,1.818746e+07,1.239956e+02,1.410271e+06,8.844689e+01,,,,5
2018-04-26 11:52:44.000000,2.609023e+07,1.818861e+07,1.239962e+02,1.410271e+06,8.844689e+01,,,,5
2018-04-26 11:52:45.000000,2.609024e+07,1.818745e+07,1.239956e+02,1.410271e+06,8.844688e+01,,,,5
2018-04-26 11:52:46.000000,2.609026e+07,1.818942e+07,1.239967e+02,1.410271e+06,8.844688e+01,,,,5
2018-04-26 11:52:47.000000,2.609026e+07,1.818784e+07,1.239958e+02,1.410271e+06,8.844688e+01,,,,5
2018-04-26 11:52:48.000000,2.609024e+07,1.818856e+07,1.239961e+02,1.410271e+06,8.844688e+01,,,,5
2018-04-26 11:52:49.000000,2.609024e+07,1.818696e+07,1.239952e+02,1.410271e+06,8.844687e+01,,,,5
2018-04-26 11:52:50.000000,2.609024e+07,1.818690e+07,1.239952e+02,1.410271e+06,8.844687e+01,,,,5
2018-04-26 11:52:51.000000,2.609026e+07,1.818687e+07,1.239951e+02,1.410271e+06,8.844687e+01,,,,5
2018-04-26 11:52:52.000000,2.609026e+07,1.818659e+07,1.239950e+02,1.410271e+06,8.844686e+01,,,,5
2018-04-26 11:52:53.000000,2.609025e+07,1.818780e+07,1.239956e+02,1.410271e+06,8.844686e+01,,,,5
2018-04-26 11:52:54.000000,2.609024e+07,1.818751e+07,1.239956e+02,1.410271e+06,8.844686e+01,,,,5
2018-04-26 11:52:55.000000,2.609024e+07,1.818868e+07,1.239963e+02,1.410271e+06,8.844686e+01,,,,5
2018-04-26 11:52:56.000000,2.609024e+07,1.818746e+07,1.239956e+02,1.410271e+06,8.844685e+01,,,,5
2018-04-26 11:52:57.000000,2.609026e+07,1.818891e+07,1.239964e+02,1.410271e+06,8.844685e+01,,,,5
2018-04-26 11:52:58.000000,2.609025e+07,1.818782e+07,1.239958e+02,1.410271e+06,8.844685e+01,,,,5
2018-04-26 11:52:59.000000,2.609026e+07,1.818955e+07,1.239968e+02,1.410271e+06,8.844684e+01,,,,5
2018-04-26 11:53:00.000000,2.609024e+07,1.818706e+07,1.239953e+02,1.410271e+06,8.844684e+01,,,,5
2018-04-26 11:53:01.000000,2.609024e+07,1.818844e+07,1.239960e+02,1.410271e+06,8.844684e+01,,,,5
2018-04-26 11:53:02.000000,2.609026e+07,1.818674e+07,1.239950e+02,1.410271e+06,8.844684e+01,,,,5
2018-04-26 11:53:03.000000,2.609025e+07,1.818807e+07,1.239957e+02,1.410271e+06,8.844683e+01,,,,5
2018-04-26 11:53:04.000000,2.609026e+07,1.818691e+07,1.239951e+02,1.410271e+06,8.844683e+01,,,,5
2018-04-26 11:53:05.000000,2.609024e+07,1.818744e+07,1.239956e+02,1.410271e+06,8.844683e+01,,,,5
2018-04-26 11:53:06.000000,2.609024e+07,1.818777e+07,1.239957e+02,1.410271e+06,8.844682e+01,,,,5
2018-04-26 11:53:07.000000,2.609024e+07,1.818744e+07,1.239956e+02,1.410271e+06,8.844682e+01,,,,5
2018-04-26 11:53:08.000000,2.609025e+07,1.818803e+07,1.239960e+02,1.410271e+06,8.844682e+01,,,,5
2018-04-26 11:53:09.000000,2.609026e+07,1.818776e+07,1.239958e+02,1.410271e+06,8.844682e+01,,,,5
2018-04-26 11:53:10.000000,2.609026e+07,1.818956e+07,1.239968e+02,1.410271e+06,8.844681e+01,,,,5
2018-04-26 11:53:11.000000,2.609024e+07,1.818704e+07,1.239952e+02,1.410271e+06,8.844681e+01,,,,5
2018-04-26 11:53:12.000000,2.609024e+07,1.818857e+07,1.239961e+02,1.410271e+06,8.844681e+01,,,,5
2018-04-26 11:53:13.000000,2.609024e+07,1.818683e+07,1.239951e+02,1.410271e+06,8.844680e+01,,,,5
2018-04-26 11:53:14.000000,2.609026e+07,1.818823e+07,1.239958e+02,1.410271e+06,8.844680e+01,,,,5
2018-04-26 11:53:15.000000,2.609026e+07,1.818692e+07,1.239951e+02,1.410271e+06,8.844680e+01,,,,5
2018-04-26 11:53:16.000000,2.609024e+07,1.818900e+07,1.239964e+02,1.410271e+06,8.844679e+01,,,,5
2018-04-26 11:53:17.000000,2.609023e+07,1.818791e+07,1.239958e+02,1.410271e+06,8.844679e+01,,,,5
2018-04-26 11:53:18.000000,2.609024e+07,1.818749e+07,1.239956e+02,1.410271e+06,8.844679e+01,,,,5
2018-04-26 11:53:19.000000,2.609026e+07,1.818806e+07,1.239960e+02,1.410271e+06,8.844679e+01,,,,5
2018-04-26 11:53:20.000000,2.609026e+07,1.818777e+07,1.239958e+02,1.410271e+06,8.844678e+01,,,,5
2018-04-26 11:53:21.000000,2.609026e+07,1.818901e+07,1.239965e+02,1.410271e+06,8.844678e+01,,,,5
2018-04-26 11:53:22.000000,2.609023e+07,1.818702e+07,1.239953e+02,1.410271e+06,8.844678e+01,,,,5
2018-04-26 11:53:23.000000,2.609024e+07,1.818804e+07,1.239958e+02,1.410271e+06,8.844678e+01,,,,5
2018-04-26 11:53:24.000000,2.609024e+07,1.818686e+07,1.239952e+02,1.410271e+06,8.844677e+01,,,,5
2018-04-26 11:53:25.000000,2.609026e+07,1.818768e+07,1.239956e+02,1.410271e+06,8.844677e+01,,,,5
2018-04-26 11:53:26.000000,2.609026e+07,1.818659e+07,1.239949e+02,1.410271e+06,8.844677e+01,,,,5
2018-04-26 11:53:27.000000,2.609023e+07,1.818843e+07,1.239961e+02,1.410271e+06,8.844676e+01,,,,5
2018-04-26 11:53:28.000000,2.609024e+07,1.818755e+07,1.239956e+02,1.410271e+06,8.844676e+01,,,,5
2018-04-26 11:53:29.000000,2.609024e+07,1.818750e+07,1.239956e+02,1.410271e+06,8.844676e+01,,,,5
2018-04-26 11:53:30.000000,2.609026e+07,1.818773e+07,1.239958e+02,1.410271e+06,8.844675e+01,,,,5
2018-04-26 11:53:31.000000,2.609025e+07,1.818782e+07,1.239959e+02,1.410271e+06,8.844675e+01,,,,5
2018-04-26 11:53:32.000000,2.609025e+07,1.818808e+07,1.239960e+02,1.410271e+06,8.844675e+01,,,,5
2018-04-26 11:53:33.000000,2.609024e+07,1.818701e+07,1.239953e+02,1.410271e+06,8.844675e+01,,,,5
2018-04-26 11:53:34.000000,2.609024e+07,1.818804e+07,1.239958e+02,1.410271e+06,8.844674e+01,,,,5
2018-04-26 11:53:35.000000,2.609024e+07,1.818684e+07,1.239951e+02,1.410271e+06,8.844674e+01,,,,5
2018-04-26 11:53:36.000000,2.609025e+07,1.818774e+07,1.239956e+02,1.410271e+06,8.844674e+01,,,,5
2018-04-26 11:53:37.000000,2.609025e+07,1.818656e+07,1.239949e+02,1.410271e+06,8.844674e+01,,,,5
2018-04-26 11:53:38.000000,2.609026e+07,1.818832e+07,1.239959e+02,1.410271e+06,8.844673e+01,,,,5
2018-04-26 11:53:39.000000,2.609024e+07,1.818752e+07,1.239956e+02,1.410271e+06,8.844673e+01,,,,5
2018-04-26 11:53:40.000000,2.609024e+07,1.818917e+07,1.239965e+02,1.410271e+06,8.844673e+01,,,,5
2018-04-26 11:53:41.000000,2.609025e+07,1.818793e+07,1.239959e+02,1.410271e+06,8.844672e+01,,,,5
2018-04-26 11:53:42.000000,2.609026e+07,1.818942e+07,1.239967e+02,1.410271e+06,8.844672e+01,,,,5
2018-04-26 11:53:43.000000,2.609026e+07,1.818816e+07,1.239960e+02,1.410271e+06,8.844672e+01,,,,5
2018-04-26 11:53:44.000000,2.609024e+07,1.818847e+07,1.239960e+02,1.410271e+06,8.844672e+01,,,,5
2018-04-26 11:53:45.000000,2.609024e+07,1.818729e+07,1.239954e+02,1.410271e+06,8.844671e+01,,,,5
2018-04-26 11:53:46.000000,2.609023e+07,1.818684e+07,1.239952e+02,1.410271e+06,8.844671e+01,,,,5
2018-04-26 11:53:47.000000,2.609026e+07,1.818687e+07,1.239951e+02,1.410271e+06,8.844671e+01,,,,5
2018-04-26 11:53:48.000000,2.609026e+07,1.818654e+07,1.239949e+02,1.410271e+06,8.844670e+01,,,,5
2018-04-26 11:53:49.000000,2.609026e+07,1.818774e+07,1.239955e+02,1.410271e+06,8.844670e+01,,,,5
2018-04-26 11:53:50.000000,2.609024e+07,1.818745e+07,1.239956e+02,1.410271e+06,8.844670e+01,,,,5
2018-04-26 11:53:51.000000,2.609023e+07,1.818860e+07,1.239962e+02,1.410271e+06,8.844670e+01,,,,5
2018-04-26 11:53:52.000000,2.609024e+07,1.818746e+07,1.239956e+02,1.410271e+06,8.844669e+01,,,,5
2018-04-26 11:53:53.000000,2.609026e+07,1.818942e+07,1.239967e+02,1.410271e+06,8.844669e+01,,,,5
2018-04-26 11:53:54.000000,2.609026e+07,1.818784e+07,1.239958e+02,1.410271e+06,8.844669e+01,,,,5
2018-04-26 11:53:55.000000,2.609024e+07,1.818855e+07,1.239961e+02,1.410271e+06,8.844668e+01,,,,5
2018-04-26 11:53:56.000000,2.609024e+07,1.818696e+07,1.239952e+02,1.410271e+06,8.844668e+01,,,,5
2018-04-26 11:53:57.000000,2.609024e+07,1.818690e+07,1.239952e+02,1.410271e+06,8.844668e+01,,,,5
2018-04-26 11:53:58.000000,2.609025e+07,1.818687e+07,1.239951e+02,1.410271e+06,8.844668e+01,,,,5
2018-04-26 11:53:59.000000,2.609026e+07,1.818659e+07,1.239949e+02,1.410271e+06,8.844667e+01,,,,5
2018-04-26 11:54:00.000000,2.609025e+07,1.818780e+07,1.239956e+02,1.410271e+06,8.844667e+01,,,,5
2018-04-26 11:54:01.000000,2.609024e+07,1.818751e+07,1.239956e+02,1.410271e+06,8.844667e+01,,,,5
2018-04-26 11:54:02.000000,2.609024e+07,1.818867e+07,1.239963e+02,1.410271e+06,8.844666e+01,,,,5
2018-04-26 11:54:03.000000,2.609024e+07,1.818746e+07,1.239956e+02,1.410271e+06,8.844666e+01,,,,5
2018-04-26 11:54:04.000000,2.609026e+07,1.818891e+07,1.239964e+02,1.410271e+06,8.844666e+01,,,,5
2018-04-26 11:54:05.000000,2.609025e+07,1.818784e+07,1.239958e+02,1.410271e+06,8.844666e+01,,,,5
2018-04-26 11:54:06.000000,2.609026e+07,1.818955e+07,1.239968e+02,1.410271e+06,8.844665e+01,,,,5
2018-04-26 11:54:07.000000,2.609024e+07,1.818705e+07,1.239953e+02,1.410271e+06,8.844665e+01,,,,5
2018-04-26 11:54:08.000000,2.609024e+07,1.818844e+07,1.239960e+02,1.410271e+06,8.844665e+01,,,,5
2018-04-26 11:54:09.000000,2.609026e+07,1.818676e+07,1.239950e+02,1.410271e+06,8.844664e+01,,,,5
2018-04-26 11:54:10.000000,2.609025e+07,1.818807e+07,1.239957e+02,1.410271e+06,8.844664e+01,,,,5
2018-04-26 11:54:11.000000,2.609026e+07,1.818691e+07,1.239951e+02,1.410271e+06,8.844664e+01,,,,5
2018-04-26 11:54:12.000000,2.609024e+07,1.818744e+07,1.239955e+02,1.410271e+06,8.844664e+01,,,,5
2018-04-26 11:54:13.000000,2.609024e+07,1.818777e+07,1.239957e+02,1.410271e+06,8.844663e+01,,,,5
2018-04-26 11:54:14.000000,2.609024e+07,1.818743e+07,1.239956e+02,1.410271e+06,8.844663e+01,,,,5
2018-04-26 11:54:15.000000,2.609025e+07,1.818803e+07,1.239960e+02,1.410271e+06,8.844663e+01,,,,5
2018-04-26 11:54:16.000000,2.609026e+07,1.818776e+07,1.239958e+02,1.410271e+06,8.844662e+01,,,,5
2018-04-26 11:54:17.000000,2.609026e+07,1.818956e+07,1.239968e+02,1.410271e+06,8.844662e+01,,,,5
2018-04-26 11:54:18.000000,2.609024e+07,1.818703e+07,1.239952e+02,1.410271e+06,8.844662e+01,,,,5
2018-04-26 11:54:19.000000,2.609024e+07,1.818855e+07,1.239960e+02,1.410271e+06,8.844662e+01,,,,5
2018-04-26 11:54:20.000000,2.609023e+07,1.818683e+07,1.239951e+02,1.410271e+06,8.844661e+01,,,,5
2018-04-26 11:54:21.000000,2.609026e+07,1.818767e+07,1.239955e+02,1.410271e+06,8.844661e+01,,,,5
2018-04-26 11:54:22.000000,2.609025e+07,1.818659e+07,1.239949e+02,1.410271e+06,8.844661e+01,,,,5
2018-04-26 11:54:23.000000,2.609024e+07,1.818845e+07,1.239961e+02,1.410271e+06,8.844660e+01,,,,5
2018-04-26 11:54:24.000000,2.609024e+07,1.818754e+07,1.239956e+02,1.410271e+06,8.844660e+01,,,,5
2018-04-26 11:54:25.000000,2.609024e+07,1.818750e+07,1.239956e+02,1.410271e+06,8.844660e+01,,,,5
2018-04-26 11:54:26.000000,2.609026e+07,1.818773e+07,1.239958e+02,1.410271e+06,8.844660e+01,,,,5
2018-04-26 11:54:27.000000,2.609026e+07,1.818782e+07,1.239958e+02,1.410271e+06,8.844659e+01,,,,5
2018-04-26 11:54:28.000000,2.609025e+07,1.818808e+07,1.239960e+02,1.410271e+06,8.844659e+01,,,,5
2018-04-26 11:54:29.000000,2.609024e+07,1.818702e+07,1.239953e+02,1.410271e+06,8.844659e+01,,,,5
2018-04-26 11:54:30.000000,2.609024e+07,1.818806e+07,1.239958e+02,1.410271e+06,8.844659e+01,,,,5
2018-04-26 11:54:31.000000,2.609024e+07,1.818682e+07,1.239951e+02,1.410271e+06,8.844658e+01,,,,5
2018-04-26 11:54:32.000000,2.609025e+07,1.818775e+07,1.239956e+02,1.410271e+06,8.844658e+01,,,,5
2018-04-26 11:54:33.000000,2.609026e+07,1.818655e+07,1.239949e+02,1.410271e+06,8.844658e+01,,,,5
2018-04-26 11:54:34.000000,2.609026e+07,1.818834e+07,1.239959e+02,1.410271e+06,8.844657e+01,,,,5
2018-04-26 11:54:35.000000,2.609024e+07,1.818752e+07,1.239956e+02,1.410271e+06,8.844657e+01,,,,5
2018-04-26 11:54:36.000000,2.609024e+07,1.818917e+07,1.239965e+02,1.410271e+06,8.844657e+01,,,,5
2018-04-26 11:54:37.000000,2.609025e+07,1.818792e+07,1.239959e+02,1.410271e+06,8.844657e+01,,,,5
2018-04-26 11:54:38.000000,2.609026e+07,1.818943e+07,1.239967e+02,1.410271e+06,8.844656e+01,,,,5
2018-04-26 11:54:39.000000,2.609026e+07,1.818817e+07,1.239960e+02,1.410271e+06,8.844656e+01,,,,5
2018-04-26 11:54:40.000000,2.609024e+07,1.818847e+07,1.239960e+02,1.410271e+06,8.844656e+01,,,,5
2018-04-26 11:54:41.000000,2.609024e+07,1.818727e+07,1.239953e+02,1.410271e+06,8.844655e+01,,,,5
2018-04-26 11:54:42.000000,2.609023e+07,1.818684e+07,1.239951e+02,1.410271e+06,8.844655e+01,,,,5
2018-04-26 11:54:43.000000,2.609026e+07,1.818687e+07,1.239951e+02,1.410271e+06,8.844655e+01,,,,5
2018-04-26 11:54:44.000000,2.609026e+07,1.818654e+07,1.239949e+02,1.410271e+06,8.844655e+01,,,,5
2018-04-26 11:54:45.000000,2.609026e+07,1.818774e+07,1.239955e+02,1.410271e+06,8.844654e+01,,,,5
2018-04-26 11:54:46.000000,2.609024e+07,1.818746e+07,1.239955e+02,1.410271e+06,8.844654e+01,,,,5
2018-04-26 11:54:47.000000,2.609023e+07,1.818862e+07,1.239962e+02,1.410271e+06,8.844654e+01,,,,5
2018-04-26 11:54:48.000000,2.609024e+07,1.818745e+07,1.239956e+02,1.410271e+06,8.844653e+01,,,,5
2018-04-26 11:54:49.000000,2.609026e+07,1.818942e+07,1.239967e+02,1.410271e+06,8.844653e+01,,,,5
2018-04-26 11:54:50.000000,2.609026e+07,1.818782e+07,1.239958e+02,1.410271e+06,8.844653e+01,,,,5
2018-04-26 11:54:51.000000,2.609024e+07,1.818856e+07,1.239961e+02,1.410271e+06,8.844653e+01,,,,5
2018-04-26 11:54:52.000000,2.609024e+07,1.818696e+07,1.239952e+02,1.410271e+06,8.844652e+01,,,,5
2018-04-26 11:54:53.000000,2.609024e+07,1.818691e+07,1.239952e+02,1.410271e+06,8.844652e+01,,,,5
2018-04-26 11:54:54.000000,2.609026e+07,1.818687e+07,1.239951e+02,1.410271e+06,8.844652e+01,,,,5
2018-04-26 11:54:55.000000,2.609026e+07,1.818659e+07,1.239949e+02,1.410271e+06,8.844652e+01,,,,5
2018-04-26 11:54:56.000000,2.609025e+07,1.818780e+07,1.239956e+02,1.410271e+06,8.844651e+01,,,,5
2018-04-26 11:54:57.000000,2.609024e+07,1.818751e+07,1.239956e+02,1.410271e+06,8.844651e+01,,,,5
2018-04-26 11:54:58.000000,2.609024e+07,1.818869e+07,1.239962e+02,1.410271e+06,8.844651e+01,,,,5
2018-04-26 11:54:59.000000,2.609024e+07,1.818746e+07,1.239955e+02,1.410271e+06,8.844650e+01,,,,5
2018-04-26 11:55:00.000000,2.609026e+07,1.818892e+07,1.239964e+02,1.410271e+06,8.844650e+01,,,,5
2018-04-26 11:55:01.000000,2.609025e+07,1.818782e+07,1.239958e+02,1.410271e+06,8.844650e+01,,,,5
2018-04-26 11:55:02.000000,2.609024e+07,1.818807e+07,1.239958e+02,1.410271e+06,8.844650e+01,,,,5
2018-04-26 11:55:03.000000,2.609024e+07,1.818696e+07,1.239952e+02,1.410271e+06,8.844649e+01,,,,5
2018-04-26 11:55:04.000000,2.609024e+07,1.818846e+07,1.239960e+02,1.410271e+06,8.844649e+01,,,,5
2018-04-26 11:55:05.000000,2.609026e+07,1.818674e+07,1.239950e+02,1.410271e+06,8.844649e+01,,,,5
2018-04-26 11:55:06.000000,2.609025e+07,1.818807e+07,1.239957e+02,1.410271e+06,8.844648e+01,,,,5
2018-04-26 11:55:07.000000,2.609026e+07,1.818690e+07,1.239951e+02,1.410271e+06,8.844648e+01,,,,5
2018-04-26 11:55:08.000000,2.609024e+07,1.818744e+07,1.239956e+02,1.410271e+06,8.844648e+01,,,,5
2018-04-26 11:55:09.000000,2.609024e+07,1.818777e+07,1.239957e+02,1.410271e+06,8.844648e+01,,,,5
2018-04-26 11:55:10.000000,2.609024e+07,1.818744e+07,1.239955e+02,1.410271e+06,8.844647e+01,,,,5
2018-04-26 11:55:11.000000,2.609025e+07,1.818803e+07,1.239960e+02,1.410271e+06,8.844647e+01,,,,5
2018-04-26 11:55:12.000000,2.609026e+07,1.818776e+07,1.239958e+02,1.410271e+06,8.844647e+01,,,,5
2018-04-26 11:55:13.000000,2.609026e+07,1.818956e+07,1.239968e+02,1.410271e+06,8.844647e+01,,,,5
2018-04-26 11:55:14.000000,2.609024e+07,1.818702e+07,1.239952e+02,1.410271e+06,8.844646e+01,,,,5
2018-04-26 11:55:15.000000,2.609024e+07,1.818857e+07,1.239961e+02,1.410271e+06,8.844646e+01,,,,5
2018-04-26 11:55:16.000000,2.609026e+07,1.818673e+07,1.239950e+02,1.410271e+06,8.844646e+01,,,,5
2018-04-26 11:55:17.000000,2.609026e+07,1.818820e+07,1.239958e+02,1.410271e+06,8.844645e+01,,,,5
2018-04-26 11:55:18.000000,2.609026e+07,1.818692e+07,1.239951e+02,1.410271e+06,8.844645e+01,,,,5
2018-04-26 11:55:19.000000,2.609024e+07,1.818900e+07,1.239964e+02,1.410271e+06,8.844645e+01,,,,5
2018-04-26 11:55:20.000000,2.609023e+07,1.818791e+07,1.239958e+02,1.410271e+06,8.844645e+01,,,,5
2018-04-26 11:55:21.000000,2.609024e+07,1.818749e+07,1.239956e+02,1.410271e+06,8.844644e+01,,,,5
2018-04-26 11:55:22.000000,2.609026e+07,1.818806e+07,1.239960e+02,1.410271e+06,8.844644e+01,,,,5
2018-04-26 11:55:23.000000,2.609026e+07,1.818777e+07,1.239958e+02,1.410271e+06,8.844644e+01,,,,5
2018-04-26 11:55:24.000000,2.609026e+07,1.818903e+07,1.239965e+02,1.410271e+06,8.844643e+01,,,,5
2018-04-26 11:55:25.000000,2.609023e+07,1.818701e+07,1.239952e+02,1.410271e+06,8.844643e+01,,,,5
2018-04-26 11:55:26.000000,2.609024e+07,1.818804e+07,1.239958e+02,1.410271e+06,8.844643e+01,,,,5
2018-04-26 11:55:27.000000,2.609024e+07,1.818687e+07,1.239951e+02,1.410271e+06,8.844643e+01,,,,5
2018-04-26 11:55:28.000000,2.609026e+07,1.818768e+07,1.239955e+02,1.410271e+06,8.844642e+01,,,,5
2018-04-26 11:55:29.000000,2.609026e+07,1.818659e+07,1.239949e+02,1.410271e+06,8.844642e+01,,,,5
2018-04-26 11:55:30.000000,2.609023e+07,1.818843e+07,1.239961e+02,1.410271e+06,8.844642e+01,,,,5
2018-04-26 11:55:31.000000,2.609024e+07,1.818754e+07,1.239956e+02,1.410271e+06,8.844641e+01,,,,5
2018-04-26 11:55:32.000000,2.609024e+07,1.818750e+07,1.239956e+02,1.410271e+06,8.844641e+01,,,,5
2018-04-26 11:55:33.000000,2.609026e+07,1.818773e+07,1.239958e+02,1.410271e+06,8.844641e+01,,,,5
2018-04-26 11:55:34.000000,2.609026e+07,1.818782e+07,1.239958e+02,1.410271e+06,8.844641e+01,,,,5
2018-04-26 11:55:35.000000,2.609025e+07,1.818808e+07,1.239959e+02,1.410271e+06,8.844640e+01,,,,5
2018-04-26 11:55:36.000000,2.609024e+07,1.818701e+07,1.239953e+02,1.410271e+06,8.844640e+01,,,,5
2018-04-26 11:55:37.000000,2.609024e+07,1.818804e+07,1.239958e+02,1.410271e+06,8.844640e+01,,,,5
2018-04-26 11:55:38.000000,2.609024e+07,1.818682e+07,1.239951e+02,1.410271e+06,8.844640e+01,,,,5
2018-04-26 11:55:39.000000,2.609025e+07,1.818775e+07,1.239956e+02,1.410271e+06,8.844639e+01,,,,5
2018-04-26 11:55:40.000000,2.609026e+07,1.818656e+07,1.239949e+02,1.410271e+06,8.844639e+01,,,,5
2018-04-26 11:55:41.000000,2.609026e+07,1.818834e+07,1.239959e+02,1.410271e+06,8.844639e+01,,,,5
2018-04-26 11:55:42.000000,2.609024e+07,1.818752e+07,1.239955e+02,1.410271e+06,8.844638e+01,,,,5
2018-04-26 11:55:43.000000,2.609024e+07,1.818917e+07,1.239965e+02,1.410271e+06,8.844638e+01,,,,5
2018-04-26 11:55:44.000000,2.609025e+07,1.818793e+07,1.239959e+02,1.410271e+06,8.844638e+01,,,,5
2018-04-26 11:55:45.000000,2.609026e+07,1.818943e+07,1.239966e+02,1.410271e+06,8.844638e+01,,,,5
2018-04-26 11:55:46.000000,2.609026e+07,1.818817e+07,1.239960e+02,1.410271e+06,8.844637e+01,,,,5
2018-04-26 11:55:47.000000,2.609024e+07,1.818847e+07,1.239960e+02,1.410271e+06,8.844637e+01,,,,5
2018-04-26 11:55:48.000000,2.609024e+07,1.818727e+07,1.239953e+02,1.410271e+06,8.844637e+01,,,,5
2018-04-26 11:55:49.000000,2.609023e+07,1.818684e+07,1.239951e+02,1.410271e+06,8.844637e+01,,,,5
2018-04-26 11:55:50.000000,2.609026e+07,1.818687e+07,1.239951e+02,1.410271e+06,8.844636e+01,,,,5
2018-04-26 11:55:51.000000,2.609026e+07,1.818654e+07,1.239949e+02,1.410271e+06,8.844636e+01,,,,5
2018-04-26 11:55:52.000000,2.609026e+07,1.818774e+07,1.239955e+02,1.410271e+06,8.844636e+01,,,,5
2018-04-26 11:55:53.000000,2.609024e+07,1.818746e+07,1.239955e+02,1.410271e+06,8.844635e+01,,,,5
2018-04-26 11:55:54.000000,2.609023e+07,1.818861e+07,1.239962e+02,1.410271e+06,8.844635e+01,,,,5
2018-04-26 11:55:55.000000,2.609024e+07,1.818745e+07,1.239955e+02,1.410271e+06,8.844635e+01,,,,5
2018-04-26 11:55:56.000000,2.609026e+07,1.818942e+07,1.239967e+02,1.410271e+06,8.844635e+01,,,,5
2018-04-26 11:55:57.000000,2.609026e+07,1.818784e+07,1.239958e+02,1.410271e+06,8.844634e+01,,,,5
2018-04-26 11:55:58.000000,2.609024e+07,1.818856e+07,1.239961e+02,1.410271e+06,8.844634e+01,,,,5
2018-04-26 11:55:59.000000,2.609024e+07,1.818696e+07,1.239952e+02,1.410271e+06,8.844634e+01,,,,5
2018-04-26 11:56:00.000000,2.609024e+07,1.818690e+07,1.239952e+02,1.410271e+06,8.844633e+01,,,,5
2018-04-26 11:56:01.000000,2.609026e+07,1.818687e+07,1.239951e+02,1.410271e+06,8.844633e+01,,,,5
2018-04-26 11:56:02.000000,2.609026e+07,1.818659e+07,1.239949e+02,1.410271e+06,8.844633e+01,,,,5
2018-04-26 11:56:03.000000,2.609025e+07,1.818780e+07,1.239956e+02,1.410271e+06,8.844633e+01,,,,5
2018-04-26 11:56:04.000000,2.609024e+07,1.818751e+07,1.239956e+02,1.410271e+06,8.844632e+01,,,,5
2018-04-26 11:56:05.000000,2.609024e+07,1.818868e+07,1.239962e+02,1.410271e+06,8.844632e+01,,,,5
2018-04-26 11:56:06.000000,2.609024e+07,1.818746e+07,1.239955e+02,1.410271e+06,8.844632e+01,,,,5
2018-04-26 11:56:07.000000,2.609026e+07,1.818891e+07,1.239964e+02,1.410271e+06,8.844632e+01,,,,5
2018-04-26 11:56:08.000000,2.609025e+07,1.818782e+07,1.239958e+02,1.410271e+06,8.844631e+01,,,,5
2018-04-26 11:56:09.000000,2.609026e+07,1.818955e+07,1.239967e+02,1.410271e+06,8.844631e+01,,,,5
2018-04-26 11:56:10.000000,2.609024e+07,1.818705e+07,1.239952e+02,1.410271e+06,8.844631e+01,,,,5
2018-04-26 11:56:11.000000,2.609024e+07,1.818844e+07,1.239960e+02,1.410271e+06,8.844630e+01,,,,5
2018-04-26 11:56:12.000000,2.609026e+07,1.818674e+07,1.239950e+02,1.410271e+06,8.844630e+01,,,,5
2018-04-26 11:56:13.000000,2.609025e+07,1.818807e+07,1.239957e+02,1.410271e+06,8.844630e+01,,,,5
2018-04-26 11:56:14.000000,2.609026e+07,1.818691e+07,1.239951e+02,1.410271e+06,8.844630e+01,,,,5
2018-04-26 11:56:15.000000,2.609024e+07,1.818744e+07,1.239956e+02,1.410271e+06,8.844629e+01,,,,5
2018-04-26 11:56:16.000000,2.609024e+07,1.818777e+07,1.239957e+02,1.410271e+06,8.844629e+01,,,,5
2018-04-26 11:56:17.000000,2.609024e+07,1.818743e+07,1.239955e+02,1.410271e+06,8.844629e+01,,,,5
2018-04-26 11:56:18.000000,2.609025e+07,1.818803e+07,1.239959e+02,1.410271e+06,8.844629e+01,,,,5
2018-04-26 11:56:19.000000,2.609026e+07,1.818776e+07,1.239958e+02,1.410271e+06,8.844628e+01,,,,5
2018-04-26 11:56:20.000000,2.609026e+07,1.818956e+07,1.239968e+02,1.410271e+06,8.844628e+01,,,,5
2018-04-26 11:56:21.000000,2.609024e+07,1.818704e+07,1.239952e+02,1.410271e+06,8.844628e+01,,,,5
2018-04-26 11:56:22.000000,2.609024e+07,1.818857e+07,1.239961e+02,1.410271e+06,8.844627e+01,,,,5
2018-04-26 11:56:23.000000,2.609024e+07,1.818683e+07,1.239951e+02,1.410271e+06,8.844627e+01,,,,5
2018-04-26 11:56:24.000000,2.609026e+07,1.818823e+07,1.239958e+02,1.410271e+06,8.844627e+01,,,,5
2018-04-26 11:56:25.000000,2.609025e+07,1.818692e+07,1.239951e+02,1.410271e+06,8.844627e+01,,,,5
2018-04-26 11:56:26.000000,2.609024e+07,1.818900e+07,1.239964e+02,1.410271e+06,8.844626e+01,,,,5
2018-04-26 11:56:27.000000,2.609023e+07,1.818791e+07,1.239958e+02,1.410271e+06,8.844626e+01,,,,5
2018-04-26 11:56:28.000000,2.609024e+07,1.818749e+07,1.239956e+02,1.410271e+06,8.844626e+01,,,,5
2018-04-26 11:56:29.000000,2.609026e+07,1.818806e+07,1.239960e+02,1.410271e+06,8.844626e+01,,,,5
2018-04-26 11:56:30.000000,2.609026e+07,1.818777e+07,1.239958e+02,1.410271e+06,8.844625e+01,,,,5
2018-04-26 11:56:31.000000,2.609026e+07,1.818901e+07,1.239965e+02,1.410271e+06,8.844625e+01,,,,5
2018-04-26 11:56:32.000000,2.609023e+07,1.818702e+07,1.239952e+02,1.410271e+06,8.844625e+01,,,,5
2018-04-26 11:56:33.000000,2.609024e+07,1.818804e+07,1.239958e+02,1.410271e+06,8.844624e+01,,,,5
2018-04-26 11:56:34.000000,2.609024e+07,1.818686e+07,1.239951e+02,1.410271e+06,8.844624e+01,,,,5
2018-04-26 11:56:35.000000,2.609026e+07,1.818768e+07,1.239955e+02,1.410271e+06,8.844624e+01,,,,5
2018-04-26 11:56:36.000000,2.609026e+07,1.818659e+07,1.239949e+02,1.410271e+06,8.844624e+01,,,,5
2018-04-26 11:56:37.000000,2.609023e+07,1.818843e+07,1.239961e+02,1.410271e+06,8.844623e+01,,,,5
2018-04-26 11:56:38.000000,2.609024e+07,1.818755e+07,1.239956e+02,1.410271e+06,8.844623e+01,,,,5
2018-04-26 11:56:39.000000,2.609024e+07,1.818750e+07,1.239956e+02,1.410271e+06,8.844623e+01,,,,5
2018-04-26 11:56:40.000000,2.609026e+07,1.818773e+07,1.239958e+02,1.410271e+06,8.844622e+01,,,,5
2018-04-26 11:56:41.000000,2.609025e+07,1.818782e+07,1.239958e+02,1.410271e+06,8.844622e+01,,,,5
2018-04-26 11:56:42.000000,2.609025e+07,1.818808e+07,1.239959e+02,1.410271e+06,8.844622e+01,,,,5
2018-04-26 11:56:43.000000,2.609024e+07,1.818701e+07,1.239953e+02,1.410271e+06,8.844622e+01,,,,5
2018-04-26 11:56:44.000000,2.609024e+07,1.818804e+07,1.239958e+02,1.410271e+06,8.844621e+01,,,,5
2018-04-26 11:56:45.000000,2.609024e+07,1.818683e+07,1.239951e+02,1.410271e+06,8.844621e+01,,,,5
2018-04-26 11:56:46.000000,2.609025e+07,1.818773e+07,1.239956e+02,1.410271e+06,8.844621e+01,,,,5
2018-04-26 11:56:47.000000,2.609025e+07,1.818656e+07,1.239949e+02,1.410271e+06,8.844621e+01,,,,5
2018-04-26 11:56:48.000000,2.609026e+07,1.818832e+07,1.239959e+02,1.410271e+06,8.844620e+01,,,,5
2018-04-26 11:56:49.000000,2.609024e+07,1.818752e+07,1.239955e+02,1.410271e+06,8.844620e+01,,,,5
2018-04-26 11:56:50.000000,2.609024e+07,1.818917e+07,1.239965e+02,1.410271e+06,8.844620e+01,,,,5
2018-04-26 11:56:51.000000,2.609025e+07,1.818793e+07,1.239959e+02,1.410271e+06,8.844619e+01,,,,5
2018-04-26 11:56:52.000000,2.609026e+07,1.818940e+07,1.239966e+02,1.410271e+06,8.844619e+01,,,,5
2018-04-26 11:56:53.000000,2.609026e+07,1.818817e+07,1.239960e+02,1.410271e+06,8.844619e+01,,,,5
2018-04-26 11:56:54.000000,2.609024e+07,1.818847e+07,1.239960e+02,1.410271e+06,8.844619e+01,,,,5
2018-04-26 11:56:55.000000,2.609024e+07,1.818729e+07,1.239954e+02,1.410271e+06,8.844618e+01,,,,5
2018-04-26 11:56:56.000000,2.609023e+07,1.818684e+07,1.239951e+02,1.410271e+06,8.844618e+01,,,,5
2018-04-26 11:56:57.000000,2.609026e+07,1.818687e+07,1.239951e+02,1.410271e+06,8.844618e+01,,,,5
2018-04-26 11:56:58.000000,2.609026e+07,1.818653e+07,1.239949e+02,1.410271e+06,8.844618e+01,,,,5
2018-04-26 11:56:59.000000,2.609026e+07,1.818774e+07,1.239955e+02,1.410271e+06,8.844617e+01,,,,5
2018-04-26 11:57:00.000000,2.609024e+07,1.818745e+07,1.239955e+02,1.410271e+06,8.844617e+01,,,,5
2018-04-26 11:57:01.000000,2.609023e+07,1.818860e+07,1.239962e+02,1.410271e+06,8.844617e+01,,,,5
2018-04-26 11:57:02.000000,2.609024e+07,1.818746e+07,1.239955e+02,1.410270e+06,8.844617e+01,,,,5
2018-04-26 11:57:03.000000,2.609026e+07,1.818942e+07,1.239967e+02,1.410270e+06,8.844616e+01,,,,5
2018-04-26 11:57:04.000000,2.609026e+07,1.818784e+07,1.239958e+02,1.410270e+06,8.844616e+01,,,,5
2018-04-26 11:57:05.000000,2.609024e+07,1.818855e+07,1.239961e+02,1.410270e+06,8.844616e+01,,,,5
2018-04-26 11:57:06.000000,2.609023e+07,1.818696e+07,1.239952e+02,1.410270e+06,8.844615e+01,,,,5
2018-04-26 11:57:07.000000,2.609024e+07,1.818690e+07,1.239952e+02,1.410270e+06,8.844615e+01,,,,5
2018-04-26 11:57:08.000000,2.609025e+07,1.818687e+07,1.239951e+02,1.410270e+06,8.844615e+01,,,,5
2018-04-26 11:57:09.000000,2.609026e+07,1.818659e+07,1.239949e+02,1.410270e+06,8.844615e+01,,,,5
2018-04-26 11:57:10.000000,2.609025e+07,1.818779e+07,1.239956e+02,1.410270e+06,8.844614e+01,,,,5
2018-04-26 11:57:11.000000,2.609024e+07,1.818751e+07,1.239956e+02,1.410270e+06,8.844614e+01,,,,5
2018-04-26 11:57:12.000000,2.609024e+07,1.818867e+07,1.239962e+02,1.410270e+06,8.844614e+01,,,,5
2018-04-26 11:57:13.000000,2.609024e+07,1.818746e+07,1.239955e+02,1.410270e+06,8.844614e+01,,,,5
2018-04-26 11:57:14.000000,2.609026e+07,1.818891e+07,1.239964e+02,1.410270e+06,8.844613e+01,,,,5
2018-04-26 11:57:15.000000,2.609025e+07,1.818784e+07,1.239958e+02,1.410270e+06,8.844613e+01,,,,5
2018-04-26 11:57:16.000000,2.609026e+07,1.818955e+07,1.239967e+02,1.410270e+06,8.844613e+01,,,,5
2018-04-26 11:57:17.000000,2.609024e+07,1.818705e+07,1.239952e+02,1.410270e+06,8.844612e+01,,,,5
2018-04-26 11:57:18.000000,2.609024e+07,1.818844e+07,1.239960e+02,1.410270e+06,8.844612e+01,,,,5
2018-04-26 11:57:19.000000,2.609026e+07,1.818675e+07,1.239950e+02,1.410270e+06,8.844612e+01,,,,5
2018-04-26 11:57:20.000000,2.609025e+07,1.818807e+07,1.239957e+02,1.410270e+06,8.844612e+01,,,,5
2018-04-26 11:57:21.000000,2.609026e+07,1.818691e+07,1.239951e+02,1.410270e+06,8.844611e+01,,,,5
2018-04-26 11:57:22.000000,2.609024e+07,1.818744e+07,1.239955e+02,1.410270e+06,8.844611e+01,,,,5
2018-04-26 11:57:23.000000,2.609024e+07,1.818777e+07,1.239957e+02,1.410270e+06,8.844611e+01,,,,5
2018-04-26 11:57:24.000000,2.609024e+07,1.818743e+07,1.239955e+02,1.410270e+06,8.844611e+01,,,,5
2018-04-26 11:57:25.000000,2.609025e+07,1.818803e+07,1.239959e+02,1.410270e+06,8.844610e+01,,,,5
2018-04-26 11:57:26.000000,2.609026e+07,1.818776e+07,1.239958e+02,1.410270e+06,8.844610e+01,,,,5
2018-04-26 11:57:27.000000,2.609025e+07,1.818956e+07,1.239967e+02,1.410270e+06,8.844610e+01,,,,5
2018-04-26 11:57:28.000000,2.609024e+07,1.818703e+07,1.239952e+02,1.410270e+06,8.844609e+01,,,,5
2018-04-26 11:57:29.000000,2.609023e+07,1.818855e+07,1.239960e+02,1.410270e+06,8.844609e+01,,,,5
2018-04-26 11:57:30.000000,2.609023e+07,1.818683e+07,1.239951e+02,1.410270e+06,8.844609e+01,,,,5
2018-04-26 11:57:31.000000,2.609026e+07,1.818823e+07,1.239958e+02,1.410270e+06,8.844609e+01,,,,5
2018-04-26 11:57:32.000000,2.609025e+07,1.818693e+07,1.239951e+02,1.410270e+06,8.844608e+01,,,,5
2018-04-26 11:57:33.000000,2.609024e+07,1.818899e+07,1.239964e+02,1.410270e+06,8.844608e+01,,,,5
2018-04-26 11:57:34.000000,2.609023e+07,1.818790e+07,1.239958e+02,1.410270e+06,8.844608e+01,,,,5
2018-04-26 11:57:35.000000,2.609024e+07,1.818749e+07,1.239956e+02,1.410270e+06,8.844608e+01,,,,5
2018-04-26 11:57:36.000000,2.609026e+07,1.818805e+07,1.239960e+02,1.410270e+06,8.844607e+01,,,,5
2018-04-26 11:57:37.000000,2.609025e+07,1.818777e+07,1.239958e+02,1.410270e+06,8.844607e+01,,,,5
2018-04-26 11:57:38.000000,2.609026e+07,1.818901e+07,1.239965e+02,1.410270e+06,8.844607e+01,,,,5
2018-04-26 11:57:39.000000,2.609023e+07,1.818703e+07,1.239952e+02,1.410270e+06,8.844606e+01,,,,5
2018-04-26 11:57:40.000000,2.609024e+07,1.818804e+07,1.239958e+02,1.410270e+06,8.844606e+01,,,,5
2018-04-26 11:57:41.000000,2.609024e+07,1.818686e+07,1.239951e+02,1.410270e+06,8.844606e+01,,,,5
2018-04-26 11:57:42.000000,2.609026e+07,1.818768e+07,1.239955e+02,1.410270e+06,8.844606e+01,,,,5
2018-04-26 11:57:43.000000,2.609026e+07,1.818659e+07,1.239949e+02,1.410270e+06,8.844605e+01,,,,5
2018-04-26 11:57:44.000000,2.609025e+07,1.818819e+07,1.239958e+02,1.410270e+06,8.844605e+01,,,,5
2018-04-26 11:57:45.000000,2.609024e+07,1.818750e+07,1.239955e+02,1.410270e+06,8.844605e+01,,,,5
2018-04-26 11:57:46.000000,2.609024e+07,1.818750e+07,1.239956e+02,1.410270e+06,8.844605e+01,,,,5
2018-04-26 11:57:47.000000,2.609026e+07,1.818773e+07,1.239958e+02,1.410270e+06,8.844604e+01,,,,5
2018-04-26 11:57:48.000000,2.609025e+07,1.818781e+07,1.239958e+02,1.410270e+06,8.844604e+01,,,,5
2018-04-26 11:57:49.000000,2.609025e+07,1.818808e+07,1.239959e+02,1.410270e+06,8.844604e+01,,,,5
2018-04-26 11:57:50.000000,2.609024e+07,1.818701e+07,1.239953e+02,1.410270e+06,8.844604e+01,,,,5
2018-04-26 11:57:51.000000,2.609024e+07,1.818804e+07,1.239958e+02,1.410270e+06,8.844603e+01,,,,5
2018-04-26 11:57:52.000000,2.609024e+07,1.818683e+07,1.239951e+02,1.410270e+06,8.844603e+01,,,,5
2018-04-26 11:57:53.000000,2.609025e+07,1.818773e+07,1.239956e+02,1.410270e+06,8.844603e+01,,,,5
2018-04-26 11:57:54.000000,2.609025e+07,1.818656e+07,1.239949e+02,1.410270e+06,8.844602e+01,,,,5
2018-04-26 11:57:55.000000,2.609026e+07,1.818832e+07,1.239959e+02,1.410270e+06,8.844602e+01,,,,5
2018-04-26 11:57:56.000000,2.609024e+07,1.818752e+07,1.239955e+02,1.410270e+06,8.844602e+01,,,,5
2018-04-26 11:57:57.000000,2.609024e+07,1.818916e+07,1.239965e+02,1.410270e+06,8.844602e+01,,,,5
2018-04-26 11:57:58.000000,2.609023e+07,1.818780e+07,1.239957e+02,1.410270e+06,8.844601e+01,,,,5
2018-04-26 11:57:59.000000,2.609026e+07,1.818942e+07,1.239966e+02,1.410270e+06,8.844601e+01,,,,5
2018-04-26 11:58:00.000000,2.609026e+07,1.818818e+07,1.239960e+02,1.410270e+06,8.844601e+01,,,,5
2018-04-26 11:58:01.000000,2.609024e+07,1.818846e+07,1.239960e+02,1.410270e+06,8.844601e+01,,,,5
2018-04-26 11:58:02.000000,2.609024e+07,1.818729e+07,1.239954e+02,1.410270e+06,8.844600e+01,,,,5
2018-04-26 11:58:03.000000,2.609023e+07,1.818684e+07,1.239951e+02,1.410270e+06,8.844600e+01,,,,5
2018-04-26 11:58:04.000000,2.609026e+07,1.818687e+07,1.239951e+02,1.410270e+06,8.844600e+01,,,,5
2018-04-26 11:58:05.000000,2.609026e+07,1.818653e+07,1.239949e+02,1.410270e+06,8.844600e+01,,,,5
2018-04-26 11:58:06.000000,2.609026e+07,1.818772e+07,1.239955e+02,1.410270e+06,8.844599e+01,,,,5
2018-04-26 11:58:07.000000,2.609024e+07,1.818745e+07,1.239955e+02,1.410270e+06,8.844599e+01,,,,5
2018-04-26 11:58:08.000000,2.609023e+07,1.818860e+07,1.239962e+02,1.410270e+06,8.844599e+01,,,,5
2018-04-26 11:58:09.000000,2.609024e+07,1.818746e+07,1.239955e+02,1.410270e+06,8.844598e+01,,,,5
2018-04-26 11:58:10.000000,2.609025e+07,1.818940e+07,1.239966e+02,1.410270e+06,8.844598e+01,,,,5
2018-04-26 11:58:11.000000,2.609026e+07,1.818784e+07,1.239958e+02,1.410270e+06,8.844598e+01,,,,5
2018-04-26 11:58:12.000000,2.609025e+07,1.818781e+07,1.239958e+02,1.410270e+06,8.844598e+01,,,,5
2018-04-26 11:58:13.000000,2.609023e+07,1.818690e+07,1.239952e+02,1.410270e+06,8.844597e+01,,,,5
2018-04-26 11:58:14.000000,2.609024e+07,1.818690e+07,1.239952e+02,1.410270e+06,8.844597e+01,,,,5
2018-04-26 11:58:15.000000,2.609025e+07,1.818687e+07,1.239951e+02,1.410270e+06,8.844597e+01,,,,5
2018-04-26 11:58:16.000000,2.609026e+07,1.818659e+07,1.239949e+02,1.410270e+06,8.844597e+01,,,,5
2018-04-26 11:58:17.000000,2.609025e+07,1.818778e+07,1.239956e+02,1.410270e+06,8.844596e+01,,,,5
2018-04-26 11:58:18.000000,2.609024e+07,1.818751e+07,1.239956e+02,1.410270e+06,8.844596e+01,,,,5
2018-04-26 11:58:19.000000,2.609024e+07,1.818867e+07,1.239962e+02,1.410270e+06,8.844596e+01,,,,5
2018-04-26 11:58:20.000000,2.609024e+07,1.818748e+07,1.239955e+02,1.410270e+06,8.844596e+01,,,,5
2018-04-26 11:58:21.000000,2.609026e+07,1.818891e+07,1.239963e+02,1.410270e+06,8.844595e+01,,,,5
2018-04-26 11:58:22.000000,2.609025e+07,1.818784e+07,1.239958e+02,1.410270e+06,8.844595e+01,,,,5
2018-04-26 11:58:23.000000,2.609026e+07,1.818953e+07,1.239967e+02,1.410270e+06,8.844595e+01,,,,5
2018-04-26 11:58:24.000000,2.609024e+07,1.818705e+07,1.239952e+02,1.410270e+06,8.844594e+01,,,,5
2018-04-26 11:58:25.000000,2.609024e+07,1.818843e+07,1.239960e+02,1.410270e+06,8.844594e+01,,,,5
2018-04-26 11:58:26.000000,2.609026e+07,1.818675e+07,1.239950e+02,1.410270e+06,8.844594e+01,,,,5
2018-04-26 11:58:27.000000,2.609025e+07,1.818805e+07,1.239957e+02,1.410270e+06,8.844594e+01,,,,5
2018-04-26 11:58:28.000000,2.609026e+07,1.818691e+07,1.239950e+02,1.410270e+06,8.844593e+01,,,,5
2018-04-26 11:58:29.000000,2.609024e+07,1.818744e+07,1.239955e+02,1.410270e+06,8.844593e+01,,,,5
2018-04-26 11:58:30.000000,2.609024e+07,1.818777e+07,1.239957e+02,1.410270e+06,8.844593e+01,,,,5
2018-04-26 11:58:31.000000,2.609024e+07,1.818743e+07,1.239955e+02,1.410270e+06,8.844593e+01,,,,5
2018-04-26 11:58:32.000000,2.609025e+07,1.818803e+07,1.239959e+02,1.410270e+06,8.844592e+01,,,,5
2018-04-26 11:58:33.000000,2.609026e+07,1.818776e+07,1.239958e+02,1.410270e+06,8.844592e+01,,,,5
2018-04-26 11:58:34.000000,2.609025e+07,1.818954e+07,1.239967e+02,1.410270e+06,8.844592e+01,,,,5
2018-04-26 11:58:35.000000,2.609024e+07,1.818703e+07,1.239952e+02,1.410270e+06,8.844592e+01,,,,5
2018-04-26 11:58:36.000000,2.609023e+07,1.818855e+07,1.239960e+02,1.410270e+06,8.844591e+01,,,,5
2018-04-26 11:58:37.000000,2.609023e+07,1.818685e+07,1.239951e+02,1.410270e+06,8.844591e+01,,,,5
2018-04-26 11:58:38.000000,2.609026e+07,1.818767e+07,1.239955e+02,1.410270e+06,8.844591e+01,,,,5
2018-04-26 11:58:39.000000,2.609025e+07,1.818659e+07,1.239949e+02,1.410270e+06,8.844590e+01,,,,5
2018-04-26 11:58:40.000000,2.609024e+07,1.818843e+07,1.239961e+02,1.410270e+06,8.844590e+01,,,,5
2018-04-26 11:58:41.000000,2.609024e+07,1.818754e+07,1.239956e+02,1.410270e+06,8.844590e+01,,,,5
2018-04-26 11:58:42.000000,2.609024e+07,1.818750e+07,1.239956e+02,1.410270e+06,8.844590e+01,,,,5
2018-04-26 11:58:43.000000,2.609026e+07,1.818773e+07,1.239958e+02,1.410270e+06,8.844589e+01,,,,5
2018-04-26 11:58:44.000000,2.609025e+07,1.818782e+07,1.239958e+02,1.410270e+06,8.844589e+01,,,,5
2018-04-26 11:58:45.000000,2.609025e+07,1.818808e+07,1.239959e+02,1.410270e+06,8.844589e+01,,,,5
2018-04-26 11:58:46.000000,2.609024e+07,1.818701e+07,1.239953e+02,1.410270e+06,8.844589e+01,,,,5
2018-04-26 11:58:47.000000,2.609024e+07,1.818804e+07,1.239958e+02,1.410270e+06,8.844588e+01,,,,5
2018-04-26 11:58:48.000000,2.609024e+07,1.818682e+07,1.239951e+02,1.410270e+06,8.844588e+01,,,,5
2018-04-26 11:58:49.000000,2.609025e+07,1.818774e+07,1.239956e+02,1.410270e+06,8.844588e+01,,,,5
2018-04-26 11:58:50.000000,2.609025e+07,1.818656e+07,1.239949e+02,1.410270e+06,8.844588e+01,,,,5
2018-04-26 11:58:51.000000,2.609026e+07,1.818832e+07,1.239958e+02,1.410270e+06,8.844587e+01,,,,5
2018-04-26 11:58:52.000000,2.609024e+07,1.818752e+07,1.239955e+02,1.410270e+06,8.844587e+01,,,,5
2018-04-26 11:58:53.000000,2.609024e+07,1.818917e+07,1.239965e+02,1.410270e+06,8.844587e+01,,,,5
2018-04-26 11:58:54.000000,2.609025e+07,1.818793e+07,1.239959e+02,1.410270e+06,8.844586e+01,,,,5
2018-04-26 11:58:55.000000,2.609026e+07,1.818942e+07,1.239966e+02,1.410270e+06,8.844586e+01,,,,5
2018-04-26 11:58:56.000000,2.609026e+07,1.818816e+07,1.239959e+02,1.410270e+06,8.844586e+01,,,,5
2018-04-26 11:58:57.000000,2.609024e+07,1.818847e+07,1.239960e+02,1.410270e+06,8.844586e+01,,,,5
2018-04-26 11:58:58.000000,2.609024e+07,1.818727e+07,1.239953e+02,1.410270e+06,8.844585e+01,,,,5
2018-04-26 11:58:59.000000,2.609023e+07,1.818684e+07,1.239951e+02,1.410270e+06,8.844585e+01,,,,5
2018-04-26 11:59:00.000000,2.609026e+07,1.818687e+07,1.239950e+02,1.410270e+06,8.844585e+01,,,,5
2018-04-26 11:59:01.000000,2.609026e+07,1.818654e+07,1.239949e+02,1.410270e+06,8.844585e+01,,,,5
2018-04-26 11:59:02.000000,2.609026e+07,1.818774e+07,1.239955e+02,1.410270e+06,8.844584e+01,,,,5
2018-04-26 11:59:03.000000,2.609024e+07,1.818746e+07,1.239955e+02,1.410270e+06,8.844584e+01,,,,5
2018-04-26 11:59:04.000000,2.609023e+07,1.818861e+07,1.239962e+02,1.410270e+06,8.844584e+01,,,,5
2018-04-26 11:59:05.000000,2.609024e+07,1.818745e+07,1.239955e+02,1.410270e+06,8.844584e+01,,,,5
2018-04-26 11:59:06.000000,2.609026e+07,1.818942e+07,1.239966e+02,1.410270e+06,8.844583e+01,,,,5
2018-04-26 11:59:07.000000,2.609026e+07,1.818784e+07,1.239958e+02,1.410270e+06,8.844583e+01,,,,5
2018-04-26 11:59:08.000000,2.609024e+07,1.818856e+07,1.239961e+02,1.410270e+06,8.844583e+01,,,,5
2018-04-26 11:59:09.000000,2.609024e+07,1.818696e+07,1.239952e+02,1.410270e+06,8.844582e+01,,,,5
2018-04-26 11:59:10.000000,2.609024e+07,1.818690e+07,1.239952e+02,1.410270e+06,8.844582e+01,,,,5
2018-04-26 11:59:11.000000,2.609025e+07,1.818687e+07,1.239950e+02,1.410270e+06,8.844582e+01,,,,5
2018-04-26 11:59:12.000000,2.609026e+07,1.818659e+07,1.239949e+02,1.410270e+06,8.844582e+01,,,,5
2018-04-26 11:59:13.000000,2.609025e+07,1.818779e+07,1.239956e+02,1.410270e+06,8.844581e+01,,,,5
2018-04-26 11:59:14.000000,2.609024e+07,1.818751e+07,1.239956e+02,1.410270e+06,8.844581e+01,,,,5
2018-04-26 11:59:15.000000,2.609024e+07,1.818868e+07,1.239962e+02,1.410270e+06,8.844581e+01,,,,5
2018-04-26 11:59:16.000000,2.609024e+07,1.818746e+07,1.239955e+02,1.410270e+06,8.844581e+01,,,,5
2018-04-26 11:59:17.000000,2.609026e+07,1.818891e+07,1.239963e+02,1.410270e+06,8.844580e+01,,,,5
2018-04-26 11:59:18.000000,2.609025e+07,1.818784e+07,1.239958e+02,1.410270e+06,8.844580e+01,,,,5
2018-04-26 11:59:19.000000,2.609026e+07,1.818955e+07,1.239967e+02,1.410270e+06,8.844580e+01,,,,5
2018-04-26 11:59:20.000000,2.609024e+07,1.818705e+07,1.239952e+02,1.410270e+06,8.844580e+01,,,,5
2018-04-26 11:59:21.000000,2.609024e+07,1.818844e+07,1.239960e+02,1.410270e+06,8.844579e+01,,,,5
2018-04-26 11:59:22.000000,2.609026e+07,1.818674e+07,1.239950e+02,1.410270e+06,8.844579e+01,,,,5
2018-04-26 11:59:23.000000,2.609025e+07,1.818807e+07,1.239956e+02,1.410270e+06,8.844579e+01,,,,5
2018-04-26 11:59:24.000000,2.609026e+07,1.818691e+07,1.239950e+02,1.410270e+06,8.844579e+01,,,,5
2018-04-26 11:59:25.000000,2.609024e+07,1.818744e+07,1.239955e+02,1.410270e+06,8.844578e+01,,,,5
2018-04-26 11:59:26.000000,2.609024e+07,1.818777e+07,1.239957e+02,1.410270e+06,8.844578e+01,,,,5
2018-04-26 11:59:27.000000,2.609024e+07,1.818743e+07,1.239955e+02,1.410270e+06,8.844578e+01,,,,5
2018-04-26 11:59:28.000000,2.609025e+07,1.818803e+07,1.239959e+02,1.410270e+06,8.844577e+01,,,,5
2018-04-26 11:59:29.000000,2.609026e+07,1.818776e+07,1.239958e+02,1.410270e+06,8.844577e+01,,,,5
2018-04-26 11:59:30.000000,2.609026e+07,1.818956e+07,1.239967e+02,1.410270e+06,8.844577e+01,,,,5
2018-04-26 11:59:31.000000,2.609024e+07,1.818703e+07,1.239952e+02,1.410270e+06,8.844577e+01,,,,5
2018-04-26 11:59:32.000000,2.609024e+07,1.818857e+07,1.239961e+02,1.410270e+06,8.844576e+01,,,,5
2018-04-26 11:59:33.000000,2.609024e+07,1.818683e+07,1.239951e+02,1.410270e+06,8.844576e+01,,,,5
2018-04-26 11:59:34.000000,2.609026e+07,1.818823e+07,1.239957e+02,1.410270e+06,8.844576e+01,,,,5
2018-04-26 11:59:35.000000,2.609025e+07,1.818693e+07,1.239950e+02,1.410270e+06,8.844576e+01,,,,5
2018-04-26 11:59:36.000000,2.609024e+07,1.818900e+07,1.239963e+02,1.410270e+06,8.844575e+01,,,,5
2018-04-26 11:59:37.000000,2.609023e+07,1.818791e+07,1.239958e+02,1.410270e+06,8.844575e+01,,,,5
2018-04-26 11:59:38.000000,2.609024e+07,1.818749e+07,1.239956e+02,1.410270e+06,8.844575e+01,,,,5
2018-04-26 11:59:39.000000,2.609026e+07,1.818806e+07,1.239959e+02,1.410270e+06,8.844575e+01,,,,5
2018-04-26 11:59:40.000000,2.609026e+07,1.818777e+07,1.239958e+02,1.410270e+06,8.844574e+01,,,,5
2018-04-26 11:59:41.000000,2.609026e+07,1.818901e+07,1.239964e+02,1.410270e+06,8.844574e+01,,,,5
2018-04-26 11:59:42.000000,2.609023e+07,1.818702e+07,1.239952e+02,1.410270e+06,8.844574e+01,,,,5
2018-04-26 11:59:43.000000,2.609024e+07,1.818804e+07,1.239958e+02,1.410270e+06,8.844574e+01,,,,5
2018-04-26 11:59:44.000000,2.609024e+07,1.818686e+07,1.239951e+02,1.410270e+06,8.844573e+01,,,,5
2018-04-26 11:59:45.000000,2.609026e+07,1.818768e+07,1.239955e+02,1.410270e+06,8.844573e+01,,,,5
2018-04-26 11:59:46.000000,2.609026e+07,1.818659e+07,1.239949e+02,1.410270e+06,8.844573e+01,,,,5
2018-04-26 11:59:47.000000,2.609025e+07,1.818819e+07,1.239957e+02,1.410270e+06,8.844573e+01,,,,5
2018-04-26 11:59:48.000000,2.609024e+07,1.818750e+07,1.239955e+02,1.410270e+06,8.844572e+01,,,,5
2018-04-26 11:59:49.000000,2.609024e+07,1.818750e+07,1.239956e+02,1.410270e+06,8.844572e+01,,,,5
2018-04-26 11:59:50.000000,2.609026e+07,1.818773e+07,1.239957e+02,1.410270e+06,8.844572e+01,,,,5
2018-04-26 11:59:51.000000,2.609025e+07,1.818781e+07,1.239958e+02,1.410270e+06,8.844571e+01,,,,5
2018-04-26 11:59:52.000000,2.609025e+07,1.818808e+07,1.239959e+02,1.410270e+06,8.844571e+01,,,,5
2018-04-26 11:59:53.000000,2.609024e+07,1.818701e+07,1.239953e+02,1.410270e+06,8.844571e+01,,,,5
2018-04-26 11:59:54.000000,2.609024e+07,1.818804e+07,1.239958e+02,1.410270e+06,8.844571e+01,,,,5
2018-04-26 11:59:55.000000,2.609024e+07,1.818683e+07,1.239951e+02,1.410270e+06,8.844570e+01,,,,5
2018-04-26 11:59:56.000000,2.609025e+07,1.818773e+07,1.239956e+02,1.410270e+06,8.844570e+01,,,,5
2018-04-26 11:59:57.000000,2.609025e+07,1.818656e+07,1.239948e+02,1.410270e+06,8.844570e+01,,,,5
2018-04-26 11:59:58.000000,2.609026e+07,1.818832e+07,1.239958e+02,1.410270e+06,8.844570e+01,,,,5
2018-04-26 11:59:59.000000,2.609024e+07,1.818752e+07,1.239955e+02,1.410270e+06,8.844569e+01,,,,5
2018-04-26 12:00:00.000000,2.609024e+07,1.818917e+07,1.239965e+02,1.410270e+06,8.844569e+01,,,,5
2018-04-26 12:00:01.000000,2.609025e+07,1.818793e+07,1.239959e+02,1.410270e+06,8.844569e+01,,,,5
2018-04-26 12:00:02.000000,2.609026e+07,1.818940e+07,1.239966e+02,1.410270e+06,8.844569e+01,,,,5
2018-04-26 12:00:03.000000,2.609026e+07,1.818817e+07,1.239959e+02,1.410270e+06,8.844568e+01,,,,5
2018-04-26 12:00:04.000000,2.609024e+07,1.818847e+07,1.239960e+02,1.410270e+06,8.844568e+01,,,,5
2018-04-26 12:00:05.000000,2.609024e+07,1.818729e+07,1.239954e+02,1.410270e+06,8.844568e+01,,,,5
2018-04-26 12:00:06.000000,2.609023e+07,1.818684e+07,1.239951e+02,1.410270e+06,8.844568e+01,,,,5
2018-04-26 12:00:07.000000,2.609026e+07,1.818687e+07,1.239950e+02,1.410270e+06,8.844567e+01,,,,5
2018-04-26 12:00:08.000000,2.609026e+07,1.818653e+07,1.239949e+02,1.410270e+06,8.844567e+01,,,,5
2018-04-26 12:00:09.000000,2.609026e+07,1.818772e+07,1.239955e+02,1.410270e+06,8.844567e+01,,,,5
2018-04-26 12:00:10.000000,2.609024e+07,1.818745e+07,1.239955e+02,1.410270e+06,8.844567e+01,,,,5
2018-04-26 12:00:11.000000,2.609023e+07,1.818860e+07,1.239962e+02,1.410270e+06,8.844566e+01,,,,5
2018-04-26 12:00:12.000000,2.609024e+07,1.818746e+07,1.239955e+02,1.410270e+06,8.844566e+01,,,,5
2018-04-26 12:00:13.000000,2.609025e+07,1.818942e+07,1.239966e+02,1.410270e+06,8.844566e+01,,,,5
2018-04-26 12:00:14.000000,2.609026e+07,1.818784e+07,1.239957e+02,1.410270e+06,8.844565e+01,,,,5
2018-04-26 12:00:15.000000,2.609024e+07,1.818855e+07,1.239961e+02,1.410270e+06,8.844565e+01,,,,5
2018-04-26 12:00:16.000000,2.609023e+07,1.818696e+07,1.239952e+02,1.410270e+06,8.844565e+01,,,,5
2018-04-26 12:00:17.000000,2.609024e+07,1.818690e+07,1.239952e+02,1.410270e+06,8.844565e+01,,,,5
2018-04-26 12:00:18.000000,2.609025e+07,1.818687e+07,1.239950e+02,1.410270e+06,8.844564e+01,,,,5
2018-04-26 12:00:19.000000,2.609026e+07,1.818659e+07,1.239949e+02,1.410270e+06,8.844564e+01,,,,5
2018-04-26 12:00:20.000000,2.609025e+07,1.818779e+07,1.239955e+02,1.410270e+06,8.844564e+01,,,,5
2018-04-26 12:00:21.000000,2.609024e+07,1.818751e+07,1.239955e+02,1.410270e+06,8.844564e+01,,,,5
2018-04-26 12:00:22.000000,2.609024e+07,1.818867e+07,1.239962e+02,1.410270e+06,8.844563e+01,,,,5
2018-04-26 12:00:23.000000,2.609024e+07,1.818746e+07,1.239955e+02,1.410270e+06,8.844563e+01,,,,5
2018-04-26 12:00:24.000000,2.609026e+07,1.818891e+07,1.239963e+02,1.410270e+06,8.844563e+01,,,,5
2018-04-26 12:00:25.000000,2.609025e+07,1.818784e+07,1.239958e+02,1.410270e+06,8.844563e+01,,,,5
2018-04-26 12:00:26.000000,2.609026e+07,1.818953e+07,1.239967e+02,1.410270e+06,8.844562e+01,,,,5
2018-04-26 12:00:27.000000,2.609024e+07,1.818705e+07,1.239952e+02,1.410270e+06,8.844562e+01,,,,5
2018-04-26 12:00:28.000000,2.609024e+07,1.818843e+07,1.239960e+02,1.410270e+06,8.844562e+01,,,,5
2018-04-26 12:00:29.000000,2.609026e+07,1.818675e+07,1.239950e+02,1.410270e+06,8.844562e+01,,,,5
2018-04-26 12:00:30.000000,2.609025e+07,1.818807e+07,1.239956e+02,1.410270e+06,8.844561e+01,,,,5
2018-04-26 12:00:31.000000,2.609026e+07,1.818691e+07,1.239950e+02,1.410270e+06,8.844561e+01,,,,5
2018-04-26 12:00:32.000000,2.609024e+07,1.818744e+07,1.239955e+02,1.410270e+06,8.844561e+01,,,,5
2018-04-26 12:00:33.000000,2.609024e+07,1.818777e+07,1.239957e+02,1.410270e+06,8.844561e+01,,,,5
2018-04-26 12:00:34.000000,2.609024e+07,1.818743e+07,1.239955e+02,1.410270e+06,8.844560e+01,,,,5
2018-04-26 12:00:35.000000,2.609025e+07,1.818803e+07,1.239959e+02,1.410270e+06,8.844560e+01,,,,5
2018-04-26 12:00:36.000000,2.609026e+07,1.818776e+07,1.239957e+02,1.410270e+06,8.844560e+01,,,,5
2018-04-26 12:00:37.000000,2.609025e+07,1.818956e+07,1.239967e+02,1.410270e+06,8.844560e+01,,,,5
2018-04-26 12:00:38.000000,2.609024e+07,1.818703e+07,1.239952e+02,1.410270e+06,8.844559e+01,,,,5
2018-04-26 12:00:39.000000,2.609023e+07,1.818855e+07,1.239960e+02,1.410270e+06,8.844559e+01,,,,5
2018-04-26 12:00:40.000000,2.609023e+07,1.818683e+07,1.239951e+02,1.410270e+06,8.844559e+01,,,,5
2018-04-26 12:00:41.000000,2.609026e+07,1.818823e+07,1.239957e+02,1.410270e+06,8.844558e+01,,,,5
2018-04-26 12:00:42.000000,2.609025e+07,1.818693e+07,1.239950e+02,1.410270e+06,8.844558e+01,,,,5
2018-04-26 12:00:43.000000,2.609024e+07,1.818897e+07,1.239963e+02,1.410270e+06,8.844558e+01,,,,5
2018-04-26 12:00:44.000000,2.609023e+07,1.818791e+07,1.239958e+02,1.410270e+06,8.844558e+01,,,,5
2018-04-26 12:00:45.000000,2.609024e+07,1.818749e+07,1.239955e+02,1.410270e+06,8.844557e+01,,,,5
2018-04-26 12:00:46.000000,2.609026e+07,1.818805e+07,1.239959e+02,1.410270e+06,8.844557e+01,,,,5
2018-04-26 12:00:47.000000,2.609025e+07,1.818777e+07,1.239957e+02,1.410270e+06,8.844557e+01,,,,5
2018-04-26 12:00:48.000000,2.609026e+07,1.818901e+07,1.239964e+02,1.410270e+06,8.844557e+01,,,,5
2018-04-26 12:00:49.000000,2.609023e+07,1.818703e+07,1.239952e+02,1.410270e+06,8.844556e+01,,,,5
2018-04-26 12:00:50.000000,2.609024e+07,1.818804e+07,1.239958e+02,1.410270e+06,8.844556e+01,,,,5
2018-04-26 12:00:51.000000,2.609024e+07,1.818686e+07,1.239951e+02,1.410270e+06,8.844556e+01,,,,5
2018-04-26 12:00:52.000000,2.609026e+07,1.818768e+07,1.239955e+02,1.410270e+06,8.844556e+01,,,,5
2018-04-26 12:00:53.000000,2.609026e+07,1.818659e+07,1.239949e+02,1.410270e+06,8.844555e+01,,,,5
2018-04-26 12:00:54.000000,2.609025e+07,1.818819e+07,1.239957e+02,1.410270e+06,8.844555e+01,,,,5
2018-04-26 12:00:55.000000,2.609024e+07,1.818750e+07,1.239955e+02,1.410270e+06,8.844555e+01,,,,5
2018-04-26 12:00:56.000000,2.609024e+07,1.818750e+07,1.239956e+02,1.410270e+06,8.844555e+01,,,,5
2018-04-26 12:00:57.000000,2.609026e+07,1.818773e+07,1.239957e+02,1.410270e+06,8.844554e+01,,,,5
2018-04-26 12:00:58.000000,2.609025e+07,1.818781e+07,1.239958e+02,1.410270e+06,8.844554e+01,,,,5
2018-04-26 12:00:59.000000,2.609025e+07,1.818808e+07,1.239959e+02,1.410270e+06,8.844554e+01,,,,5
2018-04-26 12:01:00.000000,2.609024e+07,1.818702e+07,1.239953e+02,1.410270e+06,8.844554e+01,,,,5
2018-04-26 12:01:01.000000,2.609024e+07,1.818804e+07,1.239958e+02,1.410270e+06,8.844553e+01,,,,5
2018-04-26 12:01:02.000000,2.609024e+07,1.818683e+07,1.239951e+02,1.410270e+06,8.844553e+01,,,,5
2018-04-26 12:01:03.000000,2.609025e+07,1.818773e+07,1.239955e+02,1.410270e+06,8.844553e+01,,,,5
2018-04-26 12:01:04.000000,2.609025e+07,1.818656e+07,1.239948e+02,1.410270e+06,8.844553e+01,,,,5
2018-04-26 12:01:05.000000,2.609026e+07,1.818832e+07,1.239958e+02,1.410270e+06,8.844552e+01,,,,5
2018-04-26 12:01:06.000000,2.609024e+07,1.818752e+07,1.239955e+02,1.410270e+06,8.844552e+01,,,,5
2018-04-26 12:01:07.000000,2.609024e+07,1.818916e+07,1.239965e+02,1.410270e+06,8.844552e+01,,,,5
2018-04-26 12:01:08.000000,2.609023e+07,1.818780e+07,1.239957e+02,1.410270e+06,8.844552e+01,,,,5
2018-04-26 12:01:09.000000,2.609026e+07,1.818942e+07,1.239966e+02,1.410270e+06,8.844551e+01,,,,5
2018-04-26 12:01:10.000000,2.609026e+07,1.818818e+07,1.239959e+02,1.410270e+06,8.844551e+01,,,,5
2018-04-26 12:01:11.000000,2.609024e+07,1.818846e+07,1.239960e+02,1.410270e+06,8.844551e+01,,,,5
2018-04-26 12:01:12.000000,2.609024e+07,1.818729e+07,1.239954e+02,1.410270e+06,8.844550e+01,,,,5
2018-04-26 12:01:13.000000,2.609023e+07,1.818684e+07,1.239951e+02,1.410270e+06,8.844550e+01,,,,5
2018-04-26 12:01:14.000000,2.609026e+07,1.818687e+07,1.239950e+02,1.410270e+06,8.844550e+01,,,,5
2018-04-26 12:01:15.000000,2.609026e+07,1.818653e+07,1.239949e+02,1.410270e+06,8.844550e+01,,,,5
2018-04-26 12:01:16.000000,2.609026e+07,1.818772e+07,1.239955e+02,1.410270e+06,8.844549e+01,,,,5
2018-04-26 12:01:17.000000,2.609024e+07,1.818745e+07,1.239955e+02,1.410270e+06,8.844549e+01,,,,5
2018-04-26 12:01:18.000000,2.609023e+07,1.818860e+07,1.239961e+02,1.410270e+06,8.844549e+01,,,,5
2018-04-26 12:01:19.000000,2.609024e+07,1.818746e+07,1.239955e+02,1.410270e+06,8.844549e+01,,,,5
2018-04-26 12:01:20.000000,2.609025e+07,1.818940e+07,1.239966e+02,1.410270e+06,8.844548e+01,,,,5
2018-04-26 12:01:21.000000,2.609026e+07,1.818784e+07,1.239957e+02,1.410270e+06,8.844548e+01,,,,5
2018-04-26 12:01:22.000000,2.609025e+07,1.818781e+07,1.239958e+02,1.410270e+06,8.844548e+01,,,,5
2018-04-26 12:01:23.000000,2.609023e+07,1.818690e+07,1.239952e+02,1.410270e+06,8.844548e+01,,,,5
2018-04-26 12:01:24.000000,2.609024e+07,1.818690e+07,1.239951e+02,1.410270e+06,8.844547e+01,,,,5
2018-04-26 12:01:25.000000,2.609025e+07,1.818687e+07,1.239950e+02,1.410270e+06,8.844547e+01,,,,5
2018-04-26 12:01:26.000000,2.609026e+07,1.818659e+07,1.239949e+02,1.410270e+06,8.844547e+01,,,,5
2018-04-26 12:01:27.000000,2.609025e+07,1.818778e+07,1.239955e+02,1.410270e+06,8.844547e+01,,,,5
2018-04-26 12:01:28.000000,2.609024e+07,1.818751e+07,1.239955e+02,1.410270e+06,8.844546e+01,,,,5
2018-04-26 12:01:29.000000,2.609024e+07,1.818867e+07,1.239962e+02,1.410270e+06,8.844546e+01,,,,5
2018-04-26 12:01:30.000000,2.609024e+07,1.818748e+07,1.239955e+02,1.410270e+06,8.844546e+01,,,,5
2018-04-26 12:01:31.000000,2.609026e+07,1.818891e+07,1.239963e+02,1.410270e+06,8.844546e+01,,,,5
2018-04-26 12:01:32.000000,2.609025e+07,1.818784e+07,1.239957e+02,1.410270e+06,8.844545e+01,,,,5
2018-04-26 12:01:33.000000,2.609026e+07,1.818953e+07,1.239967e+02,1.410270e+06,8.844545e+01,,,,5
2018-04-26 12:01:34.000000,2.609024e+07,1.818707e+07,1.239952e+02,1.410270e+06,8.844545e+01,,,,5
2018-04-26 12:01:35.000000,2.609024e+07,1.818843e+07,1.239960e+02,1.410270e+06,8.844545e+01,,,,5
2018-04-26 12:01:36.000000,2.609026e+07,1.818675e+07,1.239950e+02,1.410270e+06,8.844544e+01,,,,5
2018-04-26 12:01:37.000000,2.609025e+07,1.818805e+07,1.239956e+02,1.410270e+06,8.844544e+01,,,,5
2018-04-26 12:01:38.000000,2.609026e+07,1.818691e+07,1.239950e+02,1.410270e+06,8.844544e+01,,,,5
2018-04-26 12:01:39.000000,2.609024e+07,1.818744e+07,1.239954e+02,1.410270e+06,8.844544e+01,,,,5
2018-04-26 12:01:40.000000,2.609024e+07,1.818777e+07,1.239957e+02,1.410270e+06,8.844543e+01,,,,5
2018-04-26 12:01:41.000000,2.609024e+07,1.818743e+07,1.239955e+02,1.410270e+06,8.844543e+01,,,,5
2018-04-26 12:01:42.000000,2.609025e+07,1.818803e+07,1.239959e+02,1.410270e+06,8.844543e+01,,,,5
2018-04-26 12:01:43.000000,2.609026e+07,1.818776e+07,1.239957e+02,1.410270e+06,8.844543e+01,,,,5
2018-04-26 12:01:44.000000,2.609025e+07,1.818954e+07,1.239967e+02,1.410270e+06,8.844542e+01,,,,5
2018-04-26 12:01:45.000000,2.609024e+07,1.818703e+07,1.239952e+02,1.410270e+06,8.844542e+01,,,,5
2018-04-26 12:01:46.000000,2.609023e+07,1.818855e+07,1.239960e+02,1.410270e+06,8.844542e+01,,,,5
2018-04-26 12:01:47.000000,2.609023e+07,1.818685e+07,1.239951e+02,1.410270e+06,8.844542e+01,,,,5
2018-04-26 12:01:48.000000,2.609026e+07,1.818823e+07,1.239957e+02,1.410270e+06,8.844541e+01,,,,5
2018-04-26 12:01:49.000000,2.609025e+07,1.818693e+07,1.239950e+02,1.410270e+06,8.844541e+01,,,,5
2018-04-26 12:01:50.000000,2.609024e+07,1.818897e+07,1.239963e+02,1.410270e+06,8.844541e+01,,,,5
2018-04-26 12:01:51.000000,2.609023e+07,1.818792e+07,1.239958e+02,1.410270e+06,8.844541e+01,,,,5
2018-04-26 12:01:52.000000,2.609024e+07,1.818749e+07,1.239955e+02,1.410270e+06,8.844540e+01,,,,5
2018-04-26 12:01:53.000000,2.609026e+07,1.818805e+07,1.239959e+02,1.410270e+06,8.844540e+01,,,,5
2018-04-26 12:01:54.000000,2.609025e+07,1.818777e+07,1.239957e+02,1.410270e+06,8.844540e+01,,,,5
2018-04-26 12:01:55.000000,2.609026e+07,1.818901e+07,1.239964e+02,1.410270e+06,8.844540e+01,,,,5
2018-04-26 12:01:56.000000,2.609023e+07,1.818703e+07,1.239952e+02,1.410270e+06,8.844539e+01,,,,5
2018-04-26 12:01:57.000000,2.609024e+07,1.818803e+07,1.239958e+02,1.410270e+06,8.844539e+01,,,,5
2018-04-26 12:01:58.000000,2.609024e+07,1.818686e+07,1.239951e+02,1.410270e+06,8.844539e+01,,,,5
2018-04-26 12:01:59.000000,2.609025e+07,1.818768e+07,1.239955e+02,1.410270e+06,8.844538e+01,,,,5
2018-04-26 12:02:00.000000,2.609026e+07,1.818659e+07,1.239948e+02,1.410270e+06,8.844538e+01,,,,5
2018-04-26 12:02:01.000000,2.609025e+07,1.818817e+07,1.239957e+02,1.410270e+06,8.844538e+01,,,,5
2018-04-26 12:02:02.000000,2.609024e+07,1.818751e+07,1.239955e+02,1.410270e+06,8.844538e+01,,,,5
2018-04-26 12:02:03.000000,2.609024e+07,1.818750e+07,1.239955e+02,1.410270e+06,8.844537e+01,,,,5
2018-04-26 12:02:04.000000,2.609026e+07,1.818773e+07,1.239957e+02,1.410270e+06,8.844537e+01,,,,5
2018-04-26 12:02:05.000000,2.609025e+07,1.818781e+07,1.239958e+02,1.410270e+06,8.844537e+01,,,,5
2018-04-26 12:02:06.000000,2.609025e+07,1.818808e+07,1.239959e+02,1.410270e+06,8.844537e+01,,,,5
2018-04-26 12:02:07.000000,2.609024e+07,1.818702e+07,1.239952e+02,1.410270e+06,8.844536e+01,,,,5
2018-04-26 12:02:08.000000,2.609023e+07,1.818803e+07,1.239957e+02,1.410270e+06,8.844536e+01,,,,5
2018-04-26 12:02:09.000000,2.609024e+07,1.818683e+07,1.239951e+02,1.410270e+06,8.844536e+01,,,,5
2018-04-26 12:02:10.000000,2.609025e+07,1.818773e+07,1.239955e+02,1.410269e+06,8.844536e+01,,,,5
2018-04-26 12:02:11.000000,2.609025e+07,1.818657e+07,1.239948e+02,1.410269e+06,8.844535e+01,,,,5
2018-04-26 12:02:12.000000,2.609026e+07,1.818832e+07,1.239958e+02,1.410269e+06,8.844535e+01,,,,5
2018-04-26 12:02:13.000000,2.609023e+07,1.818752e+07,1.239955e+02,1.410269e+06,8.844535e+01,,,,5
2018-04-26 12:02:14.000000,2.609024e+07,1.818914e+07,1.239964e+02,1.410269e+06,8.844535e+01,,,,5
2018-04-26 12:02:15.000000,2.609023e+07,1.818780e+07,1.239957e+02,1.410269e+06,8.844534e+01,,,,5
2018-04-26 12:02:16.000000,2.609025e+07,1.818942e+07,1.239966e+02,1.410269e+06,8.844534e+01,,,,5
2018-04-26 12:02:17.000000,2.609026e+07,1.818818e+07,1.239959e+02,1.410269e+06,8.844534e+01,,,,5
2018-04-26 12:02:18.000000,2.609024e+07,1.818846e+07,1.239960e+02,1.410269e+06,8.844534e+01,,,,5
2018-04-26 12:02:19.000000,2.609024e+07,1.818729e+07,1.239954e+02,1.410269e+06,8.844533e+01,,,,5
2018-04-26 12:02:20.000000,2.609023e+07,1.818684e+07,1.239951e+02,1.410269e+06,8.844533e+01,,,,5
2018-04-26 12:02:21.000000,2.609026e+07,1.818687e+07,1.239950e+02,1.410269e+06,8.844533e+01,,,,5
2018-04-26 12:02:22.000000,2.609026e+07,1.818653e+07,1.239948e+02,1.410269e+06,8.844533e+01,,,,5
2018-04-26 12:02:23.000000,2.609025e+07,1.818772e+07,1.239955e+02,1.410269e+06,8.844532e+01,,,,5
2018-04-26 12:02:24.000000,2.609024e+07,1.818745e+07,1.239955e+02,1.410269e+06,8.844532e+01,,,,5
2018-04-26 12:02:25.000000,2.609023e+07,1.818859e+07,1.239961e+02,1.410269e+06,8.844532e+01,,,,5
2018-04-26 12:02:26.000000,2.609024e+07,1.818746e+07,1.239955e+02,1.410269e+06,8.844532e+01,,,,5
2018-04-26 12:02:27.000000,2.609025e+07,1.818940e+07,1.239966e+02,1.410269e+06,8.844531e+01,,,,5
2018-04-26 12:02:28.000000,2.609026e+07,1.818785e+07,1.239958e+02,1.410269e+06,8.844531e+01,,,,5
2018-04-26 12:02:29.000000,2.609025e+07,1.818781e+07,1.239958e+02,1.410269e+06,8.844531e+01,,,,5
2018-04-26 12:02:30.000000,2.609023e+07,1.818689e+07,1.239952e+02,1.410269e+06,8.844531e+01,,,,5
2018-04-26 12:02:31.000000,2.609024e+07,1.818690e+07,1.239951e+02,1.410269e+06,8.844530e+01,,,,5
2018-04-26 12:02:32.000000,2.609025e+07,1.818687e+07,1.239950e+02,1.410269e+06,8.844530e+01,,,,5
2018-04-26 12:02:33.000000,2.609026e+07,1.818658e+07,1.239949e+02,1.410269e+06,8.844530e+01,,,,5
2018-04-26 12:02:34.000000,2.609025e+07,1.818778e+07,1.239955e+02,1.410269e+06,8.844530e+01,,,,5
2018-04-26 12:02:35.000000,2.609024e+07,1.818751e+07,1.239955e+02,1.410269e+06,8.844529e+01,,,,5
2018-04-26 12:02:36.000000,2.609024e+07,1.818867e+07,1.239962e+02,1.410269e+06,8.844529e+01,,,,5
2018-04-26 12:02:37.000000,2.609023e+07,1.818748e+07,1.239955e+02,1.410269e+06,8.844529e+01,,,,5
2018-04-26 12:02:38.000000,2.609026e+07,1.818889e+07,1.239963e+02,1.410269e+06,8.844529e+01,,,,5
2018-04-26 12:02:39.000000,2.609025e+07,1.818784e+07,1.239957e+02,1.410269e+06,8.844528e+01,,,,5
2018-04-26 12:02:40.000000,2.609025e+07,1.818953e+07,1.239967e+02,1.410269e+06,8.844528e+01,,,,5
2018-04-26 12:02:41.000000,2.609024e+07,1.818707e+07,1.239952e+02,1.410269e+06,8.844528e+01,,,,5
2018-04-26 12:02:42.000000,2.609024e+07,1.818841e+07,1.239960e+02,1.410269e+06,8.844528e+01,,,,5
2018-04-26 12:02:43.000000,2.609024e+07,1.818718e+07,1.239953e+02,1.410269e+06,8.844527e+01,,,,5
2018-04-26 12:02:44.000000,2.609025e+07,1.818812e+07,1.239957e+02,1.410269e+06,8.844527e+01,,,,5
2018-04-26 12:02:45.000000,2.609026e+07,1.818692e+07,1.239950e+02,1.410269e+06,8.844527e+01,,,,5
2018-04-26 12:02:46.000000,2.609024e+07,1.818744e+07,1.239954e+02,1.410269e+06,8.844527e+01,,,,5
2018-04-26 12:02:47.000000,2.609024e+07,1.818777e+07,1.239957e+02,1.410269e+06,8.844526e+01,,,,5
2018-04-26 12:02:48.000000,2.609024e+07,1.818743e+07,1.239955e+02,1.410269e+06,8.844526e+01,,,,5
2018-04-26 12:02:49.000000,2.609025e+07,1.818803e+07,1.239959e+02,1.410269e+06,8.844526e+01,,,,5
2018-04-26 12:02:50.000000,2.609026e+07,1.818776e+07,1.239957e+02,1.410269e+06,8.844526e+01,,,,5
2018-04-26 12:02:51.000000,2.609025e+07,1.818954e+07,1.239967e+02,1.410269e+06,8.844525e+01,,,,5
2018-04-26 12:02:52.000000,2.609024e+07,1.818706e+07,1.239952e+02,1.410269e+06,8.844525e+01,,,,5
2018-04-26 12:02:53.000000,2.609023e+07,1.818854e+07,1.239960e+02,1.410269e+06,8.844525e+01,,,,5
2018-04-26 12:02:54.000000,2.609023e+07,1.818684e+07,1.239951e+02,1.410269e+06,8.844525e+01,,,,5
2018-04-26 12:02:55.000000,2.609026e+07,1.818821e+07,1.239957e+02,1.410269e+06,8.844524e+01,,,,5
2018-04-26 12:02:56.000000,2.609025e+07,1.818693e+07,1.239950e+02,1.410269e+06,8.844524e+01,,,,5
2018-04-26 12:02:57.000000,2.609026e+07,1.818656e+07,1.239949e+02,1.410269e+06,8.844524e+01,,,,5
2018-04-26 12:02:58.000000,2.609023e+07,1.818771e+07,1.239956e+02,1.410269e+06,8.844524e+01,,,,5
2018-04-26 12:02:59.000000,2.609023e+07,1.818749e+07,1.239955e+02,1.410269e+06,8.844523e+01,,,,5
2018-04-26 12:03:00.000000,2.609026e+07,1.818773e+07,1.239957e+02,1.410269e+06,8.844523e+01,,,,5
2018-04-26 12:03:01.000000,2.609025e+07,1.818781e+07,1.239958e+02,1.410269e+06,8.844523e+01,,,,5
2018-04-26 12:03:02.000000,2.609026e+07,1.818808e+07,1.239959e+02,1.410269e+06,8.844523e+01,,,,5
2018-04-26 12:03:03.000000,2.609024e+07,1.818701e+07,1.239952e+02,1.410269e+06,8.844522e+01,,,,5
2018-04-26 12:03:04.000000,2.609023e+07,1.818804e+07,1.239958e+02,1.410269e+06,8.844522e+01,,,,5
2018-04-26 12:03:05.000000,2.609024e+07,1.818683e+07,1.239951e+02,1.410269e+06,8.844522e+01,,,,5
2018-04-26 12:03:06.000000,2.609025e+07,1.818773e+07,1.239955e+02,1.410269e+06,8.844522e+01,,,,5
2018-04-26 12:03:07.000000,2.609025e+07,1.818656e+07,1.239948e+02,1.410269e+06,8.844521e+01,,,,5
2018-04-26 12:03:08.000000,2.609026e+07,1.818832e+07,1.239958e+02,1.410269e+06,8.844521e+01,,,,5
2018-04-26 12:03:09.000000,2.609024e+07,1.818752e+07,1.239955e+02,1.410269e+06,8.844521e+01,,,,5
2018-04-26 12:03:10.000000,2.609024e+07,1.818916e+07,1.239964e+02,1.410269e+06,8.844521e+01,,,,5
2018-04-26 12:03:11.000000,2.609023e+07,1.818780e+07,1.239957e+02,1.410269e+06,8.844520e+01,,,,5
2018-04-26 12:03:12.000000,2.609026e+07,1.818942e+07,1.239966e+02,1.410269e+06,8.844520e+01,,,,5
2018-04-26 12:03:13.000000,2.609026e+07,1.818817e+07,1.239959e+02,1.410269e+06,8.844520e+01,,,,5
2018-04-26 12:03:14.000000,2.609024e+07,1.818846e+07,1.239960e+02,1.410269e+06,8.844520e+01,,,,5
2018-04-26 12:03:15.000000,2.609024e+07,1.818729e+07,1.239954e+02,1.410269e+06,8.844519e+01,,,,5
2018-04-26 12:03:16.000000,2.609023e+07,1.818684e+07,1.239951e+02,1.410269e+06,8.844519e+01,,,,5
2018-04-26 12:03:17.000000,2.609026e+07,1.818687e+07,1.239950e+02,1.410269e+06,8.844519e+01,,,,5
2018-04-26 12:03:18.000000,2.609026e+07,1.818653e+07,1.239948e+02,1.410269e+06,8.844519e+01,,,,5
2018-04-26 12:03:19.000000,2.609026e+07,1.818772e+07,1.239955e+02,1.410269e+06,8.844518e+01,,,,5
2018-04-26 12:03:20.000000,2.609024e+07,1.818745e+07,1.239955e+02,1.410269e+06,8.844518e+01,,,,5
2018-04-26 12:03:21.000000,2.609023e+07,1.818860e+07,1.239961e+02,1.410269e+06,8.844518e+01,,,,5
2018-04-26 12:03:22.000000,2.609024e+07,1.818746e+07,1.239955e+02,1.410269e+06,8.844518e+01,,,,5
2018-04-26 12:03:23.000000,2.609025e+07,1.818942e+07,1.239966e+02,1.410269e+06,8.844517e+01,,,,5
2018-04-26 12:03:24.000000,2.609026e+07,1.818784e+07,1.239957e+02,1.410269e+06,8.844517e+01,,,,5
2018-04-26 12:03:25.000000,2.609023e+07,1.818855e+07,1.239960e+02,1.410269e+06,8.844517e+01,,,,5
2018-04-26 12:03:26.000000,2.609023e+07,1.818698e+07,1.239952e+02,1.410269e+06,8.844517e+01,,,,5
2018-04-26 12:03:27.000000,2.609024e+07,1.818690e+07,1.239951e+02,1.410269e+06,8.844516e+01,,,,5
2018-04-26 12:03:28.000000,2.609025e+07,1.818687e+07,1.239950e+02,1.410269e+06,8.844516e+01,,,,5
2018-04-26 12:03:29.000000,2.609026e+07,1.818659e+07,1.239949e+02,1.410269e+06,8.844516e+01,,,,5
2018-04-26 12:03:30.000000,2.609025e+07,1.818779e+07,1.239955e+02,1.410269e+06,8.844516e+01,,,,5
2018-04-26 12:03:31.000000,2.609024e+07,1.818751e+07,1.239955e+02,1.410269e+06,8.844515e+01,,,,5
2018-04-26 12:03:32.000000,2.609024e+07,1.818867e+07,1.239962e+02,1.410269e+06,8.844515e+01,,,,5
2018-04-26 12:03:33.000000,2.609024e+07,1.818748e+07,1.239955e+02,1.410269e+06,8.844515e+01,,,,5
2018-04-26 12:03:34.000000,2.609026e+07,1.818891e+07,1.239963e+02,1.410269e+06,8.844515e+01,,,,5
2018-04-26 12:03:35.000000,2.609025e+07,1.818784e+07,1.239957e+02,1.410269e+06,8.844514e+01,,,,5
2018-04-26 12:03:36.000000,2.609026e+07,1.818953e+07,1.239967e+02,1.410269e+06,8.844514e+01,,,,5
2018-04-26 12:03:37.000000,2.609024e+07,1.818705e+07,1.239952e+02,1.410269e+06,8.844514e+01,,,,5
2018-04-26 12:03:38.000000,2.609024e+07,1.818843e+07,1.239960e+02,1.410269e+06,8.844514e+01,,,,5
2018-04-26 12:03:39.000000,2.609026e+07,1.818675e+07,1.239949e+02,1.410269e+06,8.844513e+01,,,,5
2018-04-26 12:03:40.000000,2.609025e+07,1.818807e+07,1.239956e+02,1.410269e+06,8.844513e+01,,,,5
2018-04-26 12:03:41.000000,2.609026e+07,1.818691e+07,1.239950e+02,1.410269e+06,8.844513e+01,,,,5
2018-04-26 12:03:42.000000,2.609024e+07,1.818744e+07,1.239954e+02,1.410269e+06,8.844513e+01,,,,5
2018-04-26 12:03:43.000000,2.609024e+07,1.818777e+07,1.239957e+02,1.410269e+06,8.844512e+01,,,,5
2018-04-26 12:03:44.000000,2.609024e+07,1.818743e+07,1.239955e+02,1.410269e+06,8.844512e+01,,,,5
2018-04-26 12:03:45.000000,2.609025e+07,1.818803e+07,1.239959e+02,1.410269e+06,8.844512e+01,,,,5
2018-04-26 12:03:46.000000,2.609026e+07,1.818776e+07,1.239957e+02,1.410269e+06,8.844512e+01,,,,5
2018-04-26 12:03:47.000000,2.609025e+07,1.818956e+07,1.239967e+02,1.410269e+06,8.844511e+01,,,,5
2018-04-26 12:03:48.000000,2.609024e+07,1.818703e+07,1.239952e+02,1.410269e+06,8.844511e+01,,,,5
2018-04-26 12:03:49.000000,2.609023e+07,1.818855e+07,1.239960e+02,1.410269e+06,8.844511e+01,,,,5
2018-04-26 12:03:50.000000,2.609023e+07,1.818685e+07,1.239951e+02,1.410269e+06,8.844511e+01,,,,5
2018-04-26 12:03:51.000000,2.609026e+07,1.818823e+07,1.239957e+02,1.410269e+06,8.844510e+01,,,,5
2018-04-26 12:03:52.000000,2.609025e+07,1.818693e+07,1.239950e+02,1.410269e+06,8.844510e+01,,,,5
2018-04-26 12:03:53.000000,2.609024e+07,1.818897e+07,1.239962e+02,1.410269e+06,8.844510e+01,,,,5
2018-04-26 12:03:54.000000,2.609023e+07,1.818791e+07,1.239958e+02,1.410269e+06,8.844510e+01,,,,5
2018-04-26 12:03:55.000000,2.609024e+07,1.818749e+07,1.239955e+02,1.410269e+06,8.844509e+01,,,,5
2018-04-26 12:03:56.000000,2.609026e+07,1.818805e+07,1.239959e+02,1.410269e+06,8.844509e+01,,,,5
2018-04-26 12:03:57.000000,2.609025e+07,1.818776e+07,1.239957e+02,1.410269e+06,8.844509e+01,,,,5
2018-04-26 12:03:58.000000,2.609026e+07,1.818901e+07,1.239964e+02,1.410269e+06,8.844509e+01,,,,5
2018-04-26 12:03:59.000000,2.609023e+07,1.818703e+07,1.239952e+02,1.410269e+06,8.844508e+01,,,,5
2018-04-26 12:04:00.000000,2.609024e+07,1.818803e+07,1.239957e+02,1.410269e+06,8.844508e+01,,,,5
2018-04-26 12:04:01.000000,2.609024e+07,1.818686e+07,1.239951e+02,1.410269e+06,8.844508e+01,,,,5
2018-04-26 12:04:02.000000,2.609026e+07,1.818768e+07,1.239955e+02,1.410269e+06,8.844508e+01,,,,5
2018-04-26 12:04:03.000000,2.609026e+07,1.818659e+07,1.239948e+02,1.410269e+06,8.844507e+01,,,,5
2018-04-26 12:04:04.000000,2.609025e+07,1.818819e+07,1.239957e+02,1.410269e+06,8.844507e+01,,,,5
2018-04-26 12:04:05.000000,2.609024e+07,1.818750e+07,1.239955e+02,1.410269e+06,8.844507e+01,,,,5
2018-04-26 12:04:06.000000,2.609024e+07,1.818750e+07,1.239955e+02,1.410269e+06,8.844507e+01,,,,5
2018-04-26 12:04:07.000000,2.609026e+07,1.818773e+07,1.239957e+02,1.410269e+06,8.844506e+01,,,,5
2018-04-26 12:04:08.000000,2.609025e+07,1.818781e+07,1.239958e+02,1.410269e+06,8.844506e+01,,,,5
2018-04-26 12:04:09.000000,2.609025e+07,1.818808e+07,1.239959e+02,1.410269e+06,8.844506e+01,,,,5
2018-04-26 12:04:10.000000,2.609024e+07,1.818702e+07,1.239952e+02,1.410269e+06,8.844506e+01,,,,5
2018-04-26 12:04:11.000000,2.609024e+07,1.818804e+07,1.239958e+02,1.410269e+06,8.844505e+01,,,,5
2018-04-26 12:04:12.000000,2.609024e+07,1.818683e+07,1.239951e+02,1.410269e+06,8.844505e+01,,,,5
2018-04-26 12:04:13.000000,2.609025e+07,1.818773e+07,1.239955e+02,1.410269e+06,8.844505e+01,,,,5
2018-04-26 12:04:14.000000,2.609025e+07,1.818656e+07,1.239948e+02,1.410269e+06,8.844505e+01,,,,5
2018-04-26 12:04:15.000000,2.609026e+07,1.818832e+07,1.239958e+02,1.410269e+06,8.844504e+01,,,,5
2018-04-26 12:04:16.000000,2.609024e+07,1.818752e+07,1.239955e+02,1.410269e+06,8.844504e+01,,,,5
2018-04-26 12:04:17.000000,2.609024e+07,1.818914e+07,1.239964e+02,1.410269e+06,8.844504e+01,,,,5
2018-04-26 12:04:18.000000,2.609023e+07,1.818780e+07,1.239957e+02,1.410269e+06,8.844504e+01,,,,5
2018-04-26 12:04:19.000000,2.609026e+07,1.818942e+07,1.239966e+02,1.410269e+06,8.844503e+01,,,,5
2018-04-26 12:04:20.000000,2.609026e+07,1.818818e+07,1.239959e+02,1.410269e+06,8.844503e+01,,,,5
2018-04-26 12:04:21.000000,2.609024e+07,1.818846e+07,1.239960e+02,1.410269e+06,8.844503e+01,,,,5
2018-04-26 12:04:22.000000,2.609024e+07,1.818729e+07,1.239953e+02,1.410269e+06,8.844503e+01,,,,5
2018-04-26 12:04:23.000000,2.609023e+07,1.818684e+07,1.239951e+02,1.410269e+06,8.844502e+01,,,,5
2018-04-26 12:04:24.000000,2.609026e+07,1.818687e+07,1.239950e+02,1.410269e+06,8.844502e+01,,,,5
2018-04-26 12:04:25.000000,2.609026e+07,1.818653e+07,1.239948e+02,1.410269e+06,8.844502e+01,,,,5
2018-04-26 12:04:26.000000,2.609026e+07,1.818772e+07,1.239955e+02,1.410269e+06,8.844502e+01,,,,5
2018-04-26 12:04:27.000000,2.609024e+07,1.818745e+07,1.239955e+02,1.410269e+06,8.844501e+01,,,,5
2018-04-26 12:04:28.000000,2.609023e+07,1.818860e+07,1.239961e+02,1.410269e+06,8.844501e+01,,,,5
2018-04-26 12:04:29.000000,2.609024e+07,1.818746e+07,1.239955e+02,1.410269e+06,8.844501e+01,,,,5
2018-04-26 12:04:30.000000,2.609025e+07,1.818940e+07,1.239966e+02,1.410269e+06,8.844501e+01,,,,5
2018-04-26 12:04:31.000000,2.609026e+07,1.818784e+07,1.239957e+02,1.410269e+06,8.844501e+01,,,,5
2018-04-26 12:04:32.000000,2.609025e+07,1.818781e+07,1.239958e+02,1.410269e+06,8.844500e+01,,,,5
2018-04-26 12:04:33.000000,2.609023e+07,1.818689e+07,1.239952e+02,1.410269e+06,8.844500e+01,,,,5
2018-04-26 12:04:34.000000,2.609024e+07,1.818690e+07,1.239951e+02,1.410269e+06,8.844500e+01,,,,5
2018-04-26 12:04:35.000000,2.609025e+07,1.818687e+07,1.239950e+02,1.410269e+06,8.844500e+01,,,,5
2018-04-26 12:04:36.000000,2.609026e+07,1.818659e+07,1.239949e+02,1.410269e+06,8.844499e+01,,,,5
2018-04-26 12:04:37.000000,2.609025e+07,1.818778e+07,1.239955e+02,1.410269e+06,8.844499e+01,,,,5
2018-04-26 12:04:38.000000,2.609024e+07,1.818751e+07,1.239955e+02,1.410269e+06,8.844499e+01,,,,5
2018-04-26 12:04:39.000000,2.609024e+07,1.818867e+07,1.239962e+02,1.410269e+06,8.844499e+01,,,,5
2018-04-26 12:04:40.000000,2.609024e+07,1.818748e+07,1.239955e+02,1.410269e+06,8.844498e+01,,,,5
2018-04-26 12:04:41.000000,2.609026e+07,1.818891e+07,1.239963e+02,1.410269e+06,8.844498e+01,,,,5
2018-04-26 12:04:42.000000,2.609025e+07,1.818784e+07,1.239957e+02,1.410269e+06,8.844498e+01,,,,5
2018-04-26 12:04:43.000000,2.609026e+07,1.818953e+07,1.239967e+02,1.410269e+06,8.844498e+01,,,,5
2018-04-26 12:04:44.000000,2.609024e+07,1.818707e+07,1.239952e+02,1.410269e+06,8.844497e+01,,,,5
2018-04-26 12:04:45.000000,2.609024e+07,1.818843e+07,1.239960e+02,1.410269e+06,8.844497e+01,,,,5
2018-04-26 12:04:46.000000,2.609024e+07,1.818719e+07,1.239952e+02,1.410269e+06,8.844497e+01,,,,5
2018-04-26 12:04:47.000000,2.609025e+07,1.818812e+07,1.239957e+02,1.410269e+06,8.844497e+01,,,,5
2018-04-26 12:04:48.000000,2.609026e+07,1.818691e+07,1.239950e+02,1.410269e+06,8.844496e+01,,,,5
2018-04-26 12:04:49.000000,2.609024e+07,1.818744e+07,1.239954e+02,1.410269e+06,8.844496e+01,,,,5
2018-04-26 12:04:50.000000,2.609024e+07,1.818777e+07,1.239956e+02,1.410269e+06,8.844496e+01,,,,5
2018-04-26 12:04:51.000000,2.609024e+07,1.818743e+07,1.239955e+02,1.410269e+06,8.844496e+01,,,,5
2018-04-26 12:04:52.000000,2.609025e+07,1.818803e+07,1.239959e+02,1.410269e+06,8.844495e+01,,,,5
2018-04-26 12:04:53.000000,2.609026e+07,1.818776e+07,1.239957e+02,1.410269e+06,8.844495e+01,,,,5
2018-04-26 12:04:54.000000,2.609025e+07,1.818954e+07,1.239967e+02,1.410269e+06,8.844495e+01,,,,5
2018-04-26 12:04:55.000000,2.609024e+07,1.818703e+07,1.239952e+02,1.410269e+06,8.844495e+01,,,,5
2018-04-26 12:04:56.000000,2.609023e+07,1.818855e+07,1.239960e+02,1.410269e+06,8.844494e+01,,,,5
2018-04-26 12:04:57.000000,2.609023e+07,1.818684e+07,1.239951e+02,1.410269e+06,8.844494e+01,,,,5
2018-04-26 12:04:58.000000,2.609026e+07,1.818823e+07,1.239957e+02,1.410269e+06,8.844494e+01,,,,5
2018-04-26 12:04:59.000000,2.609025e+07,1.818693e+07,1.239950e+02,1.410269e+06,8.844494e+01,,,,5
2018-04-26 12:05:00.000000,2.609024e+07,1.818897e+07,1.239962e+02,1.410269e+06,8.844493e+01,,,,5
2018-04-26 12:05:01.000000,2.609023e+07,1.818792e+07,1.239958e+02,1.410269e+06,8.844493e+01,,,,5
2018-04-26 12:05:02.000000,2.609024e+07,1.818749e+07,1.239955e+02,1.410269e+06,8.844493e+01,,,,5
2018-04-26 12:05:03.000000,2.609026e+07,1.818805e+07,1.239959e+02,1.410269e+06,8.844493e+01,,,,5
2018-04-26 12:05:04.000000,2.609025e+07,1.818777e+07,1.239957e+02,1.410269e+06,8.844492e+01,,,,5
2018-04-26 12:05:05.000000,2.609026e+07,1.818901e+07,1.239964e+02,1.410269e+06,8.844492e+01,,,,5
2018-04-26 12:05:06.000000,2.609023e+07,1.818703e+07,1.239952e+02,1.410269e+06,8.844492e+01,,,,5
2018-04-26 12:05:07.000000,2.609024e+07,1.818803e+07,1.239957e+02,1.410269e+06,8.844492e+01,,,,5
2018-04-26 12:05:08.000000,2.609024e+07,1.818688e+07,1.239951e+02,1.410269e+06,8.844491e+01,,,,5
2018-04-26 12:05:09.000000,2.609025e+07,1.818767e+07,1.239955e+02,1.410269e+06,8.844491e+01,,,,5
2018-04-26 12:05:10.000000,2.609026e+07,1.818659e+07,1.239948e+02,1.410269e+06,8.844491e+01,,,,5
2018-04-26 12:05:11.000000,2.609025e+07,1.818817e+07,1.239957e+02,1.410269e+06,8.844491e+01,,,,5
2018-04-26 12:05:12.000000,2.609024e+07,1.818751e+07,1.239955e+02,1.410269e+06,8.844490e+01,,,,5
2018-04-26 12:05:13.000000,2.609024e+07,1.818750e+07,1.239955e+02,1.410269e+06,8.844490e+01,,,,5
2018-04-26 12:05:14.000000,2.609026e+07,1.818773e+07,1.239957e+02,1.410269e+06,8.844490e+01,,,,5
2018-04-26 12:05:15.000000,2.609025e+07,1.818781e+07,1.239958e+02,1.410269e+06,8.844490e+01,,,,5
2018-04-26 12:05:16.000000,2.609025e+07,1.818808e+07,1.239959e+02,1.410269e+06,8.844490e+01,,,,5
2018-04-26 12:05:17.000000,2.609024e+07,1.818702e+07,1.239952e+02,1.410269e+06,8.844489e+01,,,,5
2018-04-26 12:05:18.000000,2.609023e+07,1.818803e+07,1.239957e+02,1.410269e+06,8.844489e+01,,,,5
2018-04-26 12:05:19.000000,2.609024e+07,1.818683e+07,1.239951e+02,1.410269e+06,8.844489e+01,,,,5
2018-04-26 12:05:20.000000,2.609025e+07,1.818773e+07,1.239955e+02,1.410269e+06,8.844489e+01,,,,5
2018-04-26 12:05:21.000000,2.609025e+07,1.818657e+07,1.239948e+02,1.410269e+06,8.844488e+01,,,,5
2018-04-26 12:05:22.000000,2.609026e+07,1.818832e+07,1.239958e+02,1.410269e+06,8.844488e+01,,,,5
2018-04-26 12:05:23.000000,2.609023e+07,1.818752e+07,1.239955e+02,1.410269e+06,8.844488e+01,,,,5
2018-04-26 12:05:24.000000,2.609024e+07,1.818914e+07,1.239964e+02,1.410269e+06,8.844488e+01,,,,5
2018-04-26 12:05:25.000000,2.609023e+07,1.818781e+07,1.239956e+02,1.410269e+06,8.844487e+01,,,,5
2018-04-26 12:05:26.000000,2.609025e+07,1.818942e+07,1.239966e+02,1.410269e+06,8.844487e+01,,,,5
2018-04-26 12:05:27.000000,2.609026e+07,1.818818e+07,1.239959e+02,1.410269e+06,8.844487e+01,,,,5
2018-04-26 12:05:28.000000,2.609024e+07,1.818846e+07,1.239959e+02,1.410269e+06,8.844487e+01,,,,5
2018-04-26 12:05:29.000000,2.609024e+07,1.818728e+07,1.239953e+02,1.410269e+06,8.844486e+01,,,,5
2018-04-26 12:05:30.000000,2.609023e+07,1.818683e+07,1.239951e+02,1.410269e+06,8.844486e+01,,,,5
2018-04-26 12:05:31.000000,2.609026e+07,1.818686e+07,1.239950e+02,1.410269e+06,8.844486e+01,,,,5
2018-04-26 12:05:32.000000,2.609025e+07,1.818653e+07,1.239948e+02,1.410269e+06,8.844486e+01,,,,5
2018-04-26 12:05:33.000000,2.609025e+07,1.818772e+07,1.239955e+02,1.410269e+06,8.844485e+01,,,,5
2018-04-26 12:05:34.000000,2.609024e+07,1.818745e+07,1.239955e+02,1.410269e+06,8.844485e+01,,,,5
2018-04-26 12:05:35.000000,2.609023e+07,1.818859e+07,1.239961e+02,1.410269e+06,8.844485e+01,,,,5
2018-04-26 12:05:36.000000,2.609024e+07,1.818746e+07,1.239955e+02,1.410269e+06,8.844485e+01,,,,5
2018-04-26 12:05:37.000000,2.609025e+07,1.818940e+07,1.239966e+02,1.410269e+06,8.844484e+01,,,,5
2018-04-26 12:05:38.000000,2.609026e+07,1.818785e+07,1.239958e+02,1.410269e+06,8.844484e+01,,,,5
2018-04-26 12:05:39.000000,2.609025e+07,1.818781e+07,1.239958e+02,1.410269e+06,8.844484e+01,,,,5
2018-04-26 12:05:40.000000,2.609023e+07,1.818689e+07,1.239951e+02,1.410269e+06,8.844484e+01,,,,5
2018-04-26 12:05:41.000000,2.609024e+07,1.818690e+07,1.239951e+02,1.410269e+06,8.844483e+01,,,,5
2018-04-26 12:05:42.000000,2.609025e+07,1.818687e+07,1.239950e+02,1.410269e+06,8.844483e+01,,,,5
2018-04-26 12:05:43.000000,2.609026e+07,1.818658e+07,1.239949e+02,1.410269e+06,8.844483e+01,,,,5
2018-04-26 12:05:44.000000,2.609025e+07,1.818778e+07,1.239955e+02,1.410269e+06,8.844483e+01,,,,5
2018-04-26 12:05:45.000000,2.609023e+07,1.818751e+07,1.239955e+02,1.410269e+06,8.844482e+01,,,,5
2018-04-26 12:05:46.000000,2.609024e+07,1.818867e+07,1.239962e+02,1.410269e+06,8.844482e+01,,,,5
2018-04-26 12:05:47.000000,2.609023e+07,1.818748e+07,1.239955e+02,1.410269e+06,8.844482e+01,,,,5
2018-04-26 12:05:48.000000,2.609026e+07,1.818889e+07,1.239963e+02,1.410269e+06,8.844482e+01,,,,5
2018-04-26 12:05:49.000000,2.609025e+07,1.818784e+07,1.239957e+02,1.410269e+06,8.844482e+01,,,,5
2018-04-26 12:05:50.000000,2.609025e+07,1.818953e+07,1.239967e+02,1.410269e+06,8.844481e+01,,,,5
2018-04-26 12:05:51.000000,2.609024e+07,1.818707e+07,1.239952e+02,1.410269e+06,8.844481e+01,,,,5
2018-04-26 12:05:52.000000,2.609024e+07,1.818841e+07,1.239959e+02,1.410269e+06,8.844481e+01,,,,5
2018-04-26 12:05:53.000000,2.609024e+07,1.818718e+07,1.239952e+02,1.410269e+06,8.844481e+01,,,,5
2018-04-26 12:05:54.000000,2.609025e+07,1.818812e+07,1.239957e+02,1.410269e+06,8.844480e+01,,,,5
2018-04-26 12:05:55.000000,2.609026e+07,1.818692e+07,1.239950e+02,1.410269e+06,8.844480e+01,,,,5
2018-04-26 12:05:56.000000,2.609024e+07,1.818744e+07,1.239954e+02,1.410269e+06,8.844480e+01,,,,5
2018-04-26 12:05:57.000000,2.609024e+07,1.818777e+07,1.239956e+02,1.410269e+06,8.844480e+01,,,,5
2018-04-26 12:05:58.000000,2.609024e+07,1.818743e+07,1.239955e+02,1.410269e+06,8.844479e+01,,,,5
2018-04-26 12:05:59.000000,2.609025e+07,1.818802e+07,1.239959e+02,1.410269e+06,8.844479e+01,,,,5
2018-04-26 12:06:00.000000,2.609026e+07,1.818776e+07,1.239957e+02,1.410269e+06,8.844479e+01,,,,5
2018-04-26 12:06:01.000000,2.609025e+07,1.818954e+07,1.239967e+02,1.410269e+06,8.844479e+01,,,,5
2018-04-26 12:06:02.000000,2.609024e+07,1.818706e+07,1.239952e+02,1.410269e+06,8.844478e+01,,,,5
2018-04-26 12:06:03.000000,2.609023e+07,1.818854e+07,1.239959e+02,1.410269e+06,8.844478e+01,,,,5
2018-04-26 12:06:04.000000,2.609023e+07,1.818684e+07,1.239950e+02,1.410269e+06,8.844478e+01,,,,5
2018-04-26 12:06:05.000000,2.609026e+07,1.818821e+07,1.239957e+02,1.410269e+06,8.844478e+01,,,,5
2018-04-26 12:06:06.000000,2.609025e+07,1.818693e+07,1.239950e+02,1.410269e+06,8.844477e+01,,,,5
2018-04-26 12:06:07.000000,2.609026e+07,1.818656e+07,1.239949e+02,1.410269e+06,8.844477e+01,,,,5
2018-04-26 12:06:08.000000,2.609023e+07,1.818771e+07,1.239955e+02,1.410269e+06,8.844477e+01,,,,5
2018-04-26 12:06:09.000000,2.609023e+07,1.818749e+07,1.239955e+02,1.410269e+06,8.844477e+01,,,,5
2018-04-26 12:06:10.000000,2.609026e+07,1.818805e+07,1.239959e+02,1.410269e+06,8.844476e+01,,,,5
2018-04-26 12:06:11.000000,2.609025e+07,1.818777e+07,1.239957e+02,1.410269e+06,8.844476e+01,,,,5
2018-04-26 12:06:12.000000,2.609026e+07,1.818900e+07,1.239964e+02,1.410269e+06,8.844476e+01,,,,5
2018-04-26 12:06:13.000000,2.609023e+07,1.818703e+07,1.239952e+02,1.410269e+06,8.844476e+01,,,,5
2018-04-26 12:06:14.000000,2.609024e+07,1.818803e+07,1.239957e+02,1.410269e+06,8.844476e+01,,,,5
2018-04-26 12:06:15.000000,2.609024e+07,1.818688e+07,1.239951e+02,1.410269e+06,8.844475e+01,,,,5
2018-04-26 12:06:16.000000,2.609025e+07,1.818767e+07,1.239955e+02,1.410269e+06,8.844475e+01,,,,5
2018-04-26 12:06:17.000000,2.609025e+07,1.818659e+07,1.239948e+02,1.410269e+06,8.844475e+01,,,,5
2018-04-26 12:06:18.000000,2.609025e+07,1.818817e+07,1.239957e+02,1.410269e+06,8.844475e+01,,,,5
2018-04-26 12:06:19.000000,2.609024e+07,1.818751e+07,1.239955e+02,1.410269e+06,8.844474e+01,,,,5
2018-04-26 12:06:20.000000,2.609024e+07,1.818750e+07,1.239955e+02,1.410269e+06,8.844474e+01,,,,5
2018-04-26 12:06:21.000000,2.609024e+07,1.818779e+07,1.239956e+02,1.410269e+06,8.844474e+01,,,,5
2018-04-26 12:06:22.000000,2.609025e+07,1.818781e+07,1.239958e+02,1.410269e+06,8.844474e+01,,,,5
2018-04-26 12:06:23.000000,2.609025e+07,1.818808e+07,1.239959e+02,1.410269e+06,8.844473e+01,,,,5
2018-04-26 12:06:24.000000,2.609024e+07,1.818702e+07,1.239952e+02,1.410269e+06,8.844473e+01,,,,5
2018-04-26 12:06:25.000000,2.609023e+07,1.818803e+07,1.239957e+02,1.410269e+06,8.844473e+01,,,,5
2018-04-26 12:06:26.000000,2.609024e+07,1.818684e+07,1.239950e+02,1.410269e+06,8.844473e+01,,,,5
2018-04-26 12:06:27.000000,2.609025e+07,1.818772e+07,1.239955e+02,1.410269e+06,8.844472e+01,,,,5
2018-04-26 12:06:28.000000,2.609025e+07,1.818657e+07,1.239948e+02,1.410269e+06,8.844472e+01,,,,5
2018-04-26 12:06:29.000000,2.609026e+07,1.818830e+07,1.239958e+02,1.410269e+06,8.844472e+01,,,,5
2018-04-26 12:06:30.000000,2.609023e+07,1.818752e+07,1.239955e+02,1.410269e+06,8.844472e+01,,,,5
2018-04-26 12:06:31.000000,2.609024e+07,1.818914e+07,1.239964e+02,1.410269e+06,8.844471e+01,,,,5
2018-04-26 12:06:32.000000,2.609023e+07,1.818781e+07,1.239956e+02,1.410269e+06,8.844471e+01,,,,5
2018-04-26 12:06:33.000000,2.609025e+07,1.818940e+07,1.239966e+02,1.410269e+06,8.844471e+01,,,,5
2018-04-26 12:06:34.000000,2.609026e+07,1.818818e+07,1.239959e+02,1.410269e+06,8.844471e+01,,,,5
2018-04-26 12:06:35.000000,2.609023e+07,1.818846e+07,1.239959e+02,1.410269e+06,8.844470e+01,,,,5
2018-04-26 12:06:36.000000,2.609024e+07,1.818729e+07,1.239953e+02,1.410269e+06,8.844470e+01,,,,5
2018-04-26 12:06:37.000000,2.609023e+07,1.818683e+07,1.239951e+02,1.410269e+06,8.844470e+01,,,,5
2018-04-26 12:06:38.000000,2.609026e+07,1.818686e+07,1.239950e+02,1.410269e+06,8.844470e+01,,,,5
2018-04-26 12:06:39.000000,2.609025e+07,1.818654e+07,1.239948e+02,1.410269e+06,8.844470e+01,,,,5
2018-04-26 12:06:40.000000,2.609025e+07,1.818771e+07,1.239955e+02,1.410269e+06,8.844469e+01,,,,5
2018-04-26 12:06:41.000000,2.609023e+07,1.818745e+07,1.239955e+02,1.410269e+06,8.844469e+01,,,,5
2018-04-26 12:06:42.000000,2.609023e+07,1.818859e+07,1.239961e+02,1.410269e+06,8.844469e+01,,,,5
2018-04-26 12:06:43.000000,2.609024e+07,1.818748e+07,1.239955e+02,1.410269e+06,8.844469e+01,,,,5
2018-04-26 12:06:44.000000,2.609025e+07,1.818940e+07,1.239966e+02,1.410269e+06,8.844468e+01,,,,5
2018-04-26 12:06:45.000000,2.609026e+07,1.818785e+07,1.239958e+02,1.410269e+06,8.844468e+01,,,,5
2018-04-26 12:06:46.000000,2.609025e+07,1.818781e+07,1.239958e+02,1.410269e+06,8.844468e+01,,,,5
2018-04-26 12:06:47.000000,2.609023e+07,1.818689e+07,1.239951e+02,1.410269e+06,8.844468e+01,,,,5
2018-04-26 12:06:48.000000,2.609024e+07,1.818690e+07,1.239951e+02,1.410269e+06,8.844467e+01,,,,5
2018-04-26 12:06:49.000000,2.609025e+07,1.818687e+07,1.239950e+02,1.410269e+06,8.844467e+01,,,,5
2018-04-26 12:06:50.000000,2.609026e+07,1.818659e+07,1.239948e+02,1.410269e+06,8.844467e+01,,,,5
2018-04-26 12:06:51.000000,2.609025e+07,1.818778e+07,1.239955e+02,1.410269e+06,8.844467e+01,,,,5
2018-04-26 12:06:52.000000,2.609023e+07,1.818751e+07,1.239955e+02,1.410269e+06,8.844466e+01,,,,5
2018-04-26 12:06:53.000000,2.609024e+07,1.818866e+07,1.239961e+02,1.410269e+06,8.844466e+01,,,,5
2018-04-26 12:06:54.000000,2.609023e+07,1.818748e+07,1.239955e+02,1.410269e+06,8.844466e+01,,,,5
2018-04-26 12:06:55.000000,2.609026e+07,1.818889e+07,1.239963e+02,1.410269e+06,8.844466e+01,,,,5
2018-04-26 12:06:56.000000,2.609025e+07,1.818785e+07,1.239957e+02,1.410269e+06,8.844465e+01,,,,5
2018-04-26 12:06:57.000000,2.609025e+07,1.818953e+07,1.239967e+02,1.410269e+06,8.844465e+01,,,,5
2018-04-26 12:06:58.000000,2.609024e+07,1.818707e+07,1.239952e+02,1.410269e+06,8.844465e+01,,,,5
2018-04-26 12:06:59.000000,2.609023e+07,1.818841e+07,1.239959e+02,1.410269e+06,8.844465e+01,,,,5
2018-04-26 12:07:00.000000,2.609024e+07,1.818719e+07,1.239952e+02,1.410269e+06,8.844465e+01,,,,5
2018-04-26 12:07:01.000000,2.609025e+07,1.818811e+07,1.239957e+02,1.410269e+06,8.844464e+01,,,,5
2018-04-26 12:07:02.000000,2.609026e+07,1.818692e+07,1.239950e+02,1.410269e+06,8.844464e+01,,,,5
2018-04-26 12:07:03.000000,2.609023e+07,1.818743e+07,1.239954e+02,1.410269e+06,8.844464e+01,,,,5
2018-04-26 12:07:04.000000,2.609024e+07,1.818777e+07,1.239956e+02,1.410269e+06,8.844464e+01,,,,5
2018-04-26 12:07:05.000000,2.609023e+07,1.818743e+07,1.239955e+02,1.410269e+06,8.844463e+01,,,,5
2018-04-26 12:07:06.000000,2.609025e+07,1.818802e+07,1.239959e+02,1.410269e+06,8.844463e+01,,,,5
2018-04-26 12:07:07.000000,2.609026e+07,1.818777e+07,1.239957e+02,1.410269e+06,8.844463e+01,,,,5
2018-04-26 12:07:08.000000,2.609025e+07,1.818954e+07,1.239967e+02,1.410269e+06,8.844463e+01,,,,5
2018-04-26 12:07:09.000000,2.609024e+07,1.818706e+07,1.239952e+02,1.410269e+06,8.844462e+01,,,,5
2018-04-26 12:07:10.000000,2.609023e+07,1.818852e+07,1.239959e+02,1.410269e+06,8.844462e+01,,,,5
2018-04-26 12:07:11.000000,2.609023e+07,1.818684e+07,1.239950e+02,1.410269e+06,8.844462e+01,,,,5
2018-04-26 12:07:12.000000,2.609026e+07,1.818821e+07,1.239957e+02,1.410269e+06,8.844462e+01,,,,5
2018-04-26 12:07:13.000000,2.609025e+07,1.818695e+07,1.239950e+02,1.410269e+06,8.844461e+01,,,,5
2018-04-26 12:07:14.000000,2.609026e+07,1.818656e+07,1.239948e+02,1.410269e+06,8.844461e+01,,,,5
2018-04-26 12:07:15.000000,2.609023e+07,1.818771e+07,1.239955e+02,1.410269e+06,8.844461e+01,,,,5
2018-04-26 12:07:16.000000,2.609023e+07,1.818749e+07,1.239955e+02,1.410269e+06,8.844461e+01,,,,5
2018-04-26 12:07:17.000000,2.609026e+07,1.818773e+07,1.239957e+02,1.410269e+06,8.844461e+01,,,,5
2018-04-26 12:07:18.000000,2.609025e+07,1.818781e+07,1.239957e+02,1.410269e+06,8.844460e+01,,,,5
2018-04-26 12:07:19.000000,2.609026e+07,1.818808e+07,1.239959e+02,1.410269e+06,8.844460e+01,,,,5
2018-04-26 12:07:20.000000,2.609024e+07,1.818702e+07,1.239952e+02,1.410269e+06,8.844460e+01,,,,5
2018-04-26 12:07:21.000000,2.609023e+07,1.818804e+07,1.239957e+02,1.410269e+06,8.844460e+01,,,,5
2018-04-26 12:07:22.000000,2.609024e+07,1.818683e+07,1.239950e+02,1.410269e+06,8.844459e+01,,,,5
2018-04-26 12:07:23.000000,2.609025e+07,1.818773e+07,1.239955e+02,1.410269e+06,8.844459e+01,,,,5
2018-04-26 12:07:24.000000,2.609025e+07,1.818657e+07,1.239948e+02,1.410269e+06,8.844459e+01,,,,5
2018-04-26 12:07:25.000000,2.609026e+07,1.818832e+07,1.239958e+02,1.410269e+06,8.844459e+01,,,,5
2018-04-26 12:07:26.000000,2.609023e+07,1.818752e+07,1.239955e+02,1.410269e+06,8.844458e+01,,,,5
2018-04-26 12:07:27.000000,2.609024e+07,1.818914e+07,1.239964e+02,1.410269e+06,8.844458e+01,,,,5
2018-04-26 12:07:28.000000,2.609023e+07,1.818780e+07,1.239956e+02,1.410269e+06,8.844458e+01,,,,5
2018-04-26 12:07:29.000000,2.609025e+07,1.818942e+07,1.239966e+02,1.410269e+06,8.844458e+01,,,,5
2018-04-26 12:07:30.000000,2.609026e+07,1.818818e+07,1.239959e+02,1.410269e+06,8.844457e+01,,,,5
2018-04-26 12:07:31.000000,2.609024e+07,1.818846e+07,1.239959e+02,1.410269e+06,8.844457e+01,,,,5
2018-04-26 12:07:32.000000,2.609024e+07,1.818728e+07,1.239953e+02,1.410269e+06,8.844457e+01,,,,5
2018-04-26 12:07:33.000000,2.609023e+07,1.818684e+07,1.239950e+02,1.410269e+06,8.844457e+01,,,,5
2018-04-26 12:07:34.000000,2.609026e+07,1.818687e+07,1.239950e+02,1.410269e+06,8.844456e+01,,,,5
2018-04-26 12:07:35.000000,2.609026e+07,1.818653e+07,1.239948e+02,1.410269e+06,8.844456e+01,,,,5
2018-04-26 12:07:36.000000,2.609025e+07,1.818772e+07,1.239954e+02,1.410269e+06,8.844456e+01,,,,5
2018-04-26 12:07:37.000000,2.609024e+07,1.818745e+07,1.239954e+02,1.410269e+06,8.844456e+01,,,,5
2018-04-26 12:07:38.000000,2.609023e+07,1.818860e+07,1.239961e+02,1.410269e+06,8.844456e+01,,,,5
2018-04-26 12:07:39.000000,2.609024e+07,1.818746e+07,1.239955e+02,1.410269e+06,8.844455e+01,,,,5
2018-04-26 12:07:40.000000,2.609025e+07,1.818940e+07,1.239966e+02,1.410268e+06,8.844455e+01,,,,5
2018-04-26 12:07:41.000000,2.609026e+07,1.818785e+07,1.239958e+02,1.410268e+06,8.844455e+01,,,,5
2018-04-26 12:07:42.000000,2.609025e+07,1.818781e+07,1.239957e+02,1.410268e+06,8.844455e+01,,,,5
2018-04-26 12:07:43.000000,2.609023e+07,1.818689e+07,1.239951e+02,1.410268e+06,8.844454e+01,,,,5
2018-04-26 12:07:44.000000,2.609024e+07,1.818690e+07,1.239951e+02,1.410268e+06,8.844454e+01,,,,5
2018-04-26 12:07:45.000000,2.609025e+07,1.818687e+07,1.239950e+02,1.410268e+06,8.844454e+01,,,,5
2018-04-26 12:07:46.000000,2.609026e+07,1.818659e+07,1.239948e+02,1.410268e+06,8.844454e+01,,,,5
2018-04-26 12:07:47.000000,2.609025e+07,1.818778e+07,1.239955e+02,1.410268e+06,8.844453e+01,,,,5
2018-04-26 12:07:48.000000,2.609024e+07,1.818751e+07,1.239955e+02,1.410268e+06,8.844453e+01,,,,5
2018-04-26 12:07:49.000000,2.609024e+07,1.818867e+07,1.239961e+02,1.410268e+06,8.844453e+01,,,,5
2018-04-26 12:07:50.000000,2.609023e+07,1.818748e+07,1.239955e+02,1.410268e+06,8.844453e+01,,,,5
2018-04-26 12:07:51.000000,2.609026e+07,1.818889e+07,1.239963e+02,1.410268e+06,8.844452e+01,,,,5
2018-04-26 12:07:52.000000,2.609025e+07,1.818784e+07,1.239957e+02,1.410268e+06,8.844452e+01,,,,5
2018-04-26 12:07:53.000000,2.609025e+07,1.818953e+07,1.239967e+02,1.410268e+06,8.844452e+01,,,,5
2018-04-26 12:07:54.000000,2.609024e+07,1.818707e+07,1.239951e+02,1.410268e+06,8.844452e+01,,,,5
2018-04-26 12:07:55.000000,2.609024e+07,1.818843e+07,1.239959e+02,1.410268e+06,8.844452e+01,,,,5
2018-04-26 12:07:56.000000,2.609024e+07,1.818718e+07,1.239952e+02,1.410268e+06,8.844451e+01,,,,5
2018-04-26 12:07:57.000000,2.609025e+07,1.818812e+07,1.239957e+02,1.410268e+06,8.844451e+01,,,,5
2018-04-26 12:07:58.000000,2.609026e+07,1.818692e+07,1.239950e+02,1.410268e+06,8.844451e+01,,,,5
2018-04-26 12:07:59.000000,2.609024e+07,1.818744e+07,1.239954e+02,1.410268e+06,8.844451e+01,,,,5
2018-04-26 12:08:00.000000,2.609024e+07,1.818777e+07,1.239956e+02,1.410268e+06,8.844450e+01,,,,5
2018-04-26 12:08:01.000000,2.609024e+07,1.818743e+07,1.239954e+02,1.410268e+06,8.844450e+01,,,,5
2018-04-26 12:08:02.000000,2.609025e+07,1.818803e+07,1.239959e+02,1.410268e+06,8.844450e+01,,,,5
2018-04-26 12:08:03.000000,2.609026e+07,1.818776e+07,1.239957e+02,1.410268e+06,8.844450e+01,,,,5
2018-04-26 12:08:04.000000,2.609025e+07,1.818954e+07,1.239967e+02,1.410268e+06,8.844449e+01,,,,5
2018-04-26 12:08:05.000000,2.609024e+07,1.818703e+07,1.239951e+02,1.410268e+06,8.844449e+01,,,,5
2018-04-26 12:08:06.000000,2.609023e+07,1.818854e+07,1.239959e+02,1.410268e+06,8.844449e+01,,,,5
2018-04-26 12:08:07.000000,2.609023e+07,1.818684e+07,1.239950e+02,1.410268e+06,8.844449e+01,,,,5
2018-04-26 12:08:08.000000,2.609026e+07,1.818821e+07,1.239957e+02,1.410268e+06,8.844449e+01,,,,5
2018-04-26 12:08:09.000000,2.609025e+07,1.818693e+07,1.239950e+02,1.410268e+06,8.844448e+01,,,,5
2018-04-26 12:08:10.000000,2.609026e+07,1.818656e+07,1.239948e+02,1.410268e+06,8.844448e+01,,,,5
2018-04-26 12:08:11.000000,2.609023e+07,1.818771e+07,1.239955e+02,1.410268e+06,8.844448e+01,,,,5
2018-04-26 12:08:12.000000,2.609024e+07,1.818749e+07,1.239955e+02,1.410268e+06,8.844448e+01,,,,5
2018-04-26 12:08:13.000000,2.609026e+07,1.818805e+07,1.239959e+02,1.410268e+06,8.844447e+01,,,,5
2018-04-26 12:08:14.000000,2.609025e+07,1.818777e+07,1.239957e+02,1.410268e+06,8.844447e+01,,,,5
2018-04-26 12:08:15.000000,2.609026e+07,1.818900e+07,1.239964e+02,1.410268e+06,8.844447e+01,,,,5
2018-04-26 12:08:16.000000,2.609023e+07,1.818704e+07,1.239951e+02,1.410268e+06,8.844447e+01,,,,5
2018-04-26 12:08:17.000000,2.609024e+07,1.818803e+07,1.239957e+02,1.410268e+06,8.844446e+01,,,,5
2018-04-26 12:08:18.000000,2.609024e+07,1.818688e+07,1.239950e+02,1.410268e+06,8.844446e+01,,,,5
2018-04-26 12:08:19.000000,2.609025e+07,1.818767e+07,1.239954e+02,1.410268e+06,8.844446e+01,,,,5
2018-04-26 12:08:20.000000,2.609025e+07,1.818659e+07,1.239948e+02,1.410268e+06,8.844446e+01,,,,5
2018-04-26 12:08:21.000000,2.609025e+07,1.818817e+07,1.239957e+02,1.410268e+06,8.844446e+01,,,,5
2018-04-26 12:08:22.000000,2.609024e+07,1.818751e+07,1.239954e+02,1.410268e+06,8.844445e+01,,,,5
2018-04-26 12:08:23.000000,2.609024e+07,1.818750e+07,1.239955e+02,1.410268e+06,8.844445e+01,,,,5
2018-04-26 12:08:24.000000,2.609026e+07,1.818773e+07,1.239957e+02,1.410268e+06,8.844445e+01,,,,5
2018-04-26 12:08:25.000000,2.609025e+07,1.818781e+07,1.239957e+02,1.410268e+06,8.844445e+01,,,,5
2018-04-26 12:08:26.000000,2.609025e+07,1.818808e+07,1.239959e+02,1.410268e+06,8.844444e+01,,,,5
2018-04-26 12:08:27.000000,2.609024e+07,1.818702e+07,1.239952e+02,1.410268e+06,8.844444e+01,,,,5
2018-04-26 12:08:28.000000,2.609023e+07,1.818803e+07,1.239957e+02,1.410268e+06,8.844444e+01,,,,5
2018-04-26 12:08:29.000000,2.609024e+07,1.818683e+07,1.239950e+02,1.410268e+06,8.844444e+01,,,,5
2018-04-26 12:08:30.000000,2.609025e+07,1.818773e+07,1.239955e+02,1.410268e+06,8.844443e+01,,,,5
2018-04-26 12:08:31.000000,2.609025e+07,1.818657e+07,1.239948e+02,1.410268e+06,8.844443e+01,,,,5
2018-04-26 12:08:32.000000,2.609026e+07,1.818830e+07,1.239958e+02,1.410268e+06,8.844443e+01,,,,5
2018-04-26 12:08:33.000000,2.609023e+07,1.818752e+07,1.239954e+02,1.410268e+06,8.844443e+01,,,,5
2018-04-26 12:08:34.000000,2.609024e+07,1.818914e+07,1.239963e+02,1.410268e+06,8.844442e+01,,,,5
2018-04-26 12:08:35.000000,2.609023e+07,1.818781e+07,1.239956e+02,1.410268e+06,8.844442e+01,,,,5
2018-04-26 12:08:36.000000,2.609025e+07,1.818942e+07,1.239966e+02,1.410268e+06,8.844442e+01,,,,5
2018-04-26 12:08:37.000000,2.609026e+07,1.818818e+07,1.239959e+02,1.410268e+06,8.844442e+01,,,,5
2018-04-26 12:08:38.000000,2.609024e+07,1.818846e+07,1.239959e+02,1.410268e+06,8.844442e+01,,,,5
2018-04-26 12:08:39.000000,2.609024e+07,1.818728e+07,1.239953e+02,1.410268e+06,8.844441e+01,,,,5
2018-04-26 12:08:40.000000,2.609023e+07,1.818683e+07,1.239950e+02,1.410268e+06,8.844441e+01,,,,5
2018-04-26 12:08:41.000000,2.609026e+07,1.818686e+07,1.239950e+02,1.410268e+06,8.844441e+01,,,,5
2018-04-26 12:08:42.000000,2.609025e+07,1.818654e+07,1.239948e+02,1.410268e+06,8.844441e+01,,,,5
2018-04-26 12:08:43.000000,2.609025e+07,1.818771e+07,1.239954e+02,1.410268e+06,8.844440e+01,,,,5
2018-04-26 12:08:44.000000,2.609024e+07,1.818745e+07,1.239954e+02,1.410268e+06,8.844440e+01,,,,5
2018-04-26 12:08:45.000000,2.609023e+07,1.818859e+07,1.239961e+02,1.410268e+06,8.844440e+01,,,,5
2018-04-26 12:08:46.000000,2.609024e+07,1.818746e+07,1.239954e+02,1.410268e+06,8.844440e+01,,,,5
2018-04-26 12:08:47.000000,2.609025e+07,1.818940e+07,1.239966e+02,1.410268e+06,8.844439e+01,,,,5
2018-04-26 12:08:48.000000,2.609026e+07,1.818785e+07,1.239958e+02,1.410268e+06,8.844439e+01,,,,5
2018-04-26 12:08:49.000000,2.609025e+07,1.818781e+07,1.239957e+02,1.410268e+06,8.844439e+01,,,,5
2018-04-26 12:08:50.000000,2.609023e+07,1.818689e+07,1.239951e+02,1.410268e+06,8.844439e+01,,,,5
2018-04-26 12:08:51.000000,2.609024e+07,1.818690e+07,1.239951e+02,1.410268e+06,8.844439e+01,,,,5
2018-04-26 12:08:52.000000,2.609025e+07,1.818687e+07,1.239950e+02,1.410268e+06,8.844438e+01,,,,5
2018-04-26 12:08:53.000000,2.609026e+07,1.818658e+07,1.239948e+02,1.410268e+06,8.844438e+01,,,,5
2018-04-26 12:08:54.000000,2.609025e+07,1.818778e+07,1.239955e+02,1.410268e+06,8.844438e+01,,,,5
2018-04-26 12:08:55.000000,2.609023e+07,1.818751e+07,1.239955e+02,1.410268e+06,8.844438e+01,,,,5
2018-04-26 12:08:56.000000,2.609024e+07,1.818867e+07,1.239961e+02,1.410268e+06,8.844437e+01,,,,5
2018-04-26 12:08:57.000000,2.609023e+07,1.818748e+07,1.239954e+02,1.410268e+06,8.844437e+01,,,,5
2018-04-26 12:08:58.000000,2.609026e+07,1.818889e+07,1.239963e+02,1.410268e+06,8.844437e+01,,,,5
2018-04-26 12:08:59.000000,2.609025e+07,1.818785e+07,1.239957e+02,1.410268e+06,8.844437e+01,,,,5
2018-04-26 12:09:00.000000,2.609025e+07,1.818953e+07,1.239966e+02,1.410268e+06,8.844436e+01,,,,5
2018-04-26 12:09:01.000000,2.609024e+07,1.818707e+07,1.239951e+02,1.410268e+06,8.844436e+01,,,,5
2018-04-26 12:09:02.000000,2.609024e+07,1.818841e+07,1.239959e+02,1.410268e+06,8.844436e+01,,,,5
2018-04-26 12:09:03.000000,2.609024e+07,1.818718e+07,1.239952e+02,1.410268e+06,8.844436e+01,,,,5
2018-04-26 12:09:04.000000,2.609025e+07,1.818812e+07,1.239957e+02,1.410268e+06,8.844436e+01,,,,5
2018-04-26 12:09:05.000000,2.609026e+07,1.818692e+07,1.239950e+02,1.410268e+06,8.844435e+01,,,,5
2018-04-26 12:09:06.000000,2.609024e+07,1.818744e+07,1.239954e+02,1.410268e+06,8.844435e+01,,,,5
2018-04-26 12:09:07.000000,2.609024e+07,1.818777e+07,1.239956e+02,1.410268e+06,8.844435e+01,,,,5
2018-04-26 12:09:08.000000,2.609024e+07,1.818743e+07,1.239954e+02,1.410268e+06,8.844435e+01,,,,5
2018-04-26 12:09:09.000000,2.609025e+07,1.818801e+07,1.239958e+02,1.410268e+06,8.844434e+01,,,,5
2018-04-26 12:09:10.000000,2.609026e+07,1.818776e+07,1.239957e+02,1.410268e+06,8.844434e+01,,,,5
2018-04-26 12:09:11.000000,2.609025e+07,1.818954e+07,1.239967e+02,1.410268e+06,8.844434e+01,,,,5
2018-04-26 12:09:12.000000,2.609024e+07,1.818706e+07,1.239952e+02,1.410268e+06,8.844434e+01,,,,5
2018-04-26 12:09:13.000000,2.609023e+07,1.818854e+07,1.239959e+02,1.410268e+06,8.844433e+01,,,,5
2018-04-26 12:09:14.000000,2.609023e+07,1.818684e+07,1.239950e+02,1.410268e+06,8.844433e+01,,,,5
2018-04-26 12:09:15.000000,2.609026e+07,1.818821e+07,1.239957e+02,1.410268e+06,8.844433e+01,,,,5
2018-04-26 12:09:16.000000,2.609025e+07,1.818695e+07,1.239950e+02,1.410268e+06,8.844433e+01,,,,5
2018-04-26 12:09:17.000000,2.609026e+07,1.818656e+07,1.239948e+02,1.410268e+06,8.844433e+01,,,,5
2018-04-26 12:09:18.000000,2.609023e+07,1.818771e+07,1.239955e+02,1.410268e+06,8.844432e+01,,,,5
2018-04-26 12:09:19.000000,2.609023e+07,1.818749e+07,1.239955e+02,1.410268e+06,8.844432e+01,,,,5
2018-04-26 12:09:20.000000,2.609026e+07,1.818805e+07,1.239959e+02,1.410268e+06,8.844432e+01,,,,5
2018-04-26 12:09:21.000000,2.609025e+07,1.818777e+07,1.239957e+02,1.410268e+06,8.844432e+01,,,,5
2018-04-26 12:09:22.000000,2.609026e+07,1.818900e+07,1.239964e+02,1.410268e+06,8.844431e+01,,,,5
2018-04-26 12:09:23.000000,2.609023e+07,1.818703e+07,1.239951e+02,1.410268e+06,8.844431e+01,,,,5
2018-04-26 12:09:24.000000,2.609024e+07,1.818803e+07,1.239957e+02,1.410268e+06,8.844431e+01,,,,5
2018-04-26 12:09:25.000000,2.609024e+07,1.818688e+07,1.239950e+02,1.410268e+06,8.844431e+01,,,,5
2018-04-26 12:09:26.000000,2.609025e+07,1.818766e+07,1.239954e+02,1.410268e+06,8.844430e+01,,,,5
2018-04-26 12:09:27.000000,2.609025e+07,1.818659e+07,1.239948e+02,1.410268e+06,8.844430e+01,,,,5
2018-04-26 12:09:28.000000,2.609025e+07,1.818817e+07,1.239957e+02,1.410268e+06,8.844430e+01,,,,5
2018-04-26 12:09:29.000000,2.609024e+07,1.818751e+07,1.239954e+02,1.410268e+06,8.844430e+01,,,,5
2018-04-26 12:09:30.000000,2.609024e+07,1.818750e+07,1.239955e+02,1.410268e+06,8.844430e+01,,,,5
2018-04-26 12:09:31.000000,2.609024e+07,1.818779e+07,1.239956e+02,1.410268e+06,8.844429e+01,,,,5
2018-04-26 12:09:32.000000,2.609025e+07,1.818781e+07,1.239957e+02,1.410268e+06,8.844429e+01,,,,5
2018-04-26 12:09:33.000000,2.609025e+07,1.818807e+07,1.239958e+02,1.410268e+06,8.844429e+01,,,,5
2018-04-26 12:09:34.000000,2.609024e+07,1.818702e+07,1.239952e+02,1.410268e+06,8.844429e+01,,,,5
2018-04-26 12:09:35.000000,2.609023e+07,1.818803e+07,1.239957e+02,1.410268e+06,8.844428e+01,,,,5
2018-04-26 12:09:36.000000,2.609024e+07,1.818684e+07,1.239950e+02,1.410268e+06,8.844428e+01,,,,5
2018-04-26 12:09:37.000000,2.609025e+07,1.818772e+07,1.239955e+02,1.410268e+06,8.844428e+01,,,,5
2018-04-26 12:09:38.000000,2.609025e+07,1.818657e+07,1.239948e+02,1.410268e+06,8.844428e+01,,,,5
2018-04-26 12:09:39.000000,2.609026e+07,1.818830e+07,1.239958e+02,1.410268e+06,8.844427e+01,,,,5
2018-04-26 12:09:40.000000,2.609023e+07,1.818752e+07,1.239954e+02,1.410268e+06,8.844427e+01,,,,5
2018-04-26 12:09:41.000000,2.609024e+07,1.818914e+07,1.239963e+02,1.410268e+06,8.844427e+01,,,,5
2018-04-26 12:09:42.000000,2.609023e+07,1.818781e+07,1.239956e+02,1.410268e+06,8.844427e+01,,,,5
2018-04-26 12:09:43.000000,2.609025e+07,1.818940e+07,1.239965e+02,1.410268e+06,8.844427e+01,,,,5
2018-04-26 12:09:44.000000,2.609026e+07,1.818818e+07,1.239959e+02,1.410268e+06,8.844426e+01,,,,5
2018-04-26 12:09:45.000000,2.609025e+07,1.818774e+07,1.239957e+02,1.410268e+06,8.844426e+01,,,,5
2018-04-26 12:09:46.000000,2.609024e+07,1.818722e+07,1.239952e+02,1.410268e+06,8.844426e+01,,,,5
2018-04-26 12:09:47.000000,2.609023e+07,1.818683e+07,1.239950e+02,1.410268e+06,8.844426e+01,,,,5
2018-04-26 12:09:48.000000,2.609026e+07,1.818686e+07,1.239950e+02,1.410268e+06,8.844425e+01,,,,5
2018-04-26 12:09:49.000000,2.609025e+07,1.818654e+07,1.239948e+02,1.410268e+06,8.844425e+01,,,,5
2018-04-26 12:09:50.000000,2.609025e+07,1.818770e+07,1.239954e+02,1.410268e+06,8.844425e+01,,,,5
2018-04-26 12:09:51.000000,2.609023e+07,1.818745e+07,1.239954e+02,1.410268e+06,8.844425e+01,,,,5
2018-04-26 12:09:52.000000,2.609023e+07,1.818859e+07,1.239961e+02,1.410268e+06,8.844424e+01,,,,5
2018-04-26 12:09:53.000000,2.609024e+07,1.818748e+07,1.239954e+02,1.410268e+06,8.844424e+01,,,,5
2018-04-26 12:09:54.000000,2.609025e+07,1.818940e+07,1.239966e+02,1.410268e+06,8.844424e+01,,,,5
2018-04-26 12:09:55.000000,2.609026e+07,1.818785e+07,1.239958e+02,1.410268e+06,8.844424e+01,,,,5
2018-04-26 12:09:56.000000,2.609025e+07,1.818781e+07,1.239957e+02,1.410268e+06,8.844424e+01,,,,5
2018-04-26 12:09:57.000000,2.609023e+07,1.818689e+07,1.239951e+02,1.410268e+06,8.844423e+01,,,,5
2018-04-26 12:09:58.000000,2.609024e+07,1.818690e+07,1.239951e+02,1.410268e+06,8.844423e+01,,,,5
2018-04-26 12:09:59.000000,2.609025e+07,1.818687e+07,1.239950e+02,1.410268e+06,8.844423e+01,,,,5
2018-04-26 12:10:00.000000,2.609026e+07,1.818659e+07,1.239948e+02,1.410268e+06,8.844423e+01,,,,5
2018-04-26 12:10:01.000000,2.609025e+07,1.818778e+07,1.239955e+02,1.410268e+06,8.844422e+01,,,,5
2018-04-26 12:10:02.000000,2.609023e+07,1.818751e+07,1.239955e+02,1.410268e+06,8.844422e+01,,,,5
2018-04-26 12:10:03.000000,2.609024e+07,1.818866e+07,1.239961e+02,1.410268e+06,8.844422e+01,,,,5
2018-04-26 12:10:04.000000,2.609023e+07,1.818748e+07,1.239954e+02,1.410268e+06,8.844422e+01,,,,5
2018-04-26 12:10:05.000000,2.609026e+07,1.818888e+07,1.239963e+02,1.410268e+06,8.844422e+01,,,,5
2018-04-26 12:10:06.000000,2.609025e+07,1.818785e+07,1.239957e+02,1.410268e+06,8.844421e+01,,,,5
2018-04-26 12:10:07.000000,2.609025e+07,1.818951e+07,1.239966e+02,1.410268e+06,8.844421e+01,,,,5
2018-04-26 12:10:08.000000,2.609024e+07,1.818708e+07,1.239951e+02,1.410268e+06,8.844421e+01,,,,5
2018-04-26 12:10:09.000000,2.609023e+07,1.818841e+07,1.239959e+02,1.410268e+06,8.844421e+01,,,,5
2018-04-26 12:10:10.000000,2.609024e+07,1.818719e+07,1.239952e+02,1.410268e+06,8.844420e+01,,,,5
2018-04-26 12:10:11.000000,2.609025e+07,1.818811e+07,1.239957e+02,1.410268e+06,8.844420e+01,,,,5
2018-04-26 12:10:12.000000,2.609026e+07,1.818692e+07,1.239950e+02,1.410268e+06,8.844420e+01,,,,5
2018-04-26 12:10:13.000000,2.609023e+07,1.818743e+07,1.239954e+02,1.410268e+06,8.844420e+01,,,,5
2018-04-26 12:10:14.000000,2.609024e+07,1.818777e+07,1.239956e+02,1.410268e+06,8.844419e+01,,,,5
2018-04-26 12:10:15.000000,2.609023e+07,1.818743e+07,1.239954e+02,1.410268e+06,8.844419e+01,,,,5
2018-04-26 12:10:16.000000,2.609025e+07,1.818801e+07,1.239958e+02,1.410268e+06,8.844419e+01,,,,5
2018-04-26 12:10:17.000000,2.609026e+07,1.818776e+07,1.239957e+02,1.410268e+06,8.844419e+01,,,,5
2018-04-26 12:10:18.000000,2.609025e+07,1.818954e+07,1.239967e+02,1.410268e+06,8.844419e+01,,,,5
2018-04-26 12:10:19.000000,2.609024e+07,1.818706e+07,1.239952e+02,1.410268e+06,8.844418e+01,,,,5
2018-04-26 12:10:20.000000,2.609023e+07,1.818852e+07,1.239959e+02,1.410268e+06,8.844418e+01,,,,5
2018-04-26 12:10:21.000000,2.609023e+07,1.818684e+07,1.239950e+02,1.410268e+06,8.844418e+01,,,,5
2018-04-26 12:10:22.000000,2.609026e+07,1.818821e+07,1.239957e+02,1.410268e+06,8.844418e+01,,,,5
2018-04-26 12:10:23.000000,2.609025e+07,1.818695e+07,1.239950e+02,1.410268e+06,8.844417e+01,,,,5
2018-04-26 12:10:24.000000,2.609026e+07,1.818656e+07,1.239948e+02,1.410268e+06,8.844417e+01,,,,5
2018-04-26 12:10:25.000000,2.609023e+07,1.818771e+07,1.239955e+02,1.410268e+06,8.844417e+01,,,,5
2018-04-26 12:10:26.000000,2.609023e+07,1.818749e+07,1.239955e+02,1.410268e+06,8.844417e+01,,,,5
2018-04-26 12:10:27.000000,2.609026e+07,1.818805e+07,1.239959e+02,1.410268e+06,8.844417e+01,,,,5
2018-04-26 12:10:28.000000,2.609025e+07,1.818777e+07,1.239957e+02,1.410268e+06,8.844416e+01,,,,5
2018-04-26 12:10:29.000000,2.609026e+07,1.818899e+07,1.239964e+02,1.410268e+06,8.844416e+01,,,,5
2018-04-26 12:10:30.000000,2.609023e+07,1.818705e+07,1.239951e+02,1.410268e+06,8.844416e+01,,,,5
2018-04-26 12:10:31.000000,2.609024e+07,1.818803e+07,1.239957e+02,1.410268e+06,8.844416e+01,,,,5
2018-04-26 12:10:32.000000,2.609024e+07,1.818688e+07,1.239950e+02,1.410268e+06,8.844415e+01,,,,5
2018-04-26 12:10:33.000000,2.609025e+07,1.818766e+07,1.239954e+02,1.410268e+06,8.844415e+01,,,,5
2018-04-26 12:10:34.000000,2.609025e+07,1.818661e+07,1.239948e+02,1.410268e+06,8.844415e+01,,,,5
2018-04-26 12:10:35.000000,2.609025e+07,1.818817e+07,1.239957e+02,1.410268e+06,8.844415e+01,,,,5
2018-04-26 12:10:36.000000,2.609024e+07,1.818751e+07,1.239954e+02,1.410268e+06,8.844414e+01,,,,5
2018-04-26 12:10:37.000000,2.609023e+07,1.818750e+07,1.239955e+02,1.410268e+06,8.844414e+01,,,,5
2018-04-26 12:10:38.000000,2.609024e+07,1.818779e+07,1.239956e+02,1.410268e+06,8.844414e+01,,,,5
2018-04-26 12:10:39.000000,2.609025e+07,1.818781e+07,1.239957e+02,1.410268e+06,8.844414e+01,,,,5
2018-04-26 12:10:40.000000,2.609025e+07,1.818807e+07,1.239958e+02,1.410268e+06,8.844414e+01,,,,5
2018-04-26 12:10:41.000000,2.609024e+07,1.818703e+07,1.239952e+02,1.410268e+06,8.844413e+01,,,,5
2018-04-26 12:10:42.000000,2.609023e+07,1.818803e+07,1.239957e+02,1.410268e+06,8.844413e+01,,,,5
2018-04-26 12:10:43.000000,2.609024e+07,1.818684e+07,1.239950e+02,1.410268e+06,8.844413e+01,,,,5
2018-04-26 12:10:44.000000,2.609025e+07,1.818772e+07,1.239954e+02,1.410268e+06,8.844413e+01,,,,5
2018-04-26 12:10:45.000000,2.609025e+07,1.818657e+07,1.239948e+02,1.410268e+06,8.844412e+01,,,,5
2018-04-26 12:10:46.000000,2.609026e+07,1.818830e+07,1.239958e+02,1.410268e+06,8.844412e+01,,,,5
2018-04-26 12:10:47.000000,2.609023e+07,1.818753e+07,1.239954e+02,1.410268e+06,8.844412e+01,,,,5
2018-04-26 12:10:48.000000,2.609024e+07,1.818914e+07,1.239963e+02,1.410268e+06,8.844412e+01,,,,5
2018-04-26 12:10:49.000000,2.609023e+07,1.818781e+07,1.239956e+02,1.410268e+06,8.844412e+01,,,,5
2018-04-26 12:10:50.000000,2.609025e+07,1.818940e+07,1.239965e+02,1.410268e+06,8.844411e+01,,,,5
2018-04-26 12:10:51.000000,2.609026e+07,1.818819e+07,1.239959e+02,1.410268e+06,8.844411e+01,,,,5
2018-04-26 12:10:52.000000,2.609025e+07,1.818774e+07,1.239957e+02,1.410268e+06,8.844411e+01,,,,5
2018-04-26 12:10:53.000000,2.609024e+07,1.818722e+07,1.239952e+02,1.410268e+06,8.844411e+01,,,,5
2018-04-26 12:10:54.000000,2.609023e+07,1.818684e+07,1.239950e+02,1.410268e+06,8.844410e+01,,,,5
2018-04-26 12:10:55.000000,2.609025e+07,1.818686e+07,1.239950e+02,1.410268e+06,8.844410e+01,,,,5
2018-04-26 12:10:56.000000,2.609025e+07,1.818654e+07,1.239948e+02,1.410268e+06,8.844410e+01,,,,5
2018-04-26 12:10:57.000000,2.609025e+07,1.818770e+07,1.239954e+02,1.410268e+06,8.844410e+01,,,,5
2018-04-26 12:10:58.000000,2.609023e+07,1.818745e+07,1.239954e+02,1.410268e+06,8.844410e+01,,,,5
2018-04-26 12:10:59.000000,2.609023e+07,1.818859e+07,1.239961e+02,1.410268e+06,8.844409e+01,,,,5
2018-04-26 12:11:00.000000,2.609024e+07,1.818748e+07,1.239954e+02,1.410268e+06,8.844409e+01,,,,5
2018-04-26 12:11:01.000000,2.609025e+07,1.818938e+07,1.239965e+02,1.410268e+06,8.844409e+01,,,,5
2018-04-26 12:11:02.000000,2.609025e+07,1.818785e+07,1.239957e+02,1.410268e+06,8.844409e+01,,,,5
2018-04-26 12:11:03.000000,2.609025e+07,1.818781e+07,1.239957e+02,1.410268e+06,8.844408e+01,,,,5
2018-04-26 12:11:04.000000,2.609023e+07,1.818690e+07,1.239951e+02,1.410268e+06,8.844408e+01,,,,5
2018-04-26 12:11:05.000000,2.609024e+07,1.818690e+07,1.239951e+02,1.410268e+06,8.844408e+01,,,,5
2018-04-26 12:11:06.000000,2.609023e+07,1.818812e+07,1.239957e+02,1.410268e+06,8.844408e+01,,,,5
2018-04-26 12:11:07.000000,2.609026e+07,1.818668e+07,1.239949e+02,1.410268e+06,8.844408e+01,,,,5
2018-04-26 12:11:08.000000,2.609025e+07,1.818777e+07,1.239955e+02,1.410268e+06,8.844407e+01,,,,5
2018-04-26 12:11:09.000000,2.609023e+07,1.818751e+07,1.239955e+02,1.410268e+06,8.844407e+01,,,,5
2018-04-26 12:11:10.000000,2.609024e+07,1.818866e+07,1.239961e+02,1.410268e+06,8.844407e+01,,,,5
2018-04-26 12:11:11.000000,2.609023e+07,1.818749e+07,1.239954e+02,1.410268e+06,8.844407e+01,,,,5
2018-04-26 12:11:12.000000,2.609025e+07,1.818888e+07,1.239962e+02,1.410268e+06,8.844406e+01,,,,5
2018-04-26 12:11:13.000000,2.609025e+07,1.818784e+07,1.239957e+02,1.410268e+06,8.844406e+01,,,,5
2018-04-26 12:11:14.000000,2.609025e+07,1.818951e+07,1.239966e+02,1.410268e+06,8.844406e+01,,,,5
2018-04-26 12:11:15.000000,2.609024e+07,1.818710e+07,1.239951e+02,1.410268e+06,8.844406e+01,,,,5
2018-04-26 12:11:16.000000,2.609023e+07,1.818841e+07,1.239959e+02,1.410268e+06,8.844405e+01,,,,5
2018-04-26 12:11:17.000000,2.609024e+07,1.818719e+07,1.239952e+02,1.410268e+06,8.844405e+01,,,,5
2018-04-26 12:11:18.000000,2.609025e+07,1.818811e+07,1.239957e+02,1.410268e+06,8.844405e+01,,,,5
2018-04-26 12:11:19.000000,2.609025e+07,1.818692e+07,1.239950e+02,1.410268e+06,8.844405e+01,,,,5
2018-04-26 12:11:20.000000,2.609025e+07,1.818651e+07,1.239948e+02,1.410268e+06,8.844405e+01,,,,5
2018-04-26 12:11:21.000000,2.609024e+07,1.818770e+07,1.239955e+02,1.410268e+06,8.844404e+01,,,,5
2018-04-26 12:11:22.000000,2.609023e+07,1.818743e+07,1.239954e+02,1.410268e+06,8.844404e+01,,,,5
2018-04-26 12:11:23.000000,2.609025e+07,1.818801e+07,1.239958e+02,1.410268e+06,8.844404e+01,,,,5
2018-04-26 12:11:24.000000,2.609026e+07,1.818776e+07,1.239957e+02,1.410268e+06,8.844404e+01,,,,5
2018-04-26 12:11:25.000000,2.609025e+07,1.818952e+07,1.239966e+02,1.410268e+06,8.844403e+01,,,,5
2018-04-26 12:11:26.000000,2.609024e+07,1.818706e+07,1.239951e+02,1.410268e+06,8.844403e+01,,,,5
2018-04-26 12:11:27.000000,2.609023e+07,1.818852e+07,1.239959e+02,1.410268e+06,8.844403e+01,,,,5
2018-04-26 12:11:28.000000,2.609023e+07,1.818686e+07,1.239950e+02,1.410268e+06,8.844403e+01,,,,5
2018-04-26 12:11:29.000000,2.609026e+07,1.818821e+07,1.239956e+02,1.410268e+06,8.844403e+01,,,,5
2018-04-26 12:11:30.000000,2.609025e+07,1.818695e+07,1.239950e+02,1.410268e+06,8.844402e+01,,,,5
2018-04-26 12:11:31.000000,2.609025e+07,1.818656e+07,1.239948e+02,1.410268e+06,8.844402e+01,,,,5
2018-04-26 12:11:32.000000,2.609023e+07,1.818769e+07,1.239955e+02,1.410268e+06,8.844402e+01,,,,5
2018-04-26 12:11:33.000000,2.609023e+07,1.818749e+07,1.239955e+02,1.410268e+06,8.844402e+01,,,,5
2018-04-26 12:11:34.000000,2.609025e+07,1.818772e+07,1.239957e+02,1.410268e+06,8.844401e+01,,,,5
2018-04-26 12:11:35.000000,2.609025e+07,1.818780e+07,1.239957e+02,1.410268e+06,8.844401e+01,,,,5
2018-04-26 12:11:36.000000,2.609026e+07,1.818807e+07,1.239958e+02,1.410268e+06,8.844401e+01,,,,5
2018-04-26 12:11:37.000000,2.609024e+07,1.818702e+07,1.239952e+02,1.410268e+06,8.844401e+01,,,,5
2018-04-26 12:11:38.000000,2.609023e+07,1.818803e+07,1.239957e+02,1.410268e+06,8.844401e+01,,,,5
2018-04-26 12:11:39.000000,2.609024e+07,1.818683e+07,1.239950e+02,1.410268e+06,8.844400e+01,,,,5
2018-04-26 12:11:40.000000,2.609025e+07,1.818773e+07,1.239955e+02,1.410268e+06,8.844400e+01,,,,5
2018-04-26 12:11:41.000000,2.609025e+07,1.818657e+07,1.239948e+02,1.410268e+06,8.844400e+01,,,,5
2018-04-26 12:11:42.000000,2.609026e+07,1.818830e+07,1.239957e+02,1.410268e+06,8.844400e+01,,,,5
2018-04-26 12:11:43.000000,2.609023e+07,1.818752e+07,1.239954e+02,1.410268e+06,8.844399e+01,,,,5
2018-04-26 12:11:44.000000,2.609024e+07,1.818914e+07,1.239963e+02,1.410268e+06,8.844399e+01,,,,5
2018-04-26 12:11:45.000000,2.609023e+07,1.818781e+07,1.239956e+02,1.410268e+06,8.844399e+01,,,,5
2018-04-26 12:11:46.000000,2.609025e+07,1.818942e+07,1.239965e+02,1.410268e+06,8.844399e+01,,,,5
2018-04-26 12:11:47.000000,2.609026e+07,1.818818e+07,1.239959e+02,1.410268e+06,8.844399e+01,,,,5
2018-04-26 12:11:48.000000,2.609024e+07,1.818846e+07,1.239959e+02,1.410268e+06,8.844398e+01,,,,5
2018-04-26 12:11:49.000000,2.609024e+07,1.818729e+07,1.239953e+02,1.410268e+06,8.844398e+01,,,,5
2018-04-26 12:11:50.000000,2.609023e+07,1.818683e+07,1.239950e+02,1.410268e+06,8.844398e+01,,,,5
2018-04-26 12:11:51.000000,2.609026e+07,1.818686e+07,1.239949e+02,1.410268e+06,8.844398e+01,,,,5
2018-04-26 12:11:52.000000,2.609025e+07,1.818654e+07,1.239948e+02,1.410268e+06,8.844397e+01,,,,5
2018-04-26 12:11:53.000000,2.609025e+07,1.818771e+07,1.239954e+02,1.410268e+06,8.844397e+01,,,,5
2018-04-26 12:11:54.000000,2.609024e+07,1.818745e+07,1.239954e+02,1.410268e+06,8.844397e+01,,,,5
2018-04-26 12:11:55.000000,2.609023e+07,1.818859e+07,1.239961e+02,1.410268e+06,8.844397e+01,,,,5
2018-04-26 12:11:56.000000,2.609024e+07,1.818746e+07,1.239954e+02,1.410268e+06,8.844397e+01,,,,5
2018-04-26 12:11:57.000000,2.609025e+07,1.818940e+07,1.239965e+02,1.410268e+06,8.844396e+01,,,,5
2018-04-26 12:11:58.000000,2.609026e+07,1.818785e+07,1.239957e+02,1.410268e+06,8.844396e+01,,,,5
2018-04-26 12:11:59.000000,2.609025e+07,1.818781e+07,1.239957e+02,1.410268e+06,8.844396e+01,,,,5
2018-04-26 12:12:00.000000,2.609023e+07,1.818689e+07,1.239951e+02,1.410268e+06,8.844396e+01,,,,5
2018-04-26 12:12:01.000000,2.609024e+07,1.818690e+07,1.239951e+02,1.410268e+06,8.844395e+01,,,,5
2018-04-26 12:12:02.000000,2.609025e+07,1.818687e+07,1.239949e+02,1.410268e+06,8.844395e+01,,,,5
2018-04-26 12:12:03.000000,2.609026e+07,1.818658e+07,1.239948e+02,1.410268e+06,8.844395e+01,,,,5
2018-04-26 12:12:04.000000,2.609025e+07,1.818778e+07,1.239955e+02,1.410268e+06,8.844395e+01,,,,5
2018-04-26 12:12:05.000000,2.609023e+07,1.818751e+07,1.239955e+02,1.410268e+06,8.844395e+01,,,,5
2018-04-26 12:12:06.000000,2.609024e+07,1.818866e+07,1.239961e+02,1.410268e+06,8.844394e+01,,,,5
2018-04-26 12:12:07.000000,2.609023e+07,1.818748e+07,1.239954e+02,1.410268e+06,8.844394e+01,,,,5
2018-04-26 12:12:08.000000,2.609026e+07,1.818889e+07,1.239962e+02,1.410268e+06,8.844394e+01,,,,5
2018-04-26 12:12:09.000000,2.609025e+07,1.818785e+07,1.239957e+02,1.410268e+06,8.844394e+01,,,,5
2018-04-26 12:12:10.000000,2.609025e+07,1.818953e+07,1.239966e+02,1.410268e+06,8.844393e+01,,,,5
2018-04-26 12:12:11.000000,2.609024e+07,1.818707e+07,1.239951e+02,1.410268e+06,8.844393e+01,,,,5
2018-04-26 12:12:12.000000,2.609024e+07,1.818841e+07,1.239959e+02,1.410268e+06,8.844393e+01,,,,5
2018-04-26 12:12:13.000000,2.609024e+07,1.818718e+07,1.239952e+02,1.410268e+06,8.844393e+01,,,,5
2018-04-26 12:12:14.000000,2.609025e+07,1.818812e+07,1.239957e+02,1.410268e+06,8.844393e+01,,,,5
2018-04-26 12:12:15.000000,2.609026e+07,1.818692e+07,1.239949e+02,1.410268e+06,8.844392e+01,,,,5
2018-04-26 12:12:16.000000,2.609024e+07,1.818743e+07,1.239954e+02,1.410268e+06,8.844392e+01,,,,5
2018-04-26 12:12:17.000000,2.609024e+07,1.818777e+07,1.239956e+02,1.410268e+06,8.844392e+01,,,,5
2018-04-26 12:12:18.000000,2.609024e+07,1.818743e+07,1.239954e+02,1.410268e+06,8.844392e+01,,,,5
2018-04-26 12:12:19.000000,2.609025e+07,1.818801e+07,1.239958e+02,1.410268e+06,8.844391e+01,,,,5
2018-04-26 12:12:20.000000,2.609026e+07,1.818776e+07,1.239957e+02,1.410268e+06,8.844391e+01,,,,5
2018-04-26 12:12:21.000000,2.609025e+07,1.818954e+07,1.239966e+02,1.410268e+06,8.844391e+01,,,,5
2018-04-26 12:12:22.000000,2.609024e+07,1.818706e+07,1.239951e+02,1.410268e+06,8.844391e+01,,,,5
2018-04-26 12:12:23.000000,2.609023e+07,1.818852e+07,1.239959e+02,1.410268e+06,8.844391e+01,,,,5
2018-04-26 12:12:24.000000,2.609023e+07,1.818684e+07,1.239950e+02,1.410268e+06,8.844390e+01,,,,5
2018-04-26 12:12:25.000000,2.609026e+07,1.818821e+07,1.239956e+02,1.410268e+06,8.844390e+01,,,,5
2018-04-26 12:12:26.000000,2.609025e+07,1.818695e+07,1.239949e+02,1.410268e+06,8.844390e+01,,,,5
2018-04-26 12:12:27.000000,2.609026e+07,1.818656e+07,1.239948e+02,1.410268e+06,8.844390e+01,,,,5
2018-04-26 12:12:28.000000,2.609023e+07,1.818771e+07,1.239955e+02,1.410268e+06,8.844389e+01,,,,5
2018-04-26 12:12:29.000000,2.609023e+07,1.818749e+07,1.239955e+02,1.410268e+06,8.844389e+01,,,,5
2018-04-26 12:12:30.000000,2.609026e+07,1.818805e+07,1.239958e+02,1.410268e+06,8.844389e+01,,,,5
2018-04-26 12:12:31.000000,2.609025e+07,1.818777e+07,1.239957e+02,1.410268e+06,8.844389e+01,,,,5
2018-04-26 12:12:32.000000,2.609026e+07,1.818899e+07,1.239963e+02,1.410268e+06,8.844389e+01,,,,5
2018-04-26 12:12:33.000000,2.609023e+07,1.818705e+07,1.239951e+02,1.410268e+06,8.844388e+01,,,,5
2018-04-26 12:12:34.000000,2.609024e+07,1.818803e+07,1.239957e+02,1.410268e+06,8.844388e+01,,,,5
2018-04-26 12:12:35.000000,2.609024e+07,1.818688e+07,1.239950e+02,1.410268e+06,8.844388e+01,,,,5
2018-04-26 12:12:36.000000,2.609025e+07,1.818766e+07,1.239954e+02,1.410268e+06,8.844388e+01,,,,5
2018-04-26 12:12:37.000000,2.609025e+07,1.818659e+07,1.239948e+02,1.410268e+06,8.844388e+01,,,,5
2018-04-26 12:12:38.000000,2.609025e+07,1.818817e+07,1.239956e+02,1.410268e+06,8.844387e+01,,,,5
2018-04-26 12:12:39.000000,2.609024e+07,1.818751e+07,1.239954e+02,1.410268e+06,8.844387e+01,,,,5
2018-04-26 12:12:40.000000,2.609024e+07,1.818750e+07,1.239955e+02,1.410268e+06,8.844387e+01,,,,5
2018-04-26 12:12:41.000000,2.609024e+07,1.818779e+07,1.239956e+02,1.410268e+06,8.844387e+01,,,,5
2018-04-26 12:12:42.000000,2.609025e+07,1.818781e+07,1.239957e+02,1.410268e+06,8.844386e+01,,,,5
2018-04-26 12:12:43.000000,2.609025e+07,1.818807e+07,1.239958e+02,1.410268e+06,8.844386e+01,,,,5
2018-04-26 12:12:44.000000,2.609024e+07,1.818702e+07,1.239952e+02,1.410268e+06,8.844386e+01,,,,5
2018-04-26 12:12:45.000000,2.609023e+07,1.818803e+07,1.239957e+02,1.410268e+06,8.844386e+01,,,,5
2018-04-26 12:12:46.000000,2.609024e+07,1.818684e+07,1.239950e+02,1.410268e+06,8.844386e+01,,,,5
2018-04-26 12:12:47.000000,2.609025e+07,1.818772e+07,1.239955e+02,1.410268e+06,8.844385e+01,,,,5
2018-04-26 12:12:48.000000,2.609025e+07,1.818657e+07,1.239948e+02,1.410268e+06,8.844385e+01,,,,5
2018-04-26 12:12:49.000000,2.609026e+07,1.818830e+07,1.239957e+02,1.410268e+06,8.844385e+01,,,,5
2018-04-26 12:12:50.000000,2.609023e+07,1.818753e+07,1.239954e+02,1.410268e+06,8.844385e+01,,,,5
2018-04-26 12:12:51.000000,2.609024e+07,1.818914e+07,1.239963e+02,1.410268e+06,8.844384e+01,,,,5
2018-04-26 12:12:52.000000,2.609023e+07,1.818781e+07,1.239956e+02,1.410268e+06,8.844384e+01,,,,5
2018-04-26 12:12:53.000000,2.609025e+07,1.818940e+07,1.239965e+02,1.410268e+06,8.844384e+01,,,,5
2018-04-26 12:12:54.000000,2.609026e+07,1.818818e+07,1.239958e+02,1.410268e+06,8.844384e+01,,,,5
2018-04-26 12:12:55.000000,2.609025e+07,1.818774e+07,1.239957e+02,1.410268e+06,8.844384e+01,,,,5
2018-04-26 12:12:56.000000,2.609024e+07,1.818722e+07,1.239952e+02,1.410268e+06,8.844383e+01,,,,5
2018-04-26 12:12:57.000000,2.609023e+07,1.818684e+07,1.239950e+02,1.410268e+06,8.844383e+01,,,,5
2018-04-26 12:12:58.000000,2.609026e+07,1.818686e+07,1.239949e+02,1.410268e+06,8.844383e+01,,,,5
2018-04-26 12:12:59.000000,2.609025e+07,1.818654e+07,1.239948e+02,1.410268e+06,8.844383e+01,,,,5
2018-04-26 12:13:00.000000,2.609025e+07,1.818770e+07,1.239954e+02,1.410268e+06,8.844382e+01,,,,5
2018-04-26 12:13:01.000000,2.609023e+07,1.818745e+07,1.239954e+02,1.410268e+06,8.844382e+01,,,,5
2018-04-26 12:13:02.000000,2.609023e+07,1.818859e+07,1.239961e+02,1.410268e+06,8.844382e+01,,,,5
2018-04-26 12:13:03.000000,2.609024e+07,1.818748e+07,1.239954e+02,1.410268e+06,8.844382e+01,,,,5
2018-04-26 12:13:04.000000,2.609025e+07,1.818940e+07,1.239965e+02,1.410268e+06,8.844382e+01,,,,5
2018-04-26 12:13:05.000000,2.609026e+07,1.818785e+07,1.239957e+02,1.410268e+06,8.844381e+01,,,,5
2018-04-26 12:13:06.000000,2.609025e+07,1.818781e+07,1.239957e+02,1.410268e+06,8.844381e+01,,,,5
2018-04-26 12:13:07.000000,2.609023e+07,1.818690e+07,1.239951e+02,1.410268e+06,8.844381e+01,,,,5
2018-04-26 12:13:08.000000,2.609024e+07,1.818690e+07,1.239951e+02,1.410268e+06,8.844381e+01,,,,5
2018-04-26 12:13:09.000000,2.609025e+07,1.818687e+07,1.239949e+02,1.410268e+06,8.844380e+01,,,,5
2018-04-26 12:13:10.000000,2.609026e+07,1.818659e+07,1.239948e+02,1.410268e+06,8.844380e+01,,,,5
2018-04-26 12:13:11.000000,2.609025e+07,1.818778e+07,1.239955e+02,1.410268e+06,8.844380e+01,,,,5
2018-04-26 12:13:12.000000,2.609023e+07,1.818751e+07,1.239955e+02,1.410268e+06,8.844380e+01,,,,5
2018-04-26 12:13:13.000000,2.609024e+07,1.818866e+07,1.239961e+02,1.410268e+06,8.844380e+01,,,,5
2018-04-26 12:13:14.000000,2.609023e+07,1.818749e+07,1.239954e+02,1.410268e+06,8.844379e+01,,,,5
2018-04-26 12:13:15.000000,2.609026e+07,1.818888e+07,1.239962e+02,1.410268e+06,8.844379e+01,,,,5
2018-04-26 12:13:16.000000,2.609025e+07,1.818785e+07,1.239957e+02,1.410268e+06,8.844379e+01,,,,5
2018-04-26 12:13:17.000000,2.609025e+07,1.818951e+07,1.239966e+02,1.410268e+06,8.844379e+01,,,,5
2018-04-26 12:13:18.000000,2.609024e+07,1.818708e+07,1.239951e+02,1.410268e+06,8.844379e+01,,,,5
2018-04-26 12:13:19.000000,2.609023e+07,1.818841e+07,1.239959e+02,1.410268e+06,8.844378e+01,,,,5
2018-04-26 12:13:20.000000,2.609024e+07,1.818719e+07,1.239952e+02,1.410268e+06,8.844378e+01,,,,5
2018-04-26 12:13:21.000000,2.609025e+07,1.818811e+07,1.239956e+02,1.410268e+06,8.844378e+01,,,,5
2018-04-26 12:13:22.000000,2.609026e+07,1.818692e+07,1.239949e+02,1.410268e+06,8.844378e+01,,,,5
2018-04-26 12:13:23.000000,2.609023e+07,1.818743e+07,1.239954e+02,1.410268e+06,8.844377e+01,,,,5
2018-04-26 12:13:24.000000,2.609024e+07,1.818777e+07,1.239956e+02,1.410268e+06,8.844377e+01,,,,5
2018-04-26 12:13:25.000000,2.609023e+07,1.818743e+07,1.239954e+02,1.410268e+06,8.844377e+01,,,,5
2018-04-26 12:13:26.000000,2.609025e+07,1.818801e+07,1.239958e+02,1.410268e+06,8.844377e+01,,,,5
2018-04-26 12:13:27.000000,2.609026e+07,1.818776e+07,1.239957e+02,1.410268e+06,8.844377e+01,,,,5
2018-04-26 12:13:28.000000,2.609025e+07,1.818954e+07,1.239966e+02,1.410268e+06,8.844376e+01,,,,5
2018-04-26 12:13:29.000000,2.609024e+07,1.818706e+07,1.239951e+02,1.410268e+06,8.844376e+01,,,,5
2018-04-26 12:13:30.000000,2.609023e+07,1.818852e+07,1.239959e+02,1.410268e+06,8.844376e+01,,,,5
2018-04-26 12:13:31.000000,2.609023e+07,1.818686e+07,1.239950e+02,1.410268e+06,8.844376e+01,,,,5
2018-04-26 12:13:32.000000,2.609026e+07,1.818821e+07,1.239956e+02,1.410268e+06,8.844375e+01,,,,5
2018-04-26 12:13:33.000000,2.609025e+07,1.818695e+07,1.239949e+02,1.410268e+06,8.844375e+01,,,,5
2018-04-26 12:13:34.000000,2.609026e+07,1.818656e+07,1.239948e+02,1.410268e+06,8.844375e+01,,,,5
2018-04-26 12:13:35.000000,2.609023e+07,1.818770e+07,1.239955e+02,1.410268e+06,8.844375e+01,,,,5
2018-04-26 12:13:36.000000,2.609023e+07,1.818749e+07,1.239954e+02,1.410267e+06,8.844375e+01,,,,5
2018-04-26 12:13:37.000000,2.609026e+07,1.818805e+07,1.239958e+02,1.410267e+06,8.844374e+01,,,,5
2018-04-26 12:13:38.000000,2.609025e+07,1.818777e+07,1.239957e+02,1.410267e+06,8.844374e+01,,,,5
2018-04-26 12:13:39.000000,2.609025e+07,1.818899e+07,1.239963e+02,1.410267e+06,8.844374e+01,,,,5
2018-04-26 12:13:40.000000,2.609023e+07,1.818705e+07,1.239951e+02,1.410267e+06,8.844374e+01,,,,5
2018-04-26 12:13:41.000000,2.609024e+07,1.818802e+07,1.239956e+02,1.410267e+06,8.844374e+01,,,,5
2018-04-26 12:13:42.000000,2.609024e+07,1.818688e+07,1.239950e+02,1.410267e+06,8.844373e+01,,,,5
2018-04-26 12:13:43.000000,2.609025e+07,1.818766e+07,1.239954e+02,1.410267e+06,8.844373e+01,,,,5
2018-04-26 12:13:44.000000,2.609025e+07,1.818661e+07,1.239948e+02,1.410267e+06,8.844373e+01,,,,5
2018-04-26 12:13:45.000000,2.609025e+07,1.818817e+07,1.239956e+02,1.410267e+06,8.844373e+01,,,,5
2018-04-26 12:13:46.000000,2.609024e+07,1.818751e+07,1.239954e+02,1.410267e+06,8.844372e+01,,,,5
2018-04-26 12:13:47.000000,2.609023e+07,1.818750e+07,1.239955e+02,1.410267e+06,8.844372e+01,,,,5
2018-04-26 12:13:48.000000,2.609024e+07,1.818779e+07,1.239956e+02,1.410267e+06,8.844372e+01,,,,5
2018-04-26 12:13:49.000000,2.609025e+07,1.818781e+07,1.239957e+02,1.410267e+06,8.844372e+01,,,,5
2018-04-26 12:13:50.000000,2.609025e+07,1.818807e+07,1.239958e+02,1.410267e+06,8.844372e+01,,,,5
2018-04-26 12:13:51.000000,2.609024e+07,1.818703e+07,1.239952e+02,1.410267e+06,8.844371e+01,,,,5
2018-04-26 12:13:52.000000,2.609023e+07,1.818803e+07,1.239957e+02,1.410267e+06,8.844371e+01,,,,5
2018-04-26 12:13:53.000000,2.609024e+07,1.818684e+07,1.239950e+02,1.410267e+06,8.844371e+01,,,,5
2018-04-26 12:13:54.000000,2.609025e+07,1.818772e+07,1.239954e+02,1.410267e+06,8.844371e+01,,,,5
2018-04-26 12:13:55.000000,2.609025e+07,1.818657e+07,1.239947e+02,1.410267e+06,8.844370e+01,,,,5
2018-04-26 12:13:56.000000,2.609026e+07,1.818830e+07,1.239957e+02,1.410267e+06,8.844370e+01,,,,5
2018-04-26 12:13:57.000000,2.609023e+07,1.818753e+07,1.239954e+02,1.410267e+06,8.844370e+01,,,,5
2018-04-26 12:13:58.000000,2.609024e+07,1.818912e+07,1.239963e+02,1.410267e+06,8.844370e+01,,,,5
2018-04-26 12:13:59.000000,2.609023e+07,1.818781e+07,1.239956e+02,1.410267e+06,8.844370e+01,,,,5
2018-04-26 12:14:00.000000,2.609025e+07,1.818940e+07,1.239965e+02,1.410267e+06,8.844369e+01,,,,5
2018-04-26 12:14:01.000000,2.609026e+07,1.818819e+07,1.239958e+02,1.410267e+06,8.844369e+01,,,,5
2018-04-26 12:14:02.000000,2.609025e+07,1.818774e+07,1.239956e+02,1.410267e+06,8.844369e+01,,,,5
2018-04-26 12:14:03.000000,2.609024e+07,1.818722e+07,1.239952e+02,1.410267e+06,8.844369e+01,,,,5
2018-04-26 12:14:04.000000,2.609023e+07,1.818684e+07,1.239950e+02,1.410267e+06,8.844369e+01,,,,5
2018-04-26 12:14:05.000000,2.609025e+07,1.818686e+07,1.239949e+02,1.410267e+06,8.844368e+01,,,,5
2018-04-26 12:14:06.000000,2.609025e+07,1.818654e+07,1.239948e+02,1.410267e+06,8.844368e+01,,,,5
2018-04-26 12:14:07.000000,2.609025e+07,1.818770e+07,1.239954e+02,1.410267e+06,8.844368e+01,,,,5
2018-04-26 12:14:08.000000,2.609023e+07,1.818745e+07,1.239954e+02,1.410267e+06,8.844368e+01,,,,5
2018-04-26 12:14:09.000000,2.609023e+07,1.818859e+07,1.239960e+02,1.410267e+06,8.844367e+01,,,,5
2018-04-26 12:14:10.000000,2.609024e+07,1.818748e+07,1.239954e+02,1.410267e+06,8.844367e+01,,,,5
2018-04-26 12:14:11.000000,2.609025e+07,1.818938e+07,1.239965e+02,1.410267e+06,8.844367e+01,,,,5
2018-04-26 12:14:12.000000,2.609025e+07,1.818785e+07,1.239957e+02,1.410267e+06,8.844367e+01,,,,5
2018-04-26 12:14:13.000000,2.609025e+07,1.818781e+07,1.239957e+02,1.410267e+06,8.844367e+01,,,,5
2018-04-26 12:14:14.000000,2.609023e+07,1.818690e+07,1.239951e+02,1.410267e+06,8.844366e+01,,,,5
2018-04-26 12:14:15.000000,2.609024e+07,1.818690e+07,1.239951e+02,1.410267e+06,8.844366e+01,,,,5
2018-04-26 12:14:16.000000,2.609023e+07,1.818812e+07,1.239957e+02,1.410267e+06,8.844366e+01,,,,5
2018-04-26 12:14:17.000000,2.609025e+07,1.818668e+07,1.239949e+02,1.410267e+06,8.844366e+01,,,,5
2018-04-26 12:14:18.000000,2.609025e+07,1.818777e+07,1.239954e+02,1.410267e+06,8.844366e+01,,,,5
2018-04-26 12:14:19.000000,2.609023e+07,1.818751e+07,1.239954e+02,1.410267e+06,8.844365e+01,,,,5
2018-04-26 12:14:20.000000,2.609024e+07,1.818866e+07,1.239960e+02,1.410267e+06,8.844365e+01,,,,5
2018-04-26 12:14:21.000000,2.609023e+07,1.818749e+07,1.239954e+02,1.410267e+06,8.844365e+01,,,,5
2018-04-26 12:14:22.000000,2.609025e+07,1.818888e+07,1.239962e+02,1.410267e+06,8.844365e+01,,,,5
2018-04-26 12:14:23.000000,2.609025e+07,1.818784e+07,1.239956e+02,1.410267e+06,8.844364e+01,,,,5
2018-04-26 12:14:24.000000,2.609025e+07,1.818951e+07,1.239966e+02,1.410267e+06,8.844364e+01,,,,5
2018-04-26 12:14:25.000000,2.609024e+07,1.818710e+07,1.239951e+02,1.410267e+06,8.844364e+01,,,,5
2018-04-26 12:14:26.000000,2.609023e+07,1.818841e+07,1.239959e+02,1.410267e+06,8.844364e+01,,,,5
2018-04-26 12:14:27.000000,2.609024e+07,1.818719e+07,1.239952e+02,1.410267e+06,8.844364e+01,,,,5
2018-04-26 12:14:28.000000,2.609025e+07,1.818810e+07,1.239956e+02,1.410267e+06,8.844363e+01,,,,5
2018-04-26 12:14:29.000000,2.609025e+07,1.818692e+07,1.239949e+02,1.410267e+06,8.844363e+01,,,,5
2018-04-26 12:14:30.000000,2.609025e+07,1.818651e+07,1.239948e+02,1.410267e+06,8.844363e+01,,,,5
2018-04-26 12:14:31.000000,2.609024e+07,1.818769e+07,1.239955e+02,1.410267e+06,8.844363e+01,,,,5
2018-04-26 12:14:32.000000,2.609023e+07,1.818744e+07,1.239954e+02,1.410267e+06,8.844363e+01,,,,5
2018-04-26 12:14:33.000000,2.609025e+07,1.818801e+07,1.239958e+02,1.410267e+06,8.844362e+01,,,,5
2018-04-26 12:14:34.000000,2.609026e+07,1.818776e+07,1.239956e+02,1.410267e+06,8.844362e+01,,,,5
2018-04-26 12:14:35.000000,2.609025e+07,1.818952e+07,1.239966e+02,1.410267e+06,8.844362e+01,,,,5
2018-04-26 12:14:36.000000,2.609024e+07,1.818706e+07,1.239951e+02,1.410267e+06,8.844362e+01,,,,5
2018-04-26 12:14:37.000000,2.609023e+07,1.818852e+07,1.239959e+02,1.410267e+06,8.844361e+01,,,,5
2018-04-26 12:14:38.000000,2.609023e+07,1.818686e+07,1.239950e+02,1.410267e+06,8.844361e+01,,,,5
2018-04-26 12:14:39.000000,2.609026e+07,1.818821e+07,1.239956e+02,1.410267e+06,8.844361e+01,,,,5
2018-04-26 12:14:40.000000,2.609025e+07,1.818695e+07,1.239949e+02,1.410267e+06,8.844361e+01,,,,5
2018-04-26 12:14:41.000000,2.609025e+07,1.818656e+07,1.239948e+02,1.410267e+06,8.844361e+01,,,,5
2018-04-26 12:14:42.000000,2.609023e+07,1.818769e+07,1.239955e+02,1.410267e+06,8.844360e+01,,,,5
2018-04-26 12:14:43.000000,2.609023e+07,1.818749e+07,1.239954e+02,1.410267e+06,8.844360e+01,,,,5
2018-04-26 12:14:44.000000,2.609024e+07,1.818875e+07,1.239961e+02,1.410267e+06,8.844360e+01,,,,5
2018-04-26 12:14:45.000000,2.609025e+07,1.818781e+07,1.239956e+02,1.410267e+06,8.844360e+01,,,,5
2018-04-26 12:14:46.000000,2.609025e+07,1.818899e+07,1.239963e+02,1.410267e+06,8.844360e+01,,,,5
2018-04-26 12:14:47.000000,2.609023e+07,1.818705e+07,1.239951e+02,1.410267e+06,8.844359e+01,,,,5
2018-04-26 12:14:48.000000,2.609024e+07,1.818802e+07,1.239956e+02,1.410267e+06,8.844359e+01,,,,5
2018-04-26 12:14:49.000000,2.609024e+07,1.818689e+07,1.239950e+02,1.410267e+06,8.844359e+01,,,,5
2018-04-26 12:14:50.000000,2.609025e+07,1.818766e+07,1.239954e+02,1.410267e+06,8.844359e+01,,,,5
2018-04-26 12:14:51.000000,2.609025e+07,1.818661e+07,1.239948e+02,1.410267e+06,8.844358e+01,,,,5
2018-04-26 12:14:52.000000,2.609025e+07,1.818815e+07,1.239956e+02,1.410267e+06,8.844358e+01,,,,5
2018-04-26 12:14:53.000000,2.609024e+07,1.818751e+07,1.239954e+02,1.410267e+06,8.844358e+01,,,,5
2018-04-26 12:14:54.000000,2.609023e+07,1.818750e+07,1.239954e+02,1.410267e+06,8.844358e+01,,,,5
2018-04-26 12:14:55.000000,2.609023e+07,1.818778e+07,1.239956e+02,1.410267e+06,8.844358e+01,,,,5
2018-04-26 12:14:56.000000,2.609025e+07,1.818781e+07,1.239957e+02,1.410267e+06,8.844357e+01,,,,5
2018-04-26 12:14:57.000000,2.609025e+07,1.818807e+07,1.239958e+02,1.410267e+06,8.844357e+01,,,,5
2018-04-26 12:14:58.000000,2.609024e+07,1.818703e+07,1.239951e+02,1.410267e+06,8.844357e+01,,,,5
2018-04-26 12:14:59.000000,2.609023e+07,1.818802e+07,1.239956e+02,1.410267e+06,8.844357e+01,,,,5
2018-04-26 12:15:00.000000,2.609024e+07,1.818684e+07,1.239950e+02,1.410267e+06,8.844357e+01,,,,5
2018-04-26 12:15:01.000000,2.609025e+07,1.818772e+07,1.239954e+02,1.410267e+06,8.844356e+01,,,,5
2018-04-26 12:15:02.000000,2.609025e+07,1.818658e+07,1.239948e+02,1.410267e+06,8.844356e+01,,,,5
2018-04-26 12:15:03.000000,2.609026e+07,1.818830e+07,1.239957e+02,1.410267e+06,8.844356e+01,,,,5
2018-04-26 12:15:04.000000,2.609023e+07,1.818753e+07,1.239954e+02,1.410267e+06,8.844356e+01,,,,5
2018-04-26 12:15:05.000000,2.609024e+07,1.818912e+07,1.239963e+02,1.410267e+06,8.844355e+01,,,,5
2018-04-26 12:15:06.000000,2.609023e+07,1.818782e+07,1.239956e+02,1.410267e+06,8.844355e+01,,,,5
2018-04-26 12:15:07.000000,2.609025e+07,1.818940e+07,1.239965e+02,1.410267e+06,8.844355e+01,,,,5
2018-04-26 12:15:08.000000,2.609025e+07,1.818819e+07,1.239958e+02,1.410267e+06,8.844355e+01,,,,5
2018-04-26 12:15:09.000000,2.609025e+07,1.818774e+07,1.239956e+02,1.410267e+06,8.844355e+01,,,,5
2018-04-26 12:15:10.000000,2.609024e+07,1.818722e+07,1.239952e+02,1.410267e+06,8.844354e+01,,,,5
2018-04-26 12:15:11.000000,2.609023e+07,1.818684e+07,1.239950e+02,1.410267e+06,8.844354e+01,,,,5
2018-04-26 12:15:12.000000,2.609025e+07,1.818686e+07,1.239949e+02,1.410267e+06,8.844354e+01,,,,5
2018-04-26 12:15:13.000000,2.609025e+07,1.818654e+07,1.239947e+02,1.410267e+06,8.844354e+01,,,,5
2018-04-26 12:15:14.000000,2.609025e+07,1.818770e+07,1.239954e+02,1.410267e+06,8.844354e+01,,,,5
2018-04-26 12:15:15.000000,2.609023e+07,1.818745e+07,1.239954e+02,1.410267e+06,8.844353e+01,,,,5
2018-04-26 12:15:16.000000,2.609023e+07,1.818858e+07,1.239960e+02,1.410267e+06,8.844353e+01,,,,5
2018-04-26 12:15:17.000000,2.609024e+07,1.818747e+07,1.239954e+02,1.410267e+06,8.844353e+01,,,,5
2018-04-26 12:15:18.000000,2.609025e+07,1.818938e+07,1.239965e+02,1.410267e+06,8.844353e+01,,,,5
2018-04-26 12:15:19.000000,2.609025e+07,1.818786e+07,1.239957e+02,1.410267e+06,8.844353e+01,,,,5
2018-04-26 12:15:20.000000,2.609025e+07,1.818781e+07,1.239957e+02,1.410267e+06,8.844352e+01,,,,5
2018-04-26 12:15:21.000000,2.609023e+07,1.818690e+07,1.239951e+02,1.410267e+06,8.844352e+01,,,,5
2018-04-26 12:15:22.000000,2.609024e+07,1.818690e+07,1.239950e+02,1.410267e+06,8.844352e+01,,,,5
2018-04-26 12:15:23.000000,2.609023e+07,1.818811e+07,1.239957e+02,1.410267e+06,8.844352e+01,,,,5
2018-04-26 12:15:24.000000,2.609025e+07,1.818668e+07,1.239949e+02,1.410267e+06,8.844351e+01,,,,5
2018-04-26 12:15:25.000000,2.609025e+07,1.818777e+07,1.239954e+02,1.410267e+06,8.844351e+01,,,,5
2018-04-26 12:15:26.000000,2.609023e+07,1.818752e+07,1.239954e+02,1.410267e+06,8.844351e+01,,,,5
2018-04-26 12:15:27.000000,2.609024e+07,1.818866e+07,1.239960e+02,1.410267e+06,8.844351e+01,,,,5
2018-04-26 12:15:28.000000,2.609023e+07,1.818749e+07,1.239954e+02,1.410267e+06,8.844351e+01,,,,5
2018-04-26 12:15:29.000000,2.609025e+07,1.818887e+07,1.239962e+02,1.410267e+06,8.844350e+01,,,,5
2018-04-26 12:15:30.000000,2.609025e+07,1.818784e+07,1.239956e+02,1.410267e+06,8.844350e+01,,,,5
2018-04-26 12:15:31.000000,2.609025e+07,1.818951e+07,1.239966e+02,1.410267e+06,8.844350e+01,,,,5
2018-04-26 12:15:32.000000,2.609024e+07,1.818710e+07,1.239951e+02,1.410267e+06,8.844350e+01,,,,5
2018-04-26 12:15:33.000000,2.609023e+07,1.818840e+07,1.239958e+02,1.410267e+06,8.844350e+01,,,,5
2018-04-26 12:15:34.000000,2.609023e+07,1.818719e+07,1.239952e+02,1.410267e+06,8.844349e+01,,,,5
2018-04-26 12:15:35.000000,2.609025e+07,1.818810e+07,1.239956e+02,1.410267e+06,8.844349e+01,,,,5
2018-04-26 12:15:36.000000,2.609025e+07,1.818693e+07,1.239949e+02,1.410267e+06,8.844349e+01,,,,5
2018-04-26 12:15:37.000000,2.609025e+07,1.818651e+07,1.239947e+02,1.410267e+06,8.844349e+01,,,,5
2018-04-26 12:15:38.000000,2.609023e+07,1.818769e+07,1.239955e+02,1.410267e+06,8.844348e+01,,,,5
2018-04-26 12:15:39.000000,2.609023e+07,1.818744e+07,1.239954e+02,1.410267e+06,8.844348e+01,,,,5
2018-04-26 12:15:40.000000,2.609025e+07,1.818801e+07,1.239958e+02,1.410267e+06,8.844348e+01,,,,5
2018-04-26 12:15:41.000000,2.609026e+07,1.818777e+07,1.239956e+02,1.410267e+06,8.844348e+01,,,,5
2018-04-26 12:15:42.000000,2.609025e+07,1.818952e+07,1.239966e+02,1.410267e+06,8.844348e+01,,,,5
2018-04-26 12:15:43.000000,2.609024e+07,1.818708e+07,1.239952e+02,1.410267e+06,8.844347e+01,,,,5
2018-04-26 12:15:44.000000,2.609023e+07,1.818852e+07,1.239959e+02,1.410267e+06,8.844347e+01,,,,5
2018-04-26 12:15:45.000000,2.609023e+07,1.818686e+07,1.239950e+02,1.410267e+06,8.844347e+01,,,,5
2018-04-26 12:15:46.000000,2.609026e+07,1.818820e+07,1.239956e+02,1.410267e+06,8.844347e+01,,,,5
2018-04-26 12:15:47.000000,2.609025e+07,1.818695e+07,1.239949e+02,1.410267e+06,8.844347e+01,,,,5
2018-04-26 12:15:48.000000,2.609025e+07,1.818656e+07,1.239948e+02,1.410267e+06,8.844346e+01,,,,5
2018-04-26 12:15:49.000000,2.609023e+07,1.818769e+07,1.239955e+02,1.410267e+06,8.844346e+01,,,,5
2018-04-26 12:15:50.000000,2.609023e+07,1.818749e+07,1.239954e+02,1.410267e+06,8.844346e+01,,,,5
2018-04-26 12:15:51.000000,2.609024e+07,1.818875e+07,1.239961e+02,1.410267e+06,8.844346e+01,,,,5
2018-04-26 12:15:52.000000,2.609025e+07,1.818781e+07,1.239956e+02,1.410267e+06,8.844346e+01,,,,5
2018-04-26 12:15:53.000000,2.609025e+07,1.818898e+07,1.239963e+02,1.410267e+06,8.844345e+01,,,,5
2018-04-26 12:15:54.000000,2.609023e+07,1.818705e+07,1.239951e+02,1.410267e+06,8.844345e+01,,,,5
2018-04-26 12:15:55.000000,2.609023e+07,1.818801e+07,1.239956e+02,1.410267e+06,8.844345e+01,,,,5
2018-04-26 12:15:56.000000,2.609023e+07,1.818684e+07,1.239950e+02,1.410267e+06,8.844345e+01,,,,5
2018-04-26 12:15:57.000000,2.609025e+07,1.818772e+07,1.239954e+02,1.410267e+06,8.844344e+01,,,,5
2018-04-26 12:15:58.000000,2.609026e+07,1.818657e+07,1.239947e+02,1.410267e+06,8.844344e+01,,,,5
2018-04-26 12:15:59.000000,2.609025e+07,1.818830e+07,1.239957e+02,1.410267e+06,8.844344e+01,,,,5
2018-04-26 12:16:00.000000,2.609023e+07,1.818753e+07,1.239954e+02,1.410267e+06,8.844344e+01,,,,5
2018-04-26 12:16:01.000000,2.609024e+07,1.818914e+07,1.239963e+02,1.410267e+06,8.844344e+01,,,,5
2018-04-26 12:16:02.000000,2.609023e+07,1.818780e+07,1.239956e+02,1.410267e+06,8.844343e+01,,,,5
2018-04-26 12:16:03.000000,2.609025e+07,1.818940e+07,1.239965e+02,1.410267e+06,8.844343e+01,,,,5
2018-04-26 12:16:04.000000,2.609026e+07,1.818818e+07,1.239958e+02,1.410267e+06,8.844343e+01,,,,5
2018-04-26 12:16:05.000000,2.609025e+07,1.818774e+07,1.239956e+02,1.410267e+06,8.844343e+01,,,,5
2018-04-26 12:16:06.000000,2.609024e+07,1.818722e+07,1.239952e+02,1.410267e+06,8.844343e+01,,,,5
2018-04-26 12:16:07.000000,2.609023e+07,1.818684e+07,1.239950e+02,1.410267e+06,8.844342e+01,,,,5
2018-04-26 12:16:08.000000,2.609026e+07,1.818686e+07,1.239949e+02,1.410267e+06,8.844342e+01,,,,5
2018-04-26 12:16:09.000000,2.609025e+07,1.818654e+07,1.239947e+02,1.410267e+06,8.844342e+01,,,,5
2018-04-26 12:16:10.000000,2.609025e+07,1.818770e+07,1.239954e+02,1.410267e+06,8.844342e+01,,,,5
2018-04-26 12:16:11.000000,2.609023e+07,1.818745e+07,1.239954e+02,1.410267e+06,8.844342e+01,,,,5
2018-04-26 12:16:12.000000,2.609023e+07,1.818859e+07,1.239960e+02,1.410267e+06,8.844341e+01,,,,5
2018-04-26 12:16:13.000000,2.609024e+07,1.818748e+07,1.239954e+02,1.410267e+06,8.844341e+01,,,,5
2018-04-26 12:16:14.000000,2.609025e+07,1.818938e+07,1.239965e+02,1.410267e+06,8.844341e+01,,,,5
2018-04-26 12:16:15.000000,2.609025e+07,1.818785e+07,1.239957e+02,1.410267e+06,8.844341e+01,,,,5
2018-04-26 12:16:16.000000,2.609025e+07,1.818781e+07,1.239957e+02,1.410267e+06,8.844341e+01,,,,5
2018-04-26 12:16:17.000000,2.609023e+07,1.818690e+07,1.239951e+02,1.410267e+06,8.844340e+01,,,,5
2018-04-26 12:16:18.000000,2.609024e+07,1.818690e+07,1.239950e+02,1.410267e+06,8.844340e+01,,,,5
2018-04-26 12:16:19.000000,2.609023e+07,1.818812e+07,1.239957e+02,1.410267e+06,8.844340e+01,,,,5
2018-04-26 12:16:20.000000,2.609026e+07,1.818668e+07,1.239949e+02,1.410267e+06,8.844340e+01,,,,5
2018-04-26 12:16:21.000000,2.609025e+07,1.818778e+07,1.239954e+02,1.410267e+06,8.844339e+01,,,,5
2018-04-26 12:16:22.000000,2.609023e+07,1.818751e+07,1.239954e+02,1.410267e+06,8.844339e+01,,,,5
2018-04-26 12:16:23.000000,2.609024e+07,1.818866e+07,1.239960e+02,1.410267e+06,8.844339e+01,,,,5
2018-04-26 12:16:24.000000,2.609023e+07,1.818749e+07,1.239954e+02,1.410267e+06,8.844339e+01,,,,5
2018-04-26 12:16:25.000000,2.609026e+07,1.818888e+07,1.239962e+02,1.410267e+06,8.844339e+01,,,,5
2018-04-26 12:16:26.000000,2.609025e+07,1.818785e+07,1.239956e+02,1.410267e+06,8.844338e+01,,,,5
2018-04-26 12:16:27.000000,2.609025e+07,1.818951e+07,1.239966e+02,1.410267e+06,8.844338e+01,,,,5
2018-04-26 12:16:28.000000,2.609024e+07,1.818708e+07,1.239951e+02,1.410267e+06,8.844338e+01,,,,5
2018-04-26 12:16:29.000000,2.609023e+07,1.818841e+07,1.239959e+02,1.410267e+06,8.844338e+01,,,,5
2018-04-26 12:16:30.000000,2.609024e+07,1.818719e+07,1.239952e+02,1.410267e+06,8.844338e+01,,,,5
2018-04-26 12:16:31.000000,2.609025e+07,1.818811e+07,1.239956e+02,1.410267e+06,8.844337e+01,,,,5
2018-04-26 12:16:32.000000,2.609026e+07,1.818692e+07,1.239949e+02,1.410267e+06,8.844337e+01,,,,5
2018-04-26 12:16:33.000000,2.609023e+07,1.818743e+07,1.239953e+02,1.410267e+06,8.844337e+01,,,,5
2018-04-26 12:16:34.000000,2.609024e+07,1.818776e+07,1.239956e+02,1.410267e+06,8.844337e+01,,,,5
2018-04-26 12:16:35.000000,2.609023e+07,1.818743e+07,1.239954e+02,1.410267e+06,8.844337e+01,,,,5
2018-04-26 12:16:36.000000,2.609025e+07,1.818801e+07,1.239958e+02,1.410267e+06,8.844336e+01,,,,5
2018-04-26 12:16:37.000000,2.609026e+07,1.818776e+07,1.239956e+02,1.410267e+06,8.844336e+01,,,,5
2018-04-26 12:16:38.000000,2.609025e+07,1.818954e+07,1.239966e+02,1.410267e+06,8.844336e+01,,,,5
2018-04-26 12:16:39.000000,2.609024e+07,1.818706e+07,1.239951e+02,1.410267e+06,8.844336e+01,,,,5
2018-04-26 12:16:40.000000,2.609023e+07,1.818852e+07,1.239959e+02,1.410267e+06,8.844335e+01,,,,5
2018-04-26 12:16:41.000000,2.609023e+07,1.818686e+07,1.239950e+02,1.410267e+06,8.844335e+01,,,,5
2018-04-26 12:16:42.000000,2.609026e+07,1.818821e+07,1.239956e+02,1.410267e+06,8.844335e+01,,,,5
2018-04-26 12:16:43.000000,2.609025e+07,1.818695e+07,1.239949e+02,1.410267e+06,8.844335e+01,,,,5
2018-04-26 12:16:44.000000,2.609026e+07,1.818656e+07,1.239948e+02,1.410267e+06,8.844335e+01,,,,5
2018-04-26 12:16:45.000000,2.609023e+07,1.818770e+07,1.239955e+02,1.410267e+06,8.844334e+01,,,,5
2018-04-26 12:16:46.000000,2.609023e+07,1.818749e+07,1.239954e+02,1.410267e+06,8.844334e+01,,,,5
2018-04-26 12:16:47.000000,2.609026e+07,1.818805e+07,1.239958e+02,1.410267e+06,8.844334e+01,,,,5
2018-04-26 12:16:48.000000,2.609025e+07,1.818777e+07,1.239956e+02,1.410267e+06,8.844334e+01,,,,5
2018-04-26 12:16:49.000000,2.609025e+07,1.818899e+07,1.239963e+02,1.410267e+06,8.844334e+01,,,,5
2018-04-26 12:16:50.000000,2.609023e+07,1.818705e+07,1.239951e+02,1.410267e+06,8.844333e+01,,,,5
2018-04-26 12:16:51.000000,2.609024e+07,1.818802e+07,1.239956e+02,1.410267e+06,8.844333e+01,,,,5
2018-04-26 12:16:52.000000,2.609024e+07,1.818688e+07,1.239950e+02,1.410267e+06,8.844333e+01,,,,5
2018-04-26 12:16:53.000000,2.609025e+07,1.818766e+07,1.239954e+02,1.410267e+06,8.844333e+01,,,,5
2018-04-26 12:16:54.000000,2.609025e+07,1.818661e+07,1.239947e+02,1.410267e+06,8.844333e+01,,,,5
2018-04-26 12:16:55.000000,2.609025e+07,1.818817e+07,1.239956e+02,1.410267e+06,8.844332e+01,,,,5
2018-04-26 12:16:56.000000,2.609024e+07,1.818751e+07,1.239954e+02,1.410267e+06,8.844332e+01,,,,5
2018-04-26 12:16:57.000000,2.609023e+07,1.818750e+07,1.239954e+02,1.410267e+06,8.844332e+01,,,,5
2018-04-26 12:16:58.000000,2.609024e+07,1.818778e+07,1.239956e+02,1.410267e+06,8.844332e+01,,,,5
2018-04-26 12:16:59.000000,2.609025e+07,1.818781e+07,1.239957e+02,1.410267e+06,8.844332e+01,,,,5
2018-04-26 12:17:00.000000,2.609025e+07,1.818807e+07,1.239958e+02,1.410267e+06,8.844331e+01,,,,5
2018-04-26 12:17:01.000000,2.609024e+07,1.818703e+07,1.239951e+02,1.410267e+06,8.844331e+01,,,,5
2018-04-26 12:17:02.000000,2.609023e+07,1.818803e+07,1.239956e+02,1.410267e+06,8.844331e+01,,,,5
2018-04-26 12:17:03.000000,2.609024e+07,1.818684e+07,1.239950e+02,1.410267e+06,8.844331e+01,,,,5
2018-04-26 12:17:04.000000,2.609025e+07,1.818772e+07,1.239954e+02,1.410267e+06,8.844330e+01,,,,5
2018-04-26 12:17:05.000000,2.609025e+07,1.818659e+07,1.239948e+02,1.410267e+06,8.844330e+01,,,,5
2018-04-26 12:17:06.000000,2.609026e+07,1.818830e+07,1.239957e+02,1.410267e+06,8.844330e+01,,,,5
2018-04-26 12:17:07.000000,2.609023e+07,1.818753e+07,1.239954e+02,1.410267e+06,8.844330e+01,,,,5
2018-04-26 12:17:08.000000,2.609024e+07,1.818912e+07,1.239962e+02,1.410267e+06,8.844330e+01,,,,5
2018-04-26 12:17:09.000000,2.609023e+07,1.818781e+07,1.239956e+02,1.410267e+06,8.844329e+01,,,,5
2018-04-26 12:17:10.000000,2.609025e+07,1.818940e+07,1.239965e+02,1.410267e+06,8.844329e+01,,,,5
2018-04-26 12:17:11.000000,2.609026e+07,1.818819e+07,1.239958e+02,1.410267e+06,8.844329e+01,,,,5
2018-04-26 12:17:12.000000,2.609025e+07,1.818774e+07,1.239956e+02,1.410267e+06,8.844329e+01,,,,5
2018-04-26 12:17:13.000000,2.609024e+07,1.818722e+07,1.239952e+02,1.410267e+06,8.844329e+01,,,,5
2018-04-26 12:17:14.000000,2.609023e+07,1.818684e+07,1.239950e+02,1.410267e+06,8.844328e+01,,,,5
2018-04-26 12:17:15.000000,2.609025e+07,1.818686e+07,1.239949e+02,1.410267e+06,8.844328e+01,,,,5
2018-04-26 12:17:16.000000,2.609025e+07,1.818654e+07,1.239947e+02,1.410267e+06,8.844328e+01,,,,5
2018-04-26 12:17:17.000000,2.609025e+07,1.818770e+07,1.239954e+02,1.410267e+06,8.844328e+01,,,,5
2018-04-26 12:17:18.000000,2.609023e+07,1.818745e+07,1.239954e+02,1.410267e+06,8.844328e+01,,,,5
2018-04-26 12:17:19.000000,2.609023e+07,1.818859e+07,1.239960e+02,1.410267e+06,8.844327e+01,,,,5
2018-04-26 12:17:20.000000,2.609024e+07,1.818747e+07,1.239954e+02,1.410267e+06,8.844327e+01,,,,5
2018-04-26 12:17:21.000000,2.609025e+07,1.818938e+07,1.239965e+02,1.410267e+06,8.844327e+01,,,,5
2018-04-26 12:17:22.000000,2.609025e+07,1.818786e+07,1.239957e+02,1.410267e+06,8.844327e+01,,,,5
2018-04-26 12:17:23.000000,2.609025e+07,1.818781e+07,1.239957e+02,1.410267e+06,8.844327e+01,,,,5
2018-04-26 12:17:24.000000,2.609023e+07,1.818690e+07,1.239951e+02,1.410267e+06,8.844326e+01,,,,5
2018-04-26 12:17:25.000000,2.609024e+07,1.818690e+07,1.239950e+02,1.410267e+06,8.844326e+01,,,,5
2018-04-26 12:17:26.000000,2.609023e+07,1.818812e+07,1.239957e+02,1.410267e+06,8.844326e+01,,,,5
2018-04-26 12:17:27.000000,2.609025e+07,1.818668e+07,1.239949e+02,1.410267e+06,8.844326e+01,,,,5
2018-04-26 12:17:28.000000,2.609025e+07,1.818777e+07,1.239954e+02,1.410267e+06,8.844326e+01,,,,5
2018-04-26 12:17:29.000000,2.609023e+07,1.818751e+07,1.239954e+02,1.410267e+06,8.844325e+01,,,,5
2018-04-26 12:17:30.000000,2.609024e+07,1.818866e+07,1.239960e+02,1.410267e+06,8.844325e+01,,,,5
2018-04-26 12:17:31.000000,2.609023e+07,1.818749e+07,1.239954e+02,1.410267e+06,8.844325e+01,,,,5
2018-04-26 12:17:32.000000,2.609025e+07,1.818887e+07,1.239962e+02,1.410267e+06,8.844325e+01,,,,5
2018-04-26 12:17:33.000000,2.609025e+07,1.818784e+07,1.239956e+02,1.410267e+06,8.844325e+01,,,,5
2018-04-26 12:17:34.000000,2.609025e+07,1.818951e+07,1.239966e+02,1.410267e+06,8.844324e+01,,,,5
2018-04-26 12:17:35.000000,2.609024e+07,1.818710e+07,1.239951e+02,1.410267e+06,8.844324e+01,,,,5
2018-04-26 12:17:36.000000,2.609023e+07,1.818841e+07,1.239959e+02,1.410267e+06,8.844324e+01,,,,5
2018-04-26 12:17:37.000000,2.609024e+07,1.818719e+07,1.239952e+02,1.410267e+06,8.844324e+01,,,,5
2018-04-26 12:17:38.000000,2.609025e+07,1.818810e+07,1.239956e+02,1.410267e+06,8.844323e+01,,,,5
2018-04-26 12:17:39.000000,2.609025e+07,1.818693e+07,1.239949e+02,1.410267e+06,8.844323e+01,,,,5
2018-04-26 12:17:40.000000,2.609025e+07,1.818651e+07,1.239947e+02,1.410267e+06,8.844323e+01,,,,5
2018-04-26 12:17:41.000000,2.609024e+07,1.818769e+07,1.239954e+02,1.410267e+06,8.844323e+01,,,,5
2018-04-26 12:17:42.000000,2.609023e+07,1.818744e+07,1.239954e+02,1.410267e+06,8.844323e+01,,,,5
2018-04-26 12:17:43.000000,2.609025e+07,1.818801e+07,1.239958e+02,1.410267e+06,8.844322e+01,,,,5
2018-04-26 12:17:44.000000,2.609026e+07,1.818776e+07,1.239956e+02,1.410267e+06,8.844322e+01,,,,5
2018-04-26 12:17:45.000000,2.609025e+07,1.818952e+07,1.239966e+02,1.410267e+06,8.844322e+01,,,,5
2018-04-26 12:17:46.000000,2.609024e+07,1.818706e+07,1.239951e+02,1.410267e+06,8.844322e+01,,,,5
2018-04-26 12:17:47.000000,2.609023e+07,1.818852e+07,1.239958e+02,1.410267e+06,8.844322e+01,,,,5
2018-04-26 12:17:48.000000,2.609023e+07,1.818686e+07,1.239950e+02,1.410267e+06,8.844321e+01,,,,5
2018-04-26 12:17:49.000000,2.609026e+07,1.818820e+07,1.239956e+02,1.410267e+06,8.844321e+01,,,,5
2018-04-26 12:17:50.000000,2.609025e+07,1.818695e+07,1.239949e+02,1.410267e+06,8.844321e+01,,,,5
2018-04-26 12:17:51.000000,2.609025e+07,1.818656e+07,1.239948e+02,1.410267e+06,8.844321e+01,,,,5
2018-04-26 12:17:52.000000,2.609023e+07,1.818769e+07,1.239955e+02,1.410267e+06,8.844321e+01,,,,5
2018-04-26 12:17:53.000000,2.609023e+07,1.818749e+07,1.239954e+02,1.410267e+06,8.844320e+01,,,,5
2018-04-26 12:17:54.000000,2.609024e+07,1.818875e+07,1.239961e+02,1.410267e+06,8.844320e+01,,,,5
2018-04-26 12:17:55.000000,2.609025e+07,1.818781e+07,1.239956e+02,1.410267e+06,8.844320e+01,,,,5
2018-04-26 12:17:56.000000,2.609025e+07,1.818898e+07,1.239963e+02,1.410267e+06,8.844320e+01,,,,5
2018-04-26 12:17:57.000000,2.609023e+07,1.818705e+07,1.239951e+02,1.410267e+06,8.844320e+01,,,,5
2018-04-26 12:17:58.000000,2.609024e+07,1.818801e+07,1.239956e+02,1.410267e+06,8.844319e+01,,,,5
2018-04-26 12:17:59.000000,2.609024e+07,1.818689e+07,1.239950e+02,1.410267e+06,8.844319e+01,,,,5
2018-04-26 12:18:00.000000,2.609025e+07,1.818766e+07,1.239954e+02,1.410267e+06,8.844319e+01,,,,5
2018-04-26 12:18:01.000000,2.609025e+07,1.818661e+07,1.239947e+02,1.410267e+06,8.844319e+01,,,,5
2018-04-26 12:18:02.000000,2.609025e+07,1.818815e+07,1.239956e+02,1.410267e+06,8.844319e+01,,,,5
2018-04-26 12:18:03.000000,2.609024e+07,1.818750e+07,1.239954e+02,1.410267e+06,8.844318e+01,,,,5
2018-04-26 12:18:04.000000,2.609023e+07,1.818750e+07,1.239954e+02,1.410267e+06,8.844318e+01,,,,5
2018-04-26 12:18:05.000000,2.609023e+07,1.818778e+07,1.239955e+02,1.410267e+06,8.844318e+01,,,,5
2018-04-26 12:18:06.000000,2.609025e+07,1.818781e+07,1.239957e+02,1.410267e+06,8.844318e+01,,,,5
2018-04-26 12:18:07.000000,2.609025e+07,1.818807e+07,1.239958e+02,1.410267e+06,8.844318e+01,,,,5
2018-04-26 12:18:08.000000,2.609024e+07,1.818703e+07,1.239951e+02,1.410267e+06,8.844317e+01,,,,5
2018-04-26 12:18:09.000000,2.609023e+07,1.818802e+07,1.239956e+02,1.410267e+06,8.844317e+01,,,,5
2018-04-26 12:18:10.000000,2.609024e+07,1.818684e+07,1.239950e+02,1.410267e+06,8.844317e+01,,,,5
2018-04-26 12:18:11.000000,2.609025e+07,1.818772e+07,1.239954e+02,1.410267e+06,8.844317e+01,,,,5
2018-04-26 12:18:12.000000,2.609025e+07,1.818658e+07,1.239948e+02,1.410267e+06,8.844317e+01,,,,5
2018-04-26 12:18:13.000000,2.609026e+07,1.818828e+07,1.239957e+02,1.410267e+06,8.844316e+01,,,,5
2018-04-26 12:18:14.000000,2.609023e+07,1.818753e+07,1.239954e+02,1.410267e+06,8.844316e+01,,,,5
2018-04-26 12:18:15.000000,2.609024e+07,1.818912e+07,1.239962e+02,1.410267e+06,8.844316e+01,,,,5
2018-04-26 12:18:16.000000,2.609023e+07,1.818782e+07,1.239956e+02,1.410267e+06,8.844316e+01,,,,5
2018-04-26 12:18:17.000000,2.609025e+07,1.818940e+07,1.239965e+02,1.410267e+06,8.844315e+01,,,,5
2018-04-26 12:18:18.000000,2.609025e+07,1.818819e+07,1.239958e+02,1.410267e+06,8.844315e+01,,,,5
2018-04-26 12:18:19.000000,2.609025e+07,1.818774e+07,1.239956e+02,1.410267e+06,8.844315e+01,,,,5
2018-04-26 12:18:20.000000,2.609024e+07,1.818722e+07,1.239951e+02,1.410267e+06,8.844315e+01,,,,5
2018-04-26 12:18:21.000000,2.609023e+07,1.818684e+07,1.239950e+02,1.410267e+06,8.844315e+01,,,,5
2018-04-26 12:18:22.000000,2.609025e+07,1.818686e+07,1.239949e+02,1.410267e+06,8.844314e+01,,,,5
2018-04-26 12:18:23.000000,2.609025e+07,1.818654e+07,1.239947e+02,1.410267e+06,8.844314e+01,,,,5
2018-04-26 12:18:24.000000,2.609025e+07,1.818770e+07,1.239954e+02,1.410267e+06,8.844314e+01,,,,5
2018-04-26 12:18:25.000000,2.609023e+07,1.818745e+07,1.239954e+02,1.410267e+06,8.844314e+01,,,,5
2018-04-26 12:18:26.000000,2.609023e+07,1.818858e+07,1.239960e+02,1.410267e+06,8.844314e+01,,,,5
2018-04-26 12:18:27.000000,2.609024e+07,1.818747e+07,1.239954e+02,1.410267e+06,8.844313e+01,,,,5
2018-04-26 12:18:28.000000,2.609025e+07,1.818938e+07,1.239965e+02,1.410267e+06,8.844313e+01,,,,5
2018-04-26 12:18:29.000000,2.609025e+07,1.818786e+07,1.239957e+02,1.410267e+06,8.844313e+01,,,,5
2018-04-26 12:18:30.000000,2.609025e+07,1.818781e+07,1.239957e+02,1.410267e+06,8.844313e+01,,,,5
2018-04-26 12:18:31.000000,2.609023e+07,1.818690e+07,1.239951e+02,1.410267e+06,8.844313e+01,,,,5
2018-04-26 12:18:32.000000,2.609024e+07,1.818690e+07,1.239950e+02,1.410267e+06,8.844312e+01,,,,5
2018-04-26 12:18:33.000000,2.609023e+07,1.818811e+07,1.239956e+02,1.410267e+06,8.844312e+01,,,,5
2018-04-26 12:18:34.000000,2.609025e+07,1.818668e+07,1.239949e+02,1.410267e+06,8.844312e+01,,,,5
2018-04-26 12:18:35.000000,2.609025e+07,1.818777e+07,1.239954e+02,1.410267e+06,8.844312e+01,,,,5
2018-04-26 12:18:36.000000,2.609023e+07,1.818752e+07,1.239954e+02,1.410267e+06,8.844312e+01,,,,5
2018-04-26 12:18:37.000000,2.609024e+07,1.818866e+07,1.239960e+02,1.410267e+06,8.844311e+01,,,,5
2018-04-26 12:18:38.000000,2.609023e+07,1.818749e+07,1.239954e+02,1.410267e+06,8.844311e+01,,,,5
2018-04-26 12:18:39.000000,2.609025e+07,1.818887e+07,1.239962e+02,1.410267e+06,8.844311e+01,,,,5
2018-04-26 12:18:40.000000,2.609025e+07,1.818785e+07,1.239957e+02,1.410267e+06,8.844311e+01,,,,5
2018-04-26 12:18:41.000000,2.609025e+07,1.818951e+07,1.239966e+02,1.410267e+06,8.844311e+01,,,,5
2018-04-26 12:18:42.000000,2.609023e+07,1.818710e+07,1.239951e+02,1.410267e+06,8.844310e+01,,,,5
2018-04-26 12:18:43.000000,2.609023e+07,1.818840e+07,1.239958e+02,1.410267e+06,8.844310e+01,,,,5
2018-04-26 12:18:44.000000,2.609023e+07,1.818719e+07,1.239951e+02,1.410267e+06,8.844310e+01,,,,5
2018-04-26 12:18:45.000000,2.609025e+07,1.818810e+07,1.239956e+02,1.410267e+06,8.844310e+01,,,,5
2018-04-26 12:18:46.000000,2.609025e+07,1.818693e+07,1.239949e+02,1.410267e+06,8.844310e+01,,,,5
2018-04-26 12:18:47.000000,2.609025e+07,1.818651e+07,1.239947e+02,1.410267e+06,8.844309e+01,,,,5
2018-04-26 12:18:48.000000,2.609023e+07,1.818769e+07,1.239954e+02,1.410267e+06,8.844309e+01,,,,5
2018-04-26 12:18:49.000000,2.609023e+07,1.818744e+07,1.239954e+02,1.410267e+06,8.844309e+01,,,,5
2018-04-26 12:18:50.000000,2.609025e+07,1.818801e+07,1.239958e+02,1.410267e+06,8.844309e+01,,,,5
2018-04-26 12:18:51.000000,2.609026e+07,1.818777e+07,1.239956e+02,1.410267e+06,8.844309e+01,,,,5
2018-04-26 12:18:52.000000,2.609025e+07,1.818952e+07,1.239966e+02,1.410267e+06,8.844308e+01,,,,5
2018-04-26 12:18:53.000000,2.609024e+07,1.818708e+07,1.239952e+02,1.410267e+06,8.844308e+01,,,,5
2018-04-26 12:18:54.000000,2.609023e+07,1.818852e+07,1.239958e+02,1.410267e+06,8.844308e+01,,,,5
2018-04-26 12:18:55.000000,2.609023e+07,1.818686e+07,1.239950e+02,1.410267e+06,8.844308e+01,,,,5
2018-04-26 12:18:56.000000,2.609026e+07,1.818820e+07,1.239956e+02,1.410267e+06,8.844308e+01,,,,5
2018-04-26 12:18:57.000000,2.609025e+07,1.818696e+07,1.239950e+02,1.410267e+06,8.844307e+01,,,,5
2018-04-26 12:18:58.000000,2.609025e+07,1.818656e+07,1.239948e+02,1.410267e+06,8.844307e+01,,,,5
2018-04-26 12:18:59.000000,2.609023e+07,1.818769e+07,1.239955e+02,1.410267e+06,8.844307e+01,,,,5
2018-04-26 12:19:00.000000,2.609023e+07,1.818749e+07,1.239954e+02,1.410267e+06,8.844307e+01,,,,5
2018-04-26 12:19:01.000000,2.609024e+07,1.818875e+07,1.239961e+02,1.410267e+06,8.844307e+01,,,,5
2018-04-26 12:19:02.000000,2.609025e+07,1.818781e+07,1.239956e+02,1.410267e+06,8.844306e+01,,,,5
2018-04-26 12:19:03.000000,2.609025e+07,1.818898e+07,1.239963e+02,1.410267e+06,8.844306e+01,,,,5
2018-04-26 12:19:04.000000,2.609023e+07,1.818705e+07,1.239951e+02,1.410267e+06,8.844306e+01,,,,5
2018-04-26 12:19:05.000000,2.609023e+07,1.818801e+07,1.239956e+02,1.410267e+06,8.844306e+01,,,,5
2018-04-26 12:19:06.000000,2.609023e+07,1.818689e+07,1.239950e+02,1.410267e+06,8.844306e+01,,,,5
2018-04-26 12:19:07.000000,2.609025e+07,1.818765e+07,1.239954e+02,1.410267e+06,8.844305e+01,,,,5
2018-04-26 12:19:08.000000,2.609025e+07,1.818661e+07,1.239947e+02,1.410267e+06,8.844305e+01,,,,5
2018-04-26 12:19:09.000000,2.609025e+07,1.818815e+07,1.239956e+02,1.410267e+06,8.844305e+01,,,,5
2018-04-26 12:19:10.000000,2.609024e+07,1.818751e+07,1.239954e+02,1.410267e+06,8.844305e+01,,,,5
2018-04-26 12:19:11.000000,2.609023e+07,1.818749e+07,1.239954e+02,1.410267e+06,8.844305e+01,,,,5
2018-04-26 12:19:12.000000,2.609023e+07,1.818778e+07,1.239955e+02,1.410267e+06,8.844304e+01,,,,5
2018-04-26 12:19:13.000000,2.609025e+07,1.818781e+07,1.239957e+02,1.410267e+06,8.844304e+01,,,,5
2018-04-26 12:19:14.000000,2.609025e+07,1.818807e+07,1.239958e+02,1.410267e+06,8.844304e+01,,,,5
2018-04-26 12:19:15.000000,2.609025e+07,1.818774e+07,1.239956e+02,1.410267e+06,8.844304e+01,,,,5
2018-04-26 12:19:16.000000,2.609023e+07,1.818809e+07,1.239956e+02,1.410267e+06,8.844304e+01,,,,5
2018-04-26 12:19:17.000000,2.609024e+07,1.818686e+07,1.239949e+02,1.410267e+06,8.844303e+01,,,,5
2018-04-26 12:19:18.000000,2.609025e+07,1.818772e+07,1.239953e+02,1.410267e+06,8.844303e+01,,,,5
2018-04-26 12:19:19.000000,2.609025e+07,1.818658e+07,1.239948e+02,1.410267e+06,8.844303e+01,,,,5
2018-04-26 12:19:20.000000,2.609025e+07,1.818828e+07,1.239957e+02,1.410267e+06,8.844303e+01,,,,5
2018-04-26 12:19:21.000000,2.609023e+07,1.818753e+07,1.239954e+02,1.410267e+06,8.844303e+01,,,,5
2018-04-26 12:19:22.000000,2.609024e+07,1.818912e+07,1.239962e+02,1.410267e+06,8.844302e+01,,,,5
2018-04-26 12:19:23.000000,2.609023e+07,1.818782e+07,1.239955e+02,1.410267e+06,8.844302e+01,,,,5
2018-04-26 12:19:24.000000,2.609025e+07,1.818939e+07,1.239965e+02,1.410267e+06,8.844302e+01,,,,5
2018-04-26 12:19:25.000000,2.609025e+07,1.818820e+07,1.239958e+02,1.410267e+06,8.844302e+01,,,,5
2018-04-26 12:19:26.000000,2.609025e+07,1.818774e+07,1.239956e+02,1.410267e+06,8.844302e+01,,,,5
2018-04-26 12:19:27.000000,2.609023e+07,1.818723e+07,1.239951e+02,1.410267e+06,8.844301e+01,,,,5
2018-04-26 12:19:28.000000,2.609023e+07,1.818684e+07,1.239950e+02,1.410267e+06,8.844301e+01,,,,5
2018-04-26 12:19:29.000000,2.609023e+07,1.818810e+07,1.239956e+02,1.410267e+06,8.844301e+01,,,,5
2018-04-26 12:19:30.000000,2.609025e+07,1.818663e+07,1.239948e+02,1.410267e+06,8.844301e+01,,,,5
2018-04-26 12:19:31.000000,2.609025e+07,1.818769e+07,1.239954e+02,1.410267e+06,8.844301e+01,,,,5
2018-04-26 12:19:32.000000,2.609023e+07,1.818745e+07,1.239954e+02,1.410267e+06,8.844300e+01,,,,5
2018-04-26 12:19:33.000000,2.609023e+07,1.818858e+07,1.239960e+02,1.410267e+06,8.844300e+01,,,,5
2018-04-26 12:19:34.000000,2.609024e+07,1.818748e+07,1.239954e+02,1.410267e+06,8.844300e+01,,,,5
2018-04-26 12:19:35.000000,2.609025e+07,1.818938e+07,1.239965e+02,1.410267e+06,8.844300e+01,,,,5
2018-04-26 12:19:36.000000,2.609025e+07,1.818786e+07,1.239957e+02,1.410267e+06,8.844300e+01,,,,5
2018-04-26 12:19:37.000000,2.609025e+07,1.818781e+07,1.239957e+02,1.410267e+06,8.844299e+01,,,,5
2018-04-26 12:19:38.000000,2.609023e+07,1.818690e+07,1.239950e+02,1.410267e+06,8.844299e+01,,,,5
2018-04-26 12:19:39.000000,2.609024e+07,1.818690e+07,1.239950e+02,1.410267e+06,8.844299e+01,,,,5
2018-04-26 12:19:40.000000,2.609023e+07,1.818811e+07,1.239956e+02,1.410267e+06,8.844299e+01,,,,5
2018-04-26 12:19:41.000000,2.609025e+07,1.818669e+07,1.239949e+02,1.410267e+06,8.844299e+01,,,,5
2018-04-26 12:19:42.000000,2.609025e+07,1.818777e+07,1.239954e+02,1.410267e+06,8.844298e+01,,,,5
2018-04-26 12:19:43.000000,2.609025e+07,1.818648e+07,1.239947e+02,1.410267e+06,8.844298e+01,,,,5
2018-04-26 12:19:44.000000,2.609024e+07,1.818858e+07,1.239960e+02,1.410267e+06,8.844298e+01,,,,5
2018-04-26 12:19:45.000000,2.609023e+07,1.818749e+07,1.239954e+02,1.410267e+06,8.844298e+01,,,,5
2018-04-26 12:19:46.000000,2.609025e+07,1.818887e+07,1.239962e+02,1.410267e+06,8.844298e+01,,,,5
2018-04-26 12:19:47.000000,2.609025e+07,1.818785e+07,1.239957e+02,1.410267e+06,8.844297e+01,,,,5
2018-04-26 12:19:48.000000,2.609025e+07,1.818949e+07,1.239966e+02,1.410267e+06,8.844297e+01,,,,5
2018-04-26 12:19:49.000000,2.609023e+07,1.818710e+07,1.239951e+02,1.410267e+06,8.844297e+01,,,,5
2018-04-26 12:19:50.000000,2.609023e+07,1.818840e+07,1.239958e+02,1.410267e+06,8.844297e+01,,,,5
2018-04-26 12:19:51.000000,2.609023e+07,1.818721e+07,1.239951e+02,1.410267e+06,8.844297e+01,,,,5
2018-04-26 12:19:52.000000,2.609025e+07,1.818810e+07,1.239956e+02,1.410267e+06,8.844296e+01,,,,5
2018-04-26 12:19:53.000000,2.609025e+07,1.818693e+07,1.239949e+02,1.410267e+06,8.844296e+01,,,,5
2018-04-26 12:19:54.000000,2.609025e+07,1.818651e+07,1.239947e+02,1.410267e+06,8.844296e+01,,,,5
2018-04-26 12:19:55.000000,2.609023e+07,1.818769e+07,1.239954e+02,1.410267e+06,8.844296e+01,,,,5
2018-04-26 12:19:56.000000,2.609023e+07,1.818744e+07,1.239954e+02,1.410267e+06,8.844296e+01,,,,5
2018-04-26 12:19:57.000000,2.609025e+07,1.818801e+07,1.239958e+02,1.410267e+06,8.844295e+01,,,,5
2018-04-26 12:19:58.000000,2.609025e+07,1.818777e+07,1.239956e+02,1.410267e+06,8.844295e+01,,,,5
2018-04-26 12:19:59.000000,2.609025e+07,1.818951e+07,1.239966e+02,1.410267e+06,8.844295e+01,,,,5
2018-04-26 12:20:00.000000,2.609023e+07,1.818708e+07,1.239951e+02,1.410267e+06,8.844295e+01,,,,5
2018-04-26 12:20:01.000000,2.609023e+07,1.818851e+07,1.239958e+02,1.410267e+06,8.844295e+01,,,,5
2018-04-26 12:20:02.000000,2.609023e+07,1.818686e+07,1.239949e+02,1.410267e+06,8.844294e+01,,,,5
2018-04-26 12:20:03.000000,2.609025e+07,1.818819e+07,1.239956e+02,1.410267e+06,8.844294e+01,,,,5
2018-04-26 12:20:04.000000,2.609025e+07,1.818696e+07,1.239950e+02,1.410266e+06,8.844294e+01,,,,5
2018-04-26 12:20:05.000000,2.609025e+07,1.818657e+07,1.239948e+02,1.410266e+06,8.844294e+01,,,,5
2018-04-26 12:20:06.000000,2.609023e+07,1.818769e+07,1.239954e+02,1.410266e+06,8.844294e+01,,,,5
2018-04-26 12:20:07.000000,2.609023e+07,1.818749e+07,1.239954e+02,1.410266e+06,8.844293e+01,,,,5
2018-04-26 12:20:08.000000,2.609024e+07,1.818874e+07,1.239961e+02,1.410266e+06,8.844293e+01,,,,5
2018-04-26 12:20:09.000000,2.609025e+07,1.818782e+07,1.239956e+02,1.410266e+06,8.844293e+01,,,,5
2018-04-26 12:20:10.000000,2.609025e+07,1.818898e+07,1.239963e+02,1.410266e+06,8.844293e+01,,,,5
2018-04-26 12:20:11.000000,2.609023e+07,1.818707e+07,1.239951e+02,1.410266e+06,8.844293e+01,,,,5
2018-04-26 12:20:12.000000,2.609023e+07,1.818801e+07,1.239956e+02,1.410266e+06,8.844292e+01,,,,5
2018-04-26 12:20:13.000000,2.609023e+07,1.818684e+07,1.239949e+02,1.410266e+06,8.844292e+01,,,,5
2018-04-26 12:20:14.000000,2.609025e+07,1.818772e+07,1.239953e+02,1.410266e+06,8.844292e+01,,,,5
2018-04-26 12:20:15.000000,2.609025e+07,1.818658e+07,1.239948e+02,1.410266e+06,8.844292e+01,,,,5
2018-04-26 12:20:16.000000,2.609025e+07,1.818830e+07,1.239957e+02,1.410266e+06,8.844292e+01,,,,5
2018-04-26 12:20:17.000000,2.609023e+07,1.818753e+07,1.239954e+02,1.410266e+06,8.844291e+01,,,,5
2018-04-26 12:20:18.000000,2.609024e+07,1.818912e+07,1.239962e+02,1.410266e+06,8.844291e+01,,,,5
2018-04-26 12:20:19.000000,2.609023e+07,1.818781e+07,1.239955e+02,1.410266e+06,8.844291e+01,,,,5
2018-04-26 12:20:20.000000,2.609025e+07,1.818940e+07,1.239965e+02,1.410266e+06,8.844291e+01,,,,5
2018-04-26 12:20:21.000000,2.609025e+07,1.818819e+07,1.239958e+02,1.410266e+06,8.844291e+01,,,,5
2018-04-26 12:20:22.000000,2.609025e+07,1.818774e+07,1.239956e+02,1.410266e+06,8.844290e+01,,,,5
2018-04-26 12:20:23.000000,2.609024e+07,1.818722e+07,1.239951e+02,1.410266e+06,8.844290e+01,,,,5
2018-04-26 12:20:24.000000,2.609023e+07,1.818684e+07,1.239950e+02,1.410266e+06,8.844290e+01,,,,5
2018-04-26 12:20:25.000000,2.609025e+07,1.818686e+07,1.239949e+02,1.410266e+06,8.844290e+01,,,,5
2018-04-26 12:20:26.000000,2.609025e+07,1.818654e+07,1.239947e+02,1.410266e+06,8.844290e+01,,,,5
2018-04-26 12:20:27.000000,2.609025e+07,1.818770e+07,1.239954e+02,1.410266e+06,8.844289e+01,,,,5
2018-04-26 12:20:28.000000,2.609023e+07,1.818745e+07,1.239954e+02,1.410266e+06,8.844289e+01,,,,5
2018-04-26 12:20:29.000000,2.609023e+07,1.818859e+07,1.239960e+02,1.410266e+06,8.844289e+01,,,,5
2018-04-26 12:20:30.000000,2.609024e+07,1.818747e+07,1.239954e+02,1.410266e+06,8.844289e+01,,,,5
2018-04-26 12:20:31.000000,2.609025e+07,1.818938e+07,1.239965e+02,1.410266e+06,8.844289e+01,,,,5
2018-04-26 12:20:32.000000,2.609025e+07,1.818786e+07,1.239957e+02,1.410266e+06,8.844288e+01,,,,5
2018-04-26 12:20:33.000000,2.609025e+07,1.818781e+07,1.239957e+02,1.410266e+06,8.844288e+01,,,,5
2018-04-26 12:20:34.000000,2.609023e+07,1.818690e+07,1.239950e+02,1.410266e+06,8.844288e+01,,,,5
2018-04-26 12:20:35.000000,2.609024e+07,1.818690e+07,1.239950e+02,1.410266e+06,8.844288e+01,,,,5
2018-04-26 12:20:36.000000,2.609023e+07,1.818812e+07,1.239956e+02,1.410266e+06,8.844288e+01,,,,5
2018-04-26 12:20:37.000000,2.609025e+07,1.818668e+07,1.239949e+02,1.410266e+06,8.844287e+01,,,,5
2018-04-26 12:20:38.000000,2.609025e+07,1.818777e+07,1.239954e+02,1.410266e+06,8.844287e+01,,,,5
2018-04-26 12:20:39.000000,2.609023e+07,1.818752e+07,1.239954e+02,1.410266e+06,8.844287e+01,,,,5
2018-04-26 12:20:40.000000,2.609024e+07,1.818866e+07,1.239960e+02,1.410266e+06,8.844287e+01,,,,5
2018-04-26 12:20:41.000000,2.609023e+07,1.818749e+07,1.239954e+02,1.410266e+06,8.844287e+01,,,,5
2018-04-26 12:20:42.000000,2.609025e+07,1.818887e+07,1.239962e+02,1.410266e+06,8.844286e+01,,,,5
2018-04-26 12:20:43.000000,2.609025e+07,1.818784e+07,1.239956e+02,1.410266e+06,8.844286e+01,,,,5
2018-04-26 12:20:44.000000,2.609025e+07,1.818951e+07,1.239966e+02,1.410266e+06,8.844286e+01,,,,5
2018-04-26 12:20:45.000000,2.609024e+07,1.818710e+07,1.239951e+02,1.410266e+06,8.844286e+01,,,,5
2018-04-26 12:20:46.000000,2.609023e+07,1.818841e+07,1.239958e+02,1.410266e+06,8.844286e+01,,,,5
2018-04-26 12:20:47.000000,2.609024e+07,1.818719e+07,1.239951e+02,1.410266e+06,8.844285e+01,,,,5
2018-04-26 12:20:48.000000,2.609025e+07,1.818810e+07,1.239956e+02,1.410266e+06,8.844285e+01,,,,5
2018-04-26 12:20:49.000000,2.609025e+07,1.818693e+07,1.239949e+02,1.410266e+06,8.844285e+01,,,,5
2018-04-26 12:20:50.000000,2.609025e+07,1.818651e+07,1.239947e+02,1.410266e+06,8.844285e+01,,,,5
2018-04-26 12:20:51.000000,2.609024e+07,1.818769e+07,1.239954e+02,1.410266e+06,8.844285e+01,,,,5
2018-04-26 12:20:52.000000,2.609023e+07,1.818744e+07,1.239954e+02,1.410266e+06,8.844284e+01,,,,5
2018-04-26 12:20:53.000000,2.609025e+07,1.818801e+07,1.239958e+02,1.410266e+06,8.844284e+01,,,,5
2018-04-26 12:20:54.000000,2.609026e+07,1.818776e+07,1.239956e+02,1.410266e+06,8.844284e+01,,,,5
2018-04-26 12:20:55.000000,2.609025e+07,1.818952e+07,1.239966e+02,1.410266e+06,8.844284e+01,,,,5
2018-04-26 12:20:56.000000,2.609024e+07,1.818708e+07,1.239951e+02,1.410266e+06,8.844284e+01,,,,5
2018-04-26 12:20:57.000000,2.609023e+07,1.818852e+07,1.239958e+02,1.410266e+06,8.844283e+01,,,,5
2018-04-26 12:20:58.000000,2.609023e+07,1.818686e+07,1.239949e+02,1.410266e+06,8.844283e+01,,,,5
2018-04-26 12:20:59.000000,2.609026e+07,1.818820e+07,1.239956e+02,1.410266e+06,8.844283e+01,,,,5
2018-04-26 12:21:00.000000,2.609025e+07,1.818695e+07,1.239949e+02,1.410266e+06,8.844283e+01,,,,5
2018-04-26 12:21:01.000000,2.609025e+07,1.818656e+07,1.239948e+02,1.410266e+06,8.844283e+01,,,,5
2018-04-26 12:21:02.000000,2.609023e+07,1.818769e+07,1.239954e+02,1.410266e+06,8.844282e+01,,,,5
2018-04-26 12:21:03.000000,2.609023e+07,1.818749e+07,1.239954e+02,1.410266e+06,8.844282e+01,,,,5
2018-04-26 12:21:04.000000,2.609024e+07,1.818875e+07,1.239961e+02,1.410266e+06,8.844282e+01,,,,5
2018-04-26 12:21:05.000000,2.609025e+07,1.818781e+07,1.239956e+02,1.410266e+06,8.844282e+01,,,,5
2018-04-26 12:21:06.000000,2.609025e+07,1.818898e+07,1.239963e+02,1.410266e+06,8.844282e+01,,,,5
2018-04-26 12:21:07.000000,2.609023e+07,1.818705e+07,1.239951e+02,1.410266e+06,8.844281e+01,,,,5
2018-04-26 12:21:08.000000,2.609024e+07,1.818801e+07,1.239956e+02,1.410266e+06,8.844281e+01,,,,5
2018-04-26 12:21:09.000000,2.609024e+07,1.818689e+07,1.239950e+02,1.410266e+06,8.844281e+01,,,,5
2018-04-26 12:21:10.000000,2.609025e+07,1.818766e+07,1.239953e+02,1.410266e+06,8.844281e+01,,,,5
2018-04-26 12:21:11.000000,2.609025e+07,1.818661e+07,1.239947e+02,1.410266e+06,8.844281e+01,,,,5
2018-04-26 12:21:12.000000,2.609025e+07,1.818815e+07,1.239956e+02,1.410266e+06,8.844281e+01,,,,5
2018-04-26 12:21:13.000000,2.609024e+07,1.818751e+07,1.239954e+02,1.410266e+06,8.844280e+01,,,,5
2018-04-26 12:21:14.000000,2.609023e+07,1.818750e+07,1.239954e+02,1.410266e+06,8.844280e+01,,,,5
2018-04-26 12:21:15.000000,2.609023e+07,1.818778e+07,1.239955e+02,1.410266e+06,8.844280e+01,,,,5
2018-04-26 12:21:16.000000,2.609025e+07,1.818781e+07,1.239957e+02,1.410266e+06,8.844280e+01,,,,5
2018-04-26 12:21:17.000000,2.609025e+07,1.818807e+07,1.239958e+02,1.410266e+06,8.844280e+01,,,,5
2018-04-26 12:21:18.000000,2.609026e+07,1.818774e+07,1.239956e+02,1.410266e+06,8.844279e+01,,,,5
2018-04-26 12:21:19.000000,2.609023e+07,1.818809e+07,1.239956e+02,1.410266e+06,8.844279e+01,,,,5
2018-04-26 12:21:20.000000,2.609024e+07,1.818684e+07,1.239949e+02,1.410266e+06,8.844279e+01,,,,5
2018-04-26 12:21:21.000000,2.609025e+07,1.818772e+07,1.239953e+02,1.410266e+06,8.844279e+01,,,,5
2018-04-26 12:21:22.000000,2.609025e+07,1.818658e+07,1.239948e+02,1.410266e+06,8.844279e+01,,,,5
2018-04-26 12:21:23.000000,2.609026e+07,1.818828e+07,1.239957e+02,1.410266e+06,8.844278e+01,,,,5
2018-04-26 12:21:24.000000,2.609023e+07,1.818753e+07,1.239954e+02,1.410266e+06,8.844278e+01,,,,5
2018-04-26 12:21:25.000000,2.609024e+07,1.818912e+07,1.239962e+02,1.410266e+06,8.844278e+01,,,,5
2018-04-26 12:21:26.000000,2.609023e+07,1.818782e+07,1.239955e+02,1.410266e+06,8.844278e+01,,,,5
2018-04-26 12:21:27.000000,2.609025e+07,1.818940e+07,1.239965e+02,1.410266e+06,8.844278e+01,,,,5
2018-04-26 12:21:28.000000,2.609025e+07,1.818819e+07,1.239958e+02,1.410266e+06,8.844277e+01,,,,5
2018-04-26 12:21:29.000000,2.609025e+07,1.818774e+07,1.239956e+02,1.410266e+06,8.844277e+01,,,,5
2018-04-26 12:21:30.000000,2.609024e+07,1.818723e+07,1.239951e+02,1.410266e+06,8.844277e+01,,,,5
2018-04-26 12:21:31.000000,2.609023e+07,1.818684e+07,1.239950e+02,1.410266e+06,8.844277e+01,,,,5
2018-04-26 12:21:32.000000,2.609025e+07,1.818686e+07,1.239949e+02,1.410266e+06,8.844277e+01,,,,5
2018-04-26 12:21:33.000000,2.609025e+07,1.818654e+07,1.239947e+02,1.410266e+06,8.844276e+01,,,,5
2018-04-26 12:21:34.000000,2.609025e+07,1.818770e+07,1.239953e+02,1.410266e+06,8.844276e+01,,,,5
2018-04-26 12:21:35.000000,2.609023e+07,1.818745e+07,1.239954e+02,1.410266e+06,8.844276e+01,,,,5
2018-04-26 12:21:36.000000,2.609023e+07,1.818858e+07,1.239960e+02,1.410266e+06,8.844276e+01,,,,5
2018-04-26 12:21:37.000000,2.609024e+07,1.818747e+07,1.239954e+02,1.410266e+06,8.844276e+01,,,,5
2018-04-26 12:21:38.000000,2.609025e+07,1.818938e+07,1.239965e+02,1.410266e+06,8.844275e+01,,,,5
2018-04-26 12:21:39.000000,2.609025e+07,1.818786e+07,1.239957e+02,1.410266e+06,8.844275e+01,,,,5
2018-04-26 12:21:40.000000,2.609025e+07,1.818781e+07,1.239956e+02,1.410266e+06,8.844275e+01,,,,5
2018-04-26 12:21:41.000000,2.609023e+07,1.818690e+07,1.239950e+02,1.410266e+06,8.844275e+01,,,,5
2018-04-26 12:21:42.000000,2.609024e+07,1.818690e+07,1.239950e+02,1.410266e+06,8.844275e+01,,,,5
2018-04-26 12:21:43.000000,2.609023e+07,1.818811e+07,1.239956e+02,1.410266e+06,8.844274e+01,,,,5
2018-04-26 12:21:44.000000,2.609025e+07,1.818668e+07,1.239948e+02,1.410266e+06,8.844274e+01,,,,5
2018-04-26 12:21:45.000000,2.609025e+07,1.818777e+07,1.239954e+02,1.410266e+06,8.844274e+01,,,,5
2018-04-26 12:21:46.000000,2.609023e+07,1.818752e+07,1.239954e+02,1.410266e+06,8.844274e+01,,,,5
2018-04-26 12:21:47.000000,2.609024e+07,1.818864e+07,1.239959e+02,1.410266e+06,8.844274e+01,,,,5
2018-04-26 12:21:48.000000,2.609023e+07,1.818749e+07,1.239954e+02,1.410266e+06,8.844273e+01,,,,5
2018-04-26 12:21:49.000000,2.609025e+07,1.818887e+07,1.239962e+02,1.410266e+06,8.844273e+01,,,,5
2018-04-26 12:21:50.000000,2.609025e+07,1.818785e+07,1.239957e+02,1.410266e+06,8.844273e+01,,,,5
2018-04-26 12:21:51.000000,2.609025e+07,1.818951e+07,1.239966e+02,1.410266e+06,8.844273e+01,,,,5
2018-04-26 12:21:52.000000,2.609023e+07,1.818710e+07,1.239951e+02,1.410266e+06,8.844273e+01,,,,5
2018-04-26 12:21:53.000000,2.609023e+07,1.818840e+07,1.239957e+02,1.410266e+06,8.844273e+01,,,,5
2018-04-26 12:21:54.000000,2.609023e+07,1.818719e+07,1.239951e+02,1.410266e+06,8.844272e+01,,,,5
2018-04-26 12:21:55.000000,2.609025e+07,1.818810e+07,1.239956e+02,1.410266e+06,8.844272e+01,,,,5
2018-04-26 12:21:56.000000,2.609025e+07,1.818693e+07,1.239949e+02,1.410266e+06,8.844272e+01,,,,5
2018-04-26 12:21:57.000000,2.609025e+07,1.818651e+07,1.239947e+02,1.410266e+06,8.844272e+01,,,,5
2018-04-26 12:21:58.000000,2.609023e+07,1.818769e+07,1.239954e+02,1.410266e+06,8.844272e+01,,,,5
2018-04-26 12:21:59.000000,2.609023e+07,1.818744e+07,1.239953e+02,1.410266e+06,8.844271e+01,,,,5
2018-04-26 12:22:00.000000,2.609025e+07,1.818801e+07,1.239957e+02,1.410266e+06,8.844271e+01,,,,5
2018-04-26 12:22:01.000000,2.609025e+07,1.818777e+07,1.239956e+02,1.410266e+06,8.844271e+01,,,,5
2018-04-26 12:22:02.000000,2.609025e+07,1.818952e+07,1.239966e+02,1.410266e+06,8.844271e+01,,,,5
2018-04-26 12:22:03.000000,2.609024e+07,1.818708e+07,1.239951e+02,1.410266e+06,8.844271e+01,,,,5
2018-04-26 12:22:04.000000,2.609023e+07,1.818851e+07,1.239958e+02,1.410266e+06,8.844270e+01,,,,5
2018-04-26 12:22:05.000000,2.609023e+07,1.818686e+07,1.239949e+02,1.410266e+06,8.844270e+01,,,,5
2018-04-26 12:22:06.000000,2.609025e+07,1.818820e+07,1.239956e+02,1.410266e+06,8.844270e+01,,,,5
2018-04-26 12:22:07.000000,2.609025e+07,1.818696e+07,1.239950e+02,1.410266e+06,8.844270e+01,,,,5
2018-04-26 12:22:08.000000,2.609025e+07,1.818656e+07,1.239947e+02,1.410266e+06,8.844270e+01,,,,5
2018-04-26 12:22:09.000000,2.609023e+07,1.818769e+07,1.239954e+02,1.410266e+06,8.844269e+01,,,,5
2018-04-26 12:22:10.000000,2.609023e+07,1.818749e+07,1.239954e+02,1.410266e+06,8.844269e+01,,,,5
2018-04-26 12:22:11.000000,2.609024e+07,1.818875e+07,1.239960e+02,1.410266e+06,8.844269e+01,,,,5
2018-04-26 12:22:12.000000,2.609025e+07,1.818781e+07,1.239956e+02,1.410266e+06,8.844269e+01,,,,5
2018-04-26 12:22:13.000000,2.609025e+07,1.818898e+07,1.239963e+02,1.410266e+06,8.844269e+01,,,,5
2018-04-26 12:22:14.000000,2.609023e+07,1.818707e+07,1.239951e+02,1.410266e+06,8.844268e+01,,,,5
2018-04-26 12:22:15.000000,2.609023e+07,1.818801e+07,1.239955e+02,1.410266e+06,8.844268e+01,,,,5
2018-04-26 12:22:16.000000,2.609023e+07,1.818689e+07,1.239949e+02,1.410266e+06,8.844268e+01,,,,5
2018-04-26 12:22:17.000000,2.609025e+07,1.818765e+07,1.239953e+02,1.410266e+06,8.844268e+01,,,,5
2018-04-26 12:22:18.000000,2.609025e+07,1.818661e+07,1.239947e+02,1.410266e+06,8.844268e+01,,,,5
2018-04-26 12:22:19.000000,2.609025e+07,1.818815e+07,1.239956e+02,1.410266e+06,8.844267e+01,,,,5
2018-04-26 12:22:20.000000,2.609024e+07,1.818751e+07,1.239953e+02,1.410266e+06,8.844267e+01,,,,5
2018-04-26 12:22:21.000000,2.609023e+07,1.818749e+07,1.239954e+02,1.410266e+06,8.844267e+01,,,,5
2018-04-26 12:22:22.000000,2.609023e+07,1.818778e+07,1.239955e+02,1.410266e+06,8.844267e+01,,,,5
2018-04-26 12:22:23.000000,2.609025e+07,1.818781e+07,1.239956e+02,1.410266e+06,8.844267e+01,,,,5
2018-04-26 12:22:24.000000,2.609025e+07,1.818807e+07,1.239958e+02,1.410266e+06,8.844267e+01,,,,5
2018-04-26 12:22:25.000000,2.609025e+07,1.818774e+07,1.239956e+02,1.410266e+06,8.844266e+01,,,,5
2018-04-26 12:22:26.000000,2.609023e+07,1.818809e+07,1.239956e+02,1.410266e+06,8.844266e+01,,,,5
2018-04-26 12:22:27.000000,2.609024e+07,1.818686e+07,1.239949e+02,1.410266e+06,8.844266e+01,,,,5
2018-04-26 12:22:28.000000,2.609025e+07,1.818772e+07,1.239953e+02,1.410266e+06,8.844266e+01,,,,5
2018-04-26 12:22:29.000000,2.609025e+07,1.818658e+07,1.239948e+02,1.410266e+06,8.844266e+01,,,,5
2018-04-26 12:22:30.000000,2.609025e+07,1.818828e+07,1.239957e+02,1.410266e+06,8.844265e+01,,,,5
2018-04-26 12:22:31.000000,2.609023e+07,1.818754e+07,1.239953e+02,1.410266e+06,8.844265e+01,,,,5
2018-04-26 12:22:32.000000,2.609024e+07,1.818912e+07,1.239962e+02,1.410266e+06,8.844265e+01,,,,5
2018-04-26 12:22:33.000000,2.609023e+07,1.818782e+07,1.239955e+02,1.410266e+06,8.844265e+01,,,,5
2018-04-26 12:22:34.000000,2.609025e+07,1.818939e+07,1.239965e+02,1.410266e+06,8.844265e+01,,,,5
2018-04-26 12:22:35.000000,2.609025e+07,1.818820e+07,1.239958e+02,1.410266e+06,8.844264e+01,,,,5
2018-04-26 12:22:36.000000,2.609025e+07,1.818774e+07,1.239956e+02,1.410266e+06,8.844264e+01,,,,5
2018-04-26 12:22:37.000000,2.609023e+07,1.818723e+07,1.239951e+02,1.410266e+06,8.844264e+01,,,,5
2018-04-26 12:22:38.000000,2.609023e+07,1.818684e+07,1.239949e+02,1.410266e+06,8.844264e+01,,,,5
2018-04-26 12:22:39.000000,2.609023e+07,1.818810e+07,1.239956e+02,1.410266e+06,8.844264e+01,,,,5
2018-04-26 12:22:40.000000,2.609025e+07,1.818663e+07,1.239948e+02,1.410266e+06,8.844263e+01,,,,5
2018-04-26 12:22:41.000000,2.609025e+07,1.818769e+07,1.239953e+02,1.410266e+06,8.844263e+01,,,,5
2018-04-26 12:22:42.000000,2.609023e+07,1.818745e+07,1.239953e+02,1.410266e+06,8.844263e+01,,,,5
2018-04-26 12:22:43.000000,2.609023e+07,1.818858e+07,1.239959e+02,1.410266e+06,8.844263e+01,,,,5
2018-04-26 12:22:44.000000,2.609024e+07,1.818748e+07,1.239953e+02,1.410266e+06,8.844263e+01,,,,5
2018-04-26 12:22:45.000000,2.609025e+07,1.818938e+07,1.239965e+02,1.410266e+06,8.844262e+01,,,,5
2018-04-26 12:22:46.000000,2.609025e+07,1.818786e+07,1.239957e+02,1.410266e+06,8.844262e+01,,,,5
2018-04-26 12:22:47.000000,2.609025e+07,1.818781e+07,1.239956e+02,1.410266e+06,8.844262e+01,,,,5
2018-04-26 12:22:48.000000,2.609023e+07,1.818691e+07,1.239950e+02,1.410266e+06,8.844262e+01,,,,5
2018-04-26 12:22:49.000000,2.609024e+07,1.818690e+07,1.239950e+02,1.410266e+06,8.844262e+01,,,,5
2018-04-26 12:22:50.000000,2.609023e+07,1.818811e+07,1.239956e+02,1.410266e+06,8.844262e+01,,,,5
2018-04-26 12:22:51.000000,2.609025e+07,1.818669e+07,1.239948e+02,1.410266e+06,8.844261e+01,,,,5
2018-04-26 12:22:52.000000,2.609025e+07,1.818777e+07,1.239954e+02,1.410266e+06,8.844261e+01,,,,5
2018-04-26 12:22:53.000000,2.609025e+07,1.818648e+07,1.239947e+02,1.410266e+06,8.844261e+01,,,,5
2018-04-26 12:22:54.000000,2.609024e+07,1.818858e+07,1.239959e+02,1.410266e+06,8.844261e+01,,,,5
2018-04-26 12:22:55.000000,2.609023e+07,1.818750e+07,1.239953e+02,1.410266e+06,8.844261e+01,,,,5
2018-04-26 12:22:56.000000,2.609025e+07,1.818887e+07,1.239962e+02,1.410266e+06,8.844260e+01,,,,5
2018-04-26 12:22:57.000000,2.609025e+07,1.818785e+07,1.239957e+02,1.410266e+06,8.844260e+01,,,,5
2018-04-26 12:22:58.000000,2.609025e+07,1.818949e+07,1.239965e+02,1.410266e+06,8.844260e+01,,,,5
2018-04-26 12:22:59.000000,2.609023e+07,1.818710e+07,1.239950e+02,1.410266e+06,8.844260e+01,,,,5
2018-04-26 12:23:00.000000,2.609023e+07,1.818840e+07,1.239957e+02,1.410266e+06,8.844260e+01,,,,5
2018-04-26 12:23:01.000000,2.609023e+07,1.818721e+07,1.239951e+02,1.410266e+06,8.844259e+01,,,,5
2018-04-26 12:23:02.000000,2.609025e+07,1.818810e+07,1.239956e+02,1.410266e+06,8.844259e+01,,,,5
2018-04-26 12:23:03.000000,2.609025e+07,1.818693e+07,1.239949e+02,1.410266e+06,8.844259e+01,,,,5
2018-04-26 12:23:04.000000,2.609025e+07,1.818651e+07,1.239947e+02,1.410266e+06,8.844259e+01,,,,5
2018-04-26 12:23:05.000000,2.609023e+07,1.818767e+07,1.239954e+02,1.410266e+06,8.844259e+01,,,,5
2018-04-26 12:23:06.000000,2.609023e+07,1.818744e+07,1.239953e+02,1.410266e+06,8.844258e+01,,,,5
2018-04-26 12:23:07.000000,2.609025e+07,1.818801e+07,1.239957e+02,1.410266e+06,8.844258e+01,,,,5
2018-04-26 12:23:08.000000,2.609025e+07,1.818777e+07,1.239956e+02,1.410266e+06,8.844258e+01,,,,5
2018-04-26 12:23:09.000000,2.609025e+07,1.818951e+07,1.239966e+02,1.410266e+06,8.844258e+01,,,,5
2018-04-26 12:23:10.000000,2.609023e+07,1.818708e+07,1.239951e+02,1.410266e+06,8.844258e+01,,,,5
2018-04-26 12:23:11.000000,2.609023e+07,1.818851e+07,1.239958e+02,1.410266e+06,8.844257e+01,,,,5
2018-04-26 12:23:12.000000,2.609023e+07,1.818688e+07,1.239949e+02,1.410266e+06,8.844257e+01,,,,5
2018-04-26 12:23:13.000000,2.609025e+07,1.818819e+07,1.239956e+02,1.410266e+06,8.844257e+01,,,,5
2018-04-26 12:23:14.000000,2.609025e+07,1.818696e+07,1.239950e+02,1.410266e+06,8.844257e+01,,,,5
2018-04-26 12:23:15.000000,2.609025e+07,1.818657e+07,1.239947e+02,1.410266e+06,8.844257e+01,,,,5
2018-04-26 12:23:16.000000,2.609023e+07,1.818769e+07,1.239954e+02,1.410266e+06,8.844257e+01,,,,5
2018-04-26 12:23:17.000000,2.609023e+07,1.818749e+07,1.239954e+02,1.410266e+06,8.844256e+01,,,,5
2018-04-26 12:23:18.000000,2.609024e+07,1.818874e+07,1.239960e+02,1.410266e+06,8.844256e+01,,,,5
2018-04-26 12:23:19.000000,2.609025e+07,1.818782e+07,1.239956e+02,1.410266e+06,8.844256e+01,,,,5
2018-04-26 12:23:20.000000,2.609025e+07,1.818898e+07,1.239963e+02,1.410266e+06,8.844256e+01,,,,5
2018-04-26 12:23:21.000000,2.609023e+07,1.818707e+07,1.239951e+02,1.410266e+06,8.844256e+01,,,,5
2018-04-26 12:23:22.000000,2.609023e+07,1.818799e+07,1.239955e+02,1.410266e+06,8.844255e+01,,,,5
2018-04-26 12:23:23.000000,2.609023e+07,1.818689e+07,1.239949e+02,1.410266e+06,8.844255e+01,,,,5
2018-04-26 12:23:24.000000,2.609025e+07,1.818765e+07,1.239953e+02,1.410266e+06,8.844255e+01,,,,5
2018-04-26 12:23:25.000000,2.609025e+07,1.818662e+07,1.239947e+02,1.410266e+06,8.844255e+01,,,,5
2018-04-26 12:23:26.000000,2.609025e+07,1.818815e+07,1.239956e+02,1.410266e+06,8.844255e+01,,,,5
2018-04-26 12:23:27.000000,2.609024e+07,1.818751e+07,1.239953e+02,1.410266e+06,8.844254e+01,,,,5
2018-04-26 12:23:28.000000,2.609023e+07,1.818749e+07,1.239954e+02,1.410266e+06,8.844254e+01,,,,5
2018-04-26 12:23:29.000000,2.609023e+07,1.818777e+07,1.239955e+02,1.410266e+06,8.844254e+01,,,,5
2018-04-26 12:23:30.000000,2.609025e+07,1.818781e+07,1.239956e+02,1.410266e+06,8.844254e+01,,,,5
2018-04-26 12:23:31.000000,2.609025e+07,1.818807e+07,1.239957e+02,1.410266e+06,8.844254e+01,,,,5
2018-04-26 12:23:32.000000,2.609025e+07,1.818774e+07,1.239956e+02,1.410266e+06,8.844253e+01,,,,5
2018-04-26 12:23:33.000000,2.609023e+07,1.818809e+07,1.239956e+02,1.410266e+06,8.844253e+01,,,,5
2018-04-26 12:23:34.000000,2.609023e+07,1.818686e+07,1.239949e+02,1.410266e+06,8.844253e+01,,,,5
2018-04-26 12:23:35.000000,2.609025e+07,1.818771e+07,1.239953e+02,1.410266e+06,8.844253e+01,,,,5
2018-04-26 12:23:36.000000,2.609025e+07,1.818658e+07,1.239948e+02,1.410266e+06,8.844253e+01,,,,5
2018-04-26 12:23:37.000000,2.609025e+07,1.818827e+07,1.239957e+02,1.410266e+06,8.844253e+01,,,,5
2018-04-26 12:23:38.000000,2.609023e+07,1.818753e+07,1.239953e+02,1.410266e+06,8.844252e+01,,,,5
2018-04-26 12:23:39.000000,2.609023e+07,1.818910e+07,1.239962e+02,1.410266e+06,8.844252e+01,,,,5
2018-04-26 12:23:40.000000,2.609023e+07,1.818782e+07,1.239955e+02,1.410266e+06,8.844252e+01,,,,5
2018-04-26 12:23:41.000000,2.609025e+07,1.818939e+07,1.239964e+02,1.410266e+06,8.844252e+01,,,,5
2018-04-26 12:23:42.000000,2.609025e+07,1.818821e+07,1.239958e+02,1.410266e+06,8.844252e+01,,,,5
2018-04-26 12:23:43.000000,2.609025e+07,1.818774e+07,1.239956e+02,1.410266e+06,8.844251e+01,,,,5
2018-04-26 12:23:44.000000,2.609023e+07,1.818723e+07,1.239951e+02,1.410266e+06,8.844251e+01,,,,5
2018-04-26 12:23:45.000000,2.609023e+07,1.818684e+07,1.239949e+02,1.410266e+06,8.844251e+01,,,,5
2018-04-26 12:23:46.000000,2.609023e+07,1.818809e+07,1.239956e+02,1.410266e+06,8.844251e+01,,,,5
2018-04-26 12:23:47.000000,2.609025e+07,1.818663e+07,1.239948e+02,1.410266e+06,8.844251e+01,,,,5
2018-04-26 12:23:48.000000,2.609025e+07,1.818769e+07,1.239953e+02,1.410266e+06,8.844250e+01,,,,5
2018-04-26 12:23:49.000000,2.609023e+07,1.818746e+07,1.239953e+02,1.410266e+06,8.844250e+01,,,,5
2018-04-26 12:23:50.000000,2.609023e+07,1.818857e+07,1.239959e+02,1.410266e+06,8.844250e+01,,,,5
2018-04-26 12:23:51.000000,2.609024e+07,1.818748e+07,1.239953e+02,1.410266e+06,8.844250e+01,,,,5
2018-04-26 12:23:52.000000,2.609025e+07,1.818935e+07,1.239965e+02,1.410266e+06,8.844250e+01,,,,5
2018-04-26 12:23:53.000000,2.609025e+07,1.818786e+07,1.239957e+02,1.410266e+06,8.844249e+01,,,,5
2018-04-26 12:23:54.000000,2.609025e+07,1.818781e+07,1.239956e+02,1.410266e+06,8.844249e+01,,,,5
2018-04-26 12:23:55.000000,2.609023e+07,1.818691e+07,1.239950e+02,1.410266e+06,8.844249e+01,,,,5
2018-04-26 12:23:56.000000,2.609024e+07,1.818689e+07,1.239950e+02,1.410266e+06,8.844249e+01,,,,5
2018-04-26 12:23:57.000000,2.609023e+07,1.818811e+07,1.239956e+02,1.410266e+06,8.844249e+01,,,,5
2018-04-26 12:23:58.000000,2.609025e+07,1.818669e+07,1.239948e+02,1.410266e+06,8.844248e+01,,,,5
2018-04-26 12:23:59.000000,2.609025e+07,1.818775e+07,1.239954e+02,1.410266e+06,8.844248e+01,,,,5
2018-04-26 12:24:00.000000,2.609025e+07,1.818648e+07,1.239947e+02,1.410266e+06,8.844248e+01,,,,5
2018-04-26 12:24:01.000000,2.609024e+07,1.818858e+07,1.239959e+02,1.410266e+06,8.844248e+01,,,,5
2018-04-26 12:24:02.000000,2.609023e+07,1.818749e+07,1.239953e+02,1.410266e+06,8.844248e+01,,,,5
2018-04-26 12:24:03.000000,2.609025e+07,1.818887e+07,1.239962e+02,1.410266e+06,8.844248e+01,,,,5
2018-04-26 12:24:04.000000,2.609025e+07,1.818785e+07,1.239957e+02,1.410266e+06,8.844247e+01,,,,5
2018-04-26 12:24:05.000000,2.609025e+07,1.818949e+07,1.239965e+02,1.410266e+06,8.844247e+01,,,,5
2018-04-26 12:24:06.000000,2.609023e+07,1.818713e+07,1.239951e+02,1.410266e+06,8.844247e+01,,,,5
2018-04-26 12:24:07.000000,2.609023e+07,1.818840e+07,1.239957e+02,1.410266e+06,8.844247e+01,,,,5
2018-04-26 12:24:08.000000,2.609023e+07,1.818721e+07,1.239951e+02,1.410266e+06,8.844247e+01,,,,5
2018-04-26 12:24:09.000000,2.609025e+07,1.818809e+07,1.239956e+02,1.410266e+06,8.844246e+01,,,,5
2018-04-26 12:24:10.000000,2.609025e+07,1.818693e+07,1.239949e+02,1.410266e+06,8.844246e+01,,,,5
2018-04-26 12:24:11.000000,2.609025e+07,1.818651e+07,1.239947e+02,1.410266e+06,8.844246e+01,,,,5
2018-04-26 12:24:12.000000,2.609023e+07,1.818767e+07,1.239954e+02,1.410266e+06,8.844246e+01,,,,5
2018-04-26 12:24:13.000000,2.609023e+07,1.818744e+07,1.239953e+02,1.410266e+06,8.844246e+01,,,,5
2018-04-26 12:24:14.000000,2.609023e+07,1.818866e+07,1.239960e+02,1.410266e+06,8.844245e+01,,,,5
2018-04-26 12:24:15.000000,2.609025e+07,1.818780e+07,1.239956e+02,1.410266e+06,8.844245e+01,,,,5
2018-04-26 12:24:16.000000,2.609025e+07,1.818949e+07,1.239966e+02,1.410266e+06,8.844245e+01,,,,5
2018-04-26 12:24:17.000000,2.609023e+07,1.818708e+07,1.239951e+02,1.410266e+06,8.844245e+01,,,,5
2018-04-26 12:24:18.000000,2.609023e+07,1.818851e+07,1.239958e+02,1.410266e+06,8.844245e+01,,,,5
2018-04-26 12:24:19.000000,2.609023e+07,1.818688e+07,1.239949e+02,1.410266e+06,8.844244e+01,,,,5
2018-04-26 12:24:20.000000,2.609025e+07,1.818819e+07,1.239956e+02,1.410266e+06,8.844244e+01,,,,5
2018-04-26 12:24:21.000000,2.609025e+07,1.818695e+07,1.239950e+02,1.410266e+06,8.844244e+01,,,,5
2018-04-26 12:24:22.000000,2.609025e+07,1.818657e+07,1.239947e+02,1.410266e+06,8.844244e+01,,,,5
2018-04-26 12:24:23.000000,2.609023e+07,1.818768e+07,1.239954e+02,1.410266e+06,8.844244e+01,,,,5
2018-04-26 12:24:24.000000,2.609023e+07,1.818749e+07,1.239954e+02,1.410266e+06,8.844244e+01,,,,5
2018-04-26 12:24:25.000000,2.609023e+07,1.818874e+07,1.239960e+02,1.410266e+06,8.844243e+01,,,,5
2018-04-26 12:24:26.000000,2.609025e+07,1.818782e+07,1.239956e+02,1.410266e+06,8.844243e+01,,,,5
2018-04-26 12:24:27.000000,2.609025e+07,1.818898e+07,1.239963e+02,1.410266e+06,8.844243e+01,,,,5
2018-04-26 12:24:28.000000,2.609025e+07,1.818776e+07,1.239956e+02,1.410266e+06,8.844243e+01,,,,5
2018-04-26 12:24:29.000000,2.609023e+07,1.818807e+07,1.239956e+02,1.410266e+06,8.844243e+01,,,,5
2018-04-26 12:24:30.000000,2.609023e+07,1.818685e+07,1.239949e+02,1.410266e+06,8.844242e+01,,,,5
2018-04-26 12:24:31.000000,2.609025e+07,1.818772e+07,1.239953e+02,1.410266e+06,8.844242e+01,,,,5
2018-04-26 12:24:32.000000,2.609025e+07,1.818658e+07,1.239948e+02,1.410266e+06,8.844242e+01,,,,5
2018-04-26 12:24:33.000000,2.609025e+07,1.818828e+07,1.239957e+02,1.410266e+06,8.844242e+01,,,,5
2018-04-26 12:24:34.000000,2.609023e+07,1.818753e+07,1.239953e+02,1.410266e+06,8.844242e+01,,,,5
2018-04-26 12:24:35.000000,2.609023e+07,1.818912e+07,1.239962e+02,1.410266e+06,8.844241e+01,,,,5
2018-04-26 12:24:36.000000,2.609023e+07,1.818782e+07,1.239955e+02,1.410266e+06,8.844241e+01,,,,5
2018-04-26 12:24:37.000000,2.609025e+07,1.818940e+07,1.239964e+02,1.410266e+06,8.844241e+01,,,,5
2018-04-26 12:24:38.000000,2.609025e+07,1.818819e+07,1.239958e+02,1.410266e+06,8.844241e+01,,,,5
2018-04-26 12:24:39.000000,2.609025e+07,1.818774e+07,1.239956e+02,1.410266e+06,8.844241e+01,,,,5
2018-04-26 12:24:40.000000,2.609023e+07,1.818723e+07,1.239951e+02,1.410266e+06,8.844240e+01,,,,5
2018-04-26 12:24:41.000000,2.609023e+07,1.818684e+07,1.239949e+02,1.410266e+06,8.844240e+01,,,,5
2018-04-26 12:24:42.000000,2.609023e+07,1.818810e+07,1.239956e+02,1.410266e+06,8.844240e+01,,,,5
2018-04-26 12:24:43.000000,2.609025e+07,1.818663e+07,1.239948e+02,1.410266e+06,8.844240e+01,,,,5
2018-04-26 12:24:44.000000,2.609025e+07,1.818770e+07,1.239953e+02,1.410266e+06,8.844240e+01,,,,5
2018-04-26 12:24:45.000000,2.609023e+07,1.818745e+07,1.239953e+02,1.410266e+06,8.844240e+01,,,,5
2018-04-26 12:24:46.000000,2.609023e+07,1.818858e+07,1.239959e+02,1.410266e+06,8.844239e+01,,,,5
2018-04-26 12:24:47.000000,2.609024e+07,1.818748e+07,1.239953e+02,1.410266e+06,8.844239e+01,,,,5
2018-04-26 12:24:48.000000,2.609025e+07,1.818938e+07,1.239965e+02,1.410266e+06,8.844239e+01,,,,5
2018-04-26 12:24:49.000000,2.609025e+07,1.818786e+07,1.239957e+02,1.410266e+06,8.844239e+01,,,,5
2018-04-26 12:24:50.000000,2.609025e+07,1.818781e+07,1.239956e+02,1.410266e+06,8.844239e+01,,,,5
2018-04-26 12:24:51.000000,2.609023e+07,1.818690e+07,1.239950e+02,1.410266e+06,8.844238e+01,,,,5
2018-04-26 12:24:52.000000,2.609024e+07,1.818690e+07,1.239950e+02,1.410266e+06,8.844238e+01,,,,5
2018-04-26 12:24:53.000000,2.609023e+07,1.818811e+07,1.239956e+02,1.410266e+06,8.844238e+01,,,,5
2018-04-26 12:24:54.000000,2.609025e+07,1.818668e+07,1.239948e+02,1.410266e+06,8.844238e+01,,,,5
2018-04-26 12:24:55.000000,2.609025e+07,1.818777e+07,1.239954e+02,1.410266e+06,8.844238e+01,,,,5
2018-04-26 12:24:56.000000,2.609023e+07,1.818752e+07,1.239954e+02,1.410266e+06,8.844237e+01,,,,5
2018-04-26 12:24:57.000000,2.609024e+07,1.818864e+07,1.239959e+02,1.410266e+06,8.844237e+01,,,,5
2018-04-26 12:24:58.000000,2.609023e+07,1.818749e+07,1.239953e+02,1.410266e+06,8.844237e+01,,,,5
2018-04-26 12:24:59.000000,2.609025e+07,1.818887e+07,1.239962e+02,1.410266e+06,8.844237e+01,,,,5
2018-04-26 12:25:00.000000,2.609025e+07,1.818785e+07,1.239957e+02,1.410266e+06,8.844237e+01,,,,5
2018-04-26 12:25:01.000000,2.609025e+07,1.818951e+07,1.239965e+02,1.410266e+06,8.844236e+01,,,,5
2018-04-26 12:25:02.000000,2.609023e+07,1.818710e+07,1.239950e+02,1.410266e+06,8.844236e+01,,,,5
2018-04-26 12:25:03.000000,2.609023e+07,1.818840e+07,1.239957e+02,1.410266e+06,8.844236e+01,,,,5
2018-04-26 12:25:04.000000,2.609023e+07,1.818721e+07,1.239951e+02,1.410266e+06,8.844236e+01,,,,5
2018-04-26 12:25:05.000000,2.609025e+07,1.818810e+07,1.239956e+02,1.410266e+06,8.844236e+01,,,,5
2018-04-26 12:25:06.000000,2.609025e+07,1.818693e+07,1.239949e+02,1.410266e+06,8.844236e+01,,,,5
2018-04-26 12:25:07.000000,2.609025e+07,1.818651e+07,1.239947e+02,1.410266e+06,8.844235e+01,,,,5
2018-04-26 12:25:08.000000,2.609023e+07,1.818769e+07,1.239954e+02,1.410266e+06,8.844235e+01,,,,5
2018-04-26 12:25:09.000000,2.609023e+07,1.818744e+07,1.239953e+02,1.410266e+06,8.844235e+01,,,,5
2018-04-26 12:25:10.000000,2.609025e+07,1.818801e+07,1.239957e+02,1.410266e+06,8.844235e+01,,,,5
2018-04-26 12:25:11.000000,2.609026e+07,1.818777e+07,1.239956e+02,1.410266e+06,8.844235e+01,,,,5
2018-04-26 12:25:12.000000,2.609025e+07,1.818952e+07,1.239965e+02,1.410266e+06,8.844234e+01,,,,5
2018-04-26 12:25:13.000000,2.609024e+07,1.818708e+07,1.239951e+02,1.410266e+06,8.844234e+01,,,,5
2018-04-26 12:25:14.000000,2.609023e+07,1.818851e+07,1.239958e+02,1.410266e+06,8.844234e+01,,,,5
2018-04-26 12:25:15.000000,2.609023e+07,1.818686e+07,1.239949e+02,1.410266e+06,8.844234e+01,,,,5
2018-04-26 12:25:16.000000,2.609025e+07,1.818820e+07,1.239956e+02,1.410266e+06,8.844234e+01,,,,5
2018-04-26 12:25:17.000000,2.609025e+07,1.818696e+07,1.239950e+02,1.410266e+06,8.844233e+01,,,,5
2018-04-26 12:25:18.000000,2.609025e+07,1.818656e+07,1.239947e+02,1.410266e+06,8.844233e+01,,,,5
2018-04-26 12:25:19.000000,2.609023e+07,1.818769e+07,1.239954e+02,1.410266e+06,8.844233e+01,,,,5
2018-04-26 12:25:20.000000,2.609023e+07,1.818749e+07,1.239954e+02,1.410266e+06,8.844233e+01,,,,5
2018-04-26 12:25:21.000000,2.609024e+07,1.818874e+07,1.239960e+02,1.410266e+06,8.844233e+01,,,,5
2018-04-26 12:25:22.000000,2.609025e+07,1.818782e+07,1.239956e+02,1.410266e+06,8.844232e+01,,,,5
2018-04-26 12:25:23.000000,2.609025e+07,1.818898e+07,1.239963e+02,1.410266e+06,8.844232e+01,,,,5
2018-04-26 12:25:24.000000,2.609023e+07,1.818707e+07,1.239951e+02,1.410266e+06,8.844232e+01,,,,5
2018-04-26 12:25:25.000000,2.609023e+07,1.818801e+07,1.239955e+02,1.410266e+06,8.844232e+01,,,,5
2018-04-26 12:25:26.000000,2.609023e+07,1.818689e+07,1.239949e+02,1.410266e+06,8.844232e+01,,,,5
2018-04-26 12:25:27.000000,2.609025e+07,1.818765e+07,1.239953e+02,1.410266e+06,8.844232e+01,,,,5
2018-04-26 12:25:28.000000,2.609025e+07,1.818661e+07,1.239947e+02,1.410266e+06,8.844231e+01,,,,5
2018-04-26 12:25:29.000000,2.609025e+07,1.818815e+07,1.239956e+02,1.410266e+06,8.844231e+01,,,,5
2018-04-26 12:25:30.000000,2.609024e+07,1.818751e+07,1.239953e+02,1.410266e+06,8.844231e+01,,,,5
2018-04-26 12:25:31.000000,2.609023e+07,1.818749e+07,1.239954e+02,1.410266e+06,8.844231e+01,,,,5
2018-04-26 12:25:32.000000,2.609023e+07,1.818778e+07,1.239955e+02,1.410266e+06,8.844231e+01,,,,5
2018-04-26 12:25:33.000000,2.609025e+07,1.818781e+07,1.239956e+02,1.410266e+06,8.844230e+01,,,,5
2018-04-26 12:25:34.000000,2.609025e+07,1.818807e+07,1.239957e+02,1.410266e+06,8.844230e+01,,,,5
2018-04-26 12:25:35.000000,2.609025e+07,1.818774e+07,1.239956e+02,1.410266e+06,8.844230e+01,,,,5
2018-04-26 12:25:36.000000,2.609023e+07,1.818809e+07,1.239956e+02,1.410266e+06,8.844230e+01,,,,5
2018-04-26 12:25:37.000000,2.609024e+07,1.818686e+07,1.239949e+02,1.410266e+06,8.844230e+01,,,,5
2018-04-26 12:25:38.000000,2.609025e+07,1.818771e+07,1.239953e+02,1.410266e+06,8.844229e+01,,,,5
2018-04-26 12:25:39.000000,2.609025e+07,1.818658e+07,1.239948e+02,1.410266e+06,8.844229e+01,,,,5
2018-04-26 12:25:40.000000,2.609025e+07,1.818828e+07,1.239957e+02,1.410266e+06,8.844229e+01,,,,5
2018-04-26 12:25:41.000000,2.609023e+07,1.818754e+07,1.239953e+02,1.410266e+06,8.844229e+01,,,,5
2018-04-26 12:25:42.000000,2.609024e+07,1.818912e+07,1.239962e+02,1.410266e+06,8.844229e+01,,,,5
2018-04-26 12:25:43.000000,2.609023e+07,1.818782e+07,1.239955e+02,1.410266e+06,8.844229e+01,,,,5
2018-04-26 12:25:44.000000,2.609025e+07,1.818939e+07,1.239964e+02,1.410266e+06,8.844228e+01,,,,5
2018-04-26 12:25:45.000000,2.609025e+07,1.818820e+07,1.239958e+02,1.410266e+06,8.844228e+01,,,,5
2018-04-26 12:25:46.000000,2.609025e+07,1.818774e+07,1.239956e+02,1.410266e+06,8.844228e+01,,,,5
2018-04-26 12:25:47.000000,2.609023e+07,1.818723e+07,1.239951e+02,1.410266e+06,8.844228e+01,,,,5
2018-04-26 12:25:48.000000,2.609023e+07,1.818684e+07,1.239949e+02,1.410266e+06,8.844228e+01,,,,5
2018-04-26 12:25:49.000000,2.609023e+07,1.818810e+07,1.239956e+02,1.410266e+06,8.844227e+01,,,,5
2018-04-26 12:25:50.000000,2.609025e+07,1.818663e+07,1.239948e+02,1.410266e+06,8.844227e+01,,,,5
2018-04-26 12:25:51.000000,2.609025e+07,1.818769e+07,1.239953e+02,1.410266e+06,8.844227e+01,,,,5
2018-04-26 12:25:52.000000,2.609023e+07,1.818745e+07,1.239953e+02,1.410266e+06,8.844227e+01,,,,5
2018-04-26 12:25:53.000000,2.609023e+07,1.818857e+07,1.239959e+02,1.410266e+06,8.844227e+01,,,,5
2018-04-26 12:25:54.000000,2.609024e+07,1.818748e+07,1.239953e+02,1.410266e+06,8.844226e+01,,,,5
2018-04-26 12:25:55.000000,2.609025e+07,1.818936e+07,1.239964e+02,1.410266e+06,8.844226e+01,,,,5
2018-04-26 12:25:56.000000,2.609025e+07,1.818787e+07,1.239957e+02,1.410266e+06,8.844226e+01,,,,5
2018-04-26 12:25:57.000000,2.609025e+07,1.818781e+07,1.239956e+02,1.410266e+06,8.844226e+01,,,,5
2018-04-26 12:25:58.000000,2.609023e+07,1.818691e+07,1.239950e+02,1.410266e+06,8.844226e+01,,,,5
2018-04-26 12:25:59.000000,2.609024e+07,1.818690e+07,1.239950e+02,1.410266e+06,8.844226e+01,,,,5
2018-04-26 12:26:00.000000,2.609023e+07,1.818811e+07,1.239956e+02,1.410266e+06,8.844225e+01,,,,5
2018-04-26 12:26:01.000000,2.609025e+07,1.818669e+07,1.239948e+02,1.410266e+06,8.844225e+01,,,,5
2018-04-26 12:26:02.000000,2.609025e+07,1.818777e+07,1.239954e+02,1.410266e+06,8.844225e+01,,,,5
2018-04-26 12:26:03.000000,2.609025e+07,1.818648e+07,1.239947e+02,1.410266e+06,8.844225e+01,,,,5
2018-04-26 12:26:04.000000,2.609024e+07,1.818858e+07,1.239959e+02,1.410266e+06,8.844225e+01,,,,5
2018-04-26 12:26:05.000000,2.609023e+07,1.818749e+07,1.239953e+02,1.410266e+06,8.844224e+01,,,,5
2018-04-26 12:26:06.000000,2.609025e+07,1.818887e+07,1.239961e+02,1.410266e+06,8.844224e+01,,,,5
2018-04-26 12:26:07.000000,2.609025e+07,1.818785e+07,1.239956e+02,1.410266e+06,8.844224e+01,,,,5
2018-04-26 12:26:08.000000,2.609025e+07,1.818949e+07,1.239965e+02,1.410266e+06,8.844224e+01,,,,5
2018-04-26 12:26:09.000000,2.609023e+07,1.818710e+07,1.239950e+02,1.410266e+06,8.844224e+01,,,,5
2018-04-26 12:26:10.000000,2.609023e+07,1.818840e+07,1.239957e+02,1.410266e+06,8.844223e+01,,,,5
2018-04-26 12:26:11.000000,2.609023e+07,1.818721e+07,1.239951e+02,1.410266e+06,8.844223e+01,,,,5
2018-04-26 12:26:12.000000,2.609025e+07,1.818809e+07,1.239956e+02,1.410266e+06,8.844223e+01,,,,5
2018-04-26 12:26:13.000000,2.609025e+07,1.818693e+07,1.239949e+02,1.410266e+06,8.844223e+01,,,,5
2018-04-26 12:26:14.000000,2.609025e+07,1.818651e+07,1.239947e+02,1.410266e+06,8.844223e+01,,,,5
2018-04-26 12:26:15.000000,2.609023e+07,1.818767e+07,1.239954e+02,1.410266e+06,8.844223e+01,,,,5
2018-04-26 12:26:16.000000,2.609023e+07,1.818744e+07,1.239953e+02,1.410266e+06,8.844222e+01,,,,5
2018-04-26 12:26:17.000000,2.609023e+07,1.818866e+07,1.239960e+02,1.410266e+06,8.844222e+01,,,,5
2018-04-26 12:26:18.000000,2.609025e+07,1.818781e+07,1.239956e+02,1.410266e+06,8.844222e+01,,,,5
2018-04-26 12:26:19.000000,2.609025e+07,1.818951e+07,1.239965e+02,1.410266e+06,8.844222e+01,,,,5
2018-04-26 12:26:20.000000,2.609023e+07,1.818708e+07,1.239951e+02,1.410266e+06,8.844222e+01,,,,5
2018-04-26 12:26:21.000000,2.609023e+07,1.818851e+07,1.239958e+02,1.410266e+06,8.844221e+01,,,,5
2018-04-26 12:26:22.000000,2.609023e+07,1.818688e+07,1.239949e+02,1.410266e+06,8.844221e+01,,,,5
2018-04-26 12:26:23.000000,2.609025e+07,1.818819e+07,1.239955e+02,1.410266e+06,8.844221e+01,,,,5
2018-04-26 12:26:24.000000,2.609025e+07,1.818696e+07,1.239948e+02,1.410266e+06,8.844221e+01,,,,5
2018-04-26 12:26:25.000000,2.609025e+07,1.818657e+07,1.239947e+02,1.410266e+06,8.844221e+01,,,,5
2018-04-26 12:26:26.000000,2.609023e+07,1.818769e+07,1.239954e+02,1.410266e+06,8.844221e+01,,,,5
2018-04-26 12:26:27.000000,2.609023e+07,1.818749e+07,1.239954e+02,1.410266e+06,8.844220e+01,,,,5
2018-04-26 12:26:28.000000,2.609024e+07,1.818874e+07,1.239960e+02,1.410266e+06,8.844220e+01,,,,5
2018-04-26 12:26:29.000000,2.609025e+07,1.818782e+07,1.239956e+02,1.410266e+06,8.844220e+01,,,,5
2018-04-26 12:26:30.000000,2.609025e+07,1.818898e+07,1.239962e+02,1.410266e+06,8.844220e+01,,,,5
2018-04-26 12:26:31.000000,2.609023e+07,1.818707e+07,1.239950e+02,1.410266e+06,8.844220e+01,,,,5
2018-04-26 12:26:32.000000,2.609023e+07,1.818799e+07,1.239955e+02,1.410266e+06,8.844219e+01,,,,5
2018-04-26 12:26:33.000000,2.609023e+07,1.818689e+07,1.239949e+02,1.410266e+06,8.844219e+01,,,,5
2018-04-26 12:26:34.000000,2.609025e+07,1.818765e+07,1.239953e+02,1.410266e+06,8.844219e+01,,,,5
2018-04-26 12:26:35.000000,2.609025e+07,1.818662e+07,1.239947e+02,1.410266e+06,8.844219e+01,,,,5
2018-04-26 12:26:36.000000,2.609025e+07,1.818815e+07,1.239956e+02,1.410266e+06,8.844219e+01,,,,5
2018-04-26 12:26:37.000000,2.609024e+07,1.818751e+07,1.239953e+02,1.410266e+06,8.844219e+01,,,,5
2018-04-26 12:26:38.000000,2.609023e+07,1.818749e+07,1.239954e+02,1.410266e+06,8.844218e+01,,,,5
2018-04-26 12:26:39.000000,2.609023e+07,1.818777e+07,1.239955e+02,1.410266e+06,8.844218e+01,,,,5
2018-04-26 12:26:40.000000,2.609025e+07,1.818781e+07,1.239956e+02,1.410266e+06,8.844218e+01,,,,5
2018-04-26 12:26:41.000000,2.609025e+07,1.818807e+07,1.239957e+02,1.410266e+06,8.844218e+01,,,,5
2018-04-26 12:26:42.000000,2.609025e+07,1.818774e+07,1.239956e+02,1.410266e+06,8.844218e+01,,,,5
2018-04-26 12:26:43.000000,2.609023e+07,1.818809e+07,1.239956e+02,1.410266e+06,8.844217e+01,,,,5
2018-04-26 12:26:44.000000,2.609023e+07,1.818686e+07,1.239949e+02,1.410266e+06,8.844217e+01,,,,5
2018-04-26 12:26:45.000000,2.609025e+07,1.818771e+07,1.239953e+02,1.410266e+06,8.844217e+01,,,,5
2018-04-26 12:26:46.000000,2.609025e+07,1.818659e+07,1.239948e+02,1.410266e+06,8.844217e+01,,,,5
2018-04-26 12:26:47.000000,2.609025e+07,1.818827e+07,1.239956e+02,1.410266e+06,8.844217e+01,,,,5
2018-04-26 12:26:48.000000,2.609023e+07,1.818753e+07,1.239953e+02,1.410266e+06,8.844217e+01,,,,5
2018-04-26 12:26:49.000000,2.609023e+07,1.818910e+07,1.239962e+02,1.410266e+06,8.844216e+01,,,,5
2018-04-26 12:26:50.000000,2.609023e+07,1.818782e+07,1.239955e+02,1.410266e+06,8.844216e+01,,,,5
2018-04-26 12:26:51.000000,2.609025e+07,1.818939e+07,1.239964e+02,1.410266e+06,8.844216e+01,,,,5
2018-04-26 12:26:52.000000,2.609025e+07,1.818820e+07,1.239958e+02,1.410266e+06,8.844216e+01,,,,5
2018-04-26 12:26:53.000000,2.609025e+07,1.818774e+07,1.239956e+02,1.410266e+06,8.844216e+01,,,,5
2018-04-26 12:26:54.000000,2.609023e+07,1.818723e+07,1.239951e+02,1.410266e+06,8.844215e+01,,,,5
2018-04-26 12:26:55.000000,2.609023e+07,1.818684e+07,1.239949e+02,1.410266e+06,8.844215e+01,,,,5
2018-04-26 12:26:56.000000,2.609023e+07,1.818809e+07,1.239956e+02,1.410266e+06,8.844215e+01,,,,5
2018-04-26 12:26:57.000000,2.609025e+07,1.818663e+07,1.239948e+02,1.410266e+06,8.844215e+01,,,,5
2018-04-26 12:26:58.000000,2.609025e+07,1.818769e+07,1.239953e+02,1.410266e+06,8.844215e+01,,,,5
2018-04-26 12:26:59.000000,2.609023e+07,1.818746e+07,1.239953e+02,1.410266e+06,8.844215e+01,,,,5
2018-04-26 12:27:00.000000,2.609023e+07,1.818857e+07,1.239959e+02,1.410266e+06,8.844214e+01,,,,5
2018-04-26 12:27:01.000000,2.609024e+07,1.818748e+07,1.239953e+02,1.410266e+06,8.844214e+01,,,,5
2018-04-26 12:27:02.000000,2.609025e+07,1.818935e+07,1.239964e+02,1.410266e+06,8.844214e+01,,,,5
2018-04-26 12:27:03.000000,2.609025e+07,1.818788e+07,1.239957e+02,1.410266e+06,8.844214e+01,,,,5
2018-04-26 12:27:04.000000,2.609025e+07,1.818781e+07,1.239956e+02,1.410266e+06,8.844214e+01,,,,5
2018-04-26 12:27:05.000000,2.609023e+07,1.818691e+07,1.239950e+02,1.410265e+06,8.844213e+01,,,,5
2018-04-26 12:27:06.000000,2.609024e+07,1.818689e+07,1.239950e+02,1.410265e+06,8.844213e+01,,,,5
2018-04-26 12:27:07.000000,2.609023e+07,1.818810e+07,1.239956e+02,1.410265e+06,8.844213e+01,,,,5
2018-04-26 12:27:08.000000,2.609025e+07,1.818669e+07,1.239948e+02,1.410265e+06,8.844213e+01,,,,5
2018-04-26 12:27:09.000000,2.609025e+07,1.818775e+07,1.239954e+02,1.410265e+06,8.844213e+01,,,,5
2018-04-26 12:27:10.000000,2.609025e+07,1.818648e+07,1.239947e+02,1.410265e+06,8.844213e+01,,,,5
2018-04-26 12:27:11.000000,2.609024e+07,1.818858e+07,1.239959e+02,1.410265e+06,8.844212e+01,,,,5
2018-04-26 12:27:12.000000,2.609023e+07,1.818749e+07,1.239953e+02,1.410265e+06,8.844212e+01,,,,5
2018-04-26 12:27:13.000000,2.609025e+07,1.818885e+07,1.239961e+02,1.410265e+06,8.844212e+01,,,,5
2018-04-26 12:27:14.000000,2.609025e+07,1.818785e+07,1.239956e+02,1.410265e+06,8.844212e+01,,,,5
2018-04-26 12:27:15.000000,2.609025e+07,1.818949e+07,1.239965e+02,1.410265e+06,8.844212e+01,,,,5
2018-04-26 12:27:16.000000,2.609023e+07,1.818713e+07,1.239951e+02,1.410265e+06,8.844211e+01,,,,5
2018-04-26 12:27:17.000000,2.609023e+07,1.818840e+07,1.239957e+02,1.410265e+06,8.844211e+01,,,,5
2018-04-26 12:27:18.000000,2.609023e+07,1.818721e+07,1.239951e+02,1.410265e+06,8.844211e+01,,,,5
2018-04-26 12:27:19.000000,2.609025e+07,1.818809e+07,1.239955e+02,1.410265e+06,8.844211e+01,,,,5
2018-04-26 12:27:20.000000,2.609025e+07,1.818694e+07,1.239948e+02,1.410265e+06,8.844211e+01,,,,5
2018-04-26 12:27:21.000000,2.609025e+07,1.818651e+07,1.239947e+02,1.410265e+06,8.844211e+01,,,,5
2018-04-26 12:27:22.000000,2.609023e+07,1.818767e+07,1.239954e+02,1.410265e+06,8.844210e+01,,,,5
2018-04-26 12:27:23.000000,2.609023e+07,1.818744e+07,1.239953e+02,1.410265e+06,8.844210e+01,,,,5
2018-04-26 12:27:24.000000,2.609023e+07,1.818866e+07,1.239960e+02,1.410265e+06,8.844210e+01,,,,5
2018-04-26 12:27:25.000000,2.609025e+07,1.818780e+07,1.239956e+02,1.410265e+06,8.844210e+01,,,,5
2018-04-26 12:27:26.000000,2.609025e+07,1.818949e+07,1.239965e+02,1.410265e+06,8.844210e+01,,,,5
2018-04-26 12:27:27.000000,2.609023e+07,1.818708e+07,1.239951e+02,1.410265e+06,8.844209e+01,,,,5
2018-04-26 12:27:28.000000,2.609023e+07,1.818851e+07,1.239958e+02,1.410265e+06,8.844209e+01,,,,5
2018-04-26 12:27:29.000000,2.609023e+07,1.818688e+07,1.239949e+02,1.410265e+06,8.844209e+01,,,,5
2018-04-26 12:27:30.000000,2.609025e+07,1.818818e+07,1.239955e+02,1.410265e+06,8.844209e+01,,,,5
2018-04-26 12:27:31.000000,2.609025e+07,1.818695e+07,1.239949e+02,1.410265e+06,8.844209e+01,,,,5
2018-04-26 12:27:32.000000,2.609025e+07,1.818657e+07,1.239947e+02,1.410265e+06,8.844209e+01,,,,5
2018-04-26 12:27:33.000000,2.609023e+07,1.818768e+07,1.239954e+02,1.410265e+06,8.844208e+01,,,,5
2018-04-26 12:27:34.000000,2.609023e+07,1.818749e+07,1.239954e+02,1.410265e+06,8.844208e+01,,,,5
2018-04-26 12:27:35.000000,2.609023e+07,1.818873e+07,1.239960e+02,1.410265e+06,8.844208e+01,,,,5
2018-04-26 12:27:36.000000,2.609025e+07,1.818782e+07,1.239956e+02,1.410265e+06,8.844208e+01,,,,5
2018-04-26 12:27:37.000000,2.609025e+07,1.818896e+07,1.239962e+02,1.410265e+06,8.844208e+01,,,,5
2018-04-26 12:27:38.000000,2.609025e+07,1.818776e+07,1.239956e+02,1.410265e+06,8.844208e+01,,,,5
2018-04-26 12:27:39.000000,2.609023e+07,1.818807e+07,1.239956e+02,1.410265e+06,8.844207e+01,,,,5
2018-04-26 12:27:40.000000,2.609023e+07,1.818689e+07,1.239949e+02,1.410265e+06,8.844207e+01,,,,5
2018-04-26 12:27:41.000000,2.609025e+07,1.818765e+07,1.239953e+02,1.410265e+06,8.844207e+01,,,,5
2018-04-26 12:27:42.000000,2.609025e+07,1.818662e+07,1.239947e+02,1.410265e+06,8.844207e+01,,,,5
2018-04-26 12:27:43.000000,2.609025e+07,1.818813e+07,1.239955e+02,1.410265e+06,8.844207e+01,,,,5
2018-04-26 12:27:44.000000,2.609023e+07,1.818751e+07,1.239953e+02,1.410265e+06,8.844206e+01,,,,5
2018-04-26 12:27:45.000000,2.609023e+07,1.818749e+07,1.239954e+02,1.410265e+06,8.844206e+01,,,,5
2018-04-26 12:27:46.000000,2.609023e+07,1.818777e+07,1.239955e+02,1.410265e+06,8.844206e+01,,,,5
2018-04-26 12:27:47.000000,2.609025e+07,1.818781e+07,1.239956e+02,1.410265e+06,8.844206e+01,,,,5
2018-04-26 12:27:48.000000,2.609025e+07,1.818807e+07,1.239957e+02,1.410265e+06,8.844206e+01,,,,5
2018-04-26 12:27:49.000000,2.609025e+07,1.818773e+07,1.239956e+02,1.410265e+06,8.844206e+01,,,,5
2018-04-26 12:27:50.000000,2.609023e+07,1.818808e+07,1.239956e+02,1.410265e+06,8.844205e+01,,,,5
2018-04-26 12:27:51.000000,2.609023e+07,1.818686e+07,1.239949e+02,1.410265e+06,8.844205e+01,,,,5
2018-04-26 12:27:52.000000,2.609023e+07,1.818864e+07,1.239959e+02,1.410265e+06,8.844205e+01,,,,5
2018-04-26 12:27:53.000000,2.609025e+07,1.818664e+07,1.239947e+02,1.410265e+06,8.844205e+01,,,,5
2018-04-26 12:27:54.000000,2.609025e+07,1.818825e+07,1.239956e+02,1.410265e+06,8.844205e+01,,,,5
2018-04-26 12:27:55.000000,2.609023e+07,1.818753e+07,1.239953e+02,1.410265e+06,8.844205e+01,,,,5
2018-04-26 12:27:56.000000,2.609023e+07,1.818910e+07,1.239962e+02,1.410265e+06,8.844204e+01,,,,5
2018-04-26 12:27:57.000000,2.609023e+07,1.818784e+07,1.239955e+02,1.410265e+06,8.844204e+01,,,,5
2018-04-26 12:27:58.000000,2.609025e+07,1.818938e+07,1.239964e+02,1.410265e+06,8.844204e+01,,,,5
2018-04-26 12:27:59.000000,2.609025e+07,1.818820e+07,1.239958e+02,1.410265e+06,8.844204e+01,,,,5
2018-04-26 12:28:00.000000,2.609025e+07,1.818775e+07,1.239956e+02,1.410265e+06,8.844204e+01,,,,5
2018-04-26 12:28:01.000000,2.609023e+07,1.818723e+07,1.239951e+02,1.410265e+06,8.844203e+01,,,,5
2018-04-26 12:28:02.000000,2.609023e+07,1.818684e+07,1.239949e+02,1.410265e+06,8.844203e+01,,,,5
2018-04-26 12:28:03.000000,2.609023e+07,1.818809e+07,1.239956e+02,1.410265e+06,8.844203e+01,,,,5
2018-04-26 12:28:04.000000,2.609025e+07,1.818664e+07,1.239948e+02,1.410265e+06,8.844203e+01,,,,5
2018-04-26 12:28:05.000000,2.609025e+07,1.818769e+07,1.239953e+02,1.410265e+06,8.844203e+01,,,,5
2018-04-26 12:28:06.000000,2.609023e+07,1.818745e+07,1.239953e+02,1.410265e+06,8.844203e+01,,,,5
2018-04-26 12:28:07.000000,2.609023e+07,1.818856e+07,1.239959e+02,1.410265e+06,8.844202e+01,,,,5
2018-04-26 12:28:08.000000,2.609023e+07,1.818748e+07,1.239953e+02,1.410265e+06,8.844202e+01,,,,5
2018-04-26 12:28:09.000000,2.609025e+07,1.818935e+07,1.239964e+02,1.410265e+06,8.844202e+01,,,,5
2018-04-26 12:28:10.000000,2.609025e+07,1.818788e+07,1.239956e+02,1.410265e+06,8.844202e+01,,,,5
2018-04-26 12:28:11.000000,2.609025e+07,1.818781e+07,1.239956e+02,1.410265e+06,8.844202e+01,,,,5
2018-04-26 12:28:12.000000,2.609023e+07,1.818691e+07,1.239950e+02,1.410265e+06,8.844202e+01,,,,5
2018-04-26 12:28:13.000000,2.609024e+07,1.818689e+07,1.239950e+02,1.410265e+06,8.844201e+01,,,,5
2018-04-26 12:28:14.000000,2.609023e+07,1.818808e+07,1.239956e+02,1.410265e+06,8.844201e+01,,,,5
2018-04-26 12:28:15.000000,2.609025e+07,1.818669e+07,1.239948e+02,1.410265e+06,8.844201e+01,,,,5
2018-04-26 12:28:16.000000,2.609025e+07,1.818775e+07,1.239954e+02,1.410265e+06,8.844201e+01,,,,5
2018-04-26 12:28:17.000000,2.609025e+07,1.818649e+07,1.239946e+02,1.410265e+06,8.844201e+01,,,,5
2018-04-26 12:28:18.000000,2.609023e+07,1.818857e+07,1.239959e+02,1.410265e+06,8.844200e+01,,,,5
2018-04-26 12:28:19.000000,2.609023e+07,1.818749e+07,1.239953e+02,1.410265e+06,8.844200e+01,,,,5
2018-04-26 12:28:20.000000,2.609025e+07,1.818885e+07,1.239961e+02,1.410265e+06,8.844200e+01,,,,5
2018-04-26 12:28:21.000000,2.609025e+07,1.818787e+07,1.239956e+02,1.410265e+06,8.844200e+01,,,,5
2018-04-26 12:28:22.000000,2.609025e+07,1.818948e+07,1.239965e+02,1.410265e+06,8.844200e+01,,,,5
2018-04-26 12:28:23.000000,2.609023e+07,1.818712e+07,1.239951e+02,1.410265e+06,8.844200e+01,,,,5
2018-04-26 12:28:24.000000,2.609023e+07,1.818838e+07,1.239957e+02,1.410265e+06,8.844199e+01,,,,5
2018-04-26 12:28:25.000000,2.609023e+07,1.818721e+07,1.239951e+02,1.410265e+06,8.844199e+01,,,,5
2018-04-26 12:28:26.000000,2.609025e+07,1.818809e+07,1.239955e+02,1.410265e+06,8.844199e+01,,,,5
2018-04-26 12:28:27.000000,2.609025e+07,1.818694e+07,1.239948e+02,1.410265e+06,8.844199e+01,,,,5
2018-04-26 12:28:28.000000,2.609025e+07,1.818650e+07,1.239947e+02,1.410265e+06,8.844199e+01,,,,5
2018-04-26 12:28:29.000000,2.609023e+07,1.818767e+07,1.239954e+02,1.410265e+06,8.844199e+01,,,,5
2018-04-26 12:28:30.000000,2.609023e+07,1.818743e+07,1.239953e+02,1.410265e+06,8.844198e+01,,,,5
2018-04-26 12:28:31.000000,2.609023e+07,1.818865e+07,1.239960e+02,1.410265e+06,8.844198e+01,,,,5
2018-04-26 12:28:32.000000,2.609025e+07,1.818780e+07,1.239956e+02,1.410265e+06,8.844198e+01,,,,5
2018-04-26 12:28:33.000000,2.609025e+07,1.818949e+07,1.239965e+02,1.410265e+06,8.844198e+01,,,,5
2018-04-26 12:28:34.000000,2.609023e+07,1.818710e+07,1.239951e+02,1.410265e+06,8.844198e+01,,,,5
2018-04-26 12:28:35.000000,2.609023e+07,1.818850e+07,1.239958e+02,1.410265e+06,8.844197e+01,,,,5
2018-04-26 12:28:36.000000,2.609023e+07,1.818688e+07,1.239949e+02,1.410265e+06,8.844197e+01,,,,5
2018-04-26 12:28:37.000000,2.609025e+07,1.818818e+07,1.239955e+02,1.410265e+06,8.844197e+01,,,,5
2018-04-26 12:28:38.000000,2.609025e+07,1.818697e+07,1.239949e+02,1.410265e+06,8.844197e+01,,,,5
2018-04-26 12:28:39.000000,2.609025e+07,1.818657e+07,1.239947e+02,1.410265e+06,8.844197e+01,,,,5
2018-04-26 12:28:40.000000,2.609023e+07,1.818768e+07,1.239954e+02,1.410265e+06,8.844197e+01,,,,5
2018-04-26 12:28:41.000000,2.609023e+07,1.818749e+07,1.239953e+02,1.410265e+06,8.844196e+01,,,,5
2018-04-26 12:28:42.000000,2.609023e+07,1.818873e+07,1.239960e+02,1.410265e+06,8.844196e+01,,,,5
2018-04-26 12:28:43.000000,2.609025e+07,1.818782e+07,1.239956e+02,1.410265e+06,8.844196e+01,,,,5
2018-04-26 12:28:44.000000,2.609025e+07,1.818896e+07,1.239962e+02,1.410265e+06,8.844196e+01,,,,5
2018-04-26 12:28:45.000000,2.609025e+07,1.818776e+07,1.239956e+02,1.410265e+06,8.844196e+01,,,,5
2018-04-26 12:28:46.000000,2.609023e+07,1.818807e+07,1.239956e+02,1.410265e+06,8.844196e+01,,,,5
2018-04-26 12:28:47.000000,2.609023e+07,1.818689e+07,1.239949e+02,1.410265e+06,8.844195e+01,,,,5
2018-04-26 12:28:48.000000,2.609025e+07,1.818764e+07,1.239953e+02,1.410265e+06,8.844195e+01,,,,5
2018-04-26 12:28:49.000000,2.609025e+07,1.818662e+07,1.239947e+02,1.410265e+06,8.844195e+01,,,,5
2018-04-26 12:28:50.000000,2.609025e+07,1.818813e+07,1.239955e+02,1.410265e+06,8.844195e+01,,,,5
2018-04-26 12:28:51.000000,2.609023e+07,1.818752e+07,1.239953e+02,1.410265e+06,8.844195e+01,,,,5
2018-04-26 12:28:52.000000,2.609023e+07,1.818911e+07,1.239962e+02,1.410265e+06,8.844195e+01,,,,5
2018-04-26 12:28:53.000000,2.609023e+07,1.818782e+07,1.239955e+02,1.410265e+06,8.844194e+01,,,,5
2018-04-26 12:28:54.000000,2.609025e+07,1.818939e+07,1.239964e+02,1.410265e+06,8.844194e+01,,,,5
2018-04-26 12:28:55.000000,2.609025e+07,1.818821e+07,1.239958e+02,1.410265e+06,8.844194e+01,,,,5
2018-04-26 12:28:56.000000,2.609025e+07,1.818774e+07,1.239955e+02,1.410265e+06,8.844194e+01,,,,5
2018-04-26 12:28:57.000000,2.609023e+07,1.818723e+07,1.239951e+02,1.410265e+06,8.844194e+01,,,,5
2018-04-26 12:28:58.000000,2.609023e+07,1.818684e+07,1.239949e+02,1.410265e+06,8.844193e+01,,,,5
2018-04-26 12:28:59.000000,2.609023e+07,1.818810e+07,1.239956e+02,1.410265e+06,8.844193e+01,,,,5
2018-04-26 12:29:00.000000,2.609025e+07,1.818663e+07,1.239948e+02,1.410265e+06,8.844193e+01,,,,5
2018-04-26 12:29:01.000000,2.609025e+07,1.818769e+07,1.239953e+02,1.410265e+06,8.844193e+01,,,,5
2018-04-26 12:29:02.000000,2.609023e+07,1.818745e+07,1.239953e+02,1.410265e+06,8.844193e+01,,,,5
2018-04-26 12:29:03.000000,2.609023e+07,1.818857e+07,1.239959e+02,1.410265e+06,8.844193e+01,,,,5
2018-04-26 12:29:04.000000,2.609024e+07,1.818748e+07,1.239953e+02,1.410265e+06,8.844192e+01,,,,5
2018-04-26 12:29:05.000000,2.609025e+07,1.818935e+07,1.239964e+02,1.410265e+06,8.844192e+01,,,,5
2018-04-26 12:29:06.000000,2.609025e+07,1.818786e+07,1.239956e+02,1.410265e+06,8.844192e+01,,,,5
2018-04-26 12:29:07.000000,2.609025e+07,1.818781e+07,1.239956e+02,1.410265e+06,8.844192e+01,,,,5
2018-04-26 12:29:08.000000,2.609023e+07,1.818691e+07,1.239950e+02,1.410265e+06,8.844192e+01,,,,5
2018-04-26 12:29:09.000000,2.609024e+07,1.818690e+07,1.239950e+02,1.410265e+06,8.844192e+01,,,,5
2018-04-26 12:29:10.000000,2.609023e+07,1.818810e+07,1.239956e+02,1.410265e+06,8.844191e+01,,,,5
2018-04-26 12:29:11.000000,2.609025e+07,1.818669e+07,1.239948e+02,1.410265e+06,8.844191e+01,,,,5
2018-04-26 12:29:12.000000,2.609025e+07,1.818775e+07,1.239953e+02,1.410265e+06,8.844191e+01,,,,5
2018-04-26 12:29:13.000000,2.609025e+07,1.818648e+07,1.239946e+02,1.410265e+06,8.844191e+01,,,,5
2018-04-26 12:29:14.000000,2.609024e+07,1.818858e+07,1.239959e+02,1.410265e+06,8.844191e+01,,,,5
2018-04-26 12:29:15.000000,2.609023e+07,1.818749e+07,1.239953e+02,1.410265e+06,8.844191e+01,,,,5
2018-04-26 12:29:16.000000,2.609025e+07,1.818887e+07,1.239961e+02,1.410265e+06,8.844190e+01,,,,5
2018-04-26 12:29:17.000000,2.609025e+07,1.818785e+07,1.239956e+02,1.410265e+06,8.844190e+01,,,,5
2018-04-26 12:29:18.000000,2.609025e+07,1.818949e+07,1.239965e+02,1.410265e+06,8.844190e+01,,,,5
2018-04-26 12:29:19.000000,2.609023e+07,1.818710e+07,1.239950e+02,1.410265e+06,8.844190e+01,,,,5
2018-04-26 12:29:20.000000,2.609023e+07,1.818840e+07,1.239957e+02,1.410265e+06,8.844190e+01,,,,5
2018-04-26 12:29:21.000000,2.609023e+07,1.818721e+07,1.239951e+02,1.410265e+06,8.844189e+01,,,,5
2018-04-26 12:29:22.000000,2.609025e+07,1.818809e+07,1.239955e+02,1.410265e+06,8.844189e+01,,,,5
2018-04-26 12:29:23.000000,2.609025e+07,1.818693e+07,1.239948e+02,1.410265e+06,8.844189e+01,,,,5
2018-04-26 12:29:24.000000,2.609025e+07,1.818651e+07,1.239947e+02,1.410265e+06,8.844189e+01,,,,5
2018-04-26 12:29:25.000000,2.609023e+07,1.818767e+07,1.239954e+02,1.410265e+06,8.844189e+01,,,,5
2018-04-26 12:29:26.000000,2.609023e+07,1.818744e+07,1.239953e+02,1.410265e+06,8.844189e+01,,,,5
2018-04-26 12:29:27.000000,2.609023e+07,1.818866e+07,1.239959e+02,1.410265e+06,8.844188e+01,,,,5
2018-04-26 12:29:28.000000,2.609025e+07,1.818781e+07,1.239955e+02,1.410265e+06,8.844188e+01,,,,5
2018-04-26 12:29:29.000000,2.609025e+07,1.818949e+07,1.239965e+02,1.410265e+06,8.844188e+01,,,,5
2018-04-26 12:29:30.000000,2.609023e+07,1.818708e+07,1.239951e+02,1.410265e+06,8.844188e+01,,,,5
2018-04-26 12:29:31.000000,2.609023e+07,1.818851e+07,1.239958e+02,1.410265e+06,8.844188e+01,,,,5
2018-04-26 12:29:32.000000,2.609023e+07,1.818688e+07,1.239949e+02,1.410265e+06,8.844188e+01,,,,5
2018-04-26 12:29:33.000000,2.609025e+07,1.818819e+07,1.239955e+02,1.410265e+06,8.844187e+01,,,,5
2018-04-26 12:29:34.000000,2.609025e+07,1.818695e+07,1.239948e+02,1.410265e+06,8.844187e+01,,,,5
2018-04-26 12:29:35.000000,2.609025e+07,1.818657e+07,1.239947e+02,1.410265e+06,8.844187e+01,,,,5
2018-04-26 12:29:36.000000,2.609023e+07,1.818769e+07,1.239954e+02,1.410265e+06,8.844187e+01,,,,5
2018-04-26 12:29:37.000000,2.609023e+07,1.818749e+07,1.239953e+02,1.410265e+06,8.844187e+01,,,,5
2018-04-26 12:29:38.000000,2.609024e+07,1.818874e+07,1.239960e+02,1.410265e+06,8.844187e+01,,,,5
2018-04-26 12:29:39.000000,2.609025e+07,1.818782e+07,1.239955e+02,1.410265e+06,8.844186e+01,,,,5
2018-04-26 12:29:40.000000,2.609025e+07,1.818898e+07,1.239962e+02,1.410265e+06,8.844186e+01,,,,5
2018-04-26 12:29:41.000000,2.609025e+07,1.818776e+07,1.239955e+02,1.410265e+06,8.844186e+01,,,,5
2018-04-26 12:29:42.000000,2.609023e+07,1.818807e+07,1.239956e+02,1.410265e+06,8.844186e+01,,,,5
2018-04-26 12:29:43.000000,2.609023e+07,1.818689e+07,1.239949e+02,1.410265e+06,8.844186e+01,,,,5
2018-04-26 12:29:44.000000,2.609025e+07,1.818765e+07,1.239953e+02,1.410265e+06,8.844186e+01,,,,5
2018-04-26 12:29:45.000000,2.609025e+07,1.818662e+07,1.239947e+02,1.410265e+06,8.844185e+01,,,,5
2018-04-26 12:29:46.000000,2.609025e+07,1.818813e+07,1.239955e+02,1.410265e+06,8.844185e+01,,,,5
2018-04-26 12:29:47.000000,2.609024e+07,1.818751e+07,1.239953e+02,1.410265e+06,8.844185e+01,,,,5
2018-04-26 12:29:48.000000,2.609023e+07,1.818749e+07,1.239953e+02,1.410265e+06,8.844185e+01,,,,5
2018-04-26 12:29:49.000000,2.609023e+07,1.818777e+07,1.239955e+02,1.410265e+06,8.844185e+01,,,,5
2018-04-26 12:29:50.000000,2.609025e+07,1.818781e+07,1.239956e+02,1.410265e+06,8.844184e+01,,,,5
2018-04-26 12:29:51.000000,2.609025e+07,1.818807e+07,1.239957e+02,1.410265e+06,8.844184e+01,,,,5
2018-04-26 12:29:52.000000,2.609025e+07,1.818773e+07,1.239955e+02,1.410265e+06,8.844184e+01,,,,5
2018-04-26 12:29:53.000000,2.609023e+07,1.818808e+07,1.239956e+02,1.410265e+06,8.844184e+01,,,,5
2018-04-26 12:29:54.000000,2.609023e+07,1.818685e+07,1.239949e+02,1.410265e+06,8.844184e+01,,,,5
2018-04-26 12:29:55.000000,2.609025e+07,1.818771e+07,1.239953e+02,1.410265e+06,8.844184e+01,,,,5
2018-04-26 12:29:56.000000,2.609025e+07,1.818659e+07,1.239947e+02,1.410265e+06,8.844183e+01,,,,5
2018-04-26 12:29:57.000000,2.609025e+07,1.818827e+07,1.239956e+02,1.410265e+06,8.844183e+01,,,,5
2018-04-26 12:29:58.000000,2.609023e+07,1.818753e+07,1.239953e+02,1.410265e+06,8.844183e+01,,,,5
2018-04-26 12:29:59.000000,2.609023e+07,1.818910e+07,1.239962e+02,1.410265e+06,8.844183e+01,,,,5
2018-04-26 12:30:00.000000,2.609023e+07,1.818782e+07,1.239955e+02,1.410265e+06,8.844183e+01,,,,5
2018-04-26 12:30:01.000000,2.609025e+07,1.818939e+07,1.239964e+02,1.410265e+06,8.844183e+01,,,,5
2018-04-26 12:30:02.000000,2.609025e+07,1.818820e+07,1.239958e+02,1.410265e+06,8.844182e+01,,,,5
2018-04-26 12:30:03.000000,2.609025e+07,1.818775e+07,1.239955e+02,1.410265e+06,8.844182e+01,,,,5
2018-04-26 12:30:04.000000,2.609023e+07,1.818723e+07,1.239951e+02,1.410265e+06,8.844182e+01,,,,5
2018-04-26 12:30:05.000000,2.609023e+07,1.818684e+07,1.239949e+02,1.410265e+06,8.844182e+01,,,,5
2018-04-26 12:30:06.000000,2.609023e+07,1.818809e+07,1.239956e+02,1.410265e+06,8.844182e+01,,,,5
2018-04-26 12:30:07.000000,2.609025e+07,1.818663e+07,1.239948e+02,1.410265e+06,8.844182e+01,,,,5
2018-04-26 12:30:08.000000,2.609025e+07,1.818769e+07,1.239953e+02,1.410265e+06,8.844181e+01,,,,5
2018-04-26 12:30:09.000000,2.609023e+07,1.818746e+07,1.239953e+02,1.410265e+06,8.844181e+01,,,,5
2018-04-26 12:30:10.000000,2.609023e+07,1.818857e+07,1.239959e+02,1.410265e+06,8.844181e+01,,,,5
2018-04-26 12:30:11.000000,2.609024e+07,1.818748e+07,1.239953e+02,1.410265e+06,8.844181e+01,,,,5
2018-04-26 12:30:12.000000,2.609025e+07,1.818935e+07,1.239964e+02,1.410265e+06,8.844181e+01,,,,5
2018-04-26 12:30:13.000000,2.609025e+07,1.818788e+07,1.239956e+02,1.410265e+06,8.844181e+01,,,,5
2018-04-26 12:30:14.000000,2.609025e+07,1.818781e+07,1.239956e+02,1.410265e+06,8.844180e+01,,,,5
2018-04-26 12:30:15.000000,2.609023e+07,1.818691e+07,1.239950e+02,1.410265e+06,8.844180e+01,,,,5
2018-04-26 12:30:16.000000,2.609024e+07,1.818689e+07,1.239949e+02,1.410265e+06,8.844180e+01,,,,5
2018-04-26 12:30:17.000000,2.609023e+07,1.818810e+07,1.239956e+02,1.410265e+06,8.844180e+01,,,,5
2018-04-26 12:30:18.000000,2.609025e+07,1.818669e+07,1.239948e+02,1.410265e+06,8.844180e+01,,,,5
2018-04-26 12:30:19.000000,2.609025e+07,1.818775e+07,1.239953e+02,1.410265e+06,8.844179e+01,,,,5
2018-04-26 12:30:20.000000,2.609025e+07,1.818649e+07,1.239946e+02,1.410265e+06,8.844179e+01,,,,5
2018-04-26 12:30:21.000000,2.609024e+07,1.818857e+07,1.239959e+02,1.410265e+06,8.844179e+01,,,,5
2018-04-26 12:30:22.000000,2.609023e+07,1.818749e+07,1.239953e+02,1.410265e+06,8.844179e+01,,,,5
2018-04-26 12:30:23.000000,2.609025e+07,1.818885e+07,1.239961e+02,1.410265e+06,8.844179e+01,,,,5
2018-04-26 12:30:24.000000,2.609025e+07,1.818785e+07,1.239956e+02,1.410265e+06,8.844179e+01,,,,5
2018-04-26 12:30:25.000000,2.609025e+07,1.818949e+07,1.239965e+02,1.410265e+06,8.844178e+01,,,,5
2018-04-26 12:30:26.000000,2.609023e+07,1.818713e+07,1.239951e+02,1.410265e+06,8.844178e+01,,,,5
2018-04-26 12:30:27.000000,2.609023e+07,1.818840e+07,1.239957e+02,1.410265e+06,8.844178e+01,,,,5
2018-04-26 12:30:28.000000,2.609023e+07,1.818721e+07,1.239951e+02,1.410265e+06,8.844178e+01,,,,5
2018-04-26 12:30:29.000000,2.609025e+07,1.818809e+07,1.239955e+02,1.410265e+06,8.844178e+01,,,,5
2018-04-26 12:30:30.000000,2.609025e+07,1.818694e+07,1.239948e+02,1.410265e+06,8.844178e+01,,,,5
2018-04-26 12:30:31.000000,2.609025e+07,1.818651e+07,1.239946e+02,1.410265e+06,8.844177e+01,,,,5
2018-04-26 12:30:32.000000,2.609023e+07,1.818767e+07,1.239954e+02,1.410265e+06,8.844177e+01,,,,5
2018-04-26 12:30:33.000000,2.609023e+07,1.818744e+07,1.239953e+02,1.410265e+06,8.844177e+01,,,,5
2018-04-26 12:30:34.000000,2.609023e+07,1.818866e+07,1.239959e+02,1.410265e+06,8.844177e+01,,,,5
2018-04-26 12:30:35.000000,2.609025e+07,1.818780e+07,1.239955e+02,1.410265e+06,8.844177e+01,,,,5
2018-04-26 12:30:36.000000,2.609025e+07,1.818949e+07,1.239965e+02,1.410265e+06,8.844177e+01,,,,5
2018-04-26 12:30:37.000000,2.609023e+07,1.818711e+07,1.239951e+02,1.410265e+06,8.844176e+01,,,,5
2018-04-26 12:30:38.000000,2.609023e+07,1.818850e+07,1.239958e+02,1.410265e+06,8.844176e+01,,,,5
2018-04-26 12:30:39.000000,2.609023e+07,1.818688e+07,1.239949e+02,1.410265e+06,8.844176e+01,,,,5
2018-04-26 12:30:40.000000,2.609025e+07,1.818818e+07,1.239955e+02,1.410265e+06,8.844176e+01,,,,5
2018-04-26 12:30:41.000000,2.609025e+07,1.818695e+07,1.239949e+02,1.410265e+06,8.844176e+01,,,,5
2018-04-26 12:30:42.000000,2.609025e+07,1.818657e+07,1.239947e+02,1.410265e+06,8.844176e+01,,,,5
2018-04-26 12:30:43.000000,2.609023e+07,1.818768e+07,1.239954e+02,1.410265e+06,8.844175e+01,,,,5
2018-04-26 12:30:44.000000,2.609023e+07,1.818749e+07,1.239953e+02,1.410265e+06,8.844175e+01,,,,5
2018-04-26 12:30:45.000000,2.609023e+07,1.818873e+07,1.239960e+02,1.410265e+06,8.844175e+01,,,,5
2018-04-26 12:30:46.000000,2.609025e+07,1.818782e+07,1.239955e+02,1.410265e+06,8.844175e+01,,,,5
2018-04-26 12:30:47.000000,2.609025e+07,1.818896e+07,1.239962e+02,1.410265e+06,8.844175e+01,,,,5
2018-04-26 12:30:48.000000,2.609025e+07,1.818776e+07,1.239955e+02,1.410265e+06,8.844175e+01,,,,5
2018-04-26 12:30:49.000000,2.609023e+07,1.818807e+07,1.239956e+02,1.410265e+06,8.844174e+01,,,,5
2018-04-26 12:30:50.000000,2.609023e+07,1.818689e+07,1.239949e+02,1.410265e+06,8.844174e+01,,,,5
2018-04-26 12:30:51.000000,2.609025e+07,1.818765e+07,1.239953e+02,1.410265e+06,8.844174e+01,,,,5
2018-04-26 12:30:52.000000,2.609025e+07,1.818662e+07,1.239947e+02,1.410265e+06,8.844174e+01,,,,5
2018-04-26 12:30:53.000000,2.609025e+07,1.818813e+07,1.239955e+02,1.410265e+06,8.844174e+01,,,,5
2018-04-26 12:30:54.000000,2.609023e+07,1.818752e+07,1.239953e+02,1.410265e+06,8.844173e+01,,,,5
2018-04-26 12:30:55.000000,2.609023e+07,1.818749e+07,1.239953e+02,1.410265e+06,8.844173e+01,,,,5
2018-04-26 12:30:56.000000,2.609023e+07,1.818777e+07,1.239955e+02,1.410265e+06,8.844173e+01,,,,5
2018-04-26 12:30:57.000000,2.609025e+07,1.818781e+07,1.239956e+02,1.410265e+06,8.844173e+01,,,,5
2018-04-26 12:30:58.000000,2.609025e+07,1.818807e+07,1.239957e+02,1.410265e+06,8.844173e+01,,,,5
2018-04-26 12:30:59.000000,2.609025e+07,1.818773e+07,1.239955e+02,1.410265e+06,8.844173e+01,,,,5
2018-04-26 12:31:00.000000,2.609023e+07,1.818808e+07,1.239956e+02,1.410265e+06,8.844172e+01,,,,5
2018-04-26 12:31:01.000000,2.609023e+07,1.818686e+07,1.239949e+02,1.410265e+06,8.844172e+01,,,,5
2018-04-26 12:31:02.000000,2.609023e+07,1.818864e+07,1.239959e+02,1.410265e+06,8.844172e+01,,,,5
2018-04-26 12:31:03.000000,2.609025e+07,1.818664e+07,1.239947e+02,1.410265e+06,8.844172e+01,,,,5
2018-04-26 12:31:04.000000,2.609025e+07,1.818825e+07,1.239956e+02,1.410265e+06,8.844172e+01,,,,5
2018-04-26 12:31:05.000000,2.609023e+07,1.818753e+07,1.239953e+02,1.410265e+06,8.844172e+01,,,,5
2018-04-26 12:31:06.000000,2.609023e+07,1.818910e+07,1.239961e+02,1.410265e+06,8.844171e+01,,,,5
2018-04-26 12:31:07.000000,2.609023e+07,1.818784e+07,1.239955e+02,1.410265e+06,8.844171e+01,,,,5
2018-04-26 12:31:08.000000,2.609025e+07,1.818938e+07,1.239964e+02,1.410265e+06,8.844171e+01,,,,5
2018-04-26 12:31:09.000000,2.609025e+07,1.818820e+07,1.239958e+02,1.410265e+06,8.844171e+01,,,,5
2018-04-26 12:31:10.000000,2.609025e+07,1.818775e+07,1.239955e+02,1.410265e+06,8.844171e+01,,,,5
2018-04-26 12:31:11.000000,2.609023e+07,1.818723e+07,1.239951e+02,1.410265e+06,8.844171e+01,,,,5
2018-04-26 12:31:12.000000,2.609023e+07,1.818684e+07,1.239949e+02,1.410265e+06,8.844170e+01,,,,5
2018-04-26 12:31:13.000000,2.609023e+07,1.818809e+07,1.239956e+02,1.410265e+06,8.844170e+01,,,,5
2018-04-26 12:31:14.000000,2.609025e+07,1.818664e+07,1.239947e+02,1.410265e+06,8.844170e+01,,,,5
2018-04-26 12:31:15.000000,2.609025e+07,1.818769e+07,1.239953e+02,1.410265e+06,8.844170e+01,,,,5
2018-04-26 12:31:16.000000,2.609025e+07,1.818653e+07,1.239946e+02,1.410265e+06,8.844170e+01,,,,5
2018-04-26 12:31:17.000000,2.609023e+07,1.818850e+07,1.239958e+02,1.410265e+06,8.844170e+01,,,,5
2018-04-26 12:31:18.000000,2.609023e+07,1.818748e+07,1.239953e+02,1.410265e+06,8.844169e+01,,,,5
2018-04-26 12:31:19.000000,2.609025e+07,1.818935e+07,1.239964e+02,1.410265e+06,8.844169e+01,,,,5
2018-04-26 12:31:20.000000,2.609025e+07,1.818788e+07,1.239956e+02,1.410265e+06,8.844169e+01,,,,5
2018-04-26 12:31:21.000000,2.609025e+07,1.818781e+07,1.239956e+02,1.410265e+06,8.844169e+01,,,,5
2018-04-26 12:31:22.000000,2.609023e+07,1.818691e+07,1.239950e+02,1.410265e+06,8.844169e+01,,,,5
2018-04-26 12:31:23.000000,2.609023e+07,1.818689e+07,1.239949e+02,1.410265e+06,8.844169e+01,,,,5
2018-04-26 12:31:24.000000,2.609023e+07,1.818808e+07,1.239956e+02,1.410265e+06,8.844168e+01,,,,5
2018-04-26 12:31:25.000000,2.609025e+07,1.818669e+07,1.239948e+02,1.410265e+06,8.844168e+01,,,,5
2018-04-26 12:31:26.000000,2.609025e+07,1.818774e+07,1.239953e+02,1.410265e+06,8.844168e+01,,,,5
2018-04-26 12:31:27.000000,2.609025e+07,1.818649e+07,1.239946e+02,1.410265e+06,8.844168e+01,,,,5
2018-04-26 12:31:28.000000,2.609023e+07,1.818857e+07,1.239959e+02,1.410265e+06,8.844168e+01,,,,5
2018-04-26 12:31:29.000000,2.609023e+07,1.818749e+07,1.239953e+02,1.410265e+06,8.844168e+01,,,,5
2018-04-26 12:31:30.000000,2.609025e+07,1.818885e+07,1.239961e+02,1.410265e+06,8.844167e+01,,,,5
2018-04-26 12:31:31.000000,2.609025e+07,1.818787e+07,1.239956e+02,1.410265e+06,8.844167e+01,,,,5
2018-04-26 12:31:32.000000,2.609025e+07,1.818948e+07,1.239965e+02,1.410265e+06,8.844167e+01,,,,5
2018-04-26 12:31:33.000000,2.609023e+07,1.818712e+07,1.239951e+02,1.410265e+06,8.844167e+01,,,,5
2018-04-26 12:31:34.000000,2.609023e+07,1.818838e+07,1.239957e+02,1.410265e+06,8.844167e+01,,,,5
2018-04-26 12:31:35.000000,2.609023e+07,1.818721e+07,1.239951e+02,1.410265e+06,8.844166e+01,,,,5
2018-04-26 12:31:36.000000,2.609025e+07,1.818809e+07,1.239955e+02,1.410265e+06,8.844166e+01,,,,5
2018-04-26 12:31:37.000000,2.609025e+07,1.818694e+07,1.239948e+02,1.410265e+06,8.844166e+01,,,,5
2018-04-26 12:31:38.000000,2.609025e+07,1.818651e+07,1.239946e+02,1.410265e+06,8.844166e+01,,,,5
2018-04-26 12:31:39.000000,2.609023e+07,1.818767e+07,1.239954e+02,1.410265e+06,8.844166e+01,,,,5
2018-04-26 12:31:40.000000,2.609023e+07,1.818743e+07,1.239953e+02,1.410265e+06,8.844166e+01,,,,5
2018-04-26 12:31:41.000000,2.609023e+07,1.818865e+07,1.239959e+02,1.410265e+06,8.844165e+01,,,,5
2018-04-26 12:31:42.000000,2.609025e+07,1.818780e+07,1.239955e+02,1.410265e+06,8.844165e+01,,,,5
2018-04-26 12:31:43.000000,2.609025e+07,1.818949e+07,1.239965e+02,1.410265e+06,8.844165e+01,,,,5
2018-04-26 12:31:44.000000,2.609023e+07,1.818710e+07,1.239951e+02,1.410265e+06,8.844165e+01,,,,5
2018-04-26 12:31:45.000000,2.609023e+07,1.818850e+07,1.239958e+02,1.410265e+06,8.844165e+01,,,,5
2018-04-26 12:31:46.000000,2.609023e+07,1.818688e+07,1.239949e+02,1.410265e+06,8.844165e+01,,,,5
2018-04-26 12:31:47.000000,2.609025e+07,1.818818e+07,1.239955e+02,1.410265e+06,8.844164e+01,,,,5
2018-04-26 12:31:48.000000,2.609025e+07,1.818697e+07,1.239949e+02,1.410265e+06,8.844164e+01,,,,5
2018-04-26 12:31:49.000000,2.609025e+07,1.818657e+07,1.239947e+02,1.410265e+06,8.844164e+01,,,,5
2018-04-26 12:31:50.000000,2.609023e+07,1.818768e+07,1.239954e+02,1.410265e+06,8.844164e+01,,,,5
2018-04-26 12:31:51.000000,2.609023e+07,1.818749e+07,1.239953e+02,1.410265e+06,8.844164e+01,,,,5
2018-04-26 12:31:52.000000,2.609023e+07,1.818873e+07,1.239960e+02,1.410265e+06,8.844164e+01,,,,5
2018-04-26 12:31:53.000000,2.609025e+07,1.818782e+07,1.239955e+02,1.410265e+06,8.844163e+01,,,,5
2018-04-26 12:31:54.000000,2.609025e+07,1.818896e+07,1.239962e+02,1.410265e+06,8.844163e+01,,,,5
2018-04-26 12:31:55.000000,2.609025e+07,1.818777e+07,1.239955e+02,1.410265e+06,8.844163e+01,,,,5
2018-04-26 12:31:56.000000,2.609023e+07,1.818807e+07,1.239956e+02,1.410265e+06,8.844163e+01,,,,5
2018-04-26 12:31:57.000000,2.609023e+07,1.818689e+07,1.239949e+02,1.410265e+06,8.844163e+01,,,,5
2018-04-26 12:31:58.000000,2.609025e+07,1.818764e+07,1.239953e+02,1.410265e+06,8.844163e+01,,,,5
2018-04-26 12:31:59.000000,2.609025e+07,1.818662e+07,1.239947e+02,1.410265e+06,8.844162e+01,,,,5
2018-04-26 12:32:00.000000,2.609025e+07,1.818813e+07,1.239955e+02,1.410265e+06,8.844162e+01,,,,5
2018-04-26 12:32:01.000000,2.609023e+07,1.818752e+07,1.239953e+02,1.410265e+06,8.844162e+01,,,,5
2018-04-26 12:32:02.000000,2.609023e+07,1.818749e+07,1.239953e+02,1.410265e+06,8.844162e+01,,,,5
2018-04-26 12:32:03.000000,2.609023e+07,1.818777e+07,1.239955e+02,1.410265e+06,8.844162e+01,,,,5
2018-04-26 12:32:04.000000,2.609025e+07,1.818780e+07,1.239956e+02,1.410265e+06,8.844162e+01,,,,5
2018-04-26 12:32:05.000000,2.609025e+07,1.818806e+07,1.239957e+02,1.410265e+06,8.844161e+01,,,,5
2018-04-26 12:32:06.000000,2.609025e+07,1.818773e+07,1.239955e+02,1.410265e+06,8.844161e+01,,,,5
2018-04-26 12:32:07.000000,2.609023e+07,1.818808e+07,1.239956e+02,1.410265e+06,8.844161e+01,,,,5
2018-04-26 12:32:08.000000,2.609023e+07,1.818686e+07,1.239949e+02,1.410265e+06,8.844161e+01,,,,5
2018-04-26 12:32:09.000000,2.609023e+07,1.818864e+07,1.239958e+02,1.410265e+06,8.844161e+01,,,,5
2018-04-26 12:32:10.000000,2.609025e+07,1.818664e+07,1.239947e+02,1.410265e+06,8.844161e+01,,,,5
2018-04-26 12:32:11.000000,2.609025e+07,1.818825e+07,1.239956e+02,1.410265e+06,8.844160e+01,,,,5
2018-04-26 12:32:12.000000,2.609023e+07,1.818754e+07,1.239953e+02,1.410265e+06,8.844160e+01,,,,5
2018-04-26 12:32:13.000000,2.609023e+07,1.818910e+07,1.239961e+02,1.410265e+06,8.844160e+01,,,,5
2018-04-26 12:32:14.000000,2.609023e+07,1.818784e+07,1.239955e+02,1.410265e+06,8.844160e+01,,,,5
2018-04-26 12:32:15.000000,2.609025e+07,1.818936e+07,1.239964e+02,1.410265e+06,8.844160e+01,,,,5
2018-04-26 12:32:16.000000,2.609025e+07,1.818820e+07,1.239958e+02,1.410265e+06,8.844160e+01,,,,5
2018-04-26 12:32:17.000000,2.609025e+07,1.818775e+07,1.239955e+02,1.410265e+06,8.844159e+01,,,,5
2018-04-26 12:32:18.000000,2.609023e+07,1.818723e+07,1.239951e+02,1.410265e+06,8.844159e+01,,,,5
2018-04-26 12:32:19.000000,2.609023e+07,1.818684e+07,1.239949e+02,1.410265e+06,8.844159e+01,,,,5
2018-04-26 12:32:20.000000,2.609023e+07,1.818809e+07,1.239956e+02,1.410265e+06,8.844159e+01,,,,5
2018-04-26 12:32:21.000000,2.609025e+07,1.818663e+07,1.239947e+02,1.410265e+06,8.844159e+01,,,,5
2018-04-26 12:32:22.000000,2.609025e+07,1.818768e+07,1.239953e+02,1.410265e+06,8.844159e+01,,,,5
2018-04-26 12:32:23.000000,2.609025e+07,1.818652e+07,1.239946e+02,1.410265e+06,8.844158e+01,,,,5
2018-04-26 12:32:24.000000,2.609023e+07,1.818850e+07,1.239958e+02,1.410265e+06,8.844158e+01,,,,5
2018-04-26 12:32:25.000000,2.609023e+07,1.818749e+07,1.239953e+02,1.410265e+06,8.844158e+01,,,,5
2018-04-26 12:32:26.000000,2.609025e+07,1.818935e+07,1.239964e+02,1.410265e+06,8.844158e+01,,,,5
2018-04-26 12:32:27.000000,2.609025e+07,1.818788e+07,1.239956e+02,1.410265e+06,8.844158e+01,,,,5
2018-04-26 12:32:28.000000,2.609025e+07,1.818780e+07,1.239956e+02,1.410265e+06,8.844158e+01,,,,5
2018-04-26 12:32:29.000000,2.609023e+07,1.818692e+07,1.239950e+02,1.410265e+06,8.844157e+01,,,,5
2018-04-26 12:32:30.000000,2.609023e+07,1.818689e+07,1.239949e+02,1.410265e+06,8.844157e+01,,,,5
2018-04-26 12:32:31.000000,2.609023e+07,1.818808e+07,1.239956e+02,1.410265e+06,8.844157e+01,,,,5
2018-04-26 12:32:32.000000,2.609025e+07,1.818670e+07,1.239948e+02,1.410265e+06,8.844157e+01,,,,5
2018-04-26 12:32:33.000000,2.609025e+07,1.818774e+07,1.239953e+02,1.410265e+06,8.844157e+01,,,,5
2018-04-26 12:32:34.000000,2.609025e+07,1.818649e+07,1.239946e+02,1.410265e+06,8.844157e+01,,,,5
2018-04-26 12:32:35.000000,2.609023e+07,1.818855e+07,1.239959e+02,1.410265e+06,8.844156e+01,,,,5
2018-04-26 12:32:36.000000,2.609023e+07,1.818749e+07,1.239953e+02,1.410265e+06,8.844156e+01,,,,5
2018-04-26 12:32:37.000000,2.609023e+07,1.818922e+07,1.239962e+02,1.410265e+06,8.844156e+01,,,,5
2018-04-26 12:32:38.000000,2.609025e+07,1.818787e+07,1.239956e+02,1.410265e+06,8.844156e+01,,,,5
2018-04-26 12:32:39.000000,2.609025e+07,1.818947e+07,1.239965e+02,1.410265e+06,8.844156e+01,,,,5
2018-04-26 12:32:40.000000,2.609023e+07,1.818712e+07,1.239951e+02,1.410265e+06,8.844156e+01,,,,5
2018-04-26 12:32:41.000000,2.609023e+07,1.818837e+07,1.239957e+02,1.410265e+06,8.844155e+01,,,,5
2018-04-26 12:32:42.000000,2.609023e+07,1.818722e+07,1.239951e+02,1.410265e+06,8.844155e+01,,,,5
2018-04-26 12:32:43.000000,2.609025e+07,1.818809e+07,1.239955e+02,1.410265e+06,8.844155e+01,,,,5
2018-04-26 12:32:44.000000,2.609025e+07,1.818694e+07,1.239948e+02,1.410265e+06,8.844155e+01,,,,5
2018-04-26 12:32:45.000000,2.609025e+07,1.818651e+07,1.239946e+02,1.410265e+06,8.844155e+01,,,,5
2018-04-26 12:32:46.000000,2.609023e+07,1.818766e+07,1.239953e+02,1.410265e+06,8.844155e+01,,,,5
2018-04-26 12:32:47.000000,2.609023e+07,1.818743e+07,1.239953e+02,1.410265e+06,8.844154e+01,,,,5
2018-04-26 12:32:48.000000,2.609023e+07,1.818865e+07,1.239959e+02,1.410265e+06,8.844154e+01,,,,5
2018-04-26 12:32:49.000000,2.609025e+07,1.818781e+07,1.239955e+02,1.410265e+06,8.844154e+01,,,,5
2018-04-26 12:32:50.000000,2.609025e+07,1.818949e+07,1.239965e+02,1.410265e+06,8.844154e+01,,,,5
2018-04-26 12:32:51.000000,2.609025e+07,1.818775e+07,1.239955e+02,1.410265e+06,8.844154e+01,,,,5
2018-04-26 12:32:52.000000,2.609023e+07,1.818857e+07,1.239958e+02,1.410265e+06,8.844154e+01,,,,5
2018-04-26 12:32:53.000000,2.609023e+07,1.818688e+07,1.239949e+02,1.410265e+06,8.844153e+01,,,,5
2018-04-26 12:32:54.000000,2.609025e+07,1.818818e+07,1.239955e+02,1.410265e+06,8.844153e+01,,,,5
2018-04-26 12:32:55.000000,2.609025e+07,1.818697e+07,1.239949e+02,1.410265e+06,8.844153e+01,,,,5
2018-04-26 12:32:56.000000,2.609025e+07,1.818657e+07,1.239947e+02,1.410265e+06,8.844153e+01,,,,5
2018-04-26 12:32:57.000000,2.609023e+07,1.818768e+07,1.239954e+02,1.410265e+06,8.844153e+01,,,,5
2018-04-26 12:32:58.000000,2.609023e+07,1.818749e+07,1.239953e+02,1.410265e+06,8.844153e+01,,,,5
2018-04-26 12:32:59.000000,2.609023e+07,1.818871e+07,1.239960e+02,1.410265e+06,8.844152e+01,,,,5
2018-04-26 12:33:00.000000,2.609025e+07,1.818782e+07,1.239955e+02,1.410265e+06,8.844152e+01,,,,5
2018-04-26 12:33:01.000000,2.609025e+07,1.818896e+07,1.239962e+02,1.410265e+06,8.844152e+01,,,,5
2018-04-26 12:33:02.000000,2.609025e+07,1.818777e+07,1.239955e+02,1.410265e+06,8.844152e+01,,,,5
2018-04-26 12:33:03.000000,2.609023e+07,1.818807e+07,1.239955e+02,1.410265e+06,8.844152e+01,,,,5
2018-04-26 12:33:04.000000,2.609023e+07,1.818689e+07,1.239949e+02,1.410265e+06,8.844152e+01,,,,5
2018-04-26 12:33:05.000000,2.609025e+07,1.818764e+07,1.239953e+02,1.410265e+06,8.844151e+01,,,,5
2018-04-26 12:33:06.000000,2.609025e+07,1.818662e+07,1.239947e+02,1.410265e+06,8.844151e+01,,,,5
2018-04-26 12:33:07.000000,2.609025e+07,1.818813e+07,1.239955e+02,1.410265e+06,8.844151e+01,,,,5
2018-04-26 12:33:08.000000,2.609023e+07,1.818752e+07,1.239953e+02,1.410265e+06,8.844151e+01,,,,5
2018-04-26 12:33:09.000000,2.609023e+07,1.818909e+07,1.239961e+02,1.410265e+06,8.844151e+01,,,,5
2018-04-26 12:33:10.000000,2.609023e+07,1.818782e+07,1.239955e+02,1.410265e+06,8.844151e+01,,,,5
2018-04-26 12:33:11.000000,2.609025e+07,1.818938e+07,1.239964e+02,1.410265e+06,8.844150e+01,,,,5
2018-04-26 12:33:12.000000,2.609025e+07,1.818820e+07,1.239958e+02,1.410265e+06,8.844150e+01,,,,5
2018-04-26 12:33:13.000000,2.609025e+07,1.818775e+07,1.239955e+02,1.410265e+06,8.844150e+01,,,,5
2018-04-26 12:33:14.000000,2.609023e+07,1.818723e+07,1.239950e+02,1.410265e+06,8.844150e+01,,,,5
2018-04-26 12:33:15.000000,2.609023e+07,1.818684e+07,1.239949e+02,1.410265e+06,8.844150e+01,,,,5
2018-04-26 12:33:16.000000,2.609023e+07,1.818809e+07,1.239955e+02,1.410265e+06,8.844150e+01,,,,5
2018-04-26 12:33:17.000000,2.609025e+07,1.818663e+07,1.239947e+02,1.410265e+06,8.844149e+01,,,,5
2018-04-26 12:33:18.000000,2.609025e+07,1.818769e+07,1.239953e+02,1.410265e+06,8.844149e+01,,,,5
2018-04-26 12:33:19.000000,2.609023e+07,1.818746e+07,1.239953e+02,1.410265e+06,8.844149e+01,,,,5
2018-04-26 12:33:20.000000,2.609023e+07,1.818856e+07,1.239959e+02,1.410265e+06,8.844149e+01,,,,5
2018-04-26 12:33:21.000000,2.609023e+07,1.818748e+07,1.239953e+02,1.410265e+06,8.844149e+01,,,,5
2018-04-26 12:33:22.000000,2.609025e+07,1.818935e+07,1.239964e+02,1.410265e+06,8.844149e+01,,,,5
2018-04-26 12:33:23.000000,2.609025e+07,1.818788e+07,1.239956e+02,1.410265e+06,8.844148e+01,,,,5
2018-04-26 12:33:24.000000,2.609025e+07,1.818781e+07,1.239956e+02,1.410265e+06,8.844148e+01,,,,5
2018-04-26 12:33:25.000000,2.609023e+07,1.818691e+07,1.239950e+02,1.410265e+06,8.844148e+01,,,,5
2018-04-26 12:33:26.000000,2.609024e+07,1.818689e+07,1.239949e+02,1.410265e+06,8.844148e+01,,,,5
2018-04-26 12:33:27.000000,2.609023e+07,1.818810e+07,1.239956e+02,1.410265e+06,8.844148e+01,,,,5
2018-04-26 12:33:28.000000,2.609025e+07,1.818669e+07,1.239948e+02,1.410265e+06,8.844148e+01,,,,5
2018-04-26 12:33:29.000000,2.609025e+07,1.818774e+07,1.239953e+02,1.410265e+06,8.844147e+01,,,,5
2018-04-26 12:33:30.000000,2.609025e+07,1.818649e+07,1.239946e+02,1.410265e+06,8.844147e+01,,,,5
2018-04-26 12:33:31.000000,2.609023e+07,1.818857e+07,1.239959e+02,1.410265e+06,8.844147e+01,,,,5
2018-04-26 12:33:32.000000,2.609023e+07,1.818749e+07,1.239953e+02,1.410265e+06,8.844147e+01,,,,5
2018-04-26 12:33:33.000000,2.609025e+07,1.818885e+07,1.239961e+02,1.410265e+06,8.844147e+01,,,,5
2018-04-26 12:33:34.000000,2.609025e+07,1.818785e+07,1.239956e+02,1.410265e+06,8.844147e+01,,,,5
2018-04-26 12:33:35.000000,2.609025e+07,1.818949e+07,1.239965e+02,1.410265e+06,8.844146e+01,,,,5
2018-04-26 12:33:36.000000,2.609023e+07,1.818713e+07,1.239951e+02,1.410265e+06,8.844146e+01,,,,5
2018-04-26 12:33:37.000000,2.609023e+07,1.818838e+07,1.239957e+02,1.410265e+06,8.844146e+01,,,,5
2018-04-26 12:33:38.000000,2.609023e+07,1.818721e+07,1.239950e+02,1.410265e+06,8.844146e+01,,,,5
2018-04-26 12:33:39.000000,2.609025e+07,1.818809e+07,1.239955e+02,1.410265e+06,8.844146e+01,,,,5
2018-04-26 12:33:40.000000,2.609025e+07,1.818694e+07,1.239948e+02,1.410265e+06,8.844146e+01,,,,5
2018-04-26 12:33:41.000000,2.609025e+07,1.818651e+07,1.239946e+02,1.410265e+06,8.844145e+01,,,,5
2018-04-26 12:33:42.000000,2.609023e+07,1.818767e+07,1.239953e+02,1.410265e+06,8.844145e+01,,,,5
2018-04-26 12:33:43.000000,2.609023e+07,1.818744e+07,1.239953e+02,1.410265e+06,8.844145e+01,,,,5
2018-04-26 12:33:44.000000,2.609023e+07,1.818866e+07,1.239959e+02,1.410265e+06,8.844145e+01,,,,5
2018-04-26 12:33:45.000000,2.609025e+07,1.818780e+07,1.239955e+02,1.410265e+06,8.844145e+01,,,,5
2018-04-26 12:33:46.000000,2.609025e+07,1.818949e+07,1.239965e+02,1.410265e+06,8.844145e+01,,,,5
2018-04-26 12:33:47.000000,2.609023e+07,1.818711e+07,1.239951e+02,1.410265e+06,8.844144e+01,,,,5
2018-04-26 12:33:48.000000,2.609023e+07,1.818850e+07,1.239957e+02,1.410265e+06,8.844144e+01,,,,5
2018-04-26 12:33:49.000000,2.609023e+07,1.818688e+07,1.239949e+02,1.410265e+06,8.844144e+01,,,,5
2018-04-26 12:33:50.000000,2.609025e+07,1.818818e+07,1.239955e+02,1.410265e+06,8.844144e+01,,,,5
2018-04-26 12:33:51.000000,2.609025e+07,1.818695e+07,1.239949e+02,1.410265e+06,8.844144e+01,,,,5
2018-04-26 12:33:52.000000,2.609025e+07,1.818657e+07,1.239947e+02,1.410265e+06,8.844144e+01,,,,5
2018-04-26 12:33:53.000000,2.609023e+07,1.818768e+07,1.239954e+02,1.410265e+06,8.844143e+01,,,,5
2018-04-26 12:33:54.000000,2.609023e+07,1.818749e+07,1.239953e+02,1.410265e+06,8.844143e+01,,,,5
2018-04-26 12:33:55.000000,2.609023e+07,1.818873e+07,1.239960e+02,1.410265e+06,8.844143e+01,,,,5
2018-04-26 12:33:56.000000,2.609025e+07,1.818782e+07,1.239955e+02,1.410265e+06,8.844143e+01,,,,5
2018-04-26 12:33:57.000000,2.609025e+07,1.818896e+07,1.239962e+02,1.410265e+06,8.844143e+01,,,,5
2018-04-26 12:33:58.000000,2.609025e+07,1.818776e+07,1.239955e+02,1.410265e+06,8.844143e+01,,,,5
2018-04-26 12:33:59.000000,2.609023e+07,1.818807e+07,1.239955e+02,1.410265e+06,8.844142e+01,,,,5
2018-04-26 12:34:00.000000,2.609023e+07,1.818689e+07,1.239949e+02,1.410265e+06,8.844142e+01,,,,5
2018-04-26 12:34:01.000000,2.609025e+07,1.818765e+07,1.239953e+02,1.410265e+06,8.844142e+01,,,,5
2018-04-26 12:34:02.000000,2.609025e+07,1.818662e+07,1.239947e+02,1.410265e+06,8.844142e+01,,,,5
2018-04-26 12:34:03.000000,2.609025e+07,1.818813e+07,1.239955e+02,1.410265e+06,8.844142e+01,,,,5
2018-04-26 12:34:04.000000,2.609023e+07,1.818752e+07,1.239953e+02,1.410265e+06,8.844142e+01,,,,5
2018-04-26 12:34:05.000000,2.609023e+07,1.818749e+07,1.239953e+02,1.410265e+06,8.844141e+01,,,,5
2018-04-26 12:34:06.000000,2.609023e+07,1.818777e+07,1.239954e+02,1.410265e+06,8.844141e+01,,,,5
2018-04-26 12:34:07.000000,2.609025e+07,1.818781e+07,1.239956e+02,1.410265e+06,8.844141e+01,,,,5
2018-04-26 12:34:08.000000,2.609025e+07,1.818807e+07,1.239957e+02,1.410265e+06,8.844141e+01,,,,5
2018-04-26 12:34:09.000000,2.609025e+07,1.818773e+07,1.239955e+02,1.410265e+06,8.844141e+01,,,,5
2018-04-26 12:34:10.000000,2.609023e+07,1.818808e+07,1.239955e+02,1.410265e+06,8.844141e+01,,,,5
2018-04-26 12:34:11.000000,2.609023e+07,1.818687e+07,1.239949e+02,1.410265e+06,8.844140e+01,,,,5
2018-04-26 12:34:12.000000,2.609023e+07,1.818864e+07,1.239958e+02,1.410265e+06,8.844140e+01,,,,5
2018-04-26 12:34:13.000000,2.609025e+07,1.818664e+07,1.239947e+02,1.410265e+06,8.844140e+01,,,,5
2018-04-26 12:34:14.000000,2.609025e+07,1.818825e+07,1.239956e+02,1.410265e+06,8.844140e+01,,,,5
2018-04-26 12:34:15.000000,2.609023e+07,1.818753e+07,1.239953e+02,1.410265e+06,8.844140e+01,,,,5
2018-04-26 12:34:16.000000,2.609023e+07,1.818910e+07,1.239961e+02,1.410265e+06,8.844140e+01,,,,5
2018-04-26 12:34:17.000000,2.609023e+07,1.818784e+07,1.239955e+02,1.410265e+06,8.844139e+01,,,,5
2018-04-26 12:34:18.000000,2.609025e+07,1.818938e+07,1.239964e+02,1.410265e+06,8.844139e+01,,,,5
2018-04-26 12:34:19.000000,2.609025e+07,1.818820e+07,1.239958e+02,1.410265e+06,8.844139e+01,,,,5
2018-04-26 12:34:20.000000,2.609025e+07,1.818775e+07,1.239955e+02,1.410265e+06,8.844139e+01,,,,5
2018-04-26 12:34:21.000000,2.609023e+07,1.818723e+07,1.239950e+02,1.410265e+06,8.844139e+01,,,,5
2018-04-26 12:34:22.000000,2.609023e+07,1.818684e+07,1.239949e+02,1.410265e+06,8.844139e+01,,,,5
2018-04-26 12:34:23.000000,2.609023e+07,1.818809e+07,1.239955e+02,1.410265e+06,8.844138e+01,,,,5
2018-04-26 12:34:24.000000,2.609025e+07,1.818664e+07,1.239947e+02,1.410265e+06,8.844138e+01,,,,5
2018-04-26 12:34:25.000000,2.609025e+07,1.818769e+07,1.239953e+02,1.410265e+06,8.844138e+01,,,,5
2018-04-26 12:34:26.000000,2.609025e+07,1.818653e+07,1.239946e+02,1.410265e+06,8.844138e+01,,,,5
2018-04-26 12:34:27.000000,2.609023e+07,1.818850e+07,1.239958e+02,1.410265e+06,8.844138e+01,,,,5
2018-04-26 12:34:28.000000,2.609023e+07,1.818749e+07,1.239953e+02,1.410265e+06,8.844138e+01,,,,5
2018-04-26 12:34:29.000000,2.609025e+07,1.818935e+07,1.239964e+02,1.410265e+06,8.844137e+01,,,,5
2018-04-26 12:34:30.000000,2.609025e+07,1.818788e+07,1.239956e+02,1.410265e+06,8.844137e+01,,,,5
2018-04-26 12:34:31.000000,2.609025e+07,1.818781e+07,1.239956e+02,1.410265e+06,8.844137e+01,,,,5
2018-04-26 12:34:32.000000,2.609023e+07,1.818691e+07,1.239950e+02,1.410265e+06,8.844137e+01,,,,5
2018-04-26 12:34:33.000000,2.609024e+07,1.818689e+07,1.239949e+02,1.410265e+06,8.844137e+01,,,,5
2018-04-26 12:34:34.000000,2.609023e+07,1.818808e+07,1.239955e+02,1.410265e+06,8.844137e+01,,,,5
2018-04-26 12:34:35.000000,2.609025e+07,1.818669e+07,1.239948e+02,1.410265e+06,8.844136e+01,,,,5
2018-04-26 12:34:36.000000,2.609025e+07,1.818774e+07,1.239953e+02,1.410265e+06,8.844136e+01,,,,5
2018-04-26 12:34:37.000000,2.609025e+07,1.818649e+07,1.239946e+02,1.410265e+06,8.844136e+01,,,,5
2018-04-26 12:34:38.000000,2.609023e+07,1.818855e+07,1.239959e+02,1.410265e+06,8.844136e+01,,,,5
2018-04-26 12:34:39.000000,2.609023e+07,1.818749e+07,1.239953e+02,1.410265e+06,8.844136e+01,,,,5
2018-04-26 12:34:40.000000,2.609023e+07,1.818923e+07,1.239962e+02,1.410265e+06,8.844136e+01,,,,5
2018-04-26 12:34:41.000000,2.609025e+07,1.818787e+07,1.239956e+02,1.410265e+06,8.844135e+01,,,,5
2018-04-26 12:34:42.000000,2.609025e+07,1.818948e+07,1.239965e+02,1.410265e+06,8.844135e+01,,,,5
2018-04-26 12:34:43.000000,2.609023e+07,1.818712e+07,1.239951e+02,1.410265e+06,8.844135e+01,,,,5
2018-04-26 12:34:44.000000,2.609023e+07,1.818838e+07,1.239956e+02,1.410265e+06,8.844135e+01,,,,5
2018-04-26 12:34:45.000000,2.609023e+07,1.818722e+07,1.239950e+02,1.410265e+06,8.844135e+01,,,,5
2018-04-26 12:34:46.000000,2.609025e+07,1.818809e+07,1.239955e+02,1.410265e+06,8.844135e+01,,,,5
2018-04-26 12:34:47.000000,2.609025e+07,1.818694e+07,1.239948e+02,1.410265e+06,8.844135e+01,,,,5
2018-04-26 12:34:48.000000,2.609025e+07,1.818651e+07,1.239946e+02,1.410265e+06,8.844134e+01,,,,5
2018-04-26 12:34:49.000000,2.609023e+07,1.818767e+07,1.239953e+02,1.410264e+06,8.844134e+01,,,,5
2018-04-26 12:34:50.000000,2.609023e+07,1.818743e+07,1.239953e+02,1.410264e+06,8.844134e+01,,,,5
2018-04-26 12:34:51.000000,2.609023e+07,1.818865e+07,1.239959e+02,1.410264e+06,8.844134e+01,,,,5
2018-04-26 12:34:52.000000,2.609025e+07,1.818780e+07,1.239955e+02,1.410264e+06,8.844134e+01,,,,5
2018-04-26 12:34:53.000000,2.609025e+07,1.818949e+07,1.239965e+02,1.410264e+06,8.844134e+01,,,,5
2018-04-26 12:34:54.000000,2.609023e+07,1.818710e+07,1.239950e+02,1.410264e+06,8.844133e+01,,,,5
2018-04-26 12:34:55.000000,2.609023e+07,1.818849e+07,1.239957e+02,1.410264e+06,8.844133e+01,,,,5
2018-04-26 12:34:56.000000,2.609023e+07,1.818688e+07,1.239948e+02,1.410264e+06,8.844133e+01,,,,5
2018-04-26 12:34:57.000000,2.609025e+07,1.818818e+07,1.239955e+02,1.410264e+06,8.844133e+01,,,,5
2018-04-26 12:34:58.000000,2.609025e+07,1.818697e+07,1.239949e+02,1.410264e+06,8.844133e+01,,,,5
2018-04-26 12:34:59.000000,2.609025e+07,1.818657e+07,1.239947e+02,1.410264e+06,8.844133e+01,,,,5
2018-04-26 12:35:00.000000,2.609023e+07,1.818768e+07,1.239953e+02,1.410264e+06,8.844132e+01,,,,5
2018-04-26 12:35:01.000000,2.609023e+07,1.818749e+07,1.239953e+02,1.410264e+06,8.844132e+01,,,,5
2018-04-26 12:35:02.000000,2.609023e+07,1.818871e+07,1.239960e+02,1.410264e+06,8.844132e+01,,,,5
2018-04-26 12:35:03.000000,2.609025e+07,1.818782e+07,1.239955e+02,1.410264e+06,8.844132e+01,,,,5
2018-04-26 12:35:04.000000,2.609025e+07,1.818896e+07,1.239962e+02,1.410264e+06,8.844132e+01,,,,5
2018-04-26 12:35:05.000000,2.609025e+07,1.818777e+07,1.239955e+02,1.410264e+06,8.844132e+01,,,,5
2018-04-26 12:35:06.000000,2.609023e+07,1.818807e+07,1.239955e+02,1.410264e+06,8.844131e+01,,,,5
2018-04-26 12:35:07.000000,2.609023e+07,1.818689e+07,1.239949e+02,1.410264e+06,8.844131e+01,,,,5
2018-04-26 12:35:08.000000,2.609025e+07,1.818764e+07,1.239953e+02,1.410264e+06,8.844131e+01,,,,5
2018-04-26 12:35:09.000000,2.609025e+07,1.818662e+07,1.239947e+02,1.410264e+06,8.844131e+01,,,,5
2018-04-26 12:35:10.000000,2.609025e+07,1.818813e+07,1.239955e+02,1.410264e+06,8.844131e+01,,,,5
2018-04-26 12:35:11.000000,2.609023e+07,1.818752e+07,1.239953e+02,1.410264e+06,8.844131e+01,,,,5
2018-04-26 12:35:12.000000,2.609023e+07,1.818749e+07,1.239953e+02,1.410264e+06,8.844130e+01,,,,5
2018-04-26 12:35:13.000000,2.609023e+07,1.818777e+07,1.239954e+02,1.410264e+06,8.844130e+01,,,,5
2018-04-26 12:35:14.000000,2.609025e+07,1.818780e+07,1.239956e+02,1.410264e+06,8.844130e+01,,,,5
2018-04-26 12:35:15.000000,2.609025e+07,1.818806e+07,1.239957e+02,1.410264e+06,8.844130e+01,,,,5
2018-04-26 12:35:16.000000,2.609025e+07,1.818773e+07,1.239955e+02,1.410264e+06,8.844130e+01,,,,5
2018-04-26 12:35:17.000000,2.609023e+07,1.818808e+07,1.239955e+02,1.410264e+06,8.844130e+01,,,,5
2018-04-26 12:35:18.000000,2.609023e+07,1.818686e+07,1.239948e+02,1.410264e+06,8.844129e+01,,,,5
2018-04-26 12:35:19.000000,2.609023e+07,1.818862e+07,1.239958e+02,1.410264e+06,8.844129e+01,,,,5
2018-04-26 12:35:20.000000,2.609025e+07,1.818664e+07,1.239947e+02,1.410264e+06,8.844129e+01,,,,5
2018-04-26 12:35:21.000000,2.609025e+07,1.818825e+07,1.239956e+02,1.410264e+06,8.844129e+01,,,,5
2018-04-26 12:35:22.000000,2.609023e+07,1.818754e+07,1.239953e+02,1.410264e+06,8.844129e+01,,,,5
2018-04-26 12:35:23.000000,2.609023e+07,1.818910e+07,1.239961e+02,1.410264e+06,8.844129e+01,,,,5
2018-04-26 12:35:24.000000,2.609023e+07,1.818784e+07,1.239954e+02,1.410264e+06,8.844129e+01,,,,5
2018-04-26 12:35:25.000000,2.609025e+07,1.818936e+07,1.239964e+02,1.410264e+06,8.844128e+01,,,,5
2018-04-26 12:35:26.000000,2.609025e+07,1.818820e+07,1.239958e+02,1.410264e+06,8.844128e+01,,,,5
2018-04-26 12:35:27.000000,2.609025e+07,1.818775e+07,1.239955e+02,1.410264e+06,8.844128e+01,,,,5
2018-04-26 12:35:28.000000,2.609023e+07,1.818723e+07,1.239950e+02,1.410264e+06,8.844128e+01,,,,5
2018-04-26 12:35:29.000000,2.609023e+07,1.818684e+07,1.239949e+02,1.410264e+06,8.844128e+01,,,,5
2018-04-26 12:35:30.000000,2.609023e+07,1.818809e+07,1.239955e+02,1.410264e+06,8.844128e+01,,,,5
2018-04-26 12:35:31.000000,2.609025e+07,1.818663e+07,1.239947e+02,1.410264e+06,8.844127e+01,,,,5
2018-04-26 12:35:32.000000,2.609025e+07,1.818768e+07,1.239953e+02,1.410264e+06,8.844127e+01,,,,5
2018-04-26 12:35:33.000000,2.609025e+07,1.818652e+07,1.239946e+02,1.410264e+06,8.844127e+01,,,,5
2018-04-26 12:35:34.000000,2.609023e+07,1.818850e+07,1.239958e+02,1.410264e+06,8.844127e+01,,,,5
2018-04-26 12:35:35.000000,2.609023e+07,1.818749e+07,1.239953e+02,1.410264e+06,8.844127e+01,,,,5
2018-04-26 12:35:36.000000,2.609025e+07,1.818935e+07,1.239964e+02,1.410264e+06,8.844127e+01,,,,5
2018-04-26 12:35:37.000000,2.609025e+07,1.818788e+07,1.239956e+02,1.410264e+06,8.844126e+01,,,,5
2018-04-26 12:35:38.000000,2.609025e+07,1.818780e+07,1.239956e+02,1.410264e+06,8.844126e+01,,,,5
2018-04-26 12:35:39.000000,2.609023e+07,1.818692e+07,1.239949e+02,1.410264e+06,8.844126e+01,,,,5
2018-04-26 12:35:40.000000,2.609023e+07,1.818689e+07,1.239949e+02,1.410264e+06,8.844126e+01,,,,5
2018-04-26 12:35:41.000000,2.609023e+07,1.818808e+07,1.239955e+02,1.410264e+06,8.844126e+01,,,,5
2018-04-26 12:35:42.000000,2.609025e+07,1.818670e+07,1.239948e+02,1.410264e+06,8.844126e+01,,,,5
2018-04-26 12:35:43.000000,2.609025e+07,1.818774e+07,1.239953e+02,1.410264e+06,8.844125e+01,,,,5
2018-04-26 12:35:44.000000,2.609025e+07,1.818649e+07,1.239946e+02,1.410264e+06,8.844125e+01,,,,5
2018-04-26 12:35:45.000000,2.609023e+07,1.818855e+07,1.239959e+02,1.410264e+06,8.844125e+01,,,,5
2018-04-26 12:35:46.000000,2.609023e+07,1.818751e+07,1.239953e+02,1.410264e+06,8.844125e+01,,,,5
2018-04-26 12:35:47.000000,2.609023e+07,1.818922e+07,1.239962e+02,1.410264e+06,8.844125e+01,,,,5
2018-04-26 12:35:48.000000,2.609025e+07,1.818787e+07,1.239956e+02,1.410264e+06,8.844125e+01,,,,5
2018-04-26 12:35:49.000000,2.609025e+07,1.818947e+07,1.239965e+02,1.410264e+06,8.844124e+01,,,,5
2018-04-26 12:35:50.000000,2.609023e+07,1.818712e+07,1.239951e+02,1.410264e+06,8.844124e+01,,,,5
2018-04-26 12:35:51.000000,2.609023e+07,1.818837e+07,1.239956e+02,1.410264e+06,8.844124e+01,,,,5
2018-04-26 12:35:52.000000,2.609023e+07,1.818722e+07,1.239950e+02,1.410264e+06,8.844124e+01,,,,5
2018-04-26 12:35:53.000000,2.609025e+07,1.818809e+07,1.239955e+02,1.410264e+06,8.844124e+01,,,,5
2018-04-26 12:35:54.000000,2.609025e+07,1.818694e+07,1.239948e+02,1.410264e+06,8.844124e+01,,,,5
2018-04-26 12:35:55.000000,2.609025e+07,1.818651e+07,1.239946e+02,1.410264e+06,8.844123e+01,,,,5
2018-04-26 12:35:56.000000,2.609023e+07,1.818766e+07,1.239953e+02,1.410264e+06,8.844123e+01,,,,5
2018-04-26 12:35:57.000000,2.609023e+07,1.818743e+07,1.239953e+02,1.410264e+06,8.844123e+01,,,,5
2018-04-26 12:35:58.000000,2.609023e+07,1.818865e+07,1.239959e+02,1.410264e+06,8.844123e+01,,,,5
2018-04-26 12:35:59.000000,2.609025e+07,1.818781e+07,1.239955e+02,1.410264e+06,8.844123e+01,,,,5
2018-04-26 12:36:00.000000,2.609025e+07,1.818949e+07,1.239965e+02,1.410264e+06,8.844123e+01,,,,5
2018-04-26 12:36:01.000000,2.609025e+07,1.818775e+07,1.239955e+02,1.410264e+06,8.844123e+01,,,,5
2018-04-26 12:36:02.000000,2.609023e+07,1.818857e+07,1.239958e+02,1.410264e+06,8.844122e+01,,,,5
2018-04-26 12:36:03.000000,2.609023e+07,1.818690e+07,1.239948e+02,1.410264e+06,8.844122e+01,,,,5
2018-04-26 12:36:04.000000,2.609025e+07,1.818817e+07,1.239955e+02,1.410264e+06,8.844122e+01,,,,5
2018-04-26 12:36:05.000000,2.609025e+07,1.818697e+07,1.239949e+02,1.410264e+06,8.844122e+01,,,,5
2018-04-26 12:36:06.000000,2.609025e+07,1.818657e+07,1.239947e+02,1.410264e+06,8.844122e+01,,,,5
2018-04-26 12:36:07.000000,2.609023e+07,1.818768e+07,1.239953e+02,1.410264e+06,8.844122e+01,,,,5
2018-04-26 12:36:08.000000,2.609023e+07,1.818749e+07,1.239953e+02,1.410264e+06,8.844121e+01,,,,5
2018-04-26 12:36:09.000000,2.609023e+07,1.818871e+07,1.239960e+02,1.410264e+06,8.844121e+01,,,,5
2018-04-26 12:36:10.000000,2.609025e+07,1.818782e+07,1.239955e+02,1.410264e+06,8.844121e+01,,,,5
2018-04-26 12:36:11.000000,2.609025e+07,1.818896e+07,1.239962e+02,1.410264e+06,8.844121e+01,,,,5
2018-04-26 12:36:12.000000,2.609025e+07,1.818777e+07,1.239955e+02,1.410264e+06,8.844121e+01,,,,5
2018-04-26 12:36:13.000000,2.609023e+07,1.818807e+07,1.239955e+02,1.410264e+06,8.844121e+01,,,,5
2018-04-26 12:36:14.000000,2.609023e+07,1.818689e+07,1.239949e+02,1.410264e+06,8.844120e+01,,,,5
2018-04-26 12:36:15.000000,2.609023e+07,1.818849e+07,1.239957e+02,1.410264e+06,8.844120e+01,,,,5
2018-04-26 12:36:16.000000,2.609025e+07,1.818667e+07,1.239947e+02,1.410264e+06,8.844120e+01,,,,5
2018-04-26 12:36:17.000000,2.609025e+07,1.818813e+07,1.239955e+02,1.410264e+06,8.844120e+01,,,,5
2018-04-26 12:36:18.000000,2.609023e+07,1.818752e+07,1.239953e+02,1.410264e+06,8.844120e+01,,,,5
2018-04-26 12:36:19.000000,2.609023e+07,1.818749e+07,1.239953e+02,1.410264e+06,8.844120e+01,,,,5
2018-04-26 12:36:20.000000,2.609023e+07,1.818777e+07,1.239954e+02,1.410264e+06,8.844119e+01,,,,5
2018-04-26 12:36:21.000000,2.609025e+07,1.818780e+07,1.239956e+02,1.410264e+06,8.844119e+01,,,,5
2018-04-26 12:36:22.000000,2.609025e+07,1.818806e+07,1.239957e+02,1.410264e+06,8.844119e+01,,,,5
2018-04-26 12:36:23.000000,2.609025e+07,1.818774e+07,1.239955e+02,1.410264e+06,8.844119e+01,,,,5
2018-04-26 12:36:24.000000,2.609023e+07,1.818808e+07,1.239955e+02,1.410264e+06,8.844119e+01,,,,5
2018-04-26 12:36:25.000000,2.609023e+07,1.818686e+07,1.239948e+02,1.410264e+06,8.844119e+01,,,,5
2018-04-26 12:36:26.000000,2.609023e+07,1.818862e+07,1.239958e+02,1.410264e+06,8.844119e+01,,,,5
2018-04-26 12:36:27.000000,2.609025e+07,1.818664e+07,1.239947e+02,1.410264e+06,8.844118e+01,,,,5
2018-04-26 12:36:28.000000,2.609025e+07,1.818825e+07,1.239956e+02,1.410264e+06,8.844118e+01,,,,5
2018-04-26 12:36:29.000000,2.609023e+07,1.818754e+07,1.239953e+02,1.410264e+06,8.844118e+01,,,,5
2018-04-26 12:36:30.000000,2.609023e+07,1.818907e+07,1.239961e+02,1.410264e+06,8.844118e+01,,,,5
2018-04-26 12:36:31.000000,2.609023e+07,1.818784e+07,1.239954e+02,1.410264e+06,8.844118e+01,,,,5
2018-04-26 12:36:32.000000,2.609025e+07,1.818936e+07,1.239964e+02,1.410264e+06,8.844118e+01,,,,5
2018-04-26 12:36:33.000000,2.609025e+07,1.818821e+07,1.239958e+02,1.410264e+06,8.844117e+01,,,,5
2018-04-26 12:36:34.000000,2.609025e+07,1.818774e+07,1.239955e+02,1.410264e+06,8.844117e+01,,,,5
2018-04-26 12:36:35.000000,2.609023e+07,1.818723e+07,1.239950e+02,1.410264e+06,8.844117e+01,,,,5
2018-04-26 12:36:36.000000,2.609023e+07,1.818684e+07,1.239949e+02,1.410264e+06,8.844117e+01,,,,5
2018-04-26 12:36:37.000000,2.609023e+07,1.818807e+07,1.239955e+02,1.410264e+06,8.844117e+01,,,,5
2018-04-26 12:36:38.000000,2.609025e+07,1.818663e+07,1.239947e+02,1.410264e+06,8.844117e+01,,,,5
2018-04-26 12:36:39.000000,2.609025e+07,1.818768e+07,1.239952e+02,1.410264e+06,8.844116e+01,,,,5
2018-04-26 12:36:40.000000,2.609025e+07,1.818653e+07,1.239946e+02,1.410264e+06,8.844116e+01,,,,5
2018-04-26 12:36:41.000000,2.609023e+07,1.818850e+07,1.239958e+02,1.410264e+06,8.844116e+01,,,,5
2018-04-26 12:36:42.000000,2.609023e+07,1.818749e+07,1.239953e+02,1.410264e+06,8.844116e+01,,,,5
2018-04-26 12:36:43.000000,2.609025e+07,1.818933e+07,1.239964e+02,1.410264e+06,8.844116e+01,,,,5
2018-04-26 12:36:44.000000,2.609025e+07,1.818788e+07,1.239956e+02,1.410264e+06,8.844116e+01,,,,5
2018-04-26 12:36:45.000000,2.609025e+07,1.818780e+07,1.239956e+02,1.410264e+06,8.844115e+01,,,,5
2018-04-26 12:36:46.000000,2.609023e+07,1.818692e+07,1.239949e+02,1.410264e+06,8.844115e+01,,,,5
2018-04-26 12:36:47.000000,2.609023e+07,1.818688e+07,1.239949e+02,1.410264e+06,8.844115e+01,,,,5
2018-04-26 12:36:48.000000,2.609023e+07,1.818808e+07,1.239955e+02,1.410264e+06,8.844115e+01,,,,5
2018-04-26 12:36:49.000000,2.609025e+07,1.818670e+07,1.239947e+02,1.410264e+06,8.844115e+01,,,,5
2018-04-26 12:36:50.000000,2.609025e+07,1.818773e+07,1.239953e+02,1.410264e+06,8.844115e+01,,,,5
2018-04-26 12:36:51.000000,2.609025e+07,1.818649e+07,1.239946e+02,1.410264e+06,8.844115e+01,,,,5
2018-04-26 12:36:52.000000,2.609023e+07,1.818855e+07,1.239958e+02,1.410264e+06,8.844114e+01,,,,5
2018-04-26 12:36:53.000000,2.609023e+07,1.818751e+07,1.239953e+02,1.410264e+06,8.844114e+01,,,,5
2018-04-26 12:36:54.000000,2.609023e+07,1.818920e+07,1.239962e+02,1.410264e+06,8.844114e+01,,,,5
2018-04-26 12:36:55.000000,2.609025e+07,1.818787e+07,1.239956e+02,1.410264e+06,8.844114e+01,,,,5
2018-04-26 12:36:56.000000,2.609025e+07,1.818947e+07,1.239965e+02,1.410264e+06,8.844114e+01,,,,5
2018-04-26 12:36:57.000000,2.609023e+07,1.818714e+07,1.239951e+02,1.410264e+06,8.844114e+01,,,,5
2018-04-26 12:36:58.000000,2.609023e+07,1.818837e+07,1.239956e+02,1.410264e+06,8.844113e+01,,,,5
2018-04-26 12:36:59.000000,2.609023e+07,1.818722e+07,1.239950e+02,1.410264e+06,8.844113e+01,,,,5
2018-04-26 12:37:00.000000,2.609025e+07,1.818808e+07,1.239954e+02,1.410264e+06,8.844113e+01,,,,5
2018-04-26 12:37:01.000000,2.609025e+07,1.818694e+07,1.239948e+02,1.410264e+06,8.844113e+01,,,,5
2018-04-26 12:37:02.000000,2.609025e+07,1.818651e+07,1.239946e+02,1.410264e+06,8.844113e+01,,,,5
2018-04-26 12:37:03.000000,2.609023e+07,1.818766e+07,1.239953e+02,1.410264e+06,8.844113e+01,,,,5
2018-04-26 12:37:04.000000,2.609023e+07,1.818743e+07,1.239953e+02,1.410264e+06,8.844112e+01,,,,5
2018-04-26 12:37:05.000000,2.609023e+07,1.818865e+07,1.239959e+02,1.410264e+06,8.844112e+01,,,,5
2018-04-26 12:37:06.000000,2.609025e+07,1.818781e+07,1.239955e+02,1.410264e+06,8.844112e+01,,,,5
2018-04-26 12:37:07.000000,2.609025e+07,1.818947e+07,1.239964e+02,1.410264e+06,8.844112e+01,,,,5
2018-04-26 12:37:08.000000,2.609025e+07,1.818775e+07,1.239955e+02,1.410264e+06,8.844112e+01,,,,5
2018-04-26 12:37:09.000000,2.609023e+07,1.818857e+07,1.239958e+02,1.410264e+06,8.844112e+01,,,,5
2018-04-26 12:37:10.000000,2.609023e+07,1.818690e+07,1.239948e+02,1.410264e+06,8.844111e+01,,,,5
2018-04-26 12:37:11.000000,2.609025e+07,1.818816e+07,1.239955e+02,1.410264e+06,8.844111e+01,,,,5
2018-04-26 12:37:12.000000,2.609025e+07,1.818697e+07,1.239949e+02,1.410264e+06,8.844111e+01,,,,5
2018-04-26 12:37:13.000000,2.609025e+07,1.818657e+07,1.239946e+02,1.410264e+06,8.844111e+01,,,,5
2018-04-26 12:37:14.000000,2.609023e+07,1.818766e+07,1.239953e+02,1.410264e+06,8.844111e+01,,,,5
2018-04-26 12:37:15.000000,2.609023e+07,1.818749e+07,1.239953e+02,1.410264e+06,8.844111e+01,,,,5
2018-04-26 12:37:16.000000,2.609023e+07,1.818871e+07,1.239959e+02,1.410264e+06,8.844111e+01,,,,5
2018-04-26 12:37:17.000000,2.609025e+07,1.818782e+07,1.239955e+02,1.410264e+06,8.844110e+01,,,,5
2018-04-26 12:37:18.000000,2.609025e+07,1.818896e+07,1.239962e+02,1.410264e+06,8.844110e+01,,,,5
2018-04-26 12:37:19.000000,2.609025e+07,1.818777e+07,1.239955e+02,1.410264e+06,8.844110e+01,,,,5
2018-04-26 12:37:20.000000,2.609023e+07,1.818807e+07,1.239955e+02,1.410264e+06,8.844110e+01,,,,5
2018-04-26 12:37:21.000000,2.609023e+07,1.818691e+07,1.239949e+02,1.410264e+06,8.844110e+01,,,,5
2018-04-26 12:37:22.000000,2.609023e+07,1.818849e+07,1.239957e+02,1.410264e+06,8.844110e+01,,,,5
2018-04-26 12:37:23.000000,2.609025e+07,1.818667e+07,1.239947e+02,1.410264e+06,8.844109e+01,,,,5
2018-04-26 12:37:24.000000,2.609025e+07,1.818811e+07,1.239955e+02,1.410264e+06,8.844109e+01,,,,5
2018-04-26 12:37:25.000000,2.609023e+07,1.818752e+07,1.239953e+02,1.410264e+06,8.844109e+01,,,,5
2018-04-26 12:37:26.000000,2.609023e+07,1.818749e+07,1.239953e+02,1.410264e+06,8.844109e+01,,,,5
2018-04-26 12:37:27.000000,2.609023e+07,1.818777e+07,1.239954e+02,1.410264e+06,8.844109e+01,,,,5
2018-04-26 12:37:28.000000,2.609025e+07,1.818780e+07,1.239955e+02,1.410264e+06,8.844109e+01,,,,5
2018-04-26 12:37:29.000000,2.609025e+07,1.818806e+07,1.239957e+02,1.410264e+06,8.844108e+01,,,,5
2018-04-26 12:37:30.000000,2.609025e+07,1.818774e+07,1.239955e+02,1.410264e+06,8.844108e+01,,,,5
2018-04-26 12:37:31.000000,2.609023e+07,1.818723e+07,1.239950e+02,1.410264e+06,8.844108e+01,,,,5
2018-04-26 12:37:32.000000,2.609023e+07,1.818684e+07,1.239948e+02,1.410264e+06,8.844108e+01,,,,5
2018-04-26 12:37:33.000000,2.609023e+07,1.818809e+07,1.239955e+02,1.410264e+06,8.844108e+01,,,,5
2018-04-26 12:37:34.000000,2.609025e+07,1.818663e+07,1.239947e+02,1.410264e+06,8.844108e+01,,,,5
2018-04-26 12:37:35.000000,2.609025e+07,1.818769e+07,1.239952e+02,1.410264e+06,8.844108e+01,,,,5
2018-04-26 12:37:36.000000,2.609025e+07,1.818653e+07,1.239946e+02,1.410264e+06,8.844107e+01,,,,5
2018-04-26 12:37:37.000000,2.609023e+07,1.818850e+07,1.239958e+02,1.410264e+06,8.844107e+01,,,,5
2018-04-26 12:37:38.000000,2.609023e+07,1.818749e+07,1.239953e+02,1.410264e+06,8.844107e+01,,,,5
2018-04-26 12:37:39.000000,2.609025e+07,1.818935e+07,1.239964e+02,1.410264e+06,8.844107e+01,,,,5
2018-04-26 12:37:40.000000,2.609025e+07,1.818788e+07,1.239956e+02,1.410264e+06,8.844107e+01,,,,5
2018-04-26 12:37:41.000000,2.609025e+07,1.818781e+07,1.239955e+02,1.410264e+06,8.844107e+01,,,,5
2018-04-26 12:37:42.000000,2.609023e+07,1.818691e+07,1.239949e+02,1.410264e+06,8.844106e+01,,,,5
2018-04-26 12:37:43.000000,2.609023e+07,1.818689e+07,1.239949e+02,1.410264e+06,8.844106e+01,,,,5
2018-04-26 12:37:44.000000,2.609023e+07,1.818808e+07,1.239955e+02,1.410264e+06,8.844106e+01,,,,5
2018-04-26 12:37:45.000000,2.609025e+07,1.818670e+07,1.239947e+02,1.410264e+06,8.844106e+01,,,,5
2018-04-26 12:37:46.000000,2.609025e+07,1.818774e+07,1.239953e+02,1.410264e+06,8.844106e+01,,,,5
2018-04-26 12:37:47.000000,2.609025e+07,1.818649e+07,1.239946e+02,1.410264e+06,8.844106e+01,,,,5
2018-04-26 12:37:48.000000,2.609023e+07,1.818855e+07,1.239958e+02,1.410264e+06,8.844105e+01,,,,5
2018-04-26 12:37:49.000000,2.609023e+07,1.818749e+07,1.239952e+02,1.410264e+06,8.844105e+01,,,,5
2018-04-26 12:37:50.000000,2.609023e+07,1.818923e+07,1.239962e+02,1.410264e+06,8.844105e+01,,,,5
2018-04-26 12:37:51.000000,2.609025e+07,1.818787e+07,1.239956e+02,1.410264e+06,8.844105e+01,,,,5
2018-04-26 12:37:52.000000,2.609025e+07,1.818948e+07,1.239965e+02,1.410264e+06,8.844105e+01,,,,5
2018-04-26 12:37:53.000000,2.609023e+07,1.818712e+07,1.239950e+02,1.410264e+06,8.844105e+01,,,,5
2018-04-26 12:37:54.000000,2.609023e+07,1.818838e+07,1.239956e+02,1.410264e+06,8.844105e+01,,,,5
2018-04-26 12:37:55.000000,2.609023e+07,1.818722e+07,1.239950e+02,1.410264e+06,8.844104e+01,,,,5
2018-04-26 12:37:56.000000,2.609025e+07,1.818809e+07,1.239955e+02,1.410264e+06,8.844104e+01,,,,5
2018-04-26 12:37:57.000000,2.609025e+07,1.818694e+07,1.239948e+02,1.410264e+06,8.844104e+01,,,,5
2018-04-26 12:37:58.000000,2.609025e+07,1.818651e+07,1.239946e+02,1.410264e+06,8.844104e+01,,,,5
2018-04-26 12:37:59.000000,2.609023e+07,1.818767e+07,1.239953e+02,1.410264e+06,8.844104e+01,,,,5
2018-04-26 12:38:00.000000,2.609023e+07,1.818743e+07,1.239952e+02,1.410264e+06,8.844104e+01,,,,5
2018-04-26 12:38:01.000000,2.609023e+07,1.818865e+07,1.239959e+02,1.410264e+06,8.844103e+01,,,,5
2018-04-26 12:38:02.000000,2.609025e+07,1.818781e+07,1.239955e+02,1.410264e+06,8.844103e+01,,,,5
2018-04-26 12:38:03.000000,2.609025e+07,1.818949e+07,1.239965e+02,1.410264e+06,8.844103e+01,,,,5
2018-04-26 12:38:04.000000,2.609023e+07,1.818710e+07,1.239950e+02,1.410264e+06,8.844103e+01,,,,5
2018-04-26 12:38:05.000000,2.609023e+07,1.818849e+07,1.239957e+02,1.410264e+06,8.844103e+01,,,,5
2018-04-26 12:38:06.000000,2.609023e+07,1.818688e+07,1.239948e+02,1.410264e+06,8.844103e+01,,,,5
2018-04-26 12:38:07.000000,2.609025e+07,1.818818e+07,1.239955e+02,1.410264e+06,8.844102e+01,,,,5
2018-04-26 12:38:08.000000,2.609025e+07,1.818697e+07,1.239949e+02,1.410264e+06,8.844102e+01,,,,5
2018-04-26 12:38:09.000000,2.609025e+07,1.818657e+07,1.239946e+02,1.410264e+06,8.844102e+01,,,,5
2018-04-26 12:38:10.000000,2.609023e+07,1.818768e+07,1.239953e+02,1.410264e+06,8.844102e+01,,,,5
2018-04-26 12:38:11.000000,2.609023e+07,1.818749e+07,1.239953e+02,1.410264e+06,8.844102e+01,,,,5
2018-04-26 12:38:12.000000,2.609023e+07,1.818871e+07,1.239959e+02,1.410264e+06,8.844102e+01,,,,5
2018-04-26 12:38:13.000000,2.609025e+07,1.818782e+07,1.239955e+02,1.410264e+06,8.844102e+01,,,,5
2018-04-26 12:38:14.000000,2.609025e+07,1.818896e+07,1.239962e+02,1.410264e+06,8.844101e+01,,,,5
2018-04-26 12:38:15.000000,2.609025e+07,1.818777e+07,1.239955e+02,1.410264e+06,8.844101e+01,,,,5
2018-04-26 12:38:16.000000,2.609023e+07,1.818807e+07,1.239955e+02,1.410264e+06,8.844101e+01,,,,5
2018-04-26 12:38:17.000000,2.609023e+07,1.818689e+07,1.239948e+02,1.410264e+06,8.844101e+01,,,,5
2018-04-26 12:38:18.000000,2.609025e+07,1.818764e+07,1.239952e+02,1.410264e+06,8.844101e+01,,,,5
2018-04-26 12:38:19.000000,2.609025e+07,1.818663e+07,1.239947e+02,1.410264e+06,8.844101e+01,,,,5
2018-04-26 12:38:20.000000,2.609025e+07,1.818813e+07,1.239955e+02,1.410264e+06,8.844100e+01,,,,5
2018-04-26 12:38:21.000000,2.609023e+07,1.818752e+07,1.239952e+02,1.410264e+06,8.844100e+01,,,,5
2018-04-26 12:38:22.000000,2.609023e+07,1.818749e+07,1.239953e+02,1.410264e+06,8.844100e+01,,,,5
2018-04-26 12:38:23.000000,2.609023e+07,1.818777e+07,1.239954e+02,1.410264e+06,8.844100e+01,,,,5
2018-04-26 12:38:24.000000,2.609025e+07,1.818780e+07,1.239955e+02,1.410264e+06,8.844100e+01,,,,5
2018-04-26 12:38:25.000000,2.609025e+07,1.818806e+07,1.239957e+02,1.410264e+06,8.844100e+01,,,,5
2018-04-26 12:38:26.000000,2.609025e+07,1.818773e+07,1.239955e+02,1.410264e+06,8.844100e+01,,,,5
2018-04-26 12:38:27.000000,2.609023e+07,1.818808e+07,1.239955e+02,1.410264e+06,8.844099e+01,,,,5
2018-04-26 12:38:28.000000,2.609023e+07,1.818686e+07,1.239948e+02,1.410264e+06,8.844099e+01,,,,5
2018-04-26 12:38:29.000000,2.609023e+07,1.818862e+07,1.239958e+02,1.410264e+06,8.844099e+01,,,,5
2018-04-26 12:38:30.000000,2.609025e+07,1.818664e+07,1.239947e+02,1.410264e+06,8.844099e+01,,,,5
2018-04-26 12:38:31.000000,2.609025e+07,1.818825e+07,1.239956e+02,1.410264e+06,8.844099e+01,,,,5
2018-04-26 12:38:32.000000,2.609023e+07,1.818754e+07,1.239952e+02,1.410264e+06,8.844099e+01,,,,5
2018-04-26 12:38:33.000000,2.609023e+07,1.818910e+07,1.239961e+02,1.410264e+06,8.844098e+01,,,,5
2018-04-26 12:38:34.000000,2.609023e+07,1.818784e+07,1.239954e+02,1.410264e+06,8.844098e+01,,,,5
2018-04-26 12:38:35.000000,2.609025e+07,1.818936e+07,1.239964e+02,1.410264e+06,8.844098e+01,,,,5
2018-04-26 12:38:36.000000,2.609025e+07,1.818821e+07,1.239958e+02,1.410264e+06,8.844098e+01,,,,5
2018-04-26 12:38:37.000000,2.609025e+07,1.818775e+07,1.239955e+02,1.410264e+06,8.844098e+01,,,,5
2018-04-26 12:38:38.000000,2.609023e+07,1.818723e+07,1.239950e+02,1.410264e+06,8.844098e+01,,,,5
2018-04-26 12:38:39.000000,2.609023e+07,1.818684e+07,1.239948e+02,1.410264e+06,8.844098e+01,,,,5
2018-04-26 12:38:40.000000,2.609023e+07,1.818809e+07,1.239955e+02,1.410264e+06,8.844097e+01,,,,5
2018-04-26 12:38:41.000000,2.609025e+07,1.818663e+07,1.239947e+02,1.410264e+06,8.844097e+01,,,,5
2018-04-26 12:38:42.000000,2.609025e+07,1.818768e+07,1.239952e+02,1.410264e+06,8.844097e+01,,,,5
2018-04-26 12:38:43.000000,2.609025e+07,1.818652e+07,1.239946e+02,1.410264e+06,8.844097e+01,,,,5
2018-04-26 12:38:44.000000,2.609023e+07,1.818850e+07,1.239958e+02,1.410264e+06,8.844097e+01,,,,5
2018-04-26 12:38:45.000000,2.609023e+07,1.818749e+07,1.239952e+02,1.410264e+06,8.844097e+01,,,,5
2018-04-26 12:38:46.000000,2.609025e+07,1.818933e+07,1.239964e+02,1.410264e+06,8.844096e+01,,,,5
2018-04-26 12:38:47.000000,2.609025e+07,1.818788e+07,1.239956e+02,1.410264e+06,8.844096e+01,,,,5
2018-04-26 12:38:48.000000,2.609025e+07,1.818780e+07,1.239955e+02,1.410264e+06,8.844096e+01,,,,5
2018-04-26 12:38:49.000000,2.609023e+07,1.818692e+07,1.239949e+02,1.410264e+06,8.844096e+01,,,,5
2018-04-26 12:38:50.000000,2.609023e+07,1.818689e+07,1.239949e+02,1.410264e+06,8.844096e+01,,,,5
2018-04-26 12:38:51.000000,2.609023e+07,1.818808e+07,1.239955e+02,1.410264e+06,8.844096e+01,,,,5
2018-04-26 12:38:52.000000,2.609025e+07,1.818670e+07,1.239947e+02,1.410264e+06,8.844095e+01,,,,5
2018-04-26 12:38:53.000000,2.609025e+07,1.818773e+07,1.239953e+02,1.410264e+06,8.844095e+01,,,,5
2018-04-26 12:38:54.000000,2.609025e+07,1.818649e+07,1.239946e+02,1.410264e+06,8.844095e+01,,,,5
2018-04-26 12:38:55.000000,2.609023e+07,1.818855e+07,1.239958e+02,1.410264e+06,8.844095e+01,,,,5
2018-04-26 12:38:56.000000,2.609023e+07,1.818751e+07,1.239952e+02,1.410264e+06,8.844095e+01,,,,5
2018-04-26 12:38:57.000000,2.609023e+07,1.818923e+07,1.239962e+02,1.410264e+06,8.844095e+01,,,,5
2018-04-26 12:38:58.000000,2.609025e+07,1.818787e+07,1.239956e+02,1.410264e+06,8.844095e+01,,,,5
2018-04-26 12:38:59.000000,2.609025e+07,1.818947e+07,1.239964e+02,1.410264e+06,8.844094e+01,,,,5
2018-04-26 12:39:00.000000,2.609023e+07,1.818712e+07,1.239950e+02,1.410264e+06,8.844094e+01,,,,5
2018-04-26 12:39:01.000000,2.609023e+07,1.818837e+07,1.239956e+02,1.410264e+06,8.844094e+01,,,,5
2018-04-26 12:39:02.000000,2.609023e+07,1.818722e+07,1.239950e+02,1.410264e+06,8.844094e+01,,,,5
2018-04-26 12:39:03.000000,2.609025e+07,1.818808e+07,1.239954e+02,1.410264e+06,8.844094e+01,,,,5
2018-04-26 12:39:04.000000,2.609025e+07,1.818694e+07,1.239948e+02,1.410264e+06,8.844094e+01,,,,5
2018-04-26 12:39:05.000000,2.609025e+07,1.818651e+07,1.239946e+02,1.410264e+06,8.844093e+01,,,,5
2018-04-26 12:39:06.000000,2.609023e+07,1.818766e+07,1.239953e+02,1.410264e+06,8.844093e+01,,,,5
2018-04-26 12:39:07.000000,2.609023e+07,1.818743e+07,1.239952e+02,1.410264e+06,8.844093e+01,,,,5
2018-04-26 12:39:08.000000,2.609023e+07,1.818865e+07,1.239959e+02,1.410264e+06,8.844093e+01,,,,5
2018-04-26 12:39:09.000000,2.609025e+07,1.818781e+07,1.239955e+02,1.410264e+06,8.844093e+01,,,,5
2018-04-26 12:39:10.000000,2.609025e+07,1.818947e+07,1.239964e+02,1.410264e+06,8.844093e+01,,,,5
2018-04-26 12:39:11.000000,2.609025e+07,1.818775e+07,1.239955e+02,1.410264e+06,8.844093e+01,,,,5
2018-04-26 12:39:12.000000,2.609023e+07,1.818857e+07,1.239958e+02,1.410264e+06,8.844092e+01,,,,5
2018-04-26 12:39:13.000000,2.609023e+07,1.818690e+07,1.239948e+02,1.410264e+06,8.844092e+01,,,,5
2018-04-26 12:39:14.000000,2.609025e+07,1.818817e+07,1.239955e+02,1.410264e+06,8.844092e+01,,,,5
2018-04-26 12:39:15.000000,2.609025e+07,1.818697e+07,1.239949e+02,1.410264e+06,8.844092e+01,,,,5
2018-04-26 12:39:16.000000,2.609025e+07,1.818657e+07,1.239946e+02,1.410264e+06,8.844092e+01,,,,5
2018-04-26 12:39:17.000000,2.609023e+07,1.818768e+07,1.239953e+02,1.410264e+06,8.844092e+01,,,,5
2018-04-26 12:39:18.000000,2.609023e+07,1.818749e+07,1.239953e+02,1.410264e+06,8.844091e+01,,,,5
2018-04-26 12:39:19.000000,2.609023e+07,1.818871e+07,1.239959e+02,1.410264e+06,8.844091e+01,,,,5
2018-04-26 12:39:20.000000,2.609025e+07,1.818783e+07,1.239955e+02,1.410264e+06,8.844091e+01,,,,5
2018-04-26 12:39:21.000000,2.609025e+07,1.818896e+07,1.239962e+02,1.410264e+06,8.844091e+01,,,,5
2018-04-26 12:39:22.000000,2.609025e+07,1.818777e+07,1.239955e+02,1.410264e+06,8.844091e+01,,,,5
2018-04-26 12:39:23.000000,2.609023e+07,1.818807e+07,1.239955e+02,1.410264e+06,8.844091e+01,,,,5
2018-04-26 12:39:24.000000,2.609023e+07,1.818689e+07,1.239948e+02,1.410264e+06,8.844091e+01,,,,5
2018-04-26 12:39:25.000000,2.609023e+07,1.818849e+07,1.239957e+02,1.410264e+06,8.844090e+01,,,,5
2018-04-26 12:39:26.000000,2.609025e+07,1.818667e+07,1.239947e+02,1.410264e+06,8.844090e+01,,,,5
2018-04-26 12:39:27.000000,2.609025e+07,1.818811e+07,1.239955e+02,1.410264e+06,8.844090e+01,,,,5
2018-04-26 12:39:28.000000,2.609023e+07,1.818752e+07,1.239952e+02,1.410264e+06,8.844090e+01,,,,5
2018-04-26 12:39:29.000000,2.609023e+07,1.818749e+07,1.239953e+02,1.410264e+06,8.844090e+01,,,,5
2018-04-26 12:39:30.000000,2.609023e+07,1.818777e+07,1.239954e+02,1.410264e+06,8.844090e+01,,,,5
2018-04-26 12:39:31.000000,2.609025e+07,1.818780e+07,1.239955e+02,1.410264e+06,8.844089e+01,,,,5
2018-04-26 12:39:32.000000,2.609025e+07,1.818806e+07,1.239956e+02,1.410264e+06,8.844089e+01,,,,5
2018-04-26 12:39:33.000000,2.609025e+07,1.818774e+07,1.239955e+02,1.410264e+06,8.844089e+01,,,,5
2018-04-26 12:39:34.000000,2.609023e+07,1.818808e+07,1.239955e+02,1.410264e+06,8.844089e+01,,,,5
2018-04-26 12:39:35.000000,2.609023e+07,1.818686e+07,1.239948e+02,1.410264e+06,8.844089e+01,,,,5
2018-04-26 12:39:36.000000,2.609023e+07,1.818862e+07,1.239958e+02,1.410264e+06,8.844089e+01,,,,5
2018-04-26 12:39:37.000000,2.609025e+07,1.818666e+07,1.239947e+02,1.410264e+06,8.844089e+01,,,,5
2018-04-26 12:39:38.000000,2.609025e+07,1.818825e+07,1.239956e+02,1.410264e+06,8.844088e+01,,,,5
2018-04-26 12:39:39.000000,2.609025e+07,1.818686e+07,1.239948e+02,1.410264e+06,8.844088e+01,,,,5
2018-04-26 12:39:40.000000,2.609023e+07,1.818905e+07,1.239961e+02,1.410264e+06,8.844088e+01,,,,5
2018-04-26 12:39:41.000000,2.609023e+07,1.818784e+07,1.239954e+02,1.410264e+06,8.844088e+01,,,,5
2018-04-26 12:39:42.000000,2.609025e+07,1.818936e+07,1.239963e+02,1.410264e+06,8.844088e+01,,,,5
2018-04-26 12:39:43.000000,2.609025e+07,1.818821e+07,1.239958e+02,1.410264e+06,8.844088e+01,,,,5
2018-04-26 12:39:44.000000,2.609025e+07,1.818774e+07,1.239955e+02,1.410264e+06,8.844088e+01,,,,5
2018-04-26 12:39:45.000000,2.609023e+07,1.818723e+07,1.239950e+02,1.410264e+06,8.844087e+01,,,,5
2018-04-26 12:39:46.000000,2.609023e+07,1.818684e+07,1.239948e+02,1.410264e+06,8.844087e+01,,,,5
2018-04-26 12:39:47.000000,2.609023e+07,1.818807e+07,1.239955e+02,1.410264e+06,8.844087e+01,,,,5
2018-04-26 12:39:48.000000,2.609025e+07,1.818663e+07,1.239947e+02,1.410264e+06,8.844087e+01,,,,5
2018-04-26 12:39:49.000000,2.609025e+07,1.818768e+07,1.239952e+02,1.410264e+06,8.844087e+01,,,,5
2018-04-26 12:39:50.000000,2.609025e+07,1.818653e+07,1.239946e+02,1.410264e+06,8.844087e+01,,,,5
2018-04-26 12:39:51.000000,2.609023e+07,1.818850e+07,1.239958e+02,1.410264e+06,8.844086e+01,,,,5
2018-04-26 12:39:52.000000,2.609023e+07,1.818749e+07,1.239952e+02,1.410264e+06,8.844086e+01,,,,5
2018-04-26 12:39:53.000000,2.609025e+07,1.818933e+07,1.239964e+02,1.410264e+06,8.844086e+01,,,,5
2018-04-26 12:39:54.000000,2.609025e+07,1.818790e+07,1.239956e+02,1.410264e+06,8.844086e+01,,,,5
2018-04-26 12:39:55.000000,2.609025e+07,1.818780e+07,1.239955e+02,1.410264e+06,8.844086e+01,,,,5
2018-04-26 12:39:56.000000,2.609023e+07,1.818692e+07,1.239949e+02,1.410264e+06,8.844086e+01,,,,5
2018-04-26 12:39:57.000000,2.609023e+07,1.818688e+07,1.239949e+02,1.410264e+06,8.844086e+01,,,,5
2018-04-26 12:39:58.000000,2.609023e+07,1.818808e+07,1.239955e+02,1.410264e+06,8.844085e+01,,,,5
2018-04-26 12:39:59.000000,2.609025e+07,1.818670e+07,1.239947e+02,1.410264e+06,8.844085e+01,,,,5
2018-04-26 12:40:00.000000,2.609025e+07,1.818773e+07,1.239953e+02,1.410264e+06,8.844085e+01,,,,5
2018-04-26 12:40:01.000000,2.609025e+07,1.818651e+07,1.239946e+02,1.410264e+06,8.844085e+01,,,,5
2018-04-26 12:40:02.000000,2.609023e+07,1.818855e+07,1.239958e+02,1.410264e+06,8.844085e+01,,,,5
2018-04-26 12:40:03.000000,2.609023e+07,1.818751e+07,1.239952e+02,1.410264e+06,8.844085e+01,,,,5
2018-04-26 12:40:04.000000,2.609023e+07,1.818920e+07,1.239962e+02,1.410264e+06,8.844084e+01,,,,5
2018-04-26 12:40:05.000000,2.609025e+07,1.818787e+07,1.239956e+02,1.410264e+06,8.844084e+01,,,,5
2018-04-26 12:40:06.000000,2.609025e+07,1.818947e+07,1.239964e+02,1.410264e+06,8.844084e+01,,,,5
2018-04-26 12:40:07.000000,2.609023e+07,1.818714e+07,1.239950e+02,1.410264e+06,8.844084e+01,,,,5
2018-04-26 12:40:08.000000,2.609023e+07,1.818837e+07,1.239956e+02,1.410264e+06,8.844084e+01,,,,5
2018-04-26 12:40:09.000000,2.609023e+07,1.818722e+07,1.239950e+02,1.410264e+06,8.844084e+01,,,,5
2018-04-26 12:40:10.000000,2.609025e+07,1.818808e+07,1.239954e+02,1.410264e+06,8.844084e+01,,,,5
2018-04-26 12:40:11.000000,2.609025e+07,1.818696e+07,1.239949e+02,1.410264e+06,8.844083e+01,,,,5
2018-04-26 12:40:12.000000,2.609025e+07,1.818651e+07,1.239946e+02,1.410264e+06,8.844083e+01,,,,5
2018-04-26 12:40:13.000000,2.609023e+07,1.818766e+07,1.239953e+02,1.410264e+06,8.844083e+01,,,,5
2018-04-26 12:40:14.000000,2.609023e+07,1.818743e+07,1.239952e+02,1.410264e+06,8.844083e+01,,,,5
2018-04-26 12:40:15.000000,2.609023e+07,1.818865e+07,1.239959e+02,1.410264e+06,8.844083e+01,,,,5
2018-04-26 12:40:16.000000,2.609025e+07,1.818781e+07,1.239955e+02,1.410264e+06,8.844083e+01,,,,5
2018-04-26 12:40:17.000000,2.609025e+07,1.818947e+07,1.239964e+02,1.410264e+06,8.844082e+01,,,,5
2018-04-26 12:40:18.000000,2.609025e+07,1.818777e+07,1.239955e+02,1.410264e+06,8.844082e+01,,,,5
2018-04-26 12:40:19.000000,2.609023e+07,1.818857e+07,1.239958e+02,1.410264e+06,8.844082e+01,,,,5
2018-04-26 12:40:20.000000,2.609023e+07,1.818690e+07,1.239948e+02,1.410264e+06,8.844082e+01,,,,5
2018-04-26 12:40:21.000000,2.609025e+07,1.818816e+07,1.239955e+02,1.410264e+06,8.844082e+01,,,,5
2018-04-26 12:40:22.000000,2.609025e+07,1.818697e+07,1.239949e+02,1.410264e+06,8.844082e+01,,,,5
2018-04-26 12:40:23.000000,2.609025e+07,1.818657e+07,1.239946e+02,1.410264e+06,8.844082e+01,,,,5
2018-04-26 12:40:24.000000,2.609023e+07,1.818766e+07,1.239953e+02,1.410264e+06,8.844081e+01,,,,5
2018-04-26 12:40:25.000000,2.609023e+07,1.818749e+07,1.239953e+02,1.410264e+06,8.844081e+01,,,,5
2018-04-26 12:40:26.000000,2.609023e+07,1.818871e+07,1.239959e+02,1.410264e+06,8.844081e+01,,,,5
2018-04-26 12:40:27.000000,2.609025e+07,1.818782e+07,1.239955e+02,1.410264e+06,8.844081e+01,,,,5
2018-04-26 12:40:28.000000,2.609025e+07,1.818895e+07,1.239962e+02,1.410264e+06,8.844081e+01,,,,5
2018-04-26 12:40:29.000000,2.609025e+07,1.818777e+07,1.239955e+02,1.410264e+06,8.844081e+01,,,,5
2018-04-26 12:40:30.000000,2.609023e+07,1.818807e+07,1.239955e+02,1.410264e+06,8.844080e+01,,,,5
2018-04-26 12:40:31.000000,2.609023e+07,1.818691e+07,1.239948e+02,1.410264e+06,8.844080e+01,,,,5
2018-04-26 12:40:32.000000,2.609023e+07,1.818849e+07,1.239957e+02,1.410264e+06,8.844080e+01,,,,5
2018-04-26 12:40:33.000000,2.609025e+07,1.818667e+07,1.239947e+02,1.410264e+06,8.844080e+01,,,,5
2018-04-26 12:40:34.000000,2.609025e+07,1.818811e+07,1.239955e+02,1.410264e+06,8.844080e+01,,,,5
2018-04-26 12:40:35.000000,2.609023e+07,1.818752e+07,1.239952e+02,1.410264e+06,8.844080e+01,,,,5
2018-04-26 12:40:36.000000,2.609023e+07,1.818749e+07,1.239953e+02,1.410264e+06,8.844080e+01,,,,5
2018-04-26 12:40:37.000000,2.609023e+07,1.818777e+07,1.239954e+02,1.410264e+06,8.844079e+01,,,,5
2018-04-26 12:40:38.000000,2.609025e+07,1.818780e+07,1.239955e+02,1.410264e+06,8.844079e+01,,,,5
2018-04-26 12:40:39.000000,2.609025e+07,1.818806e+07,1.239956e+02,1.410264e+06,8.844079e+01,,,,5
2018-04-26 12:40:40.000000,2.609025e+07,1.818774e+07,1.239955e+02,1.410264e+06,8.844079e+01,,,,5
2018-04-26 12:40:41.000000,2.609023e+07,1.818807e+07,1.239955e+02,1.410264e+06,8.844079e+01,,,,5
2018-04-26 12:40:42.000000,2.609023e+07,1.818686e+07,1.239948e+02,1.410264e+06,8.844079e+01,,,,5
2018-04-26 12:40:43.000000,2.609023e+07,1.818862e+07,1.239958e+02,1.410264e+06,8.844079e+01,,,,5
2018-04-26 12:40:44.000000,2.609025e+07,1.818666e+07,1.239947e+02,1.410264e+06,8.844078e+01,,,,5
2018-04-26 12:40:45.000000,2.609025e+07,1.818823e+07,1.239955e+02,1.410264e+06,8.844078e+01,,,,5
2018-04-26 12:40:46.000000,2.609025e+07,1.818686e+07,1.239948e+02,1.410264e+06,8.844078e+01,,,,5
2018-04-26 12:40:47.000000,2.609023e+07,1.818905e+07,1.239961e+02,1.410264e+06,8.844078e+01,,,,5
2018-04-26 12:40:48.000000,2.609023e+07,1.818785e+07,1.239954e+02,1.410264e+06,8.844078e+01,,,,5
2018-04-26 12:40:49.000000,2.609025e+07,1.818936e+07,1.239963e+02,1.410264e+06,8.844078e+01,,,,5
2018-04-26 12:40:50.000000,2.609025e+07,1.818821e+07,1.239958e+02,1.410264e+06,8.844077e+01,,,,5
2018-04-26 12:40:51.000000,2.609025e+07,1.818774e+07,1.239955e+02,1.410264e+06,8.844077e+01,,,,5
2018-04-26 12:40:52.000000,2.609023e+07,1.818723e+07,1.239950e+02,1.410264e+06,8.844077e+01,,,,5
2018-04-26 12:40:53.000000,2.609023e+07,1.818684e+07,1.239948e+02,1.410264e+06,8.844077e+01,,,,5
2018-04-26 12:40:54.000000,2.609023e+07,1.818807e+07,1.239955e+02,1.410264e+06,8.844077e+01,,,,5
2018-04-26 12:40:55.000000,2.609025e+07,1.818665e+07,1.239947e+02,1.410264e+06,8.844077e+01,,,,5
2018-04-26 12:40:56.000000,2.609025e+07,1.818767e+07,1.239952e+02,1.410264e+06,8.844077e+01,,,,5
2018-04-26 12:40:57.000000,2.609025e+07,1.818653e+07,1.239946e+02,1.410264e+06,8.844076e+01,,,,5
2018-04-26 12:40:58.000000,2.609023e+07,1.818848e+07,1.239958e+02,1.410264e+06,8.844076e+01,,,,5
2018-04-26 12:40:59.000000,2.609023e+07,1.818749e+07,1.239952e+02,1.410264e+06,8.844076e+01,,,,5
2018-04-26 12:41:00.000000,2.609023e+07,1.818749e+07,1.239953e+02,1.410264e+06,8.844076e+01,,,,5
2018-04-26 12:41:01.000000,2.609025e+07,1.818773e+07,1.239955e+02,1.410264e+06,8.844076e+01,,,,5
2018-04-26 12:41:02.000000,2.609025e+07,1.818780e+07,1.239955e+02,1.410264e+06,8.844076e+01,,,,5
2018-04-26 12:41:03.000000,2.609023e+07,1.818691e+07,1.239949e+02,1.410264e+06,8.844076e+01,,,,5
2018-04-26 12:41:04.000000,2.609023e+07,1.818688e+07,1.239949e+02,1.410264e+06,8.844075e+01,,,,5
2018-04-26 12:41:05.000000,2.609023e+07,1.818807e+07,1.239955e+02,1.410264e+06,8.844075e+01,,,,5
2018-04-26 12:41:06.000000,2.609025e+07,1.818670e+07,1.239947e+02,1.410264e+06,8.844075e+01,,,,5
2018-04-26 12:41:07.000000,2.609025e+07,1.818773e+07,1.239953e+02,1.410264e+06,8.844075e+01,,,,5
2018-04-26 12:41:08.000000,2.609025e+07,1.818651e+07,1.239946e+02,1.410264e+06,8.844075e+01,,,,5
2018-04-26 12:41:09.000000,2.609023e+07,1.818855e+07,1.239958e+02,1.410264e+06,8.844075e+01,,,,5
2018-04-26 12:41:10.000000,2.609023e+07,1.818751e+07,1.239952e+02,1.410264e+06,8.844074e+01,,,,5
2018-04-26 12:41:11.000000,2.609023e+07,1.818920e+07,1.239962e+02,1.410264e+06,8.844074e+01,,,,5
2018-04-26 12:41:12.000000,2.609025e+07,1.818788e+07,1.239956e+02,1.410264e+06,8.844074e+01,,,,5
2018-04-26 12:41:13.000000,2.609025e+07,1.818947e+07,1.239964e+02,1.410264e+06,8.844074e+01,,,,5
2018-04-26 12:41:14.000000,2.609025e+07,1.818811e+07,1.239957e+02,1.410264e+06,8.844074e+01,,,,5
2018-04-26 12:41:15.000000,2.609023e+07,1.818846e+07,1.239957e+02,1.410264e+06,8.844074e+01,,,,5
2018-04-26 12:41:16.000000,2.609023e+07,1.818722e+07,1.239950e+02,1.410264e+06,8.844074e+01,,,,5
2018-04-26 12:41:17.000000,2.609024e+07,1.818808e+07,1.239954e+02,1.410264e+06,8.844073e+01,,,,5
2018-04-26 12:41:18.000000,2.609025e+07,1.818696e+07,1.239949e+02,1.410264e+06,8.844073e+01,,,,5
2018-04-26 12:41:19.000000,2.609025e+07,1.818651e+07,1.239946e+02,1.410264e+06,8.844073e+01,,,,5
2018-04-26 12:41:20.000000,2.609023e+07,1.818766e+07,1.239953e+02,1.410264e+06,8.844073e+01,,,,5
2018-04-26 12:41:21.000000,2.609023e+07,1.818743e+07,1.239952e+02,1.410264e+06,8.844073e+01,,,,5
2018-04-26 12:41:22.000000,2.609023e+07,1.818863e+07,1.239959e+02,1.410264e+06,8.844073e+01,,,,5
2018-04-26 12:41:23.000000,2.609025e+07,1.818781e+07,1.239955e+02,1.410264e+06,8.844073e+01,,,,5
2018-04-26 12:41:24.000000,2.609025e+07,1.818947e+07,1.239964e+02,1.410264e+06,8.844072e+01,,,,5
2018-04-26 12:41:25.000000,2.609025e+07,1.818777e+07,1.239955e+02,1.410264e+06,8.844072e+01,,,,5
2018-04-26 12:41:26.000000,2.609023e+07,1.818856e+07,1.239958e+02,1.410264e+06,8.844072e+01,,,,5
2018-04-26 12:41:27.000000,2.609023e+07,1.818689e+07,1.239948e+02,1.410264e+06,8.844072e+01,,,,5
2018-04-26 12:41:28.000000,2.609025e+07,1.818816e+07,1.239955e+02,1.410264e+06,8.844072e+01,,,,5
2018-04-26 12:41:29.000000,2.609025e+07,1.818698e+07,1.239949e+02,1.410264e+06,8.844072e+01,,,,5
2018-04-26 12:41:30.000000,2.609025e+07,1.818656e+07,1.239946e+02,1.410264e+06,8.844071e+01,,,,5
2018-04-26 12:41:31.000000,2.609023e+07,1.818766e+07,1.239953e+02,1.410264e+06,8.844071e+01,,,,5
2018-04-26 12:41:32.000000,2.609023e+07,1.818749e+07,1.239953e+02,1.410264e+06,8.844071e+01,,,,5
2018-04-26 12:41:33.000000,2.609023e+07,1.818871e+07,1.239959e+02,1.410264e+06,8.844071e+01,,,,5
2018-04-26 12:41:34.000000,2.609025e+07,1.818782e+07,1.239955e+02,1.410264e+06,8.844071e+01,,,,5
2018-04-26 12:41:35.000000,2.609025e+07,1.818895e+07,1.239961e+02,1.410264e+06,8.844071e+01,,,,5
2018-04-26 12:41:36.000000,2.609024e+07,1.818779e+07,1.239955e+02,1.410264e+06,8.844071e+01,,,,5
2018-04-26 12:41:37.000000,2.609023e+07,1.818807e+07,1.239955e+02,1.410264e+06,8.844070e+01,,,,5
2018-04-26 12:41:38.000000,2.609023e+07,1.818691e+07,1.239948e+02,1.410264e+06,8.844070e+01,,,,5
2018-04-26 12:41:39.000000,2.609023e+07,1.818847e+07,1.239957e+02,1.410264e+06,8.844070e+01,,,,5
2018-04-26 12:41:40.000000,2.609025e+07,1.818667e+07,1.239947e+02,1.410264e+06,8.844070e+01,,,,5
2018-04-26 12:41:41.000000,2.609024e+07,1.818811e+07,1.239955e+02,1.410264e+06,8.844070e+01,,,,5
2018-04-26 12:41:42.000000,2.609023e+07,1.818752e+07,1.239952e+02,1.410264e+06,8.844070e+01,,,,5
2018-04-26 12:41:43.000000,2.609023e+07,1.818749e+07,1.239953e+02,1.410264e+06,8.844070e+01,,,,5
2018-04-26 12:41:44.000000,2.609023e+07,1.818777e+07,1.239954e+02,1.410264e+06,8.844069e+01,,,,5
2018-04-26 12:41:45.000000,2.609025e+07,1.818780e+07,1.239955e+02,1.410264e+06,8.844069e+01,,,,5
2018-04-26 12:41:46.000000,2.609025e+07,1.818806e+07,1.239956e+02,1.410264e+06,8.844069e+01,,,,5
2018-04-26 12:41:47.000000,2.609025e+07,1.818774e+07,1.239955e+02,1.410264e+06,8.844069e+01,,,,5
2018-04-26 12:41:48.000000,2.609023e+07,1.818723e+07,1.239950e+02,1.410264e+06,8.844069e+01,,,,5
2018-04-26 12:41:49.000000,2.609023e+07,1.818684e+07,1.239948e+02,1.410264e+06,8.844069e+01,,,,5
2018-04-26 12:41:50.000000,2.609023e+07,1.818809e+07,1.239955e+02,1.410264e+06,8.844069e+01,,,,5
2018-04-26 12:41:51.000000,2.609025e+07,1.818663e+07,1.239947e+02,1.410264e+06,8.844068e+01,,,,5
2018-04-26 12:41:52.000000,2.609025e+07,1.818768e+07,1.239952e+02,1.410264e+06,8.844068e+01,,,,5
2018-04-26 12:41:53.000000,2.609025e+07,1.818654e+07,1.239946e+02,1.410264e+06,8.844068e+01,,,,5
2018-04-26 12:41:54.000000,2.609023e+07,1.818850e+07,1.239958e+02,1.410264e+06,8.844068e+01,,,,5
2018-04-26 12:41:55.000000,2.609023e+07,1.818749e+07,1.239952e+02,1.410264e+06,8.844068e+01,,,,5
2018-04-26 12:41:56.000000,2.609025e+07,1.818933e+07,1.239963e+02,1.410264e+06,8.844068e+01,,,,5
2018-04-26 12:41:57.000000,2.609025e+07,1.818788e+07,1.239956e+02,1.410264e+06,8.844067e+01,,,,5
2018-04-26 12:41:58.000000,2.609025e+07,1.818780e+07,1.239955e+02,1.410264e+06,8.844067e+01,,,,5
2018-04-26 12:41:59.000000,2.609023e+07,1.818692e+07,1.239949e+02,1.410264e+06,8.844067e+01,,,,5
2018-04-26 12:42:00.000000,2.609023e+07,1.818689e+07,1.239949e+02,1.410264e+06,8.844067e+01,,,,5
2018-04-26 12:42:01.000000,2.609023e+07,1.818808e+07,1.239955e+02,1.410264e+06,8.844067e+01,,,,5
2018-04-26 12:42:02.000000,2.609025e+07,1.818670e+07,1.239947e+02,1.410264e+06,8.844067e+01,,,,5
2018-04-26 12:42:03.000000,2.609025e+07,1.818773e+07,1.239953e+02,1.410264e+06,8.844067e+01,,,,5
2018-04-26 12:42:04.000000,2.609025e+07,1.818649e+07,1.239946e+02,1.410264e+06,8.844066e+01,,,,5
2018-04-26 12:42:05.000000,2.609023e+07,1.818855e+07,1.239958e+02,1.410264e+06,8.844066e+01,,,,5
2018-04-26 12:42:06.000000,2.609023e+07,1.818751e+07,1.239952e+02,1.410264e+06,8.844066e+01,,,,5
2018-04-26 12:42:07.000000,2.609023e+07,1.818923e+07,1.239962e+02,1.410264e+06,8.844066e+01,,,,5
2018-04-26 12:42:08.000000,2.609025e+07,1.818787e+07,1.239956e+02,1.410264e+06,8.844066e+01,,,,5
2018-04-26 12:42:09.000000,2.609025e+07,1.818947e+07,1.239964e+02,1.410264e+06,8.844066e+01,,,,5
2018-04-26 12:42:10.000000,2.609023e+07,1.818714e+07,1.239950e+02,1.410264e+06,8.844066e+01,,,,5
2018-04-26 12:42:11.000000,2.609023e+07,1.818837e+07,1.239956e+02,1.410264e+06,8.844065e+01,,,,5
2018-04-26 12:42:12.000000,2.609023e+07,1.818722e+07,1.239950e+02,1.410264e+06,8.844065e+01,,,,5
2018-04-26 12:42:13.000000,2.609025e+07,1.818808e+07,1.239954e+02,1.410264e+06,8.844065e+01,,,,5
2018-04-26 12:42:14.000000,2.609025e+07,1.818694e+07,1.239948e+02,1.410264e+06,8.844065e+01,,,,5
2018-04-26 12:42:15.000000,2.609025e+07,1.818651e+07,1.239946e+02,1.410264e+06,8.844065e+01,,,,5
2018-04-26 12:42:16.000000,2.609023e+07,1.818766e+07,1.239953e+02,1.410264e+06,8.844065e+01,,,,5
2018-04-26 12:42:17.000000,2.609023e+07,1.818743e+07,1.239952e+02,1.410264e+06,8.844065e+01,,,,5
2018-04-26 12:42:18.000000,2.609023e+07,1.818865e+07,1.239959e+02,1.410264e+06,8.844064e+01,,,,5
2018-04-26 12:42:19.000000,2.609025e+07,1.818781e+07,1.239955e+02,1.410264e+06,8.844064e+01,,,,5
2018-04-26 12:42:20.000000,2.609025e+07,1.818947e+07,1.239964e+02,1.410264e+06,8.844064e+01,,,,5
2018-04-26 12:42:21.000000,2.609025e+07,1.818775e+07,1.239955e+02,1.410264e+06,8.844064e+01,,,,5
2018-04-26 12:42:22.000000,2.609023e+07,1.818857e+07,1.239958e+02,1.410264e+06,8.844064e+01,,,,5
2018-04-26 12:42:23.000000,2.609023e+07,1.818690e+07,1.239948e+02,1.410264e+06,8.844064e+01,,,,5
2018-04-26 12:42:24.000000,2.609025e+07,1.818817e+07,1.239954e+02,1.410264e+06,8.844063e+01,,,,5
2018-04-26 12:42:25.000000,2.609025e+07,1.818697e+07,1.239948e+02,1.410264e+06,8.844063e+01,,,,5
2018-04-26 12:42:26.000000,2.609025e+07,1.818657e+07,1.239946e+02,1.410264e+06,8.844063e+01,,,,5
2018-04-26 12:42:27.000000,2.609023e+07,1.818766e+07,1.239953e+02,1.410264e+06,8.844063e+01,,,,5
2018-04-26 12:42:28.000000,2.609023e+07,1.818749e+07,1.239953e+02,1.410264e+06,8.844063e+01,,,,5
2018-04-26 12:42:29.000000,2.609023e+07,1.818871e+07,1.239959e+02,1.410264e+06,8.844063e+01,,,,5
2018-04-26 12:42:30.000000,2.609025e+07,1.818783e+07,1.239955e+02,1.410264e+06,8.844063e+01,,,,5
2018-04-26 12:42:31.000000,2.609025e+07,1.818896e+07,1.239961e+02,1.410264e+06,8.844062e+01,,,,5
2018-04-26 12:42:32.000000,2.609025e+07,1.818777e+07,1.239955e+02,1.410264e+06,8.844062e+01,,,,5
2018-04-26 12:42:33.000000,2.609023e+07,1.818807e+07,1.239955e+02,1.410264e+06,8.844062e+01,,,,5
2018-04-26 12:42:34.000000,2.609023e+07,1.818689e+07,1.239948e+02,1.410264e+06,8.844062e+01,,,,5
2018-04-26 12:42:35.000000,2.609023e+07,1.818849e+07,1.239957e+02,1.410264e+06,8.844062e+01,,,,5
2018-04-26 12:42:36.000000,2.609025e+07,1.818667e+07,1.239947e+02,1.410264e+06,8.844062e+01,,,,5
2018-04-26 12:42:37.000000,2.609025e+07,1.818811e+07,1.239955e+02,1.410264e+06,8.844062e+01,,,,5
2018-04-26 12:42:38.000000,2.609023e+07,1.818752e+07,1.239952e+02,1.410264e+06,8.844061e+01,,,,5
2018-04-26 12:42:39.000000,2.609023e+07,1.818749e+07,1.239953e+02,1.410264e+06,8.844061e+01,,,,5
2018-04-26 12:42:40.000000,2.609023e+07,1.818777e+07,1.239954e+02,1.410264e+06,8.844061e+01,,,,5
2018-04-26 12:42:41.000000,2.609025e+07,1.818780e+07,1.239955e+02,1.410264e+06,8.844061e+01,,,,5
2018-04-26 12:42:42.000000,2.609025e+07,1.818806e+07,1.239956e+02,1.410264e+06,8.844061e+01,,,,5
2018-04-26 12:42:43.000000,2.609025e+07,1.818774e+07,1.239955e+02,1.410264e+06,8.844061e+01,,,,5
2018-04-26 12:42:44.000000,2.609023e+07,1.818807e+07,1.239955e+02,1.410264e+06,8.844061e+01,,,,5
2018-04-26 12:42:45.000000,2.609023e+07,1.818686e+07,1.239948e+02,1.410264e+06,8.844060e+01,,,,5
2018-04-26 12:42:46.000000,2.609023e+07,1.818862e+07,1.239958e+02,1.410264e+06,8.844060e+01,,,,5
2018-04-26 12:42:47.000000,2.609025e+07,1.818666e+07,1.239947e+02,1.410264e+06,8.844060e+01,,,,5
2018-04-26 12:42:48.000000,2.609025e+07,1.818825e+07,1.239955e+02,1.410264e+06,8.844060e+01,,,,5
2018-04-26 12:42:49.000000,2.609025e+07,1.818686e+07,1.239947e+02,1.410264e+06,8.844060e+01,,,,5
2018-04-26 12:42:50.000000,2.609023e+07,1.818905e+07,1.239961e+02,1.410264e+06,8.844060e+01,,,,5
2018-04-26 12:42:51.000000,2.609023e+07,1.818784e+07,1.239954e+02,1.410264e+06,8.844060e+01,,,,5
2018-04-26 12:42:52.000000,2.609025e+07,1.818936e+07,1.239963e+02,1.410264e+06,8.844059e+01,,,,5
2018-04-26 12:42:53.000000,2.609025e+07,1.818821e+07,1.239957e+02,1.410264e+06,8.844059e+01,,,,5
2018-04-26 12:42:54.000000,2.609025e+07,1.818774e+07,1.239955e+02,1.410264e+06,8.844059e+01,,,,5
2018-04-26 12:42:55.000000,2.609023e+07,1.818723e+07,1.239950e+02,1.410264e+06,8.844059e+01,,,,5
2018-04-26 12:42:56.000000,2.609023e+07,1.818684e+07,1.239948e+02,1.410264e+06,8.844059e+01,,,,5
2018-04-26 12:42:57.000000,2.609023e+07,1.818807e+07,1.239955e+02,1.410264e+06,8.844059e+01,,,,5
2018-04-26 12:42:58.000000,2.609025e+07,1.818663e+07,1.239947e+02,1.410264e+06,8.844058e+01,,,,5
2018-04-26 12:42:59.000000,2.609025e+07,1.818768e+07,1.239952e+02,1.410264e+06,8.844058e+01,,,,5
2018-04-26 12:43:00.000000,2.609025e+07,1.818653e+07,1.239946e+02,1.410264e+06,8.844058e+01,,,,5
2018-04-26 12:43:01.000000,2.609023e+07,1.818848e+07,1.239958e+02,1.410264e+06,8.844058e+01,,,,5
2018-04-26 12:43:02.000000,2.609023e+07,1.818749e+07,1.239952e+02,1.410264e+06,8.844058e+01,,,,5
2018-04-26 12:43:03.000000,2.609025e+07,1.818933e+07,1.239963e+02,1.410264e+06,8.844058e+01,,,,5
2018-04-26 12:43:04.000000,2.609025e+07,1.818790e+07,1.239956e+02,1.410264e+06,8.844058e+01,,,,5
2018-04-26 12:43:05.000000,2.609025e+07,1.818780e+07,1.239955e+02,1.410264e+06,8.844057e+01,,,,5
2018-04-26 12:43:06.000000,2.609023e+07,1.818692e+07,1.239949e+02,1.410264e+06,8.844057e+01,,,,5
2018-04-26 12:43:07.000000,2.609023e+07,1.818688e+07,1.239949e+02,1.410264e+06,8.844057e+01,,,,5
2018-04-26 12:43:08.000000,2.609023e+07,1.818808e+07,1.239955e+02,1.410264e+06,8.844057e+01,,,,5
2018-04-26 12:43:09.000000,2.609025e+07,1.818670e+07,1.239947e+02,1.410264e+06,8.844057e+01,,,,5
2018-04-26 12:43:10.000000,2.609025e+07,1.818773e+07,1.239953e+02,1.410264e+06,8.844057e+01,,,,5
2018-04-26 12:43:11.000000,2.609025e+07,1.818651e+07,1.239946e+02,1.410264e+06,8.844057e+01,,,,5
2018-04-26 12:43:12.000000,2.609023e+07,1.818855e+07,1.239958e+02,1.410264e+06,8.844056e+01,,,,5
2018-04-26 12:43:13.000000,2.609023e+07,1.818751e+07,1.239952e+02,1.410264e+06,8.844056e+01,,,,5
2018-04-26 12:43:14.000000,2.609023e+07,1.818920e+07,1.239962e+02,1.410264e+06,8.844056e+01,,,,5
2018-04-26 12:43:15.000000,2.609025e+07,1.818787e+07,1.239956e+02,1.410264e+06,8.844056e+01,,,,5
2018-04-26 12:43:16.000000,2.609025e+07,1.818947e+07,1.239964e+02,1.410264e+06,8.844056e+01,,,,5
2018-04-26 12:43:17.000000,2.609023e+07,1.818714e+07,1.239950e+02,1.410264e+06,8.844056e+01,,,,5
2018-04-26 12:43:18.000000,2.609023e+07,1.818835e+07,1.239956e+02,1.410264e+06,8.844056e+01,,,,5
2018-04-26 12:43:19.000000,2.609023e+07,1.818722e+07,1.239950e+02,1.410264e+06,8.844055e+01,,,,5
2018-04-26 12:43:20.000000,2.609025e+07,1.818808e+07,1.239954e+02,1.410264e+06,8.844055e+01,,,,5
2018-04-26 12:43:21.000000,2.609025e+07,1.818696e+07,1.239948e+02,1.410264e+06,8.844055e+01,,,,5
2018-04-26 12:43:22.000000,2.609025e+07,1.818651e+07,1.239946e+02,1.410264e+06,8.844055e+01,,,,5
2018-04-26 12:43:23.000000,2.609023e+07,1.818766e+07,1.239953e+02,1.410264e+06,8.844055e+01,,,,5
2018-04-26 12:43:24.000000,2.609023e+07,1.818743e+07,1.239952e+02,1.410264e+06,8.844055e+01,,,,5
2018-04-26 12:43:25.000000,2.609023e+07,1.818865e+07,1.239959e+02,1.410264e+06,8.844055e+01,,,,5
2018-04-26 12:43:26.000000,2.609025e+07,1.818781e+07,1.239955e+02,1.410264e+06,8.844054e+01,,,,5
2018-04-26 12:43:27.000000,2.609025e+07,1.818947e+07,1.239964e+02,1.410264e+06,8.844054e+01,,,,5
2018-04-26 12:43:28.000000,2.609025e+07,1.818777e+07,1.239955e+02,1.410263e+06,8.844054e+01,,,,5
2018-04-26 12:43:29.000000,2.609023e+07,1.818857e+07,1.239958e+02,1.410263e+06,8.844054e+01,,,,5
2018-04-26 12:43:30.000000,2.609023e+07,1.818690e+07,1.239948e+02,1.410263e+06,8.844054e+01,,,,5
2018-04-26 12:43:31.000000,2.609025e+07,1.818816e+07,1.239954e+02,1.410263e+06,8.844054e+01,,,,5
2018-04-26 12:43:32.000000,2.609025e+07,1.818697e+07,1.239948e+02,1.410263e+06,8.844054e+01,,,,5
2018-04-26 12:43:33.000000,2.609025e+07,1.818657e+07,1.239946e+02,1.410263e+06,8.844053e+01,,,,5
2018-04-26 12:43:34.000000,2.609023e+07,1.818766e+07,1.239953e+02,1.410263e+06,8.844053e+01,,,,5
2018-04-26 12:43:35.000000,2.609023e+07,1.818749e+07,1.239953e+02,1.410263e+06,8.844053e+01,,,,5
2018-04-26 12:43:36.000000,2.609023e+07,1.818871e+07,1.239959e+02,1.410263e+06,8.844053e+01,,,,5
2018-04-26 12:43:37.000000,2.609025e+07,1.818782e+07,1.239955e+02,1.410263e+06,8.844053e+01,,,,5
2018-04-26 12:43:38.000000,2.609025e+07,1.818895e+07,1.239961e+02,1.410263e+06,8.844053e+01,,,,5
2018-04-26 12:43:39.000000,2.609025e+07,1.818777e+07,1.239955e+02,1.410263e+06,8.844053e+01,,,,5
2018-04-26 12:43:40.000000,2.609023e+07,1.818807e+07,1.239955e+02,1.410263e+06,8.844052e+01,,,,5
2018-04-26 12:43:41.000000,2.609023e+07,1.818691e+07,1.239948e+02,1.410263e+06,8.844052e+01,,,,5
2018-04-26 12:43:42.000000,2.609023e+07,1.818849e+07,1.239957e+02,1.410263e+06,8.844052e+01,,,,5
2018-04-26 12:43:43.000000,2.609025e+07,1.818667e+07,1.239947e+02,1.410263e+06,8.844052e+01,,,,5
2018-04-26 12:43:44.000000,2.609025e+07,1.818811e+07,1.239954e+02,1.410263e+06,8.844052e+01,,,,5
2018-04-26 12:43:45.000000,2.609023e+07,1.818752e+07,1.239952e+02,1.410263e+06,8.844052e+01,,,,5
2018-04-26 12:43:46.000000,2.609023e+07,1.818749e+07,1.239953e+02,1.410263e+06,8.844051e+01,,,,5
2018-04-26 12:43:47.000000,2.609023e+07,1.818777e+07,1.239954e+02,1.410263e+06,8.844051e+01,,,,5
2018-04-26 12:43:48.000000,2.609025e+07,1.818780e+07,1.239955e+02,1.410263e+06,8.844051e+01,,,,5
2018-04-26 12:43:49.000000,2.609025e+07,1.818806e+07,1.239956e+02,1.410263e+06,8.844051e+01,,,,5
2018-04-26 12:43:50.000000,2.609025e+07,1.818774e+07,1.239955e+02,1.410263e+06,8.844051e+01,,,,5
2018-04-26 12:43:51.000000,2.609023e+07,1.818807e+07,1.239955e+02,1.410263e+06,8.844051e+01,,,,5
2018-04-26 12:43:52.000000,2.609023e+07,1.818687e+07,1.239948e+02,1.410263e+06,8.844051e+01,,,,5
2018-04-26 12:43:53.000000,2.609023e+07,1.818862e+07,1.239958e+02,1.410263e+06,8.844050e+01,,,,5
2018-04-26 12:43:54.000000,2.609025e+07,1.818666e+07,1.239947e+02,1.410263e+06,8.844050e+01,,,,5
2018-04-26 12:43:55.000000,2.609025e+07,1.818823e+07,1.239955e+02,1.410263e+06,8.844050e+01,,,,5
2018-04-26 12:43:56.000000,2.609025e+07,1.818686e+07,1.239947e+02,1.410263e+06,8.844050e+01,,,,5
2018-04-26 12:43:57.000000,2.609023e+07,1.818905e+07,1.239961e+02,1.410263e+06,8.844050e+01,,,,5
2018-04-26 12:43:58.000000,2.609023e+07,1.818785e+07,1.239954e+02,1.410263e+06,8.844050e+01,,,,5
2018-04-26 12:43:59.000000,2.609025e+07,1.818936e+07,1.239963e+02,1.410263e+06,8.844050e+01,,,,5
2018-04-26 12:44:00.000000,2.609025e+07,1.818821e+07,1.239957e+02,1.410263e+06,8.844049e+01,,,,5
2018-04-26 12:44:01.000000,2.609025e+07,1.818774e+07,1.239955e+02,1.410263e+06,8.844049e+01,,,,5
2018-04-26 12:44:02.000000,2.609023e+07,1.818724e+07,1.239951e+02,1.410263e+06,8.844049e+01,,,,5
2018-04-26 12:44:03.000000,2.609023e+07,1.818684e+07,1.239948e+02,1.410263e+06,8.844049e+01,,,,5
2018-04-26 12:44:04.000000,2.609023e+07,1.818807e+07,1.239955e+02,1.410263e+06,8.844049e+01,,,,5
2018-04-26 12:44:05.000000,2.609025e+07,1.818665e+07,1.239947e+02,1.410263e+06,8.844049e+01,,,,5
2018-04-26 12:44:06.000000,2.609025e+07,1.818767e+07,1.239952e+02,1.410263e+06,8.844049e+01,,,,5
2018-04-26 12:44:07.000000,2.609025e+07,1.818653e+07,1.239946e+02,1.410263e+06,8.844048e+01,,,,5
2018-04-26 12:44:08.000000,2.609023e+07,1.818848e+07,1.239958e+02,1.410263e+06,8.844048e+01,,,,5
2018-04-26 12:44:09.000000,2.609023e+07,1.818750e+07,1.239952e+02,1.410263e+06,8.844048e+01,,,,5
2018-04-26 12:44:10.000000,2.609023e+07,1.818749e+07,1.239953e+02,1.410263e+06,8.844048e+01,,,,5
2018-04-26 12:44:11.000000,2.609025e+07,1.818773e+07,1.239954e+02,1.410263e+06,8.844048e+01,,,,5
2018-04-26 12:44:12.000000,2.609025e+07,1.818780e+07,1.239955e+02,1.410263e+06,8.844048e+01,,,,5
2018-04-26 12:44:13.000000,2.609023e+07,1.818691e+07,1.239949e+02,1.410263e+06,8.844048e+01,,,,5
2018-04-26 12:44:14.000000,2.609023e+07,1.818688e+07,1.239949e+02,1.410263e+06,8.844047e+01,,,,5
2018-04-26 12:44:15.000000,2.609023e+07,1.818807e+07,1.239955e+02,1.410263e+06,8.844047e+01,,,,5
2018-04-26 12:44:16.000000,2.609025e+07,1.818670e+07,1.239947e+02,1.410263e+06,8.844047e+01,,,,5
2018-04-26 12:44:17.000000,2.609025e+07,1.818773e+07,1.239953e+02,1.410263e+06,8.844047e+01,,,,5
2018-04-26 12:44:18.000000,2.609025e+07,1.818651e+07,1.239945e+02,1.410263e+06,8.844047e+01,,,,5
2018-04-26 12:44:19.000000,2.609023e+07,1.818853e+07,1.239958e+02,1.410263e+06,8.844047e+01,,,,5
2018-04-26 12:44:20.000000,2.609023e+07,1.818751e+07,1.239952e+02,1.410263e+06,8.844047e+01,,,,5
2018-04-26 12:44:21.000000,2.609023e+07,1.818920e+07,1.239962e+02,1.410263e+06,8.844046e+01,,,,5
2018-04-26 12:44:22.000000,2.609025e+07,1.818788e+07,1.239956e+02,1.410263e+06,8.844046e+01,,,,5
2018-04-26 12:44:23.000000,2.609025e+07,1.818947e+07,1.239964e+02,1.410263e+06,8.844046e+01,,,,5
2018-04-26 12:44:24.000000,2.609025e+07,1.818811e+07,1.239956e+02,1.410263e+06,8.844046e+01,,,,5
2018-04-26 12:44:25.000000,2.609023e+07,1.818846e+07,1.239957e+02,1.410263e+06,8.844046e+01,,,,5
2018-04-26 12:44:26.000000,2.609023e+07,1.818722e+07,1.239950e+02,1.410263e+06,8.844046e+01,,,,5
2018-04-26 12:44:27.000000,2.609024e+07,1.818808e+07,1.239954e+02,1.410263e+06,8.844046e+01,,,,5
2018-04-26 12:44:28.000000,2.609025e+07,1.818696e+07,1.239948e+02,1.410263e+06,8.844045e+01,,,,5
2018-04-26 12:44:29.000000,2.609025e+07,1.818651e+07,1.239946e+02,1.410263e+06,8.844045e+01,,,,5
2018-04-26 12:44:30.000000,2.609023e+07,1.818766e+07,1.239953e+02,1.410263e+06,8.844045e+01,,,,5
2018-04-26 12:44:31.000000,2.609023e+07,1.818743e+07,1.239952e+02,1.410263e+06,8.844045e+01,,,,5
2018-04-26 12:44:32.000000,2.609023e+07,1.818863e+07,1.239959e+02,1.410263e+06,8.844045e+01,,,,5
2018-04-26 12:44:33.000000,2.609025e+07,1.818781e+07,1.239955e+02,1.410263e+06,8.844045e+01,,,,5
2018-04-26 12:44:34.000000,2.609025e+07,1.818947e+07,1.239964e+02,1.410263e+06,8.844045e+01,,,,5
2018-04-26 12:44:35.000000,2.609025e+07,1.818777e+07,1.239954e+02,1.410263e+06,8.844044e+01,,,,5
2018-04-26 12:44:36.000000,2.609023e+07,1.818856e+07,1.239958e+02,1.410263e+06,8.844044e+01,,,,5
2018-04-26 12:44:37.000000,2.609023e+07,1.818689e+07,1.239948e+02,1.410263e+06,8.844044e+01,,,,5
2018-04-26 12:44:38.000000,2.609023e+07,1.818689e+07,1.239949e+02,1.410263e+06,8.844044e+01,,,,5
2018-04-26 12:44:39.000000,2.609025e+07,1.818686e+07,1.239947e+02,1.410263e+06,8.844044e+01,,,,5
2018-04-26 12:44:40.000000,2.609025e+07,1.818656e+07,1.239946e+02,1.410263e+06,8.844044e+01,,,,5
2018-04-26 12:44:41.000000,2.609023e+07,1.818766e+07,1.239953e+02,1.410263e+06,8.844044e+01,,,,5
2018-04-26 12:44:42.000000,2.609023e+07,1.818749e+07,1.239952e+02,1.410263e+06,8.844043e+01,,,,5
2018-04-26 12:44:43.000000,2.609023e+07,1.818870e+07,1.239959e+02,1.410263e+06,8.844043e+01,,,,5
2018-04-26 12:44:44.000000,2.609025e+07,1.818782e+07,1.239955e+02,1.410263e+06,8.844043e+01,,,,5
2018-04-26 12:44:45.000000,2.609025e+07,1.818895e+07,1.239961e+02,1.410263e+06,8.844043e+01,,,,5
2018-04-26 12:44:46.000000,2.609024e+07,1.818779e+07,1.239955e+02,1.410263e+06,8.844043e+01,,,,5
2018-04-26 12:44:47.000000,2.609023e+07,1.818807e+07,1.239955e+02,1.410263e+06,8.844043e+01,,,,5
2018-04-26 12:44:48.000000,2.609023e+07,1.818691e+07,1.239948e+02,1.410263e+06,8.844043e+01,,,,5
2018-04-26 12:44:49.000000,2.609023e+07,1.818847e+07,1.239957e+02,1.410263e+06,8.844042e+01,,,,5
2018-04-26 12:44:50.000000,2.609025e+07,1.818667e+07,1.239947e+02,1.410263e+06,8.844042e+01,,,,5
2018-04-26 12:44:51.000000,2.609024e+07,1.818811e+07,1.239954e+02,1.410263e+06,8.844042e+01,,,,5
2018-04-26 12:44:52.000000,2.609023e+07,1.818752e+07,1.239952e+02,1.410263e+06,8.844042e+01,,,,5
2018-04-26 12:44:53.000000,2.609023e+07,1.818749e+07,1.239953e+02,1.410263e+06,8.844042e+01,,,,5
2018-04-26 12:44:54.000000,2.609023e+07,1.818777e+07,1.239954e+02,1.410263e+06,8.844042e+01,,,,5
2018-04-26 12:44:55.000000,2.609025e+07,1.818780e+07,1.239955e+02,1.410263e+06,8.844042e+01,,,,5
2018-04-26 12:44:56.000000,2.609025e+07,1.818806e+07,1.239956e+02,1.410263e+06,8.844041e+01,,,,5
2018-04-26 12:44:57.000000,2.609025e+07,1.818774e+07,1.239955e+02,1.410263e+06,8.844041e+01,,,,5
2018-04-26 12:44:58.000000,2.609023e+07,1.818807e+07,1.239955e+02,1.410263e+06,8.844041e+01,,,,5
2018-04-26 12:44:59.000000,2.609023e+07,1.818687e+07,1.239948e+02,1.410263e+06,8.844041e+01,,,,5
2018-04-26 12:45:00.000000,2.609023e+07,1.818859e+07,1.239958e+02,1.410263e+06,8.844041e+01,,,,5
2018-04-26 12:45:01.000000,2.609025e+07,1.818666e+07,1.239946e+02,1.410263e+06,8.844041e+01,,,,5
2018-04-26 12:45:02.000000,2.609025e+07,1.818823e+07,1.239954e+02,1.410263e+06,8.844041e+01,,,,5
2018-04-26 12:45:03.000000,2.609025e+07,1.818688e+07,1.239947e+02,1.410263e+06,8.844040e+01,,,,5
2018-04-26 12:45:04.000000,2.609023e+07,1.818904e+07,1.239961e+02,1.410263e+06,8.844040e+01,,,,5
2018-04-26 12:45:05.000000,2.609023e+07,1.818785e+07,1.239954e+02,1.410263e+06,8.844040e+01,,,,5
2018-04-26 12:45:06.000000,2.609025e+07,1.818935e+07,1.239963e+02,1.410263e+06,8.844040e+01,,,,5
2018-04-26 12:45:07.000000,2.609025e+07,1.818822e+07,1.239957e+02,1.410263e+06,8.844040e+01,,,,5
2018-04-26 12:45:08.000000,2.609025e+07,1.818774e+07,1.239954e+02,1.410263e+06,8.844040e+01,,,,5
2018-04-26 12:45:09.000000,2.609023e+07,1.818723e+07,1.239950e+02,1.410263e+06,8.844040e+01,,,,5
2018-04-26 12:45:10.000000,2.609023e+07,1.818684e+07,1.239948e+02,1.410263e+06,8.844039e+01,,,,5
2018-04-26 12:45:11.000000,2.609023e+07,1.818807e+07,1.239955e+02,1.410263e+06,8.844039e+01,,,,5
2018-04-26 12:45:12.000000,2.609025e+07,1.818665e+07,1.239947e+02,1.410263e+06,8.844039e+01,,,,5
2018-04-26 12:45:13.000000,2.609025e+07,1.818766e+07,1.239952e+02,1.410263e+06,8.844039e+01,,,,5
2018-04-26 12:45:14.000000,2.609025e+07,1.818653e+07,1.239946e+02,1.410263e+06,8.844039e+01,,,,5
2018-04-26 12:45:15.000000,2.609023e+07,1.818848e+07,1.239957e+02,1.410263e+06,8.844039e+01,,,,5
2018-04-26 12:45:16.000000,2.609023e+07,1.818750e+07,1.239952e+02,1.410263e+06,8.844039e+01,,,,5
2018-04-26 12:45:17.000000,2.609023e+07,1.818749e+07,1.239953e+02,1.410263e+06,8.844038e+01,,,,5
2018-04-26 12:45:18.000000,2.609025e+07,1.818773e+07,1.239954e+02,1.410263e+06,8.844038e+01,,,,5
2018-04-26 12:45:19.000000,2.609025e+07,1.818780e+07,1.239955e+02,1.410263e+06,8.844038e+01,,,,5
2018-04-26 12:45:20.000000,2.609023e+07,1.818692e+07,1.239949e+02,1.410263e+06,8.844038e+01,,,,5
2018-04-26 12:45:21.000000,2.609023e+07,1.818688e+07,1.239949e+02,1.410263e+06,8.844038e+01,,,,5
2018-04-26 12:45:22.000000,2.609023e+07,1.818807e+07,1.239955e+02,1.410263e+06,8.844038e+01,,,,5
2018-04-26 12:45:23.000000,2.609025e+07,1.818671e+07,1.239947e+02,1.410263e+06,8.844038e+01,,,,5
2018-04-26 12:45:24.000000,2.609025e+07,1.818773e+07,1.239952e+02,1.410263e+06,8.844037e+01,,,,5
2018-04-26 12:45:25.000000,2.609025e+07,1.818651e+07,1.239945e+02,1.410263e+06,8.844037e+01,,,,5
2018-04-26 12:45:26.000000,2.609023e+07,1.818853e+07,1.239958e+02,1.410263e+06,8.844037e+01,,,,5
2018-04-26 12:45:27.000000,2.609023e+07,1.818752e+07,1.239952e+02,1.410263e+06,8.844037e+01,,,,5
2018-04-26 12:45:28.000000,2.609023e+07,1.818920e+07,1.239962e+02,1.410263e+06,8.844037e+01,,,,5
2018-04-26 12:45:29.000000,2.609024e+07,1.818788e+07,1.239955e+02,1.410263e+06,8.844037e+01,,,,5
2018-04-26 12:45:30.000000,2.609025e+07,1.818945e+07,1.239963e+02,1.410263e+06,8.844037e+01,,,,5
2018-04-26 12:45:31.000000,2.609025e+07,1.818811e+07,1.239956e+02,1.410263e+06,8.844036e+01,,,,5
2018-04-26 12:45:32.000000,2.609023e+07,1.818846e+07,1.239957e+02,1.410263e+06,8.844036e+01,,,,5
2018-04-26 12:45:33.000000,2.609023e+07,1.818722e+07,1.239950e+02,1.410263e+06,8.844036e+01,,,,5
2018-04-26 12:45:34.000000,2.609024e+07,1.818808e+07,1.239954e+02,1.410263e+06,8.844036e+01,,,,5
2018-04-26 12:45:35.000000,2.609025e+07,1.818696e+07,1.239948e+02,1.410263e+06,8.844036e+01,,,,5
2018-04-26 12:45:36.000000,2.609025e+07,1.818651e+07,1.239946e+02,1.410263e+06,8.844036e+01,,,,5
2018-04-26 12:45:37.000000,2.609023e+07,1.818765e+07,1.239953e+02,1.410263e+06,8.844036e+01,,,,5
2018-04-26 12:45:38.000000,2.609023e+07,1.818743e+07,1.239952e+02,1.410263e+06,8.844035e+01,,,,5
2018-04-26 12:45:39.000000,2.609023e+07,1.818863e+07,1.239958e+02,1.410263e+06,8.844035e+01,,,,5
2018-04-26 12:45:40.000000,2.609025e+07,1.818782e+07,1.239954e+02,1.410263e+06,8.844035e+01,,,,5
2018-04-26 12:45:41.000000,2.609025e+07,1.818947e+07,1.239963e+02,1.410263e+06,8.844035e+01,,,,5
2018-04-26 12:45:42.000000,2.609025e+07,1.818777e+07,1.239954e+02,1.410263e+06,8.844035e+01,,,,5
2018-04-26 12:45:43.000000,2.609023e+07,1.818856e+07,1.239958e+02,1.410263e+06,8.844035e+01,,,,5
2018-04-26 12:45:44.000000,2.609023e+07,1.818690e+07,1.239949e+02,1.410263e+06,8.844035e+01,,,,5
2018-04-26 12:45:45.000000,2.609023e+07,1.818689e+07,1.239949e+02,1.410263e+06,8.844035e+01,,,,5
2018-04-26 12:45:46.000000,2.609025e+07,1.818686e+07,1.239947e+02,1.410263e+06,8.844034e+01,,,,5
2018-04-26 12:45:47.000000,2.609025e+07,1.818656e+07,1.239946e+02,1.410263e+06,8.844034e+01,,,,5
2018-04-26 12:45:48.000000,2.609023e+07,1.818766e+07,1.239953e+02,1.410263e+06,8.844034e+01,,,,5
2018-04-26 12:45:49.000000,2.609023e+07,1.818749e+07,1.239952e+02,1.410263e+06,8.844034e+01,,,,5
2018-04-26 12:45:50.000000,2.609023e+07,1.818870e+07,1.239959e+02,1.410263e+06,8.844034e+01,,,,5
2018-04-26 12:45:51.000000,2.609025e+07,1.818782e+07,1.239954e+02,1.410263e+06,8.844034e+01,,,,5
2018-04-26 12:45:52.000000,2.609025e+07,1.818895e+07,1.239961e+02,1.410263e+06,8.844034e+01,,,,5
2018-04-26 12:45:53.000000,2.609024e+07,1.818779e+07,1.239954e+02,1.410263e+06,8.844033e+01,,,,5
2018-04-26 12:45:54.000000,2.609023e+07,1.818807e+07,1.239955e+02,1.410263e+06,8.844033e+01,,,,5
2018-04-26 12:45:55.000000,2.609023e+07,1.818691e+07,1.239948e+02,1.410263e+06,8.844033e+01,,,,5
2018-04-26 12:45:56.000000,2.609023e+07,1.818847e+07,1.239957e+02,1.410263e+06,8.844033e+01,,,,5
2018-04-26 12:45:57.000000,2.609025e+07,1.818668e+07,1.239947e+02,1.410263e+06,8.844033e+01,,,,5
2018-04-26 12:45:58.000000,2.609024e+07,1.818811e+07,1.239954e+02,1.410263e+06,8.844033e+01,,,,5
2018-04-26 12:45:59.000000,2.609025e+07,1.818686e+07,1.239947e+02,1.410263e+06,8.844033e+01,,,,5
2018-04-26 12:46:00.000000,2.609023e+07,1.818744e+07,1.239953e+02,1.410263e+06,8.844032e+01,,,,5
2018-04-26 12:46:01.000000,2.609023e+07,1.818777e+07,1.239954e+02,1.410263e+06,8.844032e+01,,,,5
2018-04-26 12:46:02.000000,2.609025e+07,1.818780e+07,1.239955e+02,1.410263e+06,8.844032e+01,,,,5
2018-04-26 12:46:03.000000,2.609025e+07,1.818806e+07,1.239956e+02,1.410263e+06,8.844032e+01,,,,5
2018-04-26 12:46:04.000000,2.609025e+07,1.818774e+07,1.239954e+02,1.410263e+06,8.844032e+01,,,,5
2018-04-26 12:46:05.000000,2.609023e+07,1.818807e+07,1.239955e+02,1.410263e+06,8.844032e+01,,,,5
2018-04-26 12:46:06.000000,2.609023e+07,1.818687e+07,1.239948e+02,1.410263e+06,8.844032e+01,,,,5
2018-04-26 12:46:07.000000,2.609023e+07,1.818859e+07,1.239958e+02,1.410263e+06,8.844031e+01,,,,5
2018-04-26 12:46:08.000000,2.609025e+07,1.818666e+07,1.239946e+02,1.410263e+06,8.844031e+01,,,,5
2018-04-26 12:46:09.000000,2.609025e+07,1.818766e+07,1.239952e+02,1.410263e+06,8.844031e+01,,,,5
2018-04-26 12:46:10.000000,2.609025e+07,1.818653e+07,1.239946e+02,1.410263e+06,8.844031e+01,,,,5
2018-04-26 12:46:11.000000,2.609023e+07,1.818848e+07,1.239957e+02,1.410263e+06,8.844031e+01,,,,5
2018-04-26 12:46:12.000000,2.609023e+07,1.818749e+07,1.239952e+02,1.410263e+06,8.844031e+01,,,,5
2018-04-26 12:46:13.000000,2.609023e+07,1.818749e+07,1.239953e+02,1.410263e+06,8.844031e+01,,,,5
2018-04-26 12:46:14.000000,2.609025e+07,1.818773e+07,1.239954e+02,1.410263e+06,8.844030e+01,,,,5
2018-04-26 12:46:15.000000,2.609025e+07,1.818780e+07,1.239955e+02,1.410263e+06,8.844030e+01,,,,5
2018-04-26 12:46:16.000000,2.609023e+07,1.818692e+07,1.239949e+02,1.410263e+06,8.844030e+01,,,,5
2018-04-26 12:46:17.000000,2.609023e+07,1.818688e+07,1.239949e+02,1.410263e+06,8.844030e+01,,,,5
2018-04-26 12:46:18.000000,2.609023e+07,1.818807e+07,1.239955e+02,1.410263e+06,8.844030e+01,,,,5
2018-04-26 12:46:19.000000,2.609025e+07,1.818670e+07,1.239947e+02,1.410263e+06,8.844030e+01,,,,5
2018-04-26 12:46:20.000000,2.609025e+07,1.818773e+07,1.239952e+02,1.410263e+06,8.844030e+01,,,,5
2018-04-26 12:46:21.000000,2.609025e+07,1.818651e+07,1.239945e+02,1.410263e+06,8.844029e+01,,,,5
2018-04-26 12:46:22.000000,2.609023e+07,1.818855e+07,1.239958e+02,1.410263e+06,8.844029e+01,,,,5
2018-04-26 12:46:23.000000,2.609023e+07,1.818751e+07,1.239952e+02,1.410263e+06,8.844029e+01,,,,5
2018-04-26 12:46:24.000000,2.609023e+07,1.818920e+07,1.239962e+02,1.410263e+06,8.844029e+01,,,,5
2018-04-26 12:46:25.000000,2.609025e+07,1.818787e+07,1.239955e+02,1.410263e+06,8.844029e+01,,,,5
2018-04-26 12:46:26.000000,2.609025e+07,1.818947e+07,1.239964e+02,1.410263e+06,8.844029e+01,,,,5
2018-04-26 12:46:27.000000,2.609023e+07,1.818714e+07,1.239950e+02,1.410263e+06,8.844029e+01,,,,5
2018-04-26 12:46:28.000000,2.609023e+07,1.818835e+07,1.239956e+02,1.410263e+06,8.844028e+01,,,,5
2018-04-26 12:46:29.000000,2.609023e+07,1.818722e+07,1.239950e+02,1.410263e+06,8.844028e+01,,,,5
2018-04-26 12:46:30.000000,2.609025e+07,1.818808e+07,1.239954e+02,1.410263e+06,8.844028e+01,,,,5
2018-04-26 12:46:31.000000,2.609025e+07,1.818696e+07,1.239948e+02,1.410263e+06,8.844028e+01,,,,5
2018-04-26 12:46:32.000000,2.609025e+07,1.818651e+07,1.239946e+02,1.410263e+06,8.844028e+01,,,,5
2018-04-26 12:46:33.000000,2.609023e+07,1.818766e+07,1.239953e+02,1.410263e+06,8.844028e+01,,,,5
2018-04-26 12:46:34.000000,2.609023e+07,1.818743e+07,1.239952e+02,1.410263e+06,8.844028e+01,,,,5
2018-04-26 12:46:35.000000,2.609023e+07,1.818863e+07,1.239958e+02,1.410263e+06,8.844028e+01,,,,5
2018-04-26 12:46:36.000000,2.609025e+07,1.818781e+07,1.239954e+02,1.410263e+06,8.844027e+01,,,,5
2018-04-26 12:46:37.000000,2.609025e+07,1.818947e+07,1.239963e+02,1.410263e+06,8.844027e+01,,,,5
2018-04-26 12:46:38.000000,2.609025e+07,1.818777e+07,1.239954e+02,1.410263e+06,8.844027e+01,,,,5
2018-04-26 12:46:39.000000,2.609023e+07,1.818857e+07,1.239958e+02,1.410263e+06,8.844027e+01,,,,5
2018-04-26 12:46:40.000000,2.609023e+07,1.818689e+07,1.239948e+02,1.410263e+06,8.844027e+01,,,,5
2018-04-26 12:46:41.000000,2.609025e+07,1.818816e+07,1.239954e+02,1.410263e+06,8.844027e+01,,,,5
2018-04-26 12:46:42.000000,2.609025e+07,1.818697e+07,1.239948e+02,1.410263e+06,8.844027e+01,,,,5
2018-04-26 12:46:43.000000,2.609025e+07,1.818657e+07,1.239946e+02,1.410263e+06,8.844026e+01,,,,5
2018-04-26 12:46:44.000000,2.609023e+07,1.818766e+07,1.239953e+02,1.410263e+06,8.844026e+01,,,,5
2018-04-26 12:46:45.000000,2.609023e+07,1.818749e+07,1.239952e+02,1.410263e+06,8.844026e+01,,,,5
2018-04-26 12:46:46.000000,2.609023e+07,1.818871e+07,1.239959e+02,1.410263e+06,8.844026e+01,,,,5
2018-04-26 12:46:47.000000,2.609025e+07,1.818782e+07,1.239954e+02,1.410263e+06,8.844026e+01,,,,5
2018-04-26 12:46:48.000000,2.609025e+07,1.818895e+07,1.239961e+02,1.410263e+06,8.844026e+01,,,,5
2018-04-26 12:46:49.000000,2.609025e+07,1.818777e+07,1.239954e+02,1.410263e+06,8.844026e+01,,,,5
2018-04-26 12:46:50.000000,2.609023e+07,1.818807e+07,1.239955e+02,1.410263e+06,8.844025e+01,,,,5
2018-04-26 12:46:51.000000,2.609023e+07,1.818691e+07,1.239948e+02,1.410263e+06,8.844025e+01,,,,5
2018-04-26 12:46:52.000000,2.609023e+07,1.818847e+07,1.239957e+02,1.410263e+06,8.844025e+01,,,,5
2018-04-26 12:46:53.000000,2.609025e+07,1.818667e+07,1.239946e+02,1.410263e+06,8.844025e+01,,,,5
2018-04-26 12:46:54.000000,2.609025e+07,1.818811e+07,1.239954e+02,1.410263e+06,8.844025e+01,,,,5
2018-04-26 12:46:55.000000,2.609023e+07,1.818752e+07,1.239952e+02,1.410263e+06,8.844025e+01,,,,5
2018-04-26 12:46:56.000000,2.609023e+07,1.818749e+07,1.239952e+02,1.410263e+06,8.844025e+01,,,,5
2018-04-26 12:46:57.000000,2.609023e+07,1.818777e+07,1.239954e+02,1.410263e+06,8.844024e+01,,,,5
2018-04-26 12:46:58.000000,2.609025e+07,1.818780e+07,1.239955e+02,1.410263e+06,8.844024e+01,,,,5
2018-04-26 12:46:59.000000,2.609025e+07,1.818806e+07,1.239956e+02,1.410263e+06,8.844024e+01,,,,5
2018-04-26 12:47:00.000000,2.609025e+07,1.818774e+07,1.239954e+02,1.410263e+06,8.844024e+01,,,,5
2018-04-26 12:47:01.000000,2.609023e+07,1.818807e+07,1.239955e+02,1.410263e+06,8.844024e+01,,,,5
2018-04-26 12:47:02.000000,2.609023e+07,1.818687e+07,1.239948e+02,1.410263e+06,8.844024e+01,,,,5
2018-04-26 12:47:03.000000,2.609023e+07,1.818862e+07,1.239958e+02,1.410263e+06,8.844024e+01,,,,5
2018-04-26 12:47:04.000000,2.609025e+07,1.818666e+07,1.239946e+02,1.410263e+06,8.844023e+01,,,,5
2018-04-26 12:47:05.000000,2.609025e+07,1.818823e+07,1.239954e+02,1.410263e+06,8.844023e+01,,,,5
2018-04-26 12:47:06.000000,2.609025e+07,1.818686e+07,1.239947e+02,1.410263e+06,8.844023e+01,,,,5
2018-04-26 12:47:07.000000,2.609023e+07,1.818905e+07,1.239961e+02,1.410263e+06,8.844023e+01,,,,5
2018-04-26 12:47:08.000000,2.609023e+07,1.818785e+07,1.239954e+02,1.410263e+06,8.844023e+01,,,,5
2018-04-26 12:47:09.000000,2.609025e+07,1.818935e+07,1.239963e+02,1.410263e+06,8.844023e+01,,,,5
2018-04-26 12:47:10.000000,2.609025e+07,1.818822e+07,1.239957e+02,1.410263e+06,8.844023e+01,,,,5
2018-04-26 12:47:11.000000,2.609025e+07,1.818774e+07,1.239954e+02,1.410263e+06,8.844023e+01,,,,5
2018-04-26 12:47:12.000000,2.609023e+07,1.818724e+07,1.239950e+02,1.410263e+06,8.844022e+01,,,,5
2018-04-26 12:47:13.000000,2.609023e+07,1.818684e+07,1.239948e+02,1.410263e+06,8.844022e+01,,,,5
2018-04-26 12:47:14.000000,2.609023e+07,1.818807e+07,1.239955e+02,1.410263e+06,8.844022e+01,,,,5
2018-04-26 12:47:15.000000,2.609025e+07,1.818665e+07,1.239946e+02,1.410263e+06,8.844022e+01,,,,5
2018-04-26 12:47:16.000000,2.609025e+07,1.818767e+07,1.239952e+02,1.410263e+06,8.844022e+01,,,,5
2018-04-26 12:47:17.000000,2.609025e+07,1.818653e+07,1.239945e+02,1.410263e+06,8.844022e+01,,,,5
2018-04-26 12:47:18.000000,2.609023e+07,1.818848e+07,1.239957e+02,1.410263e+06,8.844022e+01,,,,5
2018-04-26 12:47:19.000000,2.609023e+07,1.818750e+07,1.239952e+02,1.410263e+06,8.844021e+01,,,,5
2018-04-26 12:47:20.000000,2.609023e+07,1.818749e+07,1.239952e+02,1.410263e+06,8.844021e+01,,,,5
2018-04-26 12:47:21.000000,2.609025e+07,1.818773e+07,1.239954e+02,1.410263e+06,8.844021e+01,,,,5
2018-04-26 12:47:22.000000,2.609025e+07,1.818780e+07,1.239955e+02,1.410263e+06,8.844021e+01,,,,5
2018-04-26 12:47:23.000000,2.609023e+07,1.818691e+07,1.239949e+02,1.410263e+06,8.844021e+01,,,,5
2018-04-26 12:47:24.000000,2.609023e+07,1.818688e+07,1.239948e+02,1.410263e+06,8.844021e+01,,,,5
2018-04-26 12:47:25.000000,2.609023e+07,1.818807e+07,1.239955e+02,1.410263e+06,8.844021e+01,,,,5
2018-04-26 12:47:26.000000,2.609025e+07,1.818671e+07,1.239947e+02,1.410263e+06,8.844020e+01,,,,5
2018-04-26 12:47:27.000000,2.609025e+07,1.818773e+07,1.239952e+02,1.410263e+06,8.844020e+01,,,,5
2018-04-26 12:47:28.000000,2.609025e+07,1.818651e+07,1.239945e+02,1.410263e+06,8.844020e+01,,,,5
2018-04-26 12:47:29.000000,2.609023e+07,1.818853e+07,1.239958e+02,1.410263e+06,8.844020e+01,,,,5
2018-04-26 12:47:30.000000,2.609023e+07,1.818751e+07,1.239952e+02,1.410263e+06,8.844020e+01,,,,5
2018-04-26 12:47:31.000000,2.609023e+07,1.818920e+07,1.239962e+02,1.410263e+06,8.844020e+01,,,,5
2018-04-26 12:47:32.000000,2.609025e+07,1.818788e+07,1.239955e+02,1.410263e+06,8.844020e+01,,,,5
2018-04-26 12:47:33.000000,2.609025e+07,1.818947e+07,1.239964e+02,1.410263e+06,8.844019e+01,,,,5
2018-04-26 12:47:34.000000,2.609025e+07,1.818811e+07,1.239956e+02,1.410263e+06,8.844019e+01,,,,5
2018-04-26 12:47:35.000000,2.609023e+07,1.818846e+07,1.239957e+02,1.410263e+06,8.844019e+01,,,,5
2018-04-26 12:47:36.000000,2.609023e+07,1.818722e+07,1.239950e+02,1.410263e+06,8.844019e+01,,,,5
2018-04-26 12:47:37.000000,2.609025e+07,1.818808e+07,1.239954e+02,1.410263e+06,8.844019e+01,,,,5
2018-04-26 12:47:38.000000,2.609025e+07,1.818696e+07,1.239948e+02,1.410263e+06,8.844019e+01,,,,5
2018-04-26 12:47:39.000000,2.609025e+07,1.818651e+07,1.239945e+02,1.410263e+06,8.844019e+01,,,,5
2018-04-26 12:47:40.000000,2.609023e+07,1.818766e+07,1.239953e+02,1.410263e+06,8.844018e+01,,,,5
2018-04-26 12:47:41.000000,2.609023e+07,1.818743e+07,1.239952e+02,1.410263e+06,8.844018e+01,,,,5
2018-04-26 12:47:42.000000,2.609023e+07,1.818863e+07,1.239958e+02,1.410263e+06,8.844018e+01,,,,5
2018-04-26 12:47:43.000000,2.609025e+07,1.818782e+07,1.239954e+02,1.410263e+06,8.844018e+01,,,,5
2018-04-26 12:47:44.000000,2.609025e+07,1.818947e+07,1.239963e+02,1.410263e+06,8.844018e+01,,,,5
2018-04-26 12:47:45.000000,2.609025e+07,1.818777e+07,1.239954e+02,1.410263e+06,8.844018e+01,,,,5
2018-04-26 12:47:46.000000,2.609023e+07,1.818857e+07,1.239958e+02,1.410263e+06,8.844018e+01,,,,5
2018-04-26 12:47:47.000000,2.609023e+07,1.818689e+07,1.239948e+02,1.410263e+06,8.844018e+01,,,,5
2018-04-26 12:47:48.000000,2.609023e+07,1.818689e+07,1.239948e+02,1.410263e+06,8.844017e+01,,,,5
2018-04-26 12:47:49.000000,2.609025e+07,1.818686e+07,1.239947e+02,1.410263e+06,8.844017e+01,,,,5
2018-04-26 12:47:50.000000,2.609025e+07,1.818656e+07,1.239946e+02,1.410263e+06,8.844017e+01,,,,5
2018-04-26 12:47:51.000000,2.609023e+07,1.818766e+07,1.239953e+02,1.410263e+06,8.844017e+01,,,,5
2018-04-26 12:47:52.000000,2.609023e+07,1.818749e+07,1.239952e+02,1.410263e+06,8.844017e+01,,,,5
2018-04-26 12:47:53.000000,2.609023e+07,1.818870e+07,1.239959e+02,1.410263e+06,8.844017e+01,,,,5
2018-04-26 12:47:54.000000,2.609025e+07,1.818782e+07,1.239954e+02,1.410263e+06,8.844017e+01,,,,5
2018-04-26 12:47:55.000000,2.609025e+07,1.818895e+07,1.239961e+02,1.410263e+06,8.844016e+01,,,,5
2018-04-26 12:47:56.000000,2.609025e+07,1.818779e+07,1.239954e+02,1.410263e+06,8.844016e+01,,,,5
2018-04-26 12:47:57.000000,2.609023e+07,1.818807e+07,1.239955e+02,1.410263e+06,8.844016e+01,,,,5
2018-04-26 12:47:58.000000,2.609023e+07,1.818691e+07,1.239948e+02,1.410263e+06,8.844016e+01,,,,5
2018-04-26 12:47:59.000000,2.609023e+07,1.818847e+07,1.239957e+02,1.410263e+06,8.844016e+01,,,,5
2018-04-26 12:48:00.000000,2.609025e+07,1.818668e+07,1.239946e+02,1.410263e+06,8.844016e+01,,,,5
2018-04-26 12:48:01.000000,2.609024e+07,1.818811e+07,1.239954e+02,1.410263e+06,8.844016e+01,,,,5
2018-04-26 12:48:02.000000,2.609023e+07,1.818752e+07,1.239952e+02,1.410263e+06,8.844015e+01,,,,5
2018-04-26 12:48:03.000000,2.609023e+07,1.818749e+07,1.239952e+02,1.410263e+06,8.844015e+01,,,,5
2018-04-26 12:48:04.000000,2.609023e+07,1.818777e+07,1.239954e+02,1.410263e+06,8.844015e+01,,,,5
2018-04-26 12:48:05.000000,2.609025e+07,1.818780e+07,1.239955e+02,1.410263e+06,8.844015e+01,,,,5
2018-04-26 12:48:06.000000,2.609025e+07,1.818806e+07,1.239956e+02,1.410263e+06,8.844015e+01,,,,5
2018-04-26 12:48:07.000000,2.609025e+07,1.818774e+07,1.239954e+02,1.410263e+06,8.844015e+01,,,,5
2018-04-26 12:48:08.000000,2.609023e+07,1.818807e+07,1.239955e+02,1.410263e+06,8.844015e+01,,,,5
2018-04-26 12:48:09.000000,2.609023e+07,1.818687e+07,1.239948e+02,1.410263e+06,8.844015e+01,,,,5
2018-04-26 12:48:10.000000,2.609023e+07,1.818859e+07,1.239958e+02,1.410263e+06,8.844014e+01,,,,5
2018-04-26 12:48:11.000000,2.609025e+07,1.818666e+07,1.239946e+02,1.410263e+06,8.844014e+01,,,,5
2018-04-26 12:48:12.000000,2.609025e+07,1.818823e+07,1.239954e+02,1.410263e+06,8.844014e+01,,,,5
2018-04-26 12:48:13.000000,2.609025e+07,1.818688e+07,1.239947e+02,1.410263e+06,8.844014e+01,,,,5
2018-04-26 12:48:14.000000,2.609023e+07,1.818904e+07,1.239960e+02,1.410263e+06,8.844014e+01,,,,5
2018-04-26 12:48:15.000000,2.609023e+07,1.818785e+07,1.239954e+02,1.410263e+06,8.844014e+01,,,,5
2018-04-26 12:48:16.000000,2.609025e+07,1.818935e+07,1.239963e+02,1.410263e+06,8.844014e+01,,,,5
2018-04-26 12:48:17.000000,2.609025e+07,1.818823e+07,1.239957e+02,1.410263e+06,8.844013e+01,,,,5
2018-04-26 12:48:18.000000,2.609025e+07,1.818774e+07,1.239954e+02,1.410263e+06,8.844013e+01,,,,5
2018-04-26 12:48:19.000000,2.609023e+07,1.818723e+07,1.239950e+02,1.410263e+06,8.844013e+01,,,,5
2018-04-26 12:48:20.000000,2.609023e+07,1.818684e+07,1.239948e+02,1.410263e+06,8.844013e+01,,,,5
2018-04-26 12:48:21.000000,2.609023e+07,1.818807e+07,1.239955e+02,1.410263e+06,8.844013e+01,,,,5
2018-04-26 12:48:22.000000,2.609025e+07,1.818665e+07,1.239946e+02,1.410263e+06,8.844013e+01,,,,5
2018-04-26 12:48:23.000000,2.609025e+07,1.818766e+07,1.239952e+02,1.410263e+06,8.844013e+01,,,,5
2018-04-26 12:48:24.000000,2.609025e+07,1.818653e+07,1.239945e+02,1.410263e+06,8.844012e+01,,,,5
2018-04-26 12:48:25.000000,2.609023e+07,1.818848e+07,1.239957e+02,1.410263e+06,8.844012e+01,,,,5
2018-04-26 12:48:26.000000,2.609023e+07,1.818750e+07,1.239952e+02,1.410263e+06,8.844012e+01,,,,5
2018-04-26 12:48:27.000000,2.609023e+07,1.818749e+07,1.239952e+02,1.410263e+06,8.844012e+01,,,,5
2018-04-26 12:48:28.000000,2.609025e+07,1.818773e+07,1.239954e+02,1.410263e+06,8.844012e+01,,,,5
2018-04-26 12:48:29.000000,2.609025e+07,1.818780e+07,1.239955e+02,1.410263e+06,8.844012e+01,,,,5
2018-04-26 12:48:30.000000,2.609023e+07,1.818692e+07,1.239949e+02,1.410263e+06,8.844012e+01,,,,5
2018-04-26 12:48:31.000000,2.609023e+07,1.818688e+07,1.239948e+02,1.410263e+06,8.844012e+01,,,,5
2018-04-26 12:48:32.000000,2.609023e+07,1.818807e+07,1.239955e+02,1.410263e+06,8.844011e+01,,,,5
2018-04-26 12:48:33.000000,2.609025e+07,1.818671e+07,1.239947e+02,1.410263e+06,8.844011e+01,,,,5
2018-04-26 12:48:34.000000,2.609025e+07,1.818772e+07,1.239952e+02,1.410263e+06,8.844011e+01,,,,5
2018-04-26 12:48:35.000000,2.609025e+07,1.818651e+07,1.239945e+02,1.410263e+06,8.844011e+01,,,,5
2018-04-26 12:48:36.000000,2.609023e+07,1.818853e+07,1.239958e+02,1.410263e+06,8.844011e+01,,,,5
2018-04-26 12:48:37.000000,2.609023e+07,1.818752e+07,1.239952e+02,1.410263e+06,8.844011e+01,,,,5
2018-04-26 12:48:38.000000,2.609023e+07,1.818920e+07,1.239961e+02,1.410263e+06,8.844011e+01,,,,5
2018-04-26 12:48:39.000000,2.609024e+07,1.818788e+07,1.239955e+02,1.410263e+06,8.844010e+01,,,,5
2018-04-26 12:48:40.000000,2.609025e+07,1.818945e+07,1.239963e+02,1.410263e+06,8.844010e+01,,,,5
2018-04-26 12:48:41.000000,2.609025e+07,1.818811e+07,1.239956e+02,1.410263e+06,8.844010e+01,,,,5
2018-04-26 12:48:42.000000,2.609023e+07,1.818846e+07,1.239957e+02,1.410263e+06,8.844010e+01,,,,5
2018-04-26 12:48:43.000000,2.609023e+07,1.818722e+07,1.239950e+02,1.410263e+06,8.844010e+01,,,,5
2018-04-26 12:48:44.000000,2.609024e+07,1.818807e+07,1.239954e+02,1.410263e+06,8.844010e+01,,,,5
2018-04-26 12:48:45.000000,2.609025e+07,1.818696e+07,1.239948e+02,1.410263e+06,8.844010e+01,,,,5
2018-04-26 12:48:46.000000,2.609025e+07,1.818651e+07,1.239945e+02,1.410263e+06,8.844010e+01,,,,5
2018-04-26 12:48:47.000000,2.609023e+07,1.818765e+07,1.239953e+02,1.410263e+06,8.844009e+01,,,,5
2018-04-26 12:48:48.000000,2.609023e+07,1.818743e+07,1.239952e+02,1.410263e+06,8.844009e+01,,,,5
2018-04-26 12:48:49.000000,2.609023e+07,1.818863e+07,1.239958e+02,1.410263e+06,8.844009e+01,,,,5
2018-04-26 12:48:50.000000,2.609025e+07,1.818782e+07,1.239954e+02,1.410263e+06,8.844009e+01,,,,5
2018-04-26 12:48:51.000000,2.609025e+07,1.818946e+07,1.239963e+02,1.410263e+06,8.844009e+01,,,,5
2018-04-26 12:48:52.000000,2.609025e+07,1.818776e+07,1.239954e+02,1.410263e+06,8.844009e+01,,,,5
2018-04-26 12:48:53.000000,2.609023e+07,1.818856e+07,1.239957e+02,1.410263e+06,8.844009e+01,,,,5
2018-04-26 12:48:54.000000,2.609023e+07,1.818690e+07,1.239948e+02,1.410263e+06,8.844008e+01,,,,5
2018-04-26 12:48:55.000000,2.609023e+07,1.818689e+07,1.239948e+02,1.410263e+06,8.844008e+01,,,,5
2018-04-26 12:48:56.000000,2.609025e+07,1.818686e+07,1.239947e+02,1.410263e+06,8.844008e+01,,,,5
2018-04-26 12:48:57.000000,2.609025e+07,1.818656e+07,1.239946e+02,1.410263e+06,8.844008e+01,,,,5
2018-04-26 12:48:58.000000,2.609023e+07,1.818766e+07,1.239953e+02,1.410263e+06,8.844008e+01,,,,5
2018-04-26 12:48:59.000000,2.609023e+07,1.818749e+07,1.239952e+02,1.410263e+06,8.844008e+01,,,,5
2018-04-26 12:49:00.000000,2.609023e+07,1.818870e+07,1.239959e+02,1.410263e+06,8.844008e+01,,,,5
2018-04-26 12:49:01.000000,2.609025e+07,1.818783e+07,1.239955e+02,1.410263e+06,8.844007e+01,,,,5
2018-04-26 12:49:02.000000,2.609025e+07,1.818895e+07,1.239961e+02,1.410263e+06,8.844007e+01,,,,5
2018-04-26 12:49:03.000000,2.609024e+07,1.818779e+07,1.239954e+02,1.410263e+06,8.844007e+01,,,,5
2018-04-26 12:49:04.000000,2.609023e+07,1.818807e+07,1.239955e+02,1.410263e+06,8.844007e+01,,,,5
2018-04-26 12:49:05.000000,2.609023e+07,1.818691e+07,1.239948e+02,1.410263e+06,8.844007e+01,,,,5
2018-04-26 12:49:06.000000,2.609023e+07,1.818847e+07,1.239957e+02,1.410263e+06,8.844007e+01,,,,5
2018-04-26 12:49:07.000000,2.609025e+07,1.818668e+07,1.239946e+02,1.410263e+06,8.844007e+01,,,,5
2018-04-26 12:49:08.000000,2.609024e+07,1.818809e+07,1.239954e+02,1.410263e+06,8.844007e+01,,,,5
2018-04-26 12:49:09.000000,2.609025e+07,1.818686e+07,1.239947e+02,1.410263e+06,8.844006e+01,,,,5
2018-04-26 12:49:10.000000,2.609023e+07,1.818744e+07,1.239952e+02,1.410263e+06,8.844006e+01,,,,5
2018-04-26 12:49:11.000000,2.609023e+07,1.818777e+07,1.239954e+02,1.410263e+06,8.844006e+01,,,,5
2018-04-26 12:49:12.000000,2.609025e+07,1.818780e+07,1.239955e+02,1.410263e+06,8.844006e+01,,,,5
2018-04-26 12:49:13.000000,2.609025e+07,1.818806e+07,1.239956e+02,1.410263e+06,8.844006e+01,,,,5
2018-04-26 12:49:14.000000,2.609025e+07,1.818774e+07,1.239954e+02,1.410263e+06,8.844006e+01,,,,5
2018-04-26 12:49:15.000000,2.609023e+07,1.818807e+07,1.239955e+02,1.410263e+06,8.844006e+01,,,,5
2018-04-26 12:49:16.000000,2.609023e+07,1.818687e+07,1.239948e+02,1.410263e+06,8.844005e+01,,,,5
2018-04-26 12:49:17.000000,2.609023e+07,1.818859e+07,1.239957e+02,1.410263e+06,8.844005e+01,,,,5
2018-04-26 12:49:18.000000,2.609025e+07,1.818668e+07,1.239946e+02,1.410263e+06,8.844005e+01,,,,5
2018-04-26 12:49:19.000000,2.609025e+07,1.818823e+07,1.239954e+02,1.410263e+06,8.844005e+01,,,,5
2018-04-26 12:49:20.000000,2.609025e+07,1.818688e+07,1.239947e+02,1.410263e+06,8.844005e+01,,,,5
2018-04-26 12:49:21.000000,2.609023e+07,1.818902e+07,1.239960e+02,1.410263e+06,8.844005e+01,,,,5
2018-04-26 12:49:22.000000,2.609023e+07,1.818785e+07,1.239954e+02,1.410263e+06,8.844005e+01,,,,5
2018-04-26 12:49:23.000000,2.609023e+07,1.818747e+07,1.239952e+02,1.410263e+06,8.844005e+01,,,,5
2018-04-26 12:49:24.000000,2.609025e+07,1.818806e+07,1.239956e+02,1.410263e+06,8.844004e+01,,,,5
2018-04-26 12:49:25.000000,2.609025e+07,1.818775e+07,1.239954e+02,1.410263e+06,8.844004e+01,,,,5
2018-04-26 12:49:26.000000,2.609023e+07,1.818723e+07,1.239950e+02,1.410263e+06,8.844004e+01,,,,5
2018-04-26 12:49:27.000000,2.609023e+07,1.818684e+07,1.239948e+02,1.410263e+06,8.844004e+01,,,,5
2018-04-26 12:49:28.000000,2.609023e+07,1.818806e+07,1.239955e+02,1.410263e+06,8.844004e+01,,,,5
2018-04-26 12:49:29.000000,2.609025e+07,1.818665e+07,1.239946e+02,1.410263e+06,8.844004e+01,,,,5
2018-04-26 12:49:30.000000,2.609025e+07,1.818765e+07,1.239952e+02,1.410263e+06,8.844004e+01,,,,5
2018-04-26 12:49:31.000000,2.609025e+07,1.818655e+07,1.239945e+02,1.410263e+06,8.844003e+01,,,,5
2018-04-26 12:49:32.000000,2.609023e+07,1.818848e+07,1.239957e+02,1.410263e+06,8.844003e+01,,,,5
2018-04-26 12:49:33.000000,2.609023e+07,1.818750e+07,1.239952e+02,1.410263e+06,8.844003e+01,,,,5
2018-04-26 12:49:34.000000,2.609023e+07,1.818749e+07,1.239952e+02,1.410263e+06,8.844003e+01,,,,5
2018-04-26 12:49:35.000000,2.609025e+07,1.818772e+07,1.239954e+02,1.410263e+06,8.844003e+01,,,,5
2018-04-26 12:49:36.000000,2.609025e+07,1.818780e+07,1.239955e+02,1.410263e+06,8.844003e+01,,,,5
2018-04-26 12:49:37.000000,2.609023e+07,1.818692e+07,1.239949e+02,1.410263e+06,8.844003e+01,,,,5
2018-04-26 12:49:38.000000,2.609023e+07,1.818688e+07,1.239948e+02,1.410263e+06,8.844002e+01,,,,5
2018-04-26 12:49:39.000000,2.609023e+07,1.818807e+07,1.239955e+02,1.410263e+06,8.844002e+01,,,,5
2018-04-26 12:49:40.000000,2.609025e+07,1.818671e+07,1.239947e+02,1.410263e+06,8.844002e+01,,,,5
2018-04-26 12:49:41.000000,2.609025e+07,1.818772e+07,1.239952e+02,1.410263e+06,8.844002e+01,,,,5
2018-04-26 12:49:42.000000,2.609025e+07,1.818652e+07,1.239945e+02,1.410263e+06,8.844002e+01,,,,5
2018-04-26 12:49:43.000000,2.609023e+07,1.818853e+07,1.239958e+02,1.410263e+06,8.844002e+01,,,,5
2018-04-26 12:49:44.000000,2.609023e+07,1.818752e+07,1.239952e+02,1.410263e+06,8.844002e+01,,,,5
2018-04-26 12:49:45.000000,2.609023e+07,1.818918e+07,1.239961e+02,1.410263e+06,8.844002e+01,,,,5
2018-04-26 12:49:46.000000,2.609024e+07,1.818788e+07,1.239955e+02,1.410263e+06,8.844001e+01,,,,5
2018-04-26 12:49:47.000000,2.609025e+07,1.818945e+07,1.239963e+02,1.410263e+06,8.844001e+01,,,,5
2018-04-26 12:49:48.000000,2.609025e+07,1.818812e+07,1.239956e+02,1.410263e+06,8.844001e+01,,,,5
2018-04-26 12:49:49.000000,2.609023e+07,1.818846e+07,1.239957e+02,1.410263e+06,8.844001e+01,,,,5
2018-04-26 12:49:50.000000,2.609023e+07,1.818722e+07,1.239950e+02,1.410263e+06,8.844001e+01,,,,5
2018-04-26 12:49:51.000000,2.609024e+07,1.818807e+07,1.239954e+02,1.410263e+06,8.844001e+01,,,,5
2018-04-26 12:49:52.000000,2.609025e+07,1.818697e+07,1.239948e+02,1.410263e+06,8.844001e+01,,,,5
2018-04-26 12:49:53.000000,2.609025e+07,1.818651e+07,1.239945e+02,1.410263e+06,8.844000e+01,,,,5
2018-04-26 12:49:54.000000,2.609023e+07,1.818765e+07,1.239952e+02,1.410263e+06,8.844000e+01,,,,5
2018-04-26 12:49:55.000000,2.609023e+07,1.818744e+07,1.239952e+02,1.410263e+06,8.844000e+01,,,,5
2018-04-26 12:49:56.000000,2.609023e+07,1.818863e+07,1.239958e+02,1.410263e+06,8.844000e+01,,,,5
2018-04-26 12:49:57.000000,2.609025e+07,1.818782e+07,1.239954e+02,1.410263e+06,8.844000e+01,,,,5
2018-04-26 12:49:58.000000,2.609025e+07,1.818946e+07,1.239963e+02,1.410263e+06,8.844000e+01,,,,5
2018-04-26 12:49:59.000000,2.609025e+07,1.818778e+07,1.239954e+02,1.410263e+06,8.844000e+01,,,,5
2018-04-26 12:50:00.000000,2.609023e+07,1.818856e+07,1.239957e+02,1.410263e+06,8.844000e+01,,,,5
2018-04-26 12:50:01.000000,2.609023e+07,1.818690e+07,1.239948e+02,1.410263e+06,8.843999e+01,,,,5
2018-04-26 12:50:02.000000,2.609023e+07,1.818689e+07,1.239948e+02,1.410263e+06,8.843999e+01,,,,5
2018-04-26 12:50:03.000000,2.609025e+07,1.818686e+07,1.239947e+02,1.410263e+06,8.843999e+01,,,,5
2018-04-26 12:50:04.000000,2.609025e+07,1.818656e+07,1.239946e+02,1.410263e+06,8.843999e+01,,,,5
2018-04-26 12:50:05.000000,2.609023e+07,1.818765e+07,1.239953e+02,1.410263e+06,8.843999e+01,,,,5
2018-04-26 12:50:06.000000,2.609023e+07,1.818749e+07,1.239952e+02,1.410263e+06,8.843999e+01,,,,5
2018-04-26 12:50:07.000000,2.609023e+07,1.818870e+07,1.239959e+02,1.410263e+06,8.843999e+01,,,,5
2018-04-26 12:50:08.000000,2.609025e+07,1.818783e+07,1.239955e+02,1.410263e+06,8.843998e+01,,,,5
2018-04-26 12:50:09.000000,2.609025e+07,1.818894e+07,1.239960e+02,1.410263e+06,8.843998e+01,,,,5
2018-04-26 12:50:10.000000,2.609024e+07,1.818779e+07,1.239954e+02,1.410263e+06,8.843998e+01,,,,5
2018-04-26 12:50:11.000000,2.609023e+07,1.818807e+07,1.239954e+02,1.410263e+06,8.843998e+01,,,,5
2018-04-26 12:50:12.000000,2.609023e+07,1.818692e+07,1.239948e+02,1.410263e+06,8.843998e+01,,,,5
2018-04-26 12:50:13.000000,2.609023e+07,1.818847e+07,1.239957e+02,1.410263e+06,8.843998e+01,,,,5
2018-04-26 12:50:14.000000,2.609025e+07,1.818668e+07,1.239946e+02,1.410263e+06,8.843998e+01,,,,5
2018-04-26 12:50:15.000000,2.609024e+07,1.818809e+07,1.239954e+02,1.410263e+06,8.843998e+01,,,,5
2018-04-26 12:50:16.000000,2.609025e+07,1.818687e+07,1.239947e+02,1.410263e+06,8.843997e+01,,,,5
2018-04-26 12:50:17.000000,2.609023e+07,1.818744e+07,1.239952e+02,1.410263e+06,8.843997e+01,,,,5
2018-04-26 12:50:18.000000,2.609023e+07,1.818777e+07,1.239953e+02,1.410263e+06,8.843997e+01,,,,5
2018-04-26 12:50:19.000000,2.609025e+07,1.818780e+07,1.239955e+02,1.410263e+06,8.843997e+01,,,,5
2018-04-26 12:50:20.000000,2.609024e+07,1.818805e+07,1.239956e+02,1.410263e+06,8.843997e+01,,,,5
2018-04-26 12:50:21.000000,2.609025e+07,1.818774e+07,1.239954e+02,1.410263e+06,8.843997e+01,,,,5
2018-04-26 12:50:22.000000,2.609023e+07,1.818807e+07,1.239955e+02,1.410263e+06,8.843997e+01,,,,5
2018-04-26 12:50:23.000000,2.609023e+07,1.818687e+07,1.239948e+02,1.410263e+06,8.843996e+01,,,,5
2018-04-26 12:50:24.000000,2.609023e+07,1.818859e+07,1.239957e+02,1.410263e+06,8.843996e+01,,,,5
2018-04-26 12:50:25.000000,2.609025e+07,1.818668e+07,1.239946e+02,1.410263e+06,8.843996e+01,,,,5
2018-04-26 12:50:26.000000,2.609025e+07,1.818765e+07,1.239952e+02,1.410263e+06,8.843996e+01,,,,5
2018-04-26 12:50:27.000000,2.609025e+07,1.818653e+07,1.239945e+02,1.410263e+06,8.843996e+01,,,,5
2018-04-26 12:50:28.000000,2.609023e+07,1.818848e+07,1.239957e+02,1.410263e+06,8.843996e+01,,,,5
2018-04-26 12:50:29.000000,2.609023e+07,1.818750e+07,1.239952e+02,1.410263e+06,8.843996e+01,,,,5
2018-04-26 12:50:30.000000,2.609023e+07,1.818749e+07,1.239952e+02,1.410263e+06,8.843996e+01,,,,5
2018-04-26 12:50:31.000000,2.609025e+07,1.818773e+07,1.239954e+02,1.410263e+06,8.843995e+01,,,,5
2018-04-26 12:50:32.000000,2.609025e+07,1.818780e+07,1.239955e+02,1.410263e+06,8.843995e+01,,,,5
2018-04-26 12:50:33.000000,2.609023e+07,1.818691e+07,1.239949e+02,1.410263e+06,8.843995e+01,,,,5
2018-04-26 12:50:34.000000,2.609023e+07,1.818688e+07,1.239948e+02,1.410263e+06,8.843995e+01,,,,5
2018-04-26 12:50:35.000000,2.609023e+07,1.818807e+07,1.239954e+02,1.410263e+06,8.843995e+01,,,,5
2018-04-26 12:50:36.000000,2.609025e+07,1.818672e+07,1.239947e+02,1.410263e+06,8.843995e+01,,,,5
2018-04-26 12:50:37.000000,2.609025e+07,1.818773e+07,1.239952e+02,1.410263e+06,8.843995e+01,,,,5
2018-04-26 12:50:38.000000,2.609025e+07,1.818651e+07,1.239945e+02,1.410263e+06,8.843995e+01,,,,5
2018-04-26 12:50:39.000000,2.609023e+07,1.818853e+07,1.239958e+02,1.410263e+06,8.843994e+01,,,,5
2018-04-26 12:50:40.000000,2.609023e+07,1.818751e+07,1.239952e+02,1.410263e+06,8.843994e+01,,,,5
2018-04-26 12:50:41.000000,2.609023e+07,1.818920e+07,1.239961e+02,1.410263e+06,8.843994e+01,,,,5
2018-04-26 12:50:42.000000,2.609025e+07,1.818788e+07,1.239955e+02,1.410263e+06,8.843994e+01,,,,5
2018-04-26 12:50:43.000000,2.609025e+07,1.818945e+07,1.239963e+02,1.410263e+06,8.843994e+01,,,,5
2018-04-26 12:50:44.000000,2.609025e+07,1.818811e+07,1.239956e+02,1.410263e+06,8.843994e+01,,,,5
2018-04-26 12:50:45.000000,2.609023e+07,1.818846e+07,1.239957e+02,1.410263e+06,8.843994e+01,,,,5
2018-04-26 12:50:46.000000,2.609023e+07,1.818722e+07,1.239949e+02,1.410263e+06,8.843993e+01,,,,5
2018-04-26 12:50:47.000000,2.609025e+07,1.818808e+07,1.239953e+02,1.410263e+06,8.843993e+01,,,,5
2018-04-26 12:50:48.000000,2.609025e+07,1.818696e+07,1.239948e+02,1.410263e+06,8.843993e+01,,,,5
2018-04-26 12:50:49.000000,2.609025e+07,1.818651e+07,1.239945e+02,1.410263e+06,8.843993e+01,,,,5
2018-04-26 12:50:50.000000,2.609023e+07,1.818766e+07,1.239952e+02,1.410263e+06,8.843993e+01,,,,5
2018-04-26 12:50:51.000000,2.609023e+07,1.818743e+07,1.239952e+02,1.410263e+06,8.843993e+01,,,,5
2018-04-26 12:50:52.000000,2.609023e+07,1.818863e+07,1.239958e+02,1.410263e+06,8.843993e+01,,,,5
2018-04-26 12:50:53.000000,2.609025e+07,1.818782e+07,1.239954e+02,1.410263e+06,8.843993e+01,,,,5
2018-04-26 12:50:54.000000,2.609025e+07,1.818947e+07,1.239963e+02,1.410263e+06,8.843992e+01,,,,5
2018-04-26 12:50:55.000000,2.609025e+07,1.818777e+07,1.239954e+02,1.410263e+06,8.843992e+01,,,,5
2018-04-26 12:50:56.000000,2.609023e+07,1.818857e+07,1.239957e+02,1.410263e+06,8.843992e+01,,,,5
2018-04-26 12:50:57.000000,2.609023e+07,1.818689e+07,1.239948e+02,1.410263e+06,8.843992e+01,,,,5
2018-04-26 12:50:58.000000,2.609023e+07,1.818689e+07,1.239948e+02,1.410263e+06,8.843992e+01,,,,5
2018-04-26 12:50:59.000000,2.609025e+07,1.818686e+07,1.239947e+02,1.410263e+06,8.843992e+01,,,,5
2018-04-26 12:51:00.000000,2.609025e+07,1.818656e+07,1.239946e+02,1.410263e+06,8.843992e+01,,,,5
2018-04-26 12:51:01.000000,2.609023e+07,1.818766e+07,1.239953e+02,1.410263e+06,8.843991e+01,,,,5
2018-04-26 12:51:02.000000,2.609023e+07,1.818749e+07,1.239952e+02,1.410263e+06,8.843991e+01,,,,5
2018-04-26 12:51:03.000000,2.609023e+07,1.818870e+07,1.239959e+02,1.410263e+06,8.843991e+01,,,,5
2018-04-26 12:51:04.000000,2.609025e+07,1.818782e+07,1.239954e+02,1.410263e+06,8.843991e+01,,,,5
2018-04-26 12:51:05.000000,2.609025e+07,1.818895e+07,1.239961e+02,1.410263e+06,8.843991e+01,,,,5
2018-04-26 12:51:06.000000,2.609025e+07,1.818779e+07,1.239954e+02,1.410263e+06,8.843991e+01,,,,5
2018-04-26 12:51:07.000000,2.609023e+07,1.818807e+07,1.239954e+02,1.410263e+06,8.843991e+01,,,,5
2018-04-26 12:51:08.000000,2.609023e+07,1.818691e+07,1.239948e+02,1.410263e+06,8.843991e+01,,,,5
2018-04-26 12:51:09.000000,2.609023e+07,1.818847e+07,1.239956e+02,1.410263e+06,8.843990e+01,,,,5
2018-04-26 12:51:10.000000,2.609025e+07,1.818668e+07,1.239946e+02,1.410263e+06,8.843990e+01,,,,5
2018-04-26 12:51:11.000000,2.609025e+07,1.818811e+07,1.239954e+02,1.410263e+06,8.843990e+01,,,,5
2018-04-26 12:51:12.000000,2.609025e+07,1.818686e+07,1.239947e+02,1.410263e+06,8.843990e+01,,,,5
2018-04-26 12:51:13.000000,2.609023e+07,1.818744e+07,1.239952e+02,1.410263e+06,8.843990e+01,,,,5
2018-04-26 12:51:14.000000,2.609023e+07,1.818777e+07,1.239953e+02,1.410263e+06,8.843990e+01,,,,5
2018-04-26 12:51:15.000000,2.609025e+07,1.818780e+07,1.239955e+02,1.410263e+06,8.843990e+01,,,,5
2018-04-26 12:51:16.000000,2.609025e+07,1.818806e+07,1.239956e+02,1.410263e+06,8.843989e+01,,,,5
2018-04-26 12:51:17.000000,2.609025e+07,1.818774e+07,1.239954e+02,1.410263e+06,8.843989e+01,,,,5
2018-04-26 12:51:18.000000,2.609023e+07,1.818807e+07,1.239954e+02,1.410263e+06,8.843989e+01,,,,5
2018-04-26 12:51:19.000000,2.609023e+07,1.818687e+07,1.239948e+02,1.410263e+06,8.843989e+01,,,,5
2018-04-26 12:51:20.000000,2.609023e+07,1.818859e+07,1.239957e+02,1.410263e+06,8.843989e+01,,,,5
2018-04-26 12:51:21.000000,2.609025e+07,1.818666e+07,1.239946e+02,1.410263e+06,8.843989e+01,,,,5
2018-04-26 12:51:22.000000,2.609025e+07,1.818823e+07,1.239954e+02,1.410263e+06,8.843989e+01,,,,5
2018-04-26 12:51:23.000000,2.609025e+07,1.818688e+07,1.239947e+02,1.410263e+06,8.843989e+01,,,,5
2018-04-26 12:51:24.000000,2.609023e+07,1.818904e+07,1.239960e+02,1.410263e+06,8.843988e+01,,,,5
2018-04-26 12:51:25.000000,2.609023e+07,1.818785e+07,1.239954e+02,1.410263e+06,8.843988e+01,,,,5
2018-04-26 12:51:26.000000,2.609025e+07,1.818935e+07,1.239963e+02,1.410263e+06,8.843988e+01,,,,5
2018-04-26 12:51:27.000000,2.609025e+07,1.818823e+07,1.239957e+02,1.410263e+06,8.843988e+01,,,,5
2018-04-26 12:51:28.000000,2.609025e+07,1.818774e+07,1.239954e+02,1.410263e+06,8.843988e+01,,,,5
2018-04-26 12:51:29.000000,2.609023e+07,1.818723e+07,1.239950e+02,1.410263e+06,8.843988e+01,,,,5
2018-04-26 12:51:30.000000,2.609023e+07,1.818684e+07,1.239948e+02,1.410263e+06,8.843988e+01,,,,5
2018-04-26 12:51:31.000000,2.609023e+07,1.818807e+07,1.239954e+02,1.410263e+06,8.843988e+01,,,,5
2018-04-26 12:51:32.000000,2.609025e+07,1.818665e+07,1.239946e+02,1.410263e+06,8.843987e+01,,,,5
2018-04-26 12:51:33.000000,2.609025e+07,1.818766e+07,1.239952e+02,1.410263e+06,8.843987e+01,,,,5
2018-04-26 12:51:34.000000,2.609025e+07,1.818655e+07,1.239945e+02,1.410263e+06,8.843987e+01,,,,5
2018-04-26 12:51:35.000000,2.609023e+07,1.818848e+07,1.239957e+02,1.410263e+06,8.843987e+01,,,,5
2018-04-26 12:51:36.000000,2.609023e+07,1.818750e+07,1.239952e+02,1.410263e+06,8.843987e+01,,,,5
2018-04-26 12:51:37.000000,2.609023e+07,1.818749e+07,1.239952e+02,1.410263e+06,8.843987e+01,,,,5
2018-04-26 12:51:38.000000,2.609025e+07,1.818773e+07,1.239954e+02,1.410263e+06,8.843987e+01,,,,5
2018-04-26 12:51:39.000000,2.609025e+07,1.818780e+07,1.239955e+02,1.410263e+06,8.843986e+01,,,,5
2018-04-26 12:51:40.000000,2.609023e+07,1.818692e+07,1.239948e+02,1.410263e+06,8.843986e+01,,,,5
2018-04-26 12:51:41.000000,2.609023e+07,1.818688e+07,1.239948e+02,1.410263e+06,8.843986e+01,,,,5
2018-04-26 12:51:42.000000,2.609023e+07,1.818807e+07,1.239954e+02,1.410263e+06,8.843986e+01,,,,5
2018-04-26 12:51:43.000000,2.609025e+07,1.818671e+07,1.239947e+02,1.410263e+06,8.843986e+01,,,,5
2018-04-26 12:51:44.000000,2.609025e+07,1.818772e+07,1.239952e+02,1.410263e+06,8.843986e+01,,,,5
2018-04-26 12:51:45.000000,2.609025e+07,1.818651e+07,1.239945e+02,1.410263e+06,8.843986e+01,,,,5
2018-04-26 12:51:46.000000,2.609023e+07,1.818853e+07,1.239958e+02,1.410263e+06,8.843986e+01,,,,5
2018-04-26 12:51:47.000000,2.609023e+07,1.818752e+07,1.239952e+02,1.410263e+06,8.843985e+01,,,,5
2018-04-26 12:51:48.000000,2.609023e+07,1.818920e+07,1.239961e+02,1.410263e+06,8.843985e+01,,,,5
2018-04-26 12:51:49.000000,2.609024e+07,1.818788e+07,1.239955e+02,1.410263e+06,8.843985e+01,,,,5
2018-04-26 12:51:50.000000,2.609025e+07,1.818945e+07,1.239963e+02,1.410263e+06,8.843985e+01,,,,5
2018-04-26 12:51:51.000000,2.609025e+07,1.818812e+07,1.239956e+02,1.410263e+06,8.843985e+01,,,,5
2018-04-26 12:51:52.000000,2.609023e+07,1.818846e+07,1.239956e+02,1.410263e+06,8.843985e+01,,,,5
2018-04-26 12:51:53.000000,2.609023e+07,1.818722e+07,1.239949e+02,1.410263e+06,8.843985e+01,,,,5
2018-04-26 12:51:54.000000,2.609024e+07,1.818807e+07,1.239953e+02,1.410263e+06,8.843985e+01,,,,5
2018-04-26 12:51:55.000000,2.609025e+07,1.818696e+07,1.239948e+02,1.410263e+06,8.843984e+01,,,,5
2018-04-26 12:51:56.000000,2.609025e+07,1.818651e+07,1.239945e+02,1.410263e+06,8.843984e+01,,,,5
2018-04-26 12:51:57.000000,2.609023e+07,1.818765e+07,1.239952e+02,1.410263e+06,8.843984e+01,,,,5
2018-04-26 12:51:58.000000,2.609023e+07,1.818743e+07,1.239952e+02,1.410263e+06,8.843984e+01,,,,5
2018-04-26 12:51:59.000000,2.609023e+07,1.818863e+07,1.239958e+02,1.410263e+06,8.843984e+01,,,,5
2018-04-26 12:52:00.000000,2.609025e+07,1.818782e+07,1.239954e+02,1.410263e+06,8.843984e+01,,,,5
2018-04-26 12:52:01.000000,2.609025e+07,1.818946e+07,1.239963e+02,1.410263e+06,8.843984e+01,,,,5
2018-04-26 12:52:02.000000,2.609025e+07,1.818776e+07,1.239954e+02,1.410263e+06,8.843984e+01,,,,5
2018-04-26 12:52:03.000000,2.609023e+07,1.818856e+07,1.239957e+02,1.410263e+06,8.843983e+01,,,,5
2018-04-26 12:52:04.000000,2.609023e+07,1.818690e+07,1.239948e+02,1.410263e+06,8.843983e+01,,,,5
2018-04-26 12:52:05.000000,2.609023e+07,1.818689e+07,1.239948e+02,1.410263e+06,8.843983e+01,,,,5
2018-04-26 12:52:06.000000,2.609025e+07,1.818686e+07,1.239947e+02,1.410263e+06,8.843983e+01,,,,5
2018-04-26 12:52:07.000000,2.609025e+07,1.818656e+07,1.239946e+02,1.410263e+06,8.843983e+01,,,,5
2018-04-26 12:52:08.000000,2.609023e+07,1.818765e+07,1.239952e+02,1.410263e+06,8.843983e+01,,,,5
2018-04-26 12:52:09.000000,2.609023e+07,1.818749e+07,1.239952e+02,1.410263e+06,8.843983e+01,,,,5
2018-04-26 12:52:10.000000,2.609023e+07,1.818870e+07,1.239959e+02,1.410263e+06,8.843982e+01,,,,5
2018-04-26 12:52:11.000000,2.609025e+07,1.818783e+07,1.239955e+02,1.410263e+06,8.843982e+01,,,,5
2018-04-26 12:52:12.000000,2.609025e+07,1.818895e+07,1.239961e+02,1.410263e+06,8.843982e+01,,,,5
2018-04-26 12:52:13.000000,2.609024e+07,1.818779e+07,1.239954e+02,1.410263e+06,8.843982e+01,,,,5
2018-04-26 12:52:14.000000,2.609023e+07,1.818807e+07,1.239954e+02,1.410263e+06,8.843982e+01,,,,5
2018-04-26 12:52:15.000000,2.609023e+07,1.818691e+07,1.239948e+02,1.410263e+06,8.843982e+01,,,,5
2018-04-26 12:52:16.000000,2.609023e+07,1.818847e+07,1.239956e+02,1.410263e+06,8.843982e+01,,,,5
2018-04-26 12:52:17.000000,2.609025e+07,1.818668e+07,1.239946e+02,1.410263e+06,8.843982e+01,,,,5
2018-04-26 12:52:18.000000,2.609024e+07,1.818809e+07,1.239954e+02,1.410263e+06,8.843981e+01,,,,5
2018-04-26 12:52:19.000000,2.609025e+07,1.818686e+07,1.239947e+02,1.410263e+06,8.843981e+01,,,,5
2018-04-26 12:52:20.000000,2.609023e+07,1.818744e+07,1.239952e+02,1.410263e+06,8.843981e+01,,,,5
2018-04-26 12:52:21.000000,2.609023e+07,1.818777e+07,1.239953e+02,1.410263e+06,8.843981e+01,,,,5
2018-04-26 12:52:22.000000,2.609025e+07,1.818780e+07,1.239955e+02,1.410263e+06,8.843981e+01,,,,5
2018-04-26 12:52:23.000000,2.609025e+07,1.818805e+07,1.239956e+02,1.410263e+06,8.843981e+01,,,,5
2018-04-26 12:52:24.000000,2.609025e+07,1.818774e+07,1.239954e+02,1.410263e+06,8.843981e+01,,,,5
2018-04-26 12:52:25.000000,2.609023e+07,1.818807e+07,1.239954e+02,1.410263e+06,8.843981e+01,,,,5
2018-04-26 12:52:26.000000,2.609023e+07,1.818687e+07,1.239947e+02,1.410263e+06,8.843980e+01,,,,5
2018-04-26 12:52:27.000000,2.609023e+07,1.818859e+07,1.239957e+02,1.410263e+06,8.843980e+01,,,,5
2018-04-26 12:52:28.000000,2.609025e+07,1.818668e+07,1.239946e+02,1.410263e+06,8.843980e+01,,,,5
2018-04-26 12:52:29.000000,2.609025e+07,1.818823e+07,1.239954e+02,1.410263e+06,8.843980e+01,,,,5
2018-04-26 12:52:30.000000,2.609025e+07,1.818688e+07,1.239947e+02,1.410263e+06,8.843980e+01,,,,5
2018-04-26 12:52:31.000000,2.609023e+07,1.818902e+07,1.239960e+02,1.410263e+06,8.843980e+01,,,,5
2018-04-26 12:52:32.000000,2.609023e+07,1.818785e+07,1.239953e+02,1.410263e+06,8.843980e+01,,,,5
2018-04-26 12:52:33.000000,2.609023e+07,1.818747e+07,1.239952e+02,1.410263e+06,8.843979e+01,,,,5
2018-04-26 12:52:34.000000,2.609025e+07,1.818806e+07,1.239956e+02,1.410263e+06,8.843979e+01,,,,5
2018-04-26 12:52:35.000000,2.609025e+07,1.818775e+07,1.239954e+02,1.410263e+06,8.843979e+01,,,,5
2018-04-26 12:52:36.000000,2.609023e+07,1.818723e+07,1.239950e+02,1.410263e+06,8.843979e+01,,,,5
2018-04-26 12:52:37.000000,2.609023e+07,1.818684e+07,1.239948e+02,1.410263e+06,8.843979e+01,,,,5
2018-04-26 12:52:38.000000,2.609023e+07,1.818806e+07,1.239954e+02,1.410263e+06,8.843979e+01,,,,5
2018-04-26 12:52:39.000000,2.609025e+07,1.818665e+07,1.239946e+02,1.410263e+06,8.843979e+01,,,,5
2018-04-26 12:52:40.000000,2.609025e+07,1.818765e+07,1.239952e+02,1.410263e+06,8.843979e+01,,,,5
2018-04-26 12:52:41.000000,2.609025e+07,1.818655e+07,1.239945e+02,1.410263e+06,8.843978e+01,,,,5
2018-04-26 12:52:42.000000,2.609023e+07,1.818846e+07,1.239957e+02,1.410263e+06,8.843978e+01,,,,5
2018-04-26 12:52:43.000000,2.609023e+07,1.818750e+07,1.239952e+02,1.410263e+06,8.843978e+01,,,,5
2018-04-26 12:52:44.000000,2.609023e+07,1.818749e+07,1.239952e+02,1.410263e+06,8.843978e+01,,,,5
2018-04-26 12:52:45.000000,2.609025e+07,1.818772e+07,1.239954e+02,1.410263e+06,8.843978e+01,,,,5
2018-04-26 12:52:46.000000,2.609025e+07,1.818780e+07,1.239955e+02,1.410263e+06,8.843978e+01,,,,5
2018-04-26 12:52:47.000000,2.609025e+07,1.818807e+07,1.239956e+02,1.410263e+06,8.843978e+01,,,,5
2018-04-26 12:52:48.000000,2.609023e+07,1.818698e+07,1.239949e+02,1.410263e+06,8.843978e+01,,,,5
2018-04-26 12:52:49.000000,2.609023e+07,1.818807e+07,1.239954e+02,1.410263e+06,8.843977e+01,,,,5
2018-04-26 12:52:50.000000,2.609025e+07,1.818671e+07,1.239947e+02,1.410263e+06,8.843977e+01,,,,5
2018-04-26 12:52:51.000000,2.609025e+07,1.818772e+07,1.239952e+02,1.410263e+06,8.843977e+01,,,,5
2018-04-26 12:52:52.000000,2.609025e+07,1.818652e+07,1.239945e+02,1.410263e+06,8.843977e+01,,,,5
2018-04-26 12:52:53.000000,2.609023e+07,1.818853e+07,1.239958e+02,1.410263e+06,8.843977e+01,,,,5
2018-04-26 12:52:54.000000,2.609023e+07,1.818752e+07,1.239952e+02,1.410263e+06,8.843977e+01,,,,5
2018-04-26 12:52:55.000000,2.609023e+07,1.818918e+07,1.239961e+02,1.410263e+06,8.843977e+01,,,,5
2018-04-26 12:52:56.000000,2.609024e+07,1.818788e+07,1.239955e+02,1.410263e+06,8.843977e+01,,,,5
2018-04-26 12:52:57.000000,2.609025e+07,1.818945e+07,1.239963e+02,1.410263e+06,8.843976e+01,,,,5
2018-04-26 12:52:58.000000,2.609025e+07,1.818812e+07,1.239956e+02,1.410263e+06,8.843976e+01,,,,5
2018-04-26 12:52:59.000000,2.609023e+07,1.818846e+07,1.239956e+02,1.410263e+06,8.843976e+01,,,,5
2018-04-26 12:53:00.000000,2.609023e+07,1.818723e+07,1.239949e+02,1.410263e+06,8.843976e+01,,,,5
2018-04-26 12:53:01.000000,2.609024e+07,1.818807e+07,1.239953e+02,1.410263e+06,8.843976e+01,,,,5
2018-04-26 12:53:02.000000,2.609025e+07,1.818697e+07,1.239948e+02,1.410263e+06,8.843976e+01,,,,5
2018-04-26 12:53:03.000000,2.609025e+07,1.818651e+07,1.239945e+02,1.410263e+06,8.843976e+01,,,,5
2018-04-26 12:53:04.000000,2.609023e+07,1.818765e+07,1.239952e+02,1.410263e+06,8.843976e+01,,,,5
2018-04-26 12:53:05.000000,2.609023e+07,1.818744e+07,1.239952e+02,1.410263e+06,8.843975e+01,,,,5
2018-04-26 12:53:06.000000,2.609023e+07,1.818863e+07,1.239958e+02,1.410263e+06,8.843975e+01,,,,5
2018-04-26 12:53:07.000000,2.609025e+07,1.818782e+07,1.239954e+02,1.410263e+06,8.843975e+01,,,,5
2018-04-26 12:53:08.000000,2.609025e+07,1.818946e+07,1.239963e+02,1.410263e+06,8.843975e+01,,,,5
2018-04-26 12:53:09.000000,2.609025e+07,1.818778e+07,1.239954e+02,1.410263e+06,8.843975e+01,,,,5
2018-04-26 12:53:10.000000,2.609023e+07,1.818856e+07,1.239957e+02,1.410263e+06,8.843975e+01,,,,5
2018-04-26 12:53:11.000000,2.609023e+07,1.818690e+07,1.239948e+02,1.410263e+06,8.843975e+01,,,,5
2018-04-26 12:53:12.000000,2.609023e+07,1.818689e+07,1.239948e+02,1.410263e+06,8.843974e+01,,,,5
2018-04-26 12:53:13.000000,2.609025e+07,1.818686e+07,1.239947e+02,1.410263e+06,8.843974e+01,,,,5
2018-04-26 12:53:14.000000,2.609025e+07,1.818656e+07,1.239946e+02,1.410263e+06,8.843974e+01,,,,5
2018-04-26 12:53:15.000000,2.609023e+07,1.818765e+07,1.239952e+02,1.410263e+06,8.843974e+01,,,,5
2018-04-26 12:53:16.000000,2.609023e+07,1.818750e+07,1.239952e+02,1.410263e+06,8.843974e+01,,,,5
2018-04-26 12:53:17.000000,2.609023e+07,1.818870e+07,1.239959e+02,1.410262e+06,8.843974e+01,,,,5
2018-04-26 12:53:18.000000,2.609025e+07,1.818783e+07,1.239955e+02,1.410262e+06,8.843974e+01,,,,5
2018-04-26 12:53:19.000000,2.609025e+07,1.818893e+07,1.239960e+02,1.410262e+06,8.843974e+01,,,,5
2018-04-26 12:53:20.000000,2.609024e+07,1.818779e+07,1.239954e+02,1.410262e+06,8.843973e+01,,,,5
2018-04-26 12:53:21.000000,2.609023e+07,1.818807e+07,1.239954e+02,1.410262e+06,8.843973e+01,,,,5
2018-04-26 12:53:22.000000,2.609023e+07,1.818692e+07,1.239948e+02,1.410262e+06,8.843973e+01,,,,5
2018-04-26 12:53:23.000000,2.609023e+07,1.818847e+07,1.239956e+02,1.410262e+06,8.843973e+01,,,,5
2018-04-26 12:53:24.000000,2.609025e+07,1.818668e+07,1.239946e+02,1.410262e+06,8.843973e+01,,,,5
2018-04-26 12:53:25.000000,2.609024e+07,1.818809e+07,1.239954e+02,1.410262e+06,8.843973e+01,,,,5
2018-04-26 12:53:26.000000,2.609025e+07,1.818687e+07,1.239947e+02,1.410262e+06,8.843973e+01,,,,5
2018-04-26 12:53:27.000000,2.609023e+07,1.818744e+07,1.239952e+02,1.410262e+06,8.843973e+01,,,,5
2018-04-26 12:53:28.000000,2.609023e+07,1.818777e+07,1.239953e+02,1.410262e+06,8.843972e+01,,,,5
2018-04-26 12:53:29.000000,2.609025e+07,1.818780e+07,1.239955e+02,1.410262e+06,8.843972e+01,,,,5
2018-04-26 12:53:30.000000,2.609024e+07,1.818805e+07,1.239956e+02,1.410262e+06,8.843972e+01,,,,5
2018-04-26 12:53:31.000000,2.609025e+07,1.818774e+07,1.239954e+02,1.410262e+06,8.843972e+01,,,,5
2018-04-26 12:53:32.000000,2.609023e+07,1.818807e+07,1.239954e+02,1.410262e+06,8.843972e+01,,,,5
2018-04-26 12:53:33.000000,2.609023e+07,1.818689e+07,1.239948e+02,1.410262e+06,8.843972e+01,,,,5
2018-04-26 12:53:34.000000,2.609023e+07,1.818859e+07,1.239957e+02,1.410262e+06,8.843972e+01,,,,5
2018-04-26 12:53:35.000000,2.609025e+07,1.818668e+07,1.239946e+02,1.410262e+06,8.843972e+01,,,,5
2018-04-26 12:53:36.000000,2.609025e+07,1.818821e+07,1.239954e+02,1.410262e+06,8.843971e+01,,,,5
2018-04-26 12:53:37.000000,2.609025e+07,1.818688e+07,1.239947e+02,1.410262e+06,8.843971e+01,,,,5
2018-04-26 12:53:38.000000,2.609023e+07,1.818902e+07,1.239960e+02,1.410262e+06,8.843971e+01,,,,5
2018-04-26 12:53:39.000000,2.609023e+07,1.818786e+07,1.239953e+02,1.410262e+06,8.843971e+01,,,,5
2018-04-26 12:53:40.000000,2.609023e+07,1.818747e+07,1.239952e+02,1.410262e+06,8.843971e+01,,,,5
2018-04-26 12:53:41.000000,2.609025e+07,1.818806e+07,1.239956e+02,1.410262e+06,8.843971e+01,,,,5
2018-04-26 12:53:42.000000,2.609025e+07,1.818775e+07,1.239954e+02,1.410262e+06,8.843971e+01,,,,5
2018-04-26 12:53:43.000000,2.609023e+07,1.818723e+07,1.239950e+02,1.410262e+06,8.843971e+01,,,,5
2018-04-26 12:53:44.000000,2.609023e+07,1.818684e+07,1.239948e+02,1.410262e+06,8.843970e+01,,,,5
2018-04-26 12:53:45.000000,2.609023e+07,1.818806e+07,1.239954e+02,1.410262e+06,8.843970e+01,,,,5
2018-04-26 12:53:46.000000,2.609025e+07,1.818666e+07,1.239946e+02,1.410262e+06,8.843970e+01,,,,5
2018-04-26 12:53:47.000000,2.609025e+07,1.818765e+07,1.239951e+02,1.410262e+06,8.843970e+01,,,,5
2018-04-26 12:53:48.000000,2.609025e+07,1.818655e+07,1.239945e+02,1.410262e+06,8.843970e+01,,,,5
2018-04-26 12:53:49.000000,2.609023e+07,1.818846e+07,1.239957e+02,1.410262e+06,8.843970e+01,,,,5
2018-04-26 12:53:50.000000,2.609023e+07,1.818752e+07,1.239952e+02,1.410262e+06,8.843970e+01,,,,5
2018-04-26 12:53:51.000000,2.609023e+07,1.818749e+07,1.239952e+02,1.410262e+06,8.843970e+01,,,,5
2018-04-26 12:53:52.000000,2.609025e+07,1.818772e+07,1.239954e+02,1.410262e+06,8.843969e+01,,,,5
2018-04-26 12:53:53.000000,2.609025e+07,1.818780e+07,1.239955e+02,1.410262e+06,8.843969e+01,,,,5
2018-04-26 12:53:54.000000,2.609024e+07,1.818807e+07,1.239956e+02,1.410262e+06,8.843969e+01,,,,5
2018-04-26 12:53:55.000000,2.609023e+07,1.818698e+07,1.239949e+02,1.410262e+06,8.843969e+01,,,,5
2018-04-26 12:53:56.000000,2.609023e+07,1.818806e+07,1.239954e+02,1.410262e+06,8.843969e+01,,,,5
2018-04-26 12:53:57.000000,2.609025e+07,1.818671e+07,1.239946e+02,1.410262e+06,8.843969e+01,,,,5
2018-04-26 12:53:58.000000,2.609024e+07,1.818772e+07,1.239951e+02,1.410262e+06,8.843969e+01,,,,5
2018-04-26 12:53:59.000000,2.609025e+07,1.818652e+07,1.239945e+02,1.410262e+06,8.843969e+01,,,,5
2018-04-26 12:54:00.000000,2.609023e+07,1.818851e+07,1.239957e+02,1.410262e+06,8.843968e+01,,,,5
2018-04-26 12:54:01.000000,2.609023e+07,1.818752e+07,1.239952e+02,1.410262e+06,8.843968e+01,,,,5
2018-04-26 12:54:02.000000,2.609023e+07,1.818918e+07,1.239961e+02,1.410262e+06,8.843968e+01,,,,5
2018-04-26 12:54:03.000000,2.609024e+07,1.818790e+07,1.239955e+02,1.410262e+06,8.843968e+01,,,,5
2018-04-26 12:54:04.000000,2.609025e+07,1.818945e+07,1.239963e+02,1.410262e+06,8.843968e+01,,,,5
2018-04-26 12:54:05.000000,2.609025e+07,1.818812e+07,1.239956e+02,1.410262e+06,8.843968e+01,,,,5
2018-04-26 12:54:06.000000,2.609023e+07,1.818846e+07,1.239956e+02,1.410262e+06,8.843968e+01,,,,5
2018-04-26 12:54:07.000000,2.609023e+07,1.818724e+07,1.239949e+02,1.410262e+06,8.843968e+01,,,,5
2018-04-26 12:54:08.000000,2.609023e+07,1.818681e+07,1.239948e+02,1.410262e+06,8.843967e+01,,,,5
2018-04-26 12:54:09.000000,2.609025e+07,1.818686e+07,1.239947e+02,1.410262e+06,8.843967e+01,,,,5
2018-04-26 12:54:10.000000,2.609025e+07,1.818652e+07,1.239945e+02,1.410262e+06,8.843967e+01,,,,5
2018-04-26 12:54:11.000000,2.609023e+07,1.818765e+07,1.239952e+02,1.410262e+06,8.843967e+01,,,,5
2018-04-26 12:54:12.000000,2.609023e+07,1.818744e+07,1.239952e+02,1.410262e+06,8.843967e+01,,,,5
2018-04-26 12:54:13.000000,2.609023e+07,1.818862e+07,1.239958e+02,1.410262e+06,8.843967e+01,,,,5
2018-04-26 12:54:14.000000,2.609025e+07,1.818782e+07,1.239954e+02,1.410262e+06,8.843967e+01,,,,5
2018-04-26 12:54:15.000000,2.609025e+07,1.818946e+07,1.239963e+02,1.410262e+06,8.843966e+01,,,,5
2018-04-26 12:54:16.000000,2.609025e+07,1.818778e+07,1.239954e+02,1.410262e+06,8.843966e+01,,,,5
2018-04-26 12:54:17.000000,2.609023e+07,1.818855e+07,1.239957e+02,1.410262e+06,8.843966e+01,,,,5
2018-04-26 12:54:18.000000,2.609023e+07,1.818691e+07,1.239948e+02,1.410262e+06,8.843966e+01,,,,5
2018-04-26 12:54:19.000000,2.609023e+07,1.818689e+07,1.239948e+02,1.410262e+06,8.843966e+01,,,,5
2018-04-26 12:54:20.000000,2.609025e+07,1.818686e+07,1.239947e+02,1.410262e+06,8.843966e+01,,,,5
2018-04-26 12:54:21.000000,2.609025e+07,1.818656e+07,1.239945e+02,1.410262e+06,8.843966e+01,,,,5
2018-04-26 12:54:22.000000,2.609024e+07,1.818781e+07,1.239952e+02,1.410262e+06,8.843966e+01,,,,5
2018-04-26 12:54:23.000000,2.609023e+07,1.818750e+07,1.239952e+02,1.410262e+06,8.843965e+01,,,,5
2018-04-26 12:54:24.000000,2.609023e+07,1.818869e+07,1.239958e+02,1.410262e+06,8.843965e+01,,,,5
2018-04-26 12:54:25.000000,2.609025e+07,1.818783e+07,1.239954e+02,1.410262e+06,8.843965e+01,,,,5
2018-04-26 12:54:26.000000,2.609025e+07,1.818893e+07,1.239960e+02,1.410262e+06,8.843965e+01,,,,5
2018-04-26 12:54:27.000000,2.609024e+07,1.818779e+07,1.239954e+02,1.410262e+06,8.843965e+01,,,,5
2018-04-26 12:54:28.000000,2.609023e+07,1.818807e+07,1.239954e+02,1.410262e+06,8.843965e+01,,,,5
2018-04-26 12:54:29.000000,2.609023e+07,1.818692e+07,1.239948e+02,1.410262e+06,8.843965e+01,,,,5
2018-04-26 12:54:30.000000,2.609023e+07,1.818846e+07,1.239956e+02,1.410262e+06,8.843965e+01,,,,5
2018-04-26 12:54:31.000000,2.609025e+07,1.818669e+07,1.239946e+02,1.410262e+06,8.843964e+01,,,,5
2018-04-26 12:54:32.000000,2.609024e+07,1.818809e+07,1.239954e+02,1.410262e+06,8.843964e+01,,,,5
2018-04-26 12:54:33.000000,2.609025e+07,1.818686e+07,1.239947e+02,1.410262e+06,8.843964e+01,,,,5
2018-04-26 12:54:34.000000,2.609023e+07,1.818744e+07,1.239952e+02,1.410262e+06,8.843964e+01,,,,5
2018-04-26 12:54:35.000000,2.609023e+07,1.818777e+07,1.239953e+02,1.410262e+06,8.843964e+01,,,,5
2018-04-26 12:54:36.000000,2.609025e+07,1.818780e+07,1.239954e+02,1.410262e+06,8.843964e+01,,,,5
2018-04-26 12:54:37.000000,2.609024e+07,1.818805e+07,1.239956e+02,1.410262e+06,8.843964e+01,,,,5
2018-04-26 12:54:38.000000,2.609025e+07,1.818774e+07,1.239954e+02,1.410262e+06,8.843964e+01,,,,5
2018-04-26 12:54:39.000000,2.609023e+07,1.818807e+07,1.239954e+02,1.410262e+06,8.843963e+01,,,,5
2018-04-26 12:54:40.000000,2.609023e+07,1.818689e+07,1.239948e+02,1.410262e+06,8.843963e+01,,,,5
2018-04-26 12:54:41.000000,2.609023e+07,1.818857e+07,1.239957e+02,1.410262e+06,8.843963e+01,,,,5
2018-04-26 12:54:42.000000,2.609025e+07,1.818668e+07,1.239946e+02,1.410262e+06,8.843963e+01,,,,5
2018-04-26 12:54:43.000000,2.609025e+07,1.818821e+07,1.239954e+02,1.410262e+06,8.843963e+01,,,,5
2018-04-26 12:54:44.000000,2.609025e+07,1.818689e+07,1.239947e+02,1.410262e+06,8.843963e+01,,,,5
2018-04-26 12:54:45.000000,2.609023e+07,1.818902e+07,1.239960e+02,1.410262e+06,8.843963e+01,,,,5
2018-04-26 12:54:46.000000,2.609023e+07,1.818785e+07,1.239953e+02,1.410262e+06,8.843963e+01,,,,5
2018-04-26 12:54:47.000000,2.609023e+07,1.818747e+07,1.239952e+02,1.410262e+06,8.843962e+01,,,,5
2018-04-26 12:54:48.000000,2.609025e+07,1.818772e+07,1.239954e+02,1.410262e+06,8.843962e+01,,,,5
2018-04-26 12:54:49.000000,2.609025e+07,1.818780e+07,1.239954e+02,1.410262e+06,8.843962e+01,,,,5
2018-04-26 12:54:50.000000,2.609023e+07,1.818692e+07,1.239948e+02,1.410262e+06,8.843962e+01,,,,5
2018-04-26 12:54:51.000000,2.609023e+07,1.818688e+07,1.239948e+02,1.410262e+06,8.843962e+01,,,,5
2018-04-26 12:54:52.000000,2.609023e+07,1.818807e+07,1.239954e+02,1.410262e+06,8.843962e+01,,,,5
2018-04-26 12:54:53.000000,2.609025e+07,1.818671e+07,1.239946e+02,1.410262e+06,8.843962e+01,,,,5
2018-04-26 12:54:54.000000,2.609025e+07,1.818772e+07,1.239951e+02,1.410262e+06,8.843962e+01,,,,5
2018-04-26 12:54:55.000000,2.609025e+07,1.818651e+07,1.239945e+02,1.410262e+06,8.843961e+01,,,,5
2018-04-26 12:54:56.000000,2.609023e+07,1.818853e+07,1.239957e+02,1.410262e+06,8.843961e+01,,,,5
2018-04-26 12:54:57.000000,2.609023e+07,1.818752e+07,1.239952e+02,1.410262e+06,8.843961e+01,,,,5
2018-04-26 12:54:58.000000,2.609023e+07,1.818918e+07,1.239961e+02,1.410262e+06,8.843961e+01,,,,5
2018-04-26 12:54:59.000000,2.609024e+07,1.818788e+07,1.239955e+02,1.410262e+06,8.843961e+01,,,,5
2018-04-26 12:55:00.000000,2.609025e+07,1.818945e+07,1.239963e+02,1.410262e+06,8.843961e+01,,,,5
2018-04-26 12:55:01.000000,2.609025e+07,1.818812e+07,1.239956e+02,1.410262e+06,8.843961e+01,,,,5
2018-04-26 12:55:02.000000,2.609023e+07,1.818846e+07,1.239956e+02,1.410262e+06,8.843961e+01,,,,5
2018-04-26 12:55:03.000000,2.609023e+07,1.818722e+07,1.239949e+02,1.410262e+06,8.843960e+01,,,,5
2018-04-26 12:55:04.000000,2.609024e+07,1.818807e+07,1.239953e+02,1.410262e+06,8.843960e+01,,,,5
2018-04-26 12:55:05.000000,2.609025e+07,1.818696e+07,1.239948e+02,1.410262e+06,8.843960e+01,,,,5
2018-04-26 12:55:06.000000,2.609025e+07,1.818651e+07,1.239945e+02,1.410262e+06,8.843960e+01,,,,5
2018-04-26 12:55:07.000000,2.609023e+07,1.818765e+07,1.239952e+02,1.410262e+06,8.843960e+01,,,,5
2018-04-26 12:55:08.000000,2.609023e+07,1.818744e+07,1.239951e+02,1.410262e+06,8.843960e+01,,,,5
2018-04-26 12:55:09.000000,2.609023e+07,1.818863e+07,1.239958e+02,1.410262e+06,8.843960e+01,,,,5
2018-04-26 12:55:10.000000,2.609025e+07,1.818782e+07,1.239954e+02,1.410262e+06,8.843960e+01,,,,5
2018-04-26 12:55:11.000000,2.609025e+07,1.818946e+07,1.239963e+02,1.410262e+06,8.843959e+01,,,,5
2018-04-26 12:55:12.000000,2.609025e+07,1.818776e+07,1.239954e+02,1.410262e+06,8.843959e+01,,,,5
2018-04-26 12:55:13.000000,2.609023e+07,1.818856e+07,1.239957e+02,1.410262e+06,8.843959e+01,,,,5
2018-04-26 12:55:14.000000,2.609023e+07,1.818690e+07,1.239948e+02,1.410262e+06,8.843959e+01,,,,5
2018-04-26 12:55:15.000000,2.609023e+07,1.818689e+07,1.239948e+02,1.410262e+06,8.843959e+01,,,,5
2018-04-26 12:55:16.000000,2.609025e+07,1.818686e+07,1.239947e+02,1.410262e+06,8.843959e+01,,,,5
2018-04-26 12:55:17.000000,2.609025e+07,1.818656e+07,1.239945e+02,1.410262e+06,8.843959e+01,,,,5
2018-04-26 12:55:18.000000,2.609023e+07,1.818765e+07,1.239952e+02,1.410262e+06,8.843959e+01,,,,5
2018-04-26 12:55:19.000000,2.609023e+07,1.818749e+07,1.239952e+02,1.410262e+06,8.843958e+01,,,,5
2018-04-26 12:55:20.000000,2.609023e+07,1.818870e+07,1.239958e+02,1.410262e+06,8.843958e+01,,,,5
2018-04-26 12:55:21.000000,2.609025e+07,1.818783e+07,1.239954e+02,1.410262e+06,8.843958e+01,,,,5
2018-04-26 12:55:22.000000,2.609025e+07,1.818895e+07,1.239961e+02,1.410262e+06,8.843958e+01,,,,5
2018-04-26 12:55:23.000000,2.609024e+07,1.818779e+07,1.239954e+02,1.410262e+06,8.843958e+01,,,,5
2018-04-26 12:55:24.000000,2.609023e+07,1.818807e+07,1.239954e+02,1.410262e+06,8.843958e+01,,,,5
2018-04-26 12:55:25.000000,2.609023e+07,1.818692e+07,1.239947e+02,1.410262e+06,8.843958e+01,,,,5
2018-04-26 12:55:26.000000,2.609023e+07,1.818847e+07,1.239956e+02,1.410262e+06,8.843958e+01,,,,5
2018-04-26 12:55:27.000000,2.609025e+07,1.818668e+07,1.239946e+02,1.410262e+06,8.843957e+01,,,,5
2018-04-26 12:55:28.000000,2.609024e+07,1.818809e+07,1.239954e+02,1.410262e+06,8.843957e+01,,,,5
2018-04-26 12:55:29.000000,2.609025e+07,1.818686e+07,1.239947e+02,1.410262e+06,8.843957e+01,,,,5
2018-04-26 12:55:30.000000,2.609023e+07,1.818744e+07,1.239952e+02,1.410262e+06,8.843957e+01,,,,5
2018-04-26 12:55:31.000000,2.609023e+07,1.818777e+07,1.239953e+02,1.410262e+06,8.843957e+01,,,,5
2018-04-26 12:55:32.000000,2.609025e+07,1.818780e+07,1.239954e+02,1.410262e+06,8.843957e+01,,,,5
2018-04-26 12:55:33.000000,2.609025e+07,1.818805e+07,1.239956e+02,1.410262e+06,8.843957e+01,,,,5
2018-04-26 12:55:34.000000,2.609025e+07,1.818774e+07,1.239954e+02,1.410262e+06,8.843957e+01,,,,5
2018-04-26 12:55:35.000000,2.609023e+07,1.818807e+07,1.239954e+02,1.410262e+06,8.843956e+01,,,,5
2018-04-26 12:55:36.000000,2.609023e+07,1.818687e+07,1.239947e+02,1.410262e+06,8.843956e+01,,,,5
2018-04-26 12:55:37.000000,2.609023e+07,1.818859e+07,1.239957e+02,1.410262e+06,8.843956e+01,,,,5
2018-04-26 12:55:38.000000,2.609025e+07,1.818668e+07,1.239946e+02,1.410262e+06,8.843956e+01,,,,5
2018-04-26 12:55:39.000000,2.609025e+07,1.818823e+07,1.239954e+02,1.410262e+06,8.843956e+01,,,,5
2018-04-26 12:55:40.000000,2.609025e+07,1.818688e+07,1.239947e+02,1.410262e+06,8.843956e+01,,,,5
2018-04-26 12:55:41.000000,2.609023e+07,1.818902e+07,1.239960e+02,1.410262e+06,8.843956e+01,,,,5
2018-04-26 12:55:42.000000,2.609023e+07,1.818786e+07,1.239953e+02,1.410262e+06,8.843956e+01,,,,5
2018-04-26 12:55:43.000000,2.609023e+07,1.818747e+07,1.239952e+02,1.410262e+06,8.843956e+01,,,,5
2018-04-26 12:55:44.000000,2.609025e+07,1.818806e+07,1.239956e+02,1.410262e+06,8.843955e+01,,,,5
2018-04-26 12:55:45.000000,2.609025e+07,1.818775e+07,1.239954e+02,1.410262e+06,8.843955e+01,,,,5
2018-04-26 12:55:46.000000,2.609023e+07,1.818723e+07,1.239950e+02,1.410262e+06,8.843955e+01,,,,5
2018-04-26 12:55:47.000000,2.609023e+07,1.818684e+07,1.239947e+02,1.410262e+06,8.843955e+01,,,,5
2018-04-26 12:55:48.000000,2.609023e+07,1.818806e+07,1.239954e+02,1.410262e+06,8.843955e+01,,,,5
2018-04-26 12:55:49.000000,2.609025e+07,1.818665e+07,1.239946e+02,1.410262e+06,8.843955e+01,,,,5
2018-04-26 12:55:50.000000,2.609025e+07,1.818765e+07,1.239951e+02,1.410262e+06,8.843955e+01,,,,5
2018-04-26 12:55:51.000000,2.609025e+07,1.818655e+07,1.239945e+02,1.410262e+06,8.843955e+01,,,,5
2018-04-26 12:55:52.000000,2.609023e+07,1.818846e+07,1.239957e+02,1.410262e+06,8.843954e+01,,,,5
2018-04-26 12:55:53.000000,2.609023e+07,1.818750e+07,1.239951e+02,1.410262e+06,8.843954e+01,,,,5
2018-04-26 12:55:54.000000,2.609023e+07,1.818749e+07,1.239952e+02,1.410262e+06,8.843954e+01,,,,5
2018-04-26 12:55:55.000000,2.609025e+07,1.818772e+07,1.239954e+02,1.410262e+06,8.843954e+01,,,,5
2018-04-26 12:55:56.000000,2.609025e+07,1.818780e+07,1.239954e+02,1.410262e+06,8.843954e+01,,,,5
2018-04-26 12:55:57.000000,2.609025e+07,1.818807e+07,1.239955e+02,1.410262e+06,8.843954e+01,,,,5
2018-04-26 12:55:58.000000,2.609023e+07,1.818698e+07,1.239949e+02,1.410262e+06,8.843954e+01,,,,5
2018-04-26 12:55:59.000000,2.609023e+07,1.818806e+07,1.239954e+02,1.410262e+06,8.843954e+01,,,,5
2018-04-26 12:56:00.000000,2.609025e+07,1.818671e+07,1.239946e+02,1.410262e+06,8.843953e+01,,,,5
2018-04-26 12:56:01.000000,2.609025e+07,1.818772e+07,1.239951e+02,1.410262e+06,8.843953e+01,,,,5
2018-04-26 12:56:02.000000,2.609025e+07,1.818652e+07,1.239945e+02,1.410262e+06,8.843953e+01,,,,5
2018-04-26 12:56:03.000000,2.609023e+07,1.818853e+07,1.239957e+02,1.410262e+06,8.843953e+01,,,,5
2018-04-26 12:56:04.000000,2.609023e+07,1.818752e+07,1.239951e+02,1.410262e+06,8.843953e+01,,,,5
2018-04-26 12:56:05.000000,2.609023e+07,1.818918e+07,1.239961e+02,1.410262e+06,8.843953e+01,,,,5
2018-04-26 12:56:06.000000,2.609024e+07,1.818788e+07,1.239955e+02,1.410262e+06,8.843953e+01,,,,5
2018-04-26 12:56:07.000000,2.609025e+07,1.818945e+07,1.239963e+02,1.410262e+06,8.843953e+01,,,,5
2018-04-26 12:56:08.000000,2.609025e+07,1.818812e+07,1.239956e+02,1.410262e+06,8.843952e+01,,,,5
2018-04-26 12:56:09.000000,2.609023e+07,1.818846e+07,1.239956e+02,1.410262e+06,8.843952e+01,,,,5
2018-04-26 12:56:10.000000,2.609023e+07,1.818723e+07,1.239949e+02,1.410262e+06,8.843952e+01,,,,5
2018-04-26 12:56:11.000000,2.609023e+07,1.818681e+07,1.239947e+02,1.410262e+06,8.843952e+01,,,,5
2018-04-26 12:56:12.000000,2.609025e+07,1.818686e+07,1.239947e+02,1.410262e+06,8.843952e+01,,,,5
2018-04-26 12:56:13.000000,2.609025e+07,1.818651e+07,1.239945e+02,1.410262e+06,8.843952e+01,,,,5
2018-04-26 12:56:14.000000,2.609023e+07,1.818765e+07,1.239952e+02,1.410262e+06,8.843952e+01,,,,5
2018-04-26 12:56:15.000000,2.609023e+07,1.818744e+07,1.239951e+02,1.410262e+06,8.843952e+01,,,,5
2018-04-26 12:56:16.000000,2.609023e+07,1.818862e+07,1.239958e+02,1.410262e+06,8.843951e+01,,,,5
2018-04-26 12:56:17.000000,2.609025e+07,1.818782e+07,1.239954e+02,1.410262e+06,8.843951e+01,,,,5
2018-04-26 12:56:18.000000,2.609025e+07,1.818946e+07,1.239963e+02,1.410262e+06,8.843951e+01,,,,5
2018-04-26 12:56:19.000000,2.609025e+07,1.818778e+07,1.239954e+02,1.410262e+06,8.843951e+01,,,,5
2018-04-26 12:56:20.000000,2.609023e+07,1.818856e+07,1.239957e+02,1.410262e+06,8.843951e+01,,,,5
2018-04-26 12:56:21.000000,2.609023e+07,1.818690e+07,1.239948e+02,1.410262e+06,8.843951e+01,,,,5
2018-04-26 12:56:22.000000,2.609023e+07,1.818689e+07,1.239948e+02,1.410262e+06,8.843951e+01,,,,5
2018-04-26 12:56:23.000000,2.609025e+07,1.818686e+07,1.239947e+02,1.410262e+06,8.843951e+01,,,,5
2018-04-26 12:56:24.000000,2.609025e+07,1.818656e+07,1.239945e+02,1.410262e+06,8.843950e+01,,,,5
2018-04-26 12:56:25.000000,2.609023e+07,1.818765e+07,1.239952e+02,1.410262e+06,8.843950e+01,,,,5
2018-04-26 12:56:26.000000,2.609023e+07,1.818750e+07,1.239952e+02,1.410262e+06,8.843950e+01,,,,5
2018-04-26 12:56:27.000000,2.609023e+07,1.818870e+07,1.239958e+02,1.410262e+06,8.843950e+01,,,,5
2018-04-26 12:56:28.000000,2.609025e+07,1.818783e+07,1.239954e+02,1.410262e+06,8.843950e+01,,,,5
2018-04-26 12:56:29.000000,2.609025e+07,1.818893e+07,1.239960e+02,1.410262e+06,8.843950e+01,,,,5
2018-04-26 12:56:30.000000,2.609024e+07,1.818779e+07,1.239954e+02,1.410262e+06,8.843950e+01,,,,5
2018-04-26 12:56:31.000000,2.609023e+07,1.818807e+07,1.239954e+02,1.410262e+06,8.843950e+01,,,,5
2018-04-26 12:56:32.000000,2.609023e+07,1.818692e+07,1.239947e+02,1.410262e+06,8.843949e+01,,,,5
2018-04-26 12:56:33.000000,2.609023e+07,1.818846e+07,1.239956e+02,1.410262e+06,8.843949e+01,,,,5
2018-04-26 12:56:34.000000,2.609025e+07,1.818669e+07,1.239946e+02,1.410262e+06,8.843949e+01,,,,5
2018-04-26 12:56:35.000000,2.609024e+07,1.818809e+07,1.239954e+02,1.410262e+06,8.843949e+01,,,,5
2018-04-26 12:56:36.000000,2.609025e+07,1.818687e+07,1.239947e+02,1.410262e+06,8.843949e+01,,,,5
2018-04-26 12:56:37.000000,2.609023e+07,1.818744e+07,1.239952e+02,1.410262e+06,8.843949e+01,,,,5
2018-04-26 12:56:38.000000,2.609023e+07,1.818777e+07,1.239953e+02,1.410262e+06,8.843949e+01,,,,5
2018-04-26 12:56:39.000000,2.609025e+07,1.818780e+07,1.239954e+02,1.410262e+06,8.843949e+01,,,,5
2018-04-26 12:56:40.000000,2.609024e+07,1.818805e+07,1.239955e+02,1.410262e+06,8.843949e+01,,,,5
2018-04-26 12:56:41.000000,2.609025e+07,1.818774e+07,1.239954e+02,1.410262e+06,8.843948e+01,,,,5
2018-04-26 12:56:42.000000,2.609023e+07,1.818807e+07,1.239954e+02,1.410262e+06,8.843948e+01,,,,5
2018-04-26 12:56:43.000000,2.609023e+07,1.818689e+07,1.239948e+02,1.410262e+06,8.843948e+01,,,,5
2018-04-26 12:56:44.000000,2.609023e+07,1.818859e+07,1.239957e+02,1.410262e+06,8.843948e+01,,,,5
2018-04-26 12:56:45.000000,2.609025e+07,1.818668e+07,1.239946e+02,1.410262e+06,8.843948e+01,,,,5
2018-04-26 12:56:46.000000,2.609025e+07,1.818821e+07,1.239954e+02,1.410262e+06,8.843948e+01,,,,5
2018-04-26 12:56:47.000000,2.609025e+07,1.818688e+07,1.239947e+02,1.410262e+06,8.843948e+01,,,,5
2018-04-26 12:56:48.000000,2.609023e+07,1.818902e+07,1.239960e+02,1.410262e+06,8.843948e+01,,,,5
2018-04-26 12:56:49.000000,2.609023e+07,1.818786e+07,1.239953e+02,1.410262e+06,8.843947e+01,,,,5
2018-04-26 12:56:50.000000,2.609023e+07,1.818747e+07,1.239952e+02,1.410262e+06,8.843947e+01,,,,5
2018-04-26 12:56:51.000000,2.609025e+07,1.818806e+07,1.239956e+02,1.410262e+06,8.843947e+01,,,,5
2018-04-26 12:56:52.000000,2.609025e+07,1.818775e+07,1.239954e+02,1.410262e+06,8.843947e+01,,,,5
2018-04-26 12:56:53.000000,2.609023e+07,1.818723e+07,1.239950e+02,1.410262e+06,8.843947e+01,,,,5
2018-04-26 12:56:54.000000,2.609023e+07,1.818684e+07,1.239947e+02,1.410262e+06,8.843947e+01,,,,5
2018-04-26 12:56:55.000000,2.609023e+07,1.818806e+07,1.239954e+02,1.410262e+06,8.843947e+01,,,,5
2018-04-26 12:56:56.000000,2.609025e+07,1.818666e+07,1.239946e+02,1.410262e+06,8.843947e+01,,,,5
2018-04-26 12:56:57.000000,2.609025e+07,1.818765e+07,1.239951e+02,1.410262e+06,8.843946e+01,,,,5
2018-04-26 12:56:58.000000,2.609025e+07,1.818655e+07,1.239945e+02,1.410262e+06,8.843946e+01,,,,5
2018-04-26 12:56:59.000000,2.609023e+07,1.818846e+07,1.239957e+02,1.410262e+06,8.843946e+01,,,,5
2018-04-26 12:57:00.000000,2.609023e+07,1.818752e+07,1.239951e+02,1.410262e+06,8.843946e+01,,,,5
2018-04-26 12:57:01.000000,2.609023e+07,1.818749e+07,1.239952e+02,1.410262e+06,8.843946e+01,,,,5
2018-04-26 12:57:02.000000,2.609025e+07,1.818772e+07,1.239954e+02,1.410262e+06,8.843946e+01,,,,5
2018-04-26 12:57:03.000000,2.609025e+07,1.818780e+07,1.239954e+02,1.410262e+06,8.843946e+01,,,,5
2018-04-26 12:57:04.000000,2.609024e+07,1.818807e+07,1.239955e+02,1.410262e+06,8.843946e+01,,,,5
2018-04-26 12:57:05.000000,2.609023e+07,1.818698e+07,1.239949e+02,1.410262e+06,8.843945e+01,,,,5
2018-04-26 12:57:06.000000,2.609023e+07,1.818806e+07,1.239954e+02,1.410262e+06,8.843945e+01,,,,5
2018-04-26 12:57:07.000000,2.609025e+07,1.818672e+07,1.239946e+02,1.410262e+06,8.843945e+01,,,,5
2018-04-26 12:57:08.000000,2.609024e+07,1.818772e+07,1.239951e+02,1.410262e+06,8.843945e+01,,,,5
2018-04-26 12:57:09.000000,2.609025e+07,1.818652e+07,1.239945e+02,1.410262e+06,8.843945e+01,,,,5
2018-04-26 12:57:10.000000,2.609023e+07,1.818851e+07,1.239957e+02,1.410262e+06,8.843945e+01,,,,5
2018-04-26 12:57:11.000000,2.609023e+07,1.818752e+07,1.239951e+02,1.410262e+06,8.843945e+01,,,,5
2018-04-26 12:57:12.000000,2.609023e+07,1.818918e+07,1.239961e+02,1.410262e+06,8.843945e+01,,,,5
2018-04-26 12:57:13.000000,2.609024e+07,1.818790e+07,1.239955e+02,1.410262e+06,8.843945e+01,,,,5
2018-04-26 12:57:14.000000,2.609025e+07,1.818945e+07,1.239963e+02,1.410262e+06,8.843944e+01,,,,5
2018-04-26 12:57:15.000000,2.609025e+07,1.818812e+07,1.239956e+02,1.410262e+06,8.843944e+01,,,,5
2018-04-26 12:57:16.000000,2.609023e+07,1.818846e+07,1.239956e+02,1.410262e+06,8.843944e+01,,,,5
2018-04-26 12:57:17.000000,2.609023e+07,1.818724e+07,1.239949e+02,1.410262e+06,8.843944e+01,,,,5
2018-04-26 12:57:18.000000,2.609023e+07,1.818681e+07,1.239947e+02,1.410262e+06,8.843944e+01,,,,5
2018-04-26 12:57:19.000000,2.609025e+07,1.818686e+07,1.239947e+02,1.410262e+06,8.843944e+01,,,,5
2018-04-26 12:57:20.000000,2.609025e+07,1.818652e+07,1.239945e+02,1.410262e+06,8.843944e+01,,,,5
2018-04-26 12:57:21.000000,2.609023e+07,1.818765e+07,1.239952e+02,1.410262e+06,8.843944e+01,,,,5
2018-04-26 12:57:22.000000,2.609023e+07,1.818744e+07,1.239951e+02,1.410262e+06,8.843943e+01,,,,5
2018-04-26 12:57:23.000000,2.609023e+07,1.818862e+07,1.239958e+02,1.410262e+06,8.843943e+01,,,,5
2018-04-26 12:57:24.000000,2.609025e+07,1.818782e+07,1.239954e+02,1.410262e+06,8.843943e+01,,,,5
2018-04-26 12:57:25.000000,2.609025e+07,1.818945e+07,1.239963e+02,1.410262e+06,8.843943e+01,,,,5
2018-04-26 12:57:26.000000,2.609025e+07,1.818778e+07,1.239954e+02,1.410262e+06,8.843943e+01,,,,5
2018-04-26 12:57:27.000000,2.609023e+07,1.818855e+07,1.239957e+02,1.410262e+06,8.843943e+01,,,,5
2018-04-26 12:57:28.000000,2.609023e+07,1.818691e+07,1.239948e+02,1.410262e+06,8.843943e+01,,,,5
2018-04-26 12:57:29.000000,2.609023e+07,1.818689e+07,1.239948e+02,1.410262e+06,8.843943e+01,,,,5
2018-04-26 12:57:30.000000,2.609025e+07,1.818686e+07,1.239947e+02,1.410262e+06,8.843942e+01,,,,5
2018-04-26 12:57:31.000000,2.609025e+07,1.818656e+07,1.239945e+02,1.410262e+06,8.843942e+01,,,,5
2018-04-26 12:57:32.000000,2.609024e+07,1.818781e+07,1.239952e+02,1.410262e+06,8.843942e+01,,,,5
2018-04-26 12:57:33.000000,2.609023e+07,1.818750e+07,1.239952e+02,1.410262e+06,8.843942e+01,,,,5
2018-04-26 12:57:34.000000,2.609023e+07,1.818869e+07,1.239958e+02,1.410262e+06,8.843942e+01,,,,5
2018-04-26 12:57:35.000000,2.609025e+07,1.818783e+07,1.239954e+02,1.410262e+06,8.843942e+01,,,,5
2018-04-26 12:57:36.000000,2.609025e+07,1.818893e+07,1.239960e+02,1.410262e+06,8.843942e+01,,,,5
2018-04-26 12:57:37.000000,2.609024e+07,1.818779e+07,1.239954e+02,1.410262e+06,8.843942e+01,,,,5
2018-04-26 12:57:38.000000,2.609023e+07,1.818807e+07,1.239954e+02,1.410262e+06,8.843941e+01,,,,5
2018-04-26 12:57:39.000000,2.609023e+07,1.818692e+07,1.239947e+02,1.410262e+06,8.843941e+01,,,,5
2018-04-26 12:57:40.000000,2.609023e+07,1.818846e+07,1.239956e+02,1.410262e+06,8.843941e+01,,,,5
2018-04-26 12:57:41.000000,2.609025e+07,1.818670e+07,1.239946e+02,1.410262e+06,8.843941e+01,,,,5
2018-04-26 12:57:42.000000,2.609024e+07,1.818809e+07,1.239954e+02,1.410262e+06,8.843941e+01,,,,5
2018-04-26 12:57:43.000000,2.609025e+07,1.818686e+07,1.239947e+02,1.410262e+06,8.843941e+01,,,,5
2018-04-26 12:57:44.000000,2.609023e+07,1.818744e+07,1.239952e+02,1.410262e+06,8.843941e+01,,,,5
2018-04-26 12:57:45.000000,2.609023e+07,1.818777e+07,1.239953e+02,1.410262e+06,8.843941e+01,,,,5
2018-04-26 12:57:46.000000,2.609023e+07,1.818741e+07,1.239951e+02,1.410262e+06,8.843941e+01,,,,5
2018-04-26 12:57:47.000000,2.609024e+07,1.818802e+07,1.239955e+02,1.410262e+06,8.843940e+01,,,,5
2018-04-26 12:57:48.000000,2.609025e+07,1.818774e+07,1.239954e+02,1.410262e+06,8.843940e+01,,,,5
2018-04-26 12:57:49.000000,2.609023e+07,1.818807e+07,1.239954e+02,1.410262e+06,8.843940e+01,,,,5
2018-04-26 12:57:50.000000,2.609023e+07,1.818689e+07,1.239948e+02,1.410262e+06,8.843940e+01,,,,5
2018-04-26 12:57:51.000000,2.609023e+07,1.818857e+07,1.239957e+02,1.410262e+06,8.843940e+01,,,,5
2018-04-26 12:57:52.000000,2.609025e+07,1.818668e+07,1.239946e+02,1.410262e+06,8.843940e+01,,,,5
2018-04-26 12:57:53.000000,2.609025e+07,1.818821e+07,1.239954e+02,1.410262e+06,8.843940e+01,,,,5
2018-04-26 12:57:54.000000,2.609025e+07,1.818689e+07,1.239947e+02,1.410262e+06,8.843940e+01,,,,5
2018-04-26 12:57:55.000000,2.609023e+07,1.818902e+07,1.239960e+02,1.410262e+06,8.843939e+01,,,,5
2018-04-26 12:57:56.000000,2.609023e+07,1.818785e+07,1.239953e+02,1.410262e+06,8.843939e+01,,,,5
2018-04-26 12:57:57.000000,2.609023e+07,1.818747e+07,1.239952e+02,1.410262e+06,8.843939e+01,,,,5
2018-04-26 12:57:58.000000,2.609025e+07,1.818806e+07,1.239956e+02,1.410262e+06,8.843939e+01,,,,5
2018-04-26 12:57:59.000000,2.609025e+07,1.818775e+07,1.239954e+02,1.410262e+06,8.843939e+01,,,,5
2018-04-26 12:58:00.000000,2.609023e+07,1.818723e+07,1.239950e+02,1.410262e+06,8.843939e+01,,,,5
2018-04-26 12:58:01.000000,2.609022e+07,1.818684e+07,1.239947e+02,1.410262e+06,8.843939e+01,,,,5
2018-04-26 12:58:02.000000,2.609023e+07,1.818806e+07,1.239954e+02,1.410262e+06,8.843939e+01,,,,5
2018-04-26 12:58:03.000000,2.609025e+07,1.818666e+07,1.239946e+02,1.410262e+06,8.843938e+01,,,,5
2018-04-26 12:58:04.000000,2.609025e+07,1.818764e+07,1.239951e+02,1.410262e+06,8.843938e+01,,,,5
2018-04-26 12:58:05.000000,2.609025e+07,1.818655e+07,1.239945e+02,1.410262e+06,8.843938e+01,,,,5
2018-04-26 12:58:06.000000,2.609023e+07,1.818846e+07,1.239957e+02,1.410262e+06,8.843938e+01,,,,5
2018-04-26 12:58:07.000000,2.609023e+07,1.818752e+07,1.239951e+02,1.410262e+06,8.843938e+01,,,,5
2018-04-26 12:58:08.000000,2.609023e+07,1.818749e+07,1.239952e+02,1.410262e+06,8.843938e+01,,,,5
2018-04-26 12:58:09.000000,2.609025e+07,1.818772e+07,1.239954e+02,1.410262e+06,8.843938e+01,,,,5
2018-04-26 12:58:10.000000,2.609025e+07,1.818780e+07,1.239954e+02,1.410262e+06,8.843938e+01,,,,5
2018-04-26 12:58:11.000000,2.609024e+07,1.818807e+07,1.239955e+02,1.410262e+06,8.843938e+01,,,,5
2018-04-26 12:58:12.000000,2.609023e+07,1.818698e+07,1.239949e+02,1.410262e+06,8.843937e+01,,,,5
2018-04-26 12:58:13.000000,2.609023e+07,1.818806e+07,1.239954e+02,1.410262e+06,8.843937e+01,,,,5
2018-04-26 12:58:14.000000,2.609025e+07,1.818672e+07,1.239946e+02,1.410262e+06,8.843937e+01,,,,5
2018-04-26 12:58:15.000000,2.609024e+07,1.818770e+07,1.239951e+02,1.410262e+06,8.843937e+01,,,,5
2018-04-26 12:58:16.000000,2.609025e+07,1.818652e+07,1.239945e+02,1.410262e+06,8.843937e+01,,,,5
2018-04-26 12:58:17.000000,2.609023e+07,1.818851e+07,1.239957e+02,1.410262e+06,8.843937e+01,,,,5
2018-04-26 12:58:18.000000,2.609023e+07,1.818753e+07,1.239952e+02,1.410262e+06,8.843937e+01,,,,5
2018-04-26 12:58:19.000000,2.609023e+07,1.818918e+07,1.239961e+02,1.410262e+06,8.843937e+01,,,,5
2018-04-26 12:58:20.000000,2.609024e+07,1.818789e+07,1.239955e+02,1.410262e+06,8.843936e+01,,,,5
2018-04-26 12:58:21.000000,2.609025e+07,1.818943e+07,1.239962e+02,1.410262e+06,8.843936e+01,,,,5
2018-04-26 12:58:22.000000,2.609025e+07,1.818813e+07,1.239956e+02,1.410262e+06,8.843936e+01,,,,5
2018-04-26 12:58:23.000000,2.609023e+07,1.818846e+07,1.239956e+02,1.410262e+06,8.843936e+01,,,,5
2018-04-26 12:58:24.000000,2.609023e+07,1.818724e+07,1.239949e+02,1.410262e+06,8.843936e+01,,,,5
2018-04-26 12:58:25.000000,2.609022e+07,1.818681e+07,1.239947e+02,1.410262e+06,8.843936e+01,,,,5
2018-04-26 12:58:26.000000,2.609025e+07,1.818685e+07,1.239947e+02,1.410262e+06,8.843936e+01,,,,5
2018-04-26 12:58:27.000000,2.609025e+07,1.818651e+07,1.239945e+02,1.410262e+06,8.843936e+01,,,,5
2018-04-26 12:58:28.000000,2.609023e+07,1.818764e+07,1.239952e+02,1.410262e+06,8.843935e+01,,,,5
2018-04-26 12:58:29.000000,2.609023e+07,1.818744e+07,1.239951e+02,1.410262e+06,8.843935e+01,,,,5
2018-04-26 12:58:30.000000,2.609023e+07,1.818862e+07,1.239958e+02,1.410262e+06,8.843935e+01,,,,5
2018-04-26 12:58:31.000000,2.609025e+07,1.818782e+07,1.239954e+02,1.410262e+06,8.843935e+01,,,,5
2018-04-26 12:58:32.000000,2.609025e+07,1.818944e+07,1.239963e+02,1.410262e+06,8.843935e+01,,,,5
2018-04-26 12:58:33.000000,2.609025e+07,1.818778e+07,1.239954e+02,1.410262e+06,8.843935e+01,,,,5
2018-04-26 12:58:34.000000,2.609023e+07,1.818855e+07,1.239957e+02,1.410262e+06,8.843935e+01,,,,5
2018-04-26 12:58:35.000000,2.609023e+07,1.818692e+07,1.239948e+02,1.410262e+06,8.843935e+01,,,,5
2018-04-26 12:58:36.000000,2.609023e+07,1.818689e+07,1.239948e+02,1.410262e+06,8.843935e+01,,,,5
2018-04-26 12:58:37.000000,2.609025e+07,1.818686e+07,1.239947e+02,1.410262e+06,8.843934e+01,,,,5
2018-04-26 12:58:38.000000,2.609025e+07,1.818657e+07,1.239945e+02,1.410262e+06,8.843934e+01,,,,5
2018-04-26 12:58:39.000000,2.609024e+07,1.818781e+07,1.239952e+02,1.410262e+06,8.843934e+01,,,,5
2018-04-26 12:58:40.000000,2.609023e+07,1.818750e+07,1.239952e+02,1.410262e+06,8.843934e+01,,,,5
2018-04-26 12:58:41.000000,2.609023e+07,1.818869e+07,1.239958e+02,1.410262e+06,8.843934e+01,,,,5
2018-04-26 12:58:42.000000,2.609025e+07,1.818784e+07,1.239954e+02,1.410262e+06,8.843934e+01,,,,5
2018-04-26 12:58:43.000000,2.609025e+07,1.818892e+07,1.239960e+02,1.410262e+06,8.843934e+01,,,,5
2018-04-26 12:58:44.000000,2.609024e+07,1.818779e+07,1.239954e+02,1.410262e+06,8.843934e+01,,,,5
2018-04-26 12:58:45.000000,2.609023e+07,1.818806e+07,1.239954e+02,1.410262e+06,8.843933e+01,,,,5
2018-04-26 12:58:46.000000,2.609023e+07,1.818692e+07,1.239947e+02,1.410262e+06,8.843933e+01,,,,5
2018-04-26 12:58:47.000000,2.609023e+07,1.818846e+07,1.239956e+02,1.410262e+06,8.843933e+01,,,,5
2018-04-26 12:58:48.000000,2.609025e+07,1.818670e+07,1.239946e+02,1.410262e+06,8.843933e+01,,,,5
2018-04-26 12:58:49.000000,2.609024e+07,1.818807e+07,1.239953e+02,1.410262e+06,8.843933e+01,,,,5
2018-04-26 12:58:50.000000,2.609025e+07,1.818686e+07,1.239947e+02,1.410262e+06,8.843933e+01,,,,5
2018-04-26 12:58:51.000000,2.609023e+07,1.818744e+07,1.239952e+02,1.410262e+06,8.843933e+01,,,,5
2018-04-26 12:58:52.000000,2.609023e+07,1.818776e+07,1.239953e+02,1.410262e+06,8.843933e+01,,,,5
2018-04-26 12:58:53.000000,2.609023e+07,1.818741e+07,1.239951e+02,1.410262e+06,8.843933e+01,,,,5
2018-04-26 12:58:54.000000,2.609024e+07,1.818802e+07,1.239955e+02,1.410262e+06,8.843932e+01,,,,5
2018-04-26 12:58:55.000000,2.609025e+07,1.818774e+07,1.239954e+02,1.410262e+06,8.843932e+01,,,,5
2018-04-26 12:58:56.000000,2.609023e+07,1.818807e+07,1.239954e+02,1.410262e+06,8.843932e+01,,,,5
2018-04-26 12:58:57.000000,2.609023e+07,1.818689e+07,1.239948e+02,1.410262e+06,8.843932e+01,,,,5
2018-04-26 12:58:58.000000,2.609023e+07,1.818857e+07,1.239957e+02,1.410262e+06,8.843932e+01,,,,5
2018-04-26 12:58:59.000000,2.609025e+07,1.818669e+07,1.239946e+02,1.410262e+06,8.843932e+01,,,,5
2018-04-26 12:59:00.000000,2.609025e+07,1.818821e+07,1.239954e+02,1.410262e+06,8.843932e+01,,,,5
2018-04-26 12:59:01.000000,2.609025e+07,1.818689e+07,1.239947e+02,1.410262e+06,8.843932e+01,,,,5
2018-04-26 12:59:02.000000,2.609023e+07,1.818900e+07,1.239960e+02,1.410262e+06,8.843931e+01,,,,5
2018-04-26 12:59:03.000000,2.609022e+07,1.818786e+07,1.239953e+02,1.410262e+06,8.843931e+01,,,,5
2018-04-26 12:59:04.000000,2.609023e+07,1.818747e+07,1.239952e+02,1.410262e+06,8.843931e+01,,,,5
2018-04-26 12:59:05.000000,2.609025e+07,1.818772e+07,1.239954e+02,1.410262e+06,8.843931e+01,,,,5
2018-04-26 12:59:06.000000,2.609025e+07,1.818780e+07,1.239954e+02,1.410262e+06,8.843931e+01,,,,5
2018-04-26 12:59:07.000000,2.609025e+07,1.818807e+07,1.239955e+02,1.410262e+06,8.843931e+01,,,,5
2018-04-26 12:59:08.000000,2.609023e+07,1.818698e+07,1.239949e+02,1.410262e+06,8.843931e+01,,,,5
2018-04-26 12:59:09.000000,2.609023e+07,1.818806e+07,1.239954e+02,1.410262e+06,8.843931e+01,,,,5
2018-04-26 12:59:10.000000,2.609025e+07,1.818671e+07,1.239946e+02,1.410262e+06,8.843931e+01,,,,5
2018-04-26 12:59:11.000000,2.609024e+07,1.818772e+07,1.239951e+02,1.410262e+06,8.843930e+01,,,,5
2018-04-26 12:59:12.000000,2.609025e+07,1.818652e+07,1.239945e+02,1.410262e+06,8.843930e+01,,,,5
2018-04-26 12:59:13.000000,2.609023e+07,1.818853e+07,1.239957e+02,1.410262e+06,8.843930e+01,,,,5
2018-04-26 12:59:14.000000,2.609023e+07,1.818752e+07,1.239951e+02,1.410262e+06,8.843930e+01,,,,5
2018-04-26 12:59:15.000000,2.609023e+07,1.818918e+07,1.239961e+02,1.410262e+06,8.843930e+01,,,,5
2018-04-26 12:59:16.000000,2.609024e+07,1.818790e+07,1.239955e+02,1.410262e+06,8.843930e+01,,,,5
2018-04-26 12:59:17.000000,2.609025e+07,1.818945e+07,1.239963e+02,1.410262e+06,8.843930e+01,,,,5
2018-04-26 12:59:18.000000,2.609025e+07,1.818812e+07,1.239956e+02,1.410262e+06,8.843930e+01,,,,5
2018-04-26 12:59:19.000000,2.609023e+07,1.818846e+07,1.239956e+02,1.410262e+06,8.843929e+01,,,,5
2018-04-26 12:59:20.000000,2.609023e+07,1.818723e+07,1.239949e+02,1.410262e+06,8.843929e+01,,,,5
2018-04-26 12:59:21.000000,2.609023e+07,1.818681e+07,1.239947e+02,1.410262e+06,8.843929e+01,,,,5
2018-04-26 12:59:22.000000,2.609025e+07,1.818686e+07,1.239947e+02,1.410262e+06,8.843929e+01,,,,5
2018-04-26 12:59:23.000000,2.609025e+07,1.818652e+07,1.239945e+02,1.410262e+06,8.843929e+01,,,,5
2018-04-26 12:59:24.000000,2.609023e+07,1.818765e+07,1.239952e+02,1.410262e+06,8.843929e+01,,,,5
2018-04-26 12:59:25.000000,2.609023e+07,1.818744e+07,1.239951e+02,1.410262e+06,8.843929e+01,,,,5
2018-04-26 12:59:26.000000,2.609023e+07,1.818862e+07,1.239958e+02,1.410262e+06,8.843929e+01,,,,5
2018-04-26 12:59:27.000000,2.609025e+07,1.818782e+07,1.239954e+02,1.410262e+06,8.843929e+01,,,,5
2018-04-26 12:59:28.000000,2.609025e+07,1.818946e+07,1.239962e+02,1.410262e+06,8.843928e+01,,,,5
2018-04-26 12:59:29.000000,2.609025e+07,1.818778e+07,1.239954e+02,1.410262e+06,8.843928e+01,,,,5
2018-04-26 12:59:30.000000,2.609023e+07,1.818856e+07,1.239957e+02,1.410262e+06,8.843928e+01,,,,5
2018-04-26 12:59:31.000000,2.609023e+07,1.818690e+07,1.239948e+02,1.410262e+06,8.843928e+01,,,,5
2018-04-26 12:59:32.000000,2.609023e+07,1.818689e+07,1.239948e+02,1.410262e+06,8.843928e+01,,,,5
2018-04-26 12:59:33.000000,2.609025e+07,1.818686e+07,1.239947e+02,1.410262e+06,8.843928e+01,,,,5
2018-04-26 12:59:34.000000,2.609025e+07,1.818656e+07,1.239945e+02,1.410262e+06,8.843928e+01,,,,5
2018-04-26 12:59:35.000000,2.609023e+07,1.818765e+07,1.239952e+02,1.410262e+06,8.843928e+01,,,,5
2018-04-26 12:59:36.000000,2.609023e+07,1.818750e+07,1.239952e+02,1.410262e+06,8.843927e+01,,,,5
2018-04-26 12:59:37.000000,2.609023e+07,1.818870e+07,1.239958e+02,1.410262e+06,8.843927e+01,,,,5
2018-04-26 12:59:38.000000,2.609025e+07,1.818783e+07,1.239954e+02,1.410262e+06,8.843927e+01,,,,5
2018-04-26 12:59:39.000000,2.609025e+07,1.818893e+07,1.239960e+02,1.410262e+06,8.843927e+01,,,,5
2018-04-26 12:59:40.000000,2.609024e+07,1.818780e+07,1.239954e+02,1.410262e+06,8.843927e+01,,,,5
2018-04-26 12:59:41.000000,2.609023e+07,1.818807e+07,1.239954e+02,1.410262e+06,8.843927e+01,,,,5
2018-04-26 12:59:42.000000,2.609023e+07,1.818692e+07,1.239947e+02,1.410262e+06,8.843927e+01,,,,5
2018-04-26 12:59:43.000000,2.609023e+07,1.818846e+07,1.239956e+02,1.410262e+06,8.843927e+01,,,,5
2018-04-26 12:59:44.000000,2.609025e+07,1.818669e+07,1.239946e+02,1.410262e+06,8.843927e+01,,,,5
2018-04-26 12:59:45.000000,2.609024e+07,1.818809e+07,1.239954e+02,1.410262e+06,8.843926e+01,,,,5
2018-04-26 12:59:46.000000,2.609025e+07,1.818687e+07,1.239947e+02,1.410262e+06,8.843926e+01,,,,5
2018-04-26 12:59:47.000000,2.609023e+07,1.818744e+07,1.239952e+02,1.410262e+06,8.843926e+01,,,,5
2018-04-26 12:59:48.000000,2.609023e+07,1.818777e+07,1.239953e+02,1.410262e+06,8.843926e+01,,,,5
2018-04-26 12:59:49.000000,2.609025e+07,1.818780e+07,1.239954e+02,1.410262e+06,8.843926e+01,,,,5
2018-04-26 12:59:50.000000,2.609025e+07,1.818805e+07,1.239955e+02,1.410262e+06,8.843926e+01,,,,5
2018-04-26 12:59:51.000000,2.609025e+07,1.818774e+07,1.239954e+02,1.410262e+06,8.843926e+01,,,,5
2018-04-26 12:59:52.000000,2.609023e+07,1.818807e+07,1.239954e+02,1.410262e+06,8.843926e+01,,,,5
2018-04-26 12:59:53.000000,2.609023e+07,1.818689e+07,1.239948e+02,1.410262e+06,8.843925e+01,,,,5
2018-04-26 12:59:54.000000,2.609023e+07,1.818859e+07,1.239957e+02,1.410262e+06,8.843925e+01,,,,5
2018-04-26 12:59:55.000000,2.609025e+07,1.818668e+07,1.239946e+02,1.410262e+06,8.843925e+01,,,,5
2018-04-26 12:59:56.000000,2.609025e+07,1.818821e+07,1.239953e+02,1.410262e+06,8.843925e+01,,,,5
2018-04-26 12:59:57.000000,2.609025e+07,1.818689e+07,1.239947e+02,1.410262e+06,8.843925e+01,,,,5
2018-04-26 12:59:58.000000,2.609023e+07,1.818902e+07,1.239960e+02,1.410262e+06,8.843925e+01,,,,5
2018-04-26 12:59:59.000000,2.609023e+07,1.818786e+07,1.239953e+02,1.410262e+06,8.843925e+01,,,,5
2018-04-26 13:00:00.000000,2.609023e+07,1.818747e+07,1.239952e+02,1.410262e+06,8.843925e+01,,,,5
2018-04-26 13:00:01.000000,2.609025e+07,1.818806e+07,1.239956e+02,1.410262e+06,8.843925e+01,,,,5
2018-04-26 13:00:02.000000,2.609025e+07,1.818775e+07,1.239954e+02,1.410262e+06,8.843924e+01,,,,5
2018-04-26 13:00:03.000000,2.609023e+07,1.818723e+07,1.239950e+02,1.410262e+06,8.843924e+01,,,,5
2018-04-26 13:00:04.000000,2.609023e+07,1.818684e+07,1.239947e+02,1.410262e+06,8.843924e+01,,,,5
2018-04-26 13:00:05.000000,2.609023e+07,1.818806e+07,1.239954e+02,1.410262e+06,8.843924e+01,,,,5
2018-04-26 13:00:06.000000,2.609025e+07,1.818666e+07,1.239946e+02,1.410262e+06,8.843924e+01,,,,5
2018-04-26 13:00:07.000000,2.609025e+07,1.818764e+07,1.239951e+02,1.410262e+06,8.843924e+01,,,,5
2018-04-26 13:00:08.000000,2.609025e+07,1.818655e+07,1.239945e+02,1.410262e+06,8.843924e+01,,,,5
2018-04-26 13:00:09.000000,2.609023e+07,1.818846e+07,1.239957e+02,1.410262e+06,8.843924e+01,,,,5
2018-04-26 13:00:10.000000,2.609023e+07,1.818752e+07,1.239951e+02,1.410262e+06,8.843924e+01,,,,5
2018-04-26 13:00:11.000000,2.609023e+07,1.818749e+07,1.239952e+02,1.410262e+06,8.843923e+01,,,,5
2018-04-26 13:00:12.000000,2.609025e+07,1.818772e+07,1.239954e+02,1.410262e+06,8.843923e+01,,,,5
2018-04-26 13:00:13.000000,2.609025e+07,1.818780e+07,1.239954e+02,1.410262e+06,8.843923e+01,,,,5
2018-04-26 13:00:14.000000,2.609024e+07,1.818807e+07,1.239955e+02,1.410262e+06,8.843923e+01,,,,5
2018-04-26 13:00:15.000000,2.609023e+07,1.818698e+07,1.239949e+02,1.410262e+06,8.843923e+01,,,,5
2018-04-26 13:00:16.000000,2.609023e+07,1.818806e+07,1.239954e+02,1.410262e+06,8.843923e+01,,,,5
2018-04-26 13:00:17.000000,2.609025e+07,1.818672e+07,1.239946e+02,1.410262e+06,8.843923e+01,,,,5
2018-04-26 13:00:18.000000,2.609025e+07,1.818772e+07,1.239951e+02,1.410262e+06,8.843923e+01,,,,5
2018-04-26 13:00:19.000000,2.609025e+07,1.818652e+07,1.239945e+02,1.410262e+06,8.843922e+01,,,,5
2018-04-26 13:00:20.000000,2.609023e+07,1.818851e+07,1.239957e+02,1.410262e+06,8.843922e+01,,,,5
2018-04-26 13:00:21.000000,2.609023e+07,1.818752e+07,1.239951e+02,1.410262e+06,8.843922e+01,,,,5
2018-04-26 13:00:22.000000,2.609023e+07,1.818918e+07,1.239961e+02,1.410262e+06,8.843922e+01,,,,5
2018-04-26 13:00:23.000000,2.609024e+07,1.818790e+07,1.239955e+02,1.410262e+06,8.843922e+01,,,,5
2018-04-26 13:00:24.000000,2.609025e+07,1.818943e+07,1.239962e+02,1.410262e+06,8.843922e+01,,,,5
2018-04-26 13:00:25.000000,2.609025e+07,1.818813e+07,1.239956e+02,1.410262e+06,8.843922e+01,,,,5
2018-04-26 13:00:26.000000,2.609023e+07,1.818846e+07,1.239956e+02,1.410262e+06,8.843922e+01,,,,5
2018-04-26 13:00:27.000000,2.609023e+07,1.818724e+07,1.239949e+02,1.410262e+06,8.843922e+01,,,,5
2018-04-26 13:00:28.000000,2.609023e+07,1.818681e+07,1.239947e+02,1.410262e+06,8.843921e+01,,,,5
2018-04-26 13:00:29.000000,2.609025e+07,1.818686e+07,1.239946e+02,1.410262e+06,8.843921e+01,,,,5
2018-04-26 13:00:30.000000,2.609025e+07,1.818652e+07,1.239945e+02,1.410262e+06,8.843921e+01,,,,5
2018-04-26 13:00:31.000000,2.609023e+07,1.818765e+07,1.239952e+02,1.410262e+06,8.843921e+01,,,,5
2018-04-26 13:00:32.000000,2.609023e+07,1.818744e+07,1.239951e+02,1.410262e+06,8.843921e+01,,,,5
2018-04-26 13:00:33.000000,2.609023e+07,1.818862e+07,1.239958e+02,1.410262e+06,8.843921e+01,,,,5
2018-04-26 13:00:34.000000,2.609025e+07,1.818782e+07,1.239954e+02,1.410262e+06,8.843921e+01,,,,5
2018-04-26 13:00:35.000000,2.609025e+07,1.818945e+07,1.239962e+02,1.410262e+06,8.843921e+01,,,,5
2018-04-26 13:00:36.000000,2.609025e+07,1.818778e+07,1.239954e+02,1.410262e+06,8.843920e+01,,,,5
2018-04-26 13:00:37.000000,2.609023e+07,1.818855e+07,1.239957e+02,1.410262e+06,8.843920e+01,,,,5
2018-04-26 13:00:38.000000,2.609023e+07,1.818691e+07,1.239948e+02,1.410262e+06,8.843920e+01,,,,5
2018-04-26 13:00:39.000000,2.609023e+07,1.818689e+07,1.239948e+02,1.410262e+06,8.843920e+01,,,,5
2018-04-26 13:00:40.000000,2.609025e+07,1.818686e+07,1.239946e+02,1.410262e+06,8.843920e+01,,,,5
2018-04-26 13:00:41.000000,2.609025e+07,1.818657e+07,1.239945e+02,1.410262e+06,8.843920e+01,,,,5
2018-04-26 13:00:42.000000,2.609024e+07,1.818781e+07,1.239952e+02,1.410262e+06,8.843920e+01,,,,5
2018-04-26 13:00:43.000000,2.609023e+07,1.818750e+07,1.239952e+02,1.410262e+06,8.843920e+01,,,,5
2018-04-26 13:00:44.000000,2.609023e+07,1.818869e+07,1.239958e+02,1.410262e+06,8.843920e+01,,,,5
2018-04-26 13:00:45.000000,2.609025e+07,1.818783e+07,1.239954e+02,1.410262e+06,8.843919e+01,,,,5
2018-04-26 13:00:46.000000,2.609025e+07,1.818893e+07,1.239960e+02,1.410262e+06,8.843919e+01,,,,5
2018-04-26 13:00:47.000000,2.609024e+07,1.818780e+07,1.239954e+02,1.410262e+06,8.843919e+01,,,,5
2018-04-26 13:00:48.000000,2.609023e+07,1.818807e+07,1.239954e+02,1.410262e+06,8.843919e+01,,,,5
2018-04-26 13:00:49.000000,2.609023e+07,1.818692e+07,1.239947e+02,1.410262e+06,8.843919e+01,,,,5
2018-04-26 13:00:50.000000,2.609023e+07,1.818846e+07,1.239956e+02,1.410262e+06,8.843919e+01,,,,5
2018-04-26 13:00:51.000000,2.609025e+07,1.818670e+07,1.239946e+02,1.410262e+06,8.843919e+01,,,,5
2018-04-26 13:00:52.000000,2.609024e+07,1.818809e+07,1.239954e+02,1.410262e+06,8.843919e+01,,,,5
2018-04-26 13:00:53.000000,2.609025e+07,1.818686e+07,1.239946e+02,1.410262e+06,8.843919e+01,,,,5
2018-04-26 13:00:54.000000,2.609023e+07,1.818744e+07,1.239952e+02,1.410262e+06,8.843918e+01,,,,5
2018-04-26 13:00:55.000000,2.609023e+07,1.818777e+07,1.239953e+02,1.410262e+06,8.843918e+01,,,,5
2018-04-26 13:00:56.000000,2.609023e+07,1.818741e+07,1.239951e+02,1.410262e+06,8.843918e+01,,,,5
2018-04-26 13:00:57.000000,2.609024e+07,1.818802e+07,1.239955e+02,1.410262e+06,8.843918e+01,,,,5
2018-04-26 13:00:58.000000,2.609025e+07,1.818774e+07,1.239954e+02,1.410262e+06,8.843918e+01,,,,5
2018-04-26 13:00:59.000000,2.609023e+07,1.818807e+07,1.239954e+02,1.410262e+06,8.843918e+01,,,,5
2018-04-26 13:01:00.000000,2.609023e+07,1.818689e+07,1.239948e+02,1.410262e+06,8.843918e+01,,,,5
2018-04-26 13:01:01.000000,2.609023e+07,1.818857e+07,1.239957e+02,1.410262e+06,8.843918e+01,,,,5
2018-04-26 13:01:02.000000,2.609025e+07,1.818668e+07,1.239946e+02,1.410262e+06,8.843917e+01,,,,5
2018-04-26 13:01:03.000000,2.609025e+07,1.818821e+07,1.239953e+02,1.410262e+06,8.843917e+01,,,,5
2018-04-26 13:01:04.000000,2.609025e+07,1.818689e+07,1.239946e+02,1.410262e+06,8.843917e+01,,,,5
2018-04-26 13:01:05.000000,2.609023e+07,1.818902e+07,1.239960e+02,1.410262e+06,8.843917e+01,,,,5
2018-04-26 13:01:06.000000,2.609023e+07,1.818785e+07,1.239953e+02,1.410262e+06,8.843917e+01,,,,5
2018-04-26 13:01:07.000000,2.609023e+07,1.818747e+07,1.239952e+02,1.410262e+06,8.843917e+01,,,,5
2018-04-26 13:01:08.000000,2.609025e+07,1.818806e+07,1.239955e+02,1.410262e+06,8.843917e+01,,,,5
2018-04-26 13:01:09.000000,2.609025e+07,1.818775e+07,1.239954e+02,1.410262e+06,8.843917e+01,,,,5
2018-04-26 13:01:10.000000,2.609025e+07,1.818902e+07,1.239960e+02,1.410262e+06,8.843917e+01,,,,5
2018-04-26 13:01:11.000000,2.609023e+07,1.818697e+07,1.239948e+02,1.410262e+06,8.843916e+01,,,,5
2018-04-26 13:01:12.000000,2.609023e+07,1.818806e+07,1.239954e+02,1.410262e+06,8.843916e+01,,,,5
2018-04-26 13:01:13.000000,2.609025e+07,1.818666e+07,1.239946e+02,1.410262e+06,8.843916e+01,,,,5
2018-04-26 13:01:14.000000,2.609025e+07,1.818764e+07,1.239951e+02,1.410262e+06,8.843916e+01,,,,5
2018-04-26 13:01:15.000000,2.609025e+07,1.818656e+07,1.239945e+02,1.410262e+06,8.843916e+01,,,,5
2018-04-26 13:01:16.000000,2.609023e+07,1.818846e+07,1.239957e+02,1.410262e+06,8.843916e+01,,,,5
2018-04-26 13:01:17.000000,2.609023e+07,1.818752e+07,1.239951e+02,1.410262e+06,8.843916e+01,,,,5
2018-04-26 13:01:18.000000,2.609023e+07,1.818749e+07,1.239952e+02,1.410262e+06,8.843916e+01,,,,5
2018-04-26 13:01:19.000000,2.609025e+07,1.818772e+07,1.239954e+02,1.410262e+06,8.843916e+01,,,,5
2018-04-26 13:01:20.000000,2.609025e+07,1.818780e+07,1.239954e+02,1.410262e+06,8.843915e+01,,,,5
2018-04-26 13:01:21.000000,2.609024e+07,1.818807e+07,1.239955e+02,1.410262e+06,8.843915e+01,,,,5
2018-04-26 13:01:22.000000,2.609023e+07,1.818698e+07,1.239949e+02,1.410262e+06,8.843915e+01,,,,5
2018-04-26 13:01:23.000000,2.609023e+07,1.818806e+07,1.239954e+02,1.410262e+06,8.843915e+01,,,,5
2018-04-26 13:01:24.000000,2.609025e+07,1.818672e+07,1.239946e+02,1.410262e+06,8.843915e+01,,,,5
2018-04-26 13:01:25.000000,2.609024e+07,1.818770e+07,1.239951e+02,1.410262e+06,8.843915e+01,,,,5
2018-04-26 13:01:26.000000,2.609025e+07,1.818652e+07,1.239945e+02,1.410262e+06,8.843915e+01,,,,5
2018-04-26 13:01:27.000000,2.609023e+07,1.818851e+07,1.239957e+02,1.410262e+06,8.843915e+01,,,,5
2018-04-26 13:01:28.000000,2.609023e+07,1.818753e+07,1.239952e+02,1.410262e+06,8.843915e+01,,,,5
2018-04-26 13:01:29.000000,2.609023e+07,1.818918e+07,1.239961e+02,1.410262e+06,8.843914e+01,,,,5
2018-04-26 13:01:30.000000,2.609024e+07,1.818789e+07,1.239955e+02,1.410262e+06,8.843914e+01,,,,5
2018-04-26 13:01:31.000000,2.609025e+07,1.818943e+07,1.239962e+02,1.410262e+06,8.843914e+01,,,,5
2018-04-26 13:01:32.000000,2.609025e+07,1.818814e+07,1.239955e+02,1.410262e+06,8.843914e+01,,,,5
2018-04-26 13:01:33.000000,2.609023e+07,1.818846e+07,1.239956e+02,1.410262e+06,8.843914e+01,,,,5
2018-04-26 13:01:34.000000,2.609023e+07,1.818724e+07,1.239949e+02,1.410262e+06,8.843914e+01,,,,5
2018-04-26 13:01:35.000000,2.609022e+07,1.818681e+07,1.239947e+02,1.410262e+06,8.843914e+01,,,,5
2018-04-26 13:01:36.000000,2.609025e+07,1.818685e+07,1.239946e+02,1.410262e+06,8.843914e+01,,,,5
2018-04-26 13:01:37.000000,2.609025e+07,1.818651e+07,1.239945e+02,1.410262e+06,8.843913e+01,,,,5
2018-04-26 13:01:38.000000,2.609023e+07,1.818763e+07,1.239952e+02,1.410262e+06,8.843913e+01,,,,5
2018-04-26 13:01:39.000000,2.609023e+07,1.818744e+07,1.239951e+02,1.410262e+06,8.843913e+01,,,,5
2018-04-26 13:01:40.000000,2.609023e+07,1.818862e+07,1.239958e+02,1.410262e+06,8.843913e+01,,,,5
2018-04-26 13:01:41.000000,2.609025e+07,1.818782e+07,1.239954e+02,1.410262e+06,8.843913e+01,,,,5
2018-04-26 13:01:42.000000,2.609025e+07,1.818944e+07,1.239962e+02,1.410262e+06,8.843913e+01,,,,5
2018-04-26 13:01:43.000000,2.609025e+07,1.818778e+07,1.239953e+02,1.410262e+06,8.843913e+01,,,,5
2018-04-26 13:01:44.000000,2.609023e+07,1.818855e+07,1.239957e+02,1.410262e+06,8.843913e+01,,,,5
2018-04-26 13:01:45.000000,2.609023e+07,1.818692e+07,1.239948e+02,1.410262e+06,8.843913e+01,,,,5
2018-04-26 13:01:46.000000,2.609023e+07,1.818689e+07,1.239948e+02,1.410262e+06,8.843912e+01,,,,5
2018-04-26 13:01:47.000000,2.609025e+07,1.818686e+07,1.239946e+02,1.410262e+06,8.843912e+01,,,,5
2018-04-26 13:01:48.000000,2.609025e+07,1.818657e+07,1.239945e+02,1.410262e+06,8.843912e+01,,,,5
2018-04-26 13:01:49.000000,2.609024e+07,1.818780e+07,1.239952e+02,1.410262e+06,8.843912e+01,,,,5
2018-04-26 13:01:50.000000,2.609023e+07,1.818750e+07,1.239952e+02,1.410262e+06,8.843912e+01,,,,5
2018-04-26 13:01:51.000000,2.609023e+07,1.818869e+07,1.239958e+02,1.410262e+06,8.843912e+01,,,,5
2018-04-26 13:01:52.000000,2.609025e+07,1.818784e+07,1.239954e+02,1.410262e+06,8.843912e+01,,,,5
2018-04-26 13:01:53.000000,2.609025e+07,1.818892e+07,1.239960e+02,1.410262e+06,8.843912e+01,,,,5
2018-04-26 13:01:54.000000,2.609024e+07,1.818779e+07,1.239954e+02,1.410262e+06,8.843912e+01,,,,5
2018-04-26 13:01:55.000000,2.609023e+07,1.818806e+07,1.239954e+02,1.410262e+06,8.843911e+01,,,,5
2018-04-26 13:01:56.000000,2.609023e+07,1.818692e+07,1.239947e+02,1.410262e+06,8.843911e+01,,,,5
2018-04-26 13:01:57.000000,2.609023e+07,1.818846e+07,1.239956e+02,1.410262e+06,8.843911e+01,,,,5
2018-04-26 13:01:58.000000,2.609025e+07,1.818670e+07,1.239946e+02,1.410262e+06,8.843911e+01,,,,5
2018-04-26 13:01:59.000000,2.609024e+07,1.818807e+07,1.239952e+02,1.410262e+06,8.843911e+01,,,,5
2018-04-26 13:02:00.000000,2.609025e+07,1.818686e+07,1.239946e+02,1.410262e+06,8.843911e+01,,,,5
2018-04-26 13:02:01.000000,2.609023e+07,1.818744e+07,1.239952e+02,1.410262e+06,8.843911e+01,,,,5
2018-04-26 13:02:02.000000,2.609023e+07,1.818776e+07,1.239953e+02,1.410262e+06,8.843911e+01,,,,5
2018-04-26 13:02:03.000000,2.609023e+07,1.818741e+07,1.239951e+02,1.410262e+06,8.843911e+01,,,,5
2018-04-26 13:02:04.000000,2.609024e+07,1.818802e+07,1.239955e+02,1.410262e+06,8.843910e+01,,,,5
2018-04-26 13:02:05.000000,2.609025e+07,1.818774e+07,1.239954e+02,1.410262e+06,8.843910e+01,,,,5
2018-04-26 13:02:06.000000,2.609023e+07,1.818807e+07,1.239954e+02,1.410262e+06,8.843910e+01,,,,5
2018-04-26 13:02:07.000000,2.609023e+07,1.818689e+07,1.239948e+02,1.410262e+06,8.843910e+01,,,,5
2018-04-26 13:02:08.000000,2.609023e+07,1.818857e+07,1.239957e+02,1.410262e+06,8.843910e+01,,,,5
2018-04-26 13:02:09.000000,2.609025e+07,1.818669e+07,1.239946e+02,1.410262e+06,8.843910e+01,,,,5
2018-04-26 13:02:10.000000,2.609025e+07,1.818821e+07,1.239953e+02,1.410262e+06,8.843910e+01,,,,5
2018-04-26 13:02:11.000000,2.609025e+07,1.818689e+07,1.239946e+02,1.410262e+06,8.843910e+01,,,,5
2018-04-26 13:02:12.000000,2.609023e+07,1.818900e+07,1.239960e+02,1.410262e+06,8.843909e+01,,,,5
2018-04-26 13:02:13.000000,2.609023e+07,1.818786e+07,1.239953e+02,1.410262e+06,8.843909e+01,,,,5
2018-04-26 13:02:14.000000,2.609023e+07,1.818747e+07,1.239952e+02,1.410262e+06,8.843909e+01,,,,5
2018-04-26 13:02:15.000000,2.609025e+07,1.818806e+07,1.239955e+02,1.410262e+06,8.843909e+01,,,,5
2018-04-26 13:02:16.000000,2.609025e+07,1.818775e+07,1.239954e+02,1.410262e+06,8.843909e+01,,,,5
2018-04-26 13:02:17.000000,2.609025e+07,1.818902e+07,1.239960e+02,1.410262e+06,8.843909e+01,,,,5
2018-04-26 13:02:18.000000,2.609022e+07,1.818697e+07,1.239948e+02,1.410262e+06,8.843909e+01,,,,5
2018-04-26 13:02:19.000000,2.609023e+07,1.818805e+07,1.239954e+02,1.410262e+06,8.843909e+01,,,,5
2018-04-26 13:02:20.000000,2.609025e+07,1.818666e+07,1.239946e+02,1.410262e+06,8.843909e+01,,,,5
2018-04-26 13:02:21.000000,2.609025e+07,1.818764e+07,1.239951e+02,1.410262e+06,8.843908e+01,,,,5
2018-04-26 13:02:22.000000,2.609025e+07,1.818656e+07,1.239945e+02,1.410262e+06,8.843908e+01,,,,5
2018-04-26 13:02:23.000000,2.609022e+07,1.818844e+07,1.239957e+02,1.410262e+06,8.843908e+01,,,,5
2018-04-26 13:02:24.000000,2.609023e+07,1.818752e+07,1.239951e+02,1.410262e+06,8.843908e+01,,,,5
2018-04-26 13:02:25.000000,2.609023e+07,1.818749e+07,1.239952e+02,1.410262e+06,8.843908e+01,,,,5
2018-04-26 13:02:26.000000,2.609025e+07,1.818772e+07,1.239953e+02,1.410262e+06,8.843908e+01,,,,5
2018-04-26 13:02:27.000000,2.609025e+07,1.818780e+07,1.239954e+02,1.410262e+06,8.843908e+01,,,,5
2018-04-26 13:02:28.000000,2.609024e+07,1.818807e+07,1.239955e+02,1.410262e+06,8.843908e+01,,,,5
2018-04-26 13:02:29.000000,2.609023e+07,1.818699e+07,1.239949e+02,1.410262e+06,8.843908e+01,,,,5
2018-04-26 13:02:30.000000,2.609023e+07,1.818806e+07,1.239954e+02,1.410262e+06,8.843907e+01,,,,5
2018-04-26 13:02:31.000000,2.609023e+07,1.818679e+07,1.239947e+02,1.410262e+06,8.843907e+01,,,,5
2018-04-26 13:02:32.000000,2.609024e+07,1.818773e+07,1.239952e+02,1.410262e+06,8.843907e+01,,,,5
2018-04-26 13:02:33.000000,2.609025e+07,1.818653e+07,1.239944e+02,1.410262e+06,8.843907e+01,,,,5
2018-04-26 13:02:34.000000,2.609023e+07,1.818851e+07,1.239957e+02,1.410262e+06,8.843907e+01,,,,5
2018-04-26 13:02:35.000000,2.609023e+07,1.818753e+07,1.239952e+02,1.410262e+06,8.843907e+01,,,,5
2018-04-26 13:02:36.000000,2.609023e+07,1.818916e+07,1.239961e+02,1.410262e+06,8.843907e+01,,,,5
2018-04-26 13:02:37.000000,2.609024e+07,1.818789e+07,1.239955e+02,1.410262e+06,8.843907e+01,,,,5
2018-04-26 13:02:38.000000,2.609025e+07,1.818943e+07,1.239962e+02,1.410262e+06,8.843907e+01,,,,5
2018-04-26 13:02:39.000000,2.609025e+07,1.818814e+07,1.239955e+02,1.410262e+06,8.843906e+01,,,,5
2018-04-26 13:02:40.000000,2.609023e+07,1.818845e+07,1.239956e+02,1.410262e+06,8.843906e+01,,,,5
2018-04-26 13:02:41.000000,2.609023e+07,1.818724e+07,1.239949e+02,1.410262e+06,8.843906e+01,,,,5
2018-04-26 13:02:42.000000,2.609022e+07,1.818681e+07,1.239947e+02,1.410262e+06,8.843906e+01,,,,5
2018-04-26 13:02:43.000000,2.609025e+07,1.818685e+07,1.239946e+02,1.410262e+06,8.843906e+01,,,,5
2018-04-26 13:02:44.000000,2.609025e+07,1.818651e+07,1.239945e+02,1.410262e+06,8.843906e+01,,,,5
2018-04-26 13:02:45.000000,2.609025e+07,1.818773e+07,1.239951e+02,1.410262e+06,8.843906e+01,,,,5
2018-04-26 13:02:46.000000,2.609023e+07,1.818743e+07,1.239951e+02,1.410262e+06,8.843906e+01,,,,5
2018-04-26 13:02:47.000000,2.609022e+07,1.818862e+07,1.239958e+02,1.410262e+06,8.843906e+01,,,,5
2018-04-26 13:02:48.000000,2.609025e+07,1.818782e+07,1.239954e+02,1.410262e+06,8.843905e+01,,,,5
2018-04-26 13:02:49.000000,2.609025e+07,1.818944e+07,1.239962e+02,1.410262e+06,8.843905e+01,,,,5
2018-04-26 13:02:50.000000,2.609025e+07,1.818780e+07,1.239953e+02,1.410262e+06,8.843905e+01,,,,5
2018-04-26 13:02:51.000000,2.609023e+07,1.818855e+07,1.239957e+02,1.410262e+06,8.843905e+01,,,,5
2018-04-26 13:02:52.000000,2.609023e+07,1.818692e+07,1.239948e+02,1.410262e+06,8.843905e+01,,,,5
2018-04-26 13:02:53.000000,2.609023e+07,1.818689e+07,1.239948e+02,1.410262e+06,8.843905e+01,,,,5
2018-04-26 13:02:54.000000,2.609025e+07,1.818686e+07,1.239946e+02,1.410262e+06,8.843905e+01,,,,5
2018-04-26 13:02:55.000000,2.609025e+07,1.818657e+07,1.239945e+02,1.410262e+06,8.843905e+01,,,,5
2018-04-26 13:02:56.000000,2.609024e+07,1.818780e+07,1.239951e+02,1.410262e+06,8.843905e+01,,,,5
2018-04-26 13:02:57.000000,2.609023e+07,1.818750e+07,1.239951e+02,1.410262e+06,8.843904e+01,,,,5
2018-04-26 13:02:58.000000,2.609023e+07,1.818869e+07,1.239958e+02,1.410262e+06,8.843904e+01,,,,5
2018-04-26 13:02:59.000000,2.609025e+07,1.818784e+07,1.239954e+02,1.410262e+06,8.843904e+01,,,,5
2018-04-26 13:03:00.000000,2.609025e+07,1.818891e+07,1.239959e+02,1.410262e+06,8.843904e+01,,,,5
2018-04-26 13:03:01.000000,2.609024e+07,1.818779e+07,1.239954e+02,1.410262e+06,8.843904e+01,,,,5
2018-04-26 13:03:02.000000,2.609023e+07,1.818806e+07,1.239954e+02,1.410262e+06,8.843904e+01,,,,5
2018-04-26 13:03:03.000000,2.609023e+07,1.818693e+07,1.239948e+02,1.410262e+06,8.843904e+01,,,,5
2018-04-26 13:03:04.000000,2.609023e+07,1.818846e+07,1.239956e+02,1.410262e+06,8.843904e+01,,,,5
2018-04-26 13:03:05.000000,2.609025e+07,1.818670e+07,1.239946e+02,1.410262e+06,8.843904e+01,,,,5
2018-04-26 13:03:06.000000,2.609024e+07,1.818807e+07,1.239952e+02,1.410262e+06,8.843903e+01,,,,5
2018-04-26 13:03:07.000000,2.609025e+07,1.818688e+07,1.239946e+02,1.410262e+06,8.843903e+01,,,,5
2018-04-26 13:03:08.000000,2.609023e+07,1.818744e+07,1.239951e+02,1.410262e+06,8.843903e+01,,,,5
2018-04-26 13:03:09.000000,2.609023e+07,1.818776e+07,1.239953e+02,1.410262e+06,8.843903e+01,,,,5
2018-04-26 13:03:10.000000,2.609023e+07,1.818741e+07,1.239951e+02,1.410262e+06,8.843903e+01,,,,5
2018-04-26 13:03:11.000000,2.609024e+07,1.818802e+07,1.239955e+02,1.410262e+06,8.843903e+01,,,,5
2018-04-26 13:03:12.000000,2.609025e+07,1.818774e+07,1.239954e+02,1.410262e+06,8.843903e+01,,,,5
2018-04-26 13:03:13.000000,2.609023e+07,1.818807e+07,1.239954e+02,1.410262e+06,8.843903e+01,,,,5
2018-04-26 13:03:14.000000,2.609023e+07,1.818690e+07,1.239948e+02,1.410262e+06,8.843903e+01,,,,5
2018-04-26 13:03:15.000000,2.609023e+07,1.818857e+07,1.239957e+02,1.410262e+06,8.843902e+01,,,,5
2018-04-26 13:03:16.000000,2.609025e+07,1.818669e+07,1.239945e+02,1.410262e+06,8.843902e+01,,,,5
2018-04-26 13:03:17.000000,2.609025e+07,1.818819e+07,1.239953e+02,1.410262e+06,8.843902e+01,,,,5
2018-04-26 13:03:18.000000,2.609025e+07,1.818689e+07,1.239946e+02,1.410262e+06,8.843902e+01,,,,5
2018-04-26 13:03:19.000000,2.609023e+07,1.818900e+07,1.239960e+02,1.410262e+06,8.843902e+01,,,,5
2018-04-26 13:03:20.000000,2.609022e+07,1.818787e+07,1.239954e+02,1.410262e+06,8.843902e+01,,,,5
2018-04-26 13:03:21.000000,2.609023e+07,1.818746e+07,1.239951e+02,1.410262e+06,8.843902e+01,,,,5
2018-04-26 13:03:22.000000,2.609025e+07,1.818806e+07,1.239955e+02,1.410262e+06,8.843902e+01,,,,5
2018-04-26 13:03:23.000000,2.609025e+07,1.818775e+07,1.239953e+02,1.410262e+06,8.843902e+01,,,,5
2018-04-26 13:03:24.000000,2.609025e+07,1.818901e+07,1.239960e+02,1.410262e+06,8.843901e+01,,,,5
2018-04-26 13:03:25.000000,2.609022e+07,1.818698e+07,1.239948e+02,1.410262e+06,8.843901e+01,,,,5
2018-04-26 13:03:26.000000,2.609023e+07,1.818804e+07,1.239954e+02,1.410262e+06,8.843901e+01,,,,5
2018-04-26 13:03:27.000000,2.609025e+07,1.818672e+07,1.239946e+02,1.410262e+06,8.843901e+01,,,,5
2018-04-26 13:03:28.000000,2.609025e+07,1.818772e+07,1.239951e+02,1.410262e+06,8.843901e+01,,,,5
2018-04-26 13:03:29.000000,2.609025e+07,1.818652e+07,1.239944e+02,1.410262e+06,8.843901e+01,,,,5
2018-04-26 13:03:30.000000,2.609023e+07,1.818851e+07,1.239957e+02,1.410262e+06,8.843901e+01,,,,5
2018-04-26 13:03:31.000000,2.609023e+07,1.818753e+07,1.239952e+02,1.410262e+06,8.843901e+01,,,,5
2018-04-26 13:03:32.000000,2.609023e+07,1.818918e+07,1.239961e+02,1.410262e+06,8.843901e+01,,,,5
2018-04-26 13:03:33.000000,2.609024e+07,1.818790e+07,1.239955e+02,1.410262e+06,8.843900e+01,,,,5
2018-04-26 13:03:34.000000,2.609025e+07,1.818943e+07,1.239962e+02,1.410262e+06,8.843900e+01,,,,5
2018-04-26 13:03:35.000000,2.609025e+07,1.818813e+07,1.239955e+02,1.410262e+06,8.843900e+01,,,,5
2018-04-26 13:03:36.000000,2.609023e+07,1.818846e+07,1.239956e+02,1.410262e+06,8.843900e+01,,,,5
2018-04-26 13:03:37.000000,2.609023e+07,1.818724e+07,1.239949e+02,1.410262e+06,8.843900e+01,,,,5
2018-04-26 13:03:38.000000,2.609023e+07,1.818681e+07,1.239947e+02,1.410262e+06,8.843900e+01,,,,5
2018-04-26 13:03:39.000000,2.609025e+07,1.818685e+07,1.239946e+02,1.410262e+06,8.843900e+01,,,,5
2018-04-26 13:03:40.000000,2.609025e+07,1.818651e+07,1.239945e+02,1.410262e+06,8.843900e+01,,,,5
2018-04-26 13:03:41.000000,2.609023e+07,1.818763e+07,1.239952e+02,1.410262e+06,8.843899e+01,,,,5
2018-04-26 13:03:42.000000,2.609023e+07,1.818744e+07,1.239951e+02,1.410262e+06,8.843899e+01,,,,5
2018-04-26 13:03:43.000000,2.609023e+07,1.818862e+07,1.239957e+02,1.410262e+06,8.843899e+01,,,,5
2018-04-26 13:03:44.000000,2.609025e+07,1.818782e+07,1.239953e+02,1.410262e+06,8.843899e+01,,,,5
2018-04-26 13:03:45.000000,2.609025e+07,1.818945e+07,1.239962e+02,1.410262e+06,8.843899e+01,,,,5
2018-04-26 13:03:46.000000,2.609025e+07,1.818778e+07,1.239953e+02,1.410262e+06,8.843899e+01,,,,5
2018-04-26 13:03:47.000000,2.609023e+07,1.818855e+07,1.239957e+02,1.410262e+06,8.843899e+01,,,,5
2018-04-26 13:03:48.000000,2.609023e+07,1.818692e+07,1.239948e+02,1.410262e+06,8.843899e+01,,,,5
2018-04-26 13:03:49.000000,2.609023e+07,1.818689e+07,1.239948e+02,1.410262e+06,8.843899e+01,,,,5
2018-04-26 13:03:50.000000,2.609025e+07,1.818686e+07,1.239946e+02,1.410262e+06,8.843899e+01,,,,5
2018-04-26 13:03:51.000000,2.609025e+07,1.818657e+07,1.239945e+02,1.410262e+06,8.843898e+01,,,,5
2018-04-26 13:03:52.000000,2.609025e+07,1.818781e+07,1.239951e+02,1.410262e+06,8.843898e+01,,,,5
2018-04-26 13:03:53.000000,2.609023e+07,1.818750e+07,1.239951e+02,1.410262e+06,8.843898e+01,,,,5
2018-04-26 13:03:54.000000,2.609023e+07,1.818869e+07,1.239958e+02,1.410262e+06,8.843898e+01,,,,5
2018-04-26 13:03:55.000000,2.609025e+07,1.818783e+07,1.239954e+02,1.410262e+06,8.843898e+01,,,,5
2018-04-26 13:03:56.000000,2.609025e+07,1.818893e+07,1.239959e+02,1.410262e+06,8.843898e+01,,,,5
2018-04-26 13:03:57.000000,2.609024e+07,1.818780e+07,1.239953e+02,1.410262e+06,8.843898e+01,,,,5
2018-04-26 13:03:58.000000,2.609023e+07,1.818807e+07,1.239954e+02,1.410262e+06,8.843898e+01,,,,5
2018-04-26 13:03:59.000000,2.609023e+07,1.818692e+07,1.239947e+02,1.410262e+06,8.843898e+01,,,,5
2018-04-26 13:04:00.000000,2.609023e+07,1.818846e+07,1.239956e+02,1.410262e+06,8.843897e+01,,,,5
2018-04-26 13:04:01.000000,2.609025e+07,1.818670e+07,1.239946e+02,1.410262e+06,8.843897e+01,,,,5
2018-04-26 13:04:02.000000,2.609024e+07,1.818809e+07,1.239953e+02,1.410262e+06,8.843897e+01,,,,5
2018-04-26 13:04:03.000000,2.609025e+07,1.818686e+07,1.239946e+02,1.410262e+06,8.843897e+01,,,,5
2018-04-26 13:04:04.000000,2.609023e+07,1.818744e+07,1.239952e+02,1.410262e+06,8.843897e+01,,,,5
2018-04-26 13:04:05.000000,2.609023e+07,1.818776e+07,1.239953e+02,1.410262e+06,8.843897e+01,,,,5
2018-04-26 13:04:06.000000,2.609023e+07,1.818741e+07,1.239951e+02,1.410262e+06,8.843897e+01,,,,5
2018-04-26 13:04:07.000000,2.609024e+07,1.818802e+07,1.239955e+02,1.410262e+06,8.843897e+01,,,,5
2018-04-26 13:04:08.000000,2.609025e+07,1.818774e+07,1.239953e+02,1.410262e+06,8.843897e+01,,,,5
2018-04-26 13:04:09.000000,2.609023e+07,1.818807e+07,1.239954e+02,1.410262e+06,8.843896e+01,,,,5
2018-04-26 13:04:10.000000,2.609023e+07,1.818689e+07,1.239948e+02,1.410262e+06,8.843896e+01,,,,5
2018-04-26 13:04:11.000000,2.609023e+07,1.818857e+07,1.239957e+02,1.410262e+06,8.843896e+01,,,,5
2018-04-26 13:04:12.000000,2.609025e+07,1.818668e+07,1.239945e+02,1.410262e+06,8.843896e+01,,,,5
2018-04-26 13:04:13.000000,2.609025e+07,1.818821e+07,1.239953e+02,1.410262e+06,8.843896e+01,,,,5
2018-04-26 13:04:14.000000,2.609025e+07,1.818689e+07,1.239946e+02,1.410262e+06,8.843896e+01,,,,5
2018-04-26 13:04:15.000000,2.609023e+07,1.818900e+07,1.239960e+02,1.410262e+06,8.843896e+01,,,,5
2018-04-26 13:04:16.000000,2.609023e+07,1.818786e+07,1.239953e+02,1.410262e+06,8.843896e+01,,,,5
2018-04-26 13:04:17.000000,2.609023e+07,1.818747e+07,1.239951e+02,1.410262e+06,8.843896e+01,,,,5
2018-04-26 13:04:18.000000,2.609025e+07,1.818806e+07,1.239955e+02,1.410262e+06,8.843895e+01,,,,5
2018-04-26 13:04:19.000000,2.609025e+07,1.818775e+07,1.239953e+02,1.410262e+06,8.843895e+01,,,,5
2018-04-26 13:04:20.000000,2.609025e+07,1.818902e+07,1.239960e+02,1.410262e+06,8.843895e+01,,,,5
2018-04-26 13:04:21.000000,2.609023e+07,1.818697e+07,1.239948e+02,1.410262e+06,8.843895e+01,,,,5
2018-04-26 13:04:22.000000,2.609023e+07,1.818805e+07,1.239954e+02,1.410262e+06,8.843895e+01,,,,5
2018-04-26 13:04:23.000000,2.609025e+07,1.818666e+07,1.239946e+02,1.410262e+06,8.843895e+01,,,,5
2018-04-26 13:04:24.000000,2.609025e+07,1.818764e+07,1.239951e+02,1.410262e+06,8.843895e+01,,,,5
2018-04-26 13:04:25.000000,2.609025e+07,1.818656e+07,1.239945e+02,1.410262e+06,8.843895e+01,,,,5
2018-04-26 13:04:26.000000,2.609023e+07,1.818846e+07,1.239956e+02,1.410262e+06,8.843895e+01,,,,5
2018-04-26 13:04:27.000000,2.609023e+07,1.818752e+07,1.239951e+02,1.410262e+06,8.843894e+01,,,,5
2018-04-26 13:04:28.000000,2.609023e+07,1.818749e+07,1.239952e+02,1.410262e+06,8.843894e+01,,,,5
2018-04-26 13:04:29.000000,2.609025e+07,1.818772e+07,1.239953e+02,1.410261e+06,8.843894e+01,,,,5
2018-04-26 13:04:30.000000,2.609025e+07,1.818780e+07,1.239954e+02,1.410261e+06,8.843894e+01,,,,5
2018-04-26 13:04:31.000000,2.609024e+07,1.818807e+07,1.239955e+02,1.410261e+06,8.843894e+01,,,,5
2018-04-26 13:04:32.000000,2.609023e+07,1.818699e+07,1.239949e+02,1.410261e+06,8.843894e+01,,,,5
2018-04-26 13:04:33.000000,2.609023e+07,1.818806e+07,1.239954e+02,1.410261e+06,8.843894e+01,,,,5
2018-04-26 13:04:34.000000,2.609025e+07,1.818672e+07,1.239946e+02,1.410261e+06,8.843894e+01,,,,5
2018-04-26 13:04:35.000000,2.609024e+07,1.818770e+07,1.239950e+02,1.410261e+06,8.843894e+01,,,,5
2018-04-26 13:04:36.000000,2.609025e+07,1.818652e+07,1.239944e+02,1.410261e+06,8.843893e+01,,,,5
2018-04-26 13:04:37.000000,2.609023e+07,1.818851e+07,1.239957e+02,1.410261e+06,8.843893e+01,,,,5
2018-04-26 13:04:38.000000,2.609023e+07,1.818753e+07,1.239952e+02,1.410261e+06,8.843893e+01,,,,5
2018-04-26 13:04:39.000000,2.609023e+07,1.818918e+07,1.239961e+02,1.410261e+06,8.843893e+01,,,,5
2018-04-26 13:04:40.000000,2.609024e+07,1.818789e+07,1.239954e+02,1.410261e+06,8.843893e+01,,,,5
2018-04-26 13:04:41.000000,2.609025e+07,1.818943e+07,1.239962e+02,1.410261e+06,8.843893e+01,,,,5
2018-04-26 13:04:42.000000,2.609025e+07,1.818814e+07,1.239955e+02,1.410261e+06,8.843893e+01,,,,5
2018-04-26 13:04:43.000000,2.609023e+07,1.818846e+07,1.239956e+02,1.410261e+06,8.843893e+01,,,,5
2018-04-26 13:04:44.000000,2.609023e+07,1.818724e+07,1.239949e+02,1.410261e+06,8.843893e+01,,,,5
2018-04-26 13:04:45.000000,2.609023e+07,1.818681e+07,1.239947e+02,1.410261e+06,8.843892e+01,,,,5
2018-04-26 13:04:46.000000,2.609025e+07,1.818685e+07,1.239946e+02,1.410261e+06,8.843892e+01,,,,5
2018-04-26 13:04:47.000000,2.609025e+07,1.818651e+07,1.239945e+02,1.410261e+06,8.843892e+01,,,,5
2018-04-26 13:04:48.000000,2.609023e+07,1.818763e+07,1.239952e+02,1.410261e+06,8.843892e+01,,,,5
2018-04-26 13:04:49.000000,2.609023e+07,1.818744e+07,1.239951e+02,1.410261e+06,8.843892e+01,,,,5
2018-04-26 13:04:50.000000,2.609023e+07,1.818862e+07,1.239957e+02,1.410261e+06,8.843892e+01,,,,5
2018-04-26 13:04:51.000000,2.609025e+07,1.818782e+07,1.239953e+02,1.410261e+06,8.843892e+01,,,,5
2018-04-26 13:04:52.000000,2.609025e+07,1.818944e+07,1.239962e+02,1.410261e+06,8.843892e+01,,,,5
2018-04-26 13:04:53.000000,2.609025e+07,1.818778e+07,1.239953e+02,1.410261e+06,8.843892e+01,,,,5
2018-04-26 13:04:54.000000,2.609023e+07,1.818855e+07,1.239957e+02,1.410261e+06,8.843891e+01,,,,5
2018-04-26 13:04:55.000000,2.609023e+07,1.818692e+07,1.239948e+02,1.410261e+06,8.843891e+01,,,,5
2018-04-26 13:04:56.000000,2.609023e+07,1.818689e+07,1.239947e+02,1.410261e+06,8.843891e+01,,,,5
2018-04-26 13:04:57.000000,2.609025e+07,1.818686e+07,1.239946e+02,1.410261e+06,8.843891e+01,,,,5
2018-04-26 13:04:58.000000,2.609025e+07,1.818657e+07,1.239945e+02,1.410261e+06,8.843891e+01,,,,5
2018-04-26 13:04:59.000000,2.609024e+07,1.818780e+07,1.239951e+02,1.410261e+06,8.843891e+01,,,,5
2018-04-26 13:05:00.000000,2.609023e+07,1.818750e+07,1.239951e+02,1.410261e+06,8.843891e+01,,,,5
2018-04-26 13:05:01.000000,2.609023e+07,1.818869e+07,1.239958e+02,1.410261e+06,8.843891e+01,,,,5
2018-04-26 13:05:02.000000,2.609025e+07,1.818784e+07,1.239954e+02,1.410261e+06,8.843891e+01,,,,5
2018-04-26 13:05:03.000000,2.609025e+07,1.818892e+07,1.239959e+02,1.410261e+06,8.843890e+01,,,,5
2018-04-26 13:05:04.000000,2.609024e+07,1.818779e+07,1.239953e+02,1.410261e+06,8.843890e+01,,,,5
2018-04-26 13:05:05.000000,2.609023e+07,1.818806e+07,1.239954e+02,1.410261e+06,8.843890e+01,,,,5
2018-04-26 13:05:06.000000,2.609023e+07,1.818693e+07,1.239948e+02,1.410261e+06,8.843890e+01,,,,5
2018-04-26 13:05:07.000000,2.609023e+07,1.818846e+07,1.239956e+02,1.410261e+06,8.843890e+01,,,,5
2018-04-26 13:05:08.000000,2.609025e+07,1.818670e+07,1.239946e+02,1.410261e+06,8.843890e+01,,,,5
2018-04-26 13:05:09.000000,2.609024e+07,1.818807e+07,1.239952e+02,1.410261e+06,8.843890e+01,,,,5
2018-04-26 13:05:10.000000,2.609025e+07,1.818686e+07,1.239946e+02,1.410261e+06,8.843890e+01,,,,5
2018-04-26 13:05:11.000000,2.609023e+07,1.818744e+07,1.239951e+02,1.410261e+06,8.843890e+01,,,,5
2018-04-26 13:05:12.000000,2.609023e+07,1.818776e+07,1.239953e+02,1.410261e+06,8.843889e+01,,,,5
2018-04-26 13:05:13.000000,2.609023e+07,1.818741e+07,1.239951e+02,1.410261e+06,8.843889e+01,,,,5
2018-04-26 13:05:14.000000,2.609024e+07,1.818802e+07,1.239955e+02,1.410261e+06,8.843889e+01,,,,5
2018-04-26 13:05:15.000000,2.609025e+07,1.818774e+07,1.239953e+02,1.410261e+06,8.843889e+01,,,,5
2018-04-26 13:05:16.000000,2.609023e+07,1.818807e+07,1.239954e+02,1.410261e+06,8.843889e+01,,,,5
2018-04-26 13:05:17.000000,2.609023e+07,1.818689e+07,1.239948e+02,1.410261e+06,8.843889e+01,,,,5
2018-04-26 13:05:18.000000,2.609023e+07,1.818857e+07,1.239957e+02,1.410261e+06,8.843889e+01,,,,5
2018-04-26 13:05:19.000000,2.609025e+07,1.818669e+07,1.239945e+02,1.410261e+06,8.843889e+01,,,,5
2018-04-26 13:05:20.000000,2.609025e+07,1.818821e+07,1.239953e+02,1.410261e+06,8.843889e+01,,,,5
2018-04-26 13:05:21.000000,2.609025e+07,1.818689e+07,1.239946e+02,1.410261e+06,8.843889e+01,,,,5
2018-04-26 13:05:22.000000,2.609023e+07,1.818900e+07,1.239960e+02,1.410261e+06,8.843888e+01,,,,5
2018-04-26 13:05:23.000000,2.609023e+07,1.818787e+07,1.239954e+02,1.410261e+06,8.843888e+01,,,,5
2018-04-26 13:05:24.000000,2.609023e+07,1.818747e+07,1.239951e+02,1.410261e+06,8.843888e+01,,,,5
2018-04-26 13:05:25.000000,2.609025e+07,1.818806e+07,1.239955e+02,1.410261e+06,8.843888e+01,,,,5
2018-04-26 13:05:26.000000,2.609025e+07,1.818775e+07,1.239953e+02,1.410261e+06,8.843888e+01,,,,5
2018-04-26 13:05:27.000000,2.609025e+07,1.818902e+07,1.239960e+02,1.410261e+06,8.843888e+01,,,,5
2018-04-26 13:05:28.000000,2.609022e+07,1.818697e+07,1.239948e+02,1.410261e+06,8.843888e+01,,,,5
2018-04-26 13:05:29.000000,2.609023e+07,1.818805e+07,1.239954e+02,1.410261e+06,8.843888e+01,,,,5
2018-04-26 13:05:30.000000,2.609025e+07,1.818666e+07,1.239945e+02,1.410261e+06,8.843888e+01,,,,5
2018-04-26 13:05:31.000000,2.609025e+07,1.818764e+07,1.239950e+02,1.410261e+06,8.843887e+01,,,,5
2018-04-26 13:05:32.000000,2.609025e+07,1.818656e+07,1.239944e+02,1.410261e+06,8.843887e+01,,,,5
2018-04-26 13:05:33.000000,2.609023e+07,1.818844e+07,1.239956e+02,1.410261e+06,8.843887e+01,,,,5
2018-04-26 13:05:34.000000,2.609023e+07,1.818751e+07,1.239951e+02,1.410261e+06,8.843887e+01,,,,5
2018-04-26 13:05:35.000000,2.609023e+07,1.818749e+07,1.239951e+02,1.410261e+06,8.843887e+01,,,,5
2018-04-26 13:05:36.000000,2.609025e+07,1.818772e+07,1.239953e+02,1.410261e+06,8.843887e+01,,,,5
2018-04-26 13:05:37.000000,2.609025e+07,1.818780e+07,1.239954e+02,1.410261e+06,8.843887e+01,,,,5
2018-04-26 13:05:38.000000,2.609024e+07,1.818807e+07,1.239955e+02,1.410261e+06,8.843887e+01,,,,5
2018-04-26 13:05:39.000000,2.609023e+07,1.818699e+07,1.239948e+02,1.410261e+06,8.843887e+01,,,,5
2018-04-26 13:05:40.000000,2.609023e+07,1.818805e+07,1.239954e+02,1.410261e+06,8.843886e+01,,,,5
2018-04-26 13:05:41.000000,2.609023e+07,1.818679e+07,1.239947e+02,1.410261e+06,8.843886e+01,,,,5
2018-04-26 13:05:42.000000,2.609024e+07,1.818773e+07,1.239951e+02,1.410261e+06,8.843886e+01,,,,5
2018-04-26 13:05:43.000000,2.609025e+07,1.818653e+07,1.239944e+02,1.410261e+06,8.843886e+01,,,,5
2018-04-26 13:05:44.000000,2.609023e+07,1.818851e+07,1.239957e+02,1.410261e+06,8.843886e+01,,,,5
2018-04-26 13:05:45.000000,2.609023e+07,1.818753e+07,1.239952e+02,1.410261e+06,8.843886e+01,,,,5
2018-04-26 13:05:46.000000,2.609023e+07,1.818916e+07,1.239961e+02,1.410261e+06,8.843886e+01,,,,5
2018-04-26 13:05:47.000000,2.609024e+07,1.818789e+07,1.239954e+02,1.410261e+06,8.843886e+01,,,,5
2018-04-26 13:05:48.000000,2.609025e+07,1.818943e+07,1.239962e+02,1.410261e+06,8.843886e+01,,,,5
2018-04-26 13:05:49.000000,2.609025e+07,1.818814e+07,1.239955e+02,1.410261e+06,8.843885e+01,,,,5
2018-04-26 13:05:50.000000,2.609023e+07,1.818845e+07,1.239956e+02,1.410261e+06,8.843885e+01,,,,5
2018-04-26 13:05:51.000000,2.609023e+07,1.818724e+07,1.239949e+02,1.410261e+06,8.843885e+01,,,,5
2018-04-26 13:05:52.000000,2.609022e+07,1.818681e+07,1.239947e+02,1.410261e+06,8.843885e+01,,,,5
2018-04-26 13:05:53.000000,2.609025e+07,1.818685e+07,1.239946e+02,1.410261e+06,8.843885e+01,,,,5
2018-04-26 13:05:54.000000,2.609025e+07,1.818651e+07,1.239944e+02,1.410261e+06,8.843885e+01,,,,5
2018-04-26 13:05:55.000000,2.609025e+07,1.818773e+07,1.239951e+02,1.410261e+06,8.843885e+01,,,,5
2018-04-26 13:05:56.000000,2.609023e+07,1.818743e+07,1.239951e+02,1.410261e+06,8.843885e+01,,,,5
2018-04-26 13:05:57.000000,2.609022e+07,1.818861e+07,1.239957e+02,1.410261e+06,8.843885e+01,,,,5
2018-04-26 13:05:58.000000,2.609025e+07,1.818783e+07,1.239953e+02,1.410261e+06,8.843885e+01,,,,5
2018-04-26 13:05:59.000000,2.609025e+07,1.818944e+07,1.239962e+02,1.410261e+06,8.843884e+01,,,,5
2018-04-26 13:06:00.000000,2.609025e+07,1.818780e+07,1.239953e+02,1.410261e+06,8.843884e+01,,,,5
2018-04-26 13:06:01.000000,2.609023e+07,1.818855e+07,1.239957e+02,1.410261e+06,8.843884e+01,,,,5
2018-04-26 13:06:02.000000,2.609023e+07,1.818692e+07,1.239948e+02,1.410261e+06,8.843884e+01,,,,5
2018-04-26 13:06:03.000000,2.609023e+07,1.818689e+07,1.239947e+02,1.410261e+06,8.843884e+01,,,,5
2018-04-26 13:06:04.000000,2.609025e+07,1.818686e+07,1.239946e+02,1.410261e+06,8.843884e+01,,,,5
2018-04-26 13:06:05.000000,2.609025e+07,1.818657e+07,1.239945e+02,1.410261e+06,8.843884e+01,,,,5
2018-04-26 13:06:06.000000,2.609024e+07,1.818780e+07,1.239951e+02,1.410261e+06,8.843884e+01,,,,5
2018-04-26 13:06:07.000000,2.609023e+07,1.818750e+07,1.239951e+02,1.410261e+06,8.843884e+01,,,,5
2018-04-26 13:06:08.000000,2.609023e+07,1.818869e+07,1.239958e+02,1.410261e+06,8.843883e+01,,,,5
2018-04-26 13:06:09.000000,2.609023e+07,1.818744e+07,1.239951e+02,1.410261e+06,8.843883e+01,,,,5
2018-04-26 13:06:10.000000,2.609025e+07,1.818890e+07,1.239959e+02,1.410261e+06,8.843883e+01,,,,5
2018-04-26 13:06:11.000000,2.609024e+07,1.818779e+07,1.239953e+02,1.410261e+06,8.843883e+01,,,,5
2018-04-26 13:06:12.000000,2.609023e+07,1.818806e+07,1.239954e+02,1.410261e+06,8.843883e+01,,,,5
2018-04-26 13:06:13.000000,2.609023e+07,1.818693e+07,1.239948e+02,1.410261e+06,8.843883e+01,,,,5
2018-04-26 13:06:14.000000,2.609023e+07,1.818844e+07,1.239956e+02,1.410261e+06,8.843883e+01,,,,5
2018-04-26 13:06:15.000000,2.609025e+07,1.818670e+07,1.239945e+02,1.410261e+06,8.843883e+01,,,,5
2018-04-26 13:06:16.000000,2.609024e+07,1.818807e+07,1.239952e+02,1.410261e+06,8.843883e+01,,,,5
2018-04-26 13:06:17.000000,2.609025e+07,1.818688e+07,1.239946e+02,1.410261e+06,8.843882e+01,,,,5
2018-04-26 13:06:18.000000,2.609023e+07,1.818744e+07,1.239951e+02,1.410261e+06,8.843882e+01,,,,5
2018-04-26 13:06:19.000000,2.609023e+07,1.818776e+07,1.239953e+02,1.410261e+06,8.843882e+01,,,,5
2018-04-26 13:06:20.000000,2.609023e+07,1.818741e+07,1.239951e+02,1.410261e+06,8.843882e+01,,,,5
2018-04-26 13:06:21.000000,2.609024e+07,1.818802e+07,1.239955e+02,1.410261e+06,8.843882e+01,,,,5
2018-04-26 13:06:22.000000,2.609025e+07,1.818774e+07,1.239953e+02,1.410261e+06,8.843882e+01,,,,5
2018-04-26 13:06:23.000000,2.609023e+07,1.818807e+07,1.239954e+02,1.410261e+06,8.843882e+01,,,,5
2018-04-26 13:06:24.000000,2.609023e+07,1.818690e+07,1.239948e+02,1.410261e+06,8.843882e+01,,,,5
2018-04-26 13:06:25.000000,2.609023e+07,1.818857e+07,1.239957e+02,1.410261e+06,8.843882e+01,,,,5
2018-04-26 13:06:26.000000,2.609025e+07,1.818669e+07,1.239945e+02,1.410261e+06,8.843881e+01,,,,5
2018-04-26 13:06:27.000000,2.609025e+07,1.818819e+07,1.239953e+02,1.410261e+06,8.843881e+01,,,,5
2018-04-26 13:06:28.000000,2.609025e+07,1.818689e+07,1.239946e+02,1.410261e+06,8.843881e+01,,,,5
2018-04-26 13:06:29.000000,2.609023e+07,1.818900e+07,1.239959e+02,1.410261e+06,8.843881e+01,,,,5
2018-04-26 13:06:30.000000,2.609022e+07,1.818787e+07,1.239953e+02,1.410261e+06,8.843881e+01,,,,5
2018-04-26 13:06:31.000000,2.609023e+07,1.818748e+07,1.239951e+02,1.410261e+06,8.843881e+01,,,,5
2018-04-26 13:06:32.000000,2.609025e+07,1.818806e+07,1.239955e+02,1.410261e+06,8.843881e+01,,,,5
2018-04-26 13:06:33.000000,2.609025e+07,1.818775e+07,1.239953e+02,1.410261e+06,8.843881e+01,,,,5
2018-04-26 13:06:34.000000,2.609025e+07,1.818901e+07,1.239960e+02,1.410261e+06,8.843881e+01,,,,5
2018-04-26 13:06:35.000000,2.609022e+07,1.818698e+07,1.239948e+02,1.410261e+06,8.843881e+01,,,,5
2018-04-26 13:06:36.000000,2.609023e+07,1.818804e+07,1.239954e+02,1.410261e+06,8.843880e+01,,,,5
2018-04-26 13:06:37.000000,2.609025e+07,1.818668e+07,1.239945e+02,1.410261e+06,8.843880e+01,,,,5
2018-04-26 13:06:38.000000,2.609025e+07,1.818764e+07,1.239950e+02,1.410261e+06,8.843880e+01,,,,5
2018-04-26 13:06:39.000000,2.609025e+07,1.818656e+07,1.239944e+02,1.410261e+06,8.843880e+01,,,,5
2018-04-26 13:06:40.000000,2.609022e+07,1.818844e+07,1.239956e+02,1.410261e+06,8.843880e+01,,,,5
2018-04-26 13:06:41.000000,2.609023e+07,1.818752e+07,1.239951e+02,1.410261e+06,8.843880e+01,,,,5
2018-04-26 13:06:42.000000,2.609023e+07,1.818749e+07,1.239951e+02,1.410261e+06,8.843880e+01,,,,5
2018-04-26 13:06:43.000000,2.609025e+07,1.818772e+07,1.239953e+02,1.410261e+06,8.843880e+01,,,,5
2018-04-26 13:06:44.000000,2.609025e+07,1.818780e+07,1.239954e+02,1.410261e+06,8.843880e+01,,,,5
2018-04-26 13:06:45.000000,2.609024e+07,1.818807e+07,1.239955e+02,1.410261e+06,8.843879e+01,,,,5
2018-04-26 13:06:46.000000,2.609023e+07,1.818699e+07,1.239948e+02,1.410261e+06,8.843879e+01,,,,5
2018-04-26 13:06:47.000000,2.609023e+07,1.818805e+07,1.239954e+02,1.410261e+06,8.843879e+01,,,,5
2018-04-26 13:06:48.000000,2.609023e+07,1.818680e+07,1.239947e+02,1.410261e+06,8.843879e+01,,,,5
2018-04-26 13:06:49.000000,2.609024e+07,1.818773e+07,1.239951e+02,1.410261e+06,8.843879e+01,,,,5
2018-04-26 13:06:50.000000,2.609024e+07,1.818653e+07,1.239944e+02,1.410261e+06,8.843879e+01,,,,5
2018-04-26 13:06:51.000000,2.609023e+07,1.818849e+07,1.239956e+02,1.410261e+06,8.843879e+01,,,,5
2018-04-26 13:06:52.000000,2.609023e+07,1.818754e+07,1.239952e+02,1.410261e+06,8.843879e+01,,,,5
2018-04-26 13:06:53.000000,2.609023e+07,1.818916e+07,1.239960e+02,1.410261e+06,8.843879e+01,,,,5
2018-04-26 13:06:54.000000,2.609024e+07,1.818790e+07,1.239954e+02,1.410261e+06,8.843879e+01,,,,5
2018-04-26 13:06:55.000000,2.609025e+07,1.818943e+07,1.239962e+02,1.410261e+06,8.843878e+01,,,,5
2018-04-26 13:06:56.000000,2.609025e+07,1.818814e+07,1.239955e+02,1.410261e+06,8.843878e+01,,,,5
2018-04-26 13:06:57.000000,2.609023e+07,1.818845e+07,1.239956e+02,1.410261e+06,8.843878e+01,,,,5
2018-04-26 13:06:58.000000,2.609023e+07,1.818725e+07,1.239949e+02,1.410261e+06,8.843878e+01,,,,5
2018-04-26 13:06:59.000000,2.609022e+07,1.818681e+07,1.239947e+02,1.410261e+06,8.843878e+01,,,,5
2018-04-26 13:07:00.000000,2.609025e+07,1.818685e+07,1.239946e+02,1.410261e+06,8.843878e+01,,,,5
2018-04-26 13:07:01.000000,2.609025e+07,1.818652e+07,1.239944e+02,1.410261e+06,8.843878e+01,,,,5
2018-04-26 13:07:02.000000,2.609025e+07,1.818773e+07,1.239951e+02,1.410261e+06,8.843878e+01,,,,5
2018-04-26 13:07:03.000000,2.609023e+07,1.818743e+07,1.239951e+02,1.410261e+06,8.843878e+01,,,,5
2018-04-26 13:07:04.000000,2.609022e+07,1.818861e+07,1.239957e+02,1.410261e+06,8.843877e+01,,,,5
2018-04-26 13:07:05.000000,2.609025e+07,1.818783e+07,1.239953e+02,1.410261e+06,8.843877e+01,,,,5
2018-04-26 13:07:06.000000,2.609025e+07,1.818943e+07,1.239962e+02,1.410261e+06,8.843877e+01,,,,5
2018-04-26 13:07:07.000000,2.609025e+07,1.818780e+07,1.239953e+02,1.410261e+06,8.843877e+01,,,,5
2018-04-26 13:07:08.000000,2.609023e+07,1.818854e+07,1.239957e+02,1.410261e+06,8.843877e+01,,,,5
2018-04-26 13:07:09.000000,2.609023e+07,1.818692e+07,1.239948e+02,1.410261e+06,8.843877e+01,,,,5
2018-04-26 13:07:10.000000,2.609023e+07,1.818689e+07,1.239947e+02,1.410261e+06,8.843877e+01,,,,5
2018-04-26 13:07:11.000000,2.609025e+07,1.818686e+07,1.239946e+02,1.410261e+06,8.843877e+01,,,,5
2018-04-26 13:07:12.000000,2.609025e+07,1.818657e+07,1.239945e+02,1.410261e+06,8.843877e+01,,,,5
2018-04-26 13:07:13.000000,2.609024e+07,1.818780e+07,1.239951e+02,1.410261e+06,8.843876e+01,,,,5
2018-04-26 13:07:14.000000,2.609023e+07,1.818749e+07,1.239951e+02,1.410261e+06,8.843876e+01,,,,5
2018-04-26 13:07:15.000000,2.609023e+07,1.818867e+07,1.239958e+02,1.410261e+06,8.843876e+01,,,,5
2018-04-26 13:07:16.000000,2.609023e+07,1.818744e+07,1.239951e+02,1.410261e+06,8.843876e+01,,,,5
2018-04-26 13:07:17.000000,2.609025e+07,1.818890e+07,1.239959e+02,1.410261e+06,8.843876e+01,,,,5
2018-04-26 13:07:18.000000,2.609024e+07,1.818780e+07,1.239953e+02,1.410261e+06,8.843876e+01,,,,5
2018-04-26 13:07:19.000000,2.609023e+07,1.818806e+07,1.239954e+02,1.410261e+06,8.843876e+01,,,,5
2018-04-26 13:07:20.000000,2.609023e+07,1.818693e+07,1.239948e+02,1.410261e+06,8.843876e+01,,,,5
2018-04-26 13:07:21.000000,2.609023e+07,1.818844e+07,1.239956e+02,1.410261e+06,8.843876e+01,,,,5
2018-04-26 13:07:22.000000,2.609025e+07,1.818672e+07,1.239945e+02,1.410261e+06,8.843876e+01,,,,5
2018-04-26 13:07:23.000000,2.609024e+07,1.818807e+07,1.239952e+02,1.410261e+06,8.843875e+01,,,,5
2018-04-26 13:07:24.000000,2.609025e+07,1.818688e+07,1.239946e+02,1.410261e+06,8.843875e+01,,,,5
2018-04-26 13:07:25.000000,2.609023e+07,1.818742e+07,1.239951e+02,1.410261e+06,8.843875e+01,,,,5
2018-04-26 13:07:26.000000,2.609023e+07,1.818775e+07,1.239953e+02,1.410261e+06,8.843875e+01,,,,5
2018-04-26 13:07:27.000000,2.609023e+07,1.818741e+07,1.239951e+02,1.410261e+06,8.843875e+01,,,,5
2018-04-26 13:07:28.000000,2.609024e+07,1.818802e+07,1.239955e+02,1.410261e+06,8.843875e+01,,,,5
2018-04-26 13:07:29.000000,2.609025e+07,1.818774e+07,1.239953e+02,1.410261e+06,8.843875e+01,,,,5
2018-04-26 13:07:30.000000,2.609025e+07,1.818957e+07,1.239963e+02,1.410261e+06,8.843875e+01,,,,5
2018-04-26 13:07:31.000000,2.609023e+07,1.818700e+07,1.239948e+02,1.410261e+06,8.843875e+01,,,,5
2018-04-26 13:07:32.000000,2.609023e+07,1.818855e+07,1.239956e+02,1.410261e+06,8.843874e+01,,,,5
2018-04-26 13:07:33.000000,2.609024e+07,1.818669e+07,1.239945e+02,1.410261e+06,8.843874e+01,,,,5
2018-04-26 13:07:34.000000,2.609025e+07,1.818819e+07,1.239953e+02,1.410261e+06,8.843874e+01,,,,5
2018-04-26 13:07:35.000000,2.609024e+07,1.818691e+07,1.239946e+02,1.410261e+06,8.843874e+01,,,,5
2018-04-26 13:07:36.000000,2.609023e+07,1.818900e+07,1.239959e+02,1.410261e+06,8.843874e+01,,,,5
2018-04-26 13:07:37.000000,2.609022e+07,1.818787e+07,1.239953e+02,1.410261e+06,8.843874e+01,,,,5
2018-04-26 13:07:38.000000,2.609023e+07,1.818747e+07,1.239951e+02,1.410261e+06,8.843874e+01,,,,5
2018-04-26 13:07:39.000000,2.609025e+07,1.818806e+07,1.239955e+02,1.410261e+06,8.843874e+01,,,,5
2018-04-26 13:07:40.000000,2.609025e+07,1.818775e+07,1.239953e+02,1.410261e+06,8.843874e+01,,,,5
2018-04-26 13:07:41.000000,2.609025e+07,1.818901e+07,1.239960e+02,1.410261e+06,8.843874e+01,,,,5
2018-04-26 13:07:42.000000,2.609022e+07,1.818699e+07,1.239948e+02,1.410261e+06,8.843873e+01,,,,5
2018-04-26 13:07:43.000000,2.609023e+07,1.818804e+07,1.239954e+02,1.410261e+06,8.843873e+01,,,,5
2018-04-26 13:07:44.000000,2.609023e+07,1.818679e+07,1.239947e+02,1.410261e+06,8.843873e+01,,,,5
2018-04-26 13:07:45.000000,2.609025e+07,1.818773e+07,1.239951e+02,1.410261e+06,8.843873e+01,,,,5
2018-04-26 13:07:46.000000,2.609025e+07,1.818652e+07,1.239944e+02,1.410261e+06,8.843873e+01,,,,5
2018-04-26 13:07:47.000000,2.609023e+07,1.818851e+07,1.239957e+02,1.410261e+06,8.843873e+01,,,,5
2018-04-26 13:07:48.000000,2.609023e+07,1.818753e+07,1.239952e+02,1.410261e+06,8.843873e+01,,,,5
2018-04-26 13:07:49.000000,2.609023e+07,1.818916e+07,1.239960e+02,1.410261e+06,8.843873e+01,,,,5
2018-04-26 13:07:50.000000,2.609024e+07,1.818789e+07,1.239954e+02,1.410261e+06,8.843873e+01,,,,5
2018-04-26 13:07:51.000000,2.609025e+07,1.818943e+07,1.239962e+02,1.410261e+06,8.843872e+01,,,,5
2018-04-26 13:07:52.000000,2.609025e+07,1.818814e+07,1.239955e+02,1.410261e+06,8.843872e+01,,,,5
2018-04-26 13:07:53.000000,2.609023e+07,1.818846e+07,1.239956e+02,1.410261e+06,8.843872e+01,,,,5
2018-04-26 13:07:54.000000,2.609023e+07,1.818724e+07,1.239949e+02,1.410261e+06,8.843872e+01,,,,5
2018-04-26 13:07:55.000000,2.609022e+07,1.818681e+07,1.239947e+02,1.410261e+06,8.843872e+01,,,,5
2018-04-26 13:07:56.000000,2.609025e+07,1.818685e+07,1.239946e+02,1.410261e+06,8.843872e+01,,,,5
2018-04-26 13:07:57.000000,2.609025e+07,1.818651e+07,1.239944e+02,1.410261e+06,8.843872e+01,,,,5
2018-04-26 13:07:58.000000,2.609023e+07,1.818763e+07,1.239952e+02,1.410261e+06,8.843872e+01,,,,5
2018-04-26 13:07:59.000000,2.609023e+07,1.818744e+07,1.239951e+02,1.410261e+06,8.843872e+01,,,,5
2018-04-26 13:08:00.000000,2.609023e+07,1.818862e+07,1.239957e+02,1.410261e+06,8.843872e+01,,,,5
2018-04-26 13:08:01.000000,2.609025e+07,1.818782e+07,1.239953e+02,1.410261e+06,8.843871e+01,,,,5
2018-04-26 13:08:02.000000,2.609025e+07,1.818944e+07,1.239962e+02,1.410261e+06,8.843871e+01,,,,5
2018-04-26 13:08:03.000000,2.609025e+07,1.818778e+07,1.239953e+02,1.410261e+06,8.843871e+01,,,,5
2018-04-26 13:08:04.000000,2.609023e+07,1.818855e+07,1.239956e+02,1.410261e+06,8.843871e+01,,,,5
2018-04-26 13:08:05.000000,2.609023e+07,1.818692e+07,1.239948e+02,1.410261e+06,8.843871e+01,,,,5
2018-04-26 13:08:06.000000,2.609023e+07,1.818689e+07,1.239947e+02,1.410261e+06,8.843871e+01,,,,5
2018-04-26 13:08:07.000000,2.609025e+07,1.818686e+07,1.239946e+02,1.410261e+06,8.843871e+01,,,,5
2018-04-26 13:08:08.000000,2.609025e+07,1.818657e+07,1.239945e+02,1.410261e+06,8.843871e+01,,,,5
2018-04-26 13:08:09.000000,2.609024e+07,1.818780e+07,1.239951e+02,1.410261e+06,8.843871e+01,,,,5
2018-04-26 13:08:10.000000,2.609023e+07,1.818750e+07,1.239951e+02,1.410261e+06,8.843870e+01,,,,5
2018-04-26 13:08:11.000000,2.609023e+07,1.818869e+07,1.239958e+02,1.410261e+06,8.843870e+01,,,,5
2018-04-26 13:08:12.000000,2.609025e+07,1.818784e+07,1.239954e+02,1.410261e+06,8.843870e+01,,,,5
2018-04-26 13:08:13.000000,2.609025e+07,1.818892e+07,1.239959e+02,1.410261e+06,8.843870e+01,,,,5
2018-04-26 13:08:14.000000,2.609024e+07,1.818779e+07,1.239953e+02,1.410261e+06,8.843870e+01,,,,5
2018-04-26 13:08:15.000000,2.609023e+07,1.818806e+07,1.239954e+02,1.410261e+06,8.843870e+01,,,,5
2018-04-26 13:08:16.000000,2.609023e+07,1.818693e+07,1.239948e+02,1.410261e+06,8.843870e+01,,,,5
2018-04-26 13:08:17.000000,2.609023e+07,1.818846e+07,1.239956e+02,1.410261e+06,8.843870e+01,,,,5
2018-04-26 13:08:18.000000,2.609025e+07,1.818670e+07,1.239945e+02,1.410261e+06,8.843870e+01,,,,5
2018-04-26 13:08:19.000000,2.609024e+07,1.818807e+07,1.239952e+02,1.410261e+06,8.843870e+01,,,,5
2018-04-26 13:08:20.000000,2.609025e+07,1.818686e+07,1.239946e+02,1.410261e+06,8.843869e+01,,,,5
2018-04-26 13:08:21.000000,2.609023e+07,1.818744e+07,1.239951e+02,1.410261e+06,8.843869e+01,,,,5
2018-04-26 13:08:22.000000,2.609023e+07,1.818776e+07,1.239952e+02,1.410261e+06,8.843869e+01,,,,5
2018-04-26 13:08:23.000000,2.609023e+07,1.818741e+07,1.239951e+02,1.410261e+06,8.843869e+01,,,,5
2018-04-26 13:08:24.000000,2.609024e+07,1.818802e+07,1.239955e+02,1.410261e+06,8.843869e+01,,,,5
2018-04-26 13:08:25.000000,2.609025e+07,1.818774e+07,1.239953e+02,1.410261e+06,8.843869e+01,,,,5
2018-04-26 13:08:26.000000,2.609023e+07,1.818807e+07,1.239954e+02,1.410261e+06,8.843869e+01,,,,5
2018-04-26 13:08:27.000000,2.609023e+07,1.818689e+07,1.239948e+02,1.410261e+06,8.843869e+01,,,,5
2018-04-26 13:08:28.000000,2.609023e+07,1.818857e+07,1.239956e+02,1.410261e+06,8.843869e+01,,,,5
2018-04-26 13:08:29.000000,2.609025e+07,1.818670e+07,1.239945e+02,1.410261e+06,8.843868e+01,,,,5
2018-04-26 13:08:30.000000,2.609025e+07,1.818821e+07,1.239953e+02,1.410261e+06,8.843868e+01,,,,5
2018-04-26 13:08:31.000000,2.609025e+07,1.818689e+07,1.239946e+02,1.410261e+06,8.843868e+01,,,,5
2018-04-26 13:08:32.000000,2.609023e+07,1.818900e+07,1.239959e+02,1.410261e+06,8.843868e+01,,,,5
2018-04-26 13:08:33.000000,2.609023e+07,1.818787e+07,1.239953e+02,1.410261e+06,8.843868e+01,,,,5
2018-04-26 13:08:34.000000,2.609023e+07,1.818747e+07,1.239951e+02,1.410261e+06,8.843868e+01,,,,5
2018-04-26 13:08:35.000000,2.609025e+07,1.818806e+07,1.239955e+02,1.410261e+06,8.843868e+01,,,,5
2018-04-26 13:08:36.000000,2.609025e+07,1.818775e+07,1.239953e+02,1.410261e+06,8.843868e+01,,,,5
2018-04-26 13:08:37.000000,2.609025e+07,1.818902e+07,1.239960e+02,1.410261e+06,8.843868e+01,,,,5
2018-04-26 13:08:38.000000,2.609022e+07,1.818697e+07,1.239948e+02,1.410261e+06,8.843868e+01,,,,5
2018-04-26 13:08:39.000000,2.609023e+07,1.818805e+07,1.239953e+02,1.410261e+06,8.843867e+01,,,,5
2018-04-26 13:08:40.000000,2.609025e+07,1.818668e+07,1.239945e+02,1.410261e+06,8.843867e+01,,,,5
2018-04-26 13:08:41.000000,2.609025e+07,1.818764e+07,1.239950e+02,1.410261e+06,8.843867e+01,,,,5
2018-04-26 13:08:42.000000,2.609025e+07,1.818656e+07,1.239944e+02,1.410261e+06,8.843867e+01,,,,5
2018-04-26 13:08:43.000000,2.609023e+07,1.818844e+07,1.239956e+02,1.410261e+06,8.843867e+01,,,,5
2018-04-26 13:08:44.000000,2.609023e+07,1.818751e+07,1.239951e+02,1.410261e+06,8.843867e+01,,,,5
2018-04-26 13:08:45.000000,2.609023e+07,1.818749e+07,1.239951e+02,1.410261e+06,8.843867e+01,,,,5
2018-04-26 13:08:46.000000,2.609025e+07,1.818772e+07,1.239953e+02,1.410261e+06,8.843867e+01,,,,5
2018-04-26 13:08:47.000000,2.609025e+07,1.818780e+07,1.239954e+02,1.410261e+06,8.843867e+01,,,,5
2018-04-26 13:08:48.000000,2.609024e+07,1.818807e+07,1.239955e+02,1.410261e+06,8.843867e+01,,,,5
2018-04-26 13:08:49.000000,2.609023e+07,1.818699e+07,1.239948e+02,1.410261e+06,8.843866e+01,,,,5
2018-04-26 13:08:50.000000,2.609023e+07,1.818805e+07,1.239954e+02,1.410261e+06,8.843866e+01,,,,5
2018-04-26 13:08:51.000000,2.609023e+07,1.818679e+07,1.239947e+02,1.410261e+06,8.843866e+01,,,,5
2018-04-26 13:08:52.000000,2.609024e+07,1.818773e+07,1.239951e+02,1.410261e+06,8.843866e+01,,,,5
2018-04-26 13:08:53.000000,2.609025e+07,1.818653e+07,1.239944e+02,1.410261e+06,8.843866e+01,,,,5
2018-04-26 13:08:54.000000,2.609023e+07,1.818851e+07,1.239957e+02,1.410261e+06,8.843866e+01,,,,5
2018-04-26 13:08:55.000000,2.609023e+07,1.818753e+07,1.239952e+02,1.410261e+06,8.843866e+01,,,,5
2018-04-26 13:08:56.000000,2.609023e+07,1.818916e+07,1.239960e+02,1.410261e+06,8.843866e+01,,,,5
2018-04-26 13:08:57.000000,2.609024e+07,1.818790e+07,1.239954e+02,1.410261e+06,8.843866e+01,,,,5
2018-04-26 13:08:58.000000,2.609025e+07,1.818943e+07,1.239962e+02,1.410261e+06,8.843865e+01,,,,5
2018-04-26 13:08:59.000000,2.609025e+07,1.818814e+07,1.239955e+02,1.410261e+06,8.843865e+01,,,,5
2018-04-26 13:09:00.000000,2.609023e+07,1.818845e+07,1.239956e+02,1.410261e+06,8.843865e+01,,,,5
2018-04-26 13:09:01.000000,2.609023e+07,1.818724e+07,1.239948e+02,1.410261e+06,8.843865e+01,,,,5
2018-04-26 13:09:02.000000,2.609022e+07,1.818681e+07,1.239947e+02,1.410261e+06,8.843865e+01,,,,5
2018-04-26 13:09:03.000000,2.609025e+07,1.818685e+07,1.239946e+02,1.410261e+06,8.843865e+01,,,,5
2018-04-26 13:09:04.000000,2.609025e+07,1.818651e+07,1.239944e+02,1.410261e+06,8.843865e+01,,,,5
2018-04-26 13:09:05.000000,2.609025e+07,1.818773e+07,1.239951e+02,1.410261e+06,8.843865e+01,,,,5
2018-04-26 13:09:06.000000,2.609023e+07,1.818743e+07,1.239951e+02,1.410261e+06,8.843865e+01,,,,5
2018-04-26 13:09:07.000000,2.609023e+07,1.818861e+07,1.239957e+02,1.410261e+06,8.843865e+01,,,,5
2018-04-26 13:09:08.000000,2.609025e+07,1.818783e+07,1.239953e+02,1.410261e+06,8.843864e+01,,,,5
2018-04-26 13:09:09.000000,2.609025e+07,1.818944e+07,1.239962e+02,1.410261e+06,8.843864e+01,,,,5
2018-04-26 13:09:10.000000,2.609025e+07,1.818780e+07,1.239953e+02,1.410261e+06,8.843864e+01,,,,5
2018-04-26 13:09:11.000000,2.609023e+07,1.818855e+07,1.239956e+02,1.410261e+06,8.843864e+01,,,,5
2018-04-26 13:09:12.000000,2.609023e+07,1.818692e+07,1.239948e+02,1.410261e+06,8.843864e+01,,,,5
2018-04-26 13:09:13.000000,2.609023e+07,1.818689e+07,1.239947e+02,1.410261e+06,8.843864e+01,,,,5
2018-04-26 13:09:14.000000,2.609025e+07,1.818686e+07,1.239946e+02,1.410261e+06,8.843864e+01,,,,5
2018-04-26 13:09:15.000000,2.609025e+07,1.818657e+07,1.239945e+02,1.410261e+06,8.843864e+01,,,,5
2018-04-26 13:09:16.000000,2.609024e+07,1.818780e+07,1.239951e+02,1.410261e+06,8.843864e+01,,,,5
2018-04-26 13:09:17.000000,2.609023e+07,1.818750e+07,1.239951e+02,1.410261e+06,8.843864e+01,,,,5
2018-04-26 13:09:18.000000,2.609023e+07,1.818869e+07,1.239958e+02,1.410261e+06,8.843863e+01,,,,5
2018-04-26 13:09:19.000000,2.609023e+07,1.818744e+07,1.239951e+02,1.410261e+06,8.843863e+01,,,,5
2018-04-26 13:09:20.000000,2.609025e+07,1.818890e+07,1.239959e+02,1.410261e+06,8.843863e+01,,,,5
2018-04-26 13:09:21.000000,2.609024e+07,1.818779e+07,1.239953e+02,1.410261e+06,8.843863e+01,,,,5
2018-04-26 13:09:22.000000,2.609023e+07,1.818806e+07,1.239953e+02,1.410261e+06,8.843863e+01,,,,5
2018-04-26 13:09:23.000000,2.609023e+07,1.818693e+07,1.239947e+02,1.410261e+06,8.843863e+01,,,,5
2018-04-26 13:09:24.000000,2.609023e+07,1.818844e+07,1.239956e+02,1.410261e+06,8.843863e+01,,,,5
2018-04-26 13:09:25.000000,2.609025e+07,1.818670e+07,1.239945e+02,1.410261e+06,8.843863e+01,,,,5
2018-04-26 13:09:26.000000,2.609024e+07,1.818807e+07,1.239952e+02,1.410261e+06,8.843863e+01,,,,5
2018-04-26 13:09:27.000000,2.609025e+07,1.818688e+07,1.239946e+02,1.410261e+06,8.843862e+01,,,,5
2018-04-26 13:09:28.000000,2.609023e+07,1.818744e+07,1.239951e+02,1.410261e+06,8.843862e+01,,,,5
2018-04-26 13:09:29.000000,2.609023e+07,1.818776e+07,1.239952e+02,1.410261e+06,8.843862e+01,,,,5
2018-04-26 13:09:30.000000,2.609023e+07,1.818741e+07,1.239951e+02,1.410261e+06,8.843862e+01,,,,5
2018-04-26 13:09:31.000000,2.609024e+07,1.818802e+07,1.239955e+02,1.410261e+06,8.843862e+01,,,,5
2018-04-26 13:09:32.000000,2.609025e+07,1.818774e+07,1.239953e+02,1.410261e+06,8.843862e+01,,,,5
2018-04-26 13:09:33.000000,2.609023e+07,1.818807e+07,1.239953e+02,1.410261e+06,8.843862e+01,,,,5
2018-04-26 13:09:34.000000,2.609023e+07,1.818690e+07,1.239947e+02,1.410261e+06,8.843862e+01,,,,5
2018-04-26 13:09:35.000000,2.609023e+07,1.818857e+07,1.239956e+02,1.410261e+06,8.843862e+01,,,,5
2018-04-26 13:09:36.000000,2.609025e+07,1.818669e+07,1.239945e+02,1.410261e+06,8.843862e+01,,,,5
2018-04-26 13:09:37.000000,2.609025e+07,1.818819e+07,1.239953e+02,1.410261e+06,8.843861e+01,,,,5
2018-04-26 13:09:38.000000,2.609025e+07,1.818689e+07,1.239946e+02,1.410261e+06,8.843861e+01,,,,5
2018-04-26 13:09:39.000000,2.609023e+07,1.818900e+07,1.239959e+02,1.410261e+06,8.843861e+01,,,,5
2018-04-26 13:09:40.000000,2.609022e+07,1.818787e+07,1.239953e+02,1.410261e+06,8.843861e+01,,,,5
2018-04-26 13:09:41.000000,2.609023e+07,1.818748e+07,1.239951e+02,1.410261e+06,8.843861e+01,,,,5
2018-04-26 13:09:42.000000,2.609025e+07,1.818806e+07,1.239955e+02,1.410261e+06,8.843861e+01,,,,5
2018-04-26 13:09:43.000000,2.609025e+07,1.818775e+07,1.239953e+02,1.410261e+06,8.843861e+01,,,,5
2018-04-26 13:09:44.000000,2.609025e+07,1.818901e+07,1.239960e+02,1.410261e+06,8.843861e+01,,,,5
2018-04-26 13:09:45.000000,2.609022e+07,1.818698e+07,1.239948e+02,1.410261e+06,8.843861e+01,,,,5
2018-04-26 13:09:46.000000,2.609023e+07,1.818804e+07,1.239953e+02,1.410261e+06,8.843861e+01,,,,5
2018-04-26 13:09:47.000000,2.609025e+07,1.818668e+07,1.239945e+02,1.410261e+06,8.843860e+01,,,,5
2018-04-26 13:09:48.000000,2.609025e+07,1.818763e+07,1.239950e+02,1.410261e+06,8.843860e+01,,,,5
2018-04-26 13:09:49.000000,2.609025e+07,1.818656e+07,1.239944e+02,1.410261e+06,8.843860e+01,,,,5
2018-04-26 13:09:50.000000,2.609022e+07,1.818844e+07,1.239956e+02,1.410261e+06,8.843860e+01,,,,5
2018-04-26 13:09:51.000000,2.609023e+07,1.818752e+07,1.239951e+02,1.410261e+06,8.843860e+01,,,,5
2018-04-26 13:09:52.000000,2.609023e+07,1.818749e+07,1.239951e+02,1.410261e+06,8.843860e+01,,,,5
2018-04-26 13:09:53.000000,2.609025e+07,1.818772e+07,1.239953e+02,1.410261e+06,8.843860e+01,,,,5
2018-04-26 13:09:54.000000,2.609025e+07,1.818780e+07,1.239954e+02,1.410261e+06,8.843860e+01,,,,5
2018-04-26 13:09:55.000000,2.609024e+07,1.818807e+07,1.239955e+02,1.410261e+06,8.843860e+01,,,,5
2018-04-26 13:09:56.000000,2.609023e+07,1.818699e+07,1.239948e+02,1.410261e+06,8.843860e+01,,,,5
2018-04-26 13:09:57.000000,2.609023e+07,1.818805e+07,1.239953e+02,1.410261e+06,8.843859e+01,,,,5
2018-04-26 13:09:58.000000,2.609023e+07,1.818680e+07,1.239947e+02,1.410261e+06,8.843859e+01,,,,5
2018-04-26 13:09:59.000000,2.609024e+07,1.818773e+07,1.239951e+02,1.410261e+06,8.843859e+01,,,,5
2018-04-26 13:10:00.000000,2.609025e+07,1.818653e+07,1.239944e+02,1.410261e+06,8.843859e+01,,,,5
2018-04-26 13:10:01.000000,2.609023e+07,1.818849e+07,1.239956e+02,1.410261e+06,8.843859e+01,,,,5
2018-04-26 13:10:02.000000,2.609023e+07,1.818754e+07,1.239952e+02,1.410261e+06,8.843859e+01,,,,5
2018-04-26 13:10:03.000000,2.609023e+07,1.818916e+07,1.239960e+02,1.410261e+06,8.843859e+01,,,,5
2018-04-26 13:10:04.000000,2.609024e+07,1.818790e+07,1.239954e+02,1.410261e+06,8.843859e+01,,,,5
2018-04-26 13:10:05.000000,2.609025e+07,1.818941e+07,1.239962e+02,1.410261e+06,8.843859e+01,,,,5
2018-04-26 13:10:06.000000,2.609025e+07,1.818814e+07,1.239955e+02,1.410261e+06,8.843859e+01,,,,5
2018-04-26 13:10:07.000000,2.609023e+07,1.818845e+07,1.239955e+02,1.410261e+06,8.843858e+01,,,,5
2018-04-26 13:10:08.000000,2.609023e+07,1.818725e+07,1.239948e+02,1.410261e+06,8.843858e+01,,,,5
2018-04-26 13:10:09.000000,2.609022e+07,1.818681e+07,1.239947e+02,1.410261e+06,8.843858e+01,,,,5
2018-04-26 13:10:10.000000,2.609025e+07,1.818685e+07,1.239946e+02,1.410261e+06,8.843858e+01,,,,5
2018-04-26 13:10:11.000000,2.609025e+07,1.818652e+07,1.239944e+02,1.410261e+06,8.843858e+01,,,,5
2018-04-26 13:10:12.000000,2.609025e+07,1.818773e+07,1.239951e+02,1.410261e+06,8.843858e+01,,,,5
2018-04-26 13:10:13.000000,2.609023e+07,1.818743e+07,1.239951e+02,1.410261e+06,8.843858e+01,,,,5
2018-04-26 13:10:14.000000,2.609022e+07,1.818861e+07,1.239957e+02,1.410261e+06,8.843858e+01,,,,5
2018-04-26 13:10:15.000000,2.609025e+07,1.818783e+07,1.239953e+02,1.410261e+06,8.843858e+01,,,,5
2018-04-26 13:10:16.000000,2.609025e+07,1.818943e+07,1.239962e+02,1.410261e+06,8.843857e+01,,,,5
2018-04-26 13:10:17.000000,2.609025e+07,1.818780e+07,1.239953e+02,1.410261e+06,8.843857e+01,,,,5
2018-04-26 13:10:18.000000,2.609023e+07,1.818854e+07,1.239956e+02,1.410261e+06,8.843857e+01,,,,5
2018-04-26 13:10:19.000000,2.609023e+07,1.818692e+07,1.239948e+02,1.410261e+06,8.843857e+01,,,,5
2018-04-26 13:10:20.000000,2.609023e+07,1.818689e+07,1.239947e+02,1.410261e+06,8.843857e+01,,,,5
2018-04-26 13:10:21.000000,2.609025e+07,1.818686e+07,1.239946e+02,1.410261e+06,8.843857e+01,,,,5
2018-04-26 13:10:22.000000,2.609025e+07,1.818657e+07,1.239945e+02,1.410261e+06,8.843857e+01,,,,5
2018-04-26 13:10:23.000000,2.609024e+07,1.818780e+07,1.239951e+02,1.410261e+06,8.843857e+01,,,,5
2018-04-26 13:10:24.000000,2.609023e+07,1.818749e+07,1.239951e+02,1.410261e+06,8.843857e+01,,,,5
2018-04-26 13:10:25.000000,2.609023e+07,1.818867e+07,1.239958e+02,1.410261e+06,8.843857e+01,,,,5
2018-04-26 13:10:26.000000,2.609023e+07,1.818744e+07,1.239951e+02,1.410261e+06,8.843856e+01,,,,5
2018-04-26 13:10:27.000000,2.609025e+07,1.818890e+07,1.239959e+02,1.410261e+06,8.843856e+01,,,,5
2018-04-26 13:10:28.000000,2.609024e+07,1.818780e+07,1.239953e+02,1.410261e+06,8.843856e+01,,,,5
2018-04-26 13:10:29.000000,2.609023e+07,1.818806e+07,1.239953e+02,1.410261e+06,8.843856e+01,,,,5
2018-04-26 13:10:30.000000,2.609023e+07,1.818693e+07,1.239947e+02,1.410261e+06,8.843856e+01,,,,5
2018-04-26 13:10:31.000000,2.609023e+07,1.818844e+07,1.239955e+02,1.410261e+06,8.843856e+01,,,,5
2018-04-26 13:10:32.000000,2.609025e+07,1.818672e+07,1.239945e+02,1.410261e+06,8.843856e+01,,,,5
2018-04-26 13:10:33.000000,2.609024e+07,1.818807e+07,1.239952e+02,1.410261e+06,8.843856e+01,,,,5
2018-04-26 13:10:34.000000,2.609025e+07,1.818688e+07,1.239946e+02,1.410261e+06,8.843856e+01,,,,5
2018-04-26 13:10:35.000000,2.609023e+07,1.818742e+07,1.239951e+02,1.410261e+06,8.843856e+01,,,,5
2018-04-26 13:10:36.000000,2.609023e+07,1.818775e+07,1.239952e+02,1.410261e+06,8.843855e+01,,,,5
2018-04-26 13:10:37.000000,2.609023e+07,1.818741e+07,1.239951e+02,1.410261e+06,8.843855e+01,,,,5
2018-04-26 13:10:38.000000,2.609024e+07,1.818802e+07,1.239955e+02,1.410261e+06,8.843855e+01,,,,5
2018-04-26 13:10:39.000000,2.609025e+07,1.818775e+07,1.239953e+02,1.410261e+06,8.843855e+01,,,,5
2018-04-26 13:10:40.000000,2.609025e+07,1.818957e+07,1.239963e+02,1.410261e+06,8.843855e+01,,,,5
2018-04-26 13:10:41.000000,2.609023e+07,1.818700e+07,1.239947e+02,1.410261e+06,8.843855e+01,,,,5
2018-04-26 13:10:42.000000,2.609023e+07,1.818855e+07,1.239956e+02,1.410261e+06,8.843855e+01,,,,5
2018-04-26 13:10:43.000000,2.609024e+07,1.818669e+07,1.239945e+02,1.410261e+06,8.843855e+01,,,,5
2018-04-26 13:10:44.000000,2.609025e+07,1.818819e+07,1.239953e+02,1.410261e+06,8.843855e+01,,,,5
2018-04-26 13:10:45.000000,2.609025e+07,1.818691e+07,1.239946e+02,1.410261e+06,8.843855e+01,,,,5
2018-04-26 13:10:46.000000,2.609023e+07,1.818900e+07,1.239959e+02,1.410261e+06,8.843854e+01,,,,5
2018-04-26 13:10:47.000000,2.609022e+07,1.818787e+07,1.239952e+02,1.410261e+06,8.843854e+01,,,,5
2018-04-26 13:10:48.000000,2.609023e+07,1.818747e+07,1.239951e+02,1.410261e+06,8.843854e+01,,,,5
2018-04-26 13:10:49.000000,2.609025e+07,1.818805e+07,1.239955e+02,1.410261e+06,8.843854e+01,,,,5
2018-04-26 13:10:50.000000,2.609025e+07,1.818775e+07,1.239953e+02,1.410261e+06,8.843854e+01,,,,5
2018-04-26 13:10:51.000000,2.609025e+07,1.818901e+07,1.239960e+02,1.410261e+06,8.843854e+01,,,,5
2018-04-26 13:10:52.000000,2.609022e+07,1.818699e+07,1.239948e+02,1.410261e+06,8.843854e+01,,,,5
2018-04-26 13:10:53.000000,2.609023e+07,1.818804e+07,1.239953e+02,1.410261e+06,8.843854e+01,,,,5
2018-04-26 13:10:54.000000,2.609023e+07,1.818684e+07,1.239947e+02,1.410261e+06,8.843854e+01,,,,5
2018-04-26 13:10:55.000000,2.609025e+07,1.818766e+07,1.239951e+02,1.410261e+06,8.843854e+01,,,,5
2018-04-26 13:10:56.000000,2.609025e+07,1.818657e+07,1.239944e+02,1.410261e+06,8.843853e+01,,,,5
2018-04-26 13:10:57.000000,2.609022e+07,1.818844e+07,1.239956e+02,1.410261e+06,8.843853e+01,,,,5
2018-04-26 13:10:58.000000,2.609023e+07,1.818752e+07,1.239951e+02,1.410261e+06,8.843853e+01,,,,5
2018-04-26 13:10:59.000000,2.609023e+07,1.818748e+07,1.239951e+02,1.410261e+06,8.843853e+01,,,,5
2018-04-26 13:11:00.000000,2.609025e+07,1.818772e+07,1.239953e+02,1.410261e+06,8.843853e+01,,,,5
2018-04-26 13:11:01.000000,2.609025e+07,1.818780e+07,1.239954e+02,1.410261e+06,8.843853e+01,,,,5
2018-04-26 13:11:02.000000,2.609024e+07,1.818806e+07,1.239955e+02,1.410261e+06,8.843853e+01,,,,5
2018-04-26 13:11:03.000000,2.609023e+07,1.818699e+07,1.239948e+02,1.410261e+06,8.843853e+01,,,,5
2018-04-26 13:11:04.000000,2.609023e+07,1.818805e+07,1.239953e+02,1.410261e+06,8.843853e+01,,,,5
2018-04-26 13:11:05.000000,2.609023e+07,1.818680e+07,1.239946e+02,1.410261e+06,8.843853e+01,,,,5
2018-04-26 13:11:06.000000,2.609024e+07,1.818773e+07,1.239951e+02,1.410261e+06,8.843852e+01,,,,5
2018-04-26 13:11:07.000000,2.609024e+07,1.818653e+07,1.239944e+02,1.410261e+06,8.843852e+01,,,,5
2018-04-26 13:11:08.000000,2.609025e+07,1.818833e+07,1.239954e+02,1.410261e+06,8.843852e+01,,,,5
2018-04-26 13:11:09.000000,2.609023e+07,1.818751e+07,1.239951e+02,1.410261e+06,8.843852e+01,,,,5
2018-04-26 13:11:10.000000,2.609023e+07,1.818916e+07,1.239960e+02,1.410261e+06,8.843852e+01,,,,5
2018-04-26 13:11:11.000000,2.609024e+07,1.818790e+07,1.239954e+02,1.410261e+06,8.843852e+01,,,,5
2018-04-26 13:11:12.000000,2.609025e+07,1.818941e+07,1.239962e+02,1.410261e+06,8.843852e+01,,,,5
2018-04-26 13:11:13.000000,2.609025e+07,1.818815e+07,1.239955e+02,1.410261e+06,8.843852e+01,,,,5
2018-04-26 13:11:14.000000,2.609023e+07,1.818845e+07,1.239955e+02,1.410261e+06,8.843852e+01,,,,5
2018-04-26 13:11:15.000000,2.609023e+07,1.818725e+07,1.239948e+02,1.410261e+06,8.843852e+01,,,,5
2018-04-26 13:11:16.000000,2.609022e+07,1.818682e+07,1.239947e+02,1.410261e+06,8.843851e+01,,,,5
2018-04-26 13:11:17.000000,2.609025e+07,1.818685e+07,1.239946e+02,1.410261e+06,8.843851e+01,,,,5
2018-04-26 13:11:18.000000,2.609025e+07,1.818652e+07,1.239944e+02,1.410261e+06,8.843851e+01,,,,5
2018-04-26 13:11:19.000000,2.609025e+07,1.818772e+07,1.239951e+02,1.410261e+06,8.843851e+01,,,,5
2018-04-26 13:11:20.000000,2.609023e+07,1.818743e+07,1.239951e+02,1.410261e+06,8.843851e+01,,,,5
2018-04-26 13:11:21.000000,2.609022e+07,1.818861e+07,1.239957e+02,1.410261e+06,8.843851e+01,,,,5
2018-04-26 13:11:22.000000,2.609025e+07,1.818783e+07,1.239953e+02,1.410261e+06,8.843851e+01,,,,5
2018-04-26 13:11:23.000000,2.609025e+07,1.818942e+07,1.239962e+02,1.410261e+06,8.843851e+01,,,,5
2018-04-26 13:11:24.000000,2.609025e+07,1.818780e+07,1.239953e+02,1.410261e+06,8.843851e+01,,,,5
2018-04-26 13:11:25.000000,2.609023e+07,1.818854e+07,1.239956e+02,1.410261e+06,8.843850e+01,,,,5
2018-04-26 13:11:26.000000,2.609023e+07,1.818694e+07,1.239947e+02,1.410261e+06,8.843850e+01,,,,5
2018-04-26 13:11:27.000000,2.609023e+07,1.818689e+07,1.239947e+02,1.410261e+06,8.843850e+01,,,,5
2018-04-26 13:11:28.000000,2.609024e+07,1.818686e+07,1.239946e+02,1.410261e+06,8.843850e+01,,,,5
2018-04-26 13:11:29.000000,2.609025e+07,1.818657e+07,1.239945e+02,1.410261e+06,8.843850e+01,,,,5
2018-04-26 13:11:30.000000,2.609024e+07,1.818778e+07,1.239951e+02,1.410261e+06,8.843850e+01,,,,5
2018-04-26 13:11:31.000000,2.609023e+07,1.818749e+07,1.239951e+02,1.410261e+06,8.843850e+01,,,,5
2018-04-26 13:11:32.000000,2.609023e+07,1.818867e+07,1.239958e+02,1.410261e+06,8.843850e+01,,,,5
2018-04-26 13:11:33.000000,2.609023e+07,1.818745e+07,1.239951e+02,1.410261e+06,8.843850e+01,,,,5
2018-04-26 13:11:34.000000,2.609025e+07,1.818890e+07,1.239959e+02,1.410261e+06,8.843850e+01,,,,5
2018-04-26 13:11:35.000000,2.609024e+07,1.818780e+07,1.239953e+02,1.410261e+06,8.843850e+01,,,,5
2018-04-26 13:11:36.000000,2.609023e+07,1.818805e+07,1.239953e+02,1.410261e+06,8.843849e+01,,,,5
2018-04-26 13:11:37.000000,2.609023e+07,1.818693e+07,1.239947e+02,1.410261e+06,8.843849e+01,,,,5
2018-04-26 13:11:38.000000,2.609023e+07,1.818844e+07,1.239955e+02,1.410261e+06,8.843849e+01,,,,5
2018-04-26 13:11:39.000000,2.609025e+07,1.818672e+07,1.239945e+02,1.410261e+06,8.843849e+01,,,,5
2018-04-26 13:11:40.000000,2.609024e+07,1.818805e+07,1.239952e+02,1.410261e+06,8.843849e+01,,,,5
2018-04-26 13:11:41.000000,2.609025e+07,1.818688e+07,1.239946e+02,1.410261e+06,8.843849e+01,,,,5
2018-04-26 13:11:42.000000,2.609023e+07,1.818742e+07,1.239951e+02,1.410261e+06,8.843849e+01,,,,5
2018-04-26 13:11:43.000000,2.609023e+07,1.818775e+07,1.239952e+02,1.410261e+06,8.843849e+01,,,,5
2018-04-26 13:11:44.000000,2.609023e+07,1.818741e+07,1.239951e+02,1.410261e+06,8.843849e+01,,,,5
2018-04-26 13:11:45.000000,2.609024e+07,1.818802e+07,1.239955e+02,1.410261e+06,8.843848e+01,,,,5
2018-04-26 13:11:46.000000,2.609025e+07,1.818775e+07,1.239953e+02,1.410261e+06,8.843848e+01,,,,5
2018-04-26 13:11:47.000000,2.609025e+07,1.818954e+07,1.239963e+02,1.410261e+06,8.843848e+01,,,,5
2018-04-26 13:11:48.000000,2.609023e+07,1.818700e+07,1.239947e+02,1.410261e+06,8.843848e+01,,,,5
2018-04-26 13:11:49.000000,2.609023e+07,1.818855e+07,1.239956e+02,1.410261e+06,8.843848e+01,,,,5
2018-04-26 13:11:50.000000,2.609024e+07,1.818671e+07,1.239945e+02,1.410261e+06,8.843848e+01,,,,5
2018-04-26 13:11:51.000000,2.609025e+07,1.818818e+07,1.239953e+02,1.410261e+06,8.843848e+01,,,,5
2018-04-26 13:11:52.000000,2.609024e+07,1.818691e+07,1.239946e+02,1.410261e+06,8.843848e+01,,,,5
2018-04-26 13:11:53.000000,2.609023e+07,1.818898e+07,1.239959e+02,1.410261e+06,8.843848e+01,,,,5
2018-04-26 13:11:54.000000,2.609022e+07,1.818787e+07,1.239953e+02,1.410261e+06,8.843848e+01,,,,5
2018-04-26 13:11:55.000000,2.609023e+07,1.818747e+07,1.239951e+02,1.410261e+06,8.843848e+01,,,,5
2018-04-26 13:11:56.000000,2.609025e+07,1.818805e+07,1.239955e+02,1.410261e+06,8.843847e+01,,,,5
2018-04-26 13:11:57.000000,2.609025e+07,1.818775e+07,1.239953e+02,1.410261e+06,8.843847e+01,,,,5
2018-04-26 13:11:58.000000,2.609025e+07,1.818901e+07,1.239960e+02,1.410261e+06,8.843847e+01,,,,5
2018-04-26 13:11:59.000000,2.609022e+07,1.818699e+07,1.239948e+02,1.410261e+06,8.843847e+01,,,,5
2018-04-26 13:12:00.000000,2.609023e+07,1.818802e+07,1.239953e+02,1.410261e+06,8.843847e+01,,,,5
2018-04-26 13:12:01.000000,2.609023e+07,1.818684e+07,1.239947e+02,1.410261e+06,8.843847e+01,,,,5
2018-04-26 13:12:02.000000,2.609025e+07,1.818766e+07,1.239951e+02,1.410261e+06,8.843847e+01,,,,5
2018-04-26 13:12:03.000000,2.609025e+07,1.818657e+07,1.239944e+02,1.410261e+06,8.843847e+01,,,,5
2018-04-26 13:12:04.000000,2.609022e+07,1.818844e+07,1.239956e+02,1.410261e+06,8.843847e+01,,,,5
2018-04-26 13:12:05.000000,2.609023e+07,1.818752e+07,1.239951e+02,1.410261e+06,8.843847e+01,,,,5
2018-04-26 13:12:06.000000,2.609023e+07,1.818916e+07,1.239960e+02,1.410261e+06,8.843846e+01,,,,5
2018-04-26 13:12:07.000000,2.609025e+07,1.818790e+07,1.239954e+02,1.410261e+06,8.843846e+01,,,,5
2018-04-26 13:12:08.000000,2.609025e+07,1.818943e+07,1.239962e+02,1.410261e+06,8.843846e+01,,,,5
2018-04-26 13:12:09.000000,2.609025e+07,1.818814e+07,1.239955e+02,1.410261e+06,8.843846e+01,,,,5
2018-04-26 13:12:10.000000,2.609023e+07,1.818845e+07,1.239955e+02,1.410261e+06,8.843846e+01,,,,5
2018-04-26 13:12:11.000000,2.609023e+07,1.818724e+07,1.239948e+02,1.410261e+06,8.843846e+01,,,,5
2018-04-26 13:12:12.000000,2.609022e+07,1.818681e+07,1.239947e+02,1.410261e+06,8.843846e+01,,,,5
2018-04-26 13:12:13.000000,2.609025e+07,1.818685e+07,1.239946e+02,1.410261e+06,8.843846e+01,,,,5
2018-04-26 13:12:14.000000,2.609025e+07,1.818652e+07,1.239944e+02,1.410261e+06,8.843846e+01,,,,5
2018-04-26 13:12:15.000000,2.609025e+07,1.818773e+07,1.239951e+02,1.410261e+06,8.843846e+01,,,,5
2018-04-26 13:12:16.000000,2.609023e+07,1.818743e+07,1.239951e+02,1.410261e+06,8.843845e+01,,,,5
2018-04-26 13:12:17.000000,2.609022e+07,1.818861e+07,1.239957e+02,1.410261e+06,8.843845e+01,,,,5
2018-04-26 13:12:18.000000,2.609025e+07,1.818783e+07,1.239953e+02,1.410261e+06,8.843845e+01,,,,5
2018-04-26 13:12:19.000000,2.609025e+07,1.818944e+07,1.239962e+02,1.410261e+06,8.843845e+01,,,,5
2018-04-26 13:12:20.000000,2.609025e+07,1.818780e+07,1.239953e+02,1.410261e+06,8.843845e+01,,,,5
2018-04-26 13:12:21.000000,2.609023e+07,1.818855e+07,1.239956e+02,1.410261e+06,8.843845e+01,,,,5
2018-04-26 13:12:22.000000,2.609023e+07,1.818692e+07,1.239947e+02,1.410261e+06,8.843845e+01,,,,5
2018-04-26 13:12:23.000000,2.609023e+07,1.818689e+07,1.239947e+02,1.410261e+06,8.843845e+01,,,,5
2018-04-26 13:12:24.000000,2.609025e+07,1.818686e+07,1.239946e+02,1.410261e+06,8.843845e+01,,,,5
2018-04-26 13:12:25.000000,2.609025e+07,1.818657e+07,1.239945e+02,1.410261e+06,8.843845e+01,,,,5
2018-04-26 13:12:26.000000,2.609024e+07,1.818780e+07,1.239951e+02,1.410261e+06,8.843844e+01,,,,5
2018-04-26 13:12:27.000000,2.609023e+07,1.818750e+07,1.239951e+02,1.410261e+06,8.843844e+01,,,,5
2018-04-26 13:12:28.000000,2.609023e+07,1.818869e+07,1.239958e+02,1.410261e+06,8.843844e+01,,,,5
2018-04-26 13:12:29.000000,2.609023e+07,1.818744e+07,1.239951e+02,1.410261e+06,8.843844e+01,,,,5
2018-04-26 13:12:30.000000,2.609025e+07,1.818890e+07,1.239959e+02,1.410261e+06,8.843844e+01,,,,5
2018-04-26 13:12:31.000000,2.609024e+07,1.818780e+07,1.239953e+02,1.410261e+06,8.843844e+01,,,,5
2018-04-26 13:12:32.000000,2.609023e+07,1.818806e+07,1.239953e+02,1.410261e+06,8.843844e+01,,,,5
2018-04-26 13:12:33.000000,2.609023e+07,1.818693e+07,1.239947e+02,1.410261e+06,8.843844e+01,,,,5
2018-04-26 13:12:34.000000,2.609023e+07,1.818844e+07,1.239955e+02,1.410261e+06,8.843844e+01,,,,5
2018-04-26 13:12:35.000000,2.609025e+07,1.818670e+07,1.239945e+02,1.410261e+06,8.843844e+01,,,,5
2018-04-26 13:12:36.000000,2.609024e+07,1.818807e+07,1.239952e+02,1.410261e+06,8.843843e+01,,,,5
2018-04-26 13:12:37.000000,2.609025e+07,1.818688e+07,1.239946e+02,1.410261e+06,8.843843e+01,,,,5
2018-04-26 13:12:38.000000,2.609023e+07,1.818744e+07,1.239951e+02,1.410261e+06,8.843843e+01,,,,5
2018-04-26 13:12:39.000000,2.609023e+07,1.818776e+07,1.239952e+02,1.410261e+06,8.843843e+01,,,,5
2018-04-26 13:12:40.000000,2.609023e+07,1.818741e+07,1.239951e+02,1.410261e+06,8.843843e+01,,,,5
2018-04-26 13:12:41.000000,2.609024e+07,1.818802e+07,1.239955e+02,1.410261e+06,8.843843e+01,,,,5
2018-04-26 13:12:42.000000,2.609025e+07,1.818774e+07,1.239953e+02,1.410261e+06,8.843843e+01,,,,5
2018-04-26 13:12:43.000000,2.609025e+07,1.818957e+07,1.239963e+02,1.410261e+06,8.843843e+01,,,,5
2018-04-26 13:12:44.000000,2.609023e+07,1.818700e+07,1.239947e+02,1.410261e+06,8.843843e+01,,,,5
2018-04-26 13:12:45.000000,2.609023e+07,1.818857e+07,1.239956e+02,1.410261e+06,8.843843e+01,,,,5
2018-04-26 13:12:46.000000,2.609025e+07,1.818669e+07,1.239945e+02,1.410261e+06,8.843842e+01,,,,5
2018-04-26 13:12:47.000000,2.609025e+07,1.818819e+07,1.239953e+02,1.410261e+06,8.843842e+01,,,,5
2018-04-26 13:12:48.000000,2.609025e+07,1.818691e+07,1.239946e+02,1.410261e+06,8.843842e+01,,,,5
2018-04-26 13:12:49.000000,2.609023e+07,1.818900e+07,1.239959e+02,1.410261e+06,8.843842e+01,,,,5
2018-04-26 13:12:50.000000,2.609023e+07,1.818787e+07,1.239952e+02,1.410261e+06,8.843842e+01,,,,5
2018-04-26 13:12:51.000000,2.609023e+07,1.818748e+07,1.239951e+02,1.410261e+06,8.843842e+01,,,,5
2018-04-26 13:12:52.000000,2.609025e+07,1.818806e+07,1.239955e+02,1.410261e+06,8.843842e+01,,,,5
2018-04-26 13:12:53.000000,2.609025e+07,1.818775e+07,1.239953e+02,1.410261e+06,8.843842e+01,,,,5
2018-04-26 13:12:54.000000,2.609025e+07,1.818901e+07,1.239960e+02,1.410261e+06,8.843842e+01,,,,5
2018-04-26 13:12:55.000000,2.609022e+07,1.818698e+07,1.239948e+02,1.410261e+06,8.843842e+01,,,,5
2018-04-26 13:12:56.000000,2.609023e+07,1.818804e+07,1.239953e+02,1.410261e+06,8.843841e+01,,,,5
2018-04-26 13:12:57.000000,2.609025e+07,1.818668e+07,1.239945e+02,1.410261e+06,8.843841e+01,,,,5
2018-04-26 13:12:58.000000,2.609025e+07,1.818763e+07,1.239950e+02,1.410261e+06,8.843841e+01,,,,5
2018-04-26 13:12:59.000000,2.609025e+07,1.818656e+07,1.239944e+02,1.410261e+06,8.843841e+01,,,,5
2018-04-26 13:13:00.000000,2.609022e+07,1.818844e+07,1.239956e+02,1.410261e+06,8.843841e+01,,,,5
2018-04-26 13:13:01.000000,2.609023e+07,1.818752e+07,1.239951e+02,1.410261e+06,8.843841e+01,,,,5
2018-04-26 13:13:02.000000,2.609023e+07,1.818749e+07,1.239951e+02,1.410261e+06,8.843841e+01,,,,5
2018-04-26 13:13:03.000000,2.609025e+07,1.818772e+07,1.239953e+02,1.410261e+06,8.843841e+01,,,,5
2018-04-26 13:13:04.000000,2.609025e+07,1.818780e+07,1.239954e+02,1.410261e+06,8.843841e+01,,,,5
2018-04-26 13:13:05.000000,2.609024e+07,1.818806e+07,1.239955e+02,1.410261e+06,8.843841e+01,,,,5
2018-04-26 13:13:06.000000,2.609023e+07,1.818699e+07,1.239948e+02,1.410261e+06,8.843840e+01,,,,5
2018-04-26 13:13:07.000000,2.609023e+07,1.818805e+07,1.239953e+02,1.410261e+06,8.843840e+01,,,,5
2018-04-26 13:13:08.000000,2.609023e+07,1.818680e+07,1.239946e+02,1.410261e+06,8.843840e+01,,,,5
2018-04-26 13:13:09.000000,2.609024e+07,1.818773e+07,1.239951e+02,1.410261e+06,8.843840e+01,,,,5
2018-04-26 13:13:10.000000,2.609025e+07,1.818653e+07,1.239944e+02,1.410261e+06,8.843840e+01,,,,5
2018-04-26 13:13:11.000000,2.609023e+07,1.818849e+07,1.239956e+02,1.410261e+06,8.843840e+01,,,,5
2018-04-26 13:13:12.000000,2.609023e+07,1.818754e+07,1.239952e+02,1.410261e+06,8.843840e+01,,,,5
2018-04-26 13:13:13.000000,2.609023e+07,1.818916e+07,1.239960e+02,1.410261e+06,8.843840e+01,,,,5
2018-04-26 13:13:14.000000,2.609024e+07,1.818790e+07,1.239954e+02,1.410261e+06,8.843840e+01,,,,5
2018-04-26 13:13:15.000000,2.609025e+07,1.818941e+07,1.239962e+02,1.410261e+06,8.843840e+01,,,,5
2018-04-26 13:13:16.000000,2.609025e+07,1.818814e+07,1.239955e+02,1.410261e+06,8.843840e+01,,,,5
2018-04-26 13:13:17.000000,2.609023e+07,1.818845e+07,1.239955e+02,1.410261e+06,8.843839e+01,,,,5
2018-04-26 13:13:18.000000,2.609023e+07,1.818725e+07,1.239948e+02,1.410261e+06,8.843839e+01,,,,5
2018-04-26 13:13:19.000000,2.609022e+07,1.818681e+07,1.239947e+02,1.410261e+06,8.843839e+01,,,,5
2018-04-26 13:13:20.000000,2.609025e+07,1.818685e+07,1.239946e+02,1.410261e+06,8.843839e+01,,,,5
2018-04-26 13:13:21.000000,2.609025e+07,1.818652e+07,1.239944e+02,1.410261e+06,8.843839e+01,,,,5
2018-04-26 13:13:22.000000,2.609025e+07,1.818772e+07,1.239950e+02,1.410261e+06,8.843839e+01,,,,5
2018-04-26 13:13:23.000000,2.609023e+07,1.818743e+07,1.239951e+02,1.410261e+06,8.843839e+01,,,,5
2018-04-26 13:13:24.000000,2.609022e+07,1.818861e+07,1.239957e+02,1.410261e+06,8.843839e+01,,,,5
2018-04-26 13:13:25.000000,2.609025e+07,1.818783e+07,1.239953e+02,1.410261e+06,8.843839e+01,,,,5
2018-04-26 13:13:26.000000,2.609025e+07,1.818943e+07,1.239962e+02,1.410261e+06,8.843839e+01,,,,5
2018-04-26 13:13:27.000000,2.609025e+07,1.818780e+07,1.239953e+02,1.410261e+06,8.843838e+01,,,,5
2018-04-26 13:13:28.000000,2.609023e+07,1.818854e+07,1.239956e+02,1.410261e+06,8.843838e+01,,,,5
2018-04-26 13:13:29.000000,2.609023e+07,1.818692e+07,1.239947e+02,1.410261e+06,8.843838e+01,,,,5
2018-04-26 13:13:30.000000,2.609023e+07,1.818689e+07,1.239947e+02,1.410261e+06,8.843838e+01,,,,5
2018-04-26 13:13:31.000000,2.609025e+07,1.818686e+07,1.239946e+02,1.410261e+06,8.843838e+01,,,,5
2018-04-26 13:13:32.000000,2.609025e+07,1.818657e+07,1.239944e+02,1.410261e+06,8.843838e+01,,,,5
2018-04-26 13:13:33.000000,2.609024e+07,1.818780e+07,1.239951e+02,1.410261e+06,8.843838e+01,,,,5
2018-04-26 13:13:34.000000,2.609023e+07,1.818750e+07,1.239951e+02,1.410261e+06,8.843838e+01,,,,5
2018-04-26 13:13:35.000000,2.609023e+07,1.818867e+07,1.239957e+02,1.410261e+06,8.843838e+01,,,,5
2018-04-26 13:13:36.000000,2.609023e+07,1.818744e+07,1.239951e+02,1.410261e+06,8.843838e+01,,,,5
2018-04-26 13:13:37.000000,2.609025e+07,1.818890e+07,1.239959e+02,1.410261e+06,8.843837e+01,,,,5
2018-04-26 13:13:38.000000,2.609024e+07,1.818780e+07,1.239953e+02,1.410261e+06,8.843837e+01,,,,5
2018-04-26 13:13:39.000000,2.609023e+07,1.818805e+07,1.239953e+02,1.410261e+06,8.843837e+01,,,,5
2018-04-26 13:13:40.000000,2.609023e+07,1.818693e+07,1.239947e+02,1.410261e+06,8.843837e+01,,,,5
2018-04-26 13:13:41.000000,2.609023e+07,1.818844e+07,1.239955e+02,1.410261e+06,8.843837e+01,,,,5
2018-04-26 13:13:42.000000,2.609025e+07,1.818672e+07,1.239945e+02,1.410261e+06,8.843837e+01,,,,5
2018-04-26 13:13:43.000000,2.609024e+07,1.818807e+07,1.239952e+02,1.410261e+06,8.843837e+01,,,,5
2018-04-26 13:13:44.000000,2.609025e+07,1.818688e+07,1.239946e+02,1.410261e+06,8.843837e+01,,,,5
2018-04-26 13:13:45.000000,2.609023e+07,1.818743e+07,1.239951e+02,1.410261e+06,8.843837e+01,,,,5
2018-04-26 13:13:46.000000,2.609023e+07,1.818776e+07,1.239952e+02,1.410261e+06,8.843837e+01,,,,5
2018-04-26 13:13:47.000000,2.609023e+07,1.818741e+07,1.239951e+02,1.410261e+06,8.843836e+01,,,,5
2018-04-26 13:13:48.000000,2.609024e+07,1.818802e+07,1.239955e+02,1.410261e+06,8.843836e+01,,,,5
2018-04-26 13:13:49.000000,2.609025e+07,1.818775e+07,1.239953e+02,1.410261e+06,8.843836e+01,,,,5
2018-04-26 13:13:50.000000,2.609025e+07,1.818957e+07,1.239963e+02,1.410261e+06,8.843836e+01,,,,5
2018-04-26 13:13:51.000000,2.609023e+07,1.818700e+07,1.239947e+02,1.410261e+06,8.843836e+01,,,,5
2018-04-26 13:13:52.000000,2.609023e+07,1.818855e+07,1.239956e+02,1.410261e+06,8.843836e+01,,,,5
2018-04-26 13:13:53.000000,2.609025e+07,1.818669e+07,1.239945e+02,1.410261e+06,8.843836e+01,,,,5
2018-04-26 13:13:54.000000,2.609025e+07,1.818819e+07,1.239953e+02,1.410261e+06,8.843836e+01,,,,5
2018-04-26 13:13:55.000000,2.609025e+07,1.818691e+07,1.239946e+02,1.410261e+06,8.843836e+01,,,,5
2018-04-26 13:13:56.000000,2.609023e+07,1.818898e+07,1.239959e+02,1.410261e+06,8.843836e+01,,,,5
2018-04-26 13:13:57.000000,2.609022e+07,1.818787e+07,1.239953e+02,1.410261e+06,8.843836e+01,,,,5
2018-04-26 13:13:58.000000,2.609023e+07,1.818747e+07,1.239951e+02,1.410261e+06,8.843835e+01,,,,5
2018-04-26 13:13:59.000000,2.609025e+07,1.818805e+07,1.239955e+02,1.410261e+06,8.843835e+01,,,,5
2018-04-26 13:14:00.000000,2.609025e+07,1.818775e+07,1.239953e+02,1.410261e+06,8.843835e+01,,,,5
2018-04-26 13:14:01.000000,2.609025e+07,1.818901e+07,1.239960e+02,1.410261e+06,8.843835e+01,,,,5
2018-04-26 13:14:02.000000,2.609022e+07,1.818699e+07,1.239947e+02,1.410261e+06,8.843835e+01,,,,5
2018-04-26 13:14:03.000000,2.609023e+07,1.818804e+07,1.239953e+02,1.410261e+06,8.843835e+01,,,,5
2018-04-26 13:14:04.000000,2.609023e+07,1.818684e+07,1.239947e+02,1.410261e+06,8.843835e+01,,,,5
2018-04-26 13:14:05.000000,2.609025e+07,1.818766e+07,1.239950e+02,1.410261e+06,8.843835e+01,,,,5
2018-04-26 13:14:06.000000,2.609025e+07,1.818657e+07,1.239944e+02,1.410261e+06,8.843835e+01,,,,5
2018-04-26 13:14:07.000000,2.609022e+07,1.818844e+07,1.239956e+02,1.410261e+06,8.843835e+01,,,,5
2018-04-26 13:14:08.000000,2.609023e+07,1.818752e+07,1.239951e+02,1.410261e+06,8.843834e+01,,,,5
2018-04-26 13:14:09.000000,2.609023e+07,1.818748e+07,1.239951e+02,1.410261e+06,8.843834e+01,,,,5
2018-04-26 13:14:10.000000,2.609025e+07,1.818772e+07,1.239953e+02,1.410261e+06,8.843834e+01,,,,5
2018-04-26 13:14:11.000000,2.609025e+07,1.818780e+07,1.239953e+02,1.410261e+06,8.843834e+01,,,,5
2018-04-26 13:14:12.000000,2.609024e+07,1.818806e+07,1.239955e+02,1.410261e+06,8.843834e+01,,,,5
2018-04-26 13:14:13.000000,2.609023e+07,1.818700e+07,1.239948e+02,1.410261e+06,8.843834e+01,,,,5
2018-04-26 13:14:14.000000,2.609023e+07,1.818805e+07,1.239953e+02,1.410261e+06,8.843834e+01,,,,5
2018-04-26 13:14:15.000000,2.609023e+07,1.818680e+07,1.239946e+02,1.410261e+06,8.843834e+01,,,,5
2018-04-26 13:14:16.000000,2.609024e+07,1.818773e+07,1.239951e+02,1.410261e+06,8.843834e+01,,,,5
2018-04-26 13:14:17.000000,2.609024e+07,1.818653e+07,1.239944e+02,1.410261e+06,8.843834e+01,,,,5
2018-04-26 13:14:18.000000,2.609025e+07,1.818833e+07,1.239954e+02,1.410261e+06,8.843833e+01,,,,5
2018-04-26 13:14:19.000000,2.609023e+07,1.818751e+07,1.239951e+02,1.410261e+06,8.843833e+01,,,,5
2018-04-26 13:14:20.000000,2.609023e+07,1.818916e+07,1.239960e+02,1.410261e+06,8.843833e+01,,,,5
2018-04-26 13:14:21.000000,2.609024e+07,1.818790e+07,1.239954e+02,1.410261e+06,8.843833e+01,,,,5
2018-04-26 13:14:22.000000,2.609025e+07,1.818941e+07,1.239962e+02,1.410261e+06,8.843833e+01,,,,5
2018-04-26 13:14:23.000000,2.609025e+07,1.818815e+07,1.239955e+02,1.410261e+06,8.843833e+01,,,,5
2018-04-26 13:14:24.000000,2.609023e+07,1.818845e+07,1.239955e+02,1.410261e+06,8.843833e+01,,,,5
2018-04-26 13:14:25.000000,2.609023e+07,1.818725e+07,1.239948e+02,1.410261e+06,8.843833e+01,,,,5
2018-04-26 13:14:26.000000,2.609022e+07,1.818682e+07,1.239946e+02,1.410261e+06,8.843833e+01,,,,5
2018-04-26 13:14:27.000000,2.609025e+07,1.818685e+07,1.239946e+02,1.410261e+06,8.843833e+01,,,,5
2018-04-26 13:14:28.000000,2.609025e+07,1.818652e+07,1.239944e+02,1.410261e+06,8.843833e+01,,,,5
2018-04-26 13:14:29.000000,2.609025e+07,1.818772e+07,1.239950e+02,1.410261e+06,8.843832e+01,,,,5
2018-04-26 13:14:30.000000,2.609023e+07,1.818744e+07,1.239950e+02,1.410261e+06,8.843832e+01,,,,5
2018-04-26 13:14:31.000000,2.609022e+07,1.818861e+07,1.239957e+02,1.410261e+06,8.843832e+01,,,,5
2018-04-26 13:14:32.000000,2.609025e+07,1.818783e+07,1.239953e+02,1.410261e+06,8.843832e+01,,,,5
2018-04-26 13:14:33.000000,2.609025e+07,1.818942e+07,1.239962e+02,1.410261e+06,8.843832e+01,,,,5
2018-04-26 13:14:34.000000,2.609025e+07,1.818780e+07,1.239953e+02,1.410261e+06,8.843832e+01,,,,5
2018-04-26 13:14:35.000000,2.609023e+07,1.818854e+07,1.239956e+02,1.410261e+06,8.843832e+01,,,,5
2018-04-26 13:14:36.000000,2.609023e+07,1.818694e+07,1.239947e+02,1.410261e+06,8.843832e+01,,,,5
2018-04-26 13:14:37.000000,2.609023e+07,1.818689e+07,1.239947e+02,1.410261e+06,8.843832e+01,,,,5
2018-04-26 13:14:38.000000,2.609024e+07,1.818686e+07,1.239946e+02,1.410261e+06,8.843832e+01,,,,5
2018-04-26 13:14:39.000000,2.609025e+07,1.818657e+07,1.239944e+02,1.410261e+06,8.843831e+01,,,,5
2018-04-26 13:14:40.000000,2.609024e+07,1.818778e+07,1.239951e+02,1.410261e+06,8.843831e+01,,,,5
2018-04-26 13:14:41.000000,2.609023e+07,1.818749e+07,1.239951e+02,1.410261e+06,8.843831e+01,,,,5
2018-04-26 13:14:42.000000,2.609023e+07,1.818867e+07,1.239957e+02,1.410261e+06,8.843831e+01,,,,5
2018-04-26 13:14:43.000000,2.609023e+07,1.818745e+07,1.239950e+02,1.410261e+06,8.843831e+01,,,,5
2018-04-26 13:14:44.000000,2.609025e+07,1.818890e+07,1.239959e+02,1.410261e+06,8.843831e+01,,,,5
2018-04-26 13:14:45.000000,2.609024e+07,1.818780e+07,1.239953e+02,1.410261e+06,8.843831e+01,,,,5
2018-04-26 13:14:46.000000,2.609023e+07,1.818805e+07,1.239953e+02,1.410261e+06,8.843831e+01,,,,5
2018-04-26 13:14:47.000000,2.609023e+07,1.818694e+07,1.239947e+02,1.410261e+06,8.843831e+01,,,,5
2018-04-26 13:14:48.000000,2.609023e+07,1.818844e+07,1.239955e+02,1.410261e+06,8.843831e+01,,,,5
2018-04-26 13:14:49.000000,2.609025e+07,1.818672e+07,1.239945e+02,1.410261e+06,8.843830e+01,,,,5
2018-04-26 13:14:50.000000,2.609024e+07,1.818805e+07,1.239952e+02,1.410261e+06,8.843830e+01,,,,5
2018-04-26 13:14:51.000000,2.609025e+07,1.818688e+07,1.239946e+02,1.410261e+06,8.843830e+01,,,,5
2018-04-26 13:14:52.000000,2.609023e+07,1.818742e+07,1.239951e+02,1.410261e+06,8.843830e+01,,,,5
2018-04-26 13:14:53.000000,2.609023e+07,1.818775e+07,1.239952e+02,1.410261e+06,8.843830e+01,,,,5
2018-04-26 13:14:54.000000,2.609023e+07,1.818741e+07,1.239950e+02,1.410261e+06,8.843830e+01,,,,5
2018-04-26 13:14:55.000000,2.609024e+07,1.818802e+07,1.239955e+02,1.410261e+06,8.843830e+01,,,,5
2018-04-26 13:14:56.000000,2.609025e+07,1.818775e+07,1.239953e+02,1.410261e+06,8.843830e+01,,,,5
2018-04-26 13:14:57.000000,2.609025e+07,1.818954e+07,1.239963e+02,1.410261e+06,8.843830e+01,,,,5
2018-04-26 13:14:58.000000,2.609023e+07,1.818700e+07,1.239947e+02,1.410261e+06,8.843830e+01,,,,5
2018-04-26 13:14:59.000000,2.609023e+07,1.818855e+07,1.239956e+02,1.410261e+06,8.843830e+01,,,,5
2018-04-26 13:15:00.000000,2.609024e+07,1.818671e+07,1.239945e+02,1.410261e+06,8.843829e+01,,,,5
2018-04-26 13:15:01.000000,2.609025e+07,1.818818e+07,1.239953e+02,1.410261e+06,8.843829e+01,,,,5
2018-04-26 13:15:02.000000,2.609024e+07,1.818691e+07,1.239946e+02,1.410261e+06,8.843829e+01,,,,5
2018-04-26 13:15:03.000000,2.609023e+07,1.818898e+07,1.239959e+02,1.410261e+06,8.843829e+01,,,,5
2018-04-26 13:15:04.000000,2.609022e+07,1.818789e+07,1.239953e+02,1.410261e+06,8.843829e+01,,,,5
2018-04-26 13:15:05.000000,2.609023e+07,1.818747e+07,1.239951e+02,1.410261e+06,8.843829e+01,,,,5
2018-04-26 13:15:06.000000,2.609025e+07,1.818805e+07,1.239955e+02,1.410261e+06,8.843829e+01,,,,5
2018-04-26 13:15:07.000000,2.609025e+07,1.818775e+07,1.239953e+02,1.410261e+06,8.843829e+01,,,,5
2018-04-26 13:15:08.000000,2.609025e+07,1.818901e+07,1.239960e+02,1.410261e+06,8.843829e+01,,,,5
2018-04-26 13:15:09.000000,2.609022e+07,1.818699e+07,1.239947e+02,1.410261e+06,8.843829e+01,,,,5
2018-04-26 13:15:10.000000,2.609023e+07,1.818802e+07,1.239953e+02,1.410261e+06,8.843828e+01,,,,5
2018-04-26 13:15:11.000000,2.609023e+07,1.818684e+07,1.239946e+02,1.410261e+06,8.843828e+01,,,,5
2018-04-26 13:15:12.000000,2.609025e+07,1.818766e+07,1.239950e+02,1.410261e+06,8.843828e+01,,,,5
2018-04-26 13:15:13.000000,2.609025e+07,1.818657e+07,1.239944e+02,1.410261e+06,8.843828e+01,,,,5
2018-04-26 13:15:14.000000,2.609022e+07,1.818842e+07,1.239956e+02,1.410261e+06,8.843828e+01,,,,5
2018-04-26 13:15:15.000000,2.609023e+07,1.818752e+07,1.239951e+02,1.410261e+06,8.843828e+01,,,,5
2018-04-26 13:15:16.000000,2.609023e+07,1.818748e+07,1.239951e+02,1.410261e+06,8.843828e+01,,,,5
2018-04-26 13:15:17.000000,2.609025e+07,1.818771e+07,1.239953e+02,1.410261e+06,8.843828e+01,,,,5
2018-04-26 13:15:18.000000,2.609024e+07,1.818780e+07,1.239953e+02,1.410261e+06,8.843828e+01,,,,5
2018-04-26 13:15:19.000000,2.609024e+07,1.818806e+07,1.239955e+02,1.410261e+06,8.843828e+01,,,,5
2018-04-26 13:15:20.000000,2.609023e+07,1.818700e+07,1.239948e+02,1.410261e+06,8.843828e+01,,,,5
2018-04-26 13:15:21.000000,2.609023e+07,1.818803e+07,1.239953e+02,1.410261e+06,8.843827e+01,,,,5
2018-04-26 13:15:22.000000,2.609023e+07,1.818680e+07,1.239946e+02,1.410261e+06,8.843827e+01,,,,5
2018-04-26 13:15:23.000000,2.609024e+07,1.818773e+07,1.239951e+02,1.410261e+06,8.843827e+01,,,,5
2018-04-26 13:15:24.000000,2.609024e+07,1.818654e+07,1.239944e+02,1.410261e+06,8.843827e+01,,,,5
2018-04-26 13:15:25.000000,2.609025e+07,1.818832e+07,1.239954e+02,1.410261e+06,8.843827e+01,,,,5
2018-04-26 13:15:26.000000,2.609023e+07,1.818750e+07,1.239950e+02,1.410261e+06,8.843827e+01,,,,5
2018-04-26 13:15:27.000000,2.609023e+07,1.818915e+07,1.239960e+02,1.410261e+06,8.843827e+01,,,,5
2018-04-26 13:15:28.000000,2.609024e+07,1.818790e+07,1.239954e+02,1.410261e+06,8.843827e+01,,,,5
2018-04-26 13:15:29.000000,2.609025e+07,1.818941e+07,1.239962e+02,1.410261e+06,8.843827e+01,,,,5
2018-04-26 13:15:30.000000,2.609025e+07,1.818815e+07,1.239955e+02,1.410261e+06,8.843827e+01,,,,5
2018-04-26 13:15:31.000000,2.609023e+07,1.818845e+07,1.239955e+02,1.410261e+06,8.843826e+01,,,,5
2018-04-26 13:15:32.000000,2.609023e+07,1.818725e+07,1.239948e+02,1.410261e+06,8.843826e+01,,,,5
2018-04-26 13:15:33.000000,2.609022e+07,1.818682e+07,1.239946e+02,1.410261e+06,8.843826e+01,,,,5
2018-04-26 13:15:34.000000,2.609025e+07,1.818685e+07,1.239946e+02,1.410261e+06,8.843826e+01,,,,5
2018-04-26 13:15:35.000000,2.609025e+07,1.818652e+07,1.239944e+02,1.410261e+06,8.843826e+01,,,,5
2018-04-26 13:15:36.000000,2.609025e+07,1.818772e+07,1.239950e+02,1.410261e+06,8.843826e+01,,,,5
2018-04-26 13:15:37.000000,2.609023e+07,1.818744e+07,1.239950e+02,1.410261e+06,8.843826e+01,,,,5
2018-04-26 13:15:38.000000,2.609022e+07,1.818859e+07,1.239957e+02,1.410261e+06,8.843826e+01,,,,5
2018-04-26 13:15:39.000000,2.609023e+07,1.818743e+07,1.239950e+02,1.410261e+06,8.843826e+01,,,,5
2018-04-26 13:15:40.000000,2.609025e+07,1.818940e+07,1.239962e+02,1.410261e+06,8.843826e+01,,,,5
2018-04-26 13:15:41.000000,2.609025e+07,1.818782e+07,1.239953e+02,1.410261e+06,8.843826e+01,,,,5
2018-04-26 13:15:42.000000,2.609023e+07,1.818854e+07,1.239956e+02,1.410261e+06,8.843825e+01,,,,5
2018-04-26 13:15:43.000000,2.609022e+07,1.818694e+07,1.239947e+02,1.410261e+06,8.843825e+01,,,,5
2018-04-26 13:15:44.000000,2.609023e+07,1.818688e+07,1.239947e+02,1.410261e+06,8.843825e+01,,,,5
2018-04-26 13:15:45.000000,2.609024e+07,1.818686e+07,1.239946e+02,1.410261e+06,8.843825e+01,,,,5
2018-04-26 13:15:46.000000,2.609025e+07,1.818657e+07,1.239944e+02,1.410261e+06,8.843825e+01,,,,5
2018-04-26 13:15:47.000000,2.609024e+07,1.818778e+07,1.239951e+02,1.410261e+06,8.843825e+01,,,,5
2018-04-26 13:15:48.000000,2.609023e+07,1.818749e+07,1.239951e+02,1.410261e+06,8.843825e+01,,,,5
2018-04-26 13:15:49.000000,2.609023e+07,1.818867e+07,1.239957e+02,1.410261e+06,8.843825e+01,,,,5
2018-04-26 13:15:50.000000,2.609023e+07,1.818744e+07,1.239950e+02,1.410261e+06,8.843825e+01,,,,5
2018-04-26 13:15:51.000000,2.609025e+07,1.818889e+07,1.239959e+02,1.410261e+06,8.843825e+01,,,,5
2018-04-26 13:15:52.000000,2.609024e+07,1.818780e+07,1.239953e+02,1.410261e+06,8.843825e+01,,,,5
2018-04-26 13:15:53.000000,2.609025e+07,1.818954e+07,1.239962e+02,1.410261e+06,8.843824e+01,,,,5
2018-04-26 13:15:54.000000,2.609023e+07,1.818704e+07,1.239947e+02,1.410261e+06,8.843824e+01,,,,5
2018-04-26 13:15:55.000000,2.609023e+07,1.818842e+07,1.239955e+02,1.410261e+06,8.843824e+01,,,,5
2018-04-26 13:15:56.000000,2.609025e+07,1.818672e+07,1.239945e+02,1.410261e+06,8.843824e+01,,,,5
2018-04-26 13:15:57.000000,2.609024e+07,1.818805e+07,1.239952e+02,1.410261e+06,8.843824e+01,,,,5
2018-04-26 13:15:58.000000,2.609025e+07,1.818689e+07,1.239946e+02,1.410261e+06,8.843824e+01,,,,5
2018-04-26 13:15:59.000000,2.609023e+07,1.818742e+07,1.239951e+02,1.410261e+06,8.843824e+01,,,,5
2018-04-26 13:16:00.000000,2.609023e+07,1.818775e+07,1.239952e+02,1.410261e+06,8.843824e+01,,,,5
2018-04-26 13:16:01.000000,2.609023e+07,1.818742e+07,1.239950e+02,1.410261e+06,8.843824e+01,,,,5
2018-04-26 13:16:02.000000,2.609024e+07,1.818801e+07,1.239954e+02,1.410261e+06,8.843824e+01,,,,5
2018-04-26 13:16:03.000000,2.609025e+07,1.818775e+07,1.239953e+02,1.410261e+06,8.843823e+01,,,,5
2018-04-26 13:16:04.000000,2.609024e+07,1.818954e+07,1.239963e+02,1.410261e+06,8.843823e+01,,,,5
2018-04-26 13:16:05.000000,2.609023e+07,1.818702e+07,1.239947e+02,1.410261e+06,8.843823e+01,,,,5
2018-04-26 13:16:06.000000,2.609023e+07,1.818855e+07,1.239956e+02,1.410261e+06,8.843823e+01,,,,5
2018-04-26 13:16:07.000000,2.609022e+07,1.818681e+07,1.239946e+02,1.410261e+06,8.843823e+01,,,,5
2018-04-26 13:16:08.000000,2.609025e+07,1.818821e+07,1.239953e+02,1.410261e+06,8.843823e+01,,,,5
2018-04-26 13:16:09.000000,2.609024e+07,1.818691e+07,1.239946e+02,1.410261e+06,8.843823e+01,,,,5
2018-04-26 13:16:10.000000,2.609023e+07,1.818898e+07,1.239959e+02,1.410261e+06,8.843823e+01,,,,5
2018-04-26 13:16:11.000000,2.609022e+07,1.818789e+07,1.239953e+02,1.410261e+06,8.843823e+01,,,,5
2018-04-26 13:16:12.000000,2.609023e+07,1.818747e+07,1.239951e+02,1.410261e+06,8.843823e+01,,,,5
2018-04-26 13:16:13.000000,2.609025e+07,1.818805e+07,1.239955e+02,1.410261e+06,8.843823e+01,,,,5
2018-04-26 13:16:14.000000,2.609024e+07,1.818775e+07,1.239953e+02,1.410261e+06,8.843822e+01,,,,5
2018-04-26 13:16:15.000000,2.609025e+07,1.818899e+07,1.239960e+02,1.410261e+06,8.843822e+01,,,,5
2018-04-26 13:16:16.000000,2.609022e+07,1.818700e+07,1.239947e+02,1.410261e+06,8.843822e+01,,,,5
2018-04-26 13:16:17.000000,2.609023e+07,1.818802e+07,1.239953e+02,1.410261e+06,8.843822e+01,,,,5
2018-04-26 13:16:18.000000,2.609023e+07,1.818685e+07,1.239946e+02,1.410261e+06,8.843822e+01,,,,5
2018-04-26 13:16:19.000000,2.609025e+07,1.818766e+07,1.239950e+02,1.410261e+06,8.843822e+01,,,,5
2018-04-26 13:16:20.000000,2.609025e+07,1.818657e+07,1.239944e+02,1.410261e+06,8.843822e+01,,,,5
2018-04-26 13:16:21.000000,2.609022e+07,1.818841e+07,1.239956e+02,1.410261e+06,8.843822e+01,,,,5
2018-04-26 13:16:22.000000,2.609023e+07,1.818753e+07,1.239951e+02,1.410261e+06,8.843822e+01,,,,5
2018-04-26 13:16:23.000000,2.609023e+07,1.818916e+07,1.239960e+02,1.410261e+06,8.843822e+01,,,,5
2018-04-26 13:16:24.000000,2.609025e+07,1.818790e+07,1.239954e+02,1.410261e+06,8.843821e+01,,,,5
2018-04-26 13:16:25.000000,2.609025e+07,1.818941e+07,1.239961e+02,1.410261e+06,8.843821e+01,,,,5
2018-04-26 13:16:26.000000,2.609025e+07,1.818814e+07,1.239955e+02,1.410261e+06,8.843821e+01,,,,5
2018-04-26 13:16:27.000000,2.609023e+07,1.818845e+07,1.239955e+02,1.410261e+06,8.843821e+01,,,,5
2018-04-26 13:16:28.000000,2.609023e+07,1.818725e+07,1.239948e+02,1.410261e+06,8.843821e+01,,,,5
2018-04-26 13:16:29.000000,2.609022e+07,1.818682e+07,1.239946e+02,1.410261e+06,8.843821e+01,,,,5
2018-04-26 13:16:30.000000,2.609025e+07,1.818685e+07,1.239946e+02,1.410261e+06,8.843821e+01,,,,5
2018-04-26 13:16:31.000000,2.609025e+07,1.818652e+07,1.239944e+02,1.410261e+06,8.843821e+01,,,,5
2018-04-26 13:16:32.000000,2.609025e+07,1.818772e+07,1.239950e+02,1.410261e+06,8.843821e+01,,,,5
2018-04-26 13:16:33.000000,2.609023e+07,1.818743e+07,1.239950e+02,1.410261e+06,8.843821e+01,,,,5
2018-04-26 13:16:34.000000,2.609022e+07,1.818861e+07,1.239957e+02,1.410261e+06,8.843821e+01,,,,5
2018-04-26 13:16:35.000000,2.609025e+07,1.818783e+07,1.239953e+02,1.410261e+06,8.843820e+01,,,,5
2018-04-26 13:16:36.000000,2.609025e+07,1.818943e+07,1.239962e+02,1.410261e+06,8.843820e+01,,,,5
2018-04-26 13:16:37.000000,2.609025e+07,1.818780e+07,1.239953e+02,1.410261e+06,8.843820e+01,,,,5
2018-04-26 13:16:38.000000,2.609023e+07,1.818854e+07,1.239956e+02,1.410261e+06,8.843820e+01,,,,5
2018-04-26 13:16:39.000000,2.609023e+07,1.818694e+07,1.239947e+02,1.410261e+06,8.843820e+01,,,,5
2018-04-26 13:16:40.000000,2.609023e+07,1.818689e+07,1.239947e+02,1.410261e+06,8.843820e+01,,,,5
2018-04-26 13:16:41.000000,2.609025e+07,1.818686e+07,1.239946e+02,1.410261e+06,8.843820e+01,,,,5
2018-04-26 13:16:42.000000,2.609025e+07,1.818657e+07,1.239944e+02,1.410261e+06,8.843820e+01,,,,5
2018-04-26 13:16:43.000000,2.609024e+07,1.818780e+07,1.239951e+02,1.410261e+06,8.843820e+01,,,,5
2018-04-26 13:16:44.000000,2.609023e+07,1.818750e+07,1.239951e+02,1.410261e+06,8.843820e+01,,,,5
2018-04-26 13:16:45.000000,2.609023e+07,1.818867e+07,1.239957e+02,1.410261e+06,8.843820e+01,,,,5
2018-04-26 13:16:46.000000,2.609023e+07,1.818745e+07,1.239950e+02,1.410261e+06,8.843819e+01,,,,5
2018-04-26 13:16:47.000000,2.609025e+07,1.818890e+07,1.239959e+02,1.410261e+06,8.843819e+01,,,,5
2018-04-26 13:16:48.000000,2.609024e+07,1.818780e+07,1.239953e+02,1.410261e+06,8.843819e+01,,,,5
2018-04-26 13:16:49.000000,2.609023e+07,1.818805e+07,1.239953e+02,1.410261e+06,8.843819e+01,,,,5
2018-04-26 13:16:50.000000,2.609023e+07,1.818693e+07,1.239947e+02,1.410261e+06,8.843819e+01,,,,5
2018-04-26 13:16:51.000000,2.609023e+07,1.818844e+07,1.239955e+02,1.410261e+06,8.843819e+01,,,,5
2018-04-26 13:16:52.000000,2.609025e+07,1.818672e+07,1.239945e+02,1.410261e+06,8.843819e+01,,,,5
2018-04-26 13:16:53.000000,2.609024e+07,1.818807e+07,1.239952e+02,1.410261e+06,8.843819e+01,,,,5
2018-04-26 13:16:54.000000,2.609025e+07,1.818688e+07,1.239946e+02,1.410261e+06,8.843819e+01,,,,5
2018-04-26 13:16:55.000000,2.609023e+07,1.818743e+07,1.239951e+02,1.410261e+06,8.843819e+01,,,,5
2018-04-26 13:16:56.000000,2.609023e+07,1.818775e+07,1.239952e+02,1.410261e+06,8.843818e+01,,,,5
2018-04-26 13:16:57.000000,2.609023e+07,1.818741e+07,1.239950e+02,1.410261e+06,8.843818e+01,,,,5
2018-04-26 13:16:58.000000,2.609024e+07,1.818802e+07,1.239954e+02,1.410261e+06,8.843818e+01,,,,5
2018-04-26 13:16:59.000000,2.609025e+07,1.818775e+07,1.239953e+02,1.410261e+06,8.843818e+01,,,,5
2018-04-26 13:17:00.000000,2.609025e+07,1.818957e+07,1.239963e+02,1.410261e+06,8.843818e+01,,,,5
2018-04-26 13:17:01.000000,2.609023e+07,1.818700e+07,1.239947e+02,1.410261e+06,8.843818e+01,,,,5
2018-04-26 13:17:02.000000,2.609023e+07,1.818855e+07,1.239956e+02,1.410261e+06,8.843818e+01,,,,5
2018-04-26 13:17:03.000000,2.609025e+07,1.818669e+07,1.239945e+02,1.410261e+06,8.843818e+01,,,,5
2018-04-26 13:17:04.000000,2.609025e+07,1.818819e+07,1.239953e+02,1.410261e+06,8.843818e+01,,,,5
2018-04-26 13:17:05.000000,2.609025e+07,1.818691e+07,1.239946e+02,1.410261e+06,8.843818e+01,,,,5
2018-04-26 13:17:06.000000,2.609023e+07,1.818898e+07,1.239959e+02,1.410261e+06,8.843818e+01,,,,5
2018-04-26 13:17:07.000000,2.609022e+07,1.818787e+07,1.239953e+02,1.410261e+06,8.843817e+01,,,,5
2018-04-26 13:17:08.000000,2.609023e+07,1.818748e+07,1.239951e+02,1.410261e+06,8.843817e+01,,,,5
2018-04-26 13:17:09.000000,2.609025e+07,1.818805e+07,1.239955e+02,1.410261e+06,8.843817e+01,,,,5
2018-04-26 13:17:10.000000,2.609025e+07,1.818775e+07,1.239953e+02,1.410261e+06,8.843817e+01,,,,5
2018-04-26 13:17:11.000000,2.609025e+07,1.818901e+07,1.239960e+02,1.410261e+06,8.843817e+01,,,,5
2018-04-26 13:17:12.000000,2.609022e+07,1.818699e+07,1.239947e+02,1.410261e+06,8.843817e+01,,,,5
2018-04-26 13:17:13.000000,2.609023e+07,1.818802e+07,1.239953e+02,1.410261e+06,8.843817e+01,,,,5
2018-04-26 13:17:14.000000,2.609023e+07,1.818684e+07,1.239946e+02,1.410261e+06,8.843817e+01,,,,5
2018-04-26 13:17:15.000000,2.609025e+07,1.818766e+07,1.239950e+02,1.410261e+06,8.843817e+01,,,,5
2018-04-26 13:17:16.000000,2.609025e+07,1.818657e+07,1.239944e+02,1.410261e+06,8.843817e+01,,,,5
2018-04-26 13:17:17.000000,2.609022e+07,1.818844e+07,1.239956e+02,1.410261e+06,8.843817e+01,,,,5
2018-04-26 13:17:18.000000,2.609023e+07,1.818752e+07,1.239951e+02,1.410261e+06,8.843816e+01,,,,5
2018-04-26 13:17:19.000000,2.609023e+07,1.818749e+07,1.239951e+02,1.410261e+06,8.843816e+01,,,,5
2018-04-26 13:17:20.000000,2.609025e+07,1.818772e+07,1.239953e+02,1.410261e+06,8.843816e+01,,,,5
2018-04-26 13:17:21.000000,2.609025e+07,1.818780e+07,1.239953e+02,1.410261e+06,8.843816e+01,,,,5
2018-04-26 13:17:22.000000,2.609024e+07,1.818806e+07,1.239954e+02,1.410261e+06,8.843816e+01,,,,5
2018-04-26 13:17:23.000000,2.609023e+07,1.818700e+07,1.239948e+02,1.410261e+06,8.843816e+01,,,,5
2018-04-26 13:17:24.000000,2.609023e+07,1.818805e+07,1.239953e+02,1.410261e+06,8.843816e+01,,,,5
2018-04-26 13:17:25.000000,2.609023e+07,1.818680e+07,1.239946e+02,1.410261e+06,8.843816e+01,,,,5
2018-04-26 13:17:26.000000,2.609024e+07,1.818773e+07,1.239951e+02,1.410261e+06,8.843816e+01,,,,5
2018-04-26 13:17:27.000000,2.609025e+07,1.818653e+07,1.239944e+02,1.410261e+06,8.843816e+01,,,,5
2018-04-26 13:17:28.000000,2.609025e+07,1.818833e+07,1.239954e+02,1.410261e+06,8.843816e+01,,,,5
2018-04-26 13:17:29.000000,2.609023e+07,1.818751e+07,1.239950e+02,1.410261e+06,8.843815e+01,,,,5
2018-04-26 13:17:30.000000,2.609023e+07,1.818915e+07,1.239960e+02,1.410261e+06,8.843815e+01,,,,5
2018-04-26 13:17:31.000000,2.609024e+07,1.818790e+07,1.239954e+02,1.410261e+06,8.843815e+01,,,,5
2018-04-26 13:17:32.000000,2.609025e+07,1.818941e+07,1.239961e+02,1.410261e+06,8.843815e+01,,,,5
2018-04-26 13:17:33.000000,2.609025e+07,1.818815e+07,1.239955e+02,1.410261e+06,8.843815e+01,,,,5
2018-04-26 13:17:34.000000,2.609023e+07,1.818845e+07,1.239955e+02,1.410261e+06,8.843815e+01,,,,5
2018-04-26 13:17:35.000000,2.609023e+07,1.818725e+07,1.239948e+02,1.410261e+06,8.843815e+01,,,,5
2018-04-26 13:17:36.000000,2.609022e+07,1.818682e+07,1.239946e+02,1.410261e+06,8.843815e+01,,,,5
2018-04-26 13:17:37.000000,2.609025e+07,1.818685e+07,1.239946e+02,1.410260e+06,8.843815e+01,,,,5
2018-04-26 13:17:38.000000,2.609025e+07,1.818652e+07,1.239944e+02,1.410260e+06,8.843815e+01,,,,5
2018-04-26 13:17:39.000000,2.609025e+07,1.818772e+07,1.239950e+02,1.410260e+06,8.843815e+01,,,,5
2018-04-26 13:17:40.000000,2.609023e+07,1.818744e+07,1.239950e+02,1.410260e+06,8.843814e+01,,,,5
2018-04-26 13:17:41.000000,2.609022e+07,1.818861e+07,1.239957e+02,1.410260e+06,8.843814e+01,,,,5
2018-04-26 13:17:42.000000,2.609023e+07,1.818743e+07,1.239950e+02,1.410260e+06,8.843814e+01,,,,5
2018-04-26 13:17:43.000000,2.609025e+07,1.818941e+07,1.239962e+02,1.410260e+06,8.843814e+01,,,,5
2018-04-26 13:17:44.000000,2.609025e+07,1.818780e+07,1.239953e+02,1.410260e+06,8.843814e+01,,,,5
2018-04-26 13:17:45.000000,2.609023e+07,1.818854e+07,1.239956e+02,1.410260e+06,8.843814e+01,,,,5
2018-04-26 13:17:46.000000,2.609023e+07,1.818694e+07,1.239947e+02,1.410260e+06,8.843814e+01,,,,5
2018-04-26 13:17:47.000000,2.609023e+07,1.818689e+07,1.239947e+02,1.410260e+06,8.843814e+01,,,,5
2018-04-26 13:17:48.000000,2.609025e+07,1.818686e+07,1.239946e+02,1.410260e+06,8.843814e+01,,,,5
2018-04-26 13:17:49.000000,2.609025e+07,1.818657e+07,1.239944e+02,1.410260e+06,8.843814e+01,,,,5
2018-04-26 13:17:50.000000,2.609024e+07,1.818778e+07,1.239951e+02,1.410260e+06,8.843813e+01,,,,5
2018-04-26 13:17:51.000000,2.609023e+07,1.818749e+07,1.239951e+02,1.410260e+06,8.843813e+01,,,,5
2018-04-26 13:17:52.000000,2.609023e+07,1.818867e+07,1.239957e+02,1.410260e+06,8.843813e+01,,,,5
2018-04-26 13:17:53.000000,2.609023e+07,1.818745e+07,1.239950e+02,1.410260e+06,8.843813e+01,,,,5
2018-04-26 13:17:54.000000,2.609025e+07,1.818890e+07,1.239959e+02,1.410260e+06,8.843813e+01,,,,5
2018-04-26 13:17:55.000000,2.609024e+07,1.818780e+07,1.239953e+02,1.410260e+06,8.843813e+01,,,,5
2018-04-26 13:17:56.000000,2.609023e+07,1.818805e+07,1.239953e+02,1.410260e+06,8.843813e+01,,,,5
2018-04-26 13:17:57.000000,2.609023e+07,1.818694e+07,1.239947e+02,1.410260e+06,8.843813e+01,,,,5
2018-04-26 13:17:58.000000,2.609023e+07,1.818844e+07,1.239955e+02,1.410260e+06,8.843813e+01,,,,5
2018-04-26 13:17:59.000000,2.609025e+07,1.818672e+07,1.239945e+02,1.410260e+06,8.843813e+01,,,,5
2018-04-26 13:18:00.000000,2.609024e+07,1.818805e+07,1.239952e+02,1.410260e+06,8.843813e+01,,,,5
2018-04-26 13:18:01.000000,2.609025e+07,1.818688e+07,1.239946e+02,1.410260e+06,8.843812e+01,,,,5
2018-04-26 13:18:02.000000,2.609023e+07,1.818742e+07,1.239951e+02,1.410260e+06,8.843812e+01,,,,5
2018-04-26 13:18:03.000000,2.609023e+07,1.818775e+07,1.239952e+02,1.410260e+06,8.843812e+01,,,,5
2018-04-26 13:18:04.000000,2.609023e+07,1.818742e+07,1.239950e+02,1.410260e+06,8.843812e+01,,,,5
2018-04-26 13:18:05.000000,2.609024e+07,1.818801e+07,1.239954e+02,1.410260e+06,8.843812e+01,,,,5
2018-04-26 13:18:06.000000,2.609025e+07,1.818775e+07,1.239953e+02,1.410260e+06,8.843812e+01,,,,5
2018-04-26 13:18:07.000000,2.609025e+07,1.818955e+07,1.239963e+02,1.410260e+06,8.843812e+01,,,,5
2018-04-26 13:18:08.000000,2.609023e+07,1.818700e+07,1.239947e+02,1.410260e+06,8.843812e+01,,,,5
2018-04-26 13:18:09.000000,2.609023e+07,1.818855e+07,1.239956e+02,1.410260e+06,8.843812e+01,,,,5
2018-04-26 13:18:10.000000,2.609024e+07,1.818671e+07,1.239945e+02,1.410260e+06,8.843812e+01,,,,5
2018-04-26 13:18:11.000000,2.609025e+07,1.818819e+07,1.239953e+02,1.410260e+06,8.843812e+01,,,,5
2018-04-26 13:18:12.000000,2.609025e+07,1.818691e+07,1.239946e+02,1.410260e+06,8.843811e+01,,,,5
2018-04-26 13:18:13.000000,2.609023e+07,1.818898e+07,1.239959e+02,1.410260e+06,8.843811e+01,,,,5
2018-04-26 13:18:14.000000,2.609022e+07,1.818789e+07,1.239953e+02,1.410260e+06,8.843811e+01,,,,5
2018-04-26 13:18:15.000000,2.609023e+07,1.818747e+07,1.239951e+02,1.410260e+06,8.843811e+01,,,,5
2018-04-26 13:18:16.000000,2.609025e+07,1.818805e+07,1.239955e+02,1.410260e+06,8.843811e+01,,,,5
2018-04-26 13:18:17.000000,2.609025e+07,1.818775e+07,1.239953e+02,1.410260e+06,8.843811e+01,,,,5
2018-04-26 13:18:18.000000,2.609025e+07,1.818901e+07,1.239960e+02,1.410260e+06,8.843811e+01,,,,5
2018-04-26 13:18:19.000000,2.609022e+07,1.818699e+07,1.239947e+02,1.410260e+06,8.843811e+01,,,,5
2018-04-26 13:18:20.000000,2.609023e+07,1.818802e+07,1.239953e+02,1.410260e+06,8.843811e+01,,,,5
2018-04-26 13:18:21.000000,2.609023e+07,1.818685e+07,1.239946e+02,1.410260e+06,8.843811e+01,,,,5
2018-04-26 13:18:22.000000,2.609025e+07,1.818766e+07,1.239950e+02,1.410260e+06,8.843811e+01,,,,5
2018-04-26 13:18:23.000000,2.609025e+07,1.818657e+07,1.239944e+02,1.410260e+06,8.843810e+01,,,,5
2018-04-26 13:18:24.000000,2.609022e+07,1.818842e+07,1.239956e+02,1.410260e+06,8.843810e+01,,,,5
2018-04-26 13:18:25.000000,2.609023e+07,1.818752e+07,1.239951e+02,1.410260e+06,8.843810e+01,,,,5
2018-04-26 13:18:26.000000,2.609023e+07,1.818748e+07,1.239951e+02,1.410260e+06,8.843810e+01,,,,5
2018-04-26 13:18:27.000000,2.609025e+07,1.818771e+07,1.239953e+02,1.410260e+06,8.843810e+01,,,,5
2018-04-26 13:18:28.000000,2.609024e+07,1.818780e+07,1.239953e+02,1.410260e+06,8.843810e+01,,,,5
2018-04-26 13:18:29.000000,2.609024e+07,1.818806e+07,1.239954e+02,1.410260e+06,8.843810e+01,,,,5
2018-04-26 13:18:30.000000,2.609023e+07,1.818700e+07,1.239948e+02,1.410260e+06,8.843810e+01,,,,5
2018-04-26 13:18:31.000000,2.609023e+07,1.818803e+07,1.239953e+02,1.410260e+06,8.843810e+01,,,,5
2018-04-26 13:18:32.000000,2.609023e+07,1.818680e+07,1.239946e+02,1.410260e+06,8.843810e+01,,,,5
2018-04-26 13:18:33.000000,2.609024e+07,1.818773e+07,1.239951e+02,1.410260e+06,8.843810e+01,,,,5
2018-04-26 13:18:34.000000,2.609024e+07,1.818654e+07,1.239944e+02,1.410260e+06,8.843809e+01,,,,5
2018-04-26 13:18:35.000000,2.609025e+07,1.818832e+07,1.239954e+02,1.410260e+06,8.843809e+01,,,,5
2018-04-26 13:18:36.000000,2.609023e+07,1.818750e+07,1.239950e+02,1.410260e+06,8.843809e+01,,,,5
2018-04-26 13:18:37.000000,2.609023e+07,1.818915e+07,1.239960e+02,1.410260e+06,8.843809e+01,,,,5
2018-04-26 13:18:38.000000,2.609024e+07,1.818791e+07,1.239954e+02,1.410260e+06,8.843809e+01,,,,5
2018-04-26 13:18:39.000000,2.609025e+07,1.818941e+07,1.239961e+02,1.410260e+06,8.843809e+01,,,,5
2018-04-26 13:18:40.000000,2.609025e+07,1.818815e+07,1.239955e+02,1.410260e+06,8.843809e+01,,,,5
2018-04-26 13:18:41.000000,2.609023e+07,1.818845e+07,1.239955e+02,1.410260e+06,8.843809e+01,,,,5
2018-04-26 13:18:42.000000,2.609023e+07,1.818725e+07,1.239948e+02,1.410260e+06,8.843809e+01,,,,5
2018-04-26 13:18:43.000000,2.609022e+07,1.818682e+07,1.239946e+02,1.410260e+06,8.843809e+01,,,,5
2018-04-26 13:18:44.000000,2.609025e+07,1.818685e+07,1.239946e+02,1.410260e+06,8.843809e+01,,,,5
2018-04-26 13:18:45.000000,2.609025e+07,1.818652e+07,1.239944e+02,1.410260e+06,8.843808e+01,,,,5
2018-04-26 13:18:46.000000,2.609025e+07,1.818772e+07,1.239950e+02,1.410260e+06,8.843808e+01,,,,5
2018-04-26 13:18:47.000000,2.609023e+07,1.818744e+07,1.239950e+02,1.410260e+06,8.843808e+01,,,,5
2018-04-26 13:18:48.000000,2.609022e+07,1.818859e+07,1.239957e+02,1.410260e+06,8.843808e+01,,,,5
2018-04-26 13:18:49.000000,2.609023e+07,1.818743e+07,1.239950e+02,1.410260e+06,8.843808e+01,,,,5
2018-04-26 13:18:50.000000,2.609025e+07,1.818940e+07,1.239961e+02,1.410260e+06,8.843808e+01,,,,5
2018-04-26 13:18:51.000000,2.609025e+07,1.818782e+07,1.239953e+02,1.410260e+06,8.843808e+01,,,,5
2018-04-26 13:18:52.000000,2.609023e+07,1.818854e+07,1.239956e+02,1.410260e+06,8.843808e+01,,,,5
2018-04-26 13:18:53.000000,2.609023e+07,1.818694e+07,1.239947e+02,1.410260e+06,8.843808e+01,,,,5
2018-04-26 13:18:54.000000,2.609023e+07,1.818689e+07,1.239947e+02,1.410260e+06,8.843808e+01,,,,5
2018-04-26 13:18:55.000000,2.609024e+07,1.818686e+07,1.239946e+02,1.410260e+06,8.843808e+01,,,,5
2018-04-26 13:18:56.000000,2.609025e+07,1.818657e+07,1.239944e+02,1.410260e+06,8.843807e+01,,,,5
2018-04-26 13:18:57.000000,2.609024e+07,1.818778e+07,1.239951e+02,1.410260e+06,8.843807e+01,,,,5
2018-04-26 13:18:58.000000,2.609023e+07,1.818749e+07,1.239951e+02,1.410260e+06,8.843807e+01,,,,5
2018-04-26 13:18:59.000000,2.609023e+07,1.818867e+07,1.239957e+02,1.410260e+06,8.843807e+01,,,,5
2018-04-26 13:19:00.000000,2.609023e+07,1.818744e+07,1.239950e+02,1.410260e+06,8.843807e+01,,,,5
2018-04-26 13:19:01.000000,2.609025e+07,1.818889e+07,1.239959e+02,1.410260e+06,8.843807e+01,,,,5
2018-04-26 13:19:02.000000,2.609024e+07,1.818780e+07,1.239953e+02,1.410260e+06,8.843807e+01,,,,5
2018-04-26 13:19:03.000000,2.609025e+07,1.818954e+07,1.239962e+02,1.410260e+06,8.843807e+01,,,,5
2018-04-26 13:19:04.000000,2.609023e+07,1.818704e+07,1.239947e+02,1.410260e+06,8.843807e+01,,,,5
2018-04-26 13:19:05.000000,2.609023e+07,1.818842e+07,1.239955e+02,1.410260e+06,8.843807e+01,,,,5
2018-04-26 13:19:06.000000,2.609025e+07,1.818672e+07,1.239945e+02,1.410260e+06,8.843807e+01,,,,5
2018-04-26 13:19:07.000000,2.609024e+07,1.818805e+07,1.239952e+02,1.410260e+06,8.843806e+01,,,,5
2018-04-26 13:19:08.000000,2.609025e+07,1.818689e+07,1.239946e+02,1.410260e+06,8.843806e+01,,,,5
2018-04-26 13:19:09.000000,2.609023e+07,1.818742e+07,1.239951e+02,1.410260e+06,8.843806e+01,,,,5
2018-04-26 13:19:10.000000,2.609023e+07,1.818775e+07,1.239952e+02,1.410260e+06,8.843806e+01,,,,5
2018-04-26 13:19:11.000000,2.609023e+07,1.818742e+07,1.239950e+02,1.410260e+06,8.843806e+01,,,,5
2018-04-26 13:19:12.000000,2.609024e+07,1.818801e+07,1.239954e+02,1.410260e+06,8.843806e+01,,,,5
2018-04-26 13:19:13.000000,2.609025e+07,1.818775e+07,1.239953e+02,1.410260e+06,8.843806e+01,,,,5
2018-04-26 13:19:14.000000,2.609025e+07,1.818954e+07,1.239962e+02,1.410260e+06,8.843806e+01,,,,5
2018-04-26 13:19:15.000000,2.609023e+07,1.818702e+07,1.239947e+02,1.410260e+06,8.843806e+01,,,,5
2018-04-26 13:19:16.000000,2.609023e+07,1.818855e+07,1.239956e+02,1.410260e+06,8.843806e+01,,,,5
2018-04-26 13:19:17.000000,2.609022e+07,1.818681e+07,1.239946e+02,1.410260e+06,8.843806e+01,,,,5
2018-04-26 13:19:18.000000,2.609025e+07,1.818821e+07,1.239953e+02,1.410260e+06,8.843805e+01,,,,5
2018-04-26 13:19:19.000000,2.609024e+07,1.818690e+07,1.239946e+02,1.410260e+06,8.843805e+01,,,,5
2018-04-26 13:19:20.000000,2.609023e+07,1.818898e+07,1.239959e+02,1.410260e+06,8.843805e+01,,,,5
2018-04-26 13:19:21.000000,2.609022e+07,1.818789e+07,1.239953e+02,1.410260e+06,8.843805e+01,,,,5
2018-04-26 13:19:22.000000,2.609023e+07,1.818747e+07,1.239951e+02,1.410260e+06,8.843805e+01,,,,5
2018-04-26 13:19:23.000000,2.609025e+07,1.818805e+07,1.239955e+02,1.410260e+06,8.843805e+01,,,,5
2018-04-26 13:19:24.000000,2.609024e+07,1.818775e+07,1.239953e+02,1.410260e+06,8.843805e+01,,,,5
2018-04-26 13:19:25.000000,2.609025e+07,1.818899e+07,1.239959e+02,1.410260e+06,8.843805e+01,,,,5
2018-04-26 13:19:26.000000,2.609022e+07,1.818700e+07,1.239947e+02,1.410260e+06,8.843805e+01,,,,5
2018-04-26 13:19:27.000000,2.609023e+07,1.818802e+07,1.239953e+02,1.410260e+06,8.843805e+01,,,,5
2018-04-26 13:19:28.000000,2.609023e+07,1.818685e+07,1.239946e+02,1.410260e+06,8.843805e+01,,,,5
2018-04-26 13:19:29.000000,2.609025e+07,1.818766e+07,1.239950e+02,1.410260e+06,8.843804e+01,,,,5
2018-04-26 13:19:30.000000,2.609025e+07,1.818657e+07,1.239944e+02,1.410260e+06,8.843804e+01,,,,5
2018-04-26 13:19:31.000000,2.609022e+07,1.818841e+07,1.239956e+02,1.410260e+06,8.843804e+01,,,,5
2018-04-26 13:19:32.000000,2.609023e+07,1.818753e+07,1.239951e+02,1.410260e+06,8.843804e+01,,,,5
2018-04-26 13:19:33.000000,2.609023e+07,1.818748e+07,1.239951e+02,1.410260e+06,8.843804e+01,,,,5
2018-04-26 13:19:34.000000,2.609025e+07,1.818771e+07,1.239953e+02,1.410260e+06,8.843804e+01,,,,5
2018-04-26 13:19:35.000000,2.609024e+07,1.818780e+07,1.239953e+02,1.410260e+06,8.843804e+01,,,,5
2018-04-26 13:19:36.000000,2.609024e+07,1.818806e+07,1.239954e+02,1.410260e+06,8.843804e+01,,,,5
2018-04-26 13:19:37.000000,2.609023e+07,1.818699e+07,1.239948e+02,1.410260e+06,8.843804e+01,,,,5
2018-04-26 13:19:38.000000,2.609023e+07,1.818803e+07,1.239953e+02,1.410260e+06,8.843804e+01,,,,5
2018-04-26 13:19:39.000000,2.609023e+07,1.818682e+07,1.239946e+02,1.410260e+06,8.843804e+01,,,,5
2018-04-26 13:19:40.000000,2.609024e+07,1.818772e+07,1.239951e+02,1.410260e+06,8.843803e+01,,,,5
2018-04-26 13:19:41.000000,2.609024e+07,1.818654e+07,1.239944e+02,1.410260e+06,8.843803e+01,,,,5
2018-04-26 13:19:42.000000,2.609025e+07,1.818830e+07,1.239954e+02,1.410260e+06,8.843803e+01,,,,5
2018-04-26 13:19:43.000000,2.609023e+07,1.818750e+07,1.239950e+02,1.410260e+06,8.843803e+01,,,,5
2018-04-26 13:19:44.000000,2.609023e+07,1.818915e+07,1.239960e+02,1.410260e+06,8.843803e+01,,,,5
2018-04-26 13:19:45.000000,2.609024e+07,1.818791e+07,1.239954e+02,1.410260e+06,8.843803e+01,,,,5
2018-04-26 13:19:46.000000,2.609025e+07,1.818939e+07,1.239961e+02,1.410260e+06,8.843803e+01,,,,5
2018-04-26 13:19:47.000000,2.609025e+07,1.818815e+07,1.239955e+02,1.410260e+06,8.843803e+01,,,,5
2018-04-26 13:19:48.000000,2.609023e+07,1.818845e+07,1.239955e+02,1.410260e+06,8.843803e+01,,,,5
2018-04-26 13:19:49.000000,2.609023e+07,1.818727e+07,1.239949e+02,1.410260e+06,8.843803e+01,,,,5
2018-04-26 13:19:50.000000,2.609022e+07,1.818682e+07,1.239946e+02,1.410260e+06,8.843803e+01,,,,5
2018-04-26 13:19:51.000000,2.609025e+07,1.818685e+07,1.239946e+02,1.410260e+06,8.843802e+01,,,,5
2018-04-26 13:19:52.000000,2.609025e+07,1.818652e+07,1.239944e+02,1.410260e+06,8.843802e+01,,,,5
2018-04-26 13:19:53.000000,2.609025e+07,1.818772e+07,1.239950e+02,1.410260e+06,8.843802e+01,,,,5
2018-04-26 13:19:54.000000,2.609023e+07,1.818744e+07,1.239950e+02,1.410260e+06,8.843802e+01,,,,5
2018-04-26 13:19:55.000000,2.609022e+07,1.818859e+07,1.239957e+02,1.410260e+06,8.843802e+01,,,,5
2018-04-26 13:19:56.000000,2.609023e+07,1.818744e+07,1.239950e+02,1.410260e+06,8.843802e+01,,,,5
2018-04-26 13:19:57.000000,2.609024e+07,1.818940e+07,1.239961e+02,1.410260e+06,8.843802e+01,,,,5
2018-04-26 13:19:58.000000,2.609025e+07,1.818782e+07,1.239953e+02,1.410260e+06,8.843802e+01,,,,5
2018-04-26 13:19:59.000000,2.609022e+07,1.818853e+07,1.239956e+02,1.410260e+06,8.843802e+01,,,,5
2018-04-26 13:20:00.000000,2.609022e+07,1.818694e+07,1.239947e+02,1.410260e+06,8.843802e+01,,,,5
2018-04-26 13:20:01.000000,2.609023e+07,1.818688e+07,1.239947e+02,1.410260e+06,8.843802e+01,,,,5
2018-04-26 13:20:02.000000,2.609024e+07,1.818685e+07,1.239946e+02,1.410260e+06,8.843801e+01,,,,5
2018-04-26 13:20:03.000000,2.609025e+07,1.818657e+07,1.239944e+02,1.410260e+06,8.843801e+01,,,,5
2018-04-26 13:20:04.000000,2.609024e+07,1.818778e+07,1.239951e+02,1.410260e+06,8.843801e+01,,,,5
2018-04-26 13:20:05.000000,2.609023e+07,1.818749e+07,1.239951e+02,1.410260e+06,8.843801e+01,,,,5
2018-04-26 13:20:06.000000,2.609023e+07,1.818866e+07,1.239957e+02,1.410260e+06,8.843801e+01,,,,5
2018-04-26 13:20:07.000000,2.609023e+07,1.818744e+07,1.239950e+02,1.410260e+06,8.843801e+01,,,,5
2018-04-26 13:20:08.000000,2.609025e+07,1.818889e+07,1.239958e+02,1.410260e+06,8.843801e+01,,,,5
2018-04-26 13:20:09.000000,2.609024e+07,1.818782e+07,1.239953e+02,1.410260e+06,8.843801e+01,,,,5
2018-04-26 13:20:10.000000,2.609025e+07,1.818954e+07,1.239962e+02,1.410260e+06,8.843801e+01,,,,5
2018-04-26 13:20:11.000000,2.609023e+07,1.818704e+07,1.239947e+02,1.410260e+06,8.843801e+01,,,,5
2018-04-26 13:20:12.000000,2.609023e+07,1.818842e+07,1.239955e+02,1.410260e+06,8.843801e+01,,,,5
2018-04-26 13:20:13.000000,2.609025e+07,1.818674e+07,1.239945e+02,1.410260e+06,8.843801e+01,,,,5
2018-04-26 13:20:14.000000,2.609024e+07,1.818805e+07,1.239952e+02,1.410260e+06,8.843800e+01,,,,5
2018-04-26 13:20:15.000000,2.609025e+07,1.818689e+07,1.239946e+02,1.410260e+06,8.843800e+01,,,,5
2018-04-26 13:20:16.000000,2.609023e+07,1.818742e+07,1.239950e+02,1.410260e+06,8.843800e+01,,,,5
2018-04-26 13:20:17.000000,2.609023e+07,1.818775e+07,1.239952e+02,1.410260e+06,8.843800e+01,,,,5
2018-04-26 13:20:18.000000,2.609023e+07,1.818742e+07,1.239950e+02,1.410260e+06,8.843800e+01,,,,5
2018-04-26 13:20:19.000000,2.609024e+07,1.818801e+07,1.239954e+02,1.410260e+06,8.843800e+01,,,,5
2018-04-26 13:20:20.000000,2.609025e+07,1.818774e+07,1.239953e+02,1.410260e+06,8.843800e+01,,,,5
2018-04-26 13:20:21.000000,2.609024e+07,1.818954e+07,1.239962e+02,1.410260e+06,8.843800e+01,,,,5
2018-04-26 13:20:22.000000,2.609023e+07,1.818702e+07,1.239947e+02,1.410260e+06,8.843800e+01,,,,5
2018-04-26 13:20:23.000000,2.609022e+07,1.818853e+07,1.239955e+02,1.410260e+06,8.843800e+01,,,,5
2018-04-26 13:20:24.000000,2.609022e+07,1.818681e+07,1.239946e+02,1.410260e+06,8.843800e+01,,,,5
2018-04-26 13:20:25.000000,2.609025e+07,1.818821e+07,1.239952e+02,1.410260e+06,8.843799e+01,,,,5
2018-04-26 13:20:26.000000,2.609024e+07,1.818691e+07,1.239945e+02,1.410260e+06,8.843799e+01,,,,5
2018-04-26 13:20:27.000000,2.609023e+07,1.818898e+07,1.239958e+02,1.410260e+06,8.843799e+01,,,,5
2018-04-26 13:20:28.000000,2.609022e+07,1.818789e+07,1.239953e+02,1.410260e+06,8.843799e+01,,,,5
2018-04-26 13:20:29.000000,2.609023e+07,1.818747e+07,1.239951e+02,1.410260e+06,8.843799e+01,,,,5
2018-04-26 13:20:30.000000,2.609025e+07,1.818803e+07,1.239955e+02,1.410260e+06,8.843799e+01,,,,5
2018-04-26 13:20:31.000000,2.609024e+07,1.818775e+07,1.239953e+02,1.410260e+06,8.843799e+01,,,,5
2018-04-26 13:20:32.000000,2.609025e+07,1.818899e+07,1.239959e+02,1.410260e+06,8.843799e+01,,,,5
2018-04-26 13:20:33.000000,2.609022e+07,1.818701e+07,1.239947e+02,1.410260e+06,8.843799e+01,,,,5
2018-04-26 13:20:34.000000,2.609023e+07,1.818802e+07,1.239953e+02,1.410260e+06,8.843799e+01,,,,5
2018-04-26 13:20:35.000000,2.609023e+07,1.818684e+07,1.239946e+02,1.410260e+06,8.843799e+01,,,,5
2018-04-26 13:20:36.000000,2.609025e+07,1.818766e+07,1.239950e+02,1.410260e+06,8.843798e+01,,,,5
2018-04-26 13:20:37.000000,2.609025e+07,1.818658e+07,1.239944e+02,1.410260e+06,8.843798e+01,,,,5
2018-04-26 13:20:38.000000,2.609024e+07,1.818817e+07,1.239953e+02,1.410260e+06,8.843798e+01,,,,5
2018-04-26 13:20:39.000000,2.609023e+07,1.818748e+07,1.239950e+02,1.410260e+06,8.843798e+01,,,,5
2018-04-26 13:20:40.000000,2.609023e+07,1.818748e+07,1.239951e+02,1.410260e+06,8.843798e+01,,,,5
2018-04-26 13:20:41.000000,2.609025e+07,1.818771e+07,1.239953e+02,1.410260e+06,8.843798e+01,,,,5
2018-04-26 13:20:42.000000,2.609024e+07,1.818780e+07,1.239953e+02,1.410260e+06,8.843798e+01,,,,5
2018-04-26 13:20:43.000000,2.609024e+07,1.818806e+07,1.239954e+02,1.410260e+06,8.843798e+01,,,,5
2018-04-26 13:20:44.000000,2.609023e+07,1.818844e+07,1.239955e+02,1.410260e+06,8.843798e+01,,,,5
2018-04-26 13:20:45.000000,2.609023e+07,1.818725e+07,1.239948e+02,1.410260e+06,8.843798e+01,,,,5
2018-04-26 13:20:46.000000,2.609023e+07,1.818682e+07,1.239946e+02,1.410260e+06,8.843798e+01,,,,5
2018-04-26 13:20:47.000000,2.609025e+07,1.818685e+07,1.239945e+02,1.410260e+06,8.843797e+01,,,,5
2018-04-26 13:20:48.000000,2.609025e+07,1.818652e+07,1.239944e+02,1.410260e+06,8.843797e+01,,,,5
2018-04-26 13:20:49.000000,2.609025e+07,1.818772e+07,1.239950e+02,1.410260e+06,8.843797e+01,,,,5
2018-04-26 13:20:50.000000,2.609023e+07,1.818744e+07,1.239950e+02,1.410260e+06,8.843797e+01,,,,5
2018-04-26 13:20:51.000000,2.609022e+07,1.818860e+07,1.239957e+02,1.410260e+06,8.843797e+01,,,,5
2018-04-26 13:20:52.000000,2.609023e+07,1.818743e+07,1.239950e+02,1.410260e+06,8.843797e+01,,,,5
2018-04-26 13:20:53.000000,2.609025e+07,1.818941e+07,1.239961e+02,1.410260e+06,8.843797e+01,,,,5
2018-04-26 13:20:54.000000,2.609025e+07,1.818782e+07,1.239953e+02,1.410260e+06,8.843797e+01,,,,5
2018-04-26 13:20:55.000000,2.609023e+07,1.818854e+07,1.239956e+02,1.410260e+06,8.843797e+01,,,,5
2018-04-26 13:20:56.000000,2.609023e+07,1.818694e+07,1.239947e+02,1.410260e+06,8.843797e+01,,,,5
2018-04-26 13:20:57.000000,2.609023e+07,1.818689e+07,1.239947e+02,1.410260e+06,8.843797e+01,,,,5
2018-04-26 13:20:58.000000,2.609025e+07,1.818686e+07,1.239945e+02,1.410260e+06,8.843797e+01,,,,5
2018-04-26 13:20:59.000000,2.609025e+07,1.818657e+07,1.239944e+02,1.410260e+06,8.843796e+01,,,,5
2018-04-26 13:21:00.000000,2.609024e+07,1.818778e+07,1.239951e+02,1.410260e+06,8.843796e+01,,,,5
2018-04-26 13:21:01.000000,2.609023e+07,1.818750e+07,1.239951e+02,1.410260e+06,8.843796e+01,,,,5
2018-04-26 13:21:02.000000,2.609023e+07,1.818867e+07,1.239957e+02,1.410260e+06,8.843796e+01,,,,5
2018-04-26 13:21:03.000000,2.609023e+07,1.818745e+07,1.239950e+02,1.410260e+06,8.843796e+01,,,,5
2018-04-26 13:21:04.000000,2.609025e+07,1.818889e+07,1.239958e+02,1.410260e+06,8.843796e+01,,,,5
2018-04-26 13:21:05.000000,2.609024e+07,1.818780e+07,1.239953e+02,1.410260e+06,8.843796e+01,,,,5
2018-04-26 13:21:06.000000,2.609025e+07,1.818954e+07,1.239962e+02,1.410260e+06,8.843796e+01,,,,5
2018-04-26 13:21:07.000000,2.609023e+07,1.818704e+07,1.239947e+02,1.410260e+06,8.843796e+01,,,,5
2018-04-26 13:21:08.000000,2.609023e+07,1.818844e+07,1.239955e+02,1.410260e+06,8.843796e+01,,,,5
2018-04-26 13:21:09.000000,2.609025e+07,1.818672e+07,1.239945e+02,1.410260e+06,8.843796e+01,,,,5
2018-04-26 13:21:10.000000,2.609024e+07,1.818805e+07,1.239952e+02,1.410260e+06,8.843795e+01,,,,5
2018-04-26 13:21:11.000000,2.609025e+07,1.818689e+07,1.239945e+02,1.410260e+06,8.843795e+01,,,,5
2018-04-26 13:21:12.000000,2.609023e+07,1.818742e+07,1.239950e+02,1.410260e+06,8.843795e+01,,,,5
2018-04-26 13:21:13.000000,2.609023e+07,1.818775e+07,1.239952e+02,1.410260e+06,8.843795e+01,,,,5
2018-04-26 13:21:14.000000,2.609023e+07,1.818742e+07,1.239950e+02,1.410260e+06,8.843795e+01,,,,5
2018-04-26 13:21:15.000000,2.609024e+07,1.818801e+07,1.239954e+02,1.410260e+06,8.843795e+01,,,,5
2018-04-26 13:21:16.000000,2.609025e+07,1.818775e+07,1.239953e+02,1.410260e+06,8.843795e+01,,,,5
2018-04-26 13:21:17.000000,2.609025e+07,1.818955e+07,1.239962e+02,1.410260e+06,8.843795e+01,,,,5
2018-04-26 13:21:18.000000,2.609023e+07,1.818700e+07,1.239947e+02,1.410260e+06,8.843795e+01,,,,5
2018-04-26 13:21:19.000000,2.609023e+07,1.818855e+07,1.239956e+02,1.410260e+06,8.843795e+01,,,,5
2018-04-26 13:21:20.000000,2.609025e+07,1.818671e+07,1.239945e+02,1.410260e+06,8.843795e+01,,,,5
2018-04-26 13:21:21.000000,2.609025e+07,1.818818e+07,1.239952e+02,1.410260e+06,8.843794e+01,,,,5
2018-04-26 13:21:22.000000,2.609025e+07,1.818691e+07,1.239945e+02,1.410260e+06,8.843794e+01,,,,5
2018-04-26 13:21:23.000000,2.609023e+07,1.818898e+07,1.239958e+02,1.410260e+06,8.843794e+01,,,,5
2018-04-26 13:21:24.000000,2.609022e+07,1.818789e+07,1.239953e+02,1.410260e+06,8.843794e+01,,,,5
2018-04-26 13:21:25.000000,2.609023e+07,1.818747e+07,1.239951e+02,1.410260e+06,8.843794e+01,,,,5
2018-04-26 13:21:26.000000,2.609025e+07,1.818805e+07,1.239954e+02,1.410260e+06,8.843794e+01,,,,5
2018-04-26 13:21:27.000000,2.609025e+07,1.818775e+07,1.239953e+02,1.410260e+06,8.843794e+01,,,,5
2018-04-26 13:21:28.000000,2.609025e+07,1.818899e+07,1.239959e+02,1.410260e+06,8.843794e+01,,,,5
2018-04-26 13:21:29.000000,2.609022e+07,1.818700e+07,1.239947e+02,1.410260e+06,8.843794e+01,,,,5
2018-04-26 13:21:30.000000,2.609023e+07,1.818802e+07,1.239953e+02,1.410260e+06,8.843794e+01,,,,5
2018-04-26 13:21:31.000000,2.609023e+07,1.818685e+07,1.239946e+02,1.410260e+06,8.843794e+01,,,,5
2018-04-26 13:21:32.000000,2.609025e+07,1.818766e+07,1.239950e+02,1.410260e+06,8.843794e+01,,,,5
2018-04-26 13:21:33.000000,2.609025e+07,1.818657e+07,1.239944e+02,1.410260e+06,8.843793e+01,,,,5
2018-04-26 13:21:34.000000,2.609022e+07,1.818841e+07,1.239956e+02,1.410260e+06,8.843793e+01,,,,5
2018-04-26 13:21:35.000000,2.609023e+07,1.818752e+07,1.239951e+02,1.410260e+06,8.843793e+01,,,,5
2018-04-26 13:21:36.000000,2.609023e+07,1.818748e+07,1.239951e+02,1.410260e+06,8.843793e+01,,,,5
2018-04-26 13:21:37.000000,2.609025e+07,1.818771e+07,1.239953e+02,1.410260e+06,8.843793e+01,,,,5
2018-04-26 13:21:38.000000,2.609025e+07,1.818780e+07,1.239953e+02,1.410260e+06,8.843793e+01,,,,5
2018-04-26 13:21:39.000000,2.609024e+07,1.818806e+07,1.239954e+02,1.410260e+06,8.843793e+01,,,,5
2018-04-26 13:21:40.000000,2.609023e+07,1.818700e+07,1.239948e+02,1.410260e+06,8.843793e+01,,,,5
2018-04-26 13:21:41.000000,2.609023e+07,1.818803e+07,1.239953e+02,1.410260e+06,8.843793e+01,,,,5
2018-04-26 13:21:42.000000,2.609023e+07,1.818680e+07,1.239946e+02,1.410260e+06,8.843793e+01,,,,5
2018-04-26 13:21:43.000000,2.609024e+07,1.818773e+07,1.239951e+02,1.410260e+06,8.843793e+01,,,,5
2018-04-26 13:21:44.000000,2.609024e+07,1.818654e+07,1.239944e+02,1.410260e+06,8.843792e+01,,,,5
2018-04-26 13:21:45.000000,2.609025e+07,1.818831e+07,1.239953e+02,1.410260e+06,8.843792e+01,,,,5
2018-04-26 13:21:46.000000,2.609023e+07,1.818751e+07,1.239950e+02,1.410260e+06,8.843792e+01,,,,5
2018-04-26 13:21:47.000000,2.609023e+07,1.818915e+07,1.239960e+02,1.410260e+06,8.843792e+01,,,,5
2018-04-26 13:21:48.000000,2.609024e+07,1.818791e+07,1.239954e+02,1.410260e+06,8.843792e+01,,,,5
2018-04-26 13:21:49.000000,2.609025e+07,1.818941e+07,1.239961e+02,1.410260e+06,8.843792e+01,,,,5
2018-04-26 13:21:50.000000,2.609025e+07,1.818815e+07,1.239954e+02,1.410260e+06,8.843792e+01,,,,5
2018-04-26 13:21:51.000000,2.609023e+07,1.818845e+07,1.239955e+02,1.410260e+06,8.843792e+01,,,,5
2018-04-26 13:21:52.000000,2.609023e+07,1.818725e+07,1.239948e+02,1.410260e+06,8.843792e+01,,,,5
2018-04-26 13:21:53.000000,2.609022e+07,1.818682e+07,1.239946e+02,1.410260e+06,8.843792e+01,,,,5
2018-04-26 13:21:54.000000,2.609025e+07,1.818685e+07,1.239945e+02,1.410260e+06,8.843792e+01,,,,5
2018-04-26 13:21:55.000000,2.609025e+07,1.818652e+07,1.239944e+02,1.410260e+06,8.843792e+01,,,,5
2018-04-26 13:21:56.000000,2.609025e+07,1.818772e+07,1.239950e+02,1.410260e+06,8.843791e+01,,,,5
2018-04-26 13:21:57.000000,2.609023e+07,1.818744e+07,1.239950e+02,1.410260e+06,8.843791e+01,,,,5
2018-04-26 13:21:58.000000,2.609022e+07,1.818859e+07,1.239957e+02,1.410260e+06,8.843791e+01,,,,5
2018-04-26 13:21:59.000000,2.609023e+07,1.818743e+07,1.239950e+02,1.410260e+06,8.843791e+01,,,,5
2018-04-26 13:22:00.000000,2.609025e+07,1.818940e+07,1.239961e+02,1.410260e+06,8.843791e+01,,,,5
2018-04-26 13:22:01.000000,2.609025e+07,1.818782e+07,1.239953e+02,1.410260e+06,8.843791e+01,,,,5
2018-04-26 13:22:02.000000,2.609023e+07,1.818854e+07,1.239956e+02,1.410260e+06,8.843791e+01,,,,5
2018-04-26 13:22:03.000000,2.609023e+07,1.818694e+07,1.239947e+02,1.410260e+06,8.843791e+01,,,,5
2018-04-26 13:22:04.000000,2.609023e+07,1.818689e+07,1.239947e+02,1.410260e+06,8.843791e+01,,,,5
2018-04-26 13:22:05.000000,2.609024e+07,1.818686e+07,1.239945e+02,1.410260e+06,8.843791e+01,,,,5
2018-04-26 13:22:06.000000,2.609025e+07,1.818657e+07,1.239944e+02,1.410260e+06,8.843791e+01,,,,5
2018-04-26 13:22:07.000000,2.609024e+07,1.818778e+07,1.239951e+02,1.410260e+06,8.843790e+01,,,,5
2018-04-26 13:22:08.000000,2.609023e+07,1.818749e+07,1.239951e+02,1.410260e+06,8.843790e+01,,,,5
2018-04-26 13:22:09.000000,2.609023e+07,1.818867e+07,1.239957e+02,1.410260e+06,8.843790e+01,,,,5
2018-04-26 13:22:10.000000,2.609023e+07,1.818744e+07,1.239950e+02,1.410260e+06,8.843790e+01,,,,5
2018-04-26 13:22:11.000000,2.609025e+07,1.818889e+07,1.239958e+02,1.410260e+06,8.843790e+01,,,,5
2018-04-26 13:22:12.000000,2.609024e+07,1.818782e+07,1.239953e+02,1.410260e+06,8.843790e+01,,,,5
2018-04-26 13:22:13.000000,2.609025e+07,1.818954e+07,1.239962e+02,1.410260e+06,8.843790e+01,,,,5
2018-04-26 13:22:14.000000,2.609023e+07,1.818704e+07,1.239947e+02,1.410260e+06,8.843790e+01,,,,5
2018-04-26 13:22:15.000000,2.609023e+07,1.818842e+07,1.239955e+02,1.410260e+06,8.843790e+01,,,,5
2018-04-26 13:22:16.000000,2.609025e+07,1.818672e+07,1.239945e+02,1.410260e+06,8.843790e+01,,,,5
2018-04-26 13:22:17.000000,2.609024e+07,1.818805e+07,1.239951e+02,1.410260e+06,8.843790e+01,,,,5
2018-04-26 13:22:18.000000,2.609025e+07,1.818689e+07,1.239945e+02,1.410260e+06,8.843790e+01,,,,5
2018-04-26 13:22:19.000000,2.609023e+07,1.818742e+07,1.239950e+02,1.410260e+06,8.843789e+01,,,,5
2018-04-26 13:22:20.000000,2.609023e+07,1.818775e+07,1.239952e+02,1.410260e+06,8.843789e+01,,,,5
2018-04-26 13:22:21.000000,2.609023e+07,1.818742e+07,1.239950e+02,1.410260e+06,8.843789e+01,,,,5
2018-04-26 13:22:22.000000,2.609024e+07,1.818801e+07,1.239954e+02,1.410260e+06,8.843789e+01,,,,5
2018-04-26 13:22:23.000000,2.609025e+07,1.818775e+07,1.239953e+02,1.410260e+06,8.843789e+01,,,,5
2018-04-26 13:22:24.000000,2.609025e+07,1.818954e+07,1.239962e+02,1.410260e+06,8.843789e+01,,,,5
2018-04-26 13:22:25.000000,2.609023e+07,1.818702e+07,1.239947e+02,1.410260e+06,8.843789e+01,,,,5
2018-04-26 13:22:26.000000,2.609023e+07,1.818855e+07,1.239956e+02,1.410260e+06,8.843789e+01,,,,5
2018-04-26 13:22:27.000000,2.609023e+07,1.818681e+07,1.239946e+02,1.410260e+06,8.843789e+01,,,,5
2018-04-26 13:22:28.000000,2.609025e+07,1.818821e+07,1.239952e+02,1.410260e+06,8.843789e+01,,,,5
2018-04-26 13:22:29.000000,2.609024e+07,1.818692e+07,1.239945e+02,1.410260e+06,8.843789e+01,,,,5
2018-04-26 13:22:30.000000,2.609023e+07,1.818898e+07,1.239958e+02,1.410260e+06,8.843788e+01,,,,5
2018-04-26 13:22:31.000000,2.609022e+07,1.818789e+07,1.239953e+02,1.410260e+06,8.843788e+01,,,,5
2018-04-26 13:22:32.000000,2.609023e+07,1.818747e+07,1.239951e+02,1.410260e+06,8.843788e+01,,,,5
2018-04-26 13:22:33.000000,2.609025e+07,1.818805e+07,1.239954e+02,1.410260e+06,8.843788e+01,,,,5
2018-04-26 13:22:34.000000,2.609025e+07,1.818775e+07,1.239953e+02,1.410260e+06,8.843788e+01,,,,5
2018-04-26 13:22:35.000000,2.609025e+07,1.818899e+07,1.239959e+02,1.410260e+06,8.843788e+01,,,,5
2018-04-26 13:22:36.000000,2.609022e+07,1.818700e+07,1.239947e+02,1.410260e+06,8.843788e+01,,,,5
2018-04-26 13:22:37.000000,2.609023e+07,1.818802e+07,1.239953e+02,1.410260e+06,8.843788e+01,,,,5
2018-04-26 13:22:38.000000,2.609023e+07,1.818685e+07,1.239946e+02,1.410260e+06,8.843788e+01,,,,5
2018-04-26 13:22:39.000000,2.609025e+07,1.818766e+07,1.239950e+02,1.410260e+06,8.843788e+01,,,,5
2018-04-26 13:22:40.000000,2.609025e+07,1.818657e+07,1.239944e+02,1.410260e+06,8.843788e+01,,,,5
2018-04-26 13:22:41.000000,2.609024e+07,1.818817e+07,1.239952e+02,1.410260e+06,8.843788e+01,,,,5
2018-04-26 13:22:42.000000,2.609023e+07,1.818748e+07,1.239950e+02,1.410260e+06,8.843787e+01,,,,5
2018-04-26 13:22:43.000000,2.609023e+07,1.818748e+07,1.239951e+02,1.410260e+06,8.843787e+01,,,,5
2018-04-26 13:22:44.000000,2.609025e+07,1.818771e+07,1.239952e+02,1.410260e+06,8.843787e+01,,,,5
2018-04-26 13:22:45.000000,2.609024e+07,1.818780e+07,1.239953e+02,1.410260e+06,8.843787e+01,,,,5
2018-04-26 13:22:46.000000,2.609024e+07,1.818806e+07,1.239954e+02,1.410260e+06,8.843787e+01,,,,5
2018-04-26 13:22:47.000000,2.609023e+07,1.818699e+07,1.239948e+02,1.410260e+06,8.843787e+01,,,,5
2018-04-26 13:22:48.000000,2.609023e+07,1.818803e+07,1.239953e+02,1.410260e+06,8.843787e+01,,,,5
2018-04-26 13:22:49.000000,2.609023e+07,1.818682e+07,1.239946e+02,1.410260e+06,8.843787e+01,,,,5
2018-04-26 13:22:50.000000,2.609024e+07,1.818772e+07,1.239951e+02,1.410260e+06,8.843787e+01,,,,5
2018-04-26 13:22:51.000000,2.609024e+07,1.818654e+07,1.239943e+02,1.410260e+06,8.843787e+01,,,,5
2018-04-26 13:22:52.000000,2.609025e+07,1.818830e+07,1.239953e+02,1.410260e+06,8.843787e+01,,,,5
2018-04-26 13:22:53.000000,2.609023e+07,1.818750e+07,1.239950e+02,1.410260e+06,8.843786e+01,,,,5
2018-04-26 13:22:54.000000,2.609023e+07,1.818915e+07,1.239960e+02,1.410260e+06,8.843786e+01,,,,5
2018-04-26 13:22:55.000000,2.609024e+07,1.818791e+07,1.239954e+02,1.410260e+06,8.843786e+01,,,,5
2018-04-26 13:22:56.000000,2.609025e+07,1.818939e+07,1.239961e+02,1.410260e+06,8.843786e+01,,,,5
2018-04-26 13:22:57.000000,2.609025e+07,1.818816e+07,1.239954e+02,1.410260e+06,8.843786e+01,,,,5
2018-04-26 13:22:58.000000,2.609023e+07,1.818845e+07,1.239955e+02,1.410260e+06,8.843786e+01,,,,5
2018-04-26 13:22:59.000000,2.609023e+07,1.818727e+07,1.239949e+02,1.410260e+06,8.843786e+01,,,,5
2018-04-26 13:23:00.000000,2.609022e+07,1.818682e+07,1.239946e+02,1.410260e+06,8.843786e+01,,,,5
2018-04-26 13:23:01.000000,2.609025e+07,1.818685e+07,1.239945e+02,1.410260e+06,8.843786e+01,,,,5
2018-04-26 13:23:02.000000,2.609025e+07,1.818652e+07,1.239944e+02,1.410260e+06,8.843786e+01,,,,5
2018-04-26 13:23:03.000000,2.609025e+07,1.818770e+07,1.239950e+02,1.410260e+06,8.843786e+01,,,,5
2018-04-26 13:23:04.000000,2.609023e+07,1.818744e+07,1.239950e+02,1.410260e+06,8.843786e+01,,,,5
2018-04-26 13:23:05.000000,2.609022e+07,1.818859e+07,1.239957e+02,1.410260e+06,8.843785e+01,,,,5
2018-04-26 13:23:06.000000,2.609023e+07,1.818744e+07,1.239950e+02,1.410260e+06,8.843785e+01,,,,5
2018-04-26 13:23:07.000000,2.609025e+07,1.818940e+07,1.239961e+02,1.410260e+06,8.843785e+01,,,,5
2018-04-26 13:23:08.000000,2.609025e+07,1.818782e+07,1.239952e+02,1.410260e+06,8.843785e+01,,,,5
2018-04-26 13:23:09.000000,2.609023e+07,1.818853e+07,1.239956e+02,1.410260e+06,8.843785e+01,,,,5
2018-04-26 13:23:10.000000,2.609022e+07,1.818694e+07,1.239947e+02,1.410260e+06,8.843785e+01,,,,5
2018-04-26 13:23:11.000000,2.609023e+07,1.818688e+07,1.239947e+02,1.410260e+06,8.843785e+01,,,,5
2018-04-26 13:23:12.000000,2.609024e+07,1.818685e+07,1.239945e+02,1.410260e+06,8.843785e+01,,,,5
2018-04-26 13:23:13.000000,2.609025e+07,1.818657e+07,1.239944e+02,1.410260e+06,8.843785e+01,,,,5
2018-04-26 13:23:14.000000,2.609024e+07,1.818778e+07,1.239951e+02,1.410260e+06,8.843785e+01,,,,5
2018-04-26 13:23:15.000000,2.609023e+07,1.818749e+07,1.239950e+02,1.410260e+06,8.843785e+01,,,,5
2018-04-26 13:23:16.000000,2.609023e+07,1.818866e+07,1.239957e+02,1.410260e+06,8.843785e+01,,,,5
2018-04-26 13:23:17.000000,2.609023e+07,1.818744e+07,1.239950e+02,1.410260e+06,8.843784e+01,,,,5
2018-04-26 13:23:18.000000,2.609025e+07,1.818889e+07,1.239958e+02,1.410260e+06,8.843784e+01,,,,5
2018-04-26 13:23:19.000000,2.609024e+07,1.818782e+07,1.239953e+02,1.410260e+06,8.843784e+01,,,,5
2018-04-26 13:23:20.000000,2.609025e+07,1.818952e+07,1.239962e+02,1.410260e+06,8.843784e+01,,,,5
2018-04-26 13:23:21.000000,2.609023e+07,1.818704e+07,1.239947e+02,1.410260e+06,8.843784e+01,,,,5
2018-04-26 13:23:22.000000,2.609023e+07,1.818842e+07,1.239955e+02,1.410260e+06,8.843784e+01,,,,5
2018-04-26 13:23:23.000000,2.609025e+07,1.818674e+07,1.239945e+02,1.410260e+06,8.843784e+01,,,,5
2018-04-26 13:23:24.000000,2.609024e+07,1.818805e+07,1.239951e+02,1.410260e+06,8.843784e+01,,,,5
2018-04-26 13:23:25.000000,2.609025e+07,1.818689e+07,1.239945e+02,1.410260e+06,8.843784e+01,,,,5
2018-04-26 13:23:26.000000,2.609023e+07,1.818742e+07,1.239950e+02,1.410260e+06,8.843784e+01,,,,5
2018-04-26 13:23:27.000000,2.609023e+07,1.818775e+07,1.239952e+02,1.410260e+06,8.843784e+01,,,,5
2018-04-26 13:23:28.000000,2.609023e+07,1.818742e+07,1.239950e+02,1.410260e+06,8.843783e+01,,,,5
2018-04-26 13:23:29.000000,2.609024e+07,1.818801e+07,1.239954e+02,1.410260e+06,8.843783e+01,,,,5
2018-04-26 13:23:30.000000,2.609025e+07,1.818774e+07,1.239953e+02,1.410260e+06,8.843783e+01,,,,5
2018-04-26 13:23:31.000000,2.609024e+07,1.818954e+07,1.239962e+02,1.410260e+06,8.843783e+01,,,,5
2018-04-26 13:23:32.000000,2.609023e+07,1.818702e+07,1.239947e+02,1.410260e+06,8.843783e+01,,,,5
2018-04-26 13:23:33.000000,2.609022e+07,1.818853e+07,1.239955e+02,1.410260e+06,8.843783e+01,,,,5
2018-04-26 13:23:34.000000,2.609022e+07,1.818681e+07,1.239946e+02,1.410260e+06,8.843783e+01,,,,5
2018-04-26 13:23:35.000000,2.609025e+07,1.818821e+07,1.239952e+02,1.410260e+06,8.843783e+01,,,,5
2018-04-26 13:23:36.000000,2.609024e+07,1.818691e+07,1.239945e+02,1.410260e+06,8.843783e+01,,,,5
2018-04-26 13:23:37.000000,2.609023e+07,1.818896e+07,1.239958e+02,1.410260e+06,8.843783e+01,,,,5
2018-04-26 13:23:38.000000,2.609022e+07,1.818789e+07,1.239953e+02,1.410260e+06,8.843783e+01,,,,5
2018-04-26 13:23:39.000000,2.609023e+07,1.818747e+07,1.239950e+02,1.410260e+06,8.843783e+01,,,,5
2018-04-26 13:23:40.000000,2.609025e+07,1.818803e+07,1.239954e+02,1.410260e+06,8.843782e+01,,,,5
2018-04-26 13:23:41.000000,2.609024e+07,1.818775e+07,1.239953e+02,1.410260e+06,8.843782e+01,,,,5
2018-04-26 13:23:42.000000,2.609025e+07,1.818899e+07,1.239959e+02,1.410260e+06,8.843782e+01,,,,5
2018-04-26 13:23:43.000000,2.609022e+07,1.818701e+07,1.239947e+02,1.410260e+06,8.843782e+01,,,,5
2018-04-26 13:23:44.000000,2.609023e+07,1.818802e+07,1.239953e+02,1.410260e+06,8.843782e+01,,,,5
2018-04-26 13:23:45.000000,2.609023e+07,1.818685e+07,1.239946e+02,1.410260e+06,8.843782e+01,,,,5
2018-04-26 13:23:46.000000,2.609025e+07,1.818766e+07,1.239950e+02,1.410260e+06,8.843782e+01,,,,5
2018-04-26 13:23:47.000000,2.609025e+07,1.818658e+07,1.239944e+02,1.410260e+06,8.843782e+01,,,,5
2018-04-26 13:23:48.000000,2.609024e+07,1.818817e+07,1.239952e+02,1.410260e+06,8.843782e+01,,,,5
2018-04-26 13:23:49.000000,2.609023e+07,1.818748e+07,1.239950e+02,1.410260e+06,8.843782e+01,,,,5
2018-04-26 13:23:50.000000,2.609023e+07,1.818748e+07,1.239951e+02,1.410260e+06,8.843782e+01,,,,5
2018-04-26 13:23:51.000000,2.609025e+07,1.818771e+07,1.239952e+02,1.410260e+06,8.843782e+01,,,,5
2018-04-26 13:23:52.000000,2.609024e+07,1.818780e+07,1.239953e+02,1.410260e+06,8.843781e+01,,,,5
2018-04-26 13:23:53.000000,2.609024e+07,1.818806e+07,1.239954e+02,1.410260e+06,8.843781e+01,,,,5
2018-04-26 13:23:54.000000,2.609023e+07,1.818700e+07,1.239948e+02,1.410260e+06,8.843781e+01,,,,5
2018-04-26 13:23:55.000000,2.609023e+07,1.818802e+07,1.239953e+02,1.410260e+06,8.843781e+01,,,,5
2018-04-26 13:23:56.000000,2.609023e+07,1.818682e+07,1.239946e+02,1.410260e+06,8.843781e+01,,,,5
2018-04-26 13:23:57.000000,2.609024e+07,1.818772e+07,1.239950e+02,1.410260e+06,8.843781e+01,,,,5
2018-04-26 13:23:58.000000,2.609024e+07,1.818654e+07,1.239943e+02,1.410260e+06,8.843781e+01,,,,5
2018-04-26 13:23:59.000000,2.609025e+07,1.818830e+07,1.239953e+02,1.410260e+06,8.843781e+01,,,,5
2018-04-26 13:24:00.000000,2.609023e+07,1.818750e+07,1.239950e+02,1.410260e+06,8.843781e+01,,,,5
2018-04-26 13:24:01.000000,2.609023e+07,1.818914e+07,1.239960e+02,1.410260e+06,8.843781e+01,,,,5
2018-04-26 13:24:02.000000,2.609022e+07,1.818778e+07,1.239952e+02,1.410260e+06,8.843781e+01,,,,5
2018-04-26 13:24:03.000000,2.609025e+07,1.818940e+07,1.239961e+02,1.410260e+06,8.843780e+01,,,,5
2018-04-26 13:24:04.000000,2.609025e+07,1.818816e+07,1.239954e+02,1.410260e+06,8.843780e+01,,,,5
2018-04-26 13:24:05.000000,2.609023e+07,1.818845e+07,1.239955e+02,1.410260e+06,8.843780e+01,,,,5
2018-04-26 13:24:06.000000,2.609023e+07,1.818727e+07,1.239949e+02,1.410260e+06,8.843780e+01,,,,5
2018-04-26 13:24:07.000000,2.609022e+07,1.818682e+07,1.239946e+02,1.410260e+06,8.843780e+01,,,,5
2018-04-26 13:24:08.000000,2.609025e+07,1.818685e+07,1.239945e+02,1.410260e+06,8.843780e+01,,,,5
2018-04-26 13:24:09.000000,2.609025e+07,1.818652e+07,1.239944e+02,1.410260e+06,8.843780e+01,,,,5
2018-04-26 13:24:10.000000,2.609025e+07,1.818770e+07,1.239950e+02,1.410260e+06,8.843780e+01,,,,5
2018-04-26 13:24:11.000000,2.609023e+07,1.818744e+07,1.239950e+02,1.410260e+06,8.843780e+01,,,,5
2018-04-26 13:24:12.000000,2.609022e+07,1.818858e+07,1.239956e+02,1.410260e+06,8.843780e+01,,,,5
2018-04-26 13:24:13.000000,2.609023e+07,1.818744e+07,1.239950e+02,1.410260e+06,8.843780e+01,,,,5
2018-04-26 13:24:14.000000,2.609024e+07,1.818938e+07,1.239961e+02,1.410260e+06,8.843780e+01,,,,5
2018-04-26 13:24:15.000000,2.609025e+07,1.818782e+07,1.239952e+02,1.410260e+06,8.843779e+01,,,,5
2018-04-26 13:24:16.000000,2.609024e+07,1.818780e+07,1.239953e+02,1.410260e+06,8.843779e+01,,,,5
2018-04-26 13:24:17.000000,2.609022e+07,1.818688e+07,1.239947e+02,1.410260e+06,8.843779e+01,,,,5
2018-04-26 13:24:18.000000,2.609023e+07,1.818688e+07,1.239947e+02,1.410260e+06,8.843779e+01,,,,5
2018-04-26 13:24:19.000000,2.609024e+07,1.818685e+07,1.239945e+02,1.410260e+06,8.843779e+01,,,,5
2018-04-26 13:24:20.000000,2.609025e+07,1.818657e+07,1.239944e+02,1.410260e+06,8.843779e+01,,,,5
2018-04-26 13:24:21.000000,2.609024e+07,1.818777e+07,1.239950e+02,1.410260e+06,8.843779e+01,,,,5
2018-04-26 13:24:22.000000,2.609023e+07,1.818749e+07,1.239950e+02,1.410260e+06,8.843779e+01,,,,5
2018-04-26 13:24:23.000000,2.609023e+07,1.818865e+07,1.239957e+02,1.410260e+06,8.843779e+01,,,,5
2018-04-26 13:24:24.000000,2.609023e+07,1.818746e+07,1.239950e+02,1.410260e+06,8.843779e+01,,,,5
2018-04-26 13:24:25.000000,2.609025e+07,1.818889e+07,1.239958e+02,1.410260e+06,8.843779e+01,,,,5
2018-04-26 13:24:26.000000,2.609024e+07,1.818782e+07,1.239952e+02,1.410260e+06,8.843779e+01,,,,5
2018-04-26 13:24:27.000000,2.609025e+07,1.818951e+07,1.239962e+02,1.410260e+06,8.843778e+01,,,,5
2018-04-26 13:24:28.000000,2.609023e+07,1.818705e+07,1.239947e+02,1.410260e+06,8.843778e+01,,,,5
2018-04-26 13:24:29.000000,2.609023e+07,1.818842e+07,1.239955e+02,1.410260e+06,8.843778e+01,,,,5
2018-04-26 13:24:30.000000,2.609025e+07,1.818674e+07,1.239945e+02,1.410260e+06,8.843778e+01,,,,5
2018-04-26 13:24:31.000000,2.609024e+07,1.818803e+07,1.239951e+02,1.410260e+06,8.843778e+01,,,,5
2018-04-26 13:24:32.000000,2.609025e+07,1.818689e+07,1.239945e+02,1.410260e+06,8.843778e+01,,,,5
2018-04-26 13:24:33.000000,2.609023e+07,1.818742e+07,1.239950e+02,1.410260e+06,8.843778e+01,,,,5
2018-04-26 13:24:34.000000,2.609023e+07,1.818775e+07,1.239952e+02,1.410260e+06,8.843778e+01,,,,5
2018-04-26 13:24:35.000000,2.609023e+07,1.818741e+07,1.239950e+02,1.410260e+06,8.843778e+01,,,,5
2018-04-26 13:24:36.000000,2.609024e+07,1.818801e+07,1.239954e+02,1.410260e+06,8.843778e+01,,,,5
2018-04-26 13:24:37.000000,2.609025e+07,1.818774e+07,1.239952e+02,1.410260e+06,8.843778e+01,,,,5
2018-04-26 13:24:38.000000,2.609024e+07,1.818952e+07,1.239962e+02,1.410260e+06,8.843778e+01,,,,5
2018-04-26 13:24:39.000000,2.609023e+07,1.818702e+07,1.239947e+02,1.410260e+06,8.843777e+01,,,,5
2018-04-26 13:24:40.000000,2.609022e+07,1.818853e+07,1.239955e+02,1.410260e+06,8.843777e+01,,,,5
2018-04-26 13:24:41.000000,2.609022e+07,1.818683e+07,1.239946e+02,1.410260e+06,8.843777e+01,,,,5
2018-04-26 13:24:42.000000,2.609025e+07,1.818821e+07,1.239952e+02,1.410260e+06,8.843777e+01,,,,5
2018-04-26 13:24:43.000000,2.609024e+07,1.818691e+07,1.239945e+02,1.410260e+06,8.843777e+01,,,,5
2018-04-26 13:24:44.000000,2.609023e+07,1.818896e+07,1.239958e+02,1.410260e+06,8.843777e+01,,,,5
2018-04-26 13:24:45.000000,2.609022e+07,1.818790e+07,1.239953e+02,1.410260e+06,8.843777e+01,,,,5
2018-04-26 13:24:46.000000,2.609023e+07,1.818747e+07,1.239950e+02,1.410260e+06,8.843777e+01,,,,5
2018-04-26 13:24:47.000000,2.609025e+07,1.818803e+07,1.239954e+02,1.410260e+06,8.843777e+01,,,,5
2018-04-26 13:24:48.000000,2.609024e+07,1.818776e+07,1.239952e+02,1.410260e+06,8.843777e+01,,,,5
2018-04-26 13:24:49.000000,2.609025e+07,1.818899e+07,1.239959e+02,1.410260e+06,8.843777e+01,,,,5
2018-04-26 13:24:50.000000,2.609022e+07,1.818701e+07,1.239947e+02,1.410260e+06,8.843777e+01,,,,5
2018-04-26 13:24:51.000000,2.609023e+07,1.818801e+07,1.239953e+02,1.410260e+06,8.843776e+01,,,,5
2018-04-26 13:24:52.000000,2.609023e+07,1.818684e+07,1.239946e+02,1.410260e+06,8.843776e+01,,,,5
2018-04-26 13:24:53.000000,2.609025e+07,1.818766e+07,1.239950e+02,1.410260e+06,8.843776e+01,,,,5
2018-04-26 13:24:54.000000,2.609025e+07,1.818658e+07,1.239944e+02,1.410260e+06,8.843776e+01,,,,5
2018-04-26 13:24:55.000000,2.609024e+07,1.818815e+07,1.239952e+02,1.410260e+06,8.843776e+01,,,,5
2018-04-26 13:24:56.000000,2.609023e+07,1.818749e+07,1.239950e+02,1.410260e+06,8.843776e+01,,,,5
2018-04-26 13:24:57.000000,2.609023e+07,1.818748e+07,1.239951e+02,1.410260e+06,8.843776e+01,,,,5
2018-04-26 13:24:58.000000,2.609025e+07,1.818771e+07,1.239952e+02,1.410260e+06,8.843776e+01,,,,5
2018-04-26 13:24:59.000000,2.609024e+07,1.818780e+07,1.239953e+02,1.410260e+06,8.843776e+01,,,,5
2018-04-26 13:25:00.000000,2.609024e+07,1.818806e+07,1.239954e+02,1.410260e+06,8.843776e+01,,,,5
2018-04-26 13:25:01.000000,2.609023e+07,1.818700e+07,1.239948e+02,1.410260e+06,8.843776e+01,,,,5
2018-04-26 13:25:02.000000,2.609023e+07,1.818801e+07,1.239953e+02,1.410260e+06,8.843776e+01,,,,5
2018-04-26 13:25:03.000000,2.609023e+07,1.818681e+07,1.239946e+02,1.410260e+06,8.843775e+01,,,,5
2018-04-26 13:25:04.000000,2.609024e+07,1.818771e+07,1.239950e+02,1.410260e+06,8.843775e+01,,,,5
2018-04-26 13:25:05.000000,2.609024e+07,1.818655e+07,1.239943e+02,1.410260e+06,8.843775e+01,,,,5
2018-04-26 13:25:06.000000,2.609025e+07,1.818772e+07,1.239950e+02,1.410260e+06,8.843775e+01,,,,5
2018-04-26 13:25:07.000000,2.609023e+07,1.818744e+07,1.239950e+02,1.410260e+06,8.843775e+01,,,,5
2018-04-26 13:25:08.000000,2.609023e+07,1.818859e+07,1.239956e+02,1.410260e+06,8.843775e+01,,,,5
2018-04-26 13:25:09.000000,2.609023e+07,1.818743e+07,1.239950e+02,1.410260e+06,8.843775e+01,,,,5
2018-04-26 13:25:10.000000,2.609024e+07,1.818940e+07,1.239961e+02,1.410260e+06,8.843775e+01,,,,5
2018-04-26 13:25:11.000000,2.609025e+07,1.818782e+07,1.239952e+02,1.410260e+06,8.843775e+01,,,,5
2018-04-26 13:25:12.000000,2.609023e+07,1.818853e+07,1.239956e+02,1.410260e+06,8.843775e+01,,,,5
2018-04-26 13:25:13.000000,2.609022e+07,1.818694e+07,1.239947e+02,1.410260e+06,8.843775e+01,,,,5
2018-04-26 13:25:14.000000,2.609023e+07,1.818689e+07,1.239947e+02,1.410260e+06,8.843775e+01,,,,5
2018-04-26 13:25:15.000000,2.609024e+07,1.818686e+07,1.239945e+02,1.410260e+06,8.843774e+01,,,,5
2018-04-26 13:25:16.000000,2.609025e+07,1.818657e+07,1.239944e+02,1.410260e+06,8.843774e+01,,,,5
2018-04-26 13:25:17.000000,2.609024e+07,1.818778e+07,1.239950e+02,1.410260e+06,8.843774e+01,,,,5
2018-04-26 13:25:18.000000,2.609023e+07,1.818749e+07,1.239950e+02,1.410260e+06,8.843774e+01,,,,5
2018-04-26 13:25:19.000000,2.609023e+07,1.818866e+07,1.239957e+02,1.410260e+06,8.843774e+01,,,,5
2018-04-26 13:25:20.000000,2.609023e+07,1.818745e+07,1.239950e+02,1.410260e+06,8.843774e+01,,,,5
2018-04-26 13:25:21.000000,2.609025e+07,1.818889e+07,1.239958e+02,1.410260e+06,8.843774e+01,,,,5
2018-04-26 13:25:22.000000,2.609024e+07,1.818782e+07,1.239952e+02,1.410260e+06,8.843774e+01,,,,5
2018-04-26 13:25:23.000000,2.609025e+07,1.818954e+07,1.239962e+02,1.410260e+06,8.843774e+01,,,,5
2018-04-26 13:25:24.000000,2.609023e+07,1.818704e+07,1.239947e+02,1.410260e+06,8.843774e+01,,,,5
2018-04-26 13:25:25.000000,2.609023e+07,1.818842e+07,1.239955e+02,1.410260e+06,8.843774e+01,,,,5
2018-04-26 13:25:26.000000,2.609025e+07,1.818672e+07,1.239945e+02,1.410260e+06,8.843774e+01,,,,5
2018-04-26 13:25:27.000000,2.609024e+07,1.818805e+07,1.239951e+02,1.410260e+06,8.843773e+01,,,,5
2018-04-26 13:25:28.000000,2.609025e+07,1.818689e+07,1.239945e+02,1.410260e+06,8.843773e+01,,,,5
2018-04-26 13:25:29.000000,2.609023e+07,1.818742e+07,1.239949e+02,1.410260e+06,8.843773e+01,,,,5
2018-04-26 13:25:30.000000,2.609023e+07,1.818775e+07,1.239952e+02,1.410260e+06,8.843773e+01,,,,5
2018-04-26 13:25:31.000000,2.609023e+07,1.818742e+07,1.239950e+02,1.410260e+06,8.843773e+01,,,,5
2018-04-26 13:25:32.000000,2.609024e+07,1.818801e+07,1.239954e+02,1.410260e+06,8.843773e+01,,,,5
2018-04-26 13:25:33.000000,2.609025e+07,1.818775e+07,1.239952e+02,1.410260e+06,8.843773e+01,,,,5
2018-04-26 13:25:34.000000,2.609025e+07,1.818954e+07,1.239962e+02,1.410260e+06,8.843773e+01,,,,5
2018-04-26 13:25:35.000000,2.609023e+07,1.818702e+07,1.239947e+02,1.410260e+06,8.843773e+01,,,,5
2018-04-26 13:25:36.000000,2.609023e+07,1.818853e+07,1.239955e+02,1.410260e+06,8.843773e+01,,,,5
2018-04-26 13:25:37.000000,2.609023e+07,1.818681e+07,1.239946e+02,1.410260e+06,8.843773e+01,,,,5
2018-04-26 13:25:38.000000,2.609025e+07,1.818822e+07,1.239952e+02,1.410260e+06,8.843773e+01,,,,5
2018-04-26 13:25:39.000000,2.609025e+07,1.818692e+07,1.239945e+02,1.410260e+06,8.843772e+01,,,,5
2018-04-26 13:25:40.000000,2.609023e+07,1.818898e+07,1.239958e+02,1.410260e+06,8.843772e+01,,,,5
2018-04-26 13:25:41.000000,2.609022e+07,1.818789e+07,1.239953e+02,1.410260e+06,8.843772e+01,,,,5
2018-04-26 13:25:42.000000,2.609023e+07,1.818747e+07,1.239950e+02,1.410260e+06,8.843772e+01,,,,5
2018-04-26 13:25:43.000000,2.609025e+07,1.818805e+07,1.239954e+02,1.410260e+06,8.843772e+01,,,,5
2018-04-26 13:25:44.000000,2.609025e+07,1.818775e+07,1.239952e+02,1.410260e+06,8.843772e+01,,,,5
2018-04-26 13:25:45.000000,2.609025e+07,1.818899e+07,1.239959e+02,1.410260e+06,8.843772e+01,,,,5
2018-04-26 13:25:46.000000,2.609022e+07,1.818701e+07,1.239947e+02,1.410260e+06,8.843772e+01,,,,5
2018-04-26 13:25:47.000000,2.609023e+07,1.818802e+07,1.239953e+02,1.410260e+06,8.843772e+01,,,,5
2018-04-26 13:25:48.000000,2.609023e+07,1.818685e+07,1.239946e+02,1.410260e+06,8.843772e+01,,,,5
2018-04-26 13:25:49.000000,2.609025e+07,1.818766e+07,1.239950e+02,1.410260e+06,8.843772e+01,,,,5
2018-04-26 13:25:50.000000,2.609025e+07,1.818657e+07,1.239944e+02,1.410260e+06,8.843772e+01,,,,5
2018-04-26 13:25:51.000000,2.609024e+07,1.818817e+07,1.239952e+02,1.410260e+06,8.843771e+01,,,,5
2018-04-26 13:25:52.000000,2.609023e+07,1.818748e+07,1.239950e+02,1.410260e+06,8.843771e+01,,,,5
2018-04-26 13:25:53.000000,2.609023e+07,1.818748e+07,1.239950e+02,1.410260e+06,8.843771e+01,,,,5
2018-04-26 13:25:54.000000,2.609025e+07,1.818771e+07,1.239952e+02,1.410260e+06,8.843771e+01,,,,5
2018-04-26 13:25:55.000000,2.609024e+07,1.818780e+07,1.239953e+02,1.410260e+06,8.843771e+01,,,,5
2018-04-26 13:25:56.000000,2.609024e+07,1.818806e+07,1.239954e+02,1.410260e+06,8.843771e+01,,,,5
2018-04-26 13:25:57.000000,2.609023e+07,1.818700e+07,1.239947e+02,1.410260e+06,8.843771e+01,,,,5
2018-04-26 13:25:58.000000,2.609023e+07,1.818803e+07,1.239953e+02,1.410260e+06,8.843771e+01,,,,5
2018-04-26 13:25:59.000000,2.609023e+07,1.818682e+07,1.239946e+02,1.410260e+06,8.843771e+01,,,,5
2018-04-26 13:26:00.000000,2.609024e+07,1.818772e+07,1.239950e+02,1.410260e+06,8.843771e+01,,,,5
2018-04-26 13:26:01.000000,2.609024e+07,1.818654e+07,1.239943e+02,1.410260e+06,8.843771e+01,,,,5
2018-04-26 13:26:02.000000,2.609025e+07,1.818830e+07,1.239953e+02,1.410260e+06,8.843771e+01,,,,5
2018-04-26 13:26:03.000000,2.609023e+07,1.818750e+07,1.239950e+02,1.410260e+06,8.843770e+01,,,,5
2018-04-26 13:26:04.000000,2.609023e+07,1.818914e+07,1.239960e+02,1.410260e+06,8.843770e+01,,,,5
2018-04-26 13:26:05.000000,2.609024e+07,1.818791e+07,1.239953e+02,1.410260e+06,8.843770e+01,,,,5
2018-04-26 13:26:06.000000,2.609025e+07,1.818939e+07,1.239961e+02,1.410260e+06,8.843770e+01,,,,5
2018-04-26 13:26:07.000000,2.609025e+07,1.818816e+07,1.239954e+02,1.410260e+06,8.843770e+01,,,,5
2018-04-26 13:26:08.000000,2.609023e+07,1.818845e+07,1.239955e+02,1.410260e+06,8.843770e+01,,,,5
2018-04-26 13:26:09.000000,2.609023e+07,1.818727e+07,1.239949e+02,1.410260e+06,8.843770e+01,,,,5
2018-04-26 13:26:10.000000,2.609022e+07,1.818682e+07,1.239946e+02,1.410260e+06,8.843770e+01,,,,5
2018-04-26 13:26:11.000000,2.609025e+07,1.818685e+07,1.239945e+02,1.410260e+06,8.843770e+01,,,,5
2018-04-26 13:26:12.000000,2.609025e+07,1.818652e+07,1.239943e+02,1.410260e+06,8.843770e+01,,,,5
2018-04-26 13:26:13.000000,2.609025e+07,1.818770e+07,1.239950e+02,1.410260e+06,8.843770e+01,,,,5
2018-04-26 13:26:14.000000,2.609023e+07,1.818744e+07,1.239950e+02,1.410260e+06,8.843770e+01,,,,5
2018-04-26 13:26:15.000000,2.609022e+07,1.818859e+07,1.239956e+02,1.410260e+06,8.843769e+01,,,,5
2018-04-26 13:26:16.000000,2.609023e+07,1.818744e+07,1.239950e+02,1.410260e+06,8.843769e+01,,,,5
2018-04-26 13:26:17.000000,2.609025e+07,1.818940e+07,1.239961e+02,1.410260e+06,8.843769e+01,,,,5
2018-04-26 13:26:18.000000,2.609025e+07,1.818782e+07,1.239952e+02,1.410260e+06,8.843769e+01,,,,5
2018-04-26 13:26:19.000000,2.609023e+07,1.818853e+07,1.239956e+02,1.410260e+06,8.843769e+01,,,,5
2018-04-26 13:26:20.000000,2.609023e+07,1.818696e+07,1.239947e+02,1.410260e+06,8.843769e+01,,,,5
2018-04-26 13:26:21.000000,2.609023e+07,1.818689e+07,1.239946e+02,1.410260e+06,8.843769e+01,,,,5
2018-04-26 13:26:22.000000,2.609024e+07,1.818685e+07,1.239945e+02,1.410260e+06,8.843769e+01,,,,5
2018-04-26 13:26:23.000000,2.609025e+07,1.818657e+07,1.239944e+02,1.410260e+06,8.843769e+01,,,,5
2018-04-26 13:26:24.000000,2.609024e+07,1.818778e+07,1.239950e+02,1.410260e+06,8.843769e+01,,,,5
2018-04-26 13:26:25.000000,2.609023e+07,1.818749e+07,1.239950e+02,1.410260e+06,8.843769e+01,,,,5
2018-04-26 13:26:26.000000,2.609023e+07,1.818866e+07,1.239957e+02,1.410260e+06,8.843769e+01,,,,5
2018-04-26 13:26:27.000000,2.609023e+07,1.818746e+07,1.239950e+02,1.410260e+06,8.843768e+01,,,,5
2018-04-26 13:26:28.000000,2.609025e+07,1.818889e+07,1.239958e+02,1.410260e+06,8.843768e+01,,,,5
2018-04-26 13:26:29.000000,2.609024e+07,1.818782e+07,1.239952e+02,1.410260e+06,8.843768e+01,,,,5
2018-04-26 13:26:30.000000,2.609025e+07,1.818952e+07,1.239962e+02,1.410260e+06,8.843768e+01,,,,5
2018-04-26 13:26:31.000000,2.609023e+07,1.818704e+07,1.239947e+02,1.410260e+06,8.843768e+01,,,,5
2018-04-26 13:26:32.000000,2.609023e+07,1.818842e+07,1.239955e+02,1.410260e+06,8.843768e+01,,,,5
2018-04-26 13:26:33.000000,2.609025e+07,1.818674e+07,1.239944e+02,1.410260e+06,8.843768e+01,,,,5
2018-04-26 13:26:34.000000,2.609024e+07,1.818805e+07,1.239951e+02,1.410260e+06,8.843768e+01,,,,5
2018-04-26 13:26:35.000000,2.609025e+07,1.818689e+07,1.239945e+02,1.410260e+06,8.843768e+01,,,,5
2018-04-26 13:26:36.000000,2.609023e+07,1.818742e+07,1.239949e+02,1.410260e+06,8.843768e+01,,,,5
2018-04-26 13:26:37.000000,2.609023e+07,1.818775e+07,1.239952e+02,1.410260e+06,8.843768e+01,,,,5
2018-04-26 13:26:38.000000,2.609023e+07,1.818742e+07,1.239950e+02,1.410260e+06,8.843768e+01,,,,5
2018-04-26 13:26:39.000000,2.609024e+07,1.818801e+07,1.239954e+02,1.410260e+06,8.843767e+01,,,,5
2018-04-26 13:26:40.000000,2.609025e+07,1.818774e+07,1.239952e+02,1.410260e+06,8.843767e+01,,,,5
2018-04-26 13:26:41.000000,2.609025e+07,1.818954e+07,1.239962e+02,1.410260e+06,8.843767e+01,,,,5
2018-04-26 13:26:42.000000,2.609023e+07,1.818702e+07,1.239947e+02,1.410260e+06,8.843767e+01,,,,5
2018-04-26 13:26:43.000000,2.609023e+07,1.818853e+07,1.239955e+02,1.410260e+06,8.843767e+01,,,,5
2018-04-26 13:26:44.000000,2.609022e+07,1.818683e+07,1.239946e+02,1.410260e+06,8.843767e+01,,,,5
2018-04-26 13:26:45.000000,2.609025e+07,1.818821e+07,1.239952e+02,1.410260e+06,8.843767e+01,,,,5
2018-04-26 13:26:46.000000,2.609024e+07,1.818691e+07,1.239945e+02,1.410260e+06,8.843767e+01,,,,5
2018-04-26 13:26:47.000000,2.609023e+07,1.818896e+07,1.239958e+02,1.410260e+06,8.843767e+01,,,,5
2018-04-26 13:26:48.000000,2.609022e+07,1.818789e+07,1.239953e+02,1.410260e+06,8.843767e+01,,,,5
2018-04-26 13:26:49.000000,2.609023e+07,1.818747e+07,1.239950e+02,1.410260e+06,8.843767e+01,,,,5
2018-04-26 13:26:50.000000,2.609025e+07,1.818803e+07,1.239954e+02,1.410260e+06,8.843767e+01,,,,5
2018-04-26 13:26:51.000000,2.609024e+07,1.818775e+07,1.239952e+02,1.410260e+06,8.843766e+01,,,,5
2018-04-26 13:26:52.000000,2.609025e+07,1.818899e+07,1.239959e+02,1.410260e+06,8.843766e+01,,,,5
2018-04-26 13:26:53.000000,2.609022e+07,1.818701e+07,1.239947e+02,1.410260e+06,8.843766e+01,,,,5
2018-04-26 13:26:54.000000,2.609023e+07,1.818801e+07,1.239953e+02,1.410260e+06,8.843766e+01,,,,5
2018-04-26 13:26:55.000000,2.609023e+07,1.818685e+07,1.239946e+02,1.410260e+06,8.843766e+01,,,,5
2018-04-26 13:26:56.000000,2.609025e+07,1.818766e+07,1.239950e+02,1.410260e+06,8.843766e+01,,,,5
2018-04-26 13:26:57.000000,2.609025e+07,1.818658e+07,1.239943e+02,1.410260e+06,8.843766e+01,,,,5
2018-04-26 13:26:58.000000,2.609024e+07,1.818817e+07,1.239952e+02,1.410260e+06,8.843766e+01,,,,5
2018-04-26 13:26:59.000000,2.609023e+07,1.818748e+07,1.239950e+02,1.410260e+06,8.843766e+01,,,,5
2018-04-26 13:27:00.000000,2.609023e+07,1.818748e+07,1.239950e+02,1.410260e+06,8.843766e+01,,,,5
2018-04-26 13:27:01.000000,2.609025e+07,1.818771e+07,1.239952e+02,1.410260e+06,8.843766e+01,,,,5
2018-04-26 13:27:02.000000,2.609024e+07,1.818780e+07,1.239953e+02,1.410260e+06,8.843766e+01,,,,5
2018-04-26 13:27:03.000000,2.609024e+07,1.818806e+07,1.239954e+02,1.410260e+06,8.843766e+01,,,,5
2018-04-26 13:27:04.000000,2.609023e+07,1.818700e+07,1.239947e+02,1.410260e+06,8.843765e+01,,,,5
2018-04-26 13:27:05.000000,2.609023e+07,1.818802e+07,1.239953e+02,1.410260e+06,8.843765e+01,,,,5
2018-04-26 13:27:06.000000,2.609023e+07,1.818682e+07,1.239946e+02,1.410260e+06,8.843765e+01,,,,5
2018-04-26 13:27:07.000000,2.609024e+07,1.818772e+07,1.239950e+02,1.410260e+06,8.843765e+01,,,,5
2018-04-26 13:27:08.000000,2.609024e+07,1.818654e+07,1.239943e+02,1.410260e+06,8.843765e+01,,,,5
2018-04-26 13:27:09.000000,2.609025e+07,1.818830e+07,1.239953e+02,1.410260e+06,8.843765e+01,,,,5
2018-04-26 13:27:10.000000,2.609023e+07,1.818750e+07,1.239950e+02,1.410260e+06,8.843765e+01,,,,5
2018-04-26 13:27:11.000000,2.609023e+07,1.818913e+07,1.239959e+02,1.410260e+06,8.843765e+01,,,,5
2018-04-26 13:27:12.000000,2.609022e+07,1.818778e+07,1.239952e+02,1.410260e+06,8.843765e+01,,,,5
2018-04-26 13:27:13.000000,2.609025e+07,1.818941e+07,1.239961e+02,1.410260e+06,8.843765e+01,,,,5
2018-04-26 13:27:14.000000,2.609025e+07,1.818816e+07,1.239954e+02,1.410260e+06,8.843765e+01,,,,5
2018-04-26 13:27:15.000000,2.609023e+07,1.818845e+07,1.239955e+02,1.410260e+06,8.843765e+01,,,,5
2018-04-26 13:27:16.000000,2.609023e+07,1.818727e+07,1.239949e+02,1.410260e+06,8.843764e+01,,,,5
2018-04-26 13:27:17.000000,2.609022e+07,1.818682e+07,1.239946e+02,1.410260e+06,8.843764e+01,,,,5
2018-04-26 13:27:18.000000,2.609025e+07,1.818685e+07,1.239945e+02,1.410260e+06,8.843764e+01,,,,5
2018-04-26 13:27:19.000000,2.609025e+07,1.818652e+07,1.239943e+02,1.410260e+06,8.843764e+01,,,,5
2018-04-26 13:27:20.000000,2.609025e+07,1.818770e+07,1.239950e+02,1.410260e+06,8.843764e+01,,,,5
2018-04-26 13:27:21.000000,2.609023e+07,1.818744e+07,1.239950e+02,1.410260e+06,8.843764e+01,,,,5
2018-04-26 13:27:22.000000,2.609022e+07,1.818858e+07,1.239956e+02,1.410260e+06,8.843764e+01,,,,5
2018-04-26 13:27:23.000000,2.609023e+07,1.818744e+07,1.239950e+02,1.410260e+06,8.843764e+01,,,,5
2018-04-26 13:27:24.000000,2.609024e+07,1.818938e+07,1.239961e+02,1.410260e+06,8.843764e+01,,,,5
2018-04-26 13:27:25.000000,2.609025e+07,1.818782e+07,1.239952e+02,1.410260e+06,8.843764e+01,,,,5
2018-04-26 13:27:26.000000,2.609024e+07,1.818780e+07,1.239953e+02,1.410260e+06,8.843764e+01,,,,5
2018-04-26 13:27:27.000000,2.609022e+07,1.818688e+07,1.239947e+02,1.410260e+06,8.843764e+01,,,,5
2018-04-26 13:27:28.000000,2.609023e+07,1.818688e+07,1.239946e+02,1.410260e+06,8.843763e+01,,,,5
2018-04-26 13:27:29.000000,2.609024e+07,1.818685e+07,1.239945e+02,1.410260e+06,8.843763e+01,,,,5
2018-04-26 13:27:30.000000,2.609025e+07,1.818657e+07,1.239944e+02,1.410260e+06,8.843763e+01,,,,5
2018-04-26 13:27:31.000000,2.609024e+07,1.818777e+07,1.239950e+02,1.410260e+06,8.843763e+01,,,,5
2018-04-26 13:27:32.000000,2.609023e+07,1.818749e+07,1.239950e+02,1.410260e+06,8.843763e+01,,,,5
2018-04-26 13:27:33.000000,2.609023e+07,1.818865e+07,1.239957e+02,1.410260e+06,8.843763e+01,,,,5
2018-04-26 13:27:34.000000,2.609023e+07,1.818746e+07,1.239950e+02,1.410260e+06,8.843763e+01,,,,5
2018-04-26 13:27:35.000000,2.609025e+07,1.818889e+07,1.239958e+02,1.410260e+06,8.843763e+01,,,,5
2018-04-26 13:27:36.000000,2.609024e+07,1.818782e+07,1.239952e+02,1.410260e+06,8.843763e+01,,,,5
2018-04-26 13:27:37.000000,2.609025e+07,1.818951e+07,1.239962e+02,1.410260e+06,8.843763e+01,,,,5
2018-04-26 13:27:38.000000,2.609023e+07,1.818705e+07,1.239947e+02,1.410260e+06,8.843763e+01,,,,5
2018-04-26 13:27:39.000000,2.609023e+07,1.818842e+07,1.239955e+02,1.410260e+06,8.843763e+01,,,,5
2018-04-26 13:27:40.000000,2.609023e+07,1.818717e+07,1.239948e+02,1.410260e+06,8.843763e+01,,,,5
2018-04-26 13:27:41.000000,2.609024e+07,1.818810e+07,1.239952e+02,1.410260e+06,8.843762e+01,,,,5
2018-04-26 13:27:42.000000,2.609025e+07,1.818689e+07,1.239945e+02,1.410260e+06,8.843762e+01,,,,5
2018-04-26 13:27:43.000000,2.609023e+07,1.818742e+07,1.239949e+02,1.410260e+06,8.843762e+01,,,,5
2018-04-26 13:27:44.000000,2.609023e+07,1.818775e+07,1.239952e+02,1.410260e+06,8.843762e+01,,,,5
2018-04-26 13:27:45.000000,2.609023e+07,1.818742e+07,1.239950e+02,1.410260e+06,8.843762e+01,,,,5
2018-04-26 13:27:46.000000,2.609024e+07,1.818801e+07,1.239954e+02,1.410260e+06,8.843762e+01,,,,5
2018-04-26 13:27:47.000000,2.609025e+07,1.818774e+07,1.239952e+02,1.410260e+06,8.843762e+01,,,,5
2018-04-26 13:27:48.000000,2.609024e+07,1.818952e+07,1.239962e+02,1.410260e+06,8.843762e+01,,,,5
2018-04-26 13:27:49.000000,2.609023e+07,1.818702e+07,1.239947e+02,1.410260e+06,8.843762e+01,,,,5
2018-04-26 13:27:50.000000,2.609022e+07,1.818853e+07,1.239955e+02,1.410260e+06,8.843762e+01,,,,5
2018-04-26 13:27:51.000000,2.609022e+07,1.818683e+07,1.239946e+02,1.410260e+06,8.843762e+01,,,,5
2018-04-26 13:27:52.000000,2.609025e+07,1.818821e+07,1.239952e+02,1.410260e+06,8.843762e+01,,,,5
2018-04-26 13:27:53.000000,2.609024e+07,1.818691e+07,1.239945e+02,1.410260e+06,8.843761e+01,,,,5
2018-04-26 13:27:54.000000,2.609023e+07,1.818896e+07,1.239957e+02,1.410260e+06,8.843761e+01,,,,5
2018-04-26 13:27:55.000000,2.609022e+07,1.818790e+07,1.239953e+02,1.410260e+06,8.843761e+01,,,,5
2018-04-26 13:27:56.000000,2.609023e+07,1.818747e+07,1.239950e+02,1.410260e+06,8.843761e+01,,,,5
2018-04-26 13:27:57.000000,2.609025e+07,1.818803e+07,1.239954e+02,1.410260e+06,8.843761e+01,,,,5
2018-04-26 13:27:58.000000,2.609024e+07,1.818776e+07,1.239952e+02,1.410260e+06,8.843761e+01,,,,5
2018-04-26 13:27:59.000000,2.609025e+07,1.818899e+07,1.239959e+02,1.410260e+06,8.843761e+01,,,,5
2018-04-26 13:28:00.000000,2.609022e+07,1.818701e+07,1.239947e+02,1.410260e+06,8.843761e+01,,,,5
2018-04-26 13:28:01.000000,2.609023e+07,1.818801e+07,1.239953e+02,1.410260e+06,8.843761e+01,,,,5
2018-04-26 13:28:02.000000,2.609023e+07,1.818686e+07,1.239946e+02,1.410260e+06,8.843761e+01,,,,5
2018-04-26 13:28:03.000000,2.609025e+07,1.818765e+07,1.239950e+02,1.410260e+06,8.843761e+01,,,,5
2018-04-26 13:28:04.000000,2.609025e+07,1.818658e+07,1.239943e+02,1.410260e+06,8.843761e+01,,,,5
2018-04-26 13:28:05.000000,2.609024e+07,1.818815e+07,1.239952e+02,1.410260e+06,8.843760e+01,,,,5
2018-04-26 13:28:06.000000,2.609023e+07,1.818749e+07,1.239950e+02,1.410260e+06,8.843760e+01,,,,5
2018-04-26 13:28:07.000000,2.609023e+07,1.818748e+07,1.239950e+02,1.410260e+06,8.843760e+01,,,,5
2018-04-26 13:28:08.000000,2.609025e+07,1.818771e+07,1.239952e+02,1.410260e+06,8.843760e+01,,,,5
2018-04-26 13:28:09.000000,2.609024e+07,1.818780e+07,1.239953e+02,1.410260e+06,8.843760e+01,,,,5
2018-04-26 13:28:10.000000,2.609024e+07,1.818806e+07,1.239954e+02,1.410260e+06,8.843760e+01,,,,5
2018-04-26 13:28:11.000000,2.609023e+07,1.818700e+07,1.239947e+02,1.410260e+06,8.843760e+01,,,,5
2018-04-26 13:28:12.000000,2.609023e+07,1.818801e+07,1.239952e+02,1.410260e+06,8.843760e+01,,,,5
2018-04-26 13:28:13.000000,2.609023e+07,1.818682e+07,1.239946e+02,1.410260e+06,8.843760e+01,,,,5
2018-04-26 13:28:14.000000,2.609024e+07,1.818772e+07,1.239950e+02,1.410260e+06,8.843760e+01,,,,5
2018-04-26 13:28:15.000000,2.609024e+07,1.818655e+07,1.239943e+02,1.410260e+06,8.843760e+01,,,,5
2018-04-26 13:28:16.000000,2.609025e+07,1.818830e+07,1.239953e+02,1.410260e+06,8.843760e+01,,,,5
2018-04-26 13:28:17.000000,2.609023e+07,1.818750e+07,1.239950e+02,1.410260e+06,8.843760e+01,,,,5
2018-04-26 13:28:18.000000,2.609023e+07,1.818913e+07,1.239959e+02,1.410260e+06,8.843759e+01,,,,5
2018-04-26 13:28:19.000000,2.609022e+07,1.818779e+07,1.239952e+02,1.410260e+06,8.843759e+01,,,,5
2018-04-26 13:28:20.000000,2.609025e+07,1.818940e+07,1.239961e+02,1.410260e+06,8.843759e+01,,,,5
2018-04-26 13:28:21.000000,2.609025e+07,1.818816e+07,1.239954e+02,1.410260e+06,8.843759e+01,,,,5
2018-04-26 13:28:22.000000,2.609023e+07,1.818845e+07,1.239955e+02,1.410260e+06,8.843759e+01,,,,5
2018-04-26 13:28:23.000000,2.609023e+07,1.818727e+07,1.239949e+02,1.410260e+06,8.843759e+01,,,,5
2018-04-26 13:28:24.000000,2.609022e+07,1.818682e+07,1.239946e+02,1.410260e+06,8.843759e+01,,,,5
2018-04-26 13:28:25.000000,2.609025e+07,1.818685e+07,1.239945e+02,1.410260e+06,8.843759e+01,,,,5
2018-04-26 13:28:26.000000,2.609025e+07,1.818652e+07,1.239943e+02,1.410260e+06,8.843759e+01,,,,5
2018-04-26 13:28:27.000000,2.609025e+07,1.818770e+07,1.239950e+02,1.410260e+06,8.843759e+01,,,,5
2018-04-26 13:28:28.000000,2.609023e+07,1.818743e+07,1.239950e+02,1.410260e+06,8.843759e+01,,,,5
2018-04-26 13:28:29.000000,2.609022e+07,1.818857e+07,1.239956e+02,1.410260e+06,8.843759e+01,,,,5
2018-04-26 13:28:30.000000,2.609023e+07,1.818744e+07,1.239950e+02,1.410260e+06,8.843758e+01,,,,5
2018-04-26 13:28:31.000000,2.609024e+07,1.818938e+07,1.239961e+02,1.410260e+06,8.843758e+01,,,,5
2018-04-26 13:28:32.000000,2.609025e+07,1.818783e+07,1.239953e+02,1.410260e+06,8.843758e+01,,,,5
2018-04-26 13:28:33.000000,2.609024e+07,1.818780e+07,1.239953e+02,1.410260e+06,8.843758e+01,,,,5
2018-04-26 13:28:34.000000,2.609022e+07,1.818688e+07,1.239947e+02,1.410260e+06,8.843758e+01,,,,5
2018-04-26 13:28:35.000000,2.609023e+07,1.818688e+07,1.239946e+02,1.410260e+06,8.843758e+01,,,,5
2018-04-26 13:28:36.000000,2.609024e+07,1.818685e+07,1.239945e+02,1.410260e+06,8.843758e+01,,,,5
2018-04-26 13:28:37.000000,2.609025e+07,1.818657e+07,1.239944e+02,1.410260e+06,8.843758e+01,,,,5
2018-04-26 13:28:38.000000,2.609024e+07,1.818777e+07,1.239950e+02,1.410260e+06,8.843758e+01,,,,5
2018-04-26 13:28:39.000000,2.609023e+07,1.818750e+07,1.239950e+02,1.410260e+06,8.843758e+01,,,,5
2018-04-26 13:28:40.000000,2.609023e+07,1.818865e+07,1.239957e+02,1.410260e+06,8.843758e+01,,,,5
2018-04-26 13:28:41.000000,2.609023e+07,1.818746e+07,1.239950e+02,1.410260e+06,8.843758e+01,,,,5
2018-04-26 13:28:42.000000,2.609025e+07,1.818887e+07,1.239958e+02,1.410260e+06,8.843758e+01,,,,5
2018-04-26 13:28:43.000000,2.609024e+07,1.818782e+07,1.239952e+02,1.410260e+06,8.843757e+01,,,,5
2018-04-26 13:28:44.000000,2.609025e+07,1.818951e+07,1.239962e+02,1.410260e+06,8.843757e+01,,,,5
2018-04-26 13:28:45.000000,2.609023e+07,1.818705e+07,1.239947e+02,1.410260e+06,8.843757e+01,,,,5
2018-04-26 13:28:46.000000,2.609023e+07,1.818840e+07,1.239955e+02,1.410260e+06,8.843757e+01,,,,5
2018-04-26 13:28:47.000000,2.609023e+07,1.818717e+07,1.239948e+02,1.410260e+06,8.843757e+01,,,,5
2018-04-26 13:28:48.000000,2.609024e+07,1.818810e+07,1.239952e+02,1.410260e+06,8.843757e+01,,,,5
2018-04-26 13:28:49.000000,2.609025e+07,1.818690e+07,1.239945e+02,1.410260e+06,8.843757e+01,,,,5
2018-04-26 13:28:50.000000,2.609023e+07,1.818742e+07,1.239949e+02,1.410260e+06,8.843757e+01,,,,5
2018-04-26 13:28:51.000000,2.609023e+07,1.818775e+07,1.239952e+02,1.410260e+06,8.843757e+01,,,,5
2018-04-26 13:28:52.000000,2.609023e+07,1.818741e+07,1.239950e+02,1.410260e+06,8.843757e+01,,,,5
2018-04-26 13:28:53.000000,2.609024e+07,1.818800e+07,1.239954e+02,1.410260e+06,8.843757e+01,,,,5
2018-04-26 13:28:54.000000,2.609025e+07,1.818774e+07,1.239952e+02,1.410260e+06,8.843757e+01,,,,5
2018-04-26 13:28:55.000000,2.609024e+07,1.818952e+07,1.239962e+02,1.410260e+06,8.843756e+01,,,,5
2018-04-26 13:28:56.000000,2.609023e+07,1.818704e+07,1.239947e+02,1.410260e+06,8.843756e+01,,,,5
2018-04-26 13:28:57.000000,2.609022e+07,1.818853e+07,1.239955e+02,1.410260e+06,8.843756e+01,,,,5
2018-04-26 13:28:58.000000,2.609022e+07,1.818683e+07,1.239946e+02,1.410260e+06,8.843756e+01,,,,5
2018-04-26 13:28:59.000000,2.609025e+07,1.818819e+07,1.239952e+02,1.410260e+06,8.843756e+01,,,,5
2018-04-26 13:29:00.000000,2.609024e+07,1.818691e+07,1.239945e+02,1.410260e+06,8.843756e+01,,,,5
2018-04-26 13:29:01.000000,2.609025e+07,1.818655e+07,1.239944e+02,1.410260e+06,8.843756e+01,,,,5
2018-04-26 13:29:02.000000,2.609022e+07,1.818769e+07,1.239951e+02,1.410260e+06,8.843756e+01,,,,5
2018-04-26 13:29:03.000000,2.609023e+07,1.818747e+07,1.239950e+02,1.410260e+06,8.843756e+01,,,,5
2018-04-26 13:29:04.000000,2.609025e+07,1.818803e+07,1.239954e+02,1.410260e+06,8.843756e+01,,,,5
2018-04-26 13:29:05.000000,2.609024e+07,1.818776e+07,1.239952e+02,1.410260e+06,8.843756e+01,,,,5
2018-04-26 13:29:06.000000,2.609025e+07,1.818898e+07,1.239959e+02,1.410260e+06,8.843756e+01,,,,5
2018-04-26 13:29:07.000000,2.609022e+07,1.818702e+07,1.239947e+02,1.410260e+06,8.843756e+01,,,,5
2018-04-26 13:29:08.000000,2.609023e+07,1.818801e+07,1.239953e+02,1.410260e+06,8.843755e+01,,,,5
2018-04-26 13:29:09.000000,2.609023e+07,1.818686e+07,1.239946e+02,1.410260e+06,8.843755e+01,,,,5
2018-04-26 13:29:10.000000,2.609025e+07,1.818765e+07,1.239950e+02,1.410260e+06,8.843755e+01,,,,5
2018-04-26 13:29:11.000000,2.609025e+07,1.818658e+07,1.239943e+02,1.410260e+06,8.843755e+01,,,,5
2018-04-26 13:29:12.000000,2.609024e+07,1.818815e+07,1.239952e+02,1.410260e+06,8.843755e+01,,,,5
2018-04-26 13:29:13.000000,2.609023e+07,1.818749e+07,1.239950e+02,1.410260e+06,8.843755e+01,,,,5
2018-04-26 13:29:14.000000,2.609023e+07,1.818748e+07,1.239950e+02,1.410260e+06,8.843755e+01,,,,5
2018-04-26 13:29:15.000000,2.609023e+07,1.818777e+07,1.239952e+02,1.410260e+06,8.843755e+01,,,,5
2018-04-26 13:29:16.000000,2.609024e+07,1.818779e+07,1.239953e+02,1.410260e+06,8.843755e+01,,,,5
2018-04-26 13:29:17.000000,2.609024e+07,1.818806e+07,1.239954e+02,1.410260e+06,8.843755e+01,,,,5
2018-04-26 13:29:18.000000,2.609023e+07,1.818700e+07,1.239947e+02,1.410260e+06,8.843755e+01,,,,5
2018-04-26 13:29:19.000000,2.609023e+07,1.818801e+07,1.239952e+02,1.410260e+06,8.843755e+01,,,,5
2018-04-26 13:29:20.000000,2.609023e+07,1.818682e+07,1.239946e+02,1.410260e+06,8.843755e+01,,,,5
2018-04-26 13:29:21.000000,2.609024e+07,1.818770e+07,1.239950e+02,1.410260e+06,8.843754e+01,,,,5
2018-04-26 13:29:22.000000,2.609024e+07,1.818655e+07,1.239943e+02,1.410260e+06,8.843754e+01,,,,5
2018-04-26 13:29:23.000000,2.609025e+07,1.818769e+07,1.239950e+02,1.410260e+06,8.843754e+01,,,,5
2018-04-26 13:29:24.000000,2.609023e+07,1.818744e+07,1.239950e+02,1.410260e+06,8.843754e+01,,,,5
2018-04-26 13:29:25.000000,2.609023e+07,1.818859e+07,1.239956e+02,1.410260e+06,8.843754e+01,,,,5
2018-04-26 13:29:26.000000,2.609023e+07,1.818744e+07,1.239950e+02,1.410260e+06,8.843754e+01,,,,5
2018-04-26 13:29:27.000000,2.609024e+07,1.818938e+07,1.239961e+02,1.410260e+06,8.843754e+01,,,,5
2018-04-26 13:29:28.000000,2.609025e+07,1.818782e+07,1.239952e+02,1.410260e+06,8.843754e+01,,,,5
2018-04-26 13:29:29.000000,2.609022e+07,1.818853e+07,1.239955e+02,1.410260e+06,8.843754e+01,,,,5
2018-04-26 13:29:30.000000,2.609022e+07,1.818696e+07,1.239947e+02,1.410260e+06,8.843754e+01,,,,5
2018-04-26 13:29:31.000000,2.609023e+07,1.818689e+07,1.239946e+02,1.410260e+06,8.843754e+01,,,,5
2018-04-26 13:29:32.000000,2.609024e+07,1.818685e+07,1.239945e+02,1.410260e+06,8.843754e+01,,,,5
2018-04-26 13:29:33.000000,2.609025e+07,1.818657e+07,1.239944e+02,1.410260e+06,8.843753e+01,,,,5
2018-04-26 13:29:34.000000,2.609024e+07,1.818778e+07,1.239950e+02,1.410260e+06,8.843753e+01,,,,5
2018-04-26 13:29:35.000000,2.609023e+07,1.818749e+07,1.239950e+02,1.410260e+06,8.843753e+01,,,,5
2018-04-26 13:29:36.000000,2.609023e+07,1.818866e+07,1.239957e+02,1.410260e+06,8.843753e+01,,,,5
2018-04-26 13:29:37.000000,2.609023e+07,1.818746e+07,1.239950e+02,1.410260e+06,8.843753e+01,,,,5
2018-04-26 13:29:38.000000,2.609025e+07,1.818889e+07,1.239958e+02,1.410260e+06,8.843753e+01,,,,5
2018-04-26 13:29:39.000000,2.609024e+07,1.818782e+07,1.239952e+02,1.410260e+06,8.843753e+01,,,,5
2018-04-26 13:29:40.000000,2.609025e+07,1.818952e+07,1.239962e+02,1.410260e+06,8.843753e+01,,,,5
2018-04-26 13:29:41.000000,2.609023e+07,1.818704e+07,1.239947e+02,1.410260e+06,8.843753e+01,,,,5
2018-04-26 13:29:42.000000,2.609023e+07,1.818842e+07,1.239955e+02,1.410260e+06,8.843753e+01,,,,5
2018-04-26 13:29:43.000000,2.609025e+07,1.818674e+07,1.239944e+02,1.410260e+06,8.843753e+01,,,,5
2018-04-26 13:29:44.000000,2.609024e+07,1.818803e+07,1.239951e+02,1.410260e+06,8.843753e+01,,,,5
2018-04-26 13:29:45.000000,2.609025e+07,1.818689e+07,1.239945e+02,1.410260e+06,8.843753e+01,,,,5
2018-04-26 13:29:46.000000,2.609023e+07,1.818742e+07,1.239949e+02,1.410260e+06,8.843752e+01,,,,5
2018-04-26 13:29:47.000000,2.609023e+07,1.818775e+07,1.239951e+02,1.410260e+06,8.843752e+01,,,,5
2018-04-26 13:29:48.000000,2.609023e+07,1.818742e+07,1.239950e+02,1.410260e+06,8.843752e+01,,,,5
2018-04-26 13:29:49.000000,2.609024e+07,1.818801e+07,1.239954e+02,1.410260e+06,8.843752e+01,,,,5
2018-04-26 13:29:50.000000,2.609025e+07,1.818775e+07,1.239952e+02,1.410260e+06,8.843752e+01,,,,5
2018-04-26 13:29:51.000000,2.609025e+07,1.818954e+07,1.239962e+02,1.410260e+06,8.843752e+01,,,,5
2018-04-26 13:29:52.000000,2.609023e+07,1.818702e+07,1.239947e+02,1.410260e+06,8.843752e+01,,,,5
2018-04-26 13:29:53.000000,2.609023e+07,1.818853e+07,1.239955e+02,1.410260e+06,8.843752e+01,,,,5
2018-04-26 13:29:54.000000,2.609023e+07,1.818683e+07,1.239946e+02,1.410260e+06,8.843752e+01,,,,5
2018-04-26 13:29:55.000000,2.609025e+07,1.818821e+07,1.239952e+02,1.410260e+06,8.843752e+01,,,,5
2018-04-26 13:29:56.000000,2.609024e+07,1.818691e+07,1.239945e+02,1.410260e+06,8.843752e+01,,,,5
2018-04-26 13:29:57.000000,2.609023e+07,1.818896e+07,1.239957e+02,1.410260e+06,8.843752e+01,,,,5
2018-04-26 13:29:58.000000,2.609022e+07,1.818789e+07,1.239953e+02,1.410260e+06,8.843751e+01,,,,5
2018-04-26 13:29:59.000000,2.609023e+07,1.818747e+07,1.239950e+02,1.410260e+06,8.843751e+01,,,,5
2018-04-26 13:30:00.000000,2.609025e+07,1.818803e+07,1.239954e+02,1.410260e+06,8.843751e+01,,,,5
2018-04-26 13:30:01.000000,2.609025e+07,1.818776e+07,1.239952e+02,1.410260e+06,8.843751e+01,,,,5
2018-04-26 13:30:02.000000,2.609025e+07,1.818899e+07,1.239959e+02,1.410260e+06,8.843751e+01,,,,5
2018-04-26 13:30:03.000000,2.609022e+07,1.818701e+07,1.239947e+02,1.410260e+06,8.843751e+01,,,,5
2018-04-26 13:30:04.000000,2.609023e+07,1.818801e+07,1.239952e+02,1.410260e+06,8.843751e+01,,,,5
2018-04-26 13:30:05.000000,2.609023e+07,1.818685e+07,1.239946e+02,1.410260e+06,8.843751e+01,,,,5
2018-04-26 13:30:06.000000,2.609025e+07,1.818766e+07,1.239950e+02,1.410260e+06,8.843751e+01,,,,5
2018-04-26 13:30:07.000000,2.609025e+07,1.818658e+07,1.239943e+02,1.410260e+06,8.843751e+01,,,,5
2018-04-26 13:30:08.000000,2.609024e+07,1.818817e+07,1.239952e+02,1.410260e+06,8.843751e+01,,,,5
2018-04-26 13:30:09.000000,2.609023e+07,1.818748e+07,1.239950e+02,1.410260e+06,8.843751e+01,,,,5
2018-04-26 13:30:10.000000,2.609023e+07,1.818748e+07,1.239950e+02,1.410260e+06,8.843751e+01,,,,5
2018-04-26 13:30:11.000000,2.609025e+07,1.818771e+07,1.239952e+02,1.410260e+06,8.843750e+01,,,,5
2018-04-26 13:30:12.000000,2.609024e+07,1.818780e+07,1.239953e+02,1.410260e+06,8.843750e+01,,,,5
2018-04-26 13:30:13.000000,2.609024e+07,1.818806e+07,1.239954e+02,1.410260e+06,8.843750e+01,,,,5
2018-04-26 13:30:14.000000,2.609023e+07,1.818700e+07,1.239947e+02,1.410260e+06,8.843750e+01,,,,5
2018-04-26 13:30:15.000000,2.609023e+07,1.818802e+07,1.239953e+02,1.410260e+06,8.843750e+01,,,,5
2018-04-26 13:30:16.000000,2.609023e+07,1.818682e+07,1.239946e+02,1.410260e+06,8.843750e+01,,,,5
2018-04-26 13:30:17.000000,2.609024e+07,1.818772e+07,1.239950e+02,1.410260e+06,8.843750e+01,,,,5
2018-04-26 13:30:18.000000,2.609024e+07,1.818655e+07,1.239943e+02,1.410260e+06,8.843750e+01,,,,5
2018-04-26 13:30:19.000000,2.609025e+07,1.818830e+07,1.239953e+02,1.410260e+06,8.843750e+01,,,,5
2018-04-26 13:30:20.000000,2.609023e+07,1.818750e+07,1.239950e+02,1.410260e+06,8.843750e+01,,,,5
2018-04-26 13:30:21.000000,2.609023e+07,1.818913e+07,1.239959e+02,1.410260e+06,8.843750e+01,,,,5
2018-04-26 13:30:22.000000,2.609022e+07,1.818778e+07,1.239952e+02,1.410260e+06,8.843750e+01,,,,5
2018-04-26 13:30:23.000000,2.609025e+07,1.818941e+07,1.239961e+02,1.410260e+06,8.843750e+01,,,,5
2018-04-26 13:30:24.000000,2.609025e+07,1.818816e+07,1.239954e+02,1.410260e+06,8.843749e+01,,,,5
2018-04-26 13:30:25.000000,2.609023e+07,1.818845e+07,1.239955e+02,1.410260e+06,8.843749e+01,,,,5
2018-04-26 13:30:26.000000,2.609023e+07,1.818727e+07,1.239948e+02,1.410260e+06,8.843749e+01,,,,5
2018-04-26 13:30:27.000000,2.609022e+07,1.818682e+07,1.239946e+02,1.410260e+06,8.843749e+01,,,,5
2018-04-26 13:30:28.000000,2.609025e+07,1.818685e+07,1.239945e+02,1.410260e+06,8.843749e+01,,,,5
2018-04-26 13:30:29.000000,2.609025e+07,1.818652e+07,1.239943e+02,1.410260e+06,8.843749e+01,,,,5
2018-04-26 13:30:30.000000,2.609025e+07,1.818770e+07,1.239950e+02,1.410260e+06,8.843749e+01,,,,5
2018-04-26 13:30:31.000000,2.609023e+07,1.818744e+07,1.239950e+02,1.410260e+06,8.843749e+01,,,,5
2018-04-26 13:30:32.000000,2.609022e+07,1.818858e+07,1.239956e+02,1.410260e+06,8.843749e+01,,,,5
2018-04-26 13:30:33.000000,2.609023e+07,1.818744e+07,1.239950e+02,1.410260e+06,8.843749e+01,,,,5
2018-04-26 13:30:34.000000,2.609025e+07,1.818938e+07,1.239961e+02,1.410260e+06,8.843749e+01,,,,5
2018-04-26 13:30:35.000000,2.609025e+07,1.818783e+07,1.239953e+02,1.410260e+06,8.843749e+01,,,,5
2018-04-26 13:30:36.000000,2.609024e+07,1.818780e+07,1.239953e+02,1.410260e+06,8.843749e+01,,,,5
2018-04-26 13:30:37.000000,2.609022e+07,1.818688e+07,1.239947e+02,1.410260e+06,8.843748e+01,,,,5
2018-04-26 13:30:38.000000,2.609023e+07,1.818688e+07,1.239946e+02,1.410260e+06,8.843748e+01,,,,5
2018-04-26 13:30:39.000000,2.609024e+07,1.818685e+07,1.239945e+02,1.410260e+06,8.843748e+01,,,,5
2018-04-26 13:30:40.000000,2.609025e+07,1.818657e+07,1.239944e+02,1.410260e+06,8.843748e+01,,,,5
2018-04-26 13:30:41.000000,2.609024e+07,1.818777e+07,1.239950e+02,1.410260e+06,8.843748e+01,,,,5
2018-04-26 13:30:42.000000,2.609023e+07,1.818749e+07,1.239950e+02,1.410260e+06,8.843748e+01,,,,5
2018-04-26 13:30:43.000000,2.609023e+07,1.818865e+07,1.239957e+02,1.410260e+06,8.843748e+01,,,,5
2018-04-26 13:30:44.000000,2.609023e+07,1.818746e+07,1.239950e+02,1.410260e+06,8.843748e+01,,,,5
2018-04-26 13:30:45.000000,2.609025e+07,1.818887e+07,1.239958e+02,1.410260e+06,8.843748e+01,,,,5
2018-04-26 13:30:46.000000,2.609024e+07,1.818782e+07,1.239952e+02,1.410260e+06,8.843748e+01,,,,5
2018-04-26 13:30:47.000000,2.609025e+07,1.818952e+07,1.239962e+02,1.410260e+06,8.843748e+01,,,,5
2018-04-26 13:30:48.000000,2.609023e+07,1.818706e+07,1.239947e+02,1.410260e+06,8.843748e+01,,,,5
2018-04-26 13:30:49.000000,2.609023e+07,1.818842e+07,1.239955e+02,1.410260e+06,8.843748e+01,,,,5
2018-04-26 13:30:50.000000,2.609023e+07,1.818717e+07,1.239947e+02,1.410260e+06,8.843747e+01,,,,5
2018-04-26 13:30:51.000000,2.609024e+07,1.818810e+07,1.239952e+02,1.410260e+06,8.843747e+01,,,,5
2018-04-26 13:30:52.000000,2.609025e+07,1.818690e+07,1.239945e+02,1.410260e+06,8.843747e+01,,,,5
2018-04-26 13:30:53.000000,2.609023e+07,1.818742e+07,1.239949e+02,1.410260e+06,8.843747e+01,,,,5
2018-04-26 13:30:54.000000,2.609023e+07,1.818775e+07,1.239951e+02,1.410260e+06,8.843747e+01,,,,5
2018-04-26 13:30:55.000000,2.609023e+07,1.818742e+07,1.239950e+02,1.410260e+06,8.843747e+01,,,,5
2018-04-26 13:30:56.000000,2.609024e+07,1.818801e+07,1.239954e+02,1.410260e+06,8.843747e+01,,,,5
2018-04-26 13:30:57.000000,2.609025e+07,1.818774e+07,1.239952e+02,1.410260e+06,8.843747e+01,,,,5
2018-04-26 13:30:58.000000,2.609024e+07,1.818952e+07,1.239962e+02,1.410260e+06,8.843747e+01,,,,5
2018-04-26 13:30:59.000000,2.609023e+07,1.818702e+07,1.239947e+02,1.410260e+06,8.843747e+01,,,,5
2018-04-26 13:31:00.000000,2.609022e+07,1.818853e+07,1.239955e+02,1.410260e+06,8.843747e+01,,,,5
2018-04-26 13:31:01.000000,2.609022e+07,1.818683e+07,1.239946e+02,1.410260e+06,8.843747e+01,,,,5
2018-04-26 13:31:02.000000,2.609025e+07,1.818819e+07,1.239952e+02,1.410260e+06,8.843747e+01,,,,5
2018-04-26 13:31:03.000000,2.609024e+07,1.818691e+07,1.239945e+02,1.410260e+06,8.843746e+01,,,,5
2018-04-26 13:31:04.000000,2.609023e+07,1.818896e+07,1.239957e+02,1.410260e+06,8.843746e+01,,,,5
2018-04-26 13:31:05.000000,2.609022e+07,1.818790e+07,1.239953e+02,1.410260e+06,8.843746e+01,,,,5
2018-04-26 13:31:06.000000,2.609023e+07,1.818747e+07,1.239950e+02,1.410260e+06,8.843746e+01,,,,5
2018-04-26 13:31:07.000000,2.609025e+07,1.818803e+07,1.239954e+02,1.410260e+06,8.843746e+01,,,,5
2018-04-26 13:31:08.000000,2.609024e+07,1.818776e+07,1.239952e+02,1.410260e+06,8.843746e+01,,,,5
2018-04-26 13:31:09.000000,2.609025e+07,1.818898e+07,1.239959e+02,1.410260e+06,8.843746e+01,,,,5
2018-04-26 13:31:10.000000,2.609022e+07,1.818702e+07,1.239947e+02,1.410260e+06,8.843746e+01,,,,5
2018-04-26 13:31:11.000000,2.609023e+07,1.818801e+07,1.239952e+02,1.410260e+06,8.843746e+01,,,,5
2018-04-26 13:31:12.000000,2.609023e+07,1.818686e+07,1.239946e+02,1.410260e+06,8.843746e+01,,,,5
2018-04-26 13:31:13.000000,2.609025e+07,1.818765e+07,1.239950e+02,1.410260e+06,8.843746e+01,,,,5
2018-04-26 13:31:14.000000,2.609025e+07,1.818658e+07,1.239943e+02,1.410260e+06,8.843746e+01,,,,5
2018-04-26 13:31:15.000000,2.609024e+07,1.818815e+07,1.239952e+02,1.410260e+06,8.843746e+01,,,,5
2018-04-26 13:31:16.000000,2.609023e+07,1.818749e+07,1.239950e+02,1.410260e+06,8.843745e+01,,,,5
2018-04-26 13:31:17.000000,2.609023e+07,1.818748e+07,1.239950e+02,1.410260e+06,8.843745e+01,,,,5
2018-04-26 13:31:18.000000,2.609025e+07,1.818771e+07,1.239952e+02,1.410260e+06,8.843745e+01,,,,5
2018-04-26 13:31:19.000000,2.609024e+07,1.818780e+07,1.239953e+02,1.410260e+06,8.843745e+01,,,,5
2018-04-26 13:31:20.000000,2.609024e+07,1.818806e+07,1.239954e+02,1.410260e+06,8.843745e+01,,,,5
2018-04-26 13:31:21.000000,2.609023e+07,1.818700e+07,1.239947e+02,1.410260e+06,8.843745e+01,,,,5
2018-04-26 13:31:22.000000,2.609023e+07,1.818801e+07,1.239952e+02,1.410260e+06,8.843745e+01,,,,5
2018-04-26 13:31:23.000000,2.609023e+07,1.818682e+07,1.239946e+02,1.410260e+06,8.843745e+01,,,,5
2018-04-26 13:31:24.000000,2.609024e+07,1.818772e+07,1.239950e+02,1.410260e+06,8.843745e+01,,,,5
2018-04-26 13:31:25.000000,2.609024e+07,1.818655e+07,1.239943e+02,1.410260e+06,8.843745e+01,,,,5
2018-04-26 13:31:26.000000,2.609025e+07,1.818828e+07,1.239953e+02,1.410260e+06,8.843745e+01,,,,5
2018-04-26 13:31:27.000000,2.609023e+07,1.818750e+07,1.239950e+02,1.410260e+06,8.843745e+01,,,,5
2018-04-26 13:31:28.000000,2.609023e+07,1.818913e+07,1.239959e+02,1.410260e+06,8.843745e+01,,,,5
2018-04-26 13:31:29.000000,2.609022e+07,1.818779e+07,1.239952e+02,1.410260e+06,8.843744e+01,,,,5
2018-04-26 13:31:30.000000,2.609025e+07,1.818940e+07,1.239961e+02,1.410260e+06,8.843744e+01,,,,5
2018-04-26 13:31:31.000000,2.609025e+07,1.818816e+07,1.239954e+02,1.410260e+06,8.843744e+01,,,,5
2018-04-26 13:31:32.000000,2.609023e+07,1.818845e+07,1.239954e+02,1.410260e+06,8.843744e+01,,,,5
2018-04-26 13:31:33.000000,2.609023e+07,1.818727e+07,1.239948e+02,1.410260e+06,8.843744e+01,,,,5
2018-04-26 13:31:34.000000,2.609022e+07,1.818682e+07,1.239946e+02,1.410260e+06,8.843744e+01,,,,5
2018-04-26 13:31:35.000000,2.609025e+07,1.818685e+07,1.239945e+02,1.410260e+06,8.843744e+01,,,,5
2018-04-26 13:31:36.000000,2.609025e+07,1.818653e+07,1.239943e+02,1.410260e+06,8.843744e+01,,,,5
2018-04-26 13:31:37.000000,2.609025e+07,1.818770e+07,1.239950e+02,1.410260e+06,8.843744e+01,,,,5
2018-04-26 13:31:38.000000,2.609023e+07,1.818744e+07,1.239950e+02,1.410260e+06,8.843744e+01,,,,5
2018-04-26 13:31:39.000000,2.609022e+07,1.818857e+07,1.239956e+02,1.410260e+06,8.843744e+01,,,,5
2018-04-26 13:31:40.000000,2.609023e+07,1.818744e+07,1.239950e+02,1.410260e+06,8.843744e+01,,,,5
2018-04-26 13:31:41.000000,2.609024e+07,1.818938e+07,1.239961e+02,1.410260e+06,8.843743e+01,,,,5
2018-04-26 13:31:42.000000,2.609025e+07,1.818783e+07,1.239953e+02,1.410260e+06,8.843743e+01,,,,5
2018-04-26 13:31:43.000000,2.609024e+07,1.818780e+07,1.239953e+02,1.410260e+06,8.843743e+01,,,,5
2018-04-26 13:31:44.000000,2.609022e+07,1.818688e+07,1.239947e+02,1.410260e+06,8.843743e+01,,,,5
2018-04-26 13:31:45.000000,2.609023e+07,1.818688e+07,1.239946e+02,1.410260e+06,8.843743e+01,,,,5
2018-04-26 13:31:46.000000,2.609024e+07,1.818685e+07,1.239945e+02,1.410260e+06,8.843743e+01,,,,5
2018-04-26 13:31:47.000000,2.609025e+07,1.818657e+07,1.239944e+02,1.410260e+06,8.843743e+01,,,,5
2018-04-26 13:31:48.000000,2.609024e+07,1.818776e+07,1.239950e+02,1.410260e+06,8.843743e+01,,,,5
2018-04-26 13:31:49.000000,2.609023e+07,1.818749e+07,1.239950e+02,1.410260e+06,8.843743e+01,,,,5
2018-04-26 13:31:50.000000,2.609023e+07,1.818865e+07,1.239957e+02,1.410260e+06,8.843743e+01,,,,5
2018-04-26 13:31:51.000000,2.609023e+07,1.818746e+07,1.239950e+02,1.410260e+06,8.843743e+01,,,,5
2018-04-26 13:31:52.000000,2.609025e+07,1.818887e+07,1.239958e+02,1.410260e+06,8.843743e+01,,,,5
2018-04-26 13:31:53.000000,2.609024e+07,1.818783e+07,1.239952e+02,1.410260e+06,8.843743e+01,,,,5
2018-04-26 13:31:54.000000,2.609025e+07,1.818951e+07,1.239962e+02,1.410260e+06,8.843743e+01,,,,5
2018-04-26 13:31:55.000000,2.609023e+07,1.818705e+07,1.239947e+02,1.410260e+06,8.843742e+01,,,,5
2018-04-26 13:31:56.000000,2.609023e+07,1.818840e+07,1.239954e+02,1.410260e+06,8.843742e+01,,,,5
2018-04-26 13:31:57.000000,2.609023e+07,1.818717e+07,1.239947e+02,1.410260e+06,8.843742e+01,,,,5
2018-04-26 13:31:58.000000,2.609024e+07,1.818810e+07,1.239952e+02,1.410260e+06,8.843742e+01,,,,5
2018-04-26 13:31:59.000000,2.609025e+07,1.818690e+07,1.239945e+02,1.410260e+06,8.843742e+01,,,,5
2018-04-26 13:32:00.000000,2.609023e+07,1.818742e+07,1.239949e+02,1.410260e+06,8.843742e+01,,,,5
2018-04-26 13:32:01.000000,2.609023e+07,1.818775e+07,1.239951e+02,1.410260e+06,8.843742e+01,,,,5
2018-04-26 13:32:02.000000,2.609023e+07,1.818741e+07,1.239950e+02,1.410260e+06,8.843742e+01,,,,5
2018-04-26 13:32:03.000000,2.609024e+07,1.818800e+07,1.239954e+02,1.410260e+06,8.843742e+01,,,,5
2018-04-26 13:32:04.000000,2.609025e+07,1.818774e+07,1.239952e+02,1.410260e+06,8.843742e+01,,,,5
2018-04-26 13:32:05.000000,2.609024e+07,1.818952e+07,1.239962e+02,1.410260e+06,8.843742e+01,,,,5
2018-04-26 13:32:06.000000,2.609023e+07,1.818704e+07,1.239947e+02,1.410260e+06,8.843742e+01,,,,5
2018-04-26 13:32:07.000000,2.609022e+07,1.818853e+07,1.239955e+02,1.410260e+06,8.843742e+01,,,,5
2018-04-26 13:32:08.000000,2.609022e+07,1.818683e+07,1.239946e+02,1.410260e+06,8.843741e+01,,,,5
2018-04-26 13:32:09.000000,2.609025e+07,1.818819e+07,1.239952e+02,1.410260e+06,8.843741e+01,,,,5
2018-04-26 13:32:10.000000,2.609024e+07,1.818693e+07,1.239945e+02,1.410260e+06,8.843741e+01,,,,5
2018-04-26 13:32:11.000000,2.609025e+07,1.818655e+07,1.239944e+02,1.410260e+06,8.843741e+01,,,,5
2018-04-26 13:32:12.000000,2.609022e+07,1.818769e+07,1.239950e+02,1.410260e+06,8.843741e+01,,,,5
2018-04-26 13:32:13.000000,2.609023e+07,1.818747e+07,1.239950e+02,1.410260e+06,8.843741e+01,,,,5
2018-04-26 13:32:14.000000,2.609025e+07,1.818803e+07,1.239954e+02,1.410260e+06,8.843741e+01,,,,5
2018-04-26 13:32:15.000000,2.609024e+07,1.818776e+07,1.239952e+02,1.410260e+06,8.843741e+01,,,,5
2018-04-26 13:32:16.000000,2.609025e+07,1.818898e+07,1.239959e+02,1.410260e+06,8.843741e+01,,,,5
2018-04-26 13:32:17.000000,2.609022e+07,1.818702e+07,1.239947e+02,1.410260e+06,8.843741e+01,,,,5
2018-04-26 13:32:18.000000,2.609023e+07,1.818801e+07,1.239952e+02,1.410260e+06,8.843741e+01,,,,5
2018-04-26 13:32:19.000000,2.609023e+07,1.818686e+07,1.239946e+02,1.410260e+06,8.843741e+01,,,,5
2018-04-26 13:32:20.000000,2.609025e+07,1.818765e+07,1.239950e+02,1.410260e+06,8.843741e+01,,,,5
2018-04-26 13:32:21.000000,2.609025e+07,1.818658e+07,1.239943e+02,1.410260e+06,8.843740e+01,,,,5
2018-04-26 13:32:22.000000,2.609024e+07,1.818815e+07,1.239952e+02,1.410260e+06,8.843740e+01,,,,5
2018-04-26 13:32:23.000000,2.609023e+07,1.818749e+07,1.239950e+02,1.410260e+06,8.843740e+01,,,,5
2018-04-26 13:32:24.000000,2.609023e+07,1.818748e+07,1.239950e+02,1.410260e+06,8.843740e+01,,,,5
2018-04-26 13:32:25.000000,2.609023e+07,1.818777e+07,1.239951e+02,1.410260e+06,8.843740e+01,,,,5
2018-04-26 13:32:26.000000,2.609024e+07,1.818779e+07,1.239953e+02,1.410260e+06,8.843740e+01,,,,5
2018-04-26 13:32:27.000000,2.609024e+07,1.818806e+07,1.239954e+02,1.410260e+06,8.843740e+01,,,,5
2018-04-26 13:32:28.000000,2.609023e+07,1.818700e+07,1.239947e+02,1.410260e+06,8.843740e+01,,,,5
2018-04-26 13:32:29.000000,2.609023e+07,1.818801e+07,1.239952e+02,1.410260e+06,8.843740e+01,,,,5
2018-04-26 13:32:30.000000,2.609023e+07,1.818682e+07,1.239945e+02,1.410260e+06,8.843740e+01,,,,5
2018-04-26 13:32:31.000000,2.609024e+07,1.818770e+07,1.239950e+02,1.410260e+06,8.843740e+01,,,,5
2018-04-26 13:32:32.000000,2.609024e+07,1.818655e+07,1.239943e+02,1.410260e+06,8.843740e+01,,,,5
2018-04-26 13:32:33.000000,2.609025e+07,1.818828e+07,1.239953e+02,1.410260e+06,8.843740e+01,,,,5
2018-04-26 13:32:34.000000,2.609023e+07,1.818750e+07,1.239950e+02,1.410260e+06,8.843739e+01,,,,5
2018-04-26 13:32:35.000000,2.609023e+07,1.818913e+07,1.239959e+02,1.410260e+06,8.843739e+01,,,,5
2018-04-26 13:32:36.000000,2.609022e+07,1.818779e+07,1.239951e+02,1.410260e+06,8.843739e+01,,,,5
2018-04-26 13:32:37.000000,2.609025e+07,1.818938e+07,1.239961e+02,1.410260e+06,8.843739e+01,,,,5
2018-04-26 13:32:38.000000,2.609025e+07,1.818816e+07,1.239954e+02,1.410260e+06,8.843739e+01,,,,5
2018-04-26 13:32:39.000000,2.609024e+07,1.818773e+07,1.239952e+02,1.410260e+06,8.843739e+01,,,,5
2018-04-26 13:32:40.000000,2.609023e+07,1.818721e+07,1.239947e+02,1.410260e+06,8.843739e+01,,,,5
2018-04-26 13:32:41.000000,2.609022e+07,1.818682e+07,1.239946e+02,1.410260e+06,8.843739e+01,,,,5
2018-04-26 13:32:42.000000,2.609025e+07,1.818685e+07,1.239945e+02,1.410260e+06,8.843739e+01,,,,5
2018-04-26 13:32:43.000000,2.609025e+07,1.818652e+07,1.239943e+02,1.410260e+06,8.843739e+01,,,,5
2018-04-26 13:32:44.000000,2.609025e+07,1.818769e+07,1.239950e+02,1.410260e+06,8.843739e+01,,,,5
2018-04-26 13:32:45.000000,2.609023e+07,1.818743e+07,1.239950e+02,1.410260e+06,8.843739e+01,,,,5
2018-04-26 13:32:46.000000,2.609022e+07,1.818857e+07,1.239956e+02,1.410260e+06,8.843739e+01,,,,5
2018-04-26 13:32:47.000000,2.609023e+07,1.818746e+07,1.239950e+02,1.410260e+06,8.843738e+01,,,,5
2018-04-26 13:32:48.000000,2.609024e+07,1.818938e+07,1.239961e+02,1.410260e+06,8.843738e+01,,,,5
2018-04-26 13:32:49.000000,2.609025e+07,1.818783e+07,1.239953e+02,1.410260e+06,8.843738e+01,,,,5
2018-04-26 13:32:50.000000,2.609024e+07,1.818779e+07,1.239953e+02,1.410260e+06,8.843738e+01,,,,5
2018-04-26 13:32:51.000000,2.609022e+07,1.818688e+07,1.239946e+02,1.410260e+06,8.843738e+01,,,,5
2018-04-26 13:32:52.000000,2.609023e+07,1.818688e+07,1.239946e+02,1.410260e+06,8.843738e+01,,,,5
2018-04-26 13:32:53.000000,2.609024e+07,1.818685e+07,1.239945e+02,1.410260e+06,8.843738e+01,,,,5
2018-04-26 13:32:54.000000,2.609025e+07,1.818658e+07,1.239944e+02,1.410260e+06,8.843738e+01,,,,5
2018-04-26 13:32:55.000000,2.609024e+07,1.818776e+07,1.239950e+02,1.410260e+06,8.843738e+01,,,,5
2018-04-26 13:32:56.000000,2.609023e+07,1.818749e+07,1.239950e+02,1.410260e+06,8.843738e+01,,,,5
2018-04-26 13:32:57.000000,2.609023e+07,1.818864e+07,1.239956e+02,1.410260e+06,8.843738e+01,,,,5
2018-04-26 13:32:58.000000,2.609023e+07,1.818746e+07,1.239950e+02,1.410260e+06,8.843738e+01,,,,5
2018-04-26 13:32:59.000000,2.609025e+07,1.818887e+07,1.239958e+02,1.410260e+06,8.843738e+01,,,,5
2018-04-26 13:33:00.000000,2.609024e+07,1.818783e+07,1.239952e+02,1.410260e+06,8.843737e+01,,,,5
2018-04-26 13:33:01.000000,2.609024e+07,1.818949e+07,1.239962e+02,1.410260e+06,8.843737e+01,,,,5
2018-04-26 13:33:02.000000,2.609023e+07,1.818706e+07,1.239947e+02,1.410260e+06,8.843737e+01,,,,5
2018-04-26 13:33:03.000000,2.609023e+07,1.818840e+07,1.239954e+02,1.410260e+06,8.843737e+01,,,,5
2018-04-26 13:33:04.000000,2.609023e+07,1.818718e+07,1.239947e+02,1.410260e+06,8.843737e+01,,,,5
2018-04-26 13:33:05.000000,2.609024e+07,1.818810e+07,1.239952e+02,1.410260e+06,8.843737e+01,,,,5
2018-04-26 13:33:06.000000,2.609025e+07,1.818690e+07,1.239945e+02,1.410260e+06,8.843737e+01,,,,5
2018-04-26 13:33:07.000000,2.609023e+07,1.818741e+07,1.239949e+02,1.410260e+06,8.843737e+01,,,,5
2018-04-26 13:33:08.000000,2.609023e+07,1.818775e+07,1.239951e+02,1.410260e+06,8.843737e+01,,,,5
2018-04-26 13:33:09.000000,2.609023e+07,1.818741e+07,1.239950e+02,1.410260e+06,8.843737e+01,,,,5
2018-04-26 13:33:10.000000,2.609024e+07,1.818800e+07,1.239954e+02,1.410260e+06,8.843737e+01,,,,5
2018-04-26 13:33:11.000000,2.609025e+07,1.818775e+07,1.239952e+02,1.410260e+06,8.843737e+01,,,,5
2018-04-26 13:33:12.000000,2.609024e+07,1.818952e+07,1.239962e+02,1.410260e+06,8.843737e+01,,,,5
2018-04-26 13:33:13.000000,2.609023e+07,1.818704e+07,1.239947e+02,1.410260e+06,8.843737e+01,,,,5
2018-04-26 13:33:14.000000,2.609022e+07,1.818851e+07,1.239954e+02,1.410260e+06,8.843736e+01,,,,5
2018-04-26 13:33:15.000000,2.609022e+07,1.818683e+07,1.239945e+02,1.410260e+06,8.843736e+01,,,,5
2018-04-26 13:33:16.000000,2.609025e+07,1.818819e+07,1.239952e+02,1.410260e+06,8.843736e+01,,,,5
2018-04-26 13:33:17.000000,2.609024e+07,1.818693e+07,1.239945e+02,1.410260e+06,8.843736e+01,,,,5
2018-04-26 13:33:18.000000,2.609025e+07,1.818655e+07,1.239944e+02,1.410260e+06,8.843736e+01,,,,5
2018-04-26 13:33:19.000000,2.609022e+07,1.818769e+07,1.239950e+02,1.410260e+06,8.843736e+01,,,,5
2018-04-26 13:33:20.000000,2.609023e+07,1.818747e+07,1.239950e+02,1.410260e+06,8.843736e+01,,,,5
2018-04-26 13:33:21.000000,2.609025e+07,1.818803e+07,1.239954e+02,1.410260e+06,8.843736e+01,,,,5
2018-04-26 13:33:22.000000,2.609024e+07,1.818776e+07,1.239952e+02,1.410260e+06,8.843736e+01,,,,5
2018-04-26 13:33:23.000000,2.609025e+07,1.818898e+07,1.239959e+02,1.410260e+06,8.843736e+01,,,,5
2018-04-26 13:33:24.000000,2.609022e+07,1.818704e+07,1.239947e+02,1.410260e+06,8.843736e+01,,,,5
2018-04-26 13:33:25.000000,2.609023e+07,1.818801e+07,1.239952e+02,1.410260e+06,8.843736e+01,,,,5
2018-04-26 13:33:26.000000,2.609023e+07,1.818686e+07,1.239946e+02,1.410260e+06,8.843736e+01,,,,5
2018-04-26 13:33:27.000000,2.609024e+07,1.818765e+07,1.239950e+02,1.410260e+06,8.843735e+01,,,,5
2018-04-26 13:33:28.000000,2.609025e+07,1.818659e+07,1.239943e+02,1.410260e+06,8.843735e+01,,,,5
2018-04-26 13:33:29.000000,2.609024e+07,1.818815e+07,1.239952e+02,1.410259e+06,8.843735e+01,,,,5
2018-04-26 13:33:30.000000,2.609023e+07,1.818749e+07,1.239950e+02,1.410259e+06,8.843735e+01,,,,5
2018-04-26 13:33:31.000000,2.609023e+07,1.818748e+07,1.239950e+02,1.410259e+06,8.843735e+01,,,,5
2018-04-26 13:33:32.000000,2.609023e+07,1.818777e+07,1.239951e+02,1.410259e+06,8.843735e+01,,,,5
2018-04-26 13:33:33.000000,2.609024e+07,1.818779e+07,1.239953e+02,1.410259e+06,8.843735e+01,,,,5
2018-04-26 13:33:34.000000,2.609024e+07,1.818806e+07,1.239954e+02,1.410259e+06,8.843735e+01,,,,5
2018-04-26 13:33:35.000000,2.609023e+07,1.818701e+07,1.239947e+02,1.410259e+06,8.843735e+01,,,,5
2018-04-26 13:33:36.000000,2.609022e+07,1.818801e+07,1.239952e+02,1.410259e+06,8.843735e+01,,,,5
2018-04-26 13:33:37.000000,2.609023e+07,1.818682e+07,1.239945e+02,1.410259e+06,8.843735e+01,,,,5
2018-04-26 13:33:38.000000,2.609024e+07,1.818770e+07,1.239949e+02,1.410259e+06,8.843735e+01,,,,5
2018-04-26 13:33:39.000000,2.609024e+07,1.818655e+07,1.239943e+02,1.410259e+06,8.843735e+01,,,,5
2018-04-26 13:33:40.000000,2.609025e+07,1.818828e+07,1.239953e+02,1.410259e+06,8.843734e+01,,,,5
2018-04-26 13:33:41.000000,2.609022e+07,1.818751e+07,1.239950e+02,1.410259e+06,8.843734e+01,,,,5
2018-04-26 13:33:42.000000,2.609023e+07,1.818912e+07,1.239959e+02,1.410259e+06,8.843734e+01,,,,5
2018-04-26 13:33:43.000000,2.609022e+07,1.818779e+07,1.239951e+02,1.410259e+06,8.843734e+01,,,,5
2018-04-26 13:33:44.000000,2.609024e+07,1.818938e+07,1.239961e+02,1.410259e+06,8.843734e+01,,,,5
2018-04-26 13:33:45.000000,2.609025e+07,1.818783e+07,1.239953e+02,1.410259e+06,8.843734e+01,,,,5
2018-04-26 13:33:46.000000,2.609024e+07,1.818780e+07,1.239953e+02,1.410259e+06,8.843734e+01,,,,5
2018-04-26 13:33:47.000000,2.609023e+07,1.818688e+07,1.239946e+02,1.410259e+06,8.843734e+01,,,,5
2018-04-26 13:33:48.000000,2.609023e+07,1.818688e+07,1.239946e+02,1.410259e+06,8.843734e+01,,,,5
2018-04-26 13:33:49.000000,2.609024e+07,1.818685e+07,1.239945e+02,1.410259e+06,8.843734e+01,,,,5
2018-04-26 13:33:50.000000,2.609025e+07,1.818657e+07,1.239944e+02,1.410259e+06,8.843734e+01,,,,5
2018-04-26 13:33:51.000000,2.609024e+07,1.818776e+07,1.239950e+02,1.410259e+06,8.843734e+01,,,,5
2018-04-26 13:33:52.000000,2.609023e+07,1.818749e+07,1.239950e+02,1.410259e+06,8.843734e+01,,,,5
2018-04-26 13:33:53.000000,2.609023e+07,1.818865e+07,1.239957e+02,1.410259e+06,8.843734e+01,,,,5
2018-04-26 13:33:54.000000,2.609023e+07,1.818746e+07,1.239950e+02,1.410259e+06,8.843733e+01,,,,5
2018-04-26 13:33:55.000000,2.609025e+07,1.818887e+07,1.239958e+02,1.410259e+06,8.843733e+01,,,,5
2018-04-26 13:33:56.000000,2.609024e+07,1.818782e+07,1.239952e+02,1.410259e+06,8.843733e+01,,,,5
2018-04-26 13:33:57.000000,2.609025e+07,1.818952e+07,1.239962e+02,1.410259e+06,8.843733e+01,,,,5
2018-04-26 13:33:58.000000,2.609023e+07,1.818706e+07,1.239947e+02,1.410259e+06,8.843733e+01,,,,5
2018-04-26 13:33:59.000000,2.609023e+07,1.818842e+07,1.239954e+02,1.410259e+06,8.843733e+01,,,,5
2018-04-26 13:34:00.000000,2.609023e+07,1.818717e+07,1.239947e+02,1.410259e+06,8.843733e+01,,,,5
2018-04-26 13:34:01.000000,2.609024e+07,1.818810e+07,1.239952e+02,1.410259e+06,8.843733e+01,,,,5
2018-04-26 13:34:02.000000,2.609025e+07,1.818690e+07,1.239945e+02,1.410259e+06,8.843733e+01,,,,5
2018-04-26 13:34:03.000000,2.609023e+07,1.818742e+07,1.239949e+02,1.410259e+06,8.843733e+01,,,,5
2018-04-26 13:34:04.000000,2.609023e+07,1.818775e+07,1.239951e+02,1.410259e+06,8.843733e+01,,,,5
2018-04-26 13:34:05.000000,2.609023e+07,1.818742e+07,1.239950e+02,1.410259e+06,8.843733e+01,,,,5
2018-04-26 13:34:06.000000,2.609024e+07,1.818801e+07,1.239954e+02,1.410259e+06,8.843733e+01,,,,5
2018-04-26 13:34:07.000000,2.609025e+07,1.818774e+07,1.239952e+02,1.410259e+06,8.843732e+01,,,,5
2018-04-26 13:34:08.000000,2.609025e+07,1.818952e+07,1.239962e+02,1.410259e+06,8.843732e+01,,,,5
2018-04-26 13:34:09.000000,2.609023e+07,1.818705e+07,1.239947e+02,1.410259e+06,8.843732e+01,,,,5
2018-04-26 13:34:10.000000,2.609023e+07,1.818853e+07,1.239954e+02,1.410259e+06,8.843732e+01,,,,5
2018-04-26 13:34:11.000000,2.609022e+07,1.818683e+07,1.239945e+02,1.410259e+06,8.843732e+01,,,,5
2018-04-26 13:34:12.000000,2.609025e+07,1.818819e+07,1.239952e+02,1.410259e+06,8.843732e+01,,,,5
2018-04-26 13:34:13.000000,2.609024e+07,1.818691e+07,1.239945e+02,1.410259e+06,8.843732e+01,,,,5
2018-04-26 13:34:14.000000,2.609025e+07,1.818655e+07,1.239944e+02,1.410259e+06,8.843732e+01,,,,5
2018-04-26 13:34:15.000000,2.609022e+07,1.818769e+07,1.239950e+02,1.410259e+06,8.843732e+01,,,,5
2018-04-26 13:34:16.000000,2.609023e+07,1.818747e+07,1.239950e+02,1.410259e+06,8.843732e+01,,,,5
2018-04-26 13:34:17.000000,2.609025e+07,1.818803e+07,1.239954e+02,1.410259e+06,8.843732e+01,,,,5
2018-04-26 13:34:18.000000,2.609024e+07,1.818776e+07,1.239952e+02,1.410259e+06,8.843732e+01,,,,5
2018-04-26 13:34:19.000000,2.609025e+07,1.818898e+07,1.239959e+02,1.410259e+06,8.843732e+01,,,,5
2018-04-26 13:34:20.000000,2.609022e+07,1.818702e+07,1.239947e+02,1.410259e+06,8.843732e+01,,,,5
2018-04-26 13:34:21.000000,2.609023e+07,1.818801e+07,1.239952e+02,1.410259e+06,8.843731e+01,,,,5
2018-04-26 13:34:22.000000,2.609023e+07,1.818687e+07,1.239946e+02,1.410259e+06,8.843731e+01,,,,5
2018-04-26 13:34:23.000000,2.609025e+07,1.818766e+07,1.239950e+02,1.410259e+06,8.843731e+01,,,,5
2018-04-26 13:34:24.000000,2.609025e+07,1.818658e+07,1.239943e+02,1.410259e+06,8.843731e+01,,,,5
2018-04-26 13:34:25.000000,2.609024e+07,1.818815e+07,1.239952e+02,1.410259e+06,8.843731e+01,,,,5
2018-04-26 13:34:26.000000,2.609023e+07,1.818749e+07,1.239950e+02,1.410259e+06,8.843731e+01,,,,5
2018-04-26 13:34:27.000000,2.609023e+07,1.818748e+07,1.239950e+02,1.410259e+06,8.843731e+01,,,,5
2018-04-26 13:34:28.000000,2.609025e+07,1.818771e+07,1.239952e+02,1.410259e+06,8.843731e+01,,,,5
2018-04-26 13:34:29.000000,2.609024e+07,1.818780e+07,1.239953e+02,1.410259e+06,8.843731e+01,,,,5
2018-04-26 13:34:30.000000,2.609024e+07,1.818806e+07,1.239954e+02,1.410259e+06,8.843731e+01,,,,5
2018-04-26 13:34:31.000000,2.609023e+07,1.818700e+07,1.239947e+02,1.410259e+06,8.843731e+01,,,,5
2018-04-26 13:34:32.000000,2.609023e+07,1.818801e+07,1.239952e+02,1.410259e+06,8.843731e+01,,,,5
2018-04-26 13:34:33.000000,2.609023e+07,1.818682e+07,1.239945e+02,1.410259e+06,8.843731e+01,,,,5
2018-04-26 13:34:34.000000,2.609024e+07,1.818772e+07,1.239950e+02,1.410259e+06,8.843730e+01,,,,5
2018-04-26 13:34:35.000000,2.609024e+07,1.818655e+07,1.239943e+02,1.410259e+06,8.843730e+01,,,,5
2018-04-26 13:34:36.000000,2.609025e+07,1.818828e+07,1.239953e+02,1.410259e+06,8.843730e+01,,,,5
2018-04-26 13:34:37.000000,2.609023e+07,1.818750e+07,1.239950e+02,1.410259e+06,8.843730e+01,,,,5
2018-04-26 13:34:38.000000,2.609023e+07,1.818913e+07,1.239959e+02,1.410259e+06,8.843730e+01,,,,5
2018-04-26 13:34:39.000000,2.609022e+07,1.818779e+07,1.239951e+02,1.410259e+06,8.843730e+01,,,,5
2018-04-26 13:34:40.000000,2.609025e+07,1.818941e+07,1.239961e+02,1.410259e+06,8.843730e+01,,,,5
2018-04-26 13:34:41.000000,2.609025e+07,1.818816e+07,1.239954e+02,1.410259e+06,8.843730e+01,,,,5
2018-04-26 13:34:42.000000,2.609023e+07,1.818845e+07,1.239954e+02,1.410259e+06,8.843730e+01,,,,5
2018-04-26 13:34:43.000000,2.609023e+07,1.818728e+07,1.239948e+02,1.410259e+06,8.843730e+01,,,,5
2018-04-26 13:34:44.000000,2.609022e+07,1.818682e+07,1.239946e+02,1.410259e+06,8.843730e+01,,,,5
2018-04-26 13:34:45.000000,2.609025e+07,1.818685e+07,1.239945e+02,1.410259e+06,8.843730e+01,,,,5
2018-04-26 13:34:46.000000,2.609025e+07,1.818653e+07,1.239943e+02,1.410259e+06,8.843730e+01,,,,5
2018-04-26 13:34:47.000000,2.609025e+07,1.818770e+07,1.239949e+02,1.410259e+06,8.843730e+01,,,,5
2018-04-26 13:34:48.000000,2.609023e+07,1.818744e+07,1.239950e+02,1.410259e+06,8.843729e+01,,,,5
2018-04-26 13:34:49.000000,2.609022e+07,1.818857e+07,1.239956e+02,1.410259e+06,8.843729e+01,,,,5
2018-04-26 13:34:50.000000,2.609023e+07,1.818744e+07,1.239950e+02,1.410259e+06,8.843729e+01,,,,5
2018-04-26 13:34:51.000000,2.609024e+07,1.818938e+07,1.239961e+02,1.410259e+06,8.843729e+01,,,,5
2018-04-26 13:34:52.000000,2.609025e+07,1.818783e+07,1.239953e+02,1.410259e+06,8.843729e+01,,,,5
2018-04-26 13:34:53.000000,2.609024e+07,1.818780e+07,1.239953e+02,1.410259e+06,8.843729e+01,,,,5
2018-04-26 13:34:54.000000,2.609022e+07,1.818688e+07,1.239946e+02,1.410259e+06,8.843729e+01,,,,5
2018-04-26 13:34:55.000000,2.609023e+07,1.818688e+07,1.239946e+02,1.410259e+06,8.843729e+01,,,,5
2018-04-26 13:34:56.000000,2.609024e+07,1.818685e+07,1.239945e+02,1.410259e+06,8.843729e+01,,,,5
2018-04-26 13:34:57.000000,2.609025e+07,1.818657e+07,1.239944e+02,1.410259e+06,8.843729e+01,,,,5
2018-04-26 13:34:58.000000,2.609024e+07,1.818776e+07,1.239950e+02,1.410259e+06,8.843729e+01,,,,5
2018-04-26 13:34:59.000000,2.609023e+07,1.818749e+07,1.239950e+02,1.410259e+06,8.843729e+01,,,,5
2018-04-26 13:35:00.000000,2.609023e+07,1.818864e+07,1.239956e+02,1.410259e+06,8.843729e+01,,,,5
2018-04-26 13:35:01.000000,2.609023e+07,1.818746e+07,1.239950e+02,1.410259e+06,8.843728e+01,,,,5
2018-04-26 13:35:02.000000,2.609025e+07,1.818887e+07,1.239958e+02,1.410259e+06,8.843728e+01,,,,5
2018-04-26 13:35:03.000000,2.609024e+07,1.818783e+07,1.239952e+02,1.410259e+06,8.843728e+01,,,,5
2018-04-26 13:35:04.000000,2.609025e+07,1.818951e+07,1.239962e+02,1.410259e+06,8.843728e+01,,,,5
2018-04-26 13:35:05.000000,2.609023e+07,1.818705e+07,1.239947e+02,1.410259e+06,8.843728e+01,,,,5
2018-04-26 13:35:06.000000,2.609023e+07,1.818840e+07,1.239954e+02,1.410259e+06,8.843728e+01,,,,5
2018-04-26 13:35:07.000000,2.609023e+07,1.818717e+07,1.239947e+02,1.410259e+06,8.843728e+01,,,,5
2018-04-26 13:35:08.000000,2.609024e+07,1.818810e+07,1.239952e+02,1.410259e+06,8.843728e+01,,,,5
2018-04-26 13:35:09.000000,2.609025e+07,1.818690e+07,1.239945e+02,1.410259e+06,8.843728e+01,,,,5
2018-04-26 13:35:10.000000,2.609023e+07,1.818741e+07,1.239949e+02,1.410259e+06,8.843728e+01,,,,5
2018-04-26 13:35:11.000000,2.609023e+07,1.818775e+07,1.239951e+02,1.410259e+06,8.843728e+01,,,,5
2018-04-26 13:35:12.000000,2.609023e+07,1.818742e+07,1.239950e+02,1.410259e+06,8.843728e+01,,,,5
2018-04-26 13:35:13.000000,2.609024e+07,1.818800e+07,1.239954e+02,1.410259e+06,8.843728e+01,,,,5
2018-04-26 13:35:14.000000,2.609025e+07,1.818774e+07,1.239952e+02,1.410259e+06,8.843728e+01,,,,5
2018-04-26 13:35:15.000000,2.609024e+07,1.818952e+07,1.239962e+02,1.410259e+06,8.843727e+01,,,,5
2018-04-26 13:35:16.000000,2.609023e+07,1.818705e+07,1.239947e+02,1.410259e+06,8.843727e+01,,,,5
2018-04-26 13:35:17.000000,2.609022e+07,1.818852e+07,1.239954e+02,1.410259e+06,8.843727e+01,,,,5
2018-04-26 13:35:18.000000,2.609022e+07,1.818683e+07,1.239945e+02,1.410259e+06,8.843727e+01,,,,5
2018-04-26 13:35:19.000000,2.609025e+07,1.818819e+07,1.239952e+02,1.410259e+06,8.843727e+01,,,,5
2018-04-26 13:35:20.000000,2.609024e+07,1.818693e+07,1.239945e+02,1.410259e+06,8.843727e+01,,,,5
2018-04-26 13:35:21.000000,2.609025e+07,1.818655e+07,1.239943e+02,1.410259e+06,8.843727e+01,,,,5
2018-04-26 13:35:22.000000,2.609022e+07,1.818769e+07,1.239950e+02,1.410259e+06,8.843727e+01,,,,5
2018-04-26 13:35:23.000000,2.609023e+07,1.818747e+07,1.239950e+02,1.410259e+06,8.843727e+01,,,,5
2018-04-26 13:35:24.000000,2.609025e+07,1.818803e+07,1.239954e+02,1.410259e+06,8.843727e+01,,,,5
2018-04-26 13:35:25.000000,2.609024e+07,1.818776e+07,1.239952e+02,1.410259e+06,8.843727e+01,,,,5
2018-04-26 13:35:26.000000,2.609025e+07,1.818898e+07,1.239959e+02,1.410259e+06,8.843727e+01,,,,5
2018-04-26 13:35:27.000000,2.609022e+07,1.818704e+07,1.239947e+02,1.410259e+06,8.843727e+01,,,,5
2018-04-26 13:35:28.000000,2.609023e+07,1.818801e+07,1.239952e+02,1.410259e+06,8.843727e+01,,,,5
2018-04-26 13:35:29.000000,2.609023e+07,1.818686e+07,1.239946e+02,1.410259e+06,8.843726e+01,,,,5
2018-04-26 13:35:30.000000,2.609025e+07,1.818765e+07,1.239949e+02,1.410259e+06,8.843726e+01,,,,5
2018-04-26 13:35:31.000000,2.609025e+07,1.818658e+07,1.239943e+02,1.410259e+06,8.843726e+01,,,,5
2018-04-26 13:35:32.000000,2.609024e+07,1.818815e+07,1.239952e+02,1.410259e+06,8.843726e+01,,,,5
2018-04-26 13:35:33.000000,2.609023e+07,1.818749e+07,1.239950e+02,1.410259e+06,8.843726e+01,,,,5
2018-04-26 13:35:34.000000,2.609023e+07,1.818748e+07,1.239950e+02,1.410259e+06,8.843726e+01,,,,5
2018-04-26 13:35:35.000000,2.609023e+07,1.818777e+07,1.239951e+02,1.410259e+06,8.843726e+01,,,,5
2018-04-26 13:35:36.000000,2.609024e+07,1.818780e+07,1.239952e+02,1.410259e+06,8.843726e+01,,,,5
2018-04-26 13:35:37.000000,2.609024e+07,1.818806e+07,1.239954e+02,1.410259e+06,8.843726e+01,,,,5
2018-04-26 13:35:38.000000,2.609023e+07,1.818700e+07,1.239947e+02,1.410259e+06,8.843726e+01,,,,5
2018-04-26 13:35:39.000000,2.609023e+07,1.818801e+07,1.239952e+02,1.410259e+06,8.843726e+01,,,,5
2018-04-26 13:35:40.000000,2.609023e+07,1.818683e+07,1.239945e+02,1.410259e+06,8.843726e+01,,,,5
2018-04-26 13:35:41.000000,2.609024e+07,1.818771e+07,1.239950e+02,1.410259e+06,8.843726e+01,,,,5
2018-04-26 13:35:42.000000,2.609024e+07,1.818655e+07,1.239943e+02,1.410259e+06,8.843725e+01,,,,5
2018-04-26 13:35:43.000000,2.609025e+07,1.818828e+07,1.239953e+02,1.410259e+06,8.843725e+01,,,,5
2018-04-26 13:35:44.000000,2.609023e+07,1.818751e+07,1.239950e+02,1.410259e+06,8.843725e+01,,,,5
2018-04-26 13:35:45.000000,2.609023e+07,1.818913e+07,1.239959e+02,1.410259e+06,8.843725e+01,,,,5
2018-04-26 13:35:46.000000,2.609022e+07,1.818779e+07,1.239951e+02,1.410259e+06,8.843725e+01,,,,5
2018-04-26 13:35:47.000000,2.609025e+07,1.818938e+07,1.239961e+02,1.410259e+06,8.843725e+01,,,,5
2018-04-26 13:35:48.000000,2.609025e+07,1.818816e+07,1.239954e+02,1.410259e+06,8.843725e+01,,,,5
2018-04-26 13:35:49.000000,2.609024e+07,1.818773e+07,1.239952e+02,1.410259e+06,8.843725e+01,,,,5
2018-04-26 13:35:50.000000,2.609023e+07,1.818721e+07,1.239947e+02,1.410259e+06,8.843725e+01,,,,5
2018-04-26 13:35:51.000000,2.609022e+07,1.818682e+07,1.239945e+02,1.410259e+06,8.843725e+01,,,,5
2018-04-26 13:35:52.000000,2.609025e+07,1.818685e+07,1.239945e+02,1.410259e+06,8.843725e+01,,,,5
2018-04-26 13:35:53.000000,2.609025e+07,1.818652e+07,1.239943e+02,1.410259e+06,8.843725e+01,,,,5
2018-04-26 13:35:54.000000,2.609025e+07,1.818769e+07,1.239949e+02,1.410259e+06,8.843725e+01,,,,5
2018-04-26 13:35:55.000000,2.609023e+07,1.818743e+07,1.239950e+02,1.410259e+06,8.843725e+01,,,,5
2018-04-26 13:35:56.000000,2.609022e+07,1.818857e+07,1.239956e+02,1.410259e+06,8.843724e+01,,,,5
2018-04-26 13:35:57.000000,2.609023e+07,1.818746e+07,1.239950e+02,1.410259e+06,8.843724e+01,,,,5
2018-04-26 13:35:58.000000,2.609024e+07,1.818938e+07,1.239961e+02,1.410259e+06,8.843724e+01,,,,5
2018-04-26 13:35:59.000000,2.609025e+07,1.818783e+07,1.239953e+02,1.410259e+06,8.843724e+01,,,,5
2018-04-26 13:36:00.000000,2.609024e+07,1.818780e+07,1.239952e+02,1.410259e+06,8.843724e+01,,,,5
2018-04-26 13:36:01.000000,2.609022e+07,1.818689e+07,1.239946e+02,1.410259e+06,8.843724e+01,,,,5
2018-04-26 13:36:02.000000,2.609023e+07,1.818688e+07,1.239946e+02,1.410259e+06,8.843724e+01,,,,5
2018-04-26 13:36:03.000000,2.609024e+07,1.818685e+07,1.239945e+02,1.410259e+06,8.843724e+01,,,,5
2018-04-26 13:36:04.000000,2.609025e+07,1.818658e+07,1.239943e+02,1.410259e+06,8.843724e+01,,,,5
2018-04-26 13:36:05.000000,2.609024e+07,1.818776e+07,1.239950e+02,1.410259e+06,8.843724e+01,,,,5
2018-04-26 13:36:06.000000,2.609023e+07,1.818749e+07,1.239950e+02,1.410259e+06,8.843724e+01,,,,5
2018-04-26 13:36:07.000000,2.609023e+07,1.818864e+07,1.239956e+02,1.410259e+06,8.843724e+01,,,,5
2018-04-26 13:36:08.000000,2.609023e+07,1.818747e+07,1.239950e+02,1.410259e+06,8.843724e+01,,,,5
2018-04-26 13:36:09.000000,2.609025e+07,1.818887e+07,1.239958e+02,1.410259e+06,8.843724e+01,,,,5
2018-04-26 13:36:10.000000,2.609024e+07,1.818783e+07,1.239952e+02,1.410259e+06,8.843723e+01,,,,5
2018-04-26 13:36:11.000000,2.609025e+07,1.818949e+07,1.239962e+02,1.410259e+06,8.843723e+01,,,,5
2018-04-26 13:36:12.000000,2.609023e+07,1.818706e+07,1.239947e+02,1.410259e+06,8.843723e+01,,,,5
2018-04-26 13:36:13.000000,2.609023e+07,1.818840e+07,1.239954e+02,1.410259e+06,8.843723e+01,,,,5
2018-04-26 13:36:14.000000,2.609023e+07,1.818718e+07,1.239947e+02,1.410259e+06,8.843723e+01,,,,5
2018-04-26 13:36:15.000000,2.609024e+07,1.818810e+07,1.239952e+02,1.410259e+06,8.843723e+01,,,,5
2018-04-26 13:36:16.000000,2.609025e+07,1.818690e+07,1.239945e+02,1.410259e+06,8.843723e+01,,,,5
2018-04-26 13:36:17.000000,2.609023e+07,1.818741e+07,1.239949e+02,1.410259e+06,8.843723e+01,,,,5
2018-04-26 13:36:18.000000,2.609023e+07,1.818775e+07,1.239951e+02,1.410259e+06,8.843723e+01,,,,5
2018-04-26 13:36:19.000000,2.609023e+07,1.818741e+07,1.239949e+02,1.410259e+06,8.843723e+01,,,,5
2018-04-26 13:36:20.000000,2.609024e+07,1.818800e+07,1.239953e+02,1.410259e+06,8.843723e+01,,,,5
2018-04-26 13:36:21.000000,2.609025e+07,1.818775e+07,1.239952e+02,1.410259e+06,8.843723e+01,,,,5
2018-04-26 13:36:22.000000,2.609024e+07,1.818952e+07,1.239962e+02,1.410259e+06,8.843723e+01,,,,5
2018-04-26 13:36:23.000000,2.609023e+07,1.818704e+07,1.239947e+02,1.410259e+06,8.843723e+01,,,,5
2018-04-26 13:36:24.000000,2.609022e+07,1.818851e+07,1.239954e+02,1.410259e+06,8.843722e+01,,,,5
2018-04-26 13:36:25.000000,2.609022e+07,1.818685e+07,1.239945e+02,1.410259e+06,8.843722e+01,,,,5
2018-04-26 13:36:26.000000,2.609025e+07,1.818819e+07,1.239952e+02,1.410259e+06,8.843722e+01,,,,5
2018-04-26 13:36:27.000000,2.609024e+07,1.818693e+07,1.239945e+02,1.410259e+06,8.843722e+01,,,,5
2018-04-26 13:36:28.000000,2.609025e+07,1.818655e+07,1.239943e+02,1.410259e+06,8.843722e+01,,,,5
2018-04-26 13:36:29.000000,2.609022e+07,1.818769e+07,1.239950e+02,1.410259e+06,8.843722e+01,,,,5
2018-04-26 13:36:30.000000,2.609023e+07,1.818747e+07,1.239950e+02,1.410259e+06,8.843722e+01,,,,5
2018-04-26 13:36:31.000000,2.609025e+07,1.818803e+07,1.239954e+02,1.410259e+06,8.843722e+01,,,,5
2018-04-26 13:36:32.000000,2.609024e+07,1.818776e+07,1.239952e+02,1.410259e+06,8.843722e+01,,,,5
2018-04-26 13:36:33.000000,2.609025e+07,1.818898e+07,1.239959e+02,1.410259e+06,8.843722e+01,,,,5
2018-04-26 13:36:34.000000,2.609022e+07,1.818704e+07,1.239946e+02,1.410259e+06,8.843722e+01,,,,5
2018-04-26 13:36:35.000000,2.609023e+07,1.818800e+07,1.239951e+02,1.410259e+06,8.843722e+01,,,,5
2018-04-26 13:36:36.000000,2.609023e+07,1.818686e+07,1.239945e+02,1.410259e+06,8.843722e+01,,,,5
2018-04-26 13:36:37.000000,2.609025e+07,1.818765e+07,1.239949e+02,1.410259e+06,8.843721e+01,,,,5
2018-04-26 13:36:38.000000,2.609025e+07,1.818659e+07,1.239943e+02,1.410259e+06,8.843721e+01,,,,5
2018-04-26 13:36:39.000000,2.609024e+07,1.818815e+07,1.239952e+02,1.410259e+06,8.843721e+01,,,,5
2018-04-26 13:36:40.000000,2.609023e+07,1.818749e+07,1.239950e+02,1.410259e+06,8.843721e+01,,,,5
2018-04-26 13:36:41.000000,2.609023e+07,1.818748e+07,1.239950e+02,1.410259e+06,8.843721e+01,,,,5
2018-04-26 13:36:42.000000,2.609023e+07,1.818777e+07,1.239951e+02,1.410259e+06,8.843721e+01,,,,5
2018-04-26 13:36:43.000000,2.609024e+07,1.818779e+07,1.239952e+02,1.410259e+06,8.843721e+01,,,,5
2018-04-26 13:36:44.000000,2.609024e+07,1.818806e+07,1.239954e+02,1.410259e+06,8.843721e+01,,,,5
2018-04-26 13:36:45.000000,2.609023e+07,1.818701e+07,1.239947e+02,1.410259e+06,8.843721e+01,,,,5
2018-04-26 13:36:46.000000,2.609023e+07,1.818801e+07,1.239952e+02,1.410259e+06,8.843721e+01,,,,5
2018-04-26 13:36:47.000000,2.609023e+07,1.818682e+07,1.239945e+02,1.410259e+06,8.843721e+01,,,,5
2018-04-26 13:36:48.000000,2.609024e+07,1.818770e+07,1.239949e+02,1.410259e+06,8.843721e+01,,,,5
2018-04-26 13:36:49.000000,2.609024e+07,1.818655e+07,1.239943e+02,1.410259e+06,8.843721e+01,,,,5
2018-04-26 13:36:50.000000,2.609025e+07,1.818828e+07,1.239953e+02,1.410259e+06,8.843721e+01,,,,5
2018-04-26 13:36:51.000000,2.609022e+07,1.818751e+07,1.239949e+02,1.410259e+06,8.843720e+01,,,,5
2018-04-26 13:36:52.000000,2.609023e+07,1.818911e+07,1.239958e+02,1.410259e+06,8.843720e+01,,,,5
2018-04-26 13:36:53.000000,2.609022e+07,1.818780e+07,1.239951e+02,1.410259e+06,8.843720e+01,,,,5
2018-04-26 13:36:54.000000,2.609024e+07,1.818938e+07,1.239961e+02,1.410259e+06,8.843720e+01,,,,5
2018-04-26 13:36:55.000000,2.609025e+07,1.818817e+07,1.239954e+02,1.410259e+06,8.843720e+01,,,,5
2018-04-26 13:36:56.000000,2.609024e+07,1.818773e+07,1.239952e+02,1.410259e+06,8.843720e+01,,,,5
2018-04-26 13:36:57.000000,2.609023e+07,1.818721e+07,1.239947e+02,1.410259e+06,8.843720e+01,,,,5
2018-04-26 13:36:58.000000,2.609022e+07,1.818682e+07,1.239945e+02,1.410259e+06,8.843720e+01,,,,5
2018-04-26 13:36:59.000000,2.609025e+07,1.818685e+07,1.239945e+02,1.410259e+06,8.843720e+01,,,,5
2018-04-26 13:37:00.000000,2.609025e+07,1.818652e+07,1.239943e+02,1.410259e+06,8.843720e+01,,,,5
2018-04-26 13:37:01.000000,2.609024e+07,1.818769e+07,1.239949e+02,1.410259e+06,8.843720e+01,,,,5
2018-04-26 13:37:02.000000,2.609023e+07,1.818743e+07,1.239949e+02,1.410259e+06,8.843720e+01,,,,5
2018-04-26 13:37:03.000000,2.609022e+07,1.818857e+07,1.239956e+02,1.410259e+06,8.843720e+01,,,,5
2018-04-26 13:37:04.000000,2.609023e+07,1.818746e+07,1.239949e+02,1.410259e+06,8.843720e+01,,,,5
2018-04-26 13:37:05.000000,2.609024e+07,1.818936e+07,1.239961e+02,1.410259e+06,8.843719e+01,,,,5
2018-04-26 13:37:06.000000,2.609025e+07,1.818784e+07,1.239953e+02,1.410259e+06,8.843719e+01,,,,5
2018-04-26 13:37:07.000000,2.609024e+07,1.818779e+07,1.239952e+02,1.410259e+06,8.843719e+01,,,,5
2018-04-26 13:37:08.000000,2.609022e+07,1.818689e+07,1.239946e+02,1.410259e+06,8.843719e+01,,,,5
2018-04-26 13:37:09.000000,2.609023e+07,1.818688e+07,1.239946e+02,1.410259e+06,8.843719e+01,,,,5
2018-04-26 13:37:10.000000,2.609022e+07,1.818810e+07,1.239952e+02,1.410259e+06,8.843719e+01,,,,5
2018-04-26 13:37:11.000000,2.609025e+07,1.818666e+07,1.239944e+02,1.410259e+06,8.843719e+01,,,,5
2018-04-26 13:37:12.000000,2.609024e+07,1.818775e+07,1.239950e+02,1.410259e+06,8.843719e+01,,,,5
2018-04-26 13:37:13.000000,2.609023e+07,1.818749e+07,1.239950e+02,1.410259e+06,8.843719e+01,,,,5
2018-04-26 13:37:14.000000,2.609023e+07,1.818864e+07,1.239956e+02,1.410259e+06,8.843719e+01,,,,5
2018-04-26 13:37:15.000000,2.609022e+07,1.818747e+07,1.239949e+02,1.410259e+06,8.843719e+01,,,,5
2018-04-26 13:37:16.000000,2.609025e+07,1.818887e+07,1.239958e+02,1.410259e+06,8.843719e+01,,,,5
2018-04-26 13:37:17.000000,2.609024e+07,1.818783e+07,1.239952e+02,1.410259e+06,8.843719e+01,,,,5
2018-04-26 13:37:18.000000,2.609024e+07,1.818949e+07,1.239962e+02,1.410259e+06,8.843719e+01,,,,5
2018-04-26 13:37:19.000000,2.609023e+07,1.818708e+07,1.239947e+02,1.410259e+06,8.843718e+01,,,,5
2018-04-26 13:37:20.000000,2.609023e+07,1.818839e+07,1.239954e+02,1.410259e+06,8.843718e+01,,,,5
2018-04-26 13:37:21.000000,2.609023e+07,1.818718e+07,1.239947e+02,1.410259e+06,8.843718e+01,,,,5
2018-04-26 13:37:22.000000,2.609024e+07,1.818809e+07,1.239952e+02,1.410259e+06,8.843718e+01,,,,5
2018-04-26 13:37:23.000000,2.609025e+07,1.818691e+07,1.239945e+02,1.410259e+06,8.843718e+01,,,,5
2018-04-26 13:37:24.000000,2.609025e+07,1.818649e+07,1.239943e+02,1.410259e+06,8.843718e+01,,,,5
2018-04-26 13:37:25.000000,2.609023e+07,1.818768e+07,1.239950e+02,1.410259e+06,8.843718e+01,,,,5
2018-04-26 13:37:26.000000,2.609023e+07,1.818742e+07,1.239949e+02,1.410259e+06,8.843718e+01,,,,5
2018-04-26 13:37:27.000000,2.609024e+07,1.818800e+07,1.239953e+02,1.410259e+06,8.843718e+01,,,,5
2018-04-26 13:37:28.000000,2.609025e+07,1.818775e+07,1.239952e+02,1.410259e+06,8.843718e+01,,,,5
2018-04-26 13:37:29.000000,2.609024e+07,1.818950e+07,1.239962e+02,1.410259e+06,8.843718e+01,,,,5
2018-04-26 13:37:30.000000,2.609023e+07,1.818704e+07,1.239947e+02,1.410259e+06,8.843718e+01,,,,5
2018-04-26 13:37:31.000000,2.609022e+07,1.818851e+07,1.239954e+02,1.410259e+06,8.843718e+01,,,,5
2018-04-26 13:37:32.000000,2.609022e+07,1.818685e+07,1.239945e+02,1.410259e+06,8.843718e+01,,,,5
2018-04-26 13:37:33.000000,2.609025e+07,1.818819e+07,1.239952e+02,1.410259e+06,8.843717e+01,,,,5
2018-04-26 13:37:34.000000,2.609024e+07,1.818693e+07,1.239945e+02,1.410259e+06,8.843717e+01,,,,5
2018-04-26 13:37:35.000000,2.609025e+07,1.818655e+07,1.239943e+02,1.410259e+06,8.843717e+01,,,,5
2018-04-26 13:37:36.000000,2.609022e+07,1.818768e+07,1.239950e+02,1.410259e+06,8.843717e+01,,,,5
2018-04-26 13:37:37.000000,2.609023e+07,1.818747e+07,1.239950e+02,1.410259e+06,8.843717e+01,,,,5
2018-04-26 13:37:38.000000,2.609023e+07,1.818873e+07,1.239956e+02,1.410259e+06,8.843717e+01,,,,5
2018-04-26 13:37:39.000000,2.609024e+07,1.818779e+07,1.239952e+02,1.410259e+06,8.843717e+01,,,,5
2018-04-26 13:37:40.000000,2.609025e+07,1.818898e+07,1.239959e+02,1.410259e+06,8.843717e+01,,,,5
2018-04-26 13:37:41.000000,2.609022e+07,1.818704e+07,1.239946e+02,1.410259e+06,8.843717e+01,,,,5
2018-04-26 13:37:42.000000,2.609023e+07,1.818800e+07,1.239951e+02,1.410259e+06,8.843717e+01,,,,5
2018-04-26 13:37:43.000000,2.609023e+07,1.818687e+07,1.239945e+02,1.410259e+06,8.843717e+01,,,,5
2018-04-26 13:37:44.000000,2.609024e+07,1.818765e+07,1.239949e+02,1.410259e+06,8.843717e+01,,,,5
2018-04-26 13:37:45.000000,2.609024e+07,1.818659e+07,1.239943e+02,1.410259e+06,8.843717e+01,,,,5
2018-04-26 13:37:46.000000,2.609024e+07,1.818814e+07,1.239952e+02,1.410259e+06,8.843717e+01,,,,5
2018-04-26 13:37:47.000000,2.609023e+07,1.818749e+07,1.239949e+02,1.410259e+06,8.843716e+01,,,,5
2018-04-26 13:37:48.000000,2.609023e+07,1.818748e+07,1.239950e+02,1.410259e+06,8.843716e+01,,,,5
2018-04-26 13:37:49.000000,2.609023e+07,1.818777e+07,1.239951e+02,1.410259e+06,8.843716e+01,,,,5
2018-04-26 13:37:50.000000,2.609024e+07,1.818779e+07,1.239952e+02,1.410259e+06,8.843716e+01,,,,5
2018-04-26 13:37:51.000000,2.609024e+07,1.818806e+07,1.239954e+02,1.410259e+06,8.843716e+01,,,,5
2018-04-26 13:37:52.000000,2.609023e+07,1.818701e+07,1.239947e+02,1.410259e+06,8.843716e+01,,,,5
2018-04-26 13:37:53.000000,2.609022e+07,1.818800e+07,1.239951e+02,1.410259e+06,8.843716e+01,,,,5
2018-04-26 13:37:54.000000,2.609023e+07,1.818682e+07,1.239945e+02,1.410259e+06,8.843716e+01,,,,5
2018-04-26 13:37:55.000000,2.609024e+07,1.818770e+07,1.239949e+02,1.410259e+06,8.843716e+01,,,,5
2018-04-26 13:37:56.000000,2.609024e+07,1.818657e+07,1.239944e+02,1.410259e+06,8.843716e+01,,,,5
2018-04-26 13:37:57.000000,2.609025e+07,1.818828e+07,1.239953e+02,1.410259e+06,8.843716e+01,,,,5
2018-04-26 13:37:58.000000,2.609022e+07,1.818751e+07,1.239949e+02,1.410259e+06,8.843716e+01,,,,5
2018-04-26 13:37:59.000000,2.609023e+07,1.818910e+07,1.239958e+02,1.410259e+06,8.843716e+01,,,,5
2018-04-26 13:38:00.000000,2.609022e+07,1.818781e+07,1.239951e+02,1.410259e+06,8.843716e+01,,,,5
2018-04-26 13:38:01.000000,2.609024e+07,1.818938e+07,1.239960e+02,1.410259e+06,8.843716e+01,,,,5
2018-04-26 13:38:02.000000,2.609025e+07,1.818783e+07,1.239952e+02,1.410259e+06,8.843715e+01,,,,5
2018-04-26 13:38:03.000000,2.609024e+07,1.818779e+07,1.239952e+02,1.410259e+06,8.843715e+01,,,,5
2018-04-26 13:38:04.000000,2.609023e+07,1.818688e+07,1.239946e+02,1.410259e+06,8.843715e+01,,,,5
2018-04-26 13:38:05.000000,2.609023e+07,1.818688e+07,1.239946e+02,1.410259e+06,8.843715e+01,,,,5
2018-04-26 13:38:06.000000,2.609024e+07,1.818685e+07,1.239945e+02,1.410259e+06,8.843715e+01,,,,5
2018-04-26 13:38:07.000000,2.609025e+07,1.818657e+07,1.239943e+02,1.410259e+06,8.843715e+01,,,,5
2018-04-26 13:38:08.000000,2.609024e+07,1.818776e+07,1.239950e+02,1.410259e+06,8.843715e+01,,,,5
2018-04-26 13:38:09.000000,2.609023e+07,1.818749e+07,1.239950e+02,1.410259e+06,8.843715e+01,,,,5
2018-04-26 13:38:10.000000,2.609023e+07,1.818864e+07,1.239956e+02,1.410259e+06,8.843715e+01,,,,5
2018-04-26 13:38:11.000000,2.609023e+07,1.818746e+07,1.239949e+02,1.410259e+06,8.843715e+01,,,,5
2018-04-26 13:38:12.000000,2.609025e+07,1.818887e+07,1.239958e+02,1.410259e+06,8.843715e+01,,,,5
2018-04-26 13:38:13.000000,2.609024e+07,1.818783e+07,1.239952e+02,1.410259e+06,8.843715e+01,,,,5
2018-04-26 13:38:14.000000,2.609025e+07,1.818951e+07,1.239961e+02,1.410259e+06,8.843715e+01,,,,5
2018-04-26 13:38:15.000000,2.609023e+07,1.818706e+07,1.239946e+02,1.410259e+06,8.843715e+01,,,,5
2018-04-26 13:38:16.000000,2.609023e+07,1.818840e+07,1.239954e+02,1.410259e+06,8.843714e+01,,,,5
2018-04-26 13:38:17.000000,2.609023e+07,1.818718e+07,1.239947e+02,1.410259e+06,8.843714e+01,,,,5
2018-04-26 13:38:18.000000,2.609024e+07,1.818810e+07,1.239952e+02,1.410259e+06,8.843714e+01,,,,5
2018-04-26 13:38:19.000000,2.609025e+07,1.818690e+07,1.239945e+02,1.410259e+06,8.843714e+01,,,,5
2018-04-26 13:38:20.000000,2.609023e+07,1.818741e+07,1.239949e+02,1.410259e+06,8.843714e+01,,,,5
2018-04-26 13:38:21.000000,2.609023e+07,1.818775e+07,1.239951e+02,1.410259e+06,8.843714e+01,,,,5
2018-04-26 13:38:22.000000,2.609023e+07,1.818742e+07,1.239949e+02,1.410259e+06,8.843714e+01,,,,5
2018-04-26 13:38:23.000000,2.609024e+07,1.818800e+07,1.239953e+02,1.410259e+06,8.843714e+01,,,,5
2018-04-26 13:38:24.000000,2.609025e+07,1.818774e+07,1.239952e+02,1.410259e+06,8.843714e+01,,,,5
2018-04-26 13:38:25.000000,2.609024e+07,1.818952e+07,1.239962e+02,1.410259e+06,8.843714e+01,,,,5
2018-04-26 13:38:26.000000,2.609023e+07,1.818705e+07,1.239947e+02,1.410259e+06,8.843714e+01,,,,5
2018-04-26 13:38:27.000000,2.609022e+07,1.818852e+07,1.239954e+02,1.410259e+06,8.843714e+01,,,,5
2018-04-26 13:38:28.000000,2.609022e+07,1.818683e+07,1.239945e+02,1.410259e+06,8.843714e+01,,,,5
2018-04-26 13:38:29.000000,2.609025e+07,1.818819e+07,1.239952e+02,1.410259e+06,8.843714e+01,,,,5
2018-04-26 13:38:30.000000,2.609024e+07,1.818693e+07,1.239945e+02,1.410259e+06,8.843713e+01,,,,5
2018-04-26 13:38:31.000000,2.609025e+07,1.818655e+07,1.239943e+02,1.410259e+06,8.843713e+01,,,,5
2018-04-26 13:38:32.000000,2.609022e+07,1.818769e+07,1.239950e+02,1.410259e+06,8.843713e+01,,,,5
2018-04-26 13:38:33.000000,2.609023e+07,1.818747e+07,1.239950e+02,1.410259e+06,8.843713e+01,,,,5
2018-04-26 13:38:34.000000,2.609025e+07,1.818803e+07,1.239954e+02,1.410259e+06,8.843713e+01,,,,5
2018-04-26 13:38:35.000000,2.609024e+07,1.818776e+07,1.239952e+02,1.410259e+06,8.843713e+01,,,,5
2018-04-26 13:38:36.000000,2.609025e+07,1.818898e+07,1.239959e+02,1.410259e+06,8.843713e+01,,,,5
2018-04-26 13:38:37.000000,2.609022e+07,1.818704e+07,1.239946e+02,1.410259e+06,8.843713e+01,,,,5
2018-04-26 13:38:38.000000,2.609023e+07,1.818801e+07,1.239952e+02,1.410259e+06,8.843713e+01,,,,5
2018-04-26 13:38:39.000000,2.609023e+07,1.818686e+07,1.239945e+02,1.410259e+06,8.843713e+01,,,,5
2018-04-26 13:38:40.000000,2.609025e+07,1.818765e+07,1.239949e+02,1.410259e+06,8.843713e+01,,,,5
2018-04-26 13:38:41.000000,2.609025e+07,1.818658e+07,1.239943e+02,1.410259e+06,8.843713e+01,,,,5
2018-04-26 13:38:42.000000,2.609024e+07,1.818815e+07,1.239952e+02,1.410259e+06,8.843713e+01,,,,5
2018-04-26 13:38:43.000000,2.609023e+07,1.818749e+07,1.239949e+02,1.410259e+06,8.843713e+01,,,,5
2018-04-26 13:38:44.000000,2.609023e+07,1.818748e+07,1.239950e+02,1.410259e+06,8.843712e+01,,,,5
2018-04-26 13:38:45.000000,2.609023e+07,1.818777e+07,1.239951e+02,1.410259e+06,8.843712e+01,,,,5
2018-04-26 13:38:46.000000,2.609024e+07,1.818780e+07,1.239952e+02,1.410259e+06,8.843712e+01,,,,5
2018-04-26 13:38:47.000000,2.609024e+07,1.818806e+07,1.239953e+02,1.410259e+06,8.843712e+01,,,,5
2018-04-26 13:38:48.000000,2.609023e+07,1.818700e+07,1.239947e+02,1.410259e+06,8.843712e+01,,,,5
2018-04-26 13:38:49.000000,2.609023e+07,1.818801e+07,1.239952e+02,1.410259e+06,8.843712e+01,,,,5
2018-04-26 13:38:50.000000,2.609023e+07,1.818683e+07,1.239945e+02,1.410259e+06,8.843712e+01,,,,5
2018-04-26 13:38:51.000000,2.609024e+07,1.818770e+07,1.239949e+02,1.410259e+06,8.843712e+01,,,,5
2018-04-26 13:38:52.000000,2.609024e+07,1.818655e+07,1.239943e+02,1.410259e+06,8.843712e+01,,,,5
2018-04-26 13:38:53.000000,2.609025e+07,1.818828e+07,1.239953e+02,1.410259e+06,8.843712e+01,,,,5
2018-04-26 13:38:54.000000,2.609023e+07,1.818751e+07,1.239949e+02,1.410259e+06,8.843712e+01,,,,5
2018-04-26 13:38:55.000000,2.609023e+07,1.818913e+07,1.239958e+02,1.410259e+06,8.843712e+01,,,,5
2018-04-26 13:38:56.000000,2.609022e+07,1.818779e+07,1.239951e+02,1.410259e+06,8.843712e+01,,,,5
2018-04-26 13:38:57.000000,2.609025e+07,1.818938e+07,1.239960e+02,1.410259e+06,8.843712e+01,,,,5
2018-04-26 13:38:58.000000,2.609025e+07,1.818816e+07,1.239954e+02,1.410259e+06,8.843712e+01,,,,5
2018-04-26 13:38:59.000000,2.609024e+07,1.818773e+07,1.239952e+02,1.410259e+06,8.843711e+01,,,,5
2018-04-26 13:39:00.000000,2.609023e+07,1.818721e+07,1.239947e+02,1.410259e+06,8.843711e+01,,,,5
2018-04-26 13:39:01.000000,2.609022e+07,1.818682e+07,1.239945e+02,1.410259e+06,8.843711e+01,,,,5
2018-04-26 13:39:02.000000,2.609025e+07,1.818685e+07,1.239945e+02,1.410259e+06,8.843711e+01,,,,5
2018-04-26 13:39:03.000000,2.609025e+07,1.818653e+07,1.239943e+02,1.410259e+06,8.843711e+01,,,,5
2018-04-26 13:39:04.000000,2.609025e+07,1.818769e+07,1.239949e+02,1.410259e+06,8.843711e+01,,,,5
2018-04-26 13:39:05.000000,2.609023e+07,1.818743e+07,1.239949e+02,1.410259e+06,8.843711e+01,,,,5
2018-04-26 13:39:06.000000,2.609022e+07,1.818857e+07,1.239956e+02,1.410259e+06,8.843711e+01,,,,5
2018-04-26 13:39:07.000000,2.609023e+07,1.818746e+07,1.239949e+02,1.410259e+06,8.843711e+01,,,,5
2018-04-26 13:39:08.000000,2.609024e+07,1.818936e+07,1.239961e+02,1.410259e+06,8.843711e+01,,,,5
2018-04-26 13:39:09.000000,2.609025e+07,1.818784e+07,1.239953e+02,1.410259e+06,8.843711e+01,,,,5
2018-04-26 13:39:10.000000,2.609024e+07,1.818780e+07,1.239952e+02,1.410259e+06,8.843711e+01,,,,5
2018-04-26 13:39:11.000000,2.609022e+07,1.818689e+07,1.239946e+02,1.410259e+06,8.843711e+01,,,,5
2018-04-26 13:39:12.000000,2.609023e+07,1.818688e+07,1.239946e+02,1.410259e+06,8.843711e+01,,,,5
2018-04-26 13:39:13.000000,2.609023e+07,1.818810e+07,1.239952e+02,1.410259e+06,8.843710e+01,,,,5
2018-04-26 13:39:14.000000,2.609025e+07,1.818666e+07,1.239944e+02,1.410259e+06,8.843710e+01,,,,5
2018-04-26 13:39:15.000000,2.609024e+07,1.818776e+07,1.239950e+02,1.410259e+06,8.843710e+01,,,,5
2018-04-26 13:39:16.000000,2.609023e+07,1.818749e+07,1.239950e+02,1.410259e+06,8.843710e+01,,,,5
2018-04-26 13:39:17.000000,2.609023e+07,1.818864e+07,1.239956e+02,1.410259e+06,8.843710e+01,,,,5
2018-04-26 13:39:18.000000,2.609023e+07,1.818747e+07,1.239949e+02,1.410259e+06,8.843710e+01,,,,5
2018-04-26 13:39:19.000000,2.609025e+07,1.818887e+07,1.239958e+02,1.410259e+06,8.843710e+01,,,,5
2018-04-26 13:39:20.000000,2.609024e+07,1.818783e+07,1.239952e+02,1.410259e+06,8.843710e+01,,,,5
2018-04-26 13:39:21.000000,2.609025e+07,1.818949e+07,1.239961e+02,1.410259e+06,8.843710e+01,,,,5
2018-04-26 13:39:22.000000,2.609023e+07,1.818706e+07,1.239946e+02,1.410259e+06,8.843710e+01,,,,5
2018-04-26 13:39:23.000000,2.609023e+07,1.818840e+07,1.239954e+02,1.410259e+06,8.843710e+01,,,,5
2018-04-26 13:39:24.000000,2.609023e+07,1.818718e+07,1.239947e+02,1.410259e+06,8.843710e+01,,,,5
2018-04-26 13:39:25.000000,2.609024e+07,1.818809e+07,1.239952e+02,1.410259e+06,8.843710e+01,,,,5
2018-04-26 13:39:26.000000,2.609025e+07,1.818691e+07,1.239945e+02,1.410259e+06,8.843710e+01,,,,5
2018-04-26 13:39:27.000000,2.609023e+07,1.818741e+07,1.239949e+02,1.410259e+06,8.843709e+01,,,,5
2018-04-26 13:39:28.000000,2.609023e+07,1.818775e+07,1.239951e+02,1.410259e+06,8.843709e+01,,,,5
2018-04-26 13:39:29.000000,2.609023e+07,1.818741e+07,1.239949e+02,1.410259e+06,8.843709e+01,,,,5
2018-04-26 13:39:30.000000,2.609024e+07,1.818800e+07,1.239953e+02,1.410259e+06,8.843709e+01,,,,5
2018-04-26 13:39:31.000000,2.609025e+07,1.818775e+07,1.239952e+02,1.410259e+06,8.843709e+01,,,,5
2018-04-26 13:39:32.000000,2.609024e+07,1.818952e+07,1.239962e+02,1.410259e+06,8.843709e+01,,,,5
2018-04-26 13:39:33.000000,2.609023e+07,1.818704e+07,1.239947e+02,1.410259e+06,8.843709e+01,,,,5
2018-04-26 13:39:34.000000,2.609022e+07,1.818851e+07,1.239954e+02,1.410259e+06,8.843709e+01,,,,5
2018-04-26 13:39:35.000000,2.609022e+07,1.818685e+07,1.239945e+02,1.410259e+06,8.843709e+01,,,,5
2018-04-26 13:39:36.000000,2.609025e+07,1.818819e+07,1.239952e+02,1.410259e+06,8.843709e+01,,,,5
2018-04-26 13:39:37.000000,2.609024e+07,1.818693e+07,1.239945e+02,1.410259e+06,8.843709e+01,,,,5
2018-04-26 13:39:38.000000,2.609025e+07,1.818655e+07,1.239943e+02,1.410259e+06,8.843709e+01,,,,5
2018-04-26 13:39:39.000000,2.609022e+07,1.818769e+07,1.239950e+02,1.410259e+06,8.843709e+01,,,,5
2018-04-26 13:39:40.000000,2.609023e+07,1.818747e+07,1.239950e+02,1.410259e+06,8.843709e+01,,,,5
2018-04-26 13:39:41.000000,2.609025e+07,1.818803e+07,1.239954e+02,1.410259e+06,8.843709e+01,,,,5
2018-04-26 13:39:42.000000,2.609024e+07,1.818776e+07,1.239952e+02,1.410259e+06,8.843708e+01,,,,5
2018-04-26 13:39:43.000000,2.609025e+07,1.818898e+07,1.239959e+02,1.410259e+06,8.843708e+01,,,,5
2018-04-26 13:39:44.000000,2.609022e+07,1.818704e+07,1.239946e+02,1.410259e+06,8.843708e+01,,,,5
2018-04-26 13:39:45.000000,2.609023e+07,1.818800e+07,1.239951e+02,1.410259e+06,8.843708e+01,,,,5
2018-04-26 13:39:46.000000,2.609023e+07,1.818686e+07,1.239945e+02,1.410259e+06,8.843708e+01,,,,5
2018-04-26 13:39:47.000000,2.609025e+07,1.818765e+07,1.239949e+02,1.410259e+06,8.843708e+01,,,,5
2018-04-26 13:39:48.000000,2.609025e+07,1.818660e+07,1.239943e+02,1.410259e+06,8.843708e+01,,,,5
2018-04-26 13:39:49.000000,2.609024e+07,1.818815e+07,1.239952e+02,1.410259e+06,8.843708e+01,,,,5
2018-04-26 13:39:50.000000,2.609023e+07,1.818749e+07,1.239949e+02,1.410259e+06,8.843708e+01,,,,5
2018-04-26 13:39:51.000000,2.609023e+07,1.818748e+07,1.239950e+02,1.410259e+06,8.843708e+01,,,,5
2018-04-26 13:39:52.000000,2.609023e+07,1.818777e+07,1.239951e+02,1.410259e+06,8.843708e+01,,,,5
2018-04-26 13:39:53.000000,2.609024e+07,1.818779e+07,1.239952e+02,1.410259e+06,8.843708e+01,,,,5
2018-04-26 13:39:54.000000,2.609024e+07,1.818806e+07,1.239953e+02,1.410259e+06,8.843708e+01,,,,5
2018-04-26 13:39:55.000000,2.609023e+07,1.818701e+07,1.239947e+02,1.410259e+06,8.843708e+01,,,,5
2018-04-26 13:39:56.000000,2.609023e+07,1.818801e+07,1.239952e+02,1.410259e+06,8.843707e+01,,,,5
2018-04-26 13:39:57.000000,2.609023e+07,1.818682e+07,1.239945e+02,1.410259e+06,8.843707e+01,,,,5
2018-04-26 13:39:58.000000,2.609024e+07,1.818770e+07,1.239949e+02,1.410259e+06,8.843707e+01,,,,5
2018-04-26 13:39:59.000000,2.609024e+07,1.818657e+07,1.239944e+02,1.410259e+06,8.843707e+01,,,,5
2018-04-26 13:40:00.000000,2.609025e+07,1.818828e+07,1.239953e+02,1.410259e+06,8.843707e+01,,,,5
2018-04-26 13:40:01.000000,2.609023e+07,1.818751e+07,1.239949e+02,1.410259e+06,8.843707e+01,,,,5
2018-04-26 13:40:02.000000,2.609023e+07,1.818911e+07,1.239958e+02,1.410259e+06,8.843707e+01,,,,5
2018-04-26 13:40:03.000000,2.609022e+07,1.818780e+07,1.239951e+02,1.410259e+06,8.843707e+01,,,,5
2018-04-26 13:40:04.000000,2.609025e+07,1.818938e+07,1.239960e+02,1.410259e+06,8.843707e+01,,,,5
2018-04-26 13:40:05.000000,2.609025e+07,1.818817e+07,1.239954e+02,1.410259e+06,8.843707e+01,,,,5
2018-04-26 13:40:06.000000,2.609024e+07,1.818773e+07,1.239952e+02,1.410259e+06,8.843707e+01,,,,5
2018-04-26 13:40:07.000000,2.609023e+07,1.818721e+07,1.239947e+02,1.410259e+06,8.843707e+01,,,,5
2018-04-26 13:40:08.000000,2.609022e+07,1.818682e+07,1.239945e+02,1.410259e+06,8.843707e+01,,,,5
2018-04-26 13:40:09.000000,2.609025e+07,1.818685e+07,1.239945e+02,1.410259e+06,8.843707e+01,,,,5
2018-04-26 13:40:10.000000,2.609025e+07,1.818652e+07,1.239943e+02,1.410259e+06,8.843707e+01,,,,5
2018-04-26 13:40:11.000000,2.609025e+07,1.818769e+07,1.239949e+02,1.410259e+06,8.843706e+01,,,,5
2018-04-26 13:40:12.000000,2.609023e+07,1.818743e+07,1.239949e+02,1.410259e+06,8.843706e+01,,,,5
2018-04-26 13:40:13.000000,2.609022e+07,1.818857e+07,1.239956e+02,1.410259e+06,8.843706e+01,,,,5
2018-04-26 13:40:14.000000,2.609023e+07,1.818746e+07,1.239949e+02,1.410259e+06,8.843706e+01,,,,5
2018-04-26 13:40:15.000000,2.609024e+07,1.818936e+07,1.239961e+02,1.410259e+06,8.843706e+01,,,,5
2018-04-26 13:40:16.000000,2.609025e+07,1.818785e+07,1.239953e+02,1.410259e+06,8.843706e+01,,,,5
2018-04-26 13:40:17.000000,2.609024e+07,1.818779e+07,1.239952e+02,1.410259e+06,8.843706e+01,,,,5
2018-04-26 13:40:18.000000,2.609022e+07,1.818689e+07,1.239946e+02,1.410259e+06,8.843706e+01,,,,5
2018-04-26 13:40:19.000000,2.609023e+07,1.818688e+07,1.239946e+02,1.410259e+06,8.843706e+01,,,,5
2018-04-26 13:40:20.000000,2.609023e+07,1.818810e+07,1.239952e+02,1.410259e+06,8.843706e+01,,,,5
2018-04-26 13:40:21.000000,2.609025e+07,1.818666e+07,1.239944e+02,1.410259e+06,8.843706e+01,,,,5
2018-04-26 13:40:22.000000,2.609024e+07,1.818775e+07,1.239950e+02,1.410259e+06,8.843706e+01,,,,5
2018-04-26 13:40:23.000000,2.609023e+07,1.818749e+07,1.239950e+02,1.410259e+06,8.843706e+01,,,,5
2018-04-26 13:40:24.000000,2.609023e+07,1.818864e+07,1.239956e+02,1.410259e+06,8.843706e+01,,,,5
2018-04-26 13:40:25.000000,2.609023e+07,1.818747e+07,1.239949e+02,1.410259e+06,8.843705e+01,,,,5
2018-04-26 13:40:26.000000,2.609025e+07,1.818886e+07,1.239958e+02,1.410259e+06,8.843705e+01,,,,5
2018-04-26 13:40:27.000000,2.609024e+07,1.818783e+07,1.239952e+02,1.410259e+06,8.843705e+01,,,,5
2018-04-26 13:40:28.000000,2.609025e+07,1.818949e+07,1.239961e+02,1.410259e+06,8.843705e+01,,,,5
2018-04-26 13:40:29.000000,2.609023e+07,1.818708e+07,1.239946e+02,1.410259e+06,8.843705e+01,,,,5
2018-04-26 13:40:30.000000,2.609023e+07,1.818840e+07,1.239954e+02,1.410259e+06,8.843705e+01,,,,5
2018-04-26 13:40:31.000000,2.609023e+07,1.818718e+07,1.239947e+02,1.410259e+06,8.843705e+01,,,,5
2018-04-26 13:40:32.000000,2.609024e+07,1.818809e+07,1.239952e+02,1.410259e+06,8.843705e+01,,,,5
2018-04-26 13:40:33.000000,2.609025e+07,1.818692e+07,1.239945e+02,1.410259e+06,8.843705e+01,,,,5
2018-04-26 13:40:34.000000,2.609025e+07,1.818649e+07,1.239943e+02,1.410259e+06,8.843705e+01,,,,5
2018-04-26 13:40:35.000000,2.609023e+07,1.818768e+07,1.239950e+02,1.410259e+06,8.843705e+01,,,,5
2018-04-26 13:40:36.000000,2.609023e+07,1.818742e+07,1.239949e+02,1.410259e+06,8.843705e+01,,,,5
2018-04-26 13:40:37.000000,2.609024e+07,1.818800e+07,1.239953e+02,1.410259e+06,8.843705e+01,,,,5
2018-04-26 13:40:38.000000,2.609025e+07,1.818775e+07,1.239952e+02,1.410259e+06,8.843705e+01,,,,5
2018-04-26 13:40:39.000000,2.609024e+07,1.818950e+07,1.239962e+02,1.410259e+06,8.843705e+01,,,,5
2018-04-26 13:40:40.000000,2.609023e+07,1.818704e+07,1.239947e+02,1.410259e+06,8.843704e+01,,,,5
2018-04-26 13:40:41.000000,2.609022e+07,1.818851e+07,1.239954e+02,1.410259e+06,8.843704e+01,,,,5
2018-04-26 13:40:42.000000,2.609022e+07,1.818685e+07,1.239945e+02,1.410259e+06,8.843704e+01,,,,5
2018-04-26 13:40:43.000000,2.609025e+07,1.818818e+07,1.239952e+02,1.410259e+06,8.843704e+01,,,,5
2018-04-26 13:40:44.000000,2.609024e+07,1.818693e+07,1.239945e+02,1.410259e+06,8.843704e+01,,,,5
2018-04-26 13:40:45.000000,2.609025e+07,1.818655e+07,1.239943e+02,1.410259e+06,8.843704e+01,,,,5
2018-04-26 13:40:46.000000,2.609022e+07,1.818768e+07,1.239950e+02,1.410259e+06,8.843704e+01,,,,5
2018-04-26 13:40:47.000000,2.609023e+07,1.818747e+07,1.239950e+02,1.410259e+06,8.843704e+01,,,,5
2018-04-26 13:40:48.000000,2.609023e+07,1.818873e+07,1.239956e+02,1.410259e+06,8.843704e+01,,,,5
2018-04-26 13:40:49.000000,2.609024e+07,1.818780e+07,1.239952e+02,1.410259e+06,8.843704e+01,,,,5
2018-04-26 13:40:50.000000,2.609025e+07,1.818897e+07,1.239959e+02,1.410259e+06,8.843704e+01,,,,5
2018-04-26 13:40:51.000000,2.609022e+07,1.818704e+07,1.239946e+02,1.410259e+06,8.843704e+01,,,,5
2018-04-26 13:40:52.000000,2.609023e+07,1.818800e+07,1.239951e+02,1.410259e+06,8.843704e+01,,,,5
2018-04-26 13:40:53.000000,2.609023e+07,1.818687e+07,1.239945e+02,1.410259e+06,8.843704e+01,,,,5
2018-04-26 13:40:54.000000,2.609024e+07,1.818765e+07,1.239949e+02,1.410259e+06,8.843704e+01,,,,5
2018-04-26 13:40:55.000000,2.609025e+07,1.818659e+07,1.239943e+02,1.410259e+06,8.843703e+01,,,,5
2018-04-26 13:40:56.000000,2.609024e+07,1.818814e+07,1.239952e+02,1.410259e+06,8.843703e+01,,,,5
2018-04-26 13:40:57.000000,2.609023e+07,1.818749e+07,1.239949e+02,1.410259e+06,8.843703e+01,,,,5
2018-04-26 13:40:58.000000,2.609023e+07,1.818748e+07,1.239950e+02,1.410259e+06,8.843703e+01,,,,5
2018-04-26 13:40:59.000000,2.609023e+07,1.818777e+07,1.239951e+02,1.410259e+06,8.843703e+01,,,,5
2018-04-26 13:41:00.000000,2.609024e+07,1.818779e+07,1.239952e+02,1.410259e+06,8.843703e+01,,,,5
2018-04-26 13:41:01.000000,2.609024e+07,1.818806e+07,1.239953e+02,1.410259e+06,8.843703e+01,,,,5
2018-04-26 13:41:02.000000,2.609023e+07,1.818701e+07,1.239947e+02,1.410259e+06,8.843703e+01,,,,5
2018-04-26 13:41:03.000000,2.609022e+07,1.818800e+07,1.239951e+02,1.410259e+06,8.843703e+01,,,,5
2018-04-26 13:41:04.000000,2.609023e+07,1.818682e+07,1.239945e+02,1.410259e+06,8.843703e+01,,,,5
2018-04-26 13:41:05.000000,2.609024e+07,1.818770e+07,1.239949e+02,1.410259e+06,8.843703e+01,,,,5
2018-04-26 13:41:06.000000,2.609024e+07,1.818657e+07,1.239944e+02,1.410259e+06,8.843703e+01,,,,5
2018-04-26 13:41:07.000000,2.609025e+07,1.818828e+07,1.239953e+02,1.410259e+06,8.843703e+01,,,,5
2018-04-26 13:41:08.000000,2.609022e+07,1.818751e+07,1.239949e+02,1.410259e+06,8.843703e+01,,,,5
2018-04-26 13:41:09.000000,2.609023e+07,1.818910e+07,1.239958e+02,1.410259e+06,8.843702e+01,,,,5
2018-04-26 13:41:10.000000,2.609022e+07,1.818781e+07,1.239951e+02,1.410259e+06,8.843702e+01,,,,5
2018-04-26 13:41:11.000000,2.609024e+07,1.818938e+07,1.239960e+02,1.410259e+06,8.843702e+01,,,,5
2018-04-26 13:41:12.000000,2.609025e+07,1.818817e+07,1.239954e+02,1.410259e+06,8.843702e+01,,,,5
2018-04-26 13:41:13.000000,2.609024e+07,1.818773e+07,1.239952e+02,1.410259e+06,8.843702e+01,,,,5
2018-04-26 13:41:14.000000,2.609023e+07,1.818721e+07,1.239947e+02,1.410259e+06,8.843702e+01,,,,5
2018-04-26 13:41:15.000000,2.609022e+07,1.818682e+07,1.239945e+02,1.410259e+06,8.843702e+01,,,,5
2018-04-26 13:41:16.000000,2.609025e+07,1.818685e+07,1.239945e+02,1.410259e+06,8.843702e+01,,,,5
2018-04-26 13:41:17.000000,2.609025e+07,1.818652e+07,1.239943e+02,1.410259e+06,8.843702e+01,,,,5
2018-04-26 13:41:18.000000,2.609024e+07,1.818769e+07,1.239949e+02,1.410259e+06,8.843702e+01,,,,5
2018-04-26 13:41:19.000000,2.609023e+07,1.818743e+07,1.239949e+02,1.410259e+06,8.843702e+01,,,,5
2018-04-26 13:41:20.000000,2.609022e+07,1.818856e+07,1.239955e+02,1.410259e+06,8.843702e+01,,,,5
2018-04-26 13:41:21.000000,2.609023e+07,1.818746e+07,1.239949e+02,1.410259e+06,8.843702e+01,,,,5
2018-04-26 13:41:22.000000,2.609024e+07,1.818936e+07,1.239961e+02,1.410259e+06,8.843702e+01,,,,5
2018-04-26 13:41:23.000000,2.609025e+07,1.818785e+07,1.239953e+02,1.410259e+06,8.843702e+01,,,,5
2018-04-26 13:41:24.000000,2.609024e+07,1.818779e+07,1.239952e+02,1.410259e+06,8.843701e+01,,,,5
2018-04-26 13:41:25.000000,2.609022e+07,1.818689e+07,1.239946e+02,1.410259e+06,8.843701e+01,,,,5
2018-04-26 13:41:26.000000,2.609023e+07,1.818688e+07,1.239946e+02,1.410259e+06,8.843701e+01,,,,5
2018-04-26 13:41:27.000000,2.609022e+07,1.818809e+07,1.239952e+02,1.410259e+06,8.843701e+01,,,,5
2018-04-26 13:41:28.000000,2.609025e+07,1.818667e+07,1.239944e+02,1.410259e+06,8.843701e+01,,,,5
2018-04-26 13:41:29.000000,2.609024e+07,1.818775e+07,1.239950e+02,1.410259e+06,8.843701e+01,,,,5
2018-04-26 13:41:30.000000,2.609023e+07,1.818750e+07,1.239950e+02,1.410259e+06,8.843701e+01,,,,5
2018-04-26 13:41:31.000000,2.609023e+07,1.818864e+07,1.239956e+02,1.410259e+06,8.843701e+01,,,,5
2018-04-26 13:41:32.000000,2.609022e+07,1.818747e+07,1.239949e+02,1.410259e+06,8.843701e+01,,,,5
2018-04-26 13:41:33.000000,2.609025e+07,1.818886e+07,1.239958e+02,1.410259e+06,8.843701e+01,,,,5
2018-04-26 13:41:34.000000,2.609024e+07,1.818784e+07,1.239953e+02,1.410259e+06,8.843701e+01,,,,5
2018-04-26 13:41:35.000000,2.609024e+07,1.818949e+07,1.239961e+02,1.410259e+06,8.843701e+01,,,,5
2018-04-26 13:41:36.000000,2.609023e+07,1.818708e+07,1.239946e+02,1.410259e+06,8.843701e+01,,,,5
2018-04-26 13:41:37.000000,2.609023e+07,1.818838e+07,1.239953e+02,1.410259e+06,8.843701e+01,,,,5
2018-04-26 13:41:38.000000,2.609023e+07,1.818718e+07,1.239947e+02,1.410259e+06,8.843701e+01,,,,5
2018-04-26 13:41:39.000000,2.609024e+07,1.818809e+07,1.239952e+02,1.410259e+06,8.843700e+01,,,,5
2018-04-26 13:41:40.000000,2.609025e+07,1.818692e+07,1.239945e+02,1.410259e+06,8.843700e+01,,,,5
2018-04-26 13:41:41.000000,2.609024e+07,1.818649e+07,1.239943e+02,1.410259e+06,8.843700e+01,,,,5
2018-04-26 13:41:42.000000,2.609023e+07,1.818768e+07,1.239950e+02,1.410259e+06,8.843700e+01,,,,5
2018-04-26 13:41:43.000000,2.609023e+07,1.818742e+07,1.239949e+02,1.410259e+06,8.843700e+01,,,,5
2018-04-26 13:41:44.000000,2.609024e+07,1.818800e+07,1.239953e+02,1.410259e+06,8.843700e+01,,,,5
2018-04-26 13:41:45.000000,2.609025e+07,1.818775e+07,1.239952e+02,1.410259e+06,8.843700e+01,,,,5
2018-04-26 13:41:46.000000,2.609024e+07,1.818950e+07,1.239961e+02,1.410259e+06,8.843700e+01,,,,5
2018-04-26 13:41:47.000000,2.609023e+07,1.818706e+07,1.239947e+02,1.410259e+06,8.843700e+01,,,,5
2018-04-26 13:41:48.000000,2.609022e+07,1.818851e+07,1.239954e+02,1.410259e+06,8.843700e+01,,,,5
2018-04-26 13:41:49.000000,2.609022e+07,1.818685e+07,1.239945e+02,1.410259e+06,8.843700e+01,,,,5
2018-04-26 13:41:50.000000,2.609025e+07,1.818818e+07,1.239952e+02,1.410259e+06,8.843700e+01,,,,5
2018-04-26 13:41:51.000000,2.609024e+07,1.818694e+07,1.239946e+02,1.410259e+06,8.843700e+01,,,,5
2018-04-26 13:41:52.000000,2.609025e+07,1.818655e+07,1.239943e+02,1.410259e+06,8.843700e+01,,,,5
2018-04-26 13:41:53.000000,2.609022e+07,1.818768e+07,1.239950e+02,1.410259e+06,8.843700e+01,,,,5
2018-04-26 13:41:54.000000,2.609022e+07,1.818748e+07,1.239950e+02,1.410259e+06,8.843699e+01,,,,5
2018-04-26 13:41:55.000000,2.609023e+07,1.818873e+07,1.239956e+02,1.410259e+06,8.843699e+01,,,,5
2018-04-26 13:41:56.000000,2.609024e+07,1.818779e+07,1.239952e+02,1.410259e+06,8.843699e+01,,,,5
2018-04-26 13:41:57.000000,2.609025e+07,1.818897e+07,1.239959e+02,1.410259e+06,8.843699e+01,,,,5
2018-04-26 13:41:58.000000,2.609022e+07,1.818704e+07,1.239946e+02,1.410259e+06,8.843699e+01,,,,5
2018-04-26 13:41:59.000000,2.609023e+07,1.818800e+07,1.239951e+02,1.410259e+06,8.843699e+01,,,,5
2018-04-26 13:42:00.000000,2.609023e+07,1.818687e+07,1.239945e+02,1.410259e+06,8.843699e+01,,,,5
2018-04-26 13:42:01.000000,2.609024e+07,1.818764e+07,1.239949e+02,1.410259e+06,8.843699e+01,,,,5
2018-04-26 13:42:02.000000,2.609024e+07,1.818659e+07,1.239943e+02,1.410259e+06,8.843699e+01,,,,5
2018-04-26 13:42:03.000000,2.609024e+07,1.818814e+07,1.239952e+02,1.410259e+06,8.843699e+01,,,,5
2018-04-26 13:42:04.000000,2.609023e+07,1.818750e+07,1.239949e+02,1.410259e+06,8.843699e+01,,,,5
2018-04-26 13:42:05.000000,2.609023e+07,1.818748e+07,1.239950e+02,1.410259e+06,8.843699e+01,,,,5
2018-04-26 13:42:06.000000,2.609023e+07,1.818777e+07,1.239951e+02,1.410259e+06,8.843699e+01,,,,5
2018-04-26 13:42:07.000000,2.609024e+07,1.818779e+07,1.239952e+02,1.410259e+06,8.843699e+01,,,,5
2018-04-26 13:42:08.000000,2.609024e+07,1.818806e+07,1.239953e+02,1.410259e+06,8.843699e+01,,,,5
2018-04-26 13:42:09.000000,2.609025e+07,1.818772e+07,1.239952e+02,1.410259e+06,8.843698e+01,,,,5
2018-04-26 13:42:10.000000,2.609022e+07,1.818807e+07,1.239952e+02,1.410259e+06,8.843698e+01,,,,5
2018-04-26 13:42:11.000000,2.609023e+07,1.818684e+07,1.239945e+02,1.410259e+06,8.843698e+01,,,,5
2018-04-26 13:42:12.000000,2.609024e+07,1.818770e+07,1.239949e+02,1.410259e+06,8.843698e+01,,,,5
2018-04-26 13:42:13.000000,2.609024e+07,1.818657e+07,1.239944e+02,1.410259e+06,8.843698e+01,,,,5
2018-04-26 13:42:14.000000,2.609025e+07,1.818826e+07,1.239953e+02,1.410259e+06,8.843698e+01,,,,5
2018-04-26 13:42:15.000000,2.609022e+07,1.818751e+07,1.239949e+02,1.410259e+06,8.843698e+01,,,,5
2018-04-26 13:42:16.000000,2.609023e+07,1.818910e+07,1.239958e+02,1.410259e+06,8.843698e+01,,,,5
2018-04-26 13:42:17.000000,2.609022e+07,1.818781e+07,1.239951e+02,1.410259e+06,8.843698e+01,,,,5
2018-04-26 13:42:18.000000,2.609024e+07,1.818937e+07,1.239960e+02,1.410259e+06,8.843698e+01,,,,5
2018-04-26 13:42:19.000000,2.609025e+07,1.818818e+07,1.239954e+02,1.410259e+06,8.843698e+01,,,,5
2018-04-26 13:42:20.000000,2.609024e+07,1.818772e+07,1.239952e+02,1.410259e+06,8.843698e+01,,,,5
2018-04-26 13:42:21.000000,2.609023e+07,1.818722e+07,1.239947e+02,1.410259e+06,8.843698e+01,,,,5
2018-04-26 13:42:22.000000,2.609022e+07,1.818683e+07,1.239945e+02,1.410259e+06,8.843698e+01,,,,5
2018-04-26 13:42:23.000000,2.609023e+07,1.818809e+07,1.239952e+02,1.410259e+06,8.843698e+01,,,,5
2018-04-26 13:42:24.000000,2.609024e+07,1.818666e+07,1.239944e+02,1.410259e+06,8.843697e+01,,,,5
2018-04-26 13:42:25.000000,2.609024e+07,1.818775e+07,1.239950e+02,1.410259e+06,8.843697e+01,,,,5
2018-04-26 13:42:26.000000,2.609023e+07,1.818749e+07,1.239950e+02,1.410259e+06,8.843697e+01,,,,5
2018-04-26 13:42:27.000000,2.609023e+07,1.818864e+07,1.239956e+02,1.410259e+06,8.843697e+01,,,,5
2018-04-26 13:42:28.000000,2.609022e+07,1.818747e+07,1.239949e+02,1.410259e+06,8.843697e+01,,,,5
2018-04-26 13:42:29.000000,2.609025e+07,1.818887e+07,1.239957e+02,1.410259e+06,8.843697e+01,,,,5
2018-04-26 13:42:30.000000,2.609024e+07,1.818783e+07,1.239952e+02,1.410259e+06,8.843697e+01,,,,5
2018-04-26 13:42:31.000000,2.609025e+07,1.818949e+07,1.239961e+02,1.410259e+06,8.843697e+01,,,,5
2018-04-26 13:42:32.000000,2.609023e+07,1.818706e+07,1.239946e+02,1.410259e+06,8.843697e+01,,,,5
2018-04-26 13:42:33.000000,2.609023e+07,1.818840e+07,1.239954e+02,1.410259e+06,8.843697e+01,,,,5
2018-04-26 13:42:34.000000,2.609023e+07,1.818718e+07,1.239947e+02,1.410259e+06,8.843697e+01,,,,5
2018-04-26 13:42:35.000000,2.609024e+07,1.818809e+07,1.239952e+02,1.410259e+06,8.843697e+01,,,,5
2018-04-26 13:42:36.000000,2.609025e+07,1.818691e+07,1.239945e+02,1.410259e+06,8.843697e+01,,,,5
2018-04-26 13:42:37.000000,2.609025e+07,1.818650e+07,1.239943e+02,1.410259e+06,8.843697e+01,,,,5
2018-04-26 13:42:38.000000,2.609023e+07,1.818768e+07,1.239950e+02,1.410259e+06,8.843697e+01,,,,5
2018-04-26 13:42:39.000000,2.609023e+07,1.818742e+07,1.239949e+02,1.410259e+06,8.843696e+01,,,,5
2018-04-26 13:42:40.000000,2.609024e+07,1.818800e+07,1.239953e+02,1.410259e+06,8.843696e+01,,,,5
2018-04-26 13:42:41.000000,2.609025e+07,1.818775e+07,1.239952e+02,1.410259e+06,8.843696e+01,,,,5
2018-04-26 13:42:42.000000,2.609024e+07,1.818950e+07,1.239961e+02,1.410259e+06,8.843696e+01,,,,5
2018-04-26 13:42:43.000000,2.609023e+07,1.818705e+07,1.239946e+02,1.410259e+06,8.843696e+01,,,,5
2018-04-26 13:42:44.000000,2.609022e+07,1.818852e+07,1.239954e+02,1.410259e+06,8.843696e+01,,,,5
2018-04-26 13:42:45.000000,2.609022e+07,1.818685e+07,1.239945e+02,1.410259e+06,8.843696e+01,,,,5
2018-04-26 13:42:46.000000,2.609025e+07,1.818819e+07,1.239952e+02,1.410259e+06,8.843696e+01,,,,5
2018-04-26 13:42:47.000000,2.609024e+07,1.818693e+07,1.239945e+02,1.410259e+06,8.843696e+01,,,,5
2018-04-26 13:42:48.000000,2.609025e+07,1.818655e+07,1.239943e+02,1.410259e+06,8.843696e+01,,,,5
2018-04-26 13:42:49.000000,2.609022e+07,1.818769e+07,1.239950e+02,1.410259e+06,8.843696e+01,,,,5
2018-04-26 13:42:50.000000,2.609023e+07,1.818747e+07,1.239950e+02,1.410259e+06,8.843696e+01,,,,5
2018-04-26 13:42:51.000000,2.609025e+07,1.818803e+07,1.239954e+02,1.410259e+06,8.843696e+01,,,,5
2018-04-26 13:42:52.000000,2.609024e+07,1.818776e+07,1.239952e+02,1.410259e+06,8.843696e+01,,,,5
2018-04-26 13:42:53.000000,2.609025e+07,1.818898e+07,1.239958e+02,1.410259e+06,8.843696e+01,,,,5
2018-04-26 13:42:54.000000,2.609022e+07,1.818704e+07,1.239946e+02,1.410259e+06,8.843695e+01,,,,5
2018-04-26 13:42:55.000000,2.609023e+07,1.818800e+07,1.239951e+02,1.410259e+06,8.843695e+01,,,,5
2018-04-26 13:42:56.000000,2.609023e+07,1.818686e+07,1.239945e+02,1.410259e+06,8.843695e+01,,,,5
2018-04-26 13:42:57.000000,2.609025e+07,1.818765e+07,1.239949e+02,1.410259e+06,8.843695e+01,,,,5
2018-04-26 13:42:58.000000,2.609025e+07,1.818660e+07,1.239943e+02,1.410259e+06,8.843695e+01,,,,5
2018-04-26 13:42:59.000000,2.609024e+07,1.818814e+07,1.239952e+02,1.410259e+06,8.843695e+01,,,,5
2018-04-26 13:43:00.000000,2.609023e+07,1.818749e+07,1.239949e+02,1.410259e+06,8.843695e+01,,,,5
2018-04-26 13:43:01.000000,2.609023e+07,1.818748e+07,1.239950e+02,1.410259e+06,8.843695e+01,,,,5
2018-04-26 13:43:02.000000,2.609023e+07,1.818777e+07,1.239951e+02,1.410259e+06,8.843695e+01,,,,5
2018-04-26 13:43:03.000000,2.609024e+07,1.818780e+07,1.239952e+02,1.410259e+06,8.843695e+01,,,,5
2018-04-26 13:43:04.000000,2.609024e+07,1.818806e+07,1.239953e+02,1.410259e+06,8.843695e+01,,,,5
2018-04-26 13:43:05.000000,2.609023e+07,1.818701e+07,1.239947e+02,1.410259e+06,8.843695e+01,,,,5
2018-04-26 13:43:06.000000,2.609023e+07,1.818801e+07,1.239952e+02,1.410259e+06,8.843695e+01,,,,5
2018-04-26 13:43:07.000000,2.609023e+07,1.818683e+07,1.239945e+02,1.410259e+06,8.843695e+01,,,,5
2018-04-26 13:43:08.000000,2.609024e+07,1.818770e+07,1.239949e+02,1.410259e+06,8.843695e+01,,,,5
2018-04-26 13:43:09.000000,2.609024e+07,1.818657e+07,1.239944e+02,1.410259e+06,8.843694e+01,,,,5
2018-04-26 13:43:10.000000,2.609025e+07,1.818828e+07,1.239952e+02,1.410259e+06,8.843694e+01,,,,5
2018-04-26 13:43:11.000000,2.609023e+07,1.818751e+07,1.239949e+02,1.410259e+06,8.843694e+01,,,,5
2018-04-26 13:43:12.000000,2.609023e+07,1.818911e+07,1.239958e+02,1.410259e+06,8.843694e+01,,,,5
2018-04-26 13:43:13.000000,2.609022e+07,1.818780e+07,1.239951e+02,1.410259e+06,8.843694e+01,,,,5
2018-04-26 13:43:14.000000,2.609025e+07,1.818938e+07,1.239960e+02,1.410259e+06,8.843694e+01,,,,5
2018-04-26 13:43:15.000000,2.609025e+07,1.818817e+07,1.239954e+02,1.410259e+06,8.843694e+01,,,,5
2018-04-26 13:43:16.000000,2.609024e+07,1.818773e+07,1.239952e+02,1.410259e+06,8.843694e+01,,,,5
2018-04-26 13:43:17.000000,2.609023e+07,1.818721e+07,1.239947e+02,1.410259e+06,8.843694e+01,,,,5
2018-04-26 13:43:18.000000,2.609022e+07,1.818682e+07,1.239945e+02,1.410259e+06,8.843694e+01,,,,5
2018-04-26 13:43:19.000000,2.609025e+07,1.818685e+07,1.239945e+02,1.410259e+06,8.843694e+01,,,,5
2018-04-26 13:43:20.000000,2.609025e+07,1.818652e+07,1.239943e+02,1.410259e+06,8.843694e+01,,,,5
2018-04-26 13:43:21.000000,2.609025e+07,1.818769e+07,1.239949e+02,1.410259e+06,8.843694e+01,,,,5
2018-04-26 13:43:22.000000,2.609023e+07,1.818743e+07,1.239949e+02,1.410259e+06,8.843694e+01,,,,5
2018-04-26 13:43:23.000000,2.609022e+07,1.818857e+07,1.239956e+02,1.410259e+06,8.843694e+01,,,,5
2018-04-26 13:43:24.000000,2.609023e+07,1.818746e+07,1.239949e+02,1.410259e+06,8.843693e+01,,,,5
2018-04-26 13:43:25.000000,2.609024e+07,1.818936e+07,1.239960e+02,1.410259e+06,8.843693e+01,,,,5
2018-04-26 13:43:26.000000,2.609025e+07,1.818785e+07,1.239953e+02,1.410259e+06,8.843693e+01,,,,5
2018-04-26 13:43:27.000000,2.609024e+07,1.818780e+07,1.239952e+02,1.410259e+06,8.843693e+01,,,,5
2018-04-26 13:43:28.000000,2.609022e+07,1.818689e+07,1.239946e+02,1.410259e+06,8.843693e+01,,,,5
2018-04-26 13:43:29.000000,2.609023e+07,1.818688e+07,1.239946e+02,1.410259e+06,8.843693e+01,,,,5
2018-04-26 13:43:30.000000,2.609023e+07,1.818810e+07,1.239952e+02,1.410259e+06,8.843693e+01,,,,5
2018-04-26 13:43:31.000000,2.609025e+07,1.818666e+07,1.239944e+02,1.410259e+06,8.843693e+01,,,,5
2018-04-26 13:43:32.000000,2.609024e+07,1.818775e+07,1.239950e+02,1.410259e+06,8.843693e+01,,,,5
2018-04-26 13:43:33.000000,2.609023e+07,1.818750e+07,1.239950e+02,1.410259e+06,8.843693e+01,,,,5
2018-04-26 13:43:34.000000,2.609023e+07,1.818864e+07,1.239956e+02,1.410259e+06,8.843693e+01,,,,5
2018-04-26 13:43:35.000000,2.609023e+07,1.818747e+07,1.239949e+02,1.410259e+06,8.843693e+01,,,,5
2018-04-26 13:43:36.000000,2.609025e+07,1.818886e+07,1.239957e+02,1.410259e+06,8.843693e+01,,,,5
2018-04-26 13:43:37.000000,2.609024e+07,1.818783e+07,1.239952e+02,1.410259e+06,8.843693e+01,,,,5
2018-04-26 13:43:38.000000,2.609025e+07,1.818949e+07,1.239961e+02,1.410259e+06,8.843693e+01,,,,5
2018-04-26 13:43:39.000000,2.609023e+07,1.818708e+07,1.239946e+02,1.410259e+06,8.843692e+01,,,,5
2018-04-26 13:43:40.000000,2.609023e+07,1.818840e+07,1.239954e+02,1.410259e+06,8.843692e+01,,,,5
2018-04-26 13:43:41.000000,2.609023e+07,1.818718e+07,1.239947e+02,1.410259e+06,8.843692e+01,,,,5
2018-04-26 13:43:42.000000,2.609024e+07,1.818809e+07,1.239952e+02,1.410259e+06,8.843692e+01,,,,5
2018-04-26 13:43:43.000000,2.609025e+07,1.818692e+07,1.239944e+02,1.410259e+06,8.843692e+01,,,,5
2018-04-26 13:43:44.000000,2.609025e+07,1.818649e+07,1.239943e+02,1.410259e+06,8.843692e+01,,,,5
2018-04-26 13:43:45.000000,2.609023e+07,1.818768e+07,1.239950e+02,1.410259e+06,8.843692e+01,,,,5
2018-04-26 13:43:46.000000,2.609023e+07,1.818742e+07,1.239949e+02,1.410259e+06,8.843692e+01,,,,5
2018-04-26 13:43:47.000000,2.609024e+07,1.818800e+07,1.239953e+02,1.410259e+06,8.843692e+01,,,,5
2018-04-26 13:43:48.000000,2.609025e+07,1.818775e+07,1.239952e+02,1.410259e+06,8.843692e+01,,,,5
2018-04-26 13:43:49.000000,2.609024e+07,1.818950e+07,1.239961e+02,1.410259e+06,8.843692e+01,,,,5
2018-04-26 13:43:50.000000,2.609023e+07,1.818706e+07,1.239947e+02,1.410259e+06,8.843692e+01,,,,5
2018-04-26 13:43:51.000000,2.609022e+07,1.818851e+07,1.239954e+02,1.410259e+06,8.843692e+01,,,,5
2018-04-26 13:43:52.000000,2.609022e+07,1.818685e+07,1.239945e+02,1.410259e+06,8.843692e+01,,,,5
2018-04-26 13:43:53.000000,2.609025e+07,1.818818e+07,1.239951e+02,1.410259e+06,8.843692e+01,,,,5
2018-04-26 13:43:54.000000,2.609024e+07,1.818693e+07,1.239944e+02,1.410259e+06,8.843691e+01,,,,5
2018-04-26 13:43:55.000000,2.609025e+07,1.818655e+07,1.239943e+02,1.410259e+06,8.843691e+01,,,,5
2018-04-26 13:43:56.000000,2.609022e+07,1.818768e+07,1.239950e+02,1.410259e+06,8.843691e+01,,,,5
2018-04-26 13:43:57.000000,2.609023e+07,1.818747e+07,1.239950e+02,1.410259e+06,8.843691e+01,,,,5
2018-04-26 13:43:58.000000,2.609023e+07,1.818873e+07,1.239956e+02,1.410259e+06,8.843691e+01,,,,5
2018-04-26 13:43:59.000000,2.609024e+07,1.818780e+07,1.239952e+02,1.410259e+06,8.843691e+01,,,,5
2018-04-26 13:44:00.000000,2.609025e+07,1.818897e+07,1.239958e+02,1.410259e+06,8.843691e+01,,,,5
2018-04-26 13:44:01.000000,2.609022e+07,1.818704e+07,1.239946e+02,1.410259e+06,8.843691e+01,,,,5
2018-04-26 13:44:02.000000,2.609023e+07,1.818800e+07,1.239951e+02,1.410259e+06,8.843691e+01,,,,5
2018-04-26 13:44:03.000000,2.609023e+07,1.818687e+07,1.239945e+02,1.410259e+06,8.843691e+01,,,,5
2018-04-26 13:44:04.000000,2.609025e+07,1.818765e+07,1.239949e+02,1.410259e+06,8.843691e+01,,,,5
2018-04-26 13:44:05.000000,2.609025e+07,1.818659e+07,1.239943e+02,1.410259e+06,8.843691e+01,,,,5
2018-04-26 13:44:06.000000,2.609024e+07,1.818814e+07,1.239952e+02,1.410259e+06,8.843691e+01,,,,5
2018-04-26 13:44:07.000000,2.609023e+07,1.818749e+07,1.239949e+02,1.410259e+06,8.843691e+01,,,,5
2018-04-26 13:44:08.000000,2.609023e+07,1.818748e+07,1.239950e+02,1.410259e+06,8.843691e+01,,,,5
2018-04-26 13:44:09.000000,2.609023e+07,1.818777e+07,1.239951e+02,1.410259e+06,8.843691e+01,,,,5
2018-04-26 13:44:10.000000,2.609024e+07,1.818779e+07,1.239952e+02,1.410259e+06,8.843690e+01,,,,5
2018-04-26 13:44:11.000000,2.609024e+07,1.818806e+07,1.239953e+02,1.410259e+06,8.843690e+01,,,,5
2018-04-26 13:44:12.000000,2.609025e+07,1.818772e+07,1.239952e+02,1.410259e+06,8.843690e+01,,,,5
2018-04-26 13:44:13.000000,2.609023e+07,1.818807e+07,1.239952e+02,1.410259e+06,8.843690e+01,,,,5
2018-04-26 13:44:14.000000,2.609023e+07,1.818682e+07,1.239945e+02,1.410259e+06,8.843690e+01,,,,5
2018-04-26 13:44:15.000000,2.609024e+07,1.818770e+07,1.239949e+02,1.410259e+06,8.843690e+01,,,,5
2018-04-26 13:44:16.000000,2.609024e+07,1.818657e+07,1.239944e+02,1.410259e+06,8.843690e+01,,,,5
2018-04-26 13:44:17.000000,2.609025e+07,1.818826e+07,1.239952e+02,1.410259e+06,8.843690e+01,,,,5
2018-04-26 13:44:18.000000,2.609023e+07,1.818751e+07,1.239949e+02,1.410259e+06,8.843690e+01,,,,5
2018-04-26 13:44:19.000000,2.609023e+07,1.818911e+07,1.239958e+02,1.410259e+06,8.843690e+01,,,,5
2018-04-26 13:44:20.000000,2.609022e+07,1.818781e+07,1.239951e+02,1.410259e+06,8.843690e+01,,,,5
2018-04-26 13:44:21.000000,2.609025e+07,1.818938e+07,1.239960e+02,1.410259e+06,8.843690e+01,,,,5
2018-04-26 13:44:22.000000,2.609025e+07,1.818817e+07,1.239953e+02,1.410259e+06,8.843690e+01,,,,5
2018-04-26 13:44:23.000000,2.609024e+07,1.818773e+07,1.239952e+02,1.410259e+06,8.843690e+01,,,,5
2018-04-26 13:44:24.000000,2.609023e+07,1.818721e+07,1.239947e+02,1.410259e+06,8.843690e+01,,,,5
2018-04-26 13:44:25.000000,2.609022e+07,1.818682e+07,1.239945e+02,1.410259e+06,8.843689e+01,,,,5
2018-04-26 13:44:26.000000,2.609025e+07,1.818685e+07,1.239944e+02,1.410259e+06,8.843689e+01,,,,5
2018-04-26 13:44:27.000000,2.609025e+07,1.818652e+07,1.239943e+02,1.410259e+06,8.843689e+01,,,,5
2018-04-26 13:44:28.000000,2.609024e+07,1.818769e+07,1.239949e+02,1.410259e+06,8.843689e+01,,,,5
2018-04-26 13:44:29.000000,2.609023e+07,1.818743e+07,1.239949e+02,1.410259e+06,8.843689e+01,,,,5
2018-04-26 13:44:30.000000,2.609022e+07,1.818856e+07,1.239955e+02,1.410259e+06,8.843689e+01,,,,5
2018-04-26 13:44:31.000000,2.609023e+07,1.818746e+07,1.239949e+02,1.410259e+06,8.843689e+01,,,,5
2018-04-26 13:44:32.000000,2.609024e+07,1.818936e+07,1.239960e+02,1.410259e+06,8.843689e+01,,,,5
2018-04-26 13:44:33.000000,2.609025e+07,1.818785e+07,1.239953e+02,1.410259e+06,8.843689e+01,,,,5
2018-04-26 13:44:34.000000,2.609024e+07,1.818779e+07,1.239952e+02,1.410259e+06,8.843689e+01,,,,5
2018-04-26 13:44:35.000000,2.609022e+07,1.818689e+07,1.239946e+02,1.410259e+06,8.843689e+01,,,,5
2018-04-26 13:44:36.000000,2.609023e+07,1.818688e+07,1.239946e+02,1.410259e+06,8.843689e+01,,,,5
2018-04-26 13:44:37.000000,2.609022e+07,1.818809e+07,1.239952e+02,1.410259e+06,8.843689e+01,,,,5
2018-04-26 13:44:38.000000,2.609025e+07,1.818667e+07,1.239944e+02,1.410259e+06,8.843689e+01,,,,5
2018-04-26 13:44:39.000000,2.609024e+07,1.818775e+07,1.239950e+02,1.410259e+06,8.843689e+01,,,,5
2018-04-26 13:44:40.000000,2.609023e+07,1.818750e+07,1.239950e+02,1.410259e+06,8.843688e+01,,,,5
2018-04-26 13:44:41.000000,2.609023e+07,1.818864e+07,1.239956e+02,1.410259e+06,8.843688e+01,,,,5
2018-04-26 13:44:42.000000,2.609022e+07,1.818747e+07,1.239949e+02,1.410259e+06,8.843688e+01,,,,5
2018-04-26 13:44:43.000000,2.609025e+07,1.818886e+07,1.239957e+02,1.410259e+06,8.843688e+01,,,,5
2018-04-26 13:44:44.000000,2.609024e+07,1.818784e+07,1.239952e+02,1.410259e+06,8.843688e+01,,,,5
2018-04-26 13:44:45.000000,2.609024e+07,1.818949e+07,1.239961e+02,1.410259e+06,8.843688e+01,,,,5
2018-04-26 13:44:46.000000,2.609023e+07,1.818708e+07,1.239946e+02,1.410259e+06,8.843688e+01,,,,5
2018-04-26 13:44:47.000000,2.609023e+07,1.818838e+07,1.239953e+02,1.410259e+06,8.843688e+01,,,,5
2018-04-26 13:44:48.000000,2.609023e+07,1.818718e+07,1.239947e+02,1.410259e+06,8.843688e+01,,,,5
2018-04-26 13:44:49.000000,2.609024e+07,1.818809e+07,1.239951e+02,1.410259e+06,8.843688e+01,,,,5
2018-04-26 13:44:50.000000,2.609025e+07,1.818692e+07,1.239944e+02,1.410259e+06,8.843688e+01,,,,5
2018-04-26 13:44:51.000000,2.609025e+07,1.818649e+07,1.239943e+02,1.410259e+06,8.843688e+01,,,,5
2018-04-26 13:44:52.000000,2.609023e+07,1.818767e+07,1.239950e+02,1.410259e+06,8.843688e+01,,,,5
2018-04-26 13:44:53.000000,2.609023e+07,1.818742e+07,1.239949e+02,1.410259e+06,8.843688e+01,,,,5
2018-04-26 13:44:54.000000,2.609024e+07,1.818800e+07,1.239953e+02,1.410259e+06,8.843688e+01,,,,5
2018-04-26 13:44:55.000000,2.609025e+07,1.818775e+07,1.239952e+02,1.410259e+06,8.843688e+01,,,,5
2018-04-26 13:44:56.000000,2.609024e+07,1.818950e+07,1.239961e+02,1.410259e+06,8.843687e+01,,,,5
2018-04-26 13:44:57.000000,2.609023e+07,1.818706e+07,1.239947e+02,1.410259e+06,8.843687e+01,,,,5
2018-04-26 13:44:58.000000,2.609022e+07,1.818851e+07,1.239954e+02,1.410259e+06,8.843687e+01,,,,5
2018-04-26 13:44:59.000000,2.609022e+07,1.818685e+07,1.239945e+02,1.410259e+06,8.843687e+01,,,,5
2018-04-26 13:45:00.000000,2.609025e+07,1.818818e+07,1.239951e+02,1.410259e+06,8.843687e+01,,,,5
2018-04-26 13:45:01.000000,2.609024e+07,1.818694e+07,1.239945e+02,1.410259e+06,8.843687e+01,,,,5
2018-04-26 13:45:02.000000,2.609025e+07,1.818655e+07,1.239943e+02,1.410259e+06,8.843687e+01,,,,5
2018-04-26 13:45:03.000000,2.609022e+07,1.818768e+07,1.239950e+02,1.410259e+06,8.843687e+01,,,,5
2018-04-26 13:45:04.000000,2.609023e+07,1.818748e+07,1.239950e+02,1.410259e+06,8.843687e+01,,,,5
2018-04-26 13:45:05.000000,2.609023e+07,1.818873e+07,1.239956e+02,1.410259e+06,8.843687e+01,,,,5
2018-04-26 13:45:06.000000,2.609024e+07,1.818779e+07,1.239952e+02,1.410259e+06,8.843687e+01,,,,5
2018-04-26 13:45:07.000000,2.609025e+07,1.818897e+07,1.239958e+02,1.410259e+06,8.843687e+01,,,,5
2018-04-26 13:45:08.000000,2.609022e+07,1.818706e+07,1.239946e+02,1.410259e+06,8.843687e+01,,,,5
2018-04-26 13:45:09.000000,2.609023e+07,1.818800e+07,1.239951e+02,1.410259e+06,8.843687e+01,,,,5
2018-04-26 13:45:10.000000,2.609023e+07,1.818687e+07,1.239945e+02,1.410259e+06,8.843687e+01,,,,5
2018-04-26 13:45:11.000000,2.609024e+07,1.818764e+07,1.239949e+02,1.410259e+06,8.843686e+01,,,,5
2018-04-26 13:45:12.000000,2.609024e+07,1.818659e+07,1.239943e+02,1.410259e+06,8.843686e+01,,,,5
2018-04-26 13:45:13.000000,2.609024e+07,1.818814e+07,1.239951e+02,1.410259e+06,8.843686e+01,,,,5
2018-04-26 13:45:14.000000,2.609023e+07,1.818750e+07,1.239949e+02,1.410259e+06,8.843686e+01,,,,5
2018-04-26 13:45:15.000000,2.609023e+07,1.818748e+07,1.239950e+02,1.410259e+06,8.843686e+01,,,,5
2018-04-26 13:45:16.000000,2.609023e+07,1.818777e+07,1.239951e+02,1.410259e+06,8.843686e+01,,,,5
2018-04-26 13:45:17.000000,2.609024e+07,1.818779e+07,1.239952e+02,1.410259e+06,8.843686e+01,,,,5
2018-04-26 13:45:18.000000,2.609024e+07,1.818806e+07,1.239953e+02,1.410259e+06,8.843686e+01,,,,5
2018-04-26 13:45:19.000000,2.609025e+07,1.818772e+07,1.239952e+02,1.410259e+06,8.843686e+01,,,,5
2018-04-26 13:45:20.000000,2.609022e+07,1.818807e+07,1.239952e+02,1.410259e+06,8.843686e+01,,,,5
2018-04-26 13:45:21.000000,2.609023e+07,1.818684e+07,1.239945e+02,1.410259e+06,8.843686e+01,,,,5
2018-04-26 13:45:22.000000,2.609024e+07,1.818770e+07,1.239949e+02,1.410259e+06,8.843686e+01,,,,5
2018-04-26 13:45:23.000000,2.609024e+07,1.818657e+07,1.239944e+02,1.410259e+06,8.843686e+01,,,,5
2018-04-26 13:45:24.000000,2.609025e+07,1.818826e+07,1.239952e+02,1.410259e+06,8.843686e+01,,,,5
2018-04-26 13:45:25.000000,2.609022e+07,1.818752e+07,1.239949e+02,1.410259e+06,8.843686e+01,,,,5
2018-04-26 13:45:26.000000,2.609023e+07,1.818910e+07,1.239958e+02,1.410259e+06,8.843686e+01,,,,5
2018-04-26 13:45:27.000000,2.609022e+07,1.818781e+07,1.239951e+02,1.410259e+06,8.843685e+01,,,,5
2018-04-26 13:45:28.000000,2.609024e+07,1.818937e+07,1.239960e+02,1.410259e+06,8.843685e+01,,,,5
2018-04-26 13:45:29.000000,2.609025e+07,1.818818e+07,1.239953e+02,1.410259e+06,8.843685e+01,,,,5
2018-04-26 13:45:30.000000,2.609024e+07,1.818772e+07,1.239952e+02,1.410259e+06,8.843685e+01,,,,5
2018-04-26 13:45:31.000000,2.609023e+07,1.818722e+07,1.239947e+02,1.410259e+06,8.843685e+01,,,,5
2018-04-26 13:45:32.000000,2.609022e+07,1.818683e+07,1.239945e+02,1.410259e+06,8.843685e+01,,,,5
2018-04-26 13:45:33.000000,2.609023e+07,1.818809e+07,1.239952e+02,1.410259e+06,8.843685e+01,,,,5
2018-04-26 13:45:34.000000,2.609024e+07,1.818661e+07,1.239944e+02,1.410259e+06,8.843685e+01,,,,5
2018-04-26 13:45:35.000000,2.609024e+07,1.818768e+07,1.239949e+02,1.410259e+06,8.843685e+01,,,,5
2018-04-26 13:45:36.000000,2.609023e+07,1.818743e+07,1.239949e+02,1.410259e+06,8.843685e+01,,,,5
2018-04-26 13:45:37.000000,2.609022e+07,1.818856e+07,1.239955e+02,1.410259e+06,8.843685e+01,,,,5
2018-04-26 13:45:38.000000,2.609023e+07,1.818747e+07,1.239949e+02,1.410259e+06,8.843685e+01,,,,5
2018-04-26 13:45:39.000000,2.609024e+07,1.818936e+07,1.239960e+02,1.410259e+06,8.843685e+01,,,,5
2018-04-26 13:45:40.000000,2.609025e+07,1.818785e+07,1.239952e+02,1.410259e+06,8.843685e+01,,,,5
2018-04-26 13:45:41.000000,2.609024e+07,1.818779e+07,1.239952e+02,1.410259e+06,8.843685e+01,,,,5
2018-04-26 13:45:42.000000,2.609022e+07,1.818690e+07,1.239946e+02,1.410259e+06,8.843685e+01,,,,5
2018-04-26 13:45:43.000000,2.609023e+07,1.818688e+07,1.239946e+02,1.410259e+06,8.843684e+01,,,,5
2018-04-26 13:45:44.000000,2.609022e+07,1.818809e+07,1.239952e+02,1.410259e+06,8.843684e+01,,,,5
2018-04-26 13:45:45.000000,2.609025e+07,1.818668e+07,1.239944e+02,1.410259e+06,8.843684e+01,,,,5
2018-04-26 13:45:46.000000,2.609024e+07,1.818775e+07,1.239950e+02,1.410259e+06,8.843684e+01,,,,5
2018-04-26 13:45:47.000000,2.609024e+07,1.818647e+07,1.239943e+02,1.410259e+06,8.843684e+01,,,,5
2018-04-26 13:45:48.000000,2.609023e+07,1.818856e+07,1.239955e+02,1.410259e+06,8.843684e+01,,,,5
2018-04-26 13:45:49.000000,2.609022e+07,1.818747e+07,1.239949e+02,1.410259e+06,8.843684e+01,,,,5
2018-04-26 13:45:50.000000,2.609025e+07,1.818886e+07,1.239957e+02,1.410259e+06,8.843684e+01,,,,5
2018-04-26 13:45:51.000000,2.609024e+07,1.818784e+07,1.239952e+02,1.410259e+06,8.843684e+01,,,,5
2018-04-26 13:45:52.000000,2.609024e+07,1.818947e+07,1.239961e+02,1.410259e+06,8.843684e+01,,,,5
2018-04-26 13:45:53.000000,2.609023e+07,1.818708e+07,1.239946e+02,1.410259e+06,8.843684e+01,,,,5
2018-04-26 13:45:54.000000,2.609023e+07,1.818838e+07,1.239953e+02,1.410259e+06,8.843684e+01,,,,5
2018-04-26 13:45:55.000000,2.609023e+07,1.818720e+07,1.239947e+02,1.410259e+06,8.843684e+01,,,,5
2018-04-26 13:45:56.000000,2.609024e+07,1.818809e+07,1.239951e+02,1.410259e+06,8.843684e+01,,,,5
2018-04-26 13:45:57.000000,2.609025e+07,1.818692e+07,1.239944e+02,1.410259e+06,8.843684e+01,,,,5
2018-04-26 13:45:58.000000,2.609024e+07,1.818649e+07,1.239943e+02,1.410259e+06,8.843683e+01,,,,5
2018-04-26 13:45:59.000000,2.609023e+07,1.818766e+07,1.239950e+02,1.410259e+06,8.843683e+01,,,,5
2018-04-26 13:46:00.000000,2.609023e+07,1.818742e+07,1.239949e+02,1.410259e+06,8.843683e+01,,,,5
2018-04-26 13:46:01.000000,2.609024e+07,1.818800e+07,1.239953e+02,1.410259e+06,8.843683e+01,,,,5
2018-04-26 13:46:02.000000,2.609025e+07,1.818775e+07,1.239952e+02,1.410259e+06,8.843683e+01,,,,5
2018-04-26 13:46:03.000000,2.609024e+07,1.818950e+07,1.239961e+02,1.410259e+06,8.843683e+01,,,,5
2018-04-26 13:46:04.000000,2.609023e+07,1.818706e+07,1.239947e+02,1.410259e+06,8.843683e+01,,,,5
2018-04-26 13:46:05.000000,2.609022e+07,1.818850e+07,1.239954e+02,1.410259e+06,8.843683e+01,,,,5
2018-04-26 13:46:06.000000,2.609022e+07,1.818685e+07,1.239945e+02,1.410259e+06,8.843683e+01,,,,5
2018-04-26 13:46:07.000000,2.609025e+07,1.818818e+07,1.239951e+02,1.410259e+06,8.843683e+01,,,,5
2018-04-26 13:46:08.000000,2.609024e+07,1.818694e+07,1.239945e+02,1.410259e+06,8.843683e+01,,,,5
2018-04-26 13:46:09.000000,2.609025e+07,1.818655e+07,1.239943e+02,1.410259e+06,8.843683e+01,,,,5
2018-04-26 13:46:10.000000,2.609022e+07,1.818768e+07,1.239950e+02,1.410259e+06,8.843683e+01,,,,5
2018-04-26 13:46:11.000000,2.609022e+07,1.818748e+07,1.239950e+02,1.410259e+06,8.843683e+01,,,,5
2018-04-26 13:46:12.000000,2.609023e+07,1.818872e+07,1.239956e+02,1.410259e+06,8.843683e+01,,,,5
2018-04-26 13:46:13.000000,2.609024e+07,1.818780e+07,1.239952e+02,1.410259e+06,8.843683e+01,,,,5
2018-04-26 13:46:14.000000,2.609025e+07,1.818897e+07,1.239958e+02,1.410259e+06,8.843682e+01,,,,5
2018-04-26 13:46:15.000000,2.609022e+07,1.818706e+07,1.239946e+02,1.410259e+06,8.843682e+01,,,,5
2018-04-26 13:46:16.000000,2.609023e+07,1.818798e+07,1.239951e+02,1.410259e+06,8.843682e+01,,,,5
2018-04-26 13:46:17.000000,2.609023e+07,1.818687e+07,1.239945e+02,1.410259e+06,8.843682e+01,,,,5
2018-04-26 13:46:18.000000,2.609024e+07,1.818764e+07,1.239949e+02,1.410259e+06,8.843682e+01,,,,5
2018-04-26 13:46:19.000000,2.609024e+07,1.818660e+07,1.239943e+02,1.410259e+06,8.843682e+01,,,,5
2018-04-26 13:46:20.000000,2.609024e+07,1.818814e+07,1.239951e+02,1.410259e+06,8.843682e+01,,,,5
2018-04-26 13:46:21.000000,2.609023e+07,1.818750e+07,1.239949e+02,1.410259e+06,8.843682e+01,,,,5
2018-04-26 13:46:22.000000,2.609023e+07,1.818748e+07,1.239950e+02,1.410259e+06,8.843682e+01,,,,5
2018-04-26 13:46:23.000000,2.609023e+07,1.818777e+07,1.239951e+02,1.410259e+06,8.843682e+01,,,,5
2018-04-26 13:46:24.000000,2.609024e+07,1.818779e+07,1.239952e+02,1.410259e+06,8.843682e+01,,,,5
2018-04-26 13:46:25.000000,2.609024e+07,1.818806e+07,1.239953e+02,1.410259e+06,8.843682e+01,,,,5
2018-04-26 13:46:26.000000,2.609025e+07,1.818772e+07,1.239952e+02,1.410259e+06,8.843682e+01,,,,5
2018-04-26 13:46:27.000000,2.609022e+07,1.818807e+07,1.239952e+02,1.410259e+06,8.843682e+01,,,,5
2018-04-26 13:46:28.000000,2.609023e+07,1.818684e+07,1.239945e+02,1.410259e+06,8.843682e+01,,,,5
2018-04-26 13:46:29.000000,2.609024e+07,1.818769e+07,1.239949e+02,1.410259e+06,8.843682e+01,,,,5
2018-04-26 13:46:30.000000,2.609024e+07,1.818657e+07,1.239943e+02,1.410259e+06,8.843681e+01,,,,5
2018-04-26 13:46:31.000000,2.609025e+07,1.818826e+07,1.239952e+02,1.410259e+06,8.843681e+01,,,,5
2018-04-26 13:46:32.000000,2.609022e+07,1.818752e+07,1.239949e+02,1.410259e+06,8.843681e+01,,,,5
2018-04-26 13:46:33.000000,2.609023e+07,1.818908e+07,1.239958e+02,1.410259e+06,8.843681e+01,,,,5
2018-04-26 13:46:34.000000,2.609022e+07,1.818781e+07,1.239951e+02,1.410259e+06,8.843681e+01,,,,5
2018-04-26 13:46:35.000000,2.609024e+07,1.818937e+07,1.239960e+02,1.410259e+06,8.843681e+01,,,,5
2018-04-26 13:46:36.000000,2.609025e+07,1.818819e+07,1.239954e+02,1.410259e+06,8.843681e+01,,,,5
2018-04-26 13:46:37.000000,2.609024e+07,1.818772e+07,1.239952e+02,1.410259e+06,8.843681e+01,,,,5
2018-04-26 13:46:38.000000,2.609023e+07,1.818722e+07,1.239947e+02,1.410259e+06,8.843681e+01,,,,5
2018-04-26 13:46:39.000000,2.609022e+07,1.818683e+07,1.239945e+02,1.410259e+06,8.843681e+01,,,,5
2018-04-26 13:46:40.000000,2.609023e+07,1.818809e+07,1.239952e+02,1.410259e+06,8.843681e+01,,,,5
2018-04-26 13:46:41.000000,2.609024e+07,1.818661e+07,1.239944e+02,1.410259e+06,8.843681e+01,,,,5
2018-04-26 13:46:42.000000,2.609024e+07,1.818768e+07,1.239949e+02,1.410259e+06,8.843681e+01,,,,5
2018-04-26 13:46:43.000000,2.609022e+07,1.818744e+07,1.239949e+02,1.410259e+06,8.843681e+01,,,,5
2018-04-26 13:46:44.000000,2.609022e+07,1.818856e+07,1.239955e+02,1.410259e+06,8.843681e+01,,,,5
2018-04-26 13:46:45.000000,2.609023e+07,1.818747e+07,1.239949e+02,1.410259e+06,8.843681e+01,,,,5
2018-04-26 13:46:46.000000,2.609024e+07,1.818886e+07,1.239957e+02,1.410259e+06,8.843680e+01,,,,5
2018-04-26 13:46:47.000000,2.609025e+07,1.818783e+07,1.239952e+02,1.410259e+06,8.843680e+01,,,,5
2018-04-26 13:46:48.000000,2.609025e+07,1.818949e+07,1.239961e+02,1.410259e+06,8.843680e+01,,,,5
2018-04-26 13:46:49.000000,2.609023e+07,1.818708e+07,1.239946e+02,1.410259e+06,8.843680e+01,,,,5
2018-04-26 13:46:50.000000,2.609023e+07,1.818839e+07,1.239953e+02,1.410259e+06,8.843680e+01,,,,5
2018-04-26 13:46:51.000000,2.609023e+07,1.818718e+07,1.239947e+02,1.410259e+06,8.843680e+01,,,,5
2018-04-26 13:46:52.000000,2.609024e+07,1.818809e+07,1.239951e+02,1.410259e+06,8.843680e+01,,,,5
2018-04-26 13:46:53.000000,2.609025e+07,1.818692e+07,1.239944e+02,1.410259e+06,8.843680e+01,,,,5
2018-04-26 13:46:54.000000,2.609025e+07,1.818649e+07,1.239943e+02,1.410259e+06,8.843680e+01,,,,5
2018-04-26 13:46:55.000000,2.609023e+07,1.818768e+07,1.239950e+02,1.410259e+06,8.843680e+01,,,,5
2018-04-26 13:46:56.000000,2.609023e+07,1.818742e+07,1.239949e+02,1.410259e+06,8.843680e+01,,,,5
2018-04-26 13:46:57.000000,2.609024e+07,1.818800e+07,1.239953e+02,1.410259e+06,8.843680e+01,,,,5
2018-04-26 13:46:58.000000,2.609025e+07,1.818775e+07,1.239952e+02,1.410259e+06,8.843680e+01,,,,5
2018-04-26 13:46:59.000000,2.609024e+07,1.818950e+07,1.239961e+02,1.410259e+06,8.843680e+01,,,,5
2018-04-26 13:47:00.000000,2.609023e+07,1.818706e+07,1.239947e+02,1.410259e+06,8.843680e+01,,,,5
2018-04-26 13:47:01.000000,2.609022e+07,1.818851e+07,1.239954e+02,1.410259e+06,8.843680e+01,,,,5
2018-04-26 13:47:02.000000,2.609022e+07,1.818685e+07,1.239945e+02,1.410259e+06,8.843679e+01,,,,5
2018-04-26 13:47:03.000000,2.609025e+07,1.818818e+07,1.239951e+02,1.410259e+06,8.843679e+01,,,,5
2018-04-26 13:47:04.000000,2.609024e+07,1.818693e+07,1.239944e+02,1.410259e+06,8.843679e+01,,,,5
2018-04-26 13:47:05.000000,2.609025e+07,1.818655e+07,1.239943e+02,1.410259e+06,8.843679e+01,,,,5
2018-04-26 13:47:06.000000,2.609022e+07,1.818768e+07,1.239950e+02,1.410259e+06,8.843679e+01,,,,5
2018-04-26 13:47:07.000000,2.609023e+07,1.818748e+07,1.239949e+02,1.410259e+06,8.843679e+01,,,,5
2018-04-26 13:47:08.000000,2.609023e+07,1.818873e+07,1.239956e+02,1.410259e+06,8.843679e+01,,,,5
2018-04-26 13:47:09.000000,2.609024e+07,1.818780e+07,1.239952e+02,1.410259e+06,8.843679e+01,,,,5
2018-04-26 13:47:10.000000,2.609025e+07,1.818897e+07,1.239958e+02,1.410259e+06,8.843679e+01,,,,5
2018-04-26 13:47:11.000000,2.609022e+07,1.818704e+07,1.239946e+02,1.410259e+06,8.843679e+01,,,,5
2018-04-26 13:47:12.000000,2.609023e+07,1.818800e+07,1.239951e+02,1.410259e+06,8.843679e+01,,,,5
2018-04-26 13:47:13.000000,2.609023e+07,1.818687e+07,1.239945e+02,1.410259e+06,8.843679e+01,,,,5
2018-04-26 13:47:14.000000,2.609025e+07,1.818765e+07,1.239949e+02,1.410259e+06,8.843679e+01,,,,5
2018-04-26 13:47:15.000000,2.609025e+07,1.818660e+07,1.239943e+02,1.410259e+06,8.843679e+01,,,,5
2018-04-26 13:47:16.000000,2.609024e+07,1.818814e+07,1.239951e+02,1.410259e+06,8.843679e+01,,,,5
2018-04-26 13:47:17.000000,2.609023e+07,1.818750e+07,1.239949e+02,1.410259e+06,8.843678e+01,,,,5
2018-04-26 13:47:18.000000,2.609023e+07,1.818748e+07,1.239950e+02,1.410259e+06,8.843678e+01,,,,5
2018-04-26 13:47:19.000000,2.609023e+07,1.818777e+07,1.239951e+02,1.410259e+06,8.843678e+01,,,,5
2018-04-26 13:47:20.000000,2.609024e+07,1.818780e+07,1.239952e+02,1.410259e+06,8.843678e+01,,,,5
2018-04-26 13:47:21.000000,2.609024e+07,1.818806e+07,1.239953e+02,1.410259e+06,8.843678e+01,,,,5
2018-04-26 13:47:22.000000,2.609025e+07,1.818772e+07,1.239952e+02,1.410259e+06,8.843678e+01,,,,5
2018-04-26 13:47:23.000000,2.609023e+07,1.818807e+07,1.239952e+02,1.410259e+06,8.843678e+01,,,,5
2018-04-26 13:47:24.000000,2.609023e+07,1.818684e+07,1.239945e+02,1.410259e+06,8.843678e+01,,,,5
2018-04-26 13:47:25.000000,2.609024e+07,1.818770e+07,1.239949e+02,1.410259e+06,8.843678e+01,,,,5
2018-04-26 13:47:26.000000,2.609024e+07,1.818657e+07,1.239943e+02,1.410259e+06,8.843678e+01,,,,5
2018-04-26 13:47:27.000000,2.609025e+07,1.818826e+07,1.239952e+02,1.410259e+06,8.843678e+01,,,,5
2018-04-26 13:47:28.000000,2.609023e+07,1.818751e+07,1.239949e+02,1.410259e+06,8.843678e+01,,,,5
2018-04-26 13:47:29.000000,2.609023e+07,1.818911e+07,1.239958e+02,1.410259e+06,8.843678e+01,,,,5
2018-04-26 13:47:30.000000,2.609022e+07,1.818781e+07,1.239951e+02,1.410259e+06,8.843678e+01,,,,5
2018-04-26 13:47:31.000000,2.609025e+07,1.818938e+07,1.239960e+02,1.410259e+06,8.843678e+01,,,,5
2018-04-26 13:47:32.000000,2.609025e+07,1.818817e+07,1.239953e+02,1.410259e+06,8.843678e+01,,,,5
2018-04-26 13:47:33.000000,2.609024e+07,1.818773e+07,1.239952e+02,1.410259e+06,8.843678e+01,,,,5
2018-04-26 13:47:34.000000,2.609023e+07,1.818722e+07,1.239947e+02,1.410259e+06,8.843677e+01,,,,5
2018-04-26 13:47:35.000000,2.609022e+07,1.818683e+07,1.239945e+02,1.410259e+06,8.843677e+01,,,,5
2018-04-26 13:47:36.000000,2.609023e+07,1.818809e+07,1.239952e+02,1.410259e+06,8.843677e+01,,,,5
2018-04-26 13:47:37.000000,2.609025e+07,1.818661e+07,1.239944e+02,1.410259e+06,8.843677e+01,,,,5
2018-04-26 13:47:38.000000,2.609025e+07,1.818769e+07,1.239949e+02,1.410259e+06,8.843677e+01,,,,5
2018-04-26 13:47:39.000000,2.609023e+07,1.818743e+07,1.239949e+02,1.410259e+06,8.843677e+01,,,,5
2018-04-26 13:47:40.000000,2.609022e+07,1.818856e+07,1.239955e+02,1.410259e+06,8.843677e+01,,,,5
2018-04-26 13:47:41.000000,2.609023e+07,1.818747e+07,1.239949e+02,1.410259e+06,8.843677e+01,,,,5
2018-04-26 13:47:42.000000,2.609024e+07,1.818936e+07,1.239960e+02,1.410259e+06,8.843677e+01,,,,5
2018-04-26 13:47:43.000000,2.609025e+07,1.818785e+07,1.239952e+02,1.410259e+06,8.843677e+01,,,,5
2018-04-26 13:47:44.000000,2.609024e+07,1.818779e+07,1.239952e+02,1.410259e+06,8.843677e+01,,,,5
2018-04-26 13:47:45.000000,2.609022e+07,1.818689e+07,1.239946e+02,1.410259e+06,8.843677e+01,,,,5
2018-04-26 13:47:46.000000,2.609023e+07,1.818688e+07,1.239946e+02,1.410259e+06,8.843677e+01,,,,5
2018-04-26 13:47:47.000000,2.609023e+07,1.818809e+07,1.239952e+02,1.410259e+06,8.843677e+01,,,,5
2018-04-26 13:47:48.000000,2.609025e+07,1.818667e+07,1.239944e+02,1.410259e+06,8.843677e+01,,,,5
2018-04-26 13:47:49.000000,2.609024e+07,1.818775e+07,1.239949e+02,1.410259e+06,8.843677e+01,,,,5
2018-04-26 13:47:50.000000,2.609023e+07,1.818750e+07,1.239949e+02,1.410259e+06,8.843676e+01,,,,5
2018-04-26 13:47:51.000000,2.609023e+07,1.818862e+07,1.239955e+02,1.410259e+06,8.843676e+01,,,,5
2018-04-26 13:47:52.000000,2.609023e+07,1.818747e+07,1.239949e+02,1.410259e+06,8.843676e+01,,,,5
2018-04-26 13:47:53.000000,2.609025e+07,1.818886e+07,1.239957e+02,1.410259e+06,8.843676e+01,,,,5
2018-04-26 13:47:54.000000,2.609024e+07,1.818784e+07,1.239952e+02,1.410259e+06,8.843676e+01,,,,5
2018-04-26 13:47:55.000000,2.609025e+07,1.818949e+07,1.239961e+02,1.410259e+06,8.843676e+01,,,,5
2018-04-26 13:47:56.000000,2.609023e+07,1.818708e+07,1.239946e+02,1.410259e+06,8.843676e+01,,,,5
2018-04-26 13:47:57.000000,2.609023e+07,1.818838e+07,1.239953e+02,1.410259e+06,8.843676e+01,,,,5
2018-04-26 13:47:58.000000,2.609023e+07,1.818720e+07,1.239947e+02,1.410259e+06,8.843676e+01,,,,5
2018-04-26 13:47:59.000000,2.609024e+07,1.818809e+07,1.239951e+02,1.410259e+06,8.843676e+01,,,,5
2018-04-26 13:48:00.000000,2.609025e+07,1.818692e+07,1.239944e+02,1.410259e+06,8.843676e+01,,,,5
2018-04-26 13:48:01.000000,2.609025e+07,1.818649e+07,1.239943e+02,1.410259e+06,8.843676e+01,,,,5
2018-04-26 13:48:02.000000,2.609023e+07,1.818767e+07,1.239950e+02,1.410259e+06,8.843676e+01,,,,5
2018-04-26 13:48:03.000000,2.609023e+07,1.818742e+07,1.239949e+02,1.410259e+06,8.843676e+01,,,,5
2018-04-26 13:48:04.000000,2.609024e+07,1.818800e+07,1.239953e+02,1.410259e+06,8.843676e+01,,,,5
2018-04-26 13:48:05.000000,2.609025e+07,1.818775e+07,1.239951e+02,1.410259e+06,8.843676e+01,,,,5
2018-04-26 13:48:06.000000,2.609024e+07,1.818950e+07,1.239961e+02,1.410259e+06,8.843675e+01,,,,5
2018-04-26 13:48:07.000000,2.609023e+07,1.818706e+07,1.239947e+02,1.410259e+06,8.843675e+01,,,,5
2018-04-26 13:48:08.000000,2.609022e+07,1.818850e+07,1.239954e+02,1.410259e+06,8.843675e+01,,,,5
2018-04-26 13:48:09.000000,2.609022e+07,1.818685e+07,1.239945e+02,1.410259e+06,8.843675e+01,,,,5
2018-04-26 13:48:10.000000,2.609025e+07,1.818818e+07,1.239951e+02,1.410259e+06,8.843675e+01,,,,5
2018-04-26 13:48:11.000000,2.609024e+07,1.818694e+07,1.239945e+02,1.410259e+06,8.843675e+01,,,,5
2018-04-26 13:48:12.000000,2.609025e+07,1.818655e+07,1.239943e+02,1.410259e+06,8.843675e+01,,,,5
2018-04-26 13:48:13.000000,2.609022e+07,1.818768e+07,1.239950e+02,1.410259e+06,8.843675e+01,,,,5
2018-04-26 13:48:14.000000,2.609023e+07,1.818748e+07,1.239949e+02,1.410259e+06,8.843675e+01,,,,5
2018-04-26 13:48:15.000000,2.609023e+07,1.818872e+07,1.239956e+02,1.410259e+06,8.843675e+01,,,,5
2018-04-26 13:48:16.000000,2.609024e+07,1.818780e+07,1.239951e+02,1.410259e+06,8.843675e+01,,,,5
2018-04-26 13:48:17.000000,2.609025e+07,1.818897e+07,1.239958e+02,1.410259e+06,8.843675e+01,,,,5
2018-04-26 13:48:18.000000,2.609022e+07,1.818706e+07,1.239946e+02,1.410259e+06,8.843675e+01,,,,5
2018-04-26 13:48:19.000000,2.609023e+07,1.818800e+07,1.239951e+02,1.410259e+06,8.843675e+01,,,,5
2018-04-26 13:48:20.000000,2.609023e+07,1.818687e+07,1.239945e+02,1.410259e+06,8.843675e+01,,,,5
2018-04-26 13:48:21.000000,2.609024e+07,1.818764e+07,1.239949e+02,1.410259e+06,8.843675e+01,,,,5
2018-04-26 13:48:22.000000,2.609025e+07,1.818659e+07,1.239943e+02,1.410259e+06,8.843674e+01,,,,5
2018-04-26 13:48:23.000000,2.609024e+07,1.818814e+07,1.239951e+02,1.410259e+06,8.843674e+01,,,,5
2018-04-26 13:48:24.000000,2.609023e+07,1.818750e+07,1.239949e+02,1.410259e+06,8.843674e+01,,,,5
2018-04-26 13:48:25.000000,2.609023e+07,1.818748e+07,1.239950e+02,1.410259e+06,8.843674e+01,,,,5
2018-04-26 13:48:26.000000,2.609023e+07,1.818777e+07,1.239951e+02,1.410259e+06,8.843674e+01,,,,5
2018-04-26 13:48:27.000000,2.609024e+07,1.818779e+07,1.239952e+02,1.410259e+06,8.843674e+01,,,,5
2018-04-26 13:48:28.000000,2.609024e+07,1.818806e+07,1.239953e+02,1.410259e+06,8.843674e+01,,,,5
2018-04-26 13:48:29.000000,2.609025e+07,1.818772e+07,1.239951e+02,1.410259e+06,8.843674e+01,,,,5
2018-04-26 13:48:30.000000,2.609022e+07,1.818807e+07,1.239952e+02,1.410259e+06,8.843674e+01,,,,5
2018-04-26 13:48:31.000000,2.609023e+07,1.818684e+07,1.239945e+02,1.410259e+06,8.843674e+01,,,,5
2018-04-26 13:48:32.000000,2.609024e+07,1.818770e+07,1.239949e+02,1.410259e+06,8.843674e+01,,,,5
2018-04-26 13:48:33.000000,2.609024e+07,1.818657e+07,1.239943e+02,1.410259e+06,8.843674e+01,,,,5
2018-04-26 13:48:34.000000,2.609025e+07,1.818826e+07,1.239952e+02,1.410259e+06,8.843674e+01,,,,5
2018-04-26 13:48:35.000000,2.609022e+07,1.818752e+07,1.239949e+02,1.410259e+06,8.843674e+01,,,,5
2018-04-26 13:48:36.000000,2.609023e+07,1.818910e+07,1.239958e+02,1.410259e+06,8.843674e+01,,,,5
2018-04-26 13:48:37.000000,2.609022e+07,1.818781e+07,1.239951e+02,1.410259e+06,8.843674e+01,,,,5
2018-04-26 13:48:38.000000,2.609024e+07,1.818937e+07,1.239960e+02,1.410259e+06,8.843673e+01,,,,5
2018-04-26 13:48:39.000000,2.609025e+07,1.818818e+07,1.239953e+02,1.410259e+06,8.843673e+01,,,,5
2018-04-26 13:48:40.000000,2.609024e+07,1.818773e+07,1.239951e+02,1.410259e+06,8.843673e+01,,,,5
2018-04-26 13:48:41.000000,2.609023e+07,1.818722e+07,1.239947e+02,1.410259e+06,8.843673e+01,,,,5
2018-04-26 13:48:42.000000,2.609022e+07,1.818683e+07,1.239945e+02,1.410259e+06,8.843673e+01,,,,5
2018-04-26 13:48:43.000000,2.609023e+07,1.818809e+07,1.239952e+02,1.410259e+06,8.843673e+01,,,,5
2018-04-26 13:48:44.000000,2.609025e+07,1.818661e+07,1.239944e+02,1.410259e+06,8.843673e+01,,,,5
2018-04-26 13:48:45.000000,2.609024e+07,1.818768e+07,1.239949e+02,1.410259e+06,8.843673e+01,,,,5
2018-04-26 13:48:46.000000,2.609023e+07,1.818743e+07,1.239949e+02,1.410259e+06,8.843673e+01,,,,5
2018-04-26 13:48:47.000000,2.609022e+07,1.818856e+07,1.239955e+02,1.410259e+06,8.843673e+01,,,,5
2018-04-26 13:48:48.000000,2.609023e+07,1.818747e+07,1.239949e+02,1.410259e+06,8.843673e+01,,,,5
2018-04-26 13:48:49.000000,2.609024e+07,1.818936e+07,1.239960e+02,1.410259e+06,8.843673e+01,,,,5
2018-04-26 13:48:50.000000,2.609025e+07,1.818785e+07,1.239952e+02,1.410259e+06,8.843673e+01,,,,5
2018-04-26 13:48:51.000000,2.609024e+07,1.818779e+07,1.239952e+02,1.410259e+06,8.843673e+01,,,,5
2018-04-26 13:48:52.000000,2.609022e+07,1.818690e+07,1.239946e+02,1.410259e+06,8.843673e+01,,,,5
2018-04-26 13:48:53.000000,2.609023e+07,1.818688e+07,1.239946e+02,1.410259e+06,8.843673e+01,,,,5
2018-04-26 13:48:54.000000,2.609022e+07,1.818809e+07,1.239952e+02,1.410259e+06,8.843672e+01,,,,5
2018-04-26 13:48:55.000000,2.609025e+07,1.818668e+07,1.239944e+02,1.410259e+06,8.843672e+01,,,,5
2018-04-26 13:48:56.000000,2.609024e+07,1.818775e+07,1.239949e+02,1.410259e+06,8.843672e+01,,,,5
2018-04-26 13:48:57.000000,2.609024e+07,1.818647e+07,1.239942e+02,1.410259e+06,8.843672e+01,,,,5
2018-04-26 13:48:58.000000,2.609023e+07,1.818856e+07,1.239955e+02,1.410259e+06,8.843672e+01,,,,5
2018-04-26 13:48:59.000000,2.609022e+07,1.818748e+07,1.239949e+02,1.410259e+06,8.843672e+01,,,,5
2018-04-26 13:49:00.000000,2.609025e+07,1.818886e+07,1.239957e+02,1.410259e+06,8.843672e+01,,,,5
2018-04-26 13:49:01.000000,2.609024e+07,1.818784e+07,1.239952e+02,1.410259e+06,8.843672e+01,,,,5
2018-04-26 13:49:02.000000,2.609024e+07,1.818947e+07,1.239961e+02,1.410259e+06,8.843672e+01,,,,5
2018-04-26 13:49:03.000000,2.609023e+07,1.818708e+07,1.239946e+02,1.410259e+06,8.843672e+01,,,,5
2018-04-26 13:49:04.000000,2.609023e+07,1.818838e+07,1.239953e+02,1.410259e+06,8.843672e+01,,,,5
2018-04-26 13:49:05.000000,2.609023e+07,1.818720e+07,1.239947e+02,1.410259e+06,8.843672e+01,,,,5
2018-04-26 13:49:06.000000,2.609024e+07,1.818809e+07,1.239951e+02,1.410259e+06,8.843672e+01,,,,5
2018-04-26 13:49:07.000000,2.609025e+07,1.818692e+07,1.239944e+02,1.410259e+06,8.843672e+01,,,,5
2018-04-26 13:49:08.000000,2.609024e+07,1.818649e+07,1.239943e+02,1.410259e+06,8.843672e+01,,,,5
2018-04-26 13:49:09.000000,2.609023e+07,1.818766e+07,1.239950e+02,1.410259e+06,8.843672e+01,,,,5
2018-04-26 13:49:10.000000,2.609023e+07,1.818742e+07,1.239949e+02,1.410259e+06,8.843672e+01,,,,5
2018-04-26 13:49:11.000000,2.609022e+07,1.818865e+07,1.239955e+02,1.410259e+06,8.843671e+01,,,,5
2018-04-26 13:49:12.000000,2.609025e+07,1.818779e+07,1.239951e+02,1.410259e+06,8.843671e+01,,,,5
2018-04-26 13:49:13.000000,2.609024e+07,1.818950e+07,1.239961e+02,1.410259e+06,8.843671e+01,,,,5
2018-04-26 13:49:14.000000,2.609023e+07,1.818706e+07,1.239947e+02,1.410259e+06,8.843671e+01,,,,5
2018-04-26 13:49:15.000000,2.609022e+07,1.818850e+07,1.239954e+02,1.410259e+06,8.843671e+01,,,,5
2018-04-26 13:49:16.000000,2.609022e+07,1.818687e+07,1.239945e+02,1.410259e+06,8.843671e+01,,,,5
2018-04-26 13:49:17.000000,2.609025e+07,1.818818e+07,1.239951e+02,1.410259e+06,8.843671e+01,,,,5
2018-04-26 13:49:18.000000,2.609024e+07,1.818694e+07,1.239945e+02,1.410259e+06,8.843671e+01,,,,5
2018-04-26 13:49:19.000000,2.609025e+07,1.818656e+07,1.239943e+02,1.410259e+06,8.843671e+01,,,,5
2018-04-26 13:49:20.000000,2.609022e+07,1.818768e+07,1.239950e+02,1.410259e+06,8.843671e+01,,,,5
2018-04-26 13:49:21.000000,2.609023e+07,1.818748e+07,1.239949e+02,1.410259e+06,8.843671e+01,,,,5
2018-04-26 13:49:22.000000,2.609023e+07,1.818872e+07,1.239956e+02,1.410259e+06,8.843671e+01,,,,5
2018-04-26 13:49:23.000000,2.609024e+07,1.818780e+07,1.239951e+02,1.410259e+06,8.843671e+01,,,,5
2018-04-26 13:49:24.000000,2.609025e+07,1.818897e+07,1.239958e+02,1.410259e+06,8.843671e+01,,,,5
2018-04-26 13:49:25.000000,2.609022e+07,1.818706e+07,1.239946e+02,1.410259e+06,8.843671e+01,,,,5
2018-04-26 13:49:26.000000,2.609023e+07,1.818798e+07,1.239951e+02,1.410259e+06,8.843671e+01,,,,5
2018-04-26 13:49:27.000000,2.609023e+07,1.818687e+07,1.239945e+02,1.410259e+06,8.843670e+01,,,,5
2018-04-26 13:49:28.000000,2.609024e+07,1.818764e+07,1.239949e+02,1.410259e+06,8.843670e+01,,,,5
2018-04-26 13:49:29.000000,2.609024e+07,1.818660e+07,1.239943e+02,1.410259e+06,8.843670e+01,,,,5
2018-04-26 13:49:30.000000,2.609024e+07,1.818814e+07,1.239951e+02,1.410259e+06,8.843670e+01,,,,5
2018-04-26 13:49:31.000000,2.609023e+07,1.818750e+07,1.239949e+02,1.410259e+06,8.843670e+01,,,,5
2018-04-26 13:49:32.000000,2.609023e+07,1.818748e+07,1.239949e+02,1.410259e+06,8.843670e+01,,,,5
2018-04-26 13:49:33.000000,2.609023e+07,1.818776e+07,1.239951e+02,1.410259e+06,8.843670e+01,,,,5
2018-04-26 13:49:34.000000,2.609024e+07,1.818779e+07,1.239952e+02,1.410259e+06,8.843670e+01,,,,5
2018-04-26 13:49:35.000000,2.609024e+07,1.818806e+07,1.239953e+02,1.410259e+06,8.843670e+01,,,,5
2018-04-26 13:49:36.000000,2.609025e+07,1.818772e+07,1.239951e+02,1.410259e+06,8.843670e+01,,,,5
2018-04-26 13:49:37.000000,2.609022e+07,1.818807e+07,1.239952e+02,1.410259e+06,8.843670e+01,,,,5
2018-04-26 13:49:38.000000,2.609023e+07,1.818684e+07,1.239945e+02,1.410259e+06,8.843670e+01,,,,5
2018-04-26 13:49:39.000000,2.609024e+07,1.818769e+07,1.239949e+02,1.410259e+06,8.843670e+01,,,,5
2018-04-26 13:49:40.000000,2.609024e+07,1.818657e+07,1.239943e+02,1.410259e+06,8.843670e+01,,,,5
2018-04-26 13:49:41.000000,2.609025e+07,1.818826e+07,1.239952e+02,1.410259e+06,8.843670e+01,,,,5
2018-04-26 13:49:42.000000,2.609022e+07,1.818752e+07,1.239949e+02,1.410259e+06,8.843670e+01,,,,5
2018-04-26 13:49:43.000000,2.609023e+07,1.818908e+07,1.239958e+02,1.410259e+06,8.843669e+01,,,,5
2018-04-26 13:49:44.000000,2.609022e+07,1.818781e+07,1.239951e+02,1.410259e+06,8.843669e+01,,,,5
2018-04-26 13:49:45.000000,2.609024e+07,1.818937e+07,1.239960e+02,1.410259e+06,8.843669e+01,,,,5
2018-04-26 13:49:46.000000,2.609025e+07,1.818819e+07,1.239954e+02,1.410259e+06,8.843669e+01,,,,5
2018-04-26 13:49:47.000000,2.609024e+07,1.818772e+07,1.239951e+02,1.410259e+06,8.843669e+01,,,,5
2018-04-26 13:49:48.000000,2.609023e+07,1.818722e+07,1.239947e+02,1.410259e+06,8.843669e+01,,,,5
2018-04-26 13:49:49.000000,2.609022e+07,1.818683e+07,1.239945e+02,1.410259e+06,8.843669e+01,,,,5
2018-04-26 13:49:50.000000,2.609023e+07,1.818808e+07,1.239952e+02,1.410259e+06,8.843669e+01,,,,5
2018-04-26 13:49:51.000000,2.609024e+07,1.818661e+07,1.239944e+02,1.410259e+06,8.843669e+01,,,,5
2018-04-26 13:49:52.000000,2.609024e+07,1.818768e+07,1.239949e+02,1.410259e+06,8.843669e+01,,,,5
2018-04-26 13:49:53.000000,2.609023e+07,1.818744e+07,1.239949e+02,1.410259e+06,8.843669e+01,,,,5
2018-04-26 13:49:54.000000,2.609022e+07,1.818856e+07,1.239955e+02,1.410259e+06,8.843669e+01,,,,5
2018-04-26 13:49:55.000000,2.609023e+07,1.818747e+07,1.239949e+02,1.410259e+06,8.843669e+01,,,,5
2018-04-26 13:49:56.000000,2.609024e+07,1.818934e+07,1.239960e+02,1.410259e+06,8.843669e+01,,,,5
2018-04-26 13:49:57.000000,2.609025e+07,1.818785e+07,1.239952e+02,1.410259e+06,8.843669e+01,,,,5
2018-04-26 13:49:58.000000,2.609024e+07,1.818779e+07,1.239952e+02,1.410259e+06,8.843669e+01,,,,5
2018-04-26 13:49:59.000000,2.609022e+07,1.818690e+07,1.239946e+02,1.410259e+06,8.843669e+01,,,,5
2018-04-26 13:50:00.000000,2.609023e+07,1.818688e+07,1.239945e+02,1.410259e+06,8.843668e+01,,,,5
2018-04-26 13:50:01.000000,2.609022e+07,1.818809e+07,1.239952e+02,1.410259e+06,8.843668e+01,,,,5
2018-04-26 13:50:02.000000,2.609025e+07,1.818667e+07,1.239944e+02,1.410259e+06,8.843668e+01,,,,5
2018-04-26 13:50:03.000000,2.609024e+07,1.818773e+07,1.239949e+02,1.410259e+06,8.843668e+01,,,,5
2018-04-26 13:50:04.000000,2.609024e+07,1.818647e+07,1.239942e+02,1.410259e+06,8.843668e+01,,,,5
2018-04-26 13:50:05.000000,2.609023e+07,1.818856e+07,1.239955e+02,1.410259e+06,8.843668e+01,,,,5
2018-04-26 13:50:06.000000,2.609022e+07,1.818748e+07,1.239949e+02,1.410259e+06,8.843668e+01,,,,5
2018-04-26 13:50:07.000000,2.609025e+07,1.818884e+07,1.239957e+02,1.410259e+06,8.843668e+01,,,,5
2018-04-26 13:50:08.000000,2.609024e+07,1.818784e+07,1.239952e+02,1.410259e+06,8.843668e+01,,,,5
2018-04-26 13:50:09.000000,2.609024e+07,1.818947e+07,1.239961e+02,1.410259e+06,8.843668e+01,,,,5
2018-04-26 13:50:10.000000,2.609023e+07,1.818711e+07,1.239947e+02,1.410259e+06,8.843668e+01,,,,5
2018-04-26 13:50:11.000000,2.609023e+07,1.818838e+07,1.239953e+02,1.410259e+06,8.843668e+01,,,,5
2018-04-26 13:50:12.000000,2.609023e+07,1.818720e+07,1.239947e+02,1.410259e+06,8.843668e+01,,,,5
2018-04-26 13:50:13.000000,2.609024e+07,1.818808e+07,1.239951e+02,1.410259e+06,8.843668e+01,,,,5
2018-04-26 13:50:14.000000,2.609025e+07,1.818692e+07,1.239944e+02,1.410259e+06,8.843668e+01,,,,5
2018-04-26 13:50:15.000000,2.609024e+07,1.818649e+07,1.239942e+02,1.410259e+06,8.843668e+01,,,,5
2018-04-26 13:50:16.000000,2.609023e+07,1.818766e+07,1.239950e+02,1.410259e+06,8.843668e+01,,,,5
2018-04-26 13:50:17.000000,2.609023e+07,1.818742e+07,1.239949e+02,1.410259e+06,8.843667e+01,,,,5
2018-04-26 13:50:18.000000,2.609022e+07,1.818865e+07,1.239955e+02,1.410259e+06,8.843667e+01,,,,5
2018-04-26 13:50:19.000000,2.609025e+07,1.818779e+07,1.239951e+02,1.410259e+06,8.843667e+01,,,,5
2018-04-26 13:50:20.000000,2.609024e+07,1.818948e+07,1.239961e+02,1.410259e+06,8.843667e+01,,,,5
2018-04-26 13:50:21.000000,2.609023e+07,1.818707e+07,1.239947e+02,1.410259e+06,8.843667e+01,,,,5
2018-04-26 13:50:22.000000,2.609022e+07,1.818850e+07,1.239954e+02,1.410259e+06,8.843667e+01,,,,5
2018-04-26 13:50:23.000000,2.609022e+07,1.818686e+07,1.239945e+02,1.410259e+06,8.843667e+01,,,,5
2018-04-26 13:50:24.000000,2.609025e+07,1.818817e+07,1.239951e+02,1.410259e+06,8.843667e+01,,,,5
2018-04-26 13:50:25.000000,2.609024e+07,1.818694e+07,1.239945e+02,1.410259e+06,8.843667e+01,,,,5
2018-04-26 13:50:26.000000,2.609025e+07,1.818655e+07,1.239943e+02,1.410259e+06,8.843667e+01,,,,5
2018-04-26 13:50:27.000000,2.609022e+07,1.818767e+07,1.239950e+02,1.410259e+06,8.843667e+01,,,,5
2018-04-26 13:50:28.000000,2.609022e+07,1.818748e+07,1.239949e+02,1.410259e+06,8.843667e+01,,,,5
2018-04-26 13:50:29.000000,2.609023e+07,1.818872e+07,1.239956e+02,1.410259e+06,8.843667e+01,,,,5
2018-04-26 13:50:30.000000,2.609024e+07,1.818780e+07,1.239951e+02,1.410259e+06,8.843667e+01,,,,5
2018-04-26 13:50:31.000000,2.609025e+07,1.818897e+07,1.239958e+02,1.410259e+06,8.843667e+01,,,,5
2018-04-26 13:50:32.000000,2.609024e+07,1.818775e+07,1.239951e+02,1.410259e+06,8.843667e+01,,,,5
2018-04-26 13:50:33.000000,2.609023e+07,1.818806e+07,1.239952e+02,1.410259e+06,8.843666e+01,,,,5
2018-04-26 13:50:34.000000,2.609023e+07,1.818688e+07,1.239945e+02,1.410259e+06,8.843666e+01,,,,5
2018-04-26 13:50:35.000000,2.609024e+07,1.818764e+07,1.239949e+02,1.410259e+06,8.843666e+01,,,,5
2018-04-26 13:50:36.000000,2.609024e+07,1.818660e+07,1.239943e+02,1.410259e+06,8.843666e+01,,,,5
2018-04-26 13:50:37.000000,2.609024e+07,1.818812e+07,1.239951e+02,1.410259e+06,8.843666e+01,,,,5
2018-04-26 13:50:38.000000,2.609023e+07,1.818750e+07,1.239949e+02,1.410259e+06,8.843666e+01,,,,5
2018-04-26 13:50:39.000000,2.609023e+07,1.818748e+07,1.239949e+02,1.410259e+06,8.843666e+01,,,,5
2018-04-26 13:50:40.000000,2.609023e+07,1.818776e+07,1.239951e+02,1.410259e+06,8.843666e+01,,,,5
2018-04-26 13:50:41.000000,2.609024e+07,1.818779e+07,1.239952e+02,1.410259e+06,8.843666e+01,,,,5
2018-04-26 13:50:42.000000,2.609024e+07,1.818806e+07,1.239953e+02,1.410259e+06,8.843666e+01,,,,5
2018-04-26 13:50:43.000000,2.609025e+07,1.818772e+07,1.239951e+02,1.410259e+06,8.843666e+01,,,,5
2018-04-26 13:50:44.000000,2.609022e+07,1.818807e+07,1.239952e+02,1.410259e+06,8.843666e+01,,,,5
2018-04-26 13:50:45.000000,2.609023e+07,1.818684e+07,1.239945e+02,1.410259e+06,8.843666e+01,,,,5
2018-04-26 13:50:46.000000,2.609022e+07,1.818863e+07,1.239955e+02,1.410259e+06,8.843666e+01,,,,5
2018-04-26 13:50:47.000000,2.609024e+07,1.818663e+07,1.239943e+02,1.410259e+06,8.843666e+01,,,,5
2018-04-26 13:50:48.000000,2.609025e+07,1.818826e+07,1.239952e+02,1.410259e+06,8.843666e+01,,,,5
2018-04-26 13:50:49.000000,2.609022e+07,1.818752e+07,1.239949e+02,1.410259e+06,8.843666e+01,,,,5
2018-04-26 13:50:50.000000,2.609023e+07,1.818908e+07,1.239958e+02,1.410259e+06,8.843665e+01,,,,5
2018-04-26 13:50:51.000000,2.609022e+07,1.818782e+07,1.239951e+02,1.410259e+06,8.843665e+01,,,,5
2018-04-26 13:50:52.000000,2.609024e+07,1.818937e+07,1.239960e+02,1.410259e+06,8.843665e+01,,,,5
2018-04-26 13:50:53.000000,2.609025e+07,1.818819e+07,1.239954e+02,1.410259e+06,8.843665e+01,,,,5
2018-04-26 13:50:54.000000,2.609024e+07,1.818773e+07,1.239951e+02,1.410259e+06,8.843665e+01,,,,5
2018-04-26 13:50:55.000000,2.609023e+07,1.818721e+07,1.239947e+02,1.410259e+06,8.843665e+01,,,,5
2018-04-26 13:50:56.000000,2.609022e+07,1.818682e+07,1.239945e+02,1.410259e+06,8.843665e+01,,,,5
2018-04-26 13:50:57.000000,2.609023e+07,1.818808e+07,1.239952e+02,1.410259e+06,8.843665e+01,,,,5
2018-04-26 13:50:58.000000,2.609024e+07,1.818662e+07,1.239943e+02,1.410259e+06,8.843665e+01,,,,5
2018-04-26 13:50:59.000000,2.609024e+07,1.818768e+07,1.239949e+02,1.410259e+06,8.843665e+01,,,,5
2018-04-26 13:51:00.000000,2.609022e+07,1.818744e+07,1.239949e+02,1.410259e+06,8.843665e+01,,,,5
2018-04-26 13:51:01.000000,2.609022e+07,1.818855e+07,1.239955e+02,1.410259e+06,8.843665e+01,,,,5
2018-04-26 13:51:02.000000,2.609023e+07,1.818747e+07,1.239949e+02,1.410259e+06,8.843665e+01,,,,5
2018-04-26 13:51:03.000000,2.609024e+07,1.818886e+07,1.239957e+02,1.410259e+06,8.843665e+01,,,,5
2018-04-26 13:51:04.000000,2.609025e+07,1.818784e+07,1.239952e+02,1.410259e+06,8.843665e+01,,,,5
2018-04-26 13:51:05.000000,2.609025e+07,1.818949e+07,1.239961e+02,1.410259e+06,8.843665e+01,,,,5
2018-04-26 13:51:06.000000,2.609023e+07,1.818708e+07,1.239946e+02,1.410259e+06,8.843665e+01,,,,5
2018-04-26 13:51:07.000000,2.609023e+07,1.818838e+07,1.239953e+02,1.410259e+06,8.843664e+01,,,,5
2018-04-26 13:51:08.000000,2.609023e+07,1.818720e+07,1.239947e+02,1.410259e+06,8.843664e+01,,,,5
2018-04-26 13:51:09.000000,2.609024e+07,1.818809e+07,1.239951e+02,1.410259e+06,8.843664e+01,,,,5
2018-04-26 13:51:10.000000,2.609025e+07,1.818692e+07,1.239944e+02,1.410259e+06,8.843664e+01,,,,5
2018-04-26 13:51:11.000000,2.609025e+07,1.818649e+07,1.239942e+02,1.410259e+06,8.843664e+01,,,,5
2018-04-26 13:51:12.000000,2.609023e+07,1.818767e+07,1.239950e+02,1.410259e+06,8.843664e+01,,,,5
2018-04-26 13:51:13.000000,2.609023e+07,1.818742e+07,1.239949e+02,1.410259e+06,8.843664e+01,,,,5
2018-04-26 13:51:14.000000,2.609024e+07,1.818800e+07,1.239953e+02,1.410259e+06,8.843664e+01,,,,5
2018-04-26 13:51:15.000000,2.609025e+07,1.818775e+07,1.239951e+02,1.410259e+06,8.843664e+01,,,,5
2018-04-26 13:51:16.000000,2.609024e+07,1.818950e+07,1.239961e+02,1.410259e+06,8.843664e+01,,,,5
2018-04-26 13:51:17.000000,2.609023e+07,1.818706e+07,1.239947e+02,1.410259e+06,8.843664e+01,,,,5
2018-04-26 13:51:18.000000,2.609022e+07,1.818850e+07,1.239954e+02,1.410259e+06,8.843664e+01,,,,5
2018-04-26 13:51:19.000000,2.609022e+07,1.818685e+07,1.239945e+02,1.410259e+06,8.843664e+01,,,,5
2018-04-26 13:51:20.000000,2.609025e+07,1.818818e+07,1.239951e+02,1.410259e+06,8.843664e+01,,,,5
2018-04-26 13:51:21.000000,2.609024e+07,1.818694e+07,1.239945e+02,1.410259e+06,8.843664e+01,,,,5
2018-04-26 13:51:22.000000,2.609025e+07,1.818655e+07,1.239943e+02,1.410259e+06,8.843664e+01,,,,5
2018-04-26 13:51:23.000000,2.609022e+07,1.818768e+07,1.239950e+02,1.410259e+06,8.843663e+01,,,,5
2018-04-26 13:51:24.000000,2.609023e+07,1.818748e+07,1.239949e+02,1.410259e+06,8.843663e+01,,,,5
2018-04-26 13:51:25.000000,2.609023e+07,1.818872e+07,1.239956e+02,1.410259e+06,8.843663e+01,,,,5
2018-04-26 13:51:26.000000,2.609024e+07,1.818780e+07,1.239951e+02,1.410259e+06,8.843663e+01,,,,5
2018-04-26 13:51:27.000000,2.609025e+07,1.818897e+07,1.239958e+02,1.410259e+06,8.843663e+01,,,,5
2018-04-26 13:51:28.000000,2.609022e+07,1.818706e+07,1.239946e+02,1.410259e+06,8.843663e+01,,,,5
2018-04-26 13:51:29.000000,2.609023e+07,1.818800e+07,1.239951e+02,1.410259e+06,8.843663e+01,,,,5
2018-04-26 13:51:30.000000,2.609023e+07,1.818687e+07,1.239945e+02,1.410259e+06,8.843663e+01,,,,5
2018-04-26 13:51:31.000000,2.609025e+07,1.818764e+07,1.239949e+02,1.410259e+06,8.843663e+01,,,,5
2018-04-26 13:51:32.000000,2.609025e+07,1.818660e+07,1.239943e+02,1.410259e+06,8.843663e+01,,,,5
2018-04-26 13:51:33.000000,2.609024e+07,1.818814e+07,1.239951e+02,1.410259e+06,8.843663e+01,,,,5
2018-04-26 13:51:34.000000,2.609023e+07,1.818750e+07,1.239949e+02,1.410259e+06,8.843663e+01,,,,5
2018-04-26 13:51:35.000000,2.609023e+07,1.818748e+07,1.239949e+02,1.410259e+06,8.843663e+01,,,,5
2018-04-26 13:51:36.000000,2.609023e+07,1.818777e+07,1.239951e+02,1.410259e+06,8.843663e+01,,,,5
2018-04-26 13:51:37.000000,2.609024e+07,1.818779e+07,1.239952e+02,1.410259e+06,8.843663e+01,,,,5
2018-04-26 13:51:38.000000,2.609024e+07,1.818806e+07,1.239953e+02,1.410259e+06,8.843663e+01,,,,5
2018-04-26 13:51:39.000000,2.609025e+07,1.818772e+07,1.239951e+02,1.410259e+06,8.843663e+01,,,,5
2018-04-26 13:51:40.000000,2.609023e+07,1.818807e+07,1.239952e+02,1.410259e+06,8.843662e+01,,,,5
2018-04-26 13:51:41.000000,2.609023e+07,1.818684e+07,1.239945e+02,1.410259e+06,8.843662e+01,,,,5
2018-04-26 13:51:42.000000,2.609024e+07,1.818769e+07,1.239949e+02,1.410259e+06,8.843662e+01,,,,5
2018-04-26 13:51:43.000000,2.609024e+07,1.818657e+07,1.239943e+02,1.410259e+06,8.843662e+01,,,,5
2018-04-26 13:51:44.000000,2.609025e+07,1.818826e+07,1.239952e+02,1.410259e+06,8.843662e+01,,,,5
2018-04-26 13:51:45.000000,2.609023e+07,1.818752e+07,1.239949e+02,1.410259e+06,8.843662e+01,,,,5
2018-04-26 13:51:46.000000,2.609023e+07,1.818911e+07,1.239957e+02,1.410259e+06,8.843662e+01,,,,5
2018-04-26 13:51:47.000000,2.609022e+07,1.818781e+07,1.239951e+02,1.410259e+06,8.843662e+01,,,,5
2018-04-26 13:51:48.000000,2.609025e+07,1.818937e+07,1.239960e+02,1.410259e+06,8.843662e+01,,,,5
2018-04-26 13:51:49.000000,2.609025e+07,1.818819e+07,1.239954e+02,1.410259e+06,8.843662e+01,,,,5
2018-04-26 13:51:50.000000,2.609024e+07,1.818773e+07,1.239951e+02,1.410259e+06,8.843662e+01,,,,5
2018-04-26 13:51:51.000000,2.609023e+07,1.818722e+07,1.239947e+02,1.410259e+06,8.843662e+01,,,,5
2018-04-26 13:51:52.000000,2.609022e+07,1.818683e+07,1.239945e+02,1.410259e+06,8.843662e+01,,,,5
2018-04-26 13:51:53.000000,2.609023e+07,1.818809e+07,1.239952e+02,1.410259e+06,8.843662e+01,,,,5
2018-04-26 13:51:54.000000,2.609025e+07,1.818661e+07,1.239943e+02,1.410259e+06,8.843662e+01,,,,5
2018-04-26 13:51:55.000000,2.609025e+07,1.818768e+07,1.239949e+02,1.410259e+06,8.843662e+01,,,,5
2018-04-26 13:51:56.000000,2.609023e+07,1.818743e+07,1.239949e+02,1.410259e+06,8.843662e+01,,,,5
2018-04-26 13:51:57.000000,2.609022e+07,1.818856e+07,1.239955e+02,1.410259e+06,8.843661e+01,,,,5
2018-04-26 13:51:58.000000,2.609023e+07,1.818747e+07,1.239949e+02,1.410259e+06,8.843661e+01,,,,5
2018-04-26 13:51:59.000000,2.609024e+07,1.818934e+07,1.239960e+02,1.410259e+06,8.843661e+01,,,,5
2018-04-26 13:52:00.000000,2.609025e+07,1.818785e+07,1.239952e+02,1.410259e+06,8.843661e+01,,,,5
2018-04-26 13:52:01.000000,2.609024e+07,1.818779e+07,1.239952e+02,1.410259e+06,8.843661e+01,,,,5
2018-04-26 13:52:02.000000,2.609022e+07,1.818690e+07,1.239946e+02,1.410259e+06,8.843661e+01,,,,5
2018-04-26 13:52:03.000000,2.609023e+07,1.818688e+07,1.239945e+02,1.410259e+06,8.843661e+01,,,,5
2018-04-26 13:52:04.000000,2.609023e+07,1.818809e+07,1.239952e+02,1.410259e+06,8.843661e+01,,,,5
2018-04-26 13:52:05.000000,2.609025e+07,1.818668e+07,1.239944e+02,1.410259e+06,8.843661e+01,,,,5
2018-04-26 13:52:06.000000,2.609024e+07,1.818773e+07,1.239949e+02,1.410259e+06,8.843661e+01,,,,5
2018-04-26 13:52:07.000000,2.609024e+07,1.818647e+07,1.239942e+02,1.410259e+06,8.843661e+01,,,,5
2018-04-26 13:52:08.000000,2.609023e+07,1.818856e+07,1.239955e+02,1.410259e+06,8.843661e+01,,,,5
2018-04-26 13:52:09.000000,2.609023e+07,1.818748e+07,1.239949e+02,1.410259e+06,8.843661e+01,,,,5
2018-04-26 13:52:10.000000,2.609025e+07,1.818886e+07,1.239957e+02,1.410259e+06,8.843661e+01,,,,5
2018-04-26 13:52:11.000000,2.609024e+07,1.818784e+07,1.239952e+02,1.410259e+06,8.843661e+01,,,,5
2018-04-26 13:52:12.000000,2.609024e+07,1.818947e+07,1.239961e+02,1.410259e+06,8.843661e+01,,,,5
2018-04-26 13:52:13.000000,2.609023e+07,1.818708e+07,1.239946e+02,1.410259e+06,8.843661e+01,,,,5
2018-04-26 13:52:14.000000,2.609023e+07,1.818838e+07,1.239953e+02,1.410259e+06,8.843660e+01,,,,5
2018-04-26 13:52:15.000000,2.609023e+07,1.818720e+07,1.239947e+02,1.410259e+06,8.843660e+01,,,,5
2018-04-26 13:52:16.000000,2.609024e+07,1.818808e+07,1.239951e+02,1.410259e+06,8.843660e+01,,,,5
2018-04-26 13:52:17.000000,2.609025e+07,1.818692e+07,1.239944e+02,1.410259e+06,8.843660e+01,,,,5
2018-04-26 13:52:18.000000,2.609025e+07,1.818649e+07,1.239942e+02,1.410259e+06,8.843660e+01,,,,5
2018-04-26 13:52:19.000000,2.609023e+07,1.818766e+07,1.239950e+02,1.410259e+06,8.843660e+01,,,,5
2018-04-26 13:52:20.000000,2.609023e+07,1.818742e+07,1.239949e+02,1.410259e+06,8.843660e+01,,,,5
2018-04-26 13:52:21.000000,2.609022e+07,1.818865e+07,1.239955e+02,1.410259e+06,8.843660e+01,,,,5
2018-04-26 13:52:22.000000,2.609025e+07,1.818779e+07,1.239951e+02,1.410259e+06,8.843660e+01,,,,5
2018-04-26 13:52:23.000000,2.609024e+07,1.818948e+07,1.239961e+02,1.410259e+06,8.843660e+01,,,,5
2018-04-26 13:52:24.000000,2.609023e+07,1.818707e+07,1.239947e+02,1.410259e+06,8.843660e+01,,,,5
2018-04-26 13:52:25.000000,2.609022e+07,1.818850e+07,1.239954e+02,1.410259e+06,8.843660e+01,,,,5
2018-04-26 13:52:26.000000,2.609022e+07,1.818687e+07,1.239945e+02,1.410259e+06,8.843660e+01,,,,5
2018-04-26 13:52:27.000000,2.609025e+07,1.818818e+07,1.239951e+02,1.410259e+06,8.843660e+01,,,,5
2018-04-26 13:52:28.000000,2.609024e+07,1.818694e+07,1.239945e+02,1.410259e+06,8.843660e+01,,,,5
2018-04-26 13:52:29.000000,2.609025e+07,1.818656e+07,1.239943e+02,1.410259e+06,8.843660e+01,,,,5
2018-04-26 13:52:30.000000,2.609022e+07,1.818768e+07,1.239950e+02,1.410259e+06,8.843660e+01,,,,5
2018-04-26 13:52:31.000000,2.609023e+07,1.818748e+07,1.239949e+02,1.410259e+06,8.843659e+01,,,,5
2018-04-26 13:52:32.000000,2.609023e+07,1.818872e+07,1.239956e+02,1.410259e+06,8.843659e+01,,,,5
2018-04-26 13:52:33.000000,2.609024e+07,1.818780e+07,1.239951e+02,1.410259e+06,8.843659e+01,,,,5
2018-04-26 13:52:34.000000,2.609025e+07,1.818897e+07,1.239958e+02,1.410259e+06,8.843659e+01,,,,5
2018-04-26 13:52:35.000000,2.609024e+07,1.818775e+07,1.239951e+02,1.410259e+06,8.843659e+01,,,,5
2018-04-26 13:52:36.000000,2.609023e+07,1.818806e+07,1.239952e+02,1.410259e+06,8.843659e+01,,,,5
2018-04-26 13:52:37.000000,2.609023e+07,1.818687e+07,1.239945e+02,1.410259e+06,8.843659e+01,,,,5
2018-04-26 13:52:38.000000,2.609024e+07,1.818764e+07,1.239949e+02,1.410259e+06,8.843659e+01,,,,5
2018-04-26 13:52:39.000000,2.609025e+07,1.818660e+07,1.239943e+02,1.410259e+06,8.843659e+01,,,,5
2018-04-26 13:52:40.000000,2.609024e+07,1.818812e+07,1.239951e+02,1.410259e+06,8.843659e+01,,,,5
2018-04-26 13:52:41.000000,2.609023e+07,1.818750e+07,1.239949e+02,1.410259e+06,8.843659e+01,,,,5
2018-04-26 13:52:42.000000,2.609023e+07,1.818748e+07,1.239949e+02,1.410259e+06,8.843659e+01,,,,5
2018-04-26 13:52:43.000000,2.609023e+07,1.818776e+07,1.239951e+02,1.410259e+06,8.843659e+01,,,,5
2018-04-26 13:52:44.000000,2.609024e+07,1.818779e+07,1.239952e+02,1.410259e+06,8.843659e+01,,,,5
2018-04-26 13:52:45.000000,2.609024e+07,1.818806e+07,1.239953e+02,1.410259e+06,8.843659e+01,,,,5
2018-04-26 13:52:46.000000,2.609025e+07,1.818772e+07,1.239951e+02,1.410259e+06,8.843659e+01,,,,5
2018-04-26 13:52:47.000000,2.609022e+07,1.818807e+07,1.239952e+02,1.410259e+06,8.843659e+01,,,,5
2018-04-26 13:52:48.000000,2.609023e+07,1.818684e+07,1.239945e+02,1.410259e+06,8.843659e+01,,,,5
2018-04-26 13:52:49.000000,2.609024e+07,1.818769e+07,1.239949e+02,1.410259e+06,8.843658e+01,,,,5
2018-04-26 13:52:50.000000,2.609024e+07,1.818658e+07,1.239943e+02,1.410259e+06,8.843658e+01,,,,5
2018-04-26 13:52:51.000000,2.609025e+07,1.818826e+07,1.239952e+02,1.410259e+06,8.843658e+01,,,,5
2018-04-26 13:52:52.000000,2.609022e+07,1.818752e+07,1.239949e+02,1.410259e+06,8.843658e+01,,,,5
2018-04-26 13:52:53.000000,2.609023e+07,1.818908e+07,1.239957e+02,1.410259e+06,8.843658e+01,,,,5
2018-04-26 13:52:54.000000,2.609022e+07,1.818781e+07,1.239951e+02,1.410259e+06,8.843658e+01,,,,5
2018-04-26 13:52:55.000000,2.609024e+07,1.818937e+07,1.239960e+02,1.410259e+06,8.843658e+01,,,,5
2018-04-26 13:52:56.000000,2.609025e+07,1.818819e+07,1.239954e+02,1.410259e+06,8.843658e+01,,,,5
2018-04-26 13:52:57.000000,2.609024e+07,1.818773e+07,1.239951e+02,1.410259e+06,8.843658e+01,,,,5
2018-04-26 13:52:58.000000,2.609023e+07,1.818722e+07,1.239947e+02,1.410259e+06,8.843658e+01,,,,5
2018-04-26 13:52:59.000000,2.609022e+07,1.818683e+07,1.239945e+02,1.410259e+06,8.843658e+01,,,,5
2018-04-26 13:53:00.000000,2.609023e+07,1.818808e+07,1.239952e+02,1.410259e+06,8.843658e+01,,,,5
2018-04-26 13:53:01.000000,2.609024e+07,1.818661e+07,1.239943e+02,1.410259e+06,8.843658e+01,,,,5
2018-04-26 13:53:02.000000,2.609024e+07,1.818768e+07,1.239949e+02,1.410259e+06,8.843658e+01,,,,5
2018-04-26 13:53:03.000000,2.609023e+07,1.818744e+07,1.239949e+02,1.410259e+06,8.843658e+01,,,,5
2018-04-26 13:53:04.000000,2.609022e+07,1.818856e+07,1.239955e+02,1.410259e+06,8.843658e+01,,,,5
2018-04-26 13:53:05.000000,2.609023e+07,1.818747e+07,1.239949e+02,1.410259e+06,8.843658e+01,,,,5
2018-04-26 13:53:06.000000,2.609024e+07,1.818934e+07,1.239960e+02,1.410259e+06,8.843657e+01,,,,5
2018-04-26 13:53:07.000000,2.609025e+07,1.818787e+07,1.239952e+02,1.410259e+06,8.843657e+01,,,,5
2018-04-26 13:53:08.000000,2.609024e+07,1.818779e+07,1.239952e+02,1.410259e+06,8.843657e+01,,,,5
2018-04-26 13:53:09.000000,2.609022e+07,1.818690e+07,1.239946e+02,1.410259e+06,8.843657e+01,,,,5
2018-04-26 13:53:10.000000,2.609023e+07,1.818688e+07,1.239945e+02,1.410259e+06,8.843657e+01,,,,5
2018-04-26 13:53:11.000000,2.609022e+07,1.818809e+07,1.239952e+02,1.410259e+06,8.843657e+01,,,,5
2018-04-26 13:53:12.000000,2.609025e+07,1.818668e+07,1.239944e+02,1.410259e+06,8.843657e+01,,,,5
2018-04-26 13:53:13.000000,2.609024e+07,1.818773e+07,1.239949e+02,1.410259e+06,8.843657e+01,,,,5
2018-04-26 13:53:14.000000,2.609024e+07,1.818648e+07,1.239942e+02,1.410259e+06,8.843657e+01,,,,5
2018-04-26 13:53:15.000000,2.609023e+07,1.818856e+07,1.239955e+02,1.410259e+06,8.843657e+01,,,,5
2018-04-26 13:53:16.000000,2.609022e+07,1.818748e+07,1.239949e+02,1.410259e+06,8.843657e+01,,,,5
2018-04-26 13:53:17.000000,2.609025e+07,1.818884e+07,1.239957e+02,1.410259e+06,8.843657e+01,,,,5
2018-04-26 13:53:18.000000,2.609024e+07,1.818784e+07,1.239952e+02,1.410259e+06,8.843657e+01,,,,5
2018-04-26 13:53:19.000000,2.609024e+07,1.818947e+07,1.239961e+02,1.410259e+06,8.843657e+01,,,,5
2018-04-26 13:53:20.000000,2.609023e+07,1.818711e+07,1.239947e+02,1.410259e+06,8.843657e+01,,,,5
2018-04-26 13:53:21.000000,2.609023e+07,1.818838e+07,1.239953e+02,1.410259e+06,8.843657e+01,,,,5
2018-04-26 13:53:22.000000,2.609023e+07,1.818720e+07,1.239947e+02,1.410259e+06,8.843657e+01,,,,5
2018-04-26 13:53:23.000000,2.609024e+07,1.818808e+07,1.239951e+02,1.410259e+06,8.843656e+01,,,,5
2018-04-26 13:53:24.000000,2.609025e+07,1.818693e+07,1.239944e+02,1.410259e+06,8.843656e+01,,,,5
2018-04-26 13:53:25.000000,2.609024e+07,1.818649e+07,1.239942e+02,1.410259e+06,8.843656e+01,,,,5
2018-04-26 13:53:26.000000,2.609023e+07,1.818766e+07,1.239950e+02,1.410259e+06,8.843656e+01,,,,5
2018-04-26 13:53:27.000000,2.609023e+07,1.818742e+07,1.239949e+02,1.410259e+06,8.843656e+01,,,,5
2018-04-26 13:53:28.000000,2.609022e+07,1.818865e+07,1.239955e+02,1.410258e+06,8.843656e+01,,,,5
2018-04-26 13:53:29.000000,2.609025e+07,1.818779e+07,1.239951e+02,1.410258e+06,8.843656e+01,,,,5
2018-04-26 13:53:30.000000,2.609024e+07,1.818948e+07,1.239961e+02,1.410258e+06,8.843656e+01,,,,5
2018-04-26 13:53:31.000000,2.609023e+07,1.818707e+07,1.239947e+02,1.410258e+06,8.843656e+01,,,,5
2018-04-26 13:53:32.000000,2.609022e+07,1.818850e+07,1.239953e+02,1.410258e+06,8.843656e+01,,,,5
2018-04-26 13:53:33.000000,2.609022e+07,1.818687e+07,1.239945e+02,1.410258e+06,8.843656e+01,,,,5
2018-04-26 13:53:34.000000,2.609025e+07,1.818817e+07,1.239951e+02,1.410258e+06,8.843656e+01,,,,5
2018-04-26 13:53:35.000000,2.609024e+07,1.818694e+07,1.239945e+02,1.410258e+06,8.843656e+01,,,,5
2018-04-26 13:53:36.000000,2.609025e+07,1.818656e+07,1.239943e+02,1.410258e+06,8.843656e+01,,,,5
2018-04-26 13:53:37.000000,2.609022e+07,1.818767e+07,1.239950e+02,1.410258e+06,8.843656e+01,,,,5
2018-04-26 13:53:38.000000,2.609022e+07,1.818748e+07,1.239949e+02,1.410258e+06,8.843656e+01,,,,5
2018-04-26 13:53:39.000000,2.609023e+07,1.818872e+07,1.239956e+02,1.410258e+06,8.843656e+01,,,,5
2018-04-26 13:53:40.000000,2.609024e+07,1.818780e+07,1.239951e+02,1.410258e+06,8.843655e+01,,,,5
2018-04-26 13:53:41.000000,2.609025e+07,1.818895e+07,1.239958e+02,1.410258e+06,8.843655e+01,,,,5
2018-04-26 13:53:42.000000,2.609024e+07,1.818775e+07,1.239951e+02,1.410258e+06,8.843655e+01,,,,5
2018-04-26 13:53:43.000000,2.609023e+07,1.818806e+07,1.239952e+02,1.410258e+06,8.843655e+01,,,,5
2018-04-26 13:53:44.000000,2.609023e+07,1.818688e+07,1.239945e+02,1.410258e+06,8.843655e+01,,,,5
2018-04-26 13:53:45.000000,2.609024e+07,1.818764e+07,1.239949e+02,1.410258e+06,8.843655e+01,,,,5
2018-04-26 13:53:46.000000,2.609024e+07,1.818660e+07,1.239943e+02,1.410258e+06,8.843655e+01,,,,5
2018-04-26 13:53:47.000000,2.609024e+07,1.818812e+07,1.239951e+02,1.410258e+06,8.843655e+01,,,,5
2018-04-26 13:53:48.000000,2.609023e+07,1.818750e+07,1.239949e+02,1.410258e+06,8.843655e+01,,,,5
2018-04-26 13:53:49.000000,2.609023e+07,1.818748e+07,1.239949e+02,1.410258e+06,8.843655e+01,,,,5
2018-04-26 13:53:50.000000,2.609023e+07,1.818776e+07,1.239951e+02,1.410258e+06,8.843655e+01,,,,5
2018-04-26 13:53:51.000000,2.609024e+07,1.818779e+07,1.239952e+02,1.410258e+06,8.843655e+01,,,,5
2018-04-26 13:53:52.000000,2.609024e+07,1.818806e+07,1.239953e+02,1.410258e+06,8.843655e+01,,,,5
2018-04-26 13:53:53.000000,2.609025e+07,1.818772e+07,1.239951e+02,1.410258e+06,8.843655e+01,,,,5
2018-04-26 13:53:54.000000,2.609022e+07,1.818807e+07,1.239952e+02,1.410258e+06,8.843655e+01,,,,5
2018-04-26 13:53:55.000000,2.609023e+07,1.818684e+07,1.239945e+02,1.410258e+06,8.843655e+01,,,,5
2018-04-26 13:53:56.000000,2.609022e+07,1.818863e+07,1.239954e+02,1.410258e+06,8.843655e+01,,,,5
2018-04-26 13:53:57.000000,2.609024e+07,1.818663e+07,1.239943e+02,1.410258e+06,8.843655e+01,,,,5
2018-04-26 13:53:58.000000,2.609025e+07,1.818824e+07,1.239952e+02,1.410258e+06,8.843654e+01,,,,5
2018-04-26 13:53:59.000000,2.609022e+07,1.818752e+07,1.239949e+02,1.410258e+06,8.843654e+01,,,,5
2018-04-26 13:54:00.000000,2.609023e+07,1.818908e+07,1.239957e+02,1.410258e+06,8.843654e+01,,,,5
2018-04-26 13:54:01.000000,2.609022e+07,1.818782e+07,1.239951e+02,1.410258e+06,8.843654e+01,,,,5
2018-04-26 13:54:02.000000,2.609024e+07,1.818937e+07,1.239960e+02,1.410258e+06,8.843654e+01,,,,5
2018-04-26 13:54:03.000000,2.609025e+07,1.818819e+07,1.239954e+02,1.410258e+06,8.843654e+01,,,,5
2018-04-26 13:54:04.000000,2.609024e+07,1.818773e+07,1.239951e+02,1.410258e+06,8.843654e+01,,,,5
2018-04-26 13:54:05.000000,2.609023e+07,1.818722e+07,1.239947e+02,1.410258e+06,8.843654e+01,,,,5
2018-04-26 13:54:06.000000,2.609022e+07,1.818683e+07,1.239945e+02,1.410258e+06,8.843654e+01,,,,5
2018-04-26 13:54:07.000000,2.609023e+07,1.818808e+07,1.239952e+02,1.410258e+06,8.843654e+01,,,,5
2018-04-26 13:54:08.000000,2.609024e+07,1.818662e+07,1.239943e+02,1.410258e+06,8.843654e+01,,,,5
2018-04-26 13:54:09.000000,2.609024e+07,1.818768e+07,1.239949e+02,1.410258e+06,8.843654e+01,,,,5
2018-04-26 13:54:10.000000,2.609024e+07,1.818651e+07,1.239942e+02,1.410258e+06,8.843654e+01,,,,5
2018-04-26 13:54:11.000000,2.609022e+07,1.818849e+07,1.239954e+02,1.410258e+06,8.843654e+01,,,,5
2018-04-26 13:54:12.000000,2.609023e+07,1.818747e+07,1.239949e+02,1.410258e+06,8.843654e+01,,,,5
2018-04-26 13:54:13.000000,2.609024e+07,1.818934e+07,1.239960e+02,1.410258e+06,8.843654e+01,,,,5
2018-04-26 13:54:14.000000,2.609025e+07,1.818787e+07,1.239952e+02,1.410258e+06,8.843654e+01,,,,5
2018-04-26 13:54:15.000000,2.609024e+07,1.818779e+07,1.239952e+02,1.410258e+06,8.843653e+01,,,,5
2018-04-26 13:54:16.000000,2.609022e+07,1.818689e+07,1.239946e+02,1.410258e+06,8.843653e+01,,,,5
2018-04-26 13:54:17.000000,2.609023e+07,1.818688e+07,1.239945e+02,1.410258e+06,8.843653e+01,,,,5
2018-04-26 13:54:18.000000,2.609022e+07,1.818807e+07,1.239952e+02,1.410258e+06,8.843653e+01,,,,5
2018-04-26 13:54:19.000000,2.609025e+07,1.818667e+07,1.239944e+02,1.410258e+06,8.843653e+01,,,,5
2018-04-26 13:54:20.000000,2.609024e+07,1.818773e+07,1.239949e+02,1.410258e+06,8.843653e+01,,,,5
2018-04-26 13:54:21.000000,2.609024e+07,1.818648e+07,1.239942e+02,1.410258e+06,8.843653e+01,,,,5
2018-04-26 13:54:22.000000,2.609023e+07,1.818856e+07,1.239955e+02,1.410258e+06,8.843653e+01,,,,5
2018-04-26 13:54:23.000000,2.609022e+07,1.818748e+07,1.239949e+02,1.410258e+06,8.843653e+01,,,,5
2018-04-26 13:54:24.000000,2.609025e+07,1.818884e+07,1.239957e+02,1.410258e+06,8.843653e+01,,,,5
2018-04-26 13:54:25.000000,2.609024e+07,1.818786e+07,1.239952e+02,1.410258e+06,8.843653e+01,,,,5
2018-04-26 13:54:26.000000,2.609024e+07,1.818947e+07,1.239961e+02,1.410258e+06,8.843653e+01,,,,5
2018-04-26 13:54:27.000000,2.609023e+07,1.818711e+07,1.239947e+02,1.410258e+06,8.843653e+01,,,,5
2018-04-26 13:54:28.000000,2.609022e+07,1.818836e+07,1.239953e+02,1.410258e+06,8.843653e+01,,,,5
2018-04-26 13:54:29.000000,2.609023e+07,1.818719e+07,1.239947e+02,1.410258e+06,8.843653e+01,,,,5
2018-04-26 13:54:30.000000,2.609024e+07,1.818808e+07,1.239951e+02,1.410258e+06,8.843653e+01,,,,5
2018-04-26 13:54:31.000000,2.609025e+07,1.818693e+07,1.239944e+02,1.410258e+06,8.843653e+01,,,,5
2018-04-26 13:54:32.000000,2.609024e+07,1.818650e+07,1.239942e+02,1.410258e+06,8.843653e+01,,,,5
2018-04-26 13:54:33.000000,2.609023e+07,1.818766e+07,1.239949e+02,1.410258e+06,8.843652e+01,,,,5
2018-04-26 13:54:34.000000,2.609022e+07,1.818742e+07,1.239949e+02,1.410258e+06,8.843652e+01,,,,5
2018-04-26 13:54:35.000000,2.609022e+07,1.818864e+07,1.239955e+02,1.410258e+06,8.843652e+01,,,,5
2018-04-26 13:54:36.000000,2.609025e+07,1.818779e+07,1.239951e+02,1.410258e+06,8.843652e+01,,,,5
2018-04-26 13:54:37.000000,2.609024e+07,1.818948e+07,1.239961e+02,1.410258e+06,8.843652e+01,,,,5
2018-04-26 13:54:38.000000,2.609023e+07,1.818709e+07,1.239947e+02,1.410258e+06,8.843652e+01,,,,5
2018-04-26 13:54:39.000000,2.609022e+07,1.818848e+07,1.239953e+02,1.410258e+06,8.843652e+01,,,,5
2018-04-26 13:54:40.000000,2.609022e+07,1.818686e+07,1.239945e+02,1.410258e+06,8.843652e+01,,,,5
2018-04-26 13:54:41.000000,2.609025e+07,1.818817e+07,1.239951e+02,1.410258e+06,8.843652e+01,,,,5
2018-04-26 13:54:42.000000,2.609024e+07,1.818696e+07,1.239945e+02,1.410258e+06,8.843652e+01,,,,5
2018-04-26 13:54:43.000000,2.609025e+07,1.818655e+07,1.239943e+02,1.410258e+06,8.843652e+01,,,,5
2018-04-26 13:54:44.000000,2.609022e+07,1.818767e+07,1.239950e+02,1.410258e+06,8.843652e+01,,,,5
2018-04-26 13:54:45.000000,2.609022e+07,1.818748e+07,1.239949e+02,1.410258e+06,8.843652e+01,,,,5
2018-04-26 13:54:46.000000,2.609023e+07,1.818872e+07,1.239956e+02,1.410258e+06,8.843652e+01,,,,5
2018-04-26 13:54:47.000000,2.609024e+07,1.818780e+07,1.239951e+02,1.410258e+06,8.843652e+01,,,,5
2018-04-26 13:54:48.000000,2.609025e+07,1.818895e+07,1.239958e+02,1.410258e+06,8.843652e+01,,,,5
2018-04-26 13:54:49.000000,2.609024e+07,1.818776e+07,1.239951e+02,1.410258e+06,8.843652e+01,,,,5
2018-04-26 13:54:50.000000,2.609023e+07,1.818806e+07,1.239951e+02,1.410258e+06,8.843651e+01,,,,5
2018-04-26 13:54:51.000000,2.609023e+07,1.818688e+07,1.239945e+02,1.410258e+06,8.843651e+01,,,,5
2018-04-26 13:54:52.000000,2.609024e+07,1.818763e+07,1.239949e+02,1.410258e+06,8.843651e+01,,,,5
2018-04-26 13:54:53.000000,2.609024e+07,1.818660e+07,1.239943e+02,1.410258e+06,8.843651e+01,,,,5
2018-04-26 13:54:54.000000,2.609024e+07,1.818812e+07,1.239951e+02,1.410258e+06,8.843651e+01,,,,5
2018-04-26 13:54:55.000000,2.609023e+07,1.818751e+07,1.239949e+02,1.410258e+06,8.843651e+01,,,,5
2018-04-26 13:54:56.000000,2.609022e+07,1.818748e+07,1.239949e+02,1.410258e+06,8.843651e+01,,,,5
2018-04-26 13:54:57.000000,2.609023e+07,1.818776e+07,1.239950e+02,1.410258e+06,8.843651e+01,,,,5
2018-04-26 13:54:58.000000,2.609024e+07,1.818779e+07,1.239952e+02,1.410258e+06,8.843651e+01,,,,5
2018-04-26 13:54:59.000000,2.609024e+07,1.818805e+07,1.239953e+02,1.410258e+06,8.843651e+01,,,,5
2018-04-26 13:55:00.000000,2.609025e+07,1.818772e+07,1.239951e+02,1.410258e+06,8.843651e+01,,,,5
2018-04-26 13:55:01.000000,2.609022e+07,1.818807e+07,1.239952e+02,1.410258e+06,8.843651e+01,,,,5
2018-04-26 13:55:02.000000,2.609023e+07,1.818685e+07,1.239945e+02,1.410258e+06,8.843651e+01,,,,5
2018-04-26 13:55:03.000000,2.609022e+07,1.818862e+07,1.239954e+02,1.410258e+06,8.843651e+01,,,,5
2018-04-26 13:55:04.000000,2.609024e+07,1.818663e+07,1.239943e+02,1.410258e+06,8.843651e+01,,,,5
2018-04-26 13:55:05.000000,2.609025e+07,1.818824e+07,1.239952e+02,1.410258e+06,8.843651e+01,,,,5
2018-04-26 13:55:06.000000,2.609022e+07,1.818753e+07,1.239949e+02,1.410258e+06,8.843651e+01,,,,5
2018-04-26 13:55:07.000000,2.609023e+07,1.818908e+07,1.239957e+02,1.410258e+06,8.843651e+01,,,,5
2018-04-26 13:55:08.000000,2.609022e+07,1.818782e+07,1.239951e+02,1.410258e+06,8.843650e+01,,,,5
2018-04-26 13:55:09.000000,2.609024e+07,1.818935e+07,1.239960e+02,1.410258e+06,8.843650e+01,,,,5
2018-04-26 13:55:10.000000,2.609025e+07,1.818819e+07,1.239954e+02,1.410258e+06,8.843650e+01,,,,5
2018-04-26 13:55:11.000000,2.609024e+07,1.818773e+07,1.239951e+02,1.410258e+06,8.843650e+01,,,,5
2018-04-26 13:55:12.000000,2.609023e+07,1.818721e+07,1.239946e+02,1.410258e+06,8.843650e+01,,,,5
2018-04-26 13:55:13.000000,2.609022e+07,1.818682e+07,1.239945e+02,1.410258e+06,8.843650e+01,,,,5
2018-04-26 13:55:14.000000,2.609023e+07,1.818808e+07,1.239951e+02,1.410258e+06,8.843650e+01,,,,5
2018-04-26 13:55:15.000000,2.609024e+07,1.818662e+07,1.239943e+02,1.410258e+06,8.843650e+01,,,,5
2018-04-26 13:55:16.000000,2.609024e+07,1.818767e+07,1.239949e+02,1.410258e+06,8.843650e+01,,,,5
2018-04-26 13:55:17.000000,2.609024e+07,1.818651e+07,1.239942e+02,1.410258e+06,8.843650e+01,,,,5
2018-04-26 13:55:18.000000,2.609022e+07,1.818849e+07,1.239954e+02,1.410258e+06,8.843650e+01,,,,5
2018-04-26 13:55:19.000000,2.609023e+07,1.818748e+07,1.239949e+02,1.410258e+06,8.843650e+01,,,,5
2018-04-26 13:55:20.000000,2.609024e+07,1.818934e+07,1.239960e+02,1.410258e+06,8.843650e+01,,,,5
2018-04-26 13:55:21.000000,2.609024e+07,1.818787e+07,1.239952e+02,1.410258e+06,8.843650e+01,,,,5
2018-04-26 13:55:22.000000,2.609024e+07,1.818779e+07,1.239952e+02,1.410258e+06,8.843650e+01,,,,5
2018-04-26 13:55:23.000000,2.609022e+07,1.818690e+07,1.239946e+02,1.410258e+06,8.843650e+01,,,,5
2018-04-26 13:55:24.000000,2.609023e+07,1.818836e+07,1.239952e+02,1.410258e+06,8.843650e+01,,,,5
2018-04-26 13:55:25.000000,2.609022e+07,1.818720e+07,1.239946e+02,1.410258e+06,8.843650e+01,,,,5
2018-04-26 13:55:26.000000,2.609025e+07,1.818808e+07,1.239951e+02,1.410258e+06,8.843649e+01,,,,5
2018-04-26 13:55:27.000000,2.609025e+07,1.818692e+07,1.239944e+02,1.410258e+06,8.843649e+01,,,,5
2018-04-26 13:55:28.000000,2.609024e+07,1.818649e+07,1.239942e+02,1.410258e+06,8.843649e+01,,,,5
2018-04-26 13:55:29.000000,2.609023e+07,1.818766e+07,1.239949e+02,1.410258e+06,8.843649e+01,,,,5
2018-04-26 13:55:30.000000,2.609023e+07,1.818742e+07,1.239949e+02,1.410258e+06,8.843649e+01,,,,5
2018-04-26 13:55:31.000000,2.609022e+07,1.818865e+07,1.239955e+02,1.410258e+06,8.843649e+01,,,,5
2018-04-26 13:55:32.000000,2.609025e+07,1.818779e+07,1.239951e+02,1.410258e+06,8.843649e+01,,,,5
2018-04-26 13:55:33.000000,2.609024e+07,1.818948e+07,1.239961e+02,1.410258e+06,8.843649e+01,,,,5
2018-04-26 13:55:34.000000,2.609023e+07,1.818707e+07,1.239947e+02,1.410258e+06,8.843649e+01,,,,5
2018-04-26 13:55:35.000000,2.609022e+07,1.818850e+07,1.239953e+02,1.410258e+06,8.843649e+01,,,,5
2018-04-26 13:55:36.000000,2.609022e+07,1.818687e+07,1.239945e+02,1.410258e+06,8.843649e+01,,,,5
2018-04-26 13:55:37.000000,2.609025e+07,1.818818e+07,1.239951e+02,1.410258e+06,8.843649e+01,,,,5
2018-04-26 13:55:38.000000,2.609024e+07,1.818694e+07,1.239945e+02,1.410258e+06,8.843649e+01,,,,5
2018-04-26 13:55:39.000000,2.609025e+07,1.818656e+07,1.239943e+02,1.410258e+06,8.843649e+01,,,,5
2018-04-26 13:55:40.000000,2.609022e+07,1.818767e+07,1.239950e+02,1.410258e+06,8.843649e+01,,,,5
2018-04-26 13:55:41.000000,2.609023e+07,1.818748e+07,1.239949e+02,1.410258e+06,8.843649e+01,,,,5
2018-04-26 13:55:42.000000,2.609023e+07,1.818872e+07,1.239956e+02,1.410258e+06,8.843649e+01,,,,5
2018-04-26 13:55:43.000000,2.609024e+07,1.818781e+07,1.239951e+02,1.410258e+06,8.843649e+01,,,,5
2018-04-26 13:55:44.000000,2.609025e+07,1.818897e+07,1.239958e+02,1.410258e+06,8.843648e+01,,,,5
2018-04-26 13:55:45.000000,2.609024e+07,1.818775e+07,1.239951e+02,1.410258e+06,8.843648e+01,,,,5
2018-04-26 13:55:46.000000,2.609023e+07,1.818806e+07,1.239951e+02,1.410258e+06,8.843648e+01,,,,5
2018-04-26 13:55:47.000000,2.609023e+07,1.818687e+07,1.239945e+02,1.410258e+06,8.843648e+01,,,,5
2018-04-26 13:55:48.000000,2.609025e+07,1.818764e+07,1.239949e+02,1.410258e+06,8.843648e+01,,,,5
2018-04-26 13:55:49.000000,2.609025e+07,1.818660e+07,1.239943e+02,1.410258e+06,8.843648e+01,,,,5
2018-04-26 13:55:50.000000,2.609024e+07,1.818812e+07,1.239951e+02,1.410258e+06,8.843648e+01,,,,5
2018-04-26 13:55:51.000000,2.609023e+07,1.818750e+07,1.239949e+02,1.410258e+06,8.843648e+01,,,,5
2018-04-26 13:55:52.000000,2.609023e+07,1.818748e+07,1.239949e+02,1.410258e+06,8.843648e+01,,,,5
2018-04-26 13:55:53.000000,2.609023e+07,1.818776e+07,1.239950e+02,1.410258e+06,8.843648e+01,,,,5
2018-04-26 13:55:54.000000,2.609024e+07,1.818779e+07,1.239952e+02,1.410258e+06,8.843648e+01,,,,5
2018-04-26 13:55:55.000000,2.609024e+07,1.818806e+07,1.239953e+02,1.410258e+06,8.843648e+01,,,,5
2018-04-26 13:55:56.000000,2.609025e+07,1.818772e+07,1.239951e+02,1.410258e+06,8.843648e+01,,,,5
2018-04-26 13:55:57.000000,2.609023e+07,1.818807e+07,1.239951e+02,1.410258e+06,8.843648e+01,,,,5
2018-04-26 13:55:58.000000,2.609023e+07,1.818684e+07,1.239945e+02,1.410258e+06,8.843648e+01,,,,5
2018-04-26 13:55:59.000000,2.609024e+07,1.818769e+07,1.239949e+02,1.410258e+06,8.843648e+01,,,,5
2018-04-26 13:56:00.000000,2.609024e+07,1.818658e+07,1.239943e+02,1.410258e+06,8.843648e+01,,,,5
2018-04-26 13:56:01.000000,2.609025e+07,1.818826e+07,1.239952e+02,1.410258e+06,8.843647e+01,,,,5
2018-04-26 13:56:02.000000,2.609022e+07,1.818752e+07,1.239949e+02,1.410258e+06,8.843647e+01,,,,5
2018-04-26 13:56:03.000000,2.609023e+07,1.818908e+07,1.239957e+02,1.410258e+06,8.843647e+01,,,,5
2018-04-26 13:56:04.000000,2.609022e+07,1.818781e+07,1.239951e+02,1.410258e+06,8.843647e+01,,,,5
2018-04-26 13:56:05.000000,2.609024e+07,1.818937e+07,1.239960e+02,1.410258e+06,8.843647e+01,,,,5
2018-04-26 13:56:06.000000,2.609025e+07,1.818819e+07,1.239954e+02,1.410258e+06,8.843647e+01,,,,5
2018-04-26 13:56:07.000000,2.609024e+07,1.818774e+07,1.239951e+02,1.410258e+06,8.843647e+01,,,,5
2018-04-26 13:56:08.000000,2.609023e+07,1.818722e+07,1.239946e+02,1.410258e+06,8.843647e+01,,,,5
2018-04-26 13:56:09.000000,2.609022e+07,1.818683e+07,1.239945e+02,1.410258e+06,8.843647e+01,,,,5
2018-04-26 13:56:10.000000,2.609023e+07,1.818808e+07,1.239951e+02,1.410258e+06,8.843647e+01,,,,5
2018-04-26 13:56:11.000000,2.609025e+07,1.818661e+07,1.239943e+02,1.410258e+06,8.843647e+01,,,,5
2018-04-26 13:56:12.000000,2.609024e+07,1.818768e+07,1.239949e+02,1.410258e+06,8.843647e+01,,,,5
2018-04-26 13:56:13.000000,2.609023e+07,1.818744e+07,1.239949e+02,1.410258e+06,8.843647e+01,,,,5
2018-04-26 13:56:14.000000,2.609022e+07,1.818855e+07,1.239955e+02,1.410258e+06,8.843647e+01,,,,5
2018-04-26 13:56:15.000000,2.609023e+07,1.818747e+07,1.239949e+02,1.410258e+06,8.843647e+01,,,,5
2018-04-26 13:56:16.000000,2.609024e+07,1.818934e+07,1.239960e+02,1.410258e+06,8.843647e+01,,,,5
2018-04-26 13:56:17.000000,2.609025e+07,1.818787e+07,1.239952e+02,1.410258e+06,8.843647e+01,,,,5
2018-04-26 13:56:18.000000,2.609024e+07,1.818779e+07,1.239952e+02,1.410258e+06,8.843647e+01,,,,5
2018-04-26 13:56:19.000000,2.609022e+07,1.818690e+07,1.239946e+02,1.410258e+06,8.843646e+01,,,,5
2018-04-26 13:56:20.000000,2.609023e+07,1.818688e+07,1.239945e+02,1.410258e+06,8.843646e+01,,,,5
2018-04-26 13:56:21.000000,2.609022e+07,1.818809e+07,1.239951e+02,1.410258e+06,8.843646e+01,,,,5
2018-04-26 13:56:22.000000,2.609025e+07,1.818668e+07,1.239944e+02,1.410258e+06,8.843646e+01,,,,5
2018-04-26 13:56:23.000000,2.609024e+07,1.818773e+07,1.239949e+02,1.410258e+06,8.843646e+01,,,,5
2018-04-26 13:56:24.000000,2.609024e+07,1.818648e+07,1.239942e+02,1.410258e+06,8.843646e+01,,,,5
2018-04-26 13:56:25.000000,2.609023e+07,1.818856e+07,1.239955e+02,1.410258e+06,8.843646e+01,,,,5
2018-04-26 13:56:26.000000,2.609022e+07,1.818748e+07,1.239949e+02,1.410258e+06,8.843646e+01,,,,5
2018-04-26 13:56:27.000000,2.609025e+07,1.818884e+07,1.239957e+02,1.410258e+06,8.843646e+01,,,,5
2018-04-26 13:56:28.000000,2.609024e+07,1.818784e+07,1.239952e+02,1.410258e+06,8.843646e+01,,,,5
2018-04-26 13:56:29.000000,2.609024e+07,1.818947e+07,1.239961e+02,1.410258e+06,8.843646e+01,,,,5
2018-04-26 13:56:30.000000,2.609023e+07,1.818711e+07,1.239947e+02,1.410258e+06,8.843646e+01,,,,5
2018-04-26 13:56:31.000000,2.609023e+07,1.818836e+07,1.239952e+02,1.410258e+06,8.843646e+01,,,,5
2018-04-26 13:56:32.000000,2.609023e+07,1.818720e+07,1.239946e+02,1.410258e+06,8.843646e+01,,,,5
2018-04-26 13:56:33.000000,2.609024e+07,1.818808e+07,1.239951e+02,1.410258e+06,8.843646e+01,,,,5
2018-04-26 13:56:34.000000,2.609025e+07,1.818693e+07,1.239944e+02,1.410258e+06,8.843646e+01,,,,5
2018-04-26 13:56:35.000000,2.609025e+07,1.818649e+07,1.239942e+02,1.410258e+06,8.843646e+01,,,,5
2018-04-26 13:56:36.000000,2.609023e+07,1.818766e+07,1.239949e+02,1.410258e+06,8.843646e+01,,,,5
2018-04-26 13:56:37.000000,2.609023e+07,1.818742e+07,1.239949e+02,1.410258e+06,8.843645e+01,,,,5
2018-04-26 13:56:38.000000,2.609022e+07,1.818865e+07,1.239955e+02,1.410258e+06,8.843645e+01,,,,5
2018-04-26 13:56:39.000000,2.609025e+07,1.818779e+07,1.239951e+02,1.410258e+06,8.843645e+01,,,,5
2018-04-26 13:56:40.000000,2.609024e+07,1.818948e+07,1.239961e+02,1.410258e+06,8.843645e+01,,,,5
2018-04-26 13:56:41.000000,2.609023e+07,1.818709e+07,1.239947e+02,1.410258e+06,8.843645e+01,,,,5
2018-04-26 13:56:42.000000,2.609022e+07,1.818849e+07,1.239953e+02,1.410258e+06,8.843645e+01,,,,5
2018-04-26 13:56:43.000000,2.609022e+07,1.818687e+07,1.239945e+02,1.410258e+06,8.843645e+01,,,,5
2018-04-26 13:56:44.000000,2.609025e+07,1.818817e+07,1.239951e+02,1.410258e+06,8.843645e+01,,,,5
2018-04-26 13:56:45.000000,2.609024e+07,1.818694e+07,1.239945e+02,1.410258e+06,8.843645e+01,,,,5
2018-04-26 13:56:46.000000,2.609025e+07,1.818656e+07,1.239943e+02,1.410258e+06,8.843645e+01,,,,5
2018-04-26 13:56:47.000000,2.609022e+07,1.818767e+07,1.239950e+02,1.410258e+06,8.843645e+01,,,,5
2018-04-26 13:56:48.000000,2.609023e+07,1.818748e+07,1.239949e+02,1.410258e+06,8.843645e+01,,,,5
2018-04-26 13:56:49.000000,2.609023e+07,1.818872e+07,1.239956e+02,1.410258e+06,8.843645e+01,,,,5
2018-04-26 13:56:50.000000,2.609024e+07,1.818780e+07,1.239951e+02,1.410258e+06,8.843645e+01,,,,5
2018-04-26 13:56:51.000000,2.609025e+07,1.818895e+07,1.239958e+02,1.410258e+06,8.843645e+01,,,,5
2018-04-26 13:56:52.000000,2.609024e+07,1.818775e+07,1.239951e+02,1.410258e+06,8.843645e+01,,,,5
2018-04-26 13:56:53.000000,2.609023e+07,1.818806e+07,1.239951e+02,1.410258e+06,8.843645e+01,,,,5
2018-04-26 13:56:54.000000,2.609023e+07,1.818688e+07,1.239945e+02,1.410258e+06,8.843645e+01,,,,5
2018-04-26 13:56:55.000000,2.609024e+07,1.818764e+07,1.239949e+02,1.410258e+06,8.843644e+01,,,,5
2018-04-26 13:56:56.000000,2.609024e+07,1.818660e+07,1.239943e+02,1.410258e+06,8.843644e+01,,,,5
2018-04-26 13:56:57.000000,2.609024e+07,1.818812e+07,1.239951e+02,1.410258e+06,8.843644e+01,,,,5
2018-04-26 13:56:58.000000,2.609023e+07,1.818751e+07,1.239949e+02,1.410258e+06,8.843644e+01,,,,5
2018-04-26 13:56:59.000000,2.609023e+07,1.818748e+07,1.239949e+02,1.410258e+06,8.843644e+01,,,,5
2018-04-26 13:57:00.000000,2.609023e+07,1.818776e+07,1.239950e+02,1.410258e+06,8.843644e+01,,,,5
2018-04-26 13:57:01.000000,2.609024e+07,1.818779e+07,1.239952e+02,1.410258e+06,8.843644e+01,,,,5
2018-04-26 13:57:02.000000,2.609024e+07,1.818806e+07,1.239953e+02,1.410258e+06,8.843644e+01,,,,5
2018-04-26 13:57:03.000000,2.609025e+07,1.818772e+07,1.239951e+02,1.410258e+06,8.843644e+01,,,,5
2018-04-26 13:57:04.000000,2.609022e+07,1.818807e+07,1.239951e+02,1.410258e+06,8.843644e+01,,,,5
2018-04-26 13:57:05.000000,2.609023e+07,1.818685e+07,1.239945e+02,1.410258e+06,8.843644e+01,,,,5
2018-04-26 13:57:06.000000,2.609022e+07,1.818863e+07,1.239954e+02,1.410258e+06,8.843644e+01,,,,5
2018-04-26 13:57:07.000000,2.609024e+07,1.818663e+07,1.239943e+02,1.410258e+06,8.843644e+01,,,,5
2018-04-26 13:57:08.000000,2.609025e+07,1.818824e+07,1.239952e+02,1.410258e+06,8.843644e+01,,,,5
2018-04-26 13:57:09.000000,2.609022e+07,1.818752e+07,1.239949e+02,1.410258e+06,8.843644e+01,,,,5
2018-04-26 13:57:10.000000,2.609023e+07,1.818908e+07,1.239957e+02,1.410258e+06,8.843644e+01,,,,5
2018-04-26 13:57:11.000000,2.609022e+07,1.818782e+07,1.239951e+02,1.410258e+06,8.843644e+01,,,,5
2018-04-26 13:57:12.000000,2.609024e+07,1.818937e+07,1.239960e+02,1.410258e+06,8.843644e+01,,,,5
2018-04-26 13:57:13.000000,2.609025e+07,1.818819e+07,1.239954e+02,1.410258e+06,8.843644e+01,,,,5
2018-04-26 13:57:14.000000,2.609024e+07,1.818773e+07,1.239951e+02,1.410258e+06,8.843643e+01,,,,5
2018-04-26 13:57:15.000000,2.609023e+07,1.818722e+07,1.239946e+02,1.410258e+06,8.843643e+01,,,,5
2018-04-26 13:57:16.000000,2.609022e+07,1.818683e+07,1.239945e+02,1.410258e+06,8.843643e+01,,,,5
2018-04-26 13:57:17.000000,2.609023e+07,1.818808e+07,1.239951e+02,1.410258e+06,8.843643e+01,,,,5
2018-04-26 13:57:18.000000,2.609024e+07,1.818662e+07,1.239943e+02,1.410258e+06,8.843643e+01,,,,5
2018-04-26 13:57:19.000000,2.609024e+07,1.818768e+07,1.239949e+02,1.410258e+06,8.843643e+01,,,,5
2018-04-26 13:57:20.000000,2.609024e+07,1.818651e+07,1.239942e+02,1.410258e+06,8.843643e+01,,,,5
2018-04-26 13:57:21.000000,2.609022e+07,1.818849e+07,1.239954e+02,1.410258e+06,8.843643e+01,,,,5
2018-04-26 13:57:22.000000,2.609023e+07,1.818748e+07,1.239949e+02,1.410258e+06,8.843643e+01,,,,5
2018-04-26 13:57:23.000000,2.609024e+07,1.818934e+07,1.239960e+02,1.410258e+06,8.843643e+01,,,,5
2018-04-26 13:57:24.000000,2.609025e+07,1.818787e+07,1.239952e+02,1.410258e+06,8.843643e+01,,,,5
2018-04-26 13:57:25.000000,2.609024e+07,1.818779e+07,1.239952e+02,1.410258e+06,8.843643e+01,,,,5
2018-04-26 13:57:26.000000,2.609022e+07,1.818689e+07,1.239945e+02,1.410258e+06,8.843643e+01,,,,5
2018-04-26 13:57:27.000000,2.609023e+07,1.818688e+07,1.239945e+02,1.410258e+06,8.843643e+01,,,,5
2018-04-26 13:57:28.000000,2.609022e+07,1.818807e+07,1.239951e+02,1.410258e+06,8.843643e+01,,,,5
2018-04-26 13:57:29.000000,2.609025e+07,1.818668e+07,1.239944e+02,1.410258e+06,8.843643e+01,,,,5
2018-04-26 13:57:30.000000,2.609024e+07,1.818773e+07,1.239949e+02,1.410258e+06,8.843643e+01,,,,5
2018-04-26 13:57:31.000000,2.609024e+07,1.818648e+07,1.239942e+02,1.410258e+06,8.843643e+01,,,,5
2018-04-26 13:57:32.000000,2.609023e+07,1.818854e+07,1.239955e+02,1.410258e+06,8.843642e+01,,,,5
2018-04-26 13:57:33.000000,2.609022e+07,1.818748e+07,1.239949e+02,1.410258e+06,8.843642e+01,,,,5
2018-04-26 13:57:34.000000,2.609023e+07,1.818921e+07,1.239958e+02,1.410258e+06,8.843642e+01,,,,5
2018-04-26 13:57:35.000000,2.609024e+07,1.818786e+07,1.239952e+02,1.410258e+06,8.843642e+01,,,,5
2018-04-26 13:57:36.000000,2.609024e+07,1.818947e+07,1.239961e+02,1.410258e+06,8.843642e+01,,,,5
2018-04-26 13:57:37.000000,2.609023e+07,1.818711e+07,1.239947e+02,1.410258e+06,8.843642e+01,,,,5
2018-04-26 13:57:38.000000,2.609023e+07,1.818836e+07,1.239952e+02,1.410258e+06,8.843642e+01,,,,5
2018-04-26 13:57:39.000000,2.609023e+07,1.818721e+07,1.239946e+02,1.410258e+06,8.843642e+01,,,,5
2018-04-26 13:57:40.000000,2.609024e+07,1.818808e+07,1.239951e+02,1.410258e+06,8.843642e+01,,,,5
2018-04-26 13:57:41.000000,2.609025e+07,1.818693e+07,1.239944e+02,1.410258e+06,8.843642e+01,,,,5
2018-04-26 13:57:42.000000,2.609024e+07,1.818650e+07,1.239942e+02,1.410258e+06,8.843642e+01,,,,5
2018-04-26 13:57:43.000000,2.609023e+07,1.818766e+07,1.239949e+02,1.410258e+06,8.843642e+01,,,,5
2018-04-26 13:57:44.000000,2.609023e+07,1.818742e+07,1.239949e+02,1.410258e+06,8.843642e+01,,,,5
2018-04-26 13:57:45.000000,2.609022e+07,1.818864e+07,1.239955e+02,1.410258e+06,8.843642e+01,,,,5
2018-04-26 13:57:46.000000,2.609025e+07,1.818779e+07,1.239951e+02,1.410258e+06,8.843642e+01,,,,5
2018-04-26 13:57:47.000000,2.609024e+07,1.818948e+07,1.239961e+02,1.410258e+06,8.843642e+01,,,,5
2018-04-26 13:57:48.000000,2.609023e+07,1.818709e+07,1.239946e+02,1.410258e+06,8.843642e+01,,,,5
2018-04-26 13:57:49.000000,2.609022e+07,1.818848e+07,1.239953e+02,1.410258e+06,8.843642e+01,,,,5
2018-04-26 13:57:50.000000,2.609022e+07,1.818686e+07,1.239944e+02,1.410258e+06,8.843641e+01,,,,5
2018-04-26 13:57:51.000000,2.609025e+07,1.818817e+07,1.239951e+02,1.410258e+06,8.843641e+01,,,,5
2018-04-26 13:57:52.000000,2.609024e+07,1.818696e+07,1.239945e+02,1.410258e+06,8.843641e+01,,,,5
2018-04-26 13:57:53.000000,2.609025e+07,1.818655e+07,1.239943e+02,1.410258e+06,8.843641e+01,,,,5
2018-04-26 13:57:54.000000,2.609022e+07,1.818767e+07,1.239949e+02,1.410258e+06,8.843641e+01,,,,5
2018-04-26 13:57:55.000000,2.609022e+07,1.818748e+07,1.239949e+02,1.410258e+06,8.843641e+01,,,,5
2018-04-26 13:57:56.000000,2.609023e+07,1.818870e+07,1.239956e+02,1.410258e+06,8.843641e+01,,,,5
2018-04-26 13:57:57.000000,2.609024e+07,1.818780e+07,1.239951e+02,1.410258e+06,8.843641e+01,,,,5
2018-04-26 13:57:58.000000,2.609025e+07,1.818895e+07,1.239958e+02,1.410258e+06,8.843641e+01,,,,5
2018-04-26 13:57:59.000000,2.609024e+07,1.818776e+07,1.239951e+02,1.410258e+06,8.843641e+01,,,,5
2018-04-26 13:58:00.000000,2.609023e+07,1.818806e+07,1.239951e+02,1.410258e+06,8.843641e+01,,,,5
2018-04-26 13:58:01.000000,2.609023e+07,1.818688e+07,1.239945e+02,1.410258e+06,8.843641e+01,,,,5
2018-04-26 13:58:02.000000,2.609024e+07,1.818763e+07,1.239949e+02,1.410258e+06,8.843641e+01,,,,5
2018-04-26 13:58:03.000000,2.609024e+07,1.818660e+07,1.239943e+02,1.410258e+06,8.843641e+01,,,,5
2018-04-26 13:58:04.000000,2.609024e+07,1.818812e+07,1.239951e+02,1.410258e+06,8.843641e+01,,,,5
2018-04-26 13:58:05.000000,2.609023e+07,1.818751e+07,1.239949e+02,1.410258e+06,8.843641e+01,,,,5
2018-04-26 13:58:06.000000,2.609023e+07,1.818748e+07,1.239949e+02,1.410258e+06,8.843641e+01,,,,5
2018-04-26 13:58:07.000000,2.609023e+07,1.818776e+07,1.239950e+02,1.410258e+06,8.843641e+01,,,,5
2018-04-26 13:58:08.000000,2.609024e+07,1.818779e+07,1.239952e+02,1.410258e+06,8.843640e+01,,,,5
2018-04-26 13:58:09.000000,2.609024e+07,1.818805e+07,1.239953e+02,1.410258e+06,8.843640e+01,,,,5
2018-04-26 13:58:10.000000,2.609025e+07,1.818772e+07,1.239951e+02,1.410258e+06,8.843640e+01,,,,5
2018-04-26 13:58:11.000000,2.609022e+07,1.818807e+07,1.239951e+02,1.410258e+06,8.843640e+01,,,,5
2018-04-26 13:58:12.000000,2.609023e+07,1.818685e+07,1.239944e+02,1.410258e+06,8.843640e+01,,,,5
2018-04-26 13:58:13.000000,2.609022e+07,1.818860e+07,1.239954e+02,1.410258e+06,8.843640e+01,,,,5
2018-04-26 13:58:14.000000,2.609024e+07,1.818663e+07,1.239943e+02,1.410258e+06,8.843640e+01,,,,5
2018-04-26 13:58:15.000000,2.609025e+07,1.818824e+07,1.239952e+02,1.410258e+06,8.843640e+01,,,,5
2018-04-26 13:58:16.000000,2.609022e+07,1.818753e+07,1.239949e+02,1.410258e+06,8.843640e+01,,,,5
2018-04-26 13:58:17.000000,2.609023e+07,1.818908e+07,1.239957e+02,1.410258e+06,8.843640e+01,,,,5
2018-04-26 13:58:18.000000,2.609022e+07,1.818782e+07,1.239950e+02,1.410258e+06,8.843640e+01,,,,5
2018-04-26 13:58:19.000000,2.609024e+07,1.818935e+07,1.239960e+02,1.410258e+06,8.843640e+01,,,,5
2018-04-26 13:58:20.000000,2.609025e+07,1.818819e+07,1.239954e+02,1.410258e+06,8.843640e+01,,,,5
2018-04-26 13:58:21.000000,2.609024e+07,1.818773e+07,1.239951e+02,1.410258e+06,8.843640e+01,,,,5
2018-04-26 13:58:22.000000,2.609023e+07,1.818721e+07,1.239946e+02,1.410258e+06,8.843640e+01,,,,5
2018-04-26 13:58:23.000000,2.609022e+07,1.818682e+07,1.239945e+02,1.410258e+06,8.843640e+01,,,,5
2018-04-26 13:58:24.000000,2.609023e+07,1.818808e+07,1.239951e+02,1.410258e+06,8.843640e+01,,,,5
2018-04-26 13:58:25.000000,2.609024e+07,1.818662e+07,1.239943e+02,1.410258e+06,8.843640e+01,,,,5
2018-04-26 13:58:26.000000,2.609024e+07,1.818767e+07,1.239949e+02,1.410258e+06,8.843640e+01,,,,5
2018-04-26 13:58:27.000000,2.609024e+07,1.818651e+07,1.239942e+02,1.410258e+06,8.843639e+01,,,,5
2018-04-26 13:58:28.000000,2.609022e+07,1.818849e+07,1.239954e+02,1.410258e+06,8.843639e+01,,,,5
2018-04-26 13:58:29.000000,2.609023e+07,1.818748e+07,1.239949e+02,1.410258e+06,8.843639e+01,,,,5
2018-04-26 13:58:30.000000,2.609024e+07,1.818934e+07,1.239960e+02,1.410258e+06,8.843639e+01,,,,5
2018-04-26 13:58:31.000000,2.609025e+07,1.818787e+07,1.239952e+02,1.410258e+06,8.843639e+01,,,,5
2018-04-26 13:58:32.000000,2.609024e+07,1.818779e+07,1.239952e+02,1.410258e+06,8.843639e+01,,,,5
2018-04-26 13:58:33.000000,2.609022e+07,1.818690e+07,1.239945e+02,1.410258e+06,8.843639e+01,,,,5
2018-04-26 13:58:34.000000,2.609023e+07,1.818687e+07,1.239945e+02,1.410258e+06,8.843639e+01,,,,5
2018-04-26 13:58:35.000000,2.609022e+07,1.818807e+07,1.239951e+02,1.410258e+06,8.843639e+01,,,,5
2018-04-26 13:58:36.000000,2.609025e+07,1.818668e+07,1.239944e+02,1.410258e+06,8.843639e+01,,,,5
2018-04-26 13:58:37.000000,2.609024e+07,1.818773e+07,1.239949e+02,1.410258e+06,8.843639e+01,,,,5
2018-04-26 13:58:38.000000,2.609024e+07,1.818648e+07,1.239942e+02,1.410258e+06,8.843639e+01,,,,5
2018-04-26 13:58:39.000000,2.609023e+07,1.818854e+07,1.239955e+02,1.410258e+06,8.843639e+01,,,,5
2018-04-26 13:58:40.000000,2.609022e+07,1.818750e+07,1.239949e+02,1.410258e+06,8.843639e+01,,,,5
2018-04-26 13:58:41.000000,2.609023e+07,1.818921e+07,1.239958e+02,1.410258e+06,8.843639e+01,,,,5
2018-04-26 13:58:42.000000,2.609024e+07,1.818786e+07,1.239952e+02,1.410258e+06,8.843639e+01,,,,5
2018-04-26 13:58:43.000000,2.609024e+07,1.818946e+07,1.239961e+02,1.410258e+06,8.843639e+01,,,,5
2018-04-26 13:58:44.000000,2.609023e+07,1.818711e+07,1.239947e+02,1.410258e+06,8.843639e+01,,,,5
2018-04-26 13:58:45.000000,2.609022e+07,1.818836e+07,1.239952e+02,1.410258e+06,8.843638e+01,,,,5
2018-04-26 13:58:46.000000,2.609023e+07,1.818720e+07,1.239946e+02,1.410258e+06,8.843638e+01,,,,5
2018-04-26 13:58:47.000000,2.609024e+07,1.818808e+07,1.239951e+02,1.410258e+06,8.843638e+01,,,,5
2018-04-26 13:58:48.000000,2.609025e+07,1.818693e+07,1.239944e+02,1.410258e+06,8.843638e+01,,,,5
2018-04-26 13:58:49.000000,2.609024e+07,1.818650e+07,1.239942e+02,1.410258e+06,8.843638e+01,,,,5
2018-04-26 13:58:50.000000,2.609023e+07,1.818765e+07,1.239949e+02,1.410258e+06,8.843638e+01,,,,5
2018-04-26 13:58:51.000000,2.609022e+07,1.818742e+07,1.239949e+02,1.410258e+06,8.843638e+01,,,,5
2018-04-26 13:58:52.000000,2.609022e+07,1.818864e+07,1.239955e+02,1.410258e+06,8.843638e+01,,,,5
2018-04-26 13:58:53.000000,2.609025e+07,1.818780e+07,1.239951e+02,1.410258e+06,8.843638e+01,,,,5
2018-04-26 13:58:54.000000,2.609024e+07,1.818948e+07,1.239961e+02,1.410258e+06,8.843638e+01,,,,5
2018-04-26 13:58:55.000000,2.609025e+07,1.818774e+07,1.239951e+02,1.410258e+06,8.843638e+01,,,,5
2018-04-26 13:58:56.000000,2.609022e+07,1.818855e+07,1.239954e+02,1.410258e+06,8.843638e+01,,,,5
2018-04-26 13:58:57.000000,2.609022e+07,1.818688e+07,1.239944e+02,1.410258e+06,8.843638e+01,,,,5
2018-04-26 13:58:58.000000,2.609025e+07,1.818816e+07,1.239951e+02,1.410258e+06,8.843638e+01,,,,5
2018-04-26 13:58:59.000000,2.609024e+07,1.818696e+07,1.239945e+02,1.410258e+06,8.843638e+01,,,,5
2018-04-26 13:59:00.000000,2.609025e+07,1.818655e+07,1.239943e+02,1.410258e+06,8.843638e+01,,,,5
2018-04-26 13:59:01.000000,2.609022e+07,1.818766e+07,1.239949e+02,1.410258e+06,8.843638e+01,,,,5
2018-04-26 13:59:02.000000,2.609022e+07,1.818748e+07,1.239949e+02,1.410258e+06,8.843638e+01,,,,5
2018-04-26 13:59:03.000000,2.609023e+07,1.818870e+07,1.239956e+02,1.410258e+06,8.843638e+01,,,,5
2018-04-26 13:59:04.000000,2.609024e+07,1.818780e+07,1.239951e+02,1.410258e+06,8.843637e+01,,,,5
2018-04-26 13:59:05.000000,2.609025e+07,1.818895e+07,1.239958e+02,1.410258e+06,8.843637e+01,,,,5
2018-04-26 13:59:06.000000,2.609024e+07,1.818776e+07,1.239951e+02,1.410258e+06,8.843637e+01,,,,5
2018-04-26 13:59:07.000000,2.609023e+07,1.818806e+07,1.239951e+02,1.410258e+06,8.843637e+01,,,,5
2018-04-26 13:59:08.000000,2.609023e+07,1.818688e+07,1.239945e+02,1.410258e+06,8.843637e+01,,,,5
2018-04-26 13:59:09.000000,2.609022e+07,1.818848e+07,1.239953e+02,1.410258e+06,8.843637e+01,,,,5
2018-04-26 13:59:10.000000,2.609024e+07,1.818666e+07,1.239943e+02,1.410258e+06,8.843637e+01,,,,5
2018-04-26 13:59:11.000000,2.609024e+07,1.818812e+07,1.239951e+02,1.410258e+06,8.843637e+01,,,,5
2018-04-26 13:59:12.000000,2.609023e+07,1.818751e+07,1.239949e+02,1.410258e+06,8.843637e+01,,,,5
2018-04-26 13:59:13.000000,2.609022e+07,1.818748e+07,1.239949e+02,1.410258e+06,8.843637e+01,,,,5
2018-04-26 13:59:14.000000,2.609023e+07,1.818776e+07,1.239950e+02,1.410258e+06,8.843637e+01,,,,5
2018-04-26 13:59:15.000000,2.609024e+07,1.818779e+07,1.239952e+02,1.410258e+06,8.843637e+01,,,,5
2018-04-26 13:59:16.000000,2.609024e+07,1.818805e+07,1.239953e+02,1.410258e+06,8.843637e+01,,,,5
2018-04-26 13:59:17.000000,2.609025e+07,1.818773e+07,1.239951e+02,1.410258e+06,8.843637e+01,,,,5
2018-04-26 13:59:18.000000,2.609022e+07,1.818807e+07,1.239951e+02,1.410258e+06,8.843637e+01,,,,5
2018-04-26 13:59:19.000000,2.609023e+07,1.818685e+07,1.239944e+02,1.410258e+06,8.843637e+01,,,,5
2018-04-26 13:59:20.000000,2.609022e+07,1.818860e+07,1.239954e+02,1.410258e+06,8.843637e+01,,,,5
2018-04-26 13:59:21.000000,2.609024e+07,1.818663e+07,1.239943e+02,1.410258e+06,8.843637e+01,,,,5
2018-04-26 13:59:22.000000,2.609025e+07,1.818824e+07,1.239952e+02,1.410258e+06,8.843637e+01,,,,5
2018-04-26 13:59:23.000000,2.609022e+07,1.818753e+07,1.239949e+02,1.410258e+06,8.843636e+01,,,,5
2018-04-26 13:59:24.000000,2.609023e+07,1.818906e+07,1.239957e+02,1.410258e+06,8.843636e+01,,,,5
2018-04-26 13:59:25.000000,2.609022e+07,1.818783e+07,1.239950e+02,1.410258e+06,8.843636e+01,,,,5
2018-04-26 13:59:26.000000,2.609024e+07,1.818935e+07,1.239960e+02,1.410258e+06,8.843636e+01,,,,5
2018-04-26 13:59:27.000000,2.609025e+07,1.818820e+07,1.239954e+02,1.410258e+06,8.843636e+01,,,,5
2018-04-26 13:59:28.000000,2.609024e+07,1.818773e+07,1.239951e+02,1.410258e+06,8.843636e+01,,,,5
2018-04-26 13:59:29.000000,2.609023e+07,1.818721e+07,1.239946e+02,1.410258e+06,8.843636e+01,,,,5
2018-04-26 13:59:30.000000,2.609022e+07,1.818682e+07,1.239945e+02,1.410258e+06,8.843636e+01,,,,5
2018-04-26 13:59:31.000000,2.609023e+07,1.818806e+07,1.239951e+02,1.410258e+06,8.843636e+01,,,,5
2018-04-26 13:59:32.000000,2.609024e+07,1.818662e+07,1.239943e+02,1.410258e+06,8.843636e+01,,,,5
2018-04-26 13:59:33.000000,2.609024e+07,1.818767e+07,1.239949e+02,1.410258e+06,8.843636e+01,,,,5
2018-04-26 13:59:34.000000,2.609024e+07,1.818652e+07,1.239942e+02,1.410258e+06,8.843636e+01,,,,5
2018-04-26 13:59:35.000000,2.609022e+07,1.818849e+07,1.239954e+02,1.410258e+06,8.843636e+01,,,,5
2018-04-26 13:59:36.000000,2.609023e+07,1.818748e+07,1.239949e+02,1.410258e+06,8.843636e+01,,,,5
2018-04-26 13:59:37.000000,2.609024e+07,1.818932e+07,1.239960e+02,1.410258e+06,8.843636e+01,,,,5
2018-04-26 13:59:38.000000,2.609024e+07,1.818787e+07,1.239952e+02,1.410258e+06,8.843636e+01,,,,5
2018-04-26 13:59:39.000000,2.609024e+07,1.818779e+07,1.239952e+02,1.410258e+06,8.843636e+01,,,,5
2018-04-26 13:59:40.000000,2.609022e+07,1.818690e+07,1.239945e+02,1.410258e+06,8.843636e+01,,,,5
2018-04-26 13:59:41.000000,2.609023e+07,1.818687e+07,1.239945e+02,1.410258e+06,8.843635e+01,,,,5
2018-04-26 13:59:42.000000,2.609022e+07,1.818807e+07,1.239951e+02,1.410258e+06,8.843635e+01,,,,5
2018-04-26 13:59:43.000000,2.609025e+07,1.818668e+07,1.239944e+02,1.410258e+06,8.843635e+01,,,,5
2018-04-26 13:59:44.000000,2.609024e+07,1.818772e+07,1.239949e+02,1.410258e+06,8.843635e+01,,,,5
2018-04-26 13:59:45.000000,2.609024e+07,1.818648e+07,1.239942e+02,1.410258e+06,8.843635e+01,,,,5
2018-04-26 13:59:46.000000,2.609023e+07,1.818766e+07,1.239949e+02,1.410258e+06,8.843635e+01,,,,5
2018-04-26 13:59:47.000000,2.609022e+07,1.818742e+07,1.239949e+02,1.410258e+06,8.843635e+01,,,,5
2018-04-26 13:59:48.000000,2.609023e+07,1.818864e+07,1.239955e+02,1.410258e+06,8.843635e+01,,,,5
2018-04-26 13:59:49.000000,2.609025e+07,1.818779e+07,1.239951e+02,1.410258e+06,8.843635e+01,,,,5
2018-04-26 13:59:50.000000,2.609024e+07,1.818948e+07,1.239961e+02,1.410258e+06,8.843635e+01,,,,5
2018-04-26 13:59:51.000000,2.609023e+07,1.818709e+07,1.239946e+02,1.410258e+06,8.843635e+01,,,,5
2018-04-26 13:59:52.000000,2.609022e+07,1.818849e+07,1.239953e+02,1.410258e+06,8.843635e+01,,,,5
2018-04-26 13:59:53.000000,2.609022e+07,1.818687e+07,1.239944e+02,1.410258e+06,8.843635e+01,,,,5
2018-04-26 13:59:54.000000,2.609025e+07,1.818817e+07,1.239951e+02,1.410258e+06,8.843635e+01,,,,5
2018-04-26 13:59:55.000000,2.609024e+07,1.818694e+07,1.239945e+02,1.410258e+06,8.843635e+01,,,,5
2018-04-26 13:59:56.000000,2.609025e+07,1.818656e+07,1.239943e+02,1.410258e+06,8.843635e+01,,,,5
2018-04-26 13:59:57.000000,2.609022e+07,1.818767e+07,1.239949e+02,1.410258e+06,8.843635e+01,,,,5
2018-04-26 13:59:58.000000,2.609023e+07,1.818748e+07,1.239949e+02,1.410258e+06,8.843635e+01,,,,5
2018-04-26 13:59:59.000000,2.609023e+07,1.818872e+07,1.239956e+02,1.410258e+06,8.843635e+01,,,,5
2018-04-26 14:00:00.000000,2.609024e+07,1.818780e+07,1.239951e+02,1.410258e+06,8.843634e+01,,,,5
2018-04-26 14:00:01.000000,2.609025e+07,1.818895e+07,1.239958e+02,1.410258e+06,8.843634e+01,,,,5
2018-04-26 14:00:02.000000,2.609024e+07,1.818775e+07,1.239951e+02,1.410258e+06,8.843634e+01,,,,5
2018-04-26 14:00:03.000000,2.609023e+07,1.818806e+07,1.239951e+02,1.410258e+06,8.843634e+01,,,,5
2018-04-26 14:00:04.000000,2.609023e+07,1.818688e+07,1.239945e+02,1.410258e+06,8.843634e+01,,,,5
2018-04-26 14:00:05.000000,2.609024e+07,1.818763e+07,1.239949e+02,1.410258e+06,8.843634e+01,,,,5
2018-04-26 14:00:06.000000,2.609025e+07,1.818660e+07,1.239943e+02,1.410258e+06,8.843634e+01,,,,5
2018-04-26 14:00:07.000000,2.609024e+07,1.818812e+07,1.239951e+02,1.410258e+06,8.843634e+01,,,,5
2018-04-26 14:00:08.000000,2.609023e+07,1.818751e+07,1.239949e+02,1.410258e+06,8.843634e+01,,,,5
2018-04-26 14:00:09.000000,2.609023e+07,1.818748e+07,1.239949e+02,1.410258e+06,8.843634e+01,,,,5
2018-04-26 14:00:10.000000,2.609023e+07,1.818776e+07,1.239950e+02,1.410258e+06,8.843634e+01,,,,5
2018-04-26 14:00:11.000000,2.609024e+07,1.818779e+07,1.239952e+02,1.410258e+06,8.843634e+01,,,,5
2018-04-26 14:00:12.000000,2.609024e+07,1.818806e+07,1.239953e+02,1.410258e+06,8.843634e+01,,,,5
2018-04-26 14:00:13.000000,2.609025e+07,1.818772e+07,1.239951e+02,1.410258e+06,8.843634e+01,,,,5
2018-04-26 14:00:14.000000,2.609022e+07,1.818807e+07,1.239951e+02,1.410258e+06,8.843634e+01,,,,5
2018-04-26 14:00:15.000000,2.609023e+07,1.818685e+07,1.239944e+02,1.410258e+06,8.843634e+01,,,,5
2018-04-26 14:00:16.000000,2.609022e+07,1.818863e+07,1.239954e+02,1.410258e+06,8.843634e+01,,,,5
2018-04-26 14:00:17.000000,2.609024e+07,1.818663e+07,1.239943e+02,1.410258e+06,8.843634e+01,,,,5
2018-04-26 14:00:18.000000,2.609025e+07,1.818824e+07,1.239952e+02,1.410258e+06,8.843634e+01,,,,5
2018-04-26 14:00:19.000000,2.609022e+07,1.818752e+07,1.239949e+02,1.410258e+06,8.843633e+01,,,,5
2018-04-26 14:00:20.000000,2.609023e+07,1.818908e+07,1.239957e+02,1.410258e+06,8.843633e+01,,,,5
2018-04-26 14:00:21.000000,2.609022e+07,1.818782e+07,1.239950e+02,1.410258e+06,8.843633e+01,,,,5
2018-04-26 14:00:22.000000,2.609024e+07,1.818935e+07,1.239960e+02,1.410258e+06,8.843633e+01,,,,5
2018-04-26 14:00:23.000000,2.609025e+07,1.818819e+07,1.239954e+02,1.410258e+06,8.843633e+01,,,,5
2018-04-26 14:00:24.000000,2.609024e+07,1.818773e+07,1.239951e+02,1.410258e+06,8.843633e+01,,,,5
2018-04-26 14:00:25.000000,2.609023e+07,1.818722e+07,1.239946e+02,1.410258e+06,8.843633e+01,,,,5
2018-04-26 14:00:26.000000,2.609022e+07,1.818683e+07,1.239945e+02,1.410258e+06,8.843633e+01,,,,5
2018-04-26 14:00:27.000000,2.609023e+07,1.818808e+07,1.239951e+02,1.410258e+06,8.843633e+01,,,,5
2018-04-26 14:00:28.000000,2.609025e+07,1.818662e+07,1.239943e+02,1.410258e+06,8.843633e+01,,,,5
2018-04-26 14:00:29.000000,2.609024e+07,1.818768e+07,1.239948e+02,1.410258e+06,8.843633e+01,,,,5
2018-04-26 14:00:30.000000,2.609024e+07,1.818651e+07,1.239942e+02,1.410258e+06,8.843633e+01,,,,5
2018-04-26 14:00:31.000000,2.609022e+07,1.818849e+07,1.239954e+02,1.410258e+06,8.843633e+01,,,,5
2018-04-26 14:00:32.000000,2.609023e+07,1.818748e+07,1.239949e+02,1.410258e+06,8.843633e+01,,,,5
2018-04-26 14:00:33.000000,2.609024e+07,1.818934e+07,1.239960e+02,1.410258e+06,8.843633e+01,,,,5
2018-04-26 14:00:34.000000,2.609025e+07,1.818787e+07,1.239952e+02,1.410258e+06,8.843633e+01,,,,5
2018-04-26 14:00:35.000000,2.609024e+07,1.818779e+07,1.239952e+02,1.410258e+06,8.843633e+01,,,,5
2018-04-26 14:00:36.000000,2.609022e+07,1.818690e+07,1.239945e+02,1.410258e+06,8.843633e+01,,,,5
2018-04-26 14:00:37.000000,2.609023e+07,1.818688e+07,1.239945e+02,1.410258e+06,8.843633e+01,,,,5
2018-04-26 14:00:38.000000,2.609022e+07,1.818807e+07,1.239951e+02,1.410258e+06,8.843632e+01,,,,5
2018-04-26 14:00:39.000000,2.609025e+07,1.818669e+07,1.239944e+02,1.410258e+06,8.843632e+01,,,,5
2018-04-26 14:00:40.000000,2.609024e+07,1.818773e+07,1.239949e+02,1.410258e+06,8.843632e+01,,,,5
2018-04-26 14:00:41.000000,2.609024e+07,1.818648e+07,1.239942e+02,1.410258e+06,8.843632e+01,,,,5
2018-04-26 14:00:42.000000,2.609023e+07,1.818854e+07,1.239955e+02,1.410258e+06,8.843632e+01,,,,5
2018-04-26 14:00:43.000000,2.609022e+07,1.818748e+07,1.239949e+02,1.410258e+06,8.843632e+01,,,,5
2018-04-26 14:00:44.000000,2.609023e+07,1.818921e+07,1.239958e+02,1.410258e+06,8.843632e+01,,,,5
2018-04-26 14:00:45.000000,2.609024e+07,1.818786e+07,1.239952e+02,1.410258e+06,8.843632e+01,,,,5
2018-04-26 14:00:46.000000,2.609024e+07,1.818947e+07,1.239961e+02,1.410258e+06,8.843632e+01,,,,5
2018-04-26 14:00:47.000000,2.609023e+07,1.818711e+07,1.239947e+02,1.410258e+06,8.843632e+01,,,,5
2018-04-26 14:00:48.000000,2.609023e+07,1.818836e+07,1.239952e+02,1.410258e+06,8.843632e+01,,,,5
2018-04-26 14:00:49.000000,2.609023e+07,1.818721e+07,1.239946e+02,1.410258e+06,8.843632e+01,,,,5
2018-04-26 14:00:50.000000,2.609024e+07,1.818808e+07,1.239951e+02,1.410258e+06,8.843632e+01,,,,5
2018-04-26 14:00:51.000000,2.609025e+07,1.818693e+07,1.239944e+02,1.410258e+06,8.843632e+01,,,,5
2018-04-26 14:00:52.000000,2.609024e+07,1.818650e+07,1.239942e+02,1.410258e+06,8.843632e+01,,,,5
2018-04-26 14:00:53.000000,2.609023e+07,1.818766e+07,1.239949e+02,1.410258e+06,8.843632e+01,,,,5
2018-04-26 14:00:54.000000,2.609023e+07,1.818742e+07,1.239949e+02,1.410258e+06,8.843632e+01,,,,5
2018-04-26 14:00:55.000000,2.609022e+07,1.818864e+07,1.239955e+02,1.410258e+06,8.843632e+01,,,,5
2018-04-26 14:00:56.000000,2.609025e+07,1.818780e+07,1.239951e+02,1.410258e+06,8.843632e+01,,,,5
2018-04-26 14:00:57.000000,2.609024e+07,1.818948e+07,1.239961e+02,1.410258e+06,8.843631e+01,,,,5
2018-04-26 14:00:58.000000,2.609023e+07,1.818709e+07,1.239946e+02,1.410258e+06,8.843631e+01,,,,5
2018-04-26 14:00:59.000000,2.609022e+07,1.818848e+07,1.239953e+02,1.410258e+06,8.843631e+01,,,,5
2018-04-26 14:01:00.000000,2.609022e+07,1.818686e+07,1.239944e+02,1.410258e+06,8.843631e+01,,,,5
2018-04-26 14:01:01.000000,2.609025e+07,1.818817e+07,1.239951e+02,1.410258e+06,8.843631e+01,,,,5
2018-04-26 14:01:02.000000,2.609024e+07,1.818696e+07,1.239945e+02,1.410258e+06,8.843631e+01,,,,5
2018-04-26 14:01:03.000000,2.609025e+07,1.818656e+07,1.239942e+02,1.410258e+06,8.843631e+01,,,,5
2018-04-26 14:01:04.000000,2.609022e+07,1.818767e+07,1.239949e+02,1.410258e+06,8.843631e+01,,,,5
2018-04-26 14:01:05.000000,2.609023e+07,1.818748e+07,1.239949e+02,1.410258e+06,8.843631e+01,,,,5
2018-04-26 14:01:06.000000,2.609023e+07,1.818870e+07,1.239955e+02,1.410258e+06,8.843631e+01,,,,5
2018-04-26 14:01:07.000000,2.609024e+07,1.818780e+07,1.239951e+02,1.410258e+06,8.843631e+01,,,,5
2018-04-26 14:01:08.000000,2.609025e+07,1.818895e+07,1.239958e+02,1.410258e+06,8.843631e+01,,,,5
2018-04-26 14:01:09.000000,2.609024e+07,1.818776e+07,1.239951e+02,1.410258e+06,8.843631e+01,,,,5
2018-04-26 14:01:10.000000,2.609023e+07,1.818806e+07,1.239951e+02,1.410258e+06,8.843631e+01,,,,5
2018-04-26 14:01:11.000000,2.609023e+07,1.818688e+07,1.239945e+02,1.410258e+06,8.843631e+01,,,,5
2018-04-26 14:01:12.000000,2.609024e+07,1.818763e+07,1.239948e+02,1.410258e+06,8.843631e+01,,,,5
2018-04-26 14:01:13.000000,2.609024e+07,1.818661e+07,1.239943e+02,1.410258e+06,8.843631e+01,,,,5
2018-04-26 14:01:14.000000,2.609024e+07,1.818812e+07,1.239951e+02,1.410258e+06,8.843631e+01,,,,5
2018-04-26 14:01:15.000000,2.609023e+07,1.818751e+07,1.239949e+02,1.410258e+06,8.843631e+01,,,,5
2018-04-26 14:01:16.000000,2.609023e+07,1.818748e+07,1.239949e+02,1.410258e+06,8.843630e+01,,,,5
2018-04-26 14:01:17.000000,2.609023e+07,1.818776e+07,1.239950e+02,1.410258e+06,8.843630e+01,,,,5
2018-04-26 14:01:18.000000,2.609024e+07,1.818779e+07,1.239951e+02,1.410258e+06,8.843630e+01,,,,5
2018-04-26 14:01:19.000000,2.609024e+07,1.818805e+07,1.239953e+02,1.410258e+06,8.843630e+01,,,,5
2018-04-26 14:01:20.000000,2.609025e+07,1.818772e+07,1.239951e+02,1.410258e+06,8.843630e+01,,,,5
2018-04-26 14:01:21.000000,2.609022e+07,1.818807e+07,1.239951e+02,1.410258e+06,8.843630e+01,,,,5
2018-04-26 14:01:22.000000,2.609023e+07,1.818685e+07,1.239944e+02,1.410258e+06,8.843630e+01,,,,5
2018-04-26 14:01:23.000000,2.609022e+07,1.818861e+07,1.239954e+02,1.410258e+06,8.843630e+01,,,,5
2018-04-26 14:01:24.000000,2.609024e+07,1.818663e+07,1.239943e+02,1.410258e+06,8.843630e+01,,,,5
2018-04-26 14:01:25.000000,2.609025e+07,1.818824e+07,1.239952e+02,1.410258e+06,8.843630e+01,,,,5
2018-04-26 14:01:26.000000,2.609022e+07,1.818753e+07,1.239949e+02,1.410258e+06,8.843630e+01,,,,5
2018-04-26 14:01:27.000000,2.609023e+07,1.818908e+07,1.239957e+02,1.410258e+06,8.843630e+01,,,,5
2018-04-26 14:01:28.000000,2.609022e+07,1.818782e+07,1.239950e+02,1.410258e+06,8.843630e+01,,,,5
2018-04-26 14:01:29.000000,2.609024e+07,1.818935e+07,1.239960e+02,1.410258e+06,8.843630e+01,,,,5
2018-04-26 14:01:30.000000,2.609025e+07,1.818820e+07,1.239954e+02,1.410258e+06,8.843630e+01,,,,5
2018-04-26 14:01:31.000000,2.609024e+07,1.818773e+07,1.239951e+02,1.410258e+06,8.843630e+01,,,,5
2018-04-26 14:01:32.000000,2.609023e+07,1.818722e+07,1.239946e+02,1.410258e+06,8.843630e+01,,,,5
2018-04-26 14:01:33.000000,2.609022e+07,1.818683e+07,1.239945e+02,1.410258e+06,8.843630e+01,,,,5
2018-04-26 14:01:34.000000,2.609023e+07,1.818808e+07,1.239951e+02,1.410258e+06,8.843630e+01,,,,5
2018-04-26 14:01:35.000000,2.609024e+07,1.818662e+07,1.239943e+02,1.410258e+06,8.843629e+01,,,,5
2018-04-26 14:01:36.000000,2.609024e+07,1.818767e+07,1.239948e+02,1.410258e+06,8.843629e+01,,,,5
2018-04-26 14:01:37.000000,2.609024e+07,1.818651e+07,1.239942e+02,1.410258e+06,8.843629e+01,,,,5
2018-04-26 14:01:38.000000,2.609022e+07,1.818849e+07,1.239954e+02,1.410258e+06,8.843629e+01,,,,5
2018-04-26 14:01:39.000000,2.609023e+07,1.818748e+07,1.239949e+02,1.410258e+06,8.843629e+01,,,,5
2018-04-26 14:01:40.000000,2.609024e+07,1.818932e+07,1.239960e+02,1.410258e+06,8.843629e+01,,,,5
2018-04-26 14:01:41.000000,2.609025e+07,1.818787e+07,1.239952e+02,1.410258e+06,8.843629e+01,,,,5
2018-04-26 14:01:42.000000,2.609024e+07,1.818779e+07,1.239951e+02,1.410258e+06,8.843629e+01,,,,5
2018-04-26 14:01:43.000000,2.609022e+07,1.818690e+07,1.239945e+02,1.410258e+06,8.843629e+01,,,,5
2018-04-26 14:01:44.000000,2.609023e+07,1.818687e+07,1.239945e+02,1.410258e+06,8.843629e+01,,,,5
2018-04-26 14:01:45.000000,2.609022e+07,1.818807e+07,1.239951e+02,1.410258e+06,8.843629e+01,,,,5
2018-04-26 14:01:46.000000,2.609025e+07,1.818668e+07,1.239943e+02,1.410258e+06,8.843629e+01,,,,5
2018-04-26 14:01:47.000000,2.609024e+07,1.818772e+07,1.239949e+02,1.410258e+06,8.843629e+01,,,,5
2018-04-26 14:01:48.000000,2.609024e+07,1.818648e+07,1.239942e+02,1.410258e+06,8.843629e+01,,,,5
2018-04-26 14:01:49.000000,2.609023e+07,1.818854e+07,1.239954e+02,1.410258e+06,8.843629e+01,,,,5
2018-04-26 14:01:50.000000,2.609022e+07,1.818750e+07,1.239949e+02,1.410258e+06,8.843629e+01,,,,5
2018-04-26 14:01:51.000000,2.609023e+07,1.818921e+07,1.239958e+02,1.410258e+06,8.843629e+01,,,,5
2018-04-26 14:01:52.000000,2.609024e+07,1.818786e+07,1.239952e+02,1.410258e+06,8.843629e+01,,,,5
2018-04-26 14:01:53.000000,2.609024e+07,1.818946e+07,1.239961e+02,1.410258e+06,8.843629e+01,,,,5
2018-04-26 14:01:54.000000,2.609023e+07,1.818711e+07,1.239947e+02,1.410258e+06,8.843628e+01,,,,5
2018-04-26 14:01:55.000000,2.609023e+07,1.818836e+07,1.239952e+02,1.410258e+06,8.843628e+01,,,,5
2018-04-26 14:01:56.000000,2.609023e+07,1.818720e+07,1.239946e+02,1.410258e+06,8.843628e+01,,,,5
2018-04-26 14:01:57.000000,2.609024e+07,1.818807e+07,1.239950e+02,1.410258e+06,8.843628e+01,,,,5
2018-04-26 14:01:58.000000,2.609025e+07,1.818693e+07,1.239944e+02,1.410258e+06,8.843628e+01,,,,5
2018-04-26 14:01:59.000000,2.609024e+07,1.818650e+07,1.239942e+02,1.410258e+06,8.843628e+01,,,,5
2018-04-26 14:02:00.000000,2.609023e+07,1.818765e+07,1.239949e+02,1.410258e+06,8.843628e+01,,,,5
2018-04-26 14:02:01.000000,2.609022e+07,1.818742e+07,1.239948e+02,1.410258e+06,8.843628e+01,,,,5
2018-04-26 14:02:02.000000,2.609022e+07,1.818864e+07,1.239955e+02,1.410258e+06,8.843628e+01,,,,5
2018-04-26 14:02:03.000000,2.609025e+07,1.818780e+07,1.239951e+02,1.410258e+06,8.843628e+01,,,,5
2018-04-26 14:02:04.000000,2.609024e+07,1.818946e+07,1.239960e+02,1.410258e+06,8.843628e+01,,,,5
2018-04-26 14:02:05.000000,2.609025e+07,1.818774e+07,1.239951e+02,1.410258e+06,8.843628e+01,,,,5
2018-04-26 14:02:06.000000,2.609022e+07,1.818855e+07,1.239954e+02,1.410258e+06,8.843628e+01,,,,5
2018-04-26 14:02:07.000000,2.609022e+07,1.818688e+07,1.239944e+02,1.410258e+06,8.843628e+01,,,,5
2018-04-26 14:02:08.000000,2.609025e+07,1.818816e+07,1.239951e+02,1.410258e+06,8.843628e+01,,,,5
2018-04-26 14:02:09.000000,2.609024e+07,1.818696e+07,1.239945e+02,1.410258e+06,8.843628e+01,,,,5
2018-04-26 14:02:10.000000,2.609025e+07,1.818655e+07,1.239942e+02,1.410258e+06,8.843628e+01,,,,5
2018-04-26 14:02:11.000000,2.609022e+07,1.818766e+07,1.239949e+02,1.410258e+06,8.843628e+01,,,,5
2018-04-26 14:02:12.000000,2.609022e+07,1.818748e+07,1.239949e+02,1.410258e+06,8.843628e+01,,,,5
2018-04-26 14:02:13.000000,2.609023e+07,1.818870e+07,1.239955e+02,1.410258e+06,8.843628e+01,,,,5
2018-04-26 14:02:14.000000,2.609024e+07,1.818781e+07,1.239951e+02,1.410258e+06,8.843627e+01,,,,5
2018-04-26 14:02:15.000000,2.609025e+07,1.818895e+07,1.239958e+02,1.410258e+06,8.843627e+01,,,,5
2018-04-26 14:02:16.000000,2.609024e+07,1.818776e+07,1.239951e+02,1.410258e+06,8.843627e+01,,,,5
2018-04-26 14:02:17.000000,2.609023e+07,1.818806e+07,1.239951e+02,1.410258e+06,8.843627e+01,,,,5
2018-04-26 14:02:18.000000,2.609023e+07,1.818688e+07,1.239944e+02,1.410258e+06,8.843627e+01,,,,5
2018-04-26 14:02:19.000000,2.609022e+07,1.818848e+07,1.239953e+02,1.410258e+06,8.843627e+01,,,,5
2018-04-26 14:02:20.000000,2.609024e+07,1.818666e+07,1.239943e+02,1.410258e+06,8.843627e+01,,,,5
2018-04-26 14:02:21.000000,2.609024e+07,1.818810e+07,1.239951e+02,1.410258e+06,8.843627e+01,,,,5
2018-04-26 14:02:22.000000,2.609023e+07,1.818751e+07,1.239949e+02,1.410258e+06,8.843627e+01,,,,5
2018-04-26 14:02:23.000000,2.609023e+07,1.818748e+07,1.239949e+02,1.410258e+06,8.843627e+01,,,,5
2018-04-26 14:02:24.000000,2.609023e+07,1.818776e+07,1.239950e+02,1.410258e+06,8.843627e+01,,,,5
2018-04-26 14:02:25.000000,2.609024e+07,1.818779e+07,1.239951e+02,1.410258e+06,8.843627e+01,,,,5
2018-04-26 14:02:26.000000,2.609024e+07,1.818805e+07,1.239953e+02,1.410258e+06,8.843627e+01,,,,5
2018-04-26 14:02:27.000000,2.609025e+07,1.818773e+07,1.239951e+02,1.410258e+06,8.843627e+01,,,,5
2018-04-26 14:02:28.000000,2.609022e+07,1.818807e+07,1.239951e+02,1.410258e+06,8.843627e+01,,,,5
2018-04-26 14:02:29.000000,2.609023e+07,1.818685e+07,1.239944e+02,1.410258e+06,8.843627e+01,,,,5
2018-04-26 14:02:30.000000,2.609022e+07,1.818860e+07,1.239954e+02,1.410258e+06,8.843627e+01,,,,5
2018-04-26 14:02:31.000000,2.609024e+07,1.818665e+07,1.239943e+02,1.410258e+06,8.843627e+01,,,,5
2018-04-26 14:02:32.000000,2.609025e+07,1.818824e+07,1.239952e+02,1.410258e+06,8.843627e+01,,,,5
2018-04-26 14:02:33.000000,2.609022e+07,1.818753e+07,1.239949e+02,1.410258e+06,8.843626e+01,,,,5
2018-04-26 14:02:34.000000,2.609023e+07,1.818906e+07,1.239957e+02,1.410258e+06,8.843626e+01,,,,5
2018-04-26 14:02:35.000000,2.609022e+07,1.818783e+07,1.239950e+02,1.410258e+06,8.843626e+01,,,,5
2018-04-26 14:02:36.000000,2.609024e+07,1.818935e+07,1.239960e+02,1.410258e+06,8.843626e+01,,,,5
2018-04-26 14:02:37.000000,2.609025e+07,1.818820e+07,1.239954e+02,1.410258e+06,8.843626e+01,,,,5
2018-04-26 14:02:38.000000,2.609024e+07,1.818773e+07,1.239951e+02,1.410258e+06,8.843626e+01,,,,5
2018-04-26 14:02:39.000000,2.609023e+07,1.818721e+07,1.239946e+02,1.410258e+06,8.843626e+01,,,,5
2018-04-26 14:02:40.000000,2.609022e+07,1.818682e+07,1.239944e+02,1.410258e+06,8.843626e+01,,,,5
2018-04-26 14:02:41.000000,2.609023e+07,1.818806e+07,1.239951e+02,1.410258e+06,8.843626e+01,,,,5
2018-04-26 14:02:42.000000,2.609024e+07,1.818662e+07,1.239943e+02,1.410258e+06,8.843626e+01,,,,5
2018-04-26 14:02:43.000000,2.609024e+07,1.818767e+07,1.239948e+02,1.410258e+06,8.843626e+01,,,,5
2018-04-26 14:02:44.000000,2.609024e+07,1.818652e+07,1.239942e+02,1.410258e+06,8.843626e+01,,,,5
2018-04-26 14:02:45.000000,2.609022e+07,1.818849e+07,1.239954e+02,1.410258e+06,8.843626e+01,,,,5
2018-04-26 14:02:46.000000,2.609023e+07,1.818748e+07,1.239949e+02,1.410258e+06,8.843626e+01,,,,5
2018-04-26 14:02:47.000000,2.609024e+07,1.818932e+07,1.239960e+02,1.410258e+06,8.843626e+01,,,,5
2018-04-26 14:02:48.000000,2.609025e+07,1.818789e+07,1.239952e+02,1.410258e+06,8.843626e+01,,,,5
2018-04-26 14:02:49.000000,2.609024e+07,1.818779e+07,1.239951e+02,1.410258e+06,8.843626e+01,,,,5
2018-04-26 14:02:50.000000,2.609022e+07,1.818690e+07,1.239945e+02,1.410258e+06,8.843626e+01,,,,5
2018-04-26 14:02:51.000000,2.609023e+07,1.818687e+07,1.239945e+02,1.410258e+06,8.843626e+01,,,,5
2018-04-26 14:02:52.000000,2.609022e+07,1.818807e+07,1.239951e+02,1.410258e+06,8.843626e+01,,,,5
2018-04-26 14:02:53.000000,2.609025e+07,1.818668e+07,1.239943e+02,1.410258e+06,8.843625e+01,,,,5
2018-04-26 14:02:54.000000,2.609024e+07,1.818772e+07,1.239949e+02,1.410258e+06,8.843625e+01,,,,5
2018-04-26 14:02:55.000000,2.609024e+07,1.818650e+07,1.239942e+02,1.410258e+06,8.843625e+01,,,,5
2018-04-26 14:02:56.000000,2.609023e+07,1.818854e+07,1.239954e+02,1.410258e+06,8.843625e+01,,,,5
2018-04-26 14:02:57.000000,2.609022e+07,1.818750e+07,1.239948e+02,1.410258e+06,8.843625e+01,,,,5
2018-04-26 14:02:58.000000,2.609023e+07,1.818919e+07,1.239958e+02,1.410258e+06,8.843625e+01,,,,5
2018-04-26 14:02:59.000000,2.609024e+07,1.818786e+07,1.239952e+02,1.410258e+06,8.843625e+01,,,,5
2018-04-26 14:03:00.000000,2.609024e+07,1.818946e+07,1.239961e+02,1.410258e+06,8.843625e+01,,,,5
2018-04-26 14:03:01.000000,2.609023e+07,1.818713e+07,1.239946e+02,1.410258e+06,8.843625e+01,,,,5
2018-04-26 14:03:02.000000,2.609022e+07,1.818836e+07,1.239952e+02,1.410258e+06,8.843625e+01,,,,5
2018-04-26 14:03:03.000000,2.609023e+07,1.818720e+07,1.239946e+02,1.410258e+06,8.843625e+01,,,,5
2018-04-26 14:03:04.000000,2.609024e+07,1.818807e+07,1.239950e+02,1.410258e+06,8.843625e+01,,,,5
2018-04-26 14:03:05.000000,2.609025e+07,1.818695e+07,1.239945e+02,1.410258e+06,8.843625e+01,,,,5
2018-04-26 14:03:06.000000,2.609024e+07,1.818650e+07,1.239942e+02,1.410258e+06,8.843625e+01,,,,5
2018-04-26 14:03:07.000000,2.609023e+07,1.818765e+07,1.239949e+02,1.410258e+06,8.843625e+01,,,,5
2018-04-26 14:03:08.000000,2.609022e+07,1.818742e+07,1.239948e+02,1.410258e+06,8.843625e+01,,,,5
2018-04-26 14:03:09.000000,2.609022e+07,1.818864e+07,1.239955e+02,1.410258e+06,8.843625e+01,,,,5
2018-04-26 14:03:10.000000,2.609025e+07,1.818780e+07,1.239951e+02,1.410258e+06,8.843625e+01,,,,5
2018-04-26 14:03:11.000000,2.609024e+07,1.818946e+07,1.239960e+02,1.410258e+06,8.843625e+01,,,,5
2018-04-26 14:03:12.000000,2.609024e+07,1.818776e+07,1.239951e+02,1.410258e+06,8.843624e+01,,,,5
2018-04-26 14:03:13.000000,2.609022e+07,1.818855e+07,1.239954e+02,1.410258e+06,8.843624e+01,,,,5
2018-04-26 14:03:14.000000,2.609022e+07,1.818688e+07,1.239944e+02,1.410258e+06,8.843624e+01,,,,5
2018-04-26 14:03:15.000000,2.609025e+07,1.818815e+07,1.239951e+02,1.410258e+06,8.843624e+01,,,,5
2018-04-26 14:03:16.000000,2.609024e+07,1.818696e+07,1.239945e+02,1.410258e+06,8.843624e+01,,,,5
2018-04-26 14:03:17.000000,2.609025e+07,1.818655e+07,1.239942e+02,1.410258e+06,8.843624e+01,,,,5
2018-04-26 14:03:18.000000,2.609022e+07,1.818765e+07,1.239949e+02,1.410258e+06,8.843624e+01,,,,5
2018-04-26 14:03:19.000000,2.609022e+07,1.818748e+07,1.239949e+02,1.410258e+06,8.843624e+01,,,,5
2018-04-26 14:03:20.000000,2.609023e+07,1.818870e+07,1.239955e+02,1.410258e+06,8.843624e+01,,,,5
2018-04-26 14:03:21.000000,2.609024e+07,1.818781e+07,1.239951e+02,1.410258e+06,8.843624e+01,,,,5
2018-04-26 14:03:22.000000,2.609025e+07,1.818894e+07,1.239958e+02,1.410258e+06,8.843624e+01,,,,5
2018-04-26 14:03:23.000000,2.609024e+07,1.818776e+07,1.239951e+02,1.410258e+06,8.843624e+01,,,,5
2018-04-26 14:03:24.000000,2.609023e+07,1.818806e+07,1.239951e+02,1.410258e+06,8.843624e+01,,,,5
2018-04-26 14:03:25.000000,2.609023e+07,1.818690e+07,1.239944e+02,1.410258e+06,8.843624e+01,,,,5
2018-04-26 14:03:26.000000,2.609022e+07,1.818848e+07,1.239953e+02,1.410258e+06,8.843624e+01,,,,5
2018-04-26 14:03:27.000000,2.609024e+07,1.818666e+07,1.239943e+02,1.410258e+06,8.843624e+01,,,,5
2018-04-26 14:03:28.000000,2.609024e+07,1.818810e+07,1.239951e+02,1.410258e+06,8.843624e+01,,,,5
2018-04-26 14:03:29.000000,2.609023e+07,1.818751e+07,1.239948e+02,1.410258e+06,8.843624e+01,,,,5
2018-04-26 14:03:30.000000,2.609022e+07,1.818748e+07,1.239949e+02,1.410258e+06,8.843624e+01,,,,5
2018-04-26 14:03:31.000000,2.609023e+07,1.818776e+07,1.239950e+02,1.410258e+06,8.843624e+01,,,,5
2018-04-26 14:03:32.000000,2.609024e+07,1.818779e+07,1.239951e+02,1.410258e+06,8.843623e+01,,,,5
2018-04-26 14:03:33.000000,2.609024e+07,1.818805e+07,1.239953e+02,1.410258e+06,8.843623e+01,,,,5
2018-04-26 14:03:34.000000,2.609025e+07,1.818773e+07,1.239951e+02,1.410258e+06,8.843623e+01,,,,5
2018-04-26 14:03:35.000000,2.609022e+07,1.818806e+07,1.239951e+02,1.410258e+06,8.843623e+01,,,,5
2018-04-26 14:03:36.000000,2.609023e+07,1.818685e+07,1.239944e+02,1.410258e+06,8.843623e+01,,,,5
2018-04-26 14:03:37.000000,2.609022e+07,1.818860e+07,1.239954e+02,1.410258e+06,8.843623e+01,,,,5
2018-04-26 14:03:38.000000,2.609024e+07,1.818665e+07,1.239943e+02,1.410258e+06,8.843623e+01,,,,5
2018-04-26 14:03:39.000000,2.609025e+07,1.818822e+07,1.239951e+02,1.410258e+06,8.843623e+01,,,,5
2018-04-26 14:03:40.000000,2.609024e+07,1.818685e+07,1.239944e+02,1.410258e+06,8.843623e+01,,,,5
2018-04-26 14:03:41.000000,2.609023e+07,1.818904e+07,1.239957e+02,1.410258e+06,8.843623e+01,,,,5
2018-04-26 14:03:42.000000,2.609022e+07,1.818784e+07,1.239950e+02,1.410258e+06,8.843623e+01,,,,5
2018-04-26 14:03:43.000000,2.609024e+07,1.818935e+07,1.239960e+02,1.410258e+06,8.843623e+01,,,,5
2018-04-26 14:03:44.000000,2.609025e+07,1.818820e+07,1.239954e+02,1.410258e+06,8.843623e+01,,,,5
2018-04-26 14:03:45.000000,2.609024e+07,1.818773e+07,1.239951e+02,1.410258e+06,8.843623e+01,,,,5
2018-04-26 14:03:46.000000,2.609023e+07,1.818721e+07,1.239946e+02,1.410258e+06,8.843623e+01,,,,5
2018-04-26 14:03:47.000000,2.609022e+07,1.818682e+07,1.239944e+02,1.410258e+06,8.843623e+01,,,,5
2018-04-26 14:03:48.000000,2.609023e+07,1.818806e+07,1.239951e+02,1.410258e+06,8.843623e+01,,,,5
2018-04-26 14:03:49.000000,2.609024e+07,1.818664e+07,1.239943e+02,1.410258e+06,8.843623e+01,,,,5
2018-04-26 14:03:50.000000,2.609024e+07,1.818766e+07,1.239948e+02,1.410258e+06,8.843623e+01,,,,5
2018-04-26 14:03:51.000000,2.609024e+07,1.818652e+07,1.239942e+02,1.410258e+06,8.843623e+01,,,,5
2018-04-26 14:03:52.000000,2.609022e+07,1.818847e+07,1.239954e+02,1.410258e+06,8.843622e+01,,,,5
2018-04-26 14:03:53.000000,2.609023e+07,1.818748e+07,1.239948e+02,1.410258e+06,8.843622e+01,,,,5
2018-04-26 14:03:54.000000,2.609022e+07,1.818748e+07,1.239949e+02,1.410258e+06,8.843622e+01,,,,5
2018-04-26 14:03:55.000000,2.609024e+07,1.818771e+07,1.239951e+02,1.410258e+06,8.843622e+01,,,,5
2018-04-26 14:03:56.000000,2.609024e+07,1.818779e+07,1.239951e+02,1.410258e+06,8.843622e+01,,,,5
2018-04-26 14:03:57.000000,2.609022e+07,1.818690e+07,1.239945e+02,1.410258e+06,8.843622e+01,,,,5
2018-04-26 14:03:58.000000,2.609023e+07,1.818687e+07,1.239945e+02,1.410258e+06,8.843622e+01,,,,5
2018-04-26 14:03:59.000000,2.609022e+07,1.818806e+07,1.239951e+02,1.410258e+06,8.843622e+01,,,,5
2018-04-26 14:04:00.000000,2.609025e+07,1.818669e+07,1.239943e+02,1.410258e+06,8.843622e+01,,,,5
2018-04-26 14:04:01.000000,2.609024e+07,1.818772e+07,1.239949e+02,1.410258e+06,8.843622e+01,,,,5
2018-04-26 14:04:02.000000,2.609024e+07,1.818650e+07,1.239942e+02,1.410258e+06,8.843622e+01,,,,5
2018-04-26 14:04:03.000000,2.609023e+07,1.818766e+07,1.239949e+02,1.410258e+06,8.843622e+01,,,,5
2018-04-26 14:04:04.000000,2.609022e+07,1.818742e+07,1.239948e+02,1.410258e+06,8.843622e+01,,,,5
2018-04-26 14:04:05.000000,2.609023e+07,1.818864e+07,1.239955e+02,1.410258e+06,8.843622e+01,,,,5
2018-04-26 14:04:06.000000,2.609025e+07,1.818780e+07,1.239951e+02,1.410258e+06,8.843622e+01,,,,5
2018-04-26 14:04:07.000000,2.609024e+07,1.818948e+07,1.239961e+02,1.410258e+06,8.843622e+01,,,,5
2018-04-26 14:04:08.000000,2.609025e+07,1.818774e+07,1.239951e+02,1.410258e+06,8.843622e+01,,,,5
2018-04-26 14:04:09.000000,2.609022e+07,1.818856e+07,1.239954e+02,1.410258e+06,8.843622e+01,,,,5
2018-04-26 14:04:10.000000,2.609022e+07,1.818687e+07,1.239944e+02,1.410258e+06,8.843622e+01,,,,5
2018-04-26 14:04:11.000000,2.609025e+07,1.818817e+07,1.239951e+02,1.410258e+06,8.843621e+01,,,,5
2018-04-26 14:04:12.000000,2.609024e+07,1.818696e+07,1.239945e+02,1.410258e+06,8.843621e+01,,,,5
2018-04-26 14:04:13.000000,2.609025e+07,1.818656e+07,1.239942e+02,1.410258e+06,8.843621e+01,,,,5
2018-04-26 14:04:14.000000,2.609022e+07,1.818767e+07,1.239949e+02,1.410258e+06,8.843621e+01,,,,5
2018-04-26 14:04:15.000000,2.609023e+07,1.818748e+07,1.239949e+02,1.410258e+06,8.843621e+01,,,,5
2018-04-26 14:04:16.000000,2.609023e+07,1.818870e+07,1.239955e+02,1.410258e+06,8.843621e+01,,,,5
2018-04-26 14:04:17.000000,2.609024e+07,1.818780e+07,1.239951e+02,1.410258e+06,8.843621e+01,,,,5
2018-04-26 14:04:18.000000,2.609025e+07,1.818895e+07,1.239958e+02,1.410258e+06,8.843621e+01,,,,5
2018-04-26 14:04:19.000000,2.609024e+07,1.818776e+07,1.239951e+02,1.410258e+06,8.843621e+01,,,,5
2018-04-26 14:04:20.000000,2.609023e+07,1.818806e+07,1.239951e+02,1.410258e+06,8.843621e+01,,,,5
2018-04-26 14:04:21.000000,2.609023e+07,1.818688e+07,1.239944e+02,1.410258e+06,8.843621e+01,,,,5
2018-04-26 14:04:22.000000,2.609024e+07,1.818763e+07,1.239948e+02,1.410258e+06,8.843621e+01,,,,5
2018-04-26 14:04:23.000000,2.609024e+07,1.818661e+07,1.239943e+02,1.410258e+06,8.843621e+01,,,,5
2018-04-26 14:04:24.000000,2.609024e+07,1.818812e+07,1.239951e+02,1.410258e+06,8.843621e+01,,,,5
2018-04-26 14:04:25.000000,2.609023e+07,1.818751e+07,1.239948e+02,1.410258e+06,8.843621e+01,,,,5
2018-04-26 14:04:26.000000,2.609023e+07,1.818748e+07,1.239949e+02,1.410258e+06,8.843621e+01,,,,5
2018-04-26 14:04:27.000000,2.609023e+07,1.818776e+07,1.239950e+02,1.410258e+06,8.843621e+01,,,,5
2018-04-26 14:04:28.000000,2.609024e+07,1.818779e+07,1.239951e+02,1.410258e+06,8.843621e+01,,,,5
2018-04-26 14:04:29.000000,2.609024e+07,1.818805e+07,1.239952e+02,1.410258e+06,8.843621e+01,,,,5
2018-04-26 14:04:30.000000,2.609025e+07,1.818773e+07,1.239951e+02,1.410258e+06,8.843621e+01,,,,5
2018-04-26 14:04:31.000000,2.609022e+07,1.818807e+07,1.239951e+02,1.410258e+06,8.843620e+01,,,,5
2018-04-26 14:04:32.000000,2.609023e+07,1.818685e+07,1.239944e+02,1.410258e+06,8.843620e+01,,,,5
2018-04-26 14:04:33.000000,2.609022e+07,1.818861e+07,1.239954e+02,1.410258e+06,8.843620e+01,,,,5
2018-04-26 14:04:34.000000,2.609024e+07,1.818663e+07,1.239943e+02,1.410258e+06,8.843620e+01,,,,5
2018-04-26 14:04:35.000000,2.609025e+07,1.818824e+07,1.239952e+02,1.410258e+06,8.843620e+01,,,,5
2018-04-26 14:04:36.000000,2.609022e+07,1.818753e+07,1.239948e+02,1.410258e+06,8.843620e+01,,,,5
2018-04-26 14:04:37.000000,2.609023e+07,1.818908e+07,1.239957e+02,1.410258e+06,8.843620e+01,,,,5
2018-04-26 14:04:38.000000,2.609022e+07,1.818782e+07,1.239950e+02,1.410258e+06,8.843620e+01,,,,5
2018-04-26 14:04:39.000000,2.609024e+07,1.818935e+07,1.239959e+02,1.410258e+06,8.843620e+01,,,,5
2018-04-26 14:04:40.000000,2.609025e+07,1.818820e+07,1.239954e+02,1.410258e+06,8.843620e+01,,,,5
2018-04-26 14:04:41.000000,2.609024e+07,1.818773e+07,1.239951e+02,1.410258e+06,8.843620e+01,,,,5
2018-04-26 14:04:42.000000,2.609023e+07,1.818722e+07,1.239946e+02,1.410258e+06,8.843620e+01,,,,5
2018-04-26 14:04:43.000000,2.609022e+07,1.818683e+07,1.239944e+02,1.410258e+06,8.843620e+01,,,,5
2018-04-26 14:04:44.000000,2.609023e+07,1.818808e+07,1.239951e+02,1.410258e+06,8.843620e+01,,,,5
2018-04-26 14:04:45.000000,2.609024e+07,1.818662e+07,1.239943e+02,1.410258e+06,8.843620e+01,,,,5
2018-04-26 14:04:46.000000,2.609024e+07,1.818767e+07,1.239948e+02,1.410258e+06,8.843620e+01,,,,5
2018-04-26 14:04:47.000000,2.609024e+07,1.818652e+07,1.239942e+02,1.410258e+06,8.843620e+01,,,,5
2018-04-26 14:04:48.000000,2.609022e+07,1.818849e+07,1.239954e+02,1.410258e+06,8.843620e+01,,,,5
2018-04-26 14:04:49.000000,2.609023e+07,1.818748e+07,1.239948e+02,1.410258e+06,8.843620e+01,,,,5
2018-04-26 14:04:50.000000,2.609024e+07,1.818932e+07,1.239960e+02,1.410258e+06,8.843620e+01,,,,5
2018-04-26 14:04:51.000000,2.609025e+07,1.818787e+07,1.239952e+02,1.410258e+06,8.843619e+01,,,,5
2018-04-26 14:04:52.000000,2.609024e+07,1.818779e+07,1.239951e+02,1.410258e+06,8.843619e+01,,,,5
2018-04-26 14:04:53.000000,2.609022e+07,1.818690e+07,1.239945e+02,1.410258e+06,8.843619e+01,,,,5
2018-04-26 14:04:54.000000,2.609023e+07,1.818687e+07,1.239945e+02,1.410258e+06,8.843619e+01,,,,5
2018-04-26 14:04:55.000000,2.609022e+07,1.818807e+07,1.239951e+02,1.410258e+06,8.843619e+01,,,,5
2018-04-26 14:04:56.000000,2.609025e+07,1.818669e+07,1.239943e+02,1.410258e+06,8.843619e+01,,,,5
2018-04-26 14:04:57.000000,2.609024e+07,1.818772e+07,1.239949e+02,1.410258e+06,8.843619e+01,,,,5
2018-04-26 14:04:58.000000,2.609024e+07,1.818648e+07,1.239942e+02,1.410258e+06,8.843619e+01,,,,5
2018-04-26 14:04:59.000000,2.609023e+07,1.818854e+07,1.239954e+02,1.410258e+06,8.843619e+01,,,,5
2018-04-26 14:05:00.000000,2.609022e+07,1.818750e+07,1.239948e+02,1.410258e+06,8.843619e+01,,,,5
2018-04-26 14:05:01.000000,2.609023e+07,1.818921e+07,1.239958e+02,1.410258e+06,8.843619e+01,,,,5
2018-04-26 14:05:02.000000,2.609024e+07,1.818786e+07,1.239952e+02,1.410258e+06,8.843619e+01,,,,5
2018-04-26 14:05:03.000000,2.609024e+07,1.818946e+07,1.239960e+02,1.410258e+06,8.843619e+01,,,,5
2018-04-26 14:05:04.000000,2.609023e+07,1.818713e+07,1.239946e+02,1.410258e+06,8.843619e+01,,,,5
2018-04-26 14:05:05.000000,2.609023e+07,1.818836e+07,1.239952e+02,1.410258e+06,8.843619e+01,,,,5
2018-04-26 14:05:06.000000,2.609023e+07,1.818721e+07,1.239946e+02,1.410258e+06,8.843619e+01,,,,5
2018-04-26 14:05:07.000000,2.609024e+07,1.818807e+07,1.239950e+02,1.410258e+06,8.843619e+01,,,,5
2018-04-26 14:05:08.000000,2.609025e+07,1.818693e+07,1.239944e+02,1.410258e+06,8.843619e+01,,,,5
2018-04-26 14:05:09.000000,2.609024e+07,1.818650e+07,1.239942e+02,1.410258e+06,8.843619e+01,,,,5
2018-04-26 14:05:10.000000,2.609023e+07,1.818765e+07,1.239949e+02,1.410258e+06,8.843619e+01,,,,5
2018-04-26 14:05:11.000000,2.609023e+07,1.818742e+07,1.239948e+02,1.410258e+06,8.843619e+01,,,,5
2018-04-26 14:05:12.000000,2.609022e+07,1.818864e+07,1.239955e+02,1.410258e+06,8.843618e+01,,,,5
2018-04-26 14:05:13.000000,2.609025e+07,1.818780e+07,1.239951e+02,1.410258e+06,8.843618e+01,,,,5
2018-04-26 14:05:14.000000,2.609024e+07,1.818946e+07,1.239960e+02,1.410258e+06,8.843618e+01,,,,5
2018-04-26 14:05:15.000000,2.609025e+07,1.818774e+07,1.239951e+02,1.410258e+06,8.843618e+01,,,,5
2018-04-26 14:05:16.000000,2.609022e+07,1.818856e+07,1.239954e+02,1.410258e+06,8.843618e+01,,,,5
2018-04-26 14:05:17.000000,2.609022e+07,1.818688e+07,1.239944e+02,1.410258e+06,8.843618e+01,,,,5
2018-04-26 14:05:18.000000,2.609025e+07,1.818816e+07,1.239951e+02,1.410258e+06,8.843618e+01,,,,5
2018-04-26 14:05:19.000000,2.609024e+07,1.818696e+07,1.239945e+02,1.410258e+06,8.843618e+01,,,,5
2018-04-26 14:05:20.000000,2.609025e+07,1.818656e+07,1.239942e+02,1.410258e+06,8.843618e+01,,,,5
2018-04-26 14:05:21.000000,2.609022e+07,1.818765e+07,1.239949e+02,1.410258e+06,8.843618e+01,,,,5
2018-04-26 14:05:22.000000,2.609022e+07,1.818748e+07,1.239949e+02,1.410258e+06,8.843618e+01,,,,5
2018-04-26 14:05:23.000000,2.609023e+07,1.818870e+07,1.239955e+02,1.410258e+06,8.843618e+01,,,,5
2018-04-26 14:05:24.000000,2.609024e+07,1.818781e+07,1.239951e+02,1.410258e+06,8.843618e+01,,,,5
2018-04-26 14:05:25.000000,2.609025e+07,1.818895e+07,1.239958e+02,1.410258e+06,8.843618e+01,,,,5
2018-04-26 14:05:26.000000,2.609024e+07,1.818776e+07,1.239951e+02,1.410258e+06,8.843618e+01,,,,5
2018-04-26 14:05:27.000000,2.609023e+07,1.818806e+07,1.239951e+02,1.410258e+06,8.843618e+01,,,,5
2018-04-26 14:05:28.000000,2.609023e+07,1.818688e+07,1.239944e+02,1.410258e+06,8.843618e+01,,,,5
2018-04-26 14:05:29.000000,2.609023e+07,1.818848e+07,1.239953e+02,1.410258e+06,8.843618e+01,,,,5
2018-04-26 14:05:30.000000,2.609024e+07,1.818666e+07,1.239943e+02,1.410258e+06,8.843618e+01,,,,5
2018-04-26 14:05:31.000000,2.609024e+07,1.818810e+07,1.239951e+02,1.410258e+06,8.843618e+01,,,,5
2018-04-26 14:05:32.000000,2.609023e+07,1.818751e+07,1.239948e+02,1.410258e+06,8.843617e+01,,,,5
2018-04-26 14:05:33.000000,2.609023e+07,1.818748e+07,1.239949e+02,1.410258e+06,8.843617e+01,,,,5
2018-04-26 14:05:34.000000,2.609023e+07,1.818776e+07,1.239950e+02,1.410258e+06,8.843617e+01,,,,5
2018-04-26 14:05:35.000000,2.609024e+07,1.818779e+07,1.239951e+02,1.410258e+06,8.843617e+01,,,,5
2018-04-26 14:05:36.000000,2.609024e+07,1.818805e+07,1.239952e+02,1.410258e+06,8.843617e+01,,,,5
2018-04-26 14:05:37.000000,2.609025e+07,1.818773e+07,1.239951e+02,1.410258e+06,8.843617e+01,,,,5
2018-04-26 14:05:38.000000,2.609022e+07,1.818806e+07,1.239951e+02,1.410258e+06,8.843617e+01,,,,5
2018-04-26 14:05:39.000000,2.609023e+07,1.818685e+07,1.239944e+02,1.410258e+06,8.843617e+01,,,,5
2018-04-26 14:05:40.000000,2.609022e+07,1.818861e+07,1.239954e+02,1.410258e+06,8.843617e+01,,,,5
2018-04-26 14:05:41.000000,2.609024e+07,1.818665e+07,1.239943e+02,1.410258e+06,8.843617e+01,,,,5
2018-04-26 14:05:42.000000,2.609025e+07,1.818824e+07,1.239952e+02,1.410258e+06,8.843617e+01,,,,5
2018-04-26 14:05:43.000000,2.609024e+07,1.818685e+07,1.239944e+02,1.410258e+06,8.843617e+01,,,,5
2018-04-26 14:05:44.000000,2.609023e+07,1.818904e+07,1.239957e+02,1.410258e+06,8.843617e+01,,,,5
2018-04-26 14:05:45.000000,2.609022e+07,1.818783e+07,1.239950e+02,1.410258e+06,8.843617e+01,,,,5
2018-04-26 14:05:46.000000,2.609024e+07,1.818935e+07,1.239959e+02,1.410258e+06,8.843617e+01,,,,5
2018-04-26 14:05:47.000000,2.609025e+07,1.818820e+07,1.239954e+02,1.410258e+06,8.843617e+01,,,,5
2018-04-26 14:05:48.000000,2.609024e+07,1.818773e+07,1.239951e+02,1.410258e+06,8.843617e+01,,,,5
2018-04-26 14:05:49.000000,2.609023e+07,1.818721e+07,1.239946e+02,1.410258e+06,8.843617e+01,,,,5
2018-04-26 14:05:50.000000,2.609022e+07,1.818683e+07,1.239944e+02,1.410258e+06,8.843617e+01,,,,5
2018-04-26 14:05:51.000000,2.609023e+07,1.818806e+07,1.239951e+02,1.410258e+06,8.843617e+01,,,,5
2018-04-26 14:05:52.000000,2.609024e+07,1.818662e+07,1.239943e+02,1.410258e+06,8.843616e+01,,,,5
2018-04-26 14:05:53.000000,2.609024e+07,1.818767e+07,1.239948e+02,1.410258e+06,8.843616e+01,,,,5
2018-04-26 14:05:54.000000,2.609024e+07,1.818652e+07,1.239942e+02,1.410258e+06,8.843616e+01,,,,5
2018-04-26 14:05:55.000000,2.609022e+07,1.818847e+07,1.239954e+02,1.410258e+06,8.843616e+01,,,,5
2018-04-26 14:05:56.000000,2.609023e+07,1.818748e+07,1.239948e+02,1.410258e+06,8.843616e+01,,,,5
2018-04-26 14:05:57.000000,2.609024e+07,1.818932e+07,1.239960e+02,1.410258e+06,8.843616e+01,,,,5
2018-04-26 14:05:58.000000,2.609025e+07,1.818789e+07,1.239952e+02,1.410258e+06,8.843616e+01,,,,5
2018-04-26 14:05:59.000000,2.609024e+07,1.818779e+07,1.239951e+02,1.410258e+06,8.843616e+01,,,,5
2018-04-26 14:06:00.000000,2.609022e+07,1.818690e+07,1.239945e+02,1.410258e+06,8.843616e+01,,,,5
2018-04-26 14:06:01.000000,2.609023e+07,1.818687e+07,1.239945e+02,1.410258e+06,8.843616e+01,,,,5
2018-04-26 14:06:02.000000,2.609022e+07,1.818807e+07,1.239951e+02,1.410258e+06,8.843616e+01,,,,5
2018-04-26 14:06:03.000000,2.609025e+07,1.818668e+07,1.239943e+02,1.410258e+06,8.843616e+01,,,,5
2018-04-26 14:06:04.000000,2.609024e+07,1.818772e+07,1.239949e+02,1.410258e+06,8.843616e+01,,,,5
2018-04-26 14:06:05.000000,2.609024e+07,1.818650e+07,1.239942e+02,1.410258e+06,8.843616e+01,,,,5
2018-04-26 14:06:06.000000,2.609023e+07,1.818854e+07,1.239954e+02,1.410258e+06,8.843616e+01,,,,5
2018-04-26 14:06:07.000000,2.609022e+07,1.818750e+07,1.239948e+02,1.410258e+06,8.843616e+01,,,,5
2018-04-26 14:06:08.000000,2.609023e+07,1.818919e+07,1.239958e+02,1.410258e+06,8.843616e+01,,,,5
2018-04-26 14:06:09.000000,2.609024e+07,1.818786e+07,1.239952e+02,1.410258e+06,8.843616e+01,,,,5
2018-04-26 14:06:10.000000,2.609024e+07,1.818946e+07,1.239960e+02,1.410258e+06,8.843616e+01,,,,5
2018-04-26 14:06:11.000000,2.609023e+07,1.818713e+07,1.239946e+02,1.410258e+06,8.843616e+01,,,,5
2018-04-26 14:06:12.000000,2.609022e+07,1.818834e+07,1.239952e+02,1.410258e+06,8.843615e+01,,,,5
2018-04-26 14:06:13.000000,2.609023e+07,1.818720e+07,1.239946e+02,1.410258e+06,8.843615e+01,,,,5
2018-04-26 14:06:14.000000,2.609024e+07,1.818807e+07,1.239950e+02,1.410258e+06,8.843615e+01,,,,5
2018-04-26 14:06:15.000000,2.609025e+07,1.818695e+07,1.239945e+02,1.410258e+06,8.843615e+01,,,,5
2018-04-26 14:06:16.000000,2.609024e+07,1.818650e+07,1.239942e+02,1.410258e+06,8.843615e+01,,,,5
2018-04-26 14:06:17.000000,2.609023e+07,1.818765e+07,1.239949e+02,1.410258e+06,8.843615e+01,,,,5
2018-04-26 14:06:18.000000,2.609022e+07,1.818742e+07,1.239948e+02,1.410258e+06,8.843615e+01,,,,5
2018-04-26 14:06:19.000000,2.609022e+07,1.818864e+07,1.239955e+02,1.410258e+06,8.843615e+01,,,,5
2018-04-26 14:06:20.000000,2.609025e+07,1.818780e+07,1.239951e+02,1.410258e+06,8.843615e+01,,,,5
2018-04-26 14:06:21.000000,2.609024e+07,1.818946e+07,1.239960e+02,1.410258e+06,8.843615e+01,,,,5
2018-04-26 14:06:22.000000,2.609025e+07,1.818776e+07,1.239951e+02,1.410258e+06,8.843615e+01,,,,5
2018-04-26 14:06:23.000000,2.609022e+07,1.818855e+07,1.239954e+02,1.410258e+06,8.843615e+01,,,,5
2018-04-26 14:06:24.000000,2.609022e+07,1.818688e+07,1.239944e+02,1.410258e+06,8.843615e+01,,,,5
2018-04-26 14:06:25.000000,2.609025e+07,1.818815e+07,1.239951e+02,1.410258e+06,8.843615e+01,,,,5
2018-04-26 14:06:26.000000,2.609024e+07,1.818696e+07,1.239945e+02,1.410258e+06,8.843615e+01,,,,5
2018-04-26 14:06:27.000000,2.609025e+07,1.818655e+07,1.239942e+02,1.410258e+06,8.843615e+01,,,,5
2018-04-26 14:06:28.000000,2.609022e+07,1.818765e+07,1.239949e+02,1.410258e+06,8.843615e+01,,,,5
2018-04-26 14:06:29.000000,2.609022e+07,1.818748e+07,1.239949e+02,1.410258e+06,8.843615e+01,,,,5
2018-04-26 14:06:30.000000,2.609023e+07,1.818870e+07,1.239955e+02,1.410258e+06,8.843615e+01,,,,5
2018-04-26 14:06:31.000000,2.609024e+07,1.818781e+07,1.239951e+02,1.410258e+06,8.843615e+01,,,,5
2018-04-26 14:06:32.000000,2.609025e+07,1.818894e+07,1.239958e+02,1.410258e+06,8.843615e+01,,,,5
2018-04-26 14:06:33.000000,2.609024e+07,1.818776e+07,1.239951e+02,1.410258e+06,8.843614e+01,,,,5
2018-04-26 14:06:34.000000,2.609023e+07,1.818806e+07,1.239951e+02,1.410258e+06,8.843614e+01,,,,5
2018-04-26 14:06:35.000000,2.609023e+07,1.818690e+07,1.239944e+02,1.410258e+06,8.843614e+01,,,,5
2018-04-26 14:06:36.000000,2.609022e+07,1.818848e+07,1.239953e+02,1.410258e+06,8.843614e+01,,,,5
2018-04-26 14:06:37.000000,2.609024e+07,1.818666e+07,1.239943e+02,1.410258e+06,8.843614e+01,,,,5
2018-04-26 14:06:38.000000,2.609024e+07,1.818810e+07,1.239951e+02,1.410258e+06,8.843614e+01,,,,5
2018-04-26 14:06:39.000000,2.609023e+07,1.818751e+07,1.239948e+02,1.410258e+06,8.843614e+01,,,,5
2018-04-26 14:06:40.000000,2.609022e+07,1.818748e+07,1.239949e+02,1.410258e+06,8.843614e+01,,,,5
2018-04-26 14:06:41.000000,2.609023e+07,1.818776e+07,1.239950e+02,1.410258e+06,8.843614e+01,,,,5
2018-04-26 14:06:42.000000,2.609024e+07,1.818779e+07,1.239951e+02,1.410258e+06,8.843614e+01,,,,5
2018-04-26 14:06:43.000000,2.609024e+07,1.818805e+07,1.239952e+02,1.410258e+06,8.843614e+01,,,,5
2018-04-26 14:06:44.000000,2.609025e+07,1.818773e+07,1.239951e+02,1.410258e+06,8.843614e+01,,,,5
2018-04-26 14:06:45.000000,2.609022e+07,1.818806e+07,1.239951e+02,1.410258e+06,8.843614e+01,,,,5
2018-04-26 14:06:46.000000,2.609023e+07,1.818686e+07,1.239944e+02,1.410258e+06,8.843614e+01,,,,5
2018-04-26 14:06:47.000000,2.609022e+07,1.818860e+07,1.239954e+02,1.410258e+06,8.843614e+01,,,,5
2018-04-26 14:06:48.000000,2.609024e+07,1.818665e+07,1.239943e+02,1.410258e+06,8.843614e+01,,,,5
2018-04-26 14:06:49.000000,2.609025e+07,1.818822e+07,1.239951e+02,1.410258e+06,8.843614e+01,,,,5
2018-04-26 14:06:50.000000,2.609024e+07,1.818685e+07,1.239944e+02,1.410258e+06,8.843614e+01,,,,5
2018-04-26 14:06:51.000000,2.609023e+07,1.818904e+07,1.239957e+02,1.410258e+06,8.843614e+01,,,,5
2018-04-26 14:06:52.000000,2.609022e+07,1.818784e+07,1.239950e+02,1.410258e+06,8.843614e+01,,,,5
2018-04-26 14:06:53.000000,2.609024e+07,1.818935e+07,1.239959e+02,1.410258e+06,8.843613e+01,,,,5
2018-04-26 14:06:54.000000,2.609025e+07,1.818820e+07,1.239954e+02,1.410258e+06,8.843613e+01,,,,5
2018-04-26 14:06:55.000000,2.609024e+07,1.818773e+07,1.239951e+02,1.410258e+06,8.843613e+01,,,,5
2018-04-26 14:06:56.000000,2.609023e+07,1.818722e+07,1.239947e+02,1.410258e+06,8.843613e+01,,,,5
2018-04-26 14:06:57.000000,2.609022e+07,1.818682e+07,1.239944e+02,1.410258e+06,8.843613e+01,,,,5
2018-04-26 14:06:58.000000,2.609023e+07,1.818806e+07,1.239951e+02,1.410258e+06,8.843613e+01,,,,5
2018-04-26 14:06:59.000000,2.609024e+07,1.818664e+07,1.239943e+02,1.410258e+06,8.843613e+01,,,,5
2018-04-26 14:07:00.000000,2.609024e+07,1.818766e+07,1.239948e+02,1.410258e+06,8.843613e+01,,,,5
2018-04-26 14:07:01.000000,2.609024e+07,1.818652e+07,1.239942e+02,1.410258e+06,8.843613e+01,,,,5
2018-04-26 14:07:02.000000,2.609022e+07,1.818847e+07,1.239954e+02,1.410258e+06,8.843613e+01,,,,5
2018-04-26 14:07:03.000000,2.609023e+07,1.818749e+07,1.239948e+02,1.410258e+06,8.843613e+01,,,,5
2018-04-26 14:07:04.000000,2.609022e+07,1.818748e+07,1.239949e+02,1.410258e+06,8.843613e+01,,,,5
2018-04-26 14:07:05.000000,2.609024e+07,1.818771e+07,1.239951e+02,1.410258e+06,8.843613e+01,,,,5
2018-04-26 14:07:06.000000,2.609024e+07,1.818779e+07,1.239951e+02,1.410258e+06,8.843613e+01,,,,5
2018-04-26 14:07:07.000000,2.609022e+07,1.818690e+07,1.239945e+02,1.410258e+06,8.843613e+01,,,,5
2018-04-26 14:07:08.000000,2.609023e+07,1.818687e+07,1.239945e+02,1.410258e+06,8.843613e+01,,,,5
2018-04-26 14:07:09.000000,2.609022e+07,1.818806e+07,1.239951e+02,1.410258e+06,8.843613e+01,,,,5
2018-04-26 14:07:10.000000,2.609025e+07,1.818669e+07,1.239943e+02,1.410258e+06,8.843613e+01,,,,5
2018-04-26 14:07:11.000000,2.609024e+07,1.818772e+07,1.239949e+02,1.410258e+06,8.843613e+01,,,,5
2018-04-26 14:07:12.000000,2.609024e+07,1.818650e+07,1.239942e+02,1.410258e+06,8.843613e+01,,,,5
2018-04-26 14:07:13.000000,2.609023e+07,1.818852e+07,1.239954e+02,1.410258e+06,8.843613e+01,,,,5
2018-04-26 14:07:14.000000,2.609022e+07,1.818750e+07,1.239948e+02,1.410258e+06,8.843612e+01,,,,5
2018-04-26 14:07:15.000000,2.609023e+07,1.818919e+07,1.239958e+02,1.410258e+06,8.843612e+01,,,,5
2018-04-26 14:07:16.000000,2.609024e+07,1.818787e+07,1.239952e+02,1.410258e+06,8.843612e+01,,,,5
2018-04-26 14:07:17.000000,2.609024e+07,1.818946e+07,1.239960e+02,1.410258e+06,8.843612e+01,,,,5
2018-04-26 14:07:18.000000,2.609025e+07,1.818810e+07,1.239953e+02,1.410258e+06,8.843612e+01,,,,5
2018-04-26 14:07:19.000000,2.609022e+07,1.818845e+07,1.239953e+02,1.410258e+06,8.843612e+01,,,,5
2018-04-26 14:07:20.000000,2.609023e+07,1.818722e+07,1.239946e+02,1.410258e+06,8.843612e+01,,,,5
2018-04-26 14:07:21.000000,2.609024e+07,1.818807e+07,1.239950e+02,1.410258e+06,8.843612e+01,,,,5
2018-04-26 14:07:22.000000,2.609025e+07,1.818695e+07,1.239945e+02,1.410258e+06,8.843612e+01,,,,5
2018-04-26 14:07:23.000000,2.609024e+07,1.818650e+07,1.239942e+02,1.410258e+06,8.843612e+01,,,,5
2018-04-26 14:07:24.000000,2.609023e+07,1.818765e+07,1.239949e+02,1.410258e+06,8.843612e+01,,,,5
2018-04-26 14:07:25.000000,2.609022e+07,1.818742e+07,1.239948e+02,1.410258e+06,8.843612e+01,,,,5
2018-04-26 14:07:26.000000,2.609022e+07,1.818862e+07,1.239955e+02,1.410258e+06,8.843612e+01,,,,5
2018-04-26 14:07:27.000000,2.609025e+07,1.818780e+07,1.239951e+02,1.410258e+06,8.843612e+01,,,,5
2018-04-26 14:07:28.000000,2.609024e+07,1.818946e+07,1.239960e+02,1.410258e+06,8.843612e+01,,,,5
2018-04-26 14:07:29.000000,2.609024e+07,1.818775e+07,1.239951e+02,1.410258e+06,8.843612e+01,,,,5
2018-04-26 14:07:30.000000,2.609022e+07,1.818855e+07,1.239954e+02,1.410258e+06,8.843612e+01,,,,5
2018-04-26 14:07:31.000000,2.609022e+07,1.818688e+07,1.239944e+02,1.410258e+06,8.843612e+01,,,,5
2018-04-26 14:07:32.000000,2.609025e+07,1.818815e+07,1.239951e+02,1.410258e+06,8.843612e+01,,,,5
2018-04-26 14:07:33.000000,2.609024e+07,1.818697e+07,1.239945e+02,1.410258e+06,8.843612e+01,,,,5
2018-04-26 14:07:34.000000,2.609025e+07,1.818655e+07,1.239942e+02,1.410258e+06,8.843612e+01,,,,5
2018-04-26 14:07:35.000000,2.609022e+07,1.818765e+07,1.239949e+02,1.410258e+06,8.843611e+01,,,,5
2018-04-26 14:07:36.000000,2.609022e+07,1.818748e+07,1.239949e+02,1.410258e+06,8.843611e+01,,,,5
2018-04-26 14:07:37.000000,2.609023e+07,1.818869e+07,1.239955e+02,1.410258e+06,8.843611e+01,,,,5
2018-04-26 14:07:38.000000,2.609024e+07,1.818781e+07,1.239951e+02,1.410258e+06,8.843611e+01,,,,5
2018-04-26 14:07:39.000000,2.609024e+07,1.818894e+07,1.239958e+02,1.410258e+06,8.843611e+01,,,,5
2018-04-26 14:07:40.000000,2.609024e+07,1.818778e+07,1.239951e+02,1.410258e+06,8.843611e+01,,,,5
2018-04-26 14:07:41.000000,2.609023e+07,1.818806e+07,1.239951e+02,1.410258e+06,8.843611e+01,,,,5
2018-04-26 14:07:42.000000,2.609023e+07,1.818690e+07,1.239944e+02,1.410258e+06,8.843611e+01,,,,5
2018-04-26 14:07:43.000000,2.609022e+07,1.818846e+07,1.239953e+02,1.410258e+06,8.843611e+01,,,,5
2018-04-26 14:07:44.000000,2.609024e+07,1.818666e+07,1.239943e+02,1.410258e+06,8.843611e+01,,,,5
2018-04-26 14:07:45.000000,2.609024e+07,1.818810e+07,1.239951e+02,1.410258e+06,8.843611e+01,,,,5
2018-04-26 14:07:46.000000,2.609023e+07,1.818751e+07,1.239948e+02,1.410258e+06,8.843611e+01,,,,5
2018-04-26 14:07:47.000000,2.609022e+07,1.818748e+07,1.239949e+02,1.410258e+06,8.843611e+01,,,,5
2018-04-26 14:07:48.000000,2.609023e+07,1.818776e+07,1.239950e+02,1.410258e+06,8.843611e+01,,,,5
2018-04-26 14:07:49.000000,2.609024e+07,1.818779e+07,1.239951e+02,1.410258e+06,8.843611e+01,,,,5
2018-04-26 14:07:50.000000,2.609024e+07,1.818805e+07,1.239952e+02,1.410258e+06,8.843611e+01,,,,5
2018-04-26 14:07:51.000000,2.609025e+07,1.818773e+07,1.239951e+02,1.410258e+06,8.843611e+01,,,,5
2018-04-26 14:07:52.000000,2.609022e+07,1.818806e+07,1.239951e+02,1.410258e+06,8.843611e+01,,,,5
2018-04-26 14:07:53.000000,2.609023e+07,1.818686e+07,1.239944e+02,1.410258e+06,8.843611e+01,,,,5
2018-04-26 14:07:54.000000,2.609022e+07,1.818858e+07,1.239954e+02,1.410258e+06,8.843611e+01,,,,5
2018-04-26 14:07:55.000000,2.609024e+07,1.818665e+07,1.239943e+02,1.410258e+06,8.843611e+01,,,,5
2018-04-26 14:07:56.000000,2.609025e+07,1.818822e+07,1.239951e+02,1.410258e+06,8.843610e+01,,,,5
2018-04-26 14:07:57.000000,2.609024e+07,1.818687e+07,1.239944e+02,1.410258e+06,8.843610e+01,,,,5
2018-04-26 14:07:58.000000,2.609023e+07,1.818903e+07,1.239957e+02,1.410258e+06,8.843610e+01,,,,5
2018-04-26 14:07:59.000000,2.609022e+07,1.818784e+07,1.239950e+02,1.410258e+06,8.843610e+01,,,,5
2018-04-26 14:08:00.000000,2.609024e+07,1.818934e+07,1.239959e+02,1.410258e+06,8.843610e+01,,,,5
2018-04-26 14:08:01.000000,2.609025e+07,1.818821e+07,1.239954e+02,1.410258e+06,8.843610e+01,,,,5
2018-04-26 14:08:02.000000,2.609024e+07,1.818773e+07,1.239951e+02,1.410258e+06,8.843610e+01,,,,5
2018-04-26 14:08:03.000000,2.609023e+07,1.818722e+07,1.239947e+02,1.410258e+06,8.843610e+01,,,,5
2018-04-26 14:08:04.000000,2.609022e+07,1.818683e+07,1.239944e+02,1.410258e+06,8.843610e+01,,,,5
2018-04-26 14:08:05.000000,2.609023e+07,1.818806e+07,1.239951e+02,1.410258e+06,8.843610e+01,,,,5
2018-04-26 14:08:06.000000,2.609024e+07,1.818664e+07,1.239943e+02,1.410258e+06,8.843610e+01,,,,5
2018-04-26 14:08:07.000000,2.609024e+07,1.818764e+07,1.239948e+02,1.410258e+06,8.843610e+01,,,,5
2018-04-26 14:08:08.000000,2.609024e+07,1.818652e+07,1.239942e+02,1.410258e+06,8.843610e+01,,,,5
2018-04-26 14:08:09.000000,2.609022e+07,1.818847e+07,1.239954e+02,1.410258e+06,8.843610e+01,,,,5
2018-04-26 14:08:10.000000,2.609023e+07,1.818749e+07,1.239948e+02,1.410258e+06,8.843610e+01,,,,5
2018-04-26 14:08:11.000000,2.609022e+07,1.818748e+07,1.239949e+02,1.410258e+06,8.843610e+01,,,,5
2018-04-26 14:08:12.000000,2.609024e+07,1.818771e+07,1.239951e+02,1.410258e+06,8.843610e+01,,,,5
2018-04-26 14:08:13.000000,2.609024e+07,1.818779e+07,1.239951e+02,1.410258e+06,8.843610e+01,,,,5
2018-04-26 14:08:14.000000,2.609022e+07,1.818691e+07,1.239945e+02,1.410258e+06,8.843610e+01,,,,5
2018-04-26 14:08:15.000000,2.609023e+07,1.818687e+07,1.239945e+02,1.410258e+06,8.843610e+01,,,,5
2018-04-26 14:08:16.000000,2.609022e+07,1.818806e+07,1.239951e+02,1.410258e+06,8.843610e+01,,,,5
2018-04-26 14:08:17.000000,2.609025e+07,1.818670e+07,1.239943e+02,1.410258e+06,8.843609e+01,,,,5
2018-04-26 14:08:18.000000,2.609024e+07,1.818772e+07,1.239949e+02,1.410258e+06,8.843609e+01,,,,5
2018-04-26 14:08:19.000000,2.609024e+07,1.818650e+07,1.239942e+02,1.410258e+06,8.843609e+01,,,,5
2018-04-26 14:08:20.000000,2.609023e+07,1.818852e+07,1.239954e+02,1.410258e+06,8.843609e+01,,,,5
2018-04-26 14:08:21.000000,2.609022e+07,1.818751e+07,1.239948e+02,1.410258e+06,8.843609e+01,,,,5
2018-04-26 14:08:22.000000,2.609023e+07,1.818919e+07,1.239958e+02,1.410258e+06,8.843609e+01,,,,5
2018-04-26 14:08:23.000000,2.609024e+07,1.818787e+07,1.239952e+02,1.410258e+06,8.843609e+01,,,,5
2018-04-26 14:08:24.000000,2.609024e+07,1.818944e+07,1.239960e+02,1.410258e+06,8.843609e+01,,,,5
2018-04-26 14:08:25.000000,2.609024e+07,1.818774e+07,1.239951e+02,1.410258e+06,8.843609e+01,,,,5
2018-04-26 14:08:26.000000,2.609022e+07,1.818855e+07,1.239954e+02,1.410258e+06,8.843609e+01,,,,5
2018-04-26 14:08:27.000000,2.609023e+07,1.818688e+07,1.239944e+02,1.410258e+06,8.843609e+01,,,,5
2018-04-26 14:08:28.000000,2.609024e+07,1.818816e+07,1.239951e+02,1.410258e+06,8.843609e+01,,,,5
2018-04-26 14:08:29.000000,2.609024e+07,1.818696e+07,1.239945e+02,1.410258e+06,8.843609e+01,,,,5
2018-04-26 14:08:30.000000,2.609025e+07,1.818656e+07,1.239942e+02,1.410258e+06,8.843609e+01,,,,5
2018-04-26 14:08:31.000000,2.609022e+07,1.818765e+07,1.239949e+02,1.410258e+06,8.843609e+01,,,,5
2018-04-26 14:08:32.000000,2.609022e+07,1.818748e+07,1.239949e+02,1.410258e+06,8.843609e+01,,,,5
2018-04-26 14:08:33.000000,2.609023e+07,1.818870e+07,1.239955e+02,1.410258e+06,8.843609e+01,,,,5
2018-04-26 14:08:34.000000,2.609024e+07,1.818781e+07,1.239951e+02,1.410258e+06,8.843609e+01,,,,5
2018-04-26 14:08:35.000000,2.609025e+07,1.818895e+07,1.239958e+02,1.410258e+06,8.843609e+01,,,,5
2018-04-26 14:08:36.000000,2.609024e+07,1.818776e+07,1.239951e+02,1.410258e+06,8.843609e+01,,,,5
2018-04-26 14:08:37.000000,2.609023e+07,1.818806e+07,1.239951e+02,1.410258e+06,8.843609e+01,,,,5
2018-04-26 14:08:38.000000,2.609023e+07,1.818690e+07,1.239944e+02,1.410258e+06,8.843608e+01,,,,5
2018-04-26 14:08:39.000000,2.609023e+07,1.818848e+07,1.239953e+02,1.410258e+06,8.843608e+01,,,,5
2018-04-26 14:08:40.000000,2.609024e+07,1.818666e+07,1.239943e+02,1.410258e+06,8.843608e+01,,,,5
2018-04-26 14:08:41.000000,2.609024e+07,1.818810e+07,1.239951e+02,1.410258e+06,8.843608e+01,,,,5
2018-04-26 14:08:42.000000,2.609023e+07,1.818751e+07,1.239948e+02,1.410258e+06,8.843608e+01,,,,5
2018-04-26 14:08:43.000000,2.609023e+07,1.818748e+07,1.239949e+02,1.410258e+06,8.843608e+01,,,,5
2018-04-26 14:08:44.000000,2.609023e+07,1.818776e+07,1.239950e+02,1.410258e+06,8.843608e+01,,,,5
2018-04-26 14:08:45.000000,2.609024e+07,1.818779e+07,1.239951e+02,1.410258e+06,8.843608e+01,,,,5
2018-04-26 14:08:46.000000,2.609024e+07,1.818805e+07,1.239952e+02,1.410258e+06,8.843608e+01,,,,5
2018-04-26 14:08:47.000000,2.609025e+07,1.818773e+07,1.239951e+02,1.410258e+06,8.843608e+01,,,,5
2018-04-26 14:08:48.000000,2.609022e+07,1.818806e+07,1.239951e+02,1.410258e+06,8.843608e+01,,,,5
2018-04-26 14:08:49.000000,2.609023e+07,1.818685e+07,1.239944e+02,1.410258e+06,8.843608e+01,,,,5
2018-04-26 14:08:50.000000,2.609022e+07,1.818861e+07,1.239954e+02,1.410258e+06,8.843608e+01,,,,5
2018-04-26 14:08:51.000000,2.609024e+07,1.818665e+07,1.239943e+02,1.410258e+06,8.843608e+01,,,,5
2018-04-26 14:08:52.000000,2.609025e+07,1.818824e+07,1.239952e+02,1.410258e+06,8.843608e+01,,,,5
2018-04-26 14:08:53.000000,2.609024e+07,1.818685e+07,1.239944e+02,1.410258e+06,8.843608e+01,,,,5
2018-04-26 14:08:54.000000,2.609023e+07,1.818904e+07,1.239957e+02,1.410258e+06,8.843608e+01,,,,5
2018-04-26 14:08:55.000000,2.609022e+07,1.818784e+07,1.239950e+02,1.410258e+06,8.843608e+01,,,,5
2018-04-26 14:08:56.000000,2.609024e+07,1.818935e+07,1.239959e+02,1.410258e+06,8.843608e+01,,,,5
2018-04-26 14:08:57.000000,2.609025e+07,1.818820e+07,1.239954e+02,1.410258e+06,8.843608e+01,,,,5
2018-04-26 14:08:58.000000,2.609024e+07,1.818773e+07,1.239951e+02,1.410258e+06,8.843608e+01,,,,5
2018-04-26 14:08:59.000000,2.609023e+07,1.818721e+07,1.239946e+02,1.410258e+06,8.843607e+01,,,,5
2018-04-26 14:09:00.000000,2.609022e+07,1.818683e+07,1.239944e+02,1.410258e+06,8.843607e+01,,,,5
2018-04-26 14:09:01.000000,2.609023e+07,1.818806e+07,1.239951e+02,1.410258e+06,8.843607e+01,,,,5
2018-04-26 14:09:02.000000,2.609024e+07,1.818662e+07,1.239943e+02,1.410258e+06,8.843607e+01,,,,5
2018-04-26 14:09:03.000000,2.609024e+07,1.818767e+07,1.239948e+02,1.410258e+06,8.843607e+01,,,,5
2018-04-26 14:09:04.000000,2.609024e+07,1.818652e+07,1.239942e+02,1.410258e+06,8.843607e+01,,,,5
2018-04-26 14:09:05.000000,2.609022e+07,1.818847e+07,1.239954e+02,1.410258e+06,8.843607e+01,,,,5
2018-04-26 14:09:06.000000,2.609023e+07,1.818748e+07,1.239948e+02,1.410258e+06,8.843607e+01,,,,5
2018-04-26 14:09:07.000000,2.609023e+07,1.818748e+07,1.239949e+02,1.410258e+06,8.843607e+01,,,,5
2018-04-26 14:09:08.000000,2.609025e+07,1.818772e+07,1.239951e+02,1.410258e+06,8.843607e+01,,,,5
2018-04-26 14:09:09.000000,2.609024e+07,1.818779e+07,1.239951e+02,1.410258e+06,8.843607e+01,,,,5
2018-04-26 14:09:10.000000,2.609022e+07,1.818690e+07,1.239945e+02,1.410258e+06,8.843607e+01,,,,5
2018-04-26 14:09:11.000000,2.609023e+07,1.818687e+07,1.239945e+02,1.410258e+06,8.843607e+01,,,,5
2018-04-26 14:09:12.000000,2.609022e+07,1.818806e+07,1.239951e+02,1.410258e+06,8.843607e+01,,,,5
2018-04-26 14:09:13.000000,2.609025e+07,1.818669e+07,1.239943e+02,1.410258e+06,8.843607e+01,,,,5
2018-04-26 14:09:14.000000,2.609024e+07,1.818772e+07,1.239949e+02,1.410258e+06,8.843607e+01,,,,5
2018-04-26 14:09:15.000000,2.609024e+07,1.818650e+07,1.239942e+02,1.410258e+06,8.843607e+01,,,,5
2018-04-26 14:09:16.000000,2.609023e+07,1.818854e+07,1.239954e+02,1.410258e+06,8.843607e+01,,,,5
2018-04-26 14:09:17.000000,2.609022e+07,1.818750e+07,1.239948e+02,1.410258e+06,8.843607e+01,,,,5
2018-04-26 14:09:18.000000,2.609023e+07,1.818919e+07,1.239958e+02,1.410258e+06,8.843607e+01,,,,5
2018-04-26 14:09:19.000000,2.609024e+07,1.818786e+07,1.239952e+02,1.410258e+06,8.843607e+01,,,,5
2018-04-26 14:09:20.000000,2.609024e+07,1.818946e+07,1.239960e+02,1.410258e+06,8.843606e+01,,,,5
2018-04-26 14:09:21.000000,2.609023e+07,1.818713e+07,1.239946e+02,1.410258e+06,8.843606e+01,,,,5
2018-04-26 14:09:22.000000,2.609023e+07,1.818834e+07,1.239952e+02,1.410258e+06,8.843606e+01,,,,5
2018-04-26 14:09:23.000000,2.609023e+07,1.818720e+07,1.239946e+02,1.410258e+06,8.843606e+01,,,,5
2018-04-26 14:09:24.000000,2.609024e+07,1.818807e+07,1.239950e+02,1.410258e+06,8.843606e+01,,,,5
2018-04-26 14:09:25.000000,2.609025e+07,1.818695e+07,1.239945e+02,1.410258e+06,8.843606e+01,,,,5
2018-04-26 14:09:26.000000,2.609024e+07,1.818650e+07,1.239942e+02,1.410258e+06,8.843606e+01,,,,5
2018-04-26 14:09:27.000000,2.609023e+07,1.818765e+07,1.239949e+02,1.410258e+06,8.843606e+01,,,,5
2018-04-26 14:09:28.000000,2.609023e+07,1.818742e+07,1.239948e+02,1.410258e+06,8.843606e+01,,,,5
2018-04-26 14:09:29.000000,2.609022e+07,1.818862e+07,1.239955e+02,1.410258e+06,8.843606e+01,,,,5
2018-04-26 14:09:30.000000,2.609025e+07,1.818780e+07,1.239951e+02,1.410258e+06,8.843606e+01,,,,5
2018-04-26 14:09:31.000000,2.609024e+07,1.818946e+07,1.239960e+02,1.410258e+06,8.843606e+01,,,,5
2018-04-26 14:09:32.000000,2.609025e+07,1.818776e+07,1.239951e+02,1.410258e+06,8.843606e+01,,,,5
2018-04-26 14:09:33.000000,2.609022e+07,1.818856e+07,1.239954e+02,1.410258e+06,8.843606e+01,,,,5
2018-04-26 14:09:34.000000,2.609022e+07,1.818688e+07,1.239944e+02,1.410258e+06,8.843606e+01,,,,5
2018-04-26 14:09:35.000000,2.609025e+07,1.818815e+07,1.239951e+02,1.410258e+06,8.843606e+01,,,,5
2018-04-26 14:09:36.000000,2.609024e+07,1.818696e+07,1.239945e+02,1.410258e+06,8.843606e+01,,,,5
2018-04-26 14:09:37.000000,2.609025e+07,1.818655e+07,1.239942e+02,1.410258e+06,8.843606e+01,,,,5
2018-04-26 14:09:38.000000,2.609022e+07,1.818765e+07,1.239949e+02,1.410258e+06,8.843606e+01,,,,5
2018-04-26 14:09:39.000000,2.609022e+07,1.818748e+07,1.239949e+02,1.410258e+06,8.843606e+01,,,,5
2018-04-26 14:09:40.000000,2.609023e+07,1.818870e+07,1.239955e+02,1.410258e+06,8.843606e+01,,,,5
2018-04-26 14:09:41.000000,2.609024e+07,1.818781e+07,1.239951e+02,1.410258e+06,8.843605e+01,,,,5
2018-04-26 14:09:42.000000,2.609025e+07,1.818894e+07,1.239957e+02,1.410258e+06,8.843605e+01,,,,5
2018-04-26 14:09:43.000000,2.609024e+07,1.818776e+07,1.239951e+02,1.410258e+06,8.843605e+01,,,,5
2018-04-26 14:09:44.000000,2.609023e+07,1.818806e+07,1.239951e+02,1.410258e+06,8.843605e+01,,,,5
2018-04-26 14:09:45.000000,2.609023e+07,1.818690e+07,1.239944e+02,1.410258e+06,8.843605e+01,,,,5
2018-04-26 14:09:46.000000,2.609023e+07,1.818846e+07,1.239953e+02,1.410258e+06,8.843605e+01,,,,5
2018-04-26 14:09:47.000000,2.609024e+07,1.818666e+07,1.239943e+02,1.410258e+06,8.843605e+01,,,,5
2018-04-26 14:09:48.000000,2.609024e+07,1.818810e+07,1.239951e+02,1.410258e+06,8.843605e+01,,,,5
2018-04-26 14:09:49.000000,2.609023e+07,1.818751e+07,1.239948e+02,1.410258e+06,8.843605e+01,,,,5
2018-04-26 14:09:50.000000,2.609023e+07,1.818748e+07,1.239949e+02,1.410258e+06,8.843605e+01,,,,5
2018-04-26 14:09:51.000000,2.609023e+07,1.818776e+07,1.239950e+02,1.410258e+06,8.843605e+01,,,,5
2018-04-26 14:09:52.000000,2.609024e+07,1.818779e+07,1.239951e+02,1.410258e+06,8.843605e+01,,,,5
2018-04-26 14:09:53.000000,2.609024e+07,1.818805e+07,1.239952e+02,1.410258e+06,8.843605e+01,,,,5
2018-04-26 14:09:54.000000,2.609025e+07,1.818773e+07,1.239951e+02,1.410258e+06,8.843605e+01,,,,5
2018-04-26 14:09:55.000000,2.609022e+07,1.818806e+07,1.239951e+02,1.410258e+06,8.843605e+01,,,,5
2018-04-26 14:09:56.000000,2.609023e+07,1.818686e+07,1.239944e+02,1.410258e+06,8.843605e+01,,,,5
2018-04-26 14:09:57.000000,2.609022e+07,1.818860e+07,1.239954e+02,1.410258e+06,8.843605e+01,,,,5
2018-04-26 14:09:58.000000,2.609024e+07,1.818665e+07,1.239943e+02,1.410258e+06,8.843605e+01,,,,5
2018-04-26 14:09:59.000000,2.609025e+07,1.818822e+07,1.239951e+02,1.410258e+06,8.843605e+01,,,,5
2018-04-26 14:10:00.000000,2.609024e+07,1.818685e+07,1.239944e+02,1.410258e+06,8.843605e+01,,,,5
2018-04-26 14:10:01.000000,2.609023e+07,1.818904e+07,1.239957e+02,1.410258e+06,8.843605e+01,,,,5
2018-04-26 14:10:02.000000,2.609022e+07,1.818784e+07,1.239950e+02,1.410258e+06,8.843605e+01,,,,5
2018-04-26 14:10:03.000000,2.609024e+07,1.818934e+07,1.239959e+02,1.410258e+06,8.843604e+01,,,,5
2018-04-26 14:10:04.000000,2.609025e+07,1.818821e+07,1.239954e+02,1.410258e+06,8.843604e+01,,,,5
2018-04-26 14:10:05.000000,2.609024e+07,1.818773e+07,1.239951e+02,1.410258e+06,8.843604e+01,,,,5
2018-04-26 14:10:06.000000,2.609023e+07,1.818722e+07,1.239947e+02,1.410258e+06,8.843604e+01,,,,5
2018-04-26 14:10:07.000000,2.609022e+07,1.818682e+07,1.239944e+02,1.410258e+06,8.843604e+01,,,,5
2018-04-26 14:10:08.000000,2.609023e+07,1.818806e+07,1.239951e+02,1.410258e+06,8.843604e+01,,,,5
2018-04-26 14:10:09.000000,2.609024e+07,1.818664e+07,1.239943e+02,1.410258e+06,8.843604e+01,,,,5
2018-04-26 14:10:10.000000,2.609024e+07,1.818766e+07,1.239948e+02,1.410258e+06,8.843604e+01,,,,5
2018-04-26 14:10:11.000000,2.609024e+07,1.818652e+07,1.239942e+02,1.410258e+06,8.843604e+01,,,,5
2018-04-26 14:10:12.000000,2.609022e+07,1.818847e+07,1.239954e+02,1.410258e+06,8.843604e+01,,,,5
2018-04-26 14:10:13.000000,2.609023e+07,1.818749e+07,1.239948e+02,1.410258e+06,8.843604e+01,,,,5
2018-04-26 14:10:14.000000,2.609023e+07,1.818748e+07,1.239949e+02,1.410258e+06,8.843604e+01,,,,5
2018-04-26 14:10:15.000000,2.609025e+07,1.818772e+07,1.239951e+02,1.410258e+06,8.843604e+01,,,,5
2018-04-26 14:10:16.000000,2.609024e+07,1.818779e+07,1.239951e+02,1.410258e+06,8.843604e+01,,,,5
2018-04-26 14:10:17.000000,2.609022e+07,1.818690e+07,1.239945e+02,1.410258e+06,8.843604e+01,,,,5
2018-04-26 14:10:18.000000,2.609023e+07,1.818687e+07,1.239945e+02,1.410258e+06,8.843604e+01,,,,5
2018-04-26 14:10:19.000000,2.609022e+07,1.818806e+07,1.239951e+02,1.410258e+06,8.843604e+01,,,,5
2018-04-26 14:10:20.000000,2.609025e+07,1.818670e+07,1.239943e+02,1.410258e+06,8.843604e+01,,,,5
2018-04-26 14:10:21.000000,2.609024e+07,1.818772e+07,1.239949e+02,1.410258e+06,8.843604e+01,,,,5
2018-04-26 14:10:22.000000,2.609024e+07,1.818650e+07,1.239942e+02,1.410258e+06,8.843604e+01,,,,5
2018-04-26 14:10:23.000000,2.609023e+07,1.818852e+07,1.239954e+02,1.410258e+06,8.843604e+01,,,,5
2018-04-26 14:10:24.000000,2.609022e+07,1.818750e+07,1.239948e+02,1.410258e+06,8.843603e+01,,,,5
2018-04-26 14:10:25.000000,2.609023e+07,1.818919e+07,1.239958e+02,1.410258e+06,8.843603e+01,,,,5
2018-04-26 14:10:26.000000,2.609024e+07,1.818787e+07,1.239952e+02,1.410258e+06,8.843603e+01,,,,5
2018-04-26 14:10:27.000000,2.609024e+07,1.818946e+07,1.239960e+02,1.410258e+06,8.843603e+01,,,,5
2018-04-26 14:10:28.000000,2.609025e+07,1.818810e+07,1.239953e+02,1.410258e+06,8.843603e+01,,,,5
2018-04-26 14:10:29.000000,2.609022e+07,1.818845e+07,1.239953e+02,1.410258e+06,8.843603e+01,,,,5
2018-04-26 14:10:30.000000,2.609023e+07,1.818722e+07,1.239946e+02,1.410258e+06,8.843603e+01,,,,5
2018-04-26 14:10:31.000000,2.609024e+07,1.818807e+07,1.239950e+02,1.410258e+06,8.843603e+01,,,,5
2018-04-26 14:10:32.000000,2.609025e+07,1.818695e+07,1.239945e+02,1.410258e+06,8.843603e+01,,,,5
2018-04-26 14:10:33.000000,2.609024e+07,1.818650e+07,1.239942e+02,1.410258e+06,8.843603e+01,,,,5
2018-04-26 14:10:34.000000,2.609023e+07,1.818765e+07,1.239949e+02,1.410258e+06,8.843603e+01,,,,5
2018-04-26 14:10:35.000000,2.609022e+07,1.818742e+07,1.239948e+02,1.410258e+06,8.843603e+01,,,,5
2018-04-26 14:10:36.000000,2.609022e+07,1.818862e+07,1.239955e+02,1.410258e+06,8.843603e+01,,,,5
2018-04-26 14:10:37.000000,2.609025e+07,1.818781e+07,1.239951e+02,1.410258e+06,8.843603e+01,,,,5
2018-04-26 14:10:38.000000,2.609024e+07,1.818946e+07,1.239960e+02,1.410258e+06,8.843603e+01,,,,5
2018-04-26 14:10:39.000000,2.609025e+07,1.818776e+07,1.239951e+02,1.410258e+06,8.843603e+01,,,,5
2018-04-26 14:10:40.000000,2.609022e+07,1.818855e+07,1.239954e+02,1.410258e+06,8.843603e+01,,,,5
2018-04-26 14:10:41.000000,2.609022e+07,1.818688e+07,1.239944e+02,1.410258e+06,8.843603e+01,,,,5
2018-04-26 14:10:42.000000,2.609023e+07,1.818688e+07,1.239945e+02,1.410258e+06,8.843603e+01,,,,5
2018-04-26 14:10:43.000000,2.609024e+07,1.818685e+07,1.239943e+02,1.410258e+06,8.843603e+01,,,,5
2018-04-26 14:10:44.000000,2.609025e+07,1.818655e+07,1.239942e+02,1.410258e+06,8.843603e+01,,,,5
2018-04-26 14:10:45.000000,2.609022e+07,1.818765e+07,1.239949e+02,1.410258e+06,8.843603e+01,,,,5
2018-04-26 14:10:46.000000,2.609022e+07,1.818748e+07,1.239949e+02,1.410258e+06,8.843602e+01,,,,5
2018-04-26 14:10:47.000000,2.609023e+07,1.818869e+07,1.239955e+02,1.410258e+06,8.843602e+01,,,,5
2018-04-26 14:10:48.000000,2.609024e+07,1.818781e+07,1.239951e+02,1.410258e+06,8.843602e+01,,,,5
2018-04-26 14:10:49.000000,2.609025e+07,1.818894e+07,1.239957e+02,1.410258e+06,8.843602e+01,,,,5
2018-04-26 14:10:50.000000,2.609024e+07,1.818778e+07,1.239951e+02,1.410258e+06,8.843602e+01,,,,5
2018-04-26 14:10:51.000000,2.609023e+07,1.818806e+07,1.239951e+02,1.410258e+06,8.843602e+01,,,,5
2018-04-26 14:10:52.000000,2.609023e+07,1.818690e+07,1.239944e+02,1.410258e+06,8.843602e+01,,,,5
2018-04-26 14:10:53.000000,2.609022e+07,1.818846e+07,1.239953e+02,1.410258e+06,8.843602e+01,,,,5
2018-04-26 14:10:54.000000,2.609024e+07,1.818667e+07,1.239943e+02,1.410258e+06,8.843602e+01,,,,5
2018-04-26 14:10:55.000000,2.609024e+07,1.818810e+07,1.239951e+02,1.410258e+06,8.843602e+01,,,,5
2018-04-26 14:10:56.000000,2.609023e+07,1.818751e+07,1.239948e+02,1.410258e+06,8.843602e+01,,,,5
2018-04-26 14:10:57.000000,2.609022e+07,1.818748e+07,1.239949e+02,1.410258e+06,8.843602e+01,,,,5
2018-04-26 14:10:58.000000,2.609023e+07,1.818776e+07,1.239950e+02,1.410258e+06,8.843602e+01,,,,5
2018-04-26 14:10:59.000000,2.609024e+07,1.818779e+07,1.239951e+02,1.410258e+06,8.843602e+01,,,,5
2018-04-26 14:11:00.000000,2.609024e+07,1.818805e+07,1.239952e+02,1.410258e+06,8.843602e+01,,,,5
2018-04-26 14:11:01.000000,2.609025e+07,1.818773e+07,1.239951e+02,1.410258e+06,8.843602e+01,,,,5
2018-04-26 14:11:02.000000,2.609022e+07,1.818806e+07,1.239951e+02,1.410258e+06,8.843602e+01,,,,5
2018-04-26 14:11:03.000000,2.609023e+07,1.818686e+07,1.239944e+02,1.410258e+06,8.843602e+01,,,,5
2018-04-26 14:11:04.000000,2.609022e+07,1.818858e+07,1.239954e+02,1.410258e+06,8.843602e+01,,,,5
2018-04-26 14:11:05.000000,2.609024e+07,1.818665e+07,1.239943e+02,1.410258e+06,8.843602e+01,,,,5
2018-04-26 14:11:06.000000,2.609025e+07,1.818822e+07,1.239951e+02,1.410258e+06,8.843602e+01,,,,5
2018-04-26 14:11:07.000000,2.609024e+07,1.818687e+07,1.239943e+02,1.410258e+06,8.843601e+01,,,,5
2018-04-26 14:11:08.000000,2.609023e+07,1.818903e+07,1.239957e+02,1.410258e+06,8.843601e+01,,,,5
2018-04-26 14:11:09.000000,2.609022e+07,1.818784e+07,1.239950e+02,1.410258e+06,8.843601e+01,,,,5
2018-04-26 14:11:10.000000,2.609024e+07,1.818934e+07,1.239959e+02,1.410258e+06,8.843601e+01,,,,5
2018-04-26 14:11:11.000000,2.609025e+07,1.818822e+07,1.239953e+02,1.410258e+06,8.843601e+01,,,,5
2018-04-26 14:11:12.000000,2.609024e+07,1.818773e+07,1.239951e+02,1.410258e+06,8.843601e+01,,,,5
2018-04-26 14:11:13.000000,2.609023e+07,1.818722e+07,1.239947e+02,1.410258e+06,8.843601e+01,,,,5
2018-04-26 14:11:14.000000,2.609022e+07,1.818683e+07,1.239944e+02,1.410258e+06,8.843601e+01,,,,5
2018-04-26 14:11:15.000000,2.609023e+07,1.818806e+07,1.239951e+02,1.410258e+06,8.843601e+01,,,,5
2018-04-26 14:11:16.000000,2.609024e+07,1.818664e+07,1.239943e+02,1.410258e+06,8.843601e+01,,,,5
2018-04-26 14:11:17.000000,2.609024e+07,1.818764e+07,1.239948e+02,1.410258e+06,8.843601e+01,,,,5
2018-04-26 14:11:18.000000,2.609024e+07,1.818652e+07,1.239942e+02,1.410258e+06,8.843601e+01,,,,5
2018-04-26 14:11:19.000000,2.609022e+07,1.818847e+07,1.239954e+02,1.410258e+06,8.843601e+01,,,,5
2018-04-26 14:11:20.000000,2.609023e+07,1.818749e+07,1.239948e+02,1.410258e+06,8.843601e+01,,,,5
2018-04-26 14:11:21.000000,2.609022e+07,1.818748e+07,1.239949e+02,1.410258e+06,8.843601e+01,,,,5
2018-04-26 14:11:22.000000,2.609024e+07,1.818771e+07,1.239951e+02,1.410258e+06,8.843601e+01,,,,5
2018-04-26 14:11:23.000000,2.609024e+07,1.818779e+07,1.239951e+02,1.410258e+06,8.843601e+01,,,,5
2018-04-26 14:11:24.000000,2.609022e+07,1.818691e+07,1.239945e+02,1.410258e+06,8.843601e+01,,,,5
2018-04-26 14:11:25.000000,2.609023e+07,1.818687e+07,1.239945e+02,1.410258e+06,8.843601e+01,,,,5
2018-04-26 14:11:26.000000,2.609022e+07,1.818806e+07,1.239951e+02,1.410258e+06,8.843601e+01,,,,5
2018-04-26 14:11:27.000000,2.609025e+07,1.818670e+07,1.239943e+02,1.410258e+06,8.843601e+01,,,,5
2018-04-26 14:11:28.000000,2.609024e+07,1.818771e+07,1.239948e+02,1.410258e+06,8.843601e+01,,,,5
2018-04-26 14:11:29.000000,2.609024e+07,1.818650e+07,1.239942e+02,1.410258e+06,8.843600e+01,,,,5
2018-04-26 14:11:30.000000,2.609023e+07,1.818852e+07,1.239954e+02,1.410258e+06,8.843600e+01,,,,5
2018-04-26 14:11:31.000000,2.609022e+07,1.818751e+07,1.239948e+02,1.410258e+06,8.843600e+01,,,,5
2018-04-26 14:11:32.000000,2.609023e+07,1.818919e+07,1.239958e+02,1.410258e+06,8.843600e+01,,,,5
2018-04-26 14:11:33.000000,2.609024e+07,1.818787e+07,1.239952e+02,1.410258e+06,8.843600e+01,,,,5
2018-04-26 14:11:34.000000,2.609024e+07,1.818944e+07,1.239960e+02,1.410258e+06,8.843600e+01,,,,5
2018-04-26 14:11:35.000000,2.609025e+07,1.818810e+07,1.239952e+02,1.410258e+06,8.843600e+01,,,,5
2018-04-26 14:11:36.000000,2.609022e+07,1.818845e+07,1.239953e+02,1.410258e+06,8.843600e+01,,,,5
2018-04-26 14:11:37.000000,2.609023e+07,1.818722e+07,1.239946e+02,1.410258e+06,8.843600e+01,,,,5
2018-04-26 14:11:38.000000,2.609024e+07,1.818806e+07,1.239950e+02,1.410258e+06,8.843600e+01,,,,5
2018-04-26 14:11:39.000000,2.609025e+07,1.818695e+07,1.239944e+02,1.410258e+06,8.843600e+01,,,,5
2018-04-26 14:11:40.000000,2.609024e+07,1.818650e+07,1.239942e+02,1.410258e+06,8.843600e+01,,,,5
2018-04-26 14:11:41.000000,2.609023e+07,1.818764e+07,1.239949e+02,1.410258e+06,8.843600e+01,,,,5
2018-04-26 14:11:42.000000,2.609022e+07,1.818742e+07,1.239948e+02,1.410258e+06,8.843600e+01,,,,5
2018-04-26 14:11:43.000000,2.609022e+07,1.818862e+07,1.239955e+02,1.410258e+06,8.843600e+01,,,,5
2018-04-26 14:11:44.000000,2.609025e+07,1.818781e+07,1.239951e+02,1.410258e+06,8.843600e+01,,,,5
2018-04-26 14:11:45.000000,2.609024e+07,1.818944e+07,1.239959e+02,1.410258e+06,8.843600e+01,,,,5
2018-04-26 14:11:46.000000,2.609024e+07,1.818775e+07,1.239951e+02,1.410258e+06,8.843600e+01,,,,5
2018-04-26 14:11:47.000000,2.609022e+07,1.818855e+07,1.239954e+02,1.410258e+06,8.843600e+01,,,,5
2018-04-26 14:11:48.000000,2.609022e+07,1.818689e+07,1.239945e+02,1.410258e+06,8.843600e+01,,,,5
2018-04-26 14:11:49.000000,2.609023e+07,1.818688e+07,1.239945e+02,1.410258e+06,8.843600e+01,,,,5
2018-04-26 14:11:50.000000,2.609024e+07,1.818685e+07,1.239943e+02,1.410258e+06,8.843600e+01,,,,5
2018-04-26 14:11:51.000000,2.609025e+07,1.818655e+07,1.239942e+02,1.410258e+06,8.843599e+01,,,,5
2018-04-26 14:11:52.000000,2.609022e+07,1.818765e+07,1.239949e+02,1.410258e+06,8.843599e+01,,,,5
2018-04-26 14:11:53.000000,2.609022e+07,1.818748e+07,1.239949e+02,1.410258e+06,8.843599e+01,,,,5
2018-04-26 14:11:54.000000,2.609023e+07,1.818869e+07,1.239955e+02,1.410258e+06,8.843599e+01,,,,5
2018-04-26 14:11:55.000000,2.609024e+07,1.818782e+07,1.239951e+02,1.410258e+06,8.843599e+01,,,,5
2018-04-26 14:11:56.000000,2.609024e+07,1.818894e+07,1.239957e+02,1.410258e+06,8.843599e+01,,,,5
2018-04-26 14:11:57.000000,2.609024e+07,1.818778e+07,1.239951e+02,1.410258e+06,8.843599e+01,,,,5
2018-04-26 14:11:58.000000,2.609023e+07,1.818806e+07,1.239951e+02,1.410258e+06,8.843599e+01,,,,5
2018-04-26 14:11:59.000000,2.609023e+07,1.818690e+07,1.239944e+02,1.410258e+06,8.843599e+01,,,,5
2018-04-26 14:12:00.000000,2.609022e+07,1.818846e+07,1.239953e+02,1.410258e+06,8.843599e+01,,,,5
2018-04-26 14:12:01.000000,2.609024e+07,1.818667e+07,1.239943e+02,1.410258e+06,8.843599e+01,,,,5
2018-04-26 14:12:02.000000,2.609024e+07,1.818808e+07,1.239951e+02,1.410258e+06,8.843599e+01,,,,5
2018-04-26 14:12:03.000000,2.609024e+07,1.818685e+07,1.239943e+02,1.410258e+06,8.843599e+01,,,,5
2018-04-26 14:12:04.000000,2.609022e+07,1.818743e+07,1.239949e+02,1.410258e+06,8.843599e+01,,,,5
2018-04-26 14:12:05.000000,2.609023e+07,1.818776e+07,1.239950e+02,1.410258e+06,8.843599e+01,,,,5
2018-04-26 14:12:06.000000,2.609024e+07,1.818779e+07,1.239951e+02,1.410258e+06,8.843599e+01,,,,5
2018-04-26 14:12:07.000000,2.609024e+07,1.818805e+07,1.239952e+02,1.410258e+06,8.843599e+01,,,,5
2018-04-26 14:12:08.000000,2.609025e+07,1.818773e+07,1.239951e+02,1.410258e+06,8.843599e+01,,,,5
2018-04-26 14:12:09.000000,2.609022e+07,1.818806e+07,1.239951e+02,1.410258e+06,8.843599e+01,,,,5
2018-04-26 14:12:10.000000,2.609023e+07,1.818686e+07,1.239944e+02,1.410258e+06,8.843599e+01,,,,5
2018-04-26 14:12:11.000000,2.609022e+07,1.818858e+07,1.239954e+02,1.410258e+06,8.843599e+01,,,,5
2018-04-26 14:12:12.000000,2.609024e+07,1.818667e+07,1.239943e+02,1.410258e+06,8.843599e+01,,,,5
2018-04-26 14:12:13.000000,2.609025e+07,1.818822e+07,1.239951e+02,1.410258e+06,8.843598e+01,,,,5
2018-04-26 14:12:14.000000,2.609024e+07,1.818687e+07,1.239943e+02,1.410258e+06,8.843598e+01,,,,5
2018-04-26 14:12:15.000000,2.609023e+07,1.818901e+07,1.239957e+02,1.410258e+06,8.843598e+01,,,,5
2018-04-26 14:12:16.000000,2.609022e+07,1.818784e+07,1.239950e+02,1.410258e+06,8.843598e+01,,,,5
2018-04-26 14:12:17.000000,2.609022e+07,1.818746e+07,1.239949e+02,1.410258e+06,8.843598e+01,,,,5
2018-04-26 14:12:18.000000,2.609024e+07,1.818805e+07,1.239952e+02,1.410258e+06,8.843598e+01,,,,5
2018-04-26 14:12:19.000000,2.609024e+07,1.818774e+07,1.239951e+02,1.410258e+06,8.843598e+01,,,,5
2018-04-26 14:12:20.000000,2.609023e+07,1.818722e+07,1.239947e+02,1.410258e+06,8.843598e+01,,,,5
2018-04-26 14:12:21.000000,2.609022e+07,1.818683e+07,1.239944e+02,1.410258e+06,8.843598e+01,,,,5
2018-04-26 14:12:22.000000,2.609023e+07,1.818805e+07,1.239951e+02,1.410258e+06,8.843598e+01,,,,5
2018-04-26 14:12:23.000000,2.609024e+07,1.818664e+07,1.239943e+02,1.410258e+06,8.843598e+01,,,,5
2018-04-26 14:12:24.000000,2.609024e+07,1.818764e+07,1.239948e+02,1.410258e+06,8.843598e+01,,,,5
2018-04-26 14:12:25.000000,2.609024e+07,1.818654e+07,1.239942e+02,1.410258e+06,8.843598e+01,,,,5
2018-04-26 14:12:26.000000,2.609022e+07,1.818847e+07,1.239954e+02,1.410258e+06,8.843598e+01,,,,5
2018-04-26 14:12:27.000000,2.609023e+07,1.818749e+07,1.239948e+02,1.410258e+06,8.843598e+01,,,,5
2018-04-26 14:12:28.000000,2.609022e+07,1.818748e+07,1.239949e+02,1.410258e+06,8.843598e+01,,,,5
2018-04-26 14:12:29.000000,2.609024e+07,1.818771e+07,1.239951e+02,1.410258e+06,8.843598e+01,,,,5
2018-04-26 14:12:30.000000,2.609024e+07,1.818779e+07,1.239951e+02,1.410258e+06,8.843598e+01,,,,5
2018-04-26 14:12:31.000000,2.609022e+07,1.818691e+07,1.239945e+02,1.410258e+06,8.843598e+01,,,,5
2018-04-26 14:12:32.000000,2.609023e+07,1.818687e+07,1.239945e+02,1.410258e+06,8.843598e+01,,,,5
2018-04-26 14:12:33.000000,2.609022e+07,1.818806e+07,1.239951e+02,1.410258e+06,8.843598e+01,,,,5
2018-04-26 14:12:34.000000,2.609024e+07,1.818670e+07,1.239943e+02,1.410258e+06,8.843598e+01,,,,5
2018-04-26 14:12:35.000000,2.609024e+07,1.818771e+07,1.239948e+02,1.410258e+06,8.843597e+01,,,,5
2018-04-26 14:12:36.000000,2.609024e+07,1.818651e+07,1.239942e+02,1.410258e+06,8.843597e+01,,,,5
2018-04-26 14:12:37.000000,2.609023e+07,1.818852e+07,1.239954e+02,1.410258e+06,8.843597e+01,,,,5
2018-04-26 14:12:38.000000,2.609022e+07,1.818751e+07,1.239948e+02,1.410258e+06,8.843597e+01,,,,5
2018-04-26 14:12:39.000000,2.609023e+07,1.818917e+07,1.239958e+02,1.410258e+06,8.843597e+01,,,,5
2018-04-26 14:12:40.000000,2.609024e+07,1.818787e+07,1.239952e+02,1.410258e+06,8.843597e+01,,,,5
2018-04-26 14:12:41.000000,2.609024e+07,1.818944e+07,1.239960e+02,1.410258e+06,8.843597e+01,,,,5
2018-04-26 14:12:42.000000,2.609024e+07,1.818776e+07,1.239951e+02,1.410258e+06,8.843597e+01,,,,5
2018-04-26 14:12:43.000000,2.609022e+07,1.818855e+07,1.239954e+02,1.410258e+06,8.843597e+01,,,,5
2018-04-26 14:12:44.000000,2.609023e+07,1.818688e+07,1.239944e+02,1.410258e+06,8.843597e+01,,,,5
2018-04-26 14:12:45.000000,2.609024e+07,1.818815e+07,1.239950e+02,1.410258e+06,8.843597e+01,,,,5
2018-04-26 14:12:46.000000,2.609024e+07,1.818697e+07,1.239944e+02,1.410258e+06,8.843597e+01,,,,5
2018-04-26 14:12:47.000000,2.609025e+07,1.818656e+07,1.239942e+02,1.410258e+06,8.843597e+01,,,,5
2018-04-26 14:12:48.000000,2.609022e+07,1.818765e+07,1.239949e+02,1.410258e+06,8.843597e+01,,,,5
2018-04-26 14:12:49.000000,2.609022e+07,1.818748e+07,1.239949e+02,1.410258e+06,8.843597e+01,,,,5
2018-04-26 14:12:50.000000,2.609023e+07,1.818870e+07,1.239955e+02,1.410258e+06,8.843597e+01,,,,5
2018-04-26 14:12:51.000000,2.609024e+07,1.818781e+07,1.239951e+02,1.410258e+06,8.843597e+01,,,,5
2018-04-26 14:12:52.000000,2.609025e+07,1.818894e+07,1.239957e+02,1.410258e+06,8.843597e+01,,,,5
2018-04-26 14:12:53.000000,2.609024e+07,1.818778e+07,1.239951e+02,1.410258e+06,8.843597e+01,,,,5
2018-04-26 14:12:54.000000,2.609023e+07,1.818806e+07,1.239951e+02,1.410258e+06,8.843597e+01,,,,5
2018-04-26 14:12:55.000000,2.609023e+07,1.818690e+07,1.239944e+02,1.410258e+06,8.843597e+01,,,,5
2018-04-26 14:12:56.000000,2.609023e+07,1.818846e+07,1.239953e+02,1.410258e+06,8.843597e+01,,,,5
2018-04-26 14:12:57.000000,2.609024e+07,1.818666e+07,1.239943e+02,1.410258e+06,8.843596e+01,,,,5
2018-04-26 14:12:58.000000,2.609024e+07,1.818810e+07,1.239950e+02,1.410258e+06,8.843596e+01,,,,5
2018-04-26 14:12:59.000000,2.609023e+07,1.818751e+07,1.239948e+02,1.410258e+06,8.843596e+01,,,,5
2018-04-26 14:13:00.000000,2.609023e+07,1.818748e+07,1.239949e+02,1.410258e+06,8.843596e+01,,,,5
2018-04-26 14:13:01.000000,2.609023e+07,1.818776e+07,1.239950e+02,1.410258e+06,8.843596e+01,,,,5
2018-04-26 14:13:02.000000,2.609024e+07,1.818779e+07,1.239951e+02,1.410258e+06,8.843596e+01,,,,5
2018-04-26 14:13:03.000000,2.609024e+07,1.818805e+07,1.239952e+02,1.410258e+06,8.843596e+01,,,,5
2018-04-26 14:13:04.000000,2.609025e+07,1.818773e+07,1.239951e+02,1.410258e+06,8.843596e+01,,,,5
2018-04-26 14:13:05.000000,2.609022e+07,1.818806e+07,1.239951e+02,1.410258e+06,8.843596e+01,,,,5
2018-04-26 14:13:06.000000,2.609023e+07,1.818686e+07,1.239944e+02,1.410258e+06,8.843596e+01,,,,5
2018-04-26 14:13:07.000000,2.609022e+07,1.818861e+07,1.239954e+02,1.410258e+06,8.843596e+01,,,,5
2018-04-26 14:13:08.000000,2.609024e+07,1.818665e+07,1.239943e+02,1.410258e+06,8.843596e+01,,,,5
2018-04-26 14:13:09.000000,2.609025e+07,1.818822e+07,1.239951e+02,1.410258e+06,8.843596e+01,,,,5
2018-04-26 14:13:10.000000,2.609024e+07,1.818687e+07,1.239943e+02,1.410258e+06,8.843596e+01,,,,5
2018-04-26 14:13:11.000000,2.609023e+07,1.818903e+07,1.239957e+02,1.410258e+06,8.843596e+01,,,,5
2018-04-26 14:13:12.000000,2.609022e+07,1.818784e+07,1.239950e+02,1.410258e+06,8.843596e+01,,,,5
2018-04-26 14:13:13.000000,2.609024e+07,1.818934e+07,1.239959e+02,1.410258e+06,8.843596e+01,,,,5
2018-04-26 14:13:14.000000,2.609025e+07,1.818821e+07,1.239953e+02,1.410258e+06,8.843596e+01,,,,5
2018-04-26 14:13:15.000000,2.609024e+07,1.818773e+07,1.239951e+02,1.410258e+06,8.843596e+01,,,,5
2018-04-26 14:13:16.000000,2.609023e+07,1.818722e+07,1.239947e+02,1.410258e+06,8.843596e+01,,,,5
2018-04-26 14:13:17.000000,2.609022e+07,1.818683e+07,1.239944e+02,1.410258e+06,8.843596e+01,,,,5
2018-04-26 14:13:18.000000,2.609023e+07,1.818806e+07,1.239951e+02,1.410258e+06,8.843596e+01,,,,5
2018-04-26 14:13:19.000000,2.609024e+07,1.818664e+07,1.239943e+02,1.410258e+06,8.843596e+01,,,,5
2018-04-26 14:13:20.000000,2.609024e+07,1.818765e+07,1.239948e+02,1.410258e+06,8.843595e+01,,,,5
2018-04-26 14:13:21.000000,2.609024e+07,1.818652e+07,1.239942e+02,1.410258e+06,8.843595e+01,,,,5
2018-04-26 14:13:22.000000,2.609022e+07,1.818847e+07,1.239954e+02,1.410258e+06,8.843595e+01,,,,5
2018-04-26 14:13:23.000000,2.609023e+07,1.818749e+07,1.239948e+02,1.410258e+06,8.843595e+01,,,,5
2018-04-26 14:13:24.000000,2.609023e+07,1.818748e+07,1.239949e+02,1.410258e+06,8.843595e+01,,,,5
2018-04-26 14:13:25.000000,2.609025e+07,1.818772e+07,1.239950e+02,1.410258e+06,8.843595e+01,,,,5
2018-04-26 14:13:26.000000,2.609024e+07,1.818779e+07,1.239951e+02,1.410258e+06,8.843595e+01,,,,5
2018-04-26 14:13:27.000000,2.609022e+07,1.818690e+07,1.239945e+02,1.410258e+06,8.843595e+01,,,,5
2018-04-26 14:13:28.000000,2.609023e+07,1.818687e+07,1.239945e+02,1.410258e+06,8.843595e+01,,,,5
2018-04-26 14:13:29.000000,2.609022e+07,1.818806e+07,1.239951e+02,1.410258e+06,8.843595e+01,,,,5
2018-04-26 14:13:30.000000,2.609025e+07,1.818670e+07,1.239943e+02,1.410258e+06,8.843595e+01,,,,5
2018-04-26 14:13:31.000000,2.609024e+07,1.818772e+07,1.239949e+02,1.410258e+06,8.843595e+01,,,,5
2018-04-26 14:13:32.000000,2.609024e+07,1.818650e+07,1.239942e+02,1.410258e+06,8.843595e+01,,,,5
2018-04-26 14:13:33.000000,2.609023e+07,1.818852e+07,1.239954e+02,1.410258e+06,8.843595e+01,,,,5
2018-04-26 14:13:34.000000,2.609022e+07,1.818750e+07,1.239948e+02,1.410258e+06,8.843595e+01,,,,5
2018-04-26 14:13:35.000000,2.609023e+07,1.818919e+07,1.239958e+02,1.410258e+06,8.843595e+01,,,,5
2018-04-26 14:13:36.000000,2.609024e+07,1.818787e+07,1.239952e+02,1.410258e+06,8.843595e+01,,,,5
2018-04-26 14:13:37.000000,2.609024e+07,1.818944e+07,1.239960e+02,1.410258e+06,8.843595e+01,,,,5
2018-04-26 14:13:38.000000,2.609025e+07,1.818810e+07,1.239952e+02,1.410258e+06,8.843595e+01,,,,5
2018-04-26 14:13:39.000000,2.609023e+07,1.818845e+07,1.239953e+02,1.410258e+06,8.843595e+01,,,,5
2018-04-26 14:13:40.000000,2.609023e+07,1.818722e+07,1.239946e+02,1.410258e+06,8.843595e+01,,,,5
2018-04-26 14:13:41.000000,2.609024e+07,1.818807e+07,1.239950e+02,1.410258e+06,8.843595e+01,,,,5
2018-04-26 14:13:42.000000,2.609025e+07,1.818695e+07,1.239944e+02,1.410258e+06,8.843594e+01,,,,5
2018-04-26 14:13:43.000000,2.609024e+07,1.818650e+07,1.239942e+02,1.410258e+06,8.843594e+01,,,,5
2018-04-26 14:13:44.000000,2.609023e+07,1.818765e+07,1.239949e+02,1.410258e+06,8.843594e+01,,,,5
2018-04-26 14:13:45.000000,2.609023e+07,1.818742e+07,1.239948e+02,1.410258e+06,8.843594e+01,,,,5
2018-04-26 14:13:46.000000,2.609022e+07,1.818862e+07,1.239955e+02,1.410258e+06,8.843594e+01,,,,5
2018-04-26 14:13:47.000000,2.609025e+07,1.818781e+07,1.239951e+02,1.410258e+06,8.843594e+01,,,,5
2018-04-26 14:13:48.000000,2.609024e+07,1.818946e+07,1.239960e+02,1.410258e+06,8.843594e+01,,,,5
2018-04-26 14:13:49.000000,2.609025e+07,1.818776e+07,1.239950e+02,1.410258e+06,8.843594e+01,,,,5
2018-04-26 14:13:50.000000,2.609022e+07,1.818855e+07,1.239954e+02,1.410258e+06,8.843594e+01,,,,5
2018-04-26 14:13:51.000000,2.609022e+07,1.818688e+07,1.239944e+02,1.410258e+06,8.843594e+01,,,,5
2018-04-26 14:13:52.000000,2.609023e+07,1.818688e+07,1.239945e+02,1.410258e+06,8.843594e+01,,,,5
2018-04-26 14:13:53.000000,2.609024e+07,1.818685e+07,1.239943e+02,1.410258e+06,8.843594e+01,,,,5
2018-04-26 14:13:54.000000,2.609025e+07,1.818655e+07,1.239942e+02,1.410258e+06,8.843594e+01,,,,5
2018-04-26 14:13:55.000000,2.609022e+07,1.818765e+07,1.239949e+02,1.410258e+06,8.843594e+01,,,,5
2018-04-26 14:13:56.000000,2.609022e+07,1.818748e+07,1.239949e+02,1.410258e+06,8.843594e+01,,,,5
2018-04-26 14:13:57.000000,2.609023e+07,1.818869e+07,1.239955e+02,1.410258e+06,8.843594e+01,,,,5
2018-04-26 14:13:58.000000,2.609024e+07,1.818781e+07,1.239951e+02,1.410258e+06,8.843594e+01,,,,5
2018-04-26 14:13:59.000000,2.609025e+07,1.818894e+07,1.239957e+02,1.410258e+06,8.843594e+01,,,,5
2018-04-26 14:14:00.000000,2.609024e+07,1.818778e+07,1.239951e+02,1.410258e+06,8.843594e+01,,,,5
2018-04-26 14:14:01.000000,2.609023e+07,1.818806e+07,1.239951e+02,1.410258e+06,8.843594e+01,,,,5
2018-04-26 14:14:02.000000,2.609023e+07,1.818690e+07,1.239944e+02,1.410258e+06,8.843594e+01,,,,5
2018-04-26 14:14:03.000000,2.609022e+07,1.818846e+07,1.239953e+02,1.410258e+06,8.843594e+01,,,,5
2018-04-26 14:14:04.000000,2.609024e+07,1.818667e+07,1.239943e+02,1.410258e+06,8.843594e+01,,,,5
2018-04-26 14:14:05.000000,2.609024e+07,1.818810e+07,1.239950e+02,1.410258e+06,8.843593e+01,,,,5
2018-04-26 14:14:06.000000,2.609025e+07,1.818685e+07,1.239943e+02,1.410258e+06,8.843593e+01,,,,5
2018-04-26 14:14:07.000000,2.609023e+07,1.818743e+07,1.239949e+02,1.410258e+06,8.843593e+01,,,,5
2018-04-26 14:14:08.000000,2.609023e+07,1.818776e+07,1.239950e+02,1.410258e+06,8.843593e+01,,,,5
2018-04-26 14:14:09.000000,2.609024e+07,1.818779e+07,1.239951e+02,1.410258e+06,8.843593e+01,,,,5
2018-04-26 14:14:10.000000,2.609024e+07,1.818805e+07,1.239952e+02,1.410258e+06,8.843593e+01,,,,5
2018-04-26 14:14:11.000000,2.609025e+07,1.818773e+07,1.239951e+02,1.410258e+06,8.843593e+01,,,,5
2018-04-26 14:14:12.000000,2.609022e+07,1.818806e+07,1.239951e+02,1.410258e+06,8.843593e+01,,,,5
2018-04-26 14:14:13.000000,2.609023e+07,1.818686e+07,1.239944e+02,1.410258e+06,8.843593e+01,,,,5
2018-04-26 14:14:14.000000,2.609022e+07,1.818858e+07,1.239954e+02,1.410258e+06,8.843593e+01,,,,5
2018-04-26 14:14:15.000000,2.609024e+07,1.818665e+07,1.239942e+02,1.410258e+06,8.843593e+01,,,,5
2018-04-26 14:14:16.000000,2.609025e+07,1.818822e+07,1.239950e+02,1.410258e+06,8.843593e+01,,,,5
2018-04-26 14:14:17.000000,2.609024e+07,1.818687e+07,1.239943e+02,1.410258e+06,8.843593e+01,,,,5
2018-04-26 14:14:18.000000,2.609023e+07,1.818903e+07,1.239957e+02,1.410258e+06,8.843593e+01,,,,5
2018-04-26 14:14:19.000000,2.609022e+07,1.818784e+07,1.239950e+02,1.410258e+06,8.843593e+01,,,,5
2018-04-26 14:14:20.000000,2.609024e+07,1.818934e+07,1.239959e+02,1.410258e+06,8.843593e+01,,,,5
2018-04-26 14:14:21.000000,2.609025e+07,1.818822e+07,1.239953e+02,1.410258e+06,8.843593e+01,,,,5
2018-04-26 14:14:22.000000,2.609024e+07,1.818773e+07,1.239951e+02,1.410258e+06,8.843593e+01,,,,5
2018-04-26 14:14:23.000000,2.609023e+07,1.818722e+07,1.239947e+02,1.410258e+06,8.843593e+01,,,,5
2018-04-26 14:14:24.000000,2.609022e+07,1.818683e+07,1.239944e+02,1.410258e+06,8.843593e+01,,,,5
2018-04-26 14:14:25.000000,2.609023e+07,1.818806e+07,1.239951e+02,1.410258e+06,8.843593e+01,,,,5
2018-04-26 14:14:26.000000,2.609024e+07,1.818664e+07,1.239943e+02,1.410258e+06,8.843593e+01,,,,5
2018-04-26 14:14:27.000000,2.609024e+07,1.818764e+07,1.239948e+02,1.410258e+06,8.843592e+01,,,,5
2018-04-26 14:14:28.000000,2.609024e+07,1.818654e+07,1.239942e+02,1.410258e+06,8.843592e+01,,,,5
2018-04-26 14:14:29.000000,2.609022e+07,1.818847e+07,1.239954e+02,1.410258e+06,8.843592e+01,,,,5
2018-04-26 14:14:30.000000,2.609023e+07,1.818749e+07,1.239948e+02,1.410258e+06,8.843592e+01,,,,5
2018-04-26 14:14:31.000000,2.609022e+07,1.818748e+07,1.239949e+02,1.410258e+06,8.843592e+01,,,,5
2018-04-26 14:14:32.000000,2.609025e+07,1.818771e+07,1.239950e+02,1.410258e+06,8.843592e+01,,,,5
2018-04-26 14:14:33.000000,2.609024e+07,1.818779e+07,1.239951e+02,1.410258e+06,8.843592e+01,,,,5
2018-04-26 14:14:34.000000,2.609022e+07,1.818691e+07,1.239945e+02,1.410258e+06,8.843592e+01,,,,5
2018-04-26 14:14:35.000000,2.609023e+07,1.818687e+07,1.239945e+02,1.410258e+06,8.843592e+01,,,,5
2018-04-26 14:14:36.000000,2.609022e+07,1.818806e+07,1.239951e+02,1.410258e+06,8.843592e+01,,,,5
2018-04-26 14:14:37.000000,2.609025e+07,1.818670e+07,1.239943e+02,1.410258e+06,8.843592e+01,,,,5
2018-04-26 14:14:38.000000,2.609024e+07,1.818771e+07,1.239948e+02,1.410258e+06,8.843592e+01,,,,5
2018-04-26 14:14:39.000000,2.609024e+07,1.818650e+07,1.239941e+02,1.410258e+06,8.843592e+01,,,,5
2018-04-26 14:14:40.000000,2.609023e+07,1.818852e+07,1.239954e+02,1.410258e+06,8.843592e+01,,,,5
2018-04-26 14:14:41.000000,2.609022e+07,1.818751e+07,1.239948e+02,1.410258e+06,8.843592e+01,,,,5
2018-04-26 14:14:42.000000,2.609023e+07,1.818919e+07,1.239958e+02,1.410258e+06,8.843592e+01,,,,5
2018-04-26 14:14:43.000000,2.609024e+07,1.818787e+07,1.239952e+02,1.410258e+06,8.843592e+01,,,,5
2018-04-26 14:14:44.000000,2.609024e+07,1.818944e+07,1.239960e+02,1.410258e+06,8.843592e+01,,,,5
2018-04-26 14:14:45.000000,2.609025e+07,1.818811e+07,1.239952e+02,1.410258e+06,8.843592e+01,,,,5
2018-04-26 14:14:46.000000,2.609022e+07,1.818845e+07,1.239953e+02,1.410258e+06,8.843592e+01,,,,5
2018-04-26 14:14:47.000000,2.609023e+07,1.818722e+07,1.239946e+02,1.410258e+06,8.843592e+01,,,,5
2018-04-26 14:14:48.000000,2.609024e+07,1.818806e+07,1.239950e+02,1.410258e+06,8.843592e+01,,,,5
2018-04-26 14:14:49.000000,2.609025e+07,1.818695e+07,1.239944e+02,1.410258e+06,8.843592e+01,,,,5
2018-04-26 14:14:50.000000,2.609024e+07,1.818650e+07,1.239942e+02,1.410258e+06,8.843591e+01,,,,5
2018-04-26 14:14:51.000000,2.609023e+07,1.818764e+07,1.239949e+02,1.410258e+06,8.843591e+01,,,,5
2018-04-26 14:14:52.000000,2.609022e+07,1.818742e+07,1.239948e+02,1.410258e+06,8.843591e+01,,,,5
2018-04-26 14:14:53.000000,2.609022e+07,1.818862e+07,1.239955e+02,1.410258e+06,8.843591e+01,,,,5
2018-04-26 14:14:54.000000,2.609025e+07,1.818781e+07,1.239951e+02,1.410258e+06,8.843591e+01,,,,5
2018-04-26 14:14:55.000000,2.609024e+07,1.818944e+07,1.239959e+02,1.410258e+06,8.843591e+01,,,,5
2018-04-26 14:14:56.000000,2.609024e+07,1.818775e+07,1.239950e+02,1.410258e+06,8.843591e+01,,,,5
2018-04-26 14:14:57.000000,2.609022e+07,1.818855e+07,1.239954e+02,1.410258e+06,8.843591e+01,,,,5
2018-04-26 14:14:58.000000,2.609022e+07,1.818689e+07,1.239945e+02,1.410258e+06,8.843591e+01,,,,5
2018-04-26 14:14:59.000000,2.609023e+07,1.818688e+07,1.239945e+02,1.410258e+06,8.843591e+01,,,,5
2018-04-26 14:15:00.000000,2.609024e+07,1.818685e+07,1.239943e+02,1.410258e+06,8.843591e+01,,,,5
2018-04-26 14:15:01.000000,2.609025e+07,1.818655e+07,1.239942e+02,1.410258e+06,8.843591e+01,,,,5
2018-04-26 14:15:02.000000,2.609022e+07,1.818764e+07,1.239949e+02,1.410258e+06,8.843591e+01,,,,5
2018-04-26 14:15:03.000000,2.609022e+07,1.818748e+07,1.239948e+02,1.410258e+06,8.843591e+01,,,,5
2018-04-26 14:15:04.000000,2.609023e+07,1.818869e+07,1.239955e+02,1.410258e+06,8.843591e+01,,,,5
2018-04-26 14:15:05.000000,2.609024e+07,1.818782e+07,1.239951e+02,1.410258e+06,8.843591e+01,,,,5
2018-04-26 14:15:06.000000,2.609025e+07,1.818894e+07,1.239957e+02,1.410258e+06,8.843591e+01,,,,5
2018-04-26 14:15:07.000000,2.609024e+07,1.818778e+07,1.239951e+02,1.410258e+06,8.843591e+01,,,,5
2018-04-26 14:15:08.000000,2.609023e+07,1.818806e+07,1.239951e+02,1.410258e+06,8.843591e+01,,,,5
2018-04-26 14:15:09.000000,2.609023e+07,1.818690e+07,1.239944e+02,1.410258e+06,8.843591e+01,,,,5
2018-04-26 14:15:10.000000,2.609022e+07,1.818846e+07,1.239953e+02,1.410258e+06,8.843591e+01,,,,5
2018-04-26 14:15:11.000000,2.609024e+07,1.818667e+07,1.239943e+02,1.410258e+06,8.843591e+01,,,,5
2018-04-26 14:15:12.000000,2.609024e+07,1.818808e+07,1.239950e+02,1.410258e+06,8.843591e+01,,,,5
2018-04-26 14:15:13.000000,2.609025e+07,1.818685e+07,1.239943e+02,1.410258e+06,8.843590e+01,,,,5
2018-04-26 14:15:14.000000,2.609022e+07,1.818743e+07,1.239949e+02,1.410258e+06,8.843590e+01,,,,5
2018-04-26 14:15:15.000000,2.609023e+07,1.818776e+07,1.239950e+02,1.410258e+06,8.843590e+01,,,,5
2018-04-26 14:15:16.000000,2.609024e+07,1.818779e+07,1.239951e+02,1.410258e+06,8.843590e+01,,,,5
2018-04-26 14:15:17.000000,2.609024e+07,1.818804e+07,1.239952e+02,1.410258e+06,8.843590e+01,,,,5
2018-04-26 14:15:18.000000,2.609025e+07,1.818773e+07,1.239951e+02,1.410258e+06,8.843590e+01,,,,5
2018-04-26 14:15:19.000000,2.609022e+07,1.818806e+07,1.239951e+02,1.410258e+06,8.843590e+01,,,,5
2018-04-26 14:15:20.000000,2.609023e+07,1.818686e+07,1.239944e+02,1.410258e+06,8.843590e+01,,,,5
2018-04-26 14:15:21.000000,2.609022e+07,1.818858e+07,1.239954e+02,1.410258e+06,8.843590e+01,,,,5
2018-04-26 14:15:22.000000,2.609024e+07,1.818667e+07,1.239942e+02,1.410258e+06,8.843590e+01,,,,5
2018-04-26 14:15:23.000000,2.609025e+07,1.818822e+07,1.239950e+02,1.410258e+06,8.843590e+01,,,,5
2018-04-26 14:15:24.000000,2.609024e+07,1.818687e+07,1.239943e+02,1.410258e+06,8.843590e+01,,,,5
2018-04-26 14:15:25.000000,2.609023e+07,1.818901e+07,1.239957e+02,1.410258e+06,8.843590e+01,,,,5
2018-04-26 14:15:26.000000,2.609022e+07,1.818784e+07,1.239950e+02,1.410258e+06,8.843590e+01,,,,5
2018-04-26 14:15:27.000000,2.609022e+07,1.818746e+07,1.239948e+02,1.410258e+06,8.843590e+01,,,,5
2018-04-26 14:15:28.000000,2.609025e+07,1.818805e+07,1.239952e+02,1.410258e+06,8.843590e+01,,,,5
2018-04-26 14:15:29.000000,2.609024e+07,1.818774e+07,1.239951e+02,1.410258e+06,8.843590e+01,,,,5
2018-04-26 14:15:30.000000,2.609023e+07,1.818722e+07,1.239947e+02,1.410258e+06,8.843590e+01,,,,5
2018-04-26 14:15:31.000000,2.609022e+07,1.818683e+07,1.239944e+02,1.410258e+06,8.843590e+01,,,,5
2018-04-26 14:15:32.000000,2.609023e+07,1.818805e+07,1.239951e+02,1.410258e+06,8.843590e+01,,,,5
2018-04-26 14:15:33.000000,2.609024e+07,1.818664e+07,1.239943e+02,1.410258e+06,8.843590e+01,,,,5
2018-04-26 14:15:34.000000,2.609024e+07,1.818764e+07,1.239948e+02,1.410258e+06,8.843590e+01,,,,5
2018-04-26 14:15:35.000000,2.609024e+07,1.818654e+07,1.239942e+02,1.410258e+06,8.843590e+01,,,,5
2018-04-26 14:15:36.000000,2.609022e+07,1.818845e+07,1.239953e+02,1.410258e+06,8.843589e+01,,,,5
2018-04-26 14:15:37.000000,2.609023e+07,1.818749e+07,1.239948e+02,1.410258e+06,8.843589e+01,,,,5
2018-04-26 14:15:38.000000,2.609022e+07,1.818748e+07,1.239949e+02,1.410258e+06,8.843589e+01,,,,5
2018-04-26 14:15:39.000000,2.609024e+07,1.818771e+07,1.239950e+02,1.410258e+06,8.843589e+01,,,,5
2018-04-26 14:15:40.000000,2.609024e+07,1.818779e+07,1.239951e+02,1.410258e+06,8.843589e+01,,,,5
2018-04-26 14:15:41.000000,2.609024e+07,1.818806e+07,1.239952e+02,1.410258e+06,8.843589e+01,,,,5
2018-04-26 14:15:42.000000,2.609023e+07,1.818697e+07,1.239946e+02,1.410258e+06,8.843589e+01,,,,5
2018-04-26 14:15:43.000000,2.609022e+07,1.818806e+07,1.239951e+02,1.410258e+06,8.843589e+01,,,,5
2018-04-26 14:15:44.000000,2.609025e+07,1.818670e+07,1.239943e+02,1.410258e+06,8.843589e+01,,,,5
2018-04-26 14:15:45.000000,2.609024e+07,1.818771e+07,1.239948e+02,1.410258e+06,8.843589e+01,,,,5
2018-04-26 14:15:46.000000,2.609024e+07,1.818651e+07,1.239941e+02,1.410258e+06,8.843589e+01,,,,5
2018-04-26 14:15:47.000000,2.609023e+07,1.818852e+07,1.239954e+02,1.410258e+06,8.843589e+01,,,,5
2018-04-26 14:15:48.000000,2.609022e+07,1.818751e+07,1.239948e+02,1.410258e+06,8.843589e+01,,,,5
2018-04-26 14:15:49.000000,2.609023e+07,1.818917e+07,1.239958e+02,1.410258e+06,8.843589e+01,,,,5
2018-04-26 14:15:50.000000,2.609024e+07,1.818787e+07,1.239952e+02,1.410258e+06,8.843589e+01,,,,5
2018-04-26 14:15:51.000000,2.609024e+07,1.818944e+07,1.239960e+02,1.410258e+06,8.843589e+01,,,,5
2018-04-26 14:15:52.000000,2.609025e+07,1.818811e+07,1.239952e+02,1.410258e+06,8.843589e+01,,,,5
2018-04-26 14:15:53.000000,2.609022e+07,1.818845e+07,1.239953e+02,1.410258e+06,8.843589e+01,,,,5
2018-04-26 14:15:54.000000,2.609023e+07,1.818722e+07,1.239946e+02,1.410258e+06,8.843589e+01,,,,5
2018-04-26 14:15:55.000000,2.609024e+07,1.818806e+07,1.239950e+02,1.410258e+06,8.843589e+01,,,,5
2018-04-26 14:15:56.000000,2.609024e+07,1.818696e+07,1.239944e+02,1.410258e+06,8.843589e+01,,,,5
2018-04-26 14:15:57.000000,2.609024e+07,1.818650e+07,1.239942e+02,1.410258e+06,8.843589e+01,,,,5
2018-04-26 14:15:58.000000,2.609023e+07,1.818764e+07,1.239949e+02,1.410258e+06,8.843589e+01,,,,5
2018-04-26 14:15:59.000000,2.609022e+07,1.818743e+07,1.239948e+02,1.410258e+06,8.843588e+01,,,,5
2018-04-26 14:16:00.000000,2.609022e+07,1.818862e+07,1.239954e+02,1.410258e+06,8.843588e+01,,,,5
2018-04-26 14:16:01.000000,2.609025e+07,1.818781e+07,1.239950e+02,1.410258e+06,8.843588e+01,,,,5
2018-04-26 14:16:02.000000,2.609024e+07,1.818944e+07,1.239959e+02,1.410258e+06,8.843588e+01,,,,5
2018-04-26 14:16:03.000000,2.609024e+07,1.818777e+07,1.239950e+02,1.410258e+06,8.843588e+01,,,,5
2018-04-26 14:16:04.000000,2.609022e+07,1.818855e+07,1.239954e+02,1.410258e+06,8.843588e+01,,,,5
2018-04-26 14:16:05.000000,2.609022e+07,1.818689e+07,1.239945e+02,1.410258e+06,8.843588e+01,,,,5
2018-04-26 14:16:06.000000,2.609023e+07,1.818688e+07,1.239945e+02,1.410258e+06,8.843588e+01,,,,5
2018-04-26 14:16:07.000000,2.609024e+07,1.818685e+07,1.239943e+02,1.410258e+06,8.843588e+01,,,,5
2018-04-26 14:16:08.000000,2.609025e+07,1.818655e+07,1.239942e+02,1.410258e+06,8.843588e+01,,,,5
2018-04-26 14:16:09.000000,2.609022e+07,1.818764e+07,1.239949e+02,1.410258e+06,8.843588e+01,,,,5
2018-04-26 14:16:10.000000,2.609022e+07,1.818749e+07,1.239948e+02,1.410258e+06,8.843588e+01,,,,5
2018-04-26 14:16:11.000000,2.609023e+07,1.818869e+07,1.239955e+02,1.410258e+06,8.843588e+01,,,,5
2018-04-26 14:16:12.000000,2.609024e+07,1.818782e+07,1.239951e+02,1.410258e+06,8.843588e+01,,,,5
2018-04-26 14:16:13.000000,2.609024e+07,1.818892e+07,1.239956e+02,1.410258e+06,8.843588e+01,,,,5
2018-04-26 14:16:14.000000,2.609024e+07,1.818778e+07,1.239950e+02,1.410258e+06,8.843588e+01,,,,5
2018-04-26 14:16:15.000000,2.609023e+07,1.818806e+07,1.239951e+02,1.410258e+06,8.843588e+01,,,,5
2018-04-26 14:16:16.000000,2.609023e+07,1.818691e+07,1.239944e+02,1.410258e+06,8.843588e+01,,,,5
2018-04-26 14:16:17.000000,2.609022e+07,1.818846e+07,1.239953e+02,1.410258e+06,8.843588e+01,,,,5
2018-04-26 14:16:18.000000,2.609024e+07,1.818667e+07,1.239943e+02,1.410258e+06,8.843588e+01,,,,5
2018-04-26 14:16:19.000000,2.609024e+07,1.818808e+07,1.239950e+02,1.410258e+06,8.843588e+01,,,,5
2018-04-26 14:16:20.000000,2.609024e+07,1.818686e+07,1.239943e+02,1.410258e+06,8.843588e+01,,,,5
2018-04-26 14:16:21.000000,2.609022e+07,1.818743e+07,1.239949e+02,1.410258e+06,8.843588e+01,,,,5
2018-04-26 14:16:22.000000,2.609023e+07,1.818776e+07,1.239950e+02,1.410258e+06,8.843587e+01,,,,5
2018-04-26 14:16:23.000000,2.609024e+07,1.818779e+07,1.239951e+02,1.410258e+06,8.843587e+01,,,,5
2018-04-26 14:16:24.000000,2.609024e+07,1.818804e+07,1.239952e+02,1.410258e+06,8.843587e+01,,,,5
2018-04-26 14:16:25.000000,2.609025e+07,1.818773e+07,1.239950e+02,1.410258e+06,8.843587e+01,,,,5
2018-04-26 14:16:26.000000,2.609022e+07,1.818806e+07,1.239951e+02,1.410258e+06,8.843587e+01,,,,5
2018-04-26 14:16:27.000000,2.609023e+07,1.818688e+07,1.239945e+02,1.410258e+06,8.843587e+01,,,,5
2018-04-26 14:16:28.000000,2.609022e+07,1.818858e+07,1.239954e+02,1.410258e+06,8.843587e+01,,,,5
2018-04-26 14:16:29.000000,2.609024e+07,1.818667e+07,1.239942e+02,1.410258e+06,8.843587e+01,,,,5
2018-04-26 14:16:30.000000,2.609025e+07,1.818820e+07,1.239950e+02,1.410258e+06,8.843587e+01,,,,5
2018-04-26 14:16:31.000000,2.609024e+07,1.818687e+07,1.239943e+02,1.410258e+06,8.843587e+01,,,,5
2018-04-26 14:16:32.000000,2.609023e+07,1.818901e+07,1.239957e+02,1.410258e+06,8.843587e+01,,,,5
2018-04-26 14:16:33.000000,2.609022e+07,1.818785e+07,1.239950e+02,1.410258e+06,8.843587e+01,,,,5
2018-04-26 14:16:34.000000,2.609022e+07,1.818746e+07,1.239948e+02,1.410258e+06,8.843587e+01,,,,5
2018-04-26 14:16:35.000000,2.609024e+07,1.818805e+07,1.239952e+02,1.410258e+06,8.843587e+01,,,,5
2018-04-26 14:16:36.000000,2.609024e+07,1.818774e+07,1.239950e+02,1.410258e+06,8.843587e+01,,,,5
2018-04-26 14:16:37.000000,2.609023e+07,1.818722e+07,1.239946e+02,1.410258e+06,8.843587e+01,,,,5
2018-04-26 14:16:38.000000,2.609022e+07,1.818683e+07,1.239944e+02,1.410258e+06,8.843587e+01,,,,5
2018-04-26 14:16:39.000000,2.609023e+07,1.818805e+07,1.239951e+02,1.410258e+06,8.843587e+01,,,,5
2018-04-26 14:16:40.000000,2.609024e+07,1.818665e+07,1.239943e+02,1.410258e+06,8.843587e+01,,,,5
2018-04-26 14:16:41.000000,2.609024e+07,1.818764e+07,1.239948e+02,1.410258e+06,8.843587e+01,,,,5
2018-04-26 14:16:42.000000,2.609024e+07,1.818654e+07,1.239942e+02,1.410258e+06,8.843587e+01,,,,5
2018-04-26 14:16:43.000000,2.609022e+07,1.818845e+07,1.239953e+02,1.410258e+06,8.843587e+01,,,,5
2018-04-26 14:16:44.000000,2.609023e+07,1.818751e+07,1.239948e+02,1.410258e+06,8.843587e+01,,,,5
2018-04-26 14:16:45.000000,2.609022e+07,1.818748e+07,1.239949e+02,1.410258e+06,8.843587e+01,,,,5
2018-04-26 14:16:46.000000,2.609024e+07,1.818771e+07,1.239950e+02,1.410258e+06,8.843586e+01,,,,5
2018-04-26 14:16:47.000000,2.609024e+07,1.818779e+07,1.239951e+02,1.410258e+06,8.843586e+01,,,,5
2018-04-26 14:16:48.000000,2.609024e+07,1.818806e+07,1.239952e+02,1.410258e+06,8.843586e+01,,,,5
2018-04-26 14:16:49.000000,2.609023e+07,1.818697e+07,1.239946e+02,1.410258e+06,8.843586e+01,,,,5
2018-04-26 14:16:50.000000,2.609022e+07,1.818805e+07,1.239951e+02,1.410258e+06,8.843586e+01,,,,5
2018-04-26 14:16:51.000000,2.609024e+07,1.818670e+07,1.239943e+02,1.410258e+06,8.843586e+01,,,,5
2018-04-26 14:16:52.000000,2.609024e+07,1.818771e+07,1.239948e+02,1.410258e+06,8.843586e+01,,,,5
2018-04-26 14:16:53.000000,2.609024e+07,1.818651e+07,1.239941e+02,1.410258e+06,8.843586e+01,,,,5
2018-04-26 14:16:54.000000,2.609023e+07,1.818850e+07,1.239954e+02,1.410258e+06,8.843586e+01,,,,5
2018-04-26 14:16:55.000000,2.609022e+07,1.818751e+07,1.239948e+02,1.410258e+06,8.843586e+01,,,,5
2018-04-26 14:16:56.000000,2.609023e+07,1.818917e+07,1.239958e+02,1.410258e+06,8.843586e+01,,,,5
2018-04-26 14:16:57.000000,2.609024e+07,1.818789e+07,1.239951e+02,1.410258e+06,8.843586e+01,,,,5
2018-04-26 14:16:58.000000,2.609024e+07,1.818944e+07,1.239959e+02,1.410258e+06,8.843586e+01,,,,5
2018-04-26 14:16:59.000000,2.609024e+07,1.818811e+07,1.239952e+02,1.410258e+06,8.843586e+01,,,,5
2018-04-26 14:17:00.000000,2.609022e+07,1.818845e+07,1.239953e+02,1.410258e+06,8.843586e+01,,,,5
2018-04-26 14:17:01.000000,2.609023e+07,1.818723e+07,1.239946e+02,1.410258e+06,8.843586e+01,,,,5
2018-04-26 14:17:02.000000,2.609022e+07,1.818680e+07,1.239944e+02,1.410258e+06,8.843586e+01,,,,5
2018-04-26 14:17:03.000000,2.609024e+07,1.818685e+07,1.239943e+02,1.410258e+06,8.843586e+01,,,,5
2018-04-26 14:17:04.000000,2.609024e+07,1.818655e+07,1.239942e+02,1.410258e+06,8.843586e+01,,,,5
2018-04-26 14:17:05.000000,2.609023e+07,1.818765e+07,1.239949e+02,1.410258e+06,8.843586e+01,,,,5
2018-04-26 14:17:06.000000,2.609023e+07,1.818748e+07,1.239948e+02,1.410258e+06,8.843586e+01,,,,5
2018-04-26 14:17:07.000000,2.609023e+07,1.818869e+07,1.239955e+02,1.410258e+06,8.843586e+01,,,,5
2018-04-26 14:17:08.000000,2.609024e+07,1.818781e+07,1.239950e+02,1.410258e+06,8.843586e+01,,,,5
2018-04-26 14:17:09.000000,2.609025e+07,1.818894e+07,1.239957e+02,1.410258e+06,8.843585e+01,,,,5
2018-04-26 14:17:10.000000,2.609024e+07,1.818778e+07,1.239950e+02,1.410258e+06,8.843585e+01,,,,5
2018-04-26 14:17:11.000000,2.609023e+07,1.818806e+07,1.239951e+02,1.410258e+06,8.843585e+01,,,,5
2018-04-26 14:17:12.000000,2.609023e+07,1.818690e+07,1.239944e+02,1.410258e+06,8.843585e+01,,,,5
2018-04-26 14:17:13.000000,2.609022e+07,1.818846e+07,1.239953e+02,1.410258e+06,8.843585e+01,,,,5
2018-04-26 14:17:14.000000,2.609024e+07,1.818667e+07,1.239943e+02,1.410258e+06,8.843585e+01,,,,5
2018-04-26 14:17:15.000000,2.609024e+07,1.818810e+07,1.239950e+02,1.410258e+06,8.843585e+01,,,,5
2018-04-26 14:17:16.000000,2.609025e+07,1.818685e+07,1.239943e+02,1.410258e+06,8.843585e+01,,,,5
2018-04-26 14:17:17.000000,2.609023e+07,1.818743e+07,1.239949e+02,1.410258e+06,8.843585e+01,,,,5
2018-04-26 14:17:18.000000,2.609023e+07,1.818776e+07,1.239950e+02,1.410258e+06,8.843585e+01,,,,5
2018-04-26 14:17:19.000000,2.609024e+07,1.818779e+07,1.239951e+02,1.410258e+06,8.843585e+01,,,,5
2018-04-26 14:17:20.000000,2.609024e+07,1.818805e+07,1.239952e+02,1.410258e+06,8.843585e+01,,,,5
2018-04-26 14:17:21.000000,2.609025e+07,1.818773e+07,1.239950e+02,1.410258e+06,8.843585e+01,,,,5
2018-04-26 14:17:22.000000,2.609022e+07,1.818806e+07,1.239951e+02,1.410258e+06,8.843585e+01,,,,5
2018-04-26 14:17:23.000000,2.609023e+07,1.818686e+07,1.239944e+02,1.410258e+06,8.843585e+01,,,,5
2018-04-26 14:17:24.000000,2.609022e+07,1.818858e+07,1.239954e+02,1.410258e+06,8.843585e+01,,,,5
2018-04-26 14:17:25.000000,2.609024e+07,1.818665e+07,1.239942e+02,1.410258e+06,8.843585e+01,,,,5
2018-04-26 14:17:26.000000,2.609025e+07,1.818822e+07,1.239950e+02,1.410258e+06,8.843585e+01,,,,5
2018-04-26 14:17:27.000000,2.609024e+07,1.818687e+07,1.239943e+02,1.410258e+06,8.843585e+01,,,,5
2018-04-26 14:17:28.000000,2.609023e+07,1.818901e+07,1.239957e+02,1.410258e+06,8.843585e+01,,,,5
2018-04-26 14:17:29.000000,2.609022e+07,1.818784e+07,1.239950e+02,1.410258e+06,8.843585e+01,,,,5
2018-04-26 14:17:30.000000,2.609024e+07,1.818934e+07,1.239959e+02,1.410258e+06,8.843585e+01,,,,5
2018-04-26 14:17:31.000000,2.609025e+07,1.818822e+07,1.239953e+02,1.410258e+06,8.843585e+01,,,,5
2018-04-26 14:17:32.000000,2.609024e+07,1.818773e+07,1.239950e+02,1.410258e+06,8.843585e+01,,,,5
2018-04-26 14:17:33.000000,2.609023e+07,1.818722e+07,1.239946e+02,1.410258e+06,8.843584e+01,,,,5
2018-04-26 14:17:34.000000,2.609022e+07,1.818684e+07,1.239944e+02,1.410258e+06,8.843584e+01,,,,5
2018-04-26 14:17:35.000000,2.609023e+07,1.818806e+07,1.239951e+02,1.410258e+06,8.843584e+01,,,,5
2018-04-26 14:17:36.000000,2.609024e+07,1.818664e+07,1.239943e+02,1.410258e+06,8.843584e+01,,,,5
2018-04-26 14:17:37.000000,2.609024e+07,1.818765e+07,1.239948e+02,1.410258e+06,8.843584e+01,,,,5
2018-04-26 14:17:38.000000,2.609024e+07,1.818654e+07,1.239942e+02,1.410258e+06,8.843584e+01,,,,5
2018-04-26 14:17:39.000000,2.609022e+07,1.818847e+07,1.239953e+02,1.410258e+06,8.843584e+01,,,,5
2018-04-26 14:17:40.000000,2.609023e+07,1.818749e+07,1.239948e+02,1.410258e+06,8.843584e+01,,,,5
2018-04-26 14:17:41.000000,2.609023e+07,1.818748e+07,1.239948e+02,1.410258e+06,8.843584e+01,,,,5
2018-04-26 14:17:42.000000,2.609025e+07,1.818772e+07,1.239950e+02,1.410258e+06,8.843584e+01,,,,5
2018-04-26 14:17:43.000000,2.609024e+07,1.818779e+07,1.239951e+02,1.410258e+06,8.843584e+01,,,,5
2018-04-26 14:17:44.000000,2.609022e+07,1.818691e+07,1.239945e+02,1.410258e+06,8.843584e+01,,,,5
2018-04-26 14:17:45.000000,2.609023e+07,1.818687e+07,1.239944e+02,1.410258e+06,8.843584e+01,,,,5
2018-04-26 14:17:46.000000,2.609022e+07,1.818806e+07,1.239951e+02,1.410258e+06,8.843584e+01,,,,5
2018-04-26 14:17:47.000000,2.609025e+07,1.818670e+07,1.239943e+02,1.410258e+06,8.843584e+01,,,,5
2018-04-26 14:17:48.000000,2.609024e+07,1.818771e+07,1.239948e+02,1.410258e+06,8.843584e+01,,,,5
2018-04-26 14:17:49.000000,2.609024e+07,1.818650e+07,1.239941e+02,1.410258e+06,8.843584e+01,,,,5
2018-04-26 14:17:50.000000,2.609023e+07,1.818852e+07,1.239954e+02,1.410258e+06,8.843584e+01,,,,5
2018-04-26 14:17:51.000000,2.609022e+07,1.818751e+07,1.239948e+02,1.410258e+06,8.843584e+01,,,,5
2018-04-26 14:17:52.000000,2.609023e+07,1.818919e+07,1.239958e+02,1.410258e+06,8.843584e+01,,,,5
2018-04-26 14:17:53.000000,2.609024e+07,1.818787e+07,1.239951e+02,1.410258e+06,8.843584e+01,,,,5
2018-04-26 14:17:54.000000,2.609024e+07,1.818944e+07,1.239959e+02,1.410258e+06,8.843584e+01,,,,5
2018-04-26 14:17:55.000000,2.609025e+07,1.818811e+07,1.239952e+02,1.410258e+06,8.843584e+01,,,,5
2018-04-26 14:17:56.000000,2.609022e+07,1.818845e+07,1.239953e+02,1.410258e+06,8.843583e+01,,,,5
2018-04-26 14:17:57.000000,2.609023e+07,1.818722e+07,1.239946e+02,1.410258e+06,8.843583e+01,,,,5
2018-04-26 14:17:58.000000,2.609024e+07,1.818806e+07,1.239950e+02,1.410258e+06,8.843583e+01,,,,5
2018-04-26 14:17:59.000000,2.609025e+07,1.818695e+07,1.239944e+02,1.410258e+06,8.843583e+01,,,,5
2018-04-26 14:18:00.000000,2.609024e+07,1.818650e+07,1.239942e+02,1.410258e+06,8.843583e+01,,,,5
2018-04-26 14:18:01.000000,2.609023e+07,1.818764e+07,1.239949e+02,1.410258e+06,8.843583e+01,,,,5
2018-04-26 14:18:02.000000,2.609022e+07,1.818743e+07,1.239948e+02,1.410258e+06,8.843583e+01,,,,5
2018-04-26 14:18:03.000000,2.609022e+07,1.818862e+07,1.239954e+02,1.410258e+06,8.843583e+01,,,,5
2018-04-26 14:18:04.000000,2.609025e+07,1.818781e+07,1.239950e+02,1.410258e+06,8.843583e+01,,,,5
2018-04-26 14:18:05.000000,2.609024e+07,1.818944e+07,1.239959e+02,1.410258e+06,8.843583e+01,,,,5
2018-04-26 14:18:06.000000,2.609025e+07,1.818776e+07,1.239950e+02,1.410258e+06,8.843583e+01,,,,5
2018-04-26 14:18:07.000000,2.609022e+07,1.818855e+07,1.239954e+02,1.410258e+06,8.843583e+01,,,,5
2018-04-26 14:18:08.000000,2.609022e+07,1.818689e+07,1.239945e+02,1.410258e+06,8.843583e+01,,,,5
2018-04-26 14:18:09.000000,2.609023e+07,1.818688e+07,1.239944e+02,1.410258e+06,8.843583e+01,,,,5
2018-04-26 14:18:10.000000,2.609024e+07,1.818685e+07,1.239943e+02,1.410258e+06,8.843583e+01,,,,5
2018-04-26 14:18:11.000000,2.609025e+07,1.818655e+07,1.239942e+02,1.410258e+06,8.843583e+01,,,,5
2018-04-26 14:18:12.000000,2.609022e+07,1.818764e+07,1.239949e+02,1.410258e+06,8.843583e+01,,,,5
2018-04-26 14:18:13.000000,2.609022e+07,1.818748e+07,1.239948e+02,1.410258e+06,8.843583e+01,,,,5
2018-04-26 14:18:14.000000,2.609023e+07,1.818869e+07,1.239955e+02,1.410258e+06,8.843583e+01,,,,5
2018-04-26 14:18:15.000000,2.609024e+07,1.818782e+07,1.239951e+02,1.410258e+06,8.843583e+01,,,,5
2018-04-26 14:18:16.000000,2.609025e+07,1.818894e+07,1.239957e+02,1.410258e+06,8.843583e+01,,,,5
2018-04-26 14:18:17.000000,2.609024e+07,1.818778e+07,1.239950e+02,1.410258e+06,8.843583e+01,,,,5
2018-04-26 14:18:18.000000,2.609023e+07,1.818806e+07,1.239951e+02,1.410258e+06,8.843583e+01,,,,5
2018-04-26 14:18:19.000000,2.609023e+07,1.818691e+07,1.239944e+02,1.410258e+06,8.843583e+01,,,,5
2018-04-26 14:18:20.000000,2.609022e+07,1.818846e+07,1.239953e+02,1.410258e+06,8.843582e+01,,,,5
2018-04-26 14:18:21.000000,2.609024e+07,1.818667e+07,1.239943e+02,1.410258e+06,8.843582e+01,,,,5
2018-04-26 14:18:22.000000,2.609024e+07,1.818808e+07,1.239950e+02,1.410258e+06,8.843582e+01,,,,5
2018-04-26 14:18:23.000000,2.609025e+07,1.818685e+07,1.239943e+02,1.410258e+06,8.843582e+01,,,,5
2018-04-26 14:18:24.000000,2.609023e+07,1.818743e+07,1.239948e+02,1.410258e+06,8.843582e+01,,,,5
2018-04-26 14:18:25.000000,2.609023e+07,1.818776e+07,1.239950e+02,1.410258e+06,8.843582e+01,,,,5
2018-04-26 14:18:26.000000,2.609024e+07,1.818779e+07,1.239951e+02,1.410258e+06,8.843582e+01,,,,5
2018-04-26 14:18:27.000000,2.609024e+07,1.818804e+07,1.239952e+02,1.410258e+06,8.843582e+01,,,,5
2018-04-26 14:18:28.000000,2.609025e+07,1.818773e+07,1.239950e+02,1.410258e+06,8.843582e+01,,,,5
2018-04-26 14:18:29.000000,2.609022e+07,1.818806e+07,1.239951e+02,1.410258e+06,8.843582e+01,,,,5
2018-04-26 14:18:30.000000,2.609023e+07,1.818686e+07,1.239944e+02,1.410258e+06,8.843582e+01,,,,5
2018-04-26 14:18:31.000000,2.609022e+07,1.818858e+07,1.239954e+02,1.410258e+06,8.843582e+01,,,,5
2018-04-26 14:18:32.000000,2.609024e+07,1.818667e+07,1.239942e+02,1.410258e+06,8.843582e+01,,,,5
2018-04-26 14:18:33.000000,2.609025e+07,1.818822e+07,1.239950e+02,1.410258e+06,8.843582e+01,,,,5
2018-04-26 14:18:34.000000,2.609024e+07,1.818687e+07,1.239943e+02,1.410258e+06,8.843582e+01,,,,5
2018-04-26 14:18:35.000000,2.609023e+07,1.818901e+07,1.239957e+02,1.410258e+06,8.843582e+01,,,,5
2018-04-26 14:18:36.000000,2.609022e+07,1.818785e+07,1.239950e+02,1.410258e+06,8.843582e+01,,,,5
2018-04-26 14:18:37.000000,2.609022e+07,1.818746e+07,1.239948e+02,1.410258e+06,8.843582e+01,,,,5
2018-04-26 14:18:38.000000,2.609025e+07,1.818805e+07,1.239952e+02,1.410258e+06,8.843582e+01,,,,5
2018-04-26 14:18:39.000000,2.609024e+07,1.818774e+07,1.239950e+02,1.410258e+06,8.843582e+01,,,,5
2018-04-26 14:18:40.000000,2.609023e+07,1.818722e+07,1.239946e+02,1.410258e+06,8.843582e+01,,,,5
2018-04-26 14:18:41.000000,2.609022e+07,1.818683e+07,1.239944e+02,1.410258e+06,8.843582e+01,,,,5
2018-04-26 14:18:42.000000,2.609023e+07,1.818805e+07,1.239951e+02,1.410258e+06,8.843582e+01,,,,5
2018-04-26 14:18:43.000000,2.609024e+07,1.818664e+07,1.239942e+02,1.410258e+06,8.843582e+01,,,,5
2018-04-26 14:18:44.000000,2.609024e+07,1.818764e+07,1.239948e+02,1.410258e+06,8.843581e+01,,,,5
2018-04-26 14:18:45.000000,2.609024e+07,1.818654e+07,1.239941e+02,1.410258e+06,8.843581e+01,,,,5
2018-04-26 14:18:46.000000,2.609022e+07,1.818845e+07,1.239953e+02,1.410258e+06,8.843581e+01,,,,5
2018-04-26 14:18:47.000000,2.609023e+07,1.818749e+07,1.239948e+02,1.410258e+06,8.843581e+01,,,,5
2018-04-26 14:18:48.000000,2.609022e+07,1.818748e+07,1.239948e+02,1.410258e+06,8.843581e+01,,,,5
2018-04-26 14:18:49.000000,2.609025e+07,1.818771e+07,1.239950e+02,1.410258e+06,8.843581e+01,,,,5
2018-04-26 14:18:50.000000,2.609024e+07,1.818779e+07,1.239951e+02,1.410258e+06,8.843581e+01,,,,5
2018-04-26 14:18:51.000000,2.609024e+07,1.818806e+07,1.239952e+02,1.410258e+06,8.843581e+01,,,,5
2018-04-26 14:18:52.000000,2.609023e+07,1.818697e+07,1.239945e+02,1.410258e+06,8.843581e+01,,,,5
2018-04-26 14:18:53.000000,2.609022e+07,1.818805e+07,1.239951e+02,1.410258e+06,8.843581e+01,,,,5
2018-04-26 14:18:54.000000,2.609025e+07,1.818670e+07,1.239943e+02,1.410258e+06,8.843581e+01,,,,5
2018-04-26 14:18:55.000000,2.609024e+07,1.818771e+07,1.239948e+02,1.410258e+06,8.843581e+01,,,,5
2018-04-26 14:18:56.000000,2.609024e+07,1.818651e+07,1.239941e+02,1.410258e+06,8.843581e+01,,,,5
2018-04-26 14:18:57.000000,2.609023e+07,1.818852e+07,1.239954e+02,1.410258e+06,8.843581e+01,,,,5
2018-04-26 14:18:58.000000,2.609022e+07,1.818751e+07,1.239948e+02,1.410258e+06,8.843581e+01,,,,5
2018-04-26 14:18:59.000000,2.609023e+07,1.818917e+07,1.239958e+02,1.410258e+06,8.843581e+01,,,,5
2018-04-26 14:19:00.000000,2.609024e+07,1.818787e+07,1.239951e+02,1.410258e+06,8.843581e+01,,,,5
2018-04-26 14:19:01.000000,2.609024e+07,1.818944e+07,1.239959e+02,1.410258e+06,8.843581e+01,,,,5
2018-04-26 14:19:02.000000,2.609025e+07,1.818811e+07,1.239952e+02,1.410258e+06,8.843581e+01,,,,5
2018-04-26 14:19:03.000000,2.609022e+07,1.818845e+07,1.239953e+02,1.410258e+06,8.843581e+01,,,,5
2018-04-26 14:19:04.000000,2.609023e+07,1.818722e+07,1.239946e+02,1.410258e+06,8.843581e+01,,,,5
2018-04-26 14:19:05.000000,2.609022e+07,1.818680e+07,1.239944e+02,1.410258e+06,8.843581e+01,,,,5
2018-04-26 14:19:06.000000,2.609025e+07,1.818685e+07,1.239943e+02,1.410258e+06,8.843581e+01,,,,5
2018-04-26 14:19:07.000000,2.609024e+07,1.818650e+07,1.239941e+02,1.410258e+06,8.843581e+01,,,,5
2018-04-26 14:19:08.000000,2.609023e+07,1.818764e+07,1.239949e+02,1.410258e+06,8.843580e+01,,,,5
2018-04-26 14:19:09.000000,2.609022e+07,1.818743e+07,1.239948e+02,1.410258e+06,8.843580e+01,,,,5
2018-04-26 14:19:10.000000,2.609022e+07,1.818861e+07,1.239954e+02,1.410258e+06,8.843580e+01,,,,5
2018-04-26 14:19:11.000000,2.609025e+07,1.818781e+07,1.239950e+02,1.410258e+06,8.843580e+01,,,,5
2018-04-26 14:19:12.000000,2.609024e+07,1.818944e+07,1.239959e+02,1.410258e+06,8.843580e+01,,,,5
2018-04-26 14:19:13.000000,2.609024e+07,1.818777e+07,1.239950e+02,1.410258e+06,8.843580e+01,,,,5
2018-04-26 14:19:14.000000,2.609022e+07,1.818855e+07,1.239954e+02,1.410258e+06,8.843580e+01,,,,5
2018-04-26 14:19:15.000000,2.609022e+07,1.818689e+07,1.239945e+02,1.410258e+06,8.843580e+01,,,,5
2018-04-26 14:19:16.000000,2.609023e+07,1.818688e+07,1.239944e+02,1.410258e+06,8.843580e+01,,,,5
2018-04-26 14:19:17.000000,2.609024e+07,1.818685e+07,1.239943e+02,1.410258e+06,8.843580e+01,,,,5
2018-04-26 14:19:18.000000,2.609025e+07,1.818655e+07,1.239942e+02,1.410258e+06,8.843580e+01,,,,5
2018-04-26 14:19:19.000000,2.609022e+07,1.818764e+07,1.239949e+02,1.410258e+06,8.843580e+01,,,,5
2018-04-26 14:19:20.000000,2.609022e+07,1.818749e+07,1.239948e+02,1.410258e+06,8.843580e+01,,,,5
2018-04-26 14:19:21.000000,2.609023e+07,1.818869e+07,1.239955e+02,1.410258e+06,8.843580e+01,,,,5
2018-04-26 14:19:22.000000,2.609024e+07,1.818782e+07,1.239951e+02,1.410258e+06,8.843580e+01,,,,5
2018-04-26 14:19:23.000000,2.609025e+07,1.818893e+07,1.239956e+02,1.410258e+06,8.843580e+01,,,,5
2018-04-26 14:19:24.000000,2.609024e+07,1.818778e+07,1.239950e+02,1.410258e+06,8.843580e+01,,,,5
2018-04-26 14:19:25.000000,2.609023e+07,1.818806e+07,1.239951e+02,1.410258e+06,8.843580e+01,,,,5
2018-04-26 14:19:26.000000,2.609023e+07,1.818691e+07,1.239944e+02,1.410258e+06,8.843580e+01,,,,5
2018-04-26 14:19:27.000000,2.609022e+07,1.818845e+07,1.239953e+02,1.410258e+06,8.843580e+01,,,,5
2018-04-26 14:19:28.000000,2.609024e+07,1.818668e+07,1.239942e+02,1.410258e+06,8.843580e+01,,,,5
2018-04-26 14:19:29.000000,2.609024e+07,1.818808e+07,1.239950e+02,1.410258e+06,8.843580e+01,,,,5
2018-04-26 14:19:30.000000,2.609025e+07,1.818686e+07,1.239943e+02,1.410258e+06,8.843580e+01,,,,5
2018-04-26 14:19:31.000000,2.609022e+07,1.818743e+07,1.239948e+02,1.410258e+06,8.843580e+01,,,,5
2018-04-26 14:19:32.000000,2.609023e+07,1.818776e+07,1.239950e+02,1.410258e+06,8.843579e+01,,,,5
2018-04-26 14:19:33.000000,2.609024e+07,1.818779e+07,1.239951e+02,1.410258e+06,8.843579e+01,,,,5
2018-04-26 14:19:34.000000,2.609024e+07,1.818804e+07,1.239952e+02,1.410258e+06,8.843579e+01,,,,5
2018-04-26 14:19:35.000000,2.609025e+07,1.818773e+07,1.239950e+02,1.410258e+06,8.843579e+01,,,,5
2018-04-26 14:19:36.000000,2.609022e+07,1.818806e+07,1.239951e+02,1.410258e+06,8.843579e+01,,,,5
2018-04-26 14:19:37.000000,2.609023e+07,1.818688e+07,1.239945e+02,1.410258e+06,8.843579e+01,,,,5
2018-04-26 14:19:38.000000,2.609022e+07,1.818858e+07,1.239954e+02,1.410258e+06,8.843579e+01,,,,5
2018-04-26 14:19:39.000000,2.609024e+07,1.818667e+07,1.239942e+02,1.410258e+06,8.843579e+01,,,,5
2018-04-26 14:19:40.000000,2.609025e+07,1.818820e+07,1.239950e+02,1.410258e+06,8.843579e+01,,,,5
2018-04-26 14:19:41.000000,2.609024e+07,1.818687e+07,1.239943e+02,1.410258e+06,8.843579e+01,,,,5
2018-04-26 14:19:42.000000,2.609023e+07,1.818901e+07,1.239957e+02,1.410258e+06,8.843579e+01,,,,5
2018-04-26 14:19:43.000000,2.609022e+07,1.818785e+07,1.239950e+02,1.410258e+06,8.843579e+01,,,,5
2018-04-26 14:19:44.000000,2.609022e+07,1.818746e+07,1.239948e+02,1.410258e+06,8.843579e+01,,,,5
2018-04-26 14:19:45.000000,2.609025e+07,1.818805e+07,1.239952e+02,1.410258e+06,8.843579e+01,,,,5
2018-04-26 14:19:46.000000,2.609024e+07,1.818774e+07,1.239950e+02,1.410258e+06,8.843579e+01,,,,5
2018-04-26 14:19:47.000000,2.609023e+07,1.818722e+07,1.239946e+02,1.410258e+06,8.843579e+01,,,,5
2018-04-26 14:19:48.000000,2.609022e+07,1.818683e+07,1.239944e+02,1.410258e+06,8.843579e+01,,,,5
2018-04-26 14:19:49.000000,2.609023e+07,1.818805e+07,1.239951e+02,1.410258e+06,8.843579e+01,,,,5
2018-04-26 14:19:50.000000,2.609024e+07,1.818665e+07,1.239942e+02,1.410258e+06,8.843579e+01,,,,5
2018-04-26 14:19:51.000000,2.609024e+07,1.818764e+07,1.239948e+02,1.410258e+06,8.843579e+01,,,,5
2018-04-26 14:19:52.000000,2.609024e+07,1.818654e+07,1.239941e+02,1.410258e+06,8.843579e+01,,,,5
2018-04-26 14:19:53.000000,2.609022e+07,1.818845e+07,1.239953e+02,1.410258e+06,8.843579e+01,,,,5
2018-04-26 14:19:54.000000,2.609023e+07,1.818751e+07,1.239948e+02,1.410258e+06,8.843579e+01,,,,5
2018-04-26 14:19:55.000000,2.609022e+07,1.818748e+07,1.239948e+02,1.410258e+06,8.843579e+01,,,,5
2018-04-26 14:19:56.000000,2.609024e+07,1.818771e+07,1.239950e+02,1.410258e+06,8.843579e+01,,,,5
2018-04-26 14:19:57.000000,2.609024e+07,1.818779e+07,1.239951e+02,1.410258e+06,8.843578e+01,,,,5
2018-04-26 14:19:58.000000,2.609024e+07,1.818806e+07,1.239952e+02,1.410258e+06,8.843578e+01,,,,5
2018-04-26 14:19:59.000000,2.609023e+07,1.818697e+07,1.239945e+02,1.410258e+06,8.843578e+01,,,,5
2018-04-26 14:20:00.000000,2.609022e+07,1.818805e+07,1.239951e+02,1.410258e+06,8.843578e+01,,,,5
2018-04-26 14:20:01.000000,2.609025e+07,1.818671e+07,1.239943e+02,1.410258e+06,8.843578e+01,,,,5
2018-04-26 14:20:02.000000,2.609024e+07,1.818771e+07,1.239948e+02,1.410258e+06,8.843578e+01,,,,5
2018-04-26 14:20:03.000000,2.609024e+07,1.818651e+07,1.239941e+02,1.410258e+06,8.843578e+01,,,,5
2018-04-26 14:20:04.000000,2.609023e+07,1.818850e+07,1.239954e+02,1.410258e+06,8.843578e+01,,,,5
2018-04-26 14:20:05.000000,2.609022e+07,1.818751e+07,1.239948e+02,1.410258e+06,8.843578e+01,,,,5
2018-04-26 14:20:06.000000,2.609023e+07,1.818917e+07,1.239957e+02,1.410258e+06,8.843578e+01,,,,5
2018-04-26 14:20:07.000000,2.609024e+07,1.818789e+07,1.239951e+02,1.410258e+06,8.843578e+01,,,,5
2018-04-26 14:20:08.000000,2.609024e+07,1.818944e+07,1.239959e+02,1.410258e+06,8.843578e+01,,,,5
2018-04-26 14:20:09.000000,2.609024e+07,1.818811e+07,1.239952e+02,1.410258e+06,8.843578e+01,,,,5
2018-04-26 14:20:10.000000,2.609022e+07,1.818845e+07,1.239953e+02,1.410258e+06,8.843578e+01,,,,5
2018-04-26 14:20:11.000000,2.609023e+07,1.818723e+07,1.239946e+02,1.410258e+06,8.843578e+01,,,,5
2018-04-26 14:20:12.000000,2.609022e+07,1.818680e+07,1.239944e+02,1.410258e+06,8.843578e+01,,,,5
2018-04-26 14:20:13.000000,2.609024e+07,1.818685e+07,1.239943e+02,1.410258e+06,8.843578e+01,,,,5
2018-04-26 14:20:14.000000,2.609024e+07,1.818650e+07,1.239941e+02,1.410258e+06,8.843578e+01,,,,5
2018-04-26 14:20:15.000000,2.609023e+07,1.818764e+07,1.239949e+02,1.410258e+06,8.843578e+01,,,,5
2018-04-26 14:20:16.000000,2.609022e+07,1.818743e+07,1.239948e+02,1.410258e+06,8.843578e+01,,,,5
2018-04-26 14:20:17.000000,2.609022e+07,1.818861e+07,1.239954e+02,1.410258e+06,8.843578e+01,,,,5
2018-04-26 14:20:18.000000,2.609025e+07,1.818781e+07,1.239950e+02,1.410258e+06,8.843578e+01,,,,5
2018-04-26 14:20:19.000000,2.609024e+07,1.818944e+07,1.239959e+02,1.410258e+06,8.843578e+01,,,,5
2018-04-26 14:20:20.000000,2.609024e+07,1.818777e+07,1.239950e+02,1.410258e+06,8.843578e+01,,,,5
2018-04-26 14:20:21.000000,2.609022e+07,1.818854e+07,1.239954e+02,1.410258e+06,8.843577e+01,,,,5
2018-04-26 14:20:22.000000,2.609022e+07,1.818690e+07,1.239945e+02,1.410258e+06,8.843577e+01,,,,5
2018-04-26 14:20:23.000000,2.609023e+07,1.818688e+07,1.239944e+02,1.410258e+06,8.843577e+01,,,,5
2018-04-26 14:20:24.000000,2.609024e+07,1.818685e+07,1.239943e+02,1.410258e+06,8.843577e+01,,,,5
2018-04-26 14:20:25.000000,2.609024e+07,1.818655e+07,1.239942e+02,1.410258e+06,8.843577e+01,,,,5
2018-04-26 14:20:26.000000,2.609024e+07,1.818780e+07,1.239948e+02,1.410258e+06,8.843577e+01,,,,5
2018-04-26 14:20:27.000000,2.609022e+07,1.818749e+07,1.239948e+02,1.410258e+06,8.843577e+01,,,,5
2018-04-26 14:20:28.000000,2.609023e+07,1.818868e+07,1.239955e+02,1.410257e+06,8.843577e+01,,,,5
2018-04-26 14:20:29.000000,2.609024e+07,1.818782e+07,1.239951e+02,1.410257e+06,8.843577e+01,,,,5
2018-04-26 14:20:30.000000,2.609024e+07,1.818892e+07,1.239956e+02,1.410257e+06,8.843577e+01,,,,5
2018-04-26 14:20:31.000000,2.609024e+07,1.818779e+07,1.239950e+02,1.410257e+06,8.843577e+01,,,,5
2018-04-26 14:20:32.000000,2.609023e+07,1.818806e+07,1.239951e+02,1.410257e+06,8.843577e+01,,,,5
2018-04-26 14:20:33.000000,2.609023e+07,1.818691e+07,1.239944e+02,1.410257e+06,8.843577e+01,,,,5
2018-04-26 14:20:34.000000,2.609022e+07,1.818845e+07,1.239953e+02,1.410257e+06,8.843577e+01,,,,5
2018-04-26 14:20:35.000000,2.609024e+07,1.818668e+07,1.239942e+02,1.410257e+06,8.843577e+01,,,,5
2018-04-26 14:20:36.000000,2.609024e+07,1.818808e+07,1.239950e+02,1.410257e+06,8.843577e+01,,,,5
2018-04-26 14:20:37.000000,2.609024e+07,1.818686e+07,1.239943e+02,1.410257e+06,8.843577e+01,,,,5
2018-04-26 14:20:38.000000,2.609022e+07,1.818743e+07,1.239948e+02,1.410257e+06,8.843577e+01,,,,5
2018-04-26 14:20:39.000000,2.609023e+07,1.818776e+07,1.239950e+02,1.410257e+06,8.843577e+01,,,,5
2018-04-26 14:20:40.000000,2.609022e+07,1.818740e+07,1.239948e+02,1.410257e+06,8.843577e+01,,,,5
2018-04-26 14:20:41.000000,2.609024e+07,1.818801e+07,1.239952e+02,1.410257e+06,8.843577e+01,,,,5
2018-04-26 14:20:42.000000,2.609025e+07,1.818773e+07,1.239950e+02,1.410257e+06,8.843577e+01,,,,5
2018-04-26 14:20:43.000000,2.609022e+07,1.818806e+07,1.239951e+02,1.410257e+06,8.843577e+01,,,,5
2018-04-26 14:20:44.000000,2.609023e+07,1.818688e+07,1.239945e+02,1.410257e+06,8.843577e+01,,,,5
2018-04-26 14:20:45.000000,2.609022e+07,1.818856e+07,1.239954e+02,1.410257e+06,8.843576e+01,,,,5
2018-04-26 14:20:46.000000,2.609024e+07,1.818667e+07,1.239942e+02,1.410257e+06,8.843576e+01,,,,5
2018-04-26 14:20:47.000000,2.609025e+07,1.818820e+07,1.239950e+02,1.410257e+06,8.843576e+01,,,,5
2018-04-26 14:20:48.000000,2.609024e+07,1.818688e+07,1.239943e+02,1.410257e+06,8.843576e+01,,,,5
2018-04-26 14:20:49.000000,2.609023e+07,1.818901e+07,1.239956e+02,1.410257e+06,8.843576e+01,,,,5
2018-04-26 14:20:50.000000,2.609022e+07,1.818785e+07,1.239950e+02,1.410257e+06,8.843576e+01,,,,5
2018-04-26 14:20:51.000000,2.609022e+07,1.818746e+07,1.239948e+02,1.410257e+06,8.843576e+01,,,,5
2018-04-26 14:20:52.000000,2.609024e+07,1.818805e+07,1.239952e+02,1.410257e+06,8.843576e+01,,,,5
2018-04-26 14:20:53.000000,2.609024e+07,1.818774e+07,1.239950e+02,1.410257e+06,8.843576e+01,,,,5
2018-04-26 14:20:54.000000,2.609023e+07,1.818722e+07,1.239946e+02,1.410257e+06,8.843576e+01,,,,5
2018-04-26 14:20:55.000000,2.609022e+07,1.818683e+07,1.239944e+02,1.410257e+06,8.843576e+01,,,,5
2018-04-26 14:20:56.000000,2.609023e+07,1.818805e+07,1.239951e+02,1.410257e+06,8.843576e+01,,,,5
2018-04-26 14:20:57.000000,2.609024e+07,1.818665e+07,1.239942e+02,1.410257e+06,8.843576e+01,,,,5
2018-04-26 14:20:58.000000,2.609024e+07,1.818763e+07,1.239947e+02,1.410257e+06,8.843576e+01,,,,5
2018-04-26 14:20:59.000000,2.609024e+07,1.818654e+07,1.239941e+02,1.410257e+06,8.843576e+01,,,,5
2018-04-26 14:21:00.000000,2.609022e+07,1.818845e+07,1.239953e+02,1.410257e+06,8.843576e+01,,,,5
2018-04-26 14:21:01.000000,2.609023e+07,1.818751e+07,1.239948e+02,1.410257e+06,8.843576e+01,,,,5
2018-04-26 14:21:02.000000,2.609022e+07,1.818748e+07,1.239948e+02,1.410257e+06,8.843576e+01,,,,5
2018-04-26 14:21:03.000000,2.609024e+07,1.818771e+07,1.239950e+02,1.410257e+06,8.843576e+01,,,,5
2018-04-26 14:21:04.000000,2.609024e+07,1.818779e+07,1.239951e+02,1.410257e+06,8.843576e+01,,,,5
2018-04-26 14:21:05.000000,2.609024e+07,1.818806e+07,1.239952e+02,1.410257e+06,8.843576e+01,,,,5
2018-04-26 14:21:06.000000,2.609023e+07,1.818697e+07,1.239945e+02,1.410257e+06,8.843576e+01,,,,5
2018-04-26 14:21:07.000000,2.609022e+07,1.818805e+07,1.239951e+02,1.410257e+06,8.843576e+01,,,,5
2018-04-26 14:21:08.000000,2.609024e+07,1.818671e+07,1.239943e+02,1.410257e+06,8.843576e+01,,,,5
2018-04-26 14:21:09.000000,2.609024e+07,1.818771e+07,1.239948e+02,1.410257e+06,8.843576e+01,,,,5
2018-04-26 14:21:10.000000,2.609024e+07,1.818651e+07,1.239941e+02,1.410257e+06,8.843575e+01,,,,5
2018-04-26 14:21:11.000000,2.609023e+07,1.818850e+07,1.239954e+02,1.410257e+06,8.843575e+01,,,,5
2018-04-26 14:21:12.000000,2.609022e+07,1.818752e+07,1.239949e+02,1.410257e+06,8.843575e+01,,,,5
2018-04-26 14:21:13.000000,2.609023e+07,1.818917e+07,1.239957e+02,1.410257e+06,8.843575e+01,,,,5
2018-04-26 14:21:14.000000,2.609024e+07,1.818788e+07,1.239951e+02,1.410257e+06,8.843575e+01,,,,5
2018-04-26 14:21:15.000000,2.609024e+07,1.818942e+07,1.239959e+02,1.410257e+06,8.843575e+01,,,,5
2018-04-26 14:21:16.000000,2.609024e+07,1.818812e+07,1.239952e+02,1.410257e+06,8.843575e+01,,,,5
2018-04-26 14:21:17.000000,2.609022e+07,1.818845e+07,1.239953e+02,1.410257e+06,8.843575e+01,,,,5
2018-04-26 14:21:18.000000,2.609023e+07,1.818723e+07,1.239946e+02,1.410257e+06,8.843575e+01,,,,5
2018-04-26 14:21:19.000000,2.609022e+07,1.818680e+07,1.239944e+02,1.410257e+06,8.843575e+01,,,,5
2018-04-26 14:21:20.000000,2.609024e+07,1.818685e+07,1.239943e+02,1.410257e+06,8.843575e+01,,,,5
2018-04-26 14:21:21.000000,2.609024e+07,1.818650e+07,1.239941e+02,1.410257e+06,8.843575e+01,,,,5
2018-04-26 14:21:22.000000,2.609022e+07,1.818763e+07,1.239949e+02,1.410257e+06,8.843575e+01,,,,5
2018-04-26 14:21:23.000000,2.609022e+07,1.818743e+07,1.239948e+02,1.410257e+06,8.843575e+01,,,,5
2018-04-26 14:21:24.000000,2.609022e+07,1.818861e+07,1.239954e+02,1.410257e+06,8.843575e+01,,,,5
2018-04-26 14:21:25.000000,2.609025e+07,1.818781e+07,1.239950e+02,1.410257e+06,8.843575e+01,,,,5
2018-04-26 14:21:26.000000,2.609024e+07,1.818893e+07,1.239957e+02,1.410257e+06,8.843575e+01,,,,5
2018-04-26 14:21:27.000000,2.609024e+07,1.818778e+07,1.239950e+02,1.410257e+06,8.843575e+01,,,,5
2018-04-26 14:21:28.000000,2.609023e+07,1.818806e+07,1.239951e+02,1.410257e+06,8.843575e+01,,,,5
2018-04-26 14:21:29.000000,2.609022e+07,1.818691e+07,1.239944e+02,1.410257e+06,8.843575e+01,,,,5
2018-04-26 14:21:30.000000,2.609022e+07,1.818846e+07,1.239953e+02,1.410257e+06,8.843575e+01,,,,5
2018-04-26 14:21:31.000000,2.609024e+07,1.818667e+07,1.239942e+02,1.410257e+06,8.843575e+01,,,,5
2018-04-26 14:21:32.000000,2.609024e+07,1.818808e+07,1.239950e+02,1.410257e+06,8.843575e+01,,,,5
2018-04-26 14:21:33.000000,2.609025e+07,1.818685e+07,1.239943e+02,1.410257e+06,8.843575e+01,,,,5
2018-04-26 14:21:34.000000,2.609022e+07,1.818743e+07,1.239948e+02,1.410257e+06,8.843575e+01,,,,5
2018-04-26 14:21:35.000000,2.609023e+07,1.818776e+07,1.239950e+02,1.410257e+06,8.843574e+01,,,,5
2018-04-26 14:21:36.000000,2.609024e+07,1.818779e+07,1.239951e+02,1.410257e+06,8.843574e+01,,,,5
2018-04-26 14:21:37.000000,2.609024e+07,1.818804e+07,1.239952e+02,1.410257e+06,8.843574e+01,,,,5
2018-04-26 14:21:38.000000,2.609025e+07,1.818773e+07,1.239950e+02,1.410257e+06,8.843574e+01,,,,5
2018-04-26 14:21:39.000000,2.609022e+07,1.818806e+07,1.239951e+02,1.410257e+06,8.843574e+01,,,,5
2018-04-26 14:21:40.000000,2.609023e+07,1.818686e+07,1.239944e+02,1.410257e+06,8.843574e+01,,,,5
2018-04-26 14:21:41.000000,2.609022e+07,1.818858e+07,1.239954e+02,1.410257e+06,8.843574e+01,,,,5
2018-04-26 14:21:42.000000,2.609024e+07,1.818667e+07,1.239942e+02,1.410257e+06,8.843574e+01,,,,5
2018-04-26 14:21:43.000000,2.609025e+07,1.818822e+07,1.239950e+02,1.410257e+06,8.843574e+01,,,,5
2018-04-26 14:21:44.000000,2.609024e+07,1.818687e+07,1.239943e+02,1.410257e+06,8.843574e+01,,,,5
2018-04-26 14:21:45.000000,2.609023e+07,1.818901e+07,1.239956e+02,1.410257e+06,8.843574e+01,,,,5
2018-04-26 14:21:46.000000,2.609022e+07,1.818785e+07,1.239950e+02,1.410257e+06,8.843574e+01,,,,5
2018-04-26 14:21:47.000000,2.609022e+07,1.818746e+07,1.239948e+02,1.410257e+06,8.843574e+01,,,,5
2018-04-26 14:21:48.000000,2.609025e+07,1.818805e+07,1.239952e+02,1.410257e+06,8.843574e+01,,,,5
2018-04-26 14:21:49.000000,2.609024e+07,1.818774e+07,1.239950e+02,1.410257e+06,8.843574e+01,,,,5
2018-04-26 14:21:50.000000,2.609023e+07,1.818722e+07,1.239946e+02,1.410257e+06,8.843574e+01,,,,5
2018-04-26 14:21:51.000000,2.609022e+07,1.818683e+07,1.239944e+02,1.410257e+06,8.843574e+01,,,,5
2018-04-26 14:21:52.000000,2.609023e+07,1.818805e+07,1.239951e+02,1.410257e+06,8.843574e+01,,,,5
2018-04-26 14:21:53.000000,2.609024e+07,1.818665e+07,1.239942e+02,1.410257e+06,8.843574e+01,,,,5
2018-04-26 14:21:54.000000,2.609024e+07,1.818764e+07,1.239948e+02,1.410257e+06,8.843574e+01,,,,5
2018-04-26 14:21:55.000000,2.609024e+07,1.818654e+07,1.239941e+02,1.410257e+06,8.843574e+01,,,,5
2018-04-26 14:21:56.000000,2.609022e+07,1.818845e+07,1.239953e+02,1.410257e+06,8.843574e+01,,,,5
2018-04-26 14:21:57.000000,2.609023e+07,1.818749e+07,1.239948e+02,1.410257e+06,8.843574e+01,,,,5
2018-04-26 14:21:58.000000,2.609023e+07,1.818748e+07,1.239948e+02,1.410257e+06,8.843574e+01,,,,5
2018-04-26 14:21:59.000000,2.609025e+07,1.818771e+07,1.239950e+02,1.410257e+06,8.843574e+01,,,,5
2018-04-26 14:22:00.000000,2.609024e+07,1.818779e+07,1.239951e+02,1.410257e+06,8.843573e+01,,,,5
2018-04-26 14:22:01.000000,2.609024e+07,1.818806e+07,1.239952e+02,1.410257e+06,8.843573e+01,,,,5
2018-04-26 14:22:02.000000,2.609023e+07,1.818697e+07,1.239945e+02,1.410257e+06,8.843573e+01,,,,5
2018-04-26 14:22:03.000000,2.609022e+07,1.818805e+07,1.239951e+02,1.410257e+06,8.843573e+01,,,,5
2018-04-26 14:22:04.000000,2.609025e+07,1.818670e+07,1.239943e+02,1.410257e+06,8.843573e+01,,,,5
2018-04-26 14:22:05.000000,2.609024e+07,1.818771e+07,1.239948e+02,1.410257e+06,8.843573e+01,,,,5
2018-04-26 14:22:06.000000,2.609024e+07,1.818651e+07,1.239941e+02,1.410257e+06,8.843573e+01,,,,5
2018-04-26 14:22:07.000000,2.609023e+07,1.818852e+07,1.239954e+02,1.410257e+06,8.843573e+01,,,,5
2018-04-26 14:22:08.000000,2.609022e+07,1.818751e+07,1.239948e+02,1.410257e+06,8.843573e+01,,,,5
2018-04-26 14:22:09.000000,2.609023e+07,1.818917e+07,1.239957e+02,1.410257e+06,8.843573e+01,,,,5
2018-04-26 14:22:10.000000,2.609024e+07,1.818789e+07,1.239951e+02,1.410257e+06,8.843573e+01,,,,5
2018-04-26 14:22:11.000000,2.609024e+07,1.818944e+07,1.239959e+02,1.410257e+06,8.843573e+01,,,,5
2018-04-26 14:22:12.000000,2.609025e+07,1.818811e+07,1.239952e+02,1.410257e+06,8.843573e+01,,,,5
2018-04-26 14:22:13.000000,2.609022e+07,1.818845e+07,1.239953e+02,1.410257e+06,8.843573e+01,,,,5
2018-04-26 14:22:14.000000,2.609023e+07,1.818722e+07,1.239946e+02,1.410257e+06,8.843573e+01,,,,5
2018-04-26 14:22:15.000000,2.609022e+07,1.818680e+07,1.239944e+02,1.410257e+06,8.843573e+01,,,,5
2018-04-26 14:22:16.000000,2.609025e+07,1.818685e+07,1.239943e+02,1.410257e+06,8.843573e+01,,,,5
2018-04-26 14:22:17.000000,2.609024e+07,1.818650e+07,1.239941e+02,1.410257e+06,8.843573e+01,,,,5
2018-04-26 14:22:18.000000,2.609023e+07,1.818764e+07,1.239949e+02,1.410257e+06,8.843573e+01,,,,5
2018-04-26 14:22:19.000000,2.609022e+07,1.818743e+07,1.239948e+02,1.410257e+06,8.843573e+01,,,,5
2018-04-26 14:22:20.000000,2.609022e+07,1.818861e+07,1.239954e+02,1.410257e+06,8.843573e+01,,,,5
2018-04-26 14:22:21.000000,2.609025e+07,1.818781e+07,1.239950e+02,1.410257e+06,8.843573e+01,,,,5
2018-04-26 14:22:22.000000,2.609024e+07,1.818944e+07,1.239959e+02,1.410257e+06,8.843573e+01,,,,5
2018-04-26 14:22:23.000000,2.609025e+07,1.818777e+07,1.239950e+02,1.410257e+06,8.843573e+01,,,,5
2018-04-26 14:22:24.000000,2.609022e+07,1.818855e+07,1.239953e+02,1.410257e+06,8.843573e+01,,,,5
2018-04-26 14:22:25.000000,2.609022e+07,1.818689e+07,1.239944e+02,1.410257e+06,8.843572e+01,,,,5
2018-04-26 14:22:26.000000,2.609023e+07,1.818688e+07,1.239944e+02,1.410257e+06,8.843572e+01,,,,5
2018-04-26 14:22:27.000000,2.609024e+07,1.818685e+07,1.239943e+02,1.410257e+06,8.843572e+01,,,,5
2018-04-26 14:22:28.000000,2.609025e+07,1.818655e+07,1.239942e+02,1.410257e+06,8.843572e+01,,,,5
2018-04-26 14:22:29.000000,2.609022e+07,1.818764e+07,1.239949e+02,1.410257e+06,8.843572e+01,,,,5
2018-04-26 14:22:30.000000,2.609022e+07,1.818749e+07,1.239948e+02,1.410257e+06,8.843572e+01,,,,5
2018-04-26 14:22:31.000000,2.609023e+07,1.818869e+07,1.239955e+02,1.410257e+06,8.843572e+01,,,,5
2018-04-26 14:22:32.000000,2.609024e+07,1.818782e+07,1.239951e+02,1.410257e+06,8.843572e+01,,,,5
2018-04-26 14:22:33.000000,2.609025e+07,1.818893e+07,1.239956e+02,1.410257e+06,8.843572e+01,,,,5
2018-04-26 14:22:34.000000,2.609024e+07,1.818778e+07,1.239950e+02,1.410257e+06,8.843572e+01,,,,5
2018-04-26 14:22:35.000000,2.609023e+07,1.818806e+07,1.239951e+02,1.410257e+06,8.843572e+01,,,,5
2018-04-26 14:22:36.000000,2.609023e+07,1.818691e+07,1.239944e+02,1.410257e+06,8.843572e+01,,,,5
2018-04-26 14:22:37.000000,2.609022e+07,1.818845e+07,1.239953e+02,1.410257e+06,8.843572e+01,,,,5
2018-04-26 14:22:38.000000,2.609024e+07,1.818668e+07,1.239942e+02,1.410257e+06,8.843572e+01,,,,5
2018-04-26 14:22:39.000000,2.609024e+07,1.818808e+07,1.239950e+02,1.410257e+06,8.843572e+01,,,,5
2018-04-26 14:22:40.000000,2.609025e+07,1.818686e+07,1.239943e+02,1.410257e+06,8.843572e+01,,,,5
2018-04-26 14:22:41.000000,2.609022e+07,1.818743e+07,1.239948e+02,1.410257e+06,8.843572e+01,,,,5
2018-04-26 14:22:42.000000,2.609023e+07,1.818776e+07,1.239950e+02,1.410257e+06,8.843572e+01,,,,5
2018-04-26 14:22:43.000000,2.609024e+07,1.818779e+07,1.239951e+02,1.410257e+06,8.843572e+01,,,,5
2018-04-26 14:22:44.000000,2.609024e+07,1.818804e+07,1.239952e+02,1.410257e+06,8.843572e+01,,,,5
2018-04-26 14:22:45.000000,2.609025e+07,1.818773e+07,1.239950e+02,1.410257e+06,8.843572e+01,,,,5
2018-04-26 14:22:46.000000,2.609022e+07,1.818806e+07,1.239951e+02,1.410257e+06,8.843572e+01,,,,5
2018-04-26 14:22:47.000000,2.609023e+07,1.818688e+07,1.239945e+02,1.410257e+06,8.843572e+01,,,,5
2018-04-26 14:22:48.000000,2.609022e+07,1.818858e+07,1.239953e+02,1.410257e+06,8.843572e+01,,,,5
2018-04-26 14:22:49.000000,2.609024e+07,1.818667e+07,1.239942e+02,1.410257e+06,8.843572e+01,,,,5
2018-04-26 14:22:50.000000,2.609025e+07,1.818820e+07,1.239950e+02,1.410257e+06,8.843571e+01,,,,5
2018-04-26 14:22:51.000000,2.609024e+07,1.818687e+07,1.239943e+02,1.410257e+06,8.843571e+01,,,,5
2018-04-26 14:22:52.000000,2.609023e+07,1.818901e+07,1.239956e+02,1.410257e+06,8.843571e+01,,,,5
2018-04-26 14:22:53.000000,2.609022e+07,1.818785e+07,1.239950e+02,1.410257e+06,8.843571e+01,,,,5
2018-04-26 14:22:54.000000,2.609022e+07,1.818746e+07,1.239948e+02,1.410257e+06,8.843571e+01,,,,5
2018-04-26 14:22:55.000000,2.609025e+07,1.818805e+07,1.239952e+02,1.410257e+06,8.843571e+01,,,,5
2018-04-26 14:22:56.000000,2.609024e+07,1.818774e+07,1.239950e+02,1.410257e+06,8.843571e+01,,,,5
2018-04-26 14:22:57.000000,2.609023e+07,1.818722e+07,1.239946e+02,1.410257e+06,8.843571e+01,,,,5
2018-04-26 14:22:58.000000,2.609022e+07,1.818683e+07,1.239944e+02,1.410257e+06,8.843571e+01,,,,5
2018-04-26 14:22:59.000000,2.609023e+07,1.818805e+07,1.239951e+02,1.410257e+06,8.843571e+01,,,,5
2018-04-26 14:23:00.000000,2.609024e+07,1.818665e+07,1.239942e+02,1.410257e+06,8.843571e+01,,,,5
2018-04-26 14:23:01.000000,2.609024e+07,1.818763e+07,1.239947e+02,1.410257e+06,8.843571e+01,,,,5
2018-04-26 14:23:02.000000,2.609024e+07,1.818654e+07,1.239941e+02,1.410257e+06,8.843571e+01,,,,5
2018-04-26 14:23:03.000000,2.609022e+07,1.818845e+07,1.239953e+02,1.410257e+06,8.843571e+01,,,,5
2018-04-26 14:23:04.000000,2.609023e+07,1.818751e+07,1.239948e+02,1.410257e+06,8.843571e+01,,,,5
2018-04-26 14:23:05.000000,2.609022e+07,1.818748e+07,1.239948e+02,1.410257e+06,8.843571e+01,,,,5
2018-04-26 14:23:06.000000,2.609024e+07,1.818771e+07,1.239950e+02,1.410257e+06,8.843571e+01,,,,5
2018-04-26 14:23:07.000000,2.609024e+07,1.818779e+07,1.239951e+02,1.410257e+06,8.843571e+01,,,,5
2018-04-26 14:23:08.000000,2.609024e+07,1.818806e+07,1.239952e+02,1.410257e+06,8.843571e+01,,,,5
2018-04-26 14:23:09.000000,2.609023e+07,1.818697e+07,1.239945e+02,1.410257e+06,8.843571e+01,,,,5
2018-04-26 14:23:10.000000,2.609022e+07,1.818805e+07,1.239951e+02,1.410257e+06,8.843571e+01,,,,5
2018-04-26 14:23:11.000000,2.609025e+07,1.818671e+07,1.239943e+02,1.410257e+06,8.843571e+01,,,,5
2018-04-26 14:23:12.000000,2.609024e+07,1.818771e+07,1.239948e+02,1.410257e+06,8.843571e+01,,,,5
2018-04-26 14:23:13.000000,2.609024e+07,1.818651e+07,1.239941e+02,1.410257e+06,8.843571e+01,,,,5
2018-04-26 14:23:14.000000,2.609023e+07,1.818850e+07,1.239954e+02,1.410257e+06,8.843571e+01,,,,5
2018-04-26 14:23:15.000000,2.609022e+07,1.818751e+07,1.239948e+02,1.410257e+06,8.843570e+01,,,,5
2018-04-26 14:23:16.000000,2.609023e+07,1.818917e+07,1.239957e+02,1.410257e+06,8.843570e+01,,,,5
2018-04-26 14:23:17.000000,2.609024e+07,1.818789e+07,1.239951e+02,1.410257e+06,8.843570e+01,,,,5
2018-04-26 14:23:18.000000,2.609024e+07,1.818942e+07,1.239959e+02,1.410257e+06,8.843570e+01,,,,5
2018-04-26 14:23:19.000000,2.609025e+07,1.818812e+07,1.239952e+02,1.410257e+06,8.843570e+01,,,,5
2018-04-26 14:23:20.000000,2.609022e+07,1.818845e+07,1.239953e+02,1.410257e+06,8.843570e+01,,,,5
2018-04-26 14:23:21.000000,2.609023e+07,1.818723e+07,1.239946e+02,1.410257e+06,8.843570e+01,,,,5
2018-04-26 14:23:22.000000,2.609022e+07,1.818680e+07,1.239944e+02,1.410257e+06,8.843570e+01,,,,5
2018-04-26 14:23:23.000000,2.609025e+07,1.818685e+07,1.239943e+02,1.410257e+06,8.843570e+01,,,,5
2018-04-26 14:23:24.000000,2.609024e+07,1.818650e+07,1.239941e+02,1.410257e+06,8.843570e+01,,,,5
2018-04-26 14:23:25.000000,2.609023e+07,1.818764e+07,1.239948e+02,1.410257e+06,8.843570e+01,,,,5
2018-04-26 14:23:26.000000,2.609022e+07,1.818743e+07,1.239948e+02,1.410257e+06,8.843570e+01,,,,5
2018-04-26 14:23:27.000000,2.609022e+07,1.818861e+07,1.239954e+02,1.410257e+06,8.843570e+01,,,,5
2018-04-26 14:23:28.000000,2.609025e+07,1.818781e+07,1.239950e+02,1.410257e+06,8.843570e+01,,,,5
2018-04-26 14:23:29.000000,2.609024e+07,1.818944e+07,1.239959e+02,1.410257e+06,8.843570e+01,,,,5
2018-04-26 14:23:30.000000,2.609024e+07,1.818777e+07,1.239950e+02,1.410257e+06,8.843570e+01,,,,5
2018-04-26 14:23:31.000000,2.609022e+07,1.818854e+07,1.239953e+02,1.410257e+06,8.843570e+01,,,,5
2018-04-26 14:23:32.000000,2.609022e+07,1.818690e+07,1.239944e+02,1.410257e+06,8.843570e+01,,,,5
2018-04-26 14:23:33.000000,2.609023e+07,1.818688e+07,1.239944e+02,1.410257e+06,8.843570e+01,,,,5
2018-04-26 14:23:34.000000,2.609024e+07,1.818685e+07,1.239943e+02,1.410257e+06,8.843570e+01,,,,5
2018-04-26 14:23:35.000000,2.609025e+07,1.818656e+07,1.239942e+02,1.410257e+06,8.843570e+01,,,,5
2018-04-26 14:23:36.000000,2.609024e+07,1.818780e+07,1.239948e+02,1.410257e+06,8.843570e+01,,,,5
2018-04-26 14:23:37.000000,2.609022e+07,1.818749e+07,1.239948e+02,1.410257e+06,8.843570e+01,,,,5
2018-04-26 14:23:38.000000,2.609023e+07,1.818868e+07,1.239955e+02,1.410257e+06,8.843570e+01,,,,5
2018-04-26 14:23:39.000000,2.609024e+07,1.818782e+07,1.239951e+02,1.410257e+06,8.843570e+01,,,,5
2018-04-26 14:23:40.000000,2.609024e+07,1.818892e+07,1.239956e+02,1.410257e+06,8.843570e+01,,,,5
2018-04-26 14:23:41.000000,2.609024e+07,1.818779e+07,1.239950e+02,1.410257e+06,8.843569e+01,,,,5
2018-04-26 14:23:42.000000,2.609023e+07,1.818806e+07,1.239950e+02,1.410257e+06,8.843569e+01,,,,5
2018-04-26 14:23:43.000000,2.609023e+07,1.818691e+07,1.239944e+02,1.410257e+06,8.843569e+01,,,,5
2018-04-26 14:23:44.000000,2.609022e+07,1.818845e+07,1.239953e+02,1.410257e+06,8.843569e+01,,,,5
2018-04-26 14:23:45.000000,2.609024e+07,1.818669e+07,1.239942e+02,1.410257e+06,8.843569e+01,,,,5
2018-04-26 14:23:46.000000,2.609024e+07,1.818808e+07,1.239950e+02,1.410257e+06,8.843569e+01,,,,5
2018-04-26 14:23:47.000000,2.609025e+07,1.818686e+07,1.239943e+02,1.410257e+06,8.843569e+01,,,,5
2018-04-26 14:23:48.000000,2.609022e+07,1.818743e+07,1.239948e+02,1.410257e+06,8.843569e+01,,,,5
2018-04-26 14:23:49.000000,2.609023e+07,1.818776e+07,1.239949e+02,1.410257e+06,8.843569e+01,,,,5
2018-04-26 14:23:50.000000,2.609022e+07,1.818740e+07,1.239948e+02,1.410257e+06,8.843569e+01,,,,5
2018-04-26 14:23:51.000000,2.609024e+07,1.818801e+07,1.239952e+02,1.410257e+06,8.843569e+01,,,,5
2018-04-26 14:23:52.000000,2.609025e+07,1.818773e+07,1.239950e+02,1.410257e+06,8.843569e+01,,,,5
2018-04-26 14:23:53.000000,2.609022e+07,1.818806e+07,1.239951e+02,1.410257e+06,8.843569e+01,,,,5
2018-04-26 14:23:54.000000,2.609023e+07,1.818688e+07,1.239945e+02,1.410257e+06,8.843569e+01,,,,5
2018-04-26 14:23:55.000000,2.609022e+07,1.818856e+07,1.239953e+02,1.410257e+06,8.843569e+01,,,,5
2018-04-26 14:23:56.000000,2.609024e+07,1.818667e+07,1.239942e+02,1.410257e+06,8.843569e+01,,,,5
2018-04-26 14:23:57.000000,2.609025e+07,1.818820e+07,1.239950e+02,1.410257e+06,8.843569e+01,,,,5
2018-04-26 14:23:58.000000,2.609024e+07,1.818688e+07,1.239943e+02,1.410257e+06,8.843569e+01,,,,5
2018-04-26 14:23:59.000000,2.609023e+07,1.818901e+07,1.239956e+02,1.410257e+06,8.843569e+01,,,,5
2018-04-26 14:24:00.000000,2.609022e+07,1.818785e+07,1.239950e+02,1.410257e+06,8.843569e+01,,,,5
2018-04-26 14:24:01.000000,2.609022e+07,1.818746e+07,1.239948e+02,1.410257e+06,8.843569e+01,,,,5
2018-04-26 14:24:02.000000,2.609025e+07,1.818805e+07,1.239952e+02,1.410257e+06,8.843569e+01,,,,5
2018-04-26 14:24:03.000000,2.609024e+07,1.818774e+07,1.239950e+02,1.410257e+06,8.843569e+01,,,,5
2018-04-26 14:24:04.000000,2.609024e+07,1.818901e+07,1.239957e+02,1.410257e+06,8.843569e+01,,,,5
2018-04-26 14:24:05.000000,2.609022e+07,1.818696e+07,1.239945e+02,1.410257e+06,8.843569e+01,,,,5
2018-04-26 14:24:06.000000,2.609023e+07,1.818805e+07,1.239950e+02,1.410257e+06,8.843568e+01,,,,5
2018-04-26 14:24:07.000000,2.609024e+07,1.818665e+07,1.239942e+02,1.410257e+06,8.843568e+01,,,,5
2018-04-26 14:24:08.000000,2.609024e+07,1.818763e+07,1.239947e+02,1.410257e+06,8.843568e+01,,,,5
2018-04-26 14:24:09.000000,2.609024e+07,1.818655e+07,1.239941e+02,1.410257e+06,8.843568e+01,,,,5
2018-04-26 14:24:10.000000,2.609022e+07,1.818845e+07,1.239953e+02,1.410257e+06,8.843568e+01,,,,5
2018-04-26 14:24:11.000000,2.609023e+07,1.818751e+07,1.239948e+02,1.410257e+06,8.843568e+01,,,,5
2018-04-26 14:24:12.000000,2.609022e+07,1.818748e+07,1.239948e+02,1.410257e+06,8.843568e+01,,,,5
2018-04-26 14:24:13.000000,2.609024e+07,1.818771e+07,1.239950e+02,1.410257e+06,8.843568e+01,,,,5
2018-04-26 14:24:14.000000,2.609024e+07,1.818779e+07,1.239951e+02,1.410257e+06,8.843568e+01,,,,5
2018-04-26 14:24:15.000000,2.609024e+07,1.818806e+07,1.239952e+02,1.410257e+06,8.843568e+01,,,,5
2018-04-26 14:24:16.000000,2.609023e+07,1.818697e+07,1.239945e+02,1.410257e+06,8.843568e+01,,,,5
2018-04-26 14:24:17.000000,2.609022e+07,1.818805e+07,1.239951e+02,1.410257e+06,8.843568e+01,,,,5
2018-04-26 14:24:18.000000,2.609025e+07,1.818671e+07,1.239943e+02,1.410257e+06,8.843568e+01,,,,5
2018-04-26 14:24:19.000000,2.609024e+07,1.818770e+07,1.239947e+02,1.410257e+06,8.843568e+01,,,,5
2018-04-26 14:24:20.000000,2.609024e+07,1.818651e+07,1.239941e+02,1.410257e+06,8.843568e+01,,,,5
2018-04-26 14:24:21.000000,2.609023e+07,1.818850e+07,1.239954e+02,1.410257e+06,8.843568e+01,,,,5
2018-04-26 14:24:22.000000,2.609022e+07,1.818752e+07,1.239949e+02,1.410257e+06,8.843568e+01,,,,5
2018-04-26 14:24:23.000000,2.609023e+07,1.818917e+07,1.239957e+02,1.410257e+06,8.843568e+01,,,,5
2018-04-26 14:24:24.000000,2.609024e+07,1.818789e+07,1.239951e+02,1.410257e+06,8.843568e+01,,,,5
2018-04-26 14:24:25.000000,2.609024e+07,1.818942e+07,1.239959e+02,1.410257e+06,8.843568e+01,,,,5
2018-04-26 14:24:26.000000,2.609024e+07,1.818813e+07,1.239952e+02,1.410257e+06,8.843568e+01,,,,5
2018-04-26 14:24:27.000000,2.609022e+07,1.818845e+07,1.239953e+02,1.410257e+06,8.843568e+01,,,,5
2018-04-26 14:24:28.000000,2.609023e+07,1.818723e+07,1.239945e+02,1.410257e+06,8.843568e+01,,,,5
2018-04-26 14:24:29.000000,2.609022e+07,1.818680e+07,1.239944e+02,1.410257e+06,8.843568e+01,,,,5
2018-04-26 14:24:30.000000,2.609024e+07,1.818685e+07,1.239943e+02,1.410257e+06,8.843568e+01,,,,5
2018-04-26 14:24:31.000000,2.609024e+07,1.818650e+07,1.239941e+02,1.410257e+06,8.843568e+01,,,,5
2018-04-26 14:24:32.000000,2.609023e+07,1.818763e+07,1.239948e+02,1.410257e+06,8.843567e+01,,,,5
2018-04-26 14:24:33.000000,2.609022e+07,1.818743e+07,1.239948e+02,1.410257e+06,8.843567e+01,,,,5
2018-04-26 14:24:34.000000,2.609022e+07,1.818861e+07,1.239954e+02,1.410257e+06,8.843567e+01,,,,5
2018-04-26 14:24:35.000000,2.609025e+07,1.818781e+07,1.239950e+02,1.410257e+06,8.843567e+01,,,,5
2018-04-26 14:24:36.000000,2.609024e+07,1.818943e+07,1.239959e+02,1.410257e+06,8.843567e+01,,,,5
2018-04-26 14:24:37.000000,2.609024e+07,1.818777e+07,1.239950e+02,1.410257e+06,8.843567e+01,,,,5
2018-04-26 14:24:38.000000,2.609022e+07,1.818854e+07,1.239953e+02,1.410257e+06,8.843567e+01,,,,5
2018-04-26 14:24:39.000000,2.609022e+07,1.818691e+07,1.239945e+02,1.410257e+06,8.843567e+01,,,,5
2018-04-26 14:24:40.000000,2.609023e+07,1.818688e+07,1.239944e+02,1.410257e+06,8.843567e+01,,,,5
2018-04-26 14:24:41.000000,2.609024e+07,1.818685e+07,1.239943e+02,1.410257e+06,8.843567e+01,,,,5
2018-04-26 14:24:42.000000,2.609024e+07,1.818656e+07,1.239942e+02,1.410257e+06,8.843567e+01,,,,5
2018-04-26 14:24:43.000000,2.609024e+07,1.818779e+07,1.239948e+02,1.410257e+06,8.843567e+01,,,,5
2018-04-26 14:24:44.000000,2.609022e+07,1.818749e+07,1.239948e+02,1.410257e+06,8.843567e+01,,,,5
2018-04-26 14:24:45.000000,2.609023e+07,1.818868e+07,1.239955e+02,1.410257e+06,8.843567e+01,,,,5
2018-04-26 14:24:46.000000,2.609024e+07,1.818783e+07,1.239951e+02,1.410257e+06,8.843567e+01,,,,5
2018-04-26 14:24:47.000000,2.609024e+07,1.818891e+07,1.239956e+02,1.410257e+06,8.843567e+01,,,,5
2018-04-26 14:24:48.000000,2.609024e+07,1.818779e+07,1.239950e+02,1.410257e+06,8.843567e+01,,,,5
2018-04-26 14:24:49.000000,2.609023e+07,1.818806e+07,1.239950e+02,1.410257e+06,8.843567e+01,,,,5
2018-04-26 14:24:50.000000,2.609023e+07,1.818691e+07,1.239944e+02,1.410257e+06,8.843567e+01,,,,5
2018-04-26 14:24:51.000000,2.609022e+07,1.818845e+07,1.239953e+02,1.410257e+06,8.843567e+01,,,,5
2018-04-26 14:24:52.000000,2.609024e+07,1.818669e+07,1.239942e+02,1.410257e+06,8.843567e+01,,,,5
2018-04-26 14:24:53.000000,2.609024e+07,1.818807e+07,1.239949e+02,1.410257e+06,8.843567e+01,,,,5
2018-04-26 14:24:54.000000,2.609024e+07,1.818686e+07,1.239943e+02,1.410257e+06,8.843567e+01,,,,5
2018-04-26 14:24:55.000000,2.609022e+07,1.818743e+07,1.239948e+02,1.410257e+06,8.843567e+01,,,,5
2018-04-26 14:24:56.000000,2.609023e+07,1.818775e+07,1.239949e+02,1.410257e+06,8.843567e+01,,,,5
2018-04-26 14:24:57.000000,2.609022e+07,1.818740e+07,1.239948e+02,1.410257e+06,8.843567e+01,,,,5
2018-04-26 14:24:58.000000,2.609024e+07,1.818801e+07,1.239952e+02,1.410257e+06,8.843566e+01,,,,5
2018-04-26 14:24:59.000000,2.609025e+07,1.818773e+07,1.239950e+02,1.410257e+06,8.843566e+01,,,,5
2018-04-26 14:25:00.000000,2.609022e+07,1.818806e+07,1.239951e+02,1.410257e+06,8.843566e+01,,,,5
2018-04-26 14:25:01.000000,2.609023e+07,1.818688e+07,1.239945e+02,1.410257e+06,8.843566e+01,,,,5
2018-04-26 14:25:02.000000,2.609022e+07,1.818856e+07,1.239953e+02,1.410257e+06,8.843566e+01,,,,5
2018-04-26 14:25:03.000000,2.609024e+07,1.818669e+07,1.239942e+02,1.410257e+06,8.843566e+01,,,,5
2018-04-26 14:25:04.000000,2.609025e+07,1.818820e+07,1.239950e+02,1.410257e+06,8.843566e+01,,,,5
2018-04-26 14:25:05.000000,2.609024e+07,1.818688e+07,1.239943e+02,1.410257e+06,8.843566e+01,,,,5
2018-04-26 14:25:06.000000,2.609023e+07,1.818899e+07,1.239956e+02,1.410257e+06,8.843566e+01,,,,5
2018-04-26 14:25:07.000000,2.609022e+07,1.818786e+07,1.239950e+02,1.410257e+06,8.843566e+01,,,,5
2018-04-26 14:25:08.000000,2.609022e+07,1.818746e+07,1.239948e+02,1.410257e+06,8.843566e+01,,,,5
2018-04-26 14:25:09.000000,2.609024e+07,1.818805e+07,1.239952e+02,1.410257e+06,8.843566e+01,,,,5
2018-04-26 14:25:10.000000,2.609024e+07,1.818774e+07,1.239950e+02,1.410257e+06,8.843566e+01,,,,5
2018-04-26 14:25:11.000000,2.609024e+07,1.818901e+07,1.239957e+02,1.410257e+06,8.843566e+01,,,,5
2018-04-26 14:25:12.000000,2.609022e+07,1.818696e+07,1.239945e+02,1.410257e+06,8.843566e+01,,,,5
2018-04-26 14:25:13.000000,2.609023e+07,1.818804e+07,1.239950e+02,1.410257e+06,8.843566e+01,,,,5
2018-04-26 14:25:14.000000,2.609024e+07,1.818665e+07,1.239942e+02,1.410257e+06,8.843566e+01,,,,5
2018-04-26 14:25:15.000000,2.609024e+07,1.818763e+07,1.239947e+02,1.410257e+06,8.843566e+01,,,,5
2018-04-26 14:25:16.000000,2.609024e+07,1.818655e+07,1.239941e+02,1.410257e+06,8.843566e+01,,,,5
2018-04-26 14:25:17.000000,2.609022e+07,1.818845e+07,1.239953e+02,1.410257e+06,8.843566e+01,,,,5
2018-04-26 14:25:18.000000,2.609023e+07,1.818751e+07,1.239948e+02,1.410257e+06,8.843566e+01,,,,5
2018-04-26 14:25:19.000000,2.609022e+07,1.818748e+07,1.239948e+02,1.410257e+06,8.843566e+01,,,,5
2018-04-26 14:25:20.000000,2.609024e+07,1.818771e+07,1.239950e+02,1.410257e+06,8.843566e+01,,,,5
2018-04-26 14:25:21.000000,2.609024e+07,1.818779e+07,1.239951e+02,1.410257e+06,8.843566e+01,,,,5
2018-04-26 14:25:22.000000,2.609024e+07,1.818806e+07,1.239952e+02,1.410257e+06,8.843566e+01,,,,5
2018-04-26 14:25:23.000000,2.609023e+07,1.818698e+07,1.239945e+02,1.410257e+06,8.843566e+01,,,,5
2018-04-26 14:25:24.000000,2.609022e+07,1.818805e+07,1.239950e+02,1.410257e+06,8.843565e+01,,,,5
2018-04-26 14:25:25.000000,2.609023e+07,1.818678e+07,1.239944e+02,1.410257e+06,8.843565e+01,,,,5
2018-04-26 14:25:26.000000,2.609024e+07,1.818772e+07,1.239948e+02,1.410257e+06,8.843565e+01,,,,5
2018-04-26 14:25:27.000000,2.609024e+07,1.818653e+07,1.239941e+02,1.410257e+06,8.843565e+01,,,,5
2018-04-26 14:25:28.000000,2.609023e+07,1.818850e+07,1.239954e+02,1.410257e+06,8.843565e+01,,,,5
2018-04-26 14:25:29.000000,2.609022e+07,1.818752e+07,1.239949e+02,1.410257e+06,8.843565e+01,,,,5
2018-04-26 14:25:30.000000,2.609023e+07,1.818915e+07,1.239957e+02,1.410257e+06,8.843565e+01,,,,5
2018-04-26 14:25:31.000000,2.609024e+07,1.818788e+07,1.239951e+02,1.410257e+06,8.843565e+01,,,,5
2018-04-26 14:25:32.000000,2.609024e+07,1.818942e+07,1.239959e+02,1.410257e+06,8.843565e+01,,,,5
2018-04-26 14:25:33.000000,2.609024e+07,1.818813e+07,1.239952e+02,1.410257e+06,8.843565e+01,,,,5
2018-04-26 14:25:34.000000,2.609022e+07,1.818845e+07,1.239953e+02,1.410257e+06,8.843565e+01,,,,5
2018-04-26 14:25:35.000000,2.609023e+07,1.818723e+07,1.239945e+02,1.410257e+06,8.843565e+01,,,,5
2018-04-26 14:25:36.000000,2.609022e+07,1.818680e+07,1.239944e+02,1.410257e+06,8.843565e+01,,,,5
2018-04-26 14:25:37.000000,2.609024e+07,1.818684e+07,1.239943e+02,1.410257e+06,8.843565e+01,,,,5
2018-04-26 14:25:38.000000,2.609024e+07,1.818650e+07,1.239941e+02,1.410257e+06,8.843565e+01,,,,5
2018-04-26 14:25:39.000000,2.609024e+07,1.818772e+07,1.239948e+02,1.410257e+06,8.843565e+01,,,,5
2018-04-26 14:25:40.000000,2.609022e+07,1.818742e+07,1.239948e+02,1.410257e+06,8.843565e+01,,,,5
2018-04-26 14:25:41.000000,2.609022e+07,1.818861e+07,1.239954e+02,1.410257e+06,8.843565e+01,,,,5
2018-04-26 14:25:42.000000,2.609025e+07,1.818781e+07,1.239950e+02,1.410257e+06,8.843565e+01,,,,5
2018-04-26 14:25:43.000000,2.609024e+07,1.818892e+07,1.239956e+02,1.410257e+06,8.843565e+01,,,,5
2018-04-26 14:25:44.000000,2.609024e+07,1.818779e+07,1.239950e+02,1.410257e+06,8.843565e+01,,,,5
2018-04-26 14:25:45.000000,2.609023e+07,1.818806e+07,1.239950e+02,1.410257e+06,8.843565e+01,,,,5
2018-04-26 14:25:46.000000,2.609022e+07,1.818691e+07,1.239944e+02,1.410257e+06,8.843565e+01,,,,5
2018-04-26 14:25:47.000000,2.609022e+07,1.818845e+07,1.239953e+02,1.410257e+06,8.843565e+01,,,,5
2018-04-26 14:25:48.000000,2.609024e+07,1.818668e+07,1.239942e+02,1.410257e+06,8.843565e+01,,,,5
2018-04-26 14:25:49.000000,2.609024e+07,1.818808e+07,1.239950e+02,1.410257e+06,8.843565e+01,,,,5
2018-04-26 14:25:50.000000,2.609025e+07,1.818686e+07,1.239943e+02,1.410257e+06,8.843564e+01,,,,5
2018-04-26 14:25:51.000000,2.609022e+07,1.818743e+07,1.239948e+02,1.410257e+06,8.843564e+01,,,,5
2018-04-26 14:25:52.000000,2.609023e+07,1.818776e+07,1.239949e+02,1.410257e+06,8.843564e+01,,,,5
2018-04-26 14:25:53.000000,2.609024e+07,1.818779e+07,1.239951e+02,1.410257e+06,8.843564e+01,,,,5
2018-04-26 14:25:54.000000,2.609024e+07,1.818804e+07,1.239952e+02,1.410257e+06,8.843564e+01,,,,5
2018-04-26 14:25:55.000000,2.609025e+07,1.818773e+07,1.239950e+02,1.410257e+06,8.843564e+01,,,,5
2018-04-26 14:25:56.000000,2.609022e+07,1.818806e+07,1.239950e+02,1.410257e+06,8.843564e+01,,,,5
2018-04-26 14:25:57.000000,2.609023e+07,1.818688e+07,1.239944e+02,1.410257e+06,8.843564e+01,,,,5
2018-04-26 14:25:58.000000,2.609022e+07,1.818858e+07,1.239953e+02,1.410257e+06,8.843564e+01,,,,5
2018-04-26 14:25:59.000000,2.609024e+07,1.818667e+07,1.239942e+02,1.410257e+06,8.843564e+01,,,,5
2018-04-26 14:26:00.000000,2.609025e+07,1.818820e+07,1.239950e+02,1.410257e+06,8.843564e+01,,,,5
2018-04-26 14:26:01.000000,2.609024e+07,1.818688e+07,1.239943e+02,1.410257e+06,8.843564e+01,,,,5
2018-04-26 14:26:02.000000,2.609023e+07,1.818901e+07,1.239956e+02,1.410257e+06,8.843564e+01,,,,5
2018-04-26 14:26:03.000000,2.609022e+07,1.818785e+07,1.239950e+02,1.410257e+06,8.843564e+01,,,,5
2018-04-26 14:26:04.000000,2.609022e+07,1.818746e+07,1.239948e+02,1.410257e+06,8.843564e+01,,,,5
2018-04-26 14:26:05.000000,2.609025e+07,1.818805e+07,1.239952e+02,1.410257e+06,8.843564e+01,,,,5
2018-04-26 14:26:06.000000,2.609024e+07,1.818774e+07,1.239950e+02,1.410257e+06,8.843564e+01,,,,5
2018-04-26 14:26:07.000000,2.609023e+07,1.818722e+07,1.239946e+02,1.410257e+06,8.843564e+01,,,,5
2018-04-26 14:26:08.000000,2.609022e+07,1.818683e+07,1.239944e+02,1.410257e+06,8.843564e+01,,,,5
2018-04-26 14:26:09.000000,2.609023e+07,1.818805e+07,1.239950e+02,1.410257e+06,8.843564e+01,,,,5
2018-04-26 14:26:10.000000,2.609024e+07,1.818665e+07,1.239942e+02,1.410257e+06,8.843564e+01,,,,5
2018-04-26 14:26:11.000000,2.609024e+07,1.818763e+07,1.239947e+02,1.410257e+06,8.843564e+01,,,,5
2018-04-26 14:26:12.000000,2.609024e+07,1.818654e+07,1.239941e+02,1.410257e+06,8.843564e+01,,,,5
2018-04-26 14:26:13.000000,2.609022e+07,1.818845e+07,1.239953e+02,1.410257e+06,8.843564e+01,,,,5
2018-04-26 14:26:14.000000,2.609023e+07,1.818751e+07,1.239948e+02,1.410257e+06,8.843564e+01,,,,5
2018-04-26 14:26:15.000000,2.609023e+07,1.818748e+07,1.239948e+02,1.410257e+06,8.843564e+01,,,,5
2018-04-26 14:26:16.000000,2.609025e+07,1.818771e+07,1.239950e+02,1.410257e+06,8.843564e+01,,,,5
2018-04-26 14:26:17.000000,2.609024e+07,1.818779e+07,1.239951e+02,1.410257e+06,8.843563e+01,,,,5
2018-04-26 14:26:18.000000,2.609024e+07,1.818806e+07,1.239952e+02,1.410257e+06,8.843563e+01,,,,5
2018-04-26 14:26:19.000000,2.609023e+07,1.818697e+07,1.239945e+02,1.410257e+06,8.843563e+01,,,,5
2018-04-26 14:26:20.000000,2.609022e+07,1.818805e+07,1.239950e+02,1.410257e+06,8.843563e+01,,,,5
2018-04-26 14:26:21.000000,2.609025e+07,1.818671e+07,1.239943e+02,1.410257e+06,8.843563e+01,,,,5
2018-04-26 14:26:22.000000,2.609024e+07,1.818771e+07,1.239948e+02,1.410257e+06,8.843563e+01,,,,5
2018-04-26 14:26:23.000000,2.609024e+07,1.818651e+07,1.239941e+02,1.410257e+06,8.843563e+01,,,,5
2018-04-26 14:26:24.000000,2.609023e+07,1.818850e+07,1.239954e+02,1.410257e+06,8.843563e+01,,,,5
2018-04-26 14:26:25.000000,2.609022e+07,1.818751e+07,1.239948e+02,1.410257e+06,8.843563e+01,,,,5
2018-04-26 14:26:26.000000,2.609023e+07,1.818917e+07,1.239957e+02,1.410257e+06,8.843563e+01,,,,5
2018-04-26 14:26:27.000000,2.609024e+07,1.818789e+07,1.239951e+02,1.410257e+06,8.843563e+01,,,,5
2018-04-26 14:26:28.000000,2.609024e+07,1.818942e+07,1.239959e+02,1.410257e+06,8.843563e+01,,,,5
2018-04-26 14:26:29.000000,2.609025e+07,1.818812e+07,1.239952e+02,1.410257e+06,8.843563e+01,,,,5
2018-04-26 14:26:30.000000,2.609022e+07,1.818845e+07,1.239952e+02,1.410257e+06,8.843563e+01,,,,5
2018-04-26 14:26:31.000000,2.609023e+07,1.818723e+07,1.239945e+02,1.410257e+06,8.843563e+01,,,,5
2018-04-26 14:26:32.000000,2.609022e+07,1.818680e+07,1.239944e+02,1.410257e+06,8.843563e+01,,,,5
2018-04-26 14:26:33.000000,2.609025e+07,1.818685e+07,1.239943e+02,1.410257e+06,8.843563e+01,,,,5
2018-04-26 14:26:34.000000,2.609024e+07,1.818650e+07,1.239941e+02,1.410257e+06,8.843563e+01,,,,5
2018-04-26 14:26:35.000000,2.609023e+07,1.818763e+07,1.239948e+02,1.410257e+06,8.843563e+01,,,,5
2018-04-26 14:26:36.000000,2.609022e+07,1.818743e+07,1.239948e+02,1.410257e+06,8.843563e+01,,,,5
2018-04-26 14:26:37.000000,2.609022e+07,1.818861e+07,1.239954e+02,1.410257e+06,8.843563e+01,,,,5
2018-04-26 14:26:38.000000,2.609025e+07,1.818781e+07,1.239950e+02,1.410257e+06,8.843563e+01,,,,5
2018-04-26 14:26:39.000000,2.609024e+07,1.818944e+07,1.239959e+02,1.410257e+06,8.843563e+01,,,,5
2018-04-26 14:26:40.000000,2.609025e+07,1.818777e+07,1.239950e+02,1.410257e+06,8.843563e+01,,,,5
2018-04-26 14:26:41.000000,2.609022e+07,1.818854e+07,1.239953e+02,1.410257e+06,8.843563e+01,,,,5
2018-04-26 14:26:42.000000,2.609022e+07,1.818690e+07,1.239944e+02,1.410257e+06,8.843563e+01,,,,5
2018-04-26 14:26:43.000000,2.609023e+07,1.818688e+07,1.239944e+02,1.410257e+06,8.843562e+01,,,,5
2018-04-26 14:26:44.000000,2.609024e+07,1.818685e+07,1.239943e+02,1.410257e+06,8.843562e+01,,,,5
2018-04-26 14:26:45.000000,2.609025e+07,1.818656e+07,1.239942e+02,1.410257e+06,8.843562e+01,,,,5
2018-04-26 14:26:46.000000,2.609024e+07,1.818780e+07,1.239948e+02,1.410257e+06,8.843562e+01,,,,5
2018-04-26 14:26:47.000000,2.609022e+07,1.818749e+07,1.239948e+02,1.410257e+06,8.843562e+01,,,,5
2018-04-26 14:26:48.000000,2.609023e+07,1.818868e+07,1.239955e+02,1.410257e+06,8.843562e+01,,,,5
2018-04-26 14:26:49.000000,2.609024e+07,1.818782e+07,1.239951e+02,1.410257e+06,8.843562e+01,,,,5
2018-04-26 14:26:50.000000,2.609025e+07,1.818892e+07,1.239956e+02,1.410257e+06,8.843562e+01,,,,5
2018-04-26 14:26:51.000000,2.609024e+07,1.818779e+07,1.239950e+02,1.410257e+06,8.843562e+01,,,,5
2018-04-26 14:26:52.000000,2.609023e+07,1.818806e+07,1.239950e+02,1.410257e+06,8.843562e+01,,,,5
2018-04-26 14:26:53.000000,2.609023e+07,1.818691e+07,1.239944e+02,1.410257e+06,8.843562e+01,,,,5
2018-04-26 14:26:54.000000,2.609022e+07,1.818845e+07,1.239952e+02,1.410257e+06,8.843562e+01,,,,5
2018-04-26 14:26:55.000000,2.609024e+07,1.818669e+07,1.239942e+02,1.410257e+06,8.843562e+01,,,,5
2018-04-26 14:26:56.000000,2.609024e+07,1.818808e+07,1.239950e+02,1.410257e+06,8.843562e+01,,,,5
2018-04-26 14:26:57.000000,2.609025e+07,1.818686e+07,1.239943e+02,1.410257e+06,8.843562e+01,,,,5
2018-04-26 14:26:58.000000,2.609022e+07,1.818743e+07,1.239948e+02,1.410257e+06,8.843562e+01,,,,5
2018-04-26 14:26:59.000000,2.609023e+07,1.818776e+07,1.239949e+02,1.410257e+06,8.843562e+01,,,,5
2018-04-26 14:27:00.000000,2.609022e+07,1.818740e+07,1.239948e+02,1.410257e+06,8.843562e+01,,,,5
2018-04-26 14:27:01.000000,2.609024e+07,1.818801e+07,1.239952e+02,1.410257e+06,8.843562e+01,,,,5
2018-04-26 14:27:02.000000,2.609025e+07,1.818773e+07,1.239950e+02,1.410257e+06,8.843562e+01,,,,5
2018-04-26 14:27:03.000000,2.609022e+07,1.818806e+07,1.239950e+02,1.410257e+06,8.843562e+01,,,,5
2018-04-26 14:27:04.000000,2.609023e+07,1.818688e+07,1.239944e+02,1.410257e+06,8.843562e+01,,,,5
2018-04-26 14:27:05.000000,2.609022e+07,1.818856e+07,1.239953e+02,1.410257e+06,8.843562e+01,,,,5
2018-04-26 14:27:06.000000,2.609024e+07,1.818667e+07,1.239942e+02,1.410257e+06,8.843562e+01,,,,5
2018-04-26 14:27:07.000000,2.609025e+07,1.818820e+07,1.239950e+02,1.410257e+06,8.843562e+01,,,,5
2018-04-26 14:27:08.000000,2.609024e+07,1.818688e+07,1.239943e+02,1.410257e+06,8.843562e+01,,,,5
2018-04-26 14:27:09.000000,2.609023e+07,1.818899e+07,1.239956e+02,1.410257e+06,8.843562e+01,,,,5
2018-04-26 14:27:10.000000,2.609022e+07,1.818786e+07,1.239949e+02,1.410257e+06,8.843561e+01,,,,5
2018-04-26 14:27:11.000000,2.609022e+07,1.818746e+07,1.239948e+02,1.410257e+06,8.843561e+01,,,,5
2018-04-26 14:27:12.000000,2.609025e+07,1.818805e+07,1.239952e+02,1.410257e+06,8.843561e+01,,,,5
2018-04-26 14:27:13.000000,2.609024e+07,1.818774e+07,1.239950e+02,1.410257e+06,8.843561e+01,,,,5
2018-04-26 14:27:14.000000,2.609025e+07,1.818901e+07,1.239957e+02,1.410257e+06,8.843561e+01,,,,5
2018-04-26 14:27:15.000000,2.609022e+07,1.818696e+07,1.239945e+02,1.410257e+06,8.843561e+01,,,,5
2018-04-26 14:27:16.000000,2.609023e+07,1.818805e+07,1.239950e+02,1.410257e+06,8.843561e+01,,,,5
2018-04-26 14:27:17.000000,2.609024e+07,1.818665e+07,1.239942e+02,1.410257e+06,8.843561e+01,,,,5
2018-04-26 14:27:18.000000,2.609024e+07,1.818763e+07,1.239947e+02,1.410257e+06,8.843561e+01,,,,5
2018-04-26 14:27:19.000000,2.609024e+07,1.818655e+07,1.239941e+02,1.410257e+06,8.843561e+01,,,,5
2018-04-26 14:27:20.000000,2.609022e+07,1.818845e+07,1.239953e+02,1.410257e+06,8.843561e+01,,,,5
2018-04-26 14:27:21.000000,2.609023e+07,1.818751e+07,1.239948e+02,1.410257e+06,8.843561e+01,,,,5
2018-04-26 14:27:22.000000,2.609022e+07,1.818748e+07,1.239948e+02,1.410257e+06,8.843561e+01,,,,5
2018-04-26 14:27:23.000000,2.609024e+07,1.818771e+07,1.239950e+02,1.410257e+06,8.843561e+01,,,,5
2018-04-26 14:27:24.000000,2.609024e+07,1.818779e+07,1.239951e+02,1.410257e+06,8.843561e+01,,,,5
2018-04-26 14:27:25.000000,2.609024e+07,1.818806e+07,1.239952e+02,1.410257e+06,8.843561e+01,,,,5
2018-04-26 14:27:26.000000,2.609023e+07,1.818698e+07,1.239945e+02,1.410257e+06,8.843561e+01,,,,5
2018-04-26 14:27:27.000000,2.609022e+07,1.818805e+07,1.239950e+02,1.410257e+06,8.843561e+01,,,,5
2018-04-26 14:27:28.000000,2.609025e+07,1.818671e+07,1.239943e+02,1.410257e+06,8.843561e+01,,,,5
2018-04-26 14:27:29.000000,2.609024e+07,1.818770e+07,1.239947e+02,1.410257e+06,8.843561e+01,,,,5
2018-04-26 14:27:30.000000,2.609024e+07,1.818651e+07,1.239941e+02,1.410257e+06,8.843561e+01,,,,5
2018-04-26 14:27:31.000000,2.609023e+07,1.818850e+07,1.239954e+02,1.410257e+06,8.843561e+01,,,,5
2018-04-26 14:27:32.000000,2.609022e+07,1.818752e+07,1.239949e+02,1.410257e+06,8.843561e+01,,,,5
2018-04-26 14:27:33.000000,2.609023e+07,1.818917e+07,1.239957e+02,1.410257e+06,8.843561e+01,,,,5
2018-04-26 14:27:34.000000,2.609024e+07,1.818789e+07,1.239951e+02,1.410257e+06,8.843561e+01,,,,5
2018-04-26 14:27:35.000000,2.609024e+07,1.818942e+07,1.239959e+02,1.410257e+06,8.843561e+01,,,,5
2018-04-26 14:27:36.000000,2.609025e+07,1.818813e+07,1.239952e+02,1.410257e+06,8.843561e+01,,,,5
2018-04-26 14:27:37.000000,2.609022e+07,1.818845e+07,1.239952e+02,1.410257e+06,8.843560e+01,,,,5
2018-04-26 14:27:38.000000,2.609023e+07,1.818723e+07,1.239945e+02,1.410257e+06,8.843560e+01,,,,5
2018-04-26 14:27:39.000000,2.609022e+07,1.818680e+07,1.239944e+02,1.410257e+06,8.843560e+01,,,,5
2018-04-26 14:27:40.000000,2.609025e+07,1.818685e+07,1.239943e+02,1.410257e+06,8.843560e+01,,,,5
2018-04-26 14:27:41.000000,2.609024e+07,1.818650e+07,1.239941e+02,1.410257e+06,8.843560e+01,,,,5
2018-04-26 14:27:42.000000,2.609023e+07,1.818763e+07,1.239948e+02,1.410257e+06,8.843560e+01,,,,5
2018-04-26 14:27:43.000000,2.609022e+07,1.818743e+07,1.239948e+02,1.410257e+06,8.843560e+01,,,,5
2018-04-26 14:27:44.000000,2.609022e+07,1.818861e+07,1.239954e+02,1.410257e+06,8.843560e+01,,,,5
2018-04-26 14:27:45.000000,2.609025e+07,1.818781e+07,1.239950e+02,1.410257e+06,8.843560e+01,,,,5
2018-04-26 14:27:46.000000,2.609024e+07,1.818943e+07,1.239959e+02,1.410257e+06,8.843560e+01,,,,5
2018-04-26 14:27:47.000000,2.609024e+07,1.818777e+07,1.239950e+02,1.410257e+06,8.843560e+01,,,,5
2018-04-26 14:27:48.000000,2.609022e+07,1.818854e+07,1.239953e+02,1.410257e+06,8.843560e+01,,,,5
2018-04-26 14:27:49.000000,2.609022e+07,1.818691e+07,1.239944e+02,1.410257e+06,8.843560e+01,,,,5
2018-04-26 14:27:50.000000,2.609023e+07,1.818688e+07,1.239944e+02,1.410257e+06,8.843560e+01,,,,5
2018-04-26 14:27:51.000000,2.609024e+07,1.818685e+07,1.239943e+02,1.410257e+06,8.843560e+01,,,,5
2018-04-26 14:27:52.000000,2.609025e+07,1.818656e+07,1.239942e+02,1.410257e+06,8.843560e+01,,,,5
2018-04-26 14:27:53.000000,2.609024e+07,1.818779e+07,1.239948e+02,1.410257e+06,8.843560e+01,,,,5
2018-04-26 14:27:54.000000,2.609022e+07,1.818749e+07,1.239948e+02,1.410257e+06,8.843560e+01,,,,5
2018-04-26 14:27:55.000000,2.609023e+07,1.818868e+07,1.239955e+02,1.410257e+06,8.843560e+01,,,,5
2018-04-26 14:27:56.000000,2.609024e+07,1.818783e+07,1.239951e+02,1.410257e+06,8.843560e+01,,,,5
2018-04-26 14:27:57.000000,2.609024e+07,1.818891e+07,1.239956e+02,1.410257e+06,8.843560e+01,,,,5
2018-04-26 14:27:58.000000,2.609024e+07,1.818779e+07,1.239950e+02,1.410257e+06,8.843560e+01,,,,5
2018-04-26 14:27:59.000000,2.609023e+07,1.818806e+07,1.239950e+02,1.410257e+06,8.843560e+01,,,,5
2018-04-26 14:28:00.000000,2.609023e+07,1.818692e+07,1.239944e+02,1.410257e+06,8.843560e+01,,,,5
2018-04-26 14:28:01.000000,2.609022e+07,1.818845e+07,1.239952e+02,1.410257e+06,8.843560e+01,,,,5
2018-04-26 14:28:02.000000,2.609024e+07,1.818669e+07,1.239942e+02,1.410257e+06,8.843560e+01,,,,5
2018-04-26 14:28:03.000000,2.609024e+07,1.818807e+07,1.239949e+02,1.410257e+06,8.843560e+01,,,,5
2018-04-26 14:28:04.000000,2.609024e+07,1.818686e+07,1.239943e+02,1.410257e+06,8.843559e+01,,,,5
2018-04-26 14:28:05.000000,2.609022e+07,1.818743e+07,1.239948e+02,1.410257e+06,8.843559e+01,,,,5
2018-04-26 14:28:06.000000,2.609023e+07,1.818775e+07,1.239949e+02,1.410257e+06,8.843559e+01,,,,5
2018-04-26 14:28:07.000000,2.609022e+07,1.818740e+07,1.239948e+02,1.410257e+06,8.843559e+01,,,,5
2018-04-26 14:28:08.000000,2.609024e+07,1.818801e+07,1.239952e+02,1.410257e+06,8.843559e+01,,,,5
2018-04-26 14:28:09.000000,2.609025e+07,1.818773e+07,1.239950e+02,1.410257e+06,8.843559e+01,,,,5
2018-04-26 14:28:10.000000,2.609022e+07,1.818806e+07,1.239950e+02,1.410257e+06,8.843559e+01,,,,5
2018-04-26 14:28:11.000000,2.609023e+07,1.818688e+07,1.239944e+02,1.410257e+06,8.843559e+01,,,,5
2018-04-26 14:28:12.000000,2.609022e+07,1.818856e+07,1.239953e+02,1.410257e+06,8.843559e+01,,,,5
2018-04-26 14:28:13.000000,2.609024e+07,1.818669e+07,1.239942e+02,1.410257e+06,8.843559e+01,,,,5
2018-04-26 14:28:14.000000,2.609025e+07,1.818820e+07,1.239950e+02,1.410257e+06,8.843559e+01,,,,5
2018-04-26 14:28:15.000000,2.609024e+07,1.818688e+07,1.239943e+02,1.410257e+06,8.843559e+01,,,,5
2018-04-26 14:28:16.000000,2.609023e+07,1.818899e+07,1.239956e+02,1.410257e+06,8.843559e+01,,,,5
2018-04-26 14:28:17.000000,2.609022e+07,1.818787e+07,1.239950e+02,1.410257e+06,8.843559e+01,,,,5
2018-04-26 14:28:18.000000,2.609022e+07,1.818746e+07,1.239948e+02,1.410257e+06,8.843559e+01,,,,5
2018-04-26 14:28:19.000000,2.609024e+07,1.818805e+07,1.239952e+02,1.410257e+06,8.843559e+01,,,,5
2018-04-26 14:28:20.000000,2.609024e+07,1.818774e+07,1.239950e+02,1.410257e+06,8.843559e+01,,,,5
2018-04-26 14:28:21.000000,2.609024e+07,1.818901e+07,1.239957e+02,1.410257e+06,8.843559e+01,,,,5
2018-04-26 14:28:22.000000,2.609022e+07,1.818696e+07,1.239945e+02,1.410257e+06,8.843559e+01,,,,5
2018-04-26 14:28:23.000000,2.609023e+07,1.818804e+07,1.239950e+02,1.410257e+06,8.843559e+01,,,,5
2018-04-26 14:28:24.000000,2.609024e+07,1.818665e+07,1.239942e+02,1.410257e+06,8.843559e+01,,,,5
2018-04-26 14:28:25.000000,2.609024e+07,1.818763e+07,1.239947e+02,1.410257e+06,8.843559e+01,,,,5
2018-04-26 14:28:26.000000,2.609024e+07,1.818655e+07,1.239941e+02,1.410257e+06,8.843559e+01,,,,5
2018-04-26 14:28:27.000000,2.609022e+07,1.818843e+07,1.239953e+02,1.410257e+06,8.843559e+01,,,,5
2018-04-26 14:28:28.000000,2.609023e+07,1.818751e+07,1.239948e+02,1.410257e+06,8.843559e+01,,,,5
2018-04-26 14:28:29.000000,2.609022e+07,1.818748e+07,1.239948e+02,1.410257e+06,8.843559e+01,,,,5
2018-04-26 14:28:30.000000,2.609024e+07,1.818771e+07,1.239950e+02,1.410257e+06,8.843559e+01,,,,5
2018-04-26 14:28:31.000000,2.609024e+07,1.818779e+07,1.239951e+02,1.410257e+06,8.843558e+01,,,,5
2018-04-26 14:28:32.000000,2.609024e+07,1.818806e+07,1.239952e+02,1.410257e+06,8.843558e+01,,,,5
2018-04-26 14:28:33.000000,2.609023e+07,1.818698e+07,1.239945e+02,1.410257e+06,8.843558e+01,,,,5
2018-04-26 14:28:34.000000,2.609022e+07,1.818804e+07,1.239950e+02,1.410257e+06,8.843558e+01,,,,5
2018-04-26 14:28:35.000000,2.609023e+07,1.818678e+07,1.239943e+02,1.410257e+06,8.843558e+01,,,,5
2018-04-26 14:28:36.000000,2.609024e+07,1.818772e+07,1.239948e+02,1.410257e+06,8.843558e+01,,,,5
2018-04-26 14:28:37.000000,2.609024e+07,1.818653e+07,1.239941e+02,1.410257e+06,8.843558e+01,,,,5
2018-04-26 14:28:38.000000,2.609023e+07,1.818850e+07,1.239954e+02,1.410257e+06,8.843558e+01,,,,5
2018-04-26 14:28:39.000000,2.609022e+07,1.818752e+07,1.239949e+02,1.410257e+06,8.843558e+01,,,,5
2018-04-26 14:28:40.000000,2.609023e+07,1.818915e+07,1.239957e+02,1.410257e+06,8.843558e+01,,,,5
2018-04-26 14:28:41.000000,2.609024e+07,1.818789e+07,1.239951e+02,1.410257e+06,8.843558e+01,,,,5
2018-04-26 14:28:42.000000,2.609024e+07,1.818942e+07,1.239959e+02,1.410257e+06,8.843558e+01,,,,5
2018-04-26 14:28:43.000000,2.609024e+07,1.818813e+07,1.239952e+02,1.410257e+06,8.843558e+01,,,,5
2018-04-26 14:28:44.000000,2.609022e+07,1.818844e+07,1.239952e+02,1.410257e+06,8.843558e+01,,,,5
2018-04-26 14:28:45.000000,2.609023e+07,1.818723e+07,1.239945e+02,1.410257e+06,8.843558e+01,,,,5
2018-04-26 14:28:46.000000,2.609022e+07,1.818680e+07,1.239944e+02,1.410257e+06,8.843558e+01,,,,5
2018-04-26 14:28:47.000000,2.609024e+07,1.818684e+07,1.239943e+02,1.410257e+06,8.843558e+01,,,,5
2018-04-26 14:28:48.000000,2.609024e+07,1.818650e+07,1.239941e+02,1.410257e+06,8.843558e+01,,,,5
2018-04-26 14:28:49.000000,2.609024e+07,1.818772e+07,1.239948e+02,1.410257e+06,8.843558e+01,,,,5
2018-04-26 14:28:50.000000,2.609022e+07,1.818742e+07,1.239948e+02,1.410257e+06,8.843558e+01,,,,5
2018-04-26 14:28:51.000000,2.609022e+07,1.818860e+07,1.239954e+02,1.410257e+06,8.843558e+01,,,,5
2018-04-26 14:28:52.000000,2.609025e+07,1.818782e+07,1.239950e+02,1.410257e+06,8.843558e+01,,,,5
2018-04-26 14:28:53.000000,2.609024e+07,1.818943e+07,1.239959e+02,1.410257e+06,8.843558e+01,,,,5
2018-04-26 14:28:54.000000,2.609024e+07,1.818779e+07,1.239950e+02,1.410257e+06,8.843558e+01,,,,5
2018-04-26 14:28:55.000000,2.609022e+07,1.818854e+07,1.239953e+02,1.410257e+06,8.843558e+01,,,,5
2018-04-26 14:28:56.000000,2.609022e+07,1.818691e+07,1.239944e+02,1.410257e+06,8.843558e+01,,,,5
2018-04-26 14:28:57.000000,2.609023e+07,1.818688e+07,1.239944e+02,1.410257e+06,8.843558e+01,,,,5
2018-04-26 14:28:58.000000,2.609024e+07,1.818685e+07,1.239943e+02,1.410257e+06,8.843557e+01,,,,5
2018-04-26 14:28:59.000000,2.609024e+07,1.818656e+07,1.239942e+02,1.410257e+06,8.843557e+01,,,,5
2018-04-26 14:29:00.000000,2.609024e+07,1.818779e+07,1.239948e+02,1.410257e+06,8.843557e+01,,,,5
2018-04-26 14:29:01.000000,2.609022e+07,1.818749e+07,1.239948e+02,1.410257e+06,8.843557e+01,,,,5
2018-04-26 14:29:02.000000,2.609023e+07,1.818868e+07,1.239955e+02,1.410257e+06,8.843557e+01,,,,5
2018-04-26 14:29:03.000000,2.609022e+07,1.818743e+07,1.239948e+02,1.410257e+06,8.843557e+01,,,,5
2018-04-26 14:29:04.000000,2.609024e+07,1.818889e+07,1.239956e+02,1.410257e+06,8.843557e+01,,,,5
2018-04-26 14:29:05.000000,2.609024e+07,1.818778e+07,1.239950e+02,1.410257e+06,8.843557e+01,,,,5
2018-04-26 14:29:06.000000,2.609023e+07,1.818805e+07,1.239950e+02,1.410257e+06,8.843557e+01,,,,5
2018-04-26 14:29:07.000000,2.609023e+07,1.818692e+07,1.239944e+02,1.410257e+06,8.843557e+01,,,,5
2018-04-26 14:29:08.000000,2.609022e+07,1.818843e+07,1.239952e+02,1.410257e+06,8.843557e+01,,,,5
2018-04-26 14:29:09.000000,2.609024e+07,1.818669e+07,1.239942e+02,1.410257e+06,8.843557e+01,,,,5
2018-04-26 14:29:10.000000,2.609024e+07,1.818807e+07,1.239949e+02,1.410257e+06,8.843557e+01,,,,5
2018-04-26 14:29:11.000000,2.609024e+07,1.818687e+07,1.239943e+02,1.410257e+06,8.843557e+01,,,,5
2018-04-26 14:29:12.000000,2.609022e+07,1.818743e+07,1.239948e+02,1.410257e+06,8.843557e+01,,,,5
2018-04-26 14:29:13.000000,2.609022e+07,1.818775e+07,1.239949e+02,1.410257e+06,8.843557e+01,,,,5
2018-04-26 14:29:14.000000,2.609022e+07,1.818740e+07,1.239948e+02,1.410257e+06,8.843557e+01,,,,5
2018-04-26 14:29:15.000000,2.609024e+07,1.818801e+07,1.239952e+02,1.410257e+06,8.843557e+01,,,,5
2018-04-26 14:29:16.000000,2.609025e+07,1.818773e+07,1.239950e+02,1.410257e+06,8.843557e+01,,,,5
2018-04-26 14:29:17.000000,2.609022e+07,1.818806e+07,1.239950e+02,1.410257e+06,8.843557e+01,,,,5
2018-04-26 14:29:18.000000,2.609023e+07,1.818689e+07,1.239944e+02,1.410257e+06,8.843557e+01,,,,5
2018-04-26 14:29:19.000000,2.609022e+07,1.818856e+07,1.239953e+02,1.410257e+06,8.843557e+01,,,,5
2018-04-26 14:29:20.000000,2.609024e+07,1.818669e+07,1.239942e+02,1.410257e+06,8.843557e+01,,,,5
2018-04-26 14:29:21.000000,2.609025e+07,1.818819e+07,1.239950e+02,1.410257e+06,8.843557e+01,,,,5
2018-04-26 14:29:22.000000,2.609024e+07,1.818688e+07,1.239943e+02,1.410257e+06,8.843557e+01,,,,5
2018-04-26 14:29:23.000000,2.609023e+07,1.818899e+07,1.239956e+02,1.410257e+06,8.843557e+01,,,,5
2018-04-26 14:29:24.000000,2.609022e+07,1.818786e+07,1.239950e+02,1.410257e+06,8.843557e+01,,,,5
2018-04-26 14:29:25.000000,2.609022e+07,1.818747e+07,1.239948e+02,1.410257e+06,8.843556e+01,,,,5
2018-04-26 14:29:26.000000,2.609024e+07,1.818805e+07,1.239952e+02,1.410257e+06,8.843556e+01,,,,5
2018-04-26 14:29:27.000000,2.609024e+07,1.818774e+07,1.239950e+02,1.410257e+06,8.843556e+01,,,,5
2018-04-26 14:29:28.000000,2.609024e+07,1.818900e+07,1.239957e+02,1.410257e+06,8.843556e+01,,,,5
2018-04-26 14:29:29.000000,2.609022e+07,1.818697e+07,1.239945e+02,1.410257e+06,8.843556e+01,,,,5
2018-04-26 14:29:30.000000,2.609023e+07,1.818804e+07,1.239950e+02,1.410257e+06,8.843556e+01,,,,5
2018-04-26 14:29:31.000000,2.609024e+07,1.818667e+07,1.239942e+02,1.410257e+06,8.843556e+01,,,,5
2018-04-26 14:29:32.000000,2.609024e+07,1.818763e+07,1.239947e+02,1.410257e+06,8.843556e+01,,,,5
2018-04-26 14:29:33.000000,2.609024e+07,1.818655e+07,1.239941e+02,1.410257e+06,8.843556e+01,,,,5
2018-04-26 14:29:34.000000,2.609022e+07,1.818843e+07,1.239953e+02,1.410257e+06,8.843556e+01,,,,5
2018-04-26 14:29:35.000000,2.609023e+07,1.818752e+07,1.239948e+02,1.410257e+06,8.843556e+01,,,,5
2018-04-26 14:29:36.000000,2.609022e+07,1.818748e+07,1.239948e+02,1.410257e+06,8.843556e+01,,,,5
2018-04-26 14:29:37.000000,2.609024e+07,1.818771e+07,1.239950e+02,1.410257e+06,8.843556e+01,,,,5
2018-04-26 14:29:38.000000,2.609024e+07,1.818779e+07,1.239951e+02,1.410257e+06,8.843556e+01,,,,5
2018-04-26 14:29:39.000000,2.609024e+07,1.818806e+07,1.239952e+02,1.410257e+06,8.843556e+01,,,,5
2018-04-26 14:29:40.000000,2.609023e+07,1.818698e+07,1.239945e+02,1.410257e+06,8.843556e+01,,,,5
2018-04-26 14:29:41.000000,2.609022e+07,1.818804e+07,1.239950e+02,1.410257e+06,8.843556e+01,,,,5
2018-04-26 14:29:42.000000,2.609023e+07,1.818679e+07,1.239943e+02,1.410257e+06,8.843556e+01,,,,5
2018-04-26 14:29:43.000000,2.609024e+07,1.818772e+07,1.239948e+02,1.410257e+06,8.843556e+01,,,,5
2018-04-26 14:29:44.000000,2.609024e+07,1.818652e+07,1.239941e+02,1.410257e+06,8.843556e+01,,,,5
2018-04-26 14:29:45.000000,2.609023e+07,1.818848e+07,1.239953e+02,1.410257e+06,8.843556e+01,,,,5
2018-04-26 14:29:46.000000,2.609022e+07,1.818753e+07,1.239949e+02,1.410257e+06,8.843556e+01,,,,5
2018-04-26 14:29:47.000000,2.609023e+07,1.818915e+07,1.239957e+02,1.410257e+06,8.843556e+01,,,,5
2018-04-26 14:29:48.000000,2.609024e+07,1.818789e+07,1.239951e+02,1.410257e+06,8.843556e+01,,,,5
2018-04-26 14:29:49.000000,2.609024e+07,1.818942e+07,1.239959e+02,1.410257e+06,8.843556e+01,,,,5
2018-04-26 14:29:50.000000,2.609024e+07,1.818813e+07,1.239952e+02,1.410257e+06,8.843556e+01,,,,5
2018-04-26 14:29:51.000000,2.609022e+07,1.818844e+07,1.239952e+02,1.410257e+06,8.843556e+01,,,,5
2018-04-26 14:29:52.000000,2.609023e+07,1.818724e+07,1.239945e+02,1.410257e+06,8.843556e+01,,,,5
2018-04-26 14:29:53.000000,2.609022e+07,1.818680e+07,1.239944e+02,1.410257e+06,8.843555e+01,,,,5
2018-04-26 14:29:54.000000,2.609024e+07,1.818684e+07,1.239943e+02,1.410257e+06,8.843555e+01,,,,5
2018-04-26 14:29:55.000000,2.609024e+07,1.818651e+07,1.239941e+02,1.410257e+06,8.843555e+01,,,,5
2018-04-26 14:29:56.000000,2.609024e+07,1.818772e+07,1.239948e+02,1.410257e+06,8.843555e+01,,,,5
2018-04-26 14:29:57.000000,2.609022e+07,1.818742e+07,1.239948e+02,1.410257e+06,8.843555e+01,,,,5
2018-04-26 14:29:58.000000,2.609022e+07,1.818860e+07,1.239954e+02,1.410257e+06,8.843555e+01,,,,5
2018-04-26 14:29:59.000000,2.609025e+07,1.818782e+07,1.239950e+02,1.410257e+06,8.843555e+01,,,,5
2018-04-26 14:30:00.000000,2.609024e+07,1.818943e+07,1.239959e+02,1.410257e+06,8.843555e+01,,,,5
2018-04-26 14:30:01.000000,2.609024e+07,1.818779e+07,1.239950e+02,1.410257e+06,8.843555e+01,,,,5
2018-04-26 14:30:02.000000,2.609022e+07,1.818853e+07,1.239953e+02,1.410257e+06,8.843555e+01,,,,5
2018-04-26 14:30:03.000000,2.609022e+07,1.818691e+07,1.239944e+02,1.410257e+06,8.843555e+01,,,,5
2018-04-26 14:30:04.000000,2.609023e+07,1.818844e+07,1.239952e+02,1.410257e+06,8.843555e+01,,,,5
2018-04-26 14:30:05.000000,2.609024e+07,1.818669e+07,1.239942e+02,1.410257e+06,8.843555e+01,,,,5
2018-04-26 14:30:06.000000,2.609025e+07,1.818808e+07,1.239950e+02,1.410257e+06,8.843555e+01,,,,5
2018-04-26 14:30:07.000000,2.609024e+07,1.818686e+07,1.239943e+02,1.410257e+06,8.843555e+01,,,,5
2018-04-26 14:30:08.000000,2.609022e+07,1.818743e+07,1.239948e+02,1.410257e+06,8.843555e+01,,,,5
2018-04-26 14:30:09.000000,2.609023e+07,1.818775e+07,1.239949e+02,1.410257e+06,8.843555e+01,,,,5
2018-04-26 14:30:10.000000,2.609022e+07,1.818740e+07,1.239948e+02,1.410257e+06,8.843555e+01,,,,5
2018-04-26 14:30:11.000000,2.609024e+07,1.818801e+07,1.239952e+02,1.410257e+06,8.843555e+01,,,,5
2018-04-26 14:30:12.000000,2.609025e+07,1.818773e+07,1.239950e+02,1.410257e+06,8.843555e+01,,,,5
2018-04-26 14:30:13.000000,2.609022e+07,1.818806e+07,1.239950e+02,1.410257e+06,8.843555e+01,,,,5
2018-04-26 14:30:14.000000,2.609023e+07,1.818688e+07,1.239944e+02,1.410257e+06,8.843555e+01,,,,5
2018-04-26 14:30:15.000000,2.609022e+07,1.818856e+07,1.239953e+02,1.410257e+06,8.843555e+01,,,,5
2018-04-26 14:30:16.000000,2.609024e+07,1.818667e+07,1.239942e+02,1.410257e+06,8.843555e+01,,,,5
2018-04-26 14:30:17.000000,2.609025e+07,1.818820e+07,1.239950e+02,1.410257e+06,8.843555e+01,,,,5
2018-04-26 14:30:18.000000,2.609024e+07,1.818688e+07,1.239943e+02,1.410257e+06,8.843555e+01,,,,5
2018-04-26 14:30:19.000000,2.609023e+07,1.818899e+07,1.239956e+02,1.410257e+06,8.843555e+01,,,,5
2018-04-26 14:30:20.000000,2.609022e+07,1.818786e+07,1.239949e+02,1.410257e+06,8.843555e+01,,,,5
2018-04-26 14:30:21.000000,2.609022e+07,1.818746e+07,1.239948e+02,1.410257e+06,8.843554e+01,,,,5
2018-04-26 14:30:22.000000,2.609025e+07,1.818805e+07,1.239952e+02,1.410257e+06,8.843554e+01,,,,5
2018-04-26 14:30:23.000000,2.609024e+07,1.818774e+07,1.239950e+02,1.410257e+06,8.843554e+01,,,,5
2018-04-26 14:30:24.000000,2.609025e+07,1.818901e+07,1.239957e+02,1.410257e+06,8.843554e+01,,,,5
2018-04-26 14:30:25.000000,2.609022e+07,1.818696e+07,1.239945e+02,1.410257e+06,8.843554e+01,,,,5
2018-04-26 14:30:26.000000,2.609023e+07,1.818804e+07,1.239950e+02,1.410257e+06,8.843554e+01,,,,5
2018-04-26 14:30:27.000000,2.609024e+07,1.818665e+07,1.239942e+02,1.410257e+06,8.843554e+01,,,,5
2018-04-26 14:30:28.000000,2.609024e+07,1.818763e+07,1.239947e+02,1.410257e+06,8.843554e+01,,,,5
2018-04-26 14:30:29.000000,2.609024e+07,1.818655e+07,1.239941e+02,1.410257e+06,8.843554e+01,,,,5
2018-04-26 14:30:30.000000,2.609022e+07,1.818845e+07,1.239953e+02,1.410257e+06,8.843554e+01,,,,5
2018-04-26 14:30:31.000000,2.609023e+07,1.818751e+07,1.239948e+02,1.410257e+06,8.843554e+01,,,,5
2018-04-26 14:30:32.000000,2.609022e+07,1.818748e+07,1.239948e+02,1.410257e+06,8.843554e+01,,,,5
2018-04-26 14:30:33.000000,2.609025e+07,1.818771e+07,1.239950e+02,1.410257e+06,8.843554e+01,,,,5
2018-04-26 14:30:34.000000,2.609024e+07,1.818779e+07,1.239951e+02,1.410257e+06,8.843554e+01,,,,5
2018-04-26 14:30:35.000000,2.609024e+07,1.818806e+07,1.239952e+02,1.410257e+06,8.843554e+01,,,,5
2018-04-26 14:30:36.000000,2.609023e+07,1.818698e+07,1.239945e+02,1.410257e+06,8.843554e+01,,,,5
2018-04-26 14:30:37.000000,2.609022e+07,1.818805e+07,1.239950e+02,1.410257e+06,8.843554e+01,,,,5
2018-04-26 14:30:38.000000,2.609023e+07,1.818678e+07,1.239943e+02,1.410257e+06,8.843554e+01,,,,5
2018-04-26 14:30:39.000000,2.609024e+07,1.818772e+07,1.239948e+02,1.410257e+06,8.843554e+01,,,,5
2018-04-26 14:30:40.000000,2.609024e+07,1.818651e+07,1.239941e+02,1.410257e+06,8.843554e+01,,,,5
2018-04-26 14:30:41.000000,2.609023e+07,1.818850e+07,1.239954e+02,1.410257e+06,8.843554e+01,,,,5
2018-04-26 14:30:42.000000,2.609022e+07,1.818752e+07,1.239949e+02,1.410257e+06,8.843554e+01,,,,5
2018-04-26 14:30:43.000000,2.609023e+07,1.818915e+07,1.239957e+02,1.410257e+06,8.843554e+01,,,,5
2018-04-26 14:30:44.000000,2.609024e+07,1.818789e+07,1.239951e+02,1.410257e+06,8.843554e+01,,,,5
2018-04-26 14:30:45.000000,2.609024e+07,1.818942e+07,1.239959e+02,1.410257e+06,8.843554e+01,,,,5
2018-04-26 14:30:46.000000,2.609025e+07,1.818813e+07,1.239952e+02,1.410257e+06,8.843554e+01,,,,5
2018-04-26 14:30:47.000000,2.609022e+07,1.818845e+07,1.239952e+02,1.410257e+06,8.843554e+01,,,,5
2018-04-26 14:30:48.000000,2.609023e+07,1.818723e+07,1.239945e+02,1.410257e+06,8.843554e+01,,,,5
2018-04-26 14:30:49.000000,2.609022e+07,1.818680e+07,1.239944e+02,1.410257e+06,8.843553e+01,,,,5
2018-04-26 14:30:50.000000,2.609025e+07,1.818685e+07,1.239943e+02,1.410257e+06,8.843553e+01,,,,5
2018-04-26 14:30:51.000000,2.609024e+07,1.818650e+07,1.239941e+02,1.410257e+06,8.843553e+01,,,,5
2018-04-26 14:30:52.000000,2.609023e+07,1.818763e+07,1.239948e+02,1.410257e+06,8.843553e+01,,,,5
2018-04-26 14:30:53.000000,2.609022e+07,1.818743e+07,1.239948e+02,1.410257e+06,8.843553e+01,,,,5
2018-04-26 14:30:54.000000,2.609022e+07,1.818861e+07,1.239954e+02,1.410257e+06,8.843553e+01,,,,5
2018-04-26 14:30:55.000000,2.609025e+07,1.818781e+07,1.239950e+02,1.410257e+06,8.843553e+01,,,,5
2018-04-26 14:30:56.000000,2.609024e+07,1.818943e+07,1.239959e+02,1.410257e+06,8.843553e+01,,,,5
2018-04-26 14:30:57.000000,2.609024e+07,1.818777e+07,1.239950e+02,1.410257e+06,8.843553e+01,,,,5
2018-04-26 14:30:58.000000,2.609022e+07,1.818854e+07,1.239953e+02,1.410257e+06,8.843553e+01,,,,5
2018-04-26 14:30:59.000000,2.609022e+07,1.818691e+07,1.239944e+02,1.410257e+06,8.843553e+01,,,,5
2018-04-26 14:31:00.000000,2.609023e+07,1.818688e+07,1.239944e+02,1.410257e+06,8.843553e+01,,,,5
2018-04-26 14:31:01.000000,2.609024e+07,1.818685e+07,1.239943e+02,1.410257e+06,8.843553e+01,,,,5
2018-04-26 14:31:02.000000,2.609025e+07,1.818656e+07,1.239942e+02,1.410257e+06,8.843553e+01,,,,5
2018-04-26 14:31:03.000000,2.609024e+07,1.818779e+07,1.239948e+02,1.410257e+06,8.843553e+01,,,,5
2018-04-26 14:31:04.000000,2.609022e+07,1.818749e+07,1.239948e+02,1.410257e+06,8.843553e+01,,,,5
2018-04-26 14:31:05.000000,2.609023e+07,1.818868e+07,1.239955e+02,1.410257e+06,8.843553e+01,,,,5
2018-04-26 14:31:06.000000,2.609024e+07,1.818783e+07,1.239951e+02,1.410257e+06,8.843553e+01,,,,5
2018-04-26 14:31:07.000000,2.609025e+07,1.818891e+07,1.239956e+02,1.410257e+06,8.843553e+01,,,,5
2018-04-26 14:31:08.000000,2.609024e+07,1.818779e+07,1.239950e+02,1.410257e+06,8.843553e+01,,,,5
2018-04-26 14:31:09.000000,2.609023e+07,1.818806e+07,1.239950e+02,1.410257e+06,8.843553e+01,,,,5
2018-04-26 14:31:10.000000,2.609023e+07,1.818692e+07,1.239944e+02,1.410257e+06,8.843553e+01,,,,5
2018-04-26 14:31:11.000000,2.609022e+07,1.818845e+07,1.239952e+02,1.410257e+06,8.843553e+01,,,,5
2018-04-26 14:31:12.000000,2.609024e+07,1.818669e+07,1.239942e+02,1.410257e+06,8.843553e+01,,,,5
2018-04-26 14:31:13.000000,2.609024e+07,1.818807e+07,1.239949e+02,1.410257e+06,8.843553e+01,,,,5
2018-04-26 14:31:14.000000,2.609025e+07,1.818686e+07,1.239943e+02,1.410257e+06,8.843553e+01,,,,5
2018-04-26 14:31:15.000000,2.609022e+07,1.818743e+07,1.239948e+02,1.410257e+06,8.843553e+01,,,,5
2018-04-26 14:31:16.000000,2.609023e+07,1.818775e+07,1.239949e+02,1.410257e+06,8.843553e+01,,,,5
2018-04-26 14:31:17.000000,2.609022e+07,1.818740e+07,1.239948e+02,1.410257e+06,8.843552e+01,,,,5
2018-04-26 14:31:18.000000,2.609024e+07,1.818801e+07,1.239952e+02,1.410257e+06,8.843552e+01,,,,5
2018-04-26 14:31:19.000000,2.609025e+07,1.818773e+07,1.239950e+02,1.410257e+06,8.843552e+01,,,,5
2018-04-26 14:31:20.000000,2.609022e+07,1.818806e+07,1.239950e+02,1.410257e+06,8.843552e+01,,,,5
2018-04-26 14:31:21.000000,2.609023e+07,1.818688e+07,1.239944e+02,1.410257e+06,8.843552e+01,,,,5
2018-04-26 14:31:22.000000,2.609022e+07,1.818856e+07,1.239953e+02,1.410257e+06,8.843552e+01,,,,5
2018-04-26 14:31:23.000000,2.609024e+07,1.818669e+07,1.239942e+02,1.410257e+06,8.843552e+01,,,,5
2018-04-26 14:31:24.000000,2.609025e+07,1.818820e+07,1.239950e+02,1.410257e+06,8.843552e+01,,,,5
2018-04-26 14:31:25.000000,2.609024e+07,1.818688e+07,1.239943e+02,1.410257e+06,8.843552e+01,,,,5
2018-04-26 14:31:26.000000,2.609023e+07,1.818899e+07,1.239956e+02,1.410257e+06,8.843552e+01,,,,5
2018-04-26 14:31:27.000000,2.609022e+07,1.818787e+07,1.239950e+02,1.410257e+06,8.843552e+01,,,,5
2018-04-26 14:31:28.000000,2.609022e+07,1.818746e+07,1.239948e+02,1.410257e+06,8.843552e+01,,,,5
2018-04-26 14:31:29.000000,2.609025e+07,1.818805e+07,1.239952e+02,1.410257e+06,8.843552e+01,,,,5
2018-04-26 14:31:30.000000,2.609024e+07,1.818774e+07,1.239950e+02,1.410257e+06,8.843552e+01,,,,5
2018-04-26 14:31:31.000000,2.609025e+07,1.818901e+07,1.239957e+02,1.410257e+06,8.843552e+01,,,,5
2018-04-26 14:31:32.000000,2.609022e+07,1.818696e+07,1.239945e+02,1.410257e+06,8.843552e+01,,,,5
2018-04-26 14:31:33.000000,2.609023e+07,1.818804e+07,1.239950e+02,1.410257e+06,8.843552e+01,,,,5
2018-04-26 14:31:34.000000,2.609024e+07,1.818667e+07,1.239942e+02,1.410257e+06,8.843552e+01,,,,5
2018-04-26 14:31:35.000000,2.609024e+07,1.818763e+07,1.239947e+02,1.410257e+06,8.843552e+01,,,,5
2018-04-26 14:31:36.000000,2.609024e+07,1.818655e+07,1.239941e+02,1.410257e+06,8.843552e+01,,,,5
2018-04-26 14:31:37.000000,2.609022e+07,1.818843e+07,1.239953e+02,1.410257e+06,8.843552e+01,,,,5
2018-04-26 14:31:38.000000,2.609023e+07,1.818751e+07,1.239948e+02,1.410257e+06,8.843552e+01,,,,5
2018-04-26 14:31:39.000000,2.609022e+07,1.818748e+07,1.239948e+02,1.410257e+06,8.843552e+01,,,,5
2018-04-26 14:31:40.000000,2.609024e+07,1.818771e+07,1.239950e+02,1.410257e+06,8.843552e+01,,,,5
2018-04-26 14:31:41.000000,2.609024e+07,1.818779e+07,1.239951e+02,1.410257e+06,8.843552e+01,,,,5
2018-04-26 14:31:42.000000,2.609024e+07,1.818806e+07,1.239952e+02,1.410257e+06,8.843552e+01,,,,5
2018-04-26 14:31:43.000000,2.609023e+07,1.818698e+07,1.239945e+02,1.410257e+06,8.843552e+01,,,,5
2018-04-26 14:31:44.000000,2.609022e+07,1.818804e+07,1.239950e+02,1.410257e+06,8.843552e+01,,,,5
2018-04-26 14:31:45.000000,2.609023e+07,1.818678e+07,1.239943e+02,1.410257e+06,8.843551e+01,,,,5
2018-04-26 14:31:46.000000,2.609024e+07,1.818772e+07,1.239948e+02,1.410257e+06,8.843551e+01,,,,5
2018-04-26 14:31:47.000000,2.609024e+07,1.818653e+07,1.239941e+02,1.410257e+06,8.843551e+01,,,,5
2018-04-26 14:31:48.000000,2.609023e+07,1.818850e+07,1.239953e+02,1.410257e+06,8.843551e+01,,,,5
2018-04-26 14:31:49.000000,2.609022e+07,1.818752e+07,1.239948e+02,1.410257e+06,8.843551e+01,,,,5
2018-04-26 14:31:50.000000,2.609023e+07,1.818915e+07,1.239957e+02,1.410257e+06,8.843551e+01,,,,5
2018-04-26 14:31:51.000000,2.609024e+07,1.818790e+07,1.239951e+02,1.410257e+06,8.843551e+01,,,,5
2018-04-26 14:31:52.000000,2.609024e+07,1.818942e+07,1.239959e+02,1.410257e+06,8.843551e+01,,,,5
2018-04-26 14:31:53.000000,2.609025e+07,1.818813e+07,1.239952e+02,1.410257e+06,8.843551e+01,,,,5
2018-04-26 14:31:54.000000,2.609022e+07,1.818844e+07,1.239952e+02,1.410257e+06,8.843551e+01,,,,5
2018-04-26 14:31:55.000000,2.609023e+07,1.818723e+07,1.239945e+02,1.410257e+06,8.843551e+01,,,,5
2018-04-26 14:31:56.000000,2.609022e+07,1.818680e+07,1.239944e+02,1.410257e+06,8.843551e+01,,,,5
2018-04-26 14:31:57.000000,2.609025e+07,1.818685e+07,1.239943e+02,1.410257e+06,8.843551e+01,,,,5
2018-04-26 14:31:58.000000,2.609024e+07,1.818651e+07,1.239941e+02,1.410257e+06,8.843551e+01,,,,5
2018-04-26 14:31:59.000000,2.609024e+07,1.818772e+07,1.239947e+02,1.410257e+06,8.843551e+01,,,,5
2018-04-26 14:32:00.000000,2.609022e+07,1.818742e+07,1.239948e+02,1.410257e+06,8.843551e+01,,,,5
2018-04-26 14:32:01.000000,2.609022e+07,1.818860e+07,1.239954e+02,1.410257e+06,8.843551e+01,,,,5
2018-04-26 14:32:02.000000,2.609025e+07,1.818782e+07,1.239950e+02,1.410257e+06,8.843551e+01,,,,5
2018-04-26 14:32:03.000000,2.609024e+07,1.818943e+07,1.239959e+02,1.410257e+06,8.843551e+01,,,,5
2018-04-26 14:32:04.000000,2.609024e+07,1.818779e+07,1.239950e+02,1.410257e+06,8.843551e+01,,,,5
2018-04-26 14:32:05.000000,2.609022e+07,1.818854e+07,1.239953e+02,1.410257e+06,8.843551e+01,,,,5
2018-04-26 14:32:06.000000,2.609022e+07,1.818691e+07,1.239944e+02,1.410257e+06,8.843551e+01,,,,5
2018-04-26 14:32:07.000000,2.609023e+07,1.818688e+07,1.239944e+02,1.410257e+06,8.843551e+01,,,,5
2018-04-26 14:32:08.000000,2.609024e+07,1.818685e+07,1.239943e+02,1.410257e+06,8.843551e+01,,,,5
2018-04-26 14:32:09.000000,2.609025e+07,1.818656e+07,1.239941e+02,1.410257e+06,8.843551e+01,,,,5
2018-04-26 14:32:10.000000,2.609024e+07,1.818779e+07,1.239948e+02,1.410257e+06,8.843551e+01,,,,5
2018-04-26 14:32:11.000000,2.609022e+07,1.818749e+07,1.239948e+02,1.410257e+06,8.843551e+01,,,,5
2018-04-26 14:32:12.000000,2.609023e+07,1.818868e+07,1.239954e+02,1.410257e+06,8.843551e+01,,,,5
2018-04-26 14:32:13.000000,2.609022e+07,1.818743e+07,1.239948e+02,1.410257e+06,8.843550e+01,,,,5
2018-04-26 14:32:14.000000,2.609024e+07,1.818889e+07,1.239956e+02,1.410257e+06,8.843550e+01,,,,5
2018-04-26 14:32:15.000000,2.609024e+07,1.818779e+07,1.239950e+02,1.410257e+06,8.843550e+01,,,,5
2018-04-26 14:32:16.000000,2.609023e+07,1.818806e+07,1.239950e+02,1.410257e+06,8.843550e+01,,,,5
2018-04-26 14:32:17.000000,2.609023e+07,1.818692e+07,1.239944e+02,1.410257e+06,8.843550e+01,,,,5
2018-04-26 14:32:18.000000,2.609022e+07,1.818843e+07,1.239952e+02,1.410257e+06,8.843550e+01,,,,5
2018-04-26 14:32:19.000000,2.609024e+07,1.818669e+07,1.239942e+02,1.410257e+06,8.843550e+01,,,,5
2018-04-26 14:32:20.000000,2.609024e+07,1.818807e+07,1.239949e+02,1.410257e+06,8.843550e+01,,,,5
2018-04-26 14:32:21.000000,2.609024e+07,1.818688e+07,1.239943e+02,1.410257e+06,8.843550e+01,,,,5
2018-04-26 14:32:22.000000,2.609022e+07,1.818743e+07,1.239948e+02,1.410257e+06,8.843550e+01,,,,5
2018-04-26 14:32:23.000000,2.609023e+07,1.818775e+07,1.239949e+02,1.410257e+06,8.843550e+01,,,,5
2018-04-26 14:32:24.000000,2.609022e+07,1.818740e+07,1.239948e+02,1.410257e+06,8.843550e+01,,,,5
2018-04-26 14:32:25.000000,2.609024e+07,1.818801e+07,1.239952e+02,1.410257e+06,8.843550e+01,,,,5
2018-04-26 14:32:26.000000,2.609025e+07,1.818773e+07,1.239950e+02,1.410257e+06,8.843550e+01,,,,5
2018-04-26 14:32:27.000000,2.609022e+07,1.818806e+07,1.239950e+02,1.410257e+06,8.843550e+01,,,,5
2018-04-26 14:32:28.000000,2.609023e+07,1.818689e+07,1.239944e+02,1.410257e+06,8.843550e+01,,,,5
2018-04-26 14:32:29.000000,2.609022e+07,1.818856e+07,1.239953e+02,1.410257e+06,8.843550e+01,,,,5
2018-04-26 14:32:30.000000,2.609024e+07,1.818669e+07,1.239942e+02,1.410257e+06,8.843550e+01,,,,5
2018-04-26 14:32:31.000000,2.609025e+07,1.818819e+07,1.239950e+02,1.410257e+06,8.843550e+01,,,,5
2018-04-26 14:32:32.000000,2.609024e+07,1.818688e+07,1.239943e+02,1.410257e+06,8.843550e+01,,,,5
2018-04-26 14:32:33.000000,2.609023e+07,1.818899e+07,1.239956e+02,1.410257e+06,8.843550e+01,,,,5
2018-04-26 14:32:34.000000,2.609022e+07,1.818786e+07,1.239950e+02,1.410257e+06,8.843550e+01,,,,5
2018-04-26 14:32:35.000000,2.609022e+07,1.818747e+07,1.239948e+02,1.410257e+06,8.843550e+01,,,,5
2018-04-26 14:32:36.000000,2.609024e+07,1.818805e+07,1.239952e+02,1.410257e+06,8.843550e+01,,,,5
2018-04-26 14:32:37.000000,2.609024e+07,1.818774e+07,1.239950e+02,1.410257e+06,8.843550e+01,,,,5
2018-04-26 14:32:38.000000,2.609024e+07,1.818900e+07,1.239957e+02,1.410257e+06,8.843550e+01,,,,5
2018-04-26 14:32:39.000000,2.609022e+07,1.818697e+07,1.239944e+02,1.410257e+06,8.843550e+01,,,,5
2018-04-26 14:32:40.000000,2.609023e+07,1.818804e+07,1.239950e+02,1.410257e+06,8.843550e+01,,,,5
2018-04-26 14:32:41.000000,2.609024e+07,1.818667e+07,1.239942e+02,1.410257e+06,8.843550e+01,,,,5
2018-04-26 14:32:42.000000,2.609024e+07,1.818762e+07,1.239946e+02,1.410257e+06,8.843549e+01,,,,5
2018-04-26 14:32:43.000000,2.609024e+07,1.818655e+07,1.239941e+02,1.410257e+06,8.843549e+01,,,,5
2018-04-26 14:32:44.000000,2.609022e+07,1.818843e+07,1.239953e+02,1.410257e+06,8.843549e+01,,,,5
2018-04-26 14:32:45.000000,2.609023e+07,1.818752e+07,1.239948e+02,1.410257e+06,8.843549e+01,,,,5
2018-04-26 14:32:46.000000,2.609022e+07,1.818748e+07,1.239948e+02,1.410257e+06,8.843549e+01,,,,5
2018-04-26 14:32:47.000000,2.609024e+07,1.818771e+07,1.239950e+02,1.410257e+06,8.843549e+01,,,,5
2018-04-26 14:32:48.000000,2.609024e+07,1.818779e+07,1.239950e+02,1.410257e+06,8.843549e+01,,,,5
2018-04-26 14:32:49.000000,2.609024e+07,1.818806e+07,1.239952e+02,1.410257e+06,8.843549e+01,,,,5
2018-04-26 14:32:50.000000,2.609023e+07,1.818698e+07,1.239945e+02,1.410257e+06,8.843549e+01,,,,5
2018-04-26 14:32:51.000000,2.609022e+07,1.818804e+07,1.239950e+02,1.410257e+06,8.843549e+01,,,,5
2018-04-26 14:32:52.000000,2.609023e+07,1.818679e+07,1.239943e+02,1.410257e+06,8.843549e+01,,,,5
2018-04-26 14:32:53.000000,2.609024e+07,1.818772e+07,1.239948e+02,1.410257e+06,8.843549e+01,,,,5
2018-04-26 14:32:54.000000,2.609024e+07,1.818653e+07,1.239941e+02,1.410257e+06,8.843549e+01,,,,5
2018-04-26 14:32:55.000000,2.609023e+07,1.818848e+07,1.239953e+02,1.410257e+06,8.843549e+01,,,,5
2018-04-26 14:32:56.000000,2.609022e+07,1.818753e+07,1.239948e+02,1.410257e+06,8.843549e+01,,,,5
2018-04-26 14:32:57.000000,2.609023e+07,1.818915e+07,1.239957e+02,1.410257e+06,8.843549e+01,,,,5
2018-04-26 14:32:58.000000,2.609024e+07,1.818789e+07,1.239951e+02,1.410257e+06,8.843549e+01,,,,5
2018-04-26 14:32:59.000000,2.609024e+07,1.818940e+07,1.239959e+02,1.410257e+06,8.843549e+01,,,,5
2018-04-26 14:33:00.000000,2.609024e+07,1.818813e+07,1.239952e+02,1.410257e+06,8.843549e+01,,,,5
2018-04-26 14:33:01.000000,2.609022e+07,1.818844e+07,1.239952e+02,1.410257e+06,8.843549e+01,,,,5
2018-04-26 14:33:02.000000,2.609023e+07,1.818724e+07,1.239945e+02,1.410257e+06,8.843549e+01,,,,5
2018-04-26 14:33:03.000000,2.609022e+07,1.818680e+07,1.239943e+02,1.410257e+06,8.843549e+01,,,,5
2018-04-26 14:33:04.000000,2.609024e+07,1.818684e+07,1.239943e+02,1.410257e+06,8.843549e+01,,,,5
2018-04-26 14:33:05.000000,2.609024e+07,1.818651e+07,1.239941e+02,1.410257e+06,8.843549e+01,,,,5
2018-04-26 14:33:06.000000,2.609024e+07,1.818772e+07,1.239947e+02,1.410257e+06,8.843549e+01,,,,5
2018-04-26 14:33:07.000000,2.609022e+07,1.818742e+07,1.239947e+02,1.410257e+06,8.843549e+01,,,,5
2018-04-26 14:33:08.000000,2.609022e+07,1.818860e+07,1.239954e+02,1.410257e+06,8.843549e+01,,,,5
2018-04-26 14:33:09.000000,2.609025e+07,1.818782e+07,1.239950e+02,1.410257e+06,8.843549e+01,,,,5
2018-04-26 14:33:10.000000,2.609024e+07,1.818942e+07,1.239959e+02,1.410257e+06,8.843549e+01,,,,5
2018-04-26 14:33:11.000000,2.609024e+07,1.818779e+07,1.239950e+02,1.410257e+06,8.843548e+01,,,,5
2018-04-26 14:33:12.000000,2.609022e+07,1.818853e+07,1.239953e+02,1.410257e+06,8.843548e+01,,,,5
2018-04-26 14:33:13.000000,2.609022e+07,1.818691e+07,1.239944e+02,1.410257e+06,8.843548e+01,,,,5
2018-04-26 14:33:14.000000,2.609023e+07,1.818688e+07,1.239944e+02,1.410257e+06,8.843548e+01,,,,5
2018-04-26 14:33:15.000000,2.609024e+07,1.818685e+07,1.239943e+02,1.410257e+06,8.843548e+01,,,,5
2018-04-26 14:33:16.000000,2.609024e+07,1.818656e+07,1.239941e+02,1.410257e+06,8.843548e+01,,,,5
2018-04-26 14:33:17.000000,2.609024e+07,1.818779e+07,1.239948e+02,1.410257e+06,8.843548e+01,,,,5
2018-04-26 14:33:18.000000,2.609022e+07,1.818749e+07,1.239948e+02,1.410257e+06,8.843548e+01,,,,5
2018-04-26 14:33:19.000000,2.609023e+07,1.818866e+07,1.239954e+02,1.410257e+06,8.843548e+01,,,,5
2018-04-26 14:33:20.000000,2.609022e+07,1.818743e+07,1.239948e+02,1.410257e+06,8.843548e+01,,,,5
2018-04-26 14:33:21.000000,2.609024e+07,1.818889e+07,1.239956e+02,1.410257e+06,8.843548e+01,,,,5
2018-04-26 14:33:22.000000,2.609024e+07,1.818779e+07,1.239950e+02,1.410257e+06,8.843548e+01,,,,5
2018-04-26 14:33:23.000000,2.609023e+07,1.818805e+07,1.239950e+02,1.410257e+06,8.843548e+01,,,,5
2018-04-26 14:33:24.000000,2.609023e+07,1.818692e+07,1.239944e+02,1.410257e+06,8.843548e+01,,,,5
2018-04-26 14:33:25.000000,2.609022e+07,1.818843e+07,1.239952e+02,1.410257e+06,8.843548e+01,,,,5
2018-04-26 14:33:26.000000,2.609024e+07,1.818671e+07,1.239942e+02,1.410257e+06,8.843548e+01,,,,5
2018-04-26 14:33:27.000000,2.609024e+07,1.818806e+07,1.239949e+02,1.410257e+06,8.843548e+01,,,,5
2018-04-26 14:33:28.000000,2.609024e+07,1.818687e+07,1.239943e+02,1.410257e+06,8.843548e+01,,,,5
2018-04-26 14:33:29.000000,2.609022e+07,1.818742e+07,1.239948e+02,1.410257e+06,8.843548e+01,,,,5
2018-04-26 14:33:30.000000,2.609022e+07,1.818775e+07,1.239949e+02,1.410257e+06,8.843548e+01,,,,5
2018-04-26 14:33:31.000000,2.609022e+07,1.818740e+07,1.239947e+02,1.410257e+06,8.843548e+01,,,,5
2018-04-26 14:33:32.000000,2.609024e+07,1.818801e+07,1.239952e+02,1.410257e+06,8.843548e+01,,,,5
2018-04-26 14:33:33.000000,2.609025e+07,1.818774e+07,1.239950e+02,1.410257e+06,8.843548e+01,,,,5
2018-04-26 14:33:34.000000,2.609024e+07,1.818956e+07,1.239960e+02,1.410257e+06,8.843548e+01,,,,5
2018-04-26 14:33:35.000000,2.609023e+07,1.818699e+07,1.239944e+02,1.410257e+06,8.843548e+01,,,,5
2018-04-26 14:33:36.000000,2.609022e+07,1.818854e+07,1.239953e+02,1.410257e+06,8.843548e+01,,,,5
2018-04-26 14:33:37.000000,2.609024e+07,1.818668e+07,1.239942e+02,1.410257e+06,8.843548e+01,,,,5
2018-04-26 14:33:38.000000,2.609025e+07,1.818818e+07,1.239950e+02,1.410257e+06,8.843548e+01,,,,5
2018-04-26 14:33:39.000000,2.609024e+07,1.818690e+07,1.239943e+02,1.410257e+06,8.843547e+01,,,,5
2018-04-26 14:33:40.000000,2.609023e+07,1.818899e+07,1.239956e+02,1.410257e+06,8.843547e+01,,,,5
2018-04-26 14:33:41.000000,2.609022e+07,1.818786e+07,1.239950e+02,1.410257e+06,8.843547e+01,,,,5
2018-04-26 14:33:42.000000,2.609022e+07,1.818747e+07,1.239948e+02,1.410257e+06,8.843547e+01,,,,5
2018-04-26 14:33:43.000000,2.609024e+07,1.818804e+07,1.239952e+02,1.410257e+06,8.843547e+01,,,,5
2018-04-26 14:33:44.000000,2.609024e+07,1.818774e+07,1.239950e+02,1.410257e+06,8.843547e+01,,,,5
2018-04-26 14:33:45.000000,2.609024e+07,1.818900e+07,1.239957e+02,1.410257e+06,8.843547e+01,,,,5
2018-04-26 14:33:46.000000,2.609022e+07,1.818698e+07,1.239944e+02,1.410257e+06,8.843547e+01,,,,5
2018-04-26 14:33:47.000000,2.609022e+07,1.818804e+07,1.239950e+02,1.410257e+06,8.843547e+01,,,,5
2018-04-26 14:33:48.000000,2.609023e+07,1.818683e+07,1.239943e+02,1.410257e+06,8.843547e+01,,,,5
2018-04-26 14:33:49.000000,2.609024e+07,1.818765e+07,1.239947e+02,1.410257e+06,8.843547e+01,,,,5
2018-04-26 14:33:50.000000,2.609024e+07,1.818656e+07,1.239941e+02,1.410257e+06,8.843547e+01,,,,5
2018-04-26 14:33:51.000000,2.609022e+07,1.818843e+07,1.239953e+02,1.410257e+06,8.843547e+01,,,,5
2018-04-26 14:33:52.000000,2.609023e+07,1.818752e+07,1.239948e+02,1.410257e+06,8.843547e+01,,,,5
2018-04-26 14:33:53.000000,2.609022e+07,1.818748e+07,1.239948e+02,1.410257e+06,8.843547e+01,,,,5
2018-04-26 14:33:54.000000,2.609024e+07,1.818771e+07,1.239950e+02,1.410257e+06,8.843547e+01,,,,5
2018-04-26 14:33:55.000000,2.609024e+07,1.818779e+07,1.239950e+02,1.410257e+06,8.843547e+01,,,,5
2018-04-26 14:33:56.000000,2.609024e+07,1.818805e+07,1.239952e+02,1.410257e+06,8.843547e+01,,,,5
2018-04-26 14:33:57.000000,2.609023e+07,1.818698e+07,1.239945e+02,1.410257e+06,8.843547e+01,,,,5
2018-04-26 14:33:58.000000,2.609022e+07,1.818804e+07,1.239950e+02,1.410257e+06,8.843547e+01,,,,5
2018-04-26 14:33:59.000000,2.609023e+07,1.818679e+07,1.239943e+02,1.410257e+06,8.843547e+01,,,,5
2018-04-26 14:34:00.000000,2.609024e+07,1.818772e+07,1.239948e+02,1.410257e+06,8.843547e+01,,,,5
2018-04-26 14:34:01.000000,2.609024e+07,1.818652e+07,1.239941e+02,1.410257e+06,8.843547e+01,,,,5
2018-04-26 14:34:02.000000,2.609025e+07,1.818832e+07,1.239951e+02,1.410257e+06,8.843547e+01,,,,5
2018-04-26 14:34:03.000000,2.609022e+07,1.818750e+07,1.239947e+02,1.410257e+06,8.843547e+01,,,,5
2018-04-26 14:34:04.000000,2.609023e+07,1.818915e+07,1.239957e+02,1.410257e+06,8.843547e+01,,,,5
2018-04-26 14:34:05.000000,2.609024e+07,1.818789e+07,1.239951e+02,1.410257e+06,8.843547e+01,,,,5
2018-04-26 14:34:06.000000,2.609024e+07,1.818940e+07,1.239959e+02,1.410257e+06,8.843547e+01,,,,5
2018-04-26 14:34:07.000000,2.609024e+07,1.818814e+07,1.239952e+02,1.410257e+06,8.843547e+01,,,,5
2018-04-26 14:34:08.000000,2.609022e+07,1.818844e+07,1.239952e+02,1.410257e+06,8.843546e+01,,,,5
2018-04-26 14:34:09.000000,2.609022e+07,1.818724e+07,1.239945e+02,1.410257e+06,8.843546e+01,,,,5
2018-04-26 14:34:10.000000,2.609022e+07,1.818681e+07,1.239943e+02,1.410257e+06,8.843546e+01,,,,5
2018-04-26 14:34:11.000000,2.609024e+07,1.818684e+07,1.239943e+02,1.410257e+06,8.843546e+01,,,,5
2018-04-26 14:34:12.000000,2.609024e+07,1.818651e+07,1.239941e+02,1.410257e+06,8.843546e+01,,,,5
2018-04-26 14:34:13.000000,2.609024e+07,1.818771e+07,1.239947e+02,1.410257e+06,8.843546e+01,,,,5
2018-04-26 14:34:14.000000,2.609022e+07,1.818742e+07,1.239947e+02,1.410257e+06,8.843546e+01,,,,5
2018-04-26 14:34:15.000000,2.609022e+07,1.818860e+07,1.239954e+02,1.410257e+06,8.843546e+01,,,,5
2018-04-26 14:34:16.000000,2.609025e+07,1.818782e+07,1.239950e+02,1.410257e+06,8.843546e+01,,,,5
2018-04-26 14:34:17.000000,2.609024e+07,1.818941e+07,1.239959e+02,1.410257e+06,8.843546e+01,,,,5
2018-04-26 14:34:18.000000,2.609024e+07,1.818779e+07,1.239950e+02,1.410257e+06,8.843546e+01,,,,5
2018-04-26 14:34:19.000000,2.609022e+07,1.818853e+07,1.239953e+02,1.410257e+06,8.843546e+01,,,,5
2018-04-26 14:34:20.000000,2.609022e+07,1.818693e+07,1.239944e+02,1.410257e+06,8.843546e+01,,,,5
2018-04-26 14:34:21.000000,2.609023e+07,1.818688e+07,1.239944e+02,1.410257e+06,8.843546e+01,,,,5
2018-04-26 14:34:22.000000,2.609024e+07,1.818685e+07,1.239943e+02,1.410257e+06,8.843546e+01,,,,5
2018-04-26 14:34:23.000000,2.609024e+07,1.818656e+07,1.239941e+02,1.410257e+06,8.843546e+01,,,,5
2018-04-26 14:34:24.000000,2.609024e+07,1.818777e+07,1.239948e+02,1.410257e+06,8.843546e+01,,,,5
2018-04-26 14:34:25.000000,2.609022e+07,1.818749e+07,1.239948e+02,1.410257e+06,8.843546e+01,,,,5
2018-04-26 14:34:26.000000,2.609023e+07,1.818775e+07,1.239949e+02,1.410257e+06,8.843546e+01,,,,5
2018-04-26 14:34:27.000000,2.609022e+07,1.818740e+07,1.239947e+02,1.410257e+06,8.843546e+01,,,,5
2018-04-26 14:34:28.000000,2.609025e+07,1.818801e+07,1.239952e+02,1.410257e+06,8.843546e+01,,,,5
2018-04-26 14:34:29.000000,2.609024e+07,1.818773e+07,1.239950e+02,1.410257e+06,8.843546e+01,,,,5
2018-04-26 14:34:30.000000,2.609022e+07,1.818806e+07,1.239950e+02,1.410257e+06,8.843546e+01,,,,5
2018-04-26 14:34:31.000000,2.609023e+07,1.818688e+07,1.239944e+02,1.410257e+06,8.843546e+01,,,,5
2018-04-26 14:34:32.000000,2.609022e+07,1.818856e+07,1.239953e+02,1.410257e+06,8.843546e+01,,,,5
2018-04-26 14:34:33.000000,2.609024e+07,1.818669e+07,1.239942e+02,1.410257e+06,8.843546e+01,,,,5
2018-04-26 14:34:34.000000,2.609025e+07,1.818819e+07,1.239950e+02,1.410257e+06,8.843546e+01,,,,5
2018-04-26 14:34:35.000000,2.609024e+07,1.818688e+07,1.239943e+02,1.410257e+06,8.843546e+01,,,,5
2018-04-26 14:34:36.000000,2.609023e+07,1.818899e+07,1.239956e+02,1.410257e+06,8.843546e+01,,,,5
2018-04-26 14:34:37.000000,2.609022e+07,1.818787e+07,1.239950e+02,1.410257e+06,8.843546e+01,,,,5
2018-04-26 14:34:38.000000,2.609022e+07,1.818746e+07,1.239948e+02,1.410257e+06,8.843545e+01,,,,5
2018-04-26 14:34:39.000000,2.609025e+07,1.818805e+07,1.239952e+02,1.410257e+06,8.843545e+01,,,,5
2018-04-26 14:34:40.000000,2.609024e+07,1.818774e+07,1.239950e+02,1.410257e+06,8.843545e+01,,,,5
2018-04-26 14:34:41.000000,2.609025e+07,1.818900e+07,1.239957e+02,1.410257e+06,8.843545e+01,,,,5
2018-04-26 14:34:42.000000,2.609022e+07,1.818697e+07,1.239944e+02,1.410257e+06,8.843545e+01,,,,5
2018-04-26 14:34:43.000000,2.609023e+07,1.818804e+07,1.239950e+02,1.410257e+06,8.843545e+01,,,,5
2018-04-26 14:34:44.000000,2.609024e+07,1.818667e+07,1.239942e+02,1.410257e+06,8.843545e+01,,,,5
2018-04-26 14:34:45.000000,2.609024e+07,1.818763e+07,1.239947e+02,1.410257e+06,8.843545e+01,,,,5
2018-04-26 14:34:46.000000,2.609024e+07,1.818655e+07,1.239941e+02,1.410257e+06,8.843545e+01,,,,5
2018-04-26 14:34:47.000000,2.609022e+07,1.818843e+07,1.239953e+02,1.410257e+06,8.843545e+01,,,,5
2018-04-26 14:34:48.000000,2.609023e+07,1.818751e+07,1.239947e+02,1.410257e+06,8.843545e+01,,,,5
2018-04-26 14:34:49.000000,2.609022e+07,1.818748e+07,1.239948e+02,1.410257e+06,8.843545e+01,,,,5
2018-04-26 14:34:50.000000,2.609024e+07,1.818771e+07,1.239950e+02,1.410257e+06,8.843545e+01,,,,5
2018-04-26 14:34:51.000000,2.609024e+07,1.818779e+07,1.239950e+02,1.410257e+06,8.843545e+01,,,,5
2018-04-26 14:34:52.000000,2.609024e+07,1.818806e+07,1.239952e+02,1.410257e+06,8.843545e+01,,,,5
2018-04-26 14:34:53.000000,2.609023e+07,1.818698e+07,1.239945e+02,1.410257e+06,8.843545e+01,,,,5
2018-04-26 14:34:54.000000,2.609022e+07,1.818804e+07,1.239950e+02,1.410257e+06,8.843545e+01,,,,5
2018-04-26 14:34:55.000000,2.609023e+07,1.818678e+07,1.239943e+02,1.410257e+06,8.843545e+01,,,,5
2018-04-26 14:34:56.000000,2.609024e+07,1.818772e+07,1.239948e+02,1.410257e+06,8.843545e+01,,,,5
2018-04-26 14:34:57.000000,2.609024e+07,1.818653e+07,1.239941e+02,1.410257e+06,8.843545e+01,,,,5
2018-04-26 14:34:58.000000,2.609023e+07,1.818850e+07,1.239953e+02,1.410257e+06,8.843545e+01,,,,5
2018-04-26 14:34:59.000000,2.609022e+07,1.818752e+07,1.239948e+02,1.410257e+06,8.843545e+01,,,,5
2018-04-26 14:35:00.000000,2.609023e+07,1.818915e+07,1.239957e+02,1.410257e+06,8.843545e+01,,,,5
2018-04-26 14:35:01.000000,2.609024e+07,1.818790e+07,1.239951e+02,1.410257e+06,8.843545e+01,,,,5
2018-04-26 14:35:02.000000,2.609024e+07,1.818942e+07,1.239959e+02,1.410257e+06,8.843545e+01,,,,5
2018-04-26 14:35:03.000000,2.609025e+07,1.818813e+07,1.239952e+02,1.410257e+06,8.843545e+01,,,,5
2018-04-26 14:35:04.000000,2.609022e+07,1.818844e+07,1.239952e+02,1.410257e+06,8.843545e+01,,,,5
2018-04-26 14:35:05.000000,2.609023e+07,1.818723e+07,1.239945e+02,1.410257e+06,8.843545e+01,,,,5
2018-04-26 14:35:06.000000,2.609022e+07,1.818680e+07,1.239943e+02,1.410257e+06,8.843545e+01,,,,5
2018-04-26 14:35:07.000000,2.609025e+07,1.818685e+07,1.239943e+02,1.410257e+06,8.843544e+01,,,,5
2018-04-26 14:35:08.000000,2.609024e+07,1.818651e+07,1.239941e+02,1.410257e+06,8.843544e+01,,,,5
2018-04-26 14:35:09.000000,2.609024e+07,1.818772e+07,1.239947e+02,1.410257e+06,8.843544e+01,,,,5
2018-04-26 14:35:10.000000,2.609022e+07,1.818742e+07,1.239947e+02,1.410257e+06,8.843544e+01,,,,5
2018-04-26 14:35:11.000000,2.609022e+07,1.818860e+07,1.239954e+02,1.410257e+06,8.843544e+01,,,,5
2018-04-26 14:35:12.000000,2.609025e+07,1.818782e+07,1.239950e+02,1.410257e+06,8.843544e+01,,,,5
2018-04-26 14:35:13.000000,2.609024e+07,1.818943e+07,1.239959e+02,1.410257e+06,8.843544e+01,,,,5
2018-04-26 14:35:14.000000,2.609024e+07,1.818779e+07,1.239950e+02,1.410257e+06,8.843544e+01,,,,5
2018-04-26 14:35:15.000000,2.609022e+07,1.818854e+07,1.239953e+02,1.410257e+06,8.843544e+01,,,,5
2018-04-26 14:35:16.000000,2.609022e+07,1.818691e+07,1.239944e+02,1.410257e+06,8.843544e+01,,,,5
2018-04-26 14:35:17.000000,2.609023e+07,1.818688e+07,1.239944e+02,1.410257e+06,8.843544e+01,,,,5
2018-04-26 14:35:18.000000,2.609024e+07,1.818685e+07,1.239943e+02,1.410257e+06,8.843544e+01,,,,5
2018-04-26 14:35:19.000000,2.609025e+07,1.818656e+07,1.239941e+02,1.410257e+06,8.843544e+01,,,,5
2018-04-26 14:35:20.000000,2.609024e+07,1.818779e+07,1.239948e+02,1.410257e+06,8.843544e+01,,,,5
2018-04-26 14:35:21.000000,2.609022e+07,1.818749e+07,1.239948e+02,1.410257e+06,8.843544e+01,,,,5
2018-04-26 14:35:22.000000,2.609023e+07,1.818868e+07,1.239954e+02,1.410257e+06,8.843544e+01,,,,5
2018-04-26 14:35:23.000000,2.609022e+07,1.818743e+07,1.239947e+02,1.410257e+06,8.843544e+01,,,,5
2018-04-26 14:35:24.000000,2.609025e+07,1.818889e+07,1.239956e+02,1.410257e+06,8.843544e+01,,,,5
2018-04-26 14:35:25.000000,2.609024e+07,1.818780e+07,1.239950e+02,1.410257e+06,8.843544e+01,,,,5
2018-04-26 14:35:26.000000,2.609023e+07,1.818806e+07,1.239950e+02,1.410257e+06,8.843544e+01,,,,5
2018-04-26 14:35:27.000000,2.609023e+07,1.818692e+07,1.239944e+02,1.410257e+06,8.843544e+01,,,,5
2018-04-26 14:35:28.000000,2.609022e+07,1.818843e+07,1.239952e+02,1.410257e+06,8.843544e+01,,,,5
2018-04-26 14:35:29.000000,2.609024e+07,1.818669e+07,1.239942e+02,1.410257e+06,8.843544e+01,,,,5
2018-04-26 14:35:30.000000,2.609024e+07,1.818807e+07,1.239949e+02,1.410257e+06,8.843544e+01,,,,5
2018-04-26 14:35:31.000000,2.609025e+07,1.818688e+07,1.239943e+02,1.410257e+06,8.843544e+01,,,,5
2018-04-26 14:35:32.000000,2.609022e+07,1.818743e+07,1.239948e+02,1.410257e+06,8.843544e+01,,,,5
2018-04-26 14:35:33.000000,2.609023e+07,1.818775e+07,1.239949e+02,1.410257e+06,8.843544e+01,,,,5
2018-04-26 14:35:34.000000,2.609022e+07,1.818740e+07,1.239947e+02,1.410257e+06,8.843544e+01,,,,5
2018-04-26 14:35:35.000000,2.609024e+07,1.818801e+07,1.239951e+02,1.410257e+06,8.843544e+01,,,,5
2018-04-26 14:35:36.000000,2.609025e+07,1.818773e+07,1.239950e+02,1.410257e+06,8.843544e+01,,,,5
2018-04-26 14:35:37.000000,2.609024e+07,1.818956e+07,1.239960e+02,1.410257e+06,8.843543e+01,,,,5
2018-04-26 14:35:38.000000,2.609023e+07,1.818699e+07,1.239944e+02,1.410257e+06,8.843543e+01,,,,5
2018-04-26 14:35:39.000000,2.609022e+07,1.818856e+07,1.239953e+02,1.410257e+06,8.843543e+01,,,,5
2018-04-26 14:35:40.000000,2.609024e+07,1.818669e+07,1.239942e+02,1.410257e+06,8.843543e+01,,,,5
2018-04-26 14:35:41.000000,2.609025e+07,1.818819e+07,1.239950e+02,1.410257e+06,8.843543e+01,,,,5
2018-04-26 14:35:42.000000,2.609024e+07,1.818690e+07,1.239943e+02,1.410257e+06,8.843543e+01,,,,5
2018-04-26 14:35:43.000000,2.609023e+07,1.818899e+07,1.239956e+02,1.410257e+06,8.843543e+01,,,,5
2018-04-26 14:35:44.000000,2.609022e+07,1.818787e+07,1.239950e+02,1.410257e+06,8.843543e+01,,,,5
2018-04-26 14:35:45.000000,2.609022e+07,1.818747e+07,1.239948e+02,1.410257e+06,8.843543e+01,,,,5
2018-04-26 14:35:46.000000,2.609025e+07,1.818805e+07,1.239952e+02,1.410257e+06,8.843543e+01,,,,5
2018-04-26 14:35:47.000000,2.609024e+07,1.818774e+07,1.239950e+02,1.410257e+06,8.843543e+01,,,,5
2018-04-26 14:35:48.000000,2.609024e+07,1.818900e+07,1.239957e+02,1.410257e+06,8.843543e+01,,,,5
2018-04-26 14:35:49.000000,2.609022e+07,1.818697e+07,1.239944e+02,1.410257e+06,8.843543e+01,,,,5
2018-04-26 14:35:50.000000,2.609023e+07,1.818804e+07,1.239950e+02,1.410257e+06,8.843543e+01,,,,5
2018-04-26 14:35:51.000000,2.609024e+07,1.818667e+07,1.239942e+02,1.410257e+06,8.843543e+01,,,,5
2018-04-26 14:35:52.000000,2.609024e+07,1.818762e+07,1.239946e+02,1.410257e+06,8.843543e+01,,,,5
2018-04-26 14:35:53.000000,2.609024e+07,1.818655e+07,1.239941e+02,1.410257e+06,8.843543e+01,,,,5
2018-04-26 14:35:54.000000,2.609022e+07,1.818843e+07,1.239953e+02,1.410257e+06,8.843543e+01,,,,5
2018-04-26 14:35:55.000000,2.609023e+07,1.818752e+07,1.239948e+02,1.410257e+06,8.843543e+01,,,,5
2018-04-26 14:35:56.000000,2.609022e+07,1.818748e+07,1.239948e+02,1.410257e+06,8.843543e+01,,,,5
2018-04-26 14:35:57.000000,2.609024e+07,1.818771e+07,1.239950e+02,1.410257e+06,8.843543e+01,,,,5
2018-04-26 14:35:58.000000,2.609024e+07,1.818779e+07,1.239950e+02,1.410257e+06,8.843543e+01,,,,5
2018-04-26 14:35:59.000000,2.609024e+07,1.818805e+07,1.239951e+02,1.410257e+06,8.843543e+01,,,,5
2018-04-26 14:36:00.000000,2.609023e+07,1.818698e+07,1.239945e+02,1.410257e+06,8.843543e+01,,,,5
2018-04-26 14:36:01.000000,2.609022e+07,1.818804e+07,1.239950e+02,1.410257e+06,8.843543e+01,,,,5
2018-04-26 14:36:02.000000,2.609023e+07,1.818679e+07,1.239943e+02,1.410257e+06,8.843543e+01,,,,5
2018-04-26 14:36:03.000000,2.609024e+07,1.818772e+07,1.239948e+02,1.410257e+06,8.843543e+01,,,,5
2018-04-26 14:36:04.000000,2.609024e+07,1.818653e+07,1.239941e+02,1.410257e+06,8.843543e+01,,,,5
2018-04-26 14:36:05.000000,2.609023e+07,1.818848e+07,1.239953e+02,1.410257e+06,8.843543e+01,,,,5
2018-04-26 14:36:06.000000,2.609022e+07,1.818753e+07,1.239948e+02,1.410257e+06,8.843542e+01,,,,5
2018-04-26 14:36:07.000000,2.609023e+07,1.818915e+07,1.239957e+02,1.410257e+06,8.843542e+01,,,,5
2018-04-26 14:36:08.000000,2.609024e+07,1.818790e+07,1.239951e+02,1.410257e+06,8.843542e+01,,,,5
2018-04-26 14:36:09.000000,2.609024e+07,1.818940e+07,1.239958e+02,1.410257e+06,8.843542e+01,,,,5
2018-04-26 14:36:10.000000,2.609025e+07,1.818813e+07,1.239952e+02,1.410257e+06,8.843542e+01,,,,5
2018-04-26 14:36:11.000000,2.609022e+07,1.818844e+07,1.239952e+02,1.410257e+06,8.843542e+01,,,,5
2018-04-26 14:36:12.000000,2.609023e+07,1.818724e+07,1.239945e+02,1.410257e+06,8.843542e+01,,,,5
2018-04-26 14:36:13.000000,2.609022e+07,1.818680e+07,1.239943e+02,1.410257e+06,8.843542e+01,,,,5
2018-04-26 14:36:14.000000,2.609024e+07,1.818685e+07,1.239943e+02,1.410257e+06,8.843542e+01,,,,5
2018-04-26 14:36:15.000000,2.609024e+07,1.818651e+07,1.239941e+02,1.410257e+06,8.843542e+01,,,,5
2018-04-26 14:36:16.000000,2.609024e+07,1.818771e+07,1.239947e+02,1.410257e+06,8.843542e+01,,,,5
2018-04-26 14:36:17.000000,2.609022e+07,1.818742e+07,1.239947e+02,1.410257e+06,8.843542e+01,,,,5
2018-04-26 14:36:18.000000,2.609022e+07,1.818860e+07,1.239954e+02,1.410257e+06,8.843542e+01,,,,5
2018-04-26 14:36:19.000000,2.609025e+07,1.818782e+07,1.239950e+02,1.410257e+06,8.843542e+01,,,,5
2018-04-26 14:36:20.000000,2.609024e+07,1.818942e+07,1.239959e+02,1.410257e+06,8.843542e+01,,,,5
2018-04-26 14:36:21.000000,2.609024e+07,1.818779e+07,1.239950e+02,1.410257e+06,8.843542e+01,,,,5
2018-04-26 14:36:22.000000,2.609022e+07,1.818853e+07,1.239953e+02,1.410257e+06,8.843542e+01,,,,5
2018-04-26 14:36:23.000000,2.609022e+07,1.818691e+07,1.239944e+02,1.410257e+06,8.843542e+01,,,,5
2018-04-26 14:36:24.000000,2.609023e+07,1.818688e+07,1.239944e+02,1.410257e+06,8.843542e+01,,,,5
2018-04-26 14:36:25.000000,2.609024e+07,1.818685e+07,1.239943e+02,1.410257e+06,8.843542e+01,,,,5
2018-04-26 14:36:26.000000,2.609025e+07,1.818656e+07,1.239941e+02,1.410257e+06,8.843542e+01,,,,5
2018-04-26 14:36:27.000000,2.609024e+07,1.818779e+07,1.239948e+02,1.410257e+06,8.843542e+01,,,,5
2018-04-26 14:36:28.000000,2.609022e+07,1.818749e+07,1.239948e+02,1.410257e+06,8.843542e+01,,,,5
2018-04-26 14:36:29.000000,2.609023e+07,1.818866e+07,1.239954e+02,1.410257e+06,8.843542e+01,,,,5
2018-04-26 14:36:30.000000,2.609022e+07,1.818743e+07,1.239947e+02,1.410257e+06,8.843542e+01,,,,5
2018-04-26 14:36:31.000000,2.609024e+07,1.818889e+07,1.239956e+02,1.410257e+06,8.843542e+01,,,,5
2018-04-26 14:36:32.000000,2.609024e+07,1.818780e+07,1.239950e+02,1.410257e+06,8.843542e+01,,,,5
2018-04-26 14:36:33.000000,2.609023e+07,1.818805e+07,1.239950e+02,1.410257e+06,8.843542e+01,,,,5
2018-04-26 14:36:34.000000,2.609023e+07,1.818692e+07,1.239944e+02,1.410257e+06,8.843542e+01,,,,5
2018-04-26 14:36:35.000000,2.609022e+07,1.818843e+07,1.239952e+02,1.410257e+06,8.843542e+01,,,,5
2018-04-26 14:36:36.000000,2.609024e+07,1.818671e+07,1.239942e+02,1.410257e+06,8.843541e+01,,,,5
2018-04-26 14:36:37.000000,2.609024e+07,1.818807e+07,1.239949e+02,1.410257e+06,8.843541e+01,,,,5
2018-04-26 14:36:38.000000,2.609024e+07,1.818687e+07,1.239943e+02,1.410257e+06,8.843541e+01,,,,5
2018-04-26 14:36:39.000000,2.609022e+07,1.818742e+07,1.239948e+02,1.410257e+06,8.843541e+01,,,,5
2018-04-26 14:36:40.000000,2.609023e+07,1.818775e+07,1.239949e+02,1.410257e+06,8.843541e+01,,,,5
2018-04-26 14:36:41.000000,2.609022e+07,1.818740e+07,1.239947e+02,1.410257e+06,8.843541e+01,,,,5
2018-04-26 14:36:42.000000,2.609024e+07,1.818801e+07,1.239951e+02,1.410257e+06,8.843541e+01,,,,5
2018-04-26 14:36:43.000000,2.609025e+07,1.818774e+07,1.239950e+02,1.410257e+06,8.843541e+01,,,,5
2018-04-26 14:36:44.000000,2.609024e+07,1.818956e+07,1.239960e+02,1.410257e+06,8.843541e+01,,,,5
2018-04-26 14:36:45.000000,2.609023e+07,1.818699e+07,1.239944e+02,1.410257e+06,8.843541e+01,,,,5
2018-04-26 14:36:46.000000,2.609022e+07,1.818854e+07,1.239953e+02,1.410257e+06,8.843541e+01,,,,5
2018-04-26 14:36:47.000000,2.609024e+07,1.818669e+07,1.239942e+02,1.410257e+06,8.843541e+01,,,,5
2018-04-26 14:36:48.000000,2.609025e+07,1.818819e+07,1.239950e+02,1.410257e+06,8.843541e+01,,,,5
2018-04-26 14:36:49.000000,2.609024e+07,1.818690e+07,1.239943e+02,1.410257e+06,8.843541e+01,,,,5
2018-04-26 14:36:50.000000,2.609023e+07,1.818897e+07,1.239956e+02,1.410257e+06,8.843541e+01,,,,5
2018-04-26 14:36:51.000000,2.609022e+07,1.818786e+07,1.239950e+02,1.410257e+06,8.843541e+01,,,,5
2018-04-26 14:36:52.000000,2.609022e+07,1.818747e+07,1.239948e+02,1.410257e+06,8.843541e+01,,,,5
2018-04-26 14:36:53.000000,2.609024e+07,1.818804e+07,1.239952e+02,1.410257e+06,8.843541e+01,,,,5
2018-04-26 14:36:54.000000,2.609024e+07,1.818774e+07,1.239950e+02,1.410257e+06,8.843541e+01,,,,5
2018-04-26 14:36:55.000000,2.609024e+07,1.818900e+07,1.239957e+02,1.410257e+06,8.843541e+01,,,,5
2018-04-26 14:36:56.000000,2.609022e+07,1.818698e+07,1.239944e+02,1.410257e+06,8.843541e+01,,,,5
2018-04-26 14:36:57.000000,2.609023e+07,1.818804e+07,1.239950e+02,1.410257e+06,8.843541e+01,,,,5
2018-04-26 14:36:58.000000,2.609023e+07,1.818683e+07,1.239943e+02,1.410257e+06,8.843541e+01,,,,5
2018-04-26 14:36:59.000000,2.609024e+07,1.818765e+07,1.239947e+02,1.410257e+06,8.843541e+01,,,,5
2018-04-26 14:37:00.000000,2.609024e+07,1.818656e+07,1.239941e+02,1.410257e+06,8.843541e+01,,,,5
2018-04-26 14:37:01.000000,2.609022e+07,1.818843e+07,1.239953e+02,1.410257e+06,8.843541e+01,,,,5
2018-04-26 14:37:02.000000,2.609023e+07,1.818752e+07,1.239948e+02,1.410257e+06,8.843541e+01,,,,5
2018-04-26 14:37:03.000000,2.609022e+07,1.818748e+07,1.239948e+02,1.410257e+06,8.843541e+01,,,,5
2018-04-26 14:37:04.000000,2.609024e+07,1.818771e+07,1.239950e+02,1.410257e+06,8.843541e+01,,,,5
2018-04-26 14:37:05.000000,2.609024e+07,1.818779e+07,1.239950e+02,1.410257e+06,8.843541e+01,,,,5
2018-04-26 14:37:06.000000,2.609024e+07,1.818805e+07,1.239951e+02,1.410257e+06,8.843541e+01,,,,5
2018-04-26 14:37:07.000000,2.609023e+07,1.818699e+07,1.239945e+02,1.410257e+06,8.843540e+01,,,,5
2018-04-26 14:37:08.000000,2.609022e+07,1.818804e+07,1.239950e+02,1.410257e+06,8.843540e+01,,,,5
2018-04-26 14:37:09.000000,2.609023e+07,1.818679e+07,1.239943e+02,1.410257e+06,8.843540e+01,,,,5
2018-04-26 14:37:10.000000,2.609024e+07,1.818772e+07,1.239948e+02,1.410257e+06,8.843540e+01,,,,5
2018-04-26 14:37:11.000000,2.609024e+07,1.818653e+07,1.239941e+02,1.410257e+06,8.843540e+01,,,,5
2018-04-26 14:37:12.000000,2.609025e+07,1.818832e+07,1.239951e+02,1.410257e+06,8.843540e+01,,,,5
2018-04-26 14:37:13.000000,2.609022e+07,1.818750e+07,1.239947e+02,1.410257e+06,8.843540e+01,,,,5
2018-04-26 14:37:14.000000,2.609023e+07,1.818915e+07,1.239957e+02,1.410257e+06,8.843540e+01,,,,5
2018-04-26 14:37:15.000000,2.609024e+07,1.818789e+07,1.239951e+02,1.410257e+06,8.843540e+01,,,,5
2018-04-26 14:37:16.000000,2.609024e+07,1.818940e+07,1.239958e+02,1.410257e+06,8.843540e+01,,,,5
2018-04-26 14:37:17.000000,2.609024e+07,1.818814e+07,1.239952e+02,1.410257e+06,8.843540e+01,,,,5
2018-04-26 14:37:18.000000,2.609022e+07,1.818844e+07,1.239952e+02,1.410257e+06,8.843540e+01,,,,5
2018-04-26 14:37:19.000000,2.609023e+07,1.818724e+07,1.239945e+02,1.410257e+06,8.843540e+01,,,,5
2018-04-26 14:37:20.000000,2.609022e+07,1.818681e+07,1.239943e+02,1.410257e+06,8.843540e+01,,,,5
2018-04-26 14:37:21.000000,2.609024e+07,1.818684e+07,1.239943e+02,1.410257e+06,8.843540e+01,,,,5
2018-04-26 14:37:22.000000,2.609024e+07,1.818651e+07,1.239941e+02,1.410257e+06,8.843540e+01,,,,5
2018-04-26 14:37:23.000000,2.609024e+07,1.818771e+07,1.239947e+02,1.410257e+06,8.843540e+01,,,,5
2018-04-26 14:37:24.000000,2.609022e+07,1.818743e+07,1.239947e+02,1.410257e+06,8.843540e+01,,,,5
2018-04-26 14:37:25.000000,2.609022e+07,1.818860e+07,1.239954e+02,1.410257e+06,8.843540e+01,,,,5
2018-04-26 14:37:26.000000,2.609025e+07,1.818782e+07,1.239950e+02,1.410257e+06,8.843540e+01,,,,5
2018-04-26 14:37:27.000000,2.609024e+07,1.818941e+07,1.239959e+02,1.410257e+06,8.843540e+01,,,,5
2018-04-26 14:37:28.000000,2.609024e+07,1.818779e+07,1.239950e+02,1.410257e+06,8.843540e+01,,,,5
2018-04-26 14:37:29.000000,2.609022e+07,1.818853e+07,1.239953e+02,1.410257e+06,8.843540e+01,,,,5
2018-04-26 14:37:30.000000,2.609022e+07,1.818693e+07,1.239944e+02,1.410257e+06,8.843540e+01,,,,5
2018-04-26 14:37:31.000000,2.609023e+07,1.818688e+07,1.239944e+02,1.410257e+06,8.843540e+01,,,,5
2018-04-26 14:37:32.000000,2.609024e+07,1.818685e+07,1.239943e+02,1.410257e+06,8.843540e+01,,,,5
2018-04-26 14:37:33.000000,2.609024e+07,1.818656e+07,1.239941e+02,1.410257e+06,8.843540e+01,,,,5
2018-04-26 14:37:34.000000,2.609024e+07,1.818777e+07,1.239948e+02,1.410257e+06,8.843540e+01,,,,5
2018-04-26 14:37:35.000000,2.609022e+07,1.818749e+07,1.239948e+02,1.410257e+06,8.843540e+01,,,,5
2018-04-26 14:37:36.000000,2.609023e+07,1.818866e+07,1.239954e+02,1.410257e+06,8.843540e+01,,,,5
2018-04-26 14:37:37.000000,2.609022e+07,1.818744e+07,1.239947e+02,1.410257e+06,8.843539e+01,,,,5
2018-04-26 14:37:38.000000,2.609024e+07,1.818889e+07,1.239956e+02,1.410257e+06,8.843539e+01,,,,5
2018-04-26 14:37:39.000000,2.609024e+07,1.818779e+07,1.239950e+02,1.410257e+06,8.843539e+01,,,,5
2018-04-26 14:37:40.000000,2.609023e+07,1.818805e+07,1.239950e+02,1.410257e+06,8.843539e+01,,,,5
2018-04-26 14:37:41.000000,2.609023e+07,1.818694e+07,1.239944e+02,1.410257e+06,8.843539e+01,,,,5
2018-04-26 14:37:42.000000,2.609022e+07,1.818843e+07,1.239952e+02,1.410257e+06,8.843539e+01,,,,5
2018-04-26 14:37:43.000000,2.609024e+07,1.818671e+07,1.239942e+02,1.410257e+06,8.843539e+01,,,,5
2018-04-26 14:37:44.000000,2.609024e+07,1.818804e+07,1.239949e+02,1.410257e+06,8.843539e+01,,,,5
2018-04-26 14:37:45.000000,2.609024e+07,1.818687e+07,1.239943e+02,1.410257e+06,8.843539e+01,,,,5
2018-04-26 14:37:46.000000,2.609022e+07,1.818742e+07,1.239948e+02,1.410257e+06,8.843539e+01,,,,5
2018-04-26 14:37:47.000000,2.609022e+07,1.818774e+07,1.239949e+02,1.410257e+06,8.843539e+01,,,,5
2018-04-26 14:37:48.000000,2.609022e+07,1.818740e+07,1.239947e+02,1.410257e+06,8.843539e+01,,,,5
2018-04-26 14:37:49.000000,2.609024e+07,1.818801e+07,1.239951e+02,1.410257e+06,8.843539e+01,,,,5
2018-04-26 14:37:50.000000,2.609025e+07,1.818774e+07,1.239950e+02,1.410257e+06,8.843539e+01,,,,5
2018-04-26 14:37:51.000000,2.609024e+07,1.818954e+07,1.239960e+02,1.410257e+06,8.843539e+01,,,,5
2018-04-26 14:37:52.000000,2.609023e+07,1.818699e+07,1.239944e+02,1.410257e+06,8.843539e+01,,,,5
2018-04-26 14:37:53.000000,2.609022e+07,1.818854e+07,1.239953e+02,1.410257e+06,8.843539e+01,,,,5
2018-04-26 14:37:54.000000,2.609024e+07,1.818670e+07,1.239942e+02,1.410257e+06,8.843539e+01,,,,5
2018-04-26 14:37:55.000000,2.609025e+07,1.818818e+07,1.239950e+02,1.410257e+06,8.843539e+01,,,,5
2018-04-26 14:37:56.000000,2.609024e+07,1.818690e+07,1.239943e+02,1.410257e+06,8.843539e+01,,,,5
2018-04-26 14:37:57.000000,2.609023e+07,1.818897e+07,1.239956e+02,1.410257e+06,8.843539e+01,,,,5
2018-04-26 14:37:58.000000,2.609022e+07,1.818788e+07,1.239950e+02,1.410257e+06,8.843539e+01,,,,5
2018-04-26 14:37:59.000000,2.609022e+07,1.818747e+07,1.239948e+02,1.410257e+06,8.843539e+01,,,,5
2018-04-26 14:38:00.000000,2.609024e+07,1.818804e+07,1.239952e+02,1.410257e+06,8.843539e+01,,,,5
2018-04-26 14:38:01.000000,2.609024e+07,1.818774e+07,1.239950e+02,1.410257e+06,8.843539e+01,,,,5
2018-04-26 14:38:02.000000,2.609024e+07,1.818900e+07,1.239957e+02,1.410257e+06,8.843539e+01,,,,5
2018-04-26 14:38:03.000000,2.609022e+07,1.818698e+07,1.239944e+02,1.410257e+06,8.843539e+01,,,,5
2018-04-26 14:38:04.000000,2.609022e+07,1.818802e+07,1.239950e+02,1.410257e+06,8.843539e+01,,,,5
2018-04-26 14:38:05.000000,2.609023e+07,1.818683e+07,1.239943e+02,1.410257e+06,8.843539e+01,,,,5
2018-04-26 14:38:06.000000,2.609024e+07,1.818765e+07,1.239947e+02,1.410257e+06,8.843539e+01,,,,5
2018-04-26 14:38:07.000000,2.609024e+07,1.818656e+07,1.239941e+02,1.410257e+06,8.843539e+01,,,,5
2018-04-26 14:38:08.000000,2.609022e+07,1.818841e+07,1.239953e+02,1.410257e+06,8.843538e+01,,,,5
2018-04-26 14:38:09.000000,2.609023e+07,1.818752e+07,1.239948e+02,1.410257e+06,8.843538e+01,,,,5
2018-04-26 14:38:10.000000,2.609022e+07,1.818748e+07,1.239948e+02,1.410257e+06,8.843538e+01,,,,5
2018-04-26 14:38:11.000000,2.609024e+07,1.818770e+07,1.239950e+02,1.410257e+06,8.843538e+01,,,,5
2018-04-26 14:38:12.000000,2.609024e+07,1.818779e+07,1.239950e+02,1.410257e+06,8.843538e+01,,,,5
2018-04-26 14:38:13.000000,2.609024e+07,1.818805e+07,1.239951e+02,1.410257e+06,8.843538e+01,,,,5
2018-04-26 14:38:14.000000,2.609023e+07,1.818699e+07,1.239945e+02,1.410257e+06,8.843538e+01,,,,5
2018-04-26 14:38:15.000000,2.609022e+07,1.818802e+07,1.239950e+02,1.410257e+06,8.843538e+01,,,,5
2018-04-26 14:38:16.000000,2.609023e+07,1.818679e+07,1.239943e+02,1.410257e+06,8.843538e+01,,,,5
2018-04-26 14:38:17.000000,2.609024e+07,1.818772e+07,1.239948e+02,1.410257e+06,8.843538e+01,,,,5
2018-04-26 14:38:18.000000,2.609024e+07,1.818653e+07,1.239941e+02,1.410257e+06,8.843538e+01,,,,5
2018-04-26 14:38:19.000000,2.609025e+07,1.818832e+07,1.239951e+02,1.410257e+06,8.843538e+01,,,,5
2018-04-26 14:38:20.000000,2.609022e+07,1.818750e+07,1.239947e+02,1.410257e+06,8.843538e+01,,,,5
2018-04-26 14:38:21.000000,2.609023e+07,1.818914e+07,1.239957e+02,1.410257e+06,8.843538e+01,,,,5
2018-04-26 14:38:22.000000,2.609024e+07,1.818789e+07,1.239951e+02,1.410257e+06,8.843538e+01,,,,5
2018-04-26 14:38:23.000000,2.609024e+07,1.818940e+07,1.239958e+02,1.410257e+06,8.843538e+01,,,,5
2018-04-26 14:38:24.000000,2.609024e+07,1.818814e+07,1.239952e+02,1.410257e+06,8.843538e+01,,,,5
2018-04-26 14:38:25.000000,2.609022e+07,1.818844e+07,1.239952e+02,1.410257e+06,8.843538e+01,,,,5
2018-04-26 14:38:26.000000,2.609022e+07,1.818724e+07,1.239945e+02,1.410257e+06,8.843538e+01,,,,5
2018-04-26 14:38:27.000000,2.609022e+07,1.818681e+07,1.239943e+02,1.410257e+06,8.843538e+01,,,,5
2018-04-26 14:38:28.000000,2.609024e+07,1.818684e+07,1.239943e+02,1.410257e+06,8.843538e+01,,,,5
2018-04-26 14:38:29.000000,2.609024e+07,1.818651e+07,1.239941e+02,1.410257e+06,8.843538e+01,,,,5
2018-04-26 14:38:30.000000,2.609024e+07,1.818771e+07,1.239947e+02,1.410257e+06,8.843538e+01,,,,5
2018-04-26 14:38:31.000000,2.609022e+07,1.818743e+07,1.239947e+02,1.410257e+06,8.843538e+01,,,,5
2018-04-26 14:38:32.000000,2.609022e+07,1.818858e+07,1.239954e+02,1.410257e+06,8.843538e+01,,,,5
2018-04-26 14:38:33.000000,2.609023e+07,1.818743e+07,1.239947e+02,1.410257e+06,8.843538e+01,,,,5
2018-04-26 14:38:34.000000,2.609024e+07,1.818940e+07,1.239959e+02,1.410257e+06,8.843538e+01,,,,5
2018-04-26 14:38:35.000000,2.609024e+07,1.818781e+07,1.239950e+02,1.410257e+06,8.843538e+01,,,,5
2018-04-26 14:38:36.000000,2.609022e+07,1.818853e+07,1.239953e+02,1.410257e+06,8.843538e+01,,,,5
2018-04-26 14:38:37.000000,2.609022e+07,1.818693e+07,1.239944e+02,1.410257e+06,8.843538e+01,,,,5
2018-04-26 14:38:38.000000,2.609023e+07,1.818688e+07,1.239944e+02,1.410257e+06,8.843537e+01,,,,5
2018-04-26 14:38:39.000000,2.609024e+07,1.818685e+07,1.239943e+02,1.410257e+06,8.843537e+01,,,,5
2018-04-26 14:38:40.000000,2.609024e+07,1.818656e+07,1.239941e+02,1.410257e+06,8.843537e+01,,,,5
2018-04-26 14:38:41.000000,2.609024e+07,1.818777e+07,1.239948e+02,1.410257e+06,8.843537e+01,,,,5
2018-04-26 14:38:42.000000,2.609022e+07,1.818749e+07,1.239948e+02,1.410257e+06,8.843537e+01,,,,5
2018-04-26 14:38:43.000000,2.609023e+07,1.818775e+07,1.239949e+02,1.410257e+06,8.843537e+01,,,,5
2018-04-26 14:38:44.000000,2.609022e+07,1.818740e+07,1.239947e+02,1.410257e+06,8.843537e+01,,,,5
2018-04-26 14:38:45.000000,2.609025e+07,1.818801e+07,1.239951e+02,1.410257e+06,8.843537e+01,,,,5
2018-04-26 14:38:46.000000,2.609024e+07,1.818773e+07,1.239950e+02,1.410257e+06,8.843537e+01,,,,5
2018-04-26 14:38:47.000000,2.609024e+07,1.818956e+07,1.239960e+02,1.410257e+06,8.843537e+01,,,,5
2018-04-26 14:38:48.000000,2.609023e+07,1.818699e+07,1.239944e+02,1.410257e+06,8.843537e+01,,,,5
2018-04-26 14:38:49.000000,2.609022e+07,1.818854e+07,1.239953e+02,1.410257e+06,8.843537e+01,,,,5
2018-04-26 14:38:50.000000,2.609024e+07,1.818669e+07,1.239942e+02,1.410257e+06,8.843537e+01,,,,5
2018-04-26 14:38:51.000000,2.609025e+07,1.818819e+07,1.239950e+02,1.410257e+06,8.843537e+01,,,,5
2018-04-26 14:38:52.000000,2.609024e+07,1.818690e+07,1.239943e+02,1.410257e+06,8.843537e+01,,,,5
2018-04-26 14:38:53.000000,2.609023e+07,1.818899e+07,1.239956e+02,1.410257e+06,8.843537e+01,,,,5
2018-04-26 14:38:54.000000,2.609022e+07,1.818787e+07,1.239950e+02,1.410257e+06,8.843537e+01,,,,5
2018-04-26 14:38:55.000000,2.609022e+07,1.818747e+07,1.239948e+02,1.410257e+06,8.843537e+01,,,,5
2018-04-26 14:38:56.000000,2.609025e+07,1.818805e+07,1.239952e+02,1.410257e+06,8.843537e+01,,,,5
2018-04-26 14:38:57.000000,2.609024e+07,1.818774e+07,1.239950e+02,1.410257e+06,8.843537e+01,,,,5
2018-04-26 14:38:58.000000,2.609025e+07,1.818900e+07,1.239957e+02,1.410257e+06,8.843537e+01,,,,5
2018-04-26 14:38:59.000000,2.609022e+07,1.818698e+07,1.239944e+02,1.410257e+06,8.843537e+01,,,,5
2018-04-26 14:39:00.000000,2.609023e+07,1.818804e+07,1.239950e+02,1.410257e+06,8.843537e+01,,,,5
2018-04-26 14:39:01.000000,2.609024e+07,1.818667e+07,1.239942e+02,1.410257e+06,8.843537e+01,,,,5
2018-04-26 14:39:02.000000,2.609024e+07,1.818762e+07,1.239946e+02,1.410257e+06,8.843537e+01,,,,5
2018-04-26 14:39:03.000000,2.609024e+07,1.818655e+07,1.239941e+02,1.410257e+06,8.843537e+01,,,,5
2018-04-26 14:39:04.000000,2.609022e+07,1.818843e+07,1.239953e+02,1.410257e+06,8.843537e+01,,,,5
2018-04-26 14:39:05.000000,2.609023e+07,1.818752e+07,1.239948e+02,1.410257e+06,8.843537e+01,,,,5
2018-04-26 14:39:06.000000,2.609022e+07,1.818748e+07,1.239948e+02,1.410257e+06,8.843537e+01,,,,5
2018-04-26 14:39:07.000000,2.609024e+07,1.818771e+07,1.239950e+02,1.410257e+06,8.843537e+01,,,,5
2018-04-26 14:39:08.000000,2.609024e+07,1.818779e+07,1.239950e+02,1.410257e+06,8.843537e+01,,,,5
2018-04-26 14:39:09.000000,2.609024e+07,1.818805e+07,1.239951e+02,1.410257e+06,8.843537e+01,,,,5
2018-04-26 14:39:10.000000,2.609023e+07,1.818698e+07,1.239945e+02,1.410257e+06,8.843536e+01,,,,5
2018-04-26 14:39:11.000000,2.609022e+07,1.818804e+07,1.239950e+02,1.410257e+06,8.843536e+01,,,,5
2018-04-26 14:39:12.000000,2.609023e+07,1.818679e+07,1.239943e+02,1.410257e+06,8.843536e+01,,,,5
2018-04-26 14:39:13.000000,2.609024e+07,1.818772e+07,1.239948e+02,1.410257e+06,8.843536e+01,,,,5
2018-04-26 14:39:14.000000,2.609024e+07,1.818653e+07,1.239941e+02,1.410257e+06,8.843536e+01,,,,5
2018-04-26 14:39:15.000000,2.609023e+07,1.818848e+07,1.239953e+02,1.410257e+06,8.843536e+01,,,,5
2018-04-26 14:39:16.000000,2.609022e+07,1.818754e+07,1.239948e+02,1.410257e+06,8.843536e+01,,,,5
2018-04-26 14:39:17.000000,2.609023e+07,1.818915e+07,1.239957e+02,1.410257e+06,8.843536e+01,,,,5
2018-04-26 14:39:18.000000,2.609024e+07,1.818790e+07,1.239951e+02,1.410257e+06,8.843536e+01,,,,5
2018-04-26 14:39:19.000000,2.609024e+07,1.818940e+07,1.239958e+02,1.410257e+06,8.843536e+01,,,,5
2018-04-26 14:39:20.000000,2.609025e+07,1.818813e+07,1.239952e+02,1.410257e+06,8.843536e+01,,,,5
2018-04-26 14:39:21.000000,2.609022e+07,1.818844e+07,1.239952e+02,1.410257e+06,8.843536e+01,,,,5
2018-04-26 14:39:22.000000,2.609023e+07,1.818724e+07,1.239945e+02,1.410257e+06,8.843536e+01,,,,5
2018-04-26 14:39:23.000000,2.609022e+07,1.818681e+07,1.239943e+02,1.410257e+06,8.843536e+01,,,,5
2018-04-26 14:39:24.000000,2.609025e+07,1.818685e+07,1.239943e+02,1.410257e+06,8.843536e+01,,,,5
2018-04-26 14:39:25.000000,2.609024e+07,1.818651e+07,1.239941e+02,1.410257e+06,8.843536e+01,,,,5
2018-04-26 14:39:26.000000,2.609024e+07,1.818771e+07,1.239947e+02,1.410257e+06,8.843536e+01,,,,5
2018-04-26 14:39:27.000000,2.609022e+07,1.818742e+07,1.239947e+02,1.410257e+06,8.843536e+01,,,,5
2018-04-26 14:39:28.000000,2.609022e+07,1.818860e+07,1.239954e+02,1.410257e+06,8.843536e+01,,,,5
2018-04-26 14:39:29.000000,2.609025e+07,1.818782e+07,1.239950e+02,1.410257e+06,8.843536e+01,,,,5
2018-04-26 14:39:30.000000,2.609024e+07,1.818942e+07,1.239959e+02,1.410257e+06,8.843536e+01,,,,5
2018-04-26 14:39:31.000000,2.609024e+07,1.818779e+07,1.239950e+02,1.410257e+06,8.843536e+01,,,,5
2018-04-26 14:39:32.000000,2.609022e+07,1.818853e+07,1.239953e+02,1.410257e+06,8.843536e+01,,,,5
2018-04-26 14:39:33.000000,2.609022e+07,1.818693e+07,1.239944e+02,1.410257e+06,8.843536e+01,,,,5
2018-04-26 14:39:34.000000,2.609023e+07,1.818688e+07,1.239944e+02,1.410257e+06,8.843536e+01,,,,5
2018-04-26 14:39:35.000000,2.609024e+07,1.818685e+07,1.239943e+02,1.410257e+06,8.843536e+01,,,,5
2018-04-26 14:39:36.000000,2.609025e+07,1.818656e+07,1.239941e+02,1.410257e+06,8.843536e+01,,,,5
2018-04-26 14:39:37.000000,2.609024e+07,1.818779e+07,1.239948e+02,1.410257e+06,8.843536e+01,,,,5
2018-04-26 14:39:38.000000,2.609022e+07,1.818749e+07,1.239948e+02,1.410257e+06,8.843536e+01,,,,5
2018-04-26 14:39:39.000000,2.609023e+07,1.818866e+07,1.239954e+02,1.410257e+06,8.843536e+01,,,,5
2018-04-26 14:39:40.000000,2.609022e+07,1.818744e+07,1.239947e+02,1.410257e+06,8.843536e+01,,,,5
2018-04-26 14:39:41.000000,2.609025e+07,1.818889e+07,1.239956e+02,1.410257e+06,8.843535e+01,,,,5
2018-04-26 14:39:42.000000,2.609024e+07,1.818780e+07,1.239950e+02,1.410257e+06,8.843535e+01,,,,5
2018-04-26 14:39:43.000000,2.609023e+07,1.818805e+07,1.239950e+02,1.410257e+06,8.843535e+01,,,,5
2018-04-26 14:39:44.000000,2.609023e+07,1.818692e+07,1.239944e+02,1.410257e+06,8.843535e+01,,,,5
2018-04-26 14:39:45.000000,2.609022e+07,1.818843e+07,1.239952e+02,1.410257e+06,8.843535e+01,,,,5
2018-04-26 14:39:46.000000,2.609024e+07,1.818671e+07,1.239942e+02,1.410257e+06,8.843535e+01,,,,5
2018-04-26 14:39:47.000000,2.609024e+07,1.818807e+07,1.239949e+02,1.410257e+06,8.843535e+01,,,,5
2018-04-26 14:39:48.000000,2.609025e+07,1.818688e+07,1.239943e+02,1.410257e+06,8.843535e+01,,,,5
2018-04-26 14:39:49.000000,2.609022e+07,1.818742e+07,1.239948e+02,1.410257e+06,8.843535e+01,,,,5
2018-04-26 14:39:50.000000,2.609023e+07,1.818775e+07,1.239949e+02,1.410257e+06,8.843535e+01,,,,5
2018-04-26 14:39:51.000000,2.609022e+07,1.818740e+07,1.239947e+02,1.410257e+06,8.843535e+01,,,,5
2018-04-26 14:39:52.000000,2.609024e+07,1.818801e+07,1.239951e+02,1.410257e+06,8.843535e+01,,,,5
2018-04-26 14:39:53.000000,2.609025e+07,1.818774e+07,1.239950e+02,1.410257e+06,8.843535e+01,,,,5
2018-04-26 14:39:54.000000,2.609024e+07,1.818956e+07,1.239960e+02,1.410257e+06,8.843535e+01,,,,5
2018-04-26 14:39:55.000000,2.609023e+07,1.818699e+07,1.239944e+02,1.410257e+06,8.843535e+01,,,,5
2018-04-26 14:39:56.000000,2.609022e+07,1.818854e+07,1.239953e+02,1.410257e+06,8.843535e+01,,,,5
2018-04-26 14:39:57.000000,2.609024e+07,1.818669e+07,1.239942e+02,1.410257e+06,8.843535e+01,,,,5
2018-04-26 14:39:58.000000,2.609025e+07,1.818819e+07,1.239950e+02,1.410257e+06,8.843535e+01,,,,5
2018-04-26 14:39:59.000000,2.609024e+07,1.818690e+07,1.239943e+02,1.410257e+06,8.843535e+01,,,,5
2018-04-26 14:40:00.000000,2.609023e+07,1.818897e+07,1.239956e+02,1.410257e+06,8.843535e+01,,,,5
2018-04-26 14:40:01.000000,2.609022e+07,1.818787e+07,1.239950e+02,1.410257e+06,8.843535e+01,,,,5
2018-04-26 14:40:02.000000,2.609022e+07,1.818747e+07,1.239948e+02,1.410257e+06,8.843535e+01,,,,5
2018-04-26 14:40:03.000000,2.609025e+07,1.818804e+07,1.239952e+02,1.410257e+06,8.843535e+01,,,,5
2018-04-26 14:40:04.000000,2.609024e+07,1.818774e+07,1.239950e+02,1.410257e+06,8.843535e+01,,,,5
2018-04-26 14:40:05.000000,2.609024e+07,1.818900e+07,1.239957e+02,1.410257e+06,8.843535e+01,,,,5
2018-04-26 14:40:06.000000,2.609022e+07,1.818698e+07,1.239944e+02,1.410257e+06,8.843535e+01,,,,5
2018-04-26 14:40:07.000000,2.609023e+07,1.818802e+07,1.239950e+02,1.410257e+06,8.843535e+01,,,,5
2018-04-26 14:40:08.000000,2.609023e+07,1.818683e+07,1.239943e+02,1.410257e+06,8.843535e+01,,,,5
2018-04-26 14:40:09.000000,2.609024e+07,1.818765e+07,1.239947e+02,1.410257e+06,8.843535e+01,,,,5
2018-04-26 14:40:10.000000,2.609024e+07,1.818656e+07,1.239941e+02,1.410257e+06,8.843535e+01,,,,5
2018-04-26 14:40:11.000000,2.609022e+07,1.818843e+07,1.239953e+02,1.410257e+06,8.843535e+01,,,,5
2018-04-26 14:40:12.000000,2.609023e+07,1.818752e+07,1.239948e+02,1.410257e+06,8.843534e+01,,,,5
2018-04-26 14:40:13.000000,2.609022e+07,1.818748e+07,1.239948e+02,1.410257e+06,8.843534e+01,,,,5
2018-04-26 14:40:14.000000,2.609024e+07,1.818771e+07,1.239950e+02,1.410257e+06,8.843534e+01,,,,5
2018-04-26 14:40:15.000000,2.609024e+07,1.818779e+07,1.239950e+02,1.410257e+06,8.843534e+01,,,,5
2018-04-26 14:40:16.000000,2.609024e+07,1.818805e+07,1.239951e+02,1.410257e+06,8.843534e+01,,,,5
2018-04-26 14:40:17.000000,2.609023e+07,1.818699e+07,1.239945e+02,1.410257e+06,8.843534e+01,,,,5
2018-04-26 14:40:18.000000,2.609022e+07,1.818804e+07,1.239950e+02,1.410257e+06,8.843534e+01,,,,5
2018-04-26 14:40:19.000000,2.609023e+07,1.818679e+07,1.239943e+02,1.410257e+06,8.843534e+01,,,,5
2018-04-26 14:40:20.000000,2.609024e+07,1.818772e+07,1.239948e+02,1.410257e+06,8.843534e+01,,,,5
2018-04-26 14:40:21.000000,2.609024e+07,1.818653e+07,1.239941e+02,1.410257e+06,8.843534e+01,,,,5
2018-04-26 14:40:22.000000,2.609025e+07,1.818832e+07,1.239951e+02,1.410257e+06,8.843534e+01,,,,5
2018-04-26 14:40:23.000000,2.609022e+07,1.818750e+07,1.239947e+02,1.410257e+06,8.843534e+01,,,,5
2018-04-26 14:40:24.000000,2.609023e+07,1.818914e+07,1.239957e+02,1.410257e+06,8.843534e+01,,,,5
2018-04-26 14:40:25.000000,2.609024e+07,1.818790e+07,1.239951e+02,1.410257e+06,8.843534e+01,,,,5
2018-04-26 14:40:26.000000,2.609024e+07,1.818940e+07,1.239958e+02,1.410257e+06,8.843534e+01,,,,5
2018-04-26 14:40:27.000000,2.609024e+07,1.818814e+07,1.239952e+02,1.410257e+06,8.843534e+01,,,,5
2018-04-26 14:40:28.000000,2.609022e+07,1.818844e+07,1.239952e+02,1.410257e+06,8.843534e+01,,,,5
2018-04-26 14:40:29.000000,2.609023e+07,1.818724e+07,1.239945e+02,1.410257e+06,8.843534e+01,,,,5
2018-04-26 14:40:30.000000,2.609022e+07,1.818681e+07,1.239943e+02,1.410257e+06,8.843534e+01,,,,5
2018-04-26 14:40:31.000000,2.609024e+07,1.818684e+07,1.239943e+02,1.410257e+06,8.843534e+01,,,,5
2018-04-26 14:40:32.000000,2.609024e+07,1.818651e+07,1.239941e+02,1.410257e+06,8.843534e+01,,,,5
2018-04-26 14:40:33.000000,2.609024e+07,1.818771e+07,1.239947e+02,1.410257e+06,8.843534e+01,,,,5
2018-04-26 14:40:34.000000,2.609022e+07,1.818743e+07,1.239947e+02,1.410257e+06,8.843534e+01,,,,5
2018-04-26 14:40:35.000000,2.609022e+07,1.818860e+07,1.239954e+02,1.410257e+06,8.843534e+01,,,,5
2018-04-26 14:40:36.000000,2.609023e+07,1.818743e+07,1.239947e+02,1.410257e+06,8.843534e+01,,,,5
2018-04-26 14:40:37.000000,2.609024e+07,1.818940e+07,1.239958e+02,1.410257e+06,8.843534e+01,,,,5
2018-04-26 14:40:38.000000,2.609024e+07,1.818779e+07,1.239950e+02,1.410257e+06,8.843534e+01,,,,5
2018-04-26 14:40:39.000000,2.609022e+07,1.818853e+07,1.239953e+02,1.410257e+06,8.843534e+01,,,,5
2018-04-26 14:40:40.000000,2.609022e+07,1.818693e+07,1.239944e+02,1.410257e+06,8.843534e+01,,,,5
2018-04-26 14:40:41.000000,2.609023e+07,1.818688e+07,1.239944e+02,1.410257e+06,8.843534e+01,,,,5
2018-04-26 14:40:42.000000,2.609024e+07,1.818685e+07,1.239943e+02,1.410257e+06,8.843534e+01,,,,5
2018-04-26 14:40:43.000000,2.609024e+07,1.818656e+07,1.239941e+02,1.410257e+06,8.843534e+01,,,,5
2018-04-26 14:40:44.000000,2.609024e+07,1.818777e+07,1.239948e+02,1.410257e+06,8.843533e+01,,,,5
2018-04-26 14:40:45.000000,2.609022e+07,1.818749e+07,1.239948e+02,1.410257e+06,8.843533e+01,,,,5
2018-04-26 14:40:46.000000,2.609023e+07,1.818866e+07,1.239954e+02,1.410257e+06,8.843533e+01,,,,5
2018-04-26 14:40:47.000000,2.609022e+07,1.818744e+07,1.239947e+02,1.410257e+06,8.843533e+01,,,,5
2018-04-26 14:40:48.000000,2.609024e+07,1.818889e+07,1.239956e+02,1.410257e+06,8.843533e+01,,,,5
2018-04-26 14:40:49.000000,2.609024e+07,1.818779e+07,1.239950e+02,1.410257e+06,8.843533e+01,,,,5
2018-04-26 14:40:50.000000,2.609023e+07,1.818805e+07,1.239950e+02,1.410257e+06,8.843533e+01,,,,5
2018-04-26 14:40:51.000000,2.609023e+07,1.818694e+07,1.239944e+02,1.410257e+06,8.843533e+01,,,,5
2018-04-26 14:40:52.000000,2.609022e+07,1.818843e+07,1.239952e+02,1.410257e+06,8.843533e+01,,,,5
2018-04-26 14:40:53.000000,2.609024e+07,1.818671e+07,1.239942e+02,1.410257e+06,8.843533e+01,,,,5
2018-04-26 14:40:54.000000,2.609024e+07,1.818805e+07,1.239949e+02,1.410257e+06,8.843533e+01,,,,5
2018-04-26 14:40:55.000000,2.609024e+07,1.818687e+07,1.239943e+02,1.410257e+06,8.843533e+01,,,,5
2018-04-26 14:40:56.000000,2.609022e+07,1.818742e+07,1.239948e+02,1.410257e+06,8.843533e+01,,,,5
2018-04-26 14:40:57.000000,2.609023e+07,1.818774e+07,1.239949e+02,1.410257e+06,8.843533e+01,,,,5
2018-04-26 14:40:58.000000,2.609022e+07,1.818741e+07,1.239947e+02,1.410257e+06,8.843533e+01,,,,5
2018-04-26 14:40:59.000000,2.609024e+07,1.818800e+07,1.239951e+02,1.410257e+06,8.843533e+01,,,,5
2018-04-26 14:41:00.000000,2.609025e+07,1.818774e+07,1.239950e+02,1.410257e+06,8.843533e+01,,,,5
2018-04-26 14:41:01.000000,2.609024e+07,1.818954e+07,1.239959e+02,1.410257e+06,8.843533e+01,,,,5
2018-04-26 14:41:02.000000,2.609023e+07,1.818699e+07,1.239944e+02,1.410257e+06,8.843533e+01,,,,5
2018-04-26 14:41:03.000000,2.609022e+07,1.818854e+07,1.239953e+02,1.410257e+06,8.843533e+01,,,,5
2018-04-26 14:41:04.000000,2.609024e+07,1.818671e+07,1.239942e+02,1.410257e+06,8.843533e+01,,,,5
2018-04-26 14:41:05.000000,2.609025e+07,1.818818e+07,1.239950e+02,1.410257e+06,8.843533e+01,,,,5
2018-04-26 14:41:06.000000,2.609024e+07,1.818690e+07,1.239943e+02,1.410257e+06,8.843533e+01,,,,5
2018-04-26 14:41:07.000000,2.609023e+07,1.818897e+07,1.239956e+02,1.410257e+06,8.843533e+01,,,,5
2018-04-26 14:41:08.000000,2.609022e+07,1.818788e+07,1.239950e+02,1.410257e+06,8.843533e+01,,,,5
2018-04-26 14:41:09.000000,2.609022e+07,1.818747e+07,1.239948e+02,1.410257e+06,8.843533e+01,,,,5
2018-04-26 14:41:10.000000,2.609024e+07,1.818804e+07,1.239952e+02,1.410257e+06,8.843533e+01,,,,5
2018-04-26 14:41:11.000000,2.609024e+07,1.818774e+07,1.239950e+02,1.410257e+06,8.843533e+01,,,,5
2018-04-26 14:41:12.000000,2.609024e+07,1.818900e+07,1.239957e+02,1.410257e+06,8.843533e+01,,,,5
2018-04-26 14:41:13.000000,2.609022e+07,1.818698e+07,1.239944e+02,1.410257e+06,8.843533e+01,,,,5
2018-04-26 14:41:14.000000,2.609023e+07,1.818802e+07,1.239950e+02,1.410257e+06,8.843533e+01,,,,5
2018-04-26 14:41:15.000000,2.609023e+07,1.818684e+07,1.239943e+02,1.410257e+06,8.843533e+01,,,,5
2018-04-26 14:41:16.000000,2.609024e+07,1.818765e+07,1.239947e+02,1.410257e+06,8.843532e+01,,,,5
2018-04-26 14:41:17.000000,2.609024e+07,1.818656e+07,1.239941e+02,1.410257e+06,8.843532e+01,,,,5
2018-04-26 14:41:18.000000,2.609022e+07,1.818841e+07,1.239953e+02,1.410257e+06,8.843532e+01,,,,5
2018-04-26 14:41:19.000000,2.609023e+07,1.818752e+07,1.239948e+02,1.410257e+06,8.843532e+01,,,,5
2018-04-26 14:41:20.000000,2.609022e+07,1.818748e+07,1.239948e+02,1.410257e+06,8.843532e+01,,,,5
2018-04-26 14:41:21.000000,2.609024e+07,1.818770e+07,1.239950e+02,1.410257e+06,8.843532e+01,,,,5
2018-04-26 14:41:22.000000,2.609024e+07,1.818779e+07,1.239950e+02,1.410257e+06,8.843532e+01,,,,5
2018-04-26 14:41:23.000000,2.609024e+07,1.818805e+07,1.239951e+02,1.410257e+06,8.843532e+01,,,,5
2018-04-26 14:41:24.000000,2.609023e+07,1.818699e+07,1.239945e+02,1.410257e+06,8.843532e+01,,,,5
2018-04-26 14:41:25.000000,2.609022e+07,1.818802e+07,1.239950e+02,1.410257e+06,8.843532e+01,,,,5
2018-04-26 14:41:26.000000,2.609023e+07,1.818679e+07,1.239943e+02,1.410257e+06,8.843532e+01,,,,5
2018-04-26 14:41:27.000000,2.609024e+07,1.818772e+07,1.239948e+02,1.410257e+06,8.843532e+01,,,,5
2018-04-26 14:41:28.000000,2.609024e+07,1.818653e+07,1.239941e+02,1.410257e+06,8.843532e+01,,,,5
2018-04-26 14:41:29.000000,2.609025e+07,1.818832e+07,1.239951e+02,1.410257e+06,8.843532e+01,,,,5
2018-04-26 14:41:30.000000,2.609022e+07,1.818750e+07,1.239947e+02,1.410257e+06,8.843532e+01,,,,5
2018-04-26 14:41:31.000000,2.609023e+07,1.818914e+07,1.239957e+02,1.410257e+06,8.843532e+01,,,,5
2018-04-26 14:41:32.000000,2.609024e+07,1.818790e+07,1.239951e+02,1.410257e+06,8.843532e+01,,,,5
2018-04-26 14:41:33.000000,2.609024e+07,1.818940e+07,1.239958e+02,1.410257e+06,8.843532e+01,,,,5
2018-04-26 14:41:34.000000,2.609024e+07,1.818814e+07,1.239952e+02,1.410257e+06,8.843532e+01,,,,5
2018-04-26 14:41:35.000000,2.609022e+07,1.818844e+07,1.239952e+02,1.410257e+06,8.843532e+01,,,,5
2018-04-26 14:41:36.000000,2.609023e+07,1.818724e+07,1.239945e+02,1.410257e+06,8.843532e+01,,,,5
2018-04-26 14:41:37.000000,2.609022e+07,1.818681e+07,1.239943e+02,1.410257e+06,8.843532e+01,,,,5
2018-04-26 14:41:38.000000,2.609024e+07,1.818684e+07,1.239943e+02,1.410257e+06,8.843532e+01,,,,5
2018-04-26 14:41:39.000000,2.609024e+07,1.818651e+07,1.239941e+02,1.410257e+06,8.843532e+01,,,,5
2018-04-26 14:41:40.000000,2.609024e+07,1.818771e+07,1.239947e+02,1.410257e+06,8.843532e+01,,,,5
2018-04-26 14:41:41.000000,2.609022e+07,1.818743e+07,1.239947e+02,1.410257e+06,8.843532e+01,,,,5
2018-04-26 14:41:42.000000,2.609022e+07,1.818858e+07,1.239954e+02,1.410257e+06,8.843532e+01,,,,5
2018-04-26 14:41:43.000000,2.609023e+07,1.818743e+07,1.239947e+02,1.410257e+06,8.843532e+01,,,,5
2018-04-26 14:41:44.000000,2.609024e+07,1.818940e+07,1.239958e+02,1.410257e+06,8.843532e+01,,,,5
2018-04-26 14:41:45.000000,2.609024e+07,1.818781e+07,1.239950e+02,1.410257e+06,8.843532e+01,,,,5
2018-04-26 14:41:46.000000,2.609022e+07,1.818853e+07,1.239953e+02,1.410257e+06,8.843532e+01,,,,5
2018-04-26 14:41:47.000000,2.609022e+07,1.818693e+07,1.239944e+02,1.410257e+06,8.843532e+01,,,,5
2018-04-26 14:41:48.000000,2.609023e+07,1.818688e+07,1.239944e+02,1.410257e+06,8.843531e+01,,,,5
2018-04-26 14:41:49.000000,2.609024e+07,1.818685e+07,1.239943e+02,1.410257e+06,8.843531e+01,,,,5
2018-04-26 14:41:50.000000,2.609024e+07,1.818656e+07,1.239941e+02,1.410257e+06,8.843531e+01,,,,5
2018-04-26 14:41:51.000000,2.609024e+07,1.818777e+07,1.239948e+02,1.410257e+06,8.843531e+01,,,,5
2018-04-26 14:41:52.000000,2.609022e+07,1.818749e+07,1.239948e+02,1.410257e+06,8.843531e+01,,,,5
2018-04-26 14:41:53.000000,2.609023e+07,1.818866e+07,1.239954e+02,1.410257e+06,8.843531e+01,,,,5
2018-04-26 14:41:54.000000,2.609022e+07,1.818744e+07,1.239947e+02,1.410257e+06,8.843531e+01,,,,5
2018-04-26 14:41:55.000000,2.609024e+07,1.818888e+07,1.239955e+02,1.410257e+06,8.843531e+01,,,,5
2018-04-26 14:41:56.000000,2.609024e+07,1.818779e+07,1.239950e+02,1.410257e+06,8.843531e+01,,,,5
2018-04-26 14:41:57.000000,2.609024e+07,1.818953e+07,1.239959e+02,1.410257e+06,8.843531e+01,,,,5
2018-04-26 14:41:58.000000,2.609023e+07,1.818703e+07,1.239944e+02,1.410257e+06,8.843531e+01,,,,5
2018-04-26 14:41:59.000000,2.609022e+07,1.818841e+07,1.239952e+02,1.410257e+06,8.843531e+01,,,,5
2018-04-26 14:42:00.000000,2.609024e+07,1.818671e+07,1.239942e+02,1.410257e+06,8.843531e+01,,,,5
2018-04-26 14:42:01.000000,2.609024e+07,1.818804e+07,1.239949e+02,1.410257e+06,8.843531e+01,,,,5
2018-04-26 14:42:02.000000,2.609024e+07,1.818688e+07,1.239943e+02,1.410257e+06,8.843531e+01,,,,5
2018-04-26 14:42:03.000000,2.609022e+07,1.818742e+07,1.239948e+02,1.410257e+06,8.843531e+01,,,,5
2018-04-26 14:42:04.000000,2.609022e+07,1.818774e+07,1.239949e+02,1.410257e+06,8.843531e+01,,,,5
2018-04-26 14:42:05.000000,2.609022e+07,1.818741e+07,1.239947e+02,1.410257e+06,8.843531e+01,,,,5
2018-04-26 14:42:06.000000,2.609024e+07,1.818800e+07,1.239951e+02,1.410257e+06,8.843531e+01,,,,5
2018-04-26 14:42:07.000000,2.609025e+07,1.818774e+07,1.239950e+02,1.410257e+06,8.843531e+01,,,,5
2018-04-26 14:42:08.000000,2.609024e+07,1.818954e+07,1.239959e+02,1.410257e+06,8.843531e+01,,,,5
2018-04-26 14:42:09.000000,2.609023e+07,1.818701e+07,1.239944e+02,1.410257e+06,8.843531e+01,,,,5
2018-04-26 14:42:10.000000,2.609022e+07,1.818854e+07,1.239953e+02,1.410257e+06,8.843531e+01,,,,5
2018-04-26 14:42:11.000000,2.609022e+07,1.818680e+07,1.239943e+02,1.410257e+06,8.843531e+01,,,,5
2018-04-26 14:42:12.000000,2.609025e+07,1.818821e+07,1.239950e+02,1.410257e+06,8.843531e+01,,,,5
2018-04-26 14:42:13.000000,2.609024e+07,1.818690e+07,1.239943e+02,1.410257e+06,8.843531e+01,,,,5
2018-04-26 14:42:14.000000,2.609023e+07,1.818897e+07,1.239956e+02,1.410257e+06,8.843531e+01,,,,5
2018-04-26 14:42:15.000000,2.609022e+07,1.818788e+07,1.239950e+02,1.410257e+06,8.843531e+01,,,,5
2018-04-26 14:42:16.000000,2.609022e+07,1.818747e+07,1.239948e+02,1.410257e+06,8.843531e+01,,,,5
2018-04-26 14:42:17.000000,2.609024e+07,1.818804e+07,1.239952e+02,1.410257e+06,8.843531e+01,,,,5
2018-04-26 14:42:18.000000,2.609024e+07,1.818774e+07,1.239950e+02,1.410257e+06,8.843531e+01,,,,5
2018-04-26 14:42:19.000000,2.609024e+07,1.818898e+07,1.239956e+02,1.410257e+06,8.843531e+01,,,,5
2018-04-26 14:42:20.000000,2.609022e+07,1.818699e+07,1.239944e+02,1.410257e+06,8.843530e+01,,,,5
2018-04-26 14:42:21.000000,2.609022e+07,1.818802e+07,1.239950e+02,1.410257e+06,8.843530e+01,,,,5
2018-04-26 14:42:22.000000,2.609022e+07,1.818684e+07,1.239943e+02,1.410257e+06,8.843530e+01,,,,5
2018-04-26 14:42:23.000000,2.609024e+07,1.818765e+07,1.239947e+02,1.410257e+06,8.843530e+01,,,,5
2018-04-26 14:42:24.000000,2.609024e+07,1.818656e+07,1.239941e+02,1.410257e+06,8.843530e+01,,,,5
2018-04-26 14:42:25.000000,2.609022e+07,1.818841e+07,1.239953e+02,1.410257e+06,8.843530e+01,,,,5
2018-04-26 14:42:26.000000,2.609023e+07,1.818753e+07,1.239948e+02,1.410257e+06,8.843530e+01,,,,5
2018-04-26 14:42:27.000000,2.609022e+07,1.818748e+07,1.239948e+02,1.410257e+06,8.843530e+01,,,,5
2018-04-26 14:42:28.000000,2.609024e+07,1.818770e+07,1.239950e+02,1.410257e+06,8.843530e+01,,,,5
2018-04-26 14:42:29.000000,2.609024e+07,1.818779e+07,1.239950e+02,1.410257e+06,8.843530e+01,,,,5
2018-04-26 14:42:30.000000,2.609024e+07,1.818805e+07,1.239951e+02,1.410257e+06,8.843530e+01,,,,5
2018-04-26 14:42:31.000000,2.609023e+07,1.818699e+07,1.239945e+02,1.410257e+06,8.843530e+01,,,,5
2018-04-26 14:42:32.000000,2.609022e+07,1.818802e+07,1.239950e+02,1.410257e+06,8.843530e+01,,,,5
2018-04-26 14:42:33.000000,2.609023e+07,1.818681e+07,1.239943e+02,1.410257e+06,8.843530e+01,,,,5
2018-04-26 14:42:34.000000,2.609024e+07,1.818771e+07,1.239948e+02,1.410257e+06,8.843530e+01,,,,5
2018-04-26 14:42:35.000000,2.609024e+07,1.818653e+07,1.239941e+02,1.410257e+06,8.843530e+01,,,,5
2018-04-26 14:42:36.000000,2.609025e+07,1.818830e+07,1.239950e+02,1.410257e+06,8.843530e+01,,,,5
2018-04-26 14:42:37.000000,2.609022e+07,1.818750e+07,1.239947e+02,1.410257e+06,8.843530e+01,,,,5
2018-04-26 14:42:38.000000,2.609023e+07,1.818914e+07,1.239957e+02,1.410257e+06,8.843530e+01,,,,5
2018-04-26 14:42:39.000000,2.609024e+07,1.818790e+07,1.239951e+02,1.410257e+06,8.843530e+01,,,,5
2018-04-26 14:42:40.000000,2.609024e+07,1.818938e+07,1.239958e+02,1.410257e+06,8.843530e+01,,,,5
2018-04-26 14:42:41.000000,2.609024e+07,1.818815e+07,1.239952e+02,1.410257e+06,8.843530e+01,,,,5
2018-04-26 14:42:42.000000,2.609022e+07,1.818844e+07,1.239952e+02,1.410257e+06,8.843530e+01,,,,5
2018-04-26 14:42:43.000000,2.609022e+07,1.818726e+07,1.239946e+02,1.410257e+06,8.843530e+01,,,,5
2018-04-26 14:42:44.000000,2.609022e+07,1.818681e+07,1.239943e+02,1.410257e+06,8.843530e+01,,,,5
2018-04-26 14:42:45.000000,2.609024e+07,1.818684e+07,1.239943e+02,1.410257e+06,8.843530e+01,,,,5
2018-04-26 14:42:46.000000,2.609024e+07,1.818651e+07,1.239941e+02,1.410257e+06,8.843530e+01,,,,5
2018-04-26 14:42:47.000000,2.609024e+07,1.818771e+07,1.239947e+02,1.410257e+06,8.843530e+01,,,,5
2018-04-26 14:42:48.000000,2.609022e+07,1.818743e+07,1.239947e+02,1.410257e+06,8.843530e+01,,,,5
2018-04-26 14:42:49.000000,2.609022e+07,1.818858e+07,1.239954e+02,1.410257e+06,8.843530e+01,,,,5
2018-04-26 14:42:50.000000,2.609023e+07,1.818743e+07,1.239947e+02,1.410257e+06,8.843530e+01,,,,5
2018-04-26 14:42:51.000000,2.609024e+07,1.818940e+07,1.239958e+02,1.410257e+06,8.843530e+01,,,,5
2018-04-26 14:42:52.000000,2.609024e+07,1.818781e+07,1.239950e+02,1.410257e+06,8.843529e+01,,,,5
2018-04-26 14:42:53.000000,2.609022e+07,1.818852e+07,1.239953e+02,1.410257e+06,8.843529e+01,,,,5
2018-04-26 14:42:54.000000,2.609022e+07,1.818693e+07,1.239944e+02,1.410257e+06,8.843529e+01,,,,5
2018-04-26 14:42:55.000000,2.609023e+07,1.818688e+07,1.239944e+02,1.410257e+06,8.843529e+01,,,,5
2018-04-26 14:42:56.000000,2.609024e+07,1.818685e+07,1.239943e+02,1.410257e+06,8.843529e+01,,,,5
2018-04-26 14:42:57.000000,2.609024e+07,1.818656e+07,1.239941e+02,1.410257e+06,8.843529e+01,,,,5
2018-04-26 14:42:58.000000,2.609024e+07,1.818777e+07,1.239948e+02,1.410257e+06,8.843529e+01,,,,5
2018-04-26 14:42:59.000000,2.609022e+07,1.818749e+07,1.239948e+02,1.410257e+06,8.843529e+01,,,,5
2018-04-26 14:43:00.000000,2.609023e+07,1.818865e+07,1.239954e+02,1.410257e+06,8.843529e+01,,,,5
2018-04-26 14:43:01.000000,2.609022e+07,1.818744e+07,1.239947e+02,1.410257e+06,8.843529e+01,,,,5
2018-04-26 14:43:02.000000,2.609024e+07,1.818888e+07,1.239955e+02,1.410257e+06,8.843529e+01,,,,5
2018-04-26 14:43:03.000000,2.609024e+07,1.818781e+07,1.239950e+02,1.410257e+06,8.843529e+01,,,,5
2018-04-26 14:43:04.000000,2.609024e+07,1.818953e+07,1.239959e+02,1.410257e+06,8.843529e+01,,,,5
2018-04-26 14:43:05.000000,2.609022e+07,1.818698e+07,1.239944e+02,1.410257e+06,8.843529e+01,,,,5
2018-04-26 14:43:06.000000,2.609022e+07,1.818854e+07,1.239953e+02,1.410257e+06,8.843529e+01,,,,5
2018-04-26 14:43:07.000000,2.609024e+07,1.818671e+07,1.239942e+02,1.410257e+06,8.843529e+01,,,,5
2018-04-26 14:43:08.000000,2.609024e+07,1.818818e+07,1.239949e+02,1.410257e+06,8.843529e+01,,,,5
2018-04-26 14:43:09.000000,2.609024e+07,1.818690e+07,1.239943e+02,1.410257e+06,8.843529e+01,,,,5
2018-04-26 14:43:10.000000,2.609023e+07,1.818897e+07,1.239956e+02,1.410257e+06,8.843529e+01,,,,5
2018-04-26 14:43:11.000000,2.609022e+07,1.818787e+07,1.239950e+02,1.410257e+06,8.843529e+01,,,,5
2018-04-26 14:43:12.000000,2.609022e+07,1.818747e+07,1.239948e+02,1.410257e+06,8.843529e+01,,,,5
2018-04-26 14:43:13.000000,2.609024e+07,1.818804e+07,1.239952e+02,1.410257e+06,8.843529e+01,,,,5
2018-04-26 14:43:14.000000,2.609024e+07,1.818774e+07,1.239950e+02,1.410257e+06,8.843529e+01,,,,5
2018-04-26 14:43:15.000000,2.609024e+07,1.818900e+07,1.239956e+02,1.410257e+06,8.843529e+01,,,,5
2018-04-26 14:43:16.000000,2.609022e+07,1.818698e+07,1.239944e+02,1.410257e+06,8.843529e+01,,,,5
2018-04-26 14:43:17.000000,2.609023e+07,1.818802e+07,1.239950e+02,1.410257e+06,8.843529e+01,,,,5
2018-04-26 14:43:18.000000,2.609023e+07,1.818683e+07,1.239943e+02,1.410257e+06,8.843529e+01,,,,5
2018-04-26 14:43:19.000000,2.609024e+07,1.818765e+07,1.239947e+02,1.410257e+06,8.843529e+01,,,,5
2018-04-26 14:43:20.000000,2.609024e+07,1.818656e+07,1.239941e+02,1.410257e+06,8.843529e+01,,,,5
2018-04-26 14:43:21.000000,2.609022e+07,1.818843e+07,1.239953e+02,1.410257e+06,8.843529e+01,,,,5
2018-04-26 14:43:22.000000,2.609023e+07,1.818752e+07,1.239948e+02,1.410257e+06,8.843529e+01,,,,5
2018-04-26 14:43:23.000000,2.609022e+07,1.818748e+07,1.239948e+02,1.410257e+06,8.843529e+01,,,,5
2018-04-26 14:43:24.000000,2.609024e+07,1.818770e+07,1.239950e+02,1.410257e+06,8.843529e+01,,,,5
2018-04-26 14:43:25.000000,2.609024e+07,1.818779e+07,1.239950e+02,1.410257e+06,8.843528e+01,,,,5
2018-04-26 14:43:26.000000,2.609024e+07,1.818805e+07,1.239951e+02,1.410257e+06,8.843528e+01,,,,5
2018-04-26 14:43:27.000000,2.609023e+07,1.818699e+07,1.239945e+02,1.410257e+06,8.843528e+01,,,,5
2018-04-26 14:43:28.000000,2.609022e+07,1.818804e+07,1.239950e+02,1.410257e+06,8.843528e+01,,,,5
2018-04-26 14:43:29.000000,2.609023e+07,1.818679e+07,1.239943e+02,1.410257e+06,8.843528e+01,,,,5
2018-04-26 14:43:30.000000,2.609024e+07,1.818772e+07,1.239948e+02,1.410257e+06,8.843528e+01,,,,5
2018-04-26 14:43:31.000000,2.609024e+07,1.818654e+07,1.239941e+02,1.410257e+06,8.843528e+01,,,,5
2018-04-26 14:43:32.000000,2.609025e+07,1.818832e+07,1.239950e+02,1.410257e+06,8.843528e+01,,,,5
2018-04-26 14:43:33.000000,2.609022e+07,1.818750e+07,1.239947e+02,1.410257e+06,8.843528e+01,,,,5
2018-04-26 14:43:34.000000,2.609023e+07,1.818914e+07,1.239957e+02,1.410257e+06,8.843528e+01,,,,5
2018-04-26 14:43:35.000000,2.609024e+07,1.818790e+07,1.239951e+02,1.410257e+06,8.843528e+01,,,,5
2018-04-26 14:43:36.000000,2.609024e+07,1.818940e+07,1.239958e+02,1.410257e+06,8.843528e+01,,,,5
2018-04-26 14:43:37.000000,2.609025e+07,1.818814e+07,1.239952e+02,1.410257e+06,8.843528e+01,,,,5
2018-04-26 14:43:38.000000,2.609022e+07,1.818844e+07,1.239952e+02,1.410257e+06,8.843528e+01,,,,5
2018-04-26 14:43:39.000000,2.609023e+07,1.818724e+07,1.239945e+02,1.410257e+06,8.843528e+01,,,,5
2018-04-26 14:43:40.000000,2.609022e+07,1.818681e+07,1.239943e+02,1.410257e+06,8.843528e+01,,,,5
2018-04-26 14:43:41.000000,2.609025e+07,1.818685e+07,1.239942e+02,1.410257e+06,8.843528e+01,,,,5
2018-04-26 14:43:42.000000,2.609024e+07,1.818651e+07,1.239941e+02,1.410257e+06,8.843528e+01,,,,5
2018-04-26 14:43:43.000000,2.609024e+07,1.818771e+07,1.239947e+02,1.410257e+06,8.843528e+01,,,,5
2018-04-26 14:43:44.000000,2.609022e+07,1.818743e+07,1.239947e+02,1.410257e+06,8.843528e+01,,,,5
2018-04-26 14:43:45.000000,2.609022e+07,1.818860e+07,1.239954e+02,1.410257e+06,8.843528e+01,,,,5
2018-04-26 14:43:46.000000,2.609023e+07,1.818743e+07,1.239947e+02,1.410257e+06,8.843528e+01,,,,5
2018-04-26 14:43:47.000000,2.609024e+07,1.818940e+07,1.239958e+02,1.410257e+06,8.843528e+01,,,,5
2018-04-26 14:43:48.000000,2.609024e+07,1.818781e+07,1.239950e+02,1.410257e+06,8.843528e+01,,,,5
2018-04-26 14:43:49.000000,2.609022e+07,1.818853e+07,1.239953e+02,1.410257e+06,8.843528e+01,,,,5
2018-04-26 14:43:50.000000,2.609022e+07,1.818693e+07,1.239944e+02,1.410257e+06,8.843528e+01,,,,5
2018-04-26 14:43:51.000000,2.609023e+07,1.818688e+07,1.239944e+02,1.410257e+06,8.843528e+01,,,,5
2018-04-26 14:43:52.000000,2.609024e+07,1.818685e+07,1.239942e+02,1.410257e+06,8.843528e+01,,,,5
2018-04-26 14:43:53.000000,2.609025e+07,1.818656e+07,1.239941e+02,1.410257e+06,8.843528e+01,,,,5
2018-04-26 14:43:54.000000,2.609024e+07,1.818777e+07,1.239948e+02,1.410257e+06,8.843528e+01,,,,5
2018-04-26 14:43:55.000000,2.609022e+07,1.818749e+07,1.239948e+02,1.410257e+06,8.843528e+01,,,,5
2018-04-26 14:43:56.000000,2.609023e+07,1.818866e+07,1.239954e+02,1.410257e+06,8.843528e+01,,,,5
2018-04-26 14:43:57.000000,2.609022e+07,1.818744e+07,1.239947e+02,1.410257e+06,8.843528e+01,,,,5
2018-04-26 14:43:58.000000,2.609024e+07,1.818888e+07,1.239955e+02,1.410257e+06,8.843527e+01,,,,5
2018-04-26 14:43:59.000000,2.609024e+07,1.818780e+07,1.239950e+02,1.410257e+06,8.843527e+01,,,,5
2018-04-26 14:44:00.000000,2.609023e+07,1.818805e+07,1.239950e+02,1.410257e+06,8.843527e+01,,,,5
2018-04-26 14:44:01.000000,2.609023e+07,1.818694e+07,1.239944e+02,1.410257e+06,8.843527e+01,,,,5
2018-04-26 14:44:02.000000,2.609022e+07,1.818843e+07,1.239952e+02,1.410257e+06,8.843527e+01,,,,5
2018-04-26 14:44:03.000000,2.609024e+07,1.818671e+07,1.239942e+02,1.410257e+06,8.843527e+01,,,,5
2018-04-26 14:44:04.000000,2.609024e+07,1.818805e+07,1.239949e+02,1.410257e+06,8.843527e+01,,,,5
2018-04-26 14:44:05.000000,2.609025e+07,1.818688e+07,1.239942e+02,1.410257e+06,8.843527e+01,,,,5
2018-04-26 14:44:06.000000,2.609022e+07,1.818742e+07,1.239947e+02,1.410257e+06,8.843527e+01,,,,5
2018-04-26 14:44:07.000000,2.609023e+07,1.818774e+07,1.239949e+02,1.410257e+06,8.843527e+01,,,,5
2018-04-26 14:44:08.000000,2.609022e+07,1.818741e+07,1.239947e+02,1.410257e+06,8.843527e+01,,,,5
2018-04-26 14:44:09.000000,2.609024e+07,1.818800e+07,1.239951e+02,1.410257e+06,8.843527e+01,,,,5
2018-04-26 14:44:10.000000,2.609025e+07,1.818774e+07,1.239950e+02,1.410257e+06,8.843527e+01,,,,5
2018-04-26 14:44:11.000000,2.609024e+07,1.818954e+07,1.239959e+02,1.410257e+06,8.843527e+01,,,,5
2018-04-26 14:44:12.000000,2.609023e+07,1.818699e+07,1.239944e+02,1.410257e+06,8.843527e+01,,,,5
2018-04-26 14:44:13.000000,2.609022e+07,1.818854e+07,1.239953e+02,1.410257e+06,8.843527e+01,,,,5
2018-04-26 14:44:14.000000,2.609024e+07,1.818671e+07,1.239942e+02,1.410257e+06,8.843527e+01,,,,5
2018-04-26 14:44:15.000000,2.609025e+07,1.818817e+07,1.239949e+02,1.410257e+06,8.843527e+01,,,,5
2018-04-26 14:44:16.000000,2.609024e+07,1.818690e+07,1.239942e+02,1.410257e+06,8.843527e+01,,,,5
2018-04-26 14:44:17.000000,2.609023e+07,1.818897e+07,1.239955e+02,1.410257e+06,8.843527e+01,,,,5
2018-04-26 14:44:18.000000,2.609022e+07,1.818788e+07,1.239950e+02,1.410257e+06,8.843527e+01,,,,5
2018-04-26 14:44:19.000000,2.609022e+07,1.818747e+07,1.239948e+02,1.410257e+06,8.843527e+01,,,,5
2018-04-26 14:44:20.000000,2.609025e+07,1.818804e+07,1.239951e+02,1.410257e+06,8.843527e+01,,,,5
2018-04-26 14:44:21.000000,2.609024e+07,1.818774e+07,1.239950e+02,1.410257e+06,8.843527e+01,,,,5
2018-04-26 14:44:22.000000,2.609024e+07,1.818898e+07,1.239956e+02,1.410257e+06,8.843527e+01,,,,5
2018-04-26 14:44:23.000000,2.609022e+07,1.818699e+07,1.239944e+02,1.410257e+06,8.843527e+01,,,,5
2018-04-26 14:44:24.000000,2.609023e+07,1.818802e+07,1.239950e+02,1.410257e+06,8.843527e+01,,,,5
2018-04-26 14:44:25.000000,2.609023e+07,1.818684e+07,1.239943e+02,1.410257e+06,8.843527e+01,,,,5
2018-04-26 14:44:26.000000,2.609024e+07,1.818765e+07,1.239947e+02,1.410257e+06,8.843527e+01,,,,5
2018-04-26 14:44:27.000000,2.609024e+07,1.818656e+07,1.239941e+02,1.410257e+06,8.843527e+01,,,,5
2018-04-26 14:44:28.000000,2.609022e+07,1.818841e+07,1.239953e+02,1.410257e+06,8.843527e+01,,,,5
2018-04-26 14:44:29.000000,2.609023e+07,1.818752e+07,1.239948e+02,1.410257e+06,8.843527e+01,,,,5
2018-04-26 14:44:30.000000,2.609022e+07,1.818748e+07,1.239948e+02,1.410257e+06,8.843527e+01,,,,5
2018-04-26 14:44:31.000000,2.609024e+07,1.818770e+07,1.239950e+02,1.410257e+06,8.843526e+01,,,,5
2018-04-26 14:44:32.000000,2.609024e+07,1.818779e+07,1.239950e+02,1.410257e+06,8.843526e+01,,,,5
2018-04-26 14:44:33.000000,2.609024e+07,1.818805e+07,1.239951e+02,1.410257e+06,8.843526e+01,,,,5
2018-04-26 14:44:34.000000,2.609023e+07,1.818699e+07,1.239945e+02,1.410257e+06,8.843526e+01,,,,5
2018-04-26 14:44:35.000000,2.609022e+07,1.818802e+07,1.239950e+02,1.410257e+06,8.843526e+01,,,,5
2018-04-26 14:44:36.000000,2.609023e+07,1.818679e+07,1.239943e+02,1.410257e+06,8.843526e+01,,,,5
2018-04-26 14:44:37.000000,2.609024e+07,1.818772e+07,1.239948e+02,1.410257e+06,8.843526e+01,,,,5
2018-04-26 14:44:38.000000,2.609024e+07,1.818654e+07,1.239941e+02,1.410257e+06,8.843526e+01,,,,5
2018-04-26 14:44:39.000000,2.609025e+07,1.818830e+07,1.239950e+02,1.410257e+06,8.843526e+01,,,,5
2018-04-26 14:44:40.000000,2.609022e+07,1.818750e+07,1.239947e+02,1.410257e+06,8.843526e+01,,,,5
2018-04-26 14:44:41.000000,2.609023e+07,1.818914e+07,1.239957e+02,1.410257e+06,8.843526e+01,,,,5
2018-04-26 14:44:42.000000,2.609024e+07,1.818790e+07,1.239951e+02,1.410257e+06,8.843526e+01,,,,5
2018-04-26 14:44:43.000000,2.609024e+07,1.818940e+07,1.239958e+02,1.410257e+06,8.843526e+01,,,,5
2018-04-26 14:44:44.000000,2.609024e+07,1.818814e+07,1.239951e+02,1.410257e+06,8.843526e+01,,,,5
2018-04-26 14:44:45.000000,2.609022e+07,1.818844e+07,1.239952e+02,1.410257e+06,8.843526e+01,,,,5
2018-04-26 14:44:46.000000,2.609023e+07,1.818724e+07,1.239945e+02,1.410257e+06,8.843526e+01,,,,5
2018-04-26 14:44:47.000000,2.609022e+07,1.818681e+07,1.239943e+02,1.410257e+06,8.843526e+01,,,,5
2018-04-26 14:44:48.000000,2.609024e+07,1.818684e+07,1.239942e+02,1.410257e+06,8.843526e+01,,,,5
2018-04-26 14:44:49.000000,2.609024e+07,1.818651e+07,1.239941e+02,1.410257e+06,8.843526e+01,,,,5
2018-04-26 14:44:50.000000,2.609024e+07,1.818771e+07,1.239947e+02,1.410257e+06,8.843526e+01,,,,5
2018-04-26 14:44:51.000000,2.609022e+07,1.818743e+07,1.239947e+02,1.410257e+06,8.843526e+01,,,,5
2018-04-26 14:44:52.000000,2.609022e+07,1.818858e+07,1.239954e+02,1.410257e+06,8.843526e+01,,,,5
2018-04-26 14:44:53.000000,2.609023e+07,1.818743e+07,1.239947e+02,1.410257e+06,8.843526e+01,,,,5
2018-04-26 14:44:54.000000,2.609024e+07,1.818940e+07,1.239958e+02,1.410257e+06,8.843526e+01,,,,5
2018-04-26 14:44:55.000000,2.609024e+07,1.818781e+07,1.239950e+02,1.410257e+06,8.843526e+01,,,,5
2018-04-26 14:44:56.000000,2.609022e+07,1.818853e+07,1.239953e+02,1.410257e+06,8.843526e+01,,,,5
2018-04-26 14:44:57.000000,2.609022e+07,1.818693e+07,1.239944e+02,1.410257e+06,8.843526e+01,,,,5
2018-04-26 14:44:58.000000,2.609023e+07,1.818688e+07,1.239944e+02,1.410257e+06,8.843526e+01,,,,5
2018-04-26 14:44:59.000000,2.609024e+07,1.818685e+07,1.239942e+02,1.410257e+06,8.843526e+01,,,,5
2018-04-26 14:45:00.000000,2.609024e+07,1.818656e+07,1.239941e+02,1.410257e+06,8.843526e+01,,,,5
2018-04-26 14:45:01.000000,2.609024e+07,1.818777e+07,1.239948e+02,1.410257e+06,8.843526e+01,,,,5
2018-04-26 14:45:02.000000,2.609022e+07,1.818749e+07,1.239948e+02,1.410257e+06,8.843526e+01,,,,5
2018-04-26 14:45:03.000000,2.609023e+07,1.818866e+07,1.239954e+02,1.410257e+06,8.843526e+01,,,,5
2018-04-26 14:45:04.000000,2.609022e+07,1.818744e+07,1.239947e+02,1.410257e+06,8.843526e+01,,,,5
2018-04-26 14:45:05.000000,2.609024e+07,1.818888e+07,1.239955e+02,1.410257e+06,8.843525e+01,,,,5
2018-04-26 14:45:06.000000,2.609024e+07,1.818781e+07,1.239950e+02,1.410257e+06,8.843525e+01,,,,5
2018-04-26 14:45:07.000000,2.609024e+07,1.818953e+07,1.239959e+02,1.410257e+06,8.843525e+01,,,,5
2018-04-26 14:45:08.000000,2.609023e+07,1.818703e+07,1.239944e+02,1.410257e+06,8.843525e+01,,,,5
2018-04-26 14:45:09.000000,2.609022e+07,1.818841e+07,1.239952e+02,1.410257e+06,8.843525e+01,,,,5
2018-04-26 14:45:10.000000,2.609024e+07,1.818671e+07,1.239942e+02,1.410257e+06,8.843525e+01,,,,5
2018-04-26 14:45:11.000000,2.609024e+07,1.818804e+07,1.239949e+02,1.410257e+06,8.843525e+01,,,,5
2018-04-26 14:45:12.000000,2.609024e+07,1.818688e+07,1.239942e+02,1.410257e+06,8.843525e+01,,,,5
2018-04-26 14:45:13.000000,2.609022e+07,1.818742e+07,1.239947e+02,1.410257e+06,8.843525e+01,,,,5
2018-04-26 14:45:14.000000,2.609023e+07,1.818774e+07,1.239949e+02,1.410257e+06,8.843525e+01,,,,5
2018-04-26 14:45:15.000000,2.609022e+07,1.818741e+07,1.239947e+02,1.410257e+06,8.843525e+01,,,,5
2018-04-26 14:45:16.000000,2.609024e+07,1.818800e+07,1.239951e+02,1.410257e+06,8.843525e+01,,,,5
2018-04-26 14:45:17.000000,2.609025e+07,1.818774e+07,1.239950e+02,1.410257e+06,8.843525e+01,,,,5
2018-04-26 14:45:18.000000,2.609024e+07,1.818954e+07,1.239959e+02,1.410257e+06,8.843525e+01,,,,5
2018-04-26 14:45:19.000000,2.609023e+07,1.818701e+07,1.239944e+02,1.410257e+06,8.843525e+01,,,,5
2018-04-26 14:45:20.000000,2.609022e+07,1.818854e+07,1.239953e+02,1.410257e+06,8.843525e+01,,,,5
2018-04-26 14:45:21.000000,2.609022e+07,1.818680e+07,1.239943e+02,1.410257e+06,8.843525e+01,,,,5
2018-04-26 14:45:22.000000,2.609025e+07,1.818821e+07,1.239949e+02,1.410257e+06,8.843525e+01,,,,5
2018-04-26 14:45:23.000000,2.609024e+07,1.818691e+07,1.239942e+02,1.410257e+06,8.843525e+01,,,,5
2018-04-26 14:45:24.000000,2.609023e+07,1.818897e+07,1.239955e+02,1.410257e+06,8.843525e+01,,,,5
2018-04-26 14:45:25.000000,2.609022e+07,1.818788e+07,1.239950e+02,1.410257e+06,8.843525e+01,,,,5
2018-04-26 14:45:26.000000,2.609022e+07,1.818747e+07,1.239948e+02,1.410257e+06,8.843525e+01,,,,5
2018-04-26 14:45:27.000000,2.609024e+07,1.818804e+07,1.239951e+02,1.410257e+06,8.843525e+01,,,,5
2018-04-26 14:45:28.000000,2.609024e+07,1.818774e+07,1.239950e+02,1.410257e+06,8.843525e+01,,,,5
2018-04-26 14:45:29.000000,2.609024e+07,1.818898e+07,1.239956e+02,1.410257e+06,8.843525e+01,,,,5
2018-04-26 14:45:30.000000,2.609022e+07,1.818699e+07,1.239944e+02,1.410257e+06,8.843525e+01,,,,5
2018-04-26 14:45:31.000000,2.609023e+07,1.818802e+07,1.239950e+02,1.410257e+06,8.843525e+01,,,,5
2018-04-26 14:45:32.000000,2.609023e+07,1.818684e+07,1.239943e+02,1.410257e+06,8.843525e+01,,,,5
2018-04-26 14:45:33.000000,2.609024e+07,1.818765e+07,1.239947e+02,1.410257e+06,8.843525e+01,,,,5
2018-04-26 14:45:34.000000,2.609024e+07,1.818656e+07,1.239941e+02,1.410257e+06,8.843525e+01,,,,5
2018-04-26 14:45:35.000000,2.609024e+07,1.818816e+07,1.239949e+02,1.410257e+06,8.843525e+01,,,,5
2018-04-26 14:45:36.000000,2.609023e+07,1.818748e+07,1.239947e+02,1.410257e+06,8.843525e+01,,,,5
2018-04-26 14:45:37.000000,2.609022e+07,1.818748e+07,1.239948e+02,1.410257e+06,8.843525e+01,,,,5
2018-04-26 14:45:38.000000,2.609024e+07,1.818770e+07,1.239950e+02,1.410257e+06,8.843524e+01,,,,5
2018-04-26 14:45:39.000000,2.609024e+07,1.818779e+07,1.239950e+02,1.410257e+06,8.843524e+01,,,,5
2018-04-26 14:45:40.000000,2.609024e+07,1.818805e+07,1.239951e+02,1.410257e+06,8.843524e+01,,,,5
2018-04-26 14:45:41.000000,2.609023e+07,1.818699e+07,1.239945e+02,1.410257e+06,8.843524e+01,,,,5
2018-04-26 14:45:42.000000,2.609022e+07,1.818802e+07,1.239950e+02,1.410257e+06,8.843524e+01,,,,5
2018-04-26 14:45:43.000000,2.609023e+07,1.818681e+07,1.239943e+02,1.410257e+06,8.843524e+01,,,,5
2018-04-26 14:45:44.000000,2.609024e+07,1.818771e+07,1.239948e+02,1.410257e+06,8.843524e+01,,,,5
2018-04-26 14:45:45.000000,2.609024e+07,1.818653e+07,1.239941e+02,1.410257e+06,8.843524e+01,,,,5
2018-04-26 14:45:46.000000,2.609025e+07,1.818830e+07,1.239950e+02,1.410257e+06,8.843524e+01,,,,5
2018-04-26 14:45:47.000000,2.609022e+07,1.818750e+07,1.239947e+02,1.410257e+06,8.843524e+01,,,,5
2018-04-26 14:45:48.000000,2.609023e+07,1.818914e+07,1.239957e+02,1.410257e+06,8.843524e+01,,,,5
2018-04-26 14:45:49.000000,2.609024e+07,1.818790e+07,1.239951e+02,1.410257e+06,8.843524e+01,,,,5
2018-04-26 14:45:50.000000,2.609024e+07,1.818938e+07,1.239958e+02,1.410257e+06,8.843524e+01,,,,5
2018-04-26 14:45:51.000000,2.609024e+07,1.818815e+07,1.239951e+02,1.410257e+06,8.843524e+01,,,,5
2018-04-26 14:45:52.000000,2.609022e+07,1.818844e+07,1.239952e+02,1.410257e+06,8.843524e+01,,,,5
2018-04-26 14:45:53.000000,2.609023e+07,1.818726e+07,1.239946e+02,1.410257e+06,8.843524e+01,,,,5
2018-04-26 14:45:54.000000,2.609022e+07,1.818681e+07,1.239943e+02,1.410257e+06,8.843524e+01,,,,5
2018-04-26 14:45:55.000000,2.609024e+07,1.818684e+07,1.239942e+02,1.410257e+06,8.843524e+01,,,,5
2018-04-26 14:45:56.000000,2.609024e+07,1.818651e+07,1.239941e+02,1.410257e+06,8.843524e+01,,,,5
2018-04-26 14:45:57.000000,2.609024e+07,1.818769e+07,1.239947e+02,1.410257e+06,8.843524e+01,,,,5
2018-04-26 14:45:58.000000,2.609022e+07,1.818743e+07,1.239947e+02,1.410257e+06,8.843524e+01,,,,5
2018-04-26 14:45:59.000000,2.609022e+07,1.818858e+07,1.239954e+02,1.410257e+06,8.843524e+01,,,,5
2018-04-26 14:46:00.000000,2.609023e+07,1.818744e+07,1.239947e+02,1.410257e+06,8.843524e+01,,,,5
2018-04-26 14:46:01.000000,2.609024e+07,1.818940e+07,1.239958e+02,1.410257e+06,8.843524e+01,,,,5
2018-04-26 14:46:02.000000,2.609024e+07,1.818781e+07,1.239950e+02,1.410257e+06,8.843524e+01,,,,5
2018-04-26 14:46:03.000000,2.609022e+07,1.818852e+07,1.239953e+02,1.410257e+06,8.843524e+01,,,,5
2018-04-26 14:46:04.000000,2.609022e+07,1.818693e+07,1.239944e+02,1.410257e+06,8.843524e+01,,,,5
2018-04-26 14:46:05.000000,2.609023e+07,1.818688e+07,1.239944e+02,1.410257e+06,8.843524e+01,,,,5
2018-04-26 14:46:06.000000,2.609024e+07,1.818685e+07,1.239942e+02,1.410257e+06,8.843524e+01,,,,5
2018-04-26 14:46:07.000000,2.609024e+07,1.818656e+07,1.239941e+02,1.410257e+06,8.843524e+01,,,,5
2018-04-26 14:46:08.000000,2.609024e+07,1.818777e+07,1.239948e+02,1.410257e+06,8.843524e+01,,,,5
2018-04-26 14:46:09.000000,2.609022e+07,1.818749e+07,1.239948e+02,1.410257e+06,8.843524e+01,,,,5
2018-04-26 14:46:10.000000,2.609023e+07,1.818865e+07,1.239954e+02,1.410257e+06,8.843524e+01,,,,5
2018-04-26 14:46:11.000000,2.609022e+07,1.818744e+07,1.239947e+02,1.410257e+06,8.843524e+01,,,,5
2018-04-26 14:46:12.000000,2.609024e+07,1.818888e+07,1.239955e+02,1.410257e+06,8.843523e+01,,,,5
2018-04-26 14:46:13.000000,2.609024e+07,1.818781e+07,1.239950e+02,1.410257e+06,8.843523e+01,,,,5
2018-04-26 14:46:14.000000,2.609024e+07,1.818951e+07,1.239959e+02,1.410257e+06,8.843523e+01,,,,5
2018-04-26 14:46:15.000000,2.609023e+07,1.818703e+07,1.239944e+02,1.410257e+06,8.843523e+01,,,,5
2018-04-26 14:46:16.000000,2.609022e+07,1.818841e+07,1.239952e+02,1.410257e+06,8.843523e+01,,,,5
2018-04-26 14:46:17.000000,2.609024e+07,1.818673e+07,1.239942e+02,1.410257e+06,8.843523e+01,,,,5
2018-04-26 14:46:18.000000,2.609024e+07,1.818804e+07,1.239948e+02,1.410257e+06,8.843523e+01,,,,5
2018-04-26 14:46:19.000000,2.609024e+07,1.818688e+07,1.239942e+02,1.410257e+06,8.843523e+01,,,,5
2018-04-26 14:46:20.000000,2.609022e+07,1.818741e+07,1.239947e+02,1.410257e+06,8.843523e+01,,,,5
2018-04-26 14:46:21.000000,2.609022e+07,1.818774e+07,1.239949e+02,1.410257e+06,8.843523e+01,,,,5
2018-04-26 14:46:22.000000,2.609022e+07,1.818741e+07,1.239947e+02,1.410257e+06,8.843523e+01,,,,5
2018-04-26 14:46:23.000000,2.609024e+07,1.818800e+07,1.239951e+02,1.410257e+06,8.843523e+01,,,,5
2018-04-26 14:46:24.000000,2.609025e+07,1.818774e+07,1.239950e+02,1.410257e+06,8.843523e+01,,,,5
2018-04-26 14:46:25.000000,2.609024e+07,1.818954e+07,1.239959e+02,1.410257e+06,8.843523e+01,,,,5
2018-04-26 14:46:26.000000,2.609023e+07,1.818701e+07,1.239944e+02,1.410257e+06,8.843523e+01,,,,5
2018-04-26 14:46:27.000000,2.609022e+07,1.818852e+07,1.239952e+02,1.410257e+06,8.843523e+01,,,,5
2018-04-26 14:46:28.000000,2.609022e+07,1.818680e+07,1.239943e+02,1.410257e+06,8.843523e+01,,,,5
2018-04-26 14:46:29.000000,2.609025e+07,1.818821e+07,1.239949e+02,1.410257e+06,8.843523e+01,,,,5
2018-04-26 14:46:30.000000,2.609024e+07,1.818691e+07,1.239942e+02,1.410257e+06,8.843523e+01,,,,5
2018-04-26 14:46:31.000000,2.609023e+07,1.818895e+07,1.239955e+02,1.410257e+06,8.843523e+01,,,,5
2018-04-26 14:46:32.000000,2.609022e+07,1.818788e+07,1.239950e+02,1.410257e+06,8.843523e+01,,,,5
2018-04-26 14:46:33.000000,2.609022e+07,1.818747e+07,1.239948e+02,1.410257e+06,8.843523e+01,,,,5
2018-04-26 14:46:34.000000,2.609024e+07,1.818803e+07,1.239951e+02,1.410257e+06,8.843523e+01,,,,5
2018-04-26 14:46:35.000000,2.609024e+07,1.818774e+07,1.239950e+02,1.410257e+06,8.843523e+01,,,,5
2018-04-26 14:46:36.000000,2.609024e+07,1.818898e+07,1.239956e+02,1.410257e+06,8.843523e+01,,,,5
2018-04-26 14:46:37.000000,2.609022e+07,1.818700e+07,1.239944e+02,1.410257e+06,8.843523e+01,,,,5
2018-04-26 14:46:38.000000,2.609022e+07,1.818801e+07,1.239950e+02,1.410257e+06,8.843523e+01,,,,5
2018-04-26 14:46:39.000000,2.609022e+07,1.818684e+07,1.239943e+02,1.410257e+06,8.843523e+01,,,,5
2018-04-26 14:46:40.000000,2.609024e+07,1.818765e+07,1.239947e+02,1.410257e+06,8.843523e+01,,,,5
2018-04-26 14:46:41.000000,2.609024e+07,1.818657e+07,1.239941e+02,1.410257e+06,8.843523e+01,,,,5
2018-04-26 14:46:42.000000,2.609024e+07,1.818816e+07,1.239949e+02,1.410257e+06,8.843523e+01,,,,5
2018-04-26 14:46:43.000000,2.609023e+07,1.818747e+07,1.239947e+02,1.410257e+06,8.843523e+01,,,,5
2018-04-26 14:46:44.000000,2.609022e+07,1.818748e+07,1.239948e+02,1.410257e+06,8.843523e+01,,,,5
2018-04-26 14:46:45.000000,2.609024e+07,1.818770e+07,1.239949e+02,1.410257e+06,8.843523e+01,,,,5
2018-04-26 14:46:46.000000,2.609024e+07,1.818779e+07,1.239950e+02,1.410257e+06,8.843522e+01,,,,5
2018-04-26 14:46:47.000000,2.609024e+07,1.818805e+07,1.239951e+02,1.410257e+06,8.843522e+01,,,,5
2018-04-26 14:46:48.000000,2.609023e+07,1.818700e+07,1.239945e+02,1.410257e+06,8.843522e+01,,,,5
2018-04-26 14:46:49.000000,2.609022e+07,1.818802e+07,1.239950e+02,1.410257e+06,8.843522e+01,,,,5
2018-04-26 14:46:50.000000,2.609023e+07,1.818681e+07,1.239943e+02,1.410257e+06,8.843522e+01,,,,5
2018-04-26 14:46:51.000000,2.609024e+07,1.818771e+07,1.239948e+02,1.410257e+06,8.843522e+01,,,,5
2018-04-26 14:46:52.000000,2.609024e+07,1.818653e+07,1.239941e+02,1.410257e+06,8.843522e+01,,,,5
2018-04-26 14:46:53.000000,2.609024e+07,1.818830e+07,1.239950e+02,1.410257e+06,8.843522e+01,,,,5
2018-04-26 14:46:54.000000,2.609022e+07,1.818750e+07,1.239947e+02,1.410257e+06,8.843522e+01,,,,5
2018-04-26 14:46:55.000000,2.609023e+07,1.818914e+07,1.239957e+02,1.410257e+06,8.843522e+01,,,,5
2018-04-26 14:46:56.000000,2.609022e+07,1.818777e+07,1.239949e+02,1.410257e+06,8.843522e+01,,,,5
2018-04-26 14:46:57.000000,2.609024e+07,1.818940e+07,1.239958e+02,1.410257e+06,8.843522e+01,,,,5
2018-04-26 14:46:58.000000,2.609024e+07,1.818816e+07,1.239951e+02,1.410257e+06,8.843522e+01,,,,5
2018-04-26 14:46:59.000000,2.609022e+07,1.818844e+07,1.239952e+02,1.410257e+06,8.843522e+01,,,,5
2018-04-26 14:47:00.000000,2.609022e+07,1.818726e+07,1.239946e+02,1.410257e+06,8.843522e+01,,,,5
2018-04-26 14:47:01.000000,2.609022e+07,1.818681e+07,1.239943e+02,1.410257e+06,8.843522e+01,,,,5
2018-04-26 14:47:02.000000,2.609024e+07,1.818684e+07,1.239942e+02,1.410257e+06,8.843522e+01,,,,5
2018-04-26 14:47:03.000000,2.609024e+07,1.818651e+07,1.239941e+02,1.410257e+06,8.843522e+01,,,,5
2018-04-26 14:47:04.000000,2.609024e+07,1.818769e+07,1.239947e+02,1.410257e+06,8.843522e+01,,,,5
2018-04-26 14:47:05.000000,2.609022e+07,1.818743e+07,1.239947e+02,1.410257e+06,8.843522e+01,,,,5
2018-04-26 14:47:06.000000,2.609022e+07,1.818858e+07,1.239954e+02,1.410257e+06,8.843522e+01,,,,5
2018-04-26 14:47:07.000000,2.609023e+07,1.818743e+07,1.239947e+02,1.410257e+06,8.843522e+01,,,,5
2018-04-26 14:47:08.000000,2.609024e+07,1.818938e+07,1.239958e+02,1.410257e+06,8.843522e+01,,,,5
2018-04-26 14:47:09.000000,2.609024e+07,1.818781e+07,1.239949e+02,1.410257e+06,8.843522e+01,,,,5
2018-04-26 14:47:10.000000,2.609024e+07,1.818779e+07,1.239950e+02,1.410257e+06,8.843522e+01,,,,5
2018-04-26 14:47:11.000000,2.609022e+07,1.818687e+07,1.239944e+02,1.410257e+06,8.843522e+01,,,,5
2018-04-26 14:47:12.000000,2.609023e+07,1.818688e+07,1.239944e+02,1.410257e+06,8.843522e+01,,,,5
2018-04-26 14:47:13.000000,2.609024e+07,1.818685e+07,1.239942e+02,1.410257e+06,8.843522e+01,,,,5
2018-04-26 14:47:14.000000,2.609024e+07,1.818656e+07,1.239941e+02,1.410257e+06,8.843522e+01,,,,5
2018-04-26 14:47:15.000000,2.609024e+07,1.818776e+07,1.239948e+02,1.410257e+06,8.843522e+01,,,,5
2018-04-26 14:47:16.000000,2.609022e+07,1.818748e+07,1.239948e+02,1.410257e+06,8.843522e+01,,,,5
2018-04-26 14:47:17.000000,2.609023e+07,1.818865e+07,1.239954e+02,1.410257e+06,8.843522e+01,,,,5
2018-04-26 14:47:18.000000,2.609022e+07,1.818746e+07,1.239947e+02,1.410257e+06,8.843522e+01,,,,5
2018-04-26 14:47:19.000000,2.609024e+07,1.818888e+07,1.239955e+02,1.410257e+06,8.843522e+01,,,,5
2018-04-26 14:47:20.000000,2.609024e+07,1.818781e+07,1.239950e+02,1.410257e+06,8.843521e+01,,,,5
2018-04-26 14:47:21.000000,2.609024e+07,1.818951e+07,1.239959e+02,1.410257e+06,8.843521e+01,,,,5
2018-04-26 14:47:22.000000,2.609022e+07,1.818705e+07,1.239944e+02,1.410257e+06,8.843521e+01,,,,5
2018-04-26 14:47:23.000000,2.609022e+07,1.818841e+07,1.239952e+02,1.410257e+06,8.843521e+01,,,,5
2018-04-26 14:47:24.000000,2.609024e+07,1.818673e+07,1.239942e+02,1.410257e+06,8.843521e+01,,,,5
2018-04-26 14:47:25.000000,2.609024e+07,1.818802e+07,1.239948e+02,1.410257e+06,8.843521e+01,,,,5
2018-04-26 14:47:26.000000,2.609024e+07,1.818688e+07,1.239942e+02,1.410257e+06,8.843521e+01,,,,5
2018-04-26 14:47:27.000000,2.609022e+07,1.818897e+07,1.239955e+02,1.410257e+06,8.843521e+01,,,,5
2018-04-26 14:47:28.000000,2.609022e+07,1.818788e+07,1.239950e+02,1.410257e+06,8.843521e+01,,,,5
2018-04-26 14:47:29.000000,2.609023e+07,1.818747e+07,1.239948e+02,1.410257e+06,8.843521e+01,,,,5
2018-04-26 14:47:30.000000,2.609024e+07,1.818804e+07,1.239951e+02,1.410257e+06,8.843521e+01,,,,5
2018-04-26 14:47:31.000000,2.609024e+07,1.818774e+07,1.239950e+02,1.410257e+06,8.843521e+01,,,,5
2018-04-26 14:47:32.000000,2.609024e+07,1.818898e+07,1.239956e+02,1.410257e+06,8.843521e+01,,,,5
2018-04-26 14:47:33.000000,2.609022e+07,1.818699e+07,1.239944e+02,1.410257e+06,8.843521e+01,,,,5
2018-04-26 14:47:34.000000,2.609023e+07,1.818802e+07,1.239950e+02,1.410257e+06,8.843521e+01,,,,5
2018-04-26 14:47:35.000000,2.609023e+07,1.818684e+07,1.239943e+02,1.410257e+06,8.843521e+01,,,,5
2018-04-26 14:47:36.000000,2.609024e+07,1.818765e+07,1.239947e+02,1.410257e+06,8.843521e+01,,,,5
2018-04-26 14:47:37.000000,2.609024e+07,1.818656e+07,1.239941e+02,1.410257e+06,8.843521e+01,,,,5
2018-04-26 14:47:38.000000,2.609022e+07,1.818841e+07,1.239953e+02,1.410257e+06,8.843521e+01,,,,5
2018-04-26 14:47:39.000000,2.609023e+07,1.818753e+07,1.239948e+02,1.410257e+06,8.843521e+01,,,,5
2018-04-26 14:47:40.000000,2.609022e+07,1.818748e+07,1.239948e+02,1.410257e+06,8.843521e+01,,,,5
2018-04-26 14:47:41.000000,2.609024e+07,1.818770e+07,1.239949e+02,1.410257e+06,8.843521e+01,,,,5
2018-04-26 14:47:42.000000,2.609024e+07,1.818779e+07,1.239950e+02,1.410257e+06,8.843521e+01,,,,5
2018-04-26 14:47:43.000000,2.609024e+07,1.818805e+07,1.239951e+02,1.410257e+06,8.843521e+01,,,,5
2018-04-26 14:47:44.000000,2.609023e+07,1.818699e+07,1.239945e+02,1.410257e+06,8.843521e+01,,,,5
2018-04-26 14:47:45.000000,2.609022e+07,1.818802e+07,1.239950e+02,1.410257e+06,8.843521e+01,,,,5
2018-04-26 14:47:46.000000,2.609023e+07,1.818679e+07,1.239943e+02,1.410257e+06,8.843521e+01,,,,5
2018-04-26 14:47:47.000000,2.609024e+07,1.818772e+07,1.239948e+02,1.410257e+06,8.843521e+01,,,,5
2018-04-26 14:47:48.000000,2.609024e+07,1.818654e+07,1.239940e+02,1.410257e+06,8.843521e+01,,,,5
2018-04-26 14:47:49.000000,2.609025e+07,1.818830e+07,1.239950e+02,1.410257e+06,8.843521e+01,,,,5
2018-04-26 14:47:50.000000,2.609022e+07,1.818750e+07,1.239947e+02,1.410257e+06,8.843521e+01,,,,5
2018-04-26 14:47:51.000000,2.609023e+07,1.818914e+07,1.239957e+02,1.410257e+06,8.843521e+01,,,,5
2018-04-26 14:47:52.000000,2.609024e+07,1.818791e+07,1.239951e+02,1.410257e+06,8.843521e+01,,,,5
2018-04-26 14:47:53.000000,2.609024e+07,1.818940e+07,1.239958e+02,1.410257e+06,8.843521e+01,,,,5
2018-04-26 14:47:54.000000,2.609025e+07,1.818814e+07,1.239951e+02,1.410257e+06,8.843521e+01,,,,5
2018-04-26 14:47:55.000000,2.609022e+07,1.818844e+07,1.239952e+02,1.410257e+06,8.843520e+01,,,,5
2018-04-26 14:47:56.000000,2.609023e+07,1.818726e+07,1.239946e+02,1.410257e+06,8.843520e+01,,,,5
2018-04-26 14:47:57.000000,2.609022e+07,1.818681e+07,1.239943e+02,1.410257e+06,8.843520e+01,,,,5
2018-04-26 14:47:58.000000,2.609025e+07,1.818684e+07,1.239942e+02,1.410257e+06,8.843520e+01,,,,5
2018-04-26 14:47:59.000000,2.609024e+07,1.818651e+07,1.239941e+02,1.410257e+06,8.843520e+01,,,,5
2018-04-26 14:48:00.000000,2.609024e+07,1.818771e+07,1.239947e+02,1.410257e+06,8.843520e+01,,,,5
2018-04-26 14:48:01.000000,2.609022e+07,1.818743e+07,1.239947e+02,1.410257e+06,8.843520e+01,,,,5
2018-04-26 14:48:02.000000,2.609022e+07,1.818858e+07,1.239954e+02,1.410257e+06,8.843520e+01,,,,5
2018-04-26 14:48:03.000000,2.609023e+07,1.818743e+07,1.239947e+02,1.410257e+06,8.843520e+01,,,,5
2018-04-26 14:48:04.000000,2.609024e+07,1.818940e+07,1.239958e+02,1.410257e+06,8.843520e+01,,,,5
2018-04-26 14:48:05.000000,2.609024e+07,1.818781e+07,1.239949e+02,1.410257e+06,8.843520e+01,,,,5
2018-04-26 14:48:06.000000,2.609022e+07,1.818852e+07,1.239953e+02,1.410257e+06,8.843520e+01,,,,5
2018-04-26 14:48:07.000000,2.609022e+07,1.818693e+07,1.239944e+02,1.410257e+06,8.843520e+01,,,,5
2018-04-26 14:48:08.000000,2.609023e+07,1.818688e+07,1.239944e+02,1.410257e+06,8.843520e+01,,,,5
2018-04-26 14:48:09.000000,2.609024e+07,1.818685e+07,1.239942e+02,1.410257e+06,8.843520e+01,,,,5
2018-04-26 14:48:10.000000,2.609025e+07,1.818656e+07,1.239941e+02,1.410257e+06,8.843520e+01,,,,5
2018-04-26 14:48:11.000000,2.609024e+07,1.818777e+07,1.239948e+02,1.410257e+06,8.843520e+01,,,,5
2018-04-26 14:48:12.000000,2.609022e+07,1.818749e+07,1.239947e+02,1.410257e+06,8.843520e+01,,,,5
2018-04-26 14:48:13.000000,2.609023e+07,1.818865e+07,1.239954e+02,1.410257e+06,8.843520e+01,,,,5
2018-04-26 14:48:14.000000,2.609022e+07,1.818744e+07,1.239947e+02,1.410257e+06,8.843520e+01,,,,5
2018-04-26 14:48:15.000000,2.609024e+07,1.818888e+07,1.239955e+02,1.410257e+06,8.843520e+01,,,,5
2018-04-26 14:48:16.000000,2.609024e+07,1.818782e+07,1.239950e+02,1.410257e+06,8.843520e+01,,,,5
2018-04-26 14:48:17.000000,2.609024e+07,1.818953e+07,1.239959e+02,1.410257e+06,8.843520e+01,,,,5
2018-04-26 14:48:18.000000,2.609023e+07,1.818703e+07,1.239944e+02,1.410257e+06,8.843520e+01,,,,5
2018-04-26 14:48:19.000000,2.609022e+07,1.818841e+07,1.239952e+02,1.410257e+06,8.843520e+01,,,,5
2018-04-26 14:48:20.000000,2.609024e+07,1.818671e+07,1.239942e+02,1.410257e+06,8.843520e+01,,,,5
2018-04-26 14:48:21.000000,2.609024e+07,1.818805e+07,1.239948e+02,1.410257e+06,8.843520e+01,,,,5
2018-04-26 14:48:22.000000,2.609024e+07,1.818688e+07,1.239942e+02,1.410257e+06,8.843520e+01,,,,5
2018-04-26 14:48:23.000000,2.609022e+07,1.818741e+07,1.239947e+02,1.410257e+06,8.843520e+01,,,,5
2018-04-26 14:48:24.000000,2.609023e+07,1.818774e+07,1.239949e+02,1.410257e+06,8.843520e+01,,,,5
2018-04-26 14:48:25.000000,2.609022e+07,1.818741e+07,1.239947e+02,1.410257e+06,8.843520e+01,,,,5
2018-04-26 14:48:26.000000,2.609024e+07,1.818800e+07,1.239951e+02,1.410257e+06,8.843520e+01,,,,5
2018-04-26 14:48:27.000000,2.609025e+07,1.818774e+07,1.239950e+02,1.410257e+06,8.843520e+01,,,,5
2018-04-26 14:48:28.000000,2.609024e+07,1.818954e+07,1.239959e+02,1.410257e+06,8.843520e+01,,,,5
2018-04-26 14:48:29.000000,2.609023e+07,1.818701e+07,1.239944e+02,1.410257e+06,8.843520e+01,,,,5
2018-04-26 14:48:30.000000,2.609022e+07,1.818852e+07,1.239952e+02,1.410257e+06,8.843519e+01,,,,5
2018-04-26 14:48:31.000000,2.609022e+07,1.818680e+07,1.239943e+02,1.410257e+06,8.843519e+01,,,,5
2018-04-26 14:48:32.000000,2.609025e+07,1.818821e+07,1.239949e+02,1.410257e+06,8.843519e+01,,,,5
2018-04-26 14:48:33.000000,2.609024e+07,1.818691e+07,1.239942e+02,1.410257e+06,8.843519e+01,,,,5
2018-04-26 14:48:34.000000,2.609023e+07,1.818897e+07,1.239955e+02,1.410257e+06,8.843519e+01,,,,5
2018-04-26 14:48:35.000000,2.609022e+07,1.818788e+07,1.239950e+02,1.410257e+06,8.843519e+01,,,,5
2018-04-26 14:48:36.000000,2.609022e+07,1.818747e+07,1.239947e+02,1.410257e+06,8.843519e+01,,,,5
2018-04-26 14:48:37.000000,2.609024e+07,1.818804e+07,1.239951e+02,1.410257e+06,8.843519e+01,,,,5
2018-04-26 14:48:38.000000,2.609024e+07,1.818774e+07,1.239950e+02,1.410257e+06,8.843519e+01,,,,5
2018-04-26 14:48:39.000000,2.609024e+07,1.818898e+07,1.239956e+02,1.410257e+06,8.843519e+01,,,,5
2018-04-26 14:48:40.000000,2.609022e+07,1.818700e+07,1.239944e+02,1.410257e+06,8.843519e+01,,,,5
2018-04-26 14:48:41.000000,2.609023e+07,1.818802e+07,1.239950e+02,1.410257e+06,8.843519e+01,,,,5
2018-04-26 14:48:42.000000,2.609023e+07,1.818684e+07,1.239943e+02,1.410257e+06,8.843519e+01,,,,5
2018-04-26 14:48:43.000000,2.609024e+07,1.818765e+07,1.239947e+02,1.410257e+06,8.843519e+01,,,,5
2018-04-26 14:48:44.000000,2.609024e+07,1.818656e+07,1.239941e+02,1.410257e+06,8.843519e+01,,,,5
2018-04-26 14:48:45.000000,2.609024e+07,1.818817e+07,1.239949e+02,1.410257e+06,8.843519e+01,,,,5
2018-04-26 14:48:46.000000,2.609023e+07,1.818748e+07,1.239947e+02,1.410257e+06,8.843519e+01,,,,5
2018-04-26 14:48:47.000000,2.609022e+07,1.818748e+07,1.239948e+02,1.410257e+06,8.843519e+01,,,,5
2018-04-26 14:48:48.000000,2.609024e+07,1.818770e+07,1.239949e+02,1.410257e+06,8.843519e+01,,,,5
2018-04-26 14:48:49.000000,2.609024e+07,1.818779e+07,1.239950e+02,1.410257e+06,8.843519e+01,,,,5
2018-04-26 14:48:50.000000,2.609024e+07,1.818805e+07,1.239951e+02,1.410257e+06,8.843519e+01,,,,5
2018-04-26 14:48:51.000000,2.609023e+07,1.818699e+07,1.239945e+02,1.410257e+06,8.843519e+01,,,,5
2018-04-26 14:48:52.000000,2.609022e+07,1.818802e+07,1.239950e+02,1.410257e+06,8.843519e+01,,,,5
2018-04-26 14:48:53.000000,2.609023e+07,1.818681e+07,1.239943e+02,1.410257e+06,8.843519e+01,,,,5
2018-04-26 14:48:54.000000,2.609024e+07,1.818771e+07,1.239947e+02,1.410257e+06,8.843519e+01,,,,5
2018-04-26 14:48:55.000000,2.609024e+07,1.818654e+07,1.239940e+02,1.410257e+06,8.843519e+01,,,,5
2018-04-26 14:48:56.000000,2.609025e+07,1.818830e+07,1.239950e+02,1.410257e+06,8.843519e+01,,,,5
2018-04-26 14:48:57.000000,2.609022e+07,1.818750e+07,1.239947e+02,1.410257e+06,8.843519e+01,,,,5
2018-04-26 14:48:58.000000,2.609023e+07,1.818914e+07,1.239957e+02,1.410257e+06,8.843519e+01,,,,5
2018-04-26 14:48:59.000000,2.609024e+07,1.818790e+07,1.239951e+02,1.410257e+06,8.843519e+01,,,,5
2018-04-26 14:49:00.000000,2.609024e+07,1.818938e+07,1.239958e+02,1.410257e+06,8.843519e+01,,,,5
2018-04-26 14:49:01.000000,2.609024e+07,1.818815e+07,1.239951e+02,1.410257e+06,8.843519e+01,,,,5
2018-04-26 14:49:02.000000,2.609022e+07,1.818844e+07,1.239952e+02,1.410257e+06,8.843519e+01,,,,5
2018-04-26 14:49:03.000000,2.609023e+07,1.818726e+07,1.239946e+02,1.410257e+06,8.843519e+01,,,,5
2018-04-26 14:49:04.000000,2.609022e+07,1.818681e+07,1.239943e+02,1.410257e+06,8.843519e+01,,,,5
2018-04-26 14:49:05.000000,2.609024e+07,1.818684e+07,1.239942e+02,1.410257e+06,8.843518e+01,,,,5
2018-04-26 14:49:06.000000,2.609024e+07,1.818651e+07,1.239941e+02,1.410257e+06,8.843518e+01,,,,5
2018-04-26 14:49:07.000000,2.609024e+07,1.818769e+07,1.239947e+02,1.410257e+06,8.843518e+01,,,,5
2018-04-26 14:49:08.000000,2.609022e+07,1.818743e+07,1.239947e+02,1.410257e+06,8.843518e+01,,,,5
2018-04-26 14:49:09.000000,2.609022e+07,1.818858e+07,1.239953e+02,1.410257e+06,8.843518e+01,,,,5
2018-04-26 14:49:10.000000,2.609023e+07,1.818744e+07,1.239947e+02,1.410257e+06,8.843518e+01,,,,5
2018-04-26 14:49:11.000000,2.609024e+07,1.818940e+07,1.239958e+02,1.410257e+06,8.843518e+01,,,,5
2018-04-26 14:49:12.000000,2.609024e+07,1.818781e+07,1.239949e+02,1.410257e+06,8.843518e+01,,,,5
2018-04-26 14:49:13.000000,2.609022e+07,1.818852e+07,1.239953e+02,1.410257e+06,8.843518e+01,,,,5
2018-04-26 14:49:14.000000,2.609022e+07,1.818695e+07,1.239944e+02,1.410257e+06,8.843518e+01,,,,5
2018-04-26 14:49:15.000000,2.609023e+07,1.818688e+07,1.239944e+02,1.410257e+06,8.843518e+01,,,,5
2018-04-26 14:49:16.000000,2.609024e+07,1.818685e+07,1.239942e+02,1.410257e+06,8.843518e+01,,,,5
2018-04-26 14:49:17.000000,2.609024e+07,1.818656e+07,1.239941e+02,1.410257e+06,8.843518e+01,,,,5
2018-04-26 14:49:18.000000,2.609024e+07,1.818777e+07,1.239947e+02,1.410257e+06,8.843518e+01,,,,5
2018-04-26 14:49:19.000000,2.609022e+07,1.818749e+07,1.239947e+02,1.410257e+06,8.843518e+01,,,,5
2018-04-26 14:49:20.000000,2.609023e+07,1.818865e+07,1.239954e+02,1.410257e+06,8.843518e+01,,,,5
2018-04-26 14:49:21.000000,2.609022e+07,1.818746e+07,1.239947e+02,1.410257e+06,8.843518e+01,,,,5
2018-04-26 14:49:22.000000,2.609024e+07,1.818888e+07,1.239955e+02,1.410257e+06,8.843518e+01,,,,5
2018-04-26 14:49:23.000000,2.609024e+07,1.818781e+07,1.239950e+02,1.410257e+06,8.843518e+01,,,,5
2018-04-26 14:49:24.000000,2.609024e+07,1.818951e+07,1.239959e+02,1.410257e+06,8.843518e+01,,,,5
2018-04-26 14:49:25.000000,2.609023e+07,1.818703e+07,1.239944e+02,1.410257e+06,8.843518e+01,,,,5
2018-04-26 14:49:26.000000,2.609022e+07,1.818841e+07,1.239952e+02,1.410257e+06,8.843518e+01,,,,5
2018-04-26 14:49:27.000000,2.609024e+07,1.818673e+07,1.239942e+02,1.410257e+06,8.843518e+01,,,,5
2018-04-26 14:49:28.000000,2.609024e+07,1.818804e+07,1.239948e+02,1.410257e+06,8.843518e+01,,,,5
2018-04-26 14:49:29.000000,2.609024e+07,1.818688e+07,1.239942e+02,1.410257e+06,8.843518e+01,,,,5
2018-04-26 14:49:30.000000,2.609022e+07,1.818741e+07,1.239947e+02,1.410257e+06,8.843518e+01,,,,5
2018-04-26 14:49:31.000000,2.609022e+07,1.818774e+07,1.239949e+02,1.410257e+06,8.843518e+01,,,,5
2018-04-26 14:49:32.000000,2.609022e+07,1.818741e+07,1.239947e+02,1.410257e+06,8.843518e+01,,,,5
2018-04-26 14:49:33.000000,2.609024e+07,1.818800e+07,1.239951e+02,1.410257e+06,8.843518e+01,,,,5
2018-04-26 14:49:34.000000,2.609025e+07,1.818774e+07,1.239949e+02,1.410257e+06,8.843518e+01,,,,5
2018-04-26 14:49:35.000000,2.609024e+07,1.818954e+07,1.239959e+02,1.410257e+06,8.843518e+01,,,,5
2018-04-26 14:49:36.000000,2.609023e+07,1.818701e+07,1.239944e+02,1.410257e+06,8.843518e+01,,,,5
2018-04-26 14:49:37.000000,2.609022e+07,1.818852e+07,1.239952e+02,1.410257e+06,8.843518e+01,,,,5
2018-04-26 14:49:38.000000,2.609022e+07,1.818682e+07,1.239943e+02,1.410257e+06,8.843518e+01,,,,5
2018-04-26 14:49:39.000000,2.609025e+07,1.818821e+07,1.239949e+02,1.410257e+06,8.843518e+01,,,,5
2018-04-26 14:49:40.000000,2.609024e+07,1.818691e+07,1.239942e+02,1.410257e+06,8.843518e+01,,,,5
2018-04-26 14:49:41.000000,2.609023e+07,1.818895e+07,1.239955e+02,1.410257e+06,8.843517e+01,,,,5
2018-04-26 14:49:42.000000,2.609022e+07,1.818788e+07,1.239950e+02,1.410257e+06,8.843517e+01,,,,5
2018-04-26 14:49:43.000000,2.609022e+07,1.818747e+07,1.239947e+02,1.410257e+06,8.843517e+01,,,,5
2018-04-26 14:49:44.000000,2.609024e+07,1.818803e+07,1.239951e+02,1.410257e+06,8.843517e+01,,,,5
2018-04-26 14:49:45.000000,2.609024e+07,1.818774e+07,1.239949e+02,1.410257e+06,8.843517e+01,,,,5
2018-04-26 14:49:46.000000,2.609024e+07,1.818898e+07,1.239956e+02,1.410257e+06,8.843517e+01,,,,5
2018-04-26 14:49:47.000000,2.609022e+07,1.818700e+07,1.239944e+02,1.410257e+06,8.843517e+01,,,,5
2018-04-26 14:49:48.000000,2.609023e+07,1.818801e+07,1.239950e+02,1.410257e+06,8.843517e+01,,,,5
2018-04-26 14:49:49.000000,2.609023e+07,1.818684e+07,1.239943e+02,1.410257e+06,8.843517e+01,,,,5
2018-04-26 14:49:50.000000,2.609024e+07,1.818765e+07,1.239947e+02,1.410257e+06,8.843517e+01,,,,5
2018-04-26 14:49:51.000000,2.609024e+07,1.818657e+07,1.239941e+02,1.410257e+06,8.843517e+01,,,,5
2018-04-26 14:49:52.000000,2.609024e+07,1.818816e+07,1.239949e+02,1.410257e+06,8.843517e+01,,,,5
2018-04-26 14:49:53.000000,2.609023e+07,1.818747e+07,1.239947e+02,1.410257e+06,8.843517e+01,,,,5
2018-04-26 14:49:54.000000,2.609022e+07,1.818748e+07,1.239948e+02,1.410257e+06,8.843517e+01,,,,5
2018-04-26 14:49:55.000000,2.609024e+07,1.818770e+07,1.239949e+02,1.410257e+06,8.843517e+01,,,,5
2018-04-26 14:49:56.000000,2.609024e+07,1.818779e+07,1.239950e+02,1.410257e+06,8.843517e+01,,,,5
2018-04-26 14:49:57.000000,2.609024e+07,1.818805e+07,1.239951e+02,1.410257e+06,8.843517e+01,,,,5
2018-04-26 14:49:58.000000,2.609023e+07,1.818700e+07,1.239945e+02,1.410257e+06,8.843517e+01,,,,5
2018-04-26 14:49:59.000000,2.609022e+07,1.818802e+07,1.239950e+02,1.410257e+06,8.843517e+01,,,,5
2018-04-26 14:50:00.000000,2.609023e+07,1.818681e+07,1.239943e+02,1.410257e+06,8.843517e+01,,,,5
2018-04-26 14:50:01.000000,2.609024e+07,1.818771e+07,1.239947e+02,1.410257e+06,8.843517e+01,,,,5
2018-04-26 14:50:02.000000,2.609024e+07,1.818653e+07,1.239940e+02,1.410257e+06,8.843517e+01,,,,5
2018-04-26 14:50:03.000000,2.609025e+07,1.818830e+07,1.239950e+02,1.410257e+06,8.843517e+01,,,,5
2018-04-26 14:50:04.000000,2.609022e+07,1.818750e+07,1.239947e+02,1.410257e+06,8.843517e+01,,,,5
2018-04-26 14:50:05.000000,2.609023e+07,1.818912e+07,1.239956e+02,1.410257e+06,8.843517e+01,,,,5
2018-04-26 14:50:06.000000,2.609022e+07,1.818777e+07,1.239949e+02,1.410257e+06,8.843517e+01,,,,5
2018-04-26 14:50:07.000000,2.609024e+07,1.818940e+07,1.239958e+02,1.410257e+06,8.843517e+01,,,,5
2018-04-26 14:50:08.000000,2.609024e+07,1.818816e+07,1.239951e+02,1.410257e+06,8.843517e+01,,,,5
2018-04-26 14:50:09.000000,2.609022e+07,1.818844e+07,1.239952e+02,1.410257e+06,8.843517e+01,,,,5
2018-04-26 14:50:10.000000,2.609023e+07,1.818726e+07,1.239946e+02,1.410257e+06,8.843517e+01,,,,5
2018-04-26 14:50:11.000000,2.609022e+07,1.818681e+07,1.239943e+02,1.410257e+06,8.843517e+01,,,,5
2018-04-26 14:50:12.000000,2.609024e+07,1.818684e+07,1.239942e+02,1.410257e+06,8.843517e+01,,,,5
2018-04-26 14:50:13.000000,2.609024e+07,1.818651e+07,1.239941e+02,1.410257e+06,8.843517e+01,,,,5
2018-04-26 14:50:14.000000,2.609024e+07,1.818769e+07,1.239947e+02,1.410257e+06,8.843517e+01,,,,5
2018-04-26 14:50:15.000000,2.609022e+07,1.818743e+07,1.239947e+02,1.410257e+06,8.843517e+01,,,,5
2018-04-26 14:50:16.000000,2.609022e+07,1.818858e+07,1.239953e+02,1.410257e+06,8.843516e+01,,,,5
2018-04-26 14:50:17.000000,2.609023e+07,1.818743e+07,1.239947e+02,1.410257e+06,8.843516e+01,,,,5
2018-04-26 14:50:18.000000,2.609024e+07,1.818938e+07,1.239958e+02,1.410257e+06,8.843516e+01,,,,5
2018-04-26 14:50:19.000000,2.609024e+07,1.818781e+07,1.239949e+02,1.410257e+06,8.843516e+01,,,,5
2018-04-26 14:50:20.000000,2.609024e+07,1.818779e+07,1.239950e+02,1.410257e+06,8.843516e+01,,,,5
2018-04-26 14:50:21.000000,2.609022e+07,1.818687e+07,1.239944e+02,1.410257e+06,8.843516e+01,,,,5
2018-04-26 14:50:22.000000,2.609023e+07,1.818688e+07,1.239944e+02,1.410257e+06,8.843516e+01,,,,5
2018-04-26 14:50:23.000000,2.609024e+07,1.818685e+07,1.239942e+02,1.410257e+06,8.843516e+01,,,,5
2018-04-26 14:50:24.000000,2.609024e+07,1.818656e+07,1.239941e+02,1.410257e+06,8.843516e+01,,,,5
2018-04-26 14:50:25.000000,2.609024e+07,1.818776e+07,1.239947e+02,1.410257e+06,8.843516e+01,,,,5
2018-04-26 14:50:26.000000,2.609022e+07,1.818749e+07,1.239947e+02,1.410257e+06,8.843516e+01,,,,5
2018-04-26 14:50:27.000000,2.609023e+07,1.818865e+07,1.239954e+02,1.410257e+06,8.843516e+01,,,,5
2018-04-26 14:50:28.000000,2.609022e+07,1.818746e+07,1.239947e+02,1.410257e+06,8.843516e+01,,,,5
2018-04-26 14:50:29.000000,2.609024e+07,1.818888e+07,1.239955e+02,1.410257e+06,8.843516e+01,,,,5
2018-04-26 14:50:30.000000,2.609024e+07,1.818781e+07,1.239949e+02,1.410257e+06,8.843516e+01,,,,5
2018-04-26 14:50:31.000000,2.609024e+07,1.818951e+07,1.239959e+02,1.410257e+06,8.843516e+01,,,,5
2018-04-26 14:50:32.000000,2.609022e+07,1.818705e+07,1.239944e+02,1.410257e+06,8.843516e+01,,,,5
2018-04-26 14:50:33.000000,2.609022e+07,1.818841e+07,1.239952e+02,1.410257e+06,8.843516e+01,,,,5
2018-04-26 14:50:34.000000,2.609022e+07,1.818716e+07,1.239945e+02,1.410257e+06,8.843516e+01,,,,5
2018-04-26 14:50:35.000000,2.609024e+07,1.818809e+07,1.239949e+02,1.410257e+06,8.843516e+01,,,,5
2018-04-26 14:50:36.000000,2.609024e+07,1.818688e+07,1.239942e+02,1.410257e+06,8.843516e+01,,,,5
2018-04-26 14:50:37.000000,2.609022e+07,1.818741e+07,1.239947e+02,1.410257e+06,8.843516e+01,,,,5
2018-04-26 14:50:38.000000,2.609022e+07,1.818774e+07,1.239949e+02,1.410257e+06,8.843516e+01,,,,5
2018-04-26 14:50:39.000000,2.609022e+07,1.818741e+07,1.239947e+02,1.410257e+06,8.843516e+01,,,,5
2018-04-26 14:50:40.000000,2.609024e+07,1.818800e+07,1.239951e+02,1.410257e+06,8.843516e+01,,,,5
2018-04-26 14:50:41.000000,2.609025e+07,1.818774e+07,1.239949e+02,1.410257e+06,8.843516e+01,,,,5
2018-04-26 14:50:42.000000,2.609024e+07,1.818952e+07,1.239959e+02,1.410257e+06,8.843516e+01,,,,5
2018-04-26 14:50:43.000000,2.609023e+07,1.818701e+07,1.239944e+02,1.410257e+06,8.843516e+01,,,,5
2018-04-26 14:50:44.000000,2.609022e+07,1.818852e+07,1.239952e+02,1.410257e+06,8.843516e+01,,,,5
2018-04-26 14:50:45.000000,2.609022e+07,1.818682e+07,1.239943e+02,1.410257e+06,8.843516e+01,,,,5
2018-04-26 14:50:46.000000,2.609025e+07,1.818821e+07,1.239949e+02,1.410257e+06,8.843516e+01,,,,5
2018-04-26 14:50:47.000000,2.609024e+07,1.818691e+07,1.239942e+02,1.410257e+06,8.843516e+01,,,,5
2018-04-26 14:50:48.000000,2.609023e+07,1.818895e+07,1.239955e+02,1.410257e+06,8.843516e+01,,,,5
2018-04-26 14:50:49.000000,2.609022e+07,1.818789e+07,1.239950e+02,1.410257e+06,8.843516e+01,,,,5
2018-04-26 14:50:50.000000,2.609022e+07,1.818747e+07,1.239947e+02,1.410257e+06,8.843516e+01,,,,5
2018-04-26 14:50:51.000000,2.609024e+07,1.818803e+07,1.239951e+02,1.410257e+06,8.843516e+01,,,,5
2018-04-26 14:50:52.000000,2.609024e+07,1.818775e+07,1.239949e+02,1.410257e+06,8.843515e+01,,,,5
2018-04-26 14:50:53.000000,2.609024e+07,1.818898e+07,1.239956e+02,1.410257e+06,8.843515e+01,,,,5
2018-04-26 14:50:54.000000,2.609022e+07,1.818700e+07,1.239944e+02,1.410257e+06,8.843515e+01,,,,5
2018-04-26 14:50:55.000000,2.609022e+07,1.818800e+07,1.239950e+02,1.410257e+06,8.843515e+01,,,,5
2018-04-26 14:50:56.000000,2.609022e+07,1.818686e+07,1.239943e+02,1.410257e+06,8.843515e+01,,,,5
2018-04-26 14:50:57.000000,2.609024e+07,1.818765e+07,1.239947e+02,1.410257e+06,8.843515e+01,,,,5
2018-04-26 14:50:58.000000,2.609024e+07,1.818657e+07,1.239941e+02,1.410257e+06,8.843515e+01,,,,5
2018-04-26 14:50:59.000000,2.609024e+07,1.818814e+07,1.239949e+02,1.410257e+06,8.843515e+01,,,,5
2018-04-26 14:51:00.000000,2.609023e+07,1.818748e+07,1.239947e+02,1.410257e+06,8.843515e+01,,,,5
2018-04-26 14:51:01.000000,2.609022e+07,1.818748e+07,1.239948e+02,1.410257e+06,8.843515e+01,,,,5
2018-04-26 14:51:02.000000,2.609024e+07,1.818770e+07,1.239949e+02,1.410257e+06,8.843515e+01,,,,5
2018-04-26 14:51:03.000000,2.609024e+07,1.818779e+07,1.239950e+02,1.410257e+06,8.843515e+01,,,,5
2018-04-26 14:51:04.000000,2.609024e+07,1.818805e+07,1.239951e+02,1.410257e+06,8.843515e+01,,,,5
2018-04-26 14:51:05.000000,2.609023e+07,1.818700e+07,1.239945e+02,1.410257e+06,8.843515e+01,,,,5
2018-04-26 14:51:06.000000,2.609022e+07,1.818801e+07,1.239950e+02,1.410257e+06,8.843515e+01,,,,5
2018-04-26 14:51:07.000000,2.609023e+07,1.818681e+07,1.239943e+02,1.410257e+06,8.843515e+01,,,,5
2018-04-26 14:51:08.000000,2.609024e+07,1.818771e+07,1.239947e+02,1.410257e+06,8.843515e+01,,,,5
2018-04-26 14:51:09.000000,2.609024e+07,1.818654e+07,1.239940e+02,1.410257e+06,8.843515e+01,,,,5
2018-04-26 14:51:10.000000,2.609024e+07,1.818830e+07,1.239950e+02,1.410257e+06,8.843515e+01,,,,5
2018-04-26 14:51:11.000000,2.609022e+07,1.818750e+07,1.239947e+02,1.410257e+06,8.843515e+01,,,,5
2018-04-26 14:51:12.000000,2.609023e+07,1.818912e+07,1.239956e+02,1.410257e+06,8.843515e+01,,,,5
2018-04-26 14:51:13.000000,2.609022e+07,1.818778e+07,1.239949e+02,1.410257e+06,8.843515e+01,,,,5
2018-04-26 14:51:14.000000,2.609024e+07,1.818940e+07,1.239958e+02,1.410257e+06,8.843515e+01,,,,5
2018-04-26 14:51:15.000000,2.609024e+07,1.818816e+07,1.239951e+02,1.410257e+06,8.843515e+01,,,,5
2018-04-26 14:51:16.000000,2.609022e+07,1.818844e+07,1.239952e+02,1.410257e+06,8.843515e+01,,,,5
2018-04-26 14:51:17.000000,2.609022e+07,1.818726e+07,1.239946e+02,1.410257e+06,8.843515e+01,,,,5
2018-04-26 14:51:18.000000,2.609022e+07,1.818681e+07,1.239943e+02,1.410257e+06,8.843515e+01,,,,5
2018-04-26 14:51:19.000000,2.609024e+07,1.818684e+07,1.239942e+02,1.410257e+06,8.843515e+01,,,,5
2018-04-26 14:51:20.000000,2.609024e+07,1.818651e+07,1.239941e+02,1.410257e+06,8.843515e+01,,,,5
2018-04-26 14:51:21.000000,2.609024e+07,1.818769e+07,1.239947e+02,1.410257e+06,8.843515e+01,,,,5
2018-04-26 14:51:22.000000,2.609022e+07,1.818743e+07,1.239947e+02,1.410257e+06,8.843515e+01,,,,5
2018-04-26 14:51:23.000000,2.609022e+07,1.818857e+07,1.239953e+02,1.410257e+06,8.843515e+01,,,,5
2018-04-26 14:51:24.000000,2.609023e+07,1.818743e+07,1.239947e+02,1.410257e+06,8.843515e+01,,,,5
2018-04-26 14:51:25.000000,2.609024e+07,1.818938e+07,1.239958e+02,1.410257e+06,8.843515e+01,,,,5
2018-04-26 14:51:26.000000,2.609024e+07,1.818783e+07,1.239950e+02,1.410257e+06,8.843515e+01,,,,5
2018-04-26 14:51:27.000000,2.609024e+07,1.818779e+07,1.239950e+02,1.410257e+06,8.843515e+01,,,,5
2018-04-26 14:51:28.000000,2.609022e+07,1.818687e+07,1.239944e+02,1.410257e+06,8.843514e+01,,,,5
2018-04-26 14:51:29.000000,2.609023e+07,1.818688e+07,1.239944e+02,1.410257e+06,8.843514e+01,,,,5
2018-04-26 14:51:30.000000,2.609024e+07,1.818685e+07,1.239942e+02,1.410257e+06,8.843514e+01,,,,5
2018-04-26 14:51:31.000000,2.609024e+07,1.818656e+07,1.239941e+02,1.410257e+06,8.843514e+01,,,,5
2018-04-26 14:51:32.000000,2.609024e+07,1.818776e+07,1.239947e+02,1.410257e+06,8.843514e+01,,,,5
2018-04-26 14:51:33.000000,2.609022e+07,1.818749e+07,1.239947e+02,1.410257e+06,8.843514e+01,,,,5
2018-04-26 14:51:34.000000,2.609023e+07,1.818865e+07,1.239954e+02,1.410257e+06,8.843514e+01,,,,5
2018-04-26 14:51:35.000000,2.609022e+07,1.818746e+07,1.239947e+02,1.410257e+06,8.843514e+01,,,,5
2018-04-26 14:51:36.000000,2.609024e+07,1.818886e+07,1.239955e+02,1.410257e+06,8.843514e+01,,,,5
2018-04-26 14:51:37.000000,2.609024e+07,1.818781e+07,1.239949e+02,1.410257e+06,8.843514e+01,,,,5
2018-04-26 14:51:38.000000,2.609024e+07,1.818951e+07,1.239959e+02,1.410257e+06,8.843514e+01,,,,5
2018-04-26 14:51:39.000000,2.609022e+07,1.818705e+07,1.239944e+02,1.410257e+06,8.843514e+01,,,,5
2018-04-26 14:51:40.000000,2.609022e+07,1.818839e+07,1.239952e+02,1.410257e+06,8.843514e+01,,,,5
2018-04-26 14:51:41.000000,2.609022e+07,1.818716e+07,1.239945e+02,1.410257e+06,8.843514e+01,,,,5
2018-04-26 14:51:42.000000,2.609024e+07,1.818809e+07,1.239949e+02,1.410257e+06,8.843514e+01,,,,5
2018-04-26 14:51:43.000000,2.609024e+07,1.818690e+07,1.239942e+02,1.410257e+06,8.843514e+01,,,,5
2018-04-26 14:51:44.000000,2.609022e+07,1.818897e+07,1.239955e+02,1.410257e+06,8.843514e+01,,,,5
2018-04-26 14:51:45.000000,2.609022e+07,1.818788e+07,1.239950e+02,1.410257e+06,8.843514e+01,,,,5
2018-04-26 14:51:46.000000,2.609023e+07,1.818747e+07,1.239947e+02,1.410257e+06,8.843514e+01,,,,5
2018-04-26 14:51:47.000000,2.609024e+07,1.818803e+07,1.239951e+02,1.410257e+06,8.843514e+01,,,,5
2018-04-26 14:51:48.000000,2.609024e+07,1.818774e+07,1.239949e+02,1.410257e+06,8.843514e+01,,,,5
2018-04-26 14:51:49.000000,2.609024e+07,1.818898e+07,1.239956e+02,1.410257e+06,8.843514e+01,,,,5
2018-04-26 14:51:50.000000,2.609022e+07,1.818700e+07,1.239944e+02,1.410257e+06,8.843514e+01,,,,5
2018-04-26 14:51:51.000000,2.609023e+07,1.818802e+07,1.239950e+02,1.410257e+06,8.843514e+01,,,,5
2018-04-26 14:51:52.000000,2.609023e+07,1.818684e+07,1.239943e+02,1.410257e+06,8.843514e+01,,,,5
2018-04-26 14:51:53.000000,2.609024e+07,1.818765e+07,1.239947e+02,1.410257e+06,8.843514e+01,,,,5
2018-04-26 14:51:54.000000,2.609024e+07,1.818656e+07,1.239941e+02,1.410257e+06,8.843514e+01,,,,5
2018-04-26 14:51:55.000000,2.609024e+07,1.818817e+07,1.239949e+02,1.410257e+06,8.843514e+01,,,,5
2018-04-26 14:51:56.000000,2.609023e+07,1.818748e+07,1.239947e+02,1.410257e+06,8.843514e+01,,,,5
2018-04-26 14:51:57.000000,2.609022e+07,1.818748e+07,1.239948e+02,1.410257e+06,8.843514e+01,,,,5
2018-04-26 14:51:58.000000,2.609024e+07,1.818770e+07,1.239949e+02,1.410257e+06,8.843514e+01,,,,5
2018-04-26 14:51:59.000000,2.609024e+07,1.818779e+07,1.239950e+02,1.410257e+06,8.843514e+01,,,,5
2018-04-26 14:52:00.000000,2.609024e+07,1.818805e+07,1.239951e+02,1.410257e+06,8.843514e+01,,,,5
2018-04-26 14:52:01.000000,2.609023e+07,1.818699e+07,1.239945e+02,1.410257e+06,8.843514e+01,,,,5
2018-04-26 14:52:02.000000,2.609022e+07,1.818802e+07,1.239950e+02,1.410257e+06,8.843514e+01,,,,5
2018-04-26 14:52:03.000000,2.609023e+07,1.818681e+07,1.239943e+02,1.410257e+06,8.843514e+01,,,,5
2018-04-26 14:52:04.000000,2.609024e+07,1.818771e+07,1.239947e+02,1.410257e+06,8.843514e+01,,,,5
2018-04-26 14:52:05.000000,2.609024e+07,1.818654e+07,1.239940e+02,1.410257e+06,8.843513e+01,,,,5
2018-04-26 14:52:06.000000,2.609025e+07,1.818830e+07,1.239950e+02,1.410257e+06,8.843513e+01,,,,5
2018-04-26 14:52:07.000000,2.609022e+07,1.818750e+07,1.239947e+02,1.410257e+06,8.843513e+01,,,,5
2018-04-26 14:52:08.000000,2.609023e+07,1.818914e+07,1.239957e+02,1.410257e+06,8.843513e+01,,,,5
2018-04-26 14:52:09.000000,2.609022e+07,1.818777e+07,1.239949e+02,1.410257e+06,8.843513e+01,,,,5
2018-04-26 14:52:10.000000,2.609024e+07,1.818940e+07,1.239958e+02,1.410257e+06,8.843513e+01,,,,5
2018-04-26 14:52:11.000000,2.609025e+07,1.818815e+07,1.239951e+02,1.410257e+06,8.843513e+01,,,,5
2018-04-26 14:52:12.000000,2.609022e+07,1.818844e+07,1.239952e+02,1.410257e+06,8.843513e+01,,,,5
2018-04-26 14:52:13.000000,2.609023e+07,1.818726e+07,1.239946e+02,1.410257e+06,8.843513e+01,,,,5
2018-04-26 14:52:14.000000,2.609022e+07,1.818681e+07,1.239943e+02,1.410257e+06,8.843513e+01,,,,5
2018-04-26 14:52:15.000000,2.609025e+07,1.818684e+07,1.239942e+02,1.410257e+06,8.843513e+01,,,,5
2018-04-26 14:52:16.000000,2.609024e+07,1.818651e+07,1.239941e+02,1.410257e+06,8.843513e+01,,,,5
2018-04-26 14:52:17.000000,2.609024e+07,1.818769e+07,1.239947e+02,1.410257e+06,8.843513e+01,,,,5
2018-04-26 14:52:18.000000,2.609022e+07,1.818743e+07,1.239947e+02,1.410257e+06,8.843513e+01,,,,5
2018-04-26 14:52:19.000000,2.609022e+07,1.818858e+07,1.239953e+02,1.410257e+06,8.843513e+01,,,,5
2018-04-26 14:52:20.000000,2.609023e+07,1.818744e+07,1.239947e+02,1.410257e+06,8.843513e+01,,,,5
2018-04-26 14:52:21.000000,2.609024e+07,1.818938e+07,1.239958e+02,1.410257e+06,8.843513e+01,,,,5
2018-04-26 14:52:22.000000,2.609024e+07,1.818781e+07,1.239949e+02,1.410257e+06,8.843513e+01,,,,5
2018-04-26 14:52:23.000000,2.609022e+07,1.818852e+07,1.239953e+02,1.410257e+06,8.843513e+01,,,,5
2018-04-26 14:52:24.000000,2.609022e+07,1.818695e+07,1.239944e+02,1.410257e+06,8.843513e+01,,,,5
2018-04-26 14:52:25.000000,2.609023e+07,1.818688e+07,1.239943e+02,1.410257e+06,8.843513e+01,,,,5
2018-04-26 14:52:26.000000,2.609024e+07,1.818685e+07,1.239942e+02,1.410257e+06,8.843513e+01,,,,5
2018-04-26 14:52:27.000000,2.609025e+07,1.818656e+07,1.239941e+02,1.410257e+06,8.843513e+01,,,,5
2018-04-26 14:52:28.000000,2.609024e+07,1.818777e+07,1.239947e+02,1.410257e+06,8.843513e+01,,,,5
2018-04-26 14:52:29.000000,2.609022e+07,1.818749e+07,1.239947e+02,1.410257e+06,8.843513e+01,,,,5
2018-04-26 14:52:30.000000,2.609023e+07,1.818865e+07,1.239954e+02,1.410257e+06,8.843513e+01,,,,5
2018-04-26 14:52:31.000000,2.609022e+07,1.818746e+07,1.239947e+02,1.410257e+06,8.843513e+01,,,,5
2018-04-26 14:52:32.000000,2.609024e+07,1.818888e+07,1.239955e+02,1.410257e+06,8.843513e+01,,,,5
2018-04-26 14:52:33.000000,2.609024e+07,1.818781e+07,1.239949e+02,1.410257e+06,8.843513e+01,,,,5
2018-04-26 14:52:34.000000,2.609024e+07,1.818951e+07,1.239959e+02,1.410257e+06,8.843513e+01,,,,5
2018-04-26 14:52:35.000000,2.609023e+07,1.818703e+07,1.239944e+02,1.410257e+06,8.843513e+01,,,,5
2018-04-26 14:52:36.000000,2.609022e+07,1.818841e+07,1.239952e+02,1.410257e+06,8.843513e+01,,,,5
2018-04-26 14:52:37.000000,2.609024e+07,1.818673e+07,1.239942e+02,1.410257e+06,8.843513e+01,,,,5
2018-04-26 14:52:38.000000,2.609024e+07,1.818803e+07,1.239948e+02,1.410257e+06,8.843513e+01,,,,5
2018-04-26 14:52:39.000000,2.609024e+07,1.818688e+07,1.239942e+02,1.410257e+06,8.843513e+01,,,,5
2018-04-26 14:52:40.000000,2.609022e+07,1.818741e+07,1.239946e+02,1.410257e+06,8.843513e+01,,,,5
2018-04-26 14:52:41.000000,2.609023e+07,1.818774e+07,1.239949e+02,1.410257e+06,8.843513e+01,,,,5
2018-04-26 14:52:42.000000,2.609022e+07,1.818741e+07,1.239947e+02,1.410257e+06,8.843512e+01,,,,5
2018-04-26 14:52:43.000000,2.609024e+07,1.818800e+07,1.239951e+02,1.410257e+06,8.843512e+01,,,,5
2018-04-26 14:52:44.000000,2.609025e+07,1.818774e+07,1.239949e+02,1.410257e+06,8.843512e+01,,,,5
2018-04-26 14:52:45.000000,2.609024e+07,1.818954e+07,1.239959e+02,1.410257e+06,8.843512e+01,,,,5
2018-04-26 14:52:46.000000,2.609023e+07,1.818701e+07,1.239944e+02,1.410257e+06,8.843512e+01,,,,5
2018-04-26 14:52:47.000000,2.609022e+07,1.818852e+07,1.239952e+02,1.410257e+06,8.843512e+01,,,,5
2018-04-26 14:52:48.000000,2.609022e+07,1.818682e+07,1.239943e+02,1.410257e+06,8.843512e+01,,,,5
2018-04-26 14:52:49.000000,2.609025e+07,1.818821e+07,1.239949e+02,1.410257e+06,8.843512e+01,,,,5
2018-04-26 14:52:50.000000,2.609024e+07,1.818691e+07,1.239942e+02,1.410257e+06,8.843512e+01,,,,5
2018-04-26 14:52:51.000000,2.609023e+07,1.818895e+07,1.239955e+02,1.410257e+06,8.843512e+01,,,,5
2018-04-26 14:52:52.000000,2.609022e+07,1.818788e+07,1.239950e+02,1.410257e+06,8.843512e+01,,,,5
2018-04-26 14:52:53.000000,2.609022e+07,1.818747e+07,1.239947e+02,1.410257e+06,8.843512e+01,,,,5
2018-04-26 14:52:54.000000,2.609024e+07,1.818803e+07,1.239951e+02,1.410257e+06,8.843512e+01,,,,5
2018-04-26 14:52:55.000000,2.609024e+07,1.818775e+07,1.239949e+02,1.410257e+06,8.843512e+01,,,,5
2018-04-26 14:52:56.000000,2.609024e+07,1.818898e+07,1.239956e+02,1.410257e+06,8.843512e+01,,,,5
2018-04-26 14:52:57.000000,2.609022e+07,1.818700e+07,1.239944e+02,1.410257e+06,8.843512e+01,,,,5
2018-04-26 14:52:58.000000,2.609023e+07,1.818801e+07,1.239950e+02,1.410257e+06,8.843512e+01,,,,5
2018-04-26 14:52:59.000000,2.609023e+07,1.818684e+07,1.239943e+02,1.410257e+06,8.843512e+01,,,,5
2018-04-26 14:53:00.000000,2.609024e+07,1.818765e+07,1.239947e+02,1.410257e+06,8.843512e+01,,,,5
2018-04-26 14:53:01.000000,2.609024e+07,1.818657e+07,1.239941e+02,1.410257e+06,8.843512e+01,,,,5
2018-04-26 14:53:02.000000,2.609024e+07,1.818816e+07,1.239949e+02,1.410257e+06,8.843512e+01,,,,5
2018-04-26 14:53:03.000000,2.609023e+07,1.818748e+07,1.239947e+02,1.410257e+06,8.843512e+01,,,,5
2018-04-26 14:53:04.000000,2.609022e+07,1.818748e+07,1.239947e+02,1.410257e+06,8.843512e+01,,,,5
2018-04-26 14:53:05.000000,2.609024e+07,1.818770e+07,1.239949e+02,1.410257e+06,8.843512e+01,,,,5
2018-04-26 14:53:06.000000,2.609024e+07,1.818779e+07,1.239950e+02,1.410257e+06,8.843512e+01,,,,5
2018-04-26 14:53:07.000000,2.609024e+07,1.818805e+07,1.239951e+02,1.410257e+06,8.843512e+01,,,,5
2018-04-26 14:53:08.000000,2.609023e+07,1.818700e+07,1.239944e+02,1.410257e+06,8.843512e+01,,,,5
2018-04-26 14:53:09.000000,2.609022e+07,1.818802e+07,1.239950e+02,1.410257e+06,8.843512e+01,,,,5
2018-04-26 14:53:10.000000,2.609023e+07,1.818681e+07,1.239943e+02,1.410257e+06,8.843512e+01,,,,5
2018-04-26 14:53:11.000000,2.609024e+07,1.818771e+07,1.239947e+02,1.410257e+06,8.843512e+01,,,,5
2018-04-26 14:53:12.000000,2.609024e+07,1.818655e+07,1.239940e+02,1.410257e+06,8.843512e+01,,,,5
2018-04-26 14:53:13.000000,2.609025e+07,1.818830e+07,1.239950e+02,1.410257e+06,8.843512e+01,,,,5
2018-04-26 14:53:14.000000,2.609022e+07,1.818750e+07,1.239947e+02,1.410257e+06,8.843512e+01,,,,5
2018-04-26 14:53:15.000000,2.609023e+07,1.818912e+07,1.239956e+02,1.410257e+06,8.843512e+01,,,,5
2018-04-26 14:53:16.000000,2.609022e+07,1.818777e+07,1.239949e+02,1.410257e+06,8.843512e+01,,,,5
2018-04-26 14:53:17.000000,2.609024e+07,1.818940e+07,1.239958e+02,1.410257e+06,8.843512e+01,,,,5
2018-04-26 14:53:18.000000,2.609024e+07,1.818816e+07,1.239951e+02,1.410257e+06,8.843512e+01,,,,5
2018-04-26 14:53:19.000000,2.609022e+07,1.818844e+07,1.239952e+02,1.410257e+06,8.843511e+01,,,,5
2018-04-26 14:53:20.000000,2.609023e+07,1.818726e+07,1.239946e+02,1.410257e+06,8.843511e+01,,,,5
2018-04-26 14:53:21.000000,2.609022e+07,1.818681e+07,1.239943e+02,1.410257e+06,8.843511e+01,,,,5
2018-04-26 14:53:22.000000,2.609024e+07,1.818684e+07,1.239942e+02,1.410257e+06,8.843511e+01,,,,5
2018-04-26 14:53:23.000000,2.609024e+07,1.818651e+07,1.239940e+02,1.410257e+06,8.843511e+01,,,,5
2018-04-26 14:53:24.000000,2.609024e+07,1.818769e+07,1.239947e+02,1.410257e+06,8.843511e+01,,,,5
2018-04-26 14:53:25.000000,2.609022e+07,1.818743e+07,1.239947e+02,1.410257e+06,8.843511e+01,,,,5
2018-04-26 14:53:26.000000,2.609022e+07,1.818858e+07,1.239953e+02,1.410257e+06,8.843511e+01,,,,5
2018-04-26 14:53:27.000000,2.609023e+07,1.818743e+07,1.239947e+02,1.410257e+06,8.843511e+01,,,,5
2018-04-26 14:53:28.000000,2.609024e+07,1.818938e+07,1.239958e+02,1.410257e+06,8.843511e+01,,,,5
2018-04-26 14:53:29.000000,2.609024e+07,1.818783e+07,1.239950e+02,1.410257e+06,8.843511e+01,,,,5
2018-04-26 14:53:30.000000,2.609024e+07,1.818779e+07,1.239950e+02,1.410257e+06,8.843511e+01,,,,5
2018-04-26 14:53:31.000000,2.609022e+07,1.818687e+07,1.239944e+02,1.410257e+06,8.843511e+01,,,,5
2018-04-26 14:53:32.000000,2.609023e+07,1.818688e+07,1.239943e+02,1.410257e+06,8.843511e+01,,,,5
2018-04-26 14:53:33.000000,2.609024e+07,1.818685e+07,1.239942e+02,1.410257e+06,8.843511e+01,,,,5
2018-04-26 14:53:34.000000,2.609024e+07,1.818656e+07,1.239941e+02,1.410257e+06,8.843511e+01,,,,5
2018-04-26 14:53:35.000000,2.609024e+07,1.818776e+07,1.239947e+02,1.410257e+06,8.843511e+01,,,,5
2018-04-26 14:53:36.000000,2.609022e+07,1.818749e+07,1.239947e+02,1.410257e+06,8.843511e+01,,,,5
2018-04-26 14:53:37.000000,2.609023e+07,1.818865e+07,1.239954e+02,1.410257e+06,8.843511e+01,,,,5
2018-04-26 14:53:38.000000,2.609022e+07,1.818746e+07,1.239947e+02,1.410257e+06,8.843511e+01,,,,5
2018-04-26 14:53:39.000000,2.609024e+07,1.818886e+07,1.239955e+02,1.410257e+06,8.843511e+01,,,,5
2018-04-26 14:53:40.000000,2.609024e+07,1.818781e+07,1.239949e+02,1.410257e+06,8.843511e+01,,,,5
2018-04-26 14:53:41.000000,2.609024e+07,1.818951e+07,1.239959e+02,1.410257e+06,8.843511e+01,,,,5
2018-04-26 14:53:42.000000,2.609023e+07,1.818705e+07,1.239944e+02,1.410257e+06,8.843511e+01,,,,5
2018-04-26 14:53:43.000000,2.609022e+07,1.818841e+07,1.239952e+02,1.410257e+06,8.843511e+01,,,,5
2018-04-26 14:53:44.000000,2.609023e+07,1.818716e+07,1.239945e+02,1.410257e+06,8.843511e+01,,,,5
2018-04-26 14:53:45.000000,2.609024e+07,1.818809e+07,1.239949e+02,1.410257e+06,8.843511e+01,,,,5
2018-04-26 14:53:46.000000,2.609024e+07,1.818690e+07,1.239942e+02,1.410257e+06,8.843511e+01,,,,5
2018-04-26 14:53:47.000000,2.609022e+07,1.818741e+07,1.239946e+02,1.410257e+06,8.843511e+01,,,,5
2018-04-26 14:53:48.000000,2.609022e+07,1.818774e+07,1.239949e+02,1.410257e+06,8.843511e+01,,,,5
2018-04-26 14:53:49.000000,2.609022e+07,1.818741e+07,1.239947e+02,1.410257e+06,8.843511e+01,,,,5
2018-04-26 14:53:50.000000,2.609024e+07,1.818800e+07,1.239951e+02,1.410257e+06,8.843511e+01,,,,5
2018-04-26 14:53:51.000000,2.609025e+07,1.818774e+07,1.239949e+02,1.410257e+06,8.843511e+01,,,,5
2018-04-26 14:53:52.000000,2.609024e+07,1.818952e+07,1.239959e+02,1.410257e+06,8.843511e+01,,,,5
2018-04-26 14:53:53.000000,2.609023e+07,1.818701e+07,1.239944e+02,1.410257e+06,8.843511e+01,,,,5
2018-04-26 14:53:54.000000,2.609022e+07,1.818852e+07,1.239952e+02,1.410257e+06,8.843511e+01,,,,5
2018-04-26 14:53:55.000000,2.609022e+07,1.818682e+07,1.239943e+02,1.410257e+06,8.843511e+01,,,,5
2018-04-26 14:53:56.000000,2.609025e+07,1.818819e+07,1.239949e+02,1.410257e+06,8.843510e+01,,,,5
2018-04-26 14:53:57.000000,2.609024e+07,1.818691e+07,1.239942e+02,1.410257e+06,8.843510e+01,,,,5
2018-04-26 14:53:58.000000,2.609023e+07,1.818895e+07,1.239955e+02,1.410257e+06,8.843510e+01,,,,5
2018-04-26 14:53:59.000000,2.609022e+07,1.818789e+07,1.239950e+02,1.410257e+06,8.843510e+01,,,,5
2018-04-26 14:54:00.000000,2.609022e+07,1.818747e+07,1.239947e+02,1.410257e+06,8.843510e+01,,,,5
2018-04-26 14:54:01.000000,2.609024e+07,1.818803e+07,1.239951e+02,1.410257e+06,8.843510e+01,,,,5
2018-04-26 14:54:02.000000,2.609024e+07,1.818775e+07,1.239949e+02,1.410257e+06,8.843510e+01,,,,5
2018-04-26 14:54:03.000000,2.609024e+07,1.818898e+07,1.239956e+02,1.410257e+06,8.843510e+01,,,,5
2018-04-26 14:54:04.000000,2.609022e+07,1.818700e+07,1.239944e+02,1.410257e+06,8.843510e+01,,,,5
2018-04-26 14:54:05.000000,2.609022e+07,1.818800e+07,1.239950e+02,1.410257e+06,8.843510e+01,,,,5
2018-04-26 14:54:06.000000,2.609023e+07,1.818686e+07,1.239943e+02,1.410257e+06,8.843510e+01,,,,5
2018-04-26 14:54:07.000000,2.609024e+07,1.818765e+07,1.239947e+02,1.410257e+06,8.843510e+01,,,,5
2018-04-26 14:54:08.000000,2.609024e+07,1.818657e+07,1.239940e+02,1.410257e+06,8.843510e+01,,,,5
2018-04-26 14:54:09.000000,2.609024e+07,1.818814e+07,1.239949e+02,1.410257e+06,8.843510e+01,,,,5
2018-04-26 14:54:10.000000,2.609023e+07,1.818748e+07,1.239947e+02,1.410257e+06,8.843510e+01,,,,5
2018-04-26 14:54:11.000000,2.609022e+07,1.818748e+07,1.239947e+02,1.410257e+06,8.843510e+01,,,,5
2018-04-26 14:54:12.000000,2.609024e+07,1.818770e+07,1.239949e+02,1.410257e+06,8.843510e+01,,,,5
2018-04-26 14:54:13.000000,2.609024e+07,1.818778e+07,1.239950e+02,1.410257e+06,8.843510e+01,,,,5
2018-04-26 14:54:14.000000,2.609024e+07,1.818805e+07,1.239951e+02,1.410257e+06,8.843510e+01,,,,5
2018-04-26 14:54:15.000000,2.609023e+07,1.818700e+07,1.239944e+02,1.410257e+06,8.843510e+01,,,,5
2018-04-26 14:54:16.000000,2.609022e+07,1.818801e+07,1.239949e+02,1.410257e+06,8.843510e+01,,,,5
2018-04-26 14:54:17.000000,2.609023e+07,1.818681e+07,1.239943e+02,1.410257e+06,8.843510e+01,,,,5
2018-04-26 14:54:18.000000,2.609024e+07,1.818771e+07,1.239947e+02,1.410257e+06,8.843510e+01,,,,5
2018-04-26 14:54:19.000000,2.609024e+07,1.818654e+07,1.239940e+02,1.410257e+06,8.843510e+01,,,,5
2018-04-26 14:54:20.000000,2.609025e+07,1.818830e+07,1.239950e+02,1.410257e+06,8.843510e+01,,,,5
2018-04-26 14:54:21.000000,2.609022e+07,1.818750e+07,1.239947e+02,1.410257e+06,8.843510e+01,,,,5
2018-04-26 14:54:22.000000,2.609023e+07,1.818912e+07,1.239956e+02,1.410257e+06,8.843510e+01,,,,5
2018-04-26 14:54:23.000000,2.609022e+07,1.818778e+07,1.239949e+02,1.410257e+06,8.843510e+01,,,,5
2018-04-26 14:54:24.000000,2.609024e+07,1.818940e+07,1.239958e+02,1.410257e+06,8.843510e+01,,,,5
2018-04-26 14:54:25.000000,2.609024e+07,1.818816e+07,1.239951e+02,1.410257e+06,8.843510e+01,,,,5
2018-04-26 14:54:26.000000,2.609022e+07,1.818844e+07,1.239952e+02,1.410257e+06,8.843510e+01,,,,5
2018-04-26 14:54:27.000000,2.609022e+07,1.818726e+07,1.239946e+02,1.410257e+06,8.843510e+01,,,,5
2018-04-26 14:54:28.000000,2.609022e+07,1.818681e+07,1.239943e+02,1.410257e+06,8.843510e+01,,,,5
2018-04-26 14:54:29.000000,2.609024e+07,1.818684e+07,1.239942e+02,1.410257e+06,8.843510e+01,,,,5
2018-04-26 14:54:30.000000,2.609024e+07,1.818652e+07,1.239940e+02,1.410257e+06,8.843510e+01,,,,5
2018-04-26 14:54:31.000000,2.609024e+07,1.818769e+07,1.239947e+02,1.410257e+06,8.843510e+01,,,,5
2018-04-26 14:54:32.000000,2.609022e+07,1.818743e+07,1.239947e+02,1.410257e+06,8.843510e+01,,,,5
2018-04-26 14:54:33.000000,2.609022e+07,1.818857e+07,1.239953e+02,1.410257e+06,8.843509e+01,,,,5
2018-04-26 14:54:34.000000,2.609023e+07,1.818743e+07,1.239947e+02,1.410257e+06,8.843509e+01,,,,5
2018-04-26 14:54:35.000000,2.609024e+07,1.818938e+07,1.239958e+02,1.410257e+06,8.843509e+01,,,,5
2018-04-26 14:54:36.000000,2.609024e+07,1.818783e+07,1.239950e+02,1.410257e+06,8.843509e+01,,,,5
2018-04-26 14:54:37.000000,2.609024e+07,1.818779e+07,1.239950e+02,1.410257e+06,8.843509e+01,,,,5
2018-04-26 14:54:38.000000,2.609022e+07,1.818687e+07,1.239944e+02,1.410257e+06,8.843509e+01,,,,5
2018-04-26 14:54:39.000000,2.609023e+07,1.818688e+07,1.239943e+02,1.410257e+06,8.843509e+01,,,,5
2018-04-26 14:54:40.000000,2.609024e+07,1.818685e+07,1.239942e+02,1.410257e+06,8.843509e+01,,,,5
2018-04-26 14:54:41.000000,2.609024e+07,1.818656e+07,1.239941e+02,1.410257e+06,8.843509e+01,,,,5
2018-04-26 14:54:42.000000,2.609024e+07,1.818776e+07,1.239947e+02,1.410257e+06,8.843509e+01,,,,5
2018-04-26 14:54:43.000000,2.609022e+07,1.818749e+07,1.239947e+02,1.410257e+06,8.843509e+01,,,,5
2018-04-26 14:54:44.000000,2.609023e+07,1.818865e+07,1.239954e+02,1.410257e+06,8.843509e+01,,,,5
2018-04-26 14:54:45.000000,2.609022e+07,1.818746e+07,1.239947e+02,1.410257e+06,8.843509e+01,,,,5
2018-04-26 14:54:46.000000,2.609024e+07,1.818886e+07,1.239955e+02,1.410257e+06,8.843509e+01,,,,5
2018-04-26 14:54:47.000000,2.609024e+07,1.818782e+07,1.239949e+02,1.410257e+06,8.843509e+01,,,,5
2018-04-26 14:54:48.000000,2.609024e+07,1.818951e+07,1.239959e+02,1.410257e+06,8.843509e+01,,,,5
2018-04-26 14:54:49.000000,2.609022e+07,1.818705e+07,1.239944e+02,1.410257e+06,8.843509e+01,,,,5
2018-04-26 14:54:50.000000,2.609022e+07,1.818839e+07,1.239952e+02,1.410257e+06,8.843509e+01,,,,5
2018-04-26 14:54:51.000000,2.609022e+07,1.818716e+07,1.239945e+02,1.410257e+06,8.843509e+01,,,,5
2018-04-26 14:54:52.000000,2.609024e+07,1.818809e+07,1.239949e+02,1.410257e+06,8.843509e+01,,,,5
2018-04-26 14:54:53.000000,2.609024e+07,1.818690e+07,1.239942e+02,1.410257e+06,8.843509e+01,,,,5
2018-04-26 14:54:54.000000,2.609022e+07,1.818741e+07,1.239946e+02,1.410257e+06,8.843509e+01,,,,5
2018-04-26 14:54:55.000000,2.609022e+07,1.818774e+07,1.239949e+02,1.410257e+06,8.843509e+01,,,,5
2018-04-26 14:54:56.000000,2.609022e+07,1.818741e+07,1.239947e+02,1.410257e+06,8.843509e+01,,,,5
2018-04-26 14:54:57.000000,2.609024e+07,1.818799e+07,1.239951e+02,1.410257e+06,8.843509e+01,,,,5
2018-04-26 14:54:58.000000,2.609024e+07,1.818774e+07,1.239949e+02,1.410257e+06,8.843509e+01,,,,5
2018-04-26 14:54:59.000000,2.609024e+07,1.818952e+07,1.239959e+02,1.410257e+06,8.843509e+01,,,,5
2018-04-26 14:55:00.000000,2.609023e+07,1.818704e+07,1.239944e+02,1.410257e+06,8.843509e+01,,,,5
2018-04-26 14:55:01.000000,2.609022e+07,1.818852e+07,1.239952e+02,1.410257e+06,8.843509e+01,,,,5
2018-04-26 14:55:02.000000,2.609022e+07,1.818682e+07,1.239943e+02,1.410257e+06,8.843509e+01,,,,5
2018-04-26 14:55:03.000000,2.609024e+07,1.818819e+07,1.239949e+02,1.410257e+06,8.843509e+01,,,,5
2018-04-26 14:55:04.000000,2.609024e+07,1.818693e+07,1.239942e+02,1.410257e+06,8.843509e+01,,,,5
2018-04-26 14:55:05.000000,2.609024e+07,1.818654e+07,1.239941e+02,1.410257e+06,8.843509e+01,,,,5
2018-04-26 14:55:06.000000,2.609022e+07,1.818768e+07,1.239948e+02,1.410257e+06,8.843509e+01,,,,5
2018-04-26 14:55:07.000000,2.609022e+07,1.818747e+07,1.239947e+02,1.410257e+06,8.843509e+01,,,,5
2018-04-26 14:55:08.000000,2.609024e+07,1.818803e+07,1.239951e+02,1.410257e+06,8.843509e+01,,,,5
2018-04-26 14:55:09.000000,2.609024e+07,1.818775e+07,1.239949e+02,1.410257e+06,8.843509e+01,,,,5
2018-04-26 14:55:10.000000,2.609024e+07,1.818897e+07,1.239956e+02,1.410257e+06,8.843509e+01,,,,5
2018-04-26 14:55:11.000000,2.609022e+07,1.818701e+07,1.239944e+02,1.410257e+06,8.843508e+01,,,,5
2018-04-26 14:55:12.000000,2.609022e+07,1.818800e+07,1.239950e+02,1.410257e+06,8.843508e+01,,,,5
2018-04-26 14:55:13.000000,2.609022e+07,1.818686e+07,1.239943e+02,1.410257e+06,8.843508e+01,,,,5
2018-04-26 14:55:14.000000,2.609024e+07,1.818764e+07,1.239947e+02,1.410257e+06,8.843508e+01,,,,5
2018-04-26 14:55:15.000000,2.609024e+07,1.818657e+07,1.239940e+02,1.410257e+06,8.843508e+01,,,,5
2018-04-26 14:55:16.000000,2.609024e+07,1.818814e+07,1.239949e+02,1.410257e+06,8.843508e+01,,,,5
2018-04-26 14:55:17.000000,2.609023e+07,1.818748e+07,1.239947e+02,1.410257e+06,8.843508e+01,,,,5
2018-04-26 14:55:18.000000,2.609022e+07,1.818747e+07,1.239947e+02,1.410257e+06,8.843508e+01,,,,5
2018-04-26 14:55:19.000000,2.609022e+07,1.818776e+07,1.239949e+02,1.410257e+06,8.843508e+01,,,,5
2018-04-26 14:55:20.000000,2.609024e+07,1.818779e+07,1.239950e+02,1.410257e+06,8.843508e+01,,,,5
2018-04-26 14:55:21.000000,2.609024e+07,1.818805e+07,1.239951e+02,1.410257e+06,8.843508e+01,,,,5
2018-04-26 14:55:22.000000,2.609023e+07,1.818700e+07,1.239944e+02,1.410257e+06,8.843508e+01,,,,5
2018-04-26 14:55:23.000000,2.609022e+07,1.818801e+07,1.239949e+02,1.410257e+06,8.843508e+01,,,,5
2018-04-26 14:55:24.000000,2.609023e+07,1.818682e+07,1.239943e+02,1.410257e+06,8.843508e+01,,,,5
2018-04-26 14:55:25.000000,2.609024e+07,1.818770e+07,1.239947e+02,1.410257e+06,8.843508e+01,,,,5
2018-04-26 14:55:26.000000,2.609024e+07,1.818654e+07,1.239940e+02,1.410257e+06,8.843508e+01,,,,5
2018-04-26 14:55:27.000000,2.609024e+07,1.818828e+07,1.239950e+02,1.410257e+06,8.843508e+01,,,,5
2018-04-26 14:55:28.000000,2.609022e+07,1.818750e+07,1.239947e+02,1.410257e+06,8.843508e+01,,,,5
2018-04-26 14:55:29.000000,2.609023e+07,1.818912e+07,1.239956e+02,1.410257e+06,8.843508e+01,,,,5
2018-04-26 14:55:30.000000,2.609022e+07,1.818778e+07,1.239949e+02,1.410257e+06,8.843508e+01,,,,5
2018-04-26 14:55:31.000000,2.609024e+07,1.818938e+07,1.239958e+02,1.410257e+06,8.843508e+01,,,,5
2018-04-26 14:55:32.000000,2.609024e+07,1.818816e+07,1.239951e+02,1.410257e+06,8.843508e+01,,,,5
2018-04-26 14:55:33.000000,2.609024e+07,1.818772e+07,1.239949e+02,1.410257e+06,8.843508e+01,,,,5
2018-04-26 14:55:34.000000,2.609022e+07,1.818720e+07,1.239945e+02,1.410257e+06,8.843508e+01,,,,5
2018-04-26 14:55:35.000000,2.609022e+07,1.818681e+07,1.239943e+02,1.410257e+06,8.843508e+01,,,,5
2018-04-26 14:55:36.000000,2.609024e+07,1.818684e+07,1.239942e+02,1.410257e+06,8.843508e+01,,,,5
2018-04-26 14:55:37.000000,2.609024e+07,1.818652e+07,1.239940e+02,1.410257e+06,8.843508e+01,,,,5
2018-04-26 14:55:38.000000,2.609024e+07,1.818768e+07,1.239947e+02,1.410257e+06,8.843508e+01,,,,5
2018-04-26 14:55:39.000000,2.609022e+07,1.818743e+07,1.239947e+02,1.410257e+06,8.843508e+01,,,,5
2018-04-26 14:55:40.000000,2.609022e+07,1.818857e+07,1.239953e+02,1.410257e+06,8.843508e+01,,,,5
2018-04-26 14:55:41.000000,2.609023e+07,1.818745e+07,1.239947e+02,1.410257e+06,8.843508e+01,,,,5
2018-04-26 14:55:42.000000,2.609024e+07,1.818938e+07,1.239958e+02,1.410257e+06,8.843508e+01,,,,5
2018-04-26 14:55:43.000000,2.609024e+07,1.818783e+07,1.239950e+02,1.410257e+06,8.843508e+01,,,,5
2018-04-26 14:55:44.000000,2.609024e+07,1.818779e+07,1.239950e+02,1.410257e+06,8.843508e+01,,,,5
2018-04-26 14:55:45.000000,2.609022e+07,1.818687e+07,1.239944e+02,1.410257e+06,8.843508e+01,,,,5
2018-04-26 14:55:46.000000,2.609023e+07,1.818688e+07,1.239943e+02,1.410257e+06,8.843508e+01,,,,5
2018-04-26 14:55:47.000000,2.609024e+07,1.818685e+07,1.239942e+02,1.410257e+06,8.843508e+01,,,,5
2018-04-26 14:55:48.000000,2.609024e+07,1.818657e+07,1.239941e+02,1.410257e+06,8.843508e+01,,,,5
2018-04-26 14:55:49.000000,2.609024e+07,1.818776e+07,1.239947e+02,1.410257e+06,8.843507e+01,,,,5
2018-04-26 14:55:50.000000,2.609022e+07,1.818749e+07,1.239947e+02,1.410257e+06,8.843507e+01,,,,5
2018-04-26 14:55:51.000000,2.609023e+07,1.818864e+07,1.239953e+02,1.410257e+06,8.843507e+01,,,,5
2018-04-26 14:55:52.000000,2.609022e+07,1.818746e+07,1.239947e+02,1.410257e+06,8.843507e+01,,,,5
2018-04-26 14:55:53.000000,2.609024e+07,1.818886e+07,1.239955e+02,1.410257e+06,8.843507e+01,,,,5
2018-04-26 14:55:54.000000,2.609024e+07,1.818782e+07,1.239949e+02,1.410257e+06,8.843507e+01,,,,5
2018-04-26 14:55:55.000000,2.609024e+07,1.818949e+07,1.239959e+02,1.410257e+06,8.843507e+01,,,,5
2018-04-26 14:55:56.000000,2.609022e+07,1.818706e+07,1.239944e+02,1.410257e+06,8.843507e+01,,,,5
2018-04-26 14:55:57.000000,2.609022e+07,1.818839e+07,1.239952e+02,1.410257e+06,8.843507e+01,,,,5
2018-04-26 14:55:58.000000,2.609022e+07,1.818717e+07,1.239945e+02,1.410257e+06,8.843507e+01,,,,5
2018-04-26 14:55:59.000000,2.609024e+07,1.818809e+07,1.239949e+02,1.410257e+06,8.843507e+01,,,,5
2018-04-26 14:56:00.000000,2.609024e+07,1.818690e+07,1.239942e+02,1.410257e+06,8.843507e+01,,,,5
2018-04-26 14:56:01.000000,2.609022e+07,1.818740e+07,1.239946e+02,1.410257e+06,8.843507e+01,,,,5
2018-04-26 14:56:02.000000,2.609022e+07,1.818774e+07,1.239949e+02,1.410257e+06,8.843507e+01,,,,5
2018-04-26 14:56:03.000000,2.609022e+07,1.818741e+07,1.239947e+02,1.410257e+06,8.843507e+01,,,,5
2018-04-26 14:56:04.000000,2.609024e+07,1.818799e+07,1.239951e+02,1.410257e+06,8.843507e+01,,,,5
2018-04-26 14:56:05.000000,2.609024e+07,1.818774e+07,1.239949e+02,1.410257e+06,8.843507e+01,,,,5
2018-04-26 14:56:06.000000,2.609024e+07,1.818898e+07,1.239956e+02,1.410257e+06,8.843507e+01,,,,5
2018-04-26 14:56:07.000000,2.609023e+07,1.818700e+07,1.239944e+02,1.410257e+06,8.843507e+01,,,,5
2018-04-26 14:56:08.000000,2.609023e+07,1.818800e+07,1.239950e+02,1.410257e+06,8.843507e+01,,,,5
2018-04-26 14:56:09.000000,2.609022e+07,1.818684e+07,1.239943e+02,1.410257e+06,8.843507e+01,,,,5
2018-04-26 14:56:10.000000,2.609024e+07,1.818765e+07,1.239947e+02,1.410257e+06,8.843507e+01,,,,5
2018-04-26 14:56:11.000000,2.609024e+07,1.818657e+07,1.239940e+02,1.410257e+06,8.843507e+01,,,,5
2018-04-26 14:56:12.000000,2.609024e+07,1.818814e+07,1.239949e+02,1.410257e+06,8.843507e+01,,,,5
2018-04-26 14:56:13.000000,2.609023e+07,1.818748e+07,1.239947e+02,1.410257e+06,8.843507e+01,,,,5
2018-04-26 14:56:14.000000,2.609022e+07,1.818748e+07,1.239947e+02,1.410257e+06,8.843507e+01,,,,5
2018-04-26 14:56:15.000000,2.609024e+07,1.818770e+07,1.239949e+02,1.410257e+06,8.843507e+01,,,,5
2018-04-26 14:56:16.000000,2.609024e+07,1.818779e+07,1.239950e+02,1.410257e+06,8.843507e+01,,,,5
2018-04-26 14:56:17.000000,2.609024e+07,1.818805e+07,1.239951e+02,1.410257e+06,8.843507e+01,,,,5
2018-04-26 14:56:18.000000,2.609023e+07,1.818700e+07,1.239944e+02,1.410257e+06,8.843507e+01,,,,5
2018-04-26 14:56:19.000000,2.609022e+07,1.818802e+07,1.239950e+02,1.410257e+06,8.843507e+01,,,,5
2018-04-26 14:56:20.000000,2.609023e+07,1.818681e+07,1.239943e+02,1.410257e+06,8.843507e+01,,,,5
2018-04-26 14:56:21.000000,2.609024e+07,1.818771e+07,1.239947e+02,1.410257e+06,8.843507e+01,,,,5
2018-04-26 14:56:22.000000,2.609024e+07,1.818655e+07,1.239940e+02,1.410257e+06,8.843507e+01,,,,5
2018-04-26 14:56:23.000000,2.609025e+07,1.818830e+07,1.239950e+02,1.410257e+06,8.843507e+01,,,,5
2018-04-26 14:56:24.000000,2.609022e+07,1.818750e+07,1.239947e+02,1.410257e+06,8.843507e+01,,,,5
2018-04-26 14:56:25.000000,2.609023e+07,1.818912e+07,1.239956e+02,1.410257e+06,8.843507e+01,,,,5
2018-04-26 14:56:26.000000,2.609022e+07,1.818777e+07,1.239949e+02,1.410257e+06,8.843507e+01,,,,5
2018-04-26 14:56:27.000000,2.609024e+07,1.818940e+07,1.239958e+02,1.410257e+06,8.843507e+01,,,,5
2018-04-26 14:56:28.000000,2.609025e+07,1.818816e+07,1.239951e+02,1.410257e+06,8.843506e+01,,,,5
2018-04-26 14:56:29.000000,2.609022e+07,1.818844e+07,1.239952e+02,1.410257e+06,8.843506e+01,,,,5
2018-04-26 14:56:30.000000,2.609023e+07,1.818726e+07,1.239946e+02,1.410257e+06,8.843506e+01,,,,5
2018-04-26 14:56:31.000000,2.609022e+07,1.818681e+07,1.239943e+02,1.410257e+06,8.843506e+01,,,,5
2018-04-26 14:56:32.000000,2.609024e+07,1.818684e+07,1.239942e+02,1.410257e+06,8.843506e+01,,,,5
2018-04-26 14:56:33.000000,2.609024e+07,1.818651e+07,1.239940e+02,1.410257e+06,8.843506e+01,,,,5
2018-04-26 14:56:34.000000,2.609024e+07,1.818769e+07,1.239947e+02,1.410257e+06,8.843506e+01,,,,5
2018-04-26 14:56:35.000000,2.609022e+07,1.818743e+07,1.239947e+02,1.410257e+06,8.843506e+01,,,,5
2018-04-26 14:56:36.000000,2.609022e+07,1.818858e+07,1.239953e+02,1.410257e+06,8.843506e+01,,,,5
2018-04-26 14:56:37.000000,2.609023e+07,1.818744e+07,1.239947e+02,1.410257e+06,8.843506e+01,,,,5
2018-04-26 14:56:38.000000,2.609024e+07,1.818938e+07,1.239958e+02,1.410257e+06,8.843506e+01,,,,5
2018-04-26 14:56:39.000000,2.609024e+07,1.818783e+07,1.239950e+02,1.410257e+06,8.843506e+01,,,,5
2018-04-26 14:56:40.000000,2.609024e+07,1.818779e+07,1.239950e+02,1.410257e+06,8.843506e+01,,,,5
2018-04-26 14:56:41.000000,2.609022e+07,1.818687e+07,1.239944e+02,1.410257e+06,8.843506e+01,,,,5
2018-04-26 14:56:42.000000,2.609023e+07,1.818688e+07,1.239943e+02,1.410257e+06,8.843506e+01,,,,5
2018-04-26 14:56:43.000000,2.609024e+07,1.818685e+07,1.239942e+02,1.410257e+06,8.843506e+01,,,,5
2018-04-26 14:56:44.000000,2.609025e+07,1.818656e+07,1.239941e+02,1.410257e+06,8.843506e+01,,,,5
2018-04-26 14:56:45.000000,2.609024e+07,1.818776e+07,1.239947e+02,1.410257e+06,8.843506e+01,,,,5
2018-04-26 14:56:46.000000,2.609022e+07,1.818749e+07,1.239947e+02,1.410257e+06,8.843506e+01,,,,5
2018-04-26 14:56:47.000000,2.609023e+07,1.818865e+07,1.239954e+02,1.410257e+06,8.843506e+01,,,,5
2018-04-26 14:56:48.000000,2.609022e+07,1.818746e+07,1.239947e+02,1.410257e+06,8.843506e+01,,,,5
2018-04-26 14:56:49.000000,2.609024e+07,1.818886e+07,1.239955e+02,1.410257e+06,8.843506e+01,,,,5
2018-04-26 14:56:50.000000,2.609024e+07,1.818781e+07,1.239949e+02,1.410257e+06,8.843506e+01,,,,5
2018-04-26 14:56:51.000000,2.609024e+07,1.818951e+07,1.239959e+02,1.410257e+06,8.843506e+01,,,,5
2018-04-26 14:56:52.000000,2.609023e+07,1.818705e+07,1.239944e+02,1.410257e+06,8.843506e+01,,,,5
2018-04-26 14:56:53.000000,2.609022e+07,1.818841e+07,1.239952e+02,1.410257e+06,8.843506e+01,,,,5
2018-04-26 14:56:54.000000,2.609023e+07,1.818716e+07,1.239945e+02,1.410257e+06,8.843506e+01,,,,5
2018-04-26 14:56:55.000000,2.609024e+07,1.818809e+07,1.239949e+02,1.410257e+06,8.843506e+01,,,,5
2018-04-26 14:56:56.000000,2.609024e+07,1.818690e+07,1.239942e+02,1.410257e+06,8.843506e+01,,,,5
2018-04-26 14:56:57.000000,2.609022e+07,1.818741e+07,1.239946e+02,1.410257e+06,8.843506e+01,,,,5
2018-04-26 14:56:58.000000,2.609023e+07,1.818774e+07,1.239949e+02,1.410257e+06,8.843506e+01,,,,5
2018-04-26 14:56:59.000000,2.609022e+07,1.818741e+07,1.239947e+02,1.410257e+06,8.843506e+01,,,,5
2018-04-26 14:57:00.000000,2.609024e+07,1.818800e+07,1.239951e+02,1.410257e+06,8.843506e+01,,,,5
2018-04-26 14:57:01.000000,2.609025e+07,1.818774e+07,1.239949e+02,1.410257e+06,8.843506e+01,,,,5
2018-04-26 14:57:02.000000,2.609024e+07,1.818952e+07,1.239959e+02,1.410257e+06,8.843506e+01,,,,5
2018-04-26 14:57:03.000000,2.609023e+07,1.818701e+07,1.239944e+02,1.410257e+06,8.843506e+01,,,,5
2018-04-26 14:57:04.000000,2.609022e+07,1.818852e+07,1.239952e+02,1.410257e+06,8.843506e+01,,,,5
2018-04-26 14:57:05.000000,2.609022e+07,1.818682e+07,1.239943e+02,1.410257e+06,8.843506e+01,,,,5
2018-04-26 14:57:06.000000,2.609025e+07,1.818819e+07,1.239949e+02,1.410257e+06,8.843506e+01,,,,5
2018-04-26 14:57:07.000000,2.609024e+07,1.818691e+07,1.239942e+02,1.410257e+06,8.843505e+01,,,,5
2018-04-26 14:57:08.000000,2.609024e+07,1.818654e+07,1.239941e+02,1.410257e+06,8.843505e+01,,,,5
2018-04-26 14:57:09.000000,2.609022e+07,1.818768e+07,1.239948e+02,1.410257e+06,8.843505e+01,,,,5
2018-04-26 14:57:10.000000,2.609022e+07,1.818747e+07,1.239947e+02,1.410257e+06,8.843505e+01,,,,5
2018-04-26 14:57:11.000000,2.609024e+07,1.818803e+07,1.239951e+02,1.410257e+06,8.843505e+01,,,,5
2018-04-26 14:57:12.000000,2.609024e+07,1.818775e+07,1.239949e+02,1.410257e+06,8.843505e+01,,,,5
2018-04-26 14:57:13.000000,2.609024e+07,1.818897e+07,1.239956e+02,1.410257e+06,8.843505e+01,,,,5
2018-04-26 14:57:14.000000,2.609022e+07,1.818701e+07,1.239944e+02,1.410257e+06,8.843505e+01,,,,5
2018-04-26 14:57:15.000000,2.609023e+07,1.818801e+07,1.239950e+02,1.410257e+06,8.843505e+01,,,,5
2018-04-26 14:57:16.000000,2.609023e+07,1.818686e+07,1.239943e+02,1.410257e+06,8.843505e+01,,,,5
2018-04-26 14:57:17.000000,2.609024e+07,1.818765e+07,1.239947e+02,1.410257e+06,8.843505e+01,,,,5
2018-04-26 14:57:18.000000,2.609024e+07,1.818657e+07,1.239940e+02,1.410257e+06,8.843505e+01,,,,5
2018-04-26 14:57:19.000000,2.609024e+07,1.818814e+07,1.239949e+02,1.410257e+06,8.843505e+01,,,,5
2018-04-26 14:57:20.000000,2.609023e+07,1.818748e+07,1.239947e+02,1.410257e+06,8.843505e+01,,,,5
2018-04-26 14:57:21.000000,2.609022e+07,1.818748e+07,1.239947e+02,1.410257e+06,8.843505e+01,,,,5
2018-04-26 14:57:22.000000,2.609024e+07,1.818770e+07,1.239949e+02,1.410257e+06,8.843505e+01,,,,5
2018-04-26 14:57:23.000000,2.609024e+07,1.818778e+07,1.239950e+02,1.410257e+06,8.843505e+01,,,,5
2018-04-26 14:57:24.000000,2.609024e+07,1.818805e+07,1.239951e+02,1.410257e+06,8.843505e+01,,,,5
2018-04-26 14:57:25.000000,2.609023e+07,1.818700e+07,1.239944e+02,1.410257e+06,8.843505e+01,,,,5
2018-04-26 14:57:26.000000,2.609022e+07,1.818801e+07,1.239949e+02,1.410257e+06,8.843505e+01,,,,5
2018-04-26 14:57:27.000000,2.609023e+07,1.818681e+07,1.239943e+02,1.410257e+06,8.843505e+01,,,,5
2018-04-26 14:57:28.000000,2.609024e+07,1.818771e+07,1.239947e+02,1.410257e+06,8.843505e+01,,,,5
2018-04-26 14:57:29.000000,2.609024e+07,1.818654e+07,1.239940e+02,1.410257e+06,8.843505e+01,,,,5
2018-04-26 14:57:30.000000,2.609025e+07,1.818828e+07,1.239950e+02,1.410257e+06,8.843505e+01,,,,5
2018-04-26 14:57:31.000000,2.609022e+07,1.818750e+07,1.239947e+02,1.410257e+06,8.843505e+01,,,,5
2018-04-26 14:57:32.000000,2.609023e+07,1.818912e+07,1.239956e+02,1.410257e+06,8.843505e+01,,,,5
2018-04-26 14:57:33.000000,2.609022e+07,1.818778e+07,1.239949e+02,1.410257e+06,8.843505e+01,,,,5
2018-04-26 14:57:34.000000,2.609024e+07,1.818940e+07,1.239958e+02,1.410257e+06,8.843505e+01,,,,5
2018-04-26 14:57:35.000000,2.609024e+07,1.818816e+07,1.239951e+02,1.410257e+06,8.843505e+01,,,,5
2018-04-26 14:57:36.000000,2.609022e+07,1.818844e+07,1.239952e+02,1.410257e+06,8.843505e+01,,,,5
2018-04-26 14:57:37.000000,2.609023e+07,1.818726e+07,1.239946e+02,1.410257e+06,8.843505e+01,,,,5
2018-04-26 14:57:38.000000,2.609022e+07,1.818681e+07,1.239943e+02,1.410257e+06,8.843505e+01,,,,5
2018-04-26 14:57:39.000000,2.609024e+07,1.818684e+07,1.239942e+02,1.410257e+06,8.843505e+01,,,,5
2018-04-26 14:57:40.000000,2.609024e+07,1.818652e+07,1.239940e+02,1.410257e+06,8.843505e+01,,,,5
2018-04-26 14:57:41.000000,2.609024e+07,1.818769e+07,1.239947e+02,1.410257e+06,8.843505e+01,,,,5
2018-04-26 14:57:42.000000,2.609022e+07,1.818743e+07,1.239947e+02,1.410257e+06,8.843505e+01,,,,5
2018-04-26 14:57:43.000000,2.609022e+07,1.818857e+07,1.239953e+02,1.410257e+06,8.843505e+01,,,,5
2018-04-26 14:57:44.000000,2.609023e+07,1.818743e+07,1.239947e+02,1.410257e+06,8.843505e+01,,,,5
2018-04-26 14:57:45.000000,2.609024e+07,1.818938e+07,1.239958e+02,1.410257e+06,8.843505e+01,,,,5
2018-04-26 14:57:46.000000,2.609024e+07,1.818783e+07,1.239950e+02,1.410257e+06,8.843504e+01,,,,5
2018-04-26 14:57:47.000000,2.609024e+07,1.818779e+07,1.239950e+02,1.410257e+06,8.843504e+01,,,,5
2018-04-26 14:57:48.000000,2.609022e+07,1.818687e+07,1.239944e+02,1.410257e+06,8.843504e+01,,,,5
2018-04-26 14:57:49.000000,2.609023e+07,1.818688e+07,1.239943e+02,1.410257e+06,8.843504e+01,,,,5
2018-04-26 14:57:50.000000,2.609024e+07,1.818685e+07,1.239942e+02,1.410257e+06,8.843504e+01,,,,5
2018-04-26 14:57:51.000000,2.609024e+07,1.818656e+07,1.239941e+02,1.410257e+06,8.843504e+01,,,,5
2018-04-26 14:57:52.000000,2.609024e+07,1.818776e+07,1.239947e+02,1.410257e+06,8.843504e+01,,,,5
2018-04-26 14:57:53.000000,2.609022e+07,1.818749e+07,1.239947e+02,1.410257e+06,8.843504e+01,,,,5
2018-04-26 14:57:54.000000,2.609023e+07,1.818865e+07,1.239954e+02,1.410257e+06,8.843504e+01,,,,5
2018-04-26 14:57:55.000000,2.609022e+07,1.818746e+07,1.239947e+02,1.410257e+06,8.843504e+01,,,,5
2018-04-26 14:57:56.000000,2.609024e+07,1.818886e+07,1.239955e+02,1.410257e+06,8.843504e+01,,,,5
2018-04-26 14:57:57.000000,2.609024e+07,1.818782e+07,1.239949e+02,1.410257e+06,8.843504e+01,,,,5
2018-04-26 14:57:58.000000,2.609024e+07,1.818951e+07,1.239959e+02,1.410257e+06,8.843504e+01,,,,5
2018-04-26 14:57:59.000000,2.609023e+07,1.818705e+07,1.239944e+02,1.410257e+06,8.843504e+01,,,,5
2018-04-26 14:58:00.000000,2.609022e+07,1.818839e+07,1.239952e+02,1.410257e+06,8.843504e+01,,,,5
2018-04-26 14:58:01.000000,2.609023e+07,1.818716e+07,1.239945e+02,1.410257e+06,8.843504e+01,,,,5
2018-04-26 14:58:02.000000,2.609024e+07,1.818809e+07,1.239949e+02,1.410257e+06,8.843504e+01,,,,5
2018-04-26 14:58:03.000000,2.609024e+07,1.818690e+07,1.239942e+02,1.410257e+06,8.843504e+01,,,,5
2018-04-26 14:58:04.000000,2.609022e+07,1.818741e+07,1.239946e+02,1.410257e+06,8.843504e+01,,,,5
2018-04-26 14:58:05.000000,2.609022e+07,1.818774e+07,1.239949e+02,1.410257e+06,8.843504e+01,,,,5
2018-04-26 14:58:06.000000,2.609022e+07,1.818741e+07,1.239947e+02,1.410257e+06,8.843504e+01,,,,5
2018-04-26 14:58:07.000000,2.609024e+07,1.818799e+07,1.239951e+02,1.410257e+06,8.843504e+01,,,,5
2018-04-26 14:58:08.000000,2.609025e+07,1.818774e+07,1.239949e+02,1.410257e+06,8.843504e+01,,,,5
2018-04-26 14:58:09.000000,2.609024e+07,1.818952e+07,1.239959e+02,1.410257e+06,8.843504e+01,,,,5
2018-04-26 14:58:10.000000,2.609023e+07,1.818704e+07,1.239944e+02,1.410257e+06,8.843504e+01,,,,5
2018-04-26 14:58:11.000000,2.609022e+07,1.818852e+07,1.239952e+02,1.410257e+06,8.843504e+01,,,,5
2018-04-26 14:58:12.000000,2.609022e+07,1.818682e+07,1.239943e+02,1.410257e+06,8.843504e+01,,,,5
2018-04-26 14:58:13.000000,2.609025e+07,1.818819e+07,1.239949e+02,1.410257e+06,8.843504e+01,,,,5
2018-04-26 14:58:14.000000,2.609024e+07,1.818693e+07,1.239942e+02,1.410257e+06,8.843504e+01,,,,5
2018-04-26 14:58:15.000000,2.609024e+07,1.818654e+07,1.239941e+02,1.410257e+06,8.843504e+01,,,,5
2018-04-26 14:58:16.000000,2.609022e+07,1.818768e+07,1.239948e+02,1.410257e+06,8.843504e+01,,,,5
2018-04-26 14:58:17.000000,2.609022e+07,1.818747e+07,1.239947e+02,1.410257e+06,8.843504e+01,,,,5
2018-04-26 14:58:18.000000,2.609024e+07,1.818803e+07,1.239951e+02,1.410257e+06,8.843504e+01,,,,5
2018-04-26 14:58:19.000000,2.609024e+07,1.818775e+07,1.239949e+02,1.410257e+06,8.843504e+01,,,,5
2018-04-26 14:58:20.000000,2.609024e+07,1.818897e+07,1.239956e+02,1.410257e+06,8.843504e+01,,,,5
2018-04-26 14:58:21.000000,2.609022e+07,1.818703e+07,1.239944e+02,1.410257e+06,8.843504e+01,,,,5
2018-04-26 14:58:22.000000,2.609022e+07,1.818800e+07,1.239950e+02,1.410257e+06,8.843504e+01,,,,5
2018-04-26 14:58:23.000000,2.609023e+07,1.818686e+07,1.239943e+02,1.410257e+06,8.843504e+01,,,,5
2018-04-26 14:58:24.000000,2.609024e+07,1.818764e+07,1.239947e+02,1.410257e+06,8.843504e+01,,,,5
2018-04-26 14:58:25.000000,2.609024e+07,1.818657e+07,1.239940e+02,1.410257e+06,8.843503e+01,,,,5
2018-04-26 14:58:26.000000,2.609024e+07,1.818814e+07,1.239949e+02,1.410257e+06,8.843503e+01,,,,5
2018-04-26 14:58:27.000000,2.609023e+07,1.818748e+07,1.239947e+02,1.410257e+06,8.843503e+01,,,,5
2018-04-26 14:58:28.000000,2.609022e+07,1.818748e+07,1.239947e+02,1.410257e+06,8.843503e+01,,,,5
2018-04-26 14:58:29.000000,2.609022e+07,1.818776e+07,1.239949e+02,1.410257e+06,8.843503e+01,,,,5
2018-04-26 14:58:30.000000,2.609024e+07,1.818779e+07,1.239950e+02,1.410257e+06,8.843503e+01,,,,5
2018-04-26 14:58:31.000000,2.609024e+07,1.818805e+07,1.239951e+02,1.410257e+06,8.843503e+01,,,,5
2018-04-26 14:58:32.000000,2.609023e+07,1.818700e+07,1.239944e+02,1.410257e+06,8.843503e+01,,,,5
2018-04-26 14:58:33.000000,2.609022e+07,1.818801e+07,1.239949e+02,1.410257e+06,8.843503e+01,,,,5
2018-04-26 14:58:34.000000,2.609023e+07,1.818682e+07,1.239943e+02,1.410257e+06,8.843503e+01,,,,5
2018-04-26 14:58:35.000000,2.609024e+07,1.818770e+07,1.239947e+02,1.410257e+06,8.843503e+01,,,,5
2018-04-26 14:58:36.000000,2.609024e+07,1.818654e+07,1.239940e+02,1.410257e+06,8.843503e+01,,,,5
2018-04-26 14:58:37.000000,2.609025e+07,1.818828e+07,1.239950e+02,1.410257e+06,8.843503e+01,,,,5
2018-04-26 14:58:38.000000,2.609022e+07,1.818751e+07,1.239947e+02,1.410257e+06,8.843503e+01,,,,5
2018-04-26 14:58:39.000000,2.609023e+07,1.818912e+07,1.239956e+02,1.410257e+06,8.843503e+01,,,,5
2018-04-26 14:58:40.000000,2.609022e+07,1.818778e+07,1.239949e+02,1.410257e+06,8.843503e+01,,,,5
2018-04-26 14:58:41.000000,2.609024e+07,1.818938e+07,1.239958e+02,1.410257e+06,8.843503e+01,,,,5
2018-04-26 14:58:42.000000,2.609024e+07,1.818816e+07,1.239951e+02,1.410257e+06,8.843503e+01,,,,5
2018-04-26 14:58:43.000000,2.609024e+07,1.818772e+07,1.239949e+02,1.410257e+06,8.843503e+01,,,,5
2018-04-26 14:58:44.000000,2.609022e+07,1.818720e+07,1.239945e+02,1.410257e+06,8.843503e+01,,,,5
2018-04-26 14:58:45.000000,2.609022e+07,1.818681e+07,1.239943e+02,1.410257e+06,8.843503e+01,,,,5
2018-04-26 14:58:46.000000,2.609024e+07,1.818684e+07,1.239942e+02,1.410257e+06,8.843503e+01,,,,5
2018-04-26 14:58:47.000000,2.609024e+07,1.818652e+07,1.239940e+02,1.410257e+06,8.843503e+01,,,,5
2018-04-26 14:58:48.000000,2.609024e+07,1.818768e+07,1.239947e+02,1.410257e+06,8.843503e+01,,,,5
2018-04-26 14:58:49.000000,2.609022e+07,1.818743e+07,1.239947e+02,1.410257e+06,8.843503e+01,,,,5
2018-04-26 14:58:50.000000,2.609022e+07,1.818857e+07,1.239953e+02,1.410257e+06,8.843503e+01,,,,5
2018-04-26 14:58:51.000000,2.609023e+07,1.818745e+07,1.239947e+02,1.410257e+06,8.843503e+01,,,,5
2018-04-26 14:58:52.000000,2.609024e+07,1.818938e+07,1.239958e+02,1.410257e+06,8.843503e+01,,,,5
2018-04-26 14:58:53.000000,2.609024e+07,1.818783e+07,1.239950e+02,1.410257e+06,8.843503e+01,,,,5
2018-04-26 14:58:54.000000,2.609024e+07,1.818779e+07,1.239950e+02,1.410257e+06,8.843503e+01,,,,5
2018-04-26 14:58:55.000000,2.609022e+07,1.818688e+07,1.239944e+02,1.410257e+06,8.843503e+01,,,,5
2018-04-26 14:58:56.000000,2.609023e+07,1.818688e+07,1.239943e+02,1.410257e+06,8.843503e+01,,,,5
2018-04-26 14:58:57.000000,2.609024e+07,1.818685e+07,1.239942e+02,1.410257e+06,8.843503e+01,,,,5
2018-04-26 14:58:58.000000,2.609024e+07,1.818657e+07,1.239941e+02,1.410257e+06,8.843503e+01,,,,5
2018-04-26 14:58:59.000000,2.609024e+07,1.818776e+07,1.239947e+02,1.410257e+06,8.843503e+01,,,,5
2018-04-26 14:59:00.000000,2.609022e+07,1.818749e+07,1.239947e+02,1.410257e+06,8.843503e+01,,,,5
2018-04-26 14:59:01.000000,2.609023e+07,1.818864e+07,1.239953e+02,1.410257e+06,8.843503e+01,,,,5
2018-04-26 14:59:02.000000,2.609022e+07,1.818746e+07,1.239947e+02,1.410257e+06,8.843503e+01,,,,5
2018-04-26 14:59:03.000000,2.609024e+07,1.818886e+07,1.239955e+02,1.410257e+06,8.843503e+01,,,,5
2018-04-26 14:59:04.000000,2.609024e+07,1.818782e+07,1.239949e+02,1.410257e+06,8.843503e+01,,,,5
2018-04-26 14:59:05.000000,2.609024e+07,1.818949e+07,1.239959e+02,1.410257e+06,8.843502e+01,,,,5
2018-04-26 14:59:06.000000,2.609022e+07,1.818706e+07,1.239944e+02,1.410257e+06,8.843502e+01,,,,5
2018-04-26 14:59:07.000000,2.609022e+07,1.818839e+07,1.239952e+02,1.410257e+06,8.843502e+01,,,,5
2018-04-26 14:59:08.000000,2.609022e+07,1.818717e+07,1.239945e+02,1.410257e+06,8.843502e+01,,,,5
2018-04-26 14:59:09.000000,2.609024e+07,1.818809e+07,1.239949e+02,1.410257e+06,8.843502e+01,,,,5
2018-04-26 14:59:10.000000,2.609024e+07,1.818690e+07,1.239942e+02,1.410257e+06,8.843502e+01,,,,5
2018-04-26 14:59:11.000000,2.609022e+07,1.818741e+07,1.239946e+02,1.410257e+06,8.843502e+01,,,,5
2018-04-26 14:59:12.000000,2.609022e+07,1.818774e+07,1.239948e+02,1.410257e+06,8.843502e+01,,,,5
2018-04-26 14:59:13.000000,2.609022e+07,1.818741e+07,1.239947e+02,1.410257e+06,8.843502e+01,,,,5
2018-04-26 14:59:14.000000,2.609024e+07,1.818799e+07,1.239951e+02,1.410257e+06,8.843502e+01,,,,5
2018-04-26 14:59:15.000000,2.609024e+07,1.818774e+07,1.239949e+02,1.410257e+06,8.843502e+01,,,,5
2018-04-26 14:59:16.000000,2.609024e+07,1.818952e+07,1.239959e+02,1.410257e+06,8.843502e+01,,,,5
2018-04-26 14:59:17.000000,2.609023e+07,1.818704e+07,1.239944e+02,1.410257e+06,8.843502e+01,,,,5
2018-04-26 14:59:18.000000,2.609022e+07,1.818850e+07,1.239951e+02,1.410257e+06,8.843502e+01,,,,5
2018-04-26 14:59:19.000000,2.609022e+07,1.818682e+07,1.239943e+02,1.410257e+06,8.843502e+01,,,,5
2018-04-26 14:59:20.000000,2.609024e+07,1.818819e+07,1.239949e+02,1.410257e+06,8.843502e+01,,,,5
2018-04-26 14:59:21.000000,2.609024e+07,1.818693e+07,1.239942e+02,1.410257e+06,8.843502e+01,,,,5
2018-04-26 14:59:22.000000,2.609024e+07,1.818654e+07,1.239941e+02,1.410257e+06,8.843502e+01,,,,5
2018-04-26 14:59:23.000000,2.609022e+07,1.818768e+07,1.239948e+02,1.410257e+06,8.843502e+01,,,,5
2018-04-26 14:59:24.000000,2.609022e+07,1.818746e+07,1.239947e+02,1.410257e+06,8.843502e+01,,,,5
2018-04-26 14:59:25.000000,2.609024e+07,1.818803e+07,1.239951e+02,1.410257e+06,8.843502e+01,,,,5
2018-04-26 14:59:26.000000,2.609024e+07,1.818775e+07,1.239949e+02,1.410257e+06,8.843502e+01,,,,5
2018-04-26 14:59:27.000000,2.609024e+07,1.818897e+07,1.239956e+02,1.410257e+06,8.843502e+01,,,,5
2018-04-26 14:59:28.000000,2.609022e+07,1.818703e+07,1.239944e+02,1.410257e+06,8.843502e+01,,,,5
2018-04-26 14:59:29.000000,2.609022e+07,1.818799e+07,1.239949e+02,1.410257e+06,8.843502e+01,,,,5
2018-04-26 14:59:30.000000,2.609022e+07,1.818686e+07,1.239943e+02,1.410257e+06,8.843502e+01,,,,5
2018-04-26 14:59:31.000000,2.609024e+07,1.818764e+07,1.239947e+02,1.410257e+06,8.843502e+01,,,,5
2018-04-26 14:59:32.000000,2.609024e+07,1.818659e+07,1.239940e+02,1.410257e+06,8.843502e+01,,,,5
2018-04-26 14:59:33.000000,2.609024e+07,1.818814e+07,1.239949e+02,1.410257e+06,8.843502e+01,,,,5
2018-04-26 14:59:34.000000,2.609023e+07,1.818748e+07,1.239947e+02,1.410257e+06,8.843502e+01,,,,5
2018-04-26 14:59:35.000000,2.609022e+07,1.818747e+07,1.239947e+02,1.410257e+06,8.843502e+01,,,,5
2018-04-26 14:59:36.000000,2.609022e+07,1.818776e+07,1.239948e+02,1.410257e+06,8.843502e+01,,,,5
2018-04-26 14:59:37.000000,2.609024e+07,1.818779e+07,1.239950e+02,1.410257e+06,8.843502e+01,,,,5
2018-04-26 14:59:38.000000,2.609024e+07,1.818805e+07,1.239951e+02,1.410257e+06,8.843502e+01,,,,5
2018-04-26 14:59:39.000000,2.609023e+07,1.818701e+07,1.239944e+02,1.410257e+06,8.843502e+01,,,,5
2018-04-26 14:59:40.000000,2.609022e+07,1.818801e+07,1.239949e+02,1.410257e+06,8.843502e+01,,,,5
2018-04-26 14:59:41.000000,2.609023e+07,1.818682e+07,1.239943e+02,1.410257e+06,8.843502e+01,,,,5
2018-04-26 14:59:42.000000,2.609024e+07,1.818770e+07,1.239947e+02,1.410257e+06,8.843502e+01,,,,5
2018-04-26 14:59:43.000000,2.609024e+07,1.818654e+07,1.239940e+02,1.410257e+06,8.843502e+01,,,,5
2018-04-26 14:59:44.000000,2.609024e+07,1.818828e+07,1.239950e+02,1.410257e+06,8.843502e+01,,,,5
2018-04-26 14:59:45.000000,2.609022e+07,1.818751e+07,1.239947e+02,1.410257e+06,8.843501e+01,,,,5
2018-04-26 14:59:46.000000,2.609023e+07,1.818910e+07,1.239955e+02,1.410257e+06,8.843501e+01,,,,5
2018-04-26 14:59:47.000000,2.609022e+07,1.818779e+07,1.239949e+02,1.410257e+06,8.843501e+01,,,,5
2018-04-26 14:59:48.000000,2.609024e+07,1.818938e+07,1.239958e+02,1.410257e+06,8.843501e+01,,,,5
2018-04-26 14:59:49.000000,2.609024e+07,1.818817e+07,1.239951e+02,1.410257e+06,8.843501e+01,,,,5
2018-04-26 14:59:50.000000,2.609024e+07,1.818772e+07,1.239949e+02,1.410257e+06,8.843501e+01,,,,5
2018-04-26 14:59:51.000000,2.609022e+07,1.818720e+07,1.239945e+02,1.410257e+06,8.843501e+01,,,,5
2018-04-26 14:59:52.000000,2.609022e+07,1.818682e+07,1.239943e+02,1.410257e+06,8.843501e+01,,,,5
2018-04-26 14:59:53.000000,2.609024e+07,1.818684e+07,1.239942e+02,1.410257e+06,8.843501e+01,,,,5
2018-04-26 14:59:54.000000,2.609024e+07,1.818652e+07,1.239940e+02,1.410257e+06,8.843501e+01,,,,5
2018-04-26 14:59:55.000000,2.609024e+07,1.818768e+07,1.239947e+02,1.410257e+06,8.843501e+01,,,,5
2018-04-26 14:59:56.000000,2.609022e+07,1.818743e+07,1.239947e+02,1.410257e+06,8.843501e+01,,,,5
2018-04-26 14:59:57.000000,2.609022e+07,1.818857e+07,1.239953e+02,1.410257e+06,8.843501e+01,,,,5
2018-04-26 14:59:58.000000,2.609023e+07,1.818745e+07,1.239947e+02,1.410257e+06,8.843501e+01,,,,5
2018-04-26 14:59:59.000000,2.609024e+07,1.818936e+07,1.239958e+02,1.410257e+06,8.843501e+01,,,,5
2018-04-26 15:00:00.000000,2.609024e+07,1.818783e+07,1.239950e+02,1.410257e+06,8.843501e+01,,,,5
2018-04-26 15:00:01.000000,2.609024e+07,1.818779e+07,1.239950e+02,1.410257e+06,8.843501e+01,,,,5
2018-04-26 15:00:02.000000,2.609022e+07,1.818688e+07,1.239944e+02,1.410257e+06,8.843501e+01,,,,5
2018-04-26 15:00:03.000000,2.609023e+07,1.818688e+07,1.239943e+02,1.410257e+06,8.843501e+01,,,,5
2018-04-26 15:00:04.000000,2.609022e+07,1.818810e+07,1.239950e+02,1.410257e+06,8.843501e+01,,,,5
2018-04-26 15:00:05.000000,2.609024e+07,1.818666e+07,1.239942e+02,1.410257e+06,8.843501e+01,,,,5
2018-04-26 15:00:06.000000,2.609024e+07,1.818775e+07,1.239947e+02,1.410257e+06,8.843501e+01,,,,5
2018-04-26 15:00:07.000000,2.609022e+07,1.818749e+07,1.239947e+02,1.410257e+06,8.843501e+01,,,,5
2018-04-26 15:00:08.000000,2.609023e+07,1.818864e+07,1.239953e+02,1.410257e+06,8.843501e+01,,,,5
2018-04-26 15:00:09.000000,2.609022e+07,1.818747e+07,1.239947e+02,1.410257e+06,8.843501e+01,,,,5
2018-04-26 15:00:10.000000,2.609024e+07,1.818886e+07,1.239955e+02,1.410257e+06,8.843501e+01,,,,5
2018-04-26 15:00:11.000000,2.609024e+07,1.818782e+07,1.239949e+02,1.410257e+06,8.843501e+01,,,,5
2018-04-26 15:00:12.000000,2.609024e+07,1.818949e+07,1.239959e+02,1.410257e+06,8.843501e+01,,,,5
2018-04-26 15:00:13.000000,2.609022e+07,1.818708e+07,1.239944e+02,1.410257e+06,8.843501e+01,,,,5
2018-04-26 15:00:14.000000,2.609022e+07,1.818839e+07,1.239952e+02,1.410257e+06,8.843501e+01,,,,5
2018-04-26 15:00:15.000000,2.609022e+07,1.818717e+07,1.239944e+02,1.410257e+06,8.843501e+01,,,,5
2018-04-26 15:00:16.000000,2.609024e+07,1.818808e+07,1.239949e+02,1.410257e+06,8.843501e+01,,,,5
2018-04-26 15:00:17.000000,2.609024e+07,1.818690e+07,1.239942e+02,1.410257e+06,8.843501e+01,,,,5
2018-04-26 15:00:18.000000,2.609024e+07,1.818649e+07,1.239940e+02,1.410257e+06,8.843501e+01,,,,5
2018-04-26 15:00:19.000000,2.609022e+07,1.818767e+07,1.239947e+02,1.410257e+06,8.843501e+01,,,,5
2018-04-26 15:00:20.000000,2.609022e+07,1.818742e+07,1.239947e+02,1.410257e+06,8.843501e+01,,,,5
2018-04-26 15:00:21.000000,2.609024e+07,1.818799e+07,1.239951e+02,1.410257e+06,8.843501e+01,,,,5
2018-04-26 15:00:22.000000,2.609024e+07,1.818774e+07,1.239949e+02,1.410257e+06,8.843501e+01,,,,5
2018-04-26 15:00:23.000000,2.609024e+07,1.818950e+07,1.239959e+02,1.410257e+06,8.843501e+01,,,,5
2018-04-26 15:00:24.000000,2.609022e+07,1.818704e+07,1.239944e+02,1.410257e+06,8.843501e+01,,,,5
2018-04-26 15:00:25.000000,2.609022e+07,1.818850e+07,1.239951e+02,1.410257e+06,8.843500e+01,,,,5
2018-04-26 15:00:26.000000,2.609022e+07,1.818684e+07,1.239943e+02,1.410257e+06,8.843500e+01,,,,5
2018-04-26 15:00:27.000000,2.609024e+07,1.818764e+07,1.239947e+02,1.410257e+06,8.843500e+01,,,,5
2018-04-26 15:00:28.000000,2.609024e+07,1.818657e+07,1.239940e+02,1.410257e+06,8.843500e+01,,,,5
2018-04-26 15:00:29.000000,2.609024e+07,1.818814e+07,1.239949e+02,1.410257e+06,8.843500e+01,,,,5
2018-04-26 15:00:30.000000,2.609023e+07,1.818748e+07,1.239947e+02,1.410257e+06,8.843500e+01,,,,5
2018-04-26 15:00:31.000000,2.609022e+07,1.818748e+07,1.239947e+02,1.410257e+06,8.843500e+01,,,,5
2018-04-26 15:00:32.000000,2.609022e+07,1.818776e+07,1.239948e+02,1.410257e+06,8.843500e+01,,,,5
2018-04-26 15:00:33.000000,2.609024e+07,1.818779e+07,1.239950e+02,1.410257e+06,8.843500e+01,,,,5
2018-04-26 15:00:34.000000,2.609024e+07,1.818805e+07,1.239951e+02,1.410257e+06,8.843500e+01,,,,5
2018-04-26 15:00:35.000000,2.609023e+07,1.818700e+07,1.239944e+02,1.410257e+06,8.843500e+01,,,,5
2018-04-26 15:00:36.000000,2.609022e+07,1.818801e+07,1.239949e+02,1.410257e+06,8.843500e+01,,,,5
2018-04-26 15:00:37.000000,2.609023e+07,1.818682e+07,1.239943e+02,1.410257e+06,8.843500e+01,,,,5
2018-04-26 15:00:38.000000,2.609024e+07,1.818770e+07,1.239947e+02,1.410257e+06,8.843500e+01,,,,5
2018-04-26 15:00:39.000000,2.609024e+07,1.818655e+07,1.239940e+02,1.410257e+06,8.843500e+01,,,,5
2018-04-26 15:00:40.000000,2.609025e+07,1.818828e+07,1.239950e+02,1.410257e+06,8.843500e+01,,,,5
2018-04-26 15:00:41.000000,2.609022e+07,1.818750e+07,1.239947e+02,1.410257e+06,8.843500e+01,,,,5
2018-04-26 15:00:42.000000,2.609023e+07,1.818912e+07,1.239956e+02,1.410257e+06,8.843500e+01,,,,5
2018-04-26 15:00:43.000000,2.609022e+07,1.818778e+07,1.239949e+02,1.410257e+06,8.843500e+01,,,,5
2018-04-26 15:00:44.000000,2.609024e+07,1.818940e+07,1.239958e+02,1.410257e+06,8.843500e+01,,,,5
2018-04-26 15:00:45.000000,2.609024e+07,1.818816e+07,1.239951e+02,1.410257e+06,8.843500e+01,,,,5
2018-04-26 15:00:46.000000,2.609022e+07,1.818844e+07,1.239952e+02,1.410257e+06,8.843500e+01,,,,5
2018-04-26 15:00:47.000000,2.609023e+07,1.818727e+07,1.239945e+02,1.410257e+06,8.843500e+01,,,,5
2018-04-26 15:00:48.000000,2.609022e+07,1.818681e+07,1.239943e+02,1.410257e+06,8.843500e+01,,,,5
2018-04-26 15:00:49.000000,2.609024e+07,1.818684e+07,1.239942e+02,1.410257e+06,8.843500e+01,,,,5
2018-04-26 15:00:50.000000,2.609024e+07,1.818652e+07,1.239940e+02,1.410257e+06,8.843500e+01,,,,5
2018-04-26 15:00:51.000000,2.609024e+07,1.818769e+07,1.239947e+02,1.410257e+06,8.843500e+01,,,,5
2018-04-26 15:00:52.000000,2.609022e+07,1.818743e+07,1.239947e+02,1.410257e+06,8.843500e+01,,,,5
2018-04-26 15:00:53.000000,2.609022e+07,1.818857e+07,1.239953e+02,1.410257e+06,8.843500e+01,,,,5
2018-04-26 15:00:54.000000,2.609023e+07,1.818745e+07,1.239947e+02,1.410257e+06,8.843500e+01,,,,5
2018-04-26 15:00:55.000000,2.609024e+07,1.818938e+07,1.239958e+02,1.410257e+06,8.843500e+01,,,,5
2018-04-26 15:00:56.000000,2.609024e+07,1.818783e+07,1.239950e+02,1.410257e+06,8.843500e+01,,,,5
2018-04-26 15:00:57.000000,2.609024e+07,1.818779e+07,1.239950e+02,1.410257e+06,8.843500e+01,,,,5
2018-04-26 15:00:58.000000,2.609022e+07,1.818687e+07,1.239944e+02,1.410257e+06,8.843500e+01,,,,5
2018-04-26 15:00:59.000000,2.609023e+07,1.818688e+07,1.239943e+02,1.410257e+06,8.843500e+01,,,,5
2018-04-26 15:01:00.000000,2.609024e+07,1.818685e+07,1.239942e+02,1.410257e+06,8.843500e+01,,,,5
2018-04-26 15:01:01.000000,2.609025e+07,1.818656e+07,1.239941e+02,1.410257e+06,8.843500e+01,,,,5
2018-04-26 15:01:02.000000,2.609024e+07,1.818776e+07,1.239947e+02,1.410257e+06,8.843500e+01,,,,5
2018-04-26 15:01:03.000000,2.609022e+07,1.818749e+07,1.239947e+02,1.410257e+06,8.843500e+01,,,,5
2018-04-26 15:01:04.000000,2.609023e+07,1.818864e+07,1.239953e+02,1.410257e+06,8.843500e+01,,,,5
2018-04-26 15:01:05.000000,2.609022e+07,1.818746e+07,1.239947e+02,1.410257e+06,8.843500e+01,,,,5
2018-04-26 15:01:06.000000,2.609024e+07,1.818886e+07,1.239955e+02,1.410257e+06,8.843499e+01,,,,5
2018-04-26 15:01:07.000000,2.609024e+07,1.818782e+07,1.239949e+02,1.410257e+06,8.843499e+01,,,,5
2018-04-26 15:01:08.000000,2.609024e+07,1.818951e+07,1.239959e+02,1.410257e+06,8.843499e+01,,,,5
2018-04-26 15:01:09.000000,2.609023e+07,1.818705e+07,1.239944e+02,1.410257e+06,8.843499e+01,,,,5
2018-04-26 15:01:10.000000,2.609022e+07,1.818839e+07,1.239952e+02,1.410257e+06,8.843499e+01,,,,5
2018-04-26 15:01:11.000000,2.609023e+07,1.818717e+07,1.239944e+02,1.410257e+06,8.843499e+01,,,,5
2018-04-26 15:01:12.000000,2.609024e+07,1.818809e+07,1.239949e+02,1.410257e+06,8.843499e+01,,,,5
2018-04-26 15:01:13.000000,2.609024e+07,1.818690e+07,1.239942e+02,1.410257e+06,8.843499e+01,,,,5
2018-04-26 15:01:14.000000,2.609022e+07,1.818741e+07,1.239946e+02,1.410257e+06,8.843499e+01,,,,5
2018-04-26 15:01:15.000000,2.609023e+07,1.818774e+07,1.239948e+02,1.410257e+06,8.843499e+01,,,,5
2018-04-26 15:01:16.000000,2.609022e+07,1.818741e+07,1.239947e+02,1.410257e+06,8.843499e+01,,,,5
2018-04-26 15:01:17.000000,2.609024e+07,1.818799e+07,1.239951e+02,1.410257e+06,8.843499e+01,,,,5
2018-04-26 15:01:18.000000,2.609025e+07,1.818774e+07,1.239949e+02,1.410257e+06,8.843499e+01,,,,5
2018-04-26 15:01:19.000000,2.609024e+07,1.818952e+07,1.239959e+02,1.410257e+06,8.843499e+01,,,,5
2018-04-26 15:01:20.000000,2.609023e+07,1.818704e+07,1.239944e+02,1.410257e+06,8.843499e+01,,,,5
2018-04-26 15:01:21.000000,2.609022e+07,1.818850e+07,1.239951e+02,1.410257e+06,8.843499e+01,,,,5
2018-04-26 15:01:22.000000,2.609022e+07,1.818682e+07,1.239943e+02,1.410257e+06,8.843499e+01,,,,5
2018-04-26 15:01:23.000000,2.609025e+07,1.818819e+07,1.239949e+02,1.410257e+06,8.843499e+01,,,,5
2018-04-26 15:01:24.000000,2.609024e+07,1.818693e+07,1.239942e+02,1.410257e+06,8.843499e+01,,,,5
2018-04-26 15:01:25.000000,2.609024e+07,1.818654e+07,1.239941e+02,1.410257e+06,8.843499e+01,,,,5
2018-04-26 15:01:26.000000,2.609022e+07,1.818768e+07,1.239948e+02,1.410257e+06,8.843499e+01,,,,5
2018-04-26 15:01:27.000000,2.609022e+07,1.818747e+07,1.239947e+02,1.410257e+06,8.843499e+01,,,,5
2018-04-26 15:01:28.000000,2.609024e+07,1.818803e+07,1.239951e+02,1.410257e+06,8.843499e+01,,,,5
2018-04-26 15:01:29.000000,2.609024e+07,1.818775e+07,1.239949e+02,1.410257e+06,8.843499e+01,,,,5
2018-04-26 15:01:30.000000,2.609024e+07,1.818897e+07,1.239956e+02,1.410257e+06,8.843499e+01,,,,5
2018-04-26 15:01:31.000000,2.609022e+07,1.818703e+07,1.239944e+02,1.410257e+06,8.843499e+01,,,,5
2018-04-26 15:01:32.000000,2.609023e+07,1.818801e+07,1.239949e+02,1.410257e+06,8.843499e+01,,,,5
2018-04-26 15:01:33.000000,2.609023e+07,1.818686e+07,1.239943e+02,1.410257e+06,8.843499e+01,,,,5
2018-04-26 15:01:34.000000,2.609024e+07,1.818764e+07,1.239947e+02,1.410257e+06,8.843499e+01,,,,5
2018-04-26 15:01:35.000000,2.609024e+07,1.818657e+07,1.239940e+02,1.410257e+06,8.843499e+01,,,,5
2018-04-26 15:01:36.000000,2.609024e+07,1.818814e+07,1.239949e+02,1.410257e+06,8.843499e+01,,,,5
2018-04-26 15:01:37.000000,2.609023e+07,1.818748e+07,1.239947e+02,1.410257e+06,8.843499e+01,,,,5
2018-04-26 15:01:38.000000,2.609022e+07,1.818748e+07,1.239947e+02,1.410257e+06,8.843499e+01,,,,5
2018-04-26 15:01:39.000000,2.609023e+07,1.818776e+07,1.239948e+02,1.410257e+06,8.843499e+01,,,,5
2018-04-26 15:01:40.000000,2.609024e+07,1.818779e+07,1.239950e+02,1.410257e+06,8.843499e+01,,,,5
2018-04-26 15:01:41.000000,2.609024e+07,1.818805e+07,1.239951e+02,1.410257e+06,8.843499e+01,,,,5
2018-04-26 15:01:42.000000,2.609023e+07,1.818700e+07,1.239944e+02,1.410256e+06,8.843499e+01,,,,5
2018-04-26 15:01:43.000000,2.609022e+07,1.818801e+07,1.239949e+02,1.410256e+06,8.843499e+01,,,,5
2018-04-26 15:01:44.000000,2.609023e+07,1.818682e+07,1.239943e+02,1.410256e+06,8.843499e+01,,,,5
2018-04-26 15:01:45.000000,2.609024e+07,1.818770e+07,1.239947e+02,1.410256e+06,8.843499e+01,,,,5
2018-04-26 15:01:46.000000,2.609024e+07,1.818654e+07,1.239940e+02,1.410256e+06,8.843499e+01,,,,5
2018-04-26 15:01:47.000000,2.609025e+07,1.818828e+07,1.239950e+02,1.410256e+06,8.843498e+01,,,,5
2018-04-26 15:01:48.000000,2.609022e+07,1.818751e+07,1.239947e+02,1.410256e+06,8.843498e+01,,,,5
2018-04-26 15:01:49.000000,2.609023e+07,1.818912e+07,1.239956e+02,1.410256e+06,8.843498e+01,,,,5
2018-04-26 15:01:50.000000,2.609022e+07,1.818778e+07,1.239949e+02,1.410256e+06,8.843498e+01,,,,5
2018-04-26 15:01:51.000000,2.609024e+07,1.818938e+07,1.239958e+02,1.410256e+06,8.843498e+01,,,,5
2018-04-26 15:01:52.000000,2.609024e+07,1.818816e+07,1.239951e+02,1.410256e+06,8.843498e+01,,,,5
2018-04-26 15:01:53.000000,2.609024e+07,1.818772e+07,1.239949e+02,1.410256e+06,8.843498e+01,,,,5
2018-04-26 15:01:54.000000,2.609023e+07,1.818720e+07,1.239944e+02,1.410256e+06,8.843498e+01,,,,5
2018-04-26 15:01:55.000000,2.609022e+07,1.818682e+07,1.239943e+02,1.410256e+06,8.843498e+01,,,,5
2018-04-26 15:01:56.000000,2.609024e+07,1.818684e+07,1.239942e+02,1.410256e+06,8.843498e+01,,,,5
2018-04-26 15:01:57.000000,2.609024e+07,1.818652e+07,1.239940e+02,1.410256e+06,8.843498e+01,,,,5
2018-04-26 15:01:58.000000,2.609024e+07,1.818768e+07,1.239947e+02,1.410256e+06,8.843498e+01,,,,5
2018-04-26 15:01:59.000000,2.609022e+07,1.818743e+07,1.239947e+02,1.410256e+06,8.843498e+01,,,,5
2018-04-26 15:02:00.000000,2.609022e+07,1.818857e+07,1.239953e+02,1.410256e+06,8.843498e+01,,,,5
2018-04-26 15:02:01.000000,2.609023e+07,1.818745e+07,1.239947e+02,1.410256e+06,8.843498e+01,,,,5
2018-04-26 15:02:02.000000,2.609024e+07,1.818938e+07,1.239958e+02,1.410256e+06,8.843498e+01,,,,5
2018-04-26 15:02:03.000000,2.609024e+07,1.818783e+07,1.239950e+02,1.410256e+06,8.843498e+01,,,,5
2018-04-26 15:02:04.000000,2.609024e+07,1.818779e+07,1.239950e+02,1.410256e+06,8.843498e+01,,,,5
2018-04-26 15:02:05.000000,2.609022e+07,1.818688e+07,1.239944e+02,1.410256e+06,8.843498e+01,,,,5
2018-04-26 15:02:06.000000,2.609023e+07,1.818688e+07,1.239943e+02,1.410256e+06,8.843498e+01,,,,5
2018-04-26 15:02:07.000000,2.609022e+07,1.818810e+07,1.239949e+02,1.410256e+06,8.843498e+01,,,,5
2018-04-26 15:02:08.000000,2.609024e+07,1.818666e+07,1.239942e+02,1.410256e+06,8.843498e+01,,,,5
2018-04-26 15:02:09.000000,2.609024e+07,1.818776e+07,1.239947e+02,1.410256e+06,8.843498e+01,,,,5
2018-04-26 15:02:10.000000,2.609022e+07,1.818749e+07,1.239947e+02,1.410256e+06,8.843498e+01,,,,5
2018-04-26 15:02:11.000000,2.609023e+07,1.818864e+07,1.239953e+02,1.410256e+06,8.843498e+01,,,,5
2018-04-26 15:02:12.000000,2.609022e+07,1.818747e+07,1.239947e+02,1.410256e+06,8.843498e+01,,,,5
2018-04-26 15:02:13.000000,2.609024e+07,1.818886e+07,1.239955e+02,1.410256e+06,8.843498e+01,,,,5
2018-04-26 15:02:14.000000,2.609024e+07,1.818782e+07,1.239949e+02,1.410256e+06,8.843498e+01,,,,5
2018-04-26 15:02:15.000000,2.609024e+07,1.818949e+07,1.239959e+02,1.410256e+06,8.843498e+01,,,,5
2018-04-26 15:02:16.000000,2.609023e+07,1.818706e+07,1.239944e+02,1.410256e+06,8.843498e+01,,,,5
2018-04-26 15:02:17.000000,2.609022e+07,1.818839e+07,1.239951e+02,1.410256e+06,8.843498e+01,,,,5
2018-04-26 15:02:18.000000,2.609023e+07,1.818717e+07,1.239944e+02,1.410256e+06,8.843498e+01,,,,5
2018-04-26 15:02:19.000000,2.609024e+07,1.818809e+07,1.239949e+02,1.410256e+06,8.843498e+01,,,,5
2018-04-26 15:02:20.000000,2.609024e+07,1.818690e+07,1.239942e+02,1.410256e+06,8.843498e+01,,,,5
2018-04-26 15:02:21.000000,2.609022e+07,1.818741e+07,1.239946e+02,1.410256e+06,8.843498e+01,,,,5
2018-04-26 15:02:22.000000,2.609022e+07,1.818774e+07,1.239948e+02,1.410256e+06,8.843498e+01,,,,5
2018-04-26 15:02:23.000000,2.609022e+07,1.818741e+07,1.239947e+02,1.410256e+06,8.843498e+01,,,,5
2018-04-26 15:02:24.000000,2.609024e+07,1.818799e+07,1.239951e+02,1.410256e+06,8.843498e+01,,,,5
2018-04-26 15:02:25.000000,2.609025e+07,1.818774e+07,1.239949e+02,1.410256e+06,8.843498e+01,,,,5
2018-04-26 15:02:26.000000,2.609024e+07,1.818952e+07,1.239959e+02,1.410256e+06,8.843498e+01,,,,5
2018-04-26 15:02:27.000000,2.609023e+07,1.818704e+07,1.239944e+02,1.410256e+06,8.843498e+01,,,,5
2018-04-26 15:02:28.000000,2.609022e+07,1.818850e+07,1.239951e+02,1.410256e+06,8.843498e+01,,,,5
2018-04-26 15:02:29.000000,2.609022e+07,1.818684e+07,1.239943e+02,1.410256e+06,8.843497e+01,,,,5
2018-04-26 15:02:30.000000,2.609025e+07,1.818819e+07,1.239949e+02,1.410256e+06,8.843497e+01,,,,5
2018-04-26 15:02:31.000000,2.609024e+07,1.818693e+07,1.239942e+02,1.410256e+06,8.843497e+01,,,,5
2018-04-26 15:02:32.000000,2.609024e+07,1.818654e+07,1.239941e+02,1.410256e+06,8.843497e+01,,,,5
2018-04-26 15:02:33.000000,2.609022e+07,1.818768e+07,1.239948e+02,1.410256e+06,8.843497e+01,,,,5
2018-04-26 15:02:34.000000,2.609022e+07,1.818747e+07,1.239947e+02,1.410256e+06,8.843497e+01,,,,5
2018-04-26 15:02:35.000000,2.609024e+07,1.818803e+07,1.239951e+02,1.410256e+06,8.843497e+01,,,,5
2018-04-26 15:02:36.000000,2.609024e+07,1.818775e+07,1.239949e+02,1.410256e+06,8.843497e+01,,,,5
2018-04-26 15:02:37.000000,2.609024e+07,1.818897e+07,1.239956e+02,1.410256e+06,8.843497e+01,,,,5
2018-04-26 15:02:38.000000,2.609022e+07,1.818703e+07,1.239944e+02,1.410256e+06,8.843497e+01,,,,5
2018-04-26 15:02:39.000000,2.609022e+07,1.818799e+07,1.239949e+02,1.410256e+06,8.843497e+01,,,,5
2018-04-26 15:02:40.000000,2.609023e+07,1.818686e+07,1.239943e+02,1.410256e+06,8.843497e+01,,,,5
2018-04-26 15:02:41.000000,2.609024e+07,1.818764e+07,1.239947e+02,1.410256e+06,8.843497e+01,,,,5
2018-04-26 15:02:42.000000,2.609024e+07,1.818659e+07,1.239940e+02,1.410256e+06,8.843497e+01,,,,5
2018-04-26 15:02:43.000000,2.609024e+07,1.818814e+07,1.239949e+02,1.410256e+06,8.843497e+01,,,,5
2018-04-26 15:02:44.000000,2.609023e+07,1.818748e+07,1.239947e+02,1.410256e+06,8.843497e+01,,,,5
2018-04-26 15:02:45.000000,2.609022e+07,1.818748e+07,1.239947e+02,1.410256e+06,8.843497e+01,,,,5
2018-04-26 15:02:46.000000,2.609022e+07,1.818776e+07,1.239948e+02,1.410256e+06,8.843497e+01,,,,5
2018-04-26 15:02:47.000000,2.609024e+07,1.818779e+07,1.239950e+02,1.410256e+06,8.843497e+01,,,,5
2018-04-26 15:02:48.000000,2.609024e+07,1.818805e+07,1.239951e+02,1.410256e+06,8.843497e+01,,,,5
2018-04-26 15:02:49.000000,2.609023e+07,1.818701e+07,1.239944e+02,1.410256e+06,8.843497e+01,,,,5
2018-04-26 15:02:50.000000,2.609022e+07,1.818801e+07,1.239949e+02,1.410256e+06,8.843497e+01,,,,5
2018-04-26 15:02:51.000000,2.609023e+07,1.818682e+07,1.239943e+02,1.410256e+06,8.843497e+01,,,,5
2018-04-26 15:02:52.000000,2.609024e+07,1.818770e+07,1.239947e+02,1.410256e+06,8.843497e+01,,,,5
2018-04-26 15:02:53.000000,2.609024e+07,1.818654e+07,1.239940e+02,1.410256e+06,8.843497e+01,,,,5
2018-04-26 15:02:54.000000,2.609025e+07,1.818828e+07,1.239950e+02,1.410256e+06,8.843497e+01,,,,5
2018-04-26 15:02:55.000000,2.609022e+07,1.818751e+07,1.239947e+02,1.410256e+06,8.843497e+01,,,,5
2018-04-26 15:02:56.000000,2.609023e+07,1.818910e+07,1.239955e+02,1.410256e+06,8.843497e+01,,,,5
2018-04-26 15:02:57.000000,2.609022e+07,1.818779e+07,1.239949e+02,1.410256e+06,8.843497e+01,,,,5
2018-04-26 15:02:58.000000,2.609024e+07,1.818938e+07,1.239958e+02,1.410256e+06,8.843497e+01,,,,5
2018-04-26 15:02:59.000000,2.609024e+07,1.818817e+07,1.239951e+02,1.410256e+06,8.843497e+01,,,,5
2018-04-26 15:03:00.000000,2.609024e+07,1.818772e+07,1.239949e+02,1.410256e+06,8.843497e+01,,,,5
2018-04-26 15:03:01.000000,2.609022e+07,1.818720e+07,1.239944e+02,1.410256e+06,8.843497e+01,,,,5
2018-04-26 15:03:02.000000,2.609022e+07,1.818682e+07,1.239943e+02,1.410256e+06,8.843497e+01,,,,5
2018-04-26 15:03:03.000000,2.609024e+07,1.818684e+07,1.239942e+02,1.410256e+06,8.843497e+01,,,,5
2018-04-26 15:03:04.000000,2.609024e+07,1.818652e+07,1.239940e+02,1.410256e+06,8.843497e+01,,,,5
2018-04-26 15:03:05.000000,2.609024e+07,1.818768e+07,1.239947e+02,1.410256e+06,8.843497e+01,,,,5
2018-04-26 15:03:06.000000,2.609022e+07,1.818743e+07,1.239947e+02,1.410256e+06,8.843497e+01,,,,5
2018-04-26 15:03:07.000000,2.609022e+07,1.818857e+07,1.239953e+02,1.410256e+06,8.843497e+01,,,,5
2018-04-26 15:03:08.000000,2.609023e+07,1.818745e+07,1.239947e+02,1.410256e+06,8.843497e+01,,,,5
2018-04-26 15:03:09.000000,2.609024e+07,1.818936e+07,1.239958e+02,1.410256e+06,8.843497e+01,,,,5
2018-04-26 15:03:10.000000,2.609024e+07,1.818783e+07,1.239950e+02,1.410256e+06,8.843497e+01,,,,5
2018-04-26 15:03:11.000000,2.609024e+07,1.818779e+07,1.239950e+02,1.410256e+06,8.843496e+01,,,,5
2018-04-26 15:03:12.000000,2.609022e+07,1.818688e+07,1.239944e+02,1.410256e+06,8.843496e+01,,,,5
2018-04-26 15:03:13.000000,2.609023e+07,1.818688e+07,1.239943e+02,1.410256e+06,8.843496e+01,,,,5
2018-04-26 15:03:14.000000,2.609022e+07,1.818810e+07,1.239949e+02,1.410256e+06,8.843496e+01,,,,5
2018-04-26 15:03:15.000000,2.609024e+07,1.818666e+07,1.239942e+02,1.410256e+06,8.843496e+01,,,,5
2018-04-26 15:03:16.000000,2.609024e+07,1.818775e+07,1.239947e+02,1.410256e+06,8.843496e+01,,,,5
2018-04-26 15:03:17.000000,2.609022e+07,1.818749e+07,1.239947e+02,1.410256e+06,8.843496e+01,,,,5
2018-04-26 15:03:18.000000,2.609023e+07,1.818864e+07,1.239953e+02,1.410256e+06,8.843496e+01,,,,5
2018-04-26 15:03:19.000000,2.609022e+07,1.818747e+07,1.239947e+02,1.410256e+06,8.843496e+01,,,,5
2018-04-26 15:03:20.000000,2.609024e+07,1.818885e+07,1.239955e+02,1.410256e+06,8.843496e+01,,,,5
2018-04-26 15:03:21.000000,2.609024e+07,1.818782e+07,1.239949e+02,1.410256e+06,8.843496e+01,,,,5
2018-04-26 15:03:22.000000,2.609024e+07,1.818949e+07,1.239959e+02,1.410256e+06,8.843496e+01,,,,5
2018-04-26 15:03:23.000000,2.609022e+07,1.818708e+07,1.239944e+02,1.410256e+06,8.843496e+01,,,,5
2018-04-26 15:03:24.000000,2.609022e+07,1.818839e+07,1.239951e+02,1.410256e+06,8.843496e+01,,,,5
2018-04-26 15:03:25.000000,2.609022e+07,1.818717e+07,1.239944e+02,1.410256e+06,8.843496e+01,,,,5
2018-04-26 15:03:26.000000,2.609024e+07,1.818808e+07,1.239949e+02,1.410256e+06,8.843496e+01,,,,5
2018-04-26 15:03:27.000000,2.609024e+07,1.818690e+07,1.239942e+02,1.410256e+06,8.843496e+01,,,,5
2018-04-26 15:03:28.000000,2.609024e+07,1.818649e+07,1.239940e+02,1.410256e+06,8.843496e+01,,,,5
2018-04-26 15:03:29.000000,2.609022e+07,1.818767e+07,1.239947e+02,1.410256e+06,8.843496e+01,,,,5
2018-04-26 15:03:30.000000,2.609022e+07,1.818742e+07,1.239947e+02,1.410256e+06,8.843496e+01,,,,5
2018-04-26 15:03:31.000000,2.609024e+07,1.818799e+07,1.239951e+02,1.410256e+06,8.843496e+01,,,,5
2018-04-26 15:03:32.000000,2.609024e+07,1.818774e+07,1.239949e+02,1.410256e+06,8.843496e+01,,,,5
2018-04-26 15:03:33.000000,2.609024e+07,1.818950e+07,1.239959e+02,1.410256e+06,8.843496e+01,,,,5
2018-04-26 15:03:34.000000,2.609023e+07,1.818704e+07,1.239944e+02,1.410256e+06,8.843496e+01,,,,5
2018-04-26 15:03:35.000000,2.609022e+07,1.818850e+07,1.239951e+02,1.410256e+06,8.843496e+01,,,,5
2018-04-26 15:03:36.000000,2.609022e+07,1.818684e+07,1.239943e+02,1.410256e+06,8.843496e+01,,,,5
2018-04-26 15:03:37.000000,2.609024e+07,1.818818e+07,1.239949e+02,1.410256e+06,8.843496e+01,,,,5
2018-04-26 15:03:38.000000,2.609024e+07,1.818693e+07,1.239942e+02,1.410256e+06,8.843496e+01,,,,5
2018-04-26 15:03:39.000000,2.609024e+07,1.818654e+07,1.239941e+02,1.410256e+06,8.843496e+01,,,,5
2018-04-26 15:03:40.000000,2.609022e+07,1.818767e+07,1.239948e+02,1.410256e+06,8.843496e+01,,,,5
2018-04-26 15:03:41.000000,2.609022e+07,1.818746e+07,1.239947e+02,1.410256e+06,8.843496e+01,,,,5
2018-04-26 15:03:42.000000,2.609023e+07,1.818873e+07,1.239954e+02,1.410256e+06,8.843496e+01,,,,5
2018-04-26 15:03:43.000000,2.609024e+07,1.818779e+07,1.239949e+02,1.410256e+06,8.843496e+01,,,,5
2018-04-26 15:03:44.000000,2.609024e+07,1.818897e+07,1.239956e+02,1.410256e+06,8.843496e+01,,,,5
2018-04-26 15:03:45.000000,2.609022e+07,1.818703e+07,1.239944e+02,1.410256e+06,8.843496e+01,,,,5
2018-04-26 15:03:46.000000,2.609022e+07,1.818799e+07,1.239949e+02,1.410256e+06,8.843496e+01,,,,5
2018-04-26 15:03:47.000000,2.609022e+07,1.818687e+07,1.239943e+02,1.410256e+06,8.843496e+01,,,,5
2018-04-26 15:03:48.000000,2.609024e+07,1.818764e+07,1.239947e+02,1.410256e+06,8.843496e+01,,,,5
2018-04-26 15:03:49.000000,2.609024e+07,1.818659e+07,1.239940e+02,1.410256e+06,8.843496e+01,,,,5
2018-04-26 15:03:50.000000,2.609024e+07,1.818813e+07,1.239949e+02,1.410256e+06,8.843496e+01,,,,5
2018-04-26 15:03:51.000000,2.609023e+07,1.818748e+07,1.239947e+02,1.410256e+06,8.843496e+01,,,,5
2018-04-26 15:03:52.000000,2.609022e+07,1.818747e+07,1.239947e+02,1.410256e+06,8.843496e+01,,,,5
2018-04-26 15:03:53.000000,2.609022e+07,1.818776e+07,1.239948e+02,1.410256e+06,8.843495e+01,,,,5
2018-04-26 15:03:54.000000,2.609024e+07,1.818779e+07,1.239950e+02,1.410256e+06,8.843495e+01,,,,5
2018-04-26 15:03:55.000000,2.609024e+07,1.818805e+07,1.239951e+02,1.410256e+06,8.843495e+01,,,,5
2018-04-26 15:03:56.000000,2.609023e+07,1.818701e+07,1.239944e+02,1.410256e+06,8.843495e+01,,,,5
2018-04-26 15:03:57.000000,2.609022e+07,1.818800e+07,1.239948e+02,1.410256e+06,8.843495e+01,,,,5
2018-04-26 15:03:58.000000,2.609023e+07,1.818682e+07,1.239942e+02,1.410256e+06,8.843495e+01,,,,5
2018-04-26 15:03:59.000000,2.609024e+07,1.818770e+07,1.239946e+02,1.410256e+06,8.843495e+01,,,,5
2018-04-26 15:04:00.000000,2.609024e+07,1.818656e+07,1.239941e+02,1.410256e+06,8.843495e+01,,,,5
2018-04-26 15:04:01.000000,2.609024e+07,1.818828e+07,1.239950e+02,1.410256e+06,8.843495e+01,,,,5
2018-04-26 15:04:02.000000,2.609022e+07,1.818751e+07,1.239947e+02,1.410256e+06,8.843495e+01,,,,5
2018-04-26 15:04:03.000000,2.609023e+07,1.818910e+07,1.239955e+02,1.410256e+06,8.843495e+01,,,,5
2018-04-26 15:04:04.000000,2.609022e+07,1.818780e+07,1.239948e+02,1.410256e+06,8.843495e+01,,,,5
2018-04-26 15:04:05.000000,2.609024e+07,1.818938e+07,1.239958e+02,1.410256e+06,8.843495e+01,,,,5
2018-04-26 15:04:06.000000,2.609024e+07,1.818817e+07,1.239951e+02,1.410256e+06,8.843495e+01,,,,5
2018-04-26 15:04:07.000000,2.609024e+07,1.818772e+07,1.239949e+02,1.410256e+06,8.843495e+01,,,,5
2018-04-26 15:04:08.000000,2.609022e+07,1.818720e+07,1.239944e+02,1.410256e+06,8.843495e+01,,,,5
2018-04-26 15:04:09.000000,2.609022e+07,1.818682e+07,1.239943e+02,1.410256e+06,8.843495e+01,,,,5
2018-04-26 15:04:10.000000,2.609024e+07,1.818684e+07,1.239942e+02,1.410256e+06,8.843495e+01,,,,5
2018-04-26 15:04:11.000000,2.609024e+07,1.818652e+07,1.239940e+02,1.410256e+06,8.843495e+01,,,,5
2018-04-26 15:04:12.000000,2.609024e+07,1.818768e+07,1.239947e+02,1.410256e+06,8.843495e+01,,,,5
2018-04-26 15:04:13.000000,2.609022e+07,1.818743e+07,1.239947e+02,1.410256e+06,8.843495e+01,,,,5
2018-04-26 15:04:14.000000,2.609022e+07,1.818856e+07,1.239953e+02,1.410256e+06,8.843495e+01,,,,5
2018-04-26 15:04:15.000000,2.609023e+07,1.818745e+07,1.239947e+02,1.410256e+06,8.843495e+01,,,,5
2018-04-26 15:04:16.000000,2.609024e+07,1.818936e+07,1.239958e+02,1.410256e+06,8.843495e+01,,,,5
2018-04-26 15:04:17.000000,2.609024e+07,1.818784e+07,1.239950e+02,1.410256e+06,8.843495e+01,,,,5
2018-04-26 15:04:18.000000,2.609024e+07,1.818779e+07,1.239950e+02,1.410256e+06,8.843495e+01,,,,5
2018-04-26 15:04:19.000000,2.609022e+07,1.818688e+07,1.239943e+02,1.410256e+06,8.843495e+01,,,,5
2018-04-26 15:04:20.000000,2.609023e+07,1.818688e+07,1.239943e+02,1.410256e+06,8.843495e+01,,,,5
2018-04-26 15:04:21.000000,2.609022e+07,1.818809e+07,1.239949e+02,1.410256e+06,8.843495e+01,,,,5
2018-04-26 15:04:22.000000,2.609024e+07,1.818666e+07,1.239942e+02,1.410256e+06,8.843495e+01,,,,5
2018-04-26 15:04:23.000000,2.609024e+07,1.818775e+07,1.239947e+02,1.410256e+06,8.843495e+01,,,,5
2018-04-26 15:04:24.000000,2.609022e+07,1.818749e+07,1.239947e+02,1.410256e+06,8.843495e+01,,,,5
2018-04-26 15:04:25.000000,2.609023e+07,1.818864e+07,1.239953e+02,1.410256e+06,8.843495e+01,,,,5
2018-04-26 15:04:26.000000,2.609022e+07,1.818747e+07,1.239947e+02,1.410256e+06,8.843495e+01,,,,5
2018-04-26 15:04:27.000000,2.609024e+07,1.818885e+07,1.239955e+02,1.410256e+06,8.843495e+01,,,,5
2018-04-26 15:04:28.000000,2.609024e+07,1.818783e+07,1.239950e+02,1.410256e+06,8.843495e+01,,,,5
2018-04-26 15:04:29.000000,2.609024e+07,1.818949e+07,1.239959e+02,1.410256e+06,8.843495e+01,,,,5
2018-04-26 15:04:30.000000,2.609022e+07,1.818708e+07,1.239944e+02,1.410256e+06,8.843495e+01,,,,5
2018-04-26 15:04:31.000000,2.609022e+07,1.818838e+07,1.239950e+02,1.410256e+06,8.843495e+01,,,,5
2018-04-26 15:04:32.000000,2.609022e+07,1.818717e+07,1.239944e+02,1.410256e+06,8.843495e+01,,,,5
2018-04-26 15:04:33.000000,2.609024e+07,1.818808e+07,1.239949e+02,1.410256e+06,8.843495e+01,,,,5
2018-04-26 15:04:34.000000,2.609024e+07,1.818691e+07,1.239942e+02,1.410256e+06,8.843495e+01,,,,5
2018-04-26 15:04:35.000000,2.609024e+07,1.818649e+07,1.239940e+02,1.410256e+06,8.843495e+01,,,,5
2018-04-26 15:04:36.000000,2.609022e+07,1.818767e+07,1.239947e+02,1.410256e+06,8.843494e+01,,,,5
2018-04-26 15:04:37.000000,2.609022e+07,1.818742e+07,1.239947e+02,1.410256e+06,8.843494e+01,,,,5
2018-04-26 15:04:38.000000,2.609024e+07,1.818799e+07,1.239951e+02,1.410256e+06,8.843494e+01,,,,5
2018-04-26 15:04:39.000000,2.609024e+07,1.818775e+07,1.239949e+02,1.410256e+06,8.843494e+01,,,,5
2018-04-26 15:04:40.000000,2.609024e+07,1.818950e+07,1.239959e+02,1.410256e+06,8.843494e+01,,,,5
2018-04-26 15:04:41.000000,2.609022e+07,1.818706e+07,1.239944e+02,1.410256e+06,8.843494e+01,,,,5
2018-04-26 15:04:42.000000,2.609022e+07,1.818850e+07,1.239951e+02,1.410256e+06,8.843494e+01,,,,5
2018-04-26 15:04:43.000000,2.609022e+07,1.818684e+07,1.239942e+02,1.410256e+06,8.843494e+01,,,,5
2018-04-26 15:04:44.000000,2.609024e+07,1.818763e+07,1.239947e+02,1.410256e+06,8.843494e+01,,,,5
2018-04-26 15:04:45.000000,2.609024e+07,1.818659e+07,1.239940e+02,1.410256e+06,8.843494e+01,,,,5
2018-04-26 15:04:46.000000,2.609024e+07,1.818814e+07,1.239949e+02,1.410256e+06,8.843494e+01,,,,5
2018-04-26 15:04:47.000000,2.609023e+07,1.818748e+07,1.239947e+02,1.410256e+06,8.843494e+01,,,,5
2018-04-26 15:04:48.000000,2.609022e+07,1.818748e+07,1.239947e+02,1.410256e+06,8.843494e+01,,,,5
2018-04-26 15:04:49.000000,2.609022e+07,1.818776e+07,1.239948e+02,1.410256e+06,8.843494e+01,,,,5
2018-04-26 15:04:50.000000,2.609024e+07,1.818779e+07,1.239950e+02,1.410256e+06,8.843494e+01,,,,5
2018-04-26 15:04:51.000000,2.609024e+07,1.818805e+07,1.239951e+02,1.410256e+06,8.843494e+01,,,,5
2018-04-26 15:04:52.000000,2.609023e+07,1.818700e+07,1.239944e+02,1.410256e+06,8.843494e+01,,,,5
2018-04-26 15:04:53.000000,2.609022e+07,1.818801e+07,1.239949e+02,1.410256e+06,8.843494e+01,,,,5
2018-04-26 15:04:54.000000,2.609023e+07,1.818682e+07,1.239942e+02,1.410256e+06,8.843494e+01,,,,5
2018-04-26 15:04:55.000000,2.609024e+07,1.818770e+07,1.239946e+02,1.410256e+06,8.843494e+01,,,,5
2018-04-26 15:04:56.000000,2.609024e+07,1.818655e+07,1.239940e+02,1.410256e+06,8.843494e+01,,,,5
2018-04-26 15:04:57.000000,2.609025e+07,1.818828e+07,1.239950e+02,1.410256e+06,8.843494e+01,,,,5
2018-04-26 15:04:58.000000,2.609022e+07,1.818751e+07,1.239947e+02,1.410256e+06,8.843494e+01,,,,5
2018-04-26 15:04:59.000000,2.609023e+07,1.818912e+07,1.239956e+02,1.410256e+06,8.843494e+01,,,,5
2018-04-26 15:05:00.000000,2.609022e+07,1.818778e+07,1.239948e+02,1.410256e+06,8.843494e+01,,,,5
2018-04-26 15:05:01.000000,2.609024e+07,1.818938e+07,1.239958e+02,1.410256e+06,8.843494e+01,,,,5
2018-04-26 15:05:02.000000,2.609024e+07,1.818817e+07,1.239951e+02,1.410256e+06,8.843494e+01,,,,5
2018-04-26 15:05:03.000000,2.609024e+07,1.818772e+07,1.239949e+02,1.410256e+06,8.843494e+01,,,,5
2018-04-26 15:05:04.000000,2.609023e+07,1.818720e+07,1.239944e+02,1.410256e+06,8.843494e+01,,,,5
2018-04-26 15:05:05.000000,2.609022e+07,1.818682e+07,1.239943e+02,1.410256e+06,8.843494e+01,,,,5
2018-04-26 15:05:06.000000,2.609024e+07,1.818684e+07,1.239942e+02,1.410256e+06,8.843494e+01,,,,5
2018-04-26 15:05:07.000000,2.609024e+07,1.818652e+07,1.239940e+02,1.410256e+06,8.843494e+01,,,,5
2018-04-26 15:05:08.000000,2.609024e+07,1.818768e+07,1.239947e+02,1.410256e+06,8.843494e+01,,,,5
2018-04-26 15:05:09.000000,2.609022e+07,1.818743e+07,1.239947e+02,1.410256e+06,8.843494e+01,,,,5
2018-04-26 15:05:10.000000,2.609022e+07,1.818857e+07,1.239953e+02,1.410256e+06,8.843494e+01,,,,5
2018-04-26 15:05:11.000000,2.609023e+07,1.818745e+07,1.239947e+02,1.410256e+06,8.843494e+01,,,,5
2018-04-26 15:05:12.000000,2.609024e+07,1.818936e+07,1.239958e+02,1.410256e+06,8.843494e+01,,,,5
2018-04-26 15:05:13.000000,2.609024e+07,1.818783e+07,1.239950e+02,1.410256e+06,8.843494e+01,,,,5
2018-04-26 15:05:14.000000,2.609024e+07,1.818779e+07,1.239950e+02,1.410256e+06,8.843494e+01,,,,5
2018-04-26 15:05:15.000000,2.609022e+07,1.818688e+07,1.239943e+02,1.410256e+06,8.843494e+01,,,,5
2018-04-26 15:05:16.000000,2.609023e+07,1.818688e+07,1.239943e+02,1.410256e+06,8.843494e+01,,,,5
2018-04-26 15:05:17.000000,2.609022e+07,1.818810e+07,1.239949e+02,1.410256e+06,8.843494e+01,,,,5
2018-04-26 15:05:18.000000,2.609024e+07,1.818666e+07,1.239942e+02,1.410256e+06,8.843494e+01,,,,5
2018-04-26 15:05:19.000000,2.609024e+07,1.818775e+07,1.239947e+02,1.410256e+06,8.843493e+01,,,,5
2018-04-26 15:05:20.000000,2.609022e+07,1.818749e+07,1.239947e+02,1.410256e+06,8.843493e+01,,,,5
2018-04-26 15:05:21.000000,2.609023e+07,1.818864e+07,1.239953e+02,1.410256e+06,8.843493e+01,,,,5
2018-04-26 15:05:22.000000,2.609022e+07,1.818747e+07,1.239947e+02,1.410256e+06,8.843493e+01,,,,5
2018-04-26 15:05:23.000000,2.609024e+07,1.818886e+07,1.239955e+02,1.410256e+06,8.843493e+01,,,,5
2018-04-26 15:05:24.000000,2.609024e+07,1.818782e+07,1.239949e+02,1.410256e+06,8.843493e+01,,,,5
2018-04-26 15:05:25.000000,2.609024e+07,1.818949e+07,1.239959e+02,1.410256e+06,8.843493e+01,,,,5
2018-04-26 15:05:26.000000,2.609023e+07,1.818706e+07,1.239944e+02,1.410256e+06,8.843493e+01,,,,5
2018-04-26 15:05:27.000000,2.609022e+07,1.818839e+07,1.239951e+02,1.410256e+06,8.843493e+01,,,,5
2018-04-26 15:05:28.000000,2.609023e+07,1.818717e+07,1.239944e+02,1.410256e+06,8.843493e+01,,,,5
2018-04-26 15:05:29.000000,2.609024e+07,1.818808e+07,1.239949e+02,1.410256e+06,8.843493e+01,,,,5
2018-04-26 15:05:30.000000,2.609024e+07,1.818690e+07,1.239942e+02,1.410256e+06,8.843493e+01,,,,5
2018-04-26 15:05:31.000000,2.609024e+07,1.818649e+07,1.239940e+02,1.410256e+06,8.843493e+01,,,,5
2018-04-26 15:05:32.000000,2.609023e+07,1.818767e+07,1.239947e+02,1.410256e+06,8.843493e+01,,,,5
2018-04-26 15:05:33.000000,2.609022e+07,1.818741e+07,1.239947e+02,1.410256e+06,8.843493e+01,,,,5
2018-04-26 15:05:34.000000,2.609024e+07,1.818799e+07,1.239951e+02,1.410256e+06,8.843493e+01,,,,5
2018-04-26 15:05:35.000000,2.609025e+07,1.818774e+07,1.239949e+02,1.410256e+06,8.843493e+01,,,,5
2018-04-26 15:05:36.000000,2.609024e+07,1.818950e+07,1.239959e+02,1.410256e+06,8.843493e+01,,,,5
2018-04-26 15:05:37.000000,2.609023e+07,1.818704e+07,1.239944e+02,1.410256e+06,8.843493e+01,,,,5
2018-04-26 15:05:38.000000,2.609022e+07,1.818850e+07,1.239951e+02,1.410256e+06,8.843493e+01,,,,5
2018-04-26 15:05:39.000000,2.609022e+07,1.818684e+07,1.239942e+02,1.410256e+06,8.843493e+01,,,,5
2018-04-26 15:05:40.000000,2.609025e+07,1.818819e+07,1.239949e+02,1.410256e+06,8.843493e+01,,,,5
2018-04-26 15:05:41.000000,2.609024e+07,1.818693e+07,1.239942e+02,1.410256e+06,8.843493e+01,,,,5
2018-04-26 15:05:42.000000,2.609024e+07,1.818654e+07,1.239941e+02,1.410256e+06,8.843493e+01,,,,5
2018-04-26 15:05:43.000000,2.609022e+07,1.818768e+07,1.239947e+02,1.410256e+06,8.843493e+01,,,,5
2018-04-26 15:05:44.000000,2.609022e+07,1.818747e+07,1.239947e+02,1.410256e+06,8.843493e+01,,,,5
2018-04-26 15:05:45.000000,2.609024e+07,1.818803e+07,1.239951e+02,1.410256e+06,8.843493e+01,,,,5
2018-04-26 15:05:46.000000,2.609024e+07,1.818775e+07,1.239949e+02,1.410256e+06,8.843493e+01,,,,5
2018-04-26 15:05:47.000000,2.609024e+07,1.818897e+07,1.239956e+02,1.410256e+06,8.843493e+01,,,,5
2018-04-26 15:05:48.000000,2.609022e+07,1.818703e+07,1.239944e+02,1.410256e+06,8.843493e+01,,,,5
2018-04-26 15:05:49.000000,2.609023e+07,1.818799e+07,1.239949e+02,1.410256e+06,8.843493e+01,,,,5
2018-04-26 15:05:50.000000,2.609023e+07,1.818686e+07,1.239943e+02,1.410256e+06,8.843493e+01,,,,5
2018-04-26 15:05:51.000000,2.609024e+07,1.818764e+07,1.239947e+02,1.410256e+06,8.843493e+01,,,,5
2018-04-26 15:05:52.000000,2.609024e+07,1.818659e+07,1.239940e+02,1.410256e+06,8.843493e+01,,,,5
2018-04-26 15:05:53.000000,2.609024e+07,1.818813e+07,1.239949e+02,1.410256e+06,8.843493e+01,,,,5
2018-04-26 15:05:54.000000,2.609023e+07,1.818748e+07,1.239947e+02,1.410256e+06,8.843493e+01,,,,5
2018-04-26 15:05:55.000000,2.609022e+07,1.818748e+07,1.239947e+02,1.410256e+06,8.843493e+01,,,,5
2018-04-26 15:05:56.000000,2.609023e+07,1.818776e+07,1.239948e+02,1.410256e+06,8.843493e+01,,,,5
2018-04-26 15:05:57.000000,2.609024e+07,1.818779e+07,1.239950e+02,1.410256e+06,8.843493e+01,,,,5
2018-04-26 15:05:58.000000,2.609024e+07,1.818805e+07,1.239951e+02,1.410256e+06,8.843493e+01,,,,5
2018-04-26 15:05:59.000000,2.609023e+07,1.818701e+07,1.239944e+02,1.410256e+06,8.843493e+01,,,,5
2018-04-26 15:06:00.000000,2.609022e+07,1.818801e+07,1.239949e+02,1.410256e+06,8.843493e+01,,,,5
2018-04-26 15:06:01.000000,2.609023e+07,1.818682e+07,1.239942e+02,1.410256e+06,8.843493e+01,,,,5
2018-04-26 15:06:02.000000,2.609024e+07,1.818770e+07,1.239946e+02,1.410256e+06,8.843492e+01,,,,5
2018-04-26 15:06:03.000000,2.609024e+07,1.818656e+07,1.239941e+02,1.410256e+06,8.843492e+01,,,,5
2018-04-26 15:06:04.000000,2.609025e+07,1.818828e+07,1.239950e+02,1.410256e+06,8.843492e+01,,,,5
2018-04-26 15:06:05.000000,2.609022e+07,1.818751e+07,1.239947e+02,1.410256e+06,8.843492e+01,,,,5
2018-04-26 15:06:06.000000,2.609023e+07,1.818910e+07,1.239955e+02,1.410256e+06,8.843492e+01,,,,5
2018-04-26 15:06:07.000000,2.609022e+07,1.818779e+07,1.239948e+02,1.410256e+06,8.843492e+01,,,,5
2018-04-26 15:06:08.000000,2.609024e+07,1.818938e+07,1.239958e+02,1.410256e+06,8.843492e+01,,,,5
2018-04-26 15:06:09.000000,2.609024e+07,1.818817e+07,1.239951e+02,1.410256e+06,8.843492e+01,,,,5
2018-04-26 15:06:10.000000,2.609024e+07,1.818772e+07,1.239949e+02,1.410256e+06,8.843492e+01,,,,5
2018-04-26 15:06:11.000000,2.609023e+07,1.818720e+07,1.239944e+02,1.410256e+06,8.843492e+01,,,,5
2018-04-26 15:06:12.000000,2.609022e+07,1.818682e+07,1.239943e+02,1.410256e+06,8.843492e+01,,,,5
2018-04-26 15:06:13.000000,2.609024e+07,1.818684e+07,1.239942e+02,1.410256e+06,8.843492e+01,,,,5
2018-04-26 15:06:14.000000,2.609024e+07,1.818652e+07,1.239940e+02,1.410256e+06,8.843492e+01,,,,5
2018-04-26 15:06:15.000000,2.609024e+07,1.818768e+07,1.239947e+02,1.410256e+06,8.843492e+01,,,,5
2018-04-26 15:06:16.000000,2.609022e+07,1.818743e+07,1.239947e+02,1.410256e+06,8.843492e+01,,,,5
2018-04-26 15:06:17.000000,2.609022e+07,1.818857e+07,1.239953e+02,1.410256e+06,8.843492e+01,,,,5
2018-04-26 15:06:18.000000,2.609023e+07,1.818745e+07,1.239947e+02,1.410256e+06,8.843492e+01,,,,5
2018-04-26 15:06:19.000000,2.609024e+07,1.818936e+07,1.239958e+02,1.410256e+06,8.843492e+01,,,,5
2018-04-26 15:06:20.000000,2.609024e+07,1.818784e+07,1.239950e+02,1.410256e+06,8.843492e+01,,,,5
2018-04-26 15:06:21.000000,2.609024e+07,1.818779e+07,1.239950e+02,1.410256e+06,8.843492e+01,,,,5
2018-04-26 15:06:22.000000,2.609022e+07,1.818688e+07,1.239943e+02,1.410256e+06,8.843492e+01,,,,5
2018-04-26 15:06:23.000000,2.609023e+07,1.818688e+07,1.239943e+02,1.410256e+06,8.843492e+01,,,,5
2018-04-26 15:06:24.000000,2.609022e+07,1.818810e+07,1.239949e+02,1.410256e+06,8.843492e+01,,,,5
2018-04-26 15:06:25.000000,2.609024e+07,1.818666e+07,1.239942e+02,1.410256e+06,8.843492e+01,,,,5
2018-04-26 15:06:26.000000,2.609024e+07,1.818775e+07,1.239947e+02,1.410256e+06,8.843492e+01,,,,5
2018-04-26 15:06:27.000000,2.609022e+07,1.818749e+07,1.239947e+02,1.410256e+06,8.843492e+01,,,,5
2018-04-26 15:06:28.000000,2.609023e+07,1.818864e+07,1.239953e+02,1.410256e+06,8.843492e+01,,,,5
2018-04-26 15:06:29.000000,2.609022e+07,1.818747e+07,1.239947e+02,1.410256e+06,8.843492e+01,,,,5
2018-04-26 15:06:30.000000,2.609024e+07,1.818885e+07,1.239955e+02,1.410256e+06,8.843492e+01,,,,5
2018-04-26 15:06:31.000000,2.609024e+07,1.818782e+07,1.239949e+02,1.410256e+06,8.843492e+01,,,,5
2018-04-26 15:06:32.000000,2.609024e+07,1.818949e+07,1.239959e+02,1.410256e+06,8.843492e+01,,,,5
2018-04-26 15:06:33.000000,2.609023e+07,1.818708e+07,1.239944e+02,1.410256e+06,8.843492e+01,,,,5
2018-04-26 15:06:34.000000,2.609022e+07,1.818839e+07,1.239951e+02,1.410256e+06,8.843492e+01,,,,5
2018-04-26 15:06:35.000000,2.609023e+07,1.818717e+07,1.239944e+02,1.410256e+06,8.843492e+01,,,,5
2018-04-26 15:06:36.000000,2.609024e+07,1.818808e+07,1.239949e+02,1.410256e+06,8.843492e+01,,,,5
2018-04-26 15:06:37.000000,2.609024e+07,1.818691e+07,1.239942e+02,1.410256e+06,8.843492e+01,,,,5
2018-04-26 15:06:38.000000,2.609024e+07,1.818649e+07,1.239940e+02,1.410256e+06,8.843492e+01,,,,5
2018-04-26 15:06:39.000000,2.609022e+07,1.818767e+07,1.239947e+02,1.410256e+06,8.843492e+01,,,,5
2018-04-26 15:06:40.000000,2.609022e+07,1.818742e+07,1.239947e+02,1.410256e+06,8.843492e+01,,,,5
2018-04-26 15:06:41.000000,2.609024e+07,1.818799e+07,1.239951e+02,1.410256e+06,8.843492e+01,,,,5
2018-04-26 15:06:42.000000,2.609025e+07,1.818774e+07,1.239949e+02,1.410256e+06,8.843492e+01,,,,5
2018-04-26 15:06:43.000000,2.609024e+07,1.818950e+07,1.239959e+02,1.410256e+06,8.843492e+01,,,,5
2018-04-26 15:06:44.000000,2.609023e+07,1.818704e+07,1.239944e+02,1.410256e+06,8.843492e+01,,,,5
2018-04-26 15:06:45.000000,2.609022e+07,1.818850e+07,1.239951e+02,1.410256e+06,8.843492e+01,,,,5
2018-04-26 15:06:46.000000,2.609022e+07,1.818684e+07,1.239942e+02,1.410256e+06,8.843491e+01,,,,5
2018-04-26 15:06:47.000000,2.609025e+07,1.818818e+07,1.239949e+02,1.410256e+06,8.843491e+01,,,,5
2018-04-26 15:06:48.000000,2.609024e+07,1.818693e+07,1.239942e+02,1.410256e+06,8.843491e+01,,,,5
2018-04-26 15:06:49.000000,2.609024e+07,1.818654e+07,1.239941e+02,1.410256e+06,8.843491e+01,,,,5
2018-04-26 15:06:50.000000,2.609022e+07,1.818767e+07,1.239947e+02,1.410256e+06,8.843491e+01,,,,5
2018-04-26 15:06:51.000000,2.609022e+07,1.818747e+07,1.239947e+02,1.410256e+06,8.843491e+01,,,,5
2018-04-26 15:06:52.000000,2.609023e+07,1.818873e+07,1.239954e+02,1.410256e+06,8.843491e+01,,,,5
2018-04-26 15:06:53.000000,2.609024e+07,1.818779e+07,1.239949e+02,1.410256e+06,8.843491e+01,,,,5
2018-04-26 15:06:54.000000,2.609024e+07,1.818896e+07,1.239956e+02,1.410256e+06,8.843491e+01,,,,5
2018-04-26 15:06:55.000000,2.609022e+07,1.818703e+07,1.239944e+02,1.410256e+06,8.843491e+01,,,,5
2018-04-26 15:06:56.000000,2.609022e+07,1.818799e+07,1.239949e+02,1.410256e+06,8.843491e+01,,,,5
2018-04-26 15:06:57.000000,2.609023e+07,1.818687e+07,1.239943e+02,1.410256e+06,8.843491e+01,,,,5
2018-04-26 15:06:58.000000,2.609024e+07,1.818764e+07,1.239947e+02,1.410256e+06,8.843491e+01,,,,5
2018-04-26 15:06:59.000000,2.609024e+07,1.818659e+07,1.239940e+02,1.410256e+06,8.843491e+01,,,,5
2018-04-26 15:07:00.000000,2.609024e+07,1.818813e+07,1.239949e+02,1.410256e+06,8.843491e+01,,,,5
2018-04-26 15:07:01.000000,2.609023e+07,1.818748e+07,1.239947e+02,1.410256e+06,8.843491e+01,,,,5
2018-04-26 15:07:02.000000,2.609022e+07,1.818748e+07,1.239947e+02,1.410256e+06,8.843491e+01,,,,5
2018-04-26 15:07:03.000000,2.609022e+07,1.818776e+07,1.239948e+02,1.410256e+06,8.843491e+01,,,,5
2018-04-26 15:07:04.000000,2.609024e+07,1.818779e+07,1.239950e+02,1.410256e+06,8.843491e+01,,,,5
2018-04-26 15:07:05.000000,2.609024e+07,1.818805e+07,1.239951e+02,1.410256e+06,8.843491e+01,,,,5
2018-04-26 15:07:06.000000,2.609025e+07,1.818772e+07,1.239949e+02,1.410256e+06,8.843491e+01,,,,5
2018-04-26 15:07:07.000000,2.609022e+07,1.818807e+07,1.239949e+02,1.410256e+06,8.843491e+01,,,,5
2018-04-26 15:07:08.000000,2.609023e+07,1.818682e+07,1.239942e+02,1.410256e+06,8.843491e+01,,,,5
2018-04-26 15:07:09.000000,2.609024e+07,1.818770e+07,1.239946e+02,1.410256e+06,8.843491e+01,,,,5
2018-04-26 15:07:10.000000,2.609024e+07,1.818656e+07,1.239941e+02,1.410256e+06,8.843491e+01,,,,5
2018-04-26 15:07:11.000000,2.609025e+07,1.818826e+07,1.239950e+02,1.410256e+06,8.843491e+01,,,,5
2018-04-26 15:07:12.000000,2.609022e+07,1.818751e+07,1.239947e+02,1.410256e+06,8.843491e+01,,,,5
2018-04-26 15:07:13.000000,2.609023e+07,1.818910e+07,1.239955e+02,1.410256e+06,8.843491e+01,,,,5
2018-04-26 15:07:14.000000,2.609022e+07,1.818780e+07,1.239948e+02,1.410256e+06,8.843491e+01,,,,5
2018-04-26 15:07:15.000000,2.609024e+07,1.818938e+07,1.239958e+02,1.410256e+06,8.843491e+01,,,,5
2018-04-26 15:07:16.000000,2.609024e+07,1.818817e+07,1.239951e+02,1.410256e+06,8.843491e+01,,,,5
2018-04-26 15:07:17.000000,2.609024e+07,1.818772e+07,1.239949e+02,1.410256e+06,8.843491e+01,,,,5
2018-04-26 15:07:18.000000,2.609022e+07,1.818720e+07,1.239944e+02,1.410256e+06,8.843491e+01,,,,5
2018-04-26 15:07:19.000000,2.609022e+07,1.818682e+07,1.239943e+02,1.410256e+06,8.843491e+01,,,,5
2018-04-26 15:07:20.000000,2.609024e+07,1.818684e+07,1.239942e+02,1.410256e+06,8.843491e+01,,,,5
2018-04-26 15:07:21.000000,2.609024e+07,1.818652e+07,1.239940e+02,1.410256e+06,8.843491e+01,,,,5
2018-04-26 15:07:22.000000,2.609024e+07,1.818768e+07,1.239947e+02,1.410256e+06,8.843491e+01,,,,5
2018-04-26 15:07:23.000000,2.609022e+07,1.818743e+07,1.239947e+02,1.410256e+06,8.843491e+01,,,,5
2018-04-26 15:07:24.000000,2.609022e+07,1.818856e+07,1.239953e+02,1.410256e+06,8.843491e+01,,,,5
2018-04-26 15:07:25.000000,2.609023e+07,1.818745e+07,1.239947e+02,1.410256e+06,8.843491e+01,,,,5
2018-04-26 15:07:26.000000,2.609024e+07,1.818936e+07,1.239958e+02,1.410256e+06,8.843491e+01,,,,5
2018-04-26 15:07:27.000000,2.609024e+07,1.818784e+07,1.239950e+02,1.410256e+06,8.843491e+01,,,,5
2018-04-26 15:07:28.000000,2.609024e+07,1.818779e+07,1.239950e+02,1.410256e+06,8.843491e+01,,,,5
2018-04-26 15:07:29.000000,2.609022e+07,1.818688e+07,1.239943e+02,1.410256e+06,8.843491e+01,,,,5
2018-04-26 15:07:30.000000,2.609023e+07,1.818688e+07,1.239943e+02,1.410256e+06,8.843490e+01,,,,5
2018-04-26 15:07:31.000000,2.609022e+07,1.818809e+07,1.239949e+02,1.410256e+06,8.843490e+01,,,,5
2018-04-26 15:07:32.000000,2.609024e+07,1.818666e+07,1.239942e+02,1.410256e+06,8.843490e+01,,,,5
2018-04-26 15:07:33.000000,2.609024e+07,1.818775e+07,1.239947e+02,1.410256e+06,8.843490e+01,,,,5
2018-04-26 15:07:34.000000,2.609022e+07,1.818749e+07,1.239947e+02,1.410256e+06,8.843490e+01,,,,5
2018-04-26 15:07:35.000000,2.609023e+07,1.818864e+07,1.239953e+02,1.410256e+06,8.843490e+01,,,,5
2018-04-26 15:07:36.000000,2.609022e+07,1.818747e+07,1.239947e+02,1.410256e+06,8.843490e+01,,,,5
2018-04-26 15:07:37.000000,2.609024e+07,1.818885e+07,1.239955e+02,1.410256e+06,8.843490e+01,,,,5
2018-04-26 15:07:38.000000,2.609024e+07,1.818783e+07,1.239950e+02,1.410256e+06,8.843490e+01,,,,5
2018-04-26 15:07:39.000000,2.609024e+07,1.818949e+07,1.239959e+02,1.410256e+06,8.843490e+01,,,,5
2018-04-26 15:07:40.000000,2.609022e+07,1.818708e+07,1.239944e+02,1.410256e+06,8.843490e+01,,,,5
2018-04-26 15:07:41.000000,2.609022e+07,1.818838e+07,1.239950e+02,1.410256e+06,8.843490e+01,,,,5
2018-04-26 15:07:42.000000,2.609022e+07,1.818717e+07,1.239944e+02,1.410256e+06,8.843490e+01,,,,5
2018-04-26 15:07:43.000000,2.609024e+07,1.818808e+07,1.239949e+02,1.410256e+06,8.843490e+01,,,,5
2018-04-26 15:07:44.000000,2.609024e+07,1.818691e+07,1.239942e+02,1.410256e+06,8.843490e+01,,,,5
2018-04-26 15:07:45.000000,2.609024e+07,1.818649e+07,1.239940e+02,1.410256e+06,8.843490e+01,,,,5
2018-04-26 15:07:46.000000,2.609022e+07,1.818767e+07,1.239947e+02,1.410256e+06,8.843490e+01,,,,5
2018-04-26 15:07:47.000000,2.609022e+07,1.818742e+07,1.239947e+02,1.410256e+06,8.843490e+01,,,,5
2018-04-26 15:07:48.000000,2.609024e+07,1.818799e+07,1.239951e+02,1.410256e+06,8.843490e+01,,,,5
2018-04-26 15:07:49.000000,2.609024e+07,1.818775e+07,1.239949e+02,1.410256e+06,8.843490e+01,,,,5
2018-04-26 15:07:50.000000,2.609024e+07,1.818950e+07,1.239959e+02,1.410256e+06,8.843490e+01,,,,5
2018-04-26 15:07:51.000000,2.609023e+07,1.818706e+07,1.239944e+02,1.410256e+06,8.843490e+01,,,,5
2018-04-26 15:07:52.000000,2.609022e+07,1.818850e+07,1.239951e+02,1.410256e+06,8.843490e+01,,,,5
2018-04-26 15:07:53.000000,2.609022e+07,1.818684e+07,1.239942e+02,1.410256e+06,8.843490e+01,,,,5
2018-04-26 15:07:54.000000,2.609024e+07,1.818818e+07,1.239949e+02,1.410256e+06,8.843490e+01,,,,5
2018-04-26 15:07:55.000000,2.609024e+07,1.818694e+07,1.239943e+02,1.410256e+06,8.843490e+01,,,,5
2018-04-26 15:07:56.000000,2.609024e+07,1.818654e+07,1.239941e+02,1.410256e+06,8.843490e+01,,,,5
2018-04-26 15:07:57.000000,2.609022e+07,1.818767e+07,1.239947e+02,1.410256e+06,8.843490e+01,,,,5
2018-04-26 15:07:58.000000,2.609022e+07,1.818747e+07,1.239947e+02,1.410256e+06,8.843490e+01,,,,5
2018-04-26 15:07:59.000000,2.609023e+07,1.818873e+07,1.239954e+02,1.410256e+06,8.843490e+01,,,,5
2018-04-26 15:08:00.000000,2.609024e+07,1.818779e+07,1.239949e+02,1.410256e+06,8.843490e+01,,,,5
2018-04-26 15:08:01.000000,2.609024e+07,1.818896e+07,1.239956e+02,1.410256e+06,8.843490e+01,,,,5
2018-04-26 15:08:02.000000,2.609022e+07,1.818705e+07,1.239944e+02,1.410256e+06,8.843490e+01,,,,5
2018-04-26 15:08:03.000000,2.609022e+07,1.818799e+07,1.239949e+02,1.410256e+06,8.843490e+01,,,,5
2018-04-26 15:08:04.000000,2.609022e+07,1.818687e+07,1.239943e+02,1.410256e+06,8.843490e+01,,,,5
2018-04-26 15:08:05.000000,2.609024e+07,1.818763e+07,1.239947e+02,1.410256e+06,8.843490e+01,,,,5
2018-04-26 15:08:06.000000,2.609024e+07,1.818659e+07,1.239940e+02,1.410256e+06,8.843490e+01,,,,5
2018-04-26 15:08:07.000000,2.609024e+07,1.818813e+07,1.239949e+02,1.410256e+06,8.843490e+01,,,,5
2018-04-26 15:08:08.000000,2.609023e+07,1.818749e+07,1.239947e+02,1.410256e+06,8.843490e+01,,,,5
2018-04-26 15:08:09.000000,2.609022e+07,1.818747e+07,1.239947e+02,1.410256e+06,8.843490e+01,,,,5
2018-04-26 15:08:10.000000,2.609022e+07,1.818776e+07,1.239948e+02,1.410256e+06,8.843490e+01,,,,5
2018-04-26 15:08:11.000000,2.609024e+07,1.818779e+07,1.239950e+02,1.410256e+06,8.843490e+01,,,,5
2018-04-26 15:08:12.000000,2.609024e+07,1.818805e+07,1.239951e+02,1.410256e+06,8.843490e+01,,,,5
2018-04-26 15:08:13.000000,2.609024e+07,1.818772e+07,1.239949e+02,1.410256e+06,8.843490e+01,,,,5
2018-04-26 15:08:14.000000,2.609022e+07,1.818807e+07,1.239949e+02,1.410256e+06,8.843489e+01,,,,5
2018-04-26 15:08:15.000000,2.609023e+07,1.818684e+07,1.239942e+02,1.410256e+06,8.843489e+01,,,,5
2018-04-26 15:08:16.000000,2.609024e+07,1.818770e+07,1.239946e+02,1.410256e+06,8.843489e+01,,,,5
2018-04-26 15:08:17.000000,2.609024e+07,1.818656e+07,1.239941e+02,1.410256e+06,8.843489e+01,,,,5
2018-04-26 15:08:18.000000,2.609024e+07,1.818826e+07,1.239950e+02,1.410256e+06,8.843489e+01,,,,5
2018-04-26 15:08:19.000000,2.609022e+07,1.818752e+07,1.239947e+02,1.410256e+06,8.843489e+01,,,,5
2018-04-26 15:08:20.000000,2.609023e+07,1.818910e+07,1.239955e+02,1.410256e+06,8.843489e+01,,,,5
2018-04-26 15:08:21.000000,2.609022e+07,1.818780e+07,1.239948e+02,1.410256e+06,8.843489e+01,,,,5
2018-04-26 15:08:22.000000,2.609024e+07,1.818937e+07,1.239958e+02,1.410256e+06,8.843489e+01,,,,5
2018-04-26 15:08:23.000000,2.609024e+07,1.818818e+07,1.239951e+02,1.410256e+06,8.843489e+01,,,,5
2018-04-26 15:08:24.000000,2.609024e+07,1.818772e+07,1.239949e+02,1.410256e+06,8.843489e+01,,,,5
2018-04-26 15:08:25.000000,2.609022e+07,1.818721e+07,1.239944e+02,1.410256e+06,8.843489e+01,,,,5
2018-04-26 15:08:26.000000,2.609022e+07,1.818682e+07,1.239943e+02,1.410256e+06,8.843489e+01,,,,5
2018-04-26 15:08:27.000000,2.609022e+07,1.818808e+07,1.239949e+02,1.410256e+06,8.843489e+01,,,,5
2018-04-26 15:08:28.000000,2.609024e+07,1.818661e+07,1.239941e+02,1.410256e+06,8.843489e+01,,,,5
2018-04-26 15:08:29.000000,2.609024e+07,1.818767e+07,1.239946e+02,1.410256e+06,8.843489e+01,,,,5
2018-04-26 15:08:30.000000,2.609022e+07,1.818743e+07,1.239947e+02,1.410256e+06,8.843489e+01,,,,5
2018-04-26 15:08:31.000000,2.609022e+07,1.818856e+07,1.239953e+02,1.410256e+06,8.843489e+01,,,,5
2018-04-26 15:08:32.000000,2.609023e+07,1.818746e+07,1.239947e+02,1.410256e+06,8.843489e+01,,,,5
2018-04-26 15:08:33.000000,2.609024e+07,1.818936e+07,1.239958e+02,1.410256e+06,8.843489e+01,,,,5
2018-04-26 15:08:34.000000,2.609024e+07,1.818784e+07,1.239950e+02,1.410256e+06,8.843489e+01,,,,5
2018-04-26 15:08:35.000000,2.609024e+07,1.818779e+07,1.239950e+02,1.410256e+06,8.843489e+01,,,,5
2018-04-26 15:08:36.000000,2.609022e+07,1.818689e+07,1.239943e+02,1.410256e+06,8.843489e+01,,,,5
2018-04-26 15:08:37.000000,2.609023e+07,1.818688e+07,1.239943e+02,1.410256e+06,8.843489e+01,,,,5
2018-04-26 15:08:38.000000,2.609022e+07,1.818809e+07,1.239949e+02,1.410256e+06,8.843489e+01,,,,5
2018-04-26 15:08:39.000000,2.609024e+07,1.818667e+07,1.239942e+02,1.410256e+06,8.843489e+01,,,,5
2018-04-26 15:08:40.000000,2.609024e+07,1.818775e+07,1.239947e+02,1.410256e+06,8.843489e+01,,,,5
2018-04-26 15:08:41.000000,2.609024e+07,1.818646e+07,1.239940e+02,1.410256e+06,8.843489e+01,,,,5
2018-04-26 15:08:42.000000,2.609023e+07,1.818856e+07,1.239953e+02,1.410256e+06,8.843489e+01,,,,5
2018-04-26 15:08:43.000000,2.609022e+07,1.818747e+07,1.239947e+02,1.410256e+06,8.843489e+01,,,,5
2018-04-26 15:08:44.000000,2.609024e+07,1.818885e+07,1.239955e+02,1.410256e+06,8.843489e+01,,,,5
2018-04-26 15:08:45.000000,2.609024e+07,1.818783e+07,1.239950e+02,1.410256e+06,8.843489e+01,,,,5
2018-04-26 15:08:46.000000,2.609024e+07,1.818947e+07,1.239959e+02,1.410256e+06,8.843489e+01,,,,5
2018-04-26 15:08:47.000000,2.609022e+07,1.818708e+07,1.239944e+02,1.410256e+06,8.843489e+01,,,,5
2018-04-26 15:08:48.000000,2.609022e+07,1.818838e+07,1.239950e+02,1.410256e+06,8.843489e+01,,,,5
2018-04-26 15:08:49.000000,2.609022e+07,1.818719e+07,1.239944e+02,1.410256e+06,8.843489e+01,,,,5
2018-04-26 15:08:50.000000,2.609024e+07,1.818808e+07,1.239949e+02,1.410256e+06,8.843489e+01,,,,5
2018-04-26 15:08:51.000000,2.609024e+07,1.818691e+07,1.239942e+02,1.410256e+06,8.843489e+01,,,,5
2018-04-26 15:08:52.000000,2.609024e+07,1.818649e+07,1.239940e+02,1.410256e+06,8.843489e+01,,,,5
2018-04-26 15:08:53.000000,2.609022e+07,1.818765e+07,1.239947e+02,1.410256e+06,8.843489e+01,,,,5
2018-04-26 15:08:54.000000,2.609022e+07,1.818742e+07,1.239947e+02,1.410256e+06,8.843489e+01,,,,5
2018-04-26 15:08:55.000000,2.609024e+07,1.818799e+07,1.239951e+02,1.410256e+06,8.843489e+01,,,,5
2018-04-26 15:08:56.000000,2.609024e+07,1.818775e+07,1.239949e+02,1.410256e+06,8.843489e+01,,,,5
2018-04-26 15:08:57.000000,2.609024e+07,1.818949e+07,1.239959e+02,1.410256e+06,8.843489e+01,,,,5
2018-04-26 15:08:58.000000,2.609022e+07,1.818706e+07,1.239944e+02,1.410256e+06,8.843489e+01,,,,5
2018-04-26 15:08:59.000000,2.609022e+07,1.818849e+07,1.239951e+02,1.410256e+06,8.843488e+01,,,,5
2018-04-26 15:09:00.000000,2.609022e+07,1.818684e+07,1.239942e+02,1.410256e+06,8.843488e+01,,,,5
2018-04-26 15:09:01.000000,2.609024e+07,1.818817e+07,1.239949e+02,1.410256e+06,8.843488e+01,,,,5
2018-04-26 15:09:02.000000,2.609024e+07,1.818694e+07,1.239943e+02,1.410256e+06,8.843488e+01,,,,5
2018-04-26 15:09:03.000000,2.609024e+07,1.818655e+07,1.239940e+02,1.410256e+06,8.843488e+01,,,,5
2018-04-26 15:09:04.000000,2.609022e+07,1.818767e+07,1.239947e+02,1.410256e+06,8.843488e+01,,,,5
2018-04-26 15:09:05.000000,2.609022e+07,1.818747e+07,1.239947e+02,1.410256e+06,8.843488e+01,,,,5
2018-04-26 15:09:06.000000,2.609023e+07,1.818776e+07,1.239948e+02,1.410256e+06,8.843488e+01,,,,5
2018-04-26 15:09:07.000000,2.609024e+07,1.818779e+07,1.239950e+02,1.410256e+06,8.843488e+01,,,,5
2018-04-26 15:09:08.000000,2.609024e+07,1.818805e+07,1.239951e+02,1.410256e+06,8.843488e+01,,,,5
2018-04-26 15:09:09.000000,2.609023e+07,1.818701e+07,1.239944e+02,1.410256e+06,8.843488e+01,,,,5
2018-04-26 15:09:10.000000,2.609022e+07,1.818800e+07,1.239948e+02,1.410256e+06,8.843488e+01,,,,5
2018-04-26 15:09:11.000000,2.609023e+07,1.818682e+07,1.239942e+02,1.410256e+06,8.843488e+01,,,,5
2018-04-26 15:09:12.000000,2.609024e+07,1.818770e+07,1.239946e+02,1.410256e+06,8.843488e+01,,,,5
2018-04-26 15:09:13.000000,2.609024e+07,1.818657e+07,1.239941e+02,1.410256e+06,8.843488e+01,,,,5
2018-04-26 15:09:14.000000,2.609025e+07,1.818828e+07,1.239950e+02,1.410256e+06,8.843488e+01,,,,5
2018-04-26 15:09:15.000000,2.609022e+07,1.818751e+07,1.239947e+02,1.410256e+06,8.843488e+01,,,,5
2018-04-26 15:09:16.000000,2.609023e+07,1.818910e+07,1.239955e+02,1.410256e+06,8.843488e+01,,,,5
2018-04-26 15:09:17.000000,2.609022e+07,1.818779e+07,1.239948e+02,1.410256e+06,8.843488e+01,,,,5
2018-04-26 15:09:18.000000,2.609024e+07,1.818938e+07,1.239958e+02,1.410256e+06,8.843488e+01,,,,5
2018-04-26 15:09:19.000000,2.609024e+07,1.818817e+07,1.239951e+02,1.410256e+06,8.843488e+01,,,,5
2018-04-26 15:09:20.000000,2.609024e+07,1.818772e+07,1.239949e+02,1.410256e+06,8.843488e+01,,,,5
2018-04-26 15:09:21.000000,2.609023e+07,1.818720e+07,1.239944e+02,1.410256e+06,8.843488e+01,,,,5
2018-04-26 15:09:22.000000,2.609022e+07,1.818682e+07,1.239943e+02,1.410256e+06,8.843488e+01,,,,5
2018-04-26 15:09:23.000000,2.609024e+07,1.818684e+07,1.239942e+02,1.410256e+06,8.843488e+01,,,,5
2018-04-26 15:09:24.000000,2.609024e+07,1.818652e+07,1.239940e+02,1.410256e+06,8.843488e+01,,,,5
2018-04-26 15:09:25.000000,2.609024e+07,1.818768e+07,1.239946e+02,1.410256e+06,8.843488e+01,,,,5
2018-04-26 15:09:26.000000,2.609022e+07,1.818743e+07,1.239947e+02,1.410256e+06,8.843488e+01,,,,5
2018-04-26 15:09:27.000000,2.609022e+07,1.818856e+07,1.239953e+02,1.410256e+06,8.843488e+01,,,,5
2018-04-26 15:09:28.000000,2.609023e+07,1.818745e+07,1.239947e+02,1.410256e+06,8.843488e+01,,,,5
2018-04-26 15:09:29.000000,2.609024e+07,1.818936e+07,1.239958e+02,1.410256e+06,8.843488e+01,,,,5
2018-04-26 15:09:30.000000,2.609024e+07,1.818784e+07,1.239950e+02,1.410256e+06,8.843488e+01,,,,5
2018-04-26 15:09:31.000000,2.609024e+07,1.818779e+07,1.239950e+02,1.410256e+06,8.843488e+01,,,,5
2018-04-26 15:09:32.000000,2.609022e+07,1.818688e+07,1.239943e+02,1.410256e+06,8.843488e+01,,,,5
2018-04-26 15:09:33.000000,2.609023e+07,1.818688e+07,1.239943e+02,1.410256e+06,8.843488e+01,,,,5
2018-04-26 15:09:34.000000,2.609022e+07,1.818810e+07,1.239949e+02,1.410256e+06,8.843488e+01,,,,5
2018-04-26 15:09:35.000000,2.609024e+07,1.818666e+07,1.239941e+02,1.410256e+06,8.843488e+01,,,,5
2018-04-26 15:09:36.000000,2.609024e+07,1.818775e+07,1.239947e+02,1.410256e+06,8.843488e+01,,,,5
2018-04-26 15:09:37.000000,2.609022e+07,1.818750e+07,1.239947e+02,1.410256e+06,8.843488e+01,,,,5
2018-04-26 15:09:38.000000,2.609023e+07,1.818864e+07,1.239953e+02,1.410256e+06,8.843488e+01,,,,5
2018-04-26 15:09:39.000000,2.609022e+07,1.818747e+07,1.239947e+02,1.410256e+06,8.843488e+01,,,,5
2018-04-26 15:09:40.000000,2.609024e+07,1.818885e+07,1.239955e+02,1.410256e+06,8.843488e+01,,,,5
2018-04-26 15:09:41.000000,2.609024e+07,1.818782e+07,1.239949e+02,1.410256e+06,8.843488e+01,,,,5
2018-04-26 15:09:42.000000,2.609024e+07,1.818949e+07,1.239959e+02,1.410256e+06,8.843488e+01,,,,5
2018-04-26 15:09:43.000000,2.609023e+07,1.818708e+07,1.239944e+02,1.410256e+06,8.843488e+01,,,,5
2018-04-26 15:09:44.000000,2.609022e+07,1.818838e+07,1.239950e+02,1.410256e+06,8.843487e+01,,,,5
2018-04-26 15:09:45.000000,2.609023e+07,1.818717e+07,1.239944e+02,1.410256e+06,8.843487e+01,,,,5
2018-04-26 15:09:46.000000,2.609024e+07,1.818808e+07,1.239949e+02,1.410256e+06,8.843487e+01,,,,5
2018-04-26 15:09:47.000000,2.609024e+07,1.818691e+07,1.239942e+02,1.410256e+06,8.843487e+01,,,,5
2018-04-26 15:09:48.000000,2.609024e+07,1.818649e+07,1.239940e+02,1.410256e+06,8.843487e+01,,,,5
2018-04-26 15:09:49.000000,2.609023e+07,1.818767e+07,1.239947e+02,1.410256e+06,8.843487e+01,,,,5
2018-04-26 15:09:50.000000,2.609022e+07,1.818742e+07,1.239947e+02,1.410256e+06,8.843487e+01,,,,5
2018-04-26 15:09:51.000000,2.609024e+07,1.818799e+07,1.239951e+02,1.410256e+06,8.843487e+01,,,,5
2018-04-26 15:09:52.000000,2.609025e+07,1.818774e+07,1.239949e+02,1.410256e+06,8.843487e+01,,,,5
2018-04-26 15:09:53.000000,2.609024e+07,1.818950e+07,1.239959e+02,1.410256e+06,8.843487e+01,,,,5
2018-04-26 15:09:54.000000,2.609023e+07,1.818706e+07,1.239944e+02,1.410256e+06,8.843487e+01,,,,5
2018-04-26 15:09:55.000000,2.609022e+07,1.818850e+07,1.239951e+02,1.410256e+06,8.843487e+01,,,,5
2018-04-26 15:09:56.000000,2.609022e+07,1.818684e+07,1.239942e+02,1.410256e+06,8.843487e+01,,,,5
2018-04-26 15:09:57.000000,2.609025e+07,1.818818e+07,1.239949e+02,1.410256e+06,8.843487e+01,,,,5
2018-04-26 15:09:58.000000,2.609024e+07,1.818693e+07,1.239942e+02,1.410256e+06,8.843487e+01,,,,5
2018-04-26 15:09:59.000000,2.609024e+07,1.818654e+07,1.239940e+02,1.410256e+06,8.843487e+01,,,,5
2018-04-26 15:10:00.000000,2.609022e+07,1.818767e+07,1.239947e+02,1.410256e+06,8.843487e+01,,,,5
2018-04-26 15:10:01.000000,2.609022e+07,1.818748e+07,1.239947e+02,1.410256e+06,8.843487e+01,,,,5
2018-04-26 15:10:02.000000,2.609023e+07,1.818873e+07,1.239953e+02,1.410256e+06,8.843487e+01,,,,5
2018-04-26 15:10:03.000000,2.609024e+07,1.818779e+07,1.239949e+02,1.410256e+06,8.843487e+01,,,,5
2018-04-26 15:10:04.000000,2.609024e+07,1.818896e+07,1.239956e+02,1.410256e+06,8.843487e+01,,,,5
2018-04-26 15:10:05.000000,2.609022e+07,1.818703e+07,1.239944e+02,1.410256e+06,8.843487e+01,,,,5
2018-04-26 15:10:06.000000,2.609023e+07,1.818799e+07,1.239949e+02,1.410256e+06,8.843487e+01,,,,5
2018-04-26 15:10:07.000000,2.609023e+07,1.818687e+07,1.239943e+02,1.410256e+06,8.843487e+01,,,,5
2018-04-26 15:10:08.000000,2.609024e+07,1.818764e+07,1.239946e+02,1.410256e+06,8.843487e+01,,,,5
2018-04-26 15:10:09.000000,2.609024e+07,1.818659e+07,1.239940e+02,1.410256e+06,8.843487e+01,,,,5
2018-04-26 15:10:10.000000,2.609024e+07,1.818813e+07,1.239949e+02,1.410256e+06,8.843487e+01,,,,5
2018-04-26 15:10:11.000000,2.609023e+07,1.818749e+07,1.239947e+02,1.410256e+06,8.843487e+01,,,,5
2018-04-26 15:10:12.000000,2.609022e+07,1.818748e+07,1.239947e+02,1.410256e+06,8.843487e+01,,,,5
2018-04-26 15:10:13.000000,2.609022e+07,1.818776e+07,1.239948e+02,1.410256e+06,8.843487e+01,,,,5
2018-04-26 15:10:14.000000,2.609024e+07,1.818779e+07,1.239949e+02,1.410256e+06,8.843487e+01,,,,5
2018-04-26 15:10:15.000000,2.609024e+07,1.818805e+07,1.239951e+02,1.410256e+06,8.843487e+01,,,,5
2018-04-26 15:10:16.000000,2.609025e+07,1.818772e+07,1.239949e+02,1.410256e+06,8.843487e+01,,,,5
2018-04-26 15:10:17.000000,2.609022e+07,1.818807e+07,1.239949e+02,1.410256e+06,8.843487e+01,,,,5
2018-04-26 15:10:18.000000,2.609023e+07,1.818684e+07,1.239942e+02,1.410256e+06,8.843487e+01,,,,5
2018-04-26 15:10:19.000000,2.609024e+07,1.818770e+07,1.239946e+02,1.410256e+06,8.843487e+01,,,,5
2018-04-26 15:10:20.000000,2.609024e+07,1.818656e+07,1.239941e+02,1.410256e+06,8.843487e+01,,,,5
2018-04-26 15:10:21.000000,2.609025e+07,1.818826e+07,1.239950e+02,1.410256e+06,8.843487e+01,,,,5
2018-04-26 15:10:22.000000,2.609022e+07,1.818751e+07,1.239947e+02,1.410256e+06,8.843487e+01,,,,5
2018-04-26 15:10:23.000000,2.609023e+07,1.818910e+07,1.239955e+02,1.410256e+06,8.843487e+01,,,,5
2018-04-26 15:10:24.000000,2.609022e+07,1.818780e+07,1.239948e+02,1.410256e+06,8.843487e+01,,,,5
2018-04-26 15:10:25.000000,2.609024e+07,1.818938e+07,1.239958e+02,1.410256e+06,8.843487e+01,,,,5
2018-04-26 15:10:26.000000,2.609024e+07,1.818817e+07,1.239951e+02,1.410256e+06,8.843487e+01,,,,5
2018-04-26 15:10:27.000000,2.609024e+07,1.818772e+07,1.239949e+02,1.410256e+06,8.843487e+01,,,,5
2018-04-26 15:10:28.000000,2.609023e+07,1.818721e+07,1.239944e+02,1.410256e+06,8.843487e+01,,,,5
2018-04-26 15:10:29.000000,2.609022e+07,1.818682e+07,1.239943e+02,1.410256e+06,8.843487e+01,,,,5
2018-04-26 15:10:30.000000,2.609023e+07,1.818808e+07,1.239949e+02,1.410256e+06,8.843486e+01,,,,5
2018-04-26 15:10:31.000000,2.609024e+07,1.818661e+07,1.239941e+02,1.410256e+06,8.843486e+01,,,,5
2018-04-26 15:10:32.000000,2.609024e+07,1.818768e+07,1.239946e+02,1.410256e+06,8.843486e+01,,,,5
2018-04-26 15:10:33.000000,2.609022e+07,1.818743e+07,1.239947e+02,1.410256e+06,8.843486e+01,,,,5
2018-04-26 15:10:34.000000,2.609022e+07,1.818856e+07,1.239953e+02,1.410256e+06,8.843486e+01,,,,5
2018-04-26 15:10:35.000000,2.609023e+07,1.818746e+07,1.239947e+02,1.410256e+06,8.843486e+01,,,,5
2018-04-26 15:10:36.000000,2.609024e+07,1.818936e+07,1.239958e+02,1.410256e+06,8.843486e+01,,,,5
2018-04-26 15:10:37.000000,2.609024e+07,1.818784e+07,1.239950e+02,1.410256e+06,8.843486e+01,,,,5
2018-04-26 15:10:38.000000,2.609024e+07,1.818779e+07,1.239949e+02,1.410256e+06,8.843486e+01,,,,5
2018-04-26 15:10:39.000000,2.609022e+07,1.818688e+07,1.239943e+02,1.410256e+06,8.843486e+01,,,,5
2018-04-26 15:10:40.000000,2.609023e+07,1.818688e+07,1.239943e+02,1.410256e+06,8.843486e+01,,,,5
2018-04-26 15:10:41.000000,2.609022e+07,1.818809e+07,1.239949e+02,1.410256e+06,8.843486e+01,,,,5
2018-04-26 15:10:42.000000,2.609024e+07,1.818666e+07,1.239941e+02,1.410256e+06,8.843486e+01,,,,5
2018-04-26 15:10:43.000000,2.609024e+07,1.818775e+07,1.239947e+02,1.410256e+06,8.843486e+01,,,,5
2018-04-26 15:10:44.000000,2.609022e+07,1.818750e+07,1.239947e+02,1.410256e+06,8.843486e+01,,,,5
2018-04-26 15:10:45.000000,2.609023e+07,1.818862e+07,1.239952e+02,1.410256e+06,8.843486e+01,,,,5
2018-04-26 15:10:46.000000,2.609022e+07,1.818747e+07,1.239947e+02,1.410256e+06,8.843486e+01,,,,5
2018-04-26 15:10:47.000000,2.609024e+07,1.818885e+07,1.239955e+02,1.410256e+06,8.843486e+01,,,,5
2018-04-26 15:10:48.000000,2.609024e+07,1.818783e+07,1.239950e+02,1.410256e+06,8.843486e+01,,,,5
2018-04-26 15:10:49.000000,2.609024e+07,1.818949e+07,1.239959e+02,1.410256e+06,8.843486e+01,,,,5
2018-04-26 15:10:50.000000,2.609023e+07,1.818708e+07,1.239944e+02,1.410256e+06,8.843486e+01,,,,5
2018-04-26 15:10:51.000000,2.609022e+07,1.818838e+07,1.239950e+02,1.410256e+06,8.843486e+01,,,,5
2018-04-26 15:10:52.000000,2.609023e+07,1.818719e+07,1.239944e+02,1.410256e+06,8.843486e+01,,,,5
2018-04-26 15:10:53.000000,2.609024e+07,1.818808e+07,1.239949e+02,1.410256e+06,8.843486e+01,,,,5
2018-04-26 15:10:54.000000,2.609024e+07,1.818691e+07,1.239942e+02,1.410256e+06,8.843486e+01,,,,5
2018-04-26 15:10:55.000000,2.609024e+07,1.818649e+07,1.239940e+02,1.410256e+06,8.843486e+01,,,,5
2018-04-26 15:10:56.000000,2.609022e+07,1.818767e+07,1.239947e+02,1.410256e+06,8.843486e+01,,,,5
2018-04-26 15:10:57.000000,2.609022e+07,1.818742e+07,1.239947e+02,1.410256e+06,8.843486e+01,,,,5
2018-04-26 15:10:58.000000,2.609024e+07,1.818799e+07,1.239951e+02,1.410256e+06,8.843486e+01,,,,5
2018-04-26 15:10:59.000000,2.609025e+07,1.818775e+07,1.239949e+02,1.410256e+06,8.843486e+01,,,,5
2018-04-26 15:11:00.000000,2.609024e+07,1.818950e+07,1.239959e+02,1.410256e+06,8.843486e+01,,,,5
2018-04-26 15:11:01.000000,2.609023e+07,1.818706e+07,1.239944e+02,1.410256e+06,8.843486e+01,,,,5
2018-04-26 15:11:02.000000,2.609022e+07,1.818849e+07,1.239951e+02,1.410256e+06,8.843486e+01,,,,5
2018-04-26 15:11:03.000000,2.609022e+07,1.818684e+07,1.239942e+02,1.410256e+06,8.843486e+01,,,,5
2018-04-26 15:11:04.000000,2.609025e+07,1.818818e+07,1.239949e+02,1.410256e+06,8.843486e+01,,,,5
2018-04-26 15:11:05.000000,2.609024e+07,1.818694e+07,1.239943e+02,1.410256e+06,8.843486e+01,,,,5
2018-04-26 15:11:06.000000,2.609024e+07,1.818654e+07,1.239940e+02,1.410256e+06,8.843486e+01,,,,5
2018-04-26 15:11:07.000000,2.609022e+07,1.818767e+07,1.239947e+02,1.410256e+06,8.843486e+01,,,,5
2018-04-26 15:11:08.000000,2.609022e+07,1.818748e+07,1.239947e+02,1.410256e+06,8.843486e+01,,,,5
2018-04-26 15:11:09.000000,2.609023e+07,1.818872e+07,1.239953e+02,1.410256e+06,8.843486e+01,,,,5
2018-04-26 15:11:10.000000,2.609024e+07,1.818780e+07,1.239949e+02,1.410256e+06,8.843486e+01,,,,5
2018-04-26 15:11:11.000000,2.609024e+07,1.818896e+07,1.239956e+02,1.410256e+06,8.843486e+01,,,,5
2018-04-26 15:11:12.000000,2.609022e+07,1.818705e+07,1.239944e+02,1.410256e+06,8.843486e+01,,,,5
2018-04-26 15:11:13.000000,2.609022e+07,1.818799e+07,1.239948e+02,1.410256e+06,8.843486e+01,,,,5
2018-04-26 15:11:14.000000,2.609022e+07,1.818687e+07,1.239943e+02,1.410256e+06,8.843486e+01,,,,5
2018-04-26 15:11:15.000000,2.609024e+07,1.818763e+07,1.239946e+02,1.410256e+06,8.843486e+01,,,,5
2018-04-26 15:11:16.000000,2.609024e+07,1.818659e+07,1.239940e+02,1.410256e+06,8.843485e+01,,,,5
2018-04-26 15:11:17.000000,2.609024e+07,1.818813e+07,1.239949e+02,1.410256e+06,8.843485e+01,,,,5
2018-04-26 15:11:18.000000,2.609023e+07,1.818749e+07,1.239947e+02,1.410256e+06,8.843485e+01,,,,5
2018-04-26 15:11:19.000000,2.609022e+07,1.818748e+07,1.239947e+02,1.410256e+06,8.843485e+01,,,,5
2018-04-26 15:11:20.000000,2.609022e+07,1.818776e+07,1.239948e+02,1.410256e+06,8.843485e+01,,,,5
2018-04-26 15:11:21.000000,2.609024e+07,1.818779e+07,1.239949e+02,1.410256e+06,8.843485e+01,,,,5
2018-04-26 15:11:22.000000,2.609024e+07,1.818805e+07,1.239951e+02,1.410256e+06,8.843485e+01,,,,5
2018-04-26 15:11:23.000000,2.609025e+07,1.818772e+07,1.239949e+02,1.410256e+06,8.843485e+01,,,,5
2018-04-26 15:11:24.000000,2.609022e+07,1.818807e+07,1.239949e+02,1.410256e+06,8.843485e+01,,,,5
2018-04-26 15:11:25.000000,2.609023e+07,1.818684e+07,1.239942e+02,1.410256e+06,8.843485e+01,,,,5
2018-04-26 15:11:26.000000,2.609024e+07,1.818770e+07,1.239946e+02,1.410256e+06,8.843485e+01,,,,5
2018-04-26 15:11:27.000000,2.609024e+07,1.818656e+07,1.239941e+02,1.410256e+06,8.843485e+01,,,,5
2018-04-26 15:11:28.000000,2.609025e+07,1.818826e+07,1.239950e+02,1.410256e+06,8.843485e+01,,,,5
2018-04-26 15:11:29.000000,2.609022e+07,1.818752e+07,1.239947e+02,1.410256e+06,8.843485e+01,,,,5
2018-04-26 15:11:30.000000,2.609023e+07,1.818910e+07,1.239955e+02,1.410256e+06,8.843485e+01,,,,5
2018-04-26 15:11:31.000000,2.609022e+07,1.818780e+07,1.239948e+02,1.410256e+06,8.843485e+01,,,,5
2018-04-26 15:11:32.000000,2.609024e+07,1.818937e+07,1.239958e+02,1.410256e+06,8.843485e+01,,,,5
2018-04-26 15:11:33.000000,2.609024e+07,1.818818e+07,1.239951e+02,1.410256e+06,8.843485e+01,,,,5
2018-04-26 15:11:34.000000,2.609024e+07,1.818772e+07,1.239949e+02,1.410256e+06,8.843485e+01,,,,5
2018-04-26 15:11:35.000000,2.609022e+07,1.818721e+07,1.239944e+02,1.410256e+06,8.843485e+01,,,,5
2018-04-26 15:11:36.000000,2.609022e+07,1.818682e+07,1.239942e+02,1.410256e+06,8.843485e+01,,,,5
2018-04-26 15:11:37.000000,2.609022e+07,1.818808e+07,1.239949e+02,1.410256e+06,8.843485e+01,,,,5
2018-04-26 15:11:38.000000,2.609024e+07,1.818661e+07,1.239941e+02,1.410256e+06,8.843485e+01,,,,5
2018-04-26 15:11:39.000000,2.609024e+07,1.818767e+07,1.239946e+02,1.410256e+06,8.843485e+01,,,,5
2018-04-26 15:11:40.000000,2.609022e+07,1.818743e+07,1.239946e+02,1.410256e+06,8.843485e+01,,,,5
2018-04-26 15:11:41.000000,2.609022e+07,1.818856e+07,1.239952e+02,1.410256e+06,8.843485e+01,,,,5
2018-04-26 15:11:42.000000,2.609023e+07,1.818746e+07,1.239947e+02,1.410256e+06,8.843485e+01,,,,5
2018-04-26 15:11:43.000000,2.609024e+07,1.818936e+07,1.239958e+02,1.410256e+06,8.843485e+01,,,,5
2018-04-26 15:11:44.000000,2.609024e+07,1.818784e+07,1.239950e+02,1.410256e+06,8.843485e+01,,,,5
2018-04-26 15:11:45.000000,2.609024e+07,1.818779e+07,1.239949e+02,1.410256e+06,8.843485e+01,,,,5
2018-04-26 15:11:46.000000,2.609022e+07,1.818689e+07,1.239943e+02,1.410256e+06,8.843485e+01,,,,5
2018-04-26 15:11:47.000000,2.609023e+07,1.818688e+07,1.239943e+02,1.410256e+06,8.843485e+01,,,,5
2018-04-26 15:11:48.000000,2.609022e+07,1.818809e+07,1.239949e+02,1.410256e+06,8.843485e+01,,,,5
2018-04-26 15:11:49.000000,2.609024e+07,1.818667e+07,1.239941e+02,1.410256e+06,8.843485e+01,,,,5
2018-04-26 15:11:50.000000,2.609024e+07,1.818775e+07,1.239947e+02,1.410256e+06,8.843485e+01,,,,5
2018-04-26 15:11:51.000000,2.609024e+07,1.818646e+07,1.239940e+02,1.410256e+06,8.843485e+01,,,,5
2018-04-26 15:11:52.000000,2.609023e+07,1.818856e+07,1.239952e+02,1.410256e+06,8.843485e+01,,,,5
2018-04-26 15:11:53.000000,2.609022e+07,1.818748e+07,1.239947e+02,1.410256e+06,8.843485e+01,,,,5
2018-04-26 15:11:54.000000,2.609024e+07,1.818885e+07,1.239955e+02,1.410256e+06,8.843485e+01,,,,5
2018-04-26 15:11:55.000000,2.609024e+07,1.818783e+07,1.239950e+02,1.410256e+06,8.843485e+01,,,,5
2018-04-26 15:11:56.000000,2.609024e+07,1.818947e+07,1.239959e+02,1.410256e+06,8.843485e+01,,,,5
2018-04-26 15:11:57.000000,2.609022e+07,1.818708e+07,1.239944e+02,1.410256e+06,8.843485e+01,,,,5
2018-04-26 15:11:58.000000,2.609022e+07,1.818838e+07,1.239950e+02,1.410256e+06,8.843485e+01,,,,5
2018-04-26 15:11:59.000000,2.609022e+07,1.818719e+07,1.239944e+02,1.410256e+06,8.843485e+01,,,,5
2018-04-26 15:12:00.000000,2.609024e+07,1.818808e+07,1.239949e+02,1.410256e+06,8.843485e+01,,,,5
2018-04-26 15:12:01.000000,2.609024e+07,1.818691e+07,1.239942e+02,1.410256e+06,8.843485e+01,,,,5
2018-04-26 15:12:02.000000,2.609024e+07,1.818649e+07,1.239940e+02,1.410256e+06,8.843485e+01,,,,5
2018-04-26 15:12:03.000000,2.609022e+07,1.818765e+07,1.239947e+02,1.410256e+06,8.843484e+01,,,,5
2018-04-26 15:12:04.000000,2.609022e+07,1.818742e+07,1.239946e+02,1.410256e+06,8.843484e+01,,,,5
2018-04-26 15:12:05.000000,2.609022e+07,1.818865e+07,1.239953e+02,1.410256e+06,8.843484e+01,,,,5
2018-04-26 15:12:06.000000,2.609024e+07,1.818779e+07,1.239949e+02,1.410256e+06,8.843484e+01,,,,5
2018-04-26 15:12:07.000000,2.609024e+07,1.818950e+07,1.239959e+02,1.410256e+06,8.843484e+01,,,,5
2018-04-26 15:12:08.000000,2.609023e+07,1.818706e+07,1.239944e+02,1.410256e+06,8.843484e+01,,,,5
2018-04-26 15:12:09.000000,2.609022e+07,1.818849e+07,1.239951e+02,1.410256e+06,8.843484e+01,,,,5
2018-04-26 15:12:10.000000,2.609022e+07,1.818686e+07,1.239942e+02,1.410256e+06,8.843484e+01,,,,5
2018-04-26 15:12:11.000000,2.609024e+07,1.818818e+07,1.239949e+02,1.410256e+06,8.843484e+01,,,,5
2018-04-26 15:12:12.000000,2.609024e+07,1.818694e+07,1.239943e+02,1.410256e+06,8.843484e+01,,,,5
2018-04-26 15:12:13.000000,2.609024e+07,1.818655e+07,1.239940e+02,1.410256e+06,8.843484e+01,,,,5
2018-04-26 15:12:14.000000,2.609022e+07,1.818767e+07,1.239947e+02,1.410256e+06,8.843484e+01,,,,5
2018-04-26 15:12:15.000000,2.609022e+07,1.818747e+07,1.239947e+02,1.410256e+06,8.843484e+01,,,,5
2018-04-26 15:12:16.000000,2.609023e+07,1.818872e+07,1.239953e+02,1.410256e+06,8.843484e+01,,,,5
2018-04-26 15:12:17.000000,2.609024e+07,1.818780e+07,1.239949e+02,1.410256e+06,8.843484e+01,,,,5
2018-04-26 15:12:18.000000,2.609024e+07,1.818896e+07,1.239956e+02,1.410256e+06,8.843484e+01,,,,5
2018-04-26 15:12:19.000000,2.609022e+07,1.818705e+07,1.239944e+02,1.410256e+06,8.843484e+01,,,,5
2018-04-26 15:12:20.000000,2.609022e+07,1.818797e+07,1.239948e+02,1.410256e+06,8.843484e+01,,,,5
2018-04-26 15:12:21.000000,2.609022e+07,1.818687e+07,1.239942e+02,1.410256e+06,8.843484e+01,,,,5
2018-04-26 15:12:22.000000,2.609024e+07,1.818763e+07,1.239946e+02,1.410256e+06,8.843484e+01,,,,5
2018-04-26 15:12:23.000000,2.609024e+07,1.818660e+07,1.239940e+02,1.410256e+06,8.843484e+01,,,,5
2018-04-26 15:12:24.000000,2.609024e+07,1.818813e+07,1.239949e+02,1.410256e+06,8.843484e+01,,,,5
2018-04-26 15:12:25.000000,2.609023e+07,1.818749e+07,1.239946e+02,1.410256e+06,8.843484e+01,,,,5
2018-04-26 15:12:26.000000,2.609022e+07,1.818747e+07,1.239947e+02,1.410256e+06,8.843484e+01,,,,5
2018-04-26 15:12:27.000000,2.609022e+07,1.818775e+07,1.239948e+02,1.410256e+06,8.843484e+01,,,,5
2018-04-26 15:12:28.000000,2.609024e+07,1.818779e+07,1.239949e+02,1.410256e+06,8.843484e+01,,,,5
2018-04-26 15:12:29.000000,2.609024e+07,1.818805e+07,1.239951e+02,1.410256e+06,8.843484e+01,,,,5
2018-04-26 15:12:30.000000,2.609024e+07,1.818772e+07,1.239949e+02,1.410256e+06,8.843484e+01,,,,5
2018-04-26 15:12:31.000000,2.609022e+07,1.818807e+07,1.239949e+02,1.410256e+06,8.843484e+01,,,,5
2018-04-26 15:12:32.000000,2.609023e+07,1.818684e+07,1.239942e+02,1.410256e+06,8.843484e+01,,,,5
2018-04-26 15:12:33.000000,2.609024e+07,1.818769e+07,1.239946e+02,1.410256e+06,8.843484e+01,,,,5
2018-04-26 15:12:34.000000,2.609024e+07,1.818656e+07,1.239941e+02,1.410256e+06,8.843484e+01,,,,5
2018-04-26 15:12:35.000000,2.609024e+07,1.818825e+07,1.239950e+02,1.410256e+06,8.843484e+01,,,,5
2018-04-26 15:12:36.000000,2.609022e+07,1.818752e+07,1.239946e+02,1.410256e+06,8.843484e+01,,,,5
2018-04-26 15:12:37.000000,2.609023e+07,1.818908e+07,1.239955e+02,1.410256e+06,8.843484e+01,,,,5
2018-04-26 15:12:38.000000,2.609022e+07,1.818780e+07,1.239948e+02,1.410256e+06,8.843484e+01,,,,5
2018-04-26 15:12:39.000000,2.609024e+07,1.818937e+07,1.239958e+02,1.410256e+06,8.843484e+01,,,,5
2018-04-26 15:12:40.000000,2.609024e+07,1.818819e+07,1.239951e+02,1.410256e+06,8.843484e+01,,,,5
2018-04-26 15:12:41.000000,2.609024e+07,1.818772e+07,1.239949e+02,1.410256e+06,8.843484e+01,,,,5
2018-04-26 15:12:42.000000,2.609022e+07,1.818721e+07,1.239944e+02,1.410256e+06,8.843484e+01,,,,5
2018-04-26 15:12:43.000000,2.609022e+07,1.818682e+07,1.239942e+02,1.410256e+06,8.843484e+01,,,,5
2018-04-26 15:12:44.000000,2.609022e+07,1.818807e+07,1.239949e+02,1.410256e+06,8.843484e+01,,,,5
2018-04-26 15:12:45.000000,2.609024e+07,1.818661e+07,1.239941e+02,1.410256e+06,8.843484e+01,,,,5
2018-04-26 15:12:46.000000,2.609024e+07,1.818767e+07,1.239946e+02,1.410256e+06,8.843484e+01,,,,5
2018-04-26 15:12:47.000000,2.609022e+07,1.818744e+07,1.239946e+02,1.410256e+06,8.843484e+01,,,,5
2018-04-26 15:12:48.000000,2.609022e+07,1.818856e+07,1.239952e+02,1.410256e+06,8.843484e+01,,,,5
2018-04-26 15:12:49.000000,2.609023e+07,1.818746e+07,1.239946e+02,1.410256e+06,8.843484e+01,,,,5
2018-04-26 15:12:50.000000,2.609024e+07,1.818933e+07,1.239958e+02,1.410256e+06,8.843483e+01,,,,5
2018-04-26 15:12:51.000000,2.609024e+07,1.818784e+07,1.239950e+02,1.410256e+06,8.843483e+01,,,,5
2018-04-26 15:12:52.000000,2.609024e+07,1.818779e+07,1.239949e+02,1.410256e+06,8.843483e+01,,,,5
2018-04-26 15:12:53.000000,2.609022e+07,1.818689e+07,1.239943e+02,1.410256e+06,8.843483e+01,,,,5
2018-04-26 15:12:54.000000,2.609023e+07,1.818688e+07,1.239943e+02,1.410256e+06,8.843483e+01,,,,5
2018-04-26 15:12:55.000000,2.609022e+07,1.818809e+07,1.239949e+02,1.410256e+06,8.843483e+01,,,,5
2018-04-26 15:12:56.000000,2.609024e+07,1.818667e+07,1.239941e+02,1.410256e+06,8.843483e+01,,,,5
2018-04-26 15:12:57.000000,2.609024e+07,1.818773e+07,1.239947e+02,1.410256e+06,8.843483e+01,,,,5
2018-04-26 15:12:58.000000,2.609024e+07,1.818646e+07,1.239940e+02,1.410256e+06,8.843483e+01,,,,5
2018-04-26 15:12:59.000000,2.609023e+07,1.818856e+07,1.239952e+02,1.410256e+06,8.843483e+01,,,,5
2018-04-26 15:13:00.000000,2.609022e+07,1.818747e+07,1.239946e+02,1.410256e+06,8.843483e+01,,,,5
2018-04-26 15:13:01.000000,2.609024e+07,1.818883e+07,1.239955e+02,1.410256e+06,8.843483e+01,,,,5
2018-04-26 15:13:02.000000,2.609024e+07,1.818783e+07,1.239950e+02,1.410256e+06,8.843483e+01,,,,5
2018-04-26 15:13:03.000000,2.609024e+07,1.818947e+07,1.239959e+02,1.410256e+06,8.843483e+01,,,,5
2018-04-26 15:13:04.000000,2.609022e+07,1.818711e+07,1.239944e+02,1.410256e+06,8.843483e+01,,,,5
2018-04-26 15:13:05.000000,2.609022e+07,1.818838e+07,1.239950e+02,1.410256e+06,8.843483e+01,,,,5
2018-04-26 15:13:06.000000,2.609022e+07,1.818719e+07,1.239944e+02,1.410256e+06,8.843483e+01,,,,5
2018-04-26 15:13:07.000000,2.609024e+07,1.818807e+07,1.239949e+02,1.410256e+06,8.843483e+01,,,,5
2018-04-26 15:13:08.000000,2.609024e+07,1.818691e+07,1.239942e+02,1.410256e+06,8.843483e+01,,,,5
2018-04-26 15:13:09.000000,2.609024e+07,1.818649e+07,1.239940e+02,1.410256e+06,8.843483e+01,,,,5
2018-04-26 15:13:10.000000,2.609022e+07,1.818765e+07,1.239947e+02,1.410256e+06,8.843483e+01,,,,5
2018-04-26 15:13:11.000000,2.609022e+07,1.818742e+07,1.239946e+02,1.410256e+06,8.843483e+01,,,,5
2018-04-26 15:13:12.000000,2.609022e+07,1.818865e+07,1.239953e+02,1.410256e+06,8.843483e+01,,,,5
2018-04-26 15:13:13.000000,2.609024e+07,1.818779e+07,1.239949e+02,1.410256e+06,8.843483e+01,,,,5
2018-04-26 15:13:14.000000,2.609024e+07,1.818947e+07,1.239959e+02,1.410256e+06,8.843483e+01,,,,5
2018-04-26 15:13:15.000000,2.609022e+07,1.818706e+07,1.239944e+02,1.410256e+06,8.843483e+01,,,,5
2018-04-26 15:13:16.000000,2.609022e+07,1.818849e+07,1.239951e+02,1.410256e+06,8.843483e+01,,,,5
2018-04-26 15:13:17.000000,2.609022e+07,1.818686e+07,1.239942e+02,1.410256e+06,8.843483e+01,,,,5
2018-04-26 15:13:18.000000,2.609024e+07,1.818816e+07,1.239949e+02,1.410256e+06,8.843483e+01,,,,5
2018-04-26 15:13:19.000000,2.609024e+07,1.818694e+07,1.239943e+02,1.410256e+06,8.843483e+01,,,,5
2018-04-26 15:13:20.000000,2.609024e+07,1.818655e+07,1.239940e+02,1.410256e+06,8.843483e+01,,,,5
2018-04-26 15:13:21.000000,2.609022e+07,1.818766e+07,1.239947e+02,1.410256e+06,8.843483e+01,,,,5
2018-04-26 15:13:22.000000,2.609022e+07,1.818747e+07,1.239947e+02,1.410256e+06,8.843483e+01,,,,5
2018-04-26 15:13:23.000000,2.609023e+07,1.818776e+07,1.239948e+02,1.410256e+06,8.843483e+01,,,,5
2018-04-26 15:13:24.000000,2.609024e+07,1.818779e+07,1.239949e+02,1.410256e+06,8.843483e+01,,,,5
2018-04-26 15:13:25.000000,2.609024e+07,1.818805e+07,1.239951e+02,1.410256e+06,8.843483e+01,,,,5
2018-04-26 15:13:26.000000,2.609024e+07,1.818772e+07,1.239949e+02,1.410256e+06,8.843483e+01,,,,5
2018-04-26 15:13:27.000000,2.609022e+07,1.818807e+07,1.239949e+02,1.410256e+06,8.843483e+01,,,,5
2018-04-26 15:13:28.000000,2.609023e+07,1.818684e+07,1.239942e+02,1.410256e+06,8.843483e+01,,,,5
2018-04-26 15:13:29.000000,2.609024e+07,1.818770e+07,1.239946e+02,1.410256e+06,8.843483e+01,,,,5
2018-04-26 15:13:30.000000,2.609024e+07,1.818657e+07,1.239941e+02,1.410256e+06,8.843483e+01,,,,5
2018-04-26 15:13:31.000000,2.609025e+07,1.818826e+07,1.239950e+02,1.410256e+06,8.843483e+01,,,,5
2018-04-26 15:13:32.000000,2.609022e+07,1.818751e+07,1.239946e+02,1.410256e+06,8.843483e+01,,,,5
2018-04-26 15:13:33.000000,2.609023e+07,1.818910e+07,1.239955e+02,1.410256e+06,8.843483e+01,,,,5
2018-04-26 15:13:34.000000,2.609022e+07,1.818780e+07,1.239948e+02,1.410256e+06,8.843483e+01,,,,5
2018-04-26 15:13:35.000000,2.609024e+07,1.818937e+07,1.239958e+02,1.410256e+06,8.843483e+01,,,,5
2018-04-26 15:13:36.000000,2.609024e+07,1.818818e+07,1.239951e+02,1.410256e+06,8.843483e+01,,,,5
2018-04-26 15:13:37.000000,2.609024e+07,1.818772e+07,1.239949e+02,1.410256e+06,8.843483e+01,,,,5
2018-04-26 15:13:38.000000,2.609023e+07,1.818721e+07,1.239944e+02,1.410256e+06,8.843482e+01,,,,5
2018-04-26 15:13:39.000000,2.609022e+07,1.818682e+07,1.239942e+02,1.410256e+06,8.843482e+01,,,,5
2018-04-26 15:13:40.000000,2.609023e+07,1.818808e+07,1.239949e+02,1.410256e+06,8.843482e+01,,,,5
2018-04-26 15:13:41.000000,2.609024e+07,1.818661e+07,1.239941e+02,1.410256e+06,8.843482e+01,,,,5
2018-04-26 15:13:42.000000,2.609024e+07,1.818768e+07,1.239946e+02,1.410256e+06,8.843482e+01,,,,5
2018-04-26 15:13:43.000000,2.609022e+07,1.818743e+07,1.239946e+02,1.410256e+06,8.843482e+01,,,,5
2018-04-26 15:13:44.000000,2.609022e+07,1.818856e+07,1.239952e+02,1.410256e+06,8.843482e+01,,,,5
2018-04-26 15:13:45.000000,2.609023e+07,1.818746e+07,1.239946e+02,1.410256e+06,8.843482e+01,,,,5
2018-04-26 15:13:46.000000,2.609024e+07,1.818936e+07,1.239958e+02,1.410256e+06,8.843482e+01,,,,5
2018-04-26 15:13:47.000000,2.609024e+07,1.818784e+07,1.239950e+02,1.410256e+06,8.843482e+01,,,,5
2018-04-26 15:13:48.000000,2.609024e+07,1.818779e+07,1.239949e+02,1.410256e+06,8.843482e+01,,,,5
2018-04-26 15:13:49.000000,2.609022e+07,1.818688e+07,1.239943e+02,1.410256e+06,8.843482e+01,,,,5
2018-04-26 15:13:50.000000,2.609023e+07,1.818688e+07,1.239943e+02,1.410256e+06,8.843482e+01,,,,5
2018-04-26 15:13:51.000000,2.609022e+07,1.818809e+07,1.239949e+02,1.410256e+06,8.843482e+01,,,,5
2018-04-26 15:13:52.000000,2.609024e+07,1.818667e+07,1.239941e+02,1.410256e+06,8.843482e+01,,,,5
2018-04-26 15:13:53.000000,2.609024e+07,1.818775e+07,1.239947e+02,1.410256e+06,8.843482e+01,,,,5
2018-04-26 15:13:54.000000,2.609022e+07,1.818750e+07,1.239947e+02,1.410256e+06,8.843482e+01,,,,5
2018-04-26 15:13:55.000000,2.609023e+07,1.818862e+07,1.239952e+02,1.410256e+06,8.843482e+01,,,,5
2018-04-26 15:13:56.000000,2.609022e+07,1.818747e+07,1.239946e+02,1.410256e+06,8.843482e+01,,,,5
2018-04-26 15:13:57.000000,2.609024e+07,1.818885e+07,1.239955e+02,1.410256e+06,8.843482e+01,,,,5
2018-04-26 15:13:58.000000,2.609024e+07,1.818783e+07,1.239950e+02,1.410256e+06,8.843482e+01,,,,5
2018-04-26 15:13:59.000000,2.609024e+07,1.818949e+07,1.239959e+02,1.410256e+06,8.843482e+01,,,,5
2018-04-26 15:14:00.000000,2.609023e+07,1.818708e+07,1.239944e+02,1.410256e+06,8.843482e+01,,,,5
2018-04-26 15:14:01.000000,2.609022e+07,1.818838e+07,1.239950e+02,1.410256e+06,8.843482e+01,,,,5
2018-04-26 15:14:02.000000,2.609023e+07,1.818719e+07,1.239944e+02,1.410256e+06,8.843482e+01,,,,5
2018-04-26 15:14:03.000000,2.609024e+07,1.818808e+07,1.239949e+02,1.410256e+06,8.843482e+01,,,,5
2018-04-26 15:14:04.000000,2.609024e+07,1.818691e+07,1.239942e+02,1.410256e+06,8.843482e+01,,,,5
2018-04-26 15:14:05.000000,2.609024e+07,1.818649e+07,1.239940e+02,1.410256e+06,8.843482e+01,,,,5
2018-04-26 15:14:06.000000,2.609023e+07,1.818767e+07,1.239947e+02,1.410256e+06,8.843482e+01,,,,5
2018-04-26 15:14:07.000000,2.609022e+07,1.818742e+07,1.239946e+02,1.410256e+06,8.843482e+01,,,,5
2018-04-26 15:14:08.000000,2.609024e+07,1.818799e+07,1.239950e+02,1.410256e+06,8.843482e+01,,,,5
2018-04-26 15:14:09.000000,2.609025e+07,1.818775e+07,1.239949e+02,1.410256e+06,8.843482e+01,,,,5
2018-04-26 15:14:10.000000,2.609024e+07,1.818950e+07,1.239959e+02,1.410256e+06,8.843482e+01,,,,5
2018-04-26 15:14:11.000000,2.609023e+07,1.818706e+07,1.239944e+02,1.410256e+06,8.843482e+01,,,,5
2018-04-26 15:14:12.000000,2.609022e+07,1.818849e+07,1.239951e+02,1.410256e+06,8.843482e+01,,,,5
2018-04-26 15:14:13.000000,2.609022e+07,1.818684e+07,1.239942e+02,1.410256e+06,8.843482e+01,,,,5
2018-04-26 15:14:14.000000,2.609025e+07,1.818818e+07,1.239949e+02,1.410256e+06,8.843482e+01,,,,5
2018-04-26 15:14:15.000000,2.609024e+07,1.818694e+07,1.239943e+02,1.410256e+06,8.843482e+01,,,,5
2018-04-26 15:14:16.000000,2.609024e+07,1.818654e+07,1.239940e+02,1.410256e+06,8.843482e+01,,,,5
2018-04-26 15:14:17.000000,2.609022e+07,1.818767e+07,1.239947e+02,1.410256e+06,8.843482e+01,,,,5
2018-04-26 15:14:18.000000,2.609022e+07,1.818748e+07,1.239947e+02,1.410256e+06,8.843482e+01,,,,5
2018-04-26 15:14:19.000000,2.609023e+07,1.818872e+07,1.239953e+02,1.410256e+06,8.843482e+01,,,,5
2018-04-26 15:14:20.000000,2.609024e+07,1.818780e+07,1.239949e+02,1.410256e+06,8.843482e+01,,,,5
2018-04-26 15:14:21.000000,2.609024e+07,1.818896e+07,1.239956e+02,1.410256e+06,8.843482e+01,,,,5
2018-04-26 15:14:22.000000,2.609022e+07,1.818705e+07,1.239944e+02,1.410256e+06,8.843482e+01,,,,5
2018-04-26 15:14:23.000000,2.609023e+07,1.818799e+07,1.239948e+02,1.410256e+06,8.843482e+01,,,,5
2018-04-26 15:14:24.000000,2.609023e+07,1.818687e+07,1.239942e+02,1.410256e+06,8.843482e+01,,,,5
2018-04-26 15:14:25.000000,2.609024e+07,1.818763e+07,1.239946e+02,1.410256e+06,8.843482e+01,,,,5
2018-04-26 15:14:26.000000,2.609024e+07,1.818660e+07,1.239940e+02,1.410256e+06,8.843481e+01,,,,5
2018-04-26 15:14:27.000000,2.609024e+07,1.818813e+07,1.239949e+02,1.410256e+06,8.843481e+01,,,,5
2018-04-26 15:14:28.000000,2.609023e+07,1.818749e+07,1.239946e+02,1.410256e+06,8.843481e+01,,,,5
2018-04-26 15:14:29.000000,2.609022e+07,1.818748e+07,1.239947e+02,1.410256e+06,8.843481e+01,,,,5
2018-04-26 15:14:30.000000,2.609022e+07,1.818776e+07,1.239948e+02,1.410256e+06,8.843481e+01,,,,5
2018-04-26 15:14:31.000000,2.609024e+07,1.818779e+07,1.239949e+02,1.410256e+06,8.843481e+01,,,,5
2018-04-26 15:14:32.000000,2.609024e+07,1.818805e+07,1.239950e+02,1.410256e+06,8.843481e+01,,,,5
2018-04-26 15:14:33.000000,2.609025e+07,1.818772e+07,1.239949e+02,1.410256e+06,8.843481e+01,,,,5
2018-04-26 15:14:34.000000,2.609022e+07,1.818807e+07,1.239949e+02,1.410256e+06,8.843481e+01,,,,5
2018-04-26 15:14:35.000000,2.609023e+07,1.818684e+07,1.239942e+02,1.410256e+06,8.843481e+01,,,,5
2018-04-26 15:14:36.000000,2.609024e+07,1.818769e+07,1.239946e+02,1.410256e+06,8.843481e+01,,,,5
2018-04-26 15:14:37.000000,2.609024e+07,1.818656e+07,1.239941e+02,1.410256e+06,8.843481e+01,,,,5
2018-04-26 15:14:38.000000,2.609025e+07,1.818826e+07,1.239950e+02,1.410256e+06,8.843481e+01,,,,5
2018-04-26 15:14:39.000000,2.609022e+07,1.818752e+07,1.239946e+02,1.410256e+06,8.843481e+01,,,,5
2018-04-26 15:14:40.000000,2.609023e+07,1.818910e+07,1.239955e+02,1.410256e+06,8.843481e+01,,,,5
2018-04-26 15:14:41.000000,2.609022e+07,1.818780e+07,1.239948e+02,1.410256e+06,8.843481e+01,,,,5
2018-04-26 15:14:42.000000,2.609024e+07,1.818937e+07,1.239957e+02,1.410256e+06,8.843481e+01,,,,5
2018-04-26 15:14:43.000000,2.609024e+07,1.818819e+07,1.239951e+02,1.410256e+06,8.843481e+01,,,,5
2018-04-26 15:14:44.000000,2.609024e+07,1.818772e+07,1.239949e+02,1.410256e+06,8.843481e+01,,,,5
2018-04-26 15:14:45.000000,2.609023e+07,1.818721e+07,1.239944e+02,1.410256e+06,8.843481e+01,,,,5
2018-04-26 15:14:46.000000,2.609022e+07,1.818682e+07,1.239942e+02,1.410256e+06,8.843481e+01,,,,5
2018-04-26 15:14:47.000000,2.609023e+07,1.818808e+07,1.239949e+02,1.410256e+06,8.843481e+01,,,,5
2018-04-26 15:14:48.000000,2.609024e+07,1.818661e+07,1.239941e+02,1.410256e+06,8.843481e+01,,,,5
2018-04-26 15:14:49.000000,2.609024e+07,1.818767e+07,1.239946e+02,1.410256e+06,8.843481e+01,,,,5
2018-04-26 15:14:50.000000,2.609022e+07,1.818743e+07,1.239946e+02,1.410256e+06,8.843481e+01,,,,5
2018-04-26 15:14:51.000000,2.609022e+07,1.818856e+07,1.239952e+02,1.410256e+06,8.843481e+01,,,,5
2018-04-26 15:14:52.000000,2.609023e+07,1.818746e+07,1.239946e+02,1.410256e+06,8.843481e+01,,,,5
2018-04-26 15:14:53.000000,2.609024e+07,1.818934e+07,1.239958e+02,1.410256e+06,8.843481e+01,,,,5
2018-04-26 15:14:54.000000,2.609024e+07,1.818785e+07,1.239950e+02,1.410256e+06,8.843481e+01,,,,5
2018-04-26 15:14:55.000000,2.609024e+07,1.818779e+07,1.239949e+02,1.410256e+06,8.843481e+01,,,,5
2018-04-26 15:14:56.000000,2.609022e+07,1.818689e+07,1.239943e+02,1.410256e+06,8.843481e+01,,,,5
2018-04-26 15:14:57.000000,2.609023e+07,1.818688e+07,1.239943e+02,1.410256e+06,8.843481e+01,,,,5
2018-04-26 15:14:58.000000,2.609022e+07,1.818809e+07,1.239949e+02,1.410256e+06,8.843481e+01,,,,5
2018-04-26 15:14:59.000000,2.609024e+07,1.818667e+07,1.239941e+02,1.410256e+06,8.843481e+01,,,,5
2018-04-26 15:15:00.000000,2.609024e+07,1.818773e+07,1.239947e+02,1.410256e+06,8.843481e+01,,,,5
2018-04-26 15:15:01.000000,2.609024e+07,1.818646e+07,1.239940e+02,1.410256e+06,8.843481e+01,,,,5
2018-04-26 15:15:02.000000,2.609023e+07,1.818856e+07,1.239952e+02,1.410256e+06,8.843481e+01,,,,5
2018-04-26 15:15:03.000000,2.609022e+07,1.818748e+07,1.239946e+02,1.410256e+06,8.843481e+01,,,,5
2018-04-26 15:15:04.000000,2.609024e+07,1.818885e+07,1.239955e+02,1.410256e+06,8.843481e+01,,,,5
2018-04-26 15:15:05.000000,2.609024e+07,1.818783e+07,1.239950e+02,1.410256e+06,8.843481e+01,,,,5
2018-04-26 15:15:06.000000,2.609024e+07,1.818947e+07,1.239958e+02,1.410256e+06,8.843481e+01,,,,5
2018-04-26 15:15:07.000000,2.609023e+07,1.818708e+07,1.239943e+02,1.410256e+06,8.843481e+01,,,,5
2018-04-26 15:15:08.000000,2.609022e+07,1.818838e+07,1.239950e+02,1.410256e+06,8.843481e+01,,,,5
2018-04-26 15:15:09.000000,2.609022e+07,1.818719e+07,1.239944e+02,1.410256e+06,8.843481e+01,,,,5
2018-04-26 15:15:10.000000,2.609024e+07,1.818807e+07,1.239949e+02,1.410256e+06,8.843481e+01,,,,5
2018-04-26 15:15:11.000000,2.609024e+07,1.818691e+07,1.239942e+02,1.410256e+06,8.843481e+01,,,,5
2018-04-26 15:15:12.000000,2.609024e+07,1.818649e+07,1.239940e+02,1.410256e+06,8.843481e+01,,,,5
2018-04-26 15:15:13.000000,2.609022e+07,1.818765e+07,1.239947e+02,1.410256e+06,8.843481e+01,,,,5
2018-04-26 15:15:14.000000,2.609022e+07,1.818742e+07,1.239946e+02,1.410256e+06,8.843480e+01,,,,5
2018-04-26 15:15:15.000000,2.609022e+07,1.818865e+07,1.239953e+02,1.410256e+06,8.843480e+01,,,,5
2018-04-26 15:15:16.000000,2.609025e+07,1.818779e+07,1.239949e+02,1.410256e+06,8.843480e+01,,,,5
2018-04-26 15:15:17.000000,2.609024e+07,1.818948e+07,1.239959e+02,1.410256e+06,8.843480e+01,,,,5
2018-04-26 15:15:18.000000,2.609023e+07,1.818707e+07,1.239944e+02,1.410256e+06,8.843480e+01,,,,5
2018-04-26 15:15:19.000000,2.609022e+07,1.818849e+07,1.239951e+02,1.410256e+06,8.843480e+01,,,,5
2018-04-26 15:15:20.000000,2.609022e+07,1.818686e+07,1.239942e+02,1.410256e+06,8.843480e+01,,,,5
2018-04-26 15:15:21.000000,2.609025e+07,1.818818e+07,1.239949e+02,1.410256e+06,8.843480e+01,,,,5
2018-04-26 15:15:22.000000,2.609024e+07,1.818694e+07,1.239943e+02,1.410256e+06,8.843480e+01,,,,5
2018-04-26 15:15:23.000000,2.609024e+07,1.818655e+07,1.239940e+02,1.410256e+06,8.843480e+01,,,,5
2018-04-26 15:15:24.000000,2.609022e+07,1.818767e+07,1.239947e+02,1.410256e+06,8.843480e+01,,,,5
2018-04-26 15:15:25.000000,2.609022e+07,1.818748e+07,1.239947e+02,1.410256e+06,8.843480e+01,,,,5
2018-04-26 15:15:26.000000,2.609023e+07,1.818872e+07,1.239953e+02,1.410256e+06,8.843480e+01,,,,5
2018-04-26 15:15:27.000000,2.609024e+07,1.818780e+07,1.239949e+02,1.410256e+06,8.843480e+01,,,,5
2018-04-26 15:15:28.000000,2.609024e+07,1.818896e+07,1.239956e+02,1.410256e+06,8.843480e+01,,,,5
2018-04-26 15:15:29.000000,2.609022e+07,1.818705e+07,1.239944e+02,1.410256e+06,8.843480e+01,,,,5
2018-04-26 15:15:30.000000,2.609022e+07,1.818797e+07,1.239948e+02,1.410256e+06,8.843480e+01,,,,5
2018-04-26 15:15:31.000000,2.609022e+07,1.818687e+07,1.239942e+02,1.410256e+06,8.843480e+01,,,,5
2018-04-26 15:15:32.000000,2.609024e+07,1.818763e+07,1.239946e+02,1.410256e+06,8.843480e+01,,,,5
2018-04-26 15:15:33.000000,2.609024e+07,1.818660e+07,1.239940e+02,1.410256e+06,8.843480e+01,,,,5
2018-04-26 15:15:34.000000,2.609024e+07,1.818811e+07,1.239949e+02,1.410256e+06,8.843480e+01,,,,5
2018-04-26 15:15:35.000000,2.609023e+07,1.818749e+07,1.239946e+02,1.410256e+06,8.843480e+01,,,,5
2018-04-26 15:15:36.000000,2.609022e+07,1.818747e+07,1.239947e+02,1.410256e+06,8.843480e+01,,,,5
2018-04-26 15:15:37.000000,2.609022e+07,1.818775e+07,1.239948e+02,1.410256e+06,8.843480e+01,,,,5
2018-04-26 15:15:38.000000,2.609024e+07,1.818779e+07,1.239949e+02,1.410256e+06,8.843480e+01,,,,5
2018-04-26 15:15:39.000000,2.609024e+07,1.818805e+07,1.239950e+02,1.410256e+06,8.843480e+01,,,,5
2018-04-26 15:15:40.000000,2.609024e+07,1.818772e+07,1.239949e+02,1.410256e+06,8.843480e+01,,,,5
2018-04-26 15:15:41.000000,2.609022e+07,1.818807e+07,1.239949e+02,1.410256e+06,8.843480e+01,,,,5
2018-04-26 15:15:42.000000,2.609023e+07,1.818684e+07,1.239942e+02,1.410256e+06,8.843480e+01,,,,5
2018-04-26 15:15:43.000000,2.609024e+07,1.818769e+07,1.239946e+02,1.410256e+06,8.843480e+01,,,,5
2018-04-26 15:15:44.000000,2.609024e+07,1.818657e+07,1.239941e+02,1.410256e+06,8.843480e+01,,,,5
2018-04-26 15:15:45.000000,2.609024e+07,1.818826e+07,1.239950e+02,1.410256e+06,8.843480e+01,,,,5
2018-04-26 15:15:46.000000,2.609022e+07,1.818752e+07,1.239946e+02,1.410256e+06,8.843480e+01,,,,5
2018-04-26 15:15:47.000000,2.609023e+07,1.818908e+07,1.239955e+02,1.410256e+06,8.843480e+01,,,,5
2018-04-26 15:15:48.000000,2.609022e+07,1.818780e+07,1.239948e+02,1.410256e+06,8.843480e+01,,,,5
2018-04-26 15:15:49.000000,2.609024e+07,1.818937e+07,1.239957e+02,1.410256e+06,8.843480e+01,,,,5
2018-04-26 15:15:50.000000,2.609024e+07,1.818819e+07,1.239951e+02,1.410256e+06,8.843480e+01,,,,5
2018-04-26 15:15:51.000000,2.609024e+07,1.818773e+07,1.239949e+02,1.410256e+06,8.843480e+01,,,,5
2018-04-26 15:15:52.000000,2.609022e+07,1.818721e+07,1.239944e+02,1.410256e+06,8.843480e+01,,,,5
2018-04-26 15:15:53.000000,2.609022e+07,1.818682e+07,1.239942e+02,1.410256e+06,8.843480e+01,,,,5
2018-04-26 15:15:54.000000,2.609022e+07,1.818807e+07,1.239949e+02,1.410256e+06,8.843480e+01,,,,5
2018-04-26 15:15:55.000000,2.609024e+07,1.818661e+07,1.239941e+02,1.410256e+06,8.843480e+01,,,,5
2018-04-26 15:15:56.000000,2.609024e+07,1.818767e+07,1.239946e+02,1.410256e+06,8.843480e+01,,,,5
2018-04-26 15:15:57.000000,2.609022e+07,1.818744e+07,1.239946e+02,1.410256e+06,8.843480e+01,,,,5
2018-04-26 15:15:58.000000,2.609022e+07,1.818856e+07,1.239952e+02,1.410256e+06,8.843480e+01,,,,5
2018-04-26 15:15:59.000000,2.609023e+07,1.818746e+07,1.239946e+02,1.410256e+06,8.843480e+01,,,,5
2018-04-26 15:16:00.000000,2.609024e+07,1.818934e+07,1.239958e+02,1.410256e+06,8.843480e+01,,,,5
2018-04-26 15:16:01.000000,2.609024e+07,1.818786e+07,1.239950e+02,1.410256e+06,8.843480e+01,,,,5
2018-04-26 15:16:02.000000,2.609024e+07,1.818779e+07,1.239949e+02,1.410256e+06,8.843480e+01,,,,5
2018-04-26 15:16:03.000000,2.609022e+07,1.818689e+07,1.239943e+02,1.410256e+06,8.843479e+01,,,,5
2018-04-26 15:16:04.000000,2.609023e+07,1.818688e+07,1.239943e+02,1.410256e+06,8.843479e+01,,,,5
2018-04-26 15:16:05.000000,2.609022e+07,1.818809e+07,1.239949e+02,1.410256e+06,8.843479e+01,,,,5
2018-04-26 15:16:06.000000,2.609024e+07,1.818667e+07,1.239941e+02,1.410256e+06,8.843479e+01,,,,5
2018-04-26 15:16:07.000000,2.609024e+07,1.818773e+07,1.239947e+02,1.410256e+06,8.843479e+01,,,,5
2018-04-26 15:16:08.000000,2.609024e+07,1.818647e+07,1.239940e+02,1.410256e+06,8.843479e+01,,,,5
2018-04-26 15:16:09.000000,2.609023e+07,1.818856e+07,1.239952e+02,1.410256e+06,8.843479e+01,,,,5
2018-04-26 15:16:10.000000,2.609022e+07,1.818748e+07,1.239946e+02,1.410256e+06,8.843479e+01,,,,5
2018-04-26 15:16:11.000000,2.609024e+07,1.818883e+07,1.239955e+02,1.410256e+06,8.843479e+01,,,,5
2018-04-26 15:16:12.000000,2.609024e+07,1.818783e+07,1.239950e+02,1.410256e+06,8.843479e+01,,,,5
2018-04-26 15:16:13.000000,2.609024e+07,1.818947e+07,1.239958e+02,1.410256e+06,8.843479e+01,,,,5
2018-04-26 15:16:14.000000,2.609022e+07,1.818711e+07,1.239944e+02,1.410256e+06,8.843479e+01,,,,5
2018-04-26 15:16:15.000000,2.609022e+07,1.818838e+07,1.239950e+02,1.410256e+06,8.843479e+01,,,,5
2018-04-26 15:16:16.000000,2.609022e+07,1.818719e+07,1.239944e+02,1.410256e+06,8.843479e+01,,,,5
2018-04-26 15:16:17.000000,2.609024e+07,1.818807e+07,1.239949e+02,1.410256e+06,8.843479e+01,,,,5
2018-04-26 15:16:18.000000,2.609024e+07,1.818692e+07,1.239942e+02,1.410256e+06,8.843479e+01,,,,5
2018-04-26 15:16:19.000000,2.609024e+07,1.818649e+07,1.239940e+02,1.410256e+06,8.843479e+01,,,,5
2018-04-26 15:16:20.000000,2.609022e+07,1.818765e+07,1.239947e+02,1.410256e+06,8.843479e+01,,,,5
2018-04-26 15:16:21.000000,2.609022e+07,1.818742e+07,1.239946e+02,1.410256e+06,8.843479e+01,,,,5
2018-04-26 15:16:22.000000,2.609022e+07,1.818865e+07,1.239953e+02,1.410256e+06,8.843479e+01,,,,5
2018-04-26 15:16:23.000000,2.609024e+07,1.818779e+07,1.239949e+02,1.410256e+06,8.843479e+01,,,,5
2018-04-26 15:16:24.000000,2.609024e+07,1.818948e+07,1.239959e+02,1.410256e+06,8.843479e+01,,,,5
2018-04-26 15:16:25.000000,2.609023e+07,1.818707e+07,1.239944e+02,1.410256e+06,8.843479e+01,,,,5
2018-04-26 15:16:26.000000,2.609022e+07,1.818849e+07,1.239951e+02,1.410256e+06,8.843479e+01,,,,5
2018-04-26 15:16:27.000000,2.609022e+07,1.818686e+07,1.239942e+02,1.410256e+06,8.843479e+01,,,,5
2018-04-26 15:16:28.000000,2.609024e+07,1.818817e+07,1.239949e+02,1.410256e+06,8.843479e+01,,,,5
2018-04-26 15:16:29.000000,2.609024e+07,1.818694e+07,1.239943e+02,1.410256e+06,8.843479e+01,,,,5
2018-04-26 15:16:30.000000,2.609024e+07,1.818655e+07,1.239940e+02,1.410256e+06,8.843479e+01,,,,5
2018-04-26 15:16:31.000000,2.609022e+07,1.818766e+07,1.239947e+02,1.410256e+06,8.843479e+01,,,,5
2018-04-26 15:16:32.000000,2.609022e+07,1.818747e+07,1.239947e+02,1.410256e+06,8.843479e+01,,,,5
2018-04-26 15:16:33.000000,2.609023e+07,1.818872e+07,1.239953e+02,1.410256e+06,8.843479e+01,,,,5
2018-04-26 15:16:34.000000,2.609024e+07,1.818780e+07,1.239949e+02,1.410256e+06,8.843479e+01,,,,5
2018-04-26 15:16:35.000000,2.609024e+07,1.818894e+07,1.239956e+02,1.410256e+06,8.843479e+01,,,,5
2018-04-26 15:16:36.000000,2.609024e+07,1.818774e+07,1.239949e+02,1.410256e+06,8.843479e+01,,,,5
2018-04-26 15:16:37.000000,2.609022e+07,1.818805e+07,1.239949e+02,1.410256e+06,8.843479e+01,,,,5
2018-04-26 15:16:38.000000,2.609022e+07,1.818688e+07,1.239942e+02,1.410256e+06,8.843479e+01,,,,5
2018-04-26 15:16:39.000000,2.609024e+07,1.818763e+07,1.239946e+02,1.410256e+06,8.843479e+01,,,,5
2018-04-26 15:16:40.000000,2.609024e+07,1.818660e+07,1.239940e+02,1.410256e+06,8.843479e+01,,,,5
2018-04-26 15:16:41.000000,2.609024e+07,1.818811e+07,1.239949e+02,1.410256e+06,8.843479e+01,,,,5
2018-04-26 15:16:42.000000,2.609023e+07,1.818749e+07,1.239946e+02,1.410256e+06,8.843479e+01,,,,5
2018-04-26 15:16:43.000000,2.609022e+07,1.818747e+07,1.239947e+02,1.410256e+06,8.843479e+01,,,,5
2018-04-26 15:16:44.000000,2.609022e+07,1.818775e+07,1.239948e+02,1.410256e+06,8.843479e+01,,,,5
2018-04-26 15:16:45.000000,2.609024e+07,1.818779e+07,1.239949e+02,1.410256e+06,8.843479e+01,,,,5
2018-04-26 15:16:46.000000,2.609024e+07,1.818805e+07,1.239950e+02,1.410256e+06,8.843479e+01,,,,5
2018-04-26 15:16:47.000000,2.609024e+07,1.818772e+07,1.239949e+02,1.410256e+06,8.843479e+01,,,,5
2018-04-26 15:16:48.000000,2.609022e+07,1.818807e+07,1.239949e+02,1.410256e+06,8.843479e+01,,,,5
2018-04-26 15:16:49.000000,2.609023e+07,1.818684e+07,1.239942e+02,1.410256e+06,8.843479e+01,,,,5
2018-04-26 15:16:50.000000,2.609022e+07,1.818862e+07,1.239952e+02,1.410256e+06,8.843479e+01,,,,5
2018-04-26 15:16:51.000000,2.609024e+07,1.818662e+07,1.239941e+02,1.410256e+06,8.843479e+01,,,,5
2018-04-26 15:16:52.000000,2.609024e+07,1.818823e+07,1.239950e+02,1.410256e+06,8.843479e+01,,,,5
2018-04-26 15:16:53.000000,2.609022e+07,1.818752e+07,1.239946e+02,1.410256e+06,8.843478e+01,,,,5
2018-04-26 15:16:54.000000,2.609023e+07,1.818908e+07,1.239955e+02,1.410256e+06,8.843478e+01,,,,5
2018-04-26 15:16:55.000000,2.609022e+07,1.818782e+07,1.239948e+02,1.410256e+06,8.843478e+01,,,,5
2018-04-26 15:16:56.000000,2.609024e+07,1.818937e+07,1.239957e+02,1.410256e+06,8.843478e+01,,,,5
2018-04-26 15:16:57.000000,2.609024e+07,1.818819e+07,1.239951e+02,1.410256e+06,8.843478e+01,,,,5
2018-04-26 15:16:58.000000,2.609024e+07,1.818773e+07,1.239949e+02,1.410256e+06,8.843478e+01,,,,5
2018-04-26 15:16:59.000000,2.609022e+07,1.818721e+07,1.239944e+02,1.410256e+06,8.843478e+01,,,,5
2018-04-26 15:17:00.000000,2.609022e+07,1.818682e+07,1.239942e+02,1.410256e+06,8.843478e+01,,,,5
2018-04-26 15:17:01.000000,2.609022e+07,1.818807e+07,1.239949e+02,1.410256e+06,8.843478e+01,,,,5
2018-04-26 15:17:02.000000,2.609024e+07,1.818662e+07,1.239941e+02,1.410256e+06,8.843478e+01,,,,5
2018-04-26 15:17:03.000000,2.609024e+07,1.818767e+07,1.239946e+02,1.410256e+06,8.843478e+01,,,,5
2018-04-26 15:17:04.000000,2.609024e+07,1.818651e+07,1.239940e+02,1.410256e+06,8.843478e+01,,,,5
2018-04-26 15:17:05.000000,2.609022e+07,1.818849e+07,1.239952e+02,1.410256e+06,8.843478e+01,,,,5
2018-04-26 15:17:06.000000,2.609023e+07,1.818746e+07,1.239946e+02,1.410256e+06,8.843478e+01,,,,5
2018-04-26 15:17:07.000000,2.609024e+07,1.818933e+07,1.239958e+02,1.410256e+06,8.843478e+01,,,,5
2018-04-26 15:17:08.000000,2.609024e+07,1.818786e+07,1.239950e+02,1.410256e+06,8.843478e+01,,,,5
2018-04-26 15:17:09.000000,2.609024e+07,1.818779e+07,1.239949e+02,1.410256e+06,8.843478e+01,,,,5
2018-04-26 15:17:10.000000,2.609022e+07,1.818689e+07,1.239943e+02,1.410256e+06,8.843478e+01,,,,5
2018-04-26 15:17:11.000000,2.609023e+07,1.818688e+07,1.239943e+02,1.410256e+06,8.843478e+01,,,,5
2018-04-26 15:17:12.000000,2.609022e+07,1.818807e+07,1.239949e+02,1.410256e+06,8.843478e+01,,,,5
2018-04-26 15:17:13.000000,2.609024e+07,1.818667e+07,1.239941e+02,1.410256e+06,8.843478e+01,,,,5
2018-04-26 15:17:14.000000,2.609024e+07,1.818773e+07,1.239947e+02,1.410256e+06,8.843478e+01,,,,5
2018-04-26 15:17:15.000000,2.609024e+07,1.818647e+07,1.239940e+02,1.410256e+06,8.843478e+01,,,,5
2018-04-26 15:17:16.000000,2.609023e+07,1.818856e+07,1.239952e+02,1.410256e+06,8.843478e+01,,,,5
2018-04-26 15:17:17.000000,2.609022e+07,1.818747e+07,1.239946e+02,1.410256e+06,8.843478e+01,,,,5
2018-04-26 15:17:18.000000,2.609024e+07,1.818883e+07,1.239955e+02,1.410256e+06,8.843478e+01,,,,5
2018-04-26 15:17:19.000000,2.609024e+07,1.818785e+07,1.239950e+02,1.410256e+06,8.843478e+01,,,,5
2018-04-26 15:17:20.000000,2.609024e+07,1.818947e+07,1.239958e+02,1.410256e+06,8.843478e+01,,,,5
2018-04-26 15:17:21.000000,2.609022e+07,1.818711e+07,1.239944e+02,1.410256e+06,8.843478e+01,,,,5
2018-04-26 15:17:22.000000,2.609022e+07,1.818836e+07,1.239950e+02,1.410256e+06,8.843478e+01,,,,5
2018-04-26 15:17:23.000000,2.609022e+07,1.818719e+07,1.239944e+02,1.410256e+06,8.843478e+01,,,,5
2018-04-26 15:17:24.000000,2.609024e+07,1.818807e+07,1.239949e+02,1.410256e+06,8.843478e+01,,,,5
2018-04-26 15:17:25.000000,2.609024e+07,1.818692e+07,1.239942e+02,1.410256e+06,8.843478e+01,,,,5
2018-04-26 15:17:26.000000,2.609024e+07,1.818650e+07,1.239940e+02,1.410256e+06,8.843478e+01,,,,5
2018-04-26 15:17:27.000000,2.609022e+07,1.818765e+07,1.239947e+02,1.410256e+06,8.843478e+01,,,,5
2018-04-26 15:17:28.000000,2.609022e+07,1.818742e+07,1.239946e+02,1.410256e+06,8.843478e+01,,,,5
2018-04-26 15:17:29.000000,2.609022e+07,1.818864e+07,1.239953e+02,1.410256e+06,8.843478e+01,,,,5
2018-04-26 15:17:30.000000,2.609024e+07,1.818779e+07,1.239949e+02,1.410256e+06,8.843478e+01,,,,5
2018-04-26 15:17:31.000000,2.609024e+07,1.818947e+07,1.239959e+02,1.410256e+06,8.843478e+01,,,,5
2018-04-26 15:17:32.000000,2.609022e+07,1.818709e+07,1.239944e+02,1.410256e+06,8.843478e+01,,,,5
2018-04-26 15:17:33.000000,2.609022e+07,1.818848e+07,1.239951e+02,1.410256e+06,8.843478e+01,,,,5
2018-04-26 15:17:34.000000,2.609022e+07,1.818686e+07,1.239942e+02,1.410256e+06,8.843478e+01,,,,5
2018-04-26 15:17:35.000000,2.609024e+07,1.818816e+07,1.239949e+02,1.410256e+06,8.843478e+01,,,,5
2018-04-26 15:17:36.000000,2.609024e+07,1.818696e+07,1.239943e+02,1.410256e+06,8.843478e+01,,,,5
2018-04-26 15:17:37.000000,2.609024e+07,1.818655e+07,1.239940e+02,1.410256e+06,8.843478e+01,,,,5
2018-04-26 15:17:38.000000,2.609022e+07,1.818766e+07,1.239947e+02,1.410256e+06,8.843478e+01,,,,5
2018-04-26 15:17:39.000000,2.609022e+07,1.818747e+07,1.239947e+02,1.410256e+06,8.843478e+01,,,,5
2018-04-26 15:17:40.000000,2.609023e+07,1.818872e+07,1.239953e+02,1.410256e+06,8.843478e+01,,,,5
2018-04-26 15:17:41.000000,2.609024e+07,1.818780e+07,1.239949e+02,1.410256e+06,8.843478e+01,,,,5
2018-04-26 15:17:42.000000,2.609024e+07,1.818894e+07,1.239956e+02,1.410256e+06,8.843478e+01,,,,5
2018-04-26 15:17:43.000000,2.609024e+07,1.818775e+07,1.239949e+02,1.410256e+06,8.843477e+01,,,,5
2018-04-26 15:17:44.000000,2.609022e+07,1.818805e+07,1.239949e+02,1.410256e+06,8.843477e+01,,,,5
2018-04-26 15:17:45.000000,2.609022e+07,1.818683e+07,1.239942e+02,1.410256e+06,8.843477e+01,,,,5
2018-04-26 15:17:46.000000,2.609024e+07,1.818769e+07,1.239946e+02,1.410256e+06,8.843477e+01,,,,5
2018-04-26 15:17:47.000000,2.609024e+07,1.818656e+07,1.239941e+02,1.410256e+06,8.843477e+01,,,,5
2018-04-26 15:17:48.000000,2.609024e+07,1.818826e+07,1.239950e+02,1.410256e+06,8.843477e+01,,,,5
2018-04-26 15:17:49.000000,2.609022e+07,1.818752e+07,1.239946e+02,1.410256e+06,8.843477e+01,,,,5
2018-04-26 15:17:50.000000,2.609023e+07,1.818910e+07,1.239955e+02,1.410256e+06,8.843477e+01,,,,5
2018-04-26 15:17:51.000000,2.609022e+07,1.818780e+07,1.239948e+02,1.410256e+06,8.843477e+01,,,,5
2018-04-26 15:17:52.000000,2.609024e+07,1.818937e+07,1.239957e+02,1.410256e+06,8.843477e+01,,,,5
2018-04-26 15:17:53.000000,2.609024e+07,1.818819e+07,1.239951e+02,1.410256e+06,8.843477e+01,,,,5
2018-04-26 15:17:54.000000,2.609024e+07,1.818772e+07,1.239949e+02,1.410256e+06,8.843477e+01,,,,5
2018-04-26 15:17:55.000000,2.609023e+07,1.818721e+07,1.239944e+02,1.410256e+06,8.843477e+01,,,,5
2018-04-26 15:17:56.000000,2.609022e+07,1.818682e+07,1.239942e+02,1.410256e+06,8.843477e+01,,,,5
2018-04-26 15:17:57.000000,2.609023e+07,1.818808e+07,1.239949e+02,1.410256e+06,8.843477e+01,,,,5
2018-04-26 15:17:58.000000,2.609024e+07,1.818661e+07,1.239941e+02,1.410256e+06,8.843477e+01,,,,5
2018-04-26 15:17:59.000000,2.609024e+07,1.818767e+07,1.239946e+02,1.410256e+06,8.843477e+01,,,,5
2018-04-26 15:18:00.000000,2.609022e+07,1.818744e+07,1.239946e+02,1.410256e+06,8.843477e+01,,,,5
2018-04-26 15:18:01.000000,2.609022e+07,1.818856e+07,1.239952e+02,1.410256e+06,8.843477e+01,,,,5
2018-04-26 15:18:02.000000,2.609023e+07,1.818746e+07,1.239946e+02,1.410256e+06,8.843477e+01,,,,5
2018-04-26 15:18:03.000000,2.609024e+07,1.818934e+07,1.239958e+02,1.410256e+06,8.843477e+01,,,,5
2018-04-26 15:18:04.000000,2.609024e+07,1.818785e+07,1.239950e+02,1.410256e+06,8.843477e+01,,,,5
2018-04-26 15:18:05.000000,2.609024e+07,1.818779e+07,1.239949e+02,1.410256e+06,8.843477e+01,,,,5
2018-04-26 15:18:06.000000,2.609022e+07,1.818689e+07,1.239943e+02,1.410256e+06,8.843477e+01,,,,5
2018-04-26 15:18:07.000000,2.609023e+07,1.818688e+07,1.239943e+02,1.410256e+06,8.843477e+01,,,,5
2018-04-26 15:18:08.000000,2.609022e+07,1.818809e+07,1.239949e+02,1.410256e+06,8.843477e+01,,,,5
2018-04-26 15:18:09.000000,2.609024e+07,1.818667e+07,1.239941e+02,1.410256e+06,8.843477e+01,,,,5
2018-04-26 15:18:10.000000,2.609024e+07,1.818773e+07,1.239947e+02,1.410256e+06,8.843477e+01,,,,5
2018-04-26 15:18:11.000000,2.609024e+07,1.818646e+07,1.239940e+02,1.410256e+06,8.843477e+01,,,,5
2018-04-26 15:18:12.000000,2.609023e+07,1.818856e+07,1.239952e+02,1.410256e+06,8.843477e+01,,,,5
2018-04-26 15:18:13.000000,2.609022e+07,1.818748e+07,1.239946e+02,1.410256e+06,8.843477e+01,,,,5
2018-04-26 15:18:14.000000,2.609024e+07,1.818885e+07,1.239955e+02,1.410256e+06,8.843477e+01,,,,5
2018-04-26 15:18:15.000000,2.609024e+07,1.818783e+07,1.239950e+02,1.410256e+06,8.843477e+01,,,,5
2018-04-26 15:18:16.000000,2.609024e+07,1.818947e+07,1.239958e+02,1.410256e+06,8.843477e+01,,,,5
2018-04-26 15:18:17.000000,2.609023e+07,1.818711e+07,1.239944e+02,1.410256e+06,8.843477e+01,,,,5
2018-04-26 15:18:18.000000,2.609022e+07,1.818838e+07,1.239950e+02,1.410256e+06,8.843477e+01,,,,5
2018-04-26 15:18:19.000000,2.609023e+07,1.818719e+07,1.239944e+02,1.410256e+06,8.843477e+01,,,,5
2018-04-26 15:18:20.000000,2.609024e+07,1.818807e+07,1.239949e+02,1.410256e+06,8.843477e+01,,,,5
2018-04-26 15:18:21.000000,2.609024e+07,1.818691e+07,1.239942e+02,1.410256e+06,8.843477e+01,,,,5
2018-04-26 15:18:22.000000,2.609024e+07,1.818649e+07,1.239940e+02,1.410256e+06,8.843477e+01,,,,5
2018-04-26 15:18:23.000000,2.609023e+07,1.818765e+07,1.239947e+02,1.410256e+06,8.843477e+01,,,,5
2018-04-26 15:18:24.000000,2.609022e+07,1.818742e+07,1.239946e+02,1.410256e+06,8.843477e+01,,,,5
2018-04-26 15:18:25.000000,2.609022e+07,1.818865e+07,1.239953e+02,1.410256e+06,8.843477e+01,,,,5
2018-04-26 15:18:26.000000,2.609025e+07,1.818779e+07,1.239949e+02,1.410256e+06,8.843477e+01,,,,5
2018-04-26 15:18:27.000000,2.609024e+07,1.818948e+07,1.239959e+02,1.410256e+06,8.843477e+01,,,,5
2018-04-26 15:18:28.000000,2.609023e+07,1.818707e+07,1.239944e+02,1.410256e+06,8.843477e+01,,,,5
2018-04-26 15:18:29.000000,2.609022e+07,1.818849e+07,1.239951e+02,1.410256e+06,8.843477e+01,,,,5
2018-04-26 15:18:30.000000,2.609022e+07,1.818686e+07,1.239942e+02,1.410256e+06,8.843477e+01,,,,5
2018-04-26 15:18:31.000000,2.609025e+07,1.818818e+07,1.239949e+02,1.410256e+06,8.843477e+01,,,,5
2018-04-26 15:18:32.000000,2.609024e+07,1.818694e+07,1.239943e+02,1.410256e+06,8.843477e+01,,,,5
2018-04-26 15:18:33.000000,2.609024e+07,1.818655e+07,1.239940e+02,1.410256e+06,8.843477e+01,,,,5
2018-04-26 15:18:34.000000,2.609022e+07,1.818766e+07,1.239947e+02,1.410256e+06,8.843476e+01,,,,5
2018-04-26 15:18:35.000000,2.609022e+07,1.818748e+07,1.239947e+02,1.410256e+06,8.843476e+01,,,,5
2018-04-26 15:18:36.000000,2.609023e+07,1.818872e+07,1.239953e+02,1.410256e+06,8.843476e+01,,,,5
2018-04-26 15:18:37.000000,2.609024e+07,1.818780e+07,1.239949e+02,1.410256e+06,8.843476e+01,,,,5
2018-04-26 15:18:38.000000,2.609024e+07,1.818896e+07,1.239956e+02,1.410256e+06,8.843476e+01,,,,5
2018-04-26 15:18:39.000000,2.609024e+07,1.818774e+07,1.239949e+02,1.410256e+06,8.843476e+01,,,,5
2018-04-26 15:18:40.000000,2.609023e+07,1.818805e+07,1.239949e+02,1.410256e+06,8.843476e+01,,,,5
2018-04-26 15:18:41.000000,2.609023e+07,1.818687e+07,1.239942e+02,1.410256e+06,8.843476e+01,,,,5
2018-04-26 15:18:42.000000,2.609024e+07,1.818763e+07,1.239946e+02,1.410256e+06,8.843476e+01,,,,5
2018-04-26 15:18:43.000000,2.609024e+07,1.818660e+07,1.239940e+02,1.410256e+06,8.843476e+01,,,,5
2018-04-26 15:18:44.000000,2.609024e+07,1.818811e+07,1.239949e+02,1.410256e+06,8.843476e+01,,,,5
2018-04-26 15:18:45.000000,2.609023e+07,1.818749e+07,1.239946e+02,1.410256e+06,8.843476e+01,,,,5
2018-04-26 15:18:46.000000,2.609022e+07,1.818748e+07,1.239947e+02,1.410256e+06,8.843476e+01,,,,5
2018-04-26 15:18:47.000000,2.609022e+07,1.818775e+07,1.239948e+02,1.410256e+06,8.843476e+01,,,,5
2018-04-26 15:18:48.000000,2.609024e+07,1.818779e+07,1.239949e+02,1.410256e+06,8.843476e+01,,,,5
2018-04-26 15:18:49.000000,2.609024e+07,1.818805e+07,1.239950e+02,1.410256e+06,8.843476e+01,,,,5
2018-04-26 15:18:50.000000,2.609025e+07,1.818772e+07,1.239949e+02,1.410256e+06,8.843476e+01,,,,5
2018-04-26 15:18:51.000000,2.609022e+07,1.818807e+07,1.239949e+02,1.410256e+06,8.843476e+01,,,,5
2018-04-26 15:18:52.000000,2.609023e+07,1.818684e+07,1.239942e+02,1.410256e+06,8.843476e+01,,,,5
2018-04-26 15:18:53.000000,2.609024e+07,1.818769e+07,1.239946e+02,1.410256e+06,8.843476e+01,,,,5
2018-04-26 15:18:54.000000,2.609024e+07,1.818657e+07,1.239941e+02,1.410256e+06,8.843476e+01,,,,5
2018-04-26 15:18:55.000000,2.609025e+07,1.818826e+07,1.239950e+02,1.410256e+06,8.843476e+01,,,,5
2018-04-26 15:18:56.000000,2.609022e+07,1.818752e+07,1.239946e+02,1.410256e+06,8.843476e+01,,,,5
2018-04-26 15:18:57.000000,2.609023e+07,1.818908e+07,1.239955e+02,1.410256e+06,8.843476e+01,,,,5
2018-04-26 15:18:58.000000,2.609022e+07,1.818780e+07,1.239948e+02,1.410256e+06,8.843476e+01,,,,5
2018-04-26 15:18:59.000000,2.609024e+07,1.818937e+07,1.239957e+02,1.410256e+06,8.843476e+01,,,,5
2018-04-26 15:19:00.000000,2.609024e+07,1.818819e+07,1.239951e+02,1.410256e+06,8.843476e+01,,,,5
2018-04-26 15:19:01.000000,2.609024e+07,1.818773e+07,1.239949e+02,1.410256e+06,8.843476e+01,,,,5
2018-04-26 15:19:02.000000,2.609023e+07,1.818721e+07,1.239944e+02,1.410256e+06,8.843476e+01,,,,5
2018-04-26 15:19:03.000000,2.609022e+07,1.818682e+07,1.239942e+02,1.410256e+06,8.843476e+01,,,,5
2018-04-26 15:19:04.000000,2.609022e+07,1.818807e+07,1.239949e+02,1.410256e+06,8.843476e+01,,,,5
2018-04-26 15:19:05.000000,2.609024e+07,1.818661e+07,1.239941e+02,1.410256e+06,8.843476e+01,,,,5
2018-04-26 15:19:06.000000,2.609024e+07,1.818767e+07,1.239946e+02,1.410256e+06,8.843476e+01,,,,5
2018-04-26 15:19:07.000000,2.609022e+07,1.818744e+07,1.239946e+02,1.410256e+06,8.843476e+01,,,,5
2018-04-26 15:19:08.000000,2.609022e+07,1.818855e+07,1.239952e+02,1.410256e+06,8.843476e+01,,,,5
2018-04-26 15:19:09.000000,2.609023e+07,1.818746e+07,1.239946e+02,1.410256e+06,8.843476e+01,,,,5
2018-04-26 15:19:10.000000,2.609024e+07,1.818934e+07,1.239958e+02,1.410256e+06,8.843476e+01,,,,5
2018-04-26 15:19:11.000000,2.609024e+07,1.818786e+07,1.239950e+02,1.410256e+06,8.843476e+01,,,,5
2018-04-26 15:19:12.000000,2.609024e+07,1.818779e+07,1.239949e+02,1.410256e+06,8.843476e+01,,,,5
2018-04-26 15:19:13.000000,2.609022e+07,1.818689e+07,1.239943e+02,1.410256e+06,8.843476e+01,,,,5
2018-04-26 15:19:14.000000,2.609023e+07,1.818688e+07,1.239943e+02,1.410256e+06,8.843476e+01,,,,5
2018-04-26 15:19:15.000000,2.609022e+07,1.818809e+07,1.239949e+02,1.410256e+06,8.843476e+01,,,,5
2018-04-26 15:19:16.000000,2.609024e+07,1.818667e+07,1.239941e+02,1.410256e+06,8.843476e+01,,,,5
2018-04-26 15:19:17.000000,2.609024e+07,1.818773e+07,1.239947e+02,1.410256e+06,8.843476e+01,,,,5
2018-04-26 15:19:18.000000,2.609024e+07,1.818647e+07,1.239940e+02,1.410256e+06,8.843476e+01,,,,5
2018-04-26 15:19:19.000000,2.609023e+07,1.818856e+07,1.239952e+02,1.410256e+06,8.843476e+01,,,,5
2018-04-26 15:19:20.000000,2.609022e+07,1.818748e+07,1.239946e+02,1.410256e+06,8.843476e+01,,,,5
2018-04-26 15:19:21.000000,2.609024e+07,1.818883e+07,1.239955e+02,1.410256e+06,8.843476e+01,,,,5
2018-04-26 15:19:22.000000,2.609024e+07,1.818783e+07,1.239950e+02,1.410256e+06,8.843476e+01,,,,5
2018-04-26 15:19:23.000000,2.609024e+07,1.818947e+07,1.239958e+02,1.410256e+06,8.843476e+01,,,,5
2018-04-26 15:19:24.000000,2.609023e+07,1.818711e+07,1.239944e+02,1.410256e+06,8.843476e+01,,,,5
2018-04-26 15:19:25.000000,2.609022e+07,1.818836e+07,1.239950e+02,1.410256e+06,8.843475e+01,,,,5
2018-04-26 15:19:26.000000,2.609022e+07,1.818719e+07,1.239944e+02,1.410256e+06,8.843475e+01,,,,5
2018-04-26 15:19:27.000000,2.609024e+07,1.818807e+07,1.239949e+02,1.410256e+06,8.843475e+01,,,,5
2018-04-26 15:19:28.000000,2.609024e+07,1.818692e+07,1.239942e+02,1.410256e+06,8.843475e+01,,,,5
2018-04-26 15:19:29.000000,2.609024e+07,1.818649e+07,1.239940e+02,1.410256e+06,8.843475e+01,,,,5
2018-04-26 15:19:30.000000,2.609022e+07,1.818765e+07,1.239947e+02,1.410256e+06,8.843475e+01,,,,5
2018-04-26 15:19:31.000000,2.609022e+07,1.818742e+07,1.239946e+02,1.410256e+06,8.843475e+01,,,,5
2018-04-26 15:19:32.000000,2.609022e+07,1.818865e+07,1.239953e+02,1.410256e+06,8.843475e+01,,,,5
2018-04-26 15:19:33.000000,2.609025e+07,1.818779e+07,1.239949e+02,1.410256e+06,8.843475e+01,,,,5
2018-04-26 15:19:34.000000,2.609024e+07,1.818948e+07,1.239959e+02,1.410256e+06,8.843475e+01,,,,5
2018-04-26 15:19:35.000000,2.609023e+07,1.818709e+07,1.239944e+02,1.410256e+06,8.843475e+01,,,,5
2018-04-26 15:19:36.000000,2.609022e+07,1.818848e+07,1.239951e+02,1.410256e+06,8.843475e+01,,,,5
2018-04-26 15:19:37.000000,2.609022e+07,1.818686e+07,1.239942e+02,1.410256e+06,8.843475e+01,,,,5
2018-04-26 15:19:38.000000,2.609025e+07,1.818817e+07,1.239949e+02,1.410256e+06,8.843475e+01,,,,5
2018-04-26 15:19:39.000000,2.609024e+07,1.818694e+07,1.239943e+02,1.410256e+06,8.843475e+01,,,,5
2018-04-26 15:19:40.000000,2.609024e+07,1.818655e+07,1.239940e+02,1.410256e+06,8.843475e+01,,,,5
2018-04-26 15:19:41.000000,2.609022e+07,1.818766e+07,1.239947e+02,1.410256e+06,8.843475e+01,,,,5
2018-04-26 15:19:42.000000,2.609022e+07,1.818747e+07,1.239947e+02,1.410256e+06,8.843475e+01,,,,5
2018-04-26 15:19:43.000000,2.609023e+07,1.818872e+07,1.239953e+02,1.410256e+06,8.843475e+01,,,,5
2018-04-26 15:19:44.000000,2.609024e+07,1.818780e+07,1.239949e+02,1.410256e+06,8.843475e+01,,,,5
2018-04-26 15:19:45.000000,2.609024e+07,1.818894e+07,1.239956e+02,1.410256e+06,8.843475e+01,,,,5
2018-04-26 15:19:46.000000,2.609024e+07,1.818774e+07,1.239949e+02,1.410256e+06,8.843475e+01,,,,5
2018-04-26 15:19:47.000000,2.609022e+07,1.818805e+07,1.239949e+02,1.410256e+06,8.843475e+01,,,,5
2018-04-26 15:19:48.000000,2.609022e+07,1.818688e+07,1.239942e+02,1.410256e+06,8.843475e+01,,,,5
2018-04-26 15:19:49.000000,2.609024e+07,1.818763e+07,1.239946e+02,1.410256e+06,8.843475e+01,,,,5
2018-04-26 15:19:50.000000,2.609024e+07,1.818660e+07,1.239940e+02,1.410256e+06,8.843475e+01,,,,5
2018-04-26 15:19:51.000000,2.609024e+07,1.818811e+07,1.239949e+02,1.410256e+06,8.843475e+01,,,,5
2018-04-26 15:19:52.000000,2.609023e+07,1.818750e+07,1.239946e+02,1.410256e+06,8.843475e+01,,,,5
2018-04-26 15:19:53.000000,2.609022e+07,1.818747e+07,1.239947e+02,1.410256e+06,8.843475e+01,,,,5
2018-04-26 15:19:54.000000,2.609022e+07,1.818775e+07,1.239948e+02,1.410256e+06,8.843475e+01,,,,5
2018-04-26 15:19:55.000000,2.609024e+07,1.818779e+07,1.239949e+02,1.410256e+06,8.843475e+01,,,,5
2018-04-26 15:19:56.000000,2.609024e+07,1.818805e+07,1.239950e+02,1.410256e+06,8.843475e+01,,,,5
2018-04-26 15:19:57.000000,2.609024e+07,1.818772e+07,1.239949e+02,1.410256e+06,8.843475e+01,,,,5
2018-04-26 15:19:58.000000,2.609022e+07,1.818807e+07,1.239949e+02,1.410256e+06,8.843475e+01,,,,5
2018-04-26 15:19:59.000000,2.609023e+07,1.818685e+07,1.239942e+02,1.410256e+06,8.843475e+01,,,,5
2018-04-26 15:20:00.000000,2.609022e+07,1.818862e+07,1.239952e+02,1.410256e+06,8.843475e+01,,,,5
2018-04-26 15:20:01.000000,2.609024e+07,1.818662e+07,1.239941e+02,1.410256e+06,8.843475e+01,,,,5
2018-04-26 15:20:02.000000,2.609024e+07,1.818824e+07,1.239950e+02,1.410256e+06,8.843475e+01,,,,5
2018-04-26 15:20:03.000000,2.609022e+07,1.818752e+07,1.239946e+02,1.410256e+06,8.843475e+01,,,,5
2018-04-26 15:20:04.000000,2.609023e+07,1.818908e+07,1.239955e+02,1.410256e+06,8.843475e+01,,,,5
2018-04-26 15:20:05.000000,2.609022e+07,1.818782e+07,1.239948e+02,1.410256e+06,8.843475e+01,,,,5
2018-04-26 15:20:06.000000,2.609024e+07,1.818937e+07,1.239957e+02,1.410256e+06,8.843475e+01,,,,5
2018-04-26 15:20:07.000000,2.609024e+07,1.818819e+07,1.239951e+02,1.410256e+06,8.843475e+01,,,,5
2018-04-26 15:20:08.000000,2.609024e+07,1.818773e+07,1.239949e+02,1.410256e+06,8.843475e+01,,,,5
2018-04-26 15:20:09.000000,2.609022e+07,1.818721e+07,1.239944e+02,1.410256e+06,8.843475e+01,,,,5
2018-04-26 15:20:10.000000,2.609022e+07,1.818682e+07,1.239942e+02,1.410256e+06,8.843475e+01,,,,5
2018-04-26 15:20:11.000000,2.609022e+07,1.818807e+07,1.239949e+02,1.410256e+06,8.843475e+01,,,,5
2018-04-26 15:20:12.000000,2.609024e+07,1.818662e+07,1.239941e+02,1.410256e+06,8.843475e+01,,,,5
2018-04-26 15:20:13.000000,2.609024e+07,1.818767e+07,1.239946e+02,1.410256e+06,8.843475e+01,,,,5
2018-04-26 15:20:14.000000,2.609024e+07,1.818651e+07,1.239940e+02,1.410256e+06,8.843475e+01,,,,5
2018-04-26 15:20:15.000000,2.609022e+07,1.818849e+07,1.239952e+02,1.410256e+06,8.843475e+01,,,,5
2018-04-26 15:20:16.000000,2.609023e+07,1.818747e+07,1.239946e+02,1.410256e+06,8.843474e+01,,,,5
2018-04-26 15:20:17.000000,2.609024e+07,1.818934e+07,1.239958e+02,1.410256e+06,8.843474e+01,,,,5
2018-04-26 15:20:18.000000,2.609024e+07,1.818786e+07,1.239950e+02,1.410256e+06,8.843474e+01,,,,5
2018-04-26 15:20:19.000000,2.609024e+07,1.818779e+07,1.239949e+02,1.410256e+06,8.843474e+01,,,,5
2018-04-26 15:20:20.000000,2.609022e+07,1.818689e+07,1.239943e+02,1.410256e+06,8.843474e+01,,,,5
2018-04-26 15:20:21.000000,2.609023e+07,1.818688e+07,1.239943e+02,1.410256e+06,8.843474e+01,,,,5
2018-04-26 15:20:22.000000,2.609022e+07,1.818807e+07,1.239949e+02,1.410256e+06,8.843474e+01,,,,5
2018-04-26 15:20:23.000000,2.609024e+07,1.818667e+07,1.239941e+02,1.410256e+06,8.843474e+01,,,,5
2018-04-26 15:20:24.000000,2.609024e+07,1.818773e+07,1.239947e+02,1.410256e+06,8.843474e+01,,,,5
2018-04-26 15:20:25.000000,2.609024e+07,1.818647e+07,1.239940e+02,1.410256e+06,8.843474e+01,,,,5
2018-04-26 15:20:26.000000,2.609023e+07,1.818854e+07,1.239952e+02,1.410256e+06,8.843474e+01,,,,5
2018-04-26 15:20:27.000000,2.609022e+07,1.818748e+07,1.239946e+02,1.410256e+06,8.843474e+01,,,,5
2018-04-26 15:20:28.000000,2.609024e+07,1.818883e+07,1.239955e+02,1.410256e+06,8.843474e+01,,,,5
2018-04-26 15:20:29.000000,2.609024e+07,1.818785e+07,1.239950e+02,1.410256e+06,8.843474e+01,,,,5
2018-04-26 15:20:30.000000,2.609024e+07,1.818947e+07,1.239958e+02,1.410256e+06,8.843474e+01,,,,5
2018-04-26 15:20:31.000000,2.609022e+07,1.818711e+07,1.239944e+02,1.410256e+06,8.843474e+01,,,,5
2018-04-26 15:20:32.000000,2.609022e+07,1.818836e+07,1.239950e+02,1.410256e+06,8.843474e+01,,,,5
2018-04-26 15:20:33.000000,2.609022e+07,1.818720e+07,1.239944e+02,1.410256e+06,8.843474e+01,,,,5
2018-04-26 15:20:34.000000,2.609024e+07,1.818807e+07,1.239949e+02,1.410256e+06,8.843474e+01,,,,5
2018-04-26 15:20:35.000000,2.609024e+07,1.818692e+07,1.239942e+02,1.410256e+06,8.843474e+01,,,,5
2018-04-26 15:20:36.000000,2.609024e+07,1.818650e+07,1.239940e+02,1.410256e+06,8.843474e+01,,,,5
2018-04-26 15:20:37.000000,2.609022e+07,1.818765e+07,1.239947e+02,1.410256e+06,8.843474e+01,,,,5
2018-04-26 15:20:38.000000,2.609022e+07,1.818742e+07,1.239946e+02,1.410256e+06,8.843474e+01,,,,5
2018-04-26 15:20:39.000000,2.609022e+07,1.818864e+07,1.239953e+02,1.410256e+06,8.843474e+01,,,,5
2018-04-26 15:20:40.000000,2.609024e+07,1.818779e+07,1.239949e+02,1.410256e+06,8.843474e+01,,,,5
2018-04-26 15:20:41.000000,2.609024e+07,1.818948e+07,1.239959e+02,1.410256e+06,8.843474e+01,,,,5
2018-04-26 15:20:42.000000,2.609023e+07,1.818709e+07,1.239944e+02,1.410256e+06,8.843474e+01,,,,5
2018-04-26 15:20:43.000000,2.609022e+07,1.818847e+07,1.239951e+02,1.410256e+06,8.843474e+01,,,,5
2018-04-26 15:20:44.000000,2.609022e+07,1.818686e+07,1.239942e+02,1.410256e+06,8.843474e+01,,,,5
2018-04-26 15:20:45.000000,2.609024e+07,1.818816e+07,1.239949e+02,1.410256e+06,8.843474e+01,,,,5
2018-04-26 15:20:46.000000,2.609024e+07,1.818696e+07,1.239943e+02,1.410256e+06,8.843474e+01,,,,5
2018-04-26 15:20:47.000000,2.609024e+07,1.818655e+07,1.239940e+02,1.410256e+06,8.843474e+01,,,,5
2018-04-26 15:20:48.000000,2.609022e+07,1.818766e+07,1.239947e+02,1.410256e+06,8.843474e+01,,,,5
2018-04-26 15:20:49.000000,2.609022e+07,1.818747e+07,1.239947e+02,1.410256e+06,8.843474e+01,,,,5
2018-04-26 15:20:50.000000,2.609023e+07,1.818870e+07,1.239953e+02,1.410256e+06,8.843474e+01,,,,5
2018-04-26 15:20:51.000000,2.609024e+07,1.818780e+07,1.239949e+02,1.410256e+06,8.843474e+01,,,,5
2018-04-26 15:20:52.000000,2.609024e+07,1.818894e+07,1.239956e+02,1.410256e+06,8.843474e+01,,,,5
2018-04-26 15:20:53.000000,2.609024e+07,1.818775e+07,1.239949e+02,1.410256e+06,8.843474e+01,,,,5
2018-04-26 15:20:54.000000,2.609022e+07,1.818805e+07,1.239949e+02,1.410256e+06,8.843474e+01,,,,5
2018-04-26 15:20:55.000000,2.609022e+07,1.818688e+07,1.239942e+02,1.410256e+06,8.843474e+01,,,,5
2018-04-26 15:20:56.000000,2.609024e+07,1.818762e+07,1.239946e+02,1.410256e+06,8.843474e+01,,,,5
2018-04-26 15:20:57.000000,2.609024e+07,1.818660e+07,1.239940e+02,1.410256e+06,8.843474e+01,,,,5
2018-04-26 15:20:58.000000,2.609024e+07,1.818811e+07,1.239949e+02,1.410256e+06,8.843474e+01,,,,5
2018-04-26 15:20:59.000000,2.609023e+07,1.818750e+07,1.239946e+02,1.410256e+06,8.843474e+01,,,,5
2018-04-26 15:21:00.000000,2.609022e+07,1.818747e+07,1.239947e+02,1.410256e+06,8.843474e+01,,,,5
2018-04-26 15:21:01.000000,2.609022e+07,1.818775e+07,1.239948e+02,1.410256e+06,8.843474e+01,,,,5
2018-04-26 15:21:02.000000,2.609024e+07,1.818779e+07,1.239949e+02,1.410256e+06,8.843474e+01,,,,5
2018-04-26 15:21:03.000000,2.609024e+07,1.818804e+07,1.239950e+02,1.410256e+06,8.843474e+01,,,,5
2018-04-26 15:21:04.000000,2.609024e+07,1.818772e+07,1.239949e+02,1.410256e+06,8.843474e+01,,,,5
2018-04-26 15:21:05.000000,2.609022e+07,1.818807e+07,1.239949e+02,1.410256e+06,8.843474e+01,,,,5
2018-04-26 15:21:06.000000,2.609022e+07,1.818685e+07,1.239942e+02,1.410256e+06,8.843474e+01,,,,5
2018-04-26 15:21:07.000000,2.609022e+07,1.818860e+07,1.239952e+02,1.410256e+06,8.843474e+01,,,,5
2018-04-26 15:21:08.000000,2.609024e+07,1.818662e+07,1.239941e+02,1.410256e+06,8.843473e+01,,,,5
2018-04-26 15:21:09.000000,2.609024e+07,1.818823e+07,1.239950e+02,1.410256e+06,8.843473e+01,,,,5
2018-04-26 15:21:10.000000,2.609022e+07,1.818752e+07,1.239946e+02,1.410256e+06,8.843473e+01,,,,5
2018-04-26 15:21:11.000000,2.609023e+07,1.818908e+07,1.239955e+02,1.410256e+06,8.843473e+01,,,,5
2018-04-26 15:21:12.000000,2.609022e+07,1.818782e+07,1.239948e+02,1.410256e+06,8.843473e+01,,,,5
2018-04-26 15:21:13.000000,2.609024e+07,1.818935e+07,1.239957e+02,1.410256e+06,8.843473e+01,,,,5
2018-04-26 15:21:14.000000,2.609024e+07,1.818819e+07,1.239951e+02,1.410256e+06,8.843473e+01,,,,5
2018-04-26 15:21:15.000000,2.609024e+07,1.818773e+07,1.239949e+02,1.410256e+06,8.843473e+01,,,,5
2018-04-26 15:21:16.000000,2.609022e+07,1.818721e+07,1.239944e+02,1.410256e+06,8.843473e+01,,,,5
2018-04-26 15:21:17.000000,2.609022e+07,1.818682e+07,1.239942e+02,1.410256e+06,8.843473e+01,,,,5
2018-04-26 15:21:18.000000,2.609022e+07,1.818807e+07,1.239949e+02,1.410256e+06,8.843473e+01,,,,5
2018-04-26 15:21:19.000000,2.609024e+07,1.818662e+07,1.239941e+02,1.410256e+06,8.843473e+01,,,,5
2018-04-26 15:21:20.000000,2.609024e+07,1.818766e+07,1.239946e+02,1.410256e+06,8.843473e+01,,,,5
2018-04-26 15:21:21.000000,2.609024e+07,1.818651e+07,1.239940e+02,1.410256e+06,8.843473e+01,,,,5
2018-04-26 15:21:22.000000,2.609022e+07,1.818849e+07,1.239952e+02,1.410256e+06,8.843473e+01,,,,5
2018-04-26 15:21:23.000000,2.609023e+07,1.818747e+07,1.239946e+02,1.410256e+06,8.843473e+01,,,,5
2018-04-26 15:21:24.000000,2.609024e+07,1.818933e+07,1.239957e+02,1.410256e+06,8.843473e+01,,,,5
2018-04-26 15:21:25.000000,2.609024e+07,1.818786e+07,1.239950e+02,1.410256e+06,8.843473e+01,,,,5
2018-04-26 15:21:26.000000,2.609024e+07,1.818779e+07,1.239949e+02,1.410256e+06,8.843473e+01,,,,5
2018-04-26 15:21:27.000000,2.609022e+07,1.818690e+07,1.239943e+02,1.410256e+06,8.843473e+01,,,,5
2018-04-26 15:21:28.000000,2.609023e+07,1.818687e+07,1.239943e+02,1.410256e+06,8.843473e+01,,,,5
2018-04-26 15:21:29.000000,2.609022e+07,1.818807e+07,1.239949e+02,1.410256e+06,8.843473e+01,,,,5
2018-04-26 15:21:30.000000,2.609024e+07,1.818668e+07,1.239941e+02,1.410256e+06,8.843473e+01,,,,5
2018-04-26 15:21:31.000000,2.609024e+07,1.818773e+07,1.239947e+02,1.410256e+06,8.843473e+01,,,,5
2018-04-26 15:21:32.000000,2.609024e+07,1.818647e+07,1.239940e+02,1.410256e+06,8.843473e+01,,,,5
2018-04-26 15:21:33.000000,2.609023e+07,1.818854e+07,1.239952e+02,1.410256e+06,8.843473e+01,,,,5
2018-04-26 15:21:34.000000,2.609022e+07,1.818749e+07,1.239946e+02,1.410256e+06,8.843473e+01,,,,5
2018-04-26 15:21:35.000000,2.609022e+07,1.818921e+07,1.239956e+02,1.410256e+06,8.843473e+01,,,,5
2018-04-26 15:21:36.000000,2.609024e+07,1.818785e+07,1.239950e+02,1.410256e+06,8.843473e+01,,,,5
2018-04-26 15:21:37.000000,2.609024e+07,1.818946e+07,1.239958e+02,1.410256e+06,8.843473e+01,,,,5
2018-04-26 15:21:38.000000,2.609022e+07,1.818711e+07,1.239944e+02,1.410256e+06,8.843473e+01,,,,5
2018-04-26 15:21:39.000000,2.609022e+07,1.818836e+07,1.239950e+02,1.410256e+06,8.843473e+01,,,,5
2018-04-26 15:21:40.000000,2.609022e+07,1.818720e+07,1.239944e+02,1.410256e+06,8.843473e+01,,,,5
2018-04-26 15:21:41.000000,2.609024e+07,1.818807e+07,1.239949e+02,1.410256e+06,8.843473e+01,,,,5
2018-04-26 15:21:42.000000,2.609024e+07,1.818692e+07,1.239942e+02,1.410256e+06,8.843473e+01,,,,5
2018-04-26 15:21:43.000000,2.609024e+07,1.818650e+07,1.239940e+02,1.410256e+06,8.843473e+01,,,,5
2018-04-26 15:21:44.000000,2.609022e+07,1.818764e+07,1.239947e+02,1.410256e+06,8.843473e+01,,,,5
2018-04-26 15:21:45.000000,2.609022e+07,1.818742e+07,1.239946e+02,1.410256e+06,8.843473e+01,,,,5
2018-04-26 15:21:46.000000,2.609022e+07,1.818864e+07,1.239953e+02,1.410256e+06,8.843473e+01,,,,5
2018-04-26 15:21:47.000000,2.609024e+07,1.818780e+07,1.239949e+02,1.410256e+06,8.843473e+01,,,,5
2018-04-26 15:21:48.000000,2.609024e+07,1.818947e+07,1.239958e+02,1.410256e+06,8.843473e+01,,,,5
2018-04-26 15:21:49.000000,2.609024e+07,1.818773e+07,1.239949e+02,1.410256e+06,8.843473e+01,,,,5
2018-04-26 15:21:50.000000,2.609022e+07,1.818855e+07,1.239952e+02,1.410256e+06,8.843473e+01,,,,5
2018-04-26 15:21:51.000000,2.609022e+07,1.818688e+07,1.239942e+02,1.410256e+06,8.843473e+01,,,,5
2018-04-26 15:21:52.000000,2.609024e+07,1.818815e+07,1.239949e+02,1.410256e+06,8.843473e+01,,,,5
2018-04-26 15:21:53.000000,2.609024e+07,1.818696e+07,1.239943e+02,1.410256e+06,8.843473e+01,,,,5
2018-04-26 15:21:54.000000,2.609024e+07,1.818655e+07,1.239940e+02,1.410256e+06,8.843473e+01,,,,5
2018-04-26 15:21:55.000000,2.609022e+07,1.818766e+07,1.239947e+02,1.410256e+06,8.843473e+01,,,,5
2018-04-26 15:21:56.000000,2.609022e+07,1.818747e+07,1.239947e+02,1.410256e+06,8.843473e+01,,,,5
2018-04-26 15:21:57.000000,2.609023e+07,1.818870e+07,1.239953e+02,1.410256e+06,8.843473e+01,,,,5
2018-04-26 15:21:58.000000,2.609024e+07,1.818780e+07,1.239949e+02,1.410256e+06,8.843473e+01,,,,5
2018-04-26 15:21:59.000000,2.609024e+07,1.818894e+07,1.239956e+02,1.410256e+06,8.843473e+01,,,,5
2018-04-26 15:22:00.000000,2.609024e+07,1.818775e+07,1.239949e+02,1.410256e+06,8.843473e+01,,,,5
2018-04-26 15:22:01.000000,2.609022e+07,1.818805e+07,1.239949e+02,1.410256e+06,8.843472e+01,,,,5
2018-04-26 15:22:02.000000,2.609022e+07,1.818688e+07,1.239942e+02,1.410256e+06,8.843472e+01,,,,5
2018-04-26 15:22:03.000000,2.609022e+07,1.818848e+07,1.239951e+02,1.410256e+06,8.843472e+01,,,,5
2018-04-26 15:22:04.000000,2.609024e+07,1.818666e+07,1.239941e+02,1.410256e+06,8.843472e+01,,,,5
2018-04-26 15:22:05.000000,2.609024e+07,1.818811e+07,1.239949e+02,1.410256e+06,8.843472e+01,,,,5
2018-04-26 15:22:06.000000,2.609023e+07,1.818750e+07,1.239946e+02,1.410256e+06,8.843472e+01,,,,5
2018-04-26 15:22:07.000000,2.609022e+07,1.818908e+07,1.239955e+02,1.410256e+06,8.843472e+01,,,,5
2018-04-26 15:22:08.000000,2.609022e+07,1.818782e+07,1.239948e+02,1.410256e+06,8.843472e+01,,,,5
2018-04-26 15:22:09.000000,2.609024e+07,1.818937e+07,1.239957e+02,1.410256e+06,8.843472e+01,,,,5
2018-04-26 15:22:10.000000,2.609024e+07,1.818819e+07,1.239951e+02,1.410256e+06,8.843472e+01,,,,5
2018-04-26 15:22:11.000000,2.609024e+07,1.818773e+07,1.239949e+02,1.410256e+06,8.843472e+01,,,,5
2018-04-26 15:22:12.000000,2.609022e+07,1.818721e+07,1.239944e+02,1.410256e+06,8.843472e+01,,,,5
2018-04-26 15:22:13.000000,2.609022e+07,1.818682e+07,1.239942e+02,1.410256e+06,8.843472e+01,,,,5
2018-04-26 15:22:14.000000,2.609022e+07,1.818807e+07,1.239949e+02,1.410256e+06,8.843472e+01,,,,5
2018-04-26 15:22:15.000000,2.609024e+07,1.818661e+07,1.239941e+02,1.410256e+06,8.843472e+01,,,,5
2018-04-26 15:22:16.000000,2.609024e+07,1.818767e+07,1.239946e+02,1.410256e+06,8.843472e+01,,,,5
2018-04-26 15:22:17.000000,2.609022e+07,1.818744e+07,1.239946e+02,1.410256e+06,8.843472e+01,,,,5
2018-04-26 15:22:18.000000,2.609022e+07,1.818855e+07,1.239952e+02,1.410256e+06,8.843472e+01,,,,5
2018-04-26 15:22:19.000000,2.609023e+07,1.818746e+07,1.239946e+02,1.410256e+06,8.843472e+01,,,,5
2018-04-26 15:22:20.000000,2.609024e+07,1.818934e+07,1.239957e+02,1.410256e+06,8.843472e+01,,,,5
2018-04-26 15:22:21.000000,2.609024e+07,1.818786e+07,1.239950e+02,1.410256e+06,8.843472e+01,,,,5
2018-04-26 15:22:22.000000,2.609024e+07,1.818779e+07,1.239949e+02,1.410256e+06,8.843472e+01,,,,5
2018-04-26 15:22:23.000000,2.609022e+07,1.818689e+07,1.239943e+02,1.410256e+06,8.843472e+01,,,,5
2018-04-26 15:22:24.000000,2.609023e+07,1.818688e+07,1.239943e+02,1.410256e+06,8.843472e+01,,,,5
2018-04-26 15:22:25.000000,2.609022e+07,1.818807e+07,1.239949e+02,1.410256e+06,8.843472e+01,,,,5
2018-04-26 15:22:26.000000,2.609024e+07,1.818667e+07,1.239941e+02,1.410256e+06,8.843472e+01,,,,5
2018-04-26 15:22:27.000000,2.609024e+07,1.818773e+07,1.239947e+02,1.410256e+06,8.843472e+01,,,,5
2018-04-26 15:22:28.000000,2.609024e+07,1.818647e+07,1.239940e+02,1.410256e+06,8.843472e+01,,,,5
2018-04-26 15:22:29.000000,2.609023e+07,1.818856e+07,1.239952e+02,1.410256e+06,8.843472e+01,,,,5
2018-04-26 15:22:30.000000,2.609022e+07,1.818748e+07,1.239946e+02,1.410256e+06,8.843472e+01,,,,5
2018-04-26 15:22:31.000000,2.609024e+07,1.818883e+07,1.239954e+02,1.410256e+06,8.843472e+01,,,,5
2018-04-26 15:22:32.000000,2.609024e+07,1.818783e+07,1.239949e+02,1.410256e+06,8.843472e+01,,,,5
2018-04-26 15:22:33.000000,2.609024e+07,1.818947e+07,1.239958e+02,1.410256e+06,8.843472e+01,,,,5
2018-04-26 15:22:34.000000,2.609023e+07,1.818711e+07,1.239944e+02,1.410256e+06,8.843472e+01,,,,5
2018-04-26 15:22:35.000000,2.609022e+07,1.818836e+07,1.239950e+02,1.410256e+06,8.843472e+01,,,,5
2018-04-26 15:22:36.000000,2.609023e+07,1.818719e+07,1.239944e+02,1.410256e+06,8.843472e+01,,,,5
2018-04-26 15:22:37.000000,2.609024e+07,1.818807e+07,1.239949e+02,1.410256e+06,8.843472e+01,,,,5
2018-04-26 15:22:38.000000,2.609024e+07,1.818692e+07,1.239942e+02,1.410256e+06,8.843472e+01,,,,5
2018-04-26 15:22:39.000000,2.609024e+07,1.818649e+07,1.239940e+02,1.410256e+06,8.843472e+01,,,,5
2018-04-26 15:22:40.000000,2.609022e+07,1.818765e+07,1.239947e+02,1.410256e+06,8.843472e+01,,,,5
2018-04-26 15:22:41.000000,2.609022e+07,1.818742e+07,1.239946e+02,1.410256e+06,8.843472e+01,,,,5
2018-04-26 15:22:42.000000,2.609022e+07,1.818864e+07,1.239953e+02,1.410256e+06,8.843472e+01,,,,5
2018-04-26 15:22:43.000000,2.609025e+07,1.818779e+07,1.239949e+02,1.410256e+06,8.843472e+01,,,,5
2018-04-26 15:22:44.000000,2.609024e+07,1.818948e+07,1.239958e+02,1.410256e+06,8.843472e+01,,,,5
2018-04-26 15:22:45.000000,2.609023e+07,1.818709e+07,1.239944e+02,1.410256e+06,8.843472e+01,,,,5
2018-04-26 15:22:46.000000,2.609022e+07,1.818848e+07,1.239951e+02,1.410256e+06,8.843472e+01,,,,5
2018-04-26 15:22:47.000000,2.609022e+07,1.818686e+07,1.239942e+02,1.410256e+06,8.843472e+01,,,,5
2018-04-26 15:22:48.000000,2.609025e+07,1.818817e+07,1.239949e+02,1.410256e+06,8.843472e+01,,,,5
2018-04-26 15:22:49.000000,2.609024e+07,1.818694e+07,1.239943e+02,1.410256e+06,8.843472e+01,,,,5
2018-04-26 15:22:50.000000,2.609024e+07,1.818655e+07,1.239940e+02,1.410256e+06,8.843472e+01,,,,5
2018-04-26 15:22:51.000000,2.609022e+07,1.818766e+07,1.239947e+02,1.410256e+06,8.843472e+01,,,,5
2018-04-26 15:22:52.000000,2.609022e+07,1.818748e+07,1.239947e+02,1.410256e+06,8.843472e+01,,,,5
2018-04-26 15:22:53.000000,2.609023e+07,1.818872e+07,1.239953e+02,1.410256e+06,8.843472e+01,,,,5
2018-04-26 15:22:54.000000,2.609024e+07,1.818780e+07,1.239949e+02,1.410256e+06,8.843471e+01,,,,5
2018-04-26 15:22:55.000000,2.609024e+07,1.818894e+07,1.239955e+02,1.410256e+06,8.843471e+01,,,,5
2018-04-26 15:22:56.000000,2.609024e+07,1.818774e+07,1.239949e+02,1.410256e+06,8.843471e+01,,,,5
2018-04-26 15:22:57.000000,2.609023e+07,1.818805e+07,1.239949e+02,1.410256e+06,8.843471e+01,,,,5
2018-04-26 15:22:58.000000,2.609023e+07,1.818688e+07,1.239942e+02,1.410256e+06,8.843471e+01,,,,5
2018-04-26 15:22:59.000000,2.609024e+07,1.818762e+07,1.239946e+02,1.410256e+06,8.843471e+01,,,,5
2018-04-26 15:23:00.000000,2.609024e+07,1.818660e+07,1.239940e+02,1.410256e+06,8.843471e+01,,,,5
2018-04-26 15:23:01.000000,2.609024e+07,1.818811e+07,1.239949e+02,1.410256e+06,8.843471e+01,,,,5
2018-04-26 15:23:02.000000,2.609023e+07,1.818750e+07,1.239946e+02,1.410256e+06,8.843471e+01,,,,5
2018-04-26 15:23:03.000000,2.609022e+07,1.818748e+07,1.239947e+02,1.410256e+06,8.843471e+01,,,,5
2018-04-26 15:23:04.000000,2.609022e+07,1.818775e+07,1.239948e+02,1.410256e+06,8.843471e+01,,,,5
2018-04-26 15:23:05.000000,2.609024e+07,1.818779e+07,1.239949e+02,1.410256e+06,8.843471e+01,,,,5
2018-04-26 15:23:06.000000,2.609024e+07,1.818805e+07,1.239950e+02,1.410256e+06,8.843471e+01,,,,5
2018-04-26 15:23:07.000000,2.609025e+07,1.818772e+07,1.239949e+02,1.410256e+06,8.843471e+01,,,,5
2018-04-26 15:23:08.000000,2.609022e+07,1.818807e+07,1.239949e+02,1.410256e+06,8.843471e+01,,,,5
2018-04-26 15:23:09.000000,2.609023e+07,1.818685e+07,1.239942e+02,1.410256e+06,8.843471e+01,,,,5
2018-04-26 15:23:10.000000,2.609022e+07,1.818862e+07,1.239952e+02,1.410256e+06,8.843471e+01,,,,5
2018-04-26 15:23:11.000000,2.609024e+07,1.818662e+07,1.239941e+02,1.410256e+06,8.843471e+01,,,,5
2018-04-26 15:23:12.000000,2.609025e+07,1.818824e+07,1.239950e+02,1.410256e+06,8.843471e+01,,,,5
2018-04-26 15:23:13.000000,2.609022e+07,1.818752e+07,1.239946e+02,1.410256e+06,8.843471e+01,,,,5
2018-04-26 15:23:14.000000,2.609023e+07,1.818908e+07,1.239955e+02,1.410256e+06,8.843471e+01,,,,5
2018-04-26 15:23:15.000000,2.609022e+07,1.818782e+07,1.239948e+02,1.410256e+06,8.843471e+01,,,,5
2018-04-26 15:23:16.000000,2.609024e+07,1.818935e+07,1.239957e+02,1.410256e+06,8.843471e+01,,,,5
2018-04-26 15:23:17.000000,2.609024e+07,1.818819e+07,1.239951e+02,1.410256e+06,8.843471e+01,,,,5
2018-04-26 15:23:18.000000,2.609024e+07,1.818773e+07,1.239949e+02,1.410256e+06,8.843471e+01,,,,5
2018-04-26 15:23:19.000000,2.609023e+07,1.818721e+07,1.239944e+02,1.410256e+06,8.843471e+01,,,,5
2018-04-26 15:23:20.000000,2.609022e+07,1.818682e+07,1.239942e+02,1.410256e+06,8.843471e+01,,,,5
2018-04-26 15:23:21.000000,2.609022e+07,1.818807e+07,1.239949e+02,1.410256e+06,8.843471e+01,,,,5
2018-04-26 15:23:22.000000,2.609024e+07,1.818662e+07,1.239941e+02,1.410256e+06,8.843471e+01,,,,5
2018-04-26 15:23:23.000000,2.609024e+07,1.818767e+07,1.239946e+02,1.410256e+06,8.843471e+01,,,,5
2018-04-26 15:23:24.000000,2.609024e+07,1.818651e+07,1.239940e+02,1.410256e+06,8.843471e+01,,,,5
2018-04-26 15:23:25.000000,2.609022e+07,1.818849e+07,1.239952e+02,1.410256e+06,8.843471e+01,,,,5
2018-04-26 15:23:26.000000,2.609023e+07,1.818747e+07,1.239946e+02,1.410256e+06,8.843471e+01,,,,5
2018-04-26 15:23:27.000000,2.609024e+07,1.818934e+07,1.239957e+02,1.410256e+06,8.843471e+01,,,,5
2018-04-26 15:23:28.000000,2.609024e+07,1.818786e+07,1.239950e+02,1.410256e+06,8.843471e+01,,,,5
2018-04-26 15:23:29.000000,2.609024e+07,1.818779e+07,1.239949e+02,1.410256e+06,8.843471e+01,,,,5
2018-04-26 15:23:30.000000,2.609022e+07,1.818689e+07,1.239943e+02,1.410256e+06,8.843471e+01,,,,5
2018-04-26 15:23:31.000000,2.609023e+07,1.818688e+07,1.239943e+02,1.410256e+06,8.843471e+01,,,,5
2018-04-26 15:23:32.000000,2.609022e+07,1.818807e+07,1.239949e+02,1.410256e+06,8.843471e+01,,,,5
2018-04-26 15:23:33.000000,2.609024e+07,1.818668e+07,1.239941e+02,1.410256e+06,8.843471e+01,,,,5
2018-04-26 15:23:34.000000,2.609024e+07,1.818773e+07,1.239947e+02,1.410256e+06,8.843471e+01,,,,5
2018-04-26 15:23:35.000000,2.609024e+07,1.818647e+07,1.239940e+02,1.410256e+06,8.843471e+01,,,,5
2018-04-26 15:23:36.000000,2.609023e+07,1.818854e+07,1.239952e+02,1.410256e+06,8.843471e+01,,,,5
2018-04-26 15:23:37.000000,2.609022e+07,1.818748e+07,1.239946e+02,1.410256e+06,8.843471e+01,,,,5
2018-04-26 15:23:38.000000,2.609023e+07,1.818921e+07,1.239956e+02,1.410256e+06,8.843471e+01,,,,5
2018-04-26 15:23:39.000000,2.609024e+07,1.818785e+07,1.239950e+02,1.410256e+06,8.843471e+01,,,,5
2018-04-26 15:23:40.000000,2.609024e+07,1.818947e+07,1.239958e+02,1.410256e+06,8.843471e+01,,,,5
2018-04-26 15:23:41.000000,2.609022e+07,1.818711e+07,1.239944e+02,1.410256e+06,8.843471e+01,,,,5
2018-04-26 15:23:42.000000,2.609022e+07,1.818836e+07,1.239950e+02,1.410256e+06,8.843471e+01,,,,5
2018-04-26 15:23:43.000000,2.609022e+07,1.818720e+07,1.239944e+02,1.410256e+06,8.843471e+01,,,,5
2018-04-26 15:23:44.000000,2.609024e+07,1.818807e+07,1.239949e+02,1.410256e+06,8.843471e+01,,,,5
2018-04-26 15:23:45.000000,2.609024e+07,1.818692e+07,1.239942e+02,1.410256e+06,8.843471e+01,,,,5
2018-04-26 15:23:46.000000,2.609024e+07,1.818650e+07,1.239940e+02,1.410256e+06,8.843471e+01,,,,5
2018-04-26 15:23:47.000000,2.609022e+07,1.818765e+07,1.239947e+02,1.410256e+06,8.843471e+01,,,,5
2018-04-26 15:23:48.000000,2.609022e+07,1.818742e+07,1.239946e+02,1.410256e+06,8.843470e+01,,,,5
2018-04-26 15:23:49.000000,2.609022e+07,1.818864e+07,1.239953e+02,1.410256e+06,8.843470e+01,,,,5
2018-04-26 15:23:50.000000,2.609025e+07,1.818780e+07,1.239949e+02,1.410256e+06,8.843470e+01,,,,5
2018-04-26 15:23:51.000000,2.609024e+07,1.818948e+07,1.239958e+02,1.410256e+06,8.843470e+01,,,,5
2018-04-26 15:23:52.000000,2.609023e+07,1.818709e+07,1.239944e+02,1.410256e+06,8.843470e+01,,,,5
2018-04-26 15:23:53.000000,2.609022e+07,1.818847e+07,1.239951e+02,1.410256e+06,8.843470e+01,,,,5
2018-04-26 15:23:54.000000,2.609022e+07,1.818686e+07,1.239942e+02,1.410256e+06,8.843470e+01,,,,5
2018-04-26 15:23:55.000000,2.609025e+07,1.818817e+07,1.239948e+02,1.410256e+06,8.843470e+01,,,,5
2018-04-26 15:23:56.000000,2.609024e+07,1.818696e+07,1.239943e+02,1.410256e+06,8.843470e+01,,,,5
2018-04-26 15:23:57.000000,2.609024e+07,1.818655e+07,1.239940e+02,1.410256e+06,8.843470e+01,,,,5
2018-04-26 15:23:58.000000,2.609022e+07,1.818766e+07,1.239947e+02,1.410256e+06,8.843470e+01,,,,5
2018-04-26 15:23:59.000000,2.609022e+07,1.818747e+07,1.239947e+02,1.410256e+06,8.843470e+01,,,,5
2018-04-26 15:24:00.000000,2.609023e+07,1.818870e+07,1.239953e+02,1.410256e+06,8.843470e+01,,,,5
2018-04-26 15:24:01.000000,2.609024e+07,1.818780e+07,1.239949e+02,1.410256e+06,8.843470e+01,,,,5
2018-04-26 15:24:02.000000,2.609024e+07,1.818894e+07,1.239955e+02,1.410256e+06,8.843470e+01,,,,5
2018-04-26 15:24:03.000000,2.609024e+07,1.818775e+07,1.239949e+02,1.410256e+06,8.843470e+01,,,,5
2018-04-26 15:24:04.000000,2.609022e+07,1.818805e+07,1.239949e+02,1.410256e+06,8.843470e+01,,,,5
2018-04-26 15:24:05.000000,2.609022e+07,1.818688e+07,1.239942e+02,1.410256e+06,8.843470e+01,,,,5
2018-04-26 15:24:06.000000,2.609024e+07,1.818762e+07,1.239946e+02,1.410256e+06,8.843470e+01,,,,5
2018-04-26 15:24:07.000000,2.609024e+07,1.818661e+07,1.239941e+02,1.410256e+06,8.843470e+01,,,,5
2018-04-26 15:24:08.000000,2.609024e+07,1.818811e+07,1.239949e+02,1.410256e+06,8.843470e+01,,,,5
2018-04-26 15:24:09.000000,2.609023e+07,1.818750e+07,1.239946e+02,1.410256e+06,8.843470e+01,,,,5
2018-04-26 15:24:10.000000,2.609022e+07,1.818747e+07,1.239947e+02,1.410256e+06,8.843470e+01,,,,5
2018-04-26 15:24:11.000000,2.609022e+07,1.818775e+07,1.239948e+02,1.410256e+06,8.843470e+01,,,,5
2018-04-26 15:24:12.000000,2.609024e+07,1.818779e+07,1.239949e+02,1.410256e+06,8.843470e+01,,,,5
2018-04-26 15:24:13.000000,2.609024e+07,1.818804e+07,1.239950e+02,1.410256e+06,8.843470e+01,,,,5
2018-04-26 15:24:14.000000,2.609024e+07,1.818772e+07,1.239949e+02,1.410256e+06,8.843470e+01,,,,5
2018-04-26 15:24:15.000000,2.609022e+07,1.818807e+07,1.239949e+02,1.410256e+06,8.843470e+01,,,,5
2018-04-26 15:24:16.000000,2.609023e+07,1.818685e+07,1.239942e+02,1.410256e+06,8.843470e+01,,,,5
2018-04-26 15:24:17.000000,2.609022e+07,1.818860e+07,1.239952e+02,1.410256e+06,8.843470e+01,,,,5
2018-04-26 15:24:18.000000,2.609024e+07,1.818662e+07,1.239941e+02,1.410256e+06,8.843470e+01,,,,5
2018-04-26 15:24:19.000000,2.609024e+07,1.818824e+07,1.239949e+02,1.410256e+06,8.843470e+01,,,,5
2018-04-26 15:24:20.000000,2.609022e+07,1.818753e+07,1.239946e+02,1.410256e+06,8.843470e+01,,,,5
2018-04-26 15:24:21.000000,2.609023e+07,1.818908e+07,1.239955e+02,1.410256e+06,8.843470e+01,,,,5
2018-04-26 15:24:22.000000,2.609022e+07,1.818782e+07,1.239948e+02,1.410256e+06,8.843470e+01,,,,5
2018-04-26 15:24:23.000000,2.609024e+07,1.818935e+07,1.239957e+02,1.410256e+06,8.843470e+01,,,,5
2018-04-26 15:24:24.000000,2.609024e+07,1.818820e+07,1.239952e+02,1.410256e+06,8.843470e+01,,,,5
2018-04-26 15:24:25.000000,2.609024e+07,1.818773e+07,1.239949e+02,1.410256e+06,8.843470e+01,,,,5
2018-04-26 15:24:26.000000,2.609022e+07,1.818721e+07,1.239944e+02,1.410256e+06,8.843470e+01,,,,5
2018-04-26 15:24:27.000000,2.609022e+07,1.818682e+07,1.239942e+02,1.410256e+06,8.843470e+01,,,,5
2018-04-26 15:24:28.000000,2.609022e+07,1.818807e+07,1.239949e+02,1.410256e+06,8.843470e+01,,,,5
2018-04-26 15:24:29.000000,2.609024e+07,1.818662e+07,1.239941e+02,1.410256e+06,8.843470e+01,,,,5
2018-04-26 15:24:30.000000,2.609024e+07,1.818766e+07,1.239946e+02,1.410256e+06,8.843470e+01,,,,5
2018-04-26 15:24:31.000000,2.609024e+07,1.818651e+07,1.239940e+02,1.410256e+06,8.843470e+01,,,,5
2018-04-26 15:24:32.000000,2.609022e+07,1.818849e+07,1.239952e+02,1.410256e+06,8.843470e+01,,,,5
2018-04-26 15:24:33.000000,2.609023e+07,1.818747e+07,1.239946e+02,1.410256e+06,8.843470e+01,,,,5
2018-04-26 15:24:34.000000,2.609024e+07,1.818932e+07,1.239957e+02,1.410256e+06,8.843470e+01,,,,5
2018-04-26 15:24:35.000000,2.609024e+07,1.818786e+07,1.239950e+02,1.410256e+06,8.843470e+01,,,,5
2018-04-26 15:24:36.000000,2.609024e+07,1.818779e+07,1.239949e+02,1.410256e+06,8.843470e+01,,,,5
2018-04-26 15:24:37.000000,2.609022e+07,1.818690e+07,1.239943e+02,1.410256e+06,8.843470e+01,,,,5
2018-04-26 15:24:38.000000,2.609023e+07,1.818687e+07,1.239943e+02,1.410256e+06,8.843470e+01,,,,5
2018-04-26 15:24:39.000000,2.609022e+07,1.818807e+07,1.239949e+02,1.410256e+06,8.843470e+01,,,,5
2018-04-26 15:24:40.000000,2.609024e+07,1.818668e+07,1.239941e+02,1.410256e+06,8.843470e+01,,,,5
2018-04-26 15:24:41.000000,2.609024e+07,1.818772e+07,1.239947e+02,1.410256e+06,8.843470e+01,,,,5
2018-04-26 15:24:42.000000,2.609024e+07,1.818647e+07,1.239940e+02,1.410256e+06,8.843469e+01,,,,5
2018-04-26 15:24:43.000000,2.609023e+07,1.818854e+07,1.239952e+02,1.410256e+06,8.843469e+01,,,,5
2018-04-26 15:24:44.000000,2.609022e+07,1.818750e+07,1.239946e+02,1.410256e+06,8.843469e+01,,,,5
2018-04-26 15:24:45.000000,2.609023e+07,1.818921e+07,1.239956e+02,1.410256e+06,8.843469e+01,,,,5
2018-04-26 15:24:46.000000,2.609024e+07,1.818785e+07,1.239950e+02,1.410256e+06,8.843469e+01,,,,5
2018-04-26 15:24:47.000000,2.609024e+07,1.818946e+07,1.239958e+02,1.410256e+06,8.843469e+01,,,,5
2018-04-26 15:24:48.000000,2.609022e+07,1.818711e+07,1.239944e+02,1.410256e+06,8.843469e+01,,,,5
2018-04-26 15:24:49.000000,2.609022e+07,1.818836e+07,1.239950e+02,1.410256e+06,8.843469e+01,,,,5
2018-04-26 15:24:50.000000,2.609022e+07,1.818720e+07,1.239944e+02,1.410256e+06,8.843469e+01,,,,5
2018-04-26 15:24:51.000000,2.609024e+07,1.818806e+07,1.239948e+02,1.410256e+06,8.843469e+01,,,,5
2018-04-26 15:24:52.000000,2.609024e+07,1.818692e+07,1.239942e+02,1.410256e+06,8.843469e+01,,,,5
2018-04-26 15:24:53.000000,2.609024e+07,1.818650e+07,1.239940e+02,1.410256e+06,8.843469e+01,,,,5
2018-04-26 15:24:54.000000,2.609022e+07,1.818764e+07,1.239947e+02,1.410256e+06,8.843469e+01,,,,5
2018-04-26 15:24:55.000000,2.609022e+07,1.818742e+07,1.239946e+02,1.410256e+06,8.843469e+01,,,,5
2018-04-26 15:24:56.000000,2.609022e+07,1.818864e+07,1.239953e+02,1.410256e+06,8.843469e+01,,,,5
2018-04-26 15:24:57.000000,2.609024e+07,1.818780e+07,1.239949e+02,1.410256e+06,8.843469e+01,,,,5
2018-04-26 15:24:58.000000,2.609024e+07,1.818945e+07,1.239958e+02,1.410256e+06,8.843469e+01,,,,5
2018-04-26 15:24:59.000000,2.609024e+07,1.818773e+07,1.239949e+02,1.410256e+06,8.843469e+01,,,,5
2018-04-26 15:25:00.000000,2.609022e+07,1.818855e+07,1.239952e+02,1.410256e+06,8.843469e+01,,,,5
2018-04-26 15:25:01.000000,2.609022e+07,1.818688e+07,1.239942e+02,1.410256e+06,8.843469e+01,,,,5
2018-04-26 15:25:02.000000,2.609024e+07,1.818815e+07,1.239948e+02,1.410256e+06,8.843469e+01,,,,5
2018-04-26 15:25:03.000000,2.609024e+07,1.818696e+07,1.239942e+02,1.410256e+06,8.843469e+01,,,,5
2018-04-26 15:25:04.000000,2.609024e+07,1.818655e+07,1.239940e+02,1.410256e+06,8.843469e+01,,,,5
2018-04-26 15:25:05.000000,2.609022e+07,1.818766e+07,1.239947e+02,1.410256e+06,8.843469e+01,,,,5
2018-04-26 15:25:06.000000,2.609022e+07,1.818747e+07,1.239947e+02,1.410256e+06,8.843469e+01,,,,5
2018-04-26 15:25:07.000000,2.609023e+07,1.818870e+07,1.239953e+02,1.410256e+06,8.843469e+01,,,,5
2018-04-26 15:25:08.000000,2.609024e+07,1.818781e+07,1.239949e+02,1.410256e+06,8.843469e+01,,,,5
2018-04-26 15:25:09.000000,2.609024e+07,1.818894e+07,1.239955e+02,1.410256e+06,8.843469e+01,,,,5
2018-04-26 15:25:10.000000,2.609024e+07,1.818775e+07,1.239949e+02,1.410256e+06,8.843469e+01,,,,5
2018-04-26 15:25:11.000000,2.609022e+07,1.818805e+07,1.239949e+02,1.410256e+06,8.843469e+01,,,,5
2018-04-26 15:25:12.000000,2.609022e+07,1.818688e+07,1.239942e+02,1.410256e+06,8.843469e+01,,,,5
2018-04-26 15:25:13.000000,2.609022e+07,1.818848e+07,1.239951e+02,1.410256e+06,8.843469e+01,,,,5
2018-04-26 15:25:14.000000,2.609024e+07,1.818666e+07,1.239941e+02,1.410256e+06,8.843469e+01,,,,5
2018-04-26 15:25:15.000000,2.609024e+07,1.818809e+07,1.239949e+02,1.410256e+06,8.843469e+01,,,,5
2018-04-26 15:25:16.000000,2.609023e+07,1.818750e+07,1.239946e+02,1.410256e+06,8.843469e+01,,,,5
2018-04-26 15:25:17.000000,2.609022e+07,1.818747e+07,1.239947e+02,1.410256e+06,8.843469e+01,,,,5
2018-04-26 15:25:18.000000,2.609022e+07,1.818775e+07,1.239948e+02,1.410256e+06,8.843469e+01,,,,5
2018-04-26 15:25:19.000000,2.609024e+07,1.818779e+07,1.239949e+02,1.410256e+06,8.843469e+01,,,,5
2018-04-26 15:25:20.000000,2.609024e+07,1.818804e+07,1.239950e+02,1.410256e+06,8.843469e+01,,,,5
2018-04-26 15:25:21.000000,2.609024e+07,1.818773e+07,1.239949e+02,1.410256e+06,8.843469e+01,,,,5
2018-04-26 15:25:22.000000,2.609022e+07,1.818807e+07,1.239949e+02,1.410256e+06,8.843469e+01,,,,5
2018-04-26 15:25:23.000000,2.609022e+07,1.818685e+07,1.239942e+02,1.410256e+06,8.843469e+01,,,,5
2018-04-26 15:25:24.000000,2.609022e+07,1.818860e+07,1.239952e+02,1.410256e+06,8.843469e+01,,,,5
2018-04-26 15:25:25.000000,2.609024e+07,1.818664e+07,1.239941e+02,1.410256e+06,8.843469e+01,,,,5
2018-04-26 15:25:26.000000,2.609024e+07,1.818823e+07,1.239949e+02,1.410256e+06,8.843469e+01,,,,5
2018-04-26 15:25:27.000000,2.609022e+07,1.818752e+07,1.239946e+02,1.410256e+06,8.843469e+01,,,,5
2018-04-26 15:25:28.000000,2.609023e+07,1.818906e+07,1.239955e+02,1.410256e+06,8.843469e+01,,,,5
2018-04-26 15:25:29.000000,2.609022e+07,1.818782e+07,1.239948e+02,1.410256e+06,8.843469e+01,,,,5
2018-04-26 15:25:30.000000,2.609024e+07,1.818935e+07,1.239957e+02,1.410256e+06,8.843469e+01,,,,5
2018-04-26 15:25:31.000000,2.609024e+07,1.818820e+07,1.239951e+02,1.410256e+06,8.843469e+01,,,,5
2018-04-26 15:25:32.000000,2.609024e+07,1.818773e+07,1.239949e+02,1.410256e+06,8.843469e+01,,,,5
2018-04-26 15:25:33.000000,2.609022e+07,1.818721e+07,1.239944e+02,1.410256e+06,8.843469e+01,,,,5
2018-04-26 15:25:34.000000,2.609022e+07,1.818682e+07,1.239942e+02,1.410256e+06,8.843469e+01,,,,5
2018-04-26 15:25:35.000000,2.609022e+07,1.818805e+07,1.239949e+02,1.410256e+06,8.843469e+01,,,,5
2018-04-26 15:25:36.000000,2.609024e+07,1.818662e+07,1.239941e+02,1.410256e+06,8.843469e+01,,,,5
2018-04-26 15:25:37.000000,2.609024e+07,1.818766e+07,1.239946e+02,1.410256e+06,8.843468e+01,,,,5
2018-04-26 15:25:38.000000,2.609024e+07,1.818652e+07,1.239940e+02,1.410256e+06,8.843468e+01,,,,5
2018-04-26 15:25:39.000000,2.609022e+07,1.818849e+07,1.239952e+02,1.410256e+06,8.843468e+01,,,,5
2018-04-26 15:25:40.000000,2.609023e+07,1.818747e+07,1.239946e+02,1.410256e+06,8.843468e+01,,,,5
2018-04-26 15:25:41.000000,2.609024e+07,1.818931e+07,1.239957e+02,1.410256e+06,8.843468e+01,,,,5
2018-04-26 15:25:42.000000,2.609024e+07,1.818788e+07,1.239950e+02,1.410256e+06,8.843468e+01,,,,5
2018-04-26 15:25:43.000000,2.609024e+07,1.818779e+07,1.239949e+02,1.410256e+06,8.843468e+01,,,,5
2018-04-26 15:25:44.000000,2.609022e+07,1.818690e+07,1.239943e+02,1.410256e+06,8.843468e+01,,,,5
2018-04-26 15:25:45.000000,2.609023e+07,1.818686e+07,1.239943e+02,1.410256e+06,8.843468e+01,,,,5
2018-04-26 15:25:46.000000,2.609022e+07,1.818807e+07,1.239949e+02,1.410256e+06,8.843468e+01,,,,5
2018-04-26 15:25:47.000000,2.609024e+07,1.818668e+07,1.239941e+02,1.410256e+06,8.843468e+01,,,,5
2018-04-26 15:25:48.000000,2.609024e+07,1.818772e+07,1.239947e+02,1.410256e+06,8.843468e+01,,,,5
2018-04-26 15:25:49.000000,2.609024e+07,1.818649e+07,1.239940e+02,1.410256e+06,8.843468e+01,,,,5
2018-04-26 15:25:50.000000,2.609023e+07,1.818854e+07,1.239952e+02,1.410256e+06,8.843468e+01,,,,5
2018-04-26 15:25:51.000000,2.609022e+07,1.818749e+07,1.239946e+02,1.410256e+06,8.843468e+01,,,,5
2018-04-26 15:25:52.000000,2.609022e+07,1.818919e+07,1.239956e+02,1.410256e+06,8.843468e+01,,,,5
2018-04-26 15:25:53.000000,2.609024e+07,1.818785e+07,1.239950e+02,1.410256e+06,8.843468e+01,,,,5
2018-04-26 15:25:54.000000,2.609024e+07,1.818946e+07,1.239958e+02,1.410256e+06,8.843468e+01,,,,5
2018-04-26 15:25:55.000000,2.609022e+07,1.818713e+07,1.239944e+02,1.410256e+06,8.843468e+01,,,,5
2018-04-26 15:25:56.000000,2.609022e+07,1.818836e+07,1.239950e+02,1.410256e+06,8.843468e+01,,,,5
2018-04-26 15:25:57.000000,2.609022e+07,1.818720e+07,1.239944e+02,1.410256e+06,8.843468e+01,,,,5
2018-04-26 15:25:58.000000,2.609024e+07,1.818806e+07,1.239948e+02,1.410256e+06,8.843468e+01,,,,5
2018-04-26 15:25:59.000000,2.609024e+07,1.818694e+07,1.239942e+02,1.410256e+06,8.843468e+01,,,,5
2018-04-26 15:26:00.000000,2.609024e+07,1.818650e+07,1.239940e+02,1.410256e+06,8.843468e+01,,,,5
2018-04-26 15:26:01.000000,2.609022e+07,1.818764e+07,1.239947e+02,1.410256e+06,8.843468e+01,,,,5
2018-04-26 15:26:02.000000,2.609022e+07,1.818742e+07,1.239946e+02,1.410256e+06,8.843468e+01,,,,5
2018-04-26 15:26:03.000000,2.609022e+07,1.818863e+07,1.239953e+02,1.410256e+06,8.843468e+01,,,,5
2018-04-26 15:26:04.000000,2.609024e+07,1.818780e+07,1.239949e+02,1.410256e+06,8.843468e+01,,,,5
2018-04-26 15:26:05.000000,2.609024e+07,1.818945e+07,1.239958e+02,1.410256e+06,8.843468e+01,,,,5
2018-04-26 15:26:06.000000,2.609024e+07,1.818775e+07,1.239949e+02,1.410256e+06,8.843468e+01,,,,5
2018-04-26 15:26:07.000000,2.609022e+07,1.818855e+07,1.239952e+02,1.410256e+06,8.843468e+01,,,,5
2018-04-26 15:26:08.000000,2.609022e+07,1.818688e+07,1.239942e+02,1.410256e+06,8.843468e+01,,,,5
2018-04-26 15:26:09.000000,2.609024e+07,1.818814e+07,1.239948e+02,1.410256e+06,8.843468e+01,,,,5
2018-04-26 15:26:10.000000,2.609024e+07,1.818696e+07,1.239942e+02,1.410256e+06,8.843468e+01,,,,5
2018-04-26 15:26:11.000000,2.609024e+07,1.818655e+07,1.239940e+02,1.410256e+06,8.843468e+01,,,,5
2018-04-26 15:26:12.000000,2.609022e+07,1.818764e+07,1.239947e+02,1.410256e+06,8.843468e+01,,,,5
2018-04-26 15:26:13.000000,2.609022e+07,1.818747e+07,1.239947e+02,1.410256e+06,8.843468e+01,,,,5
2018-04-26 15:26:14.000000,2.609023e+07,1.818870e+07,1.239953e+02,1.410256e+06,8.843468e+01,,,,5
2018-04-26 15:26:15.000000,2.609024e+07,1.818781e+07,1.239949e+02,1.410256e+06,8.843468e+01,,,,5
2018-04-26 15:26:16.000000,2.609024e+07,1.818893e+07,1.239955e+02,1.410256e+06,8.843468e+01,,,,5
2018-04-26 15:26:17.000000,2.609024e+07,1.818775e+07,1.239949e+02,1.410256e+06,8.843468e+01,,,,5
2018-04-26 15:26:18.000000,2.609022e+07,1.818805e+07,1.239949e+02,1.410256e+06,8.843468e+01,,,,5
2018-04-26 15:26:19.000000,2.609022e+07,1.818690e+07,1.239942e+02,1.410256e+06,8.843468e+01,,,,5
2018-04-26 15:26:20.000000,2.609022e+07,1.818848e+07,1.239951e+02,1.410256e+06,8.843468e+01,,,,5
2018-04-26 15:26:21.000000,2.609024e+07,1.818666e+07,1.239941e+02,1.410256e+06,8.843468e+01,,,,5
2018-04-26 15:26:22.000000,2.609024e+07,1.818809e+07,1.239949e+02,1.410256e+06,8.843468e+01,,,,5
2018-04-26 15:26:23.000000,2.609023e+07,1.818750e+07,1.239946e+02,1.410256e+06,8.843468e+01,,,,5
2018-04-26 15:26:24.000000,2.609022e+07,1.818908e+07,1.239955e+02,1.410256e+06,8.843468e+01,,,,5
2018-04-26 15:26:25.000000,2.609022e+07,1.818782e+07,1.239948e+02,1.410256e+06,8.843468e+01,,,,5
2018-04-26 15:26:26.000000,2.609024e+07,1.818935e+07,1.239957e+02,1.410256e+06,8.843468e+01,,,,5
2018-04-26 15:26:27.000000,2.609024e+07,1.818819e+07,1.239951e+02,1.410256e+06,8.843468e+01,,,,5
2018-04-26 15:26:28.000000,2.609024e+07,1.818773e+07,1.239949e+02,1.410256e+06,8.843468e+01,,,,5
2018-04-26 15:26:29.000000,2.609022e+07,1.818721e+07,1.239944e+02,1.410256e+06,8.843468e+01,,,,5
2018-04-26 15:26:30.000000,2.609022e+07,1.818682e+07,1.239942e+02,1.410256e+06,8.843468e+01,,,,5
2018-04-26 15:26:31.000000,2.609022e+07,1.818807e+07,1.239949e+02,1.410256e+06,8.843468e+01,,,,5
2018-04-26 15:26:32.000000,2.609024e+07,1.818662e+07,1.239941e+02,1.410256e+06,8.843468e+01,,,,5
2018-04-26 15:26:33.000000,2.609024e+07,1.818766e+07,1.239946e+02,1.410256e+06,8.843467e+01,,,,5
2018-04-26 15:26:34.000000,2.609024e+07,1.818651e+07,1.239940e+02,1.410256e+06,8.843467e+01,,,,5
2018-04-26 15:26:35.000000,2.609022e+07,1.818849e+07,1.239952e+02,1.410256e+06,8.843467e+01,,,,5
2018-04-26 15:26:36.000000,2.609023e+07,1.818747e+07,1.239946e+02,1.410256e+06,8.843467e+01,,,,5
2018-04-26 15:26:37.000000,2.609024e+07,1.818934e+07,1.239957e+02,1.410256e+06,8.843467e+01,,,,5
2018-04-26 15:26:38.000000,2.609024e+07,1.818786e+07,1.239950e+02,1.410256e+06,8.843467e+01,,,,5
2018-04-26 15:26:39.000000,2.609024e+07,1.818779e+07,1.239949e+02,1.410256e+06,8.843467e+01,,,,5
2018-04-26 15:26:40.000000,2.609022e+07,1.818689e+07,1.239943e+02,1.410256e+06,8.843467e+01,,,,5
2018-04-26 15:26:41.000000,2.609023e+07,1.818688e+07,1.239943e+02,1.410256e+06,8.843467e+01,,,,5
2018-04-26 15:26:42.000000,2.609022e+07,1.818807e+07,1.239949e+02,1.410256e+06,8.843467e+01,,,,5
2018-04-26 15:26:43.000000,2.609024e+07,1.818668e+07,1.239941e+02,1.410256e+06,8.843467e+01,,,,5
2018-04-26 15:26:44.000000,2.609024e+07,1.818773e+07,1.239947e+02,1.410256e+06,8.843467e+01,,,,5
2018-04-26 15:26:45.000000,2.609024e+07,1.818647e+07,1.239940e+02,1.410256e+06,8.843467e+01,,,,5
2018-04-26 15:26:46.000000,2.609023e+07,1.818854e+07,1.239952e+02,1.410256e+06,8.843467e+01,,,,5
2018-04-26 15:26:47.000000,2.609022e+07,1.818748e+07,1.239946e+02,1.410256e+06,8.843467e+01,,,,5
2018-04-26 15:26:48.000000,2.609023e+07,1.818921e+07,1.239956e+02,1.410256e+06,8.843467e+01,,,,5
2018-04-26 15:26:49.000000,2.609024e+07,1.818785e+07,1.239950e+02,1.410256e+06,8.843467e+01,,,,5
2018-04-26 15:26:50.000000,2.609024e+07,1.818946e+07,1.239958e+02,1.410256e+06,8.843467e+01,,,,5
2018-04-26 15:26:51.000000,2.609023e+07,1.818711e+07,1.239944e+02,1.410256e+06,8.843467e+01,,,,5
2018-04-26 15:26:52.000000,2.609022e+07,1.818836e+07,1.239950e+02,1.410256e+06,8.843467e+01,,,,5
2018-04-26 15:26:53.000000,2.609023e+07,1.818720e+07,1.239944e+02,1.410256e+06,8.843467e+01,,,,5
2018-04-26 15:26:54.000000,2.609024e+07,1.818807e+07,1.239949e+02,1.410256e+06,8.843467e+01,,,,5
2018-04-26 15:26:55.000000,2.609024e+07,1.818692e+07,1.239942e+02,1.410256e+06,8.843467e+01,,,,5
2018-04-26 15:26:56.000000,2.609024e+07,1.818650e+07,1.239940e+02,1.410256e+06,8.843467e+01,,,,5
2018-04-26 15:26:57.000000,2.609022e+07,1.818765e+07,1.239947e+02,1.410256e+06,8.843467e+01,,,,5
2018-04-26 15:26:58.000000,2.609022e+07,1.818742e+07,1.239946e+02,1.410256e+06,8.843467e+01,,,,5
2018-04-26 15:26:59.000000,2.609022e+07,1.818864e+07,1.239953e+02,1.410256e+06,8.843467e+01,,,,5
2018-04-26 15:27:00.000000,2.609025e+07,1.818780e+07,1.239949e+02,1.410256e+06,8.843467e+01,,,,5
2018-04-26 15:27:01.000000,2.609024e+07,1.818948e+07,1.239958e+02,1.410256e+06,8.843467e+01,,,,5
2018-04-26 15:27:02.000000,2.609024e+07,1.818773e+07,1.239949e+02,1.410256e+06,8.843467e+01,,,,5
2018-04-26 15:27:03.000000,2.609022e+07,1.818855e+07,1.239952e+02,1.410256e+06,8.843467e+01,,,,5
2018-04-26 15:27:04.000000,2.609022e+07,1.818686e+07,1.239942e+02,1.410256e+06,8.843467e+01,,,,5
2018-04-26 15:27:05.000000,2.609025e+07,1.818817e+07,1.239948e+02,1.410256e+06,8.843467e+01,,,,5
2018-04-26 15:27:06.000000,2.609024e+07,1.818696e+07,1.239942e+02,1.410256e+06,8.843467e+01,,,,5
2018-04-26 15:27:07.000000,2.609024e+07,1.818655e+07,1.239940e+02,1.410256e+06,8.843467e+01,,,,5
2018-04-26 15:27:08.000000,2.609022e+07,1.818766e+07,1.239947e+02,1.410256e+06,8.843467e+01,,,,5
2018-04-26 15:27:09.000000,2.609022e+07,1.818748e+07,1.239947e+02,1.410256e+06,8.843467e+01,,,,5
2018-04-26 15:27:10.000000,2.609023e+07,1.818870e+07,1.239953e+02,1.410256e+06,8.843467e+01,,,,5
2018-04-26 15:27:11.000000,2.609024e+07,1.818780e+07,1.239949e+02,1.410256e+06,8.843467e+01,,,,5
2018-04-26 15:27:12.000000,2.609024e+07,1.818894e+07,1.239955e+02,1.410256e+06,8.843467e+01,,,,5
2018-04-26 15:27:13.000000,2.609024e+07,1.818775e+07,1.239949e+02,1.410256e+06,8.843467e+01,,,,5
2018-04-26 15:27:14.000000,2.609023e+07,1.818805e+07,1.239949e+02,1.410256e+06,8.843467e+01,,,,5
2018-04-26 15:27:15.000000,2.609023e+07,1.818688e+07,1.239942e+02,1.410256e+06,8.843467e+01,,,,5
2018-04-26 15:27:16.000000,2.609024e+07,1.818762e+07,1.239946e+02,1.410256e+06,8.843467e+01,,,,5
2018-04-26 15:27:17.000000,2.609024e+07,1.818661e+07,1.239941e+02,1.410256e+06,8.843467e+01,,,,5
2018-04-26 15:27:18.000000,2.609024e+07,1.818811e+07,1.239948e+02,1.410256e+06,8.843467e+01,,,,5
2018-04-26 15:27:19.000000,2.609023e+07,1.818750e+07,1.239946e+02,1.410256e+06,8.843467e+01,,,,5
2018-04-26 15:27:20.000000,2.609022e+07,1.818748e+07,1.239947e+02,1.410256e+06,8.843467e+01,,,,5
2018-04-26 15:27:21.000000,2.609022e+07,1.818775e+07,1.239948e+02,1.410256e+06,8.843467e+01,,,,5
2018-04-26 15:27:22.000000,2.609024e+07,1.818779e+07,1.239949e+02,1.410256e+06,8.843467e+01,,,,5
2018-04-26 15:27:23.000000,2.609024e+07,1.818804e+07,1.239950e+02,1.410256e+06,8.843467e+01,,,,5
2018-04-26 15:27:24.000000,2.609025e+07,1.818773e+07,1.239949e+02,1.410256e+06,8.843467e+01,,,,5
2018-04-26 15:27:25.000000,2.609022e+07,1.818807e+07,1.239949e+02,1.410256e+06,8.843467e+01,,,,5
2018-04-26 15:27:26.000000,2.609023e+07,1.818685e+07,1.239942e+02,1.410256e+06,8.843467e+01,,,,5
2018-04-26 15:27:27.000000,2.609022e+07,1.818860e+07,1.239952e+02,1.410256e+06,8.843467e+01,,,,5
2018-04-26 15:27:28.000000,2.609024e+07,1.818662e+07,1.239941e+02,1.410256e+06,8.843467e+01,,,,5
2018-04-26 15:27:29.000000,2.609025e+07,1.818824e+07,1.239949e+02,1.410256e+06,8.843466e+01,,,,5
2018-04-26 15:27:30.000000,2.609022e+07,1.818753e+07,1.239946e+02,1.410256e+06,8.843466e+01,,,,5
2018-04-26 15:27:31.000000,2.609023e+07,1.818908e+07,1.239955e+02,1.410256e+06,8.843466e+01,,,,5
2018-04-26 15:27:32.000000,2.609022e+07,1.818782e+07,1.239948e+02,1.410256e+06,8.843466e+01,,,,5
2018-04-26 15:27:33.000000,2.609024e+07,1.818935e+07,1.239957e+02,1.410256e+06,8.843466e+01,,,,5
2018-04-26 15:27:34.000000,2.609024e+07,1.818820e+07,1.239951e+02,1.410256e+06,8.843466e+01,,,,5
2018-04-26 15:27:35.000000,2.609024e+07,1.818773e+07,1.239949e+02,1.410256e+06,8.843466e+01,,,,5
2018-04-26 15:27:36.000000,2.609022e+07,1.818721e+07,1.239944e+02,1.410256e+06,8.843466e+01,,,,5
2018-04-26 15:27:37.000000,2.609022e+07,1.818682e+07,1.239942e+02,1.410256e+06,8.843466e+01,,,,5
2018-04-26 15:27:38.000000,2.609022e+07,1.818807e+07,1.239949e+02,1.410256e+06,8.843466e+01,,,,5
2018-04-26 15:27:39.000000,2.609024e+07,1.818662e+07,1.239941e+02,1.410256e+06,8.843466e+01,,,,5
2018-04-26 15:27:40.000000,2.609024e+07,1.818766e+07,1.239946e+02,1.410256e+06,8.843466e+01,,,,5
2018-04-26 15:27:41.000000,2.609024e+07,1.818652e+07,1.239940e+02,1.410256e+06,8.843466e+01,,,,5
2018-04-26 15:27:42.000000,2.609022e+07,1.818849e+07,1.239952e+02,1.410256e+06,8.843466e+01,,,,5
2018-04-26 15:27:43.000000,2.609023e+07,1.818747e+07,1.239946e+02,1.410256e+06,8.843466e+01,,,,5
2018-04-26 15:27:44.000000,2.609024e+07,1.818932e+07,1.239957e+02,1.410256e+06,8.843466e+01,,,,5
2018-04-26 15:27:45.000000,2.609024e+07,1.818786e+07,1.239950e+02,1.410256e+06,8.843466e+01,,,,5
2018-04-26 15:27:46.000000,2.609024e+07,1.818779e+07,1.239949e+02,1.410256e+06,8.843466e+01,,,,5
2018-04-26 15:27:47.000000,2.609022e+07,1.818690e+07,1.239943e+02,1.410256e+06,8.843466e+01,,,,5
2018-04-26 15:27:48.000000,2.609023e+07,1.818687e+07,1.239943e+02,1.410256e+06,8.843466e+01,,,,5
2018-04-26 15:27:49.000000,2.609022e+07,1.818807e+07,1.239949e+02,1.410256e+06,8.843466e+01,,,,5
2018-04-26 15:27:50.000000,2.609024e+07,1.818668e+07,1.239941e+02,1.410256e+06,8.843466e+01,,,,5
2018-04-26 15:27:51.000000,2.609024e+07,1.818772e+07,1.239947e+02,1.410256e+06,8.843466e+01,,,,5
2018-04-26 15:27:52.000000,2.609024e+07,1.818647e+07,1.239940e+02,1.410256e+06,8.843466e+01,,,,5
2018-04-26 15:27:53.000000,2.609023e+07,1.818854e+07,1.239952e+02,1.410256e+06,8.843466e+01,,,,5
2018-04-26 15:27:54.000000,2.609022e+07,1.818750e+07,1.239946e+02,1.410256e+06,8.843466e+01,,,,5
2018-04-26 15:27:55.000000,2.609023e+07,1.818921e+07,1.239956e+02,1.410256e+06,8.843466e+01,,,,5
2018-04-26 15:27:56.000000,2.609024e+07,1.818785e+07,1.239950e+02,1.410256e+06,8.843466e+01,,,,5
2018-04-26 15:27:57.000000,2.609024e+07,1.818946e+07,1.239958e+02,1.410256e+06,8.843466e+01,,,,5
2018-04-26 15:27:58.000000,2.609022e+07,1.818713e+07,1.239944e+02,1.410256e+06,8.843466e+01,,,,5
2018-04-26 15:27:59.000000,2.609022e+07,1.818836e+07,1.239950e+02,1.410256e+06,8.843466e+01,,,,5
2018-04-26 15:28:00.000000,2.609022e+07,1.818720e+07,1.239944e+02,1.410256e+06,8.843466e+01,,,,5
2018-04-26 15:28:01.000000,2.609024e+07,1.818806e+07,1.239948e+02,1.410256e+06,8.843466e+01,,,,5
2018-04-26 15:28:02.000000,2.609024e+07,1.818692e+07,1.239941e+02,1.410256e+06,8.843466e+01,,,,5
2018-04-26 15:28:03.000000,2.609024e+07,1.818650e+07,1.239940e+02,1.410256e+06,8.843466e+01,,,,5
2018-04-26 15:28:04.000000,2.609022e+07,1.818764e+07,1.239947e+02,1.410256e+06,8.843466e+01,,,,5
2018-04-26 15:28:05.000000,2.609022e+07,1.818742e+07,1.239946e+02,1.410256e+06,8.843466e+01,,,,5
2018-04-26 15:28:06.000000,2.609022e+07,1.818864e+07,1.239953e+02,1.410256e+06,8.843466e+01,,,,5
2018-04-26 15:28:07.000000,2.609025e+07,1.818780e+07,1.239949e+02,1.410256e+06,8.843466e+01,,,,5
2018-04-26 15:28:08.000000,2.609024e+07,1.818946e+07,1.239958e+02,1.410256e+06,8.843466e+01,,,,5
2018-04-26 15:28:09.000000,2.609024e+07,1.818773e+07,1.239949e+02,1.410256e+06,8.843466e+01,,,,5
2018-04-26 15:28:10.000000,2.609022e+07,1.818855e+07,1.239952e+02,1.410256e+06,8.843466e+01,,,,5
2018-04-26 15:28:11.000000,2.609022e+07,1.818688e+07,1.239942e+02,1.410256e+06,8.843466e+01,,,,5
2018-04-26 15:28:12.000000,2.609025e+07,1.818816e+07,1.239948e+02,1.410256e+06,8.843466e+01,,,,5
2018-04-26 15:28:13.000000,2.609024e+07,1.818696e+07,1.239942e+02,1.410256e+06,8.843466e+01,,,,5
2018-04-26 15:28:14.000000,2.609024e+07,1.818655e+07,1.239940e+02,1.410256e+06,8.843466e+01,,,,5
2018-04-26 15:28:15.000000,2.609022e+07,1.818764e+07,1.239947e+02,1.410256e+06,8.843466e+01,,,,5
2018-04-26 15:28:16.000000,2.609022e+07,1.818747e+07,1.239947e+02,1.410256e+06,8.843466e+01,,,,5
2018-04-26 15:28:17.000000,2.609023e+07,1.818870e+07,1.239953e+02,1.410256e+06,8.843466e+01,,,,5
2018-04-26 15:28:18.000000,2.609024e+07,1.818781e+07,1.239949e+02,1.410256e+06,8.843466e+01,,,,5
2018-04-26 15:28:19.000000,2.609024e+07,1.818894e+07,1.239955e+02,1.410256e+06,8.843466e+01,,,,5
2018-04-26 15:28:20.000000,2.609024e+07,1.818775e+07,1.239949e+02,1.410256e+06,8.843466e+01,,,,5
2018-04-26 15:28:21.000000,2.609022e+07,1.818805e+07,1.239949e+02,1.410256e+06,8.843466e+01,,,,5
2018-04-26 15:28:22.000000,2.609022e+07,1.818688e+07,1.239942e+02,1.410256e+06,8.843466e+01,,,,5
2018-04-26 15:28:23.000000,2.609022e+07,1.818848e+07,1.239951e+02,1.410256e+06,8.843466e+01,,,,5
2018-04-26 15:28:24.000000,2.609024e+07,1.818666e+07,1.239941e+02,1.410256e+06,8.843466e+01,,,,5
2018-04-26 15:28:25.000000,2.609024e+07,1.818809e+07,1.239948e+02,1.410256e+06,8.843466e+01,,,,5
2018-04-26 15:28:26.000000,2.609023e+07,1.818750e+07,1.239946e+02,1.410256e+06,8.843465e+01,,,,5
2018-04-26 15:28:27.000000,2.609022e+07,1.818747e+07,1.239947e+02,1.410256e+06,8.843465e+01,,,,5
2018-04-26 15:28:28.000000,2.609022e+07,1.818775e+07,1.239948e+02,1.410256e+06,8.843465e+01,,,,5
2018-04-26 15:28:29.000000,2.609024e+07,1.818779e+07,1.239949e+02,1.410256e+06,8.843465e+01,,,,5
2018-04-26 15:28:30.000000,2.609024e+07,1.818804e+07,1.239950e+02,1.410256e+06,8.843465e+01,,,,5
2018-04-26 15:28:31.000000,2.609024e+07,1.818773e+07,1.239949e+02,1.410256e+06,8.843465e+01,,,,5
2018-04-26 15:28:32.000000,2.609022e+07,1.818806e+07,1.239949e+02,1.410256e+06,8.843465e+01,,,,5
2018-04-26 15:28:33.000000,2.609023e+07,1.818685e+07,1.239942e+02,1.410256e+06,8.843465e+01,,,,5
2018-04-26 15:28:34.000000,2.609022e+07,1.818860e+07,1.239952e+02,1.410256e+06,8.843465e+01,,,,5
2018-04-26 15:28:35.000000,2.609024e+07,1.818664e+07,1.239941e+02,1.410256e+06,8.843465e+01,,,,5
2018-04-26 15:28:36.000000,2.609024e+07,1.818824e+07,1.239949e+02,1.410256e+06,8.843465e+01,,,,5
2018-04-26 15:28:37.000000,2.609024e+07,1.818685e+07,1.239941e+02,1.410256e+06,8.843465e+01,,,,5
2018-04-26 15:28:38.000000,2.609023e+07,1.818904e+07,1.239955e+02,1.410256e+06,8.843465e+01,,,,5
2018-04-26 15:28:39.000000,2.609022e+07,1.818782e+07,1.239948e+02,1.410256e+06,8.843465e+01,,,,5
2018-04-26 15:28:40.000000,2.609024e+07,1.818935e+07,1.239957e+02,1.410256e+06,8.843465e+01,,,,5
2018-04-26 15:28:41.000000,2.609024e+07,1.818820e+07,1.239951e+02,1.410256e+06,8.843465e+01,,,,5
2018-04-26 15:28:42.000000,2.609024e+07,1.818773e+07,1.239949e+02,1.410256e+06,8.843465e+01,,,,5
2018-04-26 15:28:43.000000,2.609022e+07,1.818721e+07,1.239944e+02,1.410256e+06,8.843465e+01,,,,5
2018-04-26 15:28:44.000000,2.609022e+07,1.818682e+07,1.239942e+02,1.410256e+06,8.843465e+01,,,,5
2018-04-26 15:28:45.000000,2.609022e+07,1.818805e+07,1.239949e+02,1.410256e+06,8.843465e+01,,,,5
2018-04-26 15:28:46.000000,2.609024e+07,1.818662e+07,1.239941e+02,1.410256e+06,8.843465e+01,,,,5
2018-04-26 15:28:47.000000,2.609024e+07,1.818766e+07,1.239946e+02,1.410256e+06,8.843465e+01,,,,5
2018-04-26 15:28:48.000000,2.609024e+07,1.818652e+07,1.239940e+02,1.410256e+06,8.843465e+01,,,,5
2018-04-26 15:28:49.000000,2.609022e+07,1.818847e+07,1.239952e+02,1.410256e+06,8.843465e+01,,,,5
2018-04-26 15:28:50.000000,2.609023e+07,1.818747e+07,1.239946e+02,1.410256e+06,8.843465e+01,,,,5
2018-04-26 15:28:51.000000,2.609024e+07,1.818932e+07,1.239957e+02,1.410256e+06,8.843465e+01,,,,5
2018-04-26 15:28:52.000000,2.609024e+07,1.818788e+07,1.239949e+02,1.410256e+06,8.843465e+01,,,,5
2018-04-26 15:28:53.000000,2.609024e+07,1.818779e+07,1.239949e+02,1.410256e+06,8.843465e+01,,,,5
2018-04-26 15:28:54.000000,2.609022e+07,1.818690e+07,1.239943e+02,1.410256e+06,8.843465e+01,,,,5
2018-04-26 15:28:55.000000,2.609023e+07,1.818687e+07,1.239943e+02,1.410256e+06,8.843465e+01,,,,5
2018-04-26 15:28:56.000000,2.609022e+07,1.818807e+07,1.239949e+02,1.410256e+06,8.843465e+01,,,,5
2018-04-26 15:28:57.000000,2.609024e+07,1.818668e+07,1.239941e+02,1.410256e+06,8.843465e+01,,,,5
2018-04-26 15:28:58.000000,2.609024e+07,1.818772e+07,1.239947e+02,1.410256e+06,8.843465e+01,,,,5
2018-04-26 15:28:59.000000,2.609024e+07,1.818649e+07,1.239940e+02,1.410256e+06,8.843465e+01,,,,5
2018-04-26 15:29:00.000000,2.609023e+07,1.818854e+07,1.239952e+02,1.410256e+06,8.843465e+01,,,,5
2018-04-26 15:29:01.000000,2.609022e+07,1.818750e+07,1.239946e+02,1.410256e+06,8.843465e+01,,,,5
2018-04-26 15:29:02.000000,2.609023e+07,1.818919e+07,1.239956e+02,1.410256e+06,8.843465e+01,,,,5
2018-04-26 15:29:03.000000,2.609024e+07,1.818785e+07,1.239950e+02,1.410256e+06,8.843465e+01,,,,5
2018-04-26 15:29:04.000000,2.609024e+07,1.818946e+07,1.239958e+02,1.410256e+06,8.843465e+01,,,,5
2018-04-26 15:29:05.000000,2.609022e+07,1.818713e+07,1.239944e+02,1.410256e+06,8.843465e+01,,,,5
2018-04-26 15:29:06.000000,2.609022e+07,1.818834e+07,1.239950e+02,1.410256e+06,8.843465e+01,,,,5
2018-04-26 15:29:07.000000,2.609022e+07,1.818720e+07,1.239944e+02,1.410256e+06,8.843465e+01,,,,5
2018-04-26 15:29:08.000000,2.609024e+07,1.818806e+07,1.239948e+02,1.410256e+06,8.843465e+01,,,,5
2018-04-26 15:29:09.000000,2.609024e+07,1.818694e+07,1.239942e+02,1.410256e+06,8.843465e+01,,,,5
2018-04-26 15:29:10.000000,2.609024e+07,1.818650e+07,1.239940e+02,1.410256e+06,8.843465e+01,,,,5
2018-04-26 15:29:11.000000,2.609022e+07,1.818764e+07,1.239947e+02,1.410256e+06,8.843465e+01,,,,5
2018-04-26 15:29:12.000000,2.609022e+07,1.818742e+07,1.239946e+02,1.410256e+06,8.843465e+01,,,,5
2018-04-26 15:29:13.000000,2.609022e+07,1.818864e+07,1.239953e+02,1.410256e+06,8.843465e+01,,,,5
2018-04-26 15:29:14.000000,2.609024e+07,1.818780e+07,1.239949e+02,1.410256e+06,8.843465e+01,,,,5
2018-04-26 15:29:15.000000,2.609024e+07,1.818945e+07,1.239958e+02,1.410256e+06,8.843465e+01,,,,5
2018-04-26 15:29:16.000000,2.609024e+07,1.818775e+07,1.239948e+02,1.410256e+06,8.843465e+01,,,,5
2018-04-26 15:29:17.000000,2.609022e+07,1.818855e+07,1.239952e+02,1.410256e+06,8.843465e+01,,,,5
2018-04-26 15:29:18.000000,2.609022e+07,1.818688e+07,1.239942e+02,1.410256e+06,8.843465e+01,,,,5
2018-04-26 15:29:19.000000,2.609024e+07,1.818814e+07,1.239948e+02,1.410256e+06,8.843465e+01,,,,5
2018-04-26 15:29:20.000000,2.609024e+07,1.818696e+07,1.239942e+02,1.410256e+06,8.843465e+01,,,,5
2018-04-26 15:29:21.000000,2.609024e+07,1.818655e+07,1.239940e+02,1.410256e+06,8.843465e+01,,,,5
2018-04-26 15:29:22.000000,2.609022e+07,1.818764e+07,1.239947e+02,1.410256e+06,8.843465e+01,,,,5
2018-04-26 15:29:23.000000,2.609022e+07,1.818747e+07,1.239947e+02,1.410256e+06,8.843465e+01,,,,5
2018-04-26 15:29:24.000000,2.609023e+07,1.818870e+07,1.239953e+02,1.410256e+06,8.843464e+01,,,,5
2018-04-26 15:29:25.000000,2.609024e+07,1.818781e+07,1.239949e+02,1.410256e+06,8.843464e+01,,,,5
2018-04-26 15:29:26.000000,2.609024e+07,1.818893e+07,1.239955e+02,1.410256e+06,8.843464e+01,,,,5
2018-04-26 15:29:27.000000,2.609024e+07,1.818775e+07,1.239949e+02,1.410256e+06,8.843464e+01,,,,5
2018-04-26 15:29:28.000000,2.609022e+07,1.818805e+07,1.239949e+02,1.410256e+06,8.843464e+01,,,,5
2018-04-26 15:29:29.000000,2.609022e+07,1.818690e+07,1.239942e+02,1.410256e+06,8.843464e+01,,,,5
2018-04-26 15:29:30.000000,2.609022e+07,1.818848e+07,1.239951e+02,1.410256e+06,8.843464e+01,,,,5
2018-04-26 15:29:31.000000,2.609024e+07,1.818666e+07,1.239941e+02,1.410256e+06,8.843464e+01,,,,5
2018-04-26 15:29:32.000000,2.609024e+07,1.818809e+07,1.239948e+02,1.410256e+06,8.843464e+01,,,,5
2018-04-26 15:29:33.000000,2.609023e+07,1.818750e+07,1.239946e+02,1.410256e+06,8.843464e+01,,,,5
2018-04-26 15:29:34.000000,2.609022e+07,1.818747e+07,1.239947e+02,1.410256e+06,8.843464e+01,,,,5
2018-04-26 15:29:35.000000,2.609022e+07,1.818775e+07,1.239948e+02,1.410256e+06,8.843464e+01,,,,5
2018-04-26 15:29:36.000000,2.609024e+07,1.818779e+07,1.239949e+02,1.410256e+06,8.843464e+01,,,,5
2018-04-26 15:29:37.000000,2.609024e+07,1.818804e+07,1.239950e+02,1.410256e+06,8.843464e+01,,,,5
2018-04-26 15:29:38.000000,2.609024e+07,1.818773e+07,1.239949e+02,1.410256e+06,8.843464e+01,,,,5
2018-04-26 15:29:39.000000,2.609022e+07,1.818806e+07,1.239949e+02,1.410256e+06,8.843464e+01,,,,5
2018-04-26 15:29:40.000000,2.609022e+07,1.818686e+07,1.239942e+02,1.410256e+06,8.843464e+01,,,,5
2018-04-26 15:29:41.000000,2.609022e+07,1.818860e+07,1.239952e+02,1.410256e+06,8.843464e+01,,,,5
2018-04-26 15:29:42.000000,2.609024e+07,1.818664e+07,1.239941e+02,1.410256e+06,8.843464e+01,,,,5
2018-04-26 15:29:43.000000,2.609024e+07,1.818821e+07,1.239949e+02,1.410256e+06,8.843464e+01,,,,5
2018-04-26 15:29:44.000000,2.609024e+07,1.818685e+07,1.239941e+02,1.410256e+06,8.843464e+01,,,,5
2018-04-26 15:29:45.000000,2.609023e+07,1.818904e+07,1.239955e+02,1.410256e+06,8.843464e+01,,,,5
2018-04-26 15:29:46.000000,2.609022e+07,1.818783e+07,1.239948e+02,1.410256e+06,8.843464e+01,,,,5
2018-04-26 15:29:47.000000,2.609024e+07,1.818935e+07,1.239957e+02,1.410256e+06,8.843464e+01,,,,5
2018-04-26 15:29:48.000000,2.609024e+07,1.818820e+07,1.239951e+02,1.410256e+06,8.843464e+01,,,,5
2018-04-26 15:29:49.000000,2.609024e+07,1.818773e+07,1.239949e+02,1.410256e+06,8.843464e+01,,,,5
2018-04-26 15:29:50.000000,2.609022e+07,1.818722e+07,1.239945e+02,1.410256e+06,8.843464e+01,,,,5
2018-04-26 15:29:51.000000,2.609022e+07,1.818682e+07,1.239942e+02,1.410256e+06,8.843464e+01,,,,5
2018-04-26 15:29:52.000000,2.609022e+07,1.818805e+07,1.239949e+02,1.410256e+06,8.843464e+01,,,,5
2018-04-26 15:29:53.000000,2.609024e+07,1.818664e+07,1.239941e+02,1.410256e+06,8.843464e+01,,,,5
2018-04-26 15:29:54.000000,2.609024e+07,1.818766e+07,1.239946e+02,1.410256e+06,8.843464e+01,,,,5
2018-04-26 15:29:55.000000,2.609024e+07,1.818652e+07,1.239940e+02,1.410256e+06,8.843464e+01,,,,5
2018-04-26 15:29:56.000000,2.609022e+07,1.818846e+07,1.239952e+02,1.410256e+06,8.843464e+01,,,,5
2018-04-26 15:29:57.000000,2.609023e+07,1.818748e+07,1.239946e+02,1.410256e+06,8.843464e+01,,,,5
2018-04-26 15:29:58.000000,2.609022e+07,1.818747e+07,1.239947e+02,1.410256e+06,8.843464e+01,,,,5
2018-04-26 15:29:59.000000,2.609024e+07,1.818771e+07,1.239948e+02,1.410256e+06,8.843464e+01,,,,5
2018-04-26 15:30:00.000000,2.609024e+07,1.818779e+07,1.239949e+02,1.410256e+06,8.843464e+01,,,,5
2018-04-26 15:30:01.000000,2.609022e+07,1.818690e+07,1.239943e+02,1.410256e+06,8.843464e+01,,,,5
2018-04-26 15:30:02.000000,2.609023e+07,1.818686e+07,1.239943e+02,1.410256e+06,8.843464e+01,,,,5
2018-04-26 15:30:03.000000,2.609022e+07,1.818806e+07,1.239949e+02,1.410256e+06,8.843464e+01,,,,5
2018-04-26 15:30:04.000000,2.609024e+07,1.818669e+07,1.239941e+02,1.410256e+06,8.843464e+01,,,,5
2018-04-26 15:30:05.000000,2.609024e+07,1.818772e+07,1.239947e+02,1.410256e+06,8.843464e+01,,,,5
2018-04-26 15:30:06.000000,2.609024e+07,1.818649e+07,1.239939e+02,1.410256e+06,8.843464e+01,,,,5
2018-04-26 15:30:07.000000,2.609023e+07,1.818852e+07,1.239952e+02,1.410256e+06,8.843464e+01,,,,5
2018-04-26 15:30:08.000000,2.609022e+07,1.818749e+07,1.239946e+02,1.410256e+06,8.843464e+01,,,,5
2018-04-26 15:30:09.000000,2.609022e+07,1.818919e+07,1.239956e+02,1.410256e+06,8.843464e+01,,,,5
2018-04-26 15:30:10.000000,2.609024e+07,1.818786e+07,1.239950e+02,1.410256e+06,8.843464e+01,,,,5
2018-04-26 15:30:11.000000,2.609024e+07,1.818945e+07,1.239958e+02,1.410256e+06,8.843464e+01,,,,5
2018-04-26 15:30:12.000000,2.609024e+07,1.818810e+07,1.239950e+02,1.410256e+06,8.843464e+01,,,,5
2018-04-26 15:30:13.000000,2.609022e+07,1.818845e+07,1.239951e+02,1.410256e+06,8.843464e+01,,,,5
2018-04-26 15:30:14.000000,2.609022e+07,1.818722e+07,1.239944e+02,1.410256e+06,8.843464e+01,,,,5
2018-04-26 15:30:15.000000,2.609024e+07,1.818806e+07,1.239948e+02,1.410256e+06,8.843464e+01,,,,5
2018-04-26 15:30:16.000000,2.609024e+07,1.818694e+07,1.239942e+02,1.410256e+06,8.843464e+01,,,,5
2018-04-26 15:30:17.000000,2.609024e+07,1.818650e+07,1.239940e+02,1.410256e+06,8.843464e+01,,,,5
2018-04-26 15:30:18.000000,2.609022e+07,1.818764e+07,1.239947e+02,1.410256e+06,8.843464e+01,,,,5
2018-04-26 15:30:19.000000,2.609022e+07,1.818742e+07,1.239946e+02,1.410256e+06,8.843464e+01,,,,5
2018-04-26 15:30:20.000000,2.609022e+07,1.818861e+07,1.239953e+02,1.410256e+06,8.843464e+01,,,,5
2018-04-26 15:30:21.000000,2.609024e+07,1.818780e+07,1.239949e+02,1.410256e+06,8.843464e+01,,,,5
2018-04-26 15:30:22.000000,2.609024e+07,1.818945e+07,1.239958e+02,1.410256e+06,8.843464e+01,,,,5
2018-04-26 15:30:23.000000,2.609024e+07,1.818775e+07,1.239948e+02,1.410256e+06,8.843463e+01,,,,5
2018-04-26 15:30:24.000000,2.609022e+07,1.818855e+07,1.239952e+02,1.410256e+06,8.843463e+01,,,,5
2018-04-26 15:30:25.000000,2.609022e+07,1.818688e+07,1.239942e+02,1.410256e+06,8.843463e+01,,,,5
2018-04-26 15:30:26.000000,2.609024e+07,1.818814e+07,1.239948e+02,1.410256e+06,8.843463e+01,,,,5
2018-04-26 15:30:27.000000,2.609024e+07,1.818696e+07,1.239942e+02,1.410256e+06,8.843463e+01,,,,5
2018-04-26 15:30:28.000000,2.609024e+07,1.818655e+07,1.239940e+02,1.410256e+06,8.843463e+01,,,,5
2018-04-26 15:30:29.000000,2.609022e+07,1.818764e+07,1.239947e+02,1.410256e+06,8.843463e+01,,,,5
2018-04-26 15:30:30.000000,2.609022e+07,1.818747e+07,1.239946e+02,1.410256e+06,8.843463e+01,,,,5
2018-04-26 15:30:31.000000,2.609023e+07,1.818870e+07,1.239953e+02,1.410256e+06,8.843463e+01,,,,5
2018-04-26 15:30:32.000000,2.609024e+07,1.818781e+07,1.239949e+02,1.410256e+06,8.843463e+01,,,,5
2018-04-26 15:30:33.000000,2.609024e+07,1.818893e+07,1.239955e+02,1.410256e+06,8.843463e+01,,,,5
2018-04-26 15:30:34.000000,2.609024e+07,1.818777e+07,1.239949e+02,1.410256e+06,8.843463e+01,,,,5
2018-04-26 15:30:35.000000,2.609022e+07,1.818805e+07,1.239949e+02,1.410256e+06,8.843463e+01,,,,5
2018-04-26 15:30:36.000000,2.609022e+07,1.818690e+07,1.239942e+02,1.410256e+06,8.843463e+01,,,,5
2018-04-26 15:30:37.000000,2.609022e+07,1.818846e+07,1.239951e+02,1.410256e+06,8.843463e+01,,,,5
2018-04-26 15:30:38.000000,2.609024e+07,1.818666e+07,1.239941e+02,1.410256e+06,8.843463e+01,,,,5
2018-04-26 15:30:39.000000,2.609024e+07,1.818809e+07,1.239948e+02,1.410256e+06,8.843463e+01,,,,5
2018-04-26 15:30:40.000000,2.609023e+07,1.818750e+07,1.239946e+02,1.410256e+06,8.843463e+01,,,,5
2018-04-26 15:30:41.000000,2.609022e+07,1.818747e+07,1.239947e+02,1.410256e+06,8.843463e+01,,,,5
2018-04-26 15:30:42.000000,2.609022e+07,1.818775e+07,1.239948e+02,1.410256e+06,8.843463e+01,,,,5
2018-04-26 15:30:43.000000,2.609024e+07,1.818779e+07,1.239949e+02,1.410256e+06,8.843463e+01,,,,5
2018-04-26 15:30:44.000000,2.609024e+07,1.818804e+07,1.239950e+02,1.410256e+06,8.843463e+01,,,,5
2018-04-26 15:30:45.000000,2.609024e+07,1.818773e+07,1.239949e+02,1.410256e+06,8.843463e+01,,,,5
2018-04-26 15:30:46.000000,2.609022e+07,1.818721e+07,1.239944e+02,1.410256e+06,8.843463e+01,,,,5
2018-04-26 15:30:47.000000,2.609022e+07,1.818682e+07,1.239942e+02,1.410256e+06,8.843463e+01,,,,5
2018-04-26 15:30:48.000000,2.609023e+07,1.818807e+07,1.239949e+02,1.410256e+06,8.843463e+01,,,,5
2018-04-26 15:30:49.000000,2.609024e+07,1.818662e+07,1.239941e+02,1.410256e+06,8.843463e+01,,,,5
2018-04-26 15:30:50.000000,2.609024e+07,1.818766e+07,1.239946e+02,1.410256e+06,8.843463e+01,,,,5
2018-04-26 15:30:51.000000,2.609024e+07,1.818652e+07,1.239940e+02,1.410256e+06,8.843463e+01,,,,5
2018-04-26 15:30:52.000000,2.609022e+07,1.818849e+07,1.239952e+02,1.410256e+06,8.843463e+01,,,,5
2018-04-26 15:30:53.000000,2.609023e+07,1.818747e+07,1.239946e+02,1.410256e+06,8.843463e+01,,,,5
2018-04-26 15:30:54.000000,2.609024e+07,1.818932e+07,1.239957e+02,1.410256e+06,8.843463e+01,,,,5
2018-04-26 15:30:55.000000,2.609024e+07,1.818786e+07,1.239949e+02,1.410256e+06,8.843463e+01,,,,5
2018-04-26 15:30:56.000000,2.609024e+07,1.818779e+07,1.239949e+02,1.410256e+06,8.843463e+01,,,,5
2018-04-26 15:30:57.000000,2.609022e+07,1.818690e+07,1.239943e+02,1.410256e+06,8.843463e+01,,,,5
2018-04-26 15:30:58.000000,2.609023e+07,1.818687e+07,1.239943e+02,1.410256e+06,8.843463e+01,,,,5
2018-04-26 15:30:59.000000,2.609022e+07,1.818807e+07,1.239949e+02,1.410256e+06,8.843463e+01,,,,5
2018-04-26 15:31:00.000000,2.609024e+07,1.818668e+07,1.239941e+02,1.410256e+06,8.843463e+01,,,,5
2018-04-26 15:31:01.000000,2.609024e+07,1.818772e+07,1.239947e+02,1.410256e+06,8.843463e+01,,,,5
2018-04-26 15:31:02.000000,2.609024e+07,1.818647e+07,1.239939e+02,1.410256e+06,8.843463e+01,,,,5
2018-04-26 15:31:03.000000,2.609023e+07,1.818854e+07,1.239952e+02,1.410256e+06,8.843463e+01,,,,5
2018-04-26 15:31:04.000000,2.609022e+07,1.818750e+07,1.239946e+02,1.410256e+06,8.843463e+01,,,,5
2018-04-26 15:31:05.000000,2.609023e+07,1.818921e+07,1.239956e+02,1.410256e+06,8.843463e+01,,,,5
2018-04-26 15:31:06.000000,2.609024e+07,1.818785e+07,1.239950e+02,1.410256e+06,8.843463e+01,,,,5
2018-04-26 15:31:07.000000,2.609024e+07,1.818946e+07,1.239958e+02,1.410256e+06,8.843463e+01,,,,5
2018-04-26 15:31:08.000000,2.609023e+07,1.818713e+07,1.239944e+02,1.410256e+06,8.843463e+01,,,,5
2018-04-26 15:31:09.000000,2.609022e+07,1.818836e+07,1.239950e+02,1.410256e+06,8.843463e+01,,,,5
2018-04-26 15:31:10.000000,2.609023e+07,1.818720e+07,1.239944e+02,1.410256e+06,8.843463e+01,,,,5
2018-04-26 15:31:11.000000,2.609024e+07,1.818806e+07,1.239948e+02,1.410256e+06,8.843463e+01,,,,5
2018-04-26 15:31:12.000000,2.609024e+07,1.818692e+07,1.239941e+02,1.410256e+06,8.843463e+01,,,,5
2018-04-26 15:31:13.000000,2.609024e+07,1.818650e+07,1.239940e+02,1.410256e+06,8.843463e+01,,,,5
2018-04-26 15:31:14.000000,2.609022e+07,1.818764e+07,1.239947e+02,1.410256e+06,8.843463e+01,,,,5
2018-04-26 15:31:15.000000,2.609022e+07,1.818742e+07,1.239946e+02,1.410256e+06,8.843463e+01,,,,5
2018-04-26 15:31:16.000000,2.609022e+07,1.818864e+07,1.239953e+02,1.410256e+06,8.843463e+01,,,,5
2018-04-26 15:31:17.000000,2.609025e+07,1.818780e+07,1.239949e+02,1.410256e+06,8.843463e+01,,,,5
2018-04-26 15:31:18.000000,2.609024e+07,1.818946e+07,1.239958e+02,1.410256e+06,8.843463e+01,,,,5
2018-04-26 15:31:19.000000,2.609024e+07,1.818773e+07,1.239948e+02,1.410256e+06,8.843463e+01,,,,5
2018-04-26 15:31:20.000000,2.609022e+07,1.818855e+07,1.239952e+02,1.410256e+06,8.843463e+01,,,,5
2018-04-26 15:31:21.000000,2.609022e+07,1.818688e+07,1.239942e+02,1.410256e+06,8.843463e+01,,,,5
2018-04-26 15:31:22.000000,2.609025e+07,1.818816e+07,1.239948e+02,1.410256e+06,8.843462e+01,,,,5
2018-04-26 15:31:23.000000,2.609024e+07,1.818696e+07,1.239942e+02,1.410256e+06,8.843462e+01,,,,5
2018-04-26 15:31:24.000000,2.609024e+07,1.818655e+07,1.239940e+02,1.410256e+06,8.843462e+01,,,,5
2018-04-26 15:31:25.000000,2.609022e+07,1.818764e+07,1.239947e+02,1.410256e+06,8.843462e+01,,,,5
2018-04-26 15:31:26.000000,2.609022e+07,1.818748e+07,1.239946e+02,1.410256e+06,8.843462e+01,,,,5
2018-04-26 15:31:27.000000,2.609023e+07,1.818870e+07,1.239953e+02,1.410256e+06,8.843462e+01,,,,5
2018-04-26 15:31:28.000000,2.609024e+07,1.818781e+07,1.239949e+02,1.410256e+06,8.843462e+01,,,,5
2018-04-26 15:31:29.000000,2.609024e+07,1.818894e+07,1.239955e+02,1.410256e+06,8.843462e+01,,,,5
2018-04-26 15:31:30.000000,2.609024e+07,1.818775e+07,1.239949e+02,1.410256e+06,8.843462e+01,,,,5
2018-04-26 15:31:31.000000,2.609023e+07,1.818805e+07,1.239949e+02,1.410256e+06,8.843462e+01,,,,5
2018-04-26 15:31:32.000000,2.609023e+07,1.818690e+07,1.239942e+02,1.410256e+06,8.843462e+01,,,,5
2018-04-26 15:31:33.000000,2.609022e+07,1.818848e+07,1.239951e+02,1.410256e+06,8.843462e+01,,,,5
2018-04-26 15:31:34.000000,2.609024e+07,1.818666e+07,1.239941e+02,1.410256e+06,8.843462e+01,,,,5
2018-04-26 15:31:35.000000,2.609024e+07,1.818809e+07,1.239948e+02,1.410256e+06,8.843462e+01,,,,5
2018-04-26 15:31:36.000000,2.609023e+07,1.818750e+07,1.239946e+02,1.410256e+06,8.843462e+01,,,,5
2018-04-26 15:31:37.000000,2.609022e+07,1.818748e+07,1.239947e+02,1.410256e+06,8.843462e+01,,,,5
2018-04-26 15:31:38.000000,2.609022e+07,1.818775e+07,1.239948e+02,1.410256e+06,8.843462e+01,,,,5
2018-04-26 15:31:39.000000,2.609024e+07,1.818779e+07,1.239949e+02,1.410256e+06,8.843462e+01,,,,5
2018-04-26 15:31:40.000000,2.609024e+07,1.818804e+07,1.239950e+02,1.410256e+06,8.843462e+01,,,,5
2018-04-26 15:31:41.000000,2.609025e+07,1.818773e+07,1.239949e+02,1.410256e+06,8.843462e+01,,,,5
2018-04-26 15:31:42.000000,2.609022e+07,1.818806e+07,1.239949e+02,1.410256e+06,8.843462e+01,,,,5
2018-04-26 15:31:43.000000,2.609023e+07,1.818685e+07,1.239942e+02,1.410256e+06,8.843462e+01,,,,5
2018-04-26 15:31:44.000000,2.609022e+07,1.818860e+07,1.239952e+02,1.410256e+06,8.843462e+01,,,,5
2018-04-26 15:31:45.000000,2.609024e+07,1.818664e+07,1.239940e+02,1.410256e+06,8.843462e+01,,,,5
2018-04-26 15:31:46.000000,2.609025e+07,1.818824e+07,1.239949e+02,1.410256e+06,8.843462e+01,,,,5
2018-04-26 15:31:47.000000,2.609024e+07,1.818685e+07,1.239941e+02,1.410256e+06,8.843462e+01,,,,5
2018-04-26 15:31:48.000000,2.609023e+07,1.818904e+07,1.239955e+02,1.410256e+06,8.843462e+01,,,,5
2018-04-26 15:31:49.000000,2.609022e+07,1.818783e+07,1.239948e+02,1.410256e+06,8.843462e+01,,,,5
2018-04-26 15:31:50.000000,2.609024e+07,1.818935e+07,1.239957e+02,1.410256e+06,8.843462e+01,,,,5
2018-04-26 15:31:51.000000,2.609024e+07,1.818820e+07,1.239951e+02,1.410256e+06,8.843462e+01,,,,5
2018-04-26 15:31:52.000000,2.609024e+07,1.818773e+07,1.239949e+02,1.410256e+06,8.843462e+01,,,,5
2018-04-26 15:31:53.000000,2.609022e+07,1.818721e+07,1.239944e+02,1.410256e+06,8.843462e+01,,,,5
2018-04-26 15:31:54.000000,2.609022e+07,1.818682e+07,1.239942e+02,1.410256e+06,8.843462e+01,,,,5
2018-04-26 15:31:55.000000,2.609022e+07,1.818805e+07,1.239949e+02,1.410256e+06,8.843462e+01,,,,5
2018-04-26 15:31:56.000000,2.609024e+07,1.818662e+07,1.239941e+02,1.410256e+06,8.843462e+01,,,,5
2018-04-26 15:31:57.000000,2.609024e+07,1.818766e+07,1.239946e+02,1.410256e+06,8.843462e+01,,,,5
2018-04-26 15:31:58.000000,2.609024e+07,1.818652e+07,1.239940e+02,1.410256e+06,8.843462e+01,,,,5
2018-04-26 15:31:59.000000,2.609022e+07,1.818847e+07,1.239951e+02,1.410256e+06,8.843462e+01,,,,5
2018-04-26 15:32:00.000000,2.609023e+07,1.818747e+07,1.239946e+02,1.410256e+06,8.843462e+01,,,,5
2018-04-26 15:32:01.000000,2.609022e+07,1.818747e+07,1.239947e+02,1.410256e+06,8.843462e+01,,,,5
2018-04-26 15:32:02.000000,2.609024e+07,1.818771e+07,1.239948e+02,1.410256e+06,8.843462e+01,,,,5
2018-04-26 15:32:03.000000,2.609024e+07,1.818779e+07,1.239949e+02,1.410256e+06,8.843462e+01,,,,5
2018-04-26 15:32:04.000000,2.609022e+07,1.818690e+07,1.239943e+02,1.410256e+06,8.843462e+01,,,,5
2018-04-26 15:32:05.000000,2.609023e+07,1.818687e+07,1.239943e+02,1.410256e+06,8.843462e+01,,,,5
2018-04-26 15:32:06.000000,2.609022e+07,1.818806e+07,1.239949e+02,1.410256e+06,8.843462e+01,,,,5
2018-04-26 15:32:07.000000,2.609024e+07,1.818669e+07,1.239941e+02,1.410256e+06,8.843462e+01,,,,5
2018-04-26 15:32:08.000000,2.609024e+07,1.818772e+07,1.239946e+02,1.410256e+06,8.843462e+01,,,,5
2018-04-26 15:32:09.000000,2.609024e+07,1.818649e+07,1.239939e+02,1.410256e+06,8.843462e+01,,,,5
2018-04-26 15:32:10.000000,2.609023e+07,1.818854e+07,1.239952e+02,1.410256e+06,8.843462e+01,,,,5
2018-04-26 15:32:11.000000,2.609022e+07,1.818750e+07,1.239946e+02,1.410256e+06,8.843462e+01,,,,5
2018-04-26 15:32:12.000000,2.609023e+07,1.818919e+07,1.239956e+02,1.410256e+06,8.843462e+01,,,,5
2018-04-26 15:32:13.000000,2.609024e+07,1.818785e+07,1.239950e+02,1.410256e+06,8.843462e+01,,,,5
2018-04-26 15:32:14.000000,2.609024e+07,1.818946e+07,1.239958e+02,1.410256e+06,8.843462e+01,,,,5
2018-04-26 15:32:15.000000,2.609022e+07,1.818713e+07,1.239944e+02,1.410256e+06,8.843462e+01,,,,5
2018-04-26 15:32:16.000000,2.609022e+07,1.818834e+07,1.239950e+02,1.410256e+06,8.843462e+01,,,,5
2018-04-26 15:32:17.000000,2.609022e+07,1.818720e+07,1.239944e+02,1.410256e+06,8.843462e+01,,,,5
2018-04-26 15:32:18.000000,2.609024e+07,1.818806e+07,1.239948e+02,1.410256e+06,8.843462e+01,,,,5
2018-04-26 15:32:19.000000,2.609024e+07,1.818694e+07,1.239942e+02,1.410256e+06,8.843462e+01,,,,5
2018-04-26 15:32:20.000000,2.609024e+07,1.818650e+07,1.239940e+02,1.410256e+06,8.843462e+01,,,,5
2018-04-26 15:32:21.000000,2.609022e+07,1.818764e+07,1.239947e+02,1.410256e+06,8.843461e+01,,,,5
2018-04-26 15:32:22.000000,2.609022e+07,1.818742e+07,1.239946e+02,1.410256e+06,8.843461e+01,,,,5
2018-04-26 15:32:23.000000,2.609022e+07,1.818862e+07,1.239952e+02,1.410256e+06,8.843461e+01,,,,5
2018-04-26 15:32:24.000000,2.609025e+07,1.818780e+07,1.239949e+02,1.410256e+06,8.843461e+01,,,,5
2018-04-26 15:32:25.000000,2.609024e+07,1.818946e+07,1.239958e+02,1.410256e+06,8.843461e+01,,,,5
2018-04-26 15:32:26.000000,2.609024e+07,1.818775e+07,1.239948e+02,1.410256e+06,8.843461e+01,,,,5
2018-04-26 15:32:27.000000,2.609022e+07,1.818855e+07,1.239952e+02,1.410256e+06,8.843461e+01,,,,5
2018-04-26 15:32:28.000000,2.609022e+07,1.818688e+07,1.239942e+02,1.410256e+06,8.843461e+01,,,,5
2018-04-26 15:32:29.000000,2.609024e+07,1.818815e+07,1.239948e+02,1.410256e+06,8.843461e+01,,,,5
2018-04-26 15:32:30.000000,2.609024e+07,1.818696e+07,1.239942e+02,1.410256e+06,8.843461e+01,,,,5
2018-04-26 15:32:31.000000,2.609024e+07,1.818655e+07,1.239940e+02,1.410256e+06,8.843461e+01,,,,5
2018-04-26 15:32:32.000000,2.609022e+07,1.818764e+07,1.239947e+02,1.410256e+06,8.843461e+01,,,,5
2018-04-26 15:32:33.000000,2.609022e+07,1.818747e+07,1.239946e+02,1.410256e+06,8.843461e+01,,,,5
2018-04-26 15:32:34.000000,2.609023e+07,1.818870e+07,1.239953e+02,1.410256e+06,8.843461e+01,,,,5
2018-04-26 15:32:35.000000,2.609024e+07,1.818781e+07,1.239949e+02,1.410256e+06,8.843461e+01,,,,5
2018-04-26 15:32:36.000000,2.609024e+07,1.818893e+07,1.239955e+02,1.410256e+06,8.843461e+01,,,,5
2018-04-26 15:32:37.000000,2.609024e+07,1.818775e+07,1.239949e+02,1.410256e+06,8.843461e+01,,,,5
2018-04-26 15:32:38.000000,2.609022e+07,1.818805e+07,1.239949e+02,1.410256e+06,8.843461e+01,,,,5
2018-04-26 15:32:39.000000,2.609022e+07,1.818690e+07,1.239942e+02,1.410256e+06,8.843461e+01,,,,5
2018-04-26 15:32:40.000000,2.609022e+07,1.818846e+07,1.239951e+02,1.410256e+06,8.843461e+01,,,,5
2018-04-26 15:32:41.000000,2.609024e+07,1.818666e+07,1.239941e+02,1.410256e+06,8.843461e+01,,,,5
2018-04-26 15:32:42.000000,2.609024e+07,1.818809e+07,1.239948e+02,1.410256e+06,8.843461e+01,,,,5
2018-04-26 15:32:43.000000,2.609023e+07,1.818750e+07,1.239946e+02,1.410256e+06,8.843461e+01,,,,5
2018-04-26 15:32:44.000000,2.609022e+07,1.818747e+07,1.239947e+02,1.410256e+06,8.843461e+01,,,,5
2018-04-26 15:32:45.000000,2.609022e+07,1.818775e+07,1.239948e+02,1.410256e+06,8.843461e+01,,,,5
2018-04-26 15:32:46.000000,2.609024e+07,1.818779e+07,1.239949e+02,1.410256e+06,8.843461e+01,,,,5
2018-04-26 15:32:47.000000,2.609024e+07,1.818804e+07,1.239950e+02,1.410256e+06,8.843461e+01,,,,5
2018-04-26 15:32:48.000000,2.609024e+07,1.818773e+07,1.239948e+02,1.410256e+06,8.843461e+01,,,,5
2018-04-26 15:32:49.000000,2.609022e+07,1.818806e+07,1.239949e+02,1.410256e+06,8.843461e+01,,,,5
2018-04-26 15:32:50.000000,2.609023e+07,1.818686e+07,1.239942e+02,1.410256e+06,8.843461e+01,,,,5
2018-04-26 15:32:51.000000,2.609022e+07,1.818860e+07,1.239952e+02,1.410256e+06,8.843461e+01,,,,5
2018-04-26 15:32:52.000000,2.609024e+07,1.818664e+07,1.239940e+02,1.410256e+06,8.843461e+01,,,,5
2018-04-26 15:32:53.000000,2.609024e+07,1.818822e+07,1.239948e+02,1.410256e+06,8.843461e+01,,,,5
2018-04-26 15:32:54.000000,2.609024e+07,1.818685e+07,1.239941e+02,1.410256e+06,8.843461e+01,,,,5
2018-04-26 15:32:55.000000,2.609023e+07,1.818904e+07,1.239955e+02,1.410256e+06,8.843461e+01,,,,5
2018-04-26 15:32:56.000000,2.609022e+07,1.818783e+07,1.239948e+02,1.410256e+06,8.843461e+01,,,,5
2018-04-26 15:32:57.000000,2.609024e+07,1.818933e+07,1.239957e+02,1.410256e+06,8.843461e+01,,,,5
2018-04-26 15:32:58.000000,2.609024e+07,1.818821e+07,1.239951e+02,1.410256e+06,8.843461e+01,,,,5
2018-04-26 15:32:59.000000,2.609024e+07,1.818773e+07,1.239948e+02,1.410256e+06,8.843461e+01,,,,5
2018-04-26 15:33:00.000000,2.609022e+07,1.818722e+07,1.239944e+02,1.410256e+06,8.843461e+01,,,,5
2018-04-26 15:33:01.000000,2.609022e+07,1.818682e+07,1.239942e+02,1.410256e+06,8.843461e+01,,,,5
2018-04-26 15:33:02.000000,2.609022e+07,1.818805e+07,1.239949e+02,1.410256e+06,8.843461e+01,,,,5
2018-04-26 15:33:03.000000,2.609024e+07,1.818664e+07,1.239941e+02,1.410256e+06,8.843461e+01,,,,5
2018-04-26 15:33:04.000000,2.609024e+07,1.818766e+07,1.239946e+02,1.410256e+06,8.843461e+01,,,,5
2018-04-26 15:33:05.000000,2.609024e+07,1.818652e+07,1.239940e+02,1.410256e+06,8.843461e+01,,,,5
2018-04-26 15:33:06.000000,2.609022e+07,1.818847e+07,1.239951e+02,1.410256e+06,8.843461e+01,,,,5
2018-04-26 15:33:07.000000,2.609023e+07,1.818748e+07,1.239946e+02,1.410256e+06,8.843461e+01,,,,5
2018-04-26 15:33:08.000000,2.609022e+07,1.818747e+07,1.239947e+02,1.410256e+06,8.843461e+01,,,,5
2018-04-26 15:33:09.000000,2.609024e+07,1.818771e+07,1.239948e+02,1.410256e+06,8.843461e+01,,,,5
2018-04-26 15:33:10.000000,2.609024e+07,1.818779e+07,1.239949e+02,1.410256e+06,8.843461e+01,,,,5
2018-04-26 15:33:11.000000,2.609022e+07,1.818690e+07,1.239943e+02,1.410256e+06,8.843461e+01,,,,5
2018-04-26 15:33:12.000000,2.609023e+07,1.818687e+07,1.239943e+02,1.410256e+06,8.843461e+01,,,,5
2018-04-26 15:33:13.000000,2.609022e+07,1.818806e+07,1.239949e+02,1.410256e+06,8.843461e+01,,,,5
2018-04-26 15:33:14.000000,2.609024e+07,1.818669e+07,1.239941e+02,1.410256e+06,8.843461e+01,,,,5
2018-04-26 15:33:15.000000,2.609024e+07,1.818772e+07,1.239946e+02,1.410256e+06,8.843461e+01,,,,5
2018-04-26 15:33:16.000000,2.609024e+07,1.818649e+07,1.239939e+02,1.410256e+06,8.843461e+01,,,,5
2018-04-26 15:33:17.000000,2.609023e+07,1.818852e+07,1.239952e+02,1.410256e+06,8.843461e+01,,,,5
2018-04-26 15:33:18.000000,2.609022e+07,1.818749e+07,1.239946e+02,1.410256e+06,8.843461e+01,,,,5
2018-04-26 15:33:19.000000,2.609023e+07,1.818919e+07,1.239956e+02,1.410256e+06,8.843461e+01,,,,5
2018-04-26 15:33:20.000000,2.609024e+07,1.818786e+07,1.239950e+02,1.410256e+06,8.843461e+01,,,,5
2018-04-26 15:33:21.000000,2.609024e+07,1.818945e+07,1.239958e+02,1.410256e+06,8.843461e+01,,,,5
2018-04-26 15:33:22.000000,2.609024e+07,1.818810e+07,1.239950e+02,1.410256e+06,8.843460e+01,,,,5
2018-04-26 15:33:23.000000,2.609022e+07,1.818845e+07,1.239951e+02,1.410256e+06,8.843460e+01,,,,5
2018-04-26 15:33:24.000000,2.609022e+07,1.818722e+07,1.239944e+02,1.410256e+06,8.843460e+01,,,,5
2018-04-26 15:33:25.000000,2.609024e+07,1.818806e+07,1.239948e+02,1.410256e+06,8.843460e+01,,,,5
2018-04-26 15:33:26.000000,2.609024e+07,1.818694e+07,1.239942e+02,1.410256e+06,8.843460e+01,,,,5
2018-04-26 15:33:27.000000,2.609024e+07,1.818650e+07,1.239940e+02,1.410256e+06,8.843460e+01,,,,5
2018-04-26 15:33:28.000000,2.609022e+07,1.818764e+07,1.239947e+02,1.410256e+06,8.843460e+01,,,,5
2018-04-26 15:33:29.000000,2.609022e+07,1.818742e+07,1.239946e+02,1.410256e+06,8.843460e+01,,,,5
2018-04-26 15:33:30.000000,2.609022e+07,1.818861e+07,1.239952e+02,1.410256e+06,8.843460e+01,,,,5
2018-04-26 15:33:31.000000,2.609024e+07,1.818780e+07,1.239948e+02,1.410256e+06,8.843460e+01,,,,5
2018-04-26 15:33:32.000000,2.609024e+07,1.818945e+07,1.239957e+02,1.410256e+06,8.843460e+01,,,,5
2018-04-26 15:33:33.000000,2.609024e+07,1.818775e+07,1.239948e+02,1.410256e+06,8.843460e+01,,,,5
2018-04-26 15:33:34.000000,2.609022e+07,1.818855e+07,1.239952e+02,1.410256e+06,8.843460e+01,,,,5
2018-04-26 15:33:35.000000,2.609022e+07,1.818688e+07,1.239942e+02,1.410256e+06,8.843460e+01,,,,5
2018-04-26 15:33:36.000000,2.609023e+07,1.818688e+07,1.239943e+02,1.410256e+06,8.843460e+01,,,,5
2018-04-26 15:33:37.000000,2.609024e+07,1.818685e+07,1.239941e+02,1.410256e+06,8.843460e+01,,,,5
2018-04-26 15:33:38.000000,2.609024e+07,1.818655e+07,1.239940e+02,1.410256e+06,8.843460e+01,,,,5
2018-04-26 15:33:39.000000,2.609022e+07,1.818764e+07,1.239947e+02,1.410256e+06,8.843460e+01,,,,5
2018-04-26 15:33:40.000000,2.609022e+07,1.818747e+07,1.239946e+02,1.410256e+06,8.843460e+01,,,,5
2018-04-26 15:33:41.000000,2.609023e+07,1.818869e+07,1.239953e+02,1.410256e+06,8.843460e+01,,,,5
2018-04-26 15:33:42.000000,2.609024e+07,1.818781e+07,1.239948e+02,1.410256e+06,8.843460e+01,,,,5
2018-04-26 15:33:43.000000,2.609024e+07,1.818893e+07,1.239955e+02,1.410256e+06,8.843460e+01,,,,5
2018-04-26 15:33:44.000000,2.609024e+07,1.818777e+07,1.239948e+02,1.410256e+06,8.843460e+01,,,,5
2018-04-26 15:33:45.000000,2.609022e+07,1.818805e+07,1.239949e+02,1.410256e+06,8.843460e+01,,,,5
2018-04-26 15:33:46.000000,2.609022e+07,1.818690e+07,1.239942e+02,1.410256e+06,8.843460e+01,,,,5
2018-04-26 15:33:47.000000,2.609022e+07,1.818846e+07,1.239951e+02,1.410256e+06,8.843460e+01,,,,5
2018-04-26 15:33:48.000000,2.609024e+07,1.818666e+07,1.239941e+02,1.410256e+06,8.843460e+01,,,,5
2018-04-26 15:33:49.000000,2.609024e+07,1.818809e+07,1.239948e+02,1.410256e+06,8.843460e+01,,,,5
2018-04-26 15:33:50.000000,2.609023e+07,1.818750e+07,1.239946e+02,1.410256e+06,8.843460e+01,,,,5
2018-04-26 15:33:51.000000,2.609022e+07,1.818747e+07,1.239947e+02,1.410256e+06,8.843460e+01,,,,5
2018-04-26 15:33:52.000000,2.609022e+07,1.818775e+07,1.239948e+02,1.410256e+06,8.843460e+01,,,,5
2018-04-26 15:33:53.000000,2.609024e+07,1.818779e+07,1.239949e+02,1.410256e+06,8.843460e+01,,,,5
2018-04-26 15:33:54.000000,2.609024e+07,1.818804e+07,1.239950e+02,1.410256e+06,8.843460e+01,,,,5
2018-04-26 15:33:55.000000,2.609024e+07,1.818773e+07,1.239948e+02,1.410256e+06,8.843460e+01,,,,5
2018-04-26 15:33:56.000000,2.609022e+07,1.818806e+07,1.239949e+02,1.410256e+06,8.843460e+01,,,,5
2018-04-26 15:33:57.000000,2.609022e+07,1.818686e+07,1.239942e+02,1.410256e+06,8.843460e+01,,,,5
2018-04-26 15:33:58.000000,2.609022e+07,1.818858e+07,1.239952e+02,1.410256e+06,8.843460e+01,,,,5
2018-04-26 15:33:59.000000,2.609024e+07,1.818664e+07,1.239940e+02,1.410256e+06,8.843460e+01,,,,5
2018-04-26 15:34:00.000000,2.609024e+07,1.818821e+07,1.239948e+02,1.410256e+06,8.843460e+01,,,,5
2018-04-26 15:34:01.000000,2.609024e+07,1.818687e+07,1.239941e+02,1.410256e+06,8.843460e+01,,,,5
2018-04-26 15:34:02.000000,2.609022e+07,1.818903e+07,1.239955e+02,1.410256e+06,8.843460e+01,,,,5
2018-04-26 15:34:03.000000,2.609022e+07,1.818783e+07,1.239948e+02,1.410256e+06,8.843460e+01,,,,5
2018-04-26 15:34:04.000000,2.609024e+07,1.818933e+07,1.239957e+02,1.410256e+06,8.843460e+01,,,,5
2018-04-26 15:34:05.000000,2.609024e+07,1.818821e+07,1.239951e+02,1.410256e+06,8.843460e+01,,,,5
2018-04-26 15:34:06.000000,2.609024e+07,1.818773e+07,1.239948e+02,1.410256e+06,8.843460e+01,,,,5
2018-04-26 15:34:07.000000,2.609022e+07,1.818722e+07,1.239944e+02,1.410256e+06,8.843460e+01,,,,5
2018-04-26 15:34:08.000000,2.609022e+07,1.818683e+07,1.239942e+02,1.410256e+06,8.843460e+01,,,,5
2018-04-26 15:34:09.000000,2.609022e+07,1.818805e+07,1.239949e+02,1.410256e+06,8.843460e+01,,,,5
2018-04-26 15:34:10.000000,2.609024e+07,1.818664e+07,1.239941e+02,1.410256e+06,8.843460e+01,,,,5
2018-04-26 15:34:11.000000,2.609024e+07,1.818764e+07,1.239946e+02,1.410256e+06,8.843460e+01,,,,5
2018-04-26 15:34:12.000000,2.609024e+07,1.818652e+07,1.239940e+02,1.410256e+06,8.843460e+01,,,,5
2018-04-26 15:34:13.000000,2.609022e+07,1.818846e+07,1.239951e+02,1.410256e+06,8.843460e+01,,,,5
2018-04-26 15:34:14.000000,2.609023e+07,1.818748e+07,1.239946e+02,1.410256e+06,8.843460e+01,,,,5
2018-04-26 15:34:15.000000,2.609022e+07,1.818747e+07,1.239947e+02,1.410256e+06,8.843460e+01,,,,5
2018-04-26 15:34:16.000000,2.609024e+07,1.818771e+07,1.239948e+02,1.410256e+06,8.843460e+01,,,,5
2018-04-26 15:34:17.000000,2.609024e+07,1.818779e+07,1.239949e+02,1.410256e+06,8.843460e+01,,,,5
2018-04-26 15:34:18.000000,2.609022e+07,1.818691e+07,1.239943e+02,1.410256e+06,8.843460e+01,,,,5
2018-04-26 15:34:19.000000,2.609023e+07,1.818686e+07,1.239943e+02,1.410256e+06,8.843460e+01,,,,5
2018-04-26 15:34:20.000000,2.609022e+07,1.818806e+07,1.239949e+02,1.410256e+06,8.843460e+01,,,,5
2018-04-26 15:34:21.000000,2.609024e+07,1.818670e+07,1.239941e+02,1.410256e+06,8.843460e+01,,,,5
2018-04-26 15:34:22.000000,2.609024e+07,1.818772e+07,1.239946e+02,1.410256e+06,8.843460e+01,,,,5
2018-04-26 15:34:23.000000,2.609024e+07,1.818649e+07,1.239939e+02,1.410256e+06,8.843459e+01,,,,5
2018-04-26 15:34:24.000000,2.609023e+07,1.818852e+07,1.239952e+02,1.410256e+06,8.843459e+01,,,,5
2018-04-26 15:34:25.000000,2.609022e+07,1.818750e+07,1.239946e+02,1.410256e+06,8.843459e+01,,,,5
2018-04-26 15:34:26.000000,2.609022e+07,1.818919e+07,1.239956e+02,1.410256e+06,8.843459e+01,,,,5
2018-04-26 15:34:27.000000,2.609024e+07,1.818786e+07,1.239949e+02,1.410256e+06,8.843459e+01,,,,5
2018-04-26 15:34:28.000000,2.609024e+07,1.818944e+07,1.239957e+02,1.410256e+06,8.843459e+01,,,,5
2018-04-26 15:34:29.000000,2.609024e+07,1.818810e+07,1.239950e+02,1.410256e+06,8.843459e+01,,,,5
2018-04-26 15:34:30.000000,2.609022e+07,1.818845e+07,1.239951e+02,1.410256e+06,8.843459e+01,,,,5
2018-04-26 15:34:31.000000,2.609022e+07,1.818722e+07,1.239944e+02,1.410256e+06,8.843459e+01,,,,5
2018-04-26 15:34:32.000000,2.609024e+07,1.818805e+07,1.239948e+02,1.410256e+06,8.843459e+01,,,,5
2018-04-26 15:34:33.000000,2.609024e+07,1.818694e+07,1.239942e+02,1.410256e+06,8.843459e+01,,,,5
2018-04-26 15:34:34.000000,2.609024e+07,1.818650e+07,1.239940e+02,1.410256e+06,8.843459e+01,,,,5
2018-04-26 15:34:35.000000,2.609022e+07,1.818763e+07,1.239947e+02,1.410256e+06,8.843459e+01,,,,5
2018-04-26 15:34:36.000000,2.609022e+07,1.818742e+07,1.239946e+02,1.410256e+06,8.843459e+01,,,,5
2018-04-26 15:34:37.000000,2.609022e+07,1.818861e+07,1.239952e+02,1.410256e+06,8.843459e+01,,,,5
2018-04-26 15:34:38.000000,2.609024e+07,1.818781e+07,1.239948e+02,1.410256e+06,8.843459e+01,,,,5
2018-04-26 15:34:39.000000,2.609024e+07,1.818945e+07,1.239957e+02,1.410256e+06,8.843459e+01,,,,5
2018-04-26 15:34:40.000000,2.609024e+07,1.818775e+07,1.239948e+02,1.410256e+06,8.843459e+01,,,,5
2018-04-26 15:34:41.000000,2.609022e+07,1.818855e+07,1.239952e+02,1.410256e+06,8.843459e+01,,,,5
2018-04-26 15:34:42.000000,2.609022e+07,1.818689e+07,1.239943e+02,1.410256e+06,8.843459e+01,,,,5
2018-04-26 15:34:43.000000,2.609023e+07,1.818687e+07,1.239943e+02,1.410256e+06,8.843459e+01,,,,5
2018-04-26 15:34:44.000000,2.609024e+07,1.818684e+07,1.239941e+02,1.410256e+06,8.843459e+01,,,,5
2018-04-26 15:34:45.000000,2.609024e+07,1.818655e+07,1.239940e+02,1.410256e+06,8.843459e+01,,,,5
2018-04-26 15:34:46.000000,2.609022e+07,1.818764e+07,1.239947e+02,1.410256e+06,8.843459e+01,,,,5
2018-04-26 15:34:47.000000,2.609022e+07,1.818747e+07,1.239946e+02,1.410256e+06,8.843459e+01,,,,5
2018-04-26 15:34:48.000000,2.609023e+07,1.818869e+07,1.239953e+02,1.410256e+06,8.843459e+01,,,,5
2018-04-26 15:34:49.000000,2.609024e+07,1.818782e+07,1.239949e+02,1.410256e+06,8.843459e+01,,,,5
2018-04-26 15:34:50.000000,2.609024e+07,1.818893e+07,1.239955e+02,1.410256e+06,8.843459e+01,,,,5
2018-04-26 15:34:51.000000,2.609024e+07,1.818777e+07,1.239948e+02,1.410256e+06,8.843459e+01,,,,5
2018-04-26 15:34:52.000000,2.609022e+07,1.818805e+07,1.239949e+02,1.410256e+06,8.843459e+01,,,,5
2018-04-26 15:34:53.000000,2.609022e+07,1.818690e+07,1.239942e+02,1.410256e+06,8.843459e+01,,,,5
2018-04-26 15:34:54.000000,2.609022e+07,1.818846e+07,1.239951e+02,1.410256e+06,8.843459e+01,,,,5
2018-04-26 15:34:55.000000,2.609024e+07,1.818667e+07,1.239941e+02,1.410256e+06,8.843459e+01,,,,5
2018-04-26 15:34:56.000000,2.609024e+07,1.818809e+07,1.239948e+02,1.410256e+06,8.843459e+01,,,,5
2018-04-26 15:34:57.000000,2.609024e+07,1.818684e+07,1.239941e+02,1.410256e+06,8.843459e+01,,,,5
2018-04-26 15:34:58.000000,2.609022e+07,1.818742e+07,1.239947e+02,1.410256e+06,8.843459e+01,,,,5
2018-04-26 15:34:59.000000,2.609022e+07,1.818775e+07,1.239948e+02,1.410256e+06,8.843459e+01,,,,5
2018-04-26 15:35:00.000000,2.609024e+07,1.818779e+07,1.239949e+02,1.410256e+06,8.843459e+01,,,,5
2018-04-26 15:35:01.000000,2.609024e+07,1.818804e+07,1.239950e+02,1.410256e+06,8.843459e+01,,,,5
2018-04-26 15:35:02.000000,2.609024e+07,1.818772e+07,1.239948e+02,1.410256e+06,8.843459e+01,,,,5
2018-04-26 15:35:03.000000,2.609022e+07,1.818806e+07,1.239949e+02,1.410256e+06,8.843459e+01,,,,5
2018-04-26 15:35:04.000000,2.609022e+07,1.818686e+07,1.239942e+02,1.410256e+06,8.843459e+01,,,,5
2018-04-26 15:35:05.000000,2.609022e+07,1.818858e+07,1.239952e+02,1.410256e+06,8.843459e+01,,,,5
2018-04-26 15:35:06.000000,2.609024e+07,1.818666e+07,1.239940e+02,1.410256e+06,8.843459e+01,,,,5
2018-04-26 15:35:07.000000,2.609024e+07,1.818765e+07,1.239946e+02,1.410256e+06,8.843459e+01,,,,5
2018-04-26 15:35:08.000000,2.609024e+07,1.818652e+07,1.239940e+02,1.410256e+06,8.843459e+01,,,,5
2018-04-26 15:35:09.000000,2.609023e+07,1.818846e+07,1.239951e+02,1.410256e+06,8.843459e+01,,,,5
2018-04-26 15:35:10.000000,2.609023e+07,1.818747e+07,1.239946e+02,1.410256e+06,8.843459e+01,,,,5
2018-04-26 15:35:11.000000,2.609022e+07,1.818748e+07,1.239947e+02,1.410256e+06,8.843459e+01,,,,5
2018-04-26 15:35:12.000000,2.609024e+07,1.818771e+07,1.239948e+02,1.410256e+06,8.843459e+01,,,,5
2018-04-26 15:35:13.000000,2.609024e+07,1.818779e+07,1.239949e+02,1.410256e+06,8.843459e+01,,,,5
2018-04-26 15:35:14.000000,2.609022e+07,1.818690e+07,1.239943e+02,1.410256e+06,8.843459e+01,,,,5
2018-04-26 15:35:15.000000,2.609023e+07,1.818687e+07,1.239943e+02,1.410256e+06,8.843459e+01,,,,5
2018-04-26 15:35:16.000000,2.609022e+07,1.818806e+07,1.239949e+02,1.410256e+06,8.843459e+01,,,,5
2018-04-26 15:35:17.000000,2.609024e+07,1.818669e+07,1.239941e+02,1.410256e+06,8.843459e+01,,,,5
2018-04-26 15:35:18.000000,2.609024e+07,1.818772e+07,1.239946e+02,1.410256e+06,8.843459e+01,,,,5
2018-04-26 15:35:19.000000,2.609024e+07,1.818649e+07,1.239939e+02,1.410256e+06,8.843459e+01,,,,5
2018-04-26 15:35:20.000000,2.609023e+07,1.818854e+07,1.239952e+02,1.410256e+06,8.843459e+01,,,,5
2018-04-26 15:35:21.000000,2.609022e+07,1.818750e+07,1.239946e+02,1.410256e+06,8.843459e+01,,,,5
2018-04-26 15:35:22.000000,2.609023e+07,1.818919e+07,1.239956e+02,1.410256e+06,8.843459e+01,,,,5
2018-04-26 15:35:23.000000,2.609024e+07,1.818786e+07,1.239949e+02,1.410256e+06,8.843459e+01,,,,5
2018-04-26 15:35:24.000000,2.609024e+07,1.818945e+07,1.239958e+02,1.410256e+06,8.843458e+01,,,,5
2018-04-26 15:35:25.000000,2.609023e+07,1.818713e+07,1.239944e+02,1.410256e+06,8.843458e+01,,,,5
2018-04-26 15:35:26.000000,2.609022e+07,1.818834e+07,1.239950e+02,1.410256e+06,8.843458e+01,,,,5
2018-04-26 15:35:27.000000,2.609023e+07,1.818720e+07,1.239944e+02,1.410256e+06,8.843458e+01,,,,5
2018-04-26 15:35:28.000000,2.609024e+07,1.818806e+07,1.239948e+02,1.410256e+06,8.843458e+01,,,,5
2018-04-26 15:35:29.000000,2.609024e+07,1.818694e+07,1.239942e+02,1.410256e+06,8.843458e+01,,,,5
2018-04-26 15:35:30.000000,2.609024e+07,1.818650e+07,1.239940e+02,1.410256e+06,8.843458e+01,,,,5
2018-04-26 15:35:31.000000,2.609022e+07,1.818764e+07,1.239947e+02,1.410256e+06,8.843458e+01,,,,5
2018-04-26 15:35:32.000000,2.609022e+07,1.818742e+07,1.239946e+02,1.410256e+06,8.843458e+01,,,,5
2018-04-26 15:35:33.000000,2.609022e+07,1.818862e+07,1.239952e+02,1.410256e+06,8.843458e+01,,,,5
2018-04-26 15:35:34.000000,2.609025e+07,1.818780e+07,1.239948e+02,1.410256e+06,8.843458e+01,,,,5
2018-04-26 15:35:35.000000,2.609024e+07,1.818946e+07,1.239957e+02,1.410256e+06,8.843458e+01,,,,5
2018-04-26 15:35:36.000000,2.609024e+07,1.818775e+07,1.239948e+02,1.410256e+06,8.843458e+01,,,,5
2018-04-26 15:35:37.000000,2.609022e+07,1.818855e+07,1.239952e+02,1.410256e+06,8.843458e+01,,,,5
2018-04-26 15:35:38.000000,2.609022e+07,1.818688e+07,1.239942e+02,1.410256e+06,8.843458e+01,,,,5
2018-04-26 15:35:39.000000,2.609025e+07,1.818815e+07,1.239948e+02,1.410256e+06,8.843458e+01,,,,5
2018-04-26 15:35:40.000000,2.609024e+07,1.818697e+07,1.239942e+02,1.410256e+06,8.843458e+01,,,,5
2018-04-26 15:35:41.000000,2.609024e+07,1.818655e+07,1.239940e+02,1.410256e+06,8.843458e+01,,,,5
2018-04-26 15:35:42.000000,2.609022e+07,1.818764e+07,1.239947e+02,1.410256e+06,8.843458e+01,,,,5
2018-04-26 15:35:43.000000,2.609022e+07,1.818748e+07,1.239946e+02,1.410256e+06,8.843458e+01,,,,5
2018-04-26 15:35:44.000000,2.609023e+07,1.818870e+07,1.239953e+02,1.410256e+06,8.843458e+01,,,,5
2018-04-26 15:35:45.000000,2.609024e+07,1.818781e+07,1.239948e+02,1.410256e+06,8.843458e+01,,,,5
2018-04-26 15:35:46.000000,2.609024e+07,1.818893e+07,1.239955e+02,1.410256e+06,8.843458e+01,,,,5
2018-04-26 15:35:47.000000,2.609024e+07,1.818775e+07,1.239948e+02,1.410256e+06,8.843458e+01,,,,5
2018-04-26 15:35:48.000000,2.609022e+07,1.818805e+07,1.239949e+02,1.410256e+06,8.843458e+01,,,,5
2018-04-26 15:35:49.000000,2.609023e+07,1.818690e+07,1.239942e+02,1.410256e+06,8.843458e+01,,,,5
2018-04-26 15:35:50.000000,2.609022e+07,1.818846e+07,1.239951e+02,1.410256e+06,8.843458e+01,,,,5
2018-04-26 15:35:51.000000,2.609024e+07,1.818666e+07,1.239941e+02,1.410256e+06,8.843458e+01,,,,5
2018-04-26 15:35:52.000000,2.609024e+07,1.818809e+07,1.239948e+02,1.410256e+06,8.843458e+01,,,,5
2018-04-26 15:35:53.000000,2.609023e+07,1.818750e+07,1.239946e+02,1.410256e+06,8.843458e+01,,,,5
2018-04-26 15:35:54.000000,2.609022e+07,1.818748e+07,1.239947e+02,1.410256e+06,8.843458e+01,,,,5
2018-04-26 15:35:55.000000,2.609022e+07,1.818775e+07,1.239948e+02,1.410256e+06,8.843458e+01,,,,5
2018-04-26 15:35:56.000000,2.609024e+07,1.818779e+07,1.239949e+02,1.410256e+06,8.843458e+01,,,,5
2018-04-26 15:35:57.000000,2.609024e+07,1.818804e+07,1.239950e+02,1.410256e+06,8.843458e+01,,,,5
2018-04-26 15:35:58.000000,2.609025e+07,1.818773e+07,1.239948e+02,1.410256e+06,8.843458e+01,,,,5
2018-04-26 15:35:59.000000,2.609022e+07,1.818806e+07,1.239949e+02,1.410256e+06,8.843458e+01,,,,5
2018-04-26 15:36:00.000000,2.609023e+07,1.818686e+07,1.239942e+02,1.410256e+06,8.843458e+01,,,,5
2018-04-26 15:36:01.000000,2.609022e+07,1.818860e+07,1.239952e+02,1.410256e+06,8.843458e+01,,,,5
2018-04-26 15:36:02.000000,2.609024e+07,1.818664e+07,1.239940e+02,1.410256e+06,8.843458e+01,,,,5
2018-04-26 15:36:03.000000,2.609025e+07,1.818822e+07,1.239948e+02,1.410256e+06,8.843458e+01,,,,5
2018-04-26 15:36:04.000000,2.609024e+07,1.818685e+07,1.239941e+02,1.410256e+06,8.843458e+01,,,,5
2018-04-26 15:36:05.000000,2.609023e+07,1.818904e+07,1.239955e+02,1.410256e+06,8.843458e+01,,,,5
2018-04-26 15:36:06.000000,2.609022e+07,1.818783e+07,1.239948e+02,1.410256e+06,8.843458e+01,,,,5
2018-04-26 15:36:07.000000,2.609024e+07,1.818933e+07,1.239957e+02,1.410256e+06,8.843458e+01,,,,5
2018-04-26 15:36:08.000000,2.609024e+07,1.818821e+07,1.239951e+02,1.410256e+06,8.843458e+01,,,,5
2018-04-26 15:36:09.000000,2.609024e+07,1.818773e+07,1.239948e+02,1.410256e+06,8.843458e+01,,,,5
2018-04-26 15:36:10.000000,2.609022e+07,1.818722e+07,1.239944e+02,1.410256e+06,8.843458e+01,,,,5
2018-04-26 15:36:11.000000,2.609022e+07,1.818682e+07,1.239942e+02,1.410256e+06,8.843458e+01,,,,5
2018-04-26 15:36:12.000000,2.609022e+07,1.818805e+07,1.239949e+02,1.410256e+06,8.843458e+01,,,,5
2018-04-26 15:36:13.000000,2.609024e+07,1.818664e+07,1.239941e+02,1.410256e+06,8.843458e+01,,,,5
2018-04-26 15:36:14.000000,2.609024e+07,1.818764e+07,1.239946e+02,1.410256e+06,8.843458e+01,,,,5
2018-04-26 15:36:15.000000,2.609024e+07,1.818652e+07,1.239940e+02,1.410256e+06,8.843458e+01,,,,5
2018-04-26 15:36:16.000000,2.609022e+07,1.818847e+07,1.239951e+02,1.410256e+06,8.843458e+01,,,,5
2018-04-26 15:36:17.000000,2.609023e+07,1.818748e+07,1.239946e+02,1.410256e+06,8.843458e+01,,,,5
2018-04-26 15:36:18.000000,2.609022e+07,1.818747e+07,1.239946e+02,1.410256e+06,8.843458e+01,,,,5
2018-04-26 15:36:19.000000,2.609024e+07,1.818771e+07,1.239948e+02,1.410256e+06,8.843458e+01,,,,5
2018-04-26 15:36:20.000000,2.609024e+07,1.818779e+07,1.239949e+02,1.410256e+06,8.843458e+01,,,,5
2018-04-26 15:36:21.000000,2.609022e+07,1.818690e+07,1.239943e+02,1.410256e+06,8.843458e+01,,,,5
2018-04-26 15:36:22.000000,2.609023e+07,1.818687e+07,1.239942e+02,1.410256e+06,8.843458e+01,,,,5
2018-04-26 15:36:23.000000,2.609022e+07,1.818806e+07,1.239949e+02,1.410256e+06,8.843458e+01,,,,5
2018-04-26 15:36:24.000000,2.609024e+07,1.818670e+07,1.239941e+02,1.410256e+06,8.843458e+01,,,,5
2018-04-26 15:36:25.000000,2.609024e+07,1.818772e+07,1.239946e+02,1.410256e+06,8.843458e+01,,,,5
2018-04-26 15:36:26.000000,2.609024e+07,1.818649e+07,1.239939e+02,1.410256e+06,8.843458e+01,,,,5
2018-04-26 15:36:27.000000,2.609023e+07,1.818852e+07,1.239952e+02,1.410256e+06,8.843457e+01,,,,5
2018-04-26 15:36:28.000000,2.609022e+07,1.818750e+07,1.239946e+02,1.410256e+06,8.843457e+01,,,,5
2018-04-26 15:36:29.000000,2.609023e+07,1.818919e+07,1.239956e+02,1.410256e+06,8.843457e+01,,,,5
2018-04-26 15:36:30.000000,2.609024e+07,1.818786e+07,1.239949e+02,1.410256e+06,8.843457e+01,,,,5
2018-04-26 15:36:31.000000,2.609024e+07,1.818944e+07,1.239957e+02,1.410256e+06,8.843457e+01,,,,5
2018-04-26 15:36:32.000000,2.609024e+07,1.818810e+07,1.239950e+02,1.410256e+06,8.843457e+01,,,,5
2018-04-26 15:36:33.000000,2.609022e+07,1.818845e+07,1.239951e+02,1.410256e+06,8.843457e+01,,,,5
2018-04-26 15:36:34.000000,2.609022e+07,1.818722e+07,1.239944e+02,1.410256e+06,8.843457e+01,,,,5
2018-04-26 15:36:35.000000,2.609024e+07,1.818806e+07,1.239948e+02,1.410256e+06,8.843457e+01,,,,5
2018-04-26 15:36:36.000000,2.609024e+07,1.818694e+07,1.239942e+02,1.410256e+06,8.843457e+01,,,,5
2018-04-26 15:36:37.000000,2.609024e+07,1.818650e+07,1.239940e+02,1.410256e+06,8.843457e+01,,,,5
2018-04-26 15:36:38.000000,2.609022e+07,1.818764e+07,1.239947e+02,1.410256e+06,8.843457e+01,,,,5
2018-04-26 15:36:39.000000,2.609022e+07,1.818742e+07,1.239946e+02,1.410256e+06,8.843457e+01,,,,5
2018-04-26 15:36:40.000000,2.609022e+07,1.818862e+07,1.239952e+02,1.410256e+06,8.843457e+01,,,,5
2018-04-26 15:36:41.000000,2.609024e+07,1.818781e+07,1.239948e+02,1.410256e+06,8.843457e+01,,,,5
2018-04-26 15:36:42.000000,2.609024e+07,1.818946e+07,1.239957e+02,1.410256e+06,8.843457e+01,,,,5
2018-04-26 15:36:43.000000,2.609024e+07,1.818775e+07,1.239948e+02,1.410256e+06,8.843457e+01,,,,5
2018-04-26 15:36:44.000000,2.609022e+07,1.818855e+07,1.239952e+02,1.410256e+06,8.843457e+01,,,,5
2018-04-26 15:36:45.000000,2.609022e+07,1.818688e+07,1.239942e+02,1.410256e+06,8.843457e+01,,,,5
2018-04-26 15:36:46.000000,2.609023e+07,1.818688e+07,1.239942e+02,1.410256e+06,8.843457e+01,,,,5
2018-04-26 15:36:47.000000,2.609024e+07,1.818685e+07,1.239941e+02,1.410256e+06,8.843457e+01,,,,5
2018-04-26 15:36:48.000000,2.609024e+07,1.818655e+07,1.239940e+02,1.410256e+06,8.843457e+01,,,,5
2018-04-26 15:36:49.000000,2.609022e+07,1.818764e+07,1.239947e+02,1.410256e+06,8.843457e+01,,,,5
2018-04-26 15:36:50.000000,2.609022e+07,1.818747e+07,1.239946e+02,1.410256e+06,8.843457e+01,,,,5
2018-04-26 15:36:51.000000,2.609023e+07,1.818869e+07,1.239953e+02,1.410256e+06,8.843457e+01,,,,5
2018-04-26 15:36:52.000000,2.609024e+07,1.818781e+07,1.239948e+02,1.410256e+06,8.843457e+01,,,,5
2018-04-26 15:36:53.000000,2.609024e+07,1.818893e+07,1.239955e+02,1.410256e+06,8.843457e+01,,,,5
2018-04-26 15:36:54.000000,2.609024e+07,1.818777e+07,1.239948e+02,1.410256e+06,8.843457e+01,,,,5
2018-04-26 15:36:55.000000,2.609022e+07,1.818805e+07,1.239949e+02,1.410256e+06,8.843457e+01,,,,5
2018-04-26 15:36:56.000000,2.609022e+07,1.818690e+07,1.239942e+02,1.410256e+06,8.843457e+01,,,,5
2018-04-26 15:36:57.000000,2.609022e+07,1.818846e+07,1.239951e+02,1.410256e+06,8.843457e+01,,,,5
2018-04-26 15:36:58.000000,2.609024e+07,1.818667e+07,1.239941e+02,1.410256e+06,8.843457e+01,,,,5
2018-04-26 15:36:59.000000,2.609024e+07,1.818809e+07,1.239948e+02,1.410256e+06,8.843457e+01,,,,5
2018-04-26 15:37:00.000000,2.609024e+07,1.818684e+07,1.239941e+02,1.410256e+06,8.843457e+01,,,,5
2018-04-26 15:37:01.000000,2.609022e+07,1.818742e+07,1.239946e+02,1.410256e+06,8.843457e+01,,,,5
2018-04-26 15:37:02.000000,2.609022e+07,1.818775e+07,1.239948e+02,1.410256e+06,8.843457e+01,,,,5
2018-04-26 15:37:03.000000,2.609024e+07,1.818779e+07,1.239949e+02,1.410256e+06,8.843457e+01,,,,5
2018-04-26 15:37:04.000000,2.609024e+07,1.818804e+07,1.239950e+02,1.410256e+06,8.843457e+01,,,,5
2018-04-26 15:37:05.000000,2.609024e+07,1.818773e+07,1.239948e+02,1.410256e+06,8.843457e+01,,,,5
2018-04-26 15:37:06.000000,2.609022e+07,1.818806e+07,1.239949e+02,1.410256e+06,8.843457e+01,,,,5
2018-04-26 15:37:07.000000,2.609023e+07,1.818686e+07,1.239942e+02,1.410256e+06,8.843457e+01,,,,5
2018-04-26 15:37:08.000000,2.609022e+07,1.818858e+07,1.239952e+02,1.410256e+06,8.843457e+01,,,,5
2018-04-26 15:37:09.000000,2.609024e+07,1.818664e+07,1.239940e+02,1.410256e+06,8.843457e+01,,,,5
2018-04-26 15:37:10.000000,2.609024e+07,1.818821e+07,1.239948e+02,1.410256e+06,8.843457e+01,,,,5
2018-04-26 15:37:11.000000,2.609024e+07,1.818687e+07,1.239941e+02,1.410256e+06,8.843457e+01,,,,5
2018-04-26 15:37:12.000000,2.609023e+07,1.818903e+07,1.239955e+02,1.410256e+06,8.843457e+01,,,,5
2018-04-26 15:37:13.000000,2.609022e+07,1.818783e+07,1.239948e+02,1.410256e+06,8.843457e+01,,,,5
2018-04-26 15:37:14.000000,2.609024e+07,1.818933e+07,1.239957e+02,1.410256e+06,8.843457e+01,,,,5
2018-04-26 15:37:15.000000,2.609024e+07,1.818822e+07,1.239951e+02,1.410256e+06,8.843457e+01,,,,5
2018-04-26 15:37:16.000000,2.609024e+07,1.818773e+07,1.239948e+02,1.410256e+06,8.843457e+01,,,,5
2018-04-26 15:37:17.000000,2.609022e+07,1.818722e+07,1.239944e+02,1.410256e+06,8.843457e+01,,,,5
2018-04-26 15:37:18.000000,2.609022e+07,1.818683e+07,1.239942e+02,1.410256e+06,8.843457e+01,,,,5
2018-04-26 15:37:19.000000,2.609022e+07,1.818805e+07,1.239949e+02,1.410256e+06,8.843457e+01,,,,5
2018-04-26 15:37:20.000000,2.609024e+07,1.818664e+07,1.239940e+02,1.410256e+06,8.843457e+01,,,,5
2018-04-26 15:37:21.000000,2.609024e+07,1.818764e+07,1.239946e+02,1.410256e+06,8.843457e+01,,,,5
2018-04-26 15:37:22.000000,2.609024e+07,1.818654e+07,1.239939e+02,1.410256e+06,8.843457e+01,,,,5
2018-04-26 15:37:23.000000,2.609022e+07,1.818846e+07,1.239951e+02,1.410256e+06,8.843457e+01,,,,5
2018-04-26 15:37:24.000000,2.609023e+07,1.818748e+07,1.239946e+02,1.410256e+06,8.843457e+01,,,,5
2018-04-26 15:37:25.000000,2.609022e+07,1.818747e+07,1.239946e+02,1.410256e+06,8.843457e+01,,,,5
2018-04-26 15:37:26.000000,2.609024e+07,1.818771e+07,1.239948e+02,1.410256e+06,8.843457e+01,,,,5
2018-04-26 15:37:27.000000,2.609024e+07,1.818779e+07,1.239949e+02,1.410256e+06,8.843457e+01,,,,5
2018-04-26 15:37:28.000000,2.609022e+07,1.818691e+07,1.239943e+02,1.410256e+06,8.843457e+01,,,,5
2018-04-26 15:37:29.000000,2.609023e+07,1.818687e+07,1.239942e+02,1.410256e+06,8.843457e+01,,,,5
2018-04-26 15:37:30.000000,2.609022e+07,1.818806e+07,1.239949e+02,1.410256e+06,8.843456e+01,,,,5
2018-04-26 15:37:31.000000,2.609024e+07,1.818670e+07,1.239941e+02,1.410256e+06,8.843456e+01,,,,5
2018-04-26 15:37:32.000000,2.609024e+07,1.818771e+07,1.239946e+02,1.410256e+06,8.843456e+01,,,,5
2018-04-26 15:37:33.000000,2.609024e+07,1.818649e+07,1.239939e+02,1.410256e+06,8.843456e+01,,,,5
2018-04-26 15:37:34.000000,2.609023e+07,1.818852e+07,1.239952e+02,1.410256e+06,8.843456e+01,,,,5
2018-04-26 15:37:35.000000,2.609022e+07,1.818750e+07,1.239946e+02,1.410256e+06,8.843456e+01,,,,5
2018-04-26 15:37:36.000000,2.609023e+07,1.818919e+07,1.239956e+02,1.410256e+06,8.843456e+01,,,,5
2018-04-26 15:37:37.000000,2.609024e+07,1.818786e+07,1.239949e+02,1.410256e+06,8.843456e+01,,,,5
2018-04-26 15:37:38.000000,2.609024e+07,1.818944e+07,1.239957e+02,1.410256e+06,8.843456e+01,,,,5
2018-04-26 15:37:39.000000,2.609024e+07,1.818811e+07,1.239950e+02,1.410256e+06,8.843456e+01,,,,5
2018-04-26 15:37:40.000000,2.609022e+07,1.818845e+07,1.239951e+02,1.410256e+06,8.843456e+01,,,,5
2018-04-26 15:37:41.000000,2.609022e+07,1.818722e+07,1.239944e+02,1.410256e+06,8.843456e+01,,,,5
2018-04-26 15:37:42.000000,2.609024e+07,1.818805e+07,1.239948e+02,1.410256e+06,8.843456e+01,,,,5
2018-04-26 15:37:43.000000,2.609024e+07,1.818694e+07,1.239942e+02,1.410256e+06,8.843456e+01,,,,5
2018-04-26 15:37:44.000000,2.609024e+07,1.818650e+07,1.239939e+02,1.410256e+06,8.843456e+01,,,,5
2018-04-26 15:37:45.000000,2.609022e+07,1.818763e+07,1.239947e+02,1.410256e+06,8.843456e+01,,,,5
2018-04-26 15:37:46.000000,2.609022e+07,1.818742e+07,1.239946e+02,1.410256e+06,8.843456e+01,,,,5
2018-04-26 15:37:47.000000,2.609022e+07,1.818861e+07,1.239952e+02,1.410256e+06,8.843456e+01,,,,5
2018-04-26 15:37:48.000000,2.609024e+07,1.818781e+07,1.239948e+02,1.410256e+06,8.843456e+01,,,,5
2018-04-26 15:37:49.000000,2.609024e+07,1.818944e+07,1.239957e+02,1.410256e+06,8.843456e+01,,,,5
2018-04-26 15:37:50.000000,2.609024e+07,1.818775e+07,1.239948e+02,1.410256e+06,8.843456e+01,,,,5
2018-04-26 15:37:51.000000,2.609022e+07,1.818855e+07,1.239952e+02,1.410256e+06,8.843456e+01,,,,5
2018-04-26 15:37:52.000000,2.609022e+07,1.818689e+07,1.239943e+02,1.410256e+06,8.843456e+01,,,,5
2018-04-26 15:37:53.000000,2.609023e+07,1.818688e+07,1.239942e+02,1.410256e+06,8.843456e+01,,,,5
2018-04-26 15:37:54.000000,2.609024e+07,1.818685e+07,1.239941e+02,1.410256e+06,8.843456e+01,,,,5
2018-04-26 15:37:55.000000,2.609024e+07,1.818655e+07,1.239940e+02,1.410256e+06,8.843456e+01,,,,5
2018-04-26 15:37:56.000000,2.609022e+07,1.818764e+07,1.239947e+02,1.410256e+06,8.843456e+01,,,,5
2018-04-26 15:37:57.000000,2.609022e+07,1.818747e+07,1.239946e+02,1.410256e+06,8.843456e+01,,,,5
2018-04-26 15:37:58.000000,2.609023e+07,1.818869e+07,1.239953e+02,1.410256e+06,8.843456e+01,,,,5
2018-04-26 15:37:59.000000,2.609024e+07,1.818782e+07,1.239949e+02,1.410256e+06,8.843456e+01,,,,5
2018-04-26 15:38:00.000000,2.609024e+07,1.818893e+07,1.239955e+02,1.410256e+06,8.843456e+01,,,,5
2018-04-26 15:38:01.000000,2.609024e+07,1.818777e+07,1.239948e+02,1.410256e+06,8.843456e+01,,,,5
2018-04-26 15:38:02.000000,2.609022e+07,1.818805e+07,1.239949e+02,1.410256e+06,8.843456e+01,,,,5
2018-04-26 15:38:03.000000,2.609022e+07,1.818690e+07,1.239942e+02,1.410256e+06,8.843456e+01,,,,5
2018-04-26 15:38:04.000000,2.609022e+07,1.818846e+07,1.239951e+02,1.410256e+06,8.843456e+01,,,,5
2018-04-26 15:38:05.000000,2.609024e+07,1.818667e+07,1.239940e+02,1.410256e+06,8.843456e+01,,,,5
2018-04-26 15:38:06.000000,2.609024e+07,1.818807e+07,1.239948e+02,1.410256e+06,8.843456e+01,,,,5
2018-04-26 15:38:07.000000,2.609024e+07,1.818684e+07,1.239941e+02,1.410256e+06,8.843456e+01,,,,5
2018-04-26 15:38:08.000000,2.609022e+07,1.818742e+07,1.239946e+02,1.410256e+06,8.843456e+01,,,,5
2018-04-26 15:38:09.000000,2.609022e+07,1.818775e+07,1.239948e+02,1.410256e+06,8.843456e+01,,,,5
2018-04-26 15:38:10.000000,2.609024e+07,1.818779e+07,1.239949e+02,1.410256e+06,8.843456e+01,,,,5
2018-04-26 15:38:11.000000,2.609024e+07,1.818804e+07,1.239950e+02,1.410256e+06,8.843456e+01,,,,5
2018-04-26 15:38:12.000000,2.609024e+07,1.818773e+07,1.239948e+02,1.410256e+06,8.843456e+01,,,,5
2018-04-26 15:38:13.000000,2.609022e+07,1.818806e+07,1.239949e+02,1.410256e+06,8.843456e+01,,,,5
2018-04-26 15:38:14.000000,2.609022e+07,1.818686e+07,1.239942e+02,1.410256e+06,8.843456e+01,,,,5
2018-04-26 15:38:15.000000,2.609022e+07,1.818858e+07,1.239952e+02,1.410256e+06,8.843456e+01,,,,5
2018-04-26 15:38:16.000000,2.609024e+07,1.818666e+07,1.239940e+02,1.410256e+06,8.843456e+01,,,,5
2018-04-26 15:38:17.000000,2.609024e+07,1.818821e+07,1.239948e+02,1.410256e+06,8.843456e+01,,,,5
2018-04-26 15:38:18.000000,2.609024e+07,1.818686e+07,1.239941e+02,1.410256e+06,8.843456e+01,,,,5
2018-04-26 15:38:19.000000,2.609022e+07,1.818901e+07,1.239955e+02,1.410256e+06,8.843456e+01,,,,5
2018-04-26 15:38:20.000000,2.609022e+07,1.818783e+07,1.239948e+02,1.410256e+06,8.843456e+01,,,,5
2018-04-26 15:38:21.000000,2.609022e+07,1.818745e+07,1.239946e+02,1.410256e+06,8.843456e+01,,,,5
2018-04-26 15:38:22.000000,2.609024e+07,1.818805e+07,1.239950e+02,1.410256e+06,8.843456e+01,,,,5
2018-04-26 15:38:23.000000,2.609024e+07,1.818774e+07,1.239948e+02,1.410256e+06,8.843456e+01,,,,5
2018-04-26 15:38:24.000000,2.609022e+07,1.818722e+07,1.239944e+02,1.410256e+06,8.843456e+01,,,,5
2018-04-26 15:38:25.000000,2.609022e+07,1.818683e+07,1.239942e+02,1.410256e+06,8.843456e+01,,,,5
2018-04-26 15:38:26.000000,2.609022e+07,1.818804e+07,1.239949e+02,1.410256e+06,8.843456e+01,,,,5
2018-04-26 15:38:27.000000,2.609024e+07,1.818664e+07,1.239940e+02,1.410256e+06,8.843456e+01,,,,5
2018-04-26 15:38:28.000000,2.609024e+07,1.818764e+07,1.239946e+02,1.410256e+06,8.843456e+01,,,,5
2018-04-26 15:38:29.000000,2.609024e+07,1.818654e+07,1.239939e+02,1.410256e+06,8.843456e+01,,,,5
2018-04-26 15:38:30.000000,2.609022e+07,1.818846e+07,1.239951e+02,1.410256e+06,8.843456e+01,,,,5
2018-04-26 15:38:31.000000,2.609023e+07,1.818748e+07,1.239946e+02,1.410256e+06,8.843456e+01,,,,5
2018-04-26 15:38:32.000000,2.609022e+07,1.818747e+07,1.239946e+02,1.410256e+06,8.843456e+01,,,,5
2018-04-26 15:38:33.000000,2.609024e+07,1.818771e+07,1.239948e+02,1.410256e+06,8.843456e+01,,,,5
2018-04-26 15:38:34.000000,2.609024e+07,1.818779e+07,1.239949e+02,1.410256e+06,8.843456e+01,,,,5
2018-04-26 15:38:35.000000,2.609024e+07,1.818806e+07,1.239950e+02,1.410256e+06,8.843455e+01,,,,5
2018-04-26 15:38:36.000000,2.609023e+07,1.818696e+07,1.239943e+02,1.410256e+06,8.843455e+01,,,,5
2018-04-26 15:38:37.000000,2.609022e+07,1.818806e+07,1.239949e+02,1.410256e+06,8.843455e+01,,,,5
2018-04-26 15:38:38.000000,2.609024e+07,1.818670e+07,1.239941e+02,1.410256e+06,8.843455e+01,,,,5
2018-04-26 15:38:39.000000,2.609024e+07,1.818771e+07,1.239946e+02,1.410256e+06,8.843455e+01,,,,5
2018-04-26 15:38:40.000000,2.609024e+07,1.818650e+07,1.239939e+02,1.410256e+06,8.843455e+01,,,,5
2018-04-26 15:38:41.000000,2.609023e+07,1.818852e+07,1.239952e+02,1.410256e+06,8.843455e+01,,,,5
2018-04-26 15:38:42.000000,2.609022e+07,1.818750e+07,1.239946e+02,1.410256e+06,8.843455e+01,,,,5
2018-04-26 15:38:43.000000,2.609022e+07,1.818917e+07,1.239956e+02,1.410256e+06,8.843455e+01,,,,5
2018-04-26 15:38:44.000000,2.609024e+07,1.818786e+07,1.239949e+02,1.410256e+06,8.843455e+01,,,,5
2018-04-26 15:38:45.000000,2.609024e+07,1.818944e+07,1.239957e+02,1.410256e+06,8.843455e+01,,,,5
2018-04-26 15:38:46.000000,2.609024e+07,1.818810e+07,1.239950e+02,1.410256e+06,8.843455e+01,,,,5
2018-04-26 15:38:47.000000,2.609022e+07,1.818845e+07,1.239951e+02,1.410256e+06,8.843455e+01,,,,5
2018-04-26 15:38:48.000000,2.609022e+07,1.818722e+07,1.239944e+02,1.410256e+06,8.843455e+01,,,,5
2018-04-26 15:38:49.000000,2.609024e+07,1.818805e+07,1.239948e+02,1.410256e+06,8.843455e+01,,,,5
2018-04-26 15:38:50.000000,2.609024e+07,1.818695e+07,1.239942e+02,1.410256e+06,8.843455e+01,,,,5
2018-04-26 15:38:51.000000,2.609024e+07,1.818650e+07,1.239939e+02,1.410256e+06,8.843455e+01,,,,5
2018-04-26 15:38:52.000000,2.609022e+07,1.818763e+07,1.239947e+02,1.410256e+06,8.843455e+01,,,,5
2018-04-26 15:38:53.000000,2.609022e+07,1.818743e+07,1.239946e+02,1.410256e+06,8.843455e+01,,,,5
2018-04-26 15:38:54.000000,2.609022e+07,1.818861e+07,1.239952e+02,1.410256e+06,8.843455e+01,,,,5
2018-04-26 15:38:55.000000,2.609024e+07,1.818780e+07,1.239948e+02,1.410256e+06,8.843455e+01,,,,5
2018-04-26 15:38:56.000000,2.609024e+07,1.818944e+07,1.239957e+02,1.410256e+06,8.843455e+01,,,,5
2018-04-26 15:38:57.000000,2.609024e+07,1.818777e+07,1.239948e+02,1.410256e+06,8.843455e+01,,,,5
2018-04-26 15:38:58.000000,2.609022e+07,1.818855e+07,1.239952e+02,1.410256e+06,8.843455e+01,,,,5
2018-04-26 15:38:59.000000,2.609022e+07,1.818689e+07,1.239943e+02,1.410256e+06,8.843455e+01,,,,5
2018-04-26 15:39:00.000000,2.609023e+07,1.818687e+07,1.239942e+02,1.410256e+06,8.843455e+01,,,,5
2018-04-26 15:39:01.000000,2.609024e+07,1.818684e+07,1.239941e+02,1.410256e+06,8.843455e+01,,,,5
2018-04-26 15:39:02.000000,2.609024e+07,1.818655e+07,1.239940e+02,1.410256e+06,8.843455e+01,,,,5
2018-04-26 15:39:03.000000,2.609022e+07,1.818763e+07,1.239947e+02,1.410256e+06,8.843455e+01,,,,5
2018-04-26 15:39:04.000000,2.609022e+07,1.818747e+07,1.239946e+02,1.410256e+06,8.843455e+01,,,,5
2018-04-26 15:39:05.000000,2.609023e+07,1.818869e+07,1.239953e+02,1.410256e+06,8.843455e+01,,,,5
2018-04-26 15:39:06.000000,2.609024e+07,1.818782e+07,1.239949e+02,1.410256e+06,8.843455e+01,,,,5
2018-04-26 15:39:07.000000,2.609024e+07,1.818892e+07,1.239954e+02,1.410256e+06,8.843455e+01,,,,5
2018-04-26 15:39:08.000000,2.609024e+07,1.818777e+07,1.239948e+02,1.410256e+06,8.843455e+01,,,,5
2018-04-26 15:39:09.000000,2.609022e+07,1.818805e+07,1.239949e+02,1.410256e+06,8.843455e+01,,,,5
2018-04-26 15:39:10.000000,2.609022e+07,1.818691e+07,1.239942e+02,1.410256e+06,8.843455e+01,,,,5
2018-04-26 15:39:11.000000,2.609022e+07,1.818846e+07,1.239951e+02,1.410256e+06,8.843455e+01,,,,5
2018-04-26 15:39:12.000000,2.609024e+07,1.818667e+07,1.239940e+02,1.410256e+06,8.843455e+01,,,,5
2018-04-26 15:39:13.000000,2.609024e+07,1.818807e+07,1.239948e+02,1.410256e+06,8.843455e+01,,,,5
2018-04-26 15:39:14.000000,2.609024e+07,1.818685e+07,1.239941e+02,1.410256e+06,8.843455e+01,,,,5
2018-04-26 15:39:15.000000,2.609022e+07,1.818742e+07,1.239946e+02,1.410256e+06,8.843455e+01,,,,5
2018-04-26 15:39:16.000000,2.609022e+07,1.818775e+07,1.239948e+02,1.410256e+06,8.843455e+01,,,,5
2018-04-26 15:39:17.000000,2.609024e+07,1.818779e+07,1.239949e+02,1.410256e+06,8.843455e+01,,,,5
2018-04-26 15:39:18.000000,2.609024e+07,1.818804e+07,1.239950e+02,1.410256e+06,8.843455e+01,,,,5
2018-04-26 15:39:19.000000,2.609024e+07,1.818772e+07,1.239948e+02,1.410256e+06,8.843455e+01,,,,5
2018-04-26 15:39:20.000000,2.609022e+07,1.818806e+07,1.239949e+02,1.410256e+06,8.843455e+01,,,,5
2018-04-26 15:39:21.000000,2.609022e+07,1.818686e+07,1.239942e+02,1.410256e+06,8.843455e+01,,,,5
2018-04-26 15:39:22.000000,2.609022e+07,1.818858e+07,1.239952e+02,1.410256e+06,8.843455e+01,,,,5
2018-04-26 15:39:23.000000,2.609024e+07,1.818666e+07,1.239940e+02,1.410256e+06,8.843455e+01,,,,5
2018-04-26 15:39:24.000000,2.609024e+07,1.818764e+07,1.239946e+02,1.410256e+06,8.843455e+01,,,,5
2018-04-26 15:39:25.000000,2.609024e+07,1.818652e+07,1.239939e+02,1.410256e+06,8.843455e+01,,,,5
2018-04-26 15:39:26.000000,2.609023e+07,1.818846e+07,1.239951e+02,1.410256e+06,8.843455e+01,,,,5
2018-04-26 15:39:27.000000,2.609023e+07,1.818748e+07,1.239946e+02,1.410256e+06,8.843455e+01,,,,5
2018-04-26 15:39:28.000000,2.609022e+07,1.818748e+07,1.239946e+02,1.410256e+06,8.843455e+01,,,,5
2018-04-26 15:39:29.000000,2.609024e+07,1.818771e+07,1.239948e+02,1.410256e+06,8.843455e+01,,,,5
2018-04-26 15:39:30.000000,2.609024e+07,1.818779e+07,1.239949e+02,1.410256e+06,8.843455e+01,,,,5
2018-04-26 15:39:31.000000,2.609022e+07,1.818691e+07,1.239943e+02,1.410256e+06,8.843455e+01,,,,5
2018-04-26 15:39:32.000000,2.609023e+07,1.818687e+07,1.239942e+02,1.410256e+06,8.843455e+01,,,,5
2018-04-26 15:39:33.000000,2.609022e+07,1.818806e+07,1.239949e+02,1.410256e+06,8.843455e+01,,,,5
2018-04-26 15:39:34.000000,2.609024e+07,1.818670e+07,1.239941e+02,1.410256e+06,8.843455e+01,,,,5
2018-04-26 15:39:35.000000,2.609024e+07,1.818772e+07,1.239946e+02,1.410256e+06,8.843455e+01,,,,5
2018-04-26 15:39:36.000000,2.609024e+07,1.818649e+07,1.239939e+02,1.410256e+06,8.843455e+01,,,,5
2018-04-26 15:39:37.000000,2.609023e+07,1.818852e+07,1.239952e+02,1.410256e+06,8.843455e+01,,,,5
2018-04-26 15:39:38.000000,2.609022e+07,1.818750e+07,1.239946e+02,1.410256e+06,8.843455e+01,,,,5
2018-04-26 15:39:39.000000,2.609023e+07,1.818919e+07,1.239956e+02,1.410256e+06,8.843455e+01,,,,5
2018-04-26 15:39:40.000000,2.609024e+07,1.818786e+07,1.239949e+02,1.410256e+06,8.843454e+01,,,,5
2018-04-26 15:39:41.000000,2.609024e+07,1.818944e+07,1.239957e+02,1.410256e+06,8.843454e+01,,,,5
2018-04-26 15:39:42.000000,2.609024e+07,1.818810e+07,1.239950e+02,1.410256e+06,8.843454e+01,,,,5
2018-04-26 15:39:43.000000,2.609022e+07,1.818845e+07,1.239951e+02,1.410256e+06,8.843454e+01,,,,5
2018-04-26 15:39:44.000000,2.609023e+07,1.818722e+07,1.239944e+02,1.410256e+06,8.843454e+01,,,,5
2018-04-26 15:39:45.000000,2.609024e+07,1.818806e+07,1.239948e+02,1.410256e+06,8.843454e+01,,,,5
2018-04-26 15:39:46.000000,2.609024e+07,1.818694e+07,1.239942e+02,1.410256e+06,8.843454e+01,,,,5
2018-04-26 15:39:47.000000,2.609024e+07,1.818650e+07,1.239939e+02,1.410256e+06,8.843454e+01,,,,5
2018-04-26 15:39:48.000000,2.609022e+07,1.818763e+07,1.239947e+02,1.410256e+06,8.843454e+01,,,,5
2018-04-26 15:39:49.000000,2.609022e+07,1.818742e+07,1.239946e+02,1.410256e+06,8.843454e+01,,,,5
2018-04-26 15:39:50.000000,2.609022e+07,1.818862e+07,1.239952e+02,1.410256e+06,8.843454e+01,,,,5
2018-04-26 15:39:51.000000,2.609025e+07,1.818781e+07,1.239948e+02,1.410256e+06,8.843454e+01,,,,5
2018-04-26 15:39:52.000000,2.609024e+07,1.818946e+07,1.239957e+02,1.410256e+06,8.843454e+01,,,,5
2018-04-26 15:39:53.000000,2.609024e+07,1.818775e+07,1.239948e+02,1.410256e+06,8.843454e+01,,,,5
2018-04-26 15:39:54.000000,2.609022e+07,1.818855e+07,1.239952e+02,1.410256e+06,8.843454e+01,,,,5
2018-04-26 15:39:55.000000,2.609022e+07,1.818688e+07,1.239942e+02,1.410256e+06,8.843454e+01,,,,5
2018-04-26 15:39:56.000000,2.609023e+07,1.818688e+07,1.239942e+02,1.410256e+06,8.843454e+01,,,,5
2018-04-26 15:39:57.000000,2.609024e+07,1.818685e+07,1.239941e+02,1.410256e+06,8.843454e+01,,,,5
2018-04-26 15:39:58.000000,2.609024e+07,1.818655e+07,1.239940e+02,1.410256e+06,8.843454e+01,,,,5
2018-04-26 15:39:59.000000,2.609022e+07,1.818764e+07,1.239947e+02,1.410256e+06,8.843454e+01,,,,5
2018-04-26 15:40:00.000000,2.609022e+07,1.818748e+07,1.239946e+02,1.410256e+06,8.843454e+01,,,,5
2018-04-26 15:40:01.000000,2.609023e+07,1.818869e+07,1.239953e+02,1.410256e+06,8.843454e+01,,,,5
2018-04-26 15:40:02.000000,2.609024e+07,1.818781e+07,1.239948e+02,1.410256e+06,8.843454e+01,,,,5
2018-04-26 15:40:03.000000,2.609024e+07,1.818893e+07,1.239955e+02,1.410256e+06,8.843454e+01,,,,5
2018-04-26 15:40:04.000000,2.609024e+07,1.818777e+07,1.239948e+02,1.410256e+06,8.843454e+01,,,,5
2018-04-26 15:40:05.000000,2.609022e+07,1.818805e+07,1.239949e+02,1.410256e+06,8.843454e+01,,,,5
2018-04-26 15:40:06.000000,2.609023e+07,1.818690e+07,1.239942e+02,1.410256e+06,8.843454e+01,,,,5
2018-04-26 15:40:07.000000,2.609022e+07,1.818846e+07,1.239951e+02,1.410256e+06,8.843454e+01,,,,5
2018-04-26 15:40:08.000000,2.609024e+07,1.818667e+07,1.239940e+02,1.410256e+06,8.843454e+01,,,,5
2018-04-26 15:40:09.000000,2.609024e+07,1.818809e+07,1.239948e+02,1.410256e+06,8.843454e+01,,,,5
2018-04-26 15:40:10.000000,2.609024e+07,1.818684e+07,1.239941e+02,1.410256e+06,8.843454e+01,,,,5
2018-04-26 15:40:11.000000,2.609022e+07,1.818743e+07,1.239946e+02,1.410256e+06,8.843454e+01,,,,5
2018-04-26 15:40:12.000000,2.609022e+07,1.818775e+07,1.239948e+02,1.410256e+06,8.843454e+01,,,,5
2018-04-26 15:40:13.000000,2.609024e+07,1.818779e+07,1.239949e+02,1.410256e+06,8.843454e+01,,,,5
2018-04-26 15:40:14.000000,2.609024e+07,1.818804e+07,1.239950e+02,1.410256e+06,8.843454e+01,,,,5
2018-04-26 15:40:15.000000,2.609025e+07,1.818773e+07,1.239948e+02,1.410256e+06,8.843454e+01,,,,5
2018-04-26 15:40:16.000000,2.609022e+07,1.818806e+07,1.239949e+02,1.410256e+06,8.843454e+01,,,,5
2018-04-26 15:40:17.000000,2.609023e+07,1.818686e+07,1.239942e+02,1.410256e+06,8.843454e+01,,,,5
2018-04-26 15:40:18.000000,2.609022e+07,1.818858e+07,1.239952e+02,1.410256e+06,8.843454e+01,,,,5
2018-04-26 15:40:19.000000,2.609024e+07,1.818664e+07,1.239940e+02,1.410256e+06,8.843454e+01,,,,5
2018-04-26 15:40:20.000000,2.609025e+07,1.818822e+07,1.239948e+02,1.410256e+06,8.843454e+01,,,,5
2018-04-26 15:40:21.000000,2.609024e+07,1.818687e+07,1.239941e+02,1.410256e+06,8.843454e+01,,,,5
2018-04-26 15:40:22.000000,2.609023e+07,1.818901e+07,1.239954e+02,1.410256e+06,8.843454e+01,,,,5
2018-04-26 15:40:23.000000,2.609022e+07,1.818783e+07,1.239948e+02,1.410256e+06,8.843454e+01,,,,5
2018-04-26 15:40:24.000000,2.609024e+07,1.818933e+07,1.239957e+02,1.410256e+06,8.843454e+01,,,,5
2018-04-26 15:40:25.000000,2.609024e+07,1.818822e+07,1.239951e+02,1.410256e+06,8.843454e+01,,,,5
2018-04-26 15:40:26.000000,2.609024e+07,1.818773e+07,1.239948e+02,1.410256e+06,8.843454e+01,,,,5
2018-04-26 15:40:27.000000,2.609022e+07,1.818722e+07,1.239944e+02,1.410256e+06,8.843454e+01,,,,5
2018-04-26 15:40:28.000000,2.609022e+07,1.818683e+07,1.239942e+02,1.410256e+06,8.843454e+01,,,,5
2018-04-26 15:40:29.000000,2.609022e+07,1.818805e+07,1.239949e+02,1.410256e+06,8.843454e+01,,,,5
2018-04-26 15:40:30.000000,2.609024e+07,1.818664e+07,1.239940e+02,1.410256e+06,8.843454e+01,,,,5
2018-04-26 15:40:31.000000,2.609024e+07,1.818764e+07,1.239946e+02,1.410256e+06,8.843454e+01,,,,5
2018-04-26 15:40:32.000000,2.609024e+07,1.818654e+07,1.239939e+02,1.410256e+06,8.843454e+01,,,,5
2018-04-26 15:40:33.000000,2.609022e+07,1.818847e+07,1.239951e+02,1.410256e+06,8.843454e+01,,,,5
2018-04-26 15:40:34.000000,2.609023e+07,1.818748e+07,1.239946e+02,1.410256e+06,8.843454e+01,,,,5
2018-04-26 15:40:35.000000,2.609022e+07,1.818747e+07,1.239946e+02,1.410256e+06,8.843454e+01,,,,5
2018-04-26 15:40:36.000000,2.609024e+07,1.818771e+07,1.239948e+02,1.410256e+06,8.843454e+01,,,,5
2018-04-26 15:40:37.000000,2.609024e+07,1.818779e+07,1.239949e+02,1.410256e+06,8.843454e+01,,,,5
2018-04-26 15:40:38.000000,2.609022e+07,1.818691e+07,1.239943e+02,1.410256e+06,8.843454e+01,,,,5
2018-04-26 15:40:39.000000,2.609023e+07,1.818687e+07,1.239942e+02,1.410256e+06,8.843454e+01,,,,5
2018-04-26 15:40:40.000000,2.609022e+07,1.818806e+07,1.239949e+02,1.410256e+06,8.843454e+01,,,,5
2018-04-26 15:40:41.000000,2.609024e+07,1.818670e+07,1.239941e+02,1.410256e+06,8.843454e+01,,,,5
2018-04-26 15:40:42.000000,2.609024e+07,1.818771e+07,1.239946e+02,1.410256e+06,8.843454e+01,,,,5
2018-04-26 15:40:43.000000,2.609024e+07,1.818649e+07,1.239939e+02,1.410256e+06,8.843454e+01,,,,5
2018-04-26 15:40:44.000000,2.609023e+07,1.818852e+07,1.239952e+02,1.410256e+06,8.843454e+01,,,,5
2018-04-26 15:40:45.000000,2.609022e+07,1.818751e+07,1.239946e+02,1.410256e+06,8.843454e+01,,,,5
2018-04-26 15:40:46.000000,2.609023e+07,1.818919e+07,1.239955e+02,1.410256e+06,8.843453e+01,,,,5
2018-04-26 15:40:47.000000,2.609024e+07,1.818786e+07,1.239949e+02,1.410256e+06,8.843453e+01,,,,5
2018-04-26 15:40:48.000000,2.609024e+07,1.818944e+07,1.239957e+02,1.410256e+06,8.843453e+01,,,,5
2018-04-26 15:40:49.000000,2.609024e+07,1.818811e+07,1.239950e+02,1.410256e+06,8.843453e+01,,,,5
2018-04-26 15:40:50.000000,2.609022e+07,1.818845e+07,1.239951e+02,1.410256e+06,8.843453e+01,,,,5
2018-04-26 15:40:51.000000,2.609022e+07,1.818722e+07,1.239944e+02,1.410256e+06,8.843453e+01,,,,5
2018-04-26 15:40:52.000000,2.609024e+07,1.818805e+07,1.239948e+02,1.410256e+06,8.843453e+01,,,,5
2018-04-26 15:40:53.000000,2.609024e+07,1.818694e+07,1.239942e+02,1.410256e+06,8.843453e+01,,,,5
2018-04-26 15:40:54.000000,2.609024e+07,1.818650e+07,1.239939e+02,1.410256e+06,8.843453e+01,,,,5
2018-04-26 15:40:55.000000,2.609022e+07,1.818763e+07,1.239947e+02,1.410256e+06,8.843453e+01,,,,5
2018-04-26 15:40:56.000000,2.609022e+07,1.818743e+07,1.239946e+02,1.410256e+06,8.843453e+01,,,,5
2018-04-26 15:40:57.000000,2.609022e+07,1.818862e+07,1.239952e+02,1.410256e+06,8.843453e+01,,,,5
2018-04-26 15:40:58.000000,2.609024e+07,1.818781e+07,1.239948e+02,1.410256e+06,8.843453e+01,,,,5
2018-04-26 15:40:59.000000,2.609024e+07,1.818944e+07,1.239957e+02,1.410256e+06,8.843453e+01,,,,5
2018-04-26 15:41:00.000000,2.609024e+07,1.818775e+07,1.239948e+02,1.410256e+06,8.843453e+01,,,,5
2018-04-26 15:41:01.000000,2.609022e+07,1.818855e+07,1.239952e+02,1.410256e+06,8.843453e+01,,,,5
2018-04-26 15:41:02.000000,2.609022e+07,1.818689e+07,1.239943e+02,1.410256e+06,8.843453e+01,,,,5
2018-04-26 15:41:03.000000,2.609023e+07,1.818688e+07,1.239942e+02,1.410256e+06,8.843453e+01,,,,5
2018-04-26 15:41:04.000000,2.609024e+07,1.818685e+07,1.239941e+02,1.410256e+06,8.843453e+01,,,,5
2018-04-26 15:41:05.000000,2.609024e+07,1.818655e+07,1.239940e+02,1.410256e+06,8.843453e+01,,,,5
2018-04-26 15:41:06.000000,2.609022e+07,1.818763e+07,1.239947e+02,1.410256e+06,8.843453e+01,,,,5
2018-04-26 15:41:07.000000,2.609022e+07,1.818747e+07,1.239946e+02,1.410256e+06,8.843453e+01,,,,5
2018-04-26 15:41:08.000000,2.609023e+07,1.818869e+07,1.239953e+02,1.410256e+06,8.843453e+01,,,,5
2018-04-26 15:41:09.000000,2.609024e+07,1.818782e+07,1.239949e+02,1.410256e+06,8.843453e+01,,,,5
2018-04-26 15:41:10.000000,2.609024e+07,1.818893e+07,1.239955e+02,1.410256e+06,8.843453e+01,,,,5
2018-04-26 15:41:11.000000,2.609024e+07,1.818777e+07,1.239948e+02,1.410256e+06,8.843453e+01,,,,5
2018-04-26 15:41:12.000000,2.609022e+07,1.818805e+07,1.239949e+02,1.410256e+06,8.843453e+01,,,,5
2018-04-26 15:41:13.000000,2.609022e+07,1.818691e+07,1.239942e+02,1.410256e+06,8.843453e+01,,,,5
2018-04-26 15:41:14.000000,2.609022e+07,1.818846e+07,1.239951e+02,1.410256e+06,8.843453e+01,,,,5
2018-04-26 15:41:15.000000,2.609024e+07,1.818667e+07,1.239940e+02,1.410256e+06,8.843453e+01,,,,5
2018-04-26 15:41:16.000000,2.609024e+07,1.818807e+07,1.239948e+02,1.410256e+06,8.843453e+01,,,,5
2018-04-26 15:41:17.000000,2.609024e+07,1.818684e+07,1.239941e+02,1.410256e+06,8.843453e+01,,,,5
2018-04-26 15:41:18.000000,2.609022e+07,1.818742e+07,1.239946e+02,1.410256e+06,8.843453e+01,,,,5
2018-04-26 15:41:19.000000,2.609022e+07,1.818775e+07,1.239948e+02,1.410256e+06,8.843453e+01,,,,5
2018-04-26 15:41:20.000000,2.609024e+07,1.818779e+07,1.239949e+02,1.410256e+06,8.843453e+01,,,,5
2018-04-26 15:41:21.000000,2.609024e+07,1.818804e+07,1.239950e+02,1.410256e+06,8.843453e+01,,,,5
2018-04-26 15:41:22.000000,2.609024e+07,1.818773e+07,1.239948e+02,1.410256e+06,8.843453e+01,,,,5
2018-04-26 15:41:23.000000,2.609022e+07,1.818806e+07,1.239949e+02,1.410256e+06,8.843453e+01,,,,5
2018-04-26 15:41:24.000000,2.609023e+07,1.818686e+07,1.239942e+02,1.410256e+06,8.843453e+01,,,,5
2018-04-26 15:41:25.000000,2.609022e+07,1.818858e+07,1.239952e+02,1.410256e+06,8.843453e+01,,,,5
2018-04-26 15:41:26.000000,2.609024e+07,1.818666e+07,1.239940e+02,1.410256e+06,8.843453e+01,,,,5
2018-04-26 15:41:27.000000,2.609024e+07,1.818821e+07,1.239948e+02,1.410256e+06,8.843453e+01,,,,5
2018-04-26 15:41:28.000000,2.609024e+07,1.818687e+07,1.239941e+02,1.410256e+06,8.843453e+01,,,,5
2018-04-26 15:41:29.000000,2.609023e+07,1.818901e+07,1.239954e+02,1.410256e+06,8.843453e+01,,,,5
2018-04-26 15:41:30.000000,2.609022e+07,1.818784e+07,1.239948e+02,1.410256e+06,8.843453e+01,,,,5
2018-04-26 15:41:31.000000,2.609022e+07,1.818745e+07,1.239946e+02,1.410256e+06,8.843453e+01,,,,5
2018-04-26 15:41:32.000000,2.609024e+07,1.818805e+07,1.239950e+02,1.410256e+06,8.843453e+01,,,,5
2018-04-26 15:41:33.000000,2.609024e+07,1.818774e+07,1.239948e+02,1.410256e+06,8.843453e+01,,,,5
2018-04-26 15:41:34.000000,2.609022e+07,1.818722e+07,1.239944e+02,1.410256e+06,8.843453e+01,,,,5
2018-04-26 15:41:35.000000,2.609022e+07,1.818683e+07,1.239942e+02,1.410256e+06,8.843453e+01,,,,5
2018-04-26 15:41:36.000000,2.609022e+07,1.818804e+07,1.239949e+02,1.410256e+06,8.843453e+01,,,,5
2018-04-26 15:41:37.000000,2.609024e+07,1.818664e+07,1.239940e+02,1.410256e+06,8.843453e+01,,,,5
2018-04-26 15:41:38.000000,2.609024e+07,1.818764e+07,1.239946e+02,1.410256e+06,8.843453e+01,,,,5
2018-04-26 15:41:39.000000,2.609024e+07,1.818654e+07,1.239939e+02,1.410256e+06,8.843453e+01,,,,5
2018-04-26 15:41:40.000000,2.609022e+07,1.818844e+07,1.239951e+02,1.410256e+06,8.843453e+01,,,,5
2018-04-26 15:41:41.000000,2.609023e+07,1.818748e+07,1.239946e+02,1.410256e+06,8.843453e+01,,,,5
2018-04-26 15:41:42.000000,2.609022e+07,1.818747e+07,1.239946e+02,1.410256e+06,8.843453e+01,,,,5
2018-04-26 15:41:43.000000,2.609024e+07,1.818771e+07,1.239948e+02,1.410256e+06,8.843453e+01,,,,5
2018-04-26 15:41:44.000000,2.609024e+07,1.818779e+07,1.239949e+02,1.410256e+06,8.843453e+01,,,,5
2018-04-26 15:41:45.000000,2.609024e+07,1.818806e+07,1.239950e+02,1.410256e+06,8.843453e+01,,,,5
2018-04-26 15:41:46.000000,2.609023e+07,1.818697e+07,1.239943e+02,1.410256e+06,8.843453e+01,,,,5
2018-04-26 15:41:47.000000,2.609022e+07,1.818805e+07,1.239949e+02,1.410256e+06,8.843453e+01,,,,5
2018-04-26 15:41:48.000000,2.609024e+07,1.818670e+07,1.239941e+02,1.410256e+06,8.843453e+01,,,,5
2018-04-26 15:41:49.000000,2.609024e+07,1.818771e+07,1.239946e+02,1.410256e+06,8.843453e+01,,,,5
2018-04-26 15:41:50.000000,2.609024e+07,1.818650e+07,1.239939e+02,1.410256e+06,8.843453e+01,,,,5
2018-04-26 15:41:51.000000,2.609023e+07,1.818852e+07,1.239952e+02,1.410256e+06,8.843453e+01,,,,5
2018-04-26 15:41:52.000000,2.609022e+07,1.818750e+07,1.239946e+02,1.410256e+06,8.843453e+01,,,,5
2018-04-26 15:41:53.000000,2.609023e+07,1.818917e+07,1.239955e+02,1.410256e+06,8.843452e+01,,,,5
2018-04-26 15:41:54.000000,2.609024e+07,1.818786e+07,1.239949e+02,1.410256e+06,8.843452e+01,,,,5
2018-04-26 15:41:55.000000,2.609024e+07,1.818944e+07,1.239957e+02,1.410256e+06,8.843452e+01,,,,5
2018-04-26 15:41:56.000000,2.609024e+07,1.818811e+07,1.239950e+02,1.410256e+06,8.843452e+01,,,,5
2018-04-26 15:41:57.000000,2.609022e+07,1.818845e+07,1.239951e+02,1.410256e+06,8.843452e+01,,,,5
2018-04-26 15:41:58.000000,2.609022e+07,1.818722e+07,1.239944e+02,1.410256e+06,8.843452e+01,,,,5
2018-04-26 15:41:59.000000,2.609022e+07,1.818680e+07,1.239942e+02,1.410256e+06,8.843452e+01,,,,5
2018-04-26 15:42:00.000000,2.609024e+07,1.818684e+07,1.239941e+02,1.410256e+06,8.843452e+01,,,,5
2018-04-26 15:42:01.000000,2.609024e+07,1.818650e+07,1.239939e+02,1.410256e+06,8.843452e+01,,,,5
2018-04-26 15:42:02.000000,2.609022e+07,1.818763e+07,1.239947e+02,1.410256e+06,8.843452e+01,,,,5
2018-04-26 15:42:03.000000,2.609022e+07,1.818743e+07,1.239946e+02,1.410256e+06,8.843452e+01,,,,5
2018-04-26 15:42:04.000000,2.609022e+07,1.818860e+07,1.239952e+02,1.410256e+06,8.843452e+01,,,,5
2018-04-26 15:42:05.000000,2.609024e+07,1.818781e+07,1.239948e+02,1.410256e+06,8.843452e+01,,,,5
2018-04-26 15:42:06.000000,2.609024e+07,1.818944e+07,1.239957e+02,1.410256e+06,8.843452e+01,,,,5
2018-04-26 15:42:07.000000,2.609024e+07,1.818777e+07,1.239948e+02,1.410256e+06,8.843452e+01,,,,5
2018-04-26 15:42:08.000000,2.609022e+07,1.818855e+07,1.239952e+02,1.410256e+06,8.843452e+01,,,,5
2018-04-26 15:42:09.000000,2.609022e+07,1.818689e+07,1.239943e+02,1.410256e+06,8.843452e+01,,,,5
2018-04-26 15:42:10.000000,2.609023e+07,1.818687e+07,1.239942e+02,1.410256e+06,8.843452e+01,,,,5
2018-04-26 15:42:11.000000,2.609024e+07,1.818685e+07,1.239941e+02,1.410256e+06,8.843452e+01,,,,5
2018-04-26 15:42:12.000000,2.609024e+07,1.818655e+07,1.239940e+02,1.410256e+06,8.843452e+01,,,,5
2018-04-26 15:42:13.000000,2.609022e+07,1.818763e+07,1.239947e+02,1.410256e+06,8.843452e+01,,,,5
2018-04-26 15:42:14.000000,2.609022e+07,1.818748e+07,1.239946e+02,1.410256e+06,8.843452e+01,,,,5
2018-04-26 15:42:15.000000,2.609023e+07,1.818869e+07,1.239953e+02,1.410256e+06,8.843452e+01,,,,5
2018-04-26 15:42:16.000000,2.609024e+07,1.818782e+07,1.239949e+02,1.410256e+06,8.843452e+01,,,,5
2018-04-26 15:42:17.000000,2.609024e+07,1.818892e+07,1.239954e+02,1.410256e+06,8.843452e+01,,,,5
2018-04-26 15:42:18.000000,2.609024e+07,1.818777e+07,1.239948e+02,1.410256e+06,8.843452e+01,,,,5
2018-04-26 15:42:19.000000,2.609022e+07,1.818805e+07,1.239949e+02,1.410256e+06,8.843452e+01,,,,5
2018-04-26 15:42:20.000000,2.609022e+07,1.818691e+07,1.239942e+02,1.410256e+06,8.843452e+01,,,,5
2018-04-26 15:42:21.000000,2.609022e+07,1.818845e+07,1.239951e+02,1.410256e+06,8.843452e+01,,,,5
2018-04-26 15:42:22.000000,2.609024e+07,1.818668e+07,1.239940e+02,1.410256e+06,8.843452e+01,,,,5
2018-04-26 15:42:23.000000,2.609024e+07,1.818807e+07,1.239948e+02,1.410256e+06,8.843452e+01,,,,5
2018-04-26 15:42:24.000000,2.609024e+07,1.818685e+07,1.239941e+02,1.410256e+06,8.843452e+01,,,,5
2018-04-26 15:42:25.000000,2.609022e+07,1.818742e+07,1.239946e+02,1.410256e+06,8.843452e+01,,,,5
2018-04-26 15:42:26.000000,2.609022e+07,1.818775e+07,1.239948e+02,1.410256e+06,8.843452e+01,,,,5
2018-04-26 15:42:27.000000,2.609024e+07,1.818779e+07,1.239949e+02,1.410256e+06,8.843452e+01,,,,5
2018-04-26 15:42:28.000000,2.609024e+07,1.818804e+07,1.239950e+02,1.410256e+06,8.843452e+01,,,,5
2018-04-26 15:42:29.000000,2.609024e+07,1.818773e+07,1.239948e+02,1.410256e+06,8.843452e+01,,,,5
2018-04-26 15:42:30.000000,2.609022e+07,1.818806e+07,1.239949e+02,1.410256e+06,8.843452e+01,,,,5
2018-04-26 15:42:31.000000,2.609022e+07,1.818688e+07,1.239943e+02,1.410256e+06,8.843452e+01,,,,5
2018-04-26 15:42:32.000000,2.609022e+07,1.818858e+07,1.239952e+02,1.410256e+06,8.843452e+01,,,,5
2018-04-26 15:42:33.000000,2.609024e+07,1.818666e+07,1.239940e+02,1.410256e+06,8.843452e+01,,,,5
2018-04-26 15:42:34.000000,2.609024e+07,1.818819e+07,1.239948e+02,1.410256e+06,8.843452e+01,,,,5
2018-04-26 15:42:35.000000,2.609024e+07,1.818686e+07,1.239941e+02,1.410256e+06,8.843452e+01,,,,5
2018-04-26 15:42:36.000000,2.609022e+07,1.818901e+07,1.239954e+02,1.410256e+06,8.843452e+01,,,,5
2018-04-26 15:42:37.000000,2.609022e+07,1.818784e+07,1.239948e+02,1.410256e+06,8.843452e+01,,,,5
2018-04-26 15:42:38.000000,2.609022e+07,1.818745e+07,1.239946e+02,1.410256e+06,8.843452e+01,,,,5
2018-04-26 15:42:39.000000,2.609024e+07,1.818804e+07,1.239950e+02,1.410256e+06,8.843452e+01,,,,5
2018-04-26 15:42:40.000000,2.609024e+07,1.818774e+07,1.239948e+02,1.410256e+06,8.843452e+01,,,,5
2018-04-26 15:42:41.000000,2.609022e+07,1.818722e+07,1.239944e+02,1.410256e+06,8.843452e+01,,,,5
2018-04-26 15:42:42.000000,2.609022e+07,1.818683e+07,1.239942e+02,1.410256e+06,8.843452e+01,,,,5
2018-04-26 15:42:43.000000,2.609022e+07,1.818804e+07,1.239949e+02,1.410256e+06,8.843452e+01,,,,5
2018-04-26 15:42:44.000000,2.609024e+07,1.818665e+07,1.239940e+02,1.410256e+06,8.843452e+01,,,,5
2018-04-26 15:42:45.000000,2.609024e+07,1.818764e+07,1.239946e+02,1.410256e+06,8.843452e+01,,,,5
2018-04-26 15:42:46.000000,2.609024e+07,1.818654e+07,1.239939e+02,1.410256e+06,8.843452e+01,,,,5
2018-04-26 15:42:47.000000,2.609022e+07,1.818844e+07,1.239951e+02,1.410256e+06,8.843452e+01,,,,5
2018-04-26 15:42:48.000000,2.609023e+07,1.818750e+07,1.239946e+02,1.410256e+06,8.843452e+01,,,,5
2018-04-26 15:42:49.000000,2.609022e+07,1.818747e+07,1.239946e+02,1.410256e+06,8.843452e+01,,,,5
2018-04-26 15:42:50.000000,2.609024e+07,1.818771e+07,1.239948e+02,1.410256e+06,8.843452e+01,,,,5
2018-04-26 15:42:51.000000,2.609024e+07,1.818779e+07,1.239949e+02,1.410256e+06,8.843452e+01,,,,5
2018-04-26 15:42:52.000000,2.609024e+07,1.818806e+07,1.239950e+02,1.410256e+06,8.843452e+01,,,,5
2018-04-26 15:42:53.000000,2.609023e+07,1.818696e+07,1.239943e+02,1.410256e+06,8.843452e+01,,,,5
2018-04-26 15:42:54.000000,2.609022e+07,1.818805e+07,1.239949e+02,1.410256e+06,8.843452e+01,,,,5
2018-04-26 15:42:55.000000,2.609024e+07,1.818670e+07,1.239941e+02,1.410256e+06,8.843452e+01,,,,5
2018-04-26 15:42:56.000000,2.609024e+07,1.818771e+07,1.239946e+02,1.410256e+06,8.843452e+01,,,,5
2018-04-26 15:42:57.000000,2.609024e+07,1.818650e+07,1.239939e+02,1.410256e+06,8.843452e+01,,,,5
2018-04-26 15:42:58.000000,2.609023e+07,1.818850e+07,1.239952e+02,1.410256e+06,8.843452e+01,,,,5
2018-04-26 15:42:59.000000,2.609022e+07,1.818750e+07,1.239946e+02,1.410256e+06,8.843452e+01,,,,5
2018-04-26 15:43:00.000000,2.609022e+07,1.818917e+07,1.239955e+02,1.410256e+06,8.843452e+01,,,,5
2018-04-26 15:43:01.000000,2.609024e+07,1.818788e+07,1.239949e+02,1.410256e+06,8.843451e+01,,,,5
2018-04-26 15:43:02.000000,2.609024e+07,1.818944e+07,1.239957e+02,1.410256e+06,8.843451e+01,,,,5
2018-04-26 15:43:03.000000,2.609024e+07,1.818810e+07,1.239950e+02,1.410256e+06,8.843451e+01,,,,5
2018-04-26 15:43:04.000000,2.609022e+07,1.818845e+07,1.239951e+02,1.410256e+06,8.843451e+01,,,,5
2018-04-26 15:43:05.000000,2.609022e+07,1.818723e+07,1.239944e+02,1.410256e+06,8.843451e+01,,,,5
2018-04-26 15:43:06.000000,2.609022e+07,1.818680e+07,1.239942e+02,1.410256e+06,8.843451e+01,,,,5
2018-04-26 15:43:07.000000,2.609024e+07,1.818684e+07,1.239941e+02,1.410256e+06,8.843451e+01,,,,5
2018-04-26 15:43:08.000000,2.609024e+07,1.818650e+07,1.239939e+02,1.410256e+06,8.843451e+01,,,,5
2018-04-26 15:43:09.000000,2.609022e+07,1.818763e+07,1.239947e+02,1.410256e+06,8.843451e+01,,,,5
2018-04-26 15:43:10.000000,2.609022e+07,1.818743e+07,1.239946e+02,1.410256e+06,8.843451e+01,,,,5
2018-04-26 15:43:11.000000,2.609022e+07,1.818860e+07,1.239952e+02,1.410256e+06,8.843451e+01,,,,5
2018-04-26 15:43:12.000000,2.609024e+07,1.818780e+07,1.239948e+02,1.410256e+06,8.843451e+01,,,,5
2018-04-26 15:43:13.000000,2.609024e+07,1.818944e+07,1.239957e+02,1.410256e+06,8.843451e+01,,,,5
2018-04-26 15:43:14.000000,2.609024e+07,1.818777e+07,1.239948e+02,1.410256e+06,8.843451e+01,,,,5
2018-04-26 15:43:15.000000,2.609022e+07,1.818854e+07,1.239951e+02,1.410256e+06,8.843451e+01,,,,5
2018-04-26 15:43:16.000000,2.609022e+07,1.818690e+07,1.239942e+02,1.410256e+06,8.843451e+01,,,,5
2018-04-26 15:43:17.000000,2.609023e+07,1.818687e+07,1.239942e+02,1.410256e+06,8.843451e+01,,,,5
2018-04-26 15:43:18.000000,2.609024e+07,1.818684e+07,1.239941e+02,1.410256e+06,8.843451e+01,,,,5
2018-04-26 15:43:19.000000,2.609024e+07,1.818655e+07,1.239940e+02,1.410256e+06,8.843451e+01,,,,5
2018-04-26 15:43:20.000000,2.609024e+07,1.818780e+07,1.239946e+02,1.410256e+06,8.843451e+01,,,,5
2018-04-26 15:43:21.000000,2.609022e+07,1.818748e+07,1.239946e+02,1.410256e+06,8.843451e+01,,,,5
2018-04-26 15:43:22.000000,2.609023e+07,1.818868e+07,1.239953e+02,1.410256e+06,8.843451e+01,,,,5
2018-04-26 15:43:23.000000,2.609024e+07,1.818782e+07,1.239949e+02,1.410256e+06,8.843451e+01,,,,5
2018-04-26 15:43:24.000000,2.609024e+07,1.818892e+07,1.239954e+02,1.410256e+06,8.843451e+01,,,,5
2018-04-26 15:43:25.000000,2.609024e+07,1.818778e+07,1.239948e+02,1.410256e+06,8.843451e+01,,,,5
2018-04-26 15:43:26.000000,2.609022e+07,1.818805e+07,1.239949e+02,1.410256e+06,8.843451e+01,,,,5
2018-04-26 15:43:27.000000,2.609022e+07,1.818691e+07,1.239942e+02,1.410256e+06,8.843451e+01,,,,5
2018-04-26 15:43:28.000000,2.609022e+07,1.818845e+07,1.239951e+02,1.410256e+06,8.843451e+01,,,,5
2018-04-26 15:43:29.000000,2.609024e+07,1.818668e+07,1.239940e+02,1.410256e+06,8.843451e+01,,,,5
2018-04-26 15:43:30.000000,2.609024e+07,1.818807e+07,1.239948e+02,1.410256e+06,8.843451e+01,,,,5
2018-04-26 15:43:31.000000,2.609024e+07,1.818685e+07,1.239941e+02,1.410256e+06,8.843451e+01,,,,5
2018-04-26 15:43:32.000000,2.609022e+07,1.818742e+07,1.239946e+02,1.410256e+06,8.843451e+01,,,,5
2018-04-26 15:43:33.000000,2.609022e+07,1.818775e+07,1.239948e+02,1.410256e+06,8.843451e+01,,,,5
2018-04-26 15:43:34.000000,2.609022e+07,1.818740e+07,1.239946e+02,1.410256e+06,8.843451e+01,,,,5
2018-04-26 15:43:35.000000,2.609024e+07,1.818801e+07,1.239950e+02,1.410256e+06,8.843451e+01,,,,5
2018-04-26 15:43:36.000000,2.609024e+07,1.818772e+07,1.239948e+02,1.410256e+06,8.843451e+01,,,,5
2018-04-26 15:43:37.000000,2.609022e+07,1.818805e+07,1.239949e+02,1.410256e+06,8.843451e+01,,,,5
2018-04-26 15:43:38.000000,2.609022e+07,1.818688e+07,1.239943e+02,1.410256e+06,8.843451e+01,,,,5
2018-04-26 15:43:39.000000,2.609022e+07,1.818856e+07,1.239951e+02,1.410256e+06,8.843451e+01,,,,5
2018-04-26 15:43:40.000000,2.609024e+07,1.818666e+07,1.239940e+02,1.410256e+06,8.843451e+01,,,,5
2018-04-26 15:43:41.000000,2.609024e+07,1.818819e+07,1.239948e+02,1.410256e+06,8.843451e+01,,,,5
2018-04-26 15:43:42.000000,2.609024e+07,1.818687e+07,1.239941e+02,1.410256e+06,8.843451e+01,,,,5
2018-04-26 15:43:43.000000,2.609022e+07,1.818901e+07,1.239954e+02,1.410256e+06,8.843451e+01,,,,5
2018-04-26 15:43:44.000000,2.609022e+07,1.818784e+07,1.239948e+02,1.410256e+06,8.843451e+01,,,,5
2018-04-26 15:43:45.000000,2.609022e+07,1.818745e+07,1.239946e+02,1.410256e+06,8.843451e+01,,,,5
2018-04-26 15:43:46.000000,2.609024e+07,1.818771e+07,1.239948e+02,1.410256e+06,8.843451e+01,,,,5
2018-04-26 15:43:47.000000,2.609024e+07,1.818779e+07,1.239949e+02,1.410256e+06,8.843451e+01,,,,5
2018-04-26 15:43:48.000000,2.609023e+07,1.818691e+07,1.239943e+02,1.410256e+06,8.843451e+01,,,,5
2018-04-26 15:43:49.000000,2.609022e+07,1.818687e+07,1.239942e+02,1.410256e+06,8.843451e+01,,,,5
2018-04-26 15:43:50.000000,2.609022e+07,1.818806e+07,1.239949e+02,1.410256e+06,8.843451e+01,,,,5
2018-04-26 15:43:51.000000,2.609024e+07,1.818670e+07,1.239941e+02,1.410256e+06,8.843451e+01,,,,5
2018-04-26 15:43:52.000000,2.609024e+07,1.818771e+07,1.239946e+02,1.410256e+06,8.843451e+01,,,,5
2018-04-26 15:43:53.000000,2.609024e+07,1.818649e+07,1.239939e+02,1.410256e+06,8.843451e+01,,,,5
2018-04-26 15:43:54.000000,2.609023e+07,1.818852e+07,1.239952e+02,1.410256e+06,8.843451e+01,,,,5
2018-04-26 15:43:55.000000,2.609022e+07,1.818751e+07,1.239946e+02,1.410256e+06,8.843451e+01,,,,5
2018-04-26 15:43:56.000000,2.609023e+07,1.818917e+07,1.239955e+02,1.410256e+06,8.843451e+01,,,,5
2018-04-26 15:43:57.000000,2.609024e+07,1.818786e+07,1.239949e+02,1.410256e+06,8.843451e+01,,,,5
2018-04-26 15:43:58.000000,2.609024e+07,1.818944e+07,1.239957e+02,1.410256e+06,8.843451e+01,,,,5
2018-04-26 15:43:59.000000,2.609024e+07,1.818811e+07,1.239950e+02,1.410256e+06,8.843451e+01,,,,5
2018-04-26 15:44:00.000000,2.609022e+07,1.818845e+07,1.239951e+02,1.410256e+06,8.843451e+01,,,,5
2018-04-26 15:44:01.000000,2.609022e+07,1.818722e+07,1.239944e+02,1.410256e+06,8.843451e+01,,,,5
2018-04-26 15:44:02.000000,2.609024e+07,1.818805e+07,1.239948e+02,1.410256e+06,8.843451e+01,,,,5
2018-04-26 15:44:03.000000,2.609024e+07,1.818694e+07,1.239942e+02,1.410256e+06,8.843451e+01,,,,5
2018-04-26 15:44:04.000000,2.609024e+07,1.818650e+07,1.239939e+02,1.410256e+06,8.843451e+01,,,,5
2018-04-26 15:44:05.000000,2.609022e+07,1.818763e+07,1.239947e+02,1.410256e+06,8.843451e+01,,,,5
2018-04-26 15:44:06.000000,2.609022e+07,1.818743e+07,1.239946e+02,1.410256e+06,8.843451e+01,,,,5
2018-04-26 15:44:07.000000,2.609022e+07,1.818862e+07,1.239952e+02,1.410256e+06,8.843451e+01,,,,5
2018-04-26 15:44:08.000000,2.609025e+07,1.818781e+07,1.239948e+02,1.410256e+06,8.843451e+01,,,,5
2018-04-26 15:44:09.000000,2.609024e+07,1.818944e+07,1.239957e+02,1.410256e+06,8.843451e+01,,,,5
2018-04-26 15:44:10.000000,2.609024e+07,1.818775e+07,1.239948e+02,1.410256e+06,8.843450e+01,,,,5
2018-04-26 15:44:11.000000,2.609022e+07,1.818855e+07,1.239951e+02,1.410256e+06,8.843450e+01,,,,5
2018-04-26 15:44:12.000000,2.609022e+07,1.818689e+07,1.239942e+02,1.410256e+06,8.843450e+01,,,,5
2018-04-26 15:44:13.000000,2.609023e+07,1.818688e+07,1.239942e+02,1.410256e+06,8.843450e+01,,,,5
2018-04-26 15:44:14.000000,2.609024e+07,1.818685e+07,1.239941e+02,1.410256e+06,8.843450e+01,,,,5
2018-04-26 15:44:15.000000,2.609024e+07,1.818655e+07,1.239940e+02,1.410256e+06,8.843450e+01,,,,5
2018-04-26 15:44:16.000000,2.609022e+07,1.818763e+07,1.239947e+02,1.410256e+06,8.843450e+01,,,,5
2018-04-26 15:44:17.000000,2.609022e+07,1.818748e+07,1.239946e+02,1.410256e+06,8.843450e+01,,,,5
2018-04-26 15:44:18.000000,2.609023e+07,1.818869e+07,1.239953e+02,1.410256e+06,8.843450e+01,,,,5
2018-04-26 15:44:19.000000,2.609024e+07,1.818782e+07,1.239949e+02,1.410256e+06,8.843450e+01,,,,5
2018-04-26 15:44:20.000000,2.609024e+07,1.818893e+07,1.239955e+02,1.410256e+06,8.843450e+01,,,,5
2018-04-26 15:44:21.000000,2.609024e+07,1.818777e+07,1.239948e+02,1.410256e+06,8.843450e+01,,,,5
2018-04-26 15:44:22.000000,2.609022e+07,1.818805e+07,1.239949e+02,1.410256e+06,8.843450e+01,,,,5
2018-04-26 15:44:23.000000,2.609023e+07,1.818691e+07,1.239942e+02,1.410256e+06,8.843450e+01,,,,5
2018-04-26 15:44:24.000000,2.609022e+07,1.818846e+07,1.239951e+02,1.410256e+06,8.843450e+01,,,,5
2018-04-26 15:44:25.000000,2.609024e+07,1.818667e+07,1.239940e+02,1.410256e+06,8.843450e+01,,,,5
2018-04-26 15:44:26.000000,2.609024e+07,1.818807e+07,1.239948e+02,1.410256e+06,8.843450e+01,,,,5
2018-04-26 15:44:27.000000,2.609024e+07,1.818684e+07,1.239941e+02,1.410256e+06,8.843450e+01,,,,5
2018-04-26 15:44:28.000000,2.609022e+07,1.818742e+07,1.239946e+02,1.410256e+06,8.843450e+01,,,,5
2018-04-26 15:44:29.000000,2.609022e+07,1.818775e+07,1.239948e+02,1.410256e+06,8.843450e+01,,,,5
2018-04-26 15:44:30.000000,2.609024e+07,1.818779e+07,1.239949e+02,1.410256e+06,8.843450e+01,,,,5
2018-04-26 15:44:31.000000,2.609024e+07,1.818804e+07,1.239950e+02,1.410256e+06,8.843450e+01,,,,5
2018-04-26 15:44:32.000000,2.609025e+07,1.818773e+07,1.239948e+02,1.410256e+06,8.843450e+01,,,,5
2018-04-26 15:44:33.000000,2.609022e+07,1.818806e+07,1.239949e+02,1.410256e+06,8.843450e+01,,,,5
2018-04-26 15:44:34.000000,2.609023e+07,1.818686e+07,1.239942e+02,1.410256e+06,8.843450e+01,,,,5
2018-04-26 15:44:35.000000,2.609022e+07,1.818858e+07,1.239951e+02,1.410256e+06,8.843450e+01,,,,5
2018-04-26 15:44:36.000000,2.609024e+07,1.818666e+07,1.239940e+02,1.410256e+06,8.843450e+01,,,,5
2018-04-26 15:44:37.000000,2.609025e+07,1.818822e+07,1.239948e+02,1.410256e+06,8.843450e+01,,,,5
2018-04-26 15:44:38.000000,2.609024e+07,1.818687e+07,1.239941e+02,1.410256e+06,8.843450e+01,,,,5
2018-04-26 15:44:39.000000,2.609023e+07,1.818901e+07,1.239954e+02,1.410256e+06,8.843450e+01,,,,5
2018-04-26 15:44:40.000000,2.609022e+07,1.818784e+07,1.239948e+02,1.410256e+06,8.843450e+01,,,,5
2018-04-26 15:44:41.000000,2.609022e+07,1.818745e+07,1.239946e+02,1.410256e+06,8.843450e+01,,,,5
2018-04-26 15:44:42.000000,2.609024e+07,1.818805e+07,1.239950e+02,1.410256e+06,8.843450e+01,,,,5
2018-04-26 15:44:43.000000,2.609024e+07,1.818774e+07,1.239948e+02,1.410256e+06,8.843450e+01,,,,5
2018-04-26 15:44:44.000000,2.609022e+07,1.818722e+07,1.239944e+02,1.410256e+06,8.843450e+01,,,,5
2018-04-26 15:44:45.000000,2.609022e+07,1.818683e+07,1.239942e+02,1.410256e+06,8.843450e+01,,,,5
2018-04-26 15:44:46.000000,2.609022e+07,1.818804e+07,1.239949e+02,1.410256e+06,8.843450e+01,,,,5
2018-04-26 15:44:47.000000,2.609024e+07,1.818665e+07,1.239940e+02,1.410256e+06,8.843450e+01,,,,5
2018-04-26 15:44:48.000000,2.609024e+07,1.818764e+07,1.239946e+02,1.410256e+06,8.843450e+01,,,,5
2018-04-26 15:44:49.000000,2.609024e+07,1.818654e+07,1.239939e+02,1.410256e+06,8.843450e+01,,,,5
2018-04-26 15:44:50.000000,2.609022e+07,1.818845e+07,1.239951e+02,1.410256e+06,8.843450e+01,,,,5
2018-04-26 15:44:51.000000,2.609023e+07,1.818748e+07,1.239946e+02,1.410256e+06,8.843450e+01,,,,5
2018-04-26 15:44:52.000000,2.609022e+07,1.818747e+07,1.239946e+02,1.410256e+06,8.843450e+01,,,,5
2018-04-26 15:44:53.000000,2.609024e+07,1.818771e+07,1.239948e+02,1.410256e+06,8.843450e+01,,,,5
2018-04-26 15:44:54.000000,2.609024e+07,1.818779e+07,1.239949e+02,1.410256e+06,8.843450e+01,,,,5
2018-04-26 15:44:55.000000,2.609024e+07,1.818806e+07,1.239950e+02,1.410256e+06,8.843450e+01,,,,5
2018-04-26 15:44:56.000000,2.609023e+07,1.818697e+07,1.239943e+02,1.410256e+06,8.843450e+01,,,,5
2018-04-26 15:44:57.000000,2.609022e+07,1.818805e+07,1.239949e+02,1.410256e+06,8.843450e+01,,,,5
2018-04-26 15:44:58.000000,2.609024e+07,1.818670e+07,1.239941e+02,1.410256e+06,8.843450e+01,,,,5
2018-04-26 15:44:59.000000,2.609024e+07,1.818771e+07,1.239946e+02,1.410256e+06,8.843450e+01,,,,5
2018-04-26 15:45:00.000000,2.609024e+07,1.818650e+07,1.239939e+02,1.410256e+06,8.843450e+01,,,,5
2018-04-26 15:45:01.000000,2.609023e+07,1.818852e+07,1.239952e+02,1.410256e+06,8.843450e+01,,,,5
2018-04-26 15:45:02.000000,2.609022e+07,1.818751e+07,1.239946e+02,1.410256e+06,8.843450e+01,,,,5
2018-04-26 15:45:03.000000,2.609023e+07,1.818917e+07,1.239955e+02,1.410256e+06,8.843450e+01,,,,5
2018-04-26 15:45:04.000000,2.609024e+07,1.818788e+07,1.239949e+02,1.410256e+06,8.843450e+01,,,,5
2018-04-26 15:45:05.000000,2.609024e+07,1.818944e+07,1.239957e+02,1.410256e+06,8.843450e+01,,,,5
2018-04-26 15:45:06.000000,2.609024e+07,1.818811e+07,1.239950e+02,1.410256e+06,8.843450e+01,,,,5
2018-04-26 15:45:07.000000,2.609022e+07,1.818845e+07,1.239951e+02,1.410256e+06,8.843450e+01,,,,5
2018-04-26 15:45:08.000000,2.609022e+07,1.818722e+07,1.239944e+02,1.410256e+06,8.843450e+01,,,,5
2018-04-26 15:45:09.000000,2.609022e+07,1.818680e+07,1.239942e+02,1.410256e+06,8.843450e+01,,,,5
2018-04-26 15:45:10.000000,2.609024e+07,1.818684e+07,1.239941e+02,1.410256e+06,8.843450e+01,,,,5
2018-04-26 15:45:11.000000,2.609024e+07,1.818650e+07,1.239939e+02,1.410256e+06,8.843450e+01,,,,5
2018-04-26 15:45:12.000000,2.609022e+07,1.818763e+07,1.239947e+02,1.410256e+06,8.843450e+01,,,,5
2018-04-26 15:45:13.000000,2.609022e+07,1.818743e+07,1.239946e+02,1.410256e+06,8.843450e+01,,,,5
2018-04-26 15:45:14.000000,2.609022e+07,1.818860e+07,1.239952e+02,1.410256e+06,8.843450e+01,,,,5
2018-04-26 15:45:15.000000,2.609024e+07,1.818781e+07,1.239948e+02,1.410256e+06,8.843450e+01,,,,5
2018-04-26 15:45:16.000000,2.609024e+07,1.818944e+07,1.239957e+02,1.410256e+06,8.843450e+01,,,,5
2018-04-26 15:45:17.000000,2.609024e+07,1.818777e+07,1.239948e+02,1.410256e+06,8.843450e+01,,,,5
2018-04-26 15:45:18.000000,2.609022e+07,1.818855e+07,1.239951e+02,1.410256e+06,8.843450e+01,,,,5
2018-04-26 15:45:19.000000,2.609022e+07,1.818689e+07,1.239942e+02,1.410256e+06,8.843449e+01,,,,5
2018-04-26 15:45:20.000000,2.609023e+07,1.818688e+07,1.239942e+02,1.410256e+06,8.843449e+01,,,,5
2018-04-26 15:45:21.000000,2.609024e+07,1.818685e+07,1.239941e+02,1.410256e+06,8.843449e+01,,,,5
2018-04-26 15:45:22.000000,2.609024e+07,1.818655e+07,1.239940e+02,1.410256e+06,8.843449e+01,,,,5
2018-04-26 15:45:23.000000,2.609022e+07,1.818763e+07,1.239947e+02,1.410256e+06,8.843449e+01,,,,5
2018-04-26 15:45:24.000000,2.609022e+07,1.818748e+07,1.239946e+02,1.410256e+06,8.843449e+01,,,,5
2018-04-26 15:45:25.000000,2.609023e+07,1.818869e+07,1.239953e+02,1.410256e+06,8.843449e+01,,,,5
2018-04-26 15:45:26.000000,2.609024e+07,1.818782e+07,1.239949e+02,1.410256e+06,8.843449e+01,,,,5
2018-04-26 15:45:27.000000,2.609024e+07,1.818892e+07,1.239954e+02,1.410256e+06,8.843449e+01,,,,5
2018-04-26 15:45:28.000000,2.609024e+07,1.818777e+07,1.239948e+02,1.410256e+06,8.843449e+01,,,,5
2018-04-26 15:45:29.000000,2.609022e+07,1.818805e+07,1.239949e+02,1.410256e+06,8.843449e+01,,,,5
2018-04-26 15:45:30.000000,2.609022e+07,1.818691e+07,1.239942e+02,1.410256e+06,8.843449e+01,,,,5
2018-04-26 15:45:31.000000,2.609022e+07,1.818845e+07,1.239951e+02,1.410256e+06,8.843449e+01,,,,5
2018-04-26 15:45:32.000000,2.609024e+07,1.818668e+07,1.239940e+02,1.410256e+06,8.843449e+01,,,,5
2018-04-26 15:45:33.000000,2.609024e+07,1.818807e+07,1.239948e+02,1.410256e+06,8.843449e+01,,,,5
2018-04-26 15:45:34.000000,2.609024e+07,1.818685e+07,1.239941e+02,1.410256e+06,8.843449e+01,,,,5
2018-04-26 15:45:35.000000,2.609022e+07,1.818742e+07,1.239946e+02,1.410256e+06,8.843449e+01,,,,5
2018-04-26 15:45:36.000000,2.609022e+07,1.818775e+07,1.239947e+02,1.410256e+06,8.843449e+01,,,,5
2018-04-26 15:45:37.000000,2.609024e+07,1.818779e+07,1.239949e+02,1.410256e+06,8.843449e+01,,,,5
2018-04-26 15:45:38.000000,2.609024e+07,1.818804e+07,1.239950e+02,1.410256e+06,8.843449e+01,,,,5
2018-04-26 15:45:39.000000,2.609024e+07,1.818773e+07,1.239948e+02,1.410256e+06,8.843449e+01,,,,5
2018-04-26 15:45:40.000000,2.609022e+07,1.818806e+07,1.239949e+02,1.410256e+06,8.843449e+01,,,,5
2018-04-26 15:45:41.000000,2.609023e+07,1.818688e+07,1.239943e+02,1.410256e+06,8.843449e+01,,,,5
2018-04-26 15:45:42.000000,2.609022e+07,1.818858e+07,1.239951e+02,1.410256e+06,8.843449e+01,,,,5
2018-04-26 15:45:43.000000,2.609024e+07,1.818666e+07,1.239940e+02,1.410256e+06,8.843449e+01,,,,5
2018-04-26 15:45:44.000000,2.609024e+07,1.818819e+07,1.239948e+02,1.410256e+06,8.843449e+01,,,,5
2018-04-26 15:45:45.000000,2.609024e+07,1.818687e+07,1.239941e+02,1.410256e+06,8.843449e+01,,,,5
2018-04-26 15:45:46.000000,2.609023e+07,1.818901e+07,1.239954e+02,1.410256e+06,8.843449e+01,,,,5
2018-04-26 15:45:47.000000,2.609022e+07,1.818784e+07,1.239948e+02,1.410256e+06,8.843449e+01,,,,5
2018-04-26 15:45:48.000000,2.609022e+07,1.818745e+07,1.239946e+02,1.410256e+06,8.843449e+01,,,,5
2018-04-26 15:45:49.000000,2.609024e+07,1.818805e+07,1.239950e+02,1.410256e+06,8.843449e+01,,,,5
2018-04-26 15:45:50.000000,2.609024e+07,1.818774e+07,1.239948e+02,1.410256e+06,8.843449e+01,,,,5
2018-04-26 15:45:51.000000,2.609022e+07,1.818722e+07,1.239944e+02,1.410256e+06,8.843449e+01,,,,5
2018-04-26 15:45:52.000000,2.609022e+07,1.818683e+07,1.239942e+02,1.410256e+06,8.843449e+01,,,,5
2018-04-26 15:45:53.000000,2.609022e+07,1.818804e+07,1.239949e+02,1.410256e+06,8.843449e+01,,,,5
2018-04-26 15:45:54.000000,2.609024e+07,1.818665e+07,1.239940e+02,1.410256e+06,8.843449e+01,,,,5
2018-04-26 15:45:55.000000,2.609024e+07,1.818763e+07,1.239945e+02,1.410256e+06,8.843449e+01,,,,5
2018-04-26 15:45:56.000000,2.609024e+07,1.818654e+07,1.239939e+02,1.410256e+06,8.843449e+01,,,,5
2018-04-26 15:45:57.000000,2.609022e+07,1.818844e+07,1.239951e+02,1.410256e+06,8.843449e+01,,,,5
2018-04-26 15:45:58.000000,2.609023e+07,1.818750e+07,1.239946e+02,1.410256e+06,8.843449e+01,,,,5
2018-04-26 15:45:59.000000,2.609022e+07,1.818747e+07,1.239946e+02,1.410256e+06,8.843449e+01,,,,5
2018-04-26 15:46:00.000000,2.609024e+07,1.818771e+07,1.239948e+02,1.410256e+06,8.843449e+01,,,,5
2018-04-26 15:46:01.000000,2.609024e+07,1.818779e+07,1.239949e+02,1.410256e+06,8.843449e+01,,,,5
2018-04-26 15:46:02.000000,2.609024e+07,1.818806e+07,1.239950e+02,1.410256e+06,8.843449e+01,,,,5
2018-04-26 15:46:03.000000,2.609023e+07,1.818697e+07,1.239943e+02,1.410256e+06,8.843449e+01,,,,5
2018-04-26 15:46:04.000000,2.609022e+07,1.818805e+07,1.239949e+02,1.410256e+06,8.843449e+01,,,,5
2018-04-26 15:46:05.000000,2.609024e+07,1.818671e+07,1.239941e+02,1.410256e+06,8.843449e+01,,,,5
2018-04-26 15:46:06.000000,2.609024e+07,1.818771e+07,1.239946e+02,1.410256e+06,8.843449e+01,,,,5
2018-04-26 15:46:07.000000,2.609024e+07,1.818650e+07,1.239939e+02,1.410256e+06,8.843449e+01,,,,5
2018-04-26 15:46:08.000000,2.609023e+07,1.818850e+07,1.239952e+02,1.410256e+06,8.843449e+01,,,,5
2018-04-26 15:46:09.000000,2.609022e+07,1.818750e+07,1.239946e+02,1.410256e+06,8.843449e+01,,,,5
2018-04-26 15:46:10.000000,2.609023e+07,1.818917e+07,1.239955e+02,1.410256e+06,8.843449e+01,,,,5
2018-04-26 15:46:11.000000,2.609024e+07,1.818788e+07,1.239949e+02,1.410256e+06,8.843449e+01,,,,5
2018-04-26 15:46:12.000000,2.609024e+07,1.818942e+07,1.239957e+02,1.410256e+06,8.843449e+01,,,,5
2018-04-26 15:46:13.000000,2.609024e+07,1.818812e+07,1.239950e+02,1.410256e+06,8.843449e+01,,,,5
2018-04-26 15:46:14.000000,2.609022e+07,1.818845e+07,1.239951e+02,1.410256e+06,8.843449e+01,,,,5
2018-04-26 15:46:15.000000,2.609022e+07,1.818723e+07,1.239944e+02,1.410256e+06,8.843449e+01,,,,5
2018-04-26 15:46:16.000000,2.609022e+07,1.818680e+07,1.239942e+02,1.410256e+06,8.843449e+01,,,,5
2018-04-26 15:46:17.000000,2.609024e+07,1.818684e+07,1.239941e+02,1.410256e+06,8.843449e+01,,,,5
2018-04-26 15:46:18.000000,2.609024e+07,1.818650e+07,1.239939e+02,1.410256e+06,8.843449e+01,,,,5
2018-04-26 15:46:19.000000,2.609022e+07,1.818763e+07,1.239946e+02,1.410256e+06,8.843449e+01,,,,5
2018-04-26 15:46:20.000000,2.609022e+07,1.818743e+07,1.239946e+02,1.410256e+06,8.843449e+01,,,,5
2018-04-26 15:46:21.000000,2.609022e+07,1.818860e+07,1.239952e+02,1.410256e+06,8.843449e+01,,,,5
2018-04-26 15:46:22.000000,2.609024e+07,1.818781e+07,1.239948e+02,1.410256e+06,8.843449e+01,,,,5
2018-04-26 15:46:23.000000,2.609024e+07,1.818943e+07,1.239957e+02,1.410256e+06,8.843449e+01,,,,5
2018-04-26 15:46:24.000000,2.609024e+07,1.818777e+07,1.239948e+02,1.410256e+06,8.843449e+01,,,,5
2018-04-26 15:46:25.000000,2.609022e+07,1.818854e+07,1.239951e+02,1.410256e+06,8.843449e+01,,,,5
2018-04-26 15:46:26.000000,2.609022e+07,1.818690e+07,1.239942e+02,1.410256e+06,8.843449e+01,,,,5
2018-04-26 15:46:27.000000,2.609023e+07,1.818687e+07,1.239942e+02,1.410256e+06,8.843449e+01,,,,5
2018-04-26 15:46:28.000000,2.609024e+07,1.818684e+07,1.239941e+02,1.410256e+06,8.843449e+01,,,,5
2018-04-26 15:46:29.000000,2.609024e+07,1.818656e+07,1.239940e+02,1.410256e+06,8.843449e+01,,,,5
2018-04-26 15:46:30.000000,2.609024e+07,1.818780e+07,1.239946e+02,1.410256e+06,8.843448e+01,,,,5
2018-04-26 15:46:31.000000,2.609022e+07,1.818748e+07,1.239946e+02,1.410256e+06,8.843448e+01,,,,5
2018-04-26 15:46:32.000000,2.609023e+07,1.818868e+07,1.239953e+02,1.410256e+06,8.843448e+01,,,,5
2018-04-26 15:46:33.000000,2.609024e+07,1.818782e+07,1.239949e+02,1.410256e+06,8.843448e+01,,,,5
2018-04-26 15:46:34.000000,2.609024e+07,1.818892e+07,1.239954e+02,1.410256e+06,8.843448e+01,,,,5
2018-04-26 15:46:35.000000,2.609024e+07,1.818778e+07,1.239948e+02,1.410256e+06,8.843448e+01,,,,5
2018-04-26 15:46:36.000000,2.609022e+07,1.818805e+07,1.239948e+02,1.410256e+06,8.843448e+01,,,,5
2018-04-26 15:46:37.000000,2.609022e+07,1.818691e+07,1.239942e+02,1.410256e+06,8.843448e+01,,,,5
2018-04-26 15:46:38.000000,2.609022e+07,1.818845e+07,1.239951e+02,1.410256e+06,8.843448e+01,,,,5
2018-04-26 15:46:39.000000,2.609024e+07,1.818669e+07,1.239940e+02,1.410256e+06,8.843448e+01,,,,5
2018-04-26 15:46:40.000000,2.609024e+07,1.818807e+07,1.239948e+02,1.410256e+06,8.843448e+01,,,,5
2018-04-26 15:46:41.000000,2.609024e+07,1.818685e+07,1.239941e+02,1.410256e+06,8.843448e+01,,,,5
2018-04-26 15:46:42.000000,2.609022e+07,1.818742e+07,1.239946e+02,1.410256e+06,8.843448e+01,,,,5
2018-04-26 15:46:43.000000,2.609022e+07,1.818775e+07,1.239947e+02,1.410256e+06,8.843448e+01,,,,5
2018-04-26 15:46:44.000000,2.609022e+07,1.818740e+07,1.239946e+02,1.410256e+06,8.843448e+01,,,,5
2018-04-26 15:46:45.000000,2.609024e+07,1.818801e+07,1.239950e+02,1.410256e+06,8.843448e+01,,,,5
2018-04-26 15:46:46.000000,2.609024e+07,1.818773e+07,1.239948e+02,1.410256e+06,8.843448e+01,,,,5
2018-04-26 15:46:47.000000,2.609022e+07,1.818806e+07,1.239949e+02,1.410256e+06,8.843448e+01,,,,5
2018-04-26 15:46:48.000000,2.609022e+07,1.818688e+07,1.239943e+02,1.410256e+06,8.843448e+01,,,,5
2018-04-26 15:46:49.000000,2.609022e+07,1.818856e+07,1.239951e+02,1.410256e+06,8.843448e+01,,,,5
2018-04-26 15:46:50.000000,2.609024e+07,1.818666e+07,1.239940e+02,1.410256e+06,8.843448e+01,,,,5
2018-04-26 15:46:51.000000,2.609024e+07,1.818819e+07,1.239948e+02,1.410256e+06,8.843448e+01,,,,5
2018-04-26 15:46:52.000000,2.609024e+07,1.818687e+07,1.239941e+02,1.410256e+06,8.843448e+01,,,,5
2018-04-26 15:46:53.000000,2.609022e+07,1.818901e+07,1.239954e+02,1.410256e+06,8.843448e+01,,,,5
2018-04-26 15:46:54.000000,2.609022e+07,1.818784e+07,1.239948e+02,1.410256e+06,8.843448e+01,,,,5
2018-04-26 15:46:55.000000,2.609022e+07,1.818745e+07,1.239946e+02,1.410256e+06,8.843448e+01,,,,5
2018-04-26 15:46:56.000000,2.609024e+07,1.818804e+07,1.239950e+02,1.410256e+06,8.843448e+01,,,,5
2018-04-26 15:46:57.000000,2.609024e+07,1.818774e+07,1.239948e+02,1.410256e+06,8.843448e+01,,,,5
2018-04-26 15:46:58.000000,2.609024e+07,1.818901e+07,1.239955e+02,1.410256e+06,8.843448e+01,,,,5
2018-04-26 15:46:59.000000,2.609022e+07,1.818696e+07,1.239943e+02,1.410256e+06,8.843448e+01,,,,5
2018-04-26 15:47:00.000000,2.609022e+07,1.818804e+07,1.239948e+02,1.410256e+06,8.843448e+01,,,,5
2018-04-26 15:47:01.000000,2.609024e+07,1.818665e+07,1.239940e+02,1.410256e+06,8.843448e+01,,,,5
2018-04-26 15:47:02.000000,2.609024e+07,1.818763e+07,1.239945e+02,1.410256e+06,8.843448e+01,,,,5
2018-04-26 15:47:03.000000,2.609024e+07,1.818655e+07,1.239939e+02,1.410256e+06,8.843448e+01,,,,5
2018-04-26 15:47:04.000000,2.609022e+07,1.818844e+07,1.239951e+02,1.410256e+06,8.843448e+01,,,,5
2018-04-26 15:47:05.000000,2.609023e+07,1.818750e+07,1.239946e+02,1.410256e+06,8.843448e+01,,,,5
2018-04-26 15:47:06.000000,2.609022e+07,1.818747e+07,1.239946e+02,1.410256e+06,8.843448e+01,,,,5
2018-04-26 15:47:07.000000,2.609024e+07,1.818771e+07,1.239948e+02,1.410256e+06,8.843448e+01,,,,5
2018-04-26 15:47:08.000000,2.609024e+07,1.818779e+07,1.239949e+02,1.410256e+06,8.843448e+01,,,,5
2018-04-26 15:47:09.000000,2.609024e+07,1.818806e+07,1.239950e+02,1.410256e+06,8.843448e+01,,,,5
2018-04-26 15:47:10.000000,2.609023e+07,1.818696e+07,1.239943e+02,1.410256e+06,8.843448e+01,,,,5
2018-04-26 15:47:11.000000,2.609022e+07,1.818805e+07,1.239949e+02,1.410256e+06,8.843448e+01,,,,5
2018-04-26 15:47:12.000000,2.609024e+07,1.818671e+07,1.239941e+02,1.410256e+06,8.843448e+01,,,,5
2018-04-26 15:47:13.000000,2.609024e+07,1.818770e+07,1.239946e+02,1.410256e+06,8.843448e+01,,,,5
2018-04-26 15:47:14.000000,2.609024e+07,1.818650e+07,1.239939e+02,1.410256e+06,8.843448e+01,,,,5
2018-04-26 15:47:15.000000,2.609023e+07,1.818850e+07,1.239952e+02,1.410256e+06,8.843448e+01,,,,5
2018-04-26 15:47:16.000000,2.609022e+07,1.818752e+07,1.239947e+02,1.410256e+06,8.843448e+01,,,,5
2018-04-26 15:47:17.000000,2.609022e+07,1.818917e+07,1.239955e+02,1.410256e+06,8.843448e+01,,,,5
2018-04-26 15:47:18.000000,2.609024e+07,1.818788e+07,1.239949e+02,1.410256e+06,8.843448e+01,,,,5
2018-04-26 15:47:19.000000,2.609024e+07,1.818942e+07,1.239957e+02,1.410256e+06,8.843448e+01,,,,5
2018-04-26 15:47:20.000000,2.609024e+07,1.818812e+07,1.239950e+02,1.410256e+06,8.843448e+01,,,,5
2018-04-26 15:47:21.000000,2.609022e+07,1.818845e+07,1.239951e+02,1.410256e+06,8.843448e+01,,,,5
2018-04-26 15:47:22.000000,2.609022e+07,1.818723e+07,1.239943e+02,1.410256e+06,8.843448e+01,,,,5
2018-04-26 15:47:23.000000,2.609022e+07,1.818680e+07,1.239942e+02,1.410256e+06,8.843448e+01,,,,5
2018-04-26 15:47:24.000000,2.609024e+07,1.818684e+07,1.239941e+02,1.410256e+06,8.843448e+01,,,,5
2018-04-26 15:47:25.000000,2.609024e+07,1.818650e+07,1.239939e+02,1.410256e+06,8.843448e+01,,,,5
2018-04-26 15:47:26.000000,2.609022e+07,1.818762e+07,1.239946e+02,1.410256e+06,8.843448e+01,,,,5
2018-04-26 15:47:27.000000,2.609022e+07,1.818743e+07,1.239946e+02,1.410256e+06,8.843448e+01,,,,5
2018-04-26 15:47:28.000000,2.609022e+07,1.818860e+07,1.239952e+02,1.410256e+06,8.843448e+01,,,,5
2018-04-26 15:47:29.000000,2.609024e+07,1.818780e+07,1.239948e+02,1.410256e+06,8.843448e+01,,,,5
2018-04-26 15:47:30.000000,2.609024e+07,1.818942e+07,1.239957e+02,1.410256e+06,8.843448e+01,,,,5
2018-04-26 15:47:31.000000,2.609024e+07,1.818777e+07,1.239948e+02,1.410256e+06,8.843448e+01,,,,5
2018-04-26 15:47:32.000000,2.609022e+07,1.818854e+07,1.239951e+02,1.410256e+06,8.843448e+01,,,,5
2018-04-26 15:47:33.000000,2.609022e+07,1.818691e+07,1.239943e+02,1.410256e+06,8.843448e+01,,,,5
2018-04-26 15:47:34.000000,2.609023e+07,1.818687e+07,1.239942e+02,1.410256e+06,8.843448e+01,,,,5
2018-04-26 15:47:35.000000,2.609024e+07,1.818684e+07,1.239941e+02,1.410256e+06,8.843448e+01,,,,5
2018-04-26 15:47:36.000000,2.609024e+07,1.818656e+07,1.239940e+02,1.410256e+06,8.843448e+01,,,,5
2018-04-26 15:47:37.000000,2.609024e+07,1.818779e+07,1.239946e+02,1.410256e+06,8.843448e+01,,,,5
2018-04-26 15:47:38.000000,2.609022e+07,1.818748e+07,1.239946e+02,1.410256e+06,8.843448e+01,,,,5
2018-04-26 15:47:39.000000,2.609023e+07,1.818867e+07,1.239953e+02,1.410256e+06,8.843448e+01,,,,5
2018-04-26 15:47:40.000000,2.609024e+07,1.818783e+07,1.239949e+02,1.410256e+06,8.843448e+01,,,,5
2018-04-26 15:47:41.000000,2.609024e+07,1.818891e+07,1.239954e+02,1.410256e+06,8.843447e+01,,,,5
2018-04-26 15:47:42.000000,2.609024e+07,1.818778e+07,1.239948e+02,1.410256e+06,8.843447e+01,,,,5
2018-04-26 15:47:43.000000,2.609022e+07,1.818805e+07,1.239948e+02,1.410256e+06,8.843447e+01,,,,5
2018-04-26 15:47:44.000000,2.609022e+07,1.818691e+07,1.239942e+02,1.410256e+06,8.843447e+01,,,,5
2018-04-26 15:47:45.000000,2.609022e+07,1.818845e+07,1.239951e+02,1.410256e+06,8.843447e+01,,,,5
2018-04-26 15:47:46.000000,2.609024e+07,1.818669e+07,1.239940e+02,1.410256e+06,8.843447e+01,,,,5
2018-04-26 15:47:47.000000,2.609024e+07,1.818806e+07,1.239947e+02,1.410256e+06,8.843447e+01,,,,5
2018-04-26 15:47:48.000000,2.609024e+07,1.818685e+07,1.239941e+02,1.410256e+06,8.843447e+01,,,,5
2018-04-26 15:47:49.000000,2.609022e+07,1.818742e+07,1.239946e+02,1.410256e+06,8.843447e+01,,,,5
2018-04-26 15:47:50.000000,2.609022e+07,1.818774e+07,1.239947e+02,1.410256e+06,8.843447e+01,,,,5
2018-04-26 15:47:51.000000,2.609022e+07,1.818740e+07,1.239946e+02,1.410256e+06,8.843447e+01,,,,5
2018-04-26 15:47:52.000000,2.609024e+07,1.818801e+07,1.239950e+02,1.410256e+06,8.843447e+01,,,,5
2018-04-26 15:47:53.000000,2.609024e+07,1.818772e+07,1.239948e+02,1.410256e+06,8.843447e+01,,,,5
2018-04-26 15:47:54.000000,2.609022e+07,1.818805e+07,1.239949e+02,1.410256e+06,8.843447e+01,,,,5
2018-04-26 15:47:55.000000,2.609022e+07,1.818688e+07,1.239943e+02,1.410256e+06,8.843447e+01,,,,5
2018-04-26 15:47:56.000000,2.609022e+07,1.818856e+07,1.239951e+02,1.410256e+06,8.843447e+01,,,,5
2018-04-26 15:47:57.000000,2.609024e+07,1.818668e+07,1.239940e+02,1.410256e+06,8.843447e+01,,,,5
2018-04-26 15:47:58.000000,2.609024e+07,1.818819e+07,1.239948e+02,1.410256e+06,8.843447e+01,,,,5
2018-04-26 15:47:59.000000,2.609024e+07,1.818687e+07,1.239941e+02,1.410256e+06,8.843447e+01,,,,5
2018-04-26 15:48:00.000000,2.609022e+07,1.818899e+07,1.239954e+02,1.410256e+06,8.843447e+01,,,,5
2018-04-26 15:48:01.000000,2.609022e+07,1.818785e+07,1.239948e+02,1.410256e+06,8.843447e+01,,,,5
2018-04-26 15:48:02.000000,2.609022e+07,1.818745e+07,1.239946e+02,1.410256e+06,8.843447e+01,,,,5
2018-04-26 15:48:03.000000,2.609024e+07,1.818804e+07,1.239950e+02,1.410256e+06,8.843447e+01,,,,5
2018-04-26 15:48:04.000000,2.609024e+07,1.818774e+07,1.239948e+02,1.410256e+06,8.843447e+01,,,,5
2018-04-26 15:48:05.000000,2.609024e+07,1.818901e+07,1.239955e+02,1.410256e+06,8.843447e+01,,,,5
2018-04-26 15:48:06.000000,2.609022e+07,1.818696e+07,1.239943e+02,1.410256e+06,8.843447e+01,,,,5
2018-04-26 15:48:07.000000,2.609022e+07,1.818803e+07,1.239948e+02,1.410256e+06,8.843447e+01,,,,5
2018-04-26 15:48:08.000000,2.609024e+07,1.818670e+07,1.239941e+02,1.410256e+06,8.843447e+01,,,,5
2018-04-26 15:48:09.000000,2.609024e+07,1.818771e+07,1.239946e+02,1.410256e+06,8.843447e+01,,,,5
2018-04-26 15:48:10.000000,2.609024e+07,1.818650e+07,1.239939e+02,1.410256e+06,8.843447e+01,,,,5
2018-04-26 15:48:11.000000,2.609022e+07,1.818852e+07,1.239952e+02,1.410256e+06,8.843447e+01,,,,5
2018-04-26 15:48:12.000000,2.609022e+07,1.818751e+07,1.239946e+02,1.410256e+06,8.843447e+01,,,,5
2018-04-26 15:48:13.000000,2.609023e+07,1.818917e+07,1.239955e+02,1.410256e+06,8.843447e+01,,,,5
2018-04-26 15:48:14.000000,2.609024e+07,1.818788e+07,1.239949e+02,1.410256e+06,8.843447e+01,,,,5
2018-04-26 15:48:15.000000,2.609024e+07,1.818944e+07,1.239957e+02,1.410256e+06,8.843447e+01,,,,5
2018-04-26 15:48:16.000000,2.609024e+07,1.818811e+07,1.239950e+02,1.410256e+06,8.843447e+01,,,,5
2018-04-26 15:48:17.000000,2.609022e+07,1.818845e+07,1.239951e+02,1.410256e+06,8.843447e+01,,,,5
2018-04-26 15:48:18.000000,2.609022e+07,1.818722e+07,1.239943e+02,1.410256e+06,8.843447e+01,,,,5
2018-04-26 15:48:19.000000,2.609022e+07,1.818680e+07,1.239942e+02,1.410256e+06,8.843447e+01,,,,5
2018-04-26 15:48:20.000000,2.609024e+07,1.818684e+07,1.239941e+02,1.410256e+06,8.843447e+01,,,,5
2018-04-26 15:48:21.000000,2.609024e+07,1.818650e+07,1.239939e+02,1.410256e+06,8.843447e+01,,,,5
2018-04-26 15:48:22.000000,2.609022e+07,1.818763e+07,1.239946e+02,1.410256e+06,8.843447e+01,,,,5
2018-04-26 15:48:23.000000,2.609022e+07,1.818743e+07,1.239946e+02,1.410256e+06,8.843447e+01,,,,5
2018-04-26 15:48:24.000000,2.609022e+07,1.818860e+07,1.239952e+02,1.410256e+06,8.843447e+01,,,,5
2018-04-26 15:48:25.000000,2.609025e+07,1.818781e+07,1.239948e+02,1.410256e+06,8.843447e+01,,,,5
2018-04-26 15:48:26.000000,2.609024e+07,1.818944e+07,1.239957e+02,1.410256e+06,8.843447e+01,,,,5
2018-04-26 15:48:27.000000,2.609024e+07,1.818777e+07,1.239948e+02,1.410256e+06,8.843447e+01,,,,5
2018-04-26 15:48:28.000000,2.609022e+07,1.818855e+07,1.239951e+02,1.410256e+06,8.843447e+01,,,,5
2018-04-26 15:48:29.000000,2.609022e+07,1.818689e+07,1.239942e+02,1.410256e+06,8.843447e+01,,,,5
2018-04-26 15:48:30.000000,2.609023e+07,1.818688e+07,1.239942e+02,1.410256e+06,8.843447e+01,,,,5
2018-04-26 15:48:31.000000,2.609024e+07,1.818685e+07,1.239941e+02,1.410256e+06,8.843447e+01,,,,5
2018-04-26 15:48:32.000000,2.609024e+07,1.818655e+07,1.239940e+02,1.410256e+06,8.843447e+01,,,,5
2018-04-26 15:48:33.000000,2.609024e+07,1.818780e+07,1.239946e+02,1.410256e+06,8.843447e+01,,,,5
2018-04-26 15:48:34.000000,2.609022e+07,1.818748e+07,1.239946e+02,1.410256e+06,8.843447e+01,,,,5
2018-04-26 15:48:35.000000,2.609023e+07,1.818869e+07,1.239953e+02,1.410256e+06,8.843447e+01,,,,5
2018-04-26 15:48:36.000000,2.609024e+07,1.818782e+07,1.239949e+02,1.410256e+06,8.843447e+01,,,,5
2018-04-26 15:48:37.000000,2.609024e+07,1.818892e+07,1.239954e+02,1.410256e+06,8.843447e+01,,,,5
2018-04-26 15:48:38.000000,2.609024e+07,1.818778e+07,1.239948e+02,1.410256e+06,8.843447e+01,,,,5
2018-04-26 15:48:39.000000,2.609022e+07,1.818805e+07,1.239948e+02,1.410256e+06,8.843447e+01,,,,5
2018-04-26 15:48:40.000000,2.609023e+07,1.818691e+07,1.239942e+02,1.410256e+06,8.843447e+01,,,,5
2018-04-26 15:48:41.000000,2.609022e+07,1.818845e+07,1.239951e+02,1.410256e+06,8.843447e+01,,,,5
2018-04-26 15:48:42.000000,2.609024e+07,1.818668e+07,1.239940e+02,1.410256e+06,8.843447e+01,,,,5
2018-04-26 15:48:43.000000,2.609024e+07,1.818807e+07,1.239948e+02,1.410256e+06,8.843447e+01,,,,5
2018-04-26 15:48:44.000000,2.609024e+07,1.818685e+07,1.239941e+02,1.410256e+06,8.843447e+01,,,,5
2018-04-26 15:48:45.000000,2.609022e+07,1.818742e+07,1.239946e+02,1.410256e+06,8.843447e+01,,,,5
2018-04-26 15:48:46.000000,2.609022e+07,1.818775e+07,1.239947e+02,1.410256e+06,8.843447e+01,,,,5
2018-04-26 15:48:47.000000,2.609024e+07,1.818779e+07,1.239949e+02,1.410256e+06,8.843447e+01,,,,5
2018-04-26 15:48:48.000000,2.609024e+07,1.818804e+07,1.239950e+02,1.410256e+06,8.843447e+01,,,,5
2018-04-26 15:48:49.000000,2.609025e+07,1.818773e+07,1.239948e+02,1.410256e+06,8.843447e+01,,,,5
2018-04-26 15:48:50.000000,2.609022e+07,1.818806e+07,1.239949e+02,1.410256e+06,8.843447e+01,,,,5
2018-04-26 15:48:51.000000,2.609023e+07,1.818688e+07,1.239943e+02,1.410256e+06,8.843447e+01,,,,5
2018-04-26 15:48:52.000000,2.609022e+07,1.818858e+07,1.239951e+02,1.410256e+06,8.843447e+01,,,,5
2018-04-26 15:48:53.000000,2.609024e+07,1.818666e+07,1.239940e+02,1.410256e+06,8.843447e+01,,,,5
2018-04-26 15:48:54.000000,2.609025e+07,1.818820e+07,1.239948e+02,1.410256e+06,8.843446e+01,,,,5
2018-04-26 15:48:55.000000,2.609024e+07,1.818688e+07,1.239941e+02,1.410256e+06,8.843446e+01,,,,5
2018-04-26 15:48:56.000000,2.609023e+07,1.818901e+07,1.239954e+02,1.410256e+06,8.843446e+01,,,,5
2018-04-26 15:48:57.000000,2.609022e+07,1.818784e+07,1.239948e+02,1.410256e+06,8.843446e+01,,,,5
2018-04-26 15:48:58.000000,2.609022e+07,1.818745e+07,1.239946e+02,1.410256e+06,8.843446e+01,,,,5
2018-04-26 15:48:59.000000,2.609024e+07,1.818805e+07,1.239950e+02,1.410256e+06,8.843446e+01,,,,5
2018-04-26 15:49:00.000000,2.609024e+07,1.818774e+07,1.239948e+02,1.410256e+06,8.843446e+01,,,,5
2018-04-26 15:49:01.000000,2.609022e+07,1.818722e+07,1.239944e+02,1.410256e+06,8.843446e+01,,,,5
2018-04-26 15:49:02.000000,2.609022e+07,1.818683e+07,1.239942e+02,1.410256e+06,8.843446e+01,,,,5
2018-04-26 15:49:03.000000,2.609022e+07,1.818804e+07,1.239948e+02,1.410256e+06,8.843446e+01,,,,5
2018-04-26 15:49:04.000000,2.609024e+07,1.818665e+07,1.239940e+02,1.410256e+06,8.843446e+01,,,,5
2018-04-26 15:49:05.000000,2.609024e+07,1.818763e+07,1.239945e+02,1.410256e+06,8.843446e+01,,,,5
2018-04-26 15:49:06.000000,2.609024e+07,1.818654e+07,1.239939e+02,1.410256e+06,8.843446e+01,,,,5
2018-04-26 15:49:07.000000,2.609022e+07,1.818844e+07,1.239951e+02,1.410256e+06,8.843446e+01,,,,5
2018-04-26 15:49:08.000000,2.609023e+07,1.818750e+07,1.239946e+02,1.410256e+06,8.843446e+01,,,,5
2018-04-26 15:49:09.000000,2.609022e+07,1.818747e+07,1.239946e+02,1.410256e+06,8.843446e+01,,,,5
2018-04-26 15:49:10.000000,2.609024e+07,1.818771e+07,1.239948e+02,1.410256e+06,8.843446e+01,,,,5
2018-04-26 15:49:11.000000,2.609024e+07,1.818779e+07,1.239949e+02,1.410256e+06,8.843446e+01,,,,5
2018-04-26 15:49:12.000000,2.609024e+07,1.818806e+07,1.239950e+02,1.410256e+06,8.843446e+01,,,,5
2018-04-26 15:49:13.000000,2.609023e+07,1.818697e+07,1.239943e+02,1.410256e+06,8.843446e+01,,,,5
2018-04-26 15:49:14.000000,2.609022e+07,1.818805e+07,1.239948e+02,1.410256e+06,8.843446e+01,,,,5
2018-04-26 15:49:15.000000,2.609024e+07,1.818671e+07,1.239941e+02,1.410256e+06,8.843446e+01,,,,5
2018-04-26 15:49:16.000000,2.609024e+07,1.818771e+07,1.239946e+02,1.410256e+06,8.843446e+01,,,,5
2018-04-26 15:49:17.000000,2.609024e+07,1.818650e+07,1.239939e+02,1.410256e+06,8.843446e+01,,,,5
2018-04-26 15:49:18.000000,2.609023e+07,1.818850e+07,1.239952e+02,1.410256e+06,8.843446e+01,,,,5
2018-04-26 15:49:19.000000,2.609022e+07,1.818751e+07,1.239946e+02,1.410256e+06,8.843446e+01,,,,5
2018-04-26 15:49:20.000000,2.609023e+07,1.818917e+07,1.239955e+02,1.410256e+06,8.843446e+01,,,,5
2018-04-26 15:49:21.000000,2.609024e+07,1.818788e+07,1.239949e+02,1.410256e+06,8.843446e+01,,,,5
2018-04-26 15:49:22.000000,2.609024e+07,1.818942e+07,1.239957e+02,1.410256e+06,8.843446e+01,,,,5
2018-04-26 15:49:23.000000,2.609024e+07,1.818812e+07,1.239950e+02,1.410256e+06,8.843446e+01,,,,5
2018-04-26 15:49:24.000000,2.609022e+07,1.818845e+07,1.239951e+02,1.410256e+06,8.843446e+01,,,,5
2018-04-26 15:49:25.000000,2.609022e+07,1.818723e+07,1.239943e+02,1.410256e+06,8.843446e+01,,,,5
2018-04-26 15:49:26.000000,2.609022e+07,1.818680e+07,1.239942e+02,1.410256e+06,8.843446e+01,,,,5
2018-04-26 15:49:27.000000,2.609024e+07,1.818684e+07,1.239941e+02,1.410256e+06,8.843446e+01,,,,5
2018-04-26 15:49:28.000000,2.609024e+07,1.818650e+07,1.239939e+02,1.410256e+06,8.843446e+01,,,,5
2018-04-26 15:49:29.000000,2.609022e+07,1.818762e+07,1.239946e+02,1.410256e+06,8.843446e+01,,,,5
2018-04-26 15:49:30.000000,2.609022e+07,1.818743e+07,1.239946e+02,1.410256e+06,8.843446e+01,,,,5
2018-04-26 15:49:31.000000,2.609022e+07,1.818860e+07,1.239952e+02,1.410256e+06,8.843446e+01,,,,5
2018-04-26 15:49:32.000000,2.609024e+07,1.818781e+07,1.239948e+02,1.410256e+06,8.843446e+01,,,,5
2018-04-26 15:49:33.000000,2.609024e+07,1.818943e+07,1.239957e+02,1.410256e+06,8.843446e+01,,,,5
2018-04-26 15:49:34.000000,2.609024e+07,1.818777e+07,1.239948e+02,1.410256e+06,8.843446e+01,,,,5
2018-04-26 15:49:35.000000,2.609022e+07,1.818854e+07,1.239951e+02,1.410256e+06,8.843446e+01,,,,5
2018-04-26 15:49:36.000000,2.609022e+07,1.818690e+07,1.239942e+02,1.410256e+06,8.843446e+01,,,,5
2018-04-26 15:49:37.000000,2.609023e+07,1.818688e+07,1.239942e+02,1.410256e+06,8.843446e+01,,,,5
2018-04-26 15:49:38.000000,2.609024e+07,1.818685e+07,1.239941e+02,1.410256e+06,8.843446e+01,,,,5
2018-04-26 15:49:39.000000,2.609024e+07,1.818656e+07,1.239940e+02,1.410256e+06,8.843446e+01,,,,5
2018-04-26 15:49:40.000000,2.609024e+07,1.818780e+07,1.239946e+02,1.410256e+06,8.843446e+01,,,,5
2018-04-26 15:49:41.000000,2.609022e+07,1.818748e+07,1.239946e+02,1.410256e+06,8.843446e+01,,,,5
2018-04-26 15:49:42.000000,2.609023e+07,1.818868e+07,1.239953e+02,1.410256e+06,8.843446e+01,,,,5
2018-04-26 15:49:43.000000,2.609024e+07,1.818782e+07,1.239949e+02,1.410256e+06,8.843446e+01,,,,5
2018-04-26 15:49:44.000000,2.609024e+07,1.818892e+07,1.239954e+02,1.410256e+06,8.843446e+01,,,,5
2018-04-26 15:49:45.000000,2.609024e+07,1.818778e+07,1.239948e+02,1.410256e+06,8.843446e+01,,,,5
2018-04-26 15:49:46.000000,2.609022e+07,1.818805e+07,1.239948e+02,1.410256e+06,8.843446e+01,,,,5
2018-04-26 15:49:47.000000,2.609022e+07,1.818691e+07,1.239942e+02,1.410256e+06,8.843446e+01,,,,5
2018-04-26 15:49:48.000000,2.609022e+07,1.818845e+07,1.239950e+02,1.410256e+06,8.843446e+01,,,,5
2018-04-26 15:49:49.000000,2.609024e+07,1.818669e+07,1.239940e+02,1.410256e+06,8.843446e+01,,,,5
2018-04-26 15:49:50.000000,2.609024e+07,1.818807e+07,1.239948e+02,1.410256e+06,8.843446e+01,,,,5
2018-04-26 15:49:51.000000,2.609024e+07,1.818685e+07,1.239941e+02,1.410256e+06,8.843446e+01,,,,5
2018-04-26 15:49:52.000000,2.609022e+07,1.818742e+07,1.239946e+02,1.410256e+06,8.843446e+01,,,,5
2018-04-26 15:49:53.000000,2.609022e+07,1.818775e+07,1.239947e+02,1.410256e+06,8.843446e+01,,,,5
2018-04-26 15:49:54.000000,2.609022e+07,1.818740e+07,1.239946e+02,1.410256e+06,8.843446e+01,,,,5
2018-04-26 15:49:55.000000,2.609024e+07,1.818801e+07,1.239950e+02,1.410256e+06,8.843446e+01,,,,5
2018-04-26 15:49:56.000000,2.609024e+07,1.818773e+07,1.239948e+02,1.410256e+06,8.843446e+01,,,,5
2018-04-26 15:49:57.000000,2.609022e+07,1.818806e+07,1.239948e+02,1.410256e+06,8.843446e+01,,,,5
2018-04-26 15:49:58.000000,2.609023e+07,1.818688e+07,1.239942e+02,1.410256e+06,8.843446e+01,,,,5
2018-04-26 15:49:59.000000,2.609022e+07,1.818856e+07,1.239951e+02,1.410256e+06,8.843446e+01,,,,5
2018-04-26 15:50:00.000000,2.609024e+07,1.818666e+07,1.239940e+02,1.410256e+06,8.843446e+01,,,,5
2018-04-26 15:50:01.000000,2.609024e+07,1.818819e+07,1.239948e+02,1.410256e+06,8.843446e+01,,,,5
2018-04-26 15:50:02.000000,2.609024e+07,1.818688e+07,1.239941e+02,1.410256e+06,8.843446e+01,,,,5
2018-04-26 15:50:03.000000,2.609023e+07,1.818899e+07,1.239954e+02,1.410256e+06,8.843446e+01,,,,5
2018-04-26 15:50:04.000000,2.609022e+07,1.818785e+07,1.239948e+02,1.410256e+06,8.843446e+01,,,,5
2018-04-26 15:50:05.000000,2.609022e+07,1.818745e+07,1.239946e+02,1.410256e+06,8.843446e+01,,,,5
2018-04-26 15:50:06.000000,2.609024e+07,1.818805e+07,1.239950e+02,1.410256e+06,8.843446e+01,,,,5
2018-04-26 15:50:07.000000,2.609024e+07,1.818774e+07,1.239948e+02,1.410256e+06,8.843446e+01,,,,5
2018-04-26 15:50:08.000000,2.609024e+07,1.818901e+07,1.239955e+02,1.410256e+06,8.843445e+01,,,,5
2018-04-26 15:50:09.000000,2.609022e+07,1.818696e+07,1.239943e+02,1.410256e+06,8.843445e+01,,,,5
2018-04-26 15:50:10.000000,2.609022e+07,1.818804e+07,1.239948e+02,1.410256e+06,8.843445e+01,,,,5
2018-04-26 15:50:11.000000,2.609024e+07,1.818665e+07,1.239940e+02,1.410256e+06,8.843445e+01,,,,5
2018-04-26 15:50:12.000000,2.609024e+07,1.818763e+07,1.239945e+02,1.410256e+06,8.843445e+01,,,,5
2018-04-26 15:50:13.000000,2.609024e+07,1.818655e+07,1.239939e+02,1.410256e+06,8.843445e+01,,,,5
2018-04-26 15:50:14.000000,2.609022e+07,1.818844e+07,1.239951e+02,1.410256e+06,8.843445e+01,,,,5
2018-04-26 15:50:15.000000,2.609023e+07,1.818750e+07,1.239946e+02,1.410256e+06,8.843445e+01,,,,5
2018-04-26 15:50:16.000000,2.609022e+07,1.818747e+07,1.239946e+02,1.410256e+06,8.843445e+01,,,,5
2018-04-26 15:50:17.000000,2.609024e+07,1.818771e+07,1.239948e+02,1.410256e+06,8.843445e+01,,,,5
2018-04-26 15:50:18.000000,2.609024e+07,1.818779e+07,1.239949e+02,1.410256e+06,8.843445e+01,,,,5
2018-04-26 15:50:19.000000,2.609024e+07,1.818806e+07,1.239950e+02,1.410256e+06,8.843445e+01,,,,5
2018-04-26 15:50:20.000000,2.609023e+07,1.818698e+07,1.239943e+02,1.410256e+06,8.843445e+01,,,,5
2018-04-26 15:50:21.000000,2.609022e+07,1.818805e+07,1.239948e+02,1.410256e+06,8.843445e+01,,,,5
2018-04-26 15:50:22.000000,2.609024e+07,1.818671e+07,1.239941e+02,1.410256e+06,8.843445e+01,,,,5
2018-04-26 15:50:23.000000,2.609024e+07,1.818770e+07,1.239946e+02,1.410256e+06,8.843445e+01,,,,5
2018-04-26 15:50:24.000000,2.609024e+07,1.818650e+07,1.239939e+02,1.410256e+06,8.843445e+01,,,,5
2018-04-26 15:50:25.000000,2.609023e+07,1.818850e+07,1.239952e+02,1.410256e+06,8.843445e+01,,,,5
2018-04-26 15:50:26.000000,2.609022e+07,1.818752e+07,1.239947e+02,1.410256e+06,8.843445e+01,,,,5
2018-04-26 15:50:27.000000,2.609023e+07,1.818917e+07,1.239955e+02,1.410256e+06,8.843445e+01,,,,5
2018-04-26 15:50:28.000000,2.609024e+07,1.818788e+07,1.239949e+02,1.410256e+06,8.843445e+01,,,,5
2018-04-26 15:50:29.000000,2.609024e+07,1.818942e+07,1.239957e+02,1.410256e+06,8.843445e+01,,,,5
2018-04-26 15:50:30.000000,2.609024e+07,1.818813e+07,1.239950e+02,1.410256e+06,8.843445e+01,,,,5
2018-04-26 15:50:31.000000,2.609022e+07,1.818845e+07,1.239950e+02,1.410256e+06,8.843445e+01,,,,5
2018-04-26 15:50:32.000000,2.609022e+07,1.818723e+07,1.239943e+02,1.410256e+06,8.843445e+01,,,,5
2018-04-26 15:50:33.000000,2.609022e+07,1.818680e+07,1.239942e+02,1.410256e+06,8.843445e+01,,,,5
2018-04-26 15:50:34.000000,2.609024e+07,1.818684e+07,1.239941e+02,1.410256e+06,8.843445e+01,,,,5
2018-04-26 15:50:35.000000,2.609024e+07,1.818650e+07,1.239939e+02,1.410256e+06,8.843445e+01,,,,5
2018-04-26 15:50:36.000000,2.609022e+07,1.818762e+07,1.239946e+02,1.410256e+06,8.843445e+01,,,,5
2018-04-26 15:50:37.000000,2.609022e+07,1.818743e+07,1.239946e+02,1.410256e+06,8.843445e+01,,,,5
2018-04-26 15:50:38.000000,2.609022e+07,1.818860e+07,1.239952e+02,1.410256e+06,8.843445e+01,,,,5
2018-04-26 15:50:39.000000,2.609024e+07,1.818781e+07,1.239948e+02,1.410256e+06,8.843445e+01,,,,5
2018-04-26 15:50:40.000000,2.609024e+07,1.818942e+07,1.239957e+02,1.410256e+06,8.843445e+01,,,,5
2018-04-26 15:50:41.000000,2.609024e+07,1.818777e+07,1.239948e+02,1.410256e+06,8.843445e+01,,,,5
2018-04-26 15:50:42.000000,2.609022e+07,1.818854e+07,1.239951e+02,1.410256e+06,8.843445e+01,,,,5
2018-04-26 15:50:43.000000,2.609022e+07,1.818691e+07,1.239943e+02,1.410256e+06,8.843445e+01,,,,5
2018-04-26 15:50:44.000000,2.609023e+07,1.818687e+07,1.239942e+02,1.410256e+06,8.843445e+01,,,,5
2018-04-26 15:50:45.000000,2.609024e+07,1.818684e+07,1.239941e+02,1.410256e+06,8.843445e+01,,,,5
2018-04-26 15:50:46.000000,2.609024e+07,1.818656e+07,1.239940e+02,1.410256e+06,8.843445e+01,,,,5
2018-04-26 15:50:47.000000,2.609024e+07,1.818779e+07,1.239946e+02,1.410256e+06,8.843445e+01,,,,5
2018-04-26 15:50:48.000000,2.609022e+07,1.818748e+07,1.239946e+02,1.410256e+06,8.843445e+01,,,,5
2018-04-26 15:50:49.000000,2.609023e+07,1.818868e+07,1.239953e+02,1.410256e+06,8.843445e+01,,,,5
2018-04-26 15:50:50.000000,2.609024e+07,1.818783e+07,1.239949e+02,1.410256e+06,8.843445e+01,,,,5
2018-04-26 15:50:51.000000,2.609024e+07,1.818891e+07,1.239954e+02,1.410256e+06,8.843445e+01,,,,5
2018-04-26 15:50:52.000000,2.609024e+07,1.818778e+07,1.239948e+02,1.410256e+06,8.843445e+01,,,,5
2018-04-26 15:50:53.000000,2.609022e+07,1.818805e+07,1.239948e+02,1.410256e+06,8.843445e+01,,,,5
2018-04-26 15:50:54.000000,2.609022e+07,1.818692e+07,1.239942e+02,1.410256e+06,8.843445e+01,,,,5
2018-04-26 15:50:55.000000,2.609022e+07,1.818845e+07,1.239950e+02,1.410256e+06,8.843445e+01,,,,5
2018-04-26 15:50:56.000000,2.609024e+07,1.818669e+07,1.239940e+02,1.410256e+06,8.843445e+01,,,,5
2018-04-26 15:50:57.000000,2.609024e+07,1.818806e+07,1.239947e+02,1.410256e+06,8.843445e+01,,,,5
2018-04-26 15:50:58.000000,2.609024e+07,1.818685e+07,1.239941e+02,1.410256e+06,8.843445e+01,,,,5
2018-04-26 15:50:59.000000,2.609022e+07,1.818742e+07,1.239946e+02,1.410256e+06,8.843445e+01,,,,5
2018-04-26 15:51:00.000000,2.609022e+07,1.818774e+07,1.239947e+02,1.410256e+06,8.843445e+01,,,,5
2018-04-26 15:51:01.000000,2.609022e+07,1.818740e+07,1.239946e+02,1.410256e+06,8.843445e+01,,,,5
2018-04-26 15:51:02.000000,2.609024e+07,1.818801e+07,1.239950e+02,1.410256e+06,8.843445e+01,,,,5
2018-04-26 15:51:03.000000,2.609024e+07,1.818772e+07,1.239948e+02,1.410256e+06,8.843445e+01,,,,5
2018-04-26 15:51:04.000000,2.609022e+07,1.818806e+07,1.239948e+02,1.410256e+06,8.843445e+01,,,,5
2018-04-26 15:51:05.000000,2.609022e+07,1.818688e+07,1.239942e+02,1.410256e+06,8.843445e+01,,,,5
2018-04-26 15:51:06.000000,2.609022e+07,1.818856e+07,1.239951e+02,1.410256e+06,8.843445e+01,,,,5
2018-04-26 15:51:07.000000,2.609024e+07,1.818668e+07,1.239940e+02,1.410256e+06,8.843445e+01,,,,5
2018-04-26 15:51:08.000000,2.609024e+07,1.818819e+07,1.239948e+02,1.410256e+06,8.843445e+01,,,,5
2018-04-26 15:51:09.000000,2.609024e+07,1.818687e+07,1.239941e+02,1.410256e+06,8.843445e+01,,,,5
2018-04-26 15:51:10.000000,2.609022e+07,1.818899e+07,1.239954e+02,1.410256e+06,8.843445e+01,,,,5
2018-04-26 15:51:11.000000,2.609022e+07,1.818786e+07,1.239948e+02,1.410256e+06,8.843445e+01,,,,5
2018-04-26 15:51:12.000000,2.609022e+07,1.818745e+07,1.239946e+02,1.410256e+06,8.843445e+01,,,,5
2018-04-26 15:51:13.000000,2.609024e+07,1.818804e+07,1.239950e+02,1.410256e+06,8.843445e+01,,,,5
2018-04-26 15:51:14.000000,2.609024e+07,1.818774e+07,1.239948e+02,1.410256e+06,8.843445e+01,,,,5
2018-04-26 15:51:15.000000,2.609024e+07,1.818901e+07,1.239955e+02,1.410256e+06,8.843445e+01,,,,5
2018-04-26 15:51:16.000000,2.609022e+07,1.818696e+07,1.239943e+02,1.410256e+06,8.843445e+01,,,,5
2018-04-26 15:51:17.000000,2.609022e+07,1.818803e+07,1.239948e+02,1.410256e+06,8.843445e+01,,,,5
2018-04-26 15:51:18.000000,2.609024e+07,1.818665e+07,1.239940e+02,1.410256e+06,8.843445e+01,,,,5
2018-04-26 15:51:19.000000,2.609024e+07,1.818763e+07,1.239945e+02,1.410256e+06,8.843445e+01,,,,5
2018-04-26 15:51:20.000000,2.609024e+07,1.818655e+07,1.239939e+02,1.410256e+06,8.843445e+01,,,,5
2018-04-26 15:51:21.000000,2.609022e+07,1.818842e+07,1.239951e+02,1.410256e+06,8.843445e+01,,,,5
2018-04-26 15:51:22.000000,2.609023e+07,1.818750e+07,1.239946e+02,1.410256e+06,8.843445e+01,,,,5
2018-04-26 15:51:23.000000,2.609022e+07,1.818747e+07,1.239946e+02,1.410256e+06,8.843444e+01,,,,5
2018-04-26 15:51:24.000000,2.609024e+07,1.818771e+07,1.239948e+02,1.410256e+06,8.843444e+01,,,,5
2018-04-26 15:51:25.000000,2.609024e+07,1.818779e+07,1.239949e+02,1.410256e+06,8.843444e+01,,,,5
2018-04-26 15:51:26.000000,2.609024e+07,1.818806e+07,1.239950e+02,1.410256e+06,8.843444e+01,,,,5
2018-04-26 15:51:27.000000,2.609023e+07,1.818697e+07,1.239943e+02,1.410256e+06,8.843444e+01,,,,5
2018-04-26 15:51:28.000000,2.609022e+07,1.818803e+07,1.239948e+02,1.410256e+06,8.843444e+01,,,,5
2018-04-26 15:51:29.000000,2.609022e+07,1.818678e+07,1.239942e+02,1.410256e+06,8.843444e+01,,,,5
2018-04-26 15:51:30.000000,2.609024e+07,1.818772e+07,1.239946e+02,1.410256e+06,8.843444e+01,,,,5
2018-04-26 15:51:31.000000,2.609024e+07,1.818652e+07,1.239939e+02,1.410256e+06,8.843444e+01,,,,5
2018-04-26 15:51:32.000000,2.609023e+07,1.818850e+07,1.239952e+02,1.410256e+06,8.843444e+01,,,,5
2018-04-26 15:51:33.000000,2.609022e+07,1.818752e+07,1.239947e+02,1.410256e+06,8.843444e+01,,,,5
2018-04-26 15:51:34.000000,2.609022e+07,1.818915e+07,1.239955e+02,1.410256e+06,8.843444e+01,,,,5
2018-04-26 15:51:35.000000,2.609024e+07,1.818788e+07,1.239949e+02,1.410256e+06,8.843444e+01,,,,5
2018-04-26 15:51:36.000000,2.609024e+07,1.818941e+07,1.239957e+02,1.410256e+06,8.843444e+01,,,,5
2018-04-26 15:51:37.000000,2.609024e+07,1.818812e+07,1.239950e+02,1.410256e+06,8.843444e+01,,,,5
2018-04-26 15:51:38.000000,2.609022e+07,1.818844e+07,1.239950e+02,1.410256e+06,8.843444e+01,,,,5
2018-04-26 15:51:39.000000,2.609022e+07,1.818723e+07,1.239943e+02,1.410256e+06,8.843444e+01,,,,5
2018-04-26 15:51:40.000000,2.609022e+07,1.818680e+07,1.239942e+02,1.410256e+06,8.843444e+01,,,,5
2018-04-26 15:51:41.000000,2.609024e+07,1.818684e+07,1.239941e+02,1.410256e+06,8.843444e+01,,,,5
2018-04-26 15:51:42.000000,2.609024e+07,1.818650e+07,1.239939e+02,1.410256e+06,8.843444e+01,,,,5
2018-04-26 15:51:43.000000,2.609024e+07,1.818772e+07,1.239946e+02,1.410256e+06,8.843444e+01,,,,5
2018-04-26 15:51:44.000000,2.609022e+07,1.818742e+07,1.239946e+02,1.410256e+06,8.843444e+01,,,,5
2018-04-26 15:51:45.000000,2.609022e+07,1.818859e+07,1.239952e+02,1.410256e+06,8.843444e+01,,,,5
2018-04-26 15:51:46.000000,2.609024e+07,1.818781e+07,1.239948e+02,1.410256e+06,8.843444e+01,,,,5
2018-04-26 15:51:47.000000,2.609024e+07,1.818942e+07,1.239957e+02,1.410256e+06,8.843444e+01,,,,5
2018-04-26 15:51:48.000000,2.609024e+07,1.818779e+07,1.239948e+02,1.410256e+06,8.843444e+01,,,,5
2018-04-26 15:51:49.000000,2.609022e+07,1.818854e+07,1.239951e+02,1.410256e+06,8.843444e+01,,,,5
2018-04-26 15:51:50.000000,2.609022e+07,1.818691e+07,1.239942e+02,1.410256e+06,8.843444e+01,,,,5
2018-04-26 15:51:51.000000,2.609023e+07,1.818687e+07,1.239942e+02,1.410256e+06,8.843444e+01,,,,5
2018-04-26 15:51:52.000000,2.609024e+07,1.818684e+07,1.239941e+02,1.410256e+06,8.843444e+01,,,,5
2018-04-26 15:51:53.000000,2.609024e+07,1.818656e+07,1.239940e+02,1.410256e+06,8.843444e+01,,,,5
2018-04-26 15:51:54.000000,2.609024e+07,1.818779e+07,1.239946e+02,1.410256e+06,8.843444e+01,,,,5
2018-04-26 15:51:55.000000,2.609022e+07,1.818748e+07,1.239946e+02,1.410256e+06,8.843444e+01,,,,5
2018-04-26 15:51:56.000000,2.609023e+07,1.818867e+07,1.239953e+02,1.410256e+06,8.843444e+01,,,,5
2018-04-26 15:51:57.000000,2.609024e+07,1.818783e+07,1.239949e+02,1.410256e+06,8.843444e+01,,,,5
2018-04-26 15:51:58.000000,2.609024e+07,1.818890e+07,1.239954e+02,1.410256e+06,8.843444e+01,,,,5
2018-04-26 15:51:59.000000,2.609024e+07,1.818778e+07,1.239948e+02,1.410256e+06,8.843444e+01,,,,5
2018-04-26 15:52:00.000000,2.609022e+07,1.818805e+07,1.239948e+02,1.410256e+06,8.843444e+01,,,,5
2018-04-26 15:52:01.000000,2.609022e+07,1.818691e+07,1.239942e+02,1.410256e+06,8.843444e+01,,,,5
2018-04-26 15:52:02.000000,2.609022e+07,1.818843e+07,1.239950e+02,1.410256e+06,8.843444e+01,,,,5
2018-04-26 15:52:03.000000,2.609024e+07,1.818669e+07,1.239940e+02,1.410256e+06,8.843444e+01,,,,5
2018-04-26 15:52:04.000000,2.609024e+07,1.818806e+07,1.239947e+02,1.410256e+06,8.843444e+01,,,,5
2018-04-26 15:52:05.000000,2.609024e+07,1.818687e+07,1.239941e+02,1.410256e+06,8.843444e+01,,,,5
2018-04-26 15:52:06.000000,2.609022e+07,1.818742e+07,1.239946e+02,1.410256e+06,8.843444e+01,,,,5
2018-04-26 15:52:07.000000,2.609022e+07,1.818774e+07,1.239947e+02,1.410256e+06,8.843444e+01,,,,5
2018-04-26 15:52:08.000000,2.609022e+07,1.818740e+07,1.239946e+02,1.410256e+06,8.843444e+01,,,,5
2018-04-26 15:52:09.000000,2.609024e+07,1.818801e+07,1.239950e+02,1.410256e+06,8.843444e+01,,,,5
2018-04-26 15:52:10.000000,2.609024e+07,1.818772e+07,1.239948e+02,1.410256e+06,8.843444e+01,,,,5
2018-04-26 15:52:11.000000,2.609022e+07,1.818805e+07,1.239948e+02,1.410256e+06,8.843444e+01,,,,5
2018-04-26 15:52:12.000000,2.609022e+07,1.818689e+07,1.239942e+02,1.410256e+06,8.843444e+01,,,,5
2018-04-26 15:52:13.000000,2.609022e+07,1.818856e+07,1.239951e+02,1.410256e+06,8.843444e+01,,,,5
2018-04-26 15:52:14.000000,2.609024e+07,1.818668e+07,1.239940e+02,1.410256e+06,8.843444e+01,,,,5
2018-04-26 15:52:15.000000,2.609024e+07,1.818818e+07,1.239948e+02,1.410256e+06,8.843444e+01,,,,5
2018-04-26 15:52:16.000000,2.609024e+07,1.818687e+07,1.239941e+02,1.410256e+06,8.843444e+01,,,,5
2018-04-26 15:52:17.000000,2.609022e+07,1.818899e+07,1.239954e+02,1.410256e+06,8.843444e+01,,,,5
2018-04-26 15:52:18.000000,2.609022e+07,1.818786e+07,1.239947e+02,1.410256e+06,8.843444e+01,,,,5
2018-04-26 15:52:19.000000,2.609022e+07,1.818746e+07,1.239946e+02,1.410256e+06,8.843444e+01,,,,5
2018-04-26 15:52:20.000000,2.609024e+07,1.818804e+07,1.239950e+02,1.410256e+06,8.843444e+01,,,,5
2018-04-26 15:52:21.000000,2.609024e+07,1.818774e+07,1.239948e+02,1.410256e+06,8.843444e+01,,,,5
2018-04-26 15:52:22.000000,2.609024e+07,1.818900e+07,1.239955e+02,1.410256e+06,8.843444e+01,,,,5
2018-04-26 15:52:23.000000,2.609022e+07,1.818697e+07,1.239943e+02,1.410256e+06,8.843444e+01,,,,5
2018-04-26 15:52:24.000000,2.609022e+07,1.818803e+07,1.239948e+02,1.410256e+06,8.843444e+01,,,,5
2018-04-26 15:52:25.000000,2.609024e+07,1.818671e+07,1.239941e+02,1.410256e+06,8.843444e+01,,,,5
2018-04-26 15:52:26.000000,2.609024e+07,1.818771e+07,1.239946e+02,1.410256e+06,8.843444e+01,,,,5
2018-04-26 15:52:27.000000,2.609024e+07,1.818650e+07,1.239939e+02,1.410256e+06,8.843444e+01,,,,5
2018-04-26 15:52:28.000000,2.609022e+07,1.818850e+07,1.239952e+02,1.410256e+06,8.843444e+01,,,,5
2018-04-26 15:52:29.000000,2.609022e+07,1.818752e+07,1.239947e+02,1.410256e+06,8.843444e+01,,,,5
2018-04-26 15:52:30.000000,2.609023e+07,1.818917e+07,1.239955e+02,1.410256e+06,8.843444e+01,,,,5
2018-04-26 15:52:31.000000,2.609024e+07,1.818788e+07,1.239949e+02,1.410256e+06,8.843444e+01,,,,5
2018-04-26 15:52:32.000000,2.609024e+07,1.818942e+07,1.239957e+02,1.410256e+06,8.843444e+01,,,,5
2018-04-26 15:52:33.000000,2.609024e+07,1.818812e+07,1.239950e+02,1.410256e+06,8.843444e+01,,,,5
2018-04-26 15:52:34.000000,2.609022e+07,1.818845e+07,1.239950e+02,1.410256e+06,8.843444e+01,,,,5
2018-04-26 15:52:35.000000,2.609022e+07,1.818723e+07,1.239943e+02,1.410256e+06,8.843444e+01,,,,5
2018-04-26 15:52:36.000000,2.609022e+07,1.818680e+07,1.239942e+02,1.410256e+06,8.843444e+01,,,,5
2018-04-26 15:52:37.000000,2.609024e+07,1.818684e+07,1.239941e+02,1.410256e+06,8.843444e+01,,,,5
2018-04-26 15:52:38.000000,2.609024e+07,1.818650e+07,1.239939e+02,1.410256e+06,8.843444e+01,,,,5
2018-04-26 15:52:39.000000,2.609022e+07,1.818762e+07,1.239946e+02,1.410256e+06,8.843444e+01,,,,5
2018-04-26 15:52:40.000000,2.609022e+07,1.818743e+07,1.239946e+02,1.410256e+06,8.843443e+01,,,,5
2018-04-26 15:52:41.000000,2.609022e+07,1.818860e+07,1.239952e+02,1.410256e+06,8.843443e+01,,,,5
2018-04-26 15:52:42.000000,2.609025e+07,1.818781e+07,1.239948e+02,1.410256e+06,8.843443e+01,,,,5
2018-04-26 15:52:43.000000,2.609024e+07,1.818944e+07,1.239957e+02,1.410256e+06,8.843443e+01,,,,5
2018-04-26 15:52:44.000000,2.609024e+07,1.818777e+07,1.239948e+02,1.410256e+06,8.843443e+01,,,,5
2018-04-26 15:52:45.000000,2.609022e+07,1.818854e+07,1.239951e+02,1.410256e+06,8.843443e+01,,,,5
2018-04-26 15:52:46.000000,2.609022e+07,1.818691e+07,1.239942e+02,1.410256e+06,8.843443e+01,,,,5
2018-04-26 15:52:47.000000,2.609023e+07,1.818688e+07,1.239942e+02,1.410256e+06,8.843443e+01,,,,5
2018-04-26 15:52:48.000000,2.609024e+07,1.818685e+07,1.239941e+02,1.410256e+06,8.843443e+01,,,,5
2018-04-26 15:52:49.000000,2.609024e+07,1.818656e+07,1.239940e+02,1.410256e+06,8.843443e+01,,,,5
2018-04-26 15:52:50.000000,2.609024e+07,1.818780e+07,1.239946e+02,1.410256e+06,8.843443e+01,,,,5
2018-04-26 15:52:51.000000,2.609022e+07,1.818748e+07,1.239946e+02,1.410256e+06,8.843443e+01,,,,5
2018-04-26 15:52:52.000000,2.609023e+07,1.818868e+07,1.239953e+02,1.410256e+06,8.843443e+01,,,,5
2018-04-26 15:52:53.000000,2.609024e+07,1.818782e+07,1.239949e+02,1.410256e+06,8.843443e+01,,,,5
2018-04-26 15:52:54.000000,2.609024e+07,1.818892e+07,1.239954e+02,1.410256e+06,8.843443e+01,,,,5
2018-04-26 15:52:55.000000,2.609024e+07,1.818778e+07,1.239948e+02,1.410256e+06,8.843443e+01,,,,5
2018-04-26 15:52:56.000000,2.609022e+07,1.818805e+07,1.239948e+02,1.410256e+06,8.843443e+01,,,,5
2018-04-26 15:52:57.000000,2.609023e+07,1.818691e+07,1.239942e+02,1.410256e+06,8.843443e+01,,,,5
2018-04-26 15:52:58.000000,2.609022e+07,1.818845e+07,1.239950e+02,1.410256e+06,8.843443e+01,,,,5
2018-04-26 15:52:59.000000,2.609024e+07,1.818669e+07,1.239940e+02,1.410256e+06,8.843443e+01,,,,5
2018-04-26 15:53:00.000000,2.609024e+07,1.818807e+07,1.239948e+02,1.410256e+06,8.843443e+01,,,,5
2018-04-26 15:53:01.000000,2.609024e+07,1.818685e+07,1.239941e+02,1.410256e+06,8.843443e+01,,,,5
2018-04-26 15:53:02.000000,2.609022e+07,1.818742e+07,1.239946e+02,1.410256e+06,8.843443e+01,,,,5
2018-04-26 15:53:03.000000,2.609022e+07,1.818774e+07,1.239947e+02,1.410256e+06,8.843443e+01,,,,5
2018-04-26 15:53:04.000000,2.609022e+07,1.818740e+07,1.239946e+02,1.410256e+06,8.843443e+01,,,,5
2018-04-26 15:53:05.000000,2.609024e+07,1.818801e+07,1.239950e+02,1.410256e+06,8.843443e+01,,,,5
2018-04-26 15:53:06.000000,2.609025e+07,1.818773e+07,1.239948e+02,1.410256e+06,8.843443e+01,,,,5
2018-04-26 15:53:07.000000,2.609022e+07,1.818806e+07,1.239948e+02,1.410256e+06,8.843443e+01,,,,5
2018-04-26 15:53:08.000000,2.609023e+07,1.818688e+07,1.239942e+02,1.410256e+06,8.843443e+01,,,,5
2018-04-26 15:53:09.000000,2.609022e+07,1.818856e+07,1.239951e+02,1.410256e+06,8.843443e+01,,,,5
2018-04-26 15:53:10.000000,2.609024e+07,1.818666e+07,1.239940e+02,1.410256e+06,8.843443e+01,,,,5
2018-04-26 15:53:11.000000,2.609025e+07,1.818820e+07,1.239948e+02,1.410256e+06,8.843443e+01,,,,5
2018-04-26 15:53:12.000000,2.609024e+07,1.818688e+07,1.239941e+02,1.410256e+06,8.843443e+01,,,,5
2018-04-26 15:53:13.000000,2.609023e+07,1.818899e+07,1.239954e+02,1.410256e+06,8.843443e+01,,,,5
2018-04-26 15:53:14.000000,2.609022e+07,1.818785e+07,1.239947e+02,1.410256e+06,8.843443e+01,,,,5
2018-04-26 15:53:15.000000,2.609022e+07,1.818745e+07,1.239946e+02,1.410256e+06,8.843443e+01,,,,5
2018-04-26 15:53:16.000000,2.609024e+07,1.818805e+07,1.239950e+02,1.410256e+06,8.843443e+01,,,,5
2018-04-26 15:53:17.000000,2.609024e+07,1.818774e+07,1.239948e+02,1.410256e+06,8.843443e+01,,,,5
2018-04-26 15:53:18.000000,2.609024e+07,1.818901e+07,1.239955e+02,1.410256e+06,8.843443e+01,,,,5
2018-04-26 15:53:19.000000,2.609022e+07,1.818696e+07,1.239943e+02,1.410256e+06,8.843443e+01,,,,5
2018-04-26 15:53:20.000000,2.609022e+07,1.818803e+07,1.239948e+02,1.410256e+06,8.843443e+01,,,,5
2018-04-26 15:53:21.000000,2.609024e+07,1.818665e+07,1.239940e+02,1.410256e+06,8.843443e+01,,,,5
2018-04-26 15:53:22.000000,2.609024e+07,1.818763e+07,1.239945e+02,1.410256e+06,8.843443e+01,,,,5
2018-04-26 15:53:23.000000,2.609024e+07,1.818655e+07,1.239939e+02,1.410256e+06,8.843443e+01,,,,5
2018-04-26 15:53:24.000000,2.609022e+07,1.818844e+07,1.239951e+02,1.410256e+06,8.843443e+01,,,,5
2018-04-26 15:53:25.000000,2.609023e+07,1.818750e+07,1.239946e+02,1.410256e+06,8.843443e+01,,,,5
2018-04-26 15:53:26.000000,2.609022e+07,1.818747e+07,1.239946e+02,1.410256e+06,8.843443e+01,,,,5
2018-04-26 15:53:27.000000,2.609024e+07,1.818771e+07,1.239948e+02,1.410256e+06,8.843443e+01,,,,5
2018-04-26 15:53:28.000000,2.609024e+07,1.818779e+07,1.239949e+02,1.410256e+06,8.843443e+01,,,,5
2018-04-26 15:53:29.000000,2.609024e+07,1.818806e+07,1.239950e+02,1.410256e+06,8.843443e+01,,,,5
2018-04-26 15:53:30.000000,2.609023e+07,1.818698e+07,1.239943e+02,1.410256e+06,8.843443e+01,,,,5
2018-04-26 15:53:31.000000,2.609022e+07,1.818805e+07,1.239948e+02,1.410256e+06,8.843443e+01,,,,5
2018-04-26 15:53:32.000000,2.609023e+07,1.818678e+07,1.239941e+02,1.410256e+06,8.843443e+01,,,,5
2018-04-26 15:53:33.000000,2.609024e+07,1.818772e+07,1.239946e+02,1.410256e+06,8.843443e+01,,,,5
2018-04-26 15:53:34.000000,2.609024e+07,1.818650e+07,1.239939e+02,1.410256e+06,8.843443e+01,,,,5
2018-04-26 15:53:35.000000,2.609023e+07,1.818850e+07,1.239952e+02,1.410256e+06,8.843443e+01,,,,5
2018-04-26 15:53:36.000000,2.609022e+07,1.818752e+07,1.239947e+02,1.410256e+06,8.843443e+01,,,,5
2018-04-26 15:53:37.000000,2.609023e+07,1.818915e+07,1.239955e+02,1.410256e+06,8.843443e+01,,,,5
2018-04-26 15:53:38.000000,2.609024e+07,1.818788e+07,1.239949e+02,1.410256e+06,8.843443e+01,,,,5
2018-04-26 15:53:39.000000,2.609024e+07,1.818942e+07,1.239957e+02,1.410256e+06,8.843443e+01,,,,5
2018-04-26 15:53:40.000000,2.609024e+07,1.818813e+07,1.239950e+02,1.410256e+06,8.843443e+01,,,,5
2018-04-26 15:53:41.000000,2.609022e+07,1.818845e+07,1.239950e+02,1.410256e+06,8.843443e+01,,,,5
2018-04-26 15:53:42.000000,2.609022e+07,1.818723e+07,1.239943e+02,1.410256e+06,8.843443e+01,,,,5
2018-04-26 15:53:43.000000,2.609022e+07,1.818680e+07,1.239942e+02,1.410256e+06,8.843443e+01,,,,5
2018-04-26 15:53:44.000000,2.609024e+07,1.818684e+07,1.239941e+02,1.410256e+06,8.843443e+01,,,,5
2018-04-26 15:53:45.000000,2.609024e+07,1.818650e+07,1.239939e+02,1.410256e+06,8.843443e+01,,,,5
2018-04-26 15:53:46.000000,2.609022e+07,1.818762e+07,1.239946e+02,1.410256e+06,8.843443e+01,,,,5
2018-04-26 15:53:47.000000,2.609022e+07,1.818743e+07,1.239946e+02,1.410256e+06,8.843443e+01,,,,5
2018-04-26 15:53:48.000000,2.609022e+07,1.818860e+07,1.239952e+02,1.410256e+06,8.843443e+01,,,,5
2018-04-26 15:53:49.000000,2.609024e+07,1.818781e+07,1.239948e+02,1.410256e+06,8.843443e+01,,,,5
2018-04-26 15:53:50.000000,2.609024e+07,1.818942e+07,1.239957e+02,1.410256e+06,8.843443e+01,,,,5
2018-04-26 15:53:51.000000,2.609024e+07,1.818777e+07,1.239948e+02,1.410256e+06,8.843443e+01,,,,5
2018-04-26 15:53:52.000000,2.609022e+07,1.818854e+07,1.239951e+02,1.410256e+06,8.843443e+01,,,,5
2018-04-26 15:53:53.000000,2.609022e+07,1.818691e+07,1.239942e+02,1.410256e+06,8.843443e+01,,,,5
2018-04-26 15:53:54.000000,2.609023e+07,1.818688e+07,1.239942e+02,1.410256e+06,8.843443e+01,,,,5
2018-04-26 15:53:55.000000,2.609024e+07,1.818685e+07,1.239941e+02,1.410256e+06,8.843443e+01,,,,5
2018-04-26 15:53:56.000000,2.609024e+07,1.818656e+07,1.239940e+02,1.410256e+06,8.843443e+01,,,,5
2018-04-26 15:53:57.000000,2.609024e+07,1.818779e+07,1.239946e+02,1.410256e+06,8.843442e+01,,,,5
2018-04-26 15:53:58.000000,2.609022e+07,1.818748e+07,1.239946e+02,1.410256e+06,8.843442e+01,,,,5
2018-04-26 15:53:59.000000,2.609023e+07,1.818868e+07,1.239953e+02,1.410256e+06,8.843442e+01,,,,5
2018-04-26 15:54:00.000000,2.609024e+07,1.818783e+07,1.239949e+02,1.410256e+06,8.843442e+01,,,,5
2018-04-26 15:54:01.000000,2.609024e+07,1.818891e+07,1.239954e+02,1.410256e+06,8.843442e+01,,,,5
2018-04-26 15:54:02.000000,2.609024e+07,1.818778e+07,1.239948e+02,1.410256e+06,8.843442e+01,,,,5
2018-04-26 15:54:03.000000,2.609022e+07,1.818805e+07,1.239948e+02,1.410256e+06,8.843442e+01,,,,5
2018-04-26 15:54:04.000000,2.609022e+07,1.818692e+07,1.239942e+02,1.410256e+06,8.843442e+01,,,,5
2018-04-26 15:54:05.000000,2.609022e+07,1.818845e+07,1.239950e+02,1.410256e+06,8.843442e+01,,,,5
2018-04-26 15:54:06.000000,2.609024e+07,1.818669e+07,1.239940e+02,1.410256e+06,8.843442e+01,,,,5
2018-04-26 15:54:07.000000,2.609024e+07,1.818806e+07,1.239947e+02,1.410256e+06,8.843442e+01,,,,5
2018-04-26 15:54:08.000000,2.609024e+07,1.818685e+07,1.239941e+02,1.410256e+06,8.843442e+01,,,,5
2018-04-26 15:54:09.000000,2.609022e+07,1.818742e+07,1.239946e+02,1.410256e+06,8.843442e+01,,,,5
2018-04-26 15:54:10.000000,2.609022e+07,1.818774e+07,1.239947e+02,1.410256e+06,8.843442e+01,,,,5
2018-04-26 15:54:11.000000,2.609022e+07,1.818740e+07,1.239946e+02,1.410256e+06,8.843442e+01,,,,5
2018-04-26 15:54:12.000000,2.609024e+07,1.818801e+07,1.239950e+02,1.410256e+06,8.843442e+01,,,,5
2018-04-26 15:54:13.000000,2.609024e+07,1.818773e+07,1.239948e+02,1.410256e+06,8.843442e+01,,,,5
2018-04-26 15:54:14.000000,2.609022e+07,1.818806e+07,1.239948e+02,1.410256e+06,8.843442e+01,,,,5
2018-04-26 15:54:15.000000,2.609023e+07,1.818688e+07,1.239942e+02,1.410256e+06,8.843442e+01,,,,5
2018-04-26 15:54:16.000000,2.609022e+07,1.818856e+07,1.239951e+02,1.410256e+06,8.843442e+01,,,,5
2018-04-26 15:54:17.000000,2.609024e+07,1.818668e+07,1.239940e+02,1.410256e+06,8.843442e+01,,,,5
2018-04-26 15:54:18.000000,2.609024e+07,1.818819e+07,1.239948e+02,1.410256e+06,8.843442e+01,,,,5
2018-04-26 15:54:19.000000,2.609024e+07,1.818688e+07,1.239941e+02,1.410256e+06,8.843442e+01,,,,5
2018-04-26 15:54:20.000000,2.609023e+07,1.818899e+07,1.239954e+02,1.410256e+06,8.843442e+01,,,,5
2018-04-26 15:54:21.000000,2.609022e+07,1.818786e+07,1.239947e+02,1.410256e+06,8.843442e+01,,,,5
2018-04-26 15:54:22.000000,2.609022e+07,1.818745e+07,1.239946e+02,1.410256e+06,8.843442e+01,,,,5
2018-04-26 15:54:23.000000,2.609024e+07,1.818805e+07,1.239950e+02,1.410256e+06,8.843442e+01,,,,5
2018-04-26 15:54:24.000000,2.609024e+07,1.818774e+07,1.239948e+02,1.410256e+06,8.843442e+01,,,,5
2018-04-26 15:54:25.000000,2.609024e+07,1.818901e+07,1.239955e+02,1.410256e+06,8.843442e+01,,,,5
2018-04-26 15:54:26.000000,2.609022e+07,1.818696e+07,1.239943e+02,1.410256e+06,8.843442e+01,,,,5
2018-04-26 15:54:27.000000,2.609022e+07,1.818803e+07,1.239948e+02,1.410256e+06,8.843442e+01,,,,5
2018-04-26 15:54:28.000000,2.609024e+07,1.818667e+07,1.239940e+02,1.410256e+06,8.843442e+01,,,,5
2018-04-26 15:54:29.000000,2.609024e+07,1.818763e+07,1.239945e+02,1.410256e+06,8.843442e+01,,,,5
2018-04-26 15:54:30.000000,2.609024e+07,1.818655e+07,1.239939e+02,1.410256e+06,8.843442e+01,,,,5
2018-04-26 15:54:31.000000,2.609022e+07,1.818842e+07,1.239951e+02,1.410256e+06,8.843442e+01,,,,5
2018-04-26 15:54:32.000000,2.609023e+07,1.818750e+07,1.239946e+02,1.410256e+06,8.843442e+01,,,,5
2018-04-26 15:54:33.000000,2.609022e+07,1.818747e+07,1.239946e+02,1.410256e+06,8.843442e+01,,,,5
2018-04-26 15:54:34.000000,2.609024e+07,1.818771e+07,1.239948e+02,1.410256e+06,8.843442e+01,,,,5
2018-04-26 15:54:35.000000,2.609024e+07,1.818779e+07,1.239949e+02,1.410256e+06,8.843442e+01,,,,5
2018-04-26 15:54:36.000000,2.609024e+07,1.818806e+07,1.239950e+02,1.410256e+06,8.843442e+01,,,,5
2018-04-26 15:54:37.000000,2.609023e+07,1.818697e+07,1.239943e+02,1.410256e+06,8.843442e+01,,,,5
2018-04-26 15:54:38.000000,2.609022e+07,1.818804e+07,1.239948e+02,1.410256e+06,8.843442e+01,,,,5
2018-04-26 15:54:39.000000,2.609022e+07,1.818678e+07,1.239941e+02,1.410256e+06,8.843442e+01,,,,5
2018-04-26 15:54:40.000000,2.609024e+07,1.818772e+07,1.239946e+02,1.410256e+06,8.843442e+01,,,,5
2018-04-26 15:54:41.000000,2.609024e+07,1.818652e+07,1.239939e+02,1.410256e+06,8.843442e+01,,,,5
2018-04-26 15:54:42.000000,2.609023e+07,1.818850e+07,1.239952e+02,1.410256e+06,8.843442e+01,,,,5
2018-04-26 15:54:43.000000,2.609022e+07,1.818752e+07,1.239947e+02,1.410256e+06,8.843442e+01,,,,5
2018-04-26 15:54:44.000000,2.609023e+07,1.818915e+07,1.239955e+02,1.410256e+06,8.843442e+01,,,,5
2018-04-26 15:54:45.000000,2.609024e+07,1.818789e+07,1.239949e+02,1.410256e+06,8.843442e+01,,,,5
2018-04-26 15:54:46.000000,2.609024e+07,1.818942e+07,1.239957e+02,1.410256e+06,8.843442e+01,,,,5
2018-04-26 15:54:47.000000,2.609024e+07,1.818813e+07,1.239950e+02,1.410256e+06,8.843442e+01,,,,5
2018-04-26 15:54:48.000000,2.609022e+07,1.818844e+07,1.239950e+02,1.410256e+06,8.843442e+01,,,,5
2018-04-26 15:54:49.000000,2.609022e+07,1.818723e+07,1.239943e+02,1.410256e+06,8.843442e+01,,,,5
2018-04-26 15:54:50.000000,2.609022e+07,1.818680e+07,1.239942e+02,1.410256e+06,8.843442e+01,,,,5
2018-04-26 15:54:51.000000,2.609024e+07,1.818684e+07,1.239941e+02,1.410256e+06,8.843442e+01,,,,5
2018-04-26 15:54:52.000000,2.609024e+07,1.818650e+07,1.239939e+02,1.410256e+06,8.843442e+01,,,,5
2018-04-26 15:54:53.000000,2.609024e+07,1.818772e+07,1.239946e+02,1.410256e+06,8.843442e+01,,,,5
2018-04-26 15:54:54.000000,2.609022e+07,1.818742e+07,1.239946e+02,1.410256e+06,8.843442e+01,,,,5
2018-04-26 15:54:55.000000,2.609022e+07,1.818859e+07,1.239952e+02,1.410256e+06,8.843442e+01,,,,5
2018-04-26 15:54:56.000000,2.609024e+07,1.818781e+07,1.239948e+02,1.410256e+06,8.843442e+01,,,,5
2018-04-26 15:54:57.000000,2.609024e+07,1.818942e+07,1.239957e+02,1.410256e+06,8.843442e+01,,,,5
2018-04-26 15:54:58.000000,2.609024e+07,1.818779e+07,1.239948e+02,1.410256e+06,8.843442e+01,,,,5
2018-04-26 15:54:59.000000,2.609022e+07,1.818854e+07,1.239951e+02,1.410256e+06,8.843442e+01,,,,5
2018-04-26 15:55:00.000000,2.609022e+07,1.818691e+07,1.239942e+02,1.410256e+06,8.843442e+01,,,,5
2018-04-26 15:55:01.000000,2.609023e+07,1.818687e+07,1.239942e+02,1.410256e+06,8.843442e+01,,,,5
2018-04-26 15:55:02.000000,2.609024e+07,1.818684e+07,1.239941e+02,1.410256e+06,8.843442e+01,,,,5
2018-04-26 15:55:03.000000,2.609024e+07,1.818656e+07,1.239940e+02,1.410256e+06,8.843442e+01,,,,5
2018-04-26 15:55:04.000000,2.609024e+07,1.818779e+07,1.239946e+02,1.410256e+06,8.843442e+01,,,,5
2018-04-26 15:55:05.000000,2.609022e+07,1.818748e+07,1.239946e+02,1.410256e+06,8.843442e+01,,,,5
2018-04-26 15:55:06.000000,2.609023e+07,1.818868e+07,1.239953e+02,1.410256e+06,8.843442e+01,,,,5
2018-04-26 15:55:07.000000,2.609022e+07,1.818742e+07,1.239946e+02,1.410256e+06,8.843442e+01,,,,5
2018-04-26 15:55:08.000000,2.609024e+07,1.818889e+07,1.239954e+02,1.410256e+06,8.843442e+01,,,,5
2018-04-26 15:55:09.000000,2.609024e+07,1.818778e+07,1.239948e+02,1.410256e+06,8.843442e+01,,,,5
2018-04-26 15:55:10.000000,2.609022e+07,1.818805e+07,1.239948e+02,1.410256e+06,8.843442e+01,,,,5
2018-04-26 15:55:11.000000,2.609022e+07,1.818692e+07,1.239942e+02,1.410256e+06,8.843442e+01,,,,5
2018-04-26 15:55:12.000000,2.609022e+07,1.818843e+07,1.239950e+02,1.410256e+06,8.843442e+01,,,,5
2018-04-26 15:55:13.000000,2.609024e+07,1.818669e+07,1.239940e+02,1.410256e+06,8.843442e+01,,,,5
2018-04-26 15:55:14.000000,2.609024e+07,1.818806e+07,1.239947e+02,1.410256e+06,8.843442e+01,,,,5
2018-04-26 15:55:15.000000,2.609024e+07,1.818687e+07,1.239941e+02,1.410256e+06,8.843441e+01,,,,5
2018-04-26 15:55:16.000000,2.609022e+07,1.818742e+07,1.239946e+02,1.410256e+06,8.843441e+01,,,,5
2018-04-26 15:55:17.000000,2.609022e+07,1.818774e+07,1.239947e+02,1.410256e+06,8.843441e+01,,,,5
2018-04-26 15:55:18.000000,2.609022e+07,1.818740e+07,1.239946e+02,1.410256e+06,8.843441e+01,,,,5
2018-04-26 15:55:19.000000,2.609024e+07,1.818801e+07,1.239950e+02,1.410256e+06,8.843441e+01,,,,5
2018-04-26 15:55:20.000000,2.609024e+07,1.818772e+07,1.239948e+02,1.410256e+06,8.843441e+01,,,,5
2018-04-26 15:55:21.000000,2.609022e+07,1.818805e+07,1.239948e+02,1.410256e+06,8.843441e+01,,,,5
2018-04-26 15:55:22.000000,2.609022e+07,1.818689e+07,1.239942e+02,1.410256e+06,8.843441e+01,,,,5
2018-04-26 15:55:23.000000,2.609022e+07,1.818856e+07,1.239951e+02,1.410256e+06,8.843441e+01,,,,5
2018-04-26 15:55:24.000000,2.609024e+07,1.818668e+07,1.239940e+02,1.410256e+06,8.843441e+01,,,,5
2018-04-26 15:55:25.000000,2.609024e+07,1.818818e+07,1.239948e+02,1.410256e+06,8.843441e+01,,,,5
2018-04-26 15:55:26.000000,2.609024e+07,1.818687e+07,1.239941e+02,1.410256e+06,8.843441e+01,,,,5
2018-04-26 15:55:27.000000,2.609022e+07,1.818899e+07,1.239954e+02,1.410256e+06,8.843441e+01,,,,5
2018-04-26 15:55:28.000000,2.609022e+07,1.818786e+07,1.239947e+02,1.410256e+06,8.843441e+01,,,,5
2018-04-26 15:55:29.000000,2.609022e+07,1.818746e+07,1.239946e+02,1.410256e+06,8.843441e+01,,,,5
2018-04-26 15:55:30.000000,2.609024e+07,1.818804e+07,1.239950e+02,1.410256e+06,8.843441e+01,,,,5
2018-04-26 15:55:31.000000,2.609024e+07,1.818774e+07,1.239948e+02,1.410256e+06,8.843441e+01,,,,5
2018-04-26 15:55:32.000000,2.609024e+07,1.818900e+07,1.239955e+02,1.410256e+06,8.843441e+01,,,,5
2018-04-26 15:55:33.000000,2.609022e+07,1.818697e+07,1.239943e+02,1.410256e+06,8.843441e+01,,,,5
2018-04-26 15:55:34.000000,2.609022e+07,1.818803e+07,1.239948e+02,1.410256e+06,8.843441e+01,,,,5
2018-04-26 15:55:35.000000,2.609024e+07,1.818667e+07,1.239940e+02,1.410256e+06,8.843441e+01,,,,5
2018-04-26 15:55:36.000000,2.609024e+07,1.818762e+07,1.239945e+02,1.410256e+06,8.843441e+01,,,,5
2018-04-26 15:55:37.000000,2.609024e+07,1.818655e+07,1.239939e+02,1.410256e+06,8.843441e+01,,,,5
2018-04-26 15:55:38.000000,2.609022e+07,1.818842e+07,1.239951e+02,1.410256e+06,8.843441e+01,,,,5
2018-04-26 15:55:39.000000,2.609023e+07,1.818751e+07,1.239946e+02,1.410256e+06,8.843441e+01,,,,5
2018-04-26 15:55:40.000000,2.609022e+07,1.818747e+07,1.239946e+02,1.410256e+06,8.843441e+01,,,,5
2018-04-26 15:55:41.000000,2.609024e+07,1.818771e+07,1.239948e+02,1.410256e+06,8.843441e+01,,,,5
2018-04-26 15:55:42.000000,2.609024e+07,1.818779e+07,1.239949e+02,1.410256e+06,8.843441e+01,,,,5
2018-04-26 15:55:43.000000,2.609024e+07,1.818806e+07,1.239950e+02,1.410256e+06,8.843441e+01,,,,5
2018-04-26 15:55:44.000000,2.609023e+07,1.818697e+07,1.239943e+02,1.410256e+06,8.843441e+01,,,,5
2018-04-26 15:55:45.000000,2.609022e+07,1.818803e+07,1.239948e+02,1.410256e+06,8.843441e+01,,,,5
2018-04-26 15:55:46.000000,2.609022e+07,1.818679e+07,1.239941e+02,1.410256e+06,8.843441e+01,,,,5
2018-04-26 15:55:47.000000,2.609024e+07,1.818772e+07,1.239946e+02,1.410256e+06,8.843441e+01,,,,5
2018-04-26 15:55:48.000000,2.609024e+07,1.818652e+07,1.239939e+02,1.410256e+06,8.843441e+01,,,,5
2018-04-26 15:55:49.000000,2.609023e+07,1.818847e+07,1.239951e+02,1.410256e+06,8.843441e+01,,,,5
2018-04-26 15:55:50.000000,2.609022e+07,1.818752e+07,1.239947e+02,1.410256e+06,8.843441e+01,,,,5
2018-04-26 15:55:51.000000,2.609022e+07,1.818915e+07,1.239955e+02,1.410256e+06,8.843441e+01,,,,5
2018-04-26 15:55:52.000000,2.609024e+07,1.818789e+07,1.239949e+02,1.410256e+06,8.843441e+01,,,,5
2018-04-26 15:55:53.000000,2.609024e+07,1.818939e+07,1.239957e+02,1.410256e+06,8.843441e+01,,,,5
2018-04-26 15:55:54.000000,2.609024e+07,1.818812e+07,1.239950e+02,1.410256e+06,8.843441e+01,,,,5
2018-04-26 15:55:55.000000,2.609022e+07,1.818844e+07,1.239950e+02,1.410256e+06,8.843441e+01,,,,5
2018-04-26 15:55:56.000000,2.609022e+07,1.818724e+07,1.239943e+02,1.410256e+06,8.843441e+01,,,,5
2018-04-26 15:55:57.000000,2.609022e+07,1.818680e+07,1.239942e+02,1.410256e+06,8.843441e+01,,,,5
2018-04-26 15:55:58.000000,2.609024e+07,1.818684e+07,1.239941e+02,1.410256e+06,8.843441e+01,,,,5
2018-04-26 15:55:59.000000,2.609024e+07,1.818651e+07,1.239939e+02,1.410256e+06,8.843441e+01,,,,5
2018-04-26 15:56:00.000000,2.609024e+07,1.818772e+07,1.239946e+02,1.410256e+06,8.843441e+01,,,,5
2018-04-26 15:56:01.000000,2.609022e+07,1.818742e+07,1.239946e+02,1.410256e+06,8.843441e+01,,,,5
2018-04-26 15:56:02.000000,2.609022e+07,1.818859e+07,1.239952e+02,1.410256e+06,8.843441e+01,,,,5
2018-04-26 15:56:03.000000,2.609024e+07,1.818781e+07,1.239948e+02,1.410256e+06,8.843441e+01,,,,5
2018-04-26 15:56:04.000000,2.609024e+07,1.818941e+07,1.239957e+02,1.410256e+06,8.843441e+01,,,,5
2018-04-26 15:56:05.000000,2.609024e+07,1.818779e+07,1.239948e+02,1.410256e+06,8.843441e+01,,,,5
2018-04-26 15:56:06.000000,2.609022e+07,1.818853e+07,1.239951e+02,1.410256e+06,8.843441e+01,,,,5
2018-04-26 15:56:07.000000,2.609022e+07,1.818691e+07,1.239942e+02,1.410256e+06,8.843441e+01,,,,5
2018-04-26 15:56:08.000000,2.609023e+07,1.818687e+07,1.239942e+02,1.410256e+06,8.843441e+01,,,,5
2018-04-26 15:56:09.000000,2.609024e+07,1.818684e+07,1.239941e+02,1.410256e+06,8.843441e+01,,,,5
2018-04-26 15:56:10.000000,2.609024e+07,1.818656e+07,1.239940e+02,1.410256e+06,8.843441e+01,,,,5
2018-04-26 15:56:11.000000,2.609024e+07,1.818779e+07,1.239946e+02,1.410256e+06,8.843441e+01,,,,5
2018-04-26 15:56:12.000000,2.609022e+07,1.818748e+07,1.239946e+02,1.410256e+06,8.843441e+01,,,,5
2018-04-26 15:56:13.000000,2.609023e+07,1.818865e+07,1.239953e+02,1.410256e+06,8.843441e+01,,,,5
2018-04-26 15:56:14.000000,2.609022e+07,1.818742e+07,1.239946e+02,1.410256e+06,8.843441e+01,,,,5
2018-04-26 15:56:15.000000,2.609024e+07,1.818889e+07,1.239954e+02,1.410256e+06,8.843441e+01,,,,5
2018-04-26 15:56:16.000000,2.609024e+07,1.818779e+07,1.239948e+02,1.410256e+06,8.843441e+01,,,,5
2018-04-26 15:56:17.000000,2.609022e+07,1.818805e+07,1.239948e+02,1.410256e+06,8.843441e+01,,,,5
2018-04-26 15:56:18.000000,2.609022e+07,1.818691e+07,1.239942e+02,1.410256e+06,8.843441e+01,,,,5
2018-04-26 15:56:19.000000,2.609022e+07,1.818843e+07,1.239950e+02,1.410256e+06,8.843441e+01,,,,5
2018-04-26 15:56:20.000000,2.609024e+07,1.818671e+07,1.239940e+02,1.410256e+06,8.843441e+01,,,,5
2018-04-26 15:56:21.000000,2.609024e+07,1.818806e+07,1.239947e+02,1.410256e+06,8.843441e+01,,,,5
2018-04-26 15:56:22.000000,2.609024e+07,1.818687e+07,1.239941e+02,1.410256e+06,8.843441e+01,,,,5
2018-04-26 15:56:23.000000,2.609022e+07,1.818741e+07,1.239946e+02,1.410256e+06,8.843441e+01,,,,5
2018-04-26 15:56:24.000000,2.609022e+07,1.818774e+07,1.239947e+02,1.410256e+06,8.843441e+01,,,,5
2018-04-26 15:56:25.000000,2.609022e+07,1.818740e+07,1.239946e+02,1.410256e+06,8.843441e+01,,,,5
2018-04-26 15:56:26.000000,2.609024e+07,1.818801e+07,1.239950e+02,1.410256e+06,8.843441e+01,,,,5
2018-04-26 15:56:27.000000,2.609024e+07,1.818773e+07,1.239948e+02,1.410256e+06,8.843441e+01,,,,5
2018-04-26 15:56:28.000000,2.609024e+07,1.818955e+07,1.239958e+02,1.410256e+06,8.843441e+01,,,,5
2018-04-26 15:56:29.000000,2.609022e+07,1.818699e+07,1.239942e+02,1.410256e+06,8.843441e+01,,,,5
2018-04-26 15:56:30.000000,2.609022e+07,1.818854e+07,1.239951e+02,1.410256e+06,8.843441e+01,,,,5
2018-04-26 15:56:31.000000,2.609024e+07,1.818668e+07,1.239940e+02,1.410256e+06,8.843441e+01,,,,5
2018-04-26 15:56:32.000000,2.609024e+07,1.818818e+07,1.239948e+02,1.410256e+06,8.843441e+01,,,,5
2018-04-26 15:56:33.000000,2.609024e+07,1.818689e+07,1.239941e+02,1.410256e+06,8.843441e+01,,,,5
2018-04-26 15:56:34.000000,2.609022e+07,1.818899e+07,1.239954e+02,1.410256e+06,8.843440e+01,,,,5
2018-04-26 15:56:35.000000,2.609022e+07,1.818786e+07,1.239947e+02,1.410256e+06,8.843440e+01,,,,5
2018-04-26 15:56:36.000000,2.609022e+07,1.818746e+07,1.239946e+02,1.410256e+06,8.843440e+01,,,,5
2018-04-26 15:56:37.000000,2.609024e+07,1.818803e+07,1.239950e+02,1.410256e+06,8.843440e+01,,,,5
2018-04-26 15:56:38.000000,2.609024e+07,1.818774e+07,1.239948e+02,1.410256e+06,8.843440e+01,,,,5
2018-04-26 15:56:39.000000,2.609024e+07,1.818900e+07,1.239955e+02,1.410256e+06,8.843440e+01,,,,5
2018-04-26 15:56:40.000000,2.609022e+07,1.818698e+07,1.239943e+02,1.410256e+06,8.843440e+01,,,,5
2018-04-26 15:56:41.000000,2.609022e+07,1.818803e+07,1.239948e+02,1.410256e+06,8.843440e+01,,,,5
2018-04-26 15:56:42.000000,2.609022e+07,1.818682e+07,1.239942e+02,1.410256e+06,8.843440e+01,,,,5
2018-04-26 15:56:43.000000,2.609024e+07,1.818765e+07,1.239946e+02,1.410256e+06,8.843440e+01,,,,5
2018-04-26 15:56:44.000000,2.609024e+07,1.818656e+07,1.239939e+02,1.410256e+06,8.843440e+01,,,,5
2018-04-26 15:56:45.000000,2.609022e+07,1.818842e+07,1.239951e+02,1.410256e+06,8.843440e+01,,,,5
2018-04-26 15:56:46.000000,2.609022e+07,1.818751e+07,1.239946e+02,1.410256e+06,8.843440e+01,,,,5
2018-04-26 15:56:47.000000,2.609022e+07,1.818914e+07,1.239955e+02,1.410256e+06,8.843440e+01,,,,5
2018-04-26 15:56:48.000000,2.609024e+07,1.818788e+07,1.239949e+02,1.410256e+06,8.843440e+01,,,,5
2018-04-26 15:56:49.000000,2.609024e+07,1.818942e+07,1.239957e+02,1.410256e+06,8.843440e+01,,,,5
2018-04-26 15:56:50.000000,2.609024e+07,1.818813e+07,1.239950e+02,1.410256e+06,8.843440e+01,,,,5
2018-04-26 15:56:51.000000,2.609022e+07,1.818845e+07,1.239950e+02,1.410256e+06,8.843440e+01,,,,5
2018-04-26 15:56:52.000000,2.609022e+07,1.818723e+07,1.239943e+02,1.410256e+06,8.843440e+01,,,,5
2018-04-26 15:56:53.000000,2.609022e+07,1.818680e+07,1.239942e+02,1.410256e+06,8.843440e+01,,,,5
2018-04-26 15:56:54.000000,2.609024e+07,1.818684e+07,1.239941e+02,1.410256e+06,8.843440e+01,,,,5
2018-04-26 15:56:55.000000,2.609024e+07,1.818650e+07,1.239939e+02,1.410256e+06,8.843440e+01,,,,5
2018-04-26 15:56:56.000000,2.609022e+07,1.818762e+07,1.239946e+02,1.410256e+06,8.843440e+01,,,,5
2018-04-26 15:56:57.000000,2.609022e+07,1.818743e+07,1.239946e+02,1.410256e+06,8.843440e+01,,,,5
2018-04-26 15:56:58.000000,2.609022e+07,1.818860e+07,1.239952e+02,1.410256e+06,8.843440e+01,,,,5
2018-04-26 15:56:59.000000,2.609024e+07,1.818781e+07,1.239948e+02,1.410256e+06,8.843440e+01,,,,5
2018-04-26 15:57:00.000000,2.609024e+07,1.818943e+07,1.239957e+02,1.410256e+06,8.843440e+01,,,,5
2018-04-26 15:57:01.000000,2.609024e+07,1.818779e+07,1.239948e+02,1.410256e+06,8.843440e+01,,,,5
2018-04-26 15:57:02.000000,2.609022e+07,1.818854e+07,1.239951e+02,1.410256e+06,8.843440e+01,,,,5
2018-04-26 15:57:03.000000,2.609022e+07,1.818691e+07,1.239942e+02,1.410256e+06,8.843440e+01,,,,5
2018-04-26 15:57:04.000000,2.609023e+07,1.818688e+07,1.239942e+02,1.410256e+06,8.843440e+01,,,,5
2018-04-26 15:57:05.000000,2.609024e+07,1.818685e+07,1.239941e+02,1.410256e+06,8.843440e+01,,,,5
2018-04-26 15:57:06.000000,2.609024e+07,1.818656e+07,1.239940e+02,1.410256e+06,8.843440e+01,,,,5
2018-04-26 15:57:07.000000,2.609024e+07,1.818779e+07,1.239946e+02,1.410256e+06,8.843440e+01,,,,5
2018-04-26 15:57:08.000000,2.609022e+07,1.818748e+07,1.239946e+02,1.410256e+06,8.843440e+01,,,,5
2018-04-26 15:57:09.000000,2.609023e+07,1.818868e+07,1.239953e+02,1.410256e+06,8.843440e+01,,,,5
2018-04-26 15:57:10.000000,2.609024e+07,1.818783e+07,1.239949e+02,1.410256e+06,8.843440e+01,,,,5
2018-04-26 15:57:11.000000,2.609024e+07,1.818890e+07,1.239954e+02,1.410256e+06,8.843440e+01,,,,5
2018-04-26 15:57:12.000000,2.609024e+07,1.818778e+07,1.239948e+02,1.410256e+06,8.843440e+01,,,,5
2018-04-26 15:57:13.000000,2.609022e+07,1.818805e+07,1.239948e+02,1.410256e+06,8.843440e+01,,,,5
2018-04-26 15:57:14.000000,2.609022e+07,1.818692e+07,1.239942e+02,1.410256e+06,8.843440e+01,,,,5
2018-04-26 15:57:15.000000,2.609022e+07,1.818845e+07,1.239950e+02,1.410256e+06,8.843440e+01,,,,5
2018-04-26 15:57:16.000000,2.609024e+07,1.818669e+07,1.239940e+02,1.410256e+06,8.843440e+01,,,,5
2018-04-26 15:57:17.000000,2.609024e+07,1.818806e+07,1.239947e+02,1.410256e+06,8.843440e+01,,,,5
2018-04-26 15:57:18.000000,2.609024e+07,1.818687e+07,1.239941e+02,1.410256e+06,8.843440e+01,,,,5
2018-04-26 15:57:19.000000,2.609022e+07,1.818742e+07,1.239946e+02,1.410256e+06,8.843440e+01,,,,5
2018-04-26 15:57:20.000000,2.609022e+07,1.818774e+07,1.239947e+02,1.410256e+06,8.843440e+01,,,,5
2018-04-26 15:57:21.000000,2.609022e+07,1.818740e+07,1.239946e+02,1.410256e+06,8.843440e+01,,,,5
2018-04-26 15:57:22.000000,2.609024e+07,1.818801e+07,1.239950e+02,1.410256e+06,8.843440e+01,,,,5
2018-04-26 15:57:23.000000,2.609025e+07,1.818773e+07,1.239948e+02,1.410256e+06,8.843440e+01,,,,5
2018-04-26 15:57:24.000000,2.609022e+07,1.818806e+07,1.239948e+02,1.410256e+06,8.843440e+01,,,,5
2018-04-26 15:57:25.000000,2.609023e+07,1.818688e+07,1.239942e+02,1.410256e+06,8.843440e+01,,,,5
2018-04-26 15:57:26.000000,2.609022e+07,1.818856e+07,1.239951e+02,1.410256e+06,8.843440e+01,,,,5
2018-04-26 15:57:27.000000,2.609024e+07,1.818668e+07,1.239940e+02,1.410256e+06,8.843440e+01,,,,5
2018-04-26 15:57:28.000000,2.609025e+07,1.818818e+07,1.239948e+02,1.410256e+06,8.843440e+01,,,,5
2018-04-26 15:57:29.000000,2.609024e+07,1.818688e+07,1.239941e+02,1.410256e+06,8.843440e+01,,,,5
2018-04-26 15:57:30.000000,2.609023e+07,1.818899e+07,1.239954e+02,1.410256e+06,8.843440e+01,,,,5
2018-04-26 15:57:31.000000,2.609022e+07,1.818786e+07,1.239947e+02,1.410256e+06,8.843440e+01,,,,5
2018-04-26 15:57:32.000000,2.609022e+07,1.818745e+07,1.239946e+02,1.410256e+06,8.843440e+01,,,,5
2018-04-26 15:57:33.000000,2.609024e+07,1.818805e+07,1.239950e+02,1.410256e+06,8.843440e+01,,,,5
2018-04-26 15:57:34.000000,2.609024e+07,1.818774e+07,1.239948e+02,1.410256e+06,8.843440e+01,,,,5
2018-04-26 15:57:35.000000,2.609024e+07,1.818900e+07,1.239955e+02,1.410256e+06,8.843440e+01,,,,5
2018-04-26 15:57:36.000000,2.609022e+07,1.818697e+07,1.239943e+02,1.410256e+06,8.843440e+01,,,,5
2018-04-26 15:57:37.000000,2.609022e+07,1.818803e+07,1.239948e+02,1.410256e+06,8.843440e+01,,,,5
2018-04-26 15:57:38.000000,2.609024e+07,1.818667e+07,1.239940e+02,1.410256e+06,8.843440e+01,,,,5
2018-04-26 15:57:39.000000,2.609024e+07,1.818763e+07,1.239945e+02,1.410256e+06,8.843440e+01,,,,5
2018-04-26 15:57:40.000000,2.609024e+07,1.818655e+07,1.239939e+02,1.410256e+06,8.843440e+01,,,,5
2018-04-26 15:57:41.000000,2.609022e+07,1.818842e+07,1.239951e+02,1.410256e+06,8.843440e+01,,,,5
2018-04-26 15:57:42.000000,2.609023e+07,1.818750e+07,1.239946e+02,1.410256e+06,8.843440e+01,,,,5
2018-04-26 15:57:43.000000,2.609022e+07,1.818747e+07,1.239946e+02,1.410256e+06,8.843440e+01,,,,5
2018-04-26 15:57:44.000000,2.609024e+07,1.818771e+07,1.239948e+02,1.410256e+06,8.843440e+01,,,,5
2018-04-26 15:57:45.000000,2.609024e+07,1.818779e+07,1.239949e+02,1.410256e+06,8.843440e+01,,,,5
2018-04-26 15:57:46.000000,2.609024e+07,1.818806e+07,1.239950e+02,1.410256e+06,8.843440e+01,,,,5
2018-04-26 15:57:47.000000,2.609023e+07,1.818698e+07,1.239943e+02,1.410256e+06,8.843440e+01,,,,5
2018-04-26 15:57:48.000000,2.609022e+07,1.818804e+07,1.239948e+02,1.410256e+06,8.843440e+01,,,,5
2018-04-26 15:57:49.000000,2.609023e+07,1.818678e+07,1.239941e+02,1.410256e+06,8.843440e+01,,,,5
2018-04-26 15:57:50.000000,2.609024e+07,1.818772e+07,1.239946e+02,1.410256e+06,8.843440e+01,,,,5
2018-04-26 15:57:51.000000,2.609024e+07,1.818652e+07,1.239939e+02,1.410256e+06,8.843440e+01,,,,5
2018-04-26 15:57:52.000000,2.609023e+07,1.818850e+07,1.239952e+02,1.410256e+06,8.843440e+01,,,,5
2018-04-26 15:57:53.000000,2.609022e+07,1.818752e+07,1.239947e+02,1.410256e+06,8.843440e+01,,,,5
2018-04-26 15:57:54.000000,2.609023e+07,1.818915e+07,1.239955e+02,1.410256e+06,8.843440e+01,,,,5
2018-04-26 15:57:55.000000,2.609024e+07,1.818789e+07,1.239949e+02,1.410256e+06,8.843439e+01,,,,5
2018-04-26 15:57:56.000000,2.609024e+07,1.818942e+07,1.239957e+02,1.410256e+06,8.843439e+01,,,,5
2018-04-26 15:57:57.000000,2.609024e+07,1.818813e+07,1.239950e+02,1.410256e+06,8.843439e+01,,,,5
2018-04-26 15:57:58.000000,2.609022e+07,1.818844e+07,1.239950e+02,1.410256e+06,8.843439e+01,,,,5
2018-04-26 15:57:59.000000,2.609022e+07,1.818723e+07,1.239943e+02,1.410256e+06,8.843439e+01,,,,5
2018-04-26 15:58:00.000000,2.609022e+07,1.818680e+07,1.239942e+02,1.410256e+06,8.843439e+01,,,,5
2018-04-26 15:58:01.000000,2.609024e+07,1.818684e+07,1.239941e+02,1.410256e+06,8.843439e+01,,,,5
2018-04-26 15:58:02.000000,2.609024e+07,1.818651e+07,1.239939e+02,1.410256e+06,8.843439e+01,,,,5
2018-04-26 15:58:03.000000,2.609024e+07,1.818772e+07,1.239945e+02,1.410256e+06,8.843439e+01,,,,5
2018-04-26 15:58:04.000000,2.609022e+07,1.818742e+07,1.239946e+02,1.410256e+06,8.843439e+01,,,,5
2018-04-26 15:58:05.000000,2.609022e+07,1.818859e+07,1.239952e+02,1.410256e+06,8.843439e+01,,,,5
2018-04-26 15:58:06.000000,2.609024e+07,1.818781e+07,1.239948e+02,1.410256e+06,8.843439e+01,,,,5
2018-04-26 15:58:07.000000,2.609024e+07,1.818942e+07,1.239957e+02,1.410256e+06,8.843439e+01,,,,5
2018-04-26 15:58:08.000000,2.609024e+07,1.818779e+07,1.239948e+02,1.410256e+06,8.843439e+01,,,,5
2018-04-26 15:58:09.000000,2.609022e+07,1.818854e+07,1.239951e+02,1.410256e+06,8.843439e+01,,,,5
2018-04-26 15:58:10.000000,2.609022e+07,1.818691e+07,1.239942e+02,1.410256e+06,8.843439e+01,,,,5
2018-04-26 15:58:11.000000,2.609023e+07,1.818688e+07,1.239942e+02,1.410256e+06,8.843439e+01,,,,5
2018-04-26 15:58:12.000000,2.609024e+07,1.818685e+07,1.239941e+02,1.410256e+06,8.843439e+01,,,,5
2018-04-26 15:58:13.000000,2.609024e+07,1.818656e+07,1.239940e+02,1.410256e+06,8.843439e+01,,,,5
2018-04-26 15:58:14.000000,2.609024e+07,1.818779e+07,1.239946e+02,1.410256e+06,8.843439e+01,,,,5
2018-04-26 15:58:15.000000,2.609022e+07,1.818748e+07,1.239946e+02,1.410256e+06,8.843439e+01,,,,5
2018-04-26 15:58:16.000000,2.609023e+07,1.818868e+07,1.239953e+02,1.410256e+06,8.843439e+01,,,,5
2018-04-26 15:58:17.000000,2.609022e+07,1.818742e+07,1.239946e+02,1.410256e+06,8.843439e+01,,,,5
2018-04-26 15:58:18.000000,2.609024e+07,1.818889e+07,1.239954e+02,1.410256e+06,8.843439e+01,,,,5
2018-04-26 15:58:19.000000,2.609024e+07,1.818779e+07,1.239948e+02,1.410256e+06,8.843439e+01,,,,5
2018-04-26 15:58:20.000000,2.609022e+07,1.818805e+07,1.239948e+02,1.410256e+06,8.843439e+01,,,,5
2018-04-26 15:58:21.000000,2.609022e+07,1.818692e+07,1.239942e+02,1.410256e+06,8.843439e+01,,,,5
2018-04-26 15:58:22.000000,2.609022e+07,1.818843e+07,1.239950e+02,1.410256e+06,8.843439e+01,,,,5
2018-04-26 15:58:23.000000,2.609024e+07,1.818669e+07,1.239940e+02,1.410256e+06,8.843439e+01,,,,5
2018-04-26 15:58:24.000000,2.609024e+07,1.818806e+07,1.239947e+02,1.410256e+06,8.843439e+01,,,,5
2018-04-26 15:58:25.000000,2.609024e+07,1.818687e+07,1.239941e+02,1.410256e+06,8.843439e+01,,,,5
2018-04-26 15:58:26.000000,2.609022e+07,1.818742e+07,1.239946e+02,1.410256e+06,8.843439e+01,,,,5
2018-04-26 15:58:27.000000,2.609022e+07,1.818774e+07,1.239947e+02,1.410256e+06,8.843439e+01,,,,5
2018-04-26 15:58:28.000000,2.609022e+07,1.818740e+07,1.239946e+02,1.410256e+06,8.843439e+01,,,,5
2018-04-26 15:58:29.000000,2.609024e+07,1.818801e+07,1.239950e+02,1.410256e+06,8.843439e+01,,,,5
2018-04-26 15:58:30.000000,2.609024e+07,1.818773e+07,1.239948e+02,1.410256e+06,8.843439e+01,,,,5
2018-04-26 15:58:31.000000,2.609024e+07,1.818955e+07,1.239958e+02,1.410256e+06,8.843439e+01,,,,5
2018-04-26 15:58:32.000000,2.609023e+07,1.818699e+07,1.239942e+02,1.410256e+06,8.843439e+01,,,,5
2018-04-26 15:58:33.000000,2.609022e+07,1.818856e+07,1.239951e+02,1.410256e+06,8.843439e+01,,,,5
2018-04-26 15:58:34.000000,2.609024e+07,1.818668e+07,1.239940e+02,1.410256e+06,8.843439e+01,,,,5
2018-04-26 15:58:35.000000,2.609024e+07,1.818818e+07,1.239948e+02,1.410256e+06,8.843439e+01,,,,5
2018-04-26 15:58:36.000000,2.609024e+07,1.818689e+07,1.239941e+02,1.410256e+06,8.843439e+01,,,,5
2018-04-26 15:58:37.000000,2.609023e+07,1.818899e+07,1.239954e+02,1.410256e+06,8.843439e+01,,,,5
2018-04-26 15:58:38.000000,2.609022e+07,1.818786e+07,1.239947e+02,1.410256e+06,8.843439e+01,,,,5
2018-04-26 15:58:39.000000,2.609022e+07,1.818746e+07,1.239946e+02,1.410256e+06,8.843439e+01,,,,5
2018-04-26 15:58:40.000000,2.609024e+07,1.818805e+07,1.239950e+02,1.410256e+06,8.843439e+01,,,,5
2018-04-26 15:58:41.000000,2.609024e+07,1.818774e+07,1.239948e+02,1.410256e+06,8.843439e+01,,,,5
2018-04-26 15:58:42.000000,2.609024e+07,1.818900e+07,1.239955e+02,1.410256e+06,8.843439e+01,,,,5
2018-04-26 15:58:43.000000,2.609022e+07,1.818697e+07,1.239943e+02,1.410256e+06,8.843439e+01,,,,5
2018-04-26 15:58:44.000000,2.609022e+07,1.818803e+07,1.239948e+02,1.410256e+06,8.843439e+01,,,,5
2018-04-26 15:58:45.000000,2.609024e+07,1.818667e+07,1.239940e+02,1.410256e+06,8.843439e+01,,,,5
2018-04-26 15:58:46.000000,2.609024e+07,1.818762e+07,1.239945e+02,1.410256e+06,8.843439e+01,,,,5
2018-04-26 15:58:47.000000,2.609024e+07,1.818655e+07,1.239939e+02,1.410256e+06,8.843439e+01,,,,5
2018-04-26 15:58:48.000000,2.609022e+07,1.818842e+07,1.239951e+02,1.410256e+06,8.843439e+01,,,,5
2018-04-26 15:58:49.000000,2.609023e+07,1.818751e+07,1.239946e+02,1.410256e+06,8.843439e+01,,,,5
2018-04-26 15:58:50.000000,2.609022e+07,1.818747e+07,1.239946e+02,1.410256e+06,8.843439e+01,,,,5
2018-04-26 15:58:51.000000,2.609024e+07,1.818771e+07,1.239948e+02,1.410256e+06,8.843439e+01,,,,5
2018-04-26 15:58:52.000000,2.609024e+07,1.818779e+07,1.239949e+02,1.410256e+06,8.843439e+01,,,,5
2018-04-26 15:58:53.000000,2.609024e+07,1.818805e+07,1.239950e+02,1.410256e+06,8.843439e+01,,,,5
2018-04-26 15:58:54.000000,2.609023e+07,1.818697e+07,1.239943e+02,1.410256e+06,8.843439e+01,,,,5
2018-04-26 15:58:55.000000,2.609022e+07,1.818804e+07,1.239948e+02,1.410256e+06,8.843439e+01,,,,5
2018-04-26 15:58:56.000000,2.609022e+07,1.818679e+07,1.239941e+02,1.410256e+06,8.843439e+01,,,,5
2018-04-26 15:58:57.000000,2.609024e+07,1.818772e+07,1.239946e+02,1.410256e+06,8.843439e+01,,,,5
2018-04-26 15:58:58.000000,2.609024e+07,1.818652e+07,1.239939e+02,1.410256e+06,8.843439e+01,,,,5
2018-04-26 15:58:59.000000,2.609023e+07,1.818848e+07,1.239951e+02,1.410256e+06,8.843439e+01,,,,5
2018-04-26 15:59:00.000000,2.609022e+07,1.818752e+07,1.239947e+02,1.410256e+06,8.843439e+01,,,,5
2018-04-26 15:59:01.000000,2.609023e+07,1.818915e+07,1.239955e+02,1.410256e+06,8.843439e+01,,,,5
2018-04-26 15:59:02.000000,2.609024e+07,1.818789e+07,1.239949e+02,1.410256e+06,8.843439e+01,,,,5
2018-04-26 15:59:03.000000,2.609024e+07,1.818940e+07,1.239957e+02,1.410256e+06,8.843439e+01,,,,5
2018-04-26 15:59:04.000000,2.609024e+07,1.818812e+07,1.239950e+02,1.410256e+06,8.843439e+01,,,,5
2018-04-26 15:59:05.000000,2.609022e+07,1.818844e+07,1.239950e+02,1.410256e+06,8.843439e+01,,,,5
2018-04-26 15:59:06.000000,2.609022e+07,1.818724e+07,1.239943e+02,1.410256e+06,8.843439e+01,,,,5
2018-04-26 15:59:07.000000,2.609022e+07,1.818680e+07,1.239942e+02,1.410256e+06,8.843439e+01,,,,5
2018-04-26 15:59:08.000000,2.609024e+07,1.818684e+07,1.239941e+02,1.410256e+06,8.843439e+01,,,,5
2018-04-26 15:59:09.000000,2.609024e+07,1.818651e+07,1.239939e+02,1.410256e+06,8.843439e+01,,,,5
2018-04-26 15:59:10.000000,2.609024e+07,1.818771e+07,1.239945e+02,1.410256e+06,8.843439e+01,,,,5
2018-04-26 15:59:11.000000,2.609022e+07,1.818742e+07,1.239946e+02,1.410256e+06,8.843439e+01,,,,5
2018-04-26 15:59:12.000000,2.609022e+07,1.818859e+07,1.239952e+02,1.410256e+06,8.843439e+01,,,,5
2018-04-26 15:59:13.000000,2.609024e+07,1.818781e+07,1.239948e+02,1.410256e+06,8.843439e+01,,,,5
2018-04-26 15:59:14.000000,2.609024e+07,1.818941e+07,1.239957e+02,1.410256e+06,8.843439e+01,,,,5
2018-04-26 15:59:15.000000,2.609024e+07,1.818779e+07,1.239948e+02,1.410256e+06,8.843439e+01,,,,5
2018-04-26 15:59:16.000000,2.609022e+07,1.818853e+07,1.239951e+02,1.410256e+06,8.843439e+01,,,,5
2018-04-26 15:59:17.000000,2.609022e+07,1.818691e+07,1.239942e+02,1.410256e+06,8.843438e+01,,,,5
2018-04-26 15:59:18.000000,2.609023e+07,1.818687e+07,1.239942e+02,1.410256e+06,8.843438e+01,,,,5
2018-04-26 15:59:19.000000,2.609024e+07,1.818684e+07,1.239941e+02,1.410256e+06,8.843438e+01,,,,5
2018-04-26 15:59:20.000000,2.609024e+07,1.818656e+07,1.239939e+02,1.410256e+06,8.843438e+01,,,,5
2018-04-26 15:59:21.000000,2.609024e+07,1.818779e+07,1.239946e+02,1.410256e+06,8.843438e+01,,,,5
2018-04-26 15:59:22.000000,2.609022e+07,1.818748e+07,1.239946e+02,1.410256e+06,8.843438e+01,,,,5
2018-04-26 15:59:23.000000,2.609023e+07,1.818866e+07,1.239953e+02,1.410256e+06,8.843438e+01,,,,5
2018-04-26 15:59:24.000000,2.609022e+07,1.818742e+07,1.239946e+02,1.410256e+06,8.843438e+01,,,,5
2018-04-26 15:59:25.000000,2.609024e+07,1.818889e+07,1.239954e+02,1.410256e+06,8.843438e+01,,,,5
2018-04-26 15:59:26.000000,2.609024e+07,1.818779e+07,1.239948e+02,1.410256e+06,8.843438e+01,,,,5
2018-04-26 15:59:27.000000,2.609022e+07,1.818804e+07,1.239948e+02,1.410256e+06,8.843438e+01,,,,5
2018-04-26 15:59:28.000000,2.609022e+07,1.818692e+07,1.239942e+02,1.410256e+06,8.843438e+01,,,,5
2018-04-26 15:59:29.000000,2.609022e+07,1.818843e+07,1.239950e+02,1.410256e+06,8.843438e+01,,,,5
2018-04-26 15:59:30.000000,2.609024e+07,1.818671e+07,1.239940e+02,1.410256e+06,8.843438e+01,,,,5
2018-04-26 15:59:31.000000,2.609024e+07,1.818806e+07,1.239947e+02,1.410256e+06,8.843438e+01,,,,5
2018-04-26 15:59:32.000000,2.609024e+07,1.818687e+07,1.239941e+02,1.410256e+06,8.843438e+01,,,,5
2018-04-26 15:59:33.000000,2.609022e+07,1.818741e+07,1.239946e+02,1.410256e+06,8.843438e+01,,,,5
2018-04-26 15:59:34.000000,2.609022e+07,1.818774e+07,1.239947e+02,1.410256e+06,8.843438e+01,,,,5
2018-04-26 15:59:35.000000,2.609022e+07,1.818740e+07,1.239946e+02,1.410256e+06,8.843438e+01,,,,5
2018-04-26 15:59:36.000000,2.609024e+07,1.818801e+07,1.239950e+02,1.410256e+06,8.843438e+01,,,,5
2018-04-26 15:59:37.000000,2.609024e+07,1.818773e+07,1.239948e+02,1.410256e+06,8.843438e+01,,,,5
2018-04-26 15:59:38.000000,2.609024e+07,1.818955e+07,1.239958e+02,1.410256e+06,8.843438e+01,,,,5
2018-04-26 15:59:39.000000,2.609022e+07,1.818699e+07,1.239942e+02,1.410256e+06,8.843438e+01,,,,5
2018-04-26 15:59:40.000000,2.609022e+07,1.818854e+07,1.239951e+02,1.410256e+06,8.843438e+01,,,,5
2018-04-26 15:59:41.000000,2.609024e+07,1.818668e+07,1.239940e+02,1.410256e+06,8.843438e+01,,,,5
2018-04-26 15:59:42.000000,2.609024e+07,1.818818e+07,1.239948e+02,1.410256e+06,8.843438e+01,,,,5
2018-04-26 15:59:43.000000,2.609024e+07,1.818689e+07,1.239941e+02,1.410256e+06,8.843438e+01,,,,5
2018-04-26 15:59:44.000000,2.609022e+07,1.818897e+07,1.239954e+02,1.410256e+06,8.843438e+01,,,,5
2018-04-26 15:59:45.000000,2.609022e+07,1.818786e+07,1.239948e+02,1.410256e+06,8.843438e+01,,,,5
2018-04-26 15:59:46.000000,2.609022e+07,1.818746e+07,1.239946e+02,1.410256e+06,8.843438e+01,,,,5
2018-04-26 15:59:47.000000,2.609024e+07,1.818803e+07,1.239950e+02,1.410256e+06,8.843438e+01,,,,5
2018-04-26 15:59:48.000000,2.609024e+07,1.818774e+07,1.239948e+02,1.410256e+06,8.843438e+01,,,,5
2018-04-26 15:59:49.000000,2.609024e+07,1.818900e+07,1.239955e+02,1.410256e+06,8.843438e+01,,,,5
2018-04-26 15:59:50.000000,2.609022e+07,1.818698e+07,1.239943e+02,1.410256e+06,8.843438e+01,,,,5
2018-04-26 15:59:51.000000,2.609022e+07,1.818803e+07,1.239948e+02,1.410256e+06,8.843438e+01,,,,5
2018-04-26 15:59:52.000000,2.609022e+07,1.818683e+07,1.239942e+02,1.410256e+06,8.843438e+01,,,,5
2018-04-26 15:59:53.000000,2.609024e+07,1.818765e+07,1.239945e+02,1.410256e+06,8.843438e+01,,,,5
2018-04-26 15:59:54.000000,2.609024e+07,1.818656e+07,1.239939e+02,1.410256e+06,8.843438e+01,,,,5
2018-04-26 15:59:55.000000,2.609022e+07,1.818842e+07,1.239951e+02,1.410256e+06,8.843438e+01,,,,5
2018-04-26 15:59:56.000000,2.609023e+07,1.818751e+07,1.239946e+02,1.410256e+06,8.843438e+01,,,,5
2018-04-26 15:59:57.000000,2.609022e+07,1.818747e+07,1.239946e+02,1.410256e+06,8.843438e+01,,,,5
2018-04-26 15:59:58.000000,2.609024e+07,1.818771e+07,1.239948e+02,1.410256e+06,8.843438e+01,,,,5
2018-04-26 15:59:59.000000,2.609024e+07,1.818779e+07,1.239948e+02,1.410256e+06,8.843438e+01,,,,5
2018-04-26 16:00:00.000000,2.609024e+07,1.818805e+07,1.239950e+02,1.410256e+06,8.843438e+01,,,,5
2018-04-26 16:00:01.000000,2.609023e+07,1.818698e+07,1.239943e+02,1.410256e+06,8.843438e+01,,,,5
2018-04-26 16:00:02.000000,2.609022e+07,1.818803e+07,1.239948e+02,1.410256e+06,8.843438e+01,,,,5
2018-04-26 16:00:03.000000,2.609022e+07,1.818679e+07,1.239941e+02,1.410256e+06,8.843438e+01,,,,5
2018-04-26 16:00:04.000000,2.609024e+07,1.818772e+07,1.239946e+02,1.410256e+06,8.843438e+01,,,,5
2018-04-26 16:00:05.000000,2.609024e+07,1.818652e+07,1.239939e+02,1.410256e+06,8.843438e+01,,,,5
2018-04-26 16:00:06.000000,2.609024e+07,1.818831e+07,1.239949e+02,1.410256e+06,8.843438e+01,,,,5
2018-04-26 16:00:07.000000,2.609022e+07,1.818749e+07,1.239946e+02,1.410256e+06,8.843438e+01,,,,5
2018-04-26 16:00:08.000000,2.609022e+07,1.818915e+07,1.239955e+02,1.410256e+06,8.843438e+01,,,,5
2018-04-26 16:00:09.000000,2.609024e+07,1.818789e+07,1.239949e+02,1.410256e+06,8.843438e+01,,,,5
2018-04-26 16:00:10.000000,2.609024e+07,1.818939e+07,1.239957e+02,1.410256e+06,8.843438e+01,,,,5
2018-04-26 16:00:11.000000,2.609024e+07,1.818813e+07,1.239950e+02,1.410256e+06,8.843438e+01,,,,5
2018-04-26 16:00:12.000000,2.609022e+07,1.818844e+07,1.239950e+02,1.410256e+06,8.843438e+01,,,,5
2018-04-26 16:00:13.000000,2.609022e+07,1.818724e+07,1.239943e+02,1.410256e+06,8.843438e+01,,,,5
2018-04-26 16:00:14.000000,2.609022e+07,1.818681e+07,1.239942e+02,1.410256e+06,8.843438e+01,,,,5
2018-04-26 16:00:15.000000,2.609024e+07,1.818684e+07,1.239941e+02,1.410256e+06,8.843438e+01,,,,5
2018-04-26 16:00:16.000000,2.609024e+07,1.818651e+07,1.239939e+02,1.410256e+06,8.843438e+01,,,,5
2018-04-26 16:00:17.000000,2.609024e+07,1.818771e+07,1.239945e+02,1.410256e+06,8.843438e+01,,,,5
2018-04-26 16:00:18.000000,2.609022e+07,1.818743e+07,1.239946e+02,1.410256e+06,8.843438e+01,,,,5
2018-04-26 16:00:19.000000,2.609022e+07,1.818859e+07,1.239952e+02,1.410256e+06,8.843438e+01,,,,5
2018-04-26 16:00:20.000000,2.609024e+07,1.818781e+07,1.239948e+02,1.410256e+06,8.843438e+01,,,,5
2018-04-26 16:00:21.000000,2.609024e+07,1.818940e+07,1.239957e+02,1.410256e+06,8.843438e+01,,,,5
2018-04-26 16:00:22.000000,2.609024e+07,1.818779e+07,1.239948e+02,1.410256e+06,8.843438e+01,,,,5
2018-04-26 16:00:23.000000,2.609022e+07,1.818853e+07,1.239951e+02,1.410256e+06,8.843438e+01,,,,5
2018-04-26 16:00:24.000000,2.609022e+07,1.818693e+07,1.239942e+02,1.410256e+06,8.843438e+01,,,,5
2018-04-26 16:00:25.000000,2.609023e+07,1.818687e+07,1.239942e+02,1.410256e+06,8.843438e+01,,,,5
2018-04-26 16:00:26.000000,2.609024e+07,1.818684e+07,1.239941e+02,1.410256e+06,8.843438e+01,,,,5
2018-04-26 16:00:27.000000,2.609024e+07,1.818656e+07,1.239939e+02,1.410256e+06,8.843438e+01,,,,5
2018-04-26 16:00:28.000000,2.609024e+07,1.818777e+07,1.239946e+02,1.410256e+06,8.843438e+01,,,,5
2018-04-26 16:00:29.000000,2.609022e+07,1.818748e+07,1.239946e+02,1.410256e+06,8.843438e+01,,,,5
2018-04-26 16:00:30.000000,2.609023e+07,1.818865e+07,1.239952e+02,1.410256e+06,8.843438e+01,,,,5
2018-04-26 16:00:31.000000,2.609022e+07,1.818743e+07,1.239946e+02,1.410256e+06,8.843438e+01,,,,5
2018-04-26 16:00:32.000000,2.609024e+07,1.818889e+07,1.239954e+02,1.410256e+06,8.843438e+01,,,,5
2018-04-26 16:00:33.000000,2.609024e+07,1.818779e+07,1.239948e+02,1.410256e+06,8.843438e+01,,,,5
2018-04-26 16:00:34.000000,2.609022e+07,1.818804e+07,1.239948e+02,1.410256e+06,8.843438e+01,,,,5
2018-04-26 16:00:35.000000,2.609022e+07,1.818692e+07,1.239943e+02,1.410256e+06,8.843438e+01,,,,5
2018-04-26 16:00:36.000000,2.609022e+07,1.818843e+07,1.239950e+02,1.410256e+06,8.843438e+01,,,,5
2018-04-26 16:00:37.000000,2.609024e+07,1.818671e+07,1.239940e+02,1.410256e+06,8.843438e+01,,,,5
2018-04-26 16:00:38.000000,2.609024e+07,1.818804e+07,1.239947e+02,1.410256e+06,8.843438e+01,,,,5
2018-04-26 16:00:39.000000,2.609024e+07,1.818687e+07,1.239941e+02,1.410256e+06,8.843438e+01,,,,5
2018-04-26 16:00:40.000000,2.609022e+07,1.818741e+07,1.239946e+02,1.410256e+06,8.843437e+01,,,,5
2018-04-26 16:00:41.000000,2.609022e+07,1.818774e+07,1.239947e+02,1.410256e+06,8.843437e+01,,,,5
2018-04-26 16:00:42.000000,2.609022e+07,1.818739e+07,1.239946e+02,1.410256e+06,8.843437e+01,,,,5
2018-04-26 16:00:43.000000,2.609024e+07,1.818800e+07,1.239950e+02,1.410256e+06,8.843437e+01,,,,5
2018-04-26 16:00:44.000000,2.609024e+07,1.818773e+07,1.239948e+02,1.410256e+06,8.843437e+01,,,,5
2018-04-26 16:00:45.000000,2.609024e+07,1.818953e+07,1.239958e+02,1.410256e+06,8.843437e+01,,,,5
2018-04-26 16:00:46.000000,2.609022e+07,1.818699e+07,1.239942e+02,1.410256e+06,8.843437e+01,,,,5
2018-04-26 16:00:47.000000,2.609022e+07,1.818854e+07,1.239951e+02,1.410256e+06,8.843437e+01,,,,5
2018-04-26 16:00:48.000000,2.609024e+07,1.818670e+07,1.239940e+02,1.410256e+06,8.843437e+01,,,,5
2018-04-26 16:00:49.000000,2.609024e+07,1.818817e+07,1.239948e+02,1.410256e+06,8.843437e+01,,,,5
2018-04-26 16:00:50.000000,2.609024e+07,1.818689e+07,1.239941e+02,1.410256e+06,8.843437e+01,,,,5
2018-04-26 16:00:51.000000,2.609022e+07,1.818897e+07,1.239954e+02,1.410256e+06,8.843437e+01,,,,5
2018-04-26 16:00:52.000000,2.609022e+07,1.818788e+07,1.239948e+02,1.410256e+06,8.843437e+01,,,,5
2018-04-26 16:00:53.000000,2.609022e+07,1.818746e+07,1.239946e+02,1.410256e+06,8.843437e+01,,,,5
2018-04-26 16:00:54.000000,2.609024e+07,1.818803e+07,1.239950e+02,1.410256e+06,8.843437e+01,,,,5
2018-04-26 16:00:55.000000,2.609024e+07,1.818774e+07,1.239948e+02,1.410256e+06,8.843437e+01,,,,5
2018-04-26 16:00:56.000000,2.609024e+07,1.818900e+07,1.239955e+02,1.410256e+06,8.843437e+01,,,,5
2018-04-26 16:00:57.000000,2.609022e+07,1.818698e+07,1.239942e+02,1.410256e+06,8.843437e+01,,,,5
2018-04-26 16:00:58.000000,2.609022e+07,1.818801e+07,1.239948e+02,1.410256e+06,8.843437e+01,,,,5
2018-04-26 16:00:59.000000,2.609022e+07,1.818682e+07,1.239942e+02,1.410256e+06,8.843437e+01,,,,5
2018-04-26 16:01:00.000000,2.609024e+07,1.818765e+07,1.239945e+02,1.410256e+06,8.843437e+01,,,,5
2018-04-26 16:01:01.000000,2.609024e+07,1.818656e+07,1.239939e+02,1.410256e+06,8.843437e+01,,,,5
2018-04-26 16:01:02.000000,2.609022e+07,1.818840e+07,1.239951e+02,1.410256e+06,8.843437e+01,,,,5
2018-04-26 16:01:03.000000,2.609022e+07,1.818751e+07,1.239946e+02,1.410256e+06,8.843437e+01,,,,5
2018-04-26 16:01:04.000000,2.609022e+07,1.818747e+07,1.239946e+02,1.410256e+06,8.843437e+01,,,,5
2018-04-26 16:01:05.000000,2.609024e+07,1.818770e+07,1.239948e+02,1.410256e+06,8.843437e+01,,,,5
2018-04-26 16:01:06.000000,2.609024e+07,1.818779e+07,1.239948e+02,1.410256e+06,8.843437e+01,,,,5
2018-04-26 16:01:07.000000,2.609024e+07,1.818805e+07,1.239950e+02,1.410256e+06,8.843437e+01,,,,5
2018-04-26 16:01:08.000000,2.609023e+07,1.818843e+07,1.239950e+02,1.410256e+06,8.843437e+01,,,,5
2018-04-26 16:01:09.000000,2.609022e+07,1.818724e+07,1.239943e+02,1.410256e+06,8.843437e+01,,,,5
2018-04-26 16:01:10.000000,2.609022e+07,1.818680e+07,1.239941e+02,1.410256e+06,8.843437e+01,,,,5
2018-04-26 16:01:11.000000,2.609024e+07,1.818684e+07,1.239941e+02,1.410256e+06,8.843437e+01,,,,5
2018-04-26 16:01:12.000000,2.609024e+07,1.818651e+07,1.239939e+02,1.410256e+06,8.843437e+01,,,,5
2018-04-26 16:01:13.000000,2.609024e+07,1.818772e+07,1.239945e+02,1.410256e+06,8.843437e+01,,,,5
2018-04-26 16:01:14.000000,2.609022e+07,1.818742e+07,1.239946e+02,1.410256e+06,8.843437e+01,,,,5
2018-04-26 16:01:15.000000,2.609022e+07,1.818859e+07,1.239952e+02,1.410256e+06,8.843437e+01,,,,5
2018-04-26 16:01:16.000000,2.609024e+07,1.818781e+07,1.239948e+02,1.410256e+06,8.843437e+01,,,,5
2018-04-26 16:01:17.000000,2.609024e+07,1.818942e+07,1.239957e+02,1.410256e+06,8.843437e+01,,,,5
2018-04-26 16:01:18.000000,2.609024e+07,1.818779e+07,1.239948e+02,1.410256e+06,8.843437e+01,,,,5
2018-04-26 16:01:19.000000,2.609022e+07,1.818853e+07,1.239951e+02,1.410256e+06,8.843437e+01,,,,5
2018-04-26 16:01:20.000000,2.609022e+07,1.818691e+07,1.239942e+02,1.410256e+06,8.843437e+01,,,,5
2018-04-26 16:01:21.000000,2.609023e+07,1.818688e+07,1.239942e+02,1.410256e+06,8.843437e+01,,,,5
2018-04-26 16:01:22.000000,2.609024e+07,1.818685e+07,1.239941e+02,1.410256e+06,8.843437e+01,,,,5
2018-04-26 16:01:23.000000,2.609024e+07,1.818656e+07,1.239939e+02,1.410256e+06,8.843437e+01,,,,5
2018-04-26 16:01:24.000000,2.609024e+07,1.818779e+07,1.239946e+02,1.410256e+06,8.843437e+01,,,,5
2018-04-26 16:01:25.000000,2.609022e+07,1.818748e+07,1.239946e+02,1.410256e+06,8.843437e+01,,,,5
2018-04-26 16:01:26.000000,2.609023e+07,1.818866e+07,1.239952e+02,1.410256e+06,8.843437e+01,,,,5
2018-04-26 16:01:27.000000,2.609022e+07,1.818743e+07,1.239946e+02,1.410256e+06,8.843437e+01,,,,5
2018-04-26 16:01:28.000000,2.609024e+07,1.818889e+07,1.239954e+02,1.410256e+06,8.843437e+01,,,,5
2018-04-26 16:01:29.000000,2.609024e+07,1.818779e+07,1.239948e+02,1.410256e+06,8.843437e+01,,,,5
2018-04-26 16:01:30.000000,2.609022e+07,1.818805e+07,1.239948e+02,1.410256e+06,8.843437e+01,,,,5
2018-04-26 16:01:31.000000,2.609022e+07,1.818692e+07,1.239942e+02,1.410256e+06,8.843437e+01,,,,5
2018-04-26 16:01:32.000000,2.609022e+07,1.818843e+07,1.239950e+02,1.410256e+06,8.843437e+01,,,,5
2018-04-26 16:01:33.000000,2.609024e+07,1.818669e+07,1.239940e+02,1.410256e+06,8.843437e+01,,,,5
2018-04-26 16:01:34.000000,2.609024e+07,1.818806e+07,1.239947e+02,1.410256e+06,8.843437e+01,,,,5
2018-04-26 16:01:35.000000,2.609024e+07,1.818687e+07,1.239941e+02,1.410256e+06,8.843437e+01,,,,5
2018-04-26 16:01:36.000000,2.609022e+07,1.818741e+07,1.239946e+02,1.410256e+06,8.843437e+01,,,,5
2018-04-26 16:01:37.000000,2.609022e+07,1.818774e+07,1.239947e+02,1.410256e+06,8.843437e+01,,,,5
2018-04-26 16:01:38.000000,2.609022e+07,1.818740e+07,1.239946e+02,1.410256e+06,8.843437e+01,,,,5
2018-04-26 16:01:39.000000,2.609024e+07,1.818801e+07,1.239950e+02,1.410256e+06,8.843437e+01,,,,5
2018-04-26 16:01:40.000000,2.609025e+07,1.818773e+07,1.239948e+02,1.410256e+06,8.843437e+01,,,,5
2018-04-26 16:01:41.000000,2.609024e+07,1.818956e+07,1.239958e+02,1.410256e+06,8.843437e+01,,,,5
2018-04-26 16:01:42.000000,2.609023e+07,1.818699e+07,1.239942e+02,1.410256e+06,8.843437e+01,,,,5
2018-04-26 16:01:43.000000,2.609022e+07,1.818854e+07,1.239951e+02,1.410256e+06,8.843437e+01,,,,5
2018-04-26 16:01:44.000000,2.609024e+07,1.818668e+07,1.239940e+02,1.410256e+06,8.843437e+01,,,,5
2018-04-26 16:01:45.000000,2.609025e+07,1.818818e+07,1.239948e+02,1.410256e+06,8.843437e+01,,,,5
2018-04-26 16:01:46.000000,2.609024e+07,1.818690e+07,1.239941e+02,1.410256e+06,8.843437e+01,,,,5
2018-04-26 16:01:47.000000,2.609023e+07,1.818899e+07,1.239954e+02,1.410256e+06,8.843437e+01,,,,5
2018-04-26 16:01:48.000000,2.609022e+07,1.818786e+07,1.239947e+02,1.410256e+06,8.843437e+01,,,,5
2018-04-26 16:01:49.000000,2.609022e+07,1.818746e+07,1.239946e+02,1.410256e+06,8.843437e+01,,,,5
2018-04-26 16:01:50.000000,2.609024e+07,1.818805e+07,1.239950e+02,1.410256e+06,8.843437e+01,,,,5
2018-04-26 16:01:51.000000,2.609024e+07,1.818774e+07,1.239948e+02,1.410256e+06,8.843437e+01,,,,5
2018-04-26 16:01:52.000000,2.609024e+07,1.818900e+07,1.239955e+02,1.410256e+06,8.843437e+01,,,,5
2018-04-26 16:01:53.000000,2.609022e+07,1.818698e+07,1.239942e+02,1.410256e+06,8.843437e+01,,,,5
2018-04-26 16:01:54.000000,2.609022e+07,1.818803e+07,1.239948e+02,1.410256e+06,8.843437e+01,,,,5
2018-04-26 16:01:55.000000,2.609024e+07,1.818667e+07,1.239940e+02,1.410256e+06,8.843437e+01,,,,5
2018-04-26 16:01:56.000000,2.609024e+07,1.818762e+07,1.239945e+02,1.410256e+06,8.843437e+01,,,,5
2018-04-26 16:01:57.000000,2.609024e+07,1.818655e+07,1.239939e+02,1.410256e+06,8.843437e+01,,,,5
2018-04-26 16:01:58.000000,2.609022e+07,1.818842e+07,1.239951e+02,1.410256e+06,8.843437e+01,,,,5
2018-04-26 16:01:59.000000,2.609023e+07,1.818751e+07,1.239946e+02,1.410256e+06,8.843437e+01,,,,5
2018-04-26 16:02:00.000000,2.609022e+07,1.818747e+07,1.239946e+02,1.410256e+06,8.843437e+01,,,,5
2018-04-26 16:02:01.000000,2.609024e+07,1.818771e+07,1.239948e+02,1.410256e+06,8.843437e+01,,,,5
2018-04-26 16:02:02.000000,2.609024e+07,1.818779e+07,1.239948e+02,1.410256e+06,8.843437e+01,,,,5
2018-04-26 16:02:03.000000,2.609024e+07,1.818805e+07,1.239950e+02,1.410256e+06,8.843437e+01,,,,5
2018-04-26 16:02:04.000000,2.609023e+07,1.818698e+07,1.239943e+02,1.410256e+06,8.843437e+01,,,,5
2018-04-26 16:02:05.000000,2.609022e+07,1.818804e+07,1.239948e+02,1.410256e+06,8.843437e+01,,,,5
2018-04-26 16:02:06.000000,2.609023e+07,1.818679e+07,1.239941e+02,1.410256e+06,8.843436e+01,,,,5
2018-04-26 16:02:07.000000,2.609024e+07,1.818772e+07,1.239946e+02,1.410256e+06,8.843436e+01,,,,5
2018-04-26 16:02:08.000000,2.609024e+07,1.818652e+07,1.239939e+02,1.410256e+06,8.843436e+01,,,,5
2018-04-26 16:02:09.000000,2.609023e+07,1.818848e+07,1.239951e+02,1.410256e+06,8.843436e+01,,,,5
2018-04-26 16:02:10.000000,2.609022e+07,1.818753e+07,1.239947e+02,1.410256e+06,8.843436e+01,,,,5
2018-04-26 16:02:11.000000,2.609023e+07,1.818915e+07,1.239955e+02,1.410256e+06,8.843436e+01,,,,5
2018-04-26 16:02:12.000000,2.609024e+07,1.818789e+07,1.239949e+02,1.410256e+06,8.843436e+01,,,,5
2018-04-26 16:02:13.000000,2.609024e+07,1.818940e+07,1.239957e+02,1.410256e+06,8.843436e+01,,,,5
2018-04-26 16:02:14.000000,2.609024e+07,1.818813e+07,1.239950e+02,1.410256e+06,8.843436e+01,,,,5
2018-04-26 16:02:15.000000,2.609022e+07,1.818844e+07,1.239950e+02,1.410256e+06,8.843436e+01,,,,5
2018-04-26 16:02:16.000000,2.609022e+07,1.818724e+07,1.239943e+02,1.410256e+06,8.843436e+01,,,,5
2018-04-26 16:02:17.000000,2.609022e+07,1.818681e+07,1.239941e+02,1.410256e+06,8.843436e+01,,,,5
2018-04-26 16:02:18.000000,2.609024e+07,1.818684e+07,1.239941e+02,1.410256e+06,8.843436e+01,,,,5
2018-04-26 16:02:19.000000,2.609024e+07,1.818651e+07,1.239939e+02,1.410256e+06,8.843436e+01,,,,5
2018-04-26 16:02:20.000000,2.609024e+07,1.818771e+07,1.239945e+02,1.410256e+06,8.843436e+01,,,,5
2018-04-26 16:02:21.000000,2.609022e+07,1.818742e+07,1.239945e+02,1.410256e+06,8.843436e+01,,,,5
2018-04-26 16:02:22.000000,2.609022e+07,1.818859e+07,1.239952e+02,1.410256e+06,8.843436e+01,,,,5
2018-04-26 16:02:23.000000,2.609024e+07,1.818782e+07,1.239948e+02,1.410256e+06,8.843436e+01,,,,5
2018-04-26 16:02:24.000000,2.609024e+07,1.818942e+07,1.239957e+02,1.410256e+06,8.843436e+01,,,,5
2018-04-26 16:02:25.000000,2.609024e+07,1.818779e+07,1.239948e+02,1.410256e+06,8.843436e+01,,,,5
2018-04-26 16:02:26.000000,2.609022e+07,1.818853e+07,1.239951e+02,1.410256e+06,8.843436e+01,,,,5
2018-04-26 16:02:27.000000,2.609022e+07,1.818693e+07,1.239942e+02,1.410256e+06,8.843436e+01,,,,5
2018-04-26 16:02:28.000000,2.609023e+07,1.818688e+07,1.239942e+02,1.410256e+06,8.843436e+01,,,,5
2018-04-26 16:02:29.000000,2.609024e+07,1.818685e+07,1.239941e+02,1.410256e+06,8.843436e+01,,,,5
2018-04-26 16:02:30.000000,2.609024e+07,1.818656e+07,1.239939e+02,1.410256e+06,8.843436e+01,,,,5
2018-04-26 16:02:31.000000,2.609024e+07,1.818779e+07,1.239946e+02,1.410256e+06,8.843436e+01,,,,5
2018-04-26 16:02:32.000000,2.609022e+07,1.818748e+07,1.239946e+02,1.410256e+06,8.843436e+01,,,,5
2018-04-26 16:02:33.000000,2.609023e+07,1.818866e+07,1.239952e+02,1.410256e+06,8.843436e+01,,,,5
2018-04-26 16:02:34.000000,2.609022e+07,1.818743e+07,1.239946e+02,1.410256e+06,8.843436e+01,,,,5
2018-04-26 16:02:35.000000,2.609024e+07,1.818889e+07,1.239954e+02,1.410256e+06,8.843436e+01,,,,5
2018-04-26 16:02:36.000000,2.609024e+07,1.818779e+07,1.239948e+02,1.410256e+06,8.843436e+01,,,,5
2018-04-26 16:02:37.000000,2.609022e+07,1.818804e+07,1.239948e+02,1.410256e+06,8.843436e+01,,,,5
2018-04-26 16:02:38.000000,2.609022e+07,1.818692e+07,1.239942e+02,1.410256e+06,8.843436e+01,,,,5
2018-04-26 16:02:39.000000,2.609022e+07,1.818843e+07,1.239950e+02,1.410256e+06,8.843436e+01,,,,5
2018-04-26 16:02:40.000000,2.609024e+07,1.818671e+07,1.239940e+02,1.410256e+06,8.843436e+01,,,,5
2018-04-26 16:02:41.000000,2.609024e+07,1.818806e+07,1.239947e+02,1.410256e+06,8.843436e+01,,,,5
2018-04-26 16:02:42.000000,2.609024e+07,1.818687e+07,1.239941e+02,1.410256e+06,8.843436e+01,,,,5
2018-04-26 16:02:43.000000,2.609022e+07,1.818741e+07,1.239946e+02,1.410256e+06,8.843436e+01,,,,5
2018-04-26 16:02:44.000000,2.609022e+07,1.818774e+07,1.239947e+02,1.410256e+06,8.843436e+01,,,,5
2018-04-26 16:02:45.000000,2.609022e+07,1.818740e+07,1.239945e+02,1.410256e+06,8.843436e+01,,,,5
2018-04-26 16:02:46.000000,2.609024e+07,1.818801e+07,1.239950e+02,1.410256e+06,8.843436e+01,,,,5
2018-04-26 16:02:47.000000,2.609024e+07,1.818774e+07,1.239948e+02,1.410256e+06,8.843436e+01,,,,5
2018-04-26 16:02:48.000000,2.609024e+07,1.818955e+07,1.239958e+02,1.410256e+06,8.843436e+01,,,,5
2018-04-26 16:02:49.000000,2.609023e+07,1.818699e+07,1.239942e+02,1.410256e+06,8.843436e+01,,,,5
2018-04-26 16:02:50.000000,2.609022e+07,1.818854e+07,1.239951e+02,1.410256e+06,8.843436e+01,,,,5
2018-04-26 16:02:51.000000,2.609024e+07,1.818668e+07,1.239940e+02,1.410256e+06,8.843436e+01,,,,5
2018-04-26 16:02:52.000000,2.609024e+07,1.818818e+07,1.239948e+02,1.410256e+06,8.843436e+01,,,,5
2018-04-26 16:02:53.000000,2.609024e+07,1.818689e+07,1.239941e+02,1.410256e+06,8.843436e+01,,,,5
2018-04-26 16:02:54.000000,2.609023e+07,1.818897e+07,1.239954e+02,1.410256e+06,8.843436e+01,,,,5
2018-04-26 16:02:55.000000,2.609022e+07,1.818786e+07,1.239948e+02,1.410256e+06,8.843436e+01,,,,5
2018-04-26 16:02:56.000000,2.609022e+07,1.818746e+07,1.239946e+02,1.410256e+06,8.843436e+01,,,,5
2018-04-26 16:02:57.000000,2.609024e+07,1.818804e+07,1.239950e+02,1.410256e+06,8.843436e+01,,,,5
2018-04-26 16:02:58.000000,2.609024e+07,1.818774e+07,1.239948e+02,1.410256e+06,8.843436e+01,,,,5
2018-04-26 16:02:59.000000,2.609024e+07,1.818900e+07,1.239955e+02,1.410256e+06,8.843436e+01,,,,5
2018-04-26 16:03:00.000000,2.609022e+07,1.818698e+07,1.239942e+02,1.410256e+06,8.843436e+01,,,,5
2018-04-26 16:03:01.000000,2.609022e+07,1.818801e+07,1.239948e+02,1.410256e+06,8.843436e+01,,,,5
2018-04-26 16:03:02.000000,2.609022e+07,1.818683e+07,1.239941e+02,1.410256e+06,8.843436e+01,,,,5
2018-04-26 16:03:03.000000,2.609024e+07,1.818765e+07,1.239945e+02,1.410256e+06,8.843436e+01,,,,5
2018-04-26 16:03:04.000000,2.609024e+07,1.818656e+07,1.239939e+02,1.410256e+06,8.843436e+01,,,,5
2018-04-26 16:03:05.000000,2.609022e+07,1.818842e+07,1.239951e+02,1.410256e+06,8.843436e+01,,,,5
2018-04-26 16:03:06.000000,2.609023e+07,1.818751e+07,1.239946e+02,1.410256e+06,8.843436e+01,,,,5
2018-04-26 16:03:07.000000,2.609022e+07,1.818747e+07,1.239946e+02,1.410256e+06,8.843436e+01,,,,5
2018-04-26 16:03:08.000000,2.609024e+07,1.818771e+07,1.239948e+02,1.410256e+06,8.843436e+01,,,,5
2018-04-26 16:03:09.000000,2.609024e+07,1.818779e+07,1.239948e+02,1.410256e+06,8.843436e+01,,,,5
2018-04-26 16:03:10.000000,2.609024e+07,1.818805e+07,1.239950e+02,1.410256e+06,8.843436e+01,,,,5
2018-04-26 16:03:11.000000,2.609023e+07,1.818698e+07,1.239943e+02,1.410256e+06,8.843436e+01,,,,5
2018-04-26 16:03:12.000000,2.609022e+07,1.818803e+07,1.239948e+02,1.410256e+06,8.843436e+01,,,,5
2018-04-26 16:03:13.000000,2.609022e+07,1.818679e+07,1.239941e+02,1.410256e+06,8.843436e+01,,,,5
2018-04-26 16:03:14.000000,2.609024e+07,1.818772e+07,1.239946e+02,1.410256e+06,8.843436e+01,,,,5
2018-04-26 16:03:15.000000,2.609024e+07,1.818652e+07,1.239939e+02,1.410256e+06,8.843436e+01,,,,5
2018-04-26 16:03:16.000000,2.609024e+07,1.818831e+07,1.239949e+02,1.410256e+06,8.843436e+01,,,,5
2018-04-26 16:03:17.000000,2.609022e+07,1.818749e+07,1.239945e+02,1.410256e+06,8.843436e+01,,,,5
2018-04-26 16:03:18.000000,2.609023e+07,1.818914e+07,1.239955e+02,1.410256e+06,8.843436e+01,,,,5
2018-04-26 16:03:19.000000,2.609024e+07,1.818789e+07,1.239949e+02,1.410256e+06,8.843436e+01,,,,5
2018-04-26 16:03:20.000000,2.609024e+07,1.818940e+07,1.239957e+02,1.410256e+06,8.843436e+01,,,,5
2018-04-26 16:03:21.000000,2.609024e+07,1.818814e+07,1.239950e+02,1.410256e+06,8.843436e+01,,,,5
2018-04-26 16:03:22.000000,2.609022e+07,1.818844e+07,1.239950e+02,1.410256e+06,8.843436e+01,,,,5
